"Kind","Agent_Id","Queue_Id","Thread_Id","Dispatch_Id","Kernel_Id","Kernel_Name","Correlation_Id","Start_Timestamp","End_Timestamp","Private_Segment_Size","Group_Segment_Size","Workgroup_Size_X","Workgroup_Size_Y","Workgroup_Size_Z","Grid_Size_X","Grid_Size_Y","Grid_Size_Z"
"KERNEL_DISPATCH",1,1,234879,35,820,"Cijk_Ailk_Bljk_DB_MT128x64x16_MI16x16x4x1_SN_1LDSB1_APM1_ABV0_ACED0_AF0EM2_AF1EM2_AMAS3_ASE_ASGT_ASLT_ASM_ASAE01_ASCE01_ASEM2_AAC0_BL1_BS1_CLR0_DTLA0_DTLB0_DTVA1_DTVB0_DVO0_ETSP_EPS1_ELFLR0_EMLL0_FSSC10_FL0_GLVWA2_GLVWB2_GRCGA1_GRCGB1_GRPM1_GRVW2_GSU1_GSUASB_GLS0_ISA942_IU1_K1_KLA_LBSPPA0_LBSPPB0_LPA0_LPB2_LDL1_LRVW1_LWPMn1_LDW0_FMA_MIAV1_MDA2_MO40_MMFSC_MKFGSU256_NTA0_NTB0_NTC3_NTD3_NEPBS4_NLCA1_NLCB1_ONLL1_OPLV0_PK0_PAP0_PGR2_PLR1_PKA0_SIA3_SLW1_SS1_SU0_SUM0_SUS0_SCIUI1_SPO1_SRVW0_SSO6_SVW2_SNLL0_TSGRA0_TSGRB0_TT2_64_TLDS0_UMLDSA0_UMLDSB0_U64SL1_USFGROn1_VAW1_VSn1_VW2_VWB1_VFLRP0_WSGRA0_WSGRB0_WS64_WG64_4_1_WGM12",23225,6448491111534367,6448491111542940,0,8448,256,1,1,768,6,1
"KERNEL_DISPATCH",1,1,234879,34,185,"void rocsolver::v32802::unit_forward_substitution_kernel<double, int, double*>(int, int, double*, int, int, long, long, double*, int, int, long, long)",23222,6448491111424719,6448491111434614,0,512,16,64,1,16,384,1
"KERNEL_DISPATCH",1,1,234879,33,68,"void rocsolver::v32802::getf2_npvt_small_kernel<16, double, int, int, double*>(int, double*, long, int, long, int*, int, int)",23217,6448491111324645,6448491111333859,0,136,352,1,1,352,1,1
"KERNEL_DISPATCH",1,1,234879,32,820,"Cijk_Ailk_Bljk_DB_MT128x64x16_MI16x16x4x1_SN_1LDSB1_APM1_ABV0_ACED0_AF0EM2_AF1EM2_AMAS3_ASE_ASGT_ASLT_ASM_ASAE01_ASCE01_ASEM2_AAC0_BL1_BS1_CLR0_DTLA0_DTLB0_DTVA1_DTVB0_DVO0_ETSP_EPS1_ELFLR0_EMLL0_FSSC10_FL0_GLVWA2_GLVWB2_GRCGA1_GRCGB1_GRPM1_GRVW2_GSU1_GSUASB_GLS0_ISA942_IU1_K1_KLA_LBSPPA0_LBSPPB0_LPA0_LPB2_LDL1_LRVW1_LWPMn1_LDW0_FMA_MIAV1_MDA2_MO40_MMFSC_MKFGSU256_NTA0_NTB0_NTC3_NTD3_NEPBS4_NLCA1_NLCB1_ONLL1_OPLV0_PK0_PAP0_PGR2_PLR1_PKA0_SIA3_SLW1_SS1_SU0_SUM0_SUS0_SCIUI1_SPO1_SRVW0_SSO6_SVW2_SNLL0_TSGRA0_TSGRB0_TT2_64_TLDS0_UMLDSA0_UMLDSB0_U64SL1_USFGROn1_VAW1_VSn1_VW2_VWB1_VFLRP0_WSGRA0_WSGRB0_WS64_WG64_4_1_WGM12",23214,6448491111251253,6448491111259145,0,8448,256,1,1,768,6,1
"KERNEL_DISPATCH",1,1,234879,31,185,"void rocsolver::v32802::unit_forward_substitution_kernel<double, int, double*>(int, int, double*, int, int, long, long, double*, int, int, long, long)",23211,6448491111094532,6448491111104348,0,512,16,64,1,16,384,1
"KERNEL_DISPATCH",1,1,234879,30,68,"void rocsolver::v32802::getf2_npvt_small_kernel<16, double, int, int, double*>(int, double*, long, int, long, int*, int, int)",23206,6448491111002632,6448491111012046,0,136,368,1,1,368,1,1
"KERNEL_DISPATCH",1,1,234879,29,820,"Cijk_Ailk_Bljk_DB_MT128x64x16_MI16x16x4x1_SN_1LDSB1_APM1_ABV0_ACED0_AF0EM2_AF1EM2_AMAS3_ASE_ASGT_ASLT_ASM_ASAE01_ASCE01_ASEM2_AAC0_BL1_BS1_CLR0_DTLA0_DTLB0_DTVA1_DTVB0_DVO0_ETSP_EPS1_ELFLR0_EMLL0_FSSC10_FL0_GLVWA2_GLVWB2_GRCGA1_GRCGB1_GRPM1_GRVW2_GSU1_GSUASB_GLS0_ISA942_IU1_K1_KLA_LBSPPA0_LBSPPB0_LPA0_LPB2_LDL1_LRVW1_LWPMn1_LDW0_FMA_MIAV1_MDA2_MO40_MMFSC_MKFGSU256_NTA0_NTB0_NTC3_NTD3_NEPBS4_NLCA1_NLCB1_ONLL1_OPLV0_PK0_PAP0_PGR2_PLR1_PKA0_SIA3_SLW1_SS1_SU0_SUM0_SUS0_SCIUI1_SPO1_SRVW0_SSO6_SVW2_SNLL0_TSGRA0_TSGRB0_TT2_64_TLDS0_UMLDSA0_UMLDSB0_U64SL1_USFGROn1_VAW1_VSn1_VW2_VWB1_VFLRP0_WSGRA0_WSGRB0_WS64_WG64_4_1_WGM12",23203,6448491110928878,6448491110939214,0,8448,256,1,1,768,6,1
"KERNEL_DISPATCH",1,1,234879,28,185,"void rocsolver::v32802::unit_forward_substitution_kernel<double, int, double*>(int, int, double*, int, int, long, long, double*, int, int, long, long)",23200,6448491110786580,6448491110796235,0,512,16,64,1,16,384,1
"KERNEL_DISPATCH",1,1,234879,27,68,"void rocsolver::v32802::getf2_npvt_small_kernel<16, double, int, int, double*>(int, double*, long, int, long, int*, int, int)",23195,6448491110699607,6448491110708541,0,136,384,1,1,384,1,1
"KERNEL_DISPATCH",1,1,234879,26,904,"Cijk_Ailk_Bljk_DB_MT64x32x32_MI16x16x4x1_SN_1LDSB1_APM1_ABV0_ACED0_AF0EM2_AF1EM2_AMAS3_ASE_ASGT_ASLT_ASM_ASAE01_ASCE01_ASEM2_AAC0_BL1_BS1_CLR0_DTLA0_DTLB0_DTVA0_DTVB0_DVO0_ETSP_EPS1_ELFLR0_EMLL0_FSSC10_FL0_GLVWA2_GLVWB2_GRCGA1_GRCGB1_GRPM1_GRVW2_GSU1_GSUASB_GLS0_ISA942_IU1_K1_KLA_LBSPPA0_LBSPPB256_LPA0_LPB4_LDL1_LRVW2_LWPMn1_LDW0_FMA_MIAV1_MDA2_MO40_MMFSC_MKFGSU256_NTA0_NTB0_NTC3_NTD3_NEPBS0_NLCA1_NLCB1_ONLL1_OPLV0_PK0_PAP0_PGR2_PLR9_PKA0_SIA3_SLW1_SS1_SU0_SUM0_SUS0_SCIUI1_SPO1_SRVW0_SSO6_SVW2_SNLL0_TSGRA0_TSGRB0_TT2_16_TLDS1_UMLDSA0_UMLDSB1_U64SL1_USFGROn1_VAW1_VSn1_VW2_VWB1_VFLRP0_WSGRA0_WSGRB0_WS64_WG32_8_1_WGM6",23192,6448491110625333,6448491110630341,0,25600,256,1,1,1536,12,1
"KERNEL_DISPATCH",1,1,234879,25,185,"void rocsolver::v32802::unit_forward_substitution_kernel<double, int, double*>(int, int, double*, int, int, long, long, double*, int, int, long, long)",23189,6448491110484237,6448491110494052,0,512,16,64,1,16,384,1
"KERNEL_DISPATCH",1,1,234879,24,68,"void rocsolver::v32802::getf2_npvt_small_kernel<16, double, int, int, double*>(int, double*, long, int, long, int*, int, int)",23184,6448491110384163,6448491110393938,0,136,400,1,1,400,1,1
"KERNEL_DISPATCH",1,1,234879,23,904,"Cijk_Ailk_Bljk_DB_MT64x32x32_MI16x16x4x1_SN_1LDSB1_APM1_ABV0_ACED0_AF0EM2_AF1EM2_AMAS3_ASE_ASGT_ASLT_ASM_ASAE01_ASCE01_ASEM2_AAC0_BL1_BS1_CLR0_DTLA0_DTLB0_DTVA0_DTVB0_DVO0_ETSP_EPS1_ELFLR0_EMLL0_FSSC10_FL0_GLVWA2_GLVWB2_GRCGA1_GRCGB1_GRPM1_GRVW2_GSU1_GSUASB_GLS0_ISA942_IU1_K1_KLA_LBSPPA0_LBSPPB256_LPA0_LPB4_LDL1_LRVW2_LWPMn1_LDW0_FMA_MIAV1_MDA2_MO40_MMFSC_MKFGSU256_NTA0_NTB0_NTC3_NTD3_NEPBS0_NLCA1_NLCB1_ONLL1_OPLV0_PK0_PAP0_PGR2_PLR9_PKA0_SIA3_SLW1_SS1_SU0_SUM0_SUS0_SCIUI1_SPO1_SRVW0_SSO6_SVW2_SNLL0_TSGRA0_TSGRB0_TT2_16_TLDS1_UMLDSA0_UMLDSB1_U64SL1_USFGROn1_VAW1_VSn1_VW2_VWB1_VFLRP0_WSGRA0_WSGRB0_WS64_WG32_8_1_WGM6",23181,6448491110320906,6448491110326274,0,25600,256,1,1,1792,13,1
"KERNEL_DISPATCH",1,1,234879,22,185,"void rocsolver::v32802::unit_forward_substitution_kernel<double, int, double*>(int, int, double*, int, int, long, long, double*, int, int, long, long)",23178,6448491110189184,6448491110198839,0,512,16,64,1,16,448,1
"KERNEL_DISPATCH",1,1,234879,21,68,"void rocsolver::v32802::getf2_npvt_small_kernel<16, double, int, int, double*>(int, double*, long, int, long, int*, int, int)",23173,6448491110105816,6448491110115271,0,136,416,1,1,416,1,1
"KERNEL_DISPATCH",1,1,234879,20,904,"Cijk_Ailk_Bljk_DB_MT64x32x32_MI16x16x4x1_SN_1LDSB1_APM1_ABV0_ACED0_AF0EM2_AF1EM2_AMAS3_ASE_ASGT_ASLT_ASM_ASAE01_ASCE01_ASEM2_AAC0_BL1_BS1_CLR0_DTLA0_DTLB0_DTVA0_DTVB0_DVO0_ETSP_EPS1_ELFLR0_EMLL0_FSSC10_FL0_GLVWA2_GLVWB2_GRCGA1_GRCGB1_GRPM1_GRVW2_GSU1_GSUASB_GLS0_ISA942_IU1_K1_KLA_LBSPPA0_LBSPPB256_LPA0_LPB4_LDL1_LRVW2_LWPMn1_LDW0_FMA_MIAV1_MDA2_MO40_MMFSC_MKFGSU256_NTA0_NTB0_NTC3_NTD3_NEPBS0_NLCA1_NLCB1_ONLL1_OPLV0_PK0_PAP0_PGR2_PLR9_PKA0_SIA3_SLW1_SS1_SU0_SUM0_SUS0_SCIUI1_SPO1_SRVW0_SSO6_SVW2_SNLL0_TSGRA0_TSGRB0_TT2_16_TLDS1_UMLDSA0_UMLDSB1_U64SL1_USFGROn1_VAW1_VSn1_VW2_VWB1_VFLRP0_WSGRA0_WSGRB0_WS64_WG32_8_1_WGM6",23170,6448491110017962,6448491110022168,0,25600,256,1,1,1792,13,1
"KERNEL_DISPATCH",1,1,234879,19,185,"void rocsolver::v32802::unit_forward_substitution_kernel<double, int, double*>(int, int, double*, int, int, long, long, double*, int, int, long, long)",23167,6448491109934354,6448491109944890,0,512,16,64,1,16,448,1
"KERNEL_DISPATCH",1,1,234879,18,68,"void rocsolver::v32802::getf2_npvt_small_kernel<16, double, int, int, double*>(int, double*, long, int, long, int*, int, int)",23162,6448491109852268,6448491109861882,0,136,432,1,1,432,1,1
"KERNEL_DISPATCH",1,1,234879,17,904,"Cijk_Ailk_Bljk_DB_MT64x32x32_MI16x16x4x1_SN_1LDSB1_APM1_ABV0_ACED0_AF0EM2_AF1EM2_AMAS3_ASE_ASGT_ASLT_ASM_ASAE01_ASCE01_ASEM2_AAC0_BL1_BS1_CLR0_DTLA0_DTLB0_DTVA0_DTVB0_DVO0_ETSP_EPS1_ELFLR0_EMLL0_FSSC10_FL0_GLVWA2_GLVWB2_GRCGA1_GRCGB1_GRPM1_GRVW2_GSU1_GSUASB_GLS0_ISA942_IU1_K1_KLA_LBSPPA0_LBSPPB256_LPA0_LPB4_LDL1_LRVW2_LWPMn1_LDW0_FMA_MIAV1_MDA2_MO40_MMFSC_MKFGSU256_NTA0_NTB0_NTC3_NTD3_NEPBS0_NLCA1_NLCB1_ONLL1_OPLV0_PK0_PAP0_PGR2_PLR9_PKA0_SIA3_SLW1_SS1_SU0_SUM0_SUS0_SCIUI1_SPO1_SRVW0_SSO6_SVW2_SNLL0_TSGRA0_TSGRB0_TT2_16_TLDS1_UMLDSA0_UMLDSB1_U64SL1_USFGROn1_VAW1_VSn1_VW2_VWB1_VFLRP0_WSGRA0_WSGRB0_WS64_WG32_8_1_WGM6",23159,6448491109767578,6448491109775590,0,25600,256,1,1,1792,14,1
"KERNEL_DISPATCH",1,1,234879,16,185,"void rocsolver::v32802::unit_forward_substitution_kernel<double, int, double*>(int, int, double*, int, int, long, long, double*, int, int, long, long)",23156,6448491109657850,6448491109667905,0,512,16,64,1,16,448,1
"KERNEL_DISPATCH",1,1,234879,15,68,"void rocsolver::v32802::getf2_npvt_small_kernel<16, double, int, int, double*>(int, double*, long, int, long, int*, int, int)",23151,6448491109631770,6448491109641625,0,136,448,1,1,448,1,1
"KERNEL_DISPATCH",1,1,234879,14,904,"Cijk_Ailk_Bljk_DB_MT64x32x32_MI16x16x4x1_SN_1LDSB1_APM1_ABV0_ACED0_AF0EM2_AF1EM2_AMAS3_ASE_ASGT_ASLT_ASM_ASAE01_ASCE01_ASEM2_AAC0_BL1_BS1_CLR0_DTLA0_DTLB0_DTVA0_DTVB0_DVO0_ETSP_EPS1_ELFLR0_EMLL0_FSSC10_FL0_GLVWA2_GLVWB2_GRCGA1_GRCGB1_GRPM1_GRVW2_GSU1_GSUASB_GLS0_ISA942_IU1_K1_KLA_LBSPPA0_LBSPPB256_LPA0_LPB4_LDL1_LRVW2_LWPMn1_LDW0_FMA_MIAV1_MDA2_MO40_MMFSC_MKFGSU256_NTA0_NTB0_NTC3_NTD3_NEPBS0_NLCA1_NLCB1_ONLL1_OPLV0_PK0_PAP0_PGR2_PLR9_PKA0_SIA3_SLW1_SS1_SU0_SUM0_SUS0_SCIUI1_SPO1_SRVW0_SSO6_SVW2_SNLL0_TSGRA0_TSGRB0_TT2_16_TLDS1_UMLDSA0_UMLDSB1_U64SL1_USFGROn1_VAW1_VSn1_VW2_VWB1_VFLRP0_WSGRA0_WSGRB0_WS64_WG32_8_1_WGM6",23148,6448491109613862,6448491109618189,0,25600,256,1,1,1792,14,1
"KERNEL_DISPATCH",1,1,234879,13,185,"void rocsolver::v32802::unit_forward_substitution_kernel<double, int, double*>(int, int, double*, int, int, long, long, double*, int, int, long, long)",23145,6448491109591908,6448491109602084,0,512,16,64,1,16,448,1
"KERNEL_DISPATCH",1,1,234879,12,68,"void rocsolver::v32802::getf2_npvt_small_kernel<16, double, int, int, double*>(int, double*, long, int, long, int*, int, int)",23140,6448491109575964,6448491109585819,0,136,464,1,1,464,1,1
"KERNEL_DISPATCH",1,1,234879,11,904,"Cijk_Ailk_Bljk_DB_MT64x32x32_MI16x16x4x1_SN_1LDSB1_APM1_ABV0_ACED0_AF0EM2_AF1EM2_AMAS3_ASE_ASGT_ASLT_ASM_ASAE01_ASCE01_ASEM2_AAC0_BL1_BS1_CLR0_DTLA0_DTLB0_DTVA0_DTVB0_DVO0_ETSP_EPS1_ELFLR0_EMLL0_FSSC10_FL0_GLVWA2_GLVWB2_GRCGA1_GRCGB1_GRPM1_GRVW2_GSU1_GSUASB_GLS0_ISA942_IU1_K1_KLA_LBSPPA0_LBSPPB256_LPA0_LPB4_LDL1_LRVW2_LWPMn1_LDW0_FMA_MIAV1_MDA2_MO40_MMFSC_MKFGSU256_NTA0_NTB0_NTC3_NTD3_NEPBS0_NLCA1_NLCB1_ONLL1_OPLV0_PK0_PAP0_PGR2_PLR9_PKA0_SIA3_SLW1_SS1_SU0_SUM0_SUS0_SCIUI1_SPO1_SRVW0_SSO6_SVW2_SNLL0_TSGRA0_TSGRB0_TT2_16_TLDS1_UMLDSA0_UMLDSB1_U64SL1_USFGROn1_VAW1_VSn1_VW2_VWB1_VFLRP0_WSGRA0_WSGRB0_WS64_WG32_8_1_WGM6",23137,6448491109555773,6448491109560260,0,25600,256,1,1,2048,15,1
"KERNEL_DISPATCH",1,1,234879,10,185,"void rocsolver::v32802::unit_forward_substitution_kernel<double, int, double*>(int, int, double*, int, int, long, long, double*, int, int, long, long)",23134,6448491109534220,6448491109544275,0,512,16,64,1,16,512,1
"KERNEL_DISPATCH",1,1,234879,9,68,"void rocsolver::v32802::getf2_npvt_small_kernel<16, double, int, int, double*>(int, double*, long, int, long, int*, int, int)",23129,6448491109520719,6448491109530975,0,136,480,1,1,480,1,1
"KERNEL_DISPATCH",1,1,234879,8,904,"Cijk_Ailk_Bljk_DB_MT64x32x32_MI16x16x4x1_SN_1LDSB1_APM1_ABV0_ACED0_AF0EM2_AF1EM2_AMAS3_ASE_ASGT_ASLT_ASM_ASAE01_ASCE01_ASEM2_AAC0_BL1_BS1_CLR0_DTLA0_DTLB0_DTVA0_DTVB0_DVO0_ETSP_EPS1_ELFLR0_EMLL0_FSSC10_FL0_GLVWA2_GLVWB2_GRCGA1_GRCGB1_GRPM1_GRVW2_GSU1_GSUASB_GLS0_ISA942_IU1_K1_KLA_LBSPPA0_LBSPPB256_LPA0_LPB4_LDL1_LRVW2_LWPMn1_LDW0_FMA_MIAV1_MDA2_MO40_MMFSC_MKFGSU256_NTA0_NTB0_NTC3_NTD3_NEPBS0_NLCA1_NLCB1_ONLL1_OPLV0_PK0_PAP0_PGR2_PLR9_PKA0_SIA3_SLW1_SS1_SU0_SUM0_SUS0_SCIUI1_SPO1_SRVW0_SSO6_SVW2_SNLL0_TSGRA0_TSGRB0_TT2_16_TLDS1_UMLDSA0_UMLDSB1_U64SL1_USFGROn1_VAW1_VSn1_VW2_VWB1_VFLRP0_WSGRA0_WSGRB0_WS64_WG32_8_1_WGM6",23126,6448491109505456,6448491109510143,0,25600,256,1,1,2048,15,1
"KERNEL_DISPATCH",1,1,234879,7,185,"void rocsolver::v32802::unit_forward_substitution_kernel<double, int, double*>(int, int, double*, int, int, long, long, double*, int, int, long, long)",23123,6448491109463552,6448491109473407,0,512,16,64,1,16,512,1
"KERNEL_DISPATCH",1,1,234879,6,68,"void rocsolver::v32802::getf2_npvt_small_kernel<16, double, int, int, double*>(int, double*, long, int, long, int*, int, int)",23118,6448491109451974,6448491109462029,0,136,496,1,1,496,1,1
"KERNEL_DISPATCH",1,1,234879,5,904,"Cijk_Ailk_Bljk_DB_MT64x32x32_MI16x16x4x1_SN_1LDSB1_APM1_ABV0_ACED0_AF0EM2_AF1EM2_AMAS3_ASE_ASGT_ASLT_ASM_ASAE01_ASCE01_ASEM2_AAC0_BL1_BS1_CLR0_DTLA0_DTLB0_DTVA0_DTVB0_DVO0_ETSP_EPS1_ELFLR0_EMLL0_FSSC10_FL0_GLVWA2_GLVWB2_GRCGA1_GRCGB1_GRPM1_GRVW2_GSU1_GSUASB_GLS0_ISA942_IU1_K1_KLA_LBSPPA0_LBSPPB256_LPA0_LPB4_LDL1_LRVW2_LWPMn1_LDW0_FMA_MIAV1_MDA2_MO40_MMFSC_MKFGSU256_NTA0_NTB0_NTC3_NTD3_NEPBS0_NLCA1_NLCB1_ONLL1_OPLV0_PK0_PAP0_PGR2_PLR9_PKA0_SIA3_SLW1_SS1_SU0_SUM0_SUS0_SCIUI1_SPO1_SRVW0_SSO6_SVW2_SNLL0_TSGRA0_TSGRB0_TT2_16_TLDS1_UMLDSA0_UMLDSB1_U64SL1_USFGROn1_VAW1_VSn1_VW2_VWB1_VFLRP0_WSGRA0_WSGRB0_WS64_WG32_8_1_WGM6",23115,6448491109438433,6448491109444122,0,25600,256,1,1,2048,16,1
"KERNEL_DISPATCH",1,1,234879,4,185,"void rocsolver::v32802::unit_forward_substitution_kernel<double, int, double*>(int, int, double*, int, int, long, long, double*, int, int, long, long)",23112,6448491109379943,6448491109389999,0,512,16,64,1,16,512,1
"KERNEL_DISPATCH",1,1,234879,3,68,"void rocsolver::v32802::getf2_npvt_small_kernel<16, double, int, int, double*>(int, double*, long, int, long, int*, int, int)",23107,6448491109356067,6448491109366443,0,136,512,1,1,512,1,1
"KERNEL_DISPATCH",1,1,234879,2,27,"void rocsolver::v32802::reset_info<int, int, int>(int*, int, int, int)",23104,6448491109345451,6448491109346051,0,0,256,1,1,256,1,1
"KERNEL_DISPATCH",1,1,234879,1,12,"void rocsolver::v32802::iota_n<double>(double*, unsigned int, double)",23101,6448491109337518,6448491109340683,0,0,32,1,1,32,1,1
"KERNEL_DISPATCH",1,1,234879,36,68,"void rocsolver::v32802::getf2_npvt_small_kernel<16, double, int, int, double*>(int, double*, long, int, long, int*, int, int)",23228,6448491111609922,6448491111618855,0,136,336,1,1,336,1,1
"KERNEL_DISPATCH",1,1,234879,39,68,"void rocsolver::v32802::getf2_npvt_small_kernel<16, double, int, int, double*>(int, double*, long, int, long, int*, int, int)",23239,6448491111861788,6448491111870922,0,136,320,1,1,320,1,1
"KERNEL_DISPATCH",1,1,234879,38,820,"Cijk_Ailk_Bljk_DB_MT128x64x16_MI16x16x4x1_SN_1LDSB1_APM1_ABV0_ACED0_AF0EM2_AF1EM2_AMAS3_ASE_ASGT_ASLT_ASM_ASAE01_ASCE01_ASEM2_AAC0_BL1_BS1_CLR0_DTLA0_DTLB0_DTVA1_DTVB0_DVO0_ETSP_EPS1_ELFLR0_EMLL0_FSSC10_FL0_GLVWA2_GLVWB2_GRCGA1_GRCGB1_GRPM1_GRVW2_GSU1_GSUASB_GLS0_ISA942_IU1_K1_KLA_LBSPPA0_LBSPPB0_LPA0_LPB2_LDL1_LRVW1_LWPMn1_LDW0_FMA_MIAV1_MDA2_MO40_MMFSC_MKFGSU256_NTA0_NTB0_NTC3_NTD3_NEPBS4_NLCA1_NLCB1_ONLL1_OPLV0_PK0_PAP0_PGR2_PLR1_PKA0_SIA3_SLW1_SS1_SU0_SUM0_SUS0_SCIUI1_SPO1_SRVW0_SSO6_SVW2_SNLL0_TSGRA0_TSGRB0_TT2_64_TLDS0_UMLDSA0_UMLDSB0_U64SL1_USFGROn1_VAW1_VSn1_VW2_VWB1_VFLRP0_WSGRA0_WSGRB0_WS64_WG64_4_1_WGM12",23236,6448491111794965,6448491111805782,0,8448,256,1,1,768,5,1
"KERNEL_DISPATCH",1,1,234879,37,185,"void rocsolver::v32802::unit_forward_substitution_kernel<double, int, double*>(int, int, double*, int, int, long, long, double*, int, int, long, long)",23233,6448491111684476,6448491111695052,0,512,16,64,1,16,320,1
"KERNEL_DISPATCH",1,1,234879,40,185,"void rocsolver::v32802::unit_forward_substitution_kernel<double, int, double*>(int, int, double*, int, int, long, long, double*, int, int, long, long)",23244,6448491111878453,6448491111888549,0,512,16,64,1,16,320,1
"KERNEL_DISPATCH",1,1,234879,42,68,"void rocsolver::v32802::getf2_npvt_small_kernel<16, double, int, int, double*>(int, double*, long, int, long, int*, int, int)",23250,6448491111932497,6448491111941230,0,136,304,1,1,304,1,1
"KERNEL_DISPATCH",1,1,234879,41,820,"Cijk_Ailk_Bljk_DB_MT128x64x16_MI16x16x4x1_SN_1LDSB1_APM1_ABV0_ACED0_AF0EM2_AF1EM2_AMAS3_ASE_ASGT_ASLT_ASM_ASAE01_ASCE01_ASEM2_AAC0_BL1_BS1_CLR0_DTLA0_DTLB0_DTVA1_DTVB0_DVO0_ETSP_EPS1_ELFLR0_EMLL0_FSSC10_FL0_GLVWA2_GLVWB2_GRCGA1_GRCGB1_GRPM1_GRVW2_GSU1_GSUASB_GLS0_ISA942_IU1_K1_KLA_LBSPPA0_LBSPPB0_LPA0_LPB2_LDL1_LRVW1_LWPMn1_LDW0_FMA_MIAV1_MDA2_MO40_MMFSC_MKFGSU256_NTA0_NTB0_NTC3_NTD3_NEPBS4_NLCA1_NLCB1_ONLL1_OPLV0_PK0_PAP0_PGR2_PLR1_PKA0_SIA3_SLW1_SS1_SU0_SUM0_SUS0_SCIUI1_SPO1_SRVW0_SSO6_SVW2_SNLL0_TSGRA0_TSGRB0_TT2_64_TLDS0_UMLDSA0_UMLDSB0_U64SL1_USFGROn1_VAW1_VSn1_VW2_VWB1_VFLRP0_WSGRA0_WSGRB0_WS64_WG64_4_1_WGM12",23247,6448491111920598,6448491111926848,0,8448,256,1,1,768,5,1
"KERNEL_DISPATCH",1,1,234879,43,185,"void rocsolver::v32802::unit_forward_substitution_kernel<double, int, double*>(int, int, double*, int, int, long, long, double*, int, int, long, long)",23255,6448491111949042,6448491111959257,0,512,16,64,1,16,320,1
"KERNEL_DISPATCH",1,1,234879,44,820,"Cijk_Ailk_Bljk_DB_MT128x64x16_MI16x16x4x1_SN_1LDSB1_APM1_ABV0_ACED0_AF0EM2_AF1EM2_AMAS3_ASE_ASGT_ASLT_ASM_ASAE01_ASCE01_ASEM2_AAC0_BL1_BS1_CLR0_DTLA0_DTLB0_DTVA1_DTVB0_DVO0_ETSP_EPS1_ELFLR0_EMLL0_FSSC10_FL0_GLVWA2_GLVWB2_GRCGA1_GRCGB1_GRPM1_GRVW2_GSU1_GSUASB_GLS0_ISA942_IU1_K1_KLA_LBSPPA0_LBSPPB0_LPA0_LPB2_LDL1_LRVW1_LWPMn1_LDW0_FMA_MIAV1_MDA2_MO40_MMFSC_MKFGSU256_NTA0_NTB0_NTC3_NTD3_NEPBS4_NLCA1_NLCB1_ONLL1_OPLV0_PK0_PAP0_PGR2_PLR1_PKA0_SIA3_SLW1_SS1_SU0_SUM0_SUS0_SCIUI1_SPO1_SRVW0_SSO6_SVW2_SNLL0_TSGRA0_TSGRB0_TT2_64_TLDS0_UMLDSA0_UMLDSB0_U64SL1_USFGROn1_VAW1_VSn1_VW2_VWB1_VFLRP0_WSGRA0_WSGRB0_WS64_WG64_4_1_WGM12",23258,6448491111971516,6448491111978046,0,8448,256,1,1,768,5,1
"KERNEL_DISPATCH",1,1,234879,45,68,"void rocsolver::v32802::getf2_npvt_small_kernel<16, double, int, int, double*>(int, double*, long, int, long, int*, int, int)",23261,6448491111980831,6448491111991287,0,136,288,1,1,288,1,1
"KERNEL_DISPATCH",1,1,234879,46,185,"void rocsolver::v32802::unit_forward_substitution_kernel<double, int, double*>(int, int, double*, int, int, long, long, double*, int, int, long, long)",23266,6448491111997196,6448491112006730,0,512,16,64,1,16,320,1
"KERNEL_DISPATCH",1,1,234879,47,773,"Cijk_Ailk_Bljk_DB_MT64x64x16_MI16x16x4x1_SN_1LDSB1_APM1_ABV0_ACED0_AF0EM2_AF1EM2_AMAS3_ASE_ASGT_ASLT_ASM_ASAE01_ASCE01_ASEM2_AAC0_BL1_BS1_CLR0_DTLA0_DTLB0_DTVA0_DTVB0_DVO0_ETSP_EPS1_ELFLR0_EMLL0_FSSC10_FL0_GLVWA2_GLVWB2_GRCGA1_GRCGB1_GRPM1_GRVW2_GSU1_GSUASB_GLS0_ISA942_IU1_K1_KLA_LBSPPA0_LBSPPB128_LPA0_LPB2_LDL1_LRVW1_LWPMn1_LDW0_FMA_MIAV1_MDA2_MO40_MMFSC_MKFGSU256_NTA0_NTB0_NTC3_NTD3_NEPBS4_NLCA1_NLCB1_ONLL1_OPLV0_PK0_PAP0_PGR2_PLR5_PKA0_SIA3_SLW1_SS1_SU0_SUM0_SUS0_SCIUI1_SPO1_SRVW0_SSO6_SVW2_SNLL0_TSGRA0_TSGRB0_TT2_32_TLDS1_UMLDSA0_UMLDSB1_U64SL1_USFGROn1_VAW1_VSn1_VW2_VWB1_VFLRP0_WSGRA0_WSGRB0_WS64_WG32_8_1_WGM6",23269,6448491112037497,6448491112044628,0,17408,256,1,1,1280,5,1
"KERNEL_DISPATCH",1,1,234879,48,68,"void rocsolver::v32802::getf2_npvt_small_kernel<16, double, int, int, double*>(int, double*, long, int, long, int*, int, int)",23272,6448491112047473,6448491112056166,0,136,272,1,1,272,1,1
"KERNEL_DISPATCH",1,1,234879,49,185,"void rocsolver::v32802::unit_forward_substitution_kernel<double, int, double*>(int, int, double*, int, int, long, long, double*, int, int, long, long)",23277,6448491112058449,6448491112067864,0,512,16,64,1,16,256,1
"KERNEL_DISPATCH",1,1,234879,50,773,"Cijk_Ailk_Bljk_DB_MT64x64x16_MI16x16x4x1_SN_1LDSB1_APM1_ABV0_ACED0_AF0EM2_AF1EM2_AMAS3_ASE_ASGT_ASLT_ASM_ASAE01_ASCE01_ASEM2_AAC0_BL1_BS1_CLR0_DTLA0_DTLB0_DTVA0_DTVB0_DVO0_ETSP_EPS1_ELFLR0_EMLL0_FSSC10_FL0_GLVWA2_GLVWB2_GRCGA1_GRCGB1_GRPM1_GRVW2_GSU1_GSUASB_GLS0_ISA942_IU1_K1_KLA_LBSPPA0_LBSPPB128_LPA0_LPB2_LDL1_LRVW1_LWPMn1_LDW0_FMA_MIAV1_MDA2_MO40_MMFSC_MKFGSU256_NTA0_NTB0_NTC3_NTD3_NEPBS4_NLCA1_NLCB1_ONLL1_OPLV0_PK0_PAP0_PGR2_PLR5_PKA0_SIA3_SLW1_SS1_SU0_SUM0_SUS0_SCIUI1_SPO1_SRVW0_SSO6_SVW2_SNLL0_TSGRA0_TSGRB0_TT2_32_TLDS1_UMLDSA0_UMLDSB1_U64SL1_USFGROn1_VAW1_VSn1_VW2_VWB1_VFLRP0_WSGRA0_WSGRB0_WS64_WG32_8_1_WGM6",23280,6448491112104680,6448491112109408,0,17408,256,1,1,1024,4,1
"KERNEL_DISPATCH",1,1,234879,52,185,"void rocsolver::v32802::unit_forward_substitution_kernel<double, int, double*>(int, int, double*, int, int, long, long, double*, int, int, long, long)",23288,6448491112124190,6448491112134486,0,512,16,64,1,16,256,1
"KERNEL_DISPATCH",1,1,234879,51,68,"void rocsolver::v32802::getf2_npvt_small_kernel<16, double, int, int, double*>(int, double*, long, int, long, int*, int, int)",23283,6448491112113574,6448491112121626,0,136,256,1,1,256,1,1
"KERNEL_DISPATCH",1,1,234879,53,773,"Cijk_Ailk_Bljk_DB_MT64x64x16_MI16x16x4x1_SN_1LDSB1_APM1_ABV0_ACED0_AF0EM2_AF1EM2_AMAS3_ASE_ASGT_ASLT_ASM_ASAE01_ASCE01_ASEM2_AAC0_BL1_BS1_CLR0_DTLA0_DTLB0_DTVA0_DTVB0_DVO0_ETSP_EPS1_ELFLR0_EMLL0_FSSC10_FL0_GLVWA2_GLVWB2_GRCGA1_GRCGB1_GRPM1_GRVW2_GSU1_GSUASB_GLS0_ISA942_IU1_K1_KLA_LBSPPA0_LBSPPB128_LPA0_LPB2_LDL1_LRVW1_LWPMn1_LDW0_FMA_MIAV1_MDA2_MO40_MMFSC_MKFGSU256_NTA0_NTB0_NTC3_NTD3_NEPBS4_NLCA1_NLCB1_ONLL1_OPLV0_PK0_PAP0_PGR2_PLR5_PKA0_SIA3_SLW1_SS1_SU0_SUM0_SUS0_SCIUI1_SPO1_SRVW0_SSO6_SVW2_SNLL0_TSGRA0_TSGRB0_TT2_32_TLDS1_UMLDSA0_UMLDSB1_U64SL1_USFGROn1_VAW1_VSn1_VW2_VWB1_VFLRP0_WSGRA0_WSGRB0_WS64_WG32_8_1_WGM6",23291,6448491112144541,6448491112149990,0,17408,256,1,1,1024,4,1
"KERNEL_DISPATCH",1,1,234879,54,68,"void rocsolver::v32802::getf2_npvt_small_kernel<16, double, int, int, double*>(int, double*, long, int, long, int*, int, int)",23294,6448491112155038,6448491112163290,0,136,240,1,1,240,1,1
"KERNEL_DISPATCH",1,1,234879,55,185,"void rocsolver::v32802::unit_forward_substitution_kernel<double, int, double*>(int, int, double*, int, int, long, long, double*, int, int, long, long)",23299,6448491112171543,6448491112181799,0,512,16,64,1,16,256,1
"KERNEL_DISPATCH",1,1,234879,56,773,"Cijk_Ailk_Bljk_DB_MT64x64x16_MI16x16x4x1_SN_1LDSB1_APM1_ABV0_ACED0_AF0EM2_AF1EM2_AMAS3_ASE_ASGT_ASLT_ASM_ASAE01_ASCE01_ASEM2_AAC0_BL1_BS1_CLR0_DTLA0_DTLB0_DTVA0_DTVB0_DVO0_ETSP_EPS1_ELFLR0_EMLL0_FSSC10_FL0_GLVWA2_GLVWB2_GRCGA1_GRCGB1_GRPM1_GRVW2_GSU1_GSUASB_GLS0_ISA942_IU1_K1_KLA_LBSPPA0_LBSPPB128_LPA0_LPB2_LDL1_LRVW1_LWPMn1_LDW0_FMA_MIAV1_MDA2_MO40_MMFSC_MKFGSU256_NTA0_NTB0_NTC3_NTD3_NEPBS4_NLCA1_NLCB1_ONLL1_OPLV0_PK0_PAP0_PGR2_PLR5_PKA0_SIA3_SLW1_SS1_SU0_SUM0_SUS0_SCIUI1_SPO1_SRVW0_SSO6_SVW2_SNLL0_TSGRA0_TSGRB0_TT2_32_TLDS1_UMLDSA0_UMLDSB1_U64SL1_USFGROn1_VAW1_VSn1_VW2_VWB1_VFLRP0_WSGRA0_WSGRB0_WS64_WG32_8_1_WGM6",23302,6448491112191453,6448491112196060,0,17408,256,1,1,1024,4,1
"KERNEL_DISPATCH",1,1,234879,57,68,"void rocsolver::v32802::getf2_npvt_small_kernel<16, double, int, int, double*>(int, double*, long, int, long, int*, int, int)",23305,6448491112205475,6448491112213567,0,136,224,1,1,224,1,1
"KERNEL_DISPATCH",1,1,234879,58,185,"void rocsolver::v32802::unit_forward_substitution_kernel<double, int, double*>(int, int, double*, int, int, long, long, double*, int, int, long, long)",23310,6448491112222631,6448491112232246,0,512,16,64,1,16,256,1
"KERNEL_DISPATCH",1,1,234879,59,773,"Cijk_Ailk_Bljk_DB_MT64x64x16_MI16x16x4x1_SN_1LDSB1_APM1_ABV0_ACED0_AF0EM2_AF1EM2_AMAS3_ASE_ASGT_ASLT_ASM_ASAE01_ASCE01_ASEM2_AAC0_BL1_BS1_CLR0_DTLA0_DTLB0_DTVA0_DTVB0_DVO0_ETSP_EPS1_ELFLR0_EMLL0_FSSC10_FL0_GLVWA2_GLVWB2_GRCGA1_GRCGB1_GRPM1_GRVW2_GSU1_GSUASB_GLS0_ISA942_IU1_K1_KLA_LBSPPA0_LBSPPB128_LPA0_LPB2_LDL1_LRVW1_LWPMn1_LDW0_FMA_MIAV1_MDA2_MO40_MMFSC_MKFGSU256_NTA0_NTB0_NTC3_NTD3_NEPBS4_NLCA1_NLCB1_ONLL1_OPLV0_PK0_PAP0_PGR2_PLR5_PKA0_SIA3_SLW1_SS1_SU0_SUM0_SUS0_SCIUI1_SPO1_SRVW0_SSO6_SVW2_SNLL0_TSGRA0_TSGRB0_TT2_32_TLDS1_UMLDSA0_UMLDSB1_U64SL1_USFGROn1_VAW1_VSn1_VW2_VWB1_VFLRP0_WSGRA0_WSGRB0_WS64_WG32_8_1_WGM6",23313,6448491112246399,6448491112251526,0,17408,256,1,1,1024,4,1
"KERNEL_DISPATCH",1,1,234879,60,68,"void rocsolver::v32802::getf2_npvt_small_kernel<16, double, int, int, double*>(int, double*, long, int, long, int*, int, int)",23316,6448491112257675,6448491112265567,0,136,208,1,1,208,1,1
"KERNEL_DISPATCH",1,1,234879,61,185,"void rocsolver::v32802::unit_forward_substitution_kernel<double, int, double*>(int, int, double*, int, int, long, long, double*, int, int, long, long)",23321,6448491112273740,6448491112283354,0,512,16,64,1,16,192,1
"KERNEL_DISPATCH",1,1,234879,62,773,"Cijk_Ailk_Bljk_DB_MT64x64x16_MI16x16x4x1_SN_1LDSB1_APM1_ABV0_ACED0_AF0EM2_AF1EM2_AMAS3_ASE_ASGT_ASLT_ASM_ASAE01_ASCE01_ASEM2_AAC0_BL1_BS1_CLR0_DTLA0_DTLB0_DTVA0_DTVB0_DVO0_ETSP_EPS1_ELFLR0_EMLL0_FSSC10_FL0_GLVWA2_GLVWB2_GRCGA1_GRCGB1_GRPM1_GRVW2_GSU1_GSUASB_GLS0_ISA942_IU1_K1_KLA_LBSPPA0_LBSPPB128_LPA0_LPB2_LDL1_LRVW1_LWPMn1_LDW0_FMA_MIAV1_MDA2_MO40_MMFSC_MKFGSU256_NTA0_NTB0_NTC3_NTD3_NEPBS4_NLCA1_NLCB1_ONLL1_OPLV0_PK0_PAP0_PGR2_PLR5_PKA0_SIA3_SLW1_SS1_SU0_SUM0_SUS0_SCIUI1_SPO1_SRVW0_SSO6_SVW2_SNLL0_TSGRA0_TSGRB0_TT2_32_TLDS1_UMLDSA0_UMLDSB1_U64SL1_USFGROn1_VAW1_VSn1_VW2_VWB1_VFLRP0_WSGRA0_WSGRB0_WS64_WG32_8_1_WGM6",23324,6448491112292609,6448491112297015,0,17408,256,1,1,768,3,1
"KERNEL_DISPATCH",1,1,234879,63,68,"void rocsolver::v32802::getf2_npvt_small_kernel<16, double, int, int, double*>(int, double*, long, int, long, int*, int, int)",23327,6448491112301502,6448491112309635,0,136,192,1,1,192,1,1
"KERNEL_DISPATCH",1,1,234879,64,185,"void rocsolver::v32802::unit_forward_substitution_kernel<double, int, double*>(int, int, double*, int, int, long, long, double*, int, int, long, long)",23332,6448491112316996,6448491112326771,0,512,16,64,1,16,192,1
"KERNEL_DISPATCH",1,1,234879,65,977,"Cijk_Ailk_Bljk_DB_MT128x64x16_MI16x16x4x1_SN_1LDSB1_APM1_ABV0_ACED0_AF0EM2_AF1EM2_AMAS3_ASE_ASGT_ASLT_ASM_ASAE01_ASCE01_ASEM2_AAC0_BL1_BS1_CLR0_DTLA0_DTLB0_DTVA1_DTVB0_DVO0_ETSP_EPS1_ELFLR0_EMLL0_FSSC10_FL0_GLVWA2_GLVWB2_GRCGA1_GRCGB1_GRPM1_GRVW2_GSU1_GSUASB_GLS0_ISA942_IU1_K1_KLA_LBSPPA0_LBSPPB0_LPA0_LPB2_LDL1_LRVW1_LWPMn1_LDW0_FMA_MIAV1_MDA2_MO40_MMFSC_MKFGSU256_NTA0_NTB0_NTC3_NTD3_NEPBS4_NLCA1_NLCB1_ONLL1_OPLV0_PK0_PAP0_PGR2_PLR5_PKA0_SIA3_SLW1_SS1_SU0_SUM0_SUS0_SCIUI1_SPO1_SRVW0_SSO6_SVW2_SNLL0_TSGRA0_TSGRB0_TT2_64_TLDS0_UMLDSA0_UMLDSB0_U64SL1_USFGROn1_VAW1_VSn1_VW2_VWB1_VFLRP0_WSGRA0_WSGRB0_WS64_WG64_4_1_WGM6",23335,6448491112344548,6448491112358009,0,8448,256,1,1,512,3,1
"KERNEL_DISPATCH",1,1,234879,66,68,"void rocsolver::v32802::getf2_npvt_small_kernel<16, double, int, int, double*>(int, double*, long, int, long, int*, int, int)",23338,6448491112358630,6448491112366081,0,136,176,1,1,176,1,1
"KERNEL_DISPATCH",1,1,234879,67,185,"void rocsolver::v32802::unit_forward_substitution_kernel<double, int, double*>(int, int, double*, int, int, long, long, double*, int, int, long, long)",23343,6448491112366963,6448491112376297,0,512,16,64,1,16,192,1
"KERNEL_DISPATCH",1,1,234879,68,977,"Cijk_Ailk_Bljk_DB_MT128x64x16_MI16x16x4x1_SN_1LDSB1_APM1_ABV0_ACED0_AF0EM2_AF1EM2_AMAS3_ASE_ASGT_ASLT_ASM_ASAE01_ASCE01_ASEM2_AAC0_BL1_BS1_CLR0_DTLA0_DTLB0_DTVA1_DTVB0_DVO0_ETSP_EPS1_ELFLR0_EMLL0_FSSC10_FL0_GLVWA2_GLVWB2_GRCGA1_GRCGB1_GRPM1_GRVW2_GSU1_GSUASB_GLS0_ISA942_IU1_K1_KLA_LBSPPA0_LBSPPB0_LPA0_LPB2_LDL1_LRVW1_LWPMn1_LDW0_FMA_MIAV1_MDA2_MO40_MMFSC_MKFGSU256_NTA0_NTB0_NTC3_NTD3_NEPBS4_NLCA1_NLCB1_ONLL1_OPLV0_PK0_PAP0_PGR2_PLR5_PKA0_SIA3_SLW1_SS1_SU0_SUM0_SUS0_SCIUI1_SPO1_SRVW0_SSO6_SVW2_SNLL0_TSGRA0_TSGRB0_TT2_64_TLDS0_UMLDSA0_UMLDSB0_U64SL1_USFGROn1_VAW1_VSn1_VW2_VWB1_VFLRP0_WSGRA0_WSGRB0_WS64_WG64_4_1_WGM6",23346,6448491112389958,6448491112397409,0,8448,256,1,1,512,3,1
"KERNEL_DISPATCH",1,1,234879,69,68,"void rocsolver::v32802::getf2_npvt_small_kernel<16, double, int, int, double*>(int, double*, long, int, long, int*, int, int)",23349,6448491112402177,6448491112409948,0,136,160,1,1,160,1,1
"KERNEL_DISPATCH",1,1,234879,70,185,"void rocsolver::v32802::unit_forward_substitution_kernel<double, int, double*>(int, int, double*, int, int, long, long, double*, int, int, long, long)",23354,6448491112412483,6448491112421136,0,512,16,64,1,16,192,1
"KERNEL_DISPATCH",1,1,234879,71,817,"Cijk_Ailk_Bljk_DB_MT128x64x16_MI16x16x4x1_SN_1LDSB1_APM1_ABV0_ACED0_AF0EM2_AF1EM2_AMAS3_ASE_ASGT_ASLT_ASM_ASAE01_ASCE01_ASEM2_AAC0_BL1_BS1_CLR0_DTLA0_DTLB0_DTVA0_DTVB0_DVO0_ETSP_EPS1_ELFLR0_EMLL0_FSSC10_FL0_GLVWA2_GLVWB2_GRCGA1_GRCGB1_GRPM1_GRVW2_GSU1_GSUASB_GLS0_ISA942_IU1_K1_KLA_LBSPPA0_LBSPPB0_LPA0_LPB2_LDL1_LRVW1_LWPMn1_LDW0_FMA_MIAV1_MDA2_MO40_MMFSC_MKFGSU256_NTA0_NTB0_NTC3_NTD3_NEPBS0_NLCA1_NLCB1_ONLL1_OPLV0_PK0_PAP0_PGR2_PLR5_PKA0_SIA3_SLW1_SS1_SU0_SUM0_SUS0_SCIUI1_SPO1_SRVW0_SSO6_SVW2_SNLL0_TSGRA0_TSGRB0_TT2_64_TLDS0_UMLDSA0_UMLDSB0_U64SL1_USFGROn1_VAW1_VSn1_VW2_VWB1_VFLRP0_WSGRA0_WSGRB0_WS64_WG64_4_1_WGM6",23357,6448491112435818,6448491112448157,0,24832,256,1,1,512,3,1
"KERNEL_DISPATCH",1,1,234879,72,68,"void rocsolver::v32802::getf2_npvt_small_kernel<16, double, int, int, double*>(int, double*, long, int, long, int*, int, int)",23360,6448491112449008,6448491112456300,0,136,144,1,1,144,1,1
"KERNEL_DISPATCH",1,1,234879,73,185,"void rocsolver::v32802::unit_forward_substitution_kernel<double, int, double*>(int, int, double*, int, int, long, long, double*, int, int, long, long)",23365,6448491112457902,6448491112467036,0,512,16,64,1,16,128,1
"KERNEL_DISPATCH",1,1,234879,74,817,"Cijk_Ailk_Bljk_DB_MT128x64x16_MI16x16x4x1_SN_1LDSB1_APM1_ABV0_ACED0_AF0EM2_AF1EM2_AMAS3_ASE_ASGT_ASLT_ASM_ASAE01_ASCE01_ASEM2_AAC0_BL1_BS1_CLR0_DTLA0_DTLB0_DTVA0_DTVB0_DVO0_ETSP_EPS1_ELFLR0_EMLL0_FSSC10_FL0_GLVWA2_GLVWB2_GRCGA1_GRCGB1_GRPM1_GRVW2_GSU1_GSUASB_GLS0_ISA942_IU1_K1_KLA_LBSPPA0_LBSPPB0_LPA0_LPB2_LDL1_LRVW1_LWPMn1_LDW0_FMA_MIAV1_MDA2_MO40_MMFSC_MKFGSU256_NTA0_NTB0_NTC3_NTD3_NEPBS0_NLCA1_NLCB1_ONLL1_OPLV0_PK0_PAP0_PGR2_PLR5_PKA0_SIA3_SLW1_SS1_SU0_SUM0_SUS0_SCIUI1_SPO1_SRVW0_SSO6_SVW2_SNLL0_TSGRA0_TSGRB0_TT2_64_TLDS0_UMLDSA0_UMLDSB0_U64SL1_USFGROn1_VAW1_VSn1_VW2_VWB1_VFLRP0_WSGRA0_WSGRB0_WS64_WG64_4_1_WGM6",23368,6448491112482890,6448491112487978,0,24832,256,1,1,256,2,1
"KERNEL_DISPATCH",1,1,234879,75,68,"void rocsolver::v32802::getf2_npvt_small_kernel<16, double, int, int, double*>(int, double*, long, int, long, int*, int, int)",23371,6448491112494358,6448491112502050,0,136,128,1,1,128,1,1
"KERNEL_DISPATCH",1,1,234879,76,185,"void rocsolver::v32802::unit_forward_substitution_kernel<double, int, double*>(int, int, double*, int, int, long, long, double*, int, int, long, long)",23376,6448491112508540,6448491112518315,0,512,16,64,1,16,128,1
"KERNEL_DISPATCH",1,1,234879,77,1178,"Cijk_Ailk_Bljk_DB_MT128x64x16_MI16x16x4x1_SN_1LDSB1_APM1_ABV0_ACED0_AF0EM2_AF1EM2_AMAS3_ASE_ASGT_ASLT_ASM_ASAE01_ASCE01_ASEM2_AAC0_BL1_BS1_CLR0_DTLA0_DTLB0_DTVA0_DTVB0_DVO0_ETSP_EPS1_ELFLR0_EMLL0_FSSC10_FL0_GLVWA2_GLVWB2_GRCGA1_GRCGB1_GRPM1_GRVW2_GSU1_GSUASB_GLS0_ISA942_IU1_K1_KLA_LBSPPA0_LBSPPB0_LPA0_LPB2_LDL1_LRVW1_LWPMn1_LDW0_FMA_MIAV1_MDA2_MO40_MMFSC_MKFGSU256_NTA0_NTB0_NTC3_NTD3_NEPBS0_NLCA1_NLCB1_ONLL1_OPLV0_PK0_PAP0_PGR2_PLR1_PKA0_SIA3_SLW1_SS1_SU0_SUM0_SUS0_SCIUI1_SPO1_SRVW0_SSO6_SVW2_SNLL0_TSGRA0_TSGRB0_TT2_64_TLDS0_UMLDSA0_UMLDSB0_U64SL1_USFGROn1_VAW1_VSn1_VW2_VWB1_VFLRP0_WSGRA0_WSGRB0_WS64_WG64_4_1_WGM6",23379,6448491112528410,6448491112540028,0,24832,256,1,1,256,2,1
"KERNEL_DISPATCH",1,1,234879,78,68,"void rocsolver::v32802::getf2_npvt_small_kernel<16, double, int, int, double*>(int, double*, long, int, long, int*, int, int)",23382,6448491112551485,6448491112559057,0,136,112,1,1,112,1,1
"KERNEL_DISPATCH",1,1,234879,79,185,"void rocsolver::v32802::unit_forward_substitution_kernel<double, int, double*>(int, int, double*, int, int, long, long, double*, int, int, long, long)",23387,6448491112566779,6448491112575993,0,512,16,64,1,16,128,1
"KERNEL_DISPATCH",1,1,234879,80,999,"Cijk_Ailk_Bljk_DB_MT128x64x16_MI16x16x4x1_SN_1LDSB1_APM1_ABV0_ACED0_AF0EM2_AF1EM2_AMAS3_ASE_ASGT_ASLT_ASM_ASAE01_ASCE01_ASEM2_AAC0_BL1_BS1_CLR0_DTLA0_DTLB0_DTVA1_DTVB0_DVO0_ETSP_EPS1_ELFLR0_EMLL0_FSSC10_FL0_GLVWA2_GLVWB2_GRCGA1_GRCGB1_GRPM1_GRVW2_GSU1_GSUASB_GLS0_ISA942_IU1_K1_KLA_LBSPPA0_LBSPPB0_LPA0_LPB2_LDL1_LRVW1_LWPMn1_LDW0_FMA_MIAV1_MDA2_MO40_MMFSC_MKFGSU256_NTA0_NTB0_NTC3_NTD3_NEPBS0_NLCA1_NLCB1_ONLL1_OPLV0_PK0_PAP0_PGR2_PLR5_PKA0_SIA3_SLW1_SS1_SU0_SUM0_SUS0_SCIUI1_SPO1_SRVW0_SSO6_SVW2_SNLL0_TSGRA0_TSGRB0_TT2_64_TLDS0_UMLDSA0_UMLDSB0_U64SL1_USFGROn1_VAW1_VSn1_VW2_VWB1_VFLRP0_WSGRA0_WSGRB0_WS64_WG64_4_1_WGM12",23390,6448491112591066,6448491112604086,0,8448,256,1,1,256,2,1
"KERNEL_DISPATCH",1,1,234879,81,68,"void rocsolver::v32802::getf2_npvt_small_kernel<16, double, int, int, double*>(int, double*, long, int, long, int*, int, int)",23393,6448491112604086,6448491112610897,0,136,96,1,1,96,1,1
"KERNEL_DISPATCH",1,1,234879,82,185,"void rocsolver::v32802::unit_forward_substitution_kernel<double, int, double*>(int, int, double*, int, int, long, long, double*, int, int, long, long)",23398,6448491112613120,6448491112621493,0,512,16,64,1,16,128,1
"KERNEL_DISPATCH",1,1,234879,83,759,"Cijk_Ailk_Bljk_DB_MT64x64x16_MI16x16x4x1_SN_1LDSB1_APM1_ABV0_ACED0_AF0EM2_AF1EM2_AMAS3_ASE_ASGT_ASLT_ASM_ASAE01_ASCE01_ASEM2_AAC0_BL1_BS1_CLR0_DTLA0_DTLB0_DTVA0_DTVB0_DVO0_ETSP_EPS1_ELFLR0_EMLL0_FSSC10_FL0_GLVWA2_GLVWB2_GRCGA1_GRCGB1_GRPM1_GRVW2_GSU1_GSUASB_GLS0_ISA942_IU1_K1_KLA_LBSPPA0_LBSPPB0_LPA0_LPB2_LDL1_LRVW1_LWPMn1_LDW0_FMA_MIAV1_MDA2_MO40_MMFSC_MKFGSU256_NTA0_NTB0_NTC3_NTD3_NEPBS4_NLCA1_NLCB1_ONLL1_OPLV0_PK0_PAP0_PGR2_PLR5_PKA0_SIA3_SLW1_SS1_SU0_SUM0_SUS0_SCIUI1_SPO1_SRVW0_SSO6_SVW2_SNLL0_TSGRA0_TSGRB0_TT2_32_TLDS0_UMLDSA0_UMLDSB0_U64SL1_USFGROn1_VAW1_VSn1_VW2_VWB1_VFLRP0_WSGRA0_WSGRB0_WS64_WG32_8_1_WGM6",23401,6448491112639481,6448491112650257,0,16640,256,1,1,512,2,1
"KERNEL_DISPATCH",1,1,234879,84,68,"void rocsolver::v32802::getf2_npvt_small_kernel<16, double, int, int, double*>(int, double*, long, int, long, int*, int, int)",23404,6448491112650437,6448491112657288,0,136,80,1,1,80,1,1
"KERNEL_DISPATCH",1,1,234879,85,185,"void rocsolver::v32802::unit_forward_substitution_kernel<double, int, double*>(int, int, double*, int, int, long, long, double*, int, int, long, long)",23409,6448491112661245,6448491112670779,0,512,16,64,1,16,64,1
"KERNEL_DISPATCH",1,1,234879,86,814,"Cijk_Ailk_Bljk_DB_MT64x64x16_MI16x16x4x1_SN_1LDSB1_APM1_ABV0_ACED0_AF0EM2_AF1EM2_AMAS0_ASE_ASGT_ASLT_ASM_ASAE01_ASCE01_ASEM2_AAC0_BL1_BS1_CLR0_DTLA0_DTLB0_DTVA1_DTVB0_DVO0_ETSP_EPS1_ELFLR0_EMLL0_FSSC10_FL0_GLVWA1_GLVWB1_GRCGA1_GRCGB1_GRPM1_GRVW1_GSU1_GSUASB_GLS0_ISA942_IU1_K1_KLA_LBSPPA0_LBSPPB128_LPA0_LPB4_LDL1_LRVW2_LWPMn1_LDW0_FMA_MIAV1_MDA2_MO40_MMFSC_MKFGSU256_NTA0_NTB0_NTC3_NTD3_NEPBS0_NLCA1_NLCB1_ONLL1_OPLV0_PK0_PAP0_PGR2_PLR5_PKA0_SIA3_SLW1_SS1_SU0_SUM0_SUS0_SCIUI1_SPO1_SRVW0_SSO6_SVW1_SNLL0_TSGRA0_TSGRB0_TT1_64_TLDS1_UMLDSA0_UMLDSB1_U64SL1_USFGROn1_VAW1_VSn1_VW1_VWB1_VFLRP0_WSGRA0_WSGRB0_WS64_WG64_4_1_WGM6",23412,6448491112687133,6448491112699032,0,10240,256,1,1,256,1,1
"KERNEL_DISPATCH",1,1,234879,87,68,"void rocsolver::v32802::getf2_npvt_small_kernel<16, double, int, int, double*>(int, double*, long, int, long, int*, int, int)",23415,6448491112699032,6448491112705842,0,136,64,1,1,64,1,1
"KERNEL_DISPATCH",1,1,234879,88,185,"void rocsolver::v32802::unit_forward_substitution_kernel<double, int, double*>(int, int, double*, int, int, long, long, double*, int, int, long, long)",23420,6448491112709108,6448491112717761,0,512,16,64,1,16,64,1
"KERNEL_DISPATCH",1,1,234879,89,744,"Cijk_Ailk_Bljk_DB_MT64x64x16_MI16x16x4x1_SN_1LDSB1_APM1_ABV0_ACED0_AF0EM2_AF1EM2_AMAS3_ASE_ASGT_ASLT_ASM_ASAE01_ASCE01_ASEM2_AAC0_BL1_BS1_CLR0_DTLA0_DTLB0_DTVA0_DTVB0_DVO0_ETSP_EPS1_ELFLR0_EMLL0_FSSC10_FL0_GLVWA2_GLVWB2_GRCGA1_GRCGB1_GRPM1_GRVW2_GSU1_GSUASB_GLS0_ISA942_IU1_K1_KLA_LBSPPA0_LBSPPB128_LPA0_LPB4_LDL1_LRVW2_LWPMn1_LDW0_FMA_MIAV1_MDA2_MO40_MMFSC_MKFGSU256_NTA0_NTB0_NTC3_NTD3_NEPBS0_NLCA1_NLCB1_ONLL1_OPLV0_PK0_PAP0_PGR2_PLR5_PKA0_SIA3_SLW1_SS1_SU0_SUM0_SUS0_SCIUI1_SPO1_SRVW0_SSO6_SVW2_SNLL0_TSGRA0_TSGRB0_TT2_32_TLDS1_UMLDSA0_UMLDSB1_U64SL1_USFGROn1_VAW1_VSn1_VW2_VWB1_VFLRP0_WSGRA0_WSGRB0_WS64_WG32_8_1_WGM6",23423,6448491112732653,6448491112736419,0,18432,256,1,1,256,1,1
"KERNEL_DISPATCH",1,1,234879,90,68,"void rocsolver::v32802::getf2_npvt_small_kernel<16, double, int, int, double*>(int, double*, long, int, long, int*, int, int)",23426,6448491112743540,6448491112751793,0,136,48,1,1,48,1,1
"KERNEL_DISPATCH",1,1,234879,91,185,"void rocsolver::v32802::unit_forward_substitution_kernel<double, int, double*>(int, int, double*, int, int, long, long, double*, int, int, long, long)",23431,6448491112758122,6448491112765333,0,512,16,64,1,16,64,1
"KERNEL_DISPATCH",1,1,234879,92,754,"Cijk_Ailk_Bljk_DB_MT32x64x32_MI16x16x4x1_SN_1LDSB1_APM1_ABV0_ACED0_AF0EM2_AF1EM2_AMAS3_ASE_ASGT_ASLT_ASM_ASAE01_ASCE01_ASEM2_AAC0_BL1_BS1_CLR0_DTLA0_DTLB0_DTVA0_DTVB0_DVO0_ETSP_EPS1_ELFLR0_EMLL0_FSSC10_FL0_GLVWA2_GLVWB2_GRCGA1_GRCGB1_GRPM1_GRVW2_GSU1_GSUASB_GLS0_ISA942_IU1_K1_KLA_LBSPPA0_LBSPPB256_LPA0_LPB4_LDL1_LRVW2_LWPMn1_LDW0_FMA_MIAV1_MDA2_MO40_MMFSC_MKFGSU256_NTA0_NTB0_NTC3_NTD3_NEPBS0_NLCA1_NLCB1_ONLL1_OPLV0_PK0_PAP0_PGR2_PLR9_PKA0_SIA3_SLW1_SS1_SU0_SUM0_SUS0_SCIUI1_SPO1_SRVW0_SSO6_SVW2_SNLL0_TSGRA0_TSGRB0_TT2_16_TLDS1_UMLDSA0_UMLDSB1_U64SL1_USFGROn1_VAW1_VSn1_VW2_VWB1_VFLRP0_WSGRA0_WSGRB0_WS64_WG16_16_1_WGM6",23434,6448491112772945,6448491112776430,0,26624,256,1,1,256,1,1
"KERNEL_DISPATCH",1,1,234879,93,68,"void rocsolver::v32802::getf2_npvt_small_kernel<16, double, int, int, double*>(int, double*, long, int, long, int*, int, int)",23437,6448491112786085,6448491112793497,0,136,32,1,1,32,1,1
"KERNEL_DISPATCH",1,1,234879,94,185,"void rocsolver::v32802::unit_forward_substitution_kernel<double, int, double*>(int, int, double*, int, int, long, long, double*, int, int, long, long)",23442,6448491112800828,6448491112808039,0,512,16,64,1,16,64,1
"KERNEL_DISPATCH",1,1,234879,95,754,"Cijk_Ailk_Bljk_DB_MT32x64x32_MI16x16x4x1_SN_1LDSB1_APM1_ABV0_ACED0_AF0EM2_AF1EM2_AMAS3_ASE_ASGT_ASLT_ASM_ASAE01_ASCE01_ASEM2_AAC0_BL1_BS1_CLR0_DTLA0_DTLB0_DTVA0_DTVB0_DVO0_ETSP_EPS1_ELFLR0_EMLL0_FSSC10_FL0_GLVWA2_GLVWB2_GRCGA1_GRCGB1_GRPM1_GRVW2_GSU1_GSUASB_GLS0_ISA942_IU1_K1_KLA_LBSPPA0_LBSPPB256_LPA0_LPB4_LDL1_LRVW2_LWPMn1_LDW0_FMA_MIAV1_MDA2_MO40_MMFSC_MKFGSU256_NTA0_NTB0_NTC3_NTD3_NEPBS0_NLCA1_NLCB1_ONLL1_OPLV0_PK0_PAP0_PGR2_PLR9_PKA0_SIA3_SLW1_SS1_SU0_SUM0_SUS0_SCIUI1_SPO1_SRVW0_SSO6_SVW2_SNLL0_TSGRA0_TSGRB0_TT2_16_TLDS1_UMLDSA0_UMLDSB1_U64SL1_USFGROn1_VAW1_VSn1_VW2_VWB1_VFLRP0_WSGRA0_WSGRB0_WS64_WG16_16_1_WGM6",23445,6448491112816572,6448491112820218,0,26624,256,1,1,256,1,1
"KERNEL_DISPATCH",1,1,234879,96,68,"void rocsolver::v32802::getf2_npvt_small_kernel<16, double, int, int, double*>(int, double*, long, int, long, int*, int, int)",23448,6448491112833398,6448491112841009,0,136,16,1,1,16,1,1
"KERNEL_DISPATCH",1,1,234879,97,1399,"void rocblas_trtri_trsm_kernel<128, 16, 8, double, double const*, double*>(rocblas_fill_, rocblas_diagonal_, double const*, long, int, long, double*, long, long, int)",23452,6448491112846378,6448491112875743,0,8192,256,1,1,4096,1,1
"KERNEL_DISPATCH",1,1,234879,98,1443,"void rocblas_trtri_fill<128, double, double*>(_rocblas_handle*, rocblas_fill_, int, long, int, long, double*, long, long, int, int)",23457,6448491112875743,6448491112878547,0,0,128,1,1,32512,1,1
"KERNEL_DISPATCH",1,1,234879,99,997,"Cijk_Ailk_Bljk_DB_MT64x32x16_MI16x16x4x1_SN_1LDSB1_APM1_ABV0_ACED0_AF0EM2_AF1EM2_AMAS0_ASE_ASGT_ASLT_ASM_ASAE01_ASCE01_ASEM2_AAC0_BL1_BS1_CLR0_DTLA0_DTLB0_DTVA1_DTVB0_DVO0_ETSP_EPS1_ELFLR0_EMLL0_FSSC10_FL0_GLVWA1_GLVWB1_GRCGA1_GRCGB1_GRPM1_GRVW1_GSU1_GSUASB_GLS0_ISA942_IU1_K1_KLA_LBSPPA0_LBSPPB128_LPA0_LPB4_LDL1_LRVW2_LWPMn1_LDW0_FMA_MIAV1_MDA2_MO40_MMFSC_MKFGSU256_NTA0_NTB0_NTC3_NTD3_NEPBS0_NLCA1_NLCB1_ONLL1_OPLV0_PK0_PAP0_PGR2_PLR5_PKA0_SIA3_SLW1_SS1_SU0_SUM0_SUS0_SCIUI1_SPO1_SRVW0_SSO6_SVW1_SNLL0_TSGRA0_TSGRB0_TT1_32_TLDS1_UMLDSA0_UMLDSB1_U64SL1_USFGROn1_VAW1_VSn1_VW1_VWB1_VFLRP0_WSGRA0_WSGRB0_WS64_WG64_4_1_WGM12",23461,6448491112878547,6448491112884556,0,5120,256,1,1,256,1,4
"KERNEL_DISPATCH",1,1,234879,100,997,"Cijk_Ailk_Bljk_DB_MT64x32x16_MI16x16x4x1_SN_1LDSB1_APM1_ABV0_ACED0_AF0EM2_AF1EM2_AMAS0_ASE_ASGT_ASLT_ASM_ASAE01_ASCE01_ASEM2_AAC0_BL1_BS1_CLR0_DTLA0_DTLB0_DTVA1_DTVB0_DVO0_ETSP_EPS1_ELFLR0_EMLL0_FSSC10_FL0_GLVWA1_GLVWB1_GRCGA1_GRCGB1_GRPM1_GRVW1_GSU1_GSUASB_GLS0_ISA942_IU1_K1_KLA_LBSPPA0_LBSPPB128_LPA0_LPB4_LDL1_LRVW2_LWPMn1_LDW0_FMA_MIAV1_MDA2_MO40_MMFSC_MKFGSU256_NTA0_NTB0_NTC3_NTD3_NEPBS0_NLCA1_NLCB1_ONLL1_OPLV0_PK0_PAP0_PGR2_PLR5_PKA0_SIA3_SLW1_SS1_SU0_SUM0_SUS0_SCIUI1_SPO1_SRVW0_SSO6_SVW1_SNLL0_TSGRA0_TSGRB0_TT1_32_TLDS1_UMLDSA0_UMLDSB1_U64SL1_USFGROn1_VAW1_VSn1_VW1_VWB1_VFLRP0_WSGRA0_WSGRB0_WS64_WG64_4_1_WGM12",23464,6448491112887360,6448491112895894,0,5120,256,1,1,256,1,4
"KERNEL_DISPATCH",1,1,234879,101,997,"Cijk_Ailk_Bljk_DB_MT64x32x16_MI16x16x4x1_SN_1LDSB1_APM1_ABV0_ACED0_AF0EM2_AF1EM2_AMAS0_ASE_ASGT_ASLT_ASM_ASAE01_ASCE01_ASEM2_AAC0_BL1_BS1_CLR0_DTLA0_DTLB0_DTVA1_DTVB0_DVO0_ETSP_EPS1_ELFLR0_EMLL0_FSSC10_FL0_GLVWA1_GLVWB1_GRCGA1_GRCGB1_GRPM1_GRVW1_GSU1_GSUASB_GLS0_ISA942_IU1_K1_KLA_LBSPPA0_LBSPPB128_LPA0_LPB4_LDL1_LRVW2_LWPMn1_LDW0_FMA_MIAV1_MDA2_MO40_MMFSC_MKFGSU256_NTA0_NTB0_NTC3_NTD3_NEPBS0_NLCA1_NLCB1_ONLL1_OPLV0_PK0_PAP0_PGR2_PLR5_PKA0_SIA3_SLW1_SS1_SU0_SUM0_SUS0_SCIUI1_SPO1_SRVW0_SSO6_SVW1_SNLL0_TSGRA0_TSGRB0_TT1_32_TLDS1_UMLDSA0_UMLDSB1_U64SL1_USFGROn1_VAW1_VSn1_VW1_VWB1_VFLRP0_WSGRA0_WSGRB0_WS64_WG64_4_1_WGM12",23467,6448491112911678,6448491112916766,0,5120,256,1,1,256,1,4
"KERNEL_DISPATCH",1,1,234879,102,997,"Cijk_Ailk_Bljk_DB_MT64x32x16_MI16x16x4x1_SN_1LDSB1_APM1_ABV0_ACED0_AF0EM2_AF1EM2_AMAS0_ASE_ASGT_ASLT_ASM_ASAE01_ASCE01_ASEM2_AAC0_BL1_BS1_CLR0_DTLA0_DTLB0_DTVA1_DTVB0_DVO0_ETSP_EPS1_ELFLR0_EMLL0_FSSC10_FL0_GLVWA1_GLVWB1_GRCGA1_GRCGB1_GRPM1_GRVW1_GSU1_GSUASB_GLS0_ISA942_IU1_K1_KLA_LBSPPA0_LBSPPB128_LPA0_LPB4_LDL1_LRVW2_LWPMn1_LDW0_FMA_MIAV1_MDA2_MO40_MMFSC_MKFGSU256_NTA0_NTB0_NTC3_NTD3_NEPBS0_NLCA1_NLCB1_ONLL1_OPLV0_PK0_PAP0_PGR2_PLR5_PKA0_SIA3_SLW1_SS1_SU0_SUM0_SUS0_SCIUI1_SPO1_SRVW0_SSO6_SVW1_SNLL0_TSGRA0_TSGRB0_TT1_32_TLDS1_UMLDSA0_UMLDSB1_U64SL1_USFGROn1_VAW1_VSn1_VW1_VWB1_VFLRP0_WSGRA0_WSGRB0_WS64_WG64_4_1_WGM12",23470,6448491112929986,6448491112936836,0,5120,256,1,1,256,1,4
"KERNEL_DISPATCH",1,1,234879,103,970,"Cijk_Ailk_Bljk_DB_MT64x64x32_MI16x16x4x1_SN_1LDSB1_APM1_ABV0_ACED0_AF0EM2_AF1EM2_AMAS0_ASE_ASGT_ASLT_ASM_ASAE01_ASCE01_ASEM2_AAC0_BL1_BS1_CLR0_DTLA0_DTLB0_DTVA0_DTVB0_DVO0_ETSP_EPS1_ELFLR0_EMLL0_FSSC10_FL0_GLVWA1_GLVWB1_GRCGA1_GRCGB1_GRPM1_GRVW1_GSU1_GSUASB_GLS0_ISA942_IU1_K1_KLA_LBSPPA0_LBSPPB0_LPA0_LPB1_LDL1_LRVW1_LWPMn1_LDW0_FMA_MIAV1_MDA2_MO40_MMFSC_MKFGSU256_NTA0_NTB0_NTC3_NTD3_NEPBS0_NLCA1_NLCB1_ONLL1_OPLV0_PK0_PAP0_PGR2_PLR9_PKA0_SIA3_SLW1_SS1_SU0_SUM0_SUS0_SCIUI1_SPO1_SRVW0_SSO6_SVW1_SNLL0_TSGRA0_TSGRB0_TT2_32_TLDS0_UMLDSA0_UMLDSB0_U64SL1_USFGROn1_VAW1_VSn1_VW1_VWB1_VFLRP0_WSGRA0_WSGRB0_WS64_WG32_8_1_WGM6",23473,6448491112946942,6448491112956156,0,33024,256,1,1,256,1,4
"KERNEL_DISPATCH",1,1,234879,104,970,"Cijk_Ailk_Bljk_DB_MT64x64x32_MI16x16x4x1_SN_1LDSB1_APM1_ABV0_ACED0_AF0EM2_AF1EM2_AMAS0_ASE_ASGT_ASLT_ASM_ASAE01_ASCE01_ASEM2_AAC0_BL1_BS1_CLR0_DTLA0_DTLB0_DTVA0_DTVB0_DVO0_ETSP_EPS1_ELFLR0_EMLL0_FSSC10_FL0_GLVWA1_GLVWB1_GRCGA1_GRCGB1_GRPM1_GRVW1_GSU1_GSUASB_GLS0_ISA942_IU1_K1_KLA_LBSPPA0_LBSPPB0_LPA0_LPB1_LDL1_LRVW1_LWPMn1_LDW0_FMA_MIAV1_MDA2_MO40_MMFSC_MKFGSU256_NTA0_NTB0_NTC3_NTD3_NEPBS0_NLCA1_NLCB1_ONLL1_OPLV0_PK0_PAP0_PGR2_PLR9_PKA0_SIA3_SLW1_SS1_SU0_SUM0_SUS0_SCIUI1_SPO1_SRVW0_SSO6_SVW1_SNLL0_TSGRA0_TSGRB0_TT2_32_TLDS0_UMLDSA0_UMLDSB0_U64SL1_USFGROn1_VAW1_VSn1_VW1_VWB1_VFLRP0_WSGRA0_WSGRB0_WS64_WG32_8_1_WGM6",23476,6448491112973252,6448491112981505,0,33024,256,1,1,256,1,4
"KERNEL_DISPATCH",1,1,234879,105,1471,"void rocblas_copy_matrix_trsm<128, 8, double, double*, double*>(int, int, int, double*, int, long, double*, int, long, long, long, int)",23480,6448491112983628,6448491112991480,0,0,128,8,1,7680,128,1
"KERNEL_DISPATCH",1,1,234879,106,655,"Cijk_Ailk_Bljk_DB_MT80x64x32_MI16x16x4x1_SN_1LDSB1_APM1_ABV0_ACED0_AF0EM1_AF1EM1_AMAS0_ASE_ASGT_ASLT1129_ASM_ASAE01_ASCE01_ASEM1_AAC0_BL1_BS1_CLR0_DTLA0_DTLB0_DTVA0_DTVB0_DVO0_ETB_EPS1_ELFLR0_EMLL0_FSSC10_FL0_GLVWA2_GLVWB2_GRCGA1_GRCGB1_GRPM1_GRVWn1_GSU1_GSUASB_GLS0_ISA942_IU1_K1_KLA_LBSPPA0_LBSPPB256_LPA0_LPB4_LDL1_LRVW2_LWPMn1_LDW0_FMA_MIAV1_MDA2_MO40_MMFSC_MKFGSU256_NTA0_NTB0_NTC0_NTD0_NEPBS4_NLCA5_NLCB1_ONLL1_OPLV0_PK0_PAP0_PGR2_PLR9_PKA0_SIA3_SLW1_SS1_SU0_SUM0_SUS0_SCIUI1_SPO0_SRVW0_SSO0_SVW1_SNLL0_TSGRA0_TSGRB0_TT5_16_TLDS1_UMLDSA0_UMLDSB1_U64SL1_USFGROn1_VAW1_VSn1_VW1_VWB1_VFLRP0_WSGRA0_WSGRB0_WS64_WG16_16_1_WGM1",23484,6448491113000414,6448491113019844,0,38912,256,1,1,24576,2,1
"KERNEL_DISPATCH",1,1,234879,107,655,"Cijk_Ailk_Bljk_DB_MT80x64x32_MI16x16x4x1_SN_1LDSB1_APM1_ABV0_ACED0_AF0EM1_AF1EM1_AMAS0_ASE_ASGT_ASLT1129_ASM_ASAE01_ASCE01_ASEM1_AAC0_BL1_BS1_CLR0_DTLA0_DTLB0_DTVA0_DTVB0_DVO0_ETB_EPS1_ELFLR0_EMLL0_FSSC10_FL0_GLVWA2_GLVWB2_GRCGA1_GRCGB1_GRPM1_GRVWn1_GSU1_GSUASB_GLS0_ISA942_IU1_K1_KLA_LBSPPA0_LBSPPB256_LPA0_LPB4_LDL1_LRVW2_LWPMn1_LDW0_FMA_MIAV1_MDA2_MO40_MMFSC_MKFGSU256_NTA0_NTB0_NTC0_NTD0_NEPBS4_NLCA5_NLCB1_ONLL1_OPLV0_PK0_PAP0_PGR2_PLR9_PKA0_SIA3_SLW1_SS1_SU0_SUM0_SUS0_SCIUI1_SPO0_SRVW0_SSO0_SVW1_SNLL0_TSGRA0_TSGRB0_TT5_16_TLDS1_UMLDSA0_UMLDSB1_U64SL1_USFGROn1_VAW1_VSn1_VW1_VWB1_VFLRP0_WSGRA0_WSGRB0_WS64_WG16_16_1_WGM1",23487,6448491113026414,6448491113041877,0,38912,256,1,1,24576,2,1
"KERNEL_DISPATCH",1,1,234879,108,655,"Cijk_Ailk_Bljk_DB_MT80x64x32_MI16x16x4x1_SN_1LDSB1_APM1_ABV0_ACED0_AF0EM1_AF1EM1_AMAS0_ASE_ASGT_ASLT1129_ASM_ASAE01_ASCE01_ASEM1_AAC0_BL1_BS1_CLR0_DTLA0_DTLB0_DTVA0_DTVB0_DVO0_ETB_EPS1_ELFLR0_EMLL0_FSSC10_FL0_GLVWA2_GLVWB2_GRCGA1_GRCGB1_GRPM1_GRVWn1_GSU1_GSUASB_GLS0_ISA942_IU1_K1_KLA_LBSPPA0_LBSPPB256_LPA0_LPB4_LDL1_LRVW2_LWPMn1_LDW0_FMA_MIAV1_MDA2_MO40_MMFSC_MKFGSU256_NTA0_NTB0_NTC0_NTD0_NEPBS4_NLCA5_NLCB1_ONLL1_OPLV0_PK0_PAP0_PGR2_PLR9_PKA0_SIA3_SLW1_SS1_SU0_SUM0_SUS0_SCIUI1_SPO0_SRVW0_SSO0_SVW1_SNLL0_TSGRA0_TSGRB0_TT5_16_TLDS1_UMLDSA0_UMLDSB1_U64SL1_USFGROn1_VAW1_VSn1_VW1_VWB1_VFLRP0_WSGRA0_WSGRB0_WS64_WG16_16_1_WGM1",23490,6448491113046164,6448491113058703,0,38912,256,1,1,24576,2,1
"KERNEL_DISPATCH",1,1,234879,109,655,"Cijk_Ailk_Bljk_DB_MT80x64x32_MI16x16x4x1_SN_1LDSB1_APM1_ABV0_ACED0_AF0EM1_AF1EM1_AMAS0_ASE_ASGT_ASLT1129_ASM_ASAE01_ASCE01_ASEM1_AAC0_BL1_BS1_CLR0_DTLA0_DTLB0_DTVA0_DTVB0_DVO0_ETB_EPS1_ELFLR0_EMLL0_FSSC10_FL0_GLVWA2_GLVWB2_GRCGA1_GRCGB1_GRPM1_GRVWn1_GSU1_GSUASB_GLS0_ISA942_IU1_K1_KLA_LBSPPA0_LBSPPB256_LPA0_LPB4_LDL1_LRVW2_LWPMn1_LDW0_FMA_MIAV1_MDA2_MO40_MMFSC_MKFGSU256_NTA0_NTB0_NTC0_NTD0_NEPBS4_NLCA5_NLCB1_ONLL1_OPLV0_PK0_PAP0_PGR2_PLR9_PKA0_SIA3_SLW1_SS1_SU0_SUM0_SUS0_SCIUI1_SPO0_SRVW0_SSO0_SVW1_SNLL0_TSGRA0_TSGRB0_TT5_16_TLDS1_UMLDSA0_UMLDSB1_U64SL1_USFGROn1_VAW1_VSn1_VW1_VWB1_VFLRP0_WSGRA0_WSGRB0_WS64_WG16_16_1_WGM1",23493,6448491113062509,6448491113078053,0,38912,256,1,1,24576,2,1
"KERNEL_DISPATCH",1,1,234879,110,655,"Cijk_Ailk_Bljk_DB_MT80x64x32_MI16x16x4x1_SN_1LDSB1_APM1_ABV0_ACED0_AF0EM1_AF1EM1_AMAS0_ASE_ASGT_ASLT1129_ASM_ASAE01_ASCE01_ASEM1_AAC0_BL1_BS1_CLR0_DTLA0_DTLB0_DTVA0_DTVB0_DVO0_ETB_EPS1_ELFLR0_EMLL0_FSSC10_FL0_GLVWA2_GLVWB2_GRCGA1_GRCGB1_GRPM1_GRVWn1_GSU1_GSUASB_GLS0_ISA942_IU1_K1_KLA_LBSPPA0_LBSPPB256_LPA0_LPB4_LDL1_LRVW2_LWPMn1_LDW0_FMA_MIAV1_MDA2_MO40_MMFSC_MKFGSU256_NTA0_NTB0_NTC0_NTD0_NEPBS4_NLCA5_NLCB1_ONLL1_OPLV0_PK0_PAP0_PGR2_PLR9_PKA0_SIA3_SLW1_SS1_SU0_SUM0_SUS0_SCIUI1_SPO0_SRVW0_SSO0_SVW1_SNLL0_TSGRA0_TSGRB0_TT5_16_TLDS1_UMLDSA0_UMLDSB1_U64SL1_USFGROn1_VAW1_VSn1_VW1_VWB1_VFLRP0_WSGRA0_WSGRB0_WS64_WG16_16_1_WGM1",23496,6448491113080426,6448491113092645,0,38912,256,1,1,24576,2,1
"KERNEL_DISPATCH",1,1,234879,111,655,"Cijk_Ailk_Bljk_DB_MT80x64x32_MI16x16x4x1_SN_1LDSB1_APM1_ABV0_ACED0_AF0EM1_AF1EM1_AMAS0_ASE_ASGT_ASLT1129_ASM_ASAE01_ASCE01_ASEM1_AAC0_BL1_BS1_CLR0_DTLA0_DTLB0_DTVA0_DTVB0_DVO0_ETB_EPS1_ELFLR0_EMLL0_FSSC10_FL0_GLVWA2_GLVWB2_GRCGA1_GRCGB1_GRPM1_GRVWn1_GSU1_GSUASB_GLS0_ISA942_IU1_K1_KLA_LBSPPA0_LBSPPB256_LPA0_LPB4_LDL1_LRVW2_LWPMn1_LDW0_FMA_MIAV1_MDA2_MO40_MMFSC_MKFGSU256_NTA0_NTB0_NTC0_NTD0_NEPBS4_NLCA5_NLCB1_ONLL1_OPLV0_PK0_PAP0_PGR2_PLR9_PKA0_SIA3_SLW1_SS1_SU0_SUM0_SUS0_SCIUI1_SPO0_SRVW0_SSO0_SVW1_SNLL0_TSGRA0_TSGRB0_TT5_16_TLDS1_UMLDSA0_UMLDSB1_U64SL1_USFGROn1_VAW1_VSn1_VW1_VWB1_VFLRP0_WSGRA0_WSGRB0_WS64_WG16_16_1_WGM1",23499,6448491113098284,6448491113117674,0,38912,256,1,1,24576,2,1
"KERNEL_DISPATCH",1,1,234879,112,655,"Cijk_Ailk_Bljk_DB_MT80x64x32_MI16x16x4x1_SN_1LDSB1_APM1_ABV0_ACED0_AF0EM1_AF1EM1_AMAS0_ASE_ASGT_ASLT1129_ASM_ASAE01_ASCE01_ASEM1_AAC0_BL1_BS1_CLR0_DTLA0_DTLB0_DTVA0_DTVB0_DVO0_ETB_EPS1_ELFLR0_EMLL0_FSSC10_FL0_GLVWA2_GLVWB2_GRCGA1_GRCGB1_GRPM1_GRVWn1_GSU1_GSUASB_GLS0_ISA942_IU1_K1_KLA_LBSPPA0_LBSPPB256_LPA0_LPB4_LDL1_LRVW2_LWPMn1_LDW0_FMA_MIAV1_MDA2_MO40_MMFSC_MKFGSU256_NTA0_NTB0_NTC0_NTD0_NEPBS4_NLCA5_NLCB1_ONLL1_OPLV0_PK0_PAP0_PGR2_PLR9_PKA0_SIA3_SLW1_SS1_SU0_SUM0_SUS0_SCIUI1_SPO0_SRVW0_SSO0_SVW1_SNLL0_TSGRA0_TSGRB0_TT5_16_TLDS1_UMLDSA0_UMLDSB1_U64SL1_USFGROn1_VAW1_VSn1_VW1_VWB1_VFLRP0_WSGRA0_WSGRB0_WS64_WG16_16_1_WGM1",23502,6448491113117674,6448491113130854,0,38912,256,1,1,24576,2,1
"KERNEL_DISPATCH",1,1,234879,113,1399,"void rocblas_trtri_trsm_kernel<128, 16, 8, double, double const*, double*>(rocblas_fill_, rocblas_diagonal_, double const*, long, int, long, double*, long, long, int)",23506,6448491113130854,6448491113160259,0,8192,256,1,1,4096,1,1
"KERNEL_DISPATCH",1,1,234879,115,997,"Cijk_Ailk_Bljk_DB_MT64x32x16_MI16x16x4x1_SN_1LDSB1_APM1_ABV0_ACED0_AF0EM2_AF1EM2_AMAS0_ASE_ASGT_ASLT_ASM_ASAE01_ASCE01_ASEM2_AAC0_BL1_BS1_CLR0_DTLA0_DTLB0_DTVA1_DTVB0_DVO0_ETSP_EPS1_ELFLR0_EMLL0_FSSC10_FL0_GLVWA1_GLVWB1_GRCGA1_GRCGB1_GRPM1_GRVW1_GSU1_GSUASB_GLS0_ISA942_IU1_K1_KLA_LBSPPA0_LBSPPB128_LPA0_LPB4_LDL1_LRVW2_LWPMn1_LDW0_FMA_MIAV1_MDA2_MO40_MMFSC_MKFGSU256_NTA0_NTB0_NTC3_NTD3_NEPBS0_NLCA1_NLCB1_ONLL1_OPLV0_PK0_PAP0_PGR2_PLR5_PKA0_SIA3_SLW1_SS1_SU0_SUM0_SUS0_SCIUI1_SPO1_SRVW0_SSO6_SVW1_SNLL0_TSGRA0_TSGRB0_TT1_32_TLDS1_UMLDSA0_UMLDSB1_U64SL1_USFGROn1_VAW1_VSn1_VW1_VWB1_VFLRP0_WSGRA0_WSGRB0_WS64_WG64_4_1_WGM12",23515,6448491113163344,6448491113169193,0,5120,256,1,1,256,1,4
"KERNEL_DISPATCH",1,1,234879,114,1443,"void rocblas_trtri_fill<128, double, double*>(_rocblas_handle*, rocblas_fill_, int, long, int, long, double*, long, long, int, int)",23511,6448491113160259,6448491113163344,0,0,128,1,1,32512,1,1
"KERNEL_DISPATCH",1,1,234879,116,997,"Cijk_Ailk_Bljk_DB_MT64x32x16_MI16x16x4x1_SN_1LDSB1_APM1_ABV0_ACED0_AF0EM2_AF1EM2_AMAS0_ASE_ASGT_ASLT_ASM_ASAE01_ASCE01_ASEM2_AAC0_BL1_BS1_CLR0_DTLA0_DTLB0_DTVA1_DTVB0_DVO0_ETSP_EPS1_ELFLR0_EMLL0_FSSC10_FL0_GLVWA1_GLVWB1_GRCGA1_GRCGB1_GRPM1_GRVW1_GSU1_GSUASB_GLS0_ISA942_IU1_K1_KLA_LBSPPA0_LBSPPB128_LPA0_LPB4_LDL1_LRVW2_LWPMn1_LDW0_FMA_MIAV1_MDA2_MO40_MMFSC_MKFGSU256_NTA0_NTB0_NTC3_NTD3_NEPBS0_NLCA1_NLCB1_ONLL1_OPLV0_PK0_PAP0_PGR2_PLR5_PKA0_SIA3_SLW1_SS1_SU0_SUM0_SUS0_SCIUI1_SPO1_SRVW0_SSO6_SVW1_SNLL0_TSGRA0_TSGRB0_TT1_32_TLDS1_UMLDSA0_UMLDSB1_U64SL1_USFGROn1_VAW1_VSn1_VW1_VWB1_VFLRP0_WSGRA0_WSGRB0_WS64_WG64_4_1_WGM12",23518,6448491113172317,6448491113179128,0,5120,256,1,1,256,1,4
"KERNEL_DISPATCH",1,1,234879,117,997,"Cijk_Ailk_Bljk_DB_MT64x32x16_MI16x16x4x1_SN_1LDSB1_APM1_ABV0_ACED0_AF0EM2_AF1EM2_AMAS0_ASE_ASGT_ASLT_ASM_ASAE01_ASCE01_ASEM2_AAC0_BL1_BS1_CLR0_DTLA0_DTLB0_DTVA1_DTVB0_DVO0_ETSP_EPS1_ELFLR0_EMLL0_FSSC10_FL0_GLVWA1_GLVWB1_GRCGA1_GRCGB1_GRPM1_GRVW1_GSU1_GSUASB_GLS0_ISA942_IU1_K1_KLA_LBSPPA0_LBSPPB128_LPA0_LPB4_LDL1_LRVW2_LWPMn1_LDW0_FMA_MIAV1_MDA2_MO40_MMFSC_MKFGSU256_NTA0_NTB0_NTC3_NTD3_NEPBS0_NLCA1_NLCB1_ONLL1_OPLV0_PK0_PAP0_PGR2_PLR5_PKA0_SIA3_SLW1_SS1_SU0_SUM0_SUS0_SCIUI1_SPO1_SRVW0_SSO6_SVW1_SNLL0_TSGRA0_TSGRB0_TT1_32_TLDS1_UMLDSA0_UMLDSB1_U64SL1_USFGROn1_VAW1_VSn1_VW1_VWB1_VFLRP0_WSGRA0_WSGRB0_WS64_WG64_4_1_WGM12",23521,6448491113191707,6448491113198357,0,5120,256,1,1,256,1,4
"KERNEL_DISPATCH",1,1,234879,118,997,"Cijk_Ailk_Bljk_DB_MT64x32x16_MI16x16x4x1_SN_1LDSB1_APM1_ABV0_ACED0_AF0EM2_AF1EM2_AMAS0_ASE_ASGT_ASLT_ASM_ASAE01_ASCE01_ASEM2_AAC0_BL1_BS1_CLR0_DTLA0_DTLB0_DTVA1_DTVB0_DVO0_ETSP_EPS1_ELFLR0_EMLL0_FSSC10_FL0_GLVWA1_GLVWB1_GRCGA1_GRCGB1_GRPM1_GRVW1_GSU1_GSUASB_GLS0_ISA942_IU1_K1_KLA_LBSPPA0_LBSPPB128_LPA0_LPB4_LDL1_LRVW2_LWPMn1_LDW0_FMA_MIAV1_MDA2_MO40_MMFSC_MKFGSU256_NTA0_NTB0_NTC3_NTD3_NEPBS0_NLCA1_NLCB1_ONLL1_OPLV0_PK0_PAP0_PGR2_PLR5_PKA0_SIA3_SLW1_SS1_SU0_SUM0_SUS0_SCIUI1_SPO1_SRVW0_SSO6_SVW1_SNLL0_TSGRA0_TSGRB0_TT1_32_TLDS1_UMLDSA0_UMLDSB1_U64SL1_USFGROn1_VAW1_VSn1_VW1_VWB1_VFLRP0_WSGRA0_WSGRB0_WS64_WG64_4_1_WGM12",23524,6448491113215384,6448491113220231,0,5120,256,1,1,256,1,4
"KERNEL_DISPATCH",1,1,234879,119,970,"Cijk_Ailk_Bljk_DB_MT64x64x32_MI16x16x4x1_SN_1LDSB1_APM1_ABV0_ACED0_AF0EM2_AF1EM2_AMAS0_ASE_ASGT_ASLT_ASM_ASAE01_ASCE01_ASEM2_AAC0_BL1_BS1_CLR0_DTLA0_DTLB0_DTVA0_DTVB0_DVO0_ETSP_EPS1_ELFLR0_EMLL0_FSSC10_FL0_GLVWA1_GLVWB1_GRCGA1_GRCGB1_GRPM1_GRVW1_GSU1_GSUASB_GLS0_ISA942_IU1_K1_KLA_LBSPPA0_LBSPPB0_LPA0_LPB1_LDL1_LRVW1_LWPMn1_LDW0_FMA_MIAV1_MDA2_MO40_MMFSC_MKFGSU256_NTA0_NTB0_NTC3_NTD3_NEPBS0_NLCA1_NLCB1_ONLL1_OPLV0_PK0_PAP0_PGR2_PLR9_PKA0_SIA3_SLW1_SS1_SU0_SUM0_SUS0_SCIUI1_SPO1_SRVW0_SSO6_SVW1_SNLL0_TSGRA0_TSGRB0_TT2_32_TLDS0_UMLDSA0_UMLDSB0_U64SL1_USFGROn1_VAW1_VSn1_VW1_VWB1_VFLRP0_WSGRA0_WSGRB0_WS64_WG32_8_1_WGM6",23527,6448491113235254,6448491113241463,0,33024,256,1,1,256,1,4
"KERNEL_DISPATCH",1,1,234879,120,970,"Cijk_Ailk_Bljk_DB_MT64x64x32_MI16x16x4x1_SN_1LDSB1_APM1_ABV0_ACED0_AF0EM2_AF1EM2_AMAS0_ASE_ASGT_ASLT_ASM_ASAE01_ASCE01_ASEM2_AAC0_BL1_BS1_CLR0_DTLA0_DTLB0_DTVA0_DTVB0_DVO0_ETSP_EPS1_ELFLR0_EMLL0_FSSC10_FL0_GLVWA1_GLVWB1_GRCGA1_GRCGB1_GRPM1_GRVW1_GSU1_GSUASB_GLS0_ISA942_IU1_K1_KLA_LBSPPA0_LBSPPB0_LPA0_LPB1_LDL1_LRVW1_LWPMn1_LDW0_FMA_MIAV1_MDA2_MO40_MMFSC_MKFGSU256_NTA0_NTB0_NTC3_NTD3_NEPBS0_NLCA1_NLCB1_ONLL1_OPLV0_PK0_PAP0_PGR2_PLR9_PKA0_SIA3_SLW1_SS1_SU0_SUM0_SUS0_SCIUI1_SPO1_SRVW0_SSO6_SVW1_SNLL0_TSGRA0_TSGRB0_TT2_32_TLDS0_UMLDSA0_UMLDSB0_U64SL1_USFGROn1_VAW1_VSn1_VW1_VWB1_VFLRP0_WSGRA0_WSGRB0_WS64_WG32_8_1_WGM6",23530,6448491113249235,6448491113255765,0,33024,256,1,1,256,1,4
"KERNEL_DISPATCH",1,1,234879,121,1471,"void rocblas_copy_matrix_trsm<128, 8, double, double*, double*>(int, int, int, double*, int, long, double*, int, long, long, long, int)",23534,6448491113263017,6448491113275075,0,0,128,8,1,128,7680,1
"KERNEL_DISPATCH",1,1,234879,122,670,"Cijk_Ailk_Bljk_DB_MT128x48x16_MI16x16x4x1_SN_1LDSB1_APM1_ABV0_ACED0_AF0EM1_AF1EM1_AMAS3_ASE_ASGT_ASLT0129_ASM_ASAE01_ASCE01_ASEM1_AAC0_BL1_BS1_CLR0_DTLA0_DTLB0_DTVA1_DTVB0_DVO0_ETB_EPS1_ELFLR0_EMLL0_FSSC10_FL0_GLVWA2_GLVWB1_GRCGA1_GRCGB1_GRPM1_GRVWn1_GSU1_GSUASB_GLS0_ISA942_IU1_K1_KLA_LBSPPA0_LBSPPB128_LPA0_LPB4_LDL1_LRVW2_LWPMn1_LDW0_FMA_MIAV1_MDA2_MO40_MMFSC_MKFGSU256_NTA0_NTB0_NTC0_NTD0_NEPBS4_NLCA1_NLCB1_ONLL1_OPLV0_PK0_PAP0_PGR2_PLR5_PKA0_SIA3_SLW1_SS1_SU0_SUM0_SUS0_SCIUI1_SPO0_SRVW0_SSO0_SVW2_SNLL0_TSGRA0_TSGRB0_TT2_48_TLDS1_UMLDSA0_UMLDSB1_U64SL1_USFGROn1_VAW1_VSn1_VW2_VWB1_VFLRP0_WSGRA0_WSGRB0_WS64_WG64_4_1_WGM1",23538,6448491113286893,6448491113303879,0,7680,256,1,1,256,160,1
"KERNEL_DISPATCH",1,1,234879,123,670,"Cijk_Ailk_Bljk_DB_MT128x48x16_MI16x16x4x1_SN_1LDSB1_APM1_ABV0_ACED0_AF0EM1_AF1EM1_AMAS3_ASE_ASGT_ASLT0129_ASM_ASAE01_ASCE01_ASEM1_AAC0_BL1_BS1_CLR0_DTLA0_DTLB0_DTVA1_DTVB0_DVO0_ETB_EPS1_ELFLR0_EMLL0_FSSC10_FL0_GLVWA2_GLVWB1_GRCGA1_GRCGB1_GRPM1_GRVWn1_GSU1_GSUASB_GLS0_ISA942_IU1_K1_KLA_LBSPPA0_LBSPPB128_LPA0_LPB4_LDL1_LRVW2_LWPMn1_LDW0_FMA_MIAV1_MDA2_MO40_MMFSC_MKFGSU256_NTA0_NTB0_NTC0_NTD0_NEPBS4_NLCA1_NLCB1_ONLL1_OPLV0_PK0_PAP0_PGR2_PLR5_PKA0_SIA3_SLW1_SS1_SU0_SUM0_SUS0_SCIUI1_SPO0_SRVW0_SSO0_SVW2_SNLL0_TSGRA0_TSGRB0_TT2_48_TLDS1_UMLDSA0_UMLDSB1_U64SL1_USFGROn1_VAW1_VSn1_VW2_VWB1_VFLRP0_WSGRA0_WSGRB0_WS64_WG64_4_1_WGM1",23541,6448491113307605,6448491113322588,0,7680,256,1,1,256,160,1
"KERNEL_DISPATCH",1,1,234879,124,670,"Cijk_Ailk_Bljk_DB_MT128x48x16_MI16x16x4x1_SN_1LDSB1_APM1_ABV0_ACED0_AF0EM1_AF1EM1_AMAS3_ASE_ASGT_ASLT0129_ASM_ASAE01_ASCE01_ASEM1_AAC0_BL1_BS1_CLR0_DTLA0_DTLB0_DTVA1_DTVB0_DVO0_ETB_EPS1_ELFLR0_EMLL0_FSSC10_FL0_GLVWA2_GLVWB1_GRCGA1_GRCGB1_GRPM1_GRVWn1_GSU1_GSUASB_GLS0_ISA942_IU1_K1_KLA_LBSPPA0_LBSPPB128_LPA0_LPB4_LDL1_LRVW2_LWPMn1_LDW0_FMA_MIAV1_MDA2_MO40_MMFSC_MKFGSU256_NTA0_NTB0_NTC0_NTD0_NEPBS4_NLCA1_NLCB1_ONLL1_OPLV0_PK0_PAP0_PGR2_PLR5_PKA0_SIA3_SLW1_SS1_SU0_SUM0_SUS0_SCIUI1_SPO0_SRVW0_SSO0_SVW2_SNLL0_TSGRA0_TSGRB0_TT2_48_TLDS1_UMLDSA0_UMLDSB1_U64SL1_USFGROn1_VAW1_VSn1_VW2_VWB1_VFLRP0_WSGRA0_WSGRB0_WS64_WG64_4_1_WGM1",23544,6448491113328918,6448491113341256,0,7680,256,1,1,256,160,1
"KERNEL_DISPATCH",1,1,234879,125,670,"Cijk_Ailk_Bljk_DB_MT128x48x16_MI16x16x4x1_SN_1LDSB1_APM1_ABV0_ACED0_AF0EM1_AF1EM1_AMAS3_ASE_ASGT_ASLT0129_ASM_ASAE01_ASCE01_ASEM1_AAC0_BL1_BS1_CLR0_DTLA0_DTLB0_DTVA1_DTVB0_DVO0_ETB_EPS1_ELFLR0_EMLL0_FSSC10_FL0_GLVWA2_GLVWB1_GRCGA1_GRCGB1_GRPM1_GRVWn1_GSU1_GSUASB_GLS0_ISA942_IU1_K1_KLA_LBSPPA0_LBSPPB128_LPA0_LPB4_LDL1_LRVW2_LWPMn1_LDW0_FMA_MIAV1_MDA2_MO40_MMFSC_MKFGSU256_NTA0_NTB0_NTC0_NTD0_NEPBS4_NLCA1_NLCB1_ONLL1_OPLV0_PK0_PAP0_PGR2_PLR5_PKA0_SIA3_SLW1_SS1_SU0_SUM0_SUS0_SCIUI1_SPO0_SRVW0_SSO0_SVW2_SNLL0_TSGRA0_TSGRB0_TT2_48_TLDS1_UMLDSA0_UMLDSB1_U64SL1_USFGROn1_VAW1_VSn1_VW2_VWB1_VFLRP0_WSGRA0_WSGRB0_WS64_WG64_4_1_WGM1",23547,6448491113349990,6448491113365854,0,7680,256,1,1,256,160,1
"KERNEL_DISPATCH",1,1,234879,126,670,"Cijk_Ailk_Bljk_DB_MT128x48x16_MI16x16x4x1_SN_1LDSB1_APM1_ABV0_ACED0_AF0EM1_AF1EM1_AMAS3_ASE_ASGT_ASLT0129_ASM_ASAE01_ASCE01_ASEM1_AAC0_BL1_BS1_CLR0_DTLA0_DTLB0_DTVA1_DTVB0_DVO0_ETB_EPS1_ELFLR0_EMLL0_FSSC10_FL0_GLVWA2_GLVWB1_GRCGA1_GRCGB1_GRPM1_GRVWn1_GSU1_GSUASB_GLS0_ISA942_IU1_K1_KLA_LBSPPA0_LBSPPB128_LPA0_LPB4_LDL1_LRVW2_LWPMn1_LDW0_FMA_MIAV1_MDA2_MO40_MMFSC_MKFGSU256_NTA0_NTB0_NTC0_NTD0_NEPBS4_NLCA1_NLCB1_ONLL1_OPLV0_PK0_PAP0_PGR2_PLR5_PKA0_SIA3_SLW1_SS1_SU0_SUM0_SUS0_SCIUI1_SPO0_SRVW0_SSO0_SVW2_SNLL0_TSGRA0_TSGRB0_TT2_48_TLDS1_UMLDSA0_UMLDSB1_U64SL1_USFGROn1_VAW1_VSn1_VW2_VWB1_VFLRP0_WSGRA0_WSGRB0_WS64_WG64_4_1_WGM1",23550,6448491113370181,6448491113381678,0,7680,256,1,1,256,160,1
"KERNEL_DISPATCH",1,1,234879,127,670,"Cijk_Ailk_Bljk_DB_MT128x48x16_MI16x16x4x1_SN_1LDSB1_APM1_ABV0_ACED0_AF0EM1_AF1EM1_AMAS3_ASE_ASGT_ASLT0129_ASM_ASAE01_ASCE01_ASEM1_AAC0_BL1_BS1_CLR0_DTLA0_DTLB0_DTVA1_DTVB0_DVO0_ETB_EPS1_ELFLR0_EMLL0_FSSC10_FL0_GLVWA2_GLVWB1_GRCGA1_GRCGB1_GRPM1_GRVWn1_GSU1_GSUASB_GLS0_ISA942_IU1_K1_KLA_LBSPPA0_LBSPPB128_LPA0_LPB4_LDL1_LRVW2_LWPMn1_LDW0_FMA_MIAV1_MDA2_MO40_MMFSC_MKFGSU256_NTA0_NTB0_NTC0_NTD0_NEPBS4_NLCA1_NLCB1_ONLL1_OPLV0_PK0_PAP0_PGR2_PLR5_PKA0_SIA3_SLW1_SS1_SU0_SUM0_SUS0_SCIUI1_SPO0_SRVW0_SSO0_SVW2_SNLL0_TSGRA0_TSGRB0_TT2_48_TLDS1_UMLDSA0_UMLDSB1_U64SL1_USFGROn1_VAW1_VSn1_VW2_VWB1_VFLRP0_WSGRA0_WSGRB0_WS64_WG64_4_1_WGM1",23553,6448491113390092,6448491113408480,0,7680,256,1,1,256,160,1
"KERNEL_DISPATCH",1,1,234879,128,670,"Cijk_Ailk_Bljk_DB_MT128x48x16_MI16x16x4x1_SN_1LDSB1_APM1_ABV0_ACED0_AF0EM1_AF1EM1_AMAS3_ASE_ASGT_ASLT0129_ASM_ASAE01_ASCE01_ASEM1_AAC0_BL1_BS1_CLR0_DTLA0_DTLB0_DTVA1_DTVB0_DVO0_ETB_EPS1_ELFLR0_EMLL0_FSSC10_FL0_GLVWA2_GLVWB1_GRCGA1_GRCGB1_GRPM1_GRVWn1_GSU1_GSUASB_GLS0_ISA942_IU1_K1_KLA_LBSPPA0_LBSPPB128_LPA0_LPB4_LDL1_LRVW2_LWPMn1_LDW0_FMA_MIAV1_MDA2_MO40_MMFSC_MKFGSU256_NTA0_NTB0_NTC0_NTD0_NEPBS4_NLCA1_NLCB1_ONLL1_OPLV0_PK0_PAP0_PGR2_PLR5_PKA0_SIA3_SLW1_SS1_SU0_SUM0_SUS0_SCIUI1_SPO0_SRVW0_SSO0_SVW2_SNLL0_TSGRA0_TSGRB0_TT2_48_TLDS1_UMLDSA0_UMLDSB1_U64SL1_USFGROn1_VAW1_VSn1_VW2_VWB1_VFLRP0_WSGRA0_WSGRB0_WS64_WG64_4_1_WGM1",23556,6448491113407428,6448491113419406,0,7680,256,1,1,256,160,1
"KERNEL_DISPATCH",1,1,234879,129,713,"Cijk_Ailk_Bljk_DB_MT256x128x16_MI16x16x4x1_SN_1LDSB1_APM1_ABV0_ACED0_AF0EM1_AF1EM1_AMAS3_ASE_ASGT_ASLT_ASM_ASAE01_ASCE01_ASEM1_AAC0_BL1_BS1_CLR0_DTLA0_DTLB0_DTVA1_DTVB0_DVO0_ETB_EPS1_ELFLR0_EMLL0_FSSC10_FL0_GLVWA2_GLVWB1_GRCGA1_GRCGB1_GRPM1_GRVWn1_GSU1_GSUASB_GLS0_ISA942_IU1_K1_KLA_LBSPPA0_LBSPPB128_LPA0_LPB4_LDL1_LRVW2_LWPMn1_LDW0_FMA_MIAV0_MDA2_MO40_MMFSC_MKFGSU256_NTA0_NTB0_NTC4_NTD4_NEPBS4_NLCA2_NLCB1_ONLL1_OPLV0_PK0_PAP0_PGR2_PLR5_PKA0_SIA3_SLW1_SS1_SU8_SUM0_SUS256_SCIUI1_SPO1_SRVW0_SSO4_SVW2_SNLL0_TSGRA0_TSGRB0_TT4_128_TLDS1_UMLDSA0_UMLDSB1_U64SL1_USFGROn1_VAW1_VSn1_VW2_VWB1_VFLRP0_WSGRA0_WSGRB0_WS64_WG64_4_1_WGM36",23559,6448491113429712,6448491114911554,0,20480,256,1,1,7680,60,1
"KERNEL_DISPATCH",1,1,234879,130,68,"void rocsolver::v32802::getf2_npvt_small_kernel<16, double, int, int, double*>(int, double*, long, int, long, int*, int, int)",23562,6448491114911554,6448491114928060,0,136,512,1,1,512,1,1
"KERNEL_DISPATCH",1,1,234879,131,185,"void rocsolver::v32802::unit_forward_substitution_kernel<double, int, double*>(int, int, double*, int, int, long, long, double*, int, int, long, long)",23567,6448491114928060,6448491114939918,0,512,16,64,1,16,512,1
"KERNEL_DISPATCH",1,1,234879,132,904,"Cijk_Ailk_Bljk_DB_MT64x32x32_MI16x16x4x1_SN_1LDSB1_APM1_ABV0_ACED0_AF0EM2_AF1EM2_AMAS3_ASE_ASGT_ASLT_ASM_ASAE01_ASCE01_ASEM2_AAC0_BL1_BS1_CLR0_DTLA0_DTLB0_DTVA0_DTVB0_DVO0_ETSP_EPS1_ELFLR0_EMLL0_FSSC10_FL0_GLVWA2_GLVWB2_GRCGA1_GRCGB1_GRPM1_GRVW2_GSU1_GSUASB_GLS0_ISA942_IU1_K1_KLA_LBSPPA0_LBSPPB256_LPA0_LPB4_LDL1_LRVW2_LWPMn1_LDW0_FMA_MIAV1_MDA2_MO40_MMFSC_MKFGSU256_NTA0_NTB0_NTC3_NTD3_NEPBS0_NLCA1_NLCB1_ONLL1_OPLV0_PK0_PAP0_PGR2_PLR9_PKA0_SIA3_SLW1_SS1_SU0_SUM0_SUS0_SCIUI1_SPO1_SRVW0_SSO6_SVW2_SNLL0_TSGRA0_TSGRB0_TT2_16_TLDS1_UMLDSA0_UMLDSB1_U64SL1_USFGROn1_VAW1_VSn1_VW2_VWB1_VFLRP0_WSGRA0_WSGRB0_WS64_WG32_8_1_WGM6",23570,6448491114939918,6448491114946448,0,25600,256,1,1,2048,16,1
"KERNEL_DISPATCH",1,1,234879,133,68,"void rocsolver::v32802::getf2_npvt_small_kernel<16, double, int, int, double*>(int, double*, long, int, long, int*, int, int)",23573,6448491114946107,6448491114957925,0,136,496,1,1,496,1,1
"KERNEL_DISPATCH",1,1,234879,134,185,"void rocsolver::v32802::unit_forward_substitution_kernel<double, int, double*>(int, int, double*, int, int, long, long, double*, int, int, long, long)",23578,6448491114958266,6448491114969283,0,512,16,64,1,16,512,1
"KERNEL_DISPATCH",1,1,234879,135,904,"Cijk_Ailk_Bljk_DB_MT64x32x32_MI16x16x4x1_SN_1LDSB1_APM1_ABV0_ACED0_AF0EM2_AF1EM2_AMAS3_ASE_ASGT_ASLT_ASM_ASAE01_ASCE01_ASEM2_AAC0_BL1_BS1_CLR0_DTLA0_DTLB0_DTVA0_DTVB0_DVO0_ETSP_EPS1_ELFLR0_EMLL0_FSSC10_FL0_GLVWA2_GLVWB2_GRCGA1_GRCGB1_GRPM1_GRVW2_GSU1_GSUASB_GLS0_ISA942_IU1_K1_KLA_LBSPPA0_LBSPPB256_LPA0_LPB4_LDL1_LRVW2_LWPMn1_LDW0_FMA_MIAV1_MDA2_MO40_MMFSC_MKFGSU256_NTA0_NTB0_NTC3_NTD3_NEPBS0_NLCA1_NLCB1_ONLL1_OPLV0_PK0_PAP0_PGR2_PLR9_PKA0_SIA3_SLW1_SS1_SU0_SUM0_SUS0_SCIUI1_SPO1_SRVW0_SSO6_SVW2_SNLL0_TSGRA0_TSGRB0_TT2_16_TLDS1_UMLDSA0_UMLDSB1_U64SL1_USFGROn1_VAW1_VSn1_VW2_VWB1_VFLRP0_WSGRA0_WSGRB0_WS64_WG32_8_1_WGM6",23581,6448491114969283,6448491114974491,0,25600,256,1,1,2048,15,1
"KERNEL_DISPATCH",1,1,234879,136,68,"void rocsolver::v32802::getf2_npvt_small_kernel<16, double, int, int, double*>(int, double*, long, int, long, int*, int, int)",23584,6448491114974491,6448491114986589,0,136,480,1,1,480,1,1
"KERNEL_DISPATCH",1,1,234879,137,185,"void rocsolver::v32802::unit_forward_substitution_kernel<double, int, double*>(int, int, double*, int, int, long, long, double*, int, int, long, long)",23589,6448491114986589,6448491114998448,0,512,16,64,1,16,512,1
"KERNEL_DISPATCH",1,1,234879,138,904,"Cijk_Ailk_Bljk_DB_MT64x32x32_MI16x16x4x1_SN_1LDSB1_APM1_ABV0_ACED0_AF0EM2_AF1EM2_AMAS3_ASE_ASGT_ASLT_ASM_ASAE01_ASCE01_ASEM2_AAC0_BL1_BS1_CLR0_DTLA0_DTLB0_DTVA0_DTVB0_DVO0_ETSP_EPS1_ELFLR0_EMLL0_FSSC10_FL0_GLVWA2_GLVWB2_GRCGA1_GRCGB1_GRPM1_GRVW2_GSU1_GSUASB_GLS0_ISA942_IU1_K1_KLA_LBSPPA0_LBSPPB256_LPA0_LPB4_LDL1_LRVW2_LWPMn1_LDW0_FMA_MIAV1_MDA2_MO40_MMFSC_MKFGSU256_NTA0_NTB0_NTC3_NTD3_NEPBS0_NLCA1_NLCB1_ONLL1_OPLV0_PK0_PAP0_PGR2_PLR9_PKA0_SIA3_SLW1_SS1_SU0_SUM0_SUS0_SCIUI1_SPO1_SRVW0_SSO6_SVW2_SNLL0_TSGRA0_TSGRB0_TT2_16_TLDS1_UMLDSA0_UMLDSB1_U64SL1_USFGROn1_VAW1_VSn1_VW2_VWB1_VFLRP0_WSGRA0_WSGRB0_WS64_WG32_8_1_WGM6",23592,6448491114998448,6448491115003776,0,25600,256,1,1,2048,15,1
"KERNEL_DISPATCH",1,1,234879,139,68,"void rocsolver::v32802::getf2_npvt_small_kernel<16, double, int, int, double*>(int, double*, long, int, long, int*, int, int)",23595,6448491115003776,6448491115019039,0,136,464,1,1,464,1,1
"KERNEL_DISPATCH",1,1,234879,140,185,"void rocsolver::v32802::unit_forward_substitution_kernel<double, int, double*>(int, int, double*, int, int, long, long, double*, int, int, long, long)",23600,6448491115019039,6448491115029976,0,512,16,64,1,16,448,1
"KERNEL_DISPATCH",1,1,234879,141,904,"Cijk_Ailk_Bljk_DB_MT64x32x32_MI16x16x4x1_SN_1LDSB1_APM1_ABV0_ACED0_AF0EM2_AF1EM2_AMAS3_ASE_ASGT_ASLT_ASM_ASAE01_ASCE01_ASEM2_AAC0_BL1_BS1_CLR0_DTLA0_DTLB0_DTVA0_DTVB0_DVO0_ETSP_EPS1_ELFLR0_EMLL0_FSSC10_FL0_GLVWA2_GLVWB2_GRCGA1_GRCGB1_GRPM1_GRVW2_GSU1_GSUASB_GLS0_ISA942_IU1_K1_KLA_LBSPPA0_LBSPPB256_LPA0_LPB4_LDL1_LRVW2_LWPMn1_LDW0_FMA_MIAV1_MDA2_MO40_MMFSC_MKFGSU256_NTA0_NTB0_NTC3_NTD3_NEPBS0_NLCA1_NLCB1_ONLL1_OPLV0_PK0_PAP0_PGR2_PLR9_PKA0_SIA3_SLW1_SS1_SU0_SUM0_SUS0_SCIUI1_SPO1_SRVW0_SSO6_SVW2_SNLL0_TSGRA0_TSGRB0_TT2_16_TLDS1_UMLDSA0_UMLDSB1_U64SL1_USFGROn1_VAW1_VSn1_VW2_VWB1_VFLRP0_WSGRA0_WSGRB0_WS64_WG32_8_1_WGM6",23603,6448491115029976,6448491115034543,0,25600,256,1,1,1792,14,1
"KERNEL_DISPATCH",1,1,234879,142,68,"void rocsolver::v32802::getf2_npvt_small_kernel<16, double, int, int, double*>(int, double*, long, int, long, int*, int, int)",23606,6448491115034543,6448491115045800,0,136,448,1,1,448,1,1
"KERNEL_DISPATCH",1,1,234879,143,185,"void rocsolver::v32802::unit_forward_substitution_kernel<double, int, double*>(int, int, double*, int, int, long, long, double*, int, int, long, long)",23611,6448491115045800,6448491115056617,0,512,16,64,1,16,448,1
"KERNEL_DISPATCH",1,1,234879,144,904,"Cijk_Ailk_Bljk_DB_MT64x32x32_MI16x16x4x1_SN_1LDSB1_APM1_ABV0_ACED0_AF0EM2_AF1EM2_AMAS3_ASE_ASGT_ASLT_ASM_ASAE01_ASCE01_ASEM2_AAC0_BL1_BS1_CLR0_DTLA0_DTLB0_DTVA0_DTVB0_DVO0_ETSP_EPS1_ELFLR0_EMLL0_FSSC10_FL0_GLVWA2_GLVWB2_GRCGA1_GRCGB1_GRPM1_GRVW2_GSU1_GSUASB_GLS0_ISA942_IU1_K1_KLA_LBSPPA0_LBSPPB256_LPA0_LPB4_LDL1_LRVW2_LWPMn1_LDW0_FMA_MIAV1_MDA2_MO40_MMFSC_MKFGSU256_NTA0_NTB0_NTC3_NTD3_NEPBS0_NLCA1_NLCB1_ONLL1_OPLV0_PK0_PAP0_PGR2_PLR9_PKA0_SIA3_SLW1_SS1_SU0_SUM0_SUS0_SCIUI1_SPO1_SRVW0_SSO6_SVW2_SNLL0_TSGRA0_TSGRB0_TT2_16_TLDS1_UMLDSA0_UMLDSB1_U64SL1_USFGROn1_VAW1_VSn1_VW2_VWB1_VFLRP0_WSGRA0_WSGRB0_WS64_WG32_8_1_WGM6",23614,6448491115056617,6448491115063267,0,25600,256,1,1,1792,14,1
"KERNEL_DISPATCH",1,1,234879,145,68,"void rocsolver::v32802::getf2_npvt_small_kernel<16, double, int, int, double*>(int, double*, long, int, long, int*, int, int)",23617,6448491115063267,6448491115074684,0,136,432,1,1,432,1,1
"KERNEL_DISPATCH",1,1,234879,148,68,"void rocsolver::v32802::getf2_npvt_small_kernel<16, double, int, int, double*>(int, double*, long, int, long, int*, int, int)",23628,6448491115090229,6448491115101926,0,136,416,1,1,416,1,1
"KERNEL_DISPATCH",1,1,234879,147,904,"Cijk_Ailk_Bljk_DB_MT64x32x32_MI16x16x4x1_SN_1LDSB1_APM1_ABV0_ACED0_AF0EM2_AF1EM2_AMAS3_ASE_ASGT_ASLT_ASM_ASAE01_ASCE01_ASEM2_AAC0_BL1_BS1_CLR0_DTLA0_DTLB0_DTVA0_DTVB0_DVO0_ETSP_EPS1_ELFLR0_EMLL0_FSSC10_FL0_GLVWA2_GLVWB2_GRCGA1_GRCGB1_GRPM1_GRVW2_GSU1_GSUASB_GLS0_ISA942_IU1_K1_KLA_LBSPPA0_LBSPPB256_LPA0_LPB4_LDL1_LRVW2_LWPMn1_LDW0_FMA_MIAV1_MDA2_MO40_MMFSC_MKFGSU256_NTA0_NTB0_NTC3_NTD3_NEPBS0_NLCA1_NLCB1_ONLL1_OPLV0_PK0_PAP0_PGR2_PLR9_PKA0_SIA3_SLW1_SS1_SU0_SUM0_SUS0_SCIUI1_SPO1_SRVW0_SSO6_SVW2_SNLL0_TSGRA0_TSGRB0_TT2_16_TLDS1_UMLDSA0_UMLDSB1_U64SL1_USFGROn1_VAW1_VSn1_VW2_VWB1_VFLRP0_WSGRA0_WSGRB0_WS64_WG32_8_1_WGM6",23625,6448491115085982,6448491115090429,0,25600,256,1,1,1792,13,1
"KERNEL_DISPATCH",1,1,234879,146,185,"void rocsolver::v32802::unit_forward_substitution_kernel<double, int, double*>(int, int, double*, int, int, long, long, double*, int, int, long, long)",23622,6448491115074684,6448491115085982,0,512,16,64,1,16,448,1
"KERNEL_DISPATCH",1,1,234879,150,904,"Cijk_Ailk_Bljk_DB_MT64x32x32_MI16x16x4x1_SN_1LDSB1_APM1_ABV0_ACED0_AF0EM2_AF1EM2_AMAS3_ASE_ASGT_ASLT_ASM_ASAE01_ASCE01_ASEM2_AAC0_BL1_BS1_CLR0_DTLA0_DTLB0_DTVA0_DTVB0_DVO0_ETSP_EPS1_ELFLR0_EMLL0_FSSC10_FL0_GLVWA2_GLVWB2_GRCGA1_GRCGB1_GRPM1_GRVW2_GSU1_GSUASB_GLS0_ISA942_IU1_K1_KLA_LBSPPA0_LBSPPB256_LPA0_LPB4_LDL1_LRVW2_LWPMn1_LDW0_FMA_MIAV1_MDA2_MO40_MMFSC_MKFGSU256_NTA0_NTB0_NTC3_NTD3_NEPBS0_NLCA1_NLCB1_ONLL1_OPLV0_PK0_PAP0_PGR2_PLR9_PKA0_SIA3_SLW1_SS1_SU0_SUM0_SUS0_SCIUI1_SPO1_SRVW0_SSO6_SVW2_SNLL0_TSGRA0_TSGRB0_TT2_16_TLDS1_UMLDSA0_UMLDSB1_U64SL1_USFGROn1_VAW1_VSn1_VW2_VWB1_VFLRP0_WSGRA0_WSGRB0_WS64_WG32_8_1_WGM6",23636,6448491115113624,6448491115117991,0,25600,256,1,1,1792,13,1
"KERNEL_DISPATCH",1,1,234879,149,185,"void rocsolver::v32802::unit_forward_substitution_kernel<double, int, double*>(int, int, double*, int, int, long, long, double*, int, int, long, long)",23633,6448491115102126,6448491115113624,0,512,16,64,1,16,448,1
"KERNEL_DISPATCH",1,1,234879,152,185,"void rocsolver::v32802::unit_forward_substitution_kernel<double, int, double*>(int, int, double*, int, int, long, long, double*, int, int, long, long)",23644,6448491115130891,6448491115142228,0,512,16,64,1,16,384,1
"KERNEL_DISPATCH",1,1,234879,151,68,"void rocsolver::v32802::getf2_npvt_small_kernel<16, double, int, int, double*>(int, double*, long, int, long, int*, int, int)",23639,6448491115117991,6448491115130891,0,136,400,1,1,400,1,1
"KERNEL_DISPATCH",1,1,234879,153,904,"Cijk_Ailk_Bljk_DB_MT64x32x32_MI16x16x4x1_SN_1LDSB1_APM1_ABV0_ACED0_AF0EM2_AF1EM2_AMAS3_ASE_ASGT_ASLT_ASM_ASAE01_ASCE01_ASEM2_AAC0_BL1_BS1_CLR0_DTLA0_DTLB0_DTVA0_DTVB0_DVO0_ETSP_EPS1_ELFLR0_EMLL0_FSSC10_FL0_GLVWA2_GLVWB2_GRCGA1_GRCGB1_GRPM1_GRVW2_GSU1_GSUASB_GLS0_ISA942_IU1_K1_KLA_LBSPPA0_LBSPPB256_LPA0_LPB4_LDL1_LRVW2_LWPMn1_LDW0_FMA_MIAV1_MDA2_MO40_MMFSC_MKFGSU256_NTA0_NTB0_NTC3_NTD3_NEPBS0_NLCA1_NLCB1_ONLL1_OPLV0_PK0_PAP0_PGR2_PLR9_PKA0_SIA3_SLW1_SS1_SU0_SUM0_SUS0_SCIUI1_SPO1_SRVW0_SSO6_SVW2_SNLL0_TSGRA0_TSGRB0_TT2_16_TLDS1_UMLDSA0_UMLDSB1_U64SL1_USFGROn1_VAW1_VSn1_VW2_VWB1_VFLRP0_WSGRA0_WSGRB0_WS64_WG32_8_1_WGM6",23647,6448491115142228,6448491115146394,0,25600,256,1,1,1536,12,1
"KERNEL_DISPATCH",1,1,234879,154,68,"void rocsolver::v32802::getf2_npvt_small_kernel<16, double, int, int, double*>(int, double*, long, int, long, int*, int, int)",23650,6448491115146394,6448491115157011,0,136,384,1,1,384,1,1
"KERNEL_DISPATCH",1,1,234879,156,820,"Cijk_Ailk_Bljk_DB_MT128x64x16_MI16x16x4x1_SN_1LDSB1_APM1_ABV0_ACED0_AF0EM2_AF1EM2_AMAS3_ASE_ASGT_ASLT_ASM_ASAE01_ASCE01_ASEM2_AAC0_BL1_BS1_CLR0_DTLA0_DTLB0_DTVA1_DTVB0_DVO0_ETSP_EPS1_ELFLR0_EMLL0_FSSC10_FL0_GLVWA2_GLVWB2_GRCGA1_GRCGB1_GRPM1_GRVW2_GSU1_GSUASB_GLS0_ISA942_IU1_K1_KLA_LBSPPA0_LBSPPB0_LPA0_LPB2_LDL1_LRVW1_LWPMn1_LDW0_FMA_MIAV1_MDA2_MO40_MMFSC_MKFGSU256_NTA0_NTB0_NTC3_NTD3_NEPBS4_NLCA1_NLCB1_ONLL1_OPLV0_PK0_PAP0_PGR2_PLR1_PKA0_SIA3_SLW1_SS1_SU0_SUM0_SUS0_SCIUI1_SPO1_SRVW0_SSO6_SVW2_SNLL0_TSGRA0_TSGRB0_TT2_64_TLDS0_UMLDSA0_UMLDSB0_U64SL1_USFGROn1_VAW1_VSn1_VW2_VWB1_VFLRP0_WSGRA0_WSGRB0_WS64_WG64_4_1_WGM12",23658,6448491115168308,6448491115178323,0,8448,256,1,1,768,6,1
"KERNEL_DISPATCH",1,1,234879,155,185,"void rocsolver::v32802::unit_forward_substitution_kernel<double, int, double*>(int, int, double*, int, int, long, long, double*, int, int, long, long)",23655,6448491115157011,6448491115168308,0,512,16,64,1,16,384,1
"KERNEL_DISPATCH",1,1,234879,160,68,"void rocsolver::v32802::getf2_npvt_small_kernel<16, double, int, int, double*>(int, double*, long, int, long, int*, int, int)",23672,6448491115207368,6448491115217864,0,136,352,1,1,352,1,1
"KERNEL_DISPATCH",1,1,234879,159,820,"Cijk_Ailk_Bljk_DB_MT128x64x16_MI16x16x4x1_SN_1LDSB1_APM1_ABV0_ACED0_AF0EM2_AF1EM2_AMAS3_ASE_ASGT_ASLT_ASM_ASAE01_ASCE01_ASEM2_AAC0_BL1_BS1_CLR0_DTLA0_DTLB0_DTVA1_DTVB0_DVO0_ETSP_EPS1_ELFLR0_EMLL0_FSSC10_FL0_GLVWA2_GLVWB2_GRCGA1_GRCGB1_GRPM1_GRVW2_GSU1_GSUASB_GLS0_ISA942_IU1_K1_KLA_LBSPPA0_LBSPPB0_LPA0_LPB2_LDL1_LRVW1_LWPMn1_LDW0_FMA_MIAV1_MDA2_MO40_MMFSC_MKFGSU256_NTA0_NTB0_NTC3_NTD3_NEPBS4_NLCA1_NLCB1_ONLL1_OPLV0_PK0_PAP0_PGR2_PLR1_PKA0_SIA3_SLW1_SS1_SU0_SUM0_SUS0_SCIUI1_SPO1_SRVW0_SSO6_SVW2_SNLL0_TSGRA0_TSGRB0_TT2_64_TLDS0_UMLDSA0_UMLDSB0_U64SL1_USFGROn1_VAW1_VSn1_VW2_VWB1_VFLRP0_WSGRA0_WSGRB0_WS64_WG64_4_1_WGM12",23669,6448491115199476,6448491115207368,0,8448,256,1,1,768,6,1
"KERNEL_DISPATCH",1,1,234879,158,185,"void rocsolver::v32802::unit_forward_substitution_kernel<double, int, double*>(int, int, double*, int, int, long, long, double*, int, int, long, long)",23666,6448491115188739,6448491115199476,0,512,16,64,1,16,384,1
"KERNEL_DISPATCH",1,1,234879,157,68,"void rocsolver::v32802::getf2_npvt_small_kernel<16, double, int, int, double*>(int, double*, long, int, long, int*, int, int)",23661,6448491115178323,6448491115188739,0,136,368,1,1,368,1,1
"KERNEL_DISPATCH",1,1,234879,162,820,"Cijk_Ailk_Bljk_DB_MT128x64x16_MI16x16x4x1_SN_1LDSB1_APM1_ABV0_ACED0_AF0EM2_AF1EM2_AMAS3_ASE_ASGT_ASLT_ASM_ASAE01_ASCE01_ASEM2_AAC0_BL1_BS1_CLR0_DTLA0_DTLB0_DTVA1_DTVB0_DVO0_ETSP_EPS1_ELFLR0_EMLL0_FSSC10_FL0_GLVWA2_GLVWB2_GRCGA1_GRCGB1_GRPM1_GRVW2_GSU1_GSUASB_GLS0_ISA942_IU1_K1_KLA_LBSPPA0_LBSPPB0_LPA0_LPB2_LDL1_LRVW1_LWPMn1_LDW0_FMA_MIAV1_MDA2_MO40_MMFSC_MKFGSU256_NTA0_NTB0_NTC3_NTD3_NEPBS4_NLCA1_NLCB1_ONLL1_OPLV0_PK0_PAP0_PGR2_PLR1_PKA0_SIA3_SLW1_SS1_SU0_SUM0_SUS0_SCIUI1_SPO1_SRVW0_SSO6_SVW2_SNLL0_TSGRA0_TSGRB0_TT2_64_TLDS0_UMLDSA0_UMLDSB0_U64SL1_USFGROn1_VAW1_VSn1_VW2_VWB1_VFLRP0_WSGRA0_WSGRB0_WS64_WG64_4_1_WGM12",23680,6448491115229562,6448491115236773,0,8448,256,1,1,768,6,1
"KERNEL_DISPATCH",1,1,234879,161,185,"void rocsolver::v32802::unit_forward_substitution_kernel<double, int, double*>(int, int, double*, int, int, long, long, double*, int, int, long, long)",23677,6448491115217864,6448491115229562,0,512,16,64,1,16,384,1
"KERNEL_DISPATCH",1,1,234879,163,68,"void rocsolver::v32802::getf2_npvt_small_kernel<16, double, int, int, double*>(int, double*, long, int, long, int*, int, int)",23683,6448491115236773,6448491115248872,0,136,336,1,1,336,1,1
"KERNEL_DISPATCH",1,1,234879,164,185,"void rocsolver::v32802::unit_forward_substitution_kernel<double, int, double*>(int, int, double*, int, int, long, long, double*, int, int, long, long)",23688,6448491115248872,6448491115260289,0,512,16,64,1,16,320,1
"KERNEL_DISPATCH",1,1,234879,166,68,"void rocsolver::v32802::getf2_npvt_small_kernel<16, double, int, int, double*>(int, double*, long, int, long, int*, int, int)",23694,6448491115268170,6448491115278386,0,136,320,1,1,320,1,1
"KERNEL_DISPATCH",1,1,234879,165,820,"Cijk_Ailk_Bljk_DB_MT128x64x16_MI16x16x4x1_SN_1LDSB1_APM1_ABV0_ACED0_AF0EM2_AF1EM2_AMAS3_ASE_ASGT_ASLT_ASM_ASAE01_ASCE01_ASEM2_AAC0_BL1_BS1_CLR0_DTLA0_DTLB0_DTVA1_DTVB0_DVO0_ETSP_EPS1_ELFLR0_EMLL0_FSSC10_FL0_GLVWA2_GLVWB2_GRCGA1_GRCGB1_GRPM1_GRVW2_GSU1_GSUASB_GLS0_ISA942_IU1_K1_KLA_LBSPPA0_LBSPPB0_LPA0_LPB2_LDL1_LRVW1_LWPMn1_LDW0_FMA_MIAV1_MDA2_MO40_MMFSC_MKFGSU256_NTA0_NTB0_NTC3_NTD3_NEPBS4_NLCA1_NLCB1_ONLL1_OPLV0_PK0_PAP0_PGR2_PLR1_PKA0_SIA3_SLW1_SS1_SU0_SUM0_SUS0_SCIUI1_SPO1_SRVW0_SSO6_SVW2_SNLL0_TSGRA0_TSGRB0_TT2_64_TLDS0_UMLDSA0_UMLDSB0_U64SL1_USFGROn1_VAW1_VSn1_VW2_VWB1_VFLRP0_WSGRA0_WSGRB0_WS64_WG64_4_1_WGM12",23691,6448491115260289,6448491115268902,0,8448,256,1,1,768,5,1
"KERNEL_DISPATCH",1,1,234879,168,820,"Cijk_Ailk_Bljk_DB_MT128x64x16_MI16x16x4x1_SN_1LDSB1_APM1_ABV0_ACED0_AF0EM2_AF1EM2_AMAS3_ASE_ASGT_ASLT_ASM_ASAE01_ASCE01_ASEM2_AAC0_BL1_BS1_CLR0_DTLA0_DTLB0_DTVA1_DTVB0_DVO0_ETSP_EPS1_ELFLR0_EMLL0_FSSC10_FL0_GLVWA2_GLVWB2_GRCGA1_GRCGB1_GRPM1_GRVW2_GSU1_GSUASB_GLS0_ISA942_IU1_K1_KLA_LBSPPA0_LBSPPB0_LPA0_LPB2_LDL1_LRVW1_LWPMn1_LDW0_FMA_MIAV1_MDA2_MO40_MMFSC_MKFGSU256_NTA0_NTB0_NTC3_NTD3_NEPBS4_NLCA1_NLCB1_ONLL1_OPLV0_PK0_PAP0_PGR2_PLR1_PKA0_SIA3_SLW1_SS1_SU0_SUM0_SUS0_SCIUI1_SPO1_SRVW0_SSO6_SVW2_SNLL0_TSGRA0_TSGRB0_TT2_64_TLDS0_UMLDSA0_UMLDSB0_U64SL1_USFGROn1_VAW1_VSn1_VW2_VWB1_VFLRP0_WSGRA0_WSGRB0_WS64_WG64_4_1_WGM12",23702,6448491115289664,6448491115297195,0,8448,256,1,1,768,5,1
"KERNEL_DISPATCH",1,1,234879,167,185,"void rocsolver::v32802::unit_forward_substitution_kernel<double, int, double*>(int, int, double*, int, int, long, long, double*, int, int, long, long)",23699,6448491115279118,6448491115290055,0,512,16,64,1,16,320,1
"KERNEL_DISPATCH",1,1,234879,169,68,"void rocsolver::v32802::getf2_npvt_small_kernel<16, double, int, int, double*>(int, double*, long, int, long, int*, int, int)",23705,6448491115297586,6448491115308002,0,136,304,1,1,304,1,1
"KERNEL_DISPATCH",1,1,234879,172,68,"void rocsolver::v32802::getf2_npvt_small_kernel<16, double, int, int, double*>(int, double*, long, int, long, int*, int, int)",23716,6448491115326190,6448491115336927,0,136,288,1,1,288,1,1
"KERNEL_DISPATCH",1,1,234879,170,185,"void rocsolver::v32802::unit_forward_substitution_kernel<double, int, double*>(int, int, double*, int, int, long, long, double*, int, int, long, long)",23710,6448491115308002,6448491115318659,0,512,16,64,1,16,320,1
"KERNEL_DISPATCH",1,1,234879,171,820,"Cijk_Ailk_Bljk_DB_MT128x64x16_MI16x16x4x1_SN_1LDSB1_APM1_ABV0_ACED0_AF0EM2_AF1EM2_AMAS3_ASE_ASGT_ASLT_ASM_ASAE01_ASCE01_ASEM2_AAC0_BL1_BS1_CLR0_DTLA0_DTLB0_DTVA1_DTVB0_DVO0_ETSP_EPS1_ELFLR0_EMLL0_FSSC10_FL0_GLVWA2_GLVWB2_GRCGA1_GRCGB1_GRPM1_GRVW2_GSU1_GSUASB_GLS0_ISA942_IU1_K1_KLA_LBSPPA0_LBSPPB0_LPA0_LPB2_LDL1_LRVW1_LWPMn1_LDW0_FMA_MIAV1_MDA2_MO40_MMFSC_MKFGSU256_NTA0_NTB0_NTC3_NTD3_NEPBS4_NLCA1_NLCB1_ONLL1_OPLV0_PK0_PAP0_PGR2_PLR1_PKA0_SIA3_SLW1_SS1_SU0_SUM0_SUS0_SCIUI1_SPO1_SRVW0_SSO6_SVW2_SNLL0_TSGRA0_TSGRB0_TT2_64_TLDS0_UMLDSA0_UMLDSB0_U64SL1_USFGROn1_VAW1_VSn1_VW2_VWB1_VFLRP0_WSGRA0_WSGRB0_WS64_WG64_4_1_WGM12",23713,6448491115318659,6448491115326190,0,8448,256,1,1,768,5,1
"KERNEL_DISPATCH",1,1,234879,173,185,"void rocsolver::v32802::unit_forward_substitution_kernel<double, int, double*>(int, int, double*, int, int, long, long, double*, int, int, long, long)",23721,6448491115336927,6448491115347863,0,512,16,64,1,16,320,1
"KERNEL_DISPATCH",1,1,234879,174,773,"Cijk_Ailk_Bljk_DB_MT64x64x16_MI16x16x4x1_SN_1LDSB1_APM1_ABV0_ACED0_AF0EM2_AF1EM2_AMAS3_ASE_ASGT_ASLT_ASM_ASAE01_ASCE01_ASEM2_AAC0_BL1_BS1_CLR0_DTLA0_DTLB0_DTVA0_DTVB0_DVO0_ETSP_EPS1_ELFLR0_EMLL0_FSSC10_FL0_GLVWA2_GLVWB2_GRCGA1_GRCGB1_GRPM1_GRVW2_GSU1_GSUASB_GLS0_ISA942_IU1_K1_KLA_LBSPPA0_LBSPPB128_LPA0_LPB2_LDL1_LRVW1_LWPMn1_LDW0_FMA_MIAV1_MDA2_MO40_MMFSC_MKFGSU256_NTA0_NTB0_NTC3_NTD3_NEPBS4_NLCA1_NLCB1_ONLL1_OPLV0_PK0_PAP0_PGR2_PLR5_PKA0_SIA3_SLW1_SS1_SU0_SUM0_SUS0_SCIUI1_SPO1_SRVW0_SSO6_SVW2_SNLL0_TSGRA0_TSGRB0_TT2_32_TLDS1_UMLDSA0_UMLDSB1_U64SL1_USFGROn1_VAW1_VSn1_VW2_VWB1_VFLRP0_WSGRA0_WSGRB0_WS64_WG32_8_1_WGM6",23724,6448491115355715,6448491115362526,0,17408,256,1,1,1280,5,1
"KERNEL_DISPATCH",1,1,234879,175,68,"void rocsolver::v32802::getf2_npvt_small_kernel<16, double, int, int, double*>(int, double*, long, int, long, int*, int, int)",23727,6448491115372301,6448491115382997,0,136,272,1,1,272,1,1
"KERNEL_DISPATCH",1,1,234879,177,773,"Cijk_Ailk_Bljk_DB_MT64x64x16_MI16x16x4x1_SN_1LDSB1_APM1_ABV0_ACED0_AF0EM2_AF1EM2_AMAS3_ASE_ASGT_ASLT_ASM_ASAE01_ASCE01_ASEM2_AAC0_BL1_BS1_CLR0_DTLA0_DTLB0_DTVA0_DTVB0_DVO0_ETSP_EPS1_ELFLR0_EMLL0_FSSC10_FL0_GLVWA2_GLVWB2_GRCGA1_GRCGB1_GRPM1_GRVW2_GSU1_GSUASB_GLS0_ISA942_IU1_K1_KLA_LBSPPA0_LBSPPB128_LPA0_LPB2_LDL1_LRVW1_LWPMn1_LDW0_FMA_MIAV1_MDA2_MO40_MMFSC_MKFGSU256_NTA0_NTB0_NTC3_NTD3_NEPBS4_NLCA1_NLCB1_ONLL1_OPLV0_PK0_PAP0_PGR2_PLR5_PKA0_SIA3_SLW1_SS1_SU0_SUM0_SUS0_SCIUI1_SPO1_SRVW0_SSO6_SVW2_SNLL0_TSGRA0_TSGRB0_TT2_32_TLDS1_UMLDSA0_UMLDSB1_U64SL1_USFGROn1_VAW1_VSn1_VW2_VWB1_VFLRP0_WSGRA0_WSGRB0_WS64_WG32_8_1_WGM6",23735,6448491115407034,6448491115411641,0,17408,256,1,1,1024,4,1
"KERNEL_DISPATCH",1,1,234879,176,185,"void rocsolver::v32802::unit_forward_substitution_kernel<double, int, double*>(int, int, double*, int, int, long, long, double*, int, int, long, long)",23732,6448491115385080,6448491115395897,0,512,16,64,1,16,256,1
"KERNEL_DISPATCH",1,1,234879,178,68,"void rocsolver::v32802::getf2_npvt_small_kernel<16, double, int, int, double*>(int, double*, long, int, long, int*, int, int)",23738,6448491115421256,6448491115431191,0,136,256,1,1,256,1,1
"KERNEL_DISPATCH",1,1,234879,179,185,"void rocsolver::v32802::unit_forward_substitution_kernel<double, int, double*>(int, int, double*, int, int, long, long, double*, int, int, long, long)",23743,6448491115438562,6448491115449459,0,512,16,64,1,16,256,1
"KERNEL_DISPATCH",1,1,234879,180,773,"Cijk_Ailk_Bljk_DB_MT64x64x16_MI16x16x4x1_SN_1LDSB1_APM1_ABV0_ACED0_AF0EM2_AF1EM2_AMAS3_ASE_ASGT_ASLT_ASM_ASAE01_ASCE01_ASEM2_AAC0_BL1_BS1_CLR0_DTLA0_DTLB0_DTVA0_DTVB0_DVO0_ETSP_EPS1_ELFLR0_EMLL0_FSSC10_FL0_GLVWA2_GLVWB2_GRCGA1_GRCGB1_GRPM1_GRVW2_GSU1_GSUASB_GLS0_ISA942_IU1_K1_KLA_LBSPPA0_LBSPPB128_LPA0_LPB2_LDL1_LRVW1_LWPMn1_LDW0_FMA_MIAV1_MDA2_MO40_MMFSC_MKFGSU256_NTA0_NTB0_NTC3_NTD3_NEPBS4_NLCA1_NLCB1_ONLL1_OPLV0_PK0_PAP0_PGR2_PLR5_PKA0_SIA3_SLW1_SS1_SU0_SUM0_SUS0_SCIUI1_SPO1_SRVW0_SSO6_SVW2_SNLL0_TSGRA0_TSGRB0_TT2_32_TLDS1_UMLDSA0_UMLDSB1_U64SL1_USFGROn1_VAW1_VSn1_VW2_VWB1_VFLRP0_WSGRA0_WSGRB0_WS64_WG32_8_1_WGM6",23746,6448491115462439,6448491115467927,0,17408,256,1,1,1024,4,1
"KERNEL_DISPATCH",1,1,234879,181,68,"void rocsolver::v32802::getf2_npvt_small_kernel<16, double, int, int, double*>(int, double*, long, int, long, int*, int, int)",23749,6448491115476060,6448491115485915,0,136,240,1,1,240,1,1
"KERNEL_DISPATCH",1,1,234879,182,185,"void rocsolver::v32802::unit_forward_substitution_kernel<double, int, double*>(int, int, double*, int, int, long, long, double*, int, int, long, long)",23754,6448491115490802,6448491115501138,0,512,16,64,1,16,256,1
"KERNEL_DISPATCH",1,1,234879,183,773,"Cijk_Ailk_Bljk_DB_MT64x64x16_MI16x16x4x1_SN_1LDSB1_APM1_ABV0_ACED0_AF0EM2_AF1EM2_AMAS3_ASE_ASGT_ASLT_ASM_ASAE01_ASCE01_ASEM2_AAC0_BL1_BS1_CLR0_DTLA0_DTLB0_DTVA0_DTVB0_DVO0_ETSP_EPS1_ELFLR0_EMLL0_FSSC10_FL0_GLVWA2_GLVWB2_GRCGA1_GRCGB1_GRPM1_GRVW2_GSU1_GSUASB_GLS0_ISA942_IU1_K1_KLA_LBSPPA0_LBSPPB128_LPA0_LPB2_LDL1_LRVW1_LWPMn1_LDW0_FMA_MIAV1_MDA2_MO40_MMFSC_MKFGSU256_NTA0_NTB0_NTC3_NTD3_NEPBS4_NLCA1_NLCB1_ONLL1_OPLV0_PK0_PAP0_PGR2_PLR5_PKA0_SIA3_SLW1_SS1_SU0_SUM0_SUS0_SCIUI1_SPO1_SRVW0_SSO6_SVW2_SNLL0_TSGRA0_TSGRB0_TT2_32_TLDS1_UMLDSA0_UMLDSB1_U64SL1_USFGROn1_VAW1_VSn1_VW2_VWB1_VFLRP0_WSGRA0_WSGRB0_WS64_WG32_8_1_WGM6",23757,6448491115509832,6448491115515360,0,17408,256,1,1,1024,4,1
"KERNEL_DISPATCH",1,1,234879,184,68,"void rocsolver::v32802::getf2_npvt_small_kernel<16, double, int, int, double*>(int, double*, long, int, long, int*, int, int)",23760,6448491115533588,6448491115543563,0,136,224,1,1,224,1,1
"KERNEL_DISPATCH",1,1,234879,185,185,"void rocsolver::v32802::unit_forward_substitution_kernel<double, int, double*>(int, int, double*, int, int, long, long, double*, int, int, long, long)",23765,6448491115547329,6448491115558747,0,512,16,64,1,16,256,1
"KERNEL_DISPATCH",1,1,234879,186,773,"Cijk_Ailk_Bljk_DB_MT64x64x16_MI16x16x4x1_SN_1LDSB1_APM1_ABV0_ACED0_AF0EM2_AF1EM2_AMAS3_ASE_ASGT_ASLT_ASM_ASAE01_ASCE01_ASEM2_AAC0_BL1_BS1_CLR0_DTLA0_DTLB0_DTVA0_DTVB0_DVO0_ETSP_EPS1_ELFLR0_EMLL0_FSSC10_FL0_GLVWA2_GLVWB2_GRCGA1_GRCGB1_GRPM1_GRVW2_GSU1_GSUASB_GLS0_ISA942_IU1_K1_KLA_LBSPPA0_LBSPPB128_LPA0_LPB2_LDL1_LRVW1_LWPMn1_LDW0_FMA_MIAV1_MDA2_MO40_MMFSC_MKFGSU256_NTA0_NTB0_NTC3_NTD3_NEPBS4_NLCA1_NLCB1_ONLL1_OPLV0_PK0_PAP0_PGR2_PLR5_PKA0_SIA3_SLW1_SS1_SU0_SUM0_SUS0_SCIUI1_SPO1_SRVW0_SSO6_SVW2_SNLL0_TSGRA0_TSGRB0_TT2_32_TLDS1_UMLDSA0_UMLDSB1_U64SL1_USFGROn1_VAW1_VSn1_VW2_VWB1_VFLRP0_WSGRA0_WSGRB0_WS64_WG32_8_1_WGM6",23768,6448491115568081,6448491115573529,0,17408,256,1,1,1024,4,1
"KERNEL_DISPATCH",1,1,234879,187,68,"void rocsolver::v32802::getf2_npvt_small_kernel<16, double, int, int, double*>(int, double*, long, int, long, int*, int, int)",23771,6448491115577926,6448491115588382,0,136,208,1,1,208,1,1
"KERNEL_DISPATCH",1,1,234879,188,185,"void rocsolver::v32802::unit_forward_substitution_kernel<double, int, double*>(int, int, double*, int, int, long, long, double*, int, int, long, long)",23776,6448491115595283,6448491115606900,0,512,16,64,1,16,192,1
"KERNEL_DISPATCH",1,1,234879,189,773,"Cijk_Ailk_Bljk_DB_MT64x64x16_MI16x16x4x1_SN_1LDSB1_APM1_ABV0_ACED0_AF0EM2_AF1EM2_AMAS3_ASE_ASGT_ASLT_ASM_ASAE01_ASCE01_ASEM2_AAC0_BL1_BS1_CLR0_DTLA0_DTLB0_DTVA0_DTVB0_DVO0_ETSP_EPS1_ELFLR0_EMLL0_FSSC10_FL0_GLVWA2_GLVWB2_GRCGA1_GRCGB1_GRPM1_GRVW2_GSU1_GSUASB_GLS0_ISA942_IU1_K1_KLA_LBSPPA0_LBSPPB128_LPA0_LPB2_LDL1_LRVW1_LWPMn1_LDW0_FMA_MIAV1_MDA2_MO40_MMFSC_MKFGSU256_NTA0_NTB0_NTC3_NTD3_NEPBS4_NLCA1_NLCB1_ONLL1_OPLV0_PK0_PAP0_PGR2_PLR5_PKA0_SIA3_SLW1_SS1_SU0_SUM0_SUS0_SCIUI1_SPO1_SRVW0_SSO6_SVW2_SNLL0_TSGRA0_TSGRB0_TT2_32_TLDS1_UMLDSA0_UMLDSB1_U64SL1_USFGROn1_VAW1_VSn1_VW2_VWB1_VFLRP0_WSGRA0_WSGRB0_WS64_WG32_8_1_WGM6",23779,6448491115616675,6448491115621403,0,17408,256,1,1,768,3,1
"KERNEL_DISPATCH",1,1,234879,190,68,"void rocsolver::v32802::getf2_npvt_small_kernel<16, double, int, int, double*>(int, double*, long, int, long, int*, int, int)",23782,6448491115629335,6448491115638589,0,136,192,1,1,192,1,1
"KERNEL_DISPATCH",1,1,234879,191,185,"void rocsolver::v32802::unit_forward_substitution_kernel<double, int, double*>(int, int, double*, int, int, long, long, double*, int, int, long, long)",23787,6448491115644298,6448491115655114,0,512,16,64,1,16,192,1
"KERNEL_DISPATCH",1,1,234879,192,977,"Cijk_Ailk_Bljk_DB_MT128x64x16_MI16x16x4x1_SN_1LDSB1_APM1_ABV0_ACED0_AF0EM2_AF1EM2_AMAS3_ASE_ASGT_ASLT_ASM_ASAE01_ASCE01_ASEM2_AAC0_BL1_BS1_CLR0_DTLA0_DTLB0_DTVA1_DTVB0_DVO0_ETSP_EPS1_ELFLR0_EMLL0_FSSC10_FL0_GLVWA2_GLVWB2_GRCGA1_GRCGB1_GRPM1_GRVW2_GSU1_GSUASB_GLS0_ISA942_IU1_K1_KLA_LBSPPA0_LBSPPB0_LPA0_LPB2_LDL1_LRVW1_LWPMn1_LDW0_FMA_MIAV1_MDA2_MO40_MMFSC_MKFGSU256_NTA0_NTB0_NTC3_NTD3_NEPBS4_NLCA1_NLCB1_ONLL1_OPLV0_PK0_PAP0_PGR2_PLR5_PKA0_SIA3_SLW1_SS1_SU0_SUM0_SUS0_SCIUI1_SPO1_SRVW0_SSO6_SVW2_SNLL0_TSGRA0_TSGRB0_TT2_64_TLDS0_UMLDSA0_UMLDSB0_U64SL1_USFGROn1_VAW1_VSn1_VW2_VWB1_VFLRP0_WSGRA0_WSGRB0_WS64_WG64_4_1_WGM6",23790,6448491115665370,6448491115676347,0,8448,256,1,1,512,3,1
"KERNEL_DISPATCH",1,1,234879,193,68,"void rocsolver::v32802::getf2_npvt_small_kernel<16, double, int, int, double*>(int, double*, long, int, long, int*, int, int)",23793,6448491115679772,6448491115688666,0,136,176,1,1,176,1,1
"KERNEL_DISPATCH",1,1,234879,194,185,"void rocsolver::v32802::unit_forward_substitution_kernel<double, int, double*>(int, int, double*, int, int, long, long, double*, int, int, long, long)",23798,6448491115693794,6448491115704009,0,512,16,64,1,16,192,1
"KERNEL_DISPATCH",1,1,234879,195,977,"Cijk_Ailk_Bljk_DB_MT128x64x16_MI16x16x4x1_SN_1LDSB1_APM1_ABV0_ACED0_AF0EM2_AF1EM2_AMAS3_ASE_ASGT_ASLT_ASM_ASAE01_ASCE01_ASEM2_AAC0_BL1_BS1_CLR0_DTLA0_DTLB0_DTVA1_DTVB0_DVO0_ETSP_EPS1_ELFLR0_EMLL0_FSSC10_FL0_GLVWA2_GLVWB2_GRCGA1_GRCGB1_GRPM1_GRVW2_GSU1_GSUASB_GLS0_ISA942_IU1_K1_KLA_LBSPPA0_LBSPPB0_LPA0_LPB2_LDL1_LRVW1_LWPMn1_LDW0_FMA_MIAV1_MDA2_MO40_MMFSC_MKFGSU256_NTA0_NTB0_NTC3_NTD3_NEPBS4_NLCA1_NLCB1_ONLL1_OPLV0_PK0_PAP0_PGR2_PLR5_PKA0_SIA3_SLW1_SS1_SU0_SUM0_SUS0_SCIUI1_SPO1_SRVW0_SSO6_SVW2_SNLL0_TSGRA0_TSGRB0_TT2_64_TLDS0_UMLDSA0_UMLDSB0_U64SL1_USFGROn1_VAW1_VSn1_VW2_VWB1_VFLRP0_WSGRA0_WSGRB0_WS64_WG64_4_1_WGM6",23801,6448491115710700,6448491115720354,0,8448,256,1,1,512,3,1
"KERNEL_DISPATCH",1,1,234879,196,68,"void rocsolver::v32802::getf2_npvt_small_kernel<16, double, int, int, double*>(int, double*, long, int, long, int*, int, int)",23804,6448491115724160,6448491115733655,0,136,160,1,1,160,1,1
"KERNEL_DISPATCH",1,1,234879,197,185,"void rocsolver::v32802::unit_forward_substitution_kernel<double, int, double*>(int, int, double*, int, int, long, long, double*, int, int, long, long)",23809,6448491115737100,6448491115747917,0,512,16,64,1,16,192,1
"KERNEL_DISPATCH",1,1,234879,198,817,"Cijk_Ailk_Bljk_DB_MT128x64x16_MI16x16x4x1_SN_1LDSB1_APM1_ABV0_ACED0_AF0EM2_AF1EM2_AMAS3_ASE_ASGT_ASLT_ASM_ASAE01_ASCE01_ASEM2_AAC0_BL1_BS1_CLR0_DTLA0_DTLB0_DTVA0_DTVB0_DVO0_ETSP_EPS1_ELFLR0_EMLL0_FSSC10_FL0_GLVWA2_GLVWB2_GRCGA1_GRCGB1_GRPM1_GRVW2_GSU1_GSUASB_GLS0_ISA942_IU1_K1_KLA_LBSPPA0_LBSPPB0_LPA0_LPB2_LDL1_LRVW1_LWPMn1_LDW0_FMA_MIAV1_MDA2_MO40_MMFSC_MKFGSU256_NTA0_NTB0_NTC3_NTD3_NEPBS0_NLCA1_NLCB1_ONLL1_OPLV0_PK0_PAP0_PGR2_PLR5_PKA0_SIA3_SLW1_SS1_SU0_SUM0_SUS0_SCIUI1_SPO1_SRVW0_SSO6_SVW2_SNLL0_TSGRA0_TSGRB0_TT2_64_TLDS0_UMLDSA0_UMLDSB0_U64SL1_USFGROn1_VAW1_VSn1_VW2_VWB1_VFLRP0_WSGRA0_WSGRB0_WS64_WG64_4_1_WGM6",23812,6448491115756209,6448491115766866,0,24832,256,1,1,512,3,1
"KERNEL_DISPATCH",1,1,234879,199,68,"void rocsolver::v32802::getf2_npvt_small_kernel<16, double, int, int, double*>(int, double*, long, int, long, int*, int, int)",23815,6448491115771873,6448491115781648,0,136,144,1,1,144,1,1
"KERNEL_DISPATCH",1,1,234879,200,185,"void rocsolver::v32802::unit_forward_substitution_kernel<double, int, double*>(int, int, double*, int, int, long, long, double*, int, int, long, long)",23820,6448491115784132,6448491115795510,0,512,16,64,1,16,128,1
"KERNEL_DISPATCH",1,1,234879,201,817,"Cijk_Ailk_Bljk_DB_MT128x64x16_MI16x16x4x1_SN_1LDSB1_APM1_ABV0_ACED0_AF0EM2_AF1EM2_AMAS3_ASE_ASGT_ASLT_ASM_ASAE01_ASCE01_ASEM2_AAC0_BL1_BS1_CLR0_DTLA0_DTLB0_DTVA0_DTVB0_DVO0_ETSP_EPS1_ELFLR0_EMLL0_FSSC10_FL0_GLVWA2_GLVWB2_GRCGA1_GRCGB1_GRPM1_GRVW2_GSU1_GSUASB_GLS0_ISA942_IU1_K1_KLA_LBSPPA0_LBSPPB0_LPA0_LPB2_LDL1_LRVW1_LWPMn1_LDW0_FMA_MIAV1_MDA2_MO40_MMFSC_MKFGSU256_NTA0_NTB0_NTC3_NTD3_NEPBS0_NLCA1_NLCB1_ONLL1_OPLV0_PK0_PAP0_PGR2_PLR5_PKA0_SIA3_SLW1_SS1_SU0_SUM0_SUS0_SCIUI1_SPO1_SRVW0_SSO6_SVW2_SNLL0_TSGRA0_TSGRB0_TT2_64_TLDS0_UMLDSA0_UMLDSB0_U64SL1_USFGROn1_VAW1_VSn1_VW2_VWB1_VFLRP0_WSGRA0_WSGRB0_WS64_WG64_4_1_WGM6",23823,6448491115804412,6448491115811023,0,24832,256,1,1,256,2,1
"KERNEL_DISPATCH",1,1,234879,202,68,"void rocsolver::v32802::getf2_npvt_small_kernel<16, double, int, int, double*>(int, double*, long, int, long, int*, int, int)",23826,6448491115823593,6448491115832687,0,136,128,1,1,128,1,1
"KERNEL_DISPATCH",1,1,234879,203,185,"void rocsolver::v32802::unit_forward_substitution_kernel<double, int, double*>(int, int, double*, int, int, long, long, double*, int, int, long, long)",23831,6448491115837815,6448491115848591,0,512,16,64,1,16,128,1
"KERNEL_DISPATCH",1,1,234879,204,1178,"Cijk_Ailk_Bljk_DB_MT128x64x16_MI16x16x4x1_SN_1LDSB1_APM1_ABV0_ACED0_AF0EM2_AF1EM2_AMAS3_ASE_ASGT_ASLT_ASM_ASAE01_ASCE01_ASEM2_AAC0_BL1_BS1_CLR0_DTLA0_DTLB0_DTVA0_DTVB0_DVO0_ETSP_EPS1_ELFLR0_EMLL0_FSSC10_FL0_GLVWA2_GLVWB2_GRCGA1_GRCGB1_GRPM1_GRVW2_GSU1_GSUASB_GLS0_ISA942_IU1_K1_KLA_LBSPPA0_LBSPPB0_LPA0_LPB2_LDL1_LRVW1_LWPMn1_LDW0_FMA_MIAV1_MDA2_MO40_MMFSC_MKFGSU256_NTA0_NTB0_NTC3_NTD3_NEPBS0_NLCA1_NLCB1_ONLL1_OPLV0_PK0_PAP0_PGR2_PLR1_PKA0_SIA3_SLW1_SS1_SU0_SUM0_SUS0_SCIUI1_SPO1_SRVW0_SSO6_SVW2_SNLL0_TSGRA0_TSGRB0_TT2_64_TLDS0_UMLDSA0_UMLDSB0_U64SL1_USFGROn1_VAW1_VSn1_VW2_VWB1_VFLRP0_WSGRA0_WSGRB0_WS64_WG64_4_1_WGM6",23834,6448491115854680,6448491115866739,0,24832,256,1,1,256,2,1
"KERNEL_DISPATCH",1,1,234879,205,68,"void rocsolver::v32802::getf2_npvt_small_kernel<16, double, int, int, double*>(int, double*, long, int, long, int*, int, int)",23837,6448491115872468,6448491115881001,0,136,112,1,1,112,1,1
"KERNEL_DISPATCH",1,1,234879,206,185,"void rocsolver::v32802::unit_forward_substitution_kernel<double, int, double*>(int, int, double*, int, int, long, long, double*, int, int, long, long)",23842,6448491115891096,6448491115902874,0,512,16,64,1,16,128,1
"KERNEL_DISPATCH",1,1,234879,207,999,"Cijk_Ailk_Bljk_DB_MT128x64x16_MI16x16x4x1_SN_1LDSB1_APM1_ABV0_ACED0_AF0EM2_AF1EM2_AMAS3_ASE_ASGT_ASLT_ASM_ASAE01_ASCE01_ASEM2_AAC0_BL1_BS1_CLR0_DTLA0_DTLB0_DTVA1_DTVB0_DVO0_ETSP_EPS1_ELFLR0_EMLL0_FSSC10_FL0_GLVWA2_GLVWB2_GRCGA1_GRCGB1_GRPM1_GRVW2_GSU1_GSUASB_GLS0_ISA942_IU1_K1_KLA_LBSPPA0_LBSPPB0_LPA0_LPB2_LDL1_LRVW1_LWPMn1_LDW0_FMA_MIAV1_MDA2_MO40_MMFSC_MKFGSU256_NTA0_NTB0_NTC3_NTD3_NEPBS0_NLCA1_NLCB1_ONLL1_OPLV0_PK0_PAP0_PGR2_PLR5_PKA0_SIA3_SLW1_SS1_SU0_SUM0_SUS0_SCIUI1_SPO1_SRVW0_SSO6_SVW2_SNLL0_TSGRA0_TSGRB0_TT2_64_TLDS0_UMLDSA0_UMLDSB0_U64SL1_USFGROn1_VAW1_VSn1_VW2_VWB1_VFLRP0_WSGRA0_WSGRB0_WS64_WG64_4_1_WGM12",23845,6448491115909084,6448491115919860,0,8448,256,1,1,256,2,1
"KERNEL_DISPATCH",1,1,234879,208,68,"void rocsolver::v32802::getf2_npvt_small_kernel<16, double, int, int, double*>(int, double*, long, int, long, int*, int, int)",23848,6448491115919860,6448491115929796,0,136,96,1,1,96,1,1
"KERNEL_DISPATCH",1,1,234879,209,185,"void rocsolver::v32802::unit_forward_substitution_kernel<double, int, double*>(int, int, double*, int, int, long, long, double*, int, int, long, long)",23853,6448491115934763,6448491115945620,0,512,16,64,1,16,128,1
"KERNEL_DISPATCH",1,1,234879,210,759,"Cijk_Ailk_Bljk_DB_MT64x64x16_MI16x16x4x1_SN_1LDSB1_APM1_ABV0_ACED0_AF0EM2_AF1EM2_AMAS3_ASE_ASGT_ASLT_ASM_ASAE01_ASCE01_ASEM2_AAC0_BL1_BS1_CLR0_DTLA0_DTLB0_DTVA0_DTVB0_DVO0_ETSP_EPS1_ELFLR0_EMLL0_FSSC10_FL0_GLVWA2_GLVWB2_GRCGA1_GRCGB1_GRPM1_GRVW2_GSU1_GSUASB_GLS0_ISA942_IU1_K1_KLA_LBSPPA0_LBSPPB0_LPA0_LPB2_LDL1_LRVW1_LWPMn1_LDW0_FMA_MIAV1_MDA2_MO40_MMFSC_MKFGSU256_NTA0_NTB0_NTC3_NTD3_NEPBS4_NLCA1_NLCB1_ONLL1_OPLV0_PK0_PAP0_PGR2_PLR5_PKA0_SIA3_SLW1_SS1_SU0_SUM0_SUS0_SCIUI1_SPO1_SRVW0_SSO6_SVW2_SNLL0_TSGRA0_TSGRB0_TT2_32_TLDS0_UMLDSA0_UMLDSB0_U64SL1_USFGROn1_VAW1_VSn1_VW2_VWB1_VFLRP0_WSGRA0_WSGRB0_WS64_WG32_8_1_WGM6",23856,6448491115955355,6448491115963808,0,16640,256,1,1,512,2,1
"KERNEL_DISPATCH",1,1,234879,211,68,"void rocsolver::v32802::getf2_npvt_small_kernel<16, double, int, int, double*>(int, double*, long, int, long, int*, int, int)",23859,6448491115968255,6448491115977068,0,136,80,1,1,80,1,1
"KERNEL_DISPATCH",1,1,234879,212,185,"void rocsolver::v32802::unit_forward_substitution_kernel<double, int, double*>(int, int, double*, int, int, long, long, double*, int, int, long, long)",23864,6448491115981555,6448491115991691,0,512,16,64,1,16,64,1
"KERNEL_DISPATCH",1,1,234879,213,814,"Cijk_Ailk_Bljk_DB_MT64x64x16_MI16x16x4x1_SN_1LDSB1_APM1_ABV0_ACED0_AF0EM2_AF1EM2_AMAS0_ASE_ASGT_ASLT_ASM_ASAE01_ASCE01_ASEM2_AAC0_BL1_BS1_CLR0_DTLA0_DTLB0_DTVA1_DTVB0_DVO0_ETSP_EPS1_ELFLR0_EMLL0_FSSC10_FL0_GLVWA1_GLVWB1_GRCGA1_GRCGB1_GRPM1_GRVW1_GSU1_GSUASB_GLS0_ISA942_IU1_K1_KLA_LBSPPA0_LBSPPB128_LPA0_LPB4_LDL1_LRVW2_LWPMn1_LDW0_FMA_MIAV1_MDA2_MO40_MMFSC_MKFGSU256_NTA0_NTB0_NTC3_NTD3_NEPBS0_NLCA1_NLCB1_ONLL1_OPLV0_PK0_PAP0_PGR2_PLR5_PKA0_SIA3_SLW1_SS1_SU0_SUM0_SUS0_SCIUI1_SPO1_SRVW0_SSO6_SVW1_SNLL0_TSGRA0_TSGRB0_TT1_64_TLDS1_UMLDSA0_UMLDSB1_U64SL1_USFGROn1_VAW1_VSn1_VW1_VWB1_VFLRP0_WSGRA0_WSGRB0_WS64_WG64_4_1_WGM6",23867,6448491116004310,6448491116011561,0,10240,256,1,1,256,1,1
"KERNEL_DISPATCH",1,1,234879,214,68,"void rocsolver::v32802::getf2_npvt_small_kernel<16, double, int, int, double*>(int, double*, long, int, long, int*, int, int)",23870,6448491116024461,6448491116033394,0,136,64,1,1,64,1,1
"KERNEL_DISPATCH",1,1,234879,215,185,"void rocsolver::v32802::unit_forward_substitution_kernel<double, int, double*>(int, int, double*, int, int, long, long, double*, int, int, long, long)",23875,6448491116039754,6448491116049649,0,512,16,64,1,16,64,1
"KERNEL_DISPATCH",1,1,234879,216,744,"Cijk_Ailk_Bljk_DB_MT64x64x16_MI16x16x4x1_SN_1LDSB1_APM1_ABV0_ACED0_AF0EM2_AF1EM2_AMAS3_ASE_ASGT_ASLT_ASM_ASAE01_ASCE01_ASEM2_AAC0_BL1_BS1_CLR0_DTLA0_DTLB0_DTVA0_DTVB0_DVO0_ETSP_EPS1_ELFLR0_EMLL0_FSSC10_FL0_GLVWA2_GLVWB2_GRCGA1_GRCGB1_GRPM1_GRVW2_GSU1_GSUASB_GLS0_ISA942_IU1_K1_KLA_LBSPPA0_LBSPPB128_LPA0_LPB4_LDL1_LRVW2_LWPMn1_LDW0_FMA_MIAV1_MDA2_MO40_MMFSC_MKFGSU256_NTA0_NTB0_NTC3_NTD3_NEPBS0_NLCA1_NLCB1_ONLL1_OPLV0_PK0_PAP0_PGR2_PLR5_PKA0_SIA3_SLW1_SS1_SU0_SUM0_SUS0_SCIUI1_SPO1_SRVW0_SSO6_SVW2_SNLL0_TSGRA0_TSGRB0_TT2_32_TLDS1_UMLDSA0_UMLDSB1_U64SL1_USFGROn1_VAW1_VSn1_VW2_VWB1_VFLRP0_WSGRA0_WSGRB0_WS64_WG32_8_1_WGM6",23878,6448491116064522,6448491116075018,0,18432,256,1,1,256,1,1
"KERNEL_DISPATCH",1,1,234879,217,68,"void rocsolver::v32802::getf2_npvt_small_kernel<16, double, int, int, double*>(int, double*, long, int, long, int*, int, int)",23881,6448491116075018,6448491116084833,0,136,48,1,1,48,1,1
"KERNEL_DISPATCH",1,1,234879,218,185,"void rocsolver::v32802::unit_forward_substitution_kernel<double, int, double*>(int, int, double*, int, int, long, long, double*, int, int, long, long)",23886,6448491116084833,6448491116094288,0,512,16,64,1,16,64,1
"KERNEL_DISPATCH",1,1,234879,219,754,"Cijk_Ailk_Bljk_DB_MT32x64x32_MI16x16x4x1_SN_1LDSB1_APM1_ABV0_ACED0_AF0EM2_AF1EM2_AMAS3_ASE_ASGT_ASLT_ASM_ASAE01_ASCE01_ASEM2_AAC0_BL1_BS1_CLR0_DTLA0_DTLB0_DTVA0_DTVB0_DVO0_ETSP_EPS1_ELFLR0_EMLL0_FSSC10_FL0_GLVWA2_GLVWB2_GRCGA1_GRCGB1_GRPM1_GRVW2_GSU1_GSUASB_GLS0_ISA942_IU1_K1_KLA_LBSPPA0_LBSPPB256_LPA0_LPB4_LDL1_LRVW2_LWPMn1_LDW0_FMA_MIAV1_MDA2_MO40_MMFSC_MKFGSU256_NTA0_NTB0_NTC3_NTD3_NEPBS0_NLCA1_NLCB1_ONLL1_OPLV0_PK0_PAP0_PGR2_PLR9_PKA0_SIA3_SLW1_SS1_SU0_SUM0_SUS0_SCIUI1_SPO1_SRVW0_SSO6_SVW2_SNLL0_TSGRA0_TSGRB0_TT2_16_TLDS1_UMLDSA0_UMLDSB1_U64SL1_USFGROn1_VAW1_VSn1_VW2_VWB1_VFLRP0_WSGRA0_WSGRB0_WS64_WG16_16_1_WGM6",23889,6448491116106306,6448491116115280,0,26624,256,1,1,256,1,1
"KERNEL_DISPATCH",1,1,234879,220,68,"void rocsolver::v32802::getf2_npvt_small_kernel<16, double, int, int, double*>(int, double*, long, int, long, int*, int, int)",23892,6448491116120328,6448491116129261,0,136,32,1,1,32,1,1
"KERNEL_DISPATCH",1,1,234879,221,185,"void rocsolver::v32802::unit_forward_substitution_kernel<double, int, double*>(int, int, double*, int, int, long, long, double*, int, int, long, long)",23897,6448491116131505,6448491116139637,0,512,16,64,1,16,64,1
"KERNEL_DISPATCH",1,1,234879,222,754,"Cijk_Ailk_Bljk_DB_MT32x64x32_MI16x16x4x1_SN_1LDSB1_APM1_ABV0_ACED0_AF0EM2_AF1EM2_AMAS3_ASE_ASGT_ASLT_ASM_ASAE01_ASCE01_ASEM2_AAC0_BL1_BS1_CLR0_DTLA0_DTLB0_DTVA0_DTVB0_DVO0_ETSP_EPS1_ELFLR0_EMLL0_FSSC10_FL0_GLVWA2_GLVWB2_GRCGA1_GRCGB1_GRPM1_GRVW2_GSU1_GSUASB_GLS0_ISA942_IU1_K1_KLA_LBSPPA0_LBSPPB256_LPA0_LPB4_LDL1_LRVW2_LWPMn1_LDW0_FMA_MIAV1_MDA2_MO40_MMFSC_MKFGSU256_NTA0_NTB0_NTC3_NTD3_NEPBS0_NLCA1_NLCB1_ONLL1_OPLV0_PK0_PAP0_PGR2_PLR9_PKA0_SIA3_SLW1_SS1_SU0_SUM0_SUS0_SCIUI1_SPO1_SRVW0_SSO6_SVW2_SNLL0_TSGRA0_TSGRB0_TT2_16_TLDS1_UMLDSA0_UMLDSB1_U64SL1_USFGROn1_VAW1_VSn1_VW2_VWB1_VFLRP0_WSGRA0_WSGRB0_WS64_WG16_16_1_WGM6",23900,6448491116150053,6448491116154900,0,26624,256,1,1,256,1,1
"KERNEL_DISPATCH",1,1,234879,223,68,"void rocsolver::v32802::getf2_npvt_small_kernel<16, double, int, int, double*>(int, double*, long, int, long, int*, int, int)",23903,6448491116163394,6448491116172327,0,136,16,1,1,16,1,1
"KERNEL_DISPATCH",1,1,234879,224,1399,"void rocblas_trtri_trsm_kernel<128, 16, 8, double, double const*, double*>(rocblas_fill_, rocblas_diagonal_, double const*, long, int, long, double*, long, long, int)",23907,6448491116176334,6448491116210266,0,8192,256,1,1,4096,1,1
"KERNEL_DISPATCH",1,1,234879,226,997,"Cijk_Ailk_Bljk_DB_MT64x32x16_MI16x16x4x1_SN_1LDSB1_APM1_ABV0_ACED0_AF0EM2_AF1EM2_AMAS0_ASE_ASGT_ASLT_ASM_ASAE01_ASCE01_ASEM2_AAC0_BL1_BS1_CLR0_DTLA0_DTLB0_DTVA1_DTVB0_DVO0_ETSP_EPS1_ELFLR0_EMLL0_FSSC10_FL0_GLVWA1_GLVWB1_GRCGA1_GRCGB1_GRPM1_GRVW1_GSU1_GSUASB_GLS0_ISA942_IU1_K1_KLA_LBSPPA0_LBSPPB128_LPA0_LPB4_LDL1_LRVW2_LWPMn1_LDW0_FMA_MIAV1_MDA2_MO40_MMFSC_MKFGSU256_NTA0_NTB0_NTC3_NTD3_NEPBS0_NLCA1_NLCB1_ONLL1_OPLV0_PK0_PAP0_PGR2_PLR5_PKA0_SIA3_SLW1_SS1_SU0_SUM0_SUS0_SCIUI1_SPO1_SRVW0_SSO6_SVW1_SNLL0_TSGRA0_TSGRB0_TT1_32_TLDS1_UMLDSA0_UMLDSB1_U64SL1_USFGROn1_VAW1_VSn1_VW1_VWB1_VFLRP0_WSGRA0_WSGRB0_WS64_WG64_4_1_WGM12",23916,6448491116214071,6448491116221924,0,5120,256,1,1,256,1,4
"KERNEL_DISPATCH",1,1,234879,225,1443,"void rocblas_trtri_fill<128, double, double*>(_rocblas_handle*, rocblas_fill_, int, long, int, long, double*, long, long, int, int)",23912,6448491116210266,6448491116214071,0,0,128,1,1,32512,1,1
"KERNEL_DISPATCH",1,1,234879,227,997,"Cijk_Ailk_Bljk_DB_MT64x32x16_MI16x16x4x1_SN_1LDSB1_APM1_ABV0_ACED0_AF0EM2_AF1EM2_AMAS0_ASE_ASGT_ASLT_ASM_ASAE01_ASCE01_ASEM2_AAC0_BL1_BS1_CLR0_DTLA0_DTLB0_DTVA1_DTVB0_DVO0_ETSP_EPS1_ELFLR0_EMLL0_FSSC10_FL0_GLVWA1_GLVWB1_GRCGA1_GRCGB1_GRPM1_GRVW1_GSU1_GSUASB_GLS0_ISA942_IU1_K1_KLA_LBSPPA0_LBSPPB128_LPA0_LPB4_LDL1_LRVW2_LWPMn1_LDW0_FMA_MIAV1_MDA2_MO40_MMFSC_MKFGSU256_NTA0_NTB0_NTC3_NTD3_NEPBS0_NLCA1_NLCB1_ONLL1_OPLV0_PK0_PAP0_PGR2_PLR5_PKA0_SIA3_SLW1_SS1_SU0_SUM0_SUS0_SCIUI1_SPO1_SRVW0_SSO6_SVW1_SNLL0_TSGRA0_TSGRB0_TT1_32_TLDS1_UMLDSA0_UMLDSB1_U64SL1_USFGROn1_VAW1_VSn1_VW1_VWB1_VFLRP0_WSGRA0_WSGRB0_WS64_WG64_4_1_WGM12",23919,6448491116221924,6448491116227652,0,5120,256,1,1,256,1,4
"KERNEL_DISPATCH",1,1,234879,228,997,"Cijk_Ailk_Bljk_DB_MT64x32x16_MI16x16x4x1_SN_1LDSB1_APM1_ABV0_ACED0_AF0EM2_AF1EM2_AMAS0_ASE_ASGT_ASLT_ASM_ASAE01_ASCE01_ASEM2_AAC0_BL1_BS1_CLR0_DTLA0_DTLB0_DTVA1_DTVB0_DVO0_ETSP_EPS1_ELFLR0_EMLL0_FSSC10_FL0_GLVWA1_GLVWB1_GRCGA1_GRCGB1_GRPM1_GRVW1_GSU1_GSUASB_GLS0_ISA942_IU1_K1_KLA_LBSPPA0_LBSPPB128_LPA0_LPB4_LDL1_LRVW2_LWPMn1_LDW0_FMA_MIAV1_MDA2_MO40_MMFSC_MKFGSU256_NTA0_NTB0_NTC3_NTD3_NEPBS0_NLCA1_NLCB1_ONLL1_OPLV0_PK0_PAP0_PGR2_PLR5_PKA0_SIA3_SLW1_SS1_SU0_SUM0_SUS0_SCIUI1_SPO1_SRVW0_SSO6_SVW1_SNLL0_TSGRA0_TSGRB0_TT1_32_TLDS1_UMLDSA0_UMLDSB1_U64SL1_USFGROn1_VAW1_VSn1_VW1_VWB1_VFLRP0_WSGRA0_WSGRB0_WS64_WG64_4_1_WGM12",23922,6448491116229816,6448491116235504,0,5120,256,1,1,256,1,4
"KERNEL_DISPATCH",1,1,234879,229,997,"Cijk_Ailk_Bljk_DB_MT64x32x16_MI16x16x4x1_SN_1LDSB1_APM1_ABV0_ACED0_AF0EM2_AF1EM2_AMAS0_ASE_ASGT_ASLT_ASM_ASAE01_ASCE01_ASEM2_AAC0_BL1_BS1_CLR0_DTLA0_DTLB0_DTVA1_DTVB0_DVO0_ETSP_EPS1_ELFLR0_EMLL0_FSSC10_FL0_GLVWA1_GLVWB1_GRCGA1_GRCGB1_GRPM1_GRVW1_GSU1_GSUASB_GLS0_ISA942_IU1_K1_KLA_LBSPPA0_LBSPPB128_LPA0_LPB4_LDL1_LRVW2_LWPMn1_LDW0_FMA_MIAV1_MDA2_MO40_MMFSC_MKFGSU256_NTA0_NTB0_NTC3_NTD3_NEPBS0_NLCA1_NLCB1_ONLL1_OPLV0_PK0_PAP0_PGR2_PLR5_PKA0_SIA3_SLW1_SS1_SU0_SUM0_SUS0_SCIUI1_SPO1_SRVW0_SSO6_SVW1_SNLL0_TSGRA0_TSGRB0_TT1_32_TLDS1_UMLDSA0_UMLDSB1_U64SL1_USFGROn1_VAW1_VSn1_VW1_VWB1_VFLRP0_WSGRA0_WSGRB0_WS64_WG64_4_1_WGM12",23925,6448491116256897,6448491116262105,0,5120,256,1,1,256,1,4
"KERNEL_DISPATCH",1,1,234879,230,970,"Cijk_Ailk_Bljk_DB_MT64x64x32_MI16x16x4x1_SN_1LDSB1_APM1_ABV0_ACED0_AF0EM2_AF1EM2_AMAS0_ASE_ASGT_ASLT_ASM_ASAE01_ASCE01_ASEM2_AAC0_BL1_BS1_CLR0_DTLA0_DTLB0_DTVA0_DTVB0_DVO0_ETSP_EPS1_ELFLR0_EMLL0_FSSC10_FL0_GLVWA1_GLVWB1_GRCGA1_GRCGB1_GRPM1_GRVW1_GSU1_GSUASB_GLS0_ISA942_IU1_K1_KLA_LBSPPA0_LBSPPB0_LPA0_LPB1_LDL1_LRVW1_LWPMn1_LDW0_FMA_MIAV1_MDA2_MO40_MMFSC_MKFGSU256_NTA0_NTB0_NTC3_NTD3_NEPBS0_NLCA1_NLCB1_ONLL1_OPLV0_PK0_PAP0_PGR2_PLR9_PKA0_SIA3_SLW1_SS1_SU0_SUM0_SUS0_SCIUI1_SPO1_SRVW0_SSO6_SVW1_SNLL0_TSGRA0_TSGRB0_TT2_32_TLDS0_UMLDSA0_UMLDSB0_U64SL1_USFGROn1_VAW1_VSn1_VW1_VWB1_VFLRP0_WSGRA0_WSGRB0_WS64_WG32_8_1_WGM6",23928,6448491116278410,6448491116287224,0,33024,256,1,1,256,1,4
"KERNEL_DISPATCH",1,1,234879,231,970,"Cijk_Ailk_Bljk_DB_MT64x64x32_MI16x16x4x1_SN_1LDSB1_APM1_ABV0_ACED0_AF0EM2_AF1EM2_AMAS0_ASE_ASGT_ASLT_ASM_ASAE01_ASCE01_ASEM2_AAC0_BL1_BS1_CLR0_DTLA0_DTLB0_DTVA0_DTVB0_DVO0_ETSP_EPS1_ELFLR0_EMLL0_FSSC10_FL0_GLVWA1_GLVWB1_GRCGA1_GRCGB1_GRPM1_GRVW1_GSU1_GSUASB_GLS0_ISA942_IU1_K1_KLA_LBSPPA0_LBSPPB0_LPA0_LPB1_LDL1_LRVW1_LWPMn1_LDW0_FMA_MIAV1_MDA2_MO40_MMFSC_MKFGSU256_NTA0_NTB0_NTC3_NTD3_NEPBS0_NLCA1_NLCB1_ONLL1_OPLV0_PK0_PAP0_PGR2_PLR9_PKA0_SIA3_SLW1_SS1_SU0_SUM0_SUS0_SCIUI1_SPO1_SRVW0_SSO6_SVW1_SNLL0_TSGRA0_TSGRB0_TT2_32_TLDS0_UMLDSA0_UMLDSB0_U64SL1_USFGROn1_VAW1_VSn1_VW1_VWB1_VFLRP0_WSGRA0_WSGRB0_WS64_WG32_8_1_WGM6",23931,6448491116296838,6448491116304690,0,33024,256,1,1,256,1,4
"KERNEL_DISPATCH",1,1,234879,232,1471,"void rocblas_copy_matrix_trsm<128, 8, double, double*, double*>(int, int, int, double*, int, long, double*, int, long, long, long, int)",23935,6448491116312743,6448491116319593,0,0,128,8,1,7168,128,1
"KERNEL_DISPATCH",1,1,234879,233,473,"Cijk_Ailk_Bljk_DB_MT96x96x32_MI16x16x4x1_SN_1LDSB1_APM1_ABV0_ACED0_AF0EM1_AF1EM1_AMAS0_ASE_ASGT_ASLT_ASM_ASAE01_ASCE01_ASEM1_AAC0_BL1_BS1_CLR0_DTLA0_DTLB0_DTVA0_DTVB0_DVO0_ETSP_EPS1_ELFLR0_EMLL0_FSSC10_FL0_GLVWA2_GLVWB2_GRCGA1_GRCGB1_GRPM1_GRVWn1_GSU1_GSUASB_GLS0_ISA942_IU1_K1_KLA_LBSPPA0_LBSPPB256_LPA0_LPB4_LDL1_LRVW2_LWPMn1_LDW0_FMA_MIAV0_MDA2_MO40_MMFSC_MKFGSU256_NTA0_NTB0_NTC4_NTD4_NEPBS4_NLCA3_NLCB1_ONLL1_OPLV0_PK0_PAP0_PGR2_PLR9_PKA0_SIA3_SLW1_SS1_SU0_SUM0_SUS0_SCIUI1_SPO1_SRVW0_SSO4_SVW1_SNLL0_TSGRA0_TSGRB0_TT3_48_TLDS1_UMLDSA0_UMLDSB1_U64SL1_USFGROn1_VAW1_VSn1_VW1_VWB1_VFLRP0_WSGRA0_WSGRB0_WS64_WG32_8_1_WGMn8",23939,6448491116342108,6448491116372795,0,52224,256,1,1,19200,2,1
"KERNEL_DISPATCH",1,1,234879,234,473,"Cijk_Ailk_Bljk_DB_MT96x96x32_MI16x16x4x1_SN_1LDSB1_APM1_ABV0_ACED0_AF0EM1_AF1EM1_AMAS0_ASE_ASGT_ASLT_ASM_ASAE01_ASCE01_ASEM1_AAC0_BL1_BS1_CLR0_DTLA0_DTLB0_DTVA0_DTVB0_DVO0_ETSP_EPS1_ELFLR0_EMLL0_FSSC10_FL0_GLVWA2_GLVWB2_GRCGA1_GRCGB1_GRPM1_GRVWn1_GSU1_GSUASB_GLS0_ISA942_IU1_K1_KLA_LBSPPA0_LBSPPB256_LPA0_LPB4_LDL1_LRVW2_LWPMn1_LDW0_FMA_MIAV0_MDA2_MO40_MMFSC_MKFGSU256_NTA0_NTB0_NTC4_NTD4_NEPBS4_NLCA3_NLCB1_ONLL1_OPLV0_PK0_PAP0_PGR2_PLR9_PKA0_SIA3_SLW1_SS1_SU0_SUM0_SUS0_SCIUI1_SPO1_SRVW0_SSO4_SVW1_SNLL0_TSGRA0_TSGRB0_TT3_48_TLDS1_UMLDSA0_UMLDSB1_U64SL1_USFGROn1_VAW1_VSn1_VW1_VWB1_VFLRP0_WSGRA0_WSGRB0_WS64_WG32_8_1_WGMn8",23942,6448491116372795,6448491116395750,0,52224,256,1,1,19200,2,1
"KERNEL_DISPATCH",1,1,234879,235,473,"Cijk_Ailk_Bljk_DB_MT96x96x32_MI16x16x4x1_SN_1LDSB1_APM1_ABV0_ACED0_AF0EM1_AF1EM1_AMAS0_ASE_ASGT_ASLT_ASM_ASAE01_ASCE01_ASEM1_AAC0_BL1_BS1_CLR0_DTLA0_DTLB0_DTVA0_DTVB0_DVO0_ETSP_EPS1_ELFLR0_EMLL0_FSSC10_FL0_GLVWA2_GLVWB2_GRCGA1_GRCGB1_GRPM1_GRVWn1_GSU1_GSUASB_GLS0_ISA942_IU1_K1_KLA_LBSPPA0_LBSPPB256_LPA0_LPB4_LDL1_LRVW2_LWPMn1_LDW0_FMA_MIAV0_MDA2_MO40_MMFSC_MKFGSU256_NTA0_NTB0_NTC4_NTD4_NEPBS4_NLCA3_NLCB1_ONLL1_OPLV0_PK0_PAP0_PGR2_PLR9_PKA0_SIA3_SLW1_SS1_SU0_SUM0_SUS0_SCIUI1_SPO1_SRVW0_SSO4_SVW1_SNLL0_TSGRA0_TSGRB0_TT3_48_TLDS1_UMLDSA0_UMLDSB1_U64SL1_USFGROn1_VAW1_VSn1_VW1_VWB1_VFLRP0_WSGRA0_WSGRB0_WS64_WG32_8_1_WGMn8",23945,6448491116395750,6448491116413177,0,52224,256,1,1,19200,2,1
"KERNEL_DISPATCH",1,1,234879,236,473,"Cijk_Ailk_Bljk_DB_MT96x96x32_MI16x16x4x1_SN_1LDSB1_APM1_ABV0_ACED0_AF0EM1_AF1EM1_AMAS0_ASE_ASGT_ASLT_ASM_ASAE01_ASCE01_ASEM1_AAC0_BL1_BS1_CLR0_DTLA0_DTLB0_DTVA0_DTVB0_DVO0_ETSP_EPS1_ELFLR0_EMLL0_FSSC10_FL0_GLVWA2_GLVWB2_GRCGA1_GRCGB1_GRPM1_GRVWn1_GSU1_GSUASB_GLS0_ISA942_IU1_K1_KLA_LBSPPA0_LBSPPB256_LPA0_LPB4_LDL1_LRVW2_LWPMn1_LDW0_FMA_MIAV0_MDA2_MO40_MMFSC_MKFGSU256_NTA0_NTB0_NTC4_NTD4_NEPBS4_NLCA3_NLCB1_ONLL1_OPLV0_PK0_PAP0_PGR2_PLR9_PKA0_SIA3_SLW1_SS1_SU0_SUM0_SUS0_SCIUI1_SPO1_SRVW0_SSO4_SVW1_SNLL0_TSGRA0_TSGRB0_TT3_48_TLDS1_UMLDSA0_UMLDSB1_U64SL1_USFGROn1_VAW1_VSn1_VW1_VWB1_VFLRP0_WSGRA0_WSGRB0_WS64_WG32_8_1_WGMn8",23948,6448491116411924,6448491116437443,0,52224,256,1,1,19200,2,1
"KERNEL_DISPATCH",1,1,234879,237,473,"Cijk_Ailk_Bljk_DB_MT96x96x32_MI16x16x4x1_SN_1LDSB1_APM1_ABV0_ACED0_AF0EM1_AF1EM1_AMAS0_ASE_ASGT_ASLT_ASM_ASAE01_ASCE01_ASEM1_AAC0_BL1_BS1_CLR0_DTLA0_DTLB0_DTVA0_DTVB0_DVO0_ETSP_EPS1_ELFLR0_EMLL0_FSSC10_FL0_GLVWA2_GLVWB2_GRCGA1_GRCGB1_GRPM1_GRVWn1_GSU1_GSUASB_GLS0_ISA942_IU1_K1_KLA_LBSPPA0_LBSPPB256_LPA0_LPB4_LDL1_LRVW2_LWPMn1_LDW0_FMA_MIAV0_MDA2_MO40_MMFSC_MKFGSU256_NTA0_NTB0_NTC4_NTD4_NEPBS4_NLCA3_NLCB1_ONLL1_OPLV0_PK0_PAP0_PGR2_PLR9_PKA0_SIA3_SLW1_SS1_SU0_SUM0_SUS0_SCIUI1_SPO1_SRVW0_SSO4_SVW1_SNLL0_TSGRA0_TSGRB0_TT3_48_TLDS1_UMLDSA0_UMLDSB1_U64SL1_USFGROn1_VAW1_VSn1_VW1_VWB1_VFLRP0_WSGRA0_WSGRB0_WS64_WG32_8_1_WGMn8",23951,6448491116438696,6448491116455962,0,52224,256,1,1,19200,2,1
"KERNEL_DISPATCH",1,1,234879,238,473,"Cijk_Ailk_Bljk_DB_MT96x96x32_MI16x16x4x1_SN_1LDSB1_APM1_ABV0_ACED0_AF0EM1_AF1EM1_AMAS0_ASE_ASGT_ASLT_ASM_ASAE01_ASCE01_ASEM1_AAC0_BL1_BS1_CLR0_DTLA0_DTLB0_DTVA0_DTVB0_DVO0_ETSP_EPS1_ELFLR0_EMLL0_FSSC10_FL0_GLVWA2_GLVWB2_GRCGA1_GRCGB1_GRPM1_GRVWn1_GSU1_GSUASB_GLS0_ISA942_IU1_K1_KLA_LBSPPA0_LBSPPB256_LPA0_LPB4_LDL1_LRVW2_LWPMn1_LDW0_FMA_MIAV0_MDA2_MO40_MMFSC_MKFGSU256_NTA0_NTB0_NTC4_NTD4_NEPBS4_NLCA3_NLCB1_ONLL1_OPLV0_PK0_PAP0_PGR2_PLR9_PKA0_SIA3_SLW1_SS1_SU0_SUM0_SUS0_SCIUI1_SPO1_SRVW0_SSO4_SVW1_SNLL0_TSGRA0_TSGRB0_TT3_48_TLDS1_UMLDSA0_UMLDSB1_U64SL1_USFGROn1_VAW1_VSn1_VW1_VWB1_VFLRP0_WSGRA0_WSGRB0_WS64_WG32_8_1_WGMn8",23954,6448491116455962,6448491116487330,0,52224,256,1,1,19200,2,1
"KERNEL_DISPATCH",1,1,234879,239,473,"Cijk_Ailk_Bljk_DB_MT96x96x32_MI16x16x4x1_SN_1LDSB1_APM1_ABV0_ACED0_AF0EM1_AF1EM1_AMAS0_ASE_ASGT_ASLT_ASM_ASAE01_ASCE01_ASEM1_AAC0_BL1_BS1_CLR0_DTLA0_DTLB0_DTVA0_DTVB0_DVO0_ETSP_EPS1_ELFLR0_EMLL0_FSSC10_FL0_GLVWA2_GLVWB2_GRCGA1_GRCGB1_GRPM1_GRVWn1_GSU1_GSUASB_GLS0_ISA942_IU1_K1_KLA_LBSPPA0_LBSPPB256_LPA0_LPB4_LDL1_LRVW2_LWPMn1_LDW0_FMA_MIAV0_MDA2_MO40_MMFSC_MKFGSU256_NTA0_NTB0_NTC4_NTD4_NEPBS4_NLCA3_NLCB1_ONLL1_OPLV0_PK0_PAP0_PGR2_PLR9_PKA0_SIA3_SLW1_SS1_SU0_SUM0_SUS0_SCIUI1_SPO1_SRVW0_SSO4_SVW1_SNLL0_TSGRA0_TSGRB0_TT3_48_TLDS1_UMLDSA0_UMLDSB1_U64SL1_USFGROn1_VAW1_VSn1_VW1_VWB1_VFLRP0_WSGRA0_WSGRB0_WS64_WG32_8_1_WGMn8",23957,6448491116487330,6448491116505318,0,52224,256,1,1,19200,2,1
"KERNEL_DISPATCH",1,1,234879,240,1399,"void rocblas_trtri_trsm_kernel<128, 16, 8, double, double const*, double*>(rocblas_fill_, rocblas_diagonal_, double const*, long, int, long, double*, long, long, int)",23961,6448491116504956,6448491116539810,0,8192,256,1,1,4096,1,1
"KERNEL_DISPATCH",1,1,234879,242,997,"Cijk_Ailk_Bljk_DB_MT64x32x16_MI16x16x4x1_SN_1LDSB1_APM1_ABV0_ACED0_AF0EM2_AF1EM2_AMAS0_ASE_ASGT_ASLT_ASM_ASAE01_ASCE01_ASEM2_AAC0_BL1_BS1_CLR0_DTLA0_DTLB0_DTVA1_DTVB0_DVO0_ETSP_EPS1_ELFLR0_EMLL0_FSSC10_FL0_GLVWA1_GLVWB1_GRCGA1_GRCGB1_GRPM1_GRVW1_GSU1_GSUASB_GLS0_ISA942_IU1_K1_KLA_LBSPPA0_LBSPPB128_LPA0_LPB4_LDL1_LRVW2_LWPMn1_LDW0_FMA_MIAV1_MDA2_MO40_MMFSC_MKFGSU256_NTA0_NTB0_NTC3_NTD3_NEPBS0_NLCA1_NLCB1_ONLL1_OPLV0_PK0_PAP0_PGR2_PLR5_PKA0_SIA3_SLW1_SS1_SU0_SUM0_SUS0_SCIUI1_SPO1_SRVW0_SSO6_SVW1_SNLL0_TSGRA0_TSGRB0_TT1_32_TLDS1_UMLDSA0_UMLDSB1_U64SL1_USFGROn1_VAW1_VSn1_VW1_VWB1_VFLRP0_WSGRA0_WSGRB0_WS64_WG64_4_1_WGM12",23970,6448491116543617,6448491116550628,0,5120,256,1,1,256,1,4
"KERNEL_DISPATCH",1,1,234879,241,1443,"void rocblas_trtri_fill<128, double, double*>(_rocblas_handle*, rocblas_fill_, int, long, int, long, double*, long, long, int, int)",23966,6448491116540172,6448491116543617,0,0,128,1,1,32512,1,1
"KERNEL_DISPATCH",1,1,234879,244,997,"Cijk_Ailk_Bljk_DB_MT64x32x16_MI16x16x4x1_SN_1LDSB1_APM1_ABV0_ACED0_AF0EM2_AF1EM2_AMAS0_ASE_ASGT_ASLT_ASM_ASAE01_ASCE01_ASEM2_AAC0_BL1_BS1_CLR0_DTLA0_DTLB0_DTVA1_DTVB0_DVO0_ETSP_EPS1_ELFLR0_EMLL0_FSSC10_FL0_GLVWA1_GLVWB1_GRCGA1_GRCGB1_GRPM1_GRVW1_GSU1_GSUASB_GLS0_ISA942_IU1_K1_KLA_LBSPPA0_LBSPPB128_LPA0_LPB4_LDL1_LRVW2_LWPMn1_LDW0_FMA_MIAV1_MDA2_MO40_MMFSC_MKFGSU256_NTA0_NTB0_NTC3_NTD3_NEPBS0_NLCA1_NLCB1_ONLL1_OPLV0_PK0_PAP0_PGR2_PLR5_PKA0_SIA3_SLW1_SS1_SU0_SUM0_SUS0_SCIUI1_SPO1_SRVW0_SSO6_SVW1_SNLL0_TSGRA0_TSGRB0_TT1_32_TLDS1_UMLDSA0_UMLDSB1_U64SL1_USFGROn1_VAW1_VSn1_VW1_VWB1_VFLRP0_WSGRA0_WSGRB0_WS64_WG64_4_1_WGM12",23976,6448491116558039,6448491116563407,0,5120,256,1,1,256,1,4
"KERNEL_DISPATCH",1,1,234879,243,997,"Cijk_Ailk_Bljk_DB_MT64x32x16_MI16x16x4x1_SN_1LDSB1_APM1_ABV0_ACED0_AF0EM2_AF1EM2_AMAS0_ASE_ASGT_ASLT_ASM_ASAE01_ASCE01_ASEM2_AAC0_BL1_BS1_CLR0_DTLA0_DTLB0_DTVA1_DTVB0_DVO0_ETSP_EPS1_ELFLR0_EMLL0_FSSC10_FL0_GLVWA1_GLVWB1_GRCGA1_GRCGB1_GRPM1_GRVW1_GSU1_GSUASB_GLS0_ISA942_IU1_K1_KLA_LBSPPA0_LBSPPB128_LPA0_LPB4_LDL1_LRVW2_LWPMn1_LDW0_FMA_MIAV1_MDA2_MO40_MMFSC_MKFGSU256_NTA0_NTB0_NTC3_NTD3_NEPBS0_NLCA1_NLCB1_ONLL1_OPLV0_PK0_PAP0_PGR2_PLR5_PKA0_SIA3_SLW1_SS1_SU0_SUM0_SUS0_SCIUI1_SPO1_SRVW0_SSO6_SVW1_SNLL0_TSGRA0_TSGRB0_TT1_32_TLDS1_UMLDSA0_UMLDSB1_U64SL1_USFGROn1_VAW1_VSn1_VW1_VWB1_VFLRP0_WSGRA0_WSGRB0_WS64_WG64_4_1_WGM12",23973,6448491116550628,6448491116558039,0,5120,256,1,1,256,1,4
"KERNEL_DISPATCH",1,1,234879,245,997,"Cijk_Ailk_Bljk_DB_MT64x32x16_MI16x16x4x1_SN_1LDSB1_APM1_ABV0_ACED0_AF0EM2_AF1EM2_AMAS0_ASE_ASGT_ASLT_ASM_ASAE01_ASCE01_ASEM2_AAC0_BL1_BS1_CLR0_DTLA0_DTLB0_DTVA1_DTVB0_DVO0_ETSP_EPS1_ELFLR0_EMLL0_FSSC10_FL0_GLVWA1_GLVWB1_GRCGA1_GRCGB1_GRPM1_GRVW1_GSU1_GSUASB_GLS0_ISA942_IU1_K1_KLA_LBSPPA0_LBSPPB128_LPA0_LPB4_LDL1_LRVW2_LWPMn1_LDW0_FMA_MIAV1_MDA2_MO40_MMFSC_MKFGSU256_NTA0_NTB0_NTC3_NTD3_NEPBS0_NLCA1_NLCB1_ONLL1_OPLV0_PK0_PAP0_PGR2_PLR5_PKA0_SIA3_SLW1_SS1_SU0_SUM0_SUS0_SCIUI1_SPO1_SRVW0_SSO6_SVW1_SNLL0_TSGRA0_TSGRB0_TT1_32_TLDS1_UMLDSA0_UMLDSB1_U64SL1_USFGROn1_VAW1_VSn1_VW1_VWB1_VFLRP0_WSGRA0_WSGRB0_WS64_WG64_4_1_WGM12",23979,6448491116563407,6448491116568415,0,5120,256,1,1,256,1,4
"KERNEL_DISPATCH",1,1,234879,246,970,"Cijk_Ailk_Bljk_DB_MT64x64x32_MI16x16x4x1_SN_1LDSB1_APM1_ABV0_ACED0_AF0EM2_AF1EM2_AMAS0_ASE_ASGT_ASLT_ASM_ASAE01_ASCE01_ASEM2_AAC0_BL1_BS1_CLR0_DTLA0_DTLB0_DTVA0_DTVB0_DVO0_ETSP_EPS1_ELFLR0_EMLL0_FSSC10_FL0_GLVWA1_GLVWB1_GRCGA1_GRCGB1_GRPM1_GRVW1_GSU1_GSUASB_GLS0_ISA942_IU1_K1_KLA_LBSPPA0_LBSPPB0_LPA0_LPB1_LDL1_LRVW1_LWPMn1_LDW0_FMA_MIAV1_MDA2_MO40_MMFSC_MKFGSU256_NTA0_NTB0_NTC3_NTD3_NEPBS0_NLCA1_NLCB1_ONLL1_OPLV0_PK0_PAP0_PGR2_PLR9_PKA0_SIA3_SLW1_SS1_SU0_SUM0_SUS0_SCIUI1_SPO1_SRVW0_SSO6_SVW1_SNLL0_TSGRA0_TSGRB0_TT2_32_TLDS0_UMLDSA0_UMLDSB0_U64SL1_USFGROn1_VAW1_VSn1_VW1_VWB1_VFLRP0_WSGRA0_WSGRB0_WS64_WG32_8_1_WGM6",23982,6448491116568415,6448491116576908,0,33024,256,1,1,256,1,4
"KERNEL_DISPATCH",1,1,234879,247,970,"Cijk_Ailk_Bljk_DB_MT64x64x32_MI16x16x4x1_SN_1LDSB1_APM1_ABV0_ACED0_AF0EM2_AF1EM2_AMAS0_ASE_ASGT_ASLT_ASM_ASAE01_ASCE01_ASEM2_AAC0_BL1_BS1_CLR0_DTLA0_DTLB0_DTVA0_DTVB0_DVO0_ETSP_EPS1_ELFLR0_EMLL0_FSSC10_FL0_GLVWA1_GLVWB1_GRCGA1_GRCGB1_GRPM1_GRVW1_GSU1_GSUASB_GLS0_ISA942_IU1_K1_KLA_LBSPPA0_LBSPPB0_LPA0_LPB1_LDL1_LRVW1_LWPMn1_LDW0_FMA_MIAV1_MDA2_MO40_MMFSC_MKFGSU256_NTA0_NTB0_NTC3_NTD3_NEPBS0_NLCA1_NLCB1_ONLL1_OPLV0_PK0_PAP0_PGR2_PLR9_PKA0_SIA3_SLW1_SS1_SU0_SUM0_SUS0_SCIUI1_SPO1_SRVW0_SSO6_SVW1_SNLL0_TSGRA0_TSGRB0_TT2_32_TLDS0_UMLDSA0_UMLDSB0_U64SL1_USFGROn1_VAW1_VSn1_VW1_VWB1_VFLRP0_WSGRA0_WSGRB0_WS64_WG32_8_1_WGM6",23985,6448491116576908,6448491116585922,0,33024,256,1,1,256,1,4
"KERNEL_DISPATCH",1,1,234879,248,1471,"void rocblas_copy_matrix_trsm<128, 8, double, double*, double*>(int, int, int, double*, int, long, double*, int, long, long, long, int)",23989,6448491116585922,6448491116604310,0,0,128,8,1,128,7168,1
"KERNEL_DISPATCH",1,1,234879,249,1197,"Cijk_Ailk_Bljk_DB_MT96x96x16_MI16x16x4x1_SN_1LDSB1_APM1_ABV0_ACED0_AF0EM1_AF1EM1_AMAS0_ASE_ASGT_ASLT_ASM_ASAE01_ASCE01_ASEM1_AAC0_BL1_BS1_CLR0_DTLA0_DTLB0_DTVA0_DTVB0_DVO0_ETSP_EPS1_ELFLR0_EMLL0_FSSC10_FL0_GLVWA2_GLVWB2_GRCGA1_GRCGB1_GRPM1_GRVWn1_GSU1_GSUASB_GLS0_ISA942_IU1_K1_KLA_LBSPPA0_LBSPPB128_LPA0_LPB2_LDL1_LRVW1_LWPMn1_LDW0_FMA_MIAV1_MDA2_MO40_MMFSC_MKFGSU256_NTA0_NTB0_NTC4_NTD4_NEPBS4_NLCA3_NLCB1_ONLL1_OPLV0_PK0_PAP0_PGR2_PLR1_PKA0_SIA3_SLW1_SS1_SU8_SUM0_SUS256_SCIUI1_SPO1_SRVW0_SSO4_SVW1_SNLL0_TSGRA0_TSGRB0_TT3_48_TLDS1_UMLDSA0_UMLDSB1_U64SL1_USFGROn1_VAW1_VSn1_VW1_VWB1_VFLRP0_WSGRA0_WSGRB0_WS64_WG32_8_1_WGM36",23993,6448491116612162,6448491116638282,0,26112,256,1,1,512,75,1
"KERNEL_DISPATCH",1,1,234879,250,1197,"Cijk_Ailk_Bljk_DB_MT96x96x16_MI16x16x4x1_SN_1LDSB1_APM1_ABV0_ACED0_AF0EM1_AF1EM1_AMAS0_ASE_ASGT_ASLT_ASM_ASAE01_ASCE01_ASEM1_AAC0_BL1_BS1_CLR0_DTLA0_DTLB0_DTVA0_DTVB0_DVO0_ETSP_EPS1_ELFLR0_EMLL0_FSSC10_FL0_GLVWA2_GLVWB2_GRCGA1_GRCGB1_GRPM1_GRVWn1_GSU1_GSUASB_GLS0_ISA942_IU1_K1_KLA_LBSPPA0_LBSPPB128_LPA0_LPB2_LDL1_LRVW1_LWPMn1_LDW0_FMA_MIAV1_MDA2_MO40_MMFSC_MKFGSU256_NTA0_NTB0_NTC4_NTD4_NEPBS4_NLCA3_NLCB1_ONLL1_OPLV0_PK0_PAP0_PGR2_PLR1_PKA0_SIA3_SLW1_SS1_SU8_SUM0_SUS256_SCIUI1_SPO1_SRVW0_SSO4_SVW1_SNLL0_TSGRA0_TSGRB0_TT3_48_TLDS1_UMLDSA0_UMLDSB1_U64SL1_USFGROn1_VAW1_VSn1_VW1_VWB1_VFLRP0_WSGRA0_WSGRB0_WS64_WG32_8_1_WGM36",23996,6448491116637219,6448491116661136,0,26112,256,1,1,512,75,1
"KERNEL_DISPATCH",1,1,234879,251,1197,"Cijk_Ailk_Bljk_DB_MT96x96x16_MI16x16x4x1_SN_1LDSB1_APM1_ABV0_ACED0_AF0EM1_AF1EM1_AMAS0_ASE_ASGT_ASLT_ASM_ASAE01_ASCE01_ASEM1_AAC0_BL1_BS1_CLR0_DTLA0_DTLB0_DTVA0_DTVB0_DVO0_ETSP_EPS1_ELFLR0_EMLL0_FSSC10_FL0_GLVWA2_GLVWB2_GRCGA1_GRCGB1_GRPM1_GRVWn1_GSU1_GSUASB_GLS0_ISA942_IU1_K1_KLA_LBSPPA0_LBSPPB128_LPA0_LPB2_LDL1_LRVW1_LWPMn1_LDW0_FMA_MIAV1_MDA2_MO40_MMFSC_MKFGSU256_NTA0_NTB0_NTC4_NTD4_NEPBS4_NLCA3_NLCB1_ONLL1_OPLV0_PK0_PAP0_PGR2_PLR1_PKA0_SIA3_SLW1_SS1_SU8_SUM0_SUS256_SCIUI1_SPO1_SRVW0_SSO4_SVW1_SNLL0_TSGRA0_TSGRB0_TT3_48_TLDS1_UMLDSA0_UMLDSB1_U64SL1_USFGROn1_VAW1_VSn1_VW1_VWB1_VFLRP0_WSGRA0_WSGRB0_WS64_WG32_8_1_WGM36",23999,6448491116662199,6448491116677382,0,26112,256,1,1,512,75,1
"KERNEL_DISPATCH",1,1,234879,252,1197,"Cijk_Ailk_Bljk_DB_MT96x96x16_MI16x16x4x1_SN_1LDSB1_APM1_ABV0_ACED0_AF0EM1_AF1EM1_AMAS0_ASE_ASGT_ASLT_ASM_ASAE01_ASCE01_ASEM1_AAC0_BL1_BS1_CLR0_DTLA0_DTLB0_DTVA0_DTVB0_DVO0_ETSP_EPS1_ELFLR0_EMLL0_FSSC10_FL0_GLVWA2_GLVWB2_GRCGA1_GRCGB1_GRPM1_GRVWn1_GSU1_GSUASB_GLS0_ISA942_IU1_K1_KLA_LBSPPA0_LBSPPB128_LPA0_LPB2_LDL1_LRVW1_LWPMn1_LDW0_FMA_MIAV1_MDA2_MO40_MMFSC_MKFGSU256_NTA0_NTB0_NTC4_NTD4_NEPBS4_NLCA3_NLCB1_ONLL1_OPLV0_PK0_PAP0_PGR2_PLR1_PKA0_SIA3_SLW1_SS1_SU8_SUM0_SUS256_SCIUI1_SPO1_SRVW0_SSO4_SVW1_SNLL0_TSGRA0_TSGRB0_TT3_48_TLDS1_UMLDSA0_UMLDSB1_U64SL1_USFGROn1_VAW1_VSn1_VW1_VWB1_VFLRP0_WSGRA0_WSGRB0_WS64_WG32_8_1_WGM36",24002,6448491116687397,6448491116715721,0,26112,256,1,1,512,75,1
"KERNEL_DISPATCH",1,1,234879,253,1197,"Cijk_Ailk_Bljk_DB_MT96x96x16_MI16x16x4x1_SN_1LDSB1_APM1_ABV0_ACED0_AF0EM1_AF1EM1_AMAS0_ASE_ASGT_ASLT_ASM_ASAE01_ASCE01_ASEM1_AAC0_BL1_BS1_CLR0_DTLA0_DTLB0_DTVA0_DTVB0_DVO0_ETSP_EPS1_ELFLR0_EMLL0_FSSC10_FL0_GLVWA2_GLVWB2_GRCGA1_GRCGB1_GRPM1_GRVWn1_GSU1_GSUASB_GLS0_ISA942_IU1_K1_KLA_LBSPPA0_LBSPPB128_LPA0_LPB2_LDL1_LRVW1_LWPMn1_LDW0_FMA_MIAV1_MDA2_MO40_MMFSC_MKFGSU256_NTA0_NTB0_NTC4_NTD4_NEPBS4_NLCA3_NLCB1_ONLL1_OPLV0_PK0_PAP0_PGR2_PLR1_PKA0_SIA3_SLW1_SS1_SU8_SUM0_SUS256_SCIUI1_SPO1_SRVW0_SSO4_SVW1_SNLL0_TSGRA0_TSGRB0_TT3_48_TLDS1_UMLDSA0_UMLDSB1_U64SL1_USFGROn1_VAW1_VSn1_VW1_VWB1_VFLRP0_WSGRA0_WSGRB0_WS64_WG32_8_1_WGM36",24005,6448491116715721,6448491116731946,0,26112,256,1,1,512,75,1
"KERNEL_DISPATCH",1,1,234879,254,1197,"Cijk_Ailk_Bljk_DB_MT96x96x16_MI16x16x4x1_SN_1LDSB1_APM1_ABV0_ACED0_AF0EM1_AF1EM1_AMAS0_ASE_ASGT_ASLT_ASM_ASAE01_ASCE01_ASEM1_AAC0_BL1_BS1_CLR0_DTLA0_DTLB0_DTVA0_DTVB0_DVO0_ETSP_EPS1_ELFLR0_EMLL0_FSSC10_FL0_GLVWA2_GLVWB2_GRCGA1_GRCGB1_GRPM1_GRVWn1_GSU1_GSUASB_GLS0_ISA942_IU1_K1_KLA_LBSPPA0_LBSPPB128_LPA0_LPB2_LDL1_LRVW1_LWPMn1_LDW0_FMA_MIAV1_MDA2_MO40_MMFSC_MKFGSU256_NTA0_NTB0_NTC4_NTD4_NEPBS4_NLCA3_NLCB1_ONLL1_OPLV0_PK0_PAP0_PGR2_PLR1_PKA0_SIA3_SLW1_SS1_SU8_SUM0_SUS256_SCIUI1_SPO1_SRVW0_SSO4_SVW1_SNLL0_TSGRA0_TSGRB0_TT3_48_TLDS1_UMLDSA0_UMLDSB1_U64SL1_USFGROn1_VAW1_VSn1_VW1_VWB1_VFLRP0_WSGRA0_WSGRB0_WS64_WG32_8_1_WGM36",24008,6448491116731946,6448491116767320,0,26112,256,1,1,512,75,1
"KERNEL_DISPATCH",1,1,234879,255,1197,"Cijk_Ailk_Bljk_DB_MT96x96x16_MI16x16x4x1_SN_1LDSB1_APM1_ABV0_ACED0_AF0EM1_AF1EM1_AMAS0_ASE_ASGT_ASLT_ASM_ASAE01_ASCE01_ASEM1_AAC0_BL1_BS1_CLR0_DTLA0_DTLB0_DTVA0_DTVB0_DVO0_ETSP_EPS1_ELFLR0_EMLL0_FSSC10_FL0_GLVWA2_GLVWB2_GRCGA1_GRCGB1_GRPM1_GRVWn1_GSU1_GSUASB_GLS0_ISA942_IU1_K1_KLA_LBSPPA0_LBSPPB128_LPA0_LPB2_LDL1_LRVW1_LWPMn1_LDW0_FMA_MIAV1_MDA2_MO40_MMFSC_MKFGSU256_NTA0_NTB0_NTC4_NTD4_NEPBS4_NLCA3_NLCB1_ONLL1_OPLV0_PK0_PAP0_PGR2_PLR1_PKA0_SIA3_SLW1_SS1_SU8_SUM0_SUS256_SCIUI1_SPO1_SRVW0_SSO4_SVW1_SNLL0_TSGRA0_TSGRB0_TT3_48_TLDS1_UMLDSA0_UMLDSB1_U64SL1_USFGROn1_VAW1_VSn1_VW1_VWB1_VFLRP0_WSGRA0_WSGRB0_WS64_WG32_8_1_WGM36",24011,6448491116767219,6448491116783804,0,26112,256,1,1,512,75,1
"KERNEL_DISPATCH",1,1,234879,257,68,"void rocsolver::v32802::getf2_npvt_small_kernel<16, double, int, int, double*>(int, double*, long, int, long, int*, int, int)",24017,6448491118126233,6448491118138332,0,136,512,1,1,512,1,1
"KERNEL_DISPATCH",1,1,234879,258,185,"void rocsolver::v32802::unit_forward_substitution_kernel<double, int, double*>(int, int, double*, int, int, long, long, double*, int, int, long, long)",24022,6448491118138332,6448491118149309,0,512,16,64,1,16,512,1
"KERNEL_DISPATCH",1,1,234879,256,704,"Cijk_Ailk_Bljk_DB_MT128x128x16_MI16x16x4x1_SN_1LDSB1_APM1_ABV0_ACED0_AF0EM1_AF1EM1_AMAS3_ASE_ASGT_ASLT_ASM_ASAE01_ASCE01_ASEM1_AAC0_BL1_BS1_CLR0_DTLA0_DTLB0_DTVA1_DTVB0_DVO0_ETSP_EPS1_ELFLR0_EMLL0_FSSC10_FL0_GLVWA2_GLVWB2_GRCGA1_GRCGB1_GRPM1_GRVWn1_GSU1_GSUASB_GLS0_ISA942_IU1_K1_KLA_LBSPPA0_LBSPPB128_LPA0_LPB2_LDL1_LRVW1_LWPMn1_LDW0_FMA_MIAV0_MDA2_MO40_MMFSC_MKFGSU256_NTA0_NTB0_NTC4_NTD4_NEPBS4_NLCA1_NLCB1_ONLL1_OPLV0_PK0_PAP0_PGR2_PLR1_PKA0_SIA3_SLW1_SS1_SU8_SUM0_SUS256_SCIUI1_SPO1_SRVW0_SSO4_SVW2_SNLL0_TSGRA0_TSGRB0_TT2_128_TLDS1_UMLDSA0_UMLDSB1_U64SL1_USFGROn1_VAW1_VSn1_VW2_VWB1_VFLRP0_WSGRA0_WSGRB0_WS64_WG64_4_1_WGM36",24014,6448491116783905,6448491118126233,0,18432,256,1,1,14336,56,1
"KERNEL_DISPATCH",1,1,234879,259,904,"Cijk_Ailk_Bljk_DB_MT64x32x32_MI16x16x4x1_SN_1LDSB1_APM1_ABV0_ACED0_AF0EM2_AF1EM2_AMAS3_ASE_ASGT_ASLT_ASM_ASAE01_ASCE01_ASEM2_AAC0_BL1_BS1_CLR0_DTLA0_DTLB0_DTVA0_DTVB0_DVO0_ETSP_EPS1_ELFLR0_EMLL0_FSSC10_FL0_GLVWA2_GLVWB2_GRCGA1_GRCGB1_GRPM1_GRVW2_GSU1_GSUASB_GLS0_ISA942_IU1_K1_KLA_LBSPPA0_LBSPPB256_LPA0_LPB4_LDL1_LRVW2_LWPMn1_LDW0_FMA_MIAV1_MDA2_MO40_MMFSC_MKFGSU256_NTA0_NTB0_NTC3_NTD3_NEPBS0_NLCA1_NLCB1_ONLL1_OPLV0_PK0_PAP0_PGR2_PLR9_PKA0_SIA3_SLW1_SS1_SU0_SUM0_SUS0_SCIUI1_SPO1_SRVW0_SSO6_SVW2_SNLL0_TSGRA0_TSGRB0_TT2_16_TLDS1_UMLDSA0_UMLDSB1_U64SL1_USFGROn1_VAW1_VSn1_VW2_VWB1_VFLRP0_WSGRA0_WSGRB0_WS64_WG32_8_1_WGM6",24025,6448491118149309,6448491118155558,0,25600,256,1,1,2048,16,1
"KERNEL_DISPATCH",1,1,234879,260,68,"void rocsolver::v32802::getf2_npvt_small_kernel<16, double, int, int, double*>(int, double*, long, int, long, int*, int, int)",24028,6448491118155558,6448491118169700,0,136,496,1,1,496,1,1
"KERNEL_DISPATCH",1,1,234879,261,185,"void rocsolver::v32802::unit_forward_substitution_kernel<double, int, double*>(int, int, double*, int, int, long, long, double*, int, int, long, long)",24033,6448491118168768,6448491118179264,0,512,16,64,1,16,512,1
"KERNEL_DISPATCH",1,1,234879,262,904,"Cijk_Ailk_Bljk_DB_MT64x32x32_MI16x16x4x1_SN_1LDSB1_APM1_ABV0_ACED0_AF0EM2_AF1EM2_AMAS3_ASE_ASGT_ASLT_ASM_ASAE01_ASCE01_ASEM2_AAC0_BL1_BS1_CLR0_DTLA0_DTLB0_DTVA0_DTVB0_DVO0_ETSP_EPS1_ELFLR0_EMLL0_FSSC10_FL0_GLVWA2_GLVWB2_GRCGA1_GRCGB1_GRPM1_GRVW2_GSU1_GSUASB_GLS0_ISA942_IU1_K1_KLA_LBSPPA0_LBSPPB256_LPA0_LPB4_LDL1_LRVW2_LWPMn1_LDW0_FMA_MIAV1_MDA2_MO40_MMFSC_MKFGSU256_NTA0_NTB0_NTC3_NTD3_NEPBS0_NLCA1_NLCB1_ONLL1_OPLV0_PK0_PAP0_PGR2_PLR9_PKA0_SIA3_SLW1_SS1_SU0_SUM0_SUS0_SCIUI1_SPO1_SRVW0_SSO6_SVW2_SNLL0_TSGRA0_TSGRB0_TT2_16_TLDS1_UMLDSA0_UMLDSB1_U64SL1_USFGROn1_VAW1_VSn1_VW2_VWB1_VFLRP0_WSGRA0_WSGRB0_WS64_WG32_8_1_WGM6",24036,6448491118180196,6448491118184523,0,25600,256,1,1,2048,15,1
"KERNEL_DISPATCH",1,1,234879,263,68,"void rocsolver::v32802::getf2_npvt_small_kernel<16, double, int, int, double*>(int, double*, long, int, long, int*, int, int)",24039,6448491118184292,6448491118194347,0,136,480,1,1,480,1,1
"KERNEL_DISPATCH",1,1,234879,264,185,"void rocsolver::v32802::unit_forward_substitution_kernel<double, int, double*>(int, int, double*, int, int, long, long, double*, int, int, long, long)",24044,6448491118194578,6448491118204233,0,512,16,64,1,16,512,1
"KERNEL_DISPATCH",1,1,234879,265,904,"Cijk_Ailk_Bljk_DB_MT64x32x32_MI16x16x4x1_SN_1LDSB1_APM1_ABV0_ACED0_AF0EM2_AF1EM2_AMAS3_ASE_ASGT_ASLT_ASM_ASAE01_ASCE01_ASEM2_AAC0_BL1_BS1_CLR0_DTLA0_DTLB0_DTVA0_DTVB0_DVO0_ETSP_EPS1_ELFLR0_EMLL0_FSSC10_FL0_GLVWA2_GLVWB2_GRCGA1_GRCGB1_GRPM1_GRVW2_GSU1_GSUASB_GLS0_ISA942_IU1_K1_KLA_LBSPPA0_LBSPPB256_LPA0_LPB4_LDL1_LRVW2_LWPMn1_LDW0_FMA_MIAV1_MDA2_MO40_MMFSC_MKFGSU256_NTA0_NTB0_NTC3_NTD3_NEPBS0_NLCA1_NLCB1_ONLL1_OPLV0_PK0_PAP0_PGR2_PLR9_PKA0_SIA3_SLW1_SS1_SU0_SUM0_SUS0_SCIUI1_SPO1_SRVW0_SSO6_SVW2_SNLL0_TSGRA0_TSGRB0_TT2_16_TLDS1_UMLDSA0_UMLDSB1_U64SL1_USFGROn1_VAW1_VSn1_VW2_VWB1_VFLRP0_WSGRA0_WSGRB0_WS64_WG32_8_1_WGM6",24047,6448491118203981,6448491118209510,0,25600,256,1,1,2048,15,1
"KERNEL_DISPATCH",1,1,234879,266,68,"void rocsolver::v32802::getf2_npvt_small_kernel<16, double, int, int, double*>(int, double*, long, int, long, int*, int, int)",24050,6448491118209762,6448491118220178,0,136,464,1,1,464,1,1
"KERNEL_DISPATCH",1,1,234879,267,185,"void rocsolver::v32802::unit_forward_substitution_kernel<double, int, double*>(int, int, double*, int, int, long, long, double*, int, int, long, long)",24055,6448491118220178,6448491118230353,0,512,16,64,1,16,448,1
"KERNEL_DISPATCH",1,1,234879,268,904,"Cijk_Ailk_Bljk_DB_MT64x32x32_MI16x16x4x1_SN_1LDSB1_APM1_ABV0_ACED0_AF0EM2_AF1EM2_AMAS3_ASE_ASGT_ASLT_ASM_ASAE01_ASCE01_ASEM2_AAC0_BL1_BS1_CLR0_DTLA0_DTLB0_DTVA0_DTVB0_DVO0_ETSP_EPS1_ELFLR0_EMLL0_FSSC10_FL0_GLVWA2_GLVWB2_GRCGA1_GRCGB1_GRPM1_GRVW2_GSU1_GSUASB_GLS0_ISA942_IU1_K1_KLA_LBSPPA0_LBSPPB256_LPA0_LPB4_LDL1_LRVW2_LWPMn1_LDW0_FMA_MIAV1_MDA2_MO40_MMFSC_MKFGSU256_NTA0_NTB0_NTC3_NTD3_NEPBS0_NLCA1_NLCB1_ONLL1_OPLV0_PK0_PAP0_PGR2_PLR9_PKA0_SIA3_SLW1_SS1_SU0_SUM0_SUS0_SCIUI1_SPO1_SRVW0_SSO6_SVW2_SNLL0_TSGRA0_TSGRB0_TT2_16_TLDS1_UMLDSA0_UMLDSB1_U64SL1_USFGROn1_VAW1_VSn1_VW2_VWB1_VFLRP0_WSGRA0_WSGRB0_WS64_WG32_8_1_WGM6",24058,6448491118230353,6448491118235000,0,25600,256,1,1,1792,14,1
"KERNEL_DISPATCH",1,1,234879,269,68,"void rocsolver::v32802::getf2_npvt_small_kernel<16, double, int, int, double*>(int, double*, long, int, long, int*, int, int)",24061,6448491118235000,6448491118245016,0,136,448,1,1,448,1,1
"KERNEL_DISPATCH",1,1,234879,270,185,"void rocsolver::v32802::unit_forward_substitution_kernel<double, int, double*>(int, int, double*, int, int, long, long, double*, int, int, long, long)",24066,6448491118245016,6448491118255512,0,512,16,64,1,16,448,1
"KERNEL_DISPATCH",1,1,234879,271,904,"Cijk_Ailk_Bljk_DB_MT64x32x32_MI16x16x4x1_SN_1LDSB1_APM1_ABV0_ACED0_AF0EM2_AF1EM2_AMAS3_ASE_ASGT_ASLT_ASM_ASAE01_ASCE01_ASEM2_AAC0_BL1_BS1_CLR0_DTLA0_DTLB0_DTVA0_DTVB0_DVO0_ETSP_EPS1_ELFLR0_EMLL0_FSSC10_FL0_GLVWA2_GLVWB2_GRCGA1_GRCGB1_GRPM1_GRVW2_GSU1_GSUASB_GLS0_ISA942_IU1_K1_KLA_LBSPPA0_LBSPPB256_LPA0_LPB4_LDL1_LRVW2_LWPMn1_LDW0_FMA_MIAV1_MDA2_MO40_MMFSC_MKFGSU256_NTA0_NTB0_NTC3_NTD3_NEPBS0_NLCA1_NLCB1_ONLL1_OPLV0_PK0_PAP0_PGR2_PLR9_PKA0_SIA3_SLW1_SS1_SU0_SUM0_SUS0_SCIUI1_SPO1_SRVW0_SSO6_SVW2_SNLL0_TSGRA0_TSGRB0_TT2_16_TLDS1_UMLDSA0_UMLDSB1_U64SL1_USFGROn1_VAW1_VSn1_VW2_VWB1_VFLRP0_WSGRA0_WSGRB0_WS64_WG32_8_1_WGM6",24069,6448491118255512,6448491118260079,0,25600,256,1,1,1792,14,1
"KERNEL_DISPATCH",1,1,234879,273,185,"void rocsolver::v32802::unit_forward_substitution_kernel<double, int, double*>(int, int, double*, int, int, long, long, double*, int, int, long, long)",24077,6448491118270174,6448491118280109,0,512,16,64,1,16,448,1
"KERNEL_DISPATCH",1,1,234879,272,68,"void rocsolver::v32802::getf2_npvt_small_kernel<16, double, int, int, double*>(int, double*, long, int, long, int*, int, int)",24072,6448491118260079,6448491118270174,0,136,432,1,1,432,1,1
"KERNEL_DISPATCH",1,1,234879,275,68,"void rocsolver::v32802::getf2_npvt_small_kernel<16, double, int, int, double*>(int, double*, long, int, long, int*, int, int)",24083,6448491118284065,6448491118294000,0,136,416,1,1,416,1,1
"KERNEL_DISPATCH",1,1,234879,274,904,"Cijk_Ailk_Bljk_DB_MT64x32x32_MI16x16x4x1_SN_1LDSB1_APM1_ABV0_ACED0_AF0EM2_AF1EM2_AMAS3_ASE_ASGT_ASLT_ASM_ASAE01_ASCE01_ASEM2_AAC0_BL1_BS1_CLR0_DTLA0_DTLB0_DTVA0_DTVB0_DVO0_ETSP_EPS1_ELFLR0_EMLL0_FSSC10_FL0_GLVWA2_GLVWB2_GRCGA1_GRCGB1_GRPM1_GRVW2_GSU1_GSUASB_GLS0_ISA942_IU1_K1_KLA_LBSPPA0_LBSPPB256_LPA0_LPB4_LDL1_LRVW2_LWPMn1_LDW0_FMA_MIAV1_MDA2_MO40_MMFSC_MKFGSU256_NTA0_NTB0_NTC3_NTD3_NEPBS0_NLCA1_NLCB1_ONLL1_OPLV0_PK0_PAP0_PGR2_PLR9_PKA0_SIA3_SLW1_SS1_SU0_SUM0_SUS0_SCIUI1_SPO1_SRVW0_SSO6_SVW2_SNLL0_TSGRA0_TSGRB0_TT2_16_TLDS1_UMLDSA0_UMLDSB1_U64SL1_USFGROn1_VAW1_VSn1_VW2_VWB1_VFLRP0_WSGRA0_WSGRB0_WS64_WG32_8_1_WGM6",24080,6448491118280109,6448491118284236,0,25600,256,1,1,1792,13,1
"KERNEL_DISPATCH",1,1,234879,276,185,"void rocsolver::v32802::unit_forward_substitution_kernel<double, int, double*>(int, int, double*, int, int, long, long, double*, int, int, long, long)",24088,6448491118292717,6448491118302853,0,512,16,64,1,16,448,1
"KERNEL_DISPATCH",1,1,234879,277,904,"Cijk_Ailk_Bljk_DB_MT64x32x32_MI16x16x4x1_SN_1LDSB1_APM1_ABV0_ACED0_AF0EM2_AF1EM2_AMAS3_ASE_ASGT_ASLT_ASM_ASAE01_ASCE01_ASEM2_AAC0_BL1_BS1_CLR0_DTLA0_DTLB0_DTVA0_DTVB0_DVO0_ETSP_EPS1_ELFLR0_EMLL0_FSSC10_FL0_GLVWA2_GLVWB2_GRCGA1_GRCGB1_GRPM1_GRVW2_GSU1_GSUASB_GLS0_ISA942_IU1_K1_KLA_LBSPPA0_LBSPPB256_LPA0_LPB4_LDL1_LRVW2_LWPMn1_LDW0_FMA_MIAV1_MDA2_MO40_MMFSC_MKFGSU256_NTA0_NTB0_NTC3_NTD3_NEPBS0_NLCA1_NLCB1_ONLL1_OPLV0_PK0_PAP0_PGR2_PLR9_PKA0_SIA3_SLW1_SS1_SU0_SUM0_SUS0_SCIUI1_SPO1_SRVW0_SSO6_SVW2_SNLL0_TSGRA0_TSGRB0_TT2_16_TLDS1_UMLDSA0_UMLDSB1_U64SL1_USFGROn1_VAW1_VSn1_VW2_VWB1_VFLRP0_WSGRA0_WSGRB0_WS64_WG32_8_1_WGM6",24091,6448491118303524,6448491118308091,0,25600,256,1,1,1792,13,1
"KERNEL_DISPATCH",1,1,234879,280,904,"Cijk_Ailk_Bljk_DB_MT64x32x32_MI16x16x4x1_SN_1LDSB1_APM1_ABV0_ACED0_AF0EM2_AF1EM2_AMAS3_ASE_ASGT_ASLT_ASM_ASAE01_ASCE01_ASEM2_AAC0_BL1_BS1_CLR0_DTLA0_DTLB0_DTVA0_DTVB0_DVO0_ETSP_EPS1_ELFLR0_EMLL0_FSSC10_FL0_GLVWA2_GLVWB2_GRCGA1_GRCGB1_GRPM1_GRVW2_GSU1_GSUASB_GLS0_ISA942_IU1_K1_KLA_LBSPPA0_LBSPPB256_LPA0_LPB4_LDL1_LRVW2_LWPMn1_LDW0_FMA_MIAV1_MDA2_MO40_MMFSC_MKFGSU256_NTA0_NTB0_NTC3_NTD3_NEPBS0_NLCA1_NLCB1_ONLL1_OPLV0_PK0_PAP0_PGR2_PLR9_PKA0_SIA3_SLW1_SS1_SU0_SUM0_SUS0_SCIUI1_SPO1_SRVW0_SSO6_SVW2_SNLL0_TSGRA0_TSGRB0_TT2_16_TLDS1_UMLDSA0_UMLDSB1_U64SL1_USFGROn1_VAW1_VSn1_VW2_VWB1_VFLRP0_WSGRA0_WSGRB0_WS64_WG32_8_1_WGM6",24102,6448491118328063,6448491118331789,0,25600,256,1,1,1536,12,1
"KERNEL_DISPATCH",1,1,234879,279,185,"void rocsolver::v32802::unit_forward_substitution_kernel<double, int, double*>(int, int, double*, int, int, long, long, double*, int, int, long, long)",24099,6448491118318528,6448491118328063,0,512,16,64,1,16,384,1
"KERNEL_DISPATCH",1,1,234879,278,68,"void rocsolver::v32802::getf2_npvt_small_kernel<16, double, int, int, double*>(int, double*, long, int, long, int*, int, int)",24094,6448491118308874,6448491118318528,0,136,400,1,1,400,1,1
"KERNEL_DISPATCH",1,1,234879,285,185,"void rocsolver::v32802::unit_forward_substitution_kernel<double, int, double*>(int, int, double*, int, int, long, long, double*, int, int, long, long)",24121,6448491118370969,6448491118380343,0,512,16,64,1,16,384,1
"KERNEL_DISPATCH",1,1,234879,284,68,"void rocsolver::v32802::getf2_npvt_small_kernel<16, double, int, int, double*>(int, double*, long, int, long, int*, int, int)",24116,6448491118361634,6448491118370969,0,136,368,1,1,368,1,1
"KERNEL_DISPATCH",1,1,234879,283,820,"Cijk_Ailk_Bljk_DB_MT128x64x16_MI16x16x4x1_SN_1LDSB1_APM1_ABV0_ACED0_AF0EM2_AF1EM2_AMAS3_ASE_ASGT_ASLT_ASM_ASAE01_ASCE01_ASEM2_AAC0_BL1_BS1_CLR0_DTLA0_DTLB0_DTVA1_DTVB0_DVO0_ETSP_EPS1_ELFLR0_EMLL0_FSSC10_FL0_GLVWA2_GLVWB2_GRCGA1_GRCGB1_GRPM1_GRVW2_GSU1_GSUASB_GLS0_ISA942_IU1_K1_KLA_LBSPPA0_LBSPPB0_LPA0_LPB2_LDL1_LRVW1_LWPMn1_LDW0_FMA_MIAV1_MDA2_MO40_MMFSC_MKFGSU256_NTA0_NTB0_NTC3_NTD3_NEPBS4_NLCA1_NLCB1_ONLL1_OPLV0_PK0_PAP0_PGR2_PLR1_PKA0_SIA3_SLW1_SS1_SU0_SUM0_SUS0_SCIUI1_SPO1_SRVW0_SSO6_SVW2_SNLL0_TSGRA0_TSGRB0_TT2_64_TLDS0_UMLDSA0_UMLDSB0_U64SL1_USFGROn1_VAW1_VSn1_VW2_VWB1_VFLRP0_WSGRA0_WSGRB0_WS64_WG64_4_1_WGM12",24113,6448491118351579,6448491118361634,0,8448,256,1,1,768,6,1
"KERNEL_DISPATCH",1,1,234879,282,185,"void rocsolver::v32802::unit_forward_substitution_kernel<double, int, double*>(int, int, double*, int, int, long, long, double*, int, int, long, long)",24110,6448491118341403,6448491118351579,0,512,16,64,1,16,384,1
"KERNEL_DISPATCH",1,1,234879,281,68,"void rocsolver::v32802::getf2_npvt_small_kernel<16, double, int, int, double*>(int, double*, long, int, long, int*, int, int)",24105,6448491118331789,6448491118341403,0,136,384,1,1,384,1,1
"KERNEL_DISPATCH",1,1,234879,289,820,"Cijk_Ailk_Bljk_DB_MT128x64x16_MI16x16x4x1_SN_1LDSB1_APM1_ABV0_ACED0_AF0EM2_AF1EM2_AMAS3_ASE_ASGT_ASLT_ASM_ASAE01_ASCE01_ASEM2_AAC0_BL1_BS1_CLR0_DTLA0_DTLB0_DTVA1_DTVB0_DVO0_ETSP_EPS1_ELFLR0_EMLL0_FSSC10_FL0_GLVWA2_GLVWB2_GRCGA1_GRCGB1_GRPM1_GRVW2_GSU1_GSUASB_GLS0_ISA942_IU1_K1_KLA_LBSPPA0_LBSPPB0_LPA0_LPB2_LDL1_LRVW1_LWPMn1_LDW0_FMA_MIAV1_MDA2_MO40_MMFSC_MKFGSU256_NTA0_NTB0_NTC3_NTD3_NEPBS4_NLCA1_NLCB1_ONLL1_OPLV0_PK0_PAP0_PGR2_PLR1_PKA0_SIA3_SLW1_SS1_SU0_SUM0_SUS0_SCIUI1_SPO1_SRVW0_SSO6_SVW2_SNLL0_TSGRA0_TSGRB0_TT2_64_TLDS0_UMLDSA0_UMLDSB0_U64SL1_USFGROn1_VAW1_VSn1_VW2_VWB1_VFLRP0_WSGRA0_WSGRB0_WS64_WG64_4_1_WGM12",24135,6448491118409067,6448491118416038,0,8448,256,1,1,768,6,1
"KERNEL_DISPATCH",1,1,234879,288,185,"void rocsolver::v32802::unit_forward_substitution_kernel<double, int, double*>(int, int, double*, int, int, long, long, double*, int, int, long, long)",24132,6448491118398771,6448491118409067,0,512,16,64,1,16,384,1
"KERNEL_DISPATCH",1,1,234879,287,68,"void rocsolver::v32802::getf2_npvt_small_kernel<16, double, int, int, double*>(int, double*, long, int, long, int*, int, int)",24127,6448491118389197,6448491118398771,0,136,352,1,1,352,1,1
"KERNEL_DISPATCH",1,1,234879,286,820,"Cijk_Ailk_Bljk_DB_MT128x64x16_MI16x16x4x1_SN_1LDSB1_APM1_ABV0_ACED0_AF0EM2_AF1EM2_AMAS3_ASE_ASGT_ASLT_ASM_ASAE01_ASCE01_ASEM2_AAC0_BL1_BS1_CLR0_DTLA0_DTLB0_DTVA1_DTVB0_DVO0_ETSP_EPS1_ELFLR0_EMLL0_FSSC10_FL0_GLVWA2_GLVWB2_GRCGA1_GRCGB1_GRPM1_GRVW2_GSU1_GSUASB_GLS0_ISA942_IU1_K1_KLA_LBSPPA0_LBSPPB0_LPA0_LPB2_LDL1_LRVW1_LWPMn1_LDW0_FMA_MIAV1_MDA2_MO40_MMFSC_MKFGSU256_NTA0_NTB0_NTC3_NTD3_NEPBS4_NLCA1_NLCB1_ONLL1_OPLV0_PK0_PAP0_PGR2_PLR1_PKA0_SIA3_SLW1_SS1_SU0_SUM0_SUS0_SCIUI1_SPO1_SRVW0_SSO6_SVW2_SNLL0_TSGRA0_TSGRB0_TT2_64_TLDS0_UMLDSA0_UMLDSB0_U64SL1_USFGROn1_VAW1_VSn1_VW2_VWB1_VFLRP0_WSGRA0_WSGRB0_WS64_WG64_4_1_WGM12",24124,6448491118380343,6448491118389197,0,8448,256,1,1,768,6,1
"KERNEL_DISPATCH",1,1,234879,293,68,"void rocsolver::v32802::getf2_npvt_small_kernel<16, double, int, int, double*>(int, double*, long, int, long, int*, int, int)",24149,6448491118443240,6448491118452654,0,136,320,1,1,320,1,1
"KERNEL_DISPATCH",1,1,234879,294,185,"void rocsolver::v32802::unit_forward_substitution_kernel<double, int, double*>(int, int, double*, int, int, long, long, double*, int, int, long, long)",24154,6448491118451931,6448491118462067,0,512,16,64,1,16,320,1
"KERNEL_DISPATCH",1,1,234879,290,68,"void rocsolver::v32802::getf2_npvt_small_kernel<16, double, int, int, double*>(int, double*, long, int, long, int*, int, int)",24138,6448491118416038,6448491118426133,0,136,336,1,1,336,1,1
"KERNEL_DISPATCH",1,1,234879,291,185,"void rocsolver::v32802::unit_forward_substitution_kernel<double, int, double*>(int, int, double*, int, int, long, long, double*, int, int, long, long)",24143,6448491118426133,6448491118436269,0,512,16,64,1,16,320,1
"KERNEL_DISPATCH",1,1,234879,292,820,"Cijk_Ailk_Bljk_DB_MT128x64x16_MI16x16x4x1_SN_1LDSB1_APM1_ABV0_ACED0_AF0EM2_AF1EM2_AMAS3_ASE_ASGT_ASLT_ASM_ASAE01_ASCE01_ASEM2_AAC0_BL1_BS1_CLR0_DTLA0_DTLB0_DTVA1_DTVB0_DVO0_ETSP_EPS1_ELFLR0_EMLL0_FSSC10_FL0_GLVWA2_GLVWB2_GRCGA1_GRCGB1_GRPM1_GRVW2_GSU1_GSUASB_GLS0_ISA942_IU1_K1_KLA_LBSPPA0_LBSPPB0_LPA0_LPB2_LDL1_LRVW1_LWPMn1_LDW0_FMA_MIAV1_MDA2_MO40_MMFSC_MKFGSU256_NTA0_NTB0_NTC3_NTD3_NEPBS4_NLCA1_NLCB1_ONLL1_OPLV0_PK0_PAP0_PGR2_PLR1_PKA0_SIA3_SLW1_SS1_SU0_SUM0_SUS0_SCIUI1_SPO1_SRVW0_SSO6_SVW2_SNLL0_TSGRA0_TSGRB0_TT2_64_TLDS0_UMLDSA0_UMLDSB0_U64SL1_USFGROn1_VAW1_VSn1_VW2_VWB1_VFLRP0_WSGRA0_WSGRB0_WS64_WG64_4_1_WGM12",24146,6448491118436269,6448491118443240,0,8448,256,1,1,768,5,1
"KERNEL_DISPATCH",1,1,234879,296,68,"void rocsolver::v32802::getf2_npvt_small_kernel<16, double, int, int, double*>(int, double*, long, int, long, int*, int, int)",24160,6448491118469640,6448491118478814,0,136,304,1,1,304,1,1
"KERNEL_DISPATCH",1,1,234879,299,68,"void rocsolver::v32802::getf2_npvt_small_kernel<16, double, int, int, double*>(int, double*, long, int, long, int*, int, int)",24171,6448491118495640,6448491118504493,0,136,288,1,1,288,1,1
"KERNEL_DISPATCH",1,1,234879,298,820,"Cijk_Ailk_Bljk_DB_MT128x64x16_MI16x16x4x1_SN_1LDSB1_APM1_ABV0_ACED0_AF0EM2_AF1EM2_AMAS3_ASE_ASGT_ASLT_ASM_ASAE01_ASCE01_ASEM2_AAC0_BL1_BS1_CLR0_DTLA0_DTLB0_DTVA1_DTVB0_DVO0_ETSP_EPS1_ELFLR0_EMLL0_FSSC10_FL0_GLVWA2_GLVWB2_GRCGA1_GRCGB1_GRPM1_GRVW2_GSU1_GSUASB_GLS0_ISA942_IU1_K1_KLA_LBSPPA0_LBSPPB0_LPA0_LPB2_LDL1_LRVW1_LWPMn1_LDW0_FMA_MIAV1_MDA2_MO40_MMFSC_MKFGSU256_NTA0_NTB0_NTC3_NTD3_NEPBS4_NLCA1_NLCB1_ONLL1_OPLV0_PK0_PAP0_PGR2_PLR1_PKA0_SIA3_SLW1_SS1_SU0_SUM0_SUS0_SCIUI1_SPO1_SRVW0_SSO6_SVW2_SNLL0_TSGRA0_TSGRB0_TT2_64_TLDS0_UMLDSA0_UMLDSB0_U64SL1_USFGROn1_VAW1_VSn1_VW2_VWB1_VFLRP0_WSGRA0_WSGRB0_WS64_WG64_4_1_WGM12",24168,6448491118488990,6448491118495640,0,8448,256,1,1,768,5,1
"KERNEL_DISPATCH",1,1,234879,297,185,"void rocsolver::v32802::unit_forward_substitution_kernel<double, int, double*>(int, int, double*, int, int, long, long, double*, int, int, long, long)",24165,6448491118478814,6448491118488990,0,512,16,64,1,16,320,1
"KERNEL_DISPATCH",1,1,234879,295,820,"Cijk_Ailk_Bljk_DB_MT128x64x16_MI16x16x4x1_SN_1LDSB1_APM1_ABV0_ACED0_AF0EM2_AF1EM2_AMAS3_ASE_ASGT_ASLT_ASM_ASAE01_ASCE01_ASEM2_AAC0_BL1_BS1_CLR0_DTLA0_DTLB0_DTVA1_DTVB0_DVO0_ETSP_EPS1_ELFLR0_EMLL0_FSSC10_FL0_GLVWA2_GLVWB2_GRCGA1_GRCGB1_GRPM1_GRVW2_GSU1_GSUASB_GLS0_ISA942_IU1_K1_KLA_LBSPPA0_LBSPPB0_LPA0_LPB2_LDL1_LRVW1_LWPMn1_LDW0_FMA_MIAV1_MDA2_MO40_MMFSC_MKFGSU256_NTA0_NTB0_NTC3_NTD3_NEPBS4_NLCA1_NLCB1_ONLL1_OPLV0_PK0_PAP0_PGR2_PLR1_PKA0_SIA3_SLW1_SS1_SU0_SUM0_SUS0_SCIUI1_SPO1_SRVW0_SSO6_SVW2_SNLL0_TSGRA0_TSGRB0_TT2_64_TLDS0_UMLDSA0_UMLDSB0_U64SL1_USFGROn1_VAW1_VSn1_VW2_VWB1_VFLRP0_WSGRA0_WSGRB0_WS64_WG64_4_1_WGM12",24157,6448491118462790,6448491118469640,0,8448,256,1,1,768,5,1
"KERNEL_DISPATCH",1,1,234879,300,185,"void rocsolver::v32802::unit_forward_substitution_kernel<double, int, double*>(int, int, double*, int, int, long, long, double*, int, int, long, long)",24176,6448491118512305,6448491118522681,0,512,16,64,1,16,320,1
"KERNEL_DISPATCH",1,1,234879,302,68,"void rocsolver::v32802::getf2_npvt_small_kernel<16, double, int, int, double*>(int, double*, long, int, long, int*, int, int)",24182,6448491118546197,6448491118555612,0,136,272,1,1,272,1,1
"KERNEL_DISPATCH",1,1,234879,301,773,"Cijk_Ailk_Bljk_DB_MT64x64x16_MI16x16x4x1_SN_1LDSB1_APM1_ABV0_ACED0_AF0EM2_AF1EM2_AMAS3_ASE_ASGT_ASLT_ASM_ASAE01_ASCE01_ASEM2_AAC0_BL1_BS1_CLR0_DTLA0_DTLB0_DTVA0_DTVB0_DVO0_ETSP_EPS1_ELFLR0_EMLL0_FSSC10_FL0_GLVWA2_GLVWB2_GRCGA1_GRCGB1_GRPM1_GRVW2_GSU1_GSUASB_GLS0_ISA942_IU1_K1_KLA_LBSPPA0_LBSPPB128_LPA0_LPB2_LDL1_LRVW1_LWPMn1_LDW0_FMA_MIAV1_MDA2_MO40_MMFSC_MKFGSU256_NTA0_NTB0_NTC3_NTD3_NEPBS4_NLCA1_NLCB1_ONLL1_OPLV0_PK0_PAP0_PGR2_PLR5_PKA0_SIA3_SLW1_SS1_SU0_SUM0_SUS0_SCIUI1_SPO1_SRVW0_SSO6_SVW2_SNLL0_TSGRA0_TSGRB0_TT2_32_TLDS1_UMLDSA0_UMLDSB1_U64SL1_USFGROn1_VAW1_VSn1_VW2_VWB1_VFLRP0_WSGRA0_WSGRB0_WS64_WG32_8_1_WGM6",24179,6448491118532176,6448491118539227,0,17408,256,1,1,1280,5,1
"KERNEL_DISPATCH",1,1,234879,303,185,"void rocsolver::v32802::unit_forward_substitution_kernel<double, int, double*>(int, int, double*, int, int, long, long, double*, int, int, long, long)",24187,6448491118576433,6448491118586048,0,512,16,64,1,16,256,1
"KERNEL_DISPATCH",1,1,234879,304,773,"Cijk_Ailk_Bljk_DB_MT64x64x16_MI16x16x4x1_SN_1LDSB1_APM1_ABV0_ACED0_AF0EM2_AF1EM2_AMAS3_ASE_ASGT_ASLT_ASM_ASAE01_ASCE01_ASEM2_AAC0_BL1_BS1_CLR0_DTLA0_DTLB0_DTVA0_DTVB0_DVO0_ETSP_EPS1_ELFLR0_EMLL0_FSSC10_FL0_GLVWA2_GLVWB2_GRCGA1_GRCGB1_GRPM1_GRVW2_GSU1_GSUASB_GLS0_ISA942_IU1_K1_KLA_LBSPPA0_LBSPPB128_LPA0_LPB2_LDL1_LRVW1_LWPMn1_LDW0_FMA_MIAV1_MDA2_MO40_MMFSC_MKFGSU256_NTA0_NTB0_NTC3_NTD3_NEPBS4_NLCA1_NLCB1_ONLL1_OPLV0_PK0_PAP0_PGR2_PLR5_PKA0_SIA3_SLW1_SS1_SU0_SUM0_SUS0_SCIUI1_SPO1_SRVW0_SSO6_SVW2_SNLL0_TSGRA0_TSGRB0_TT2_32_TLDS1_UMLDSA0_UMLDSB1_U64SL1_USFGROn1_VAW1_VSn1_VW2_VWB1_VFLRP0_WSGRA0_WSGRB0_WS64_WG32_8_1_WGM6",24190,6448491118597156,6448491118602764,0,17408,256,1,1,1024,4,1
"KERNEL_DISPATCH",1,1,234879,305,68,"void rocsolver::v32802::getf2_npvt_small_kernel<16, double, int, int, double*>(int, double*, long, int, long, int*, int, int)",24193,6448491118611377,6448491118620471,0,136,256,1,1,256,1,1
"KERNEL_DISPATCH",1,1,234879,306,185,"void rocsolver::v32802::unit_forward_substitution_kernel<double, int, double*>(int, int, double*, int, int, long, long, double*, int, int, long, long)",24198,6448491118628243,6448491118638379,0,512,16,64,1,16,256,1
"KERNEL_DISPATCH",1,1,234879,307,773,"Cijk_Ailk_Bljk_DB_MT64x64x16_MI16x16x4x1_SN_1LDSB1_APM1_ABV0_ACED0_AF0EM2_AF1EM2_AMAS3_ASE_ASGT_ASLT_ASM_ASAE01_ASCE01_ASEM2_AAC0_BL1_BS1_CLR0_DTLA0_DTLB0_DTVA0_DTVB0_DVO0_ETSP_EPS1_ELFLR0_EMLL0_FSSC10_FL0_GLVWA2_GLVWB2_GRCGA1_GRCGB1_GRPM1_GRVW2_GSU1_GSUASB_GLS0_ISA942_IU1_K1_KLA_LBSPPA0_LBSPPB128_LPA0_LPB2_LDL1_LRVW1_LWPMn1_LDW0_FMA_MIAV1_MDA2_MO40_MMFSC_MKFGSU256_NTA0_NTB0_NTC3_NTD3_NEPBS4_NLCA1_NLCB1_ONLL1_OPLV0_PK0_PAP0_PGR2_PLR5_PKA0_SIA3_SLW1_SS1_SU0_SUM0_SUS0_SCIUI1_SPO1_SRVW0_SSO6_SVW2_SNLL0_TSGRA0_TSGRB0_TT2_32_TLDS1_UMLDSA0_UMLDSB1_U64SL1_USFGROn1_VAW1_VSn1_VW2_VWB1_VFLRP0_WSGRA0_WSGRB0_WS64_WG32_8_1_WGM6",24201,6448491118646631,6448491118651879,0,17408,256,1,1,1024,4,1
"KERNEL_DISPATCH",1,1,234879,308,68,"void rocsolver::v32802::getf2_npvt_small_kernel<16, double, int, int, double*>(int, double*, long, int, long, int*, int, int)",24204,6448491118661294,6448491118670428,0,136,240,1,1,240,1,1
"KERNEL_DISPATCH",1,1,234879,309,185,"void rocsolver::v32802::unit_forward_substitution_kernel<double, int, double*>(int, int, double*, int, int, long, long, double*, int, int, long, long)",24209,6448491118677719,6448491118687334,0,512,16,64,1,16,256,1
"KERNEL_DISPATCH",1,1,234879,310,773,"Cijk_Ailk_Bljk_DB_MT64x64x16_MI16x16x4x1_SN_1LDSB1_APM1_ABV0_ACED0_AF0EM2_AF1EM2_AMAS3_ASE_ASGT_ASLT_ASM_ASAE01_ASCE01_ASEM2_AAC0_BL1_BS1_CLR0_DTLA0_DTLB0_DTVA0_DTVB0_DVO0_ETSP_EPS1_ELFLR0_EMLL0_FSSC10_FL0_GLVWA2_GLVWB2_GRCGA1_GRCGB1_GRPM1_GRVW2_GSU1_GSUASB_GLS0_ISA942_IU1_K1_KLA_LBSPPA0_LBSPPB128_LPA0_LPB2_LDL1_LRVW1_LWPMn1_LDW0_FMA_MIAV1_MDA2_MO40_MMFSC_MKFGSU256_NTA0_NTB0_NTC3_NTD3_NEPBS4_NLCA1_NLCB1_ONLL1_OPLV0_PK0_PAP0_PGR2_PLR5_PKA0_SIA3_SLW1_SS1_SU0_SUM0_SUS0_SCIUI1_SPO1_SRVW0_SSO6_SVW2_SNLL0_TSGRA0_TSGRB0_TT2_32_TLDS1_UMLDSA0_UMLDSB1_U64SL1_USFGROn1_VAW1_VSn1_VW2_VWB1_VFLRP0_WSGRA0_WSGRB0_WS64_WG32_8_1_WGM6",24212,6448491118697950,6448491118703479,0,17408,256,1,1,1024,4,1
"KERNEL_DISPATCH",1,1,234879,311,68,"void rocsolver::v32802::getf2_npvt_small_kernel<16, double, int, int, double*>(int, double*, long, int, long, int*, int, int)",24215,6448491118712111,6448491118721525,0,136,224,1,1,224,1,1
"KERNEL_DISPATCH",1,1,234879,312,185,"void rocsolver::v32802::unit_forward_substitution_kernel<double, int, double*>(int, int, double*, int, int, long, long, double*, int, int, long, long)",24220,6448491118729658,6448491118740274,0,512,16,64,1,16,256,1
"KERNEL_DISPATCH",1,1,234879,313,773,"Cijk_Ailk_Bljk_DB_MT64x64x16_MI16x16x4x1_SN_1LDSB1_APM1_ABV0_ACED0_AF0EM2_AF1EM2_AMAS3_ASE_ASGT_ASLT_ASM_ASAE01_ASCE01_ASEM2_AAC0_BL1_BS1_CLR0_DTLA0_DTLB0_DTVA0_DTVB0_DVO0_ETSP_EPS1_ELFLR0_EMLL0_FSSC10_FL0_GLVWA2_GLVWB2_GRCGA1_GRCGB1_GRPM1_GRVW2_GSU1_GSUASB_GLS0_ISA942_IU1_K1_KLA_LBSPPA0_LBSPPB128_LPA0_LPB2_LDL1_LRVW1_LWPMn1_LDW0_FMA_MIAV1_MDA2_MO40_MMFSC_MKFGSU256_NTA0_NTB0_NTC3_NTD3_NEPBS4_NLCA1_NLCB1_ONLL1_OPLV0_PK0_PAP0_PGR2_PLR5_PKA0_SIA3_SLW1_SS1_SU0_SUM0_SUS0_SCIUI1_SPO1_SRVW0_SSO6_SVW2_SNLL0_TSGRA0_TSGRB0_TT2_32_TLDS1_UMLDSA0_UMLDSB1_U64SL1_USFGROn1_VAW1_VSn1_VW2_VWB1_VFLRP0_WSGRA0_WSGRB0_WS64_WG32_8_1_WGM6",24223,6448491118749309,6448491118754156,0,17408,256,1,1,1024,4,1
"KERNEL_DISPATCH",1,1,234879,314,68,"void rocsolver::v32802::getf2_npvt_small_kernel<16, double, int, int, double*>(int, double*, long, int, long, int*, int, int)",24226,6448491118761968,6448491118770982,0,136,208,1,1,208,1,1
"KERNEL_DISPATCH",1,1,234879,315,185,"void rocsolver::v32802::unit_forward_substitution_kernel<double, int, double*>(int, int, double*, int, int, long, long, double*, int, int, long, long)",24231,6448491118772974,6448491118783510,0,512,16,64,1,16,192,1
"KERNEL_DISPATCH",1,1,234879,316,773,"Cijk_Ailk_Bljk_DB_MT64x64x16_MI16x16x4x1_SN_1LDSB1_APM1_ABV0_ACED0_AF0EM2_AF1EM2_AMAS3_ASE_ASGT_ASLT_ASM_ASAE01_ASCE01_ASEM2_AAC0_BL1_BS1_CLR0_DTLA0_DTLB0_DTVA0_DTVB0_DVO0_ETSP_EPS1_ELFLR0_EMLL0_FSSC10_FL0_GLVWA2_GLVWB2_GRCGA1_GRCGB1_GRPM1_GRVW2_GSU1_GSUASB_GLS0_ISA942_IU1_K1_KLA_LBSPPA0_LBSPPB128_LPA0_LPB2_LDL1_LRVW1_LWPMn1_LDW0_FMA_MIAV1_MDA2_MO40_MMFSC_MKFGSU256_NTA0_NTB0_NTC3_NTD3_NEPBS4_NLCA1_NLCB1_ONLL1_OPLV0_PK0_PAP0_PGR2_PLR5_PKA0_SIA3_SLW1_SS1_SU0_SUM0_SUS0_SCIUI1_SPO1_SRVW0_SSO6_SVW2_SNLL0_TSGRA0_TSGRB0_TT2_32_TLDS1_UMLDSA0_UMLDSB1_U64SL1_USFGROn1_VAW1_VSn1_VW2_VWB1_VFLRP0_WSGRA0_WSGRB0_WS64_WG32_8_1_WGM6",24234,6448491118800067,6448491118805355,0,17408,256,1,1,768,3,1
"KERNEL_DISPATCH",1,1,234879,317,68,"void rocsolver::v32802::getf2_npvt_small_kernel<16, double, int, int, double*>(int, double*, long, int, long, int*, int, int)",24237,6448491118809561,6448491118818174,0,136,192,1,1,192,1,1
"KERNEL_DISPATCH",1,1,234879,318,185,"void rocsolver::v32802::unit_forward_substitution_kernel<double, int, double*>(int, int, double*, int, int, long, long, double*, int, int, long, long)",24242,6448491118821179,6448491118831675,0,512,16,64,1,16,192,1
"KERNEL_DISPATCH",1,1,234879,319,977,"Cijk_Ailk_Bljk_DB_MT128x64x16_MI16x16x4x1_SN_1LDSB1_APM1_ABV0_ACED0_AF0EM2_AF1EM2_AMAS3_ASE_ASGT_ASLT_ASM_ASAE01_ASCE01_ASEM2_AAC0_BL1_BS1_CLR0_DTLA0_DTLB0_DTVA1_DTVB0_DVO0_ETSP_EPS1_ELFLR0_EMLL0_FSSC10_FL0_GLVWA2_GLVWB2_GRCGA1_GRCGB1_GRPM1_GRVW2_GSU1_GSUASB_GLS0_ISA942_IU1_K1_KLA_LBSPPA0_LBSPPB0_LPA0_LPB2_LDL1_LRVW1_LWPMn1_LDW0_FMA_MIAV1_MDA2_MO40_MMFSC_MKFGSU256_NTA0_NTB0_NTC3_NTD3_NEPBS4_NLCA1_NLCB1_ONLL1_OPLV0_PK0_PAP0_PGR2_PLR5_PKA0_SIA3_SLW1_SS1_SU0_SUM0_SUS0_SCIUI1_SPO1_SRVW0_SSO6_SVW2_SNLL0_TSGRA0_TSGRB0_TT2_64_TLDS0_UMLDSA0_UMLDSB0_U64SL1_USFGROn1_VAW1_VSn1_VW2_VWB1_VFLRP0_WSGRA0_WSGRB0_WS64_WG64_4_1_WGM6",24245,6448491118841650,6448491118853469,0,8448,256,1,1,512,3,1
"KERNEL_DISPATCH",1,1,234879,320,68,"void rocsolver::v32802::getf2_npvt_small_kernel<16, double, int, int, double*>(int, double*, long, int, long, int*, int, int)",24248,6448491118854229,6448491118863042,0,136,176,1,1,176,1,1
"KERNEL_DISPATCH",1,1,234879,321,185,"void rocsolver::v32802::unit_forward_substitution_kernel<double, int, double*>(int, int, double*, int, int, long, long, double*, int, int, long, long)",24253,6448491118871956,6448491118881651,0,512,16,64,1,16,192,1
"KERNEL_DISPATCH",1,1,234879,322,977,"Cijk_Ailk_Bljk_DB_MT128x64x16_MI16x16x4x1_SN_1LDSB1_APM1_ABV0_ACED0_AF0EM2_AF1EM2_AMAS3_ASE_ASGT_ASLT_ASM_ASAE01_ASCE01_ASEM2_AAC0_BL1_BS1_CLR0_DTLA0_DTLB0_DTVA1_DTVB0_DVO0_ETSP_EPS1_ELFLR0_EMLL0_FSSC10_FL0_GLVWA2_GLVWB2_GRCGA1_GRCGB1_GRPM1_GRVW2_GSU1_GSUASB_GLS0_ISA942_IU1_K1_KLA_LBSPPA0_LBSPPB0_LPA0_LPB2_LDL1_LRVW1_LWPMn1_LDW0_FMA_MIAV1_MDA2_MO40_MMFSC_MKFGSU256_NTA0_NTB0_NTC3_NTD3_NEPBS4_NLCA1_NLCB1_ONLL1_OPLV0_PK0_PAP0_PGR2_PLR5_PKA0_SIA3_SLW1_SS1_SU0_SUM0_SUS0_SCIUI1_SPO1_SRVW0_SSO6_SVW2_SNLL0_TSGRA0_TSGRB0_TT2_64_TLDS0_UMLDSA0_UMLDSB0_U64SL1_USFGROn1_VAW1_VSn1_VW2_VWB1_VFLRP0_WSGRA0_WSGRB0_WS64_WG64_4_1_WGM6",24256,6448491118892208,6448491118900461,0,8448,256,1,1,512,3,1
"KERNEL_DISPATCH",1,1,234879,323,68,"void rocsolver::v32802::getf2_npvt_small_kernel<16, double, int, int, double*>(int, double*, long, int, long, int*, int, int)",24259,6448491118905188,6448491118915043,0,136,160,1,1,160,1,1
"KERNEL_DISPATCH",1,1,234879,324,185,"void rocsolver::v32802::unit_forward_substitution_kernel<double, int, double*>(int, int, double*, int, int, long, long, double*, int, int, long, long)",24264,6448491118918769,6448491118929465,0,512,16,64,1,16,192,1
"KERNEL_DISPATCH",1,1,234879,325,817,"Cijk_Ailk_Bljk_DB_MT128x64x16_MI16x16x4x1_SN_1LDSB1_APM1_ABV0_ACED0_AF0EM2_AF1EM2_AMAS3_ASE_ASGT_ASLT_ASM_ASAE01_ASCE01_ASEM2_AAC0_BL1_BS1_CLR0_DTLA0_DTLB0_DTVA0_DTVB0_DVO0_ETSP_EPS1_ELFLR0_EMLL0_FSSC10_FL0_GLVWA2_GLVWB2_GRCGA1_GRCGB1_GRPM1_GRVW2_GSU1_GSUASB_GLS0_ISA942_IU1_K1_KLA_LBSPPA0_LBSPPB0_LPA0_LPB2_LDL1_LRVW1_LWPMn1_LDW0_FMA_MIAV1_MDA2_MO40_MMFSC_MKFGSU256_NTA0_NTB0_NTC3_NTD3_NEPBS0_NLCA1_NLCB1_ONLL1_OPLV0_PK0_PAP0_PGR2_PLR5_PKA0_SIA3_SLW1_SS1_SU0_SUM0_SUS0_SCIUI1_SPO1_SRVW0_SSO6_SVW2_SNLL0_TSGRA0_TSGRB0_TT2_64_TLDS0_UMLDSA0_UMLDSB0_U64SL1_USFGROn1_VAW1_VSn1_VW2_VWB1_VFLRP0_WSGRA0_WSGRB0_WS64_WG64_4_1_WGM6",24267,6448491118934433,6448491118944528,0,24832,256,1,1,512,3,1
"KERNEL_DISPATCH",1,1,234879,326,68,"void rocsolver::v32802::getf2_npvt_small_kernel<16, double, int, int, double*>(int, double*, long, int, long, int*, int, int)",24270,6448491118947933,6448491118956386,0,136,144,1,1,144,1,1
"KERNEL_DISPATCH",1,1,234879,327,185,"void rocsolver::v32802::unit_forward_substitution_kernel<double, int, double*>(int, int, double*, int, int, long, long, double*, int, int, long, long)",24275,6448491118959430,6448491118970487,0,512,16,64,1,16,128,1
"KERNEL_DISPATCH",1,1,234879,328,817,"Cijk_Ailk_Bljk_DB_MT128x64x16_MI16x16x4x1_SN_1LDSB1_APM1_ABV0_ACED0_AF0EM2_AF1EM2_AMAS3_ASE_ASGT_ASLT_ASM_ASAE01_ASCE01_ASEM2_AAC0_BL1_BS1_CLR0_DTLA0_DTLB0_DTVA0_DTVB0_DVO0_ETSP_EPS1_ELFLR0_EMLL0_FSSC10_FL0_GLVWA2_GLVWB2_GRCGA1_GRCGB1_GRPM1_GRVW2_GSU1_GSUASB_GLS0_ISA942_IU1_K1_KLA_LBSPPA0_LBSPPB0_LPA0_LPB2_LDL1_LRVW1_LWPMn1_LDW0_FMA_MIAV1_MDA2_MO40_MMFSC_MKFGSU256_NTA0_NTB0_NTC3_NTD3_NEPBS0_NLCA1_NLCB1_ONLL1_OPLV0_PK0_PAP0_PGR2_PLR5_PKA0_SIA3_SLW1_SS1_SU0_SUM0_SUS0_SCIUI1_SPO1_SRVW0_SSO6_SVW2_SNLL0_TSGRA0_TSGRB0_TT2_64_TLDS0_UMLDSA0_UMLDSB0_U64SL1_USFGROn1_VAW1_VSn1_VW2_VWB1_VFLRP0_WSGRA0_WSGRB0_WS64_WG64_4_1_WGM6",24278,6448491118979422,6448491118985431,0,24832,256,1,1,256,2,1
"KERNEL_DISPATCH",1,1,234879,329,68,"void rocsolver::v32802::getf2_npvt_small_kernel<16, double, int, int, double*>(int, double*, long, int, long, int*, int, int)",24281,6448491118992562,6448491119000935,0,136,128,1,1,128,1,1
"KERNEL_DISPATCH",1,1,234879,330,185,"void rocsolver::v32802::unit_forward_substitution_kernel<double, int, double*>(int, int, double*, int, int, long, long, double*, int, int, long, long)",24286,6448491119003979,6448491119015036,0,512,16,64,1,16,128,1
"KERNEL_DISPATCH",1,1,234879,331,1178,"Cijk_Ailk_Bljk_DB_MT128x64x16_MI16x16x4x1_SN_1LDSB1_APM1_ABV0_ACED0_AF0EM2_AF1EM2_AMAS3_ASE_ASGT_ASLT_ASM_ASAE01_ASCE01_ASEM2_AAC0_BL1_BS1_CLR0_DTLA0_DTLB0_DTVA0_DTVB0_DVO0_ETSP_EPS1_ELFLR0_EMLL0_FSSC10_FL0_GLVWA2_GLVWB2_GRCGA1_GRCGB1_GRPM1_GRVW2_GSU1_GSUASB_GLS0_ISA942_IU1_K1_KLA_LBSPPA0_LBSPPB0_LPA0_LPB2_LDL1_LRVW1_LWPMn1_LDW0_FMA_MIAV1_MDA2_MO40_MMFSC_MKFGSU256_NTA0_NTB0_NTC3_NTD3_NEPBS0_NLCA1_NLCB1_ONLL1_OPLV0_PK0_PAP0_PGR2_PLR1_PKA0_SIA3_SLW1_SS1_SU0_SUM0_SUS0_SCIUI1_SPO1_SRVW0_SSO6_SVW2_SNLL0_TSGRA0_TSGRB0_TT2_64_TLDS0_UMLDSA0_UMLDSB0_U64SL1_USFGROn1_VAW1_VSn1_VW2_VWB1_VFLRP0_WSGRA0_WSGRB0_WS64_WG64_4_1_WGM6",24289,6448491119026975,6448491119036629,0,24832,256,1,1,256,2,1
"KERNEL_DISPATCH",1,1,234879,332,68,"void rocsolver::v32802::getf2_npvt_small_kernel<16, double, int, int, double*>(int, double*, long, int, long, int*, int, int)",24292,6448491119040194,6448491119049007,0,136,112,1,1,112,1,1
"KERNEL_DISPATCH",1,1,234879,333,185,"void rocsolver::v32802::unit_forward_substitution_kernel<double, int, double*>(int, int, double*, int, int, long, long, double*, int, int, long, long)",24297,6448491119054737,6448491119064592,0,512,16,64,1,16,128,1
"KERNEL_DISPATCH",1,1,234879,334,999,"Cijk_Ailk_Bljk_DB_MT128x64x16_MI16x16x4x1_SN_1LDSB1_APM1_ABV0_ACED0_AF0EM2_AF1EM2_AMAS3_ASE_ASGT_ASLT_ASM_ASAE01_ASCE01_ASEM2_AAC0_BL1_BS1_CLR0_DTLA0_DTLB0_DTVA1_DTVB0_DVO0_ETSP_EPS1_ELFLR0_EMLL0_FSSC10_FL0_GLVWA2_GLVWB2_GRCGA1_GRCGB1_GRPM1_GRVW2_GSU1_GSUASB_GLS0_ISA942_IU1_K1_KLA_LBSPPA0_LBSPPB0_LPA0_LPB2_LDL1_LRVW1_LWPMn1_LDW0_FMA_MIAV1_MDA2_MO40_MMFSC_MKFGSU256_NTA0_NTB0_NTC3_NTD3_NEPBS0_NLCA1_NLCB1_ONLL1_OPLV0_PK0_PAP0_PGR2_PLR5_PKA0_SIA3_SLW1_SS1_SU0_SUM0_SUS0_SCIUI1_SPO1_SRVW0_SSO6_SVW2_SNLL0_TSGRA0_TSGRB0_TT2_64_TLDS0_UMLDSA0_UMLDSB0_U64SL1_USFGROn1_VAW1_VSn1_VW2_VWB1_VFLRP0_WSGRA0_WSGRB0_WS64_WG64_4_1_WGM12",24300,6448491119073745,6448491119083721,0,8448,256,1,1,256,2,1
"KERNEL_DISPATCH",1,1,234879,335,68,"void rocsolver::v32802::getf2_npvt_small_kernel<16, double, int, int, double*>(int, double*, long, int, long, int*, int, int)",24303,6448491119085353,6448491119094487,0,136,96,1,1,96,1,1
"KERNEL_DISPATCH",1,1,234879,336,185,"void rocsolver::v32802::unit_forward_substitution_kernel<double, int, double*>(int, int, double*, int, int, long, long, double*, int, int, long, long)",24308,6448491119102130,6448491119112065,0,512,16,64,1,16,128,1
"KERNEL_DISPATCH",1,1,234879,337,759,"Cijk_Ailk_Bljk_DB_MT64x64x16_MI16x16x4x1_SN_1LDSB1_APM1_ABV0_ACED0_AF0EM2_AF1EM2_AMAS3_ASE_ASGT_ASLT_ASM_ASAE01_ASCE01_ASEM2_AAC0_BL1_BS1_CLR0_DTLA0_DTLB0_DTVA0_DTVB0_DVO0_ETSP_EPS1_ELFLR0_EMLL0_FSSC10_FL0_GLVWA2_GLVWB2_GRCGA1_GRCGB1_GRPM1_GRVW2_GSU1_GSUASB_GLS0_ISA942_IU1_K1_KLA_LBSPPA0_LBSPPB0_LPA0_LPB2_LDL1_LRVW1_LWPMn1_LDW0_FMA_MIAV1_MDA2_MO40_MMFSC_MKFGSU256_NTA0_NTB0_NTC3_NTD3_NEPBS4_NLCA1_NLCB1_ONLL1_OPLV0_PK0_PAP0_PGR2_PLR5_PKA0_SIA3_SLW1_SS1_SU0_SUM0_SUS0_SCIUI1_SPO1_SRVW0_SSO6_SVW2_SNLL0_TSGRA0_TSGRB0_TT2_32_TLDS0_UMLDSA0_UMLDSB0_U64SL1_USFGROn1_VAW1_VSn1_VW2_VWB1_VFLRP0_WSGRA0_WSGRB0_WS64_WG32_8_1_WGM6",24311,6448491119121600,6448491119130133,0,16640,256,1,1,512,2,1
"KERNEL_DISPATCH",1,1,234879,338,68,"void rocsolver::v32802::getf2_npvt_small_kernel<16, double, int, int, double*>(int, double*, long, int, long, int*, int, int)",24314,6448491119136302,6448491119145236,0,136,80,1,1,80,1,1
"KERNEL_DISPATCH",1,1,234879,339,185,"void rocsolver::v32802::unit_forward_substitution_kernel<double, int, double*>(int, int, double*, int, int, long, long, double*, int, int, long, long)",24319,6448491119147239,6448491119158216,0,512,16,64,1,16,64,1
"KERNEL_DISPATCH",1,1,234879,340,814,"Cijk_Ailk_Bljk_DB_MT64x64x16_MI16x16x4x1_SN_1LDSB1_APM1_ABV0_ACED0_AF0EM2_AF1EM2_AMAS0_ASE_ASGT_ASLT_ASM_ASAE01_ASCE01_ASEM2_AAC0_BL1_BS1_CLR0_DTLA0_DTLB0_DTVA1_DTVB0_DVO0_ETSP_EPS1_ELFLR0_EMLL0_FSSC10_FL0_GLVWA1_GLVWB1_GRCGA1_GRCGB1_GRPM1_GRVW1_GSU1_GSUASB_GLS0_ISA942_IU1_K1_KLA_LBSPPA0_LBSPPB128_LPA0_LPB4_LDL1_LRVW2_LWPMn1_LDW0_FMA_MIAV1_MDA2_MO40_MMFSC_MKFGSU256_NTA0_NTB0_NTC3_NTD3_NEPBS0_NLCA1_NLCB1_ONLL1_OPLV0_PK0_PAP0_PGR2_PLR5_PKA0_SIA3_SLW1_SS1_SU0_SUM0_SUS0_SCIUI1_SPO1_SRVW0_SSO6_SVW1_SNLL0_TSGRA0_TSGRB0_TT1_64_TLDS1_UMLDSA0_UMLDSB1_U64SL1_USFGROn1_VAW1_VSn1_VW1_VWB1_VFLRP0_WSGRA0_WSGRB0_WS64_WG64_4_1_WGM6",24322,6448491119168912,6448491119176764,0,10240,256,1,1,256,1,1
"KERNEL_DISPATCH",1,1,234879,341,68,"void rocsolver::v32802::getf2_npvt_small_kernel<16, double, int, int, double*>(int, double*, long, int, long, int*, int, int)",24325,6448491119183793,6448491119191846,0,136,64,1,1,64,1,1
"KERNEL_DISPATCH",1,1,234879,342,185,"void rocsolver::v32802::unit_forward_substitution_kernel<double, int, double*>(int, int, double*, int, int, long, long, double*, int, int, long, long)",24330,6448491119198678,6448491119208533,0,512,16,64,1,16,64,1
"KERNEL_DISPATCH",1,1,234879,343,744,"Cijk_Ailk_Bljk_DB_MT64x64x16_MI16x16x4x1_SN_1LDSB1_APM1_ABV0_ACED0_AF0EM2_AF1EM2_AMAS3_ASE_ASGT_ASLT_ASM_ASAE01_ASCE01_ASEM2_AAC0_BL1_BS1_CLR0_DTLA0_DTLB0_DTVA0_DTVB0_DVO0_ETSP_EPS1_ELFLR0_EMLL0_FSSC10_FL0_GLVWA2_GLVWB2_GRCGA1_GRCGB1_GRPM1_GRVW2_GSU1_GSUASB_GLS0_ISA942_IU1_K1_KLA_LBSPPA0_LBSPPB128_LPA0_LPB4_LDL1_LRVW2_LWPMn1_LDW0_FMA_MIAV1_MDA2_MO40_MMFSC_MKFGSU256_NTA0_NTB0_NTC3_NTD3_NEPBS0_NLCA1_NLCB1_ONLL1_OPLV0_PK0_PAP0_PGR2_PLR5_PKA0_SIA3_SLW1_SS1_SU0_SUM0_SUS0_SCIUI1_SPO1_SRVW0_SSO6_SVW2_SNLL0_TSGRA0_TSGRB0_TT2_32_TLDS1_UMLDSA0_UMLDSB1_U64SL1_USFGROn1_VAW1_VSn1_VW2_VWB1_VFLRP0_WSGRA0_WSGRB0_WS64_WG32_8_1_WGM6",24333,6448491119217146,6448491119224077,0,18432,256,1,1,256,1,1
"KERNEL_DISPATCH",1,1,234879,344,68,"void rocsolver::v32802::getf2_npvt_small_kernel<16, double, int, int, double*>(int, double*, long, int, long, int*, int, int)",24336,6448491119230206,6448491119239501,0,136,48,1,1,48,1,1
"KERNEL_DISPATCH",1,1,234879,345,185,"void rocsolver::v32802::unit_forward_substitution_kernel<double, int, double*>(int, int, double*, int, int, long, long, double*, int, int, long, long)",24341,6448491119241464,6448491119251198,0,512,16,64,1,16,64,1
"KERNEL_DISPATCH",1,1,234879,346,754,"Cijk_Ailk_Bljk_DB_MT32x64x32_MI16x16x4x1_SN_1LDSB1_APM1_ABV0_ACED0_AF0EM2_AF1EM2_AMAS3_ASE_ASGT_ASLT_ASM_ASAE01_ASCE01_ASEM2_AAC0_BL1_BS1_CLR0_DTLA0_DTLB0_DTVA0_DTVB0_DVO0_ETSP_EPS1_ELFLR0_EMLL0_FSSC10_FL0_GLVWA2_GLVWB2_GRCGA1_GRCGB1_GRPM1_GRVW2_GSU1_GSUASB_GLS0_ISA942_IU1_K1_KLA_LBSPPA0_LBSPPB256_LPA0_LPB4_LDL1_LRVW2_LWPMn1_LDW0_FMA_MIAV1_MDA2_MO40_MMFSC_MKFGSU256_NTA0_NTB0_NTC3_NTD3_NEPBS0_NLCA1_NLCB1_ONLL1_OPLV0_PK0_PAP0_PGR2_PLR9_PKA0_SIA3_SLW1_SS1_SU0_SUM0_SUS0_SCIUI1_SPO1_SRVW0_SSO6_SVW2_SNLL0_TSGRA0_TSGRB0_TT2_16_TLDS1_UMLDSA0_UMLDSB1_U64SL1_USFGROn1_VAW1_VSn1_VW2_VWB1_VFLRP0_WSGRA0_WSGRB0_WS64_WG16_16_1_WGM6",24344,6448491119260251,6448491119266060,0,26624,256,1,1,256,1,1
"KERNEL_DISPATCH",1,1,234879,347,68,"void rocsolver::v32802::getf2_npvt_small_kernel<16, double, int, int, double*>(int, double*, long, int, long, int*, int, int)",24347,6448491119274274,6448491119283127,0,136,32,1,1,32,1,1
"KERNEL_DISPATCH",1,1,234879,348,185,"void rocsolver::v32802::unit_forward_substitution_kernel<double, int, double*>(int, int, double*, int, int, long, long, double*, int, int, long, long)",24352,6448491119292422,6448491119300354,0,512,16,64,1,16,64,1
"KERNEL_DISPATCH",1,1,234879,349,754,"Cijk_Ailk_Bljk_DB_MT32x64x32_MI16x16x4x1_SN_1LDSB1_APM1_ABV0_ACED0_AF0EM2_AF1EM2_AMAS3_ASE_ASGT_ASLT_ASM_ASAE01_ASCE01_ASEM2_AAC0_BL1_BS1_CLR0_DTLA0_DTLB0_DTVA0_DTVB0_DVO0_ETSP_EPS1_ELFLR0_EMLL0_FSSC10_FL0_GLVWA2_GLVWB2_GRCGA1_GRCGB1_GRPM1_GRVW2_GSU1_GSUASB_GLS0_ISA942_IU1_K1_KLA_LBSPPA0_LBSPPB256_LPA0_LPB4_LDL1_LRVW2_LWPMn1_LDW0_FMA_MIAV1_MDA2_MO40_MMFSC_MKFGSU256_NTA0_NTB0_NTC3_NTD3_NEPBS0_NLCA1_NLCB1_ONLL1_OPLV0_PK0_PAP0_PGR2_PLR9_PKA0_SIA3_SLW1_SS1_SU0_SUM0_SUS0_SCIUI1_SPO1_SRVW0_SSO6_SVW2_SNLL0_TSGRA0_TSGRB0_TT2_16_TLDS1_UMLDSA0_UMLDSB1_U64SL1_USFGROn1_VAW1_VSn1_VW2_VWB1_VFLRP0_WSGRA0_WSGRB0_WS64_WG16_16_1_WGM6",24355,6448491119312180,6448491119316507,0,26624,256,1,1,256,1,1
"KERNEL_DISPATCH",1,1,234879,350,68,"void rocsolver::v32802::getf2_npvt_small_kernel<16, double, int, int, double*>(int, double*, long, int, long, int*, int, int)",24358,6448491119326474,6448491119334967,0,136,16,1,1,16,1,1
"KERNEL_DISPATCH",1,1,234879,351,1399,"void rocblas_trtri_trsm_kernel<128, 16, 8, double, double const*, double*>(rocblas_fill_, rocblas_diagonal_, double const*, long, int, long, double*, long, long, int)",24362,6448491119337980,6448491119370550,0,8192,256,1,1,4096,1,1
"KERNEL_DISPATCH",1,1,234879,352,1443,"void rocblas_trtri_fill<128, double, double*>(_rocblas_handle*, rocblas_fill_, int, long, int, long, double*, long, long, int, int)",24367,6448491119371263,6448491119374387,0,0,128,1,1,32512,1,1
"KERNEL_DISPATCH",1,1,234879,353,997,"Cijk_Ailk_Bljk_DB_MT64x32x16_MI16x16x4x1_SN_1LDSB1_APM1_ABV0_ACED0_AF0EM2_AF1EM2_AMAS0_ASE_ASGT_ASLT_ASM_ASAE01_ASCE01_ASEM2_AAC0_BL1_BS1_CLR0_DTLA0_DTLB0_DTVA1_DTVB0_DVO0_ETSP_EPS1_ELFLR0_EMLL0_FSSC10_FL0_GLVWA1_GLVWB1_GRCGA1_GRCGB1_GRPM1_GRVW1_GSU1_GSUASB_GLS0_ISA942_IU1_K1_KLA_LBSPPA0_LBSPPB128_LPA0_LPB4_LDL1_LRVW2_LWPMn1_LDW0_FMA_MIAV1_MDA2_MO40_MMFSC_MKFGSU256_NTA0_NTB0_NTC3_NTD3_NEPBS0_NLCA1_NLCB1_ONLL1_OPLV0_PK0_PAP0_PGR2_PLR5_PKA0_SIA3_SLW1_SS1_SU0_SUM0_SUS0_SCIUI1_SPO1_SRVW0_SSO6_SVW1_SNLL0_TSGRA0_TSGRB0_TT1_32_TLDS1_UMLDSA0_UMLDSB1_U64SL1_USFGROn1_VAW1_VSn1_VW1_VWB1_VFLRP0_WSGRA0_WSGRB0_WS64_WG64_4_1_WGM12",24371,6448491119374387,6448491119381719,0,5120,256,1,1,256,1,4
"KERNEL_DISPATCH",1,1,234879,354,997,"Cijk_Ailk_Bljk_DB_MT64x32x16_MI16x16x4x1_SN_1LDSB1_APM1_ABV0_ACED0_AF0EM2_AF1EM2_AMAS0_ASE_ASGT_ASLT_ASM_ASAE01_ASCE01_ASEM2_AAC0_BL1_BS1_CLR0_DTLA0_DTLB0_DTVA1_DTVB0_DVO0_ETSP_EPS1_ELFLR0_EMLL0_FSSC10_FL0_GLVWA1_GLVWB1_GRCGA1_GRCGB1_GRPM1_GRVW1_GSU1_GSUASB_GLS0_ISA942_IU1_K1_KLA_LBSPPA0_LBSPPB128_LPA0_LPB4_LDL1_LRVW2_LWPMn1_LDW0_FMA_MIAV1_MDA2_MO40_MMFSC_MKFGSU256_NTA0_NTB0_NTC3_NTD3_NEPBS0_NLCA1_NLCB1_ONLL1_OPLV0_PK0_PAP0_PGR2_PLR5_PKA0_SIA3_SLW1_SS1_SU0_SUM0_SUS0_SCIUI1_SPO1_SRVW0_SSO6_SVW1_SNLL0_TSGRA0_TSGRB0_TT1_32_TLDS1_UMLDSA0_UMLDSB1_U64SL1_USFGROn1_VAW1_VSn1_VW1_VWB1_VFLRP0_WSGRA0_WSGRB0_WS64_WG64_4_1_WGM12",24374,6448491119385404,6448491119390732,0,5120,256,1,1,256,1,4
"KERNEL_DISPATCH",1,1,234879,355,997,"Cijk_Ailk_Bljk_DB_MT64x32x16_MI16x16x4x1_SN_1LDSB1_APM1_ABV0_ACED0_AF0EM2_AF1EM2_AMAS0_ASE_ASGT_ASLT_ASM_ASAE01_ASCE01_ASEM2_AAC0_BL1_BS1_CLR0_DTLA0_DTLB0_DTVA1_DTVB0_DVO0_ETSP_EPS1_ELFLR0_EMLL0_FSSC10_FL0_GLVWA1_GLVWB1_GRCGA1_GRCGB1_GRPM1_GRVW1_GSU1_GSUASB_GLS0_ISA942_IU1_K1_KLA_LBSPPA0_LBSPPB128_LPA0_LPB4_LDL1_LRVW2_LWPMn1_LDW0_FMA_MIAV1_MDA2_MO40_MMFSC_MKFGSU256_NTA0_NTB0_NTC3_NTD3_NEPBS0_NLCA1_NLCB1_ONLL1_OPLV0_PK0_PAP0_PGR2_PLR5_PKA0_SIA3_SLW1_SS1_SU0_SUM0_SUS0_SCIUI1_SPO1_SRVW0_SSO6_SVW1_SNLL0_TSGRA0_TSGRB0_TT1_32_TLDS1_UMLDSA0_UMLDSB1_U64SL1_USFGROn1_VAW1_VSn1_VW1_VWB1_VFLRP0_WSGRA0_WSGRB0_WS64_WG64_4_1_WGM12",24377,6448491119422862,6448491119427949,0,5120,256,1,1,256,1,4
"KERNEL_DISPATCH",1,1,234879,356,997,"Cijk_Ailk_Bljk_DB_MT64x32x16_MI16x16x4x1_SN_1LDSB1_APM1_ABV0_ACED0_AF0EM2_AF1EM2_AMAS0_ASE_ASGT_ASLT_ASM_ASAE01_ASCE01_ASEM2_AAC0_BL1_BS1_CLR0_DTLA0_DTLB0_DTVA1_DTVB0_DVO0_ETSP_EPS1_ELFLR0_EMLL0_FSSC10_FL0_GLVWA1_GLVWB1_GRCGA1_GRCGB1_GRPM1_GRVW1_GSU1_GSUASB_GLS0_ISA942_IU1_K1_KLA_LBSPPA0_LBSPPB128_LPA0_LPB4_LDL1_LRVW2_LWPMn1_LDW0_FMA_MIAV1_MDA2_MO40_MMFSC_MKFGSU256_NTA0_NTB0_NTC3_NTD3_NEPBS0_NLCA1_NLCB1_ONLL1_OPLV0_PK0_PAP0_PGR2_PLR5_PKA0_SIA3_SLW1_SS1_SU0_SUM0_SUS0_SCIUI1_SPO1_SRVW0_SSO6_SVW1_SNLL0_TSGRA0_TSGRB0_TT1_32_TLDS1_UMLDSA0_UMLDSB1_U64SL1_USFGROn1_VAW1_VSn1_VW1_VWB1_VFLRP0_WSGRA0_WSGRB0_WS64_WG64_4_1_WGM12",24380,6448491119437204,6448491119442532,0,5120,256,1,1,256,1,4
"KERNEL_DISPATCH",1,1,234879,357,970,"Cijk_Ailk_Bljk_DB_MT64x64x32_MI16x16x4x1_SN_1LDSB1_APM1_ABV0_ACED0_AF0EM2_AF1EM2_AMAS0_ASE_ASGT_ASLT_ASM_ASAE01_ASCE01_ASEM2_AAC0_BL1_BS1_CLR0_DTLA0_DTLB0_DTVA0_DTVB0_DVO0_ETSP_EPS1_ELFLR0_EMLL0_FSSC10_FL0_GLVWA1_GLVWB1_GRCGA1_GRCGB1_GRPM1_GRVW1_GSU1_GSUASB_GLS0_ISA942_IU1_K1_KLA_LBSPPA0_LBSPPB0_LPA0_LPB1_LDL1_LRVW1_LWPMn1_LDW0_FMA_MIAV1_MDA2_MO40_MMFSC_MKFGSU256_NTA0_NTB0_NTC3_NTD3_NEPBS0_NLCA1_NLCB1_ONLL1_OPLV0_PK0_PAP0_PGR2_PLR9_PKA0_SIA3_SLW1_SS1_SU0_SUM0_SUS0_SCIUI1_SPO1_SRVW0_SSO6_SVW1_SNLL0_TSGRA0_TSGRB0_TT2_32_TLDS0_UMLDSA0_UMLDSB0_U64SL1_USFGROn1_VAW1_VSn1_VW1_VWB1_VFLRP0_WSGRA0_WSGRB0_WS64_WG32_8_1_WGM6",24383,6448491119457875,6448491119466689,0,33024,256,1,1,256,1,4
"KERNEL_DISPATCH",1,1,234879,358,970,"Cijk_Ailk_Bljk_DB_MT64x64x32_MI16x16x4x1_SN_1LDSB1_APM1_ABV0_ACED0_AF0EM2_AF1EM2_AMAS0_ASE_ASGT_ASLT_ASM_ASAE01_ASCE01_ASEM2_AAC0_BL1_BS1_CLR0_DTLA0_DTLB0_DTVA0_DTVB0_DVO0_ETSP_EPS1_ELFLR0_EMLL0_FSSC10_FL0_GLVWA1_GLVWB1_GRCGA1_GRCGB1_GRPM1_GRVW1_GSU1_GSUASB_GLS0_ISA942_IU1_K1_KLA_LBSPPA0_LBSPPB0_LPA0_LPB1_LDL1_LRVW1_LWPMn1_LDW0_FMA_MIAV1_MDA2_MO40_MMFSC_MKFGSU256_NTA0_NTB0_NTC3_NTD3_NEPBS0_NLCA1_NLCB1_ONLL1_OPLV0_PK0_PAP0_PGR2_PLR9_PKA0_SIA3_SLW1_SS1_SU0_SUM0_SUS0_SCIUI1_SPO1_SRVW0_SSO6_SVW1_SNLL0_TSGRA0_TSGRB0_TT2_32_TLDS0_UMLDSA0_UMLDSB0_U64SL1_USFGROn1_VAW1_VSn1_VW1_VWB1_VFLRP0_WSGRA0_WSGRB0_WS64_WG32_8_1_WGM6",24386,6448491119477105,6448491119485838,0,33024,256,1,1,256,1,4
"KERNEL_DISPATCH",1,1,234879,359,1471,"void rocblas_copy_matrix_trsm<128, 8, double, double*, double*>(int, int, int, double*, int, long, double*, int, long, long, long, int)",24390,6448491119489874,6448491119496684,0,0,128,8,1,6656,128,1
"KERNEL_DISPATCH",1,1,234879,360,1047,"Cijk_Ailk_Bljk_DB_MT128x64x16_MI16x16x4x1_SN_1LDSB1_APM1_ABV0_ACED0_AF0EM1_AF1EM1_AMAS3_ASE_ASGT_ASLT1257_ASM_ASAE01_ASCE01_ASEM1_AAC0_BL1_BS1_CLR0_DTLA0_DTLB0_DTVA1_DTVB0_DVO0_ETB_EPS1_ELFLR0_EMLL0_FSSC10_FL0_GLVWA2_GLVWB2_GRCGA1_GRCGB1_GRPM1_GRVWn1_GSU1_GSUASB_GLS0_ISA942_IU1_K1_KLA_LBSPPA0_LBSPPB128_LPA0_LPB4_LDL1_LRVW2_LWPMn1_LDW0_FMA_MIAV1_MDA2_MO40_MMFSC_MKFGSU256_NTA0_NTB0_NTC3_NTD3_NEPBS4_NLCA1_NLCB1_ONLL1_OPLV0_PK0_PAP0_PGR2_PLR5_PKA0_SIA3_SLW1_SS1_SU0_SUM0_SUS0_SCIUI1_SPO0_SRVW0_SSO0_SVW2_SNLL0_TSGRA0_TSGRB0_TT2_64_TLDS1_UMLDSA0_UMLDSB1_U64SL1_USFGROn1_VAW1_VSn1_VW2_VWB1_VFLRP0_WSGRA0_WSGRB0_WS64_WG64_4_1_WGM1",24394,6448491119511637,6448491119525858,0,10240,256,1,1,13312,2,1
"KERNEL_DISPATCH",1,1,234879,361,1047,"Cijk_Ailk_Bljk_DB_MT128x64x16_MI16x16x4x1_SN_1LDSB1_APM1_ABV0_ACED0_AF0EM1_AF1EM1_AMAS3_ASE_ASGT_ASLT1257_ASM_ASAE01_ASCE01_ASEM1_AAC0_BL1_BS1_CLR0_DTLA0_DTLB0_DTVA1_DTVB0_DVO0_ETB_EPS1_ELFLR0_EMLL0_FSSC10_FL0_GLVWA2_GLVWB2_GRCGA1_GRCGB1_GRPM1_GRVWn1_GSU1_GSUASB_GLS0_ISA942_IU1_K1_KLA_LBSPPA0_LBSPPB128_LPA0_LPB4_LDL1_LRVW2_LWPMn1_LDW0_FMA_MIAV1_MDA2_MO40_MMFSC_MKFGSU256_NTA0_NTB0_NTC3_NTD3_NEPBS4_NLCA1_NLCB1_ONLL1_OPLV0_PK0_PAP0_PGR2_PLR5_PKA0_SIA3_SLW1_SS1_SU0_SUM0_SUS0_SCIUI1_SPO0_SRVW0_SSO0_SVW2_SNLL0_TSGRA0_TSGRB0_TT2_64_TLDS1_UMLDSA0_UMLDSB1_U64SL1_USFGROn1_VAW1_VSn1_VW2_VWB1_VFLRP0_WSGRA0_WSGRB0_WS64_WG64_4_1_WGM1",24397,6448491119528664,6448491119543647,0,10240,256,1,1,13312,2,1
"KERNEL_DISPATCH",1,1,234879,362,1047,"Cijk_Ailk_Bljk_DB_MT128x64x16_MI16x16x4x1_SN_1LDSB1_APM1_ABV0_ACED0_AF0EM1_AF1EM1_AMAS3_ASE_ASGT_ASLT1257_ASM_ASAE01_ASCE01_ASEM1_AAC0_BL1_BS1_CLR0_DTLA0_DTLB0_DTVA1_DTVB0_DVO0_ETB_EPS1_ELFLR0_EMLL0_FSSC10_FL0_GLVWA2_GLVWB2_GRCGA1_GRCGB1_GRPM1_GRVWn1_GSU1_GSUASB_GLS0_ISA942_IU1_K1_KLA_LBSPPA0_LBSPPB128_LPA0_LPB4_LDL1_LRVW2_LWPMn1_LDW0_FMA_MIAV1_MDA2_MO40_MMFSC_MKFGSU256_NTA0_NTB0_NTC3_NTD3_NEPBS4_NLCA1_NLCB1_ONLL1_OPLV0_PK0_PAP0_PGR2_PLR5_PKA0_SIA3_SLW1_SS1_SU0_SUM0_SUS0_SCIUI1_SPO0_SRVW0_SSO0_SVW2_SNLL0_TSGRA0_TSGRB0_TT2_64_TLDS1_UMLDSA0_UMLDSB1_U64SL1_USFGROn1_VAW1_VSn1_VW2_VWB1_VFLRP0_WSGRA0_WSGRB0_WS64_WG64_4_1_WGM1",24400,6448491119549095,6448491119560433,0,10240,256,1,1,13312,2,1
"KERNEL_DISPATCH",1,1,234879,363,1047,"Cijk_Ailk_Bljk_DB_MT128x64x16_MI16x16x4x1_SN_1LDSB1_APM1_ABV0_ACED0_AF0EM1_AF1EM1_AMAS3_ASE_ASGT_ASLT1257_ASM_ASAE01_ASCE01_ASEM1_AAC0_BL1_BS1_CLR0_DTLA0_DTLB0_DTVA1_DTVB0_DVO0_ETB_EPS1_ELFLR0_EMLL0_FSSC10_FL0_GLVWA2_GLVWB2_GRCGA1_GRCGB1_GRPM1_GRVWn1_GSU1_GSUASB_GLS0_ISA942_IU1_K1_KLA_LBSPPA0_LBSPPB128_LPA0_LPB4_LDL1_LRVW2_LWPMn1_LDW0_FMA_MIAV1_MDA2_MO40_MMFSC_MKFGSU256_NTA0_NTB0_NTC3_NTD3_NEPBS4_NLCA1_NLCB1_ONLL1_OPLV0_PK0_PAP0_PGR2_PLR5_PKA0_SIA3_SLW1_SS1_SU0_SUM0_SUS0_SCIUI1_SPO0_SRVW0_SSO0_SVW2_SNLL0_TSGRA0_TSGRB0_TT2_64_TLDS1_UMLDSA0_UMLDSB1_U64SL1_USFGROn1_VAW1_VSn1_VW2_VWB1_VFLRP0_WSGRA0_WSGRB0_WS64_WG64_4_1_WGM1",24403,6448491119572251,6448491119590278,0,10240,256,1,1,13312,2,1
"KERNEL_DISPATCH",1,1,234879,364,1047,"Cijk_Ailk_Bljk_DB_MT128x64x16_MI16x16x4x1_SN_1LDSB1_APM1_ABV0_ACED0_AF0EM1_AF1EM1_AMAS3_ASE_ASGT_ASLT1257_ASM_ASAE01_ASCE01_ASEM1_AAC0_BL1_BS1_CLR0_DTLA0_DTLB0_DTVA1_DTVB0_DVO0_ETB_EPS1_ELFLR0_EMLL0_FSSC10_FL0_GLVWA2_GLVWB2_GRCGA1_GRCGB1_GRPM1_GRVWn1_GSU1_GSUASB_GLS0_ISA942_IU1_K1_KLA_LBSPPA0_LBSPPB128_LPA0_LPB4_LDL1_LRVW2_LWPMn1_LDW0_FMA_MIAV1_MDA2_MO40_MMFSC_MKFGSU256_NTA0_NTB0_NTC3_NTD3_NEPBS4_NLCA1_NLCB1_ONLL1_OPLV0_PK0_PAP0_PGR2_PLR5_PKA0_SIA3_SLW1_SS1_SU0_SUM0_SUS0_SCIUI1_SPO0_SRVW0_SSO0_SVW2_SNLL0_TSGRA0_TSGRB0_TT2_64_TLDS1_UMLDSA0_UMLDSB1_U64SL1_USFGROn1_VAW1_VSn1_VW2_VWB1_VFLRP0_WSGRA0_WSGRB0_WS64_WG64_4_1_WGM1",24406,6448491119592322,6448491119601856,0,10240,256,1,1,13312,2,1
"KERNEL_DISPATCH",1,1,234879,365,1047,"Cijk_Ailk_Bljk_DB_MT128x64x16_MI16x16x4x1_SN_1LDSB1_APM1_ABV0_ACED0_AF0EM1_AF1EM1_AMAS3_ASE_ASGT_ASLT1257_ASM_ASAE01_ASCE01_ASEM1_AAC0_BL1_BS1_CLR0_DTLA0_DTLB0_DTVA1_DTVB0_DVO0_ETB_EPS1_ELFLR0_EMLL0_FSSC10_FL0_GLVWA2_GLVWB2_GRCGA1_GRCGB1_GRPM1_GRVWn1_GSU1_GSUASB_GLS0_ISA942_IU1_K1_KLA_LBSPPA0_LBSPPB128_LPA0_LPB4_LDL1_LRVW2_LWPMn1_LDW0_FMA_MIAV1_MDA2_MO40_MMFSC_MKFGSU256_NTA0_NTB0_NTC3_NTD3_NEPBS4_NLCA1_NLCB1_ONLL1_OPLV0_PK0_PAP0_PGR2_PLR5_PKA0_SIA3_SLW1_SS1_SU0_SUM0_SUS0_SCIUI1_SPO0_SRVW0_SSO0_SVW2_SNLL0_TSGRA0_TSGRB0_TT2_64_TLDS1_UMLDSA0_UMLDSB1_U64SL1_USFGROn1_VAW1_VSn1_VW2_VWB1_VFLRP0_WSGRA0_WSGRB0_WS64_WG64_4_1_WGM1",24409,6448491119622408,6448491119645603,0,10240,256,1,1,13312,2,1
"KERNEL_DISPATCH",1,1,234879,366,1047,"Cijk_Ailk_Bljk_DB_MT128x64x16_MI16x16x4x1_SN_1LDSB1_APM1_ABV0_ACED0_AF0EM1_AF1EM1_AMAS3_ASE_ASGT_ASLT1257_ASM_ASAE01_ASCE01_ASEM1_AAC0_BL1_BS1_CLR0_DTLA0_DTLB0_DTVA1_DTVB0_DVO0_ETB_EPS1_ELFLR0_EMLL0_FSSC10_FL0_GLVWA2_GLVWB2_GRCGA1_GRCGB1_GRPM1_GRVWn1_GSU1_GSUASB_GLS0_ISA942_IU1_K1_KLA_LBSPPA0_LBSPPB128_LPA0_LPB4_LDL1_LRVW2_LWPMn1_LDW0_FMA_MIAV1_MDA2_MO40_MMFSC_MKFGSU256_NTA0_NTB0_NTC3_NTD3_NEPBS4_NLCA1_NLCB1_ONLL1_OPLV0_PK0_PAP0_PGR2_PLR5_PKA0_SIA3_SLW1_SS1_SU0_SUM0_SUS0_SCIUI1_SPO0_SRVW0_SSO0_SVW2_SNLL0_TSGRA0_TSGRB0_TT2_64_TLDS1_UMLDSA0_UMLDSB1_U64SL1_USFGROn1_VAW1_VSn1_VW2_VWB1_VFLRP0_WSGRA0_WSGRB0_WS64_WG64_4_1_WGM1",24412,6448491119645603,6448491119655258,0,10240,256,1,1,13312,2,1
"KERNEL_DISPATCH",1,1,234879,367,1399,"void rocblas_trtri_trsm_kernel<128, 16, 8, double, double const*, double*>(rocblas_fill_, rocblas_diagonal_, double const*, long, int, long, double*, long, long, int)",24416,6448491119654415,6448491119686905,0,8192,256,1,1,4096,1,1
"KERNEL_DISPATCH",1,1,234879,368,1443,"void rocblas_trtri_fill<128, double, double*>(_rocblas_handle*, rocblas_fill_, int, long, int, long, double*, long, long, int, int)",24421,6448491119687748,6448491119690913,0,0,128,1,1,32512,1,1
"KERNEL_DISPATCH",1,1,234879,369,997,"Cijk_Ailk_Bljk_DB_MT64x32x16_MI16x16x4x1_SN_1LDSB1_APM1_ABV0_ACED0_AF0EM2_AF1EM2_AMAS0_ASE_ASGT_ASLT_ASM_ASAE01_ASCE01_ASEM2_AAC0_BL1_BS1_CLR0_DTLA0_DTLB0_DTVA1_DTVB0_DVO0_ETSP_EPS1_ELFLR0_EMLL0_FSSC10_FL0_GLVWA1_GLVWB1_GRCGA1_GRCGB1_GRPM1_GRVW1_GSU1_GSUASB_GLS0_ISA942_IU1_K1_KLA_LBSPPA0_LBSPPB128_LPA0_LPB4_LDL1_LRVW2_LWPMn1_LDW0_FMA_MIAV1_MDA2_MO40_MMFSC_MKFGSU256_NTA0_NTB0_NTC3_NTD3_NEPBS0_NLCA1_NLCB1_ONLL1_OPLV0_PK0_PAP0_PGR2_PLR5_PKA0_SIA3_SLW1_SS1_SU0_SUM0_SUS0_SCIUI1_SPO1_SRVW0_SSO6_SVW1_SNLL0_TSGRA0_TSGRB0_TT1_32_TLDS1_UMLDSA0_UMLDSB1_U64SL1_USFGROn1_VAW1_VSn1_VW1_VWB1_VFLRP0_WSGRA0_WSGRB0_WS64_WG64_4_1_WGM12",24425,6448491119690913,6448491119696201,0,5120,256,1,1,256,1,4
"KERNEL_DISPATCH",1,1,234879,370,997,"Cijk_Ailk_Bljk_DB_MT64x32x16_MI16x16x4x1_SN_1LDSB1_APM1_ABV0_ACED0_AF0EM2_AF1EM2_AMAS0_ASE_ASGT_ASLT_ASM_ASAE01_ASCE01_ASEM2_AAC0_BL1_BS1_CLR0_DTLA0_DTLB0_DTVA1_DTVB0_DVO0_ETSP_EPS1_ELFLR0_EMLL0_FSSC10_FL0_GLVWA1_GLVWB1_GRCGA1_GRCGB1_GRPM1_GRVW1_GSU1_GSUASB_GLS0_ISA942_IU1_K1_KLA_LBSPPA0_LBSPPB128_LPA0_LPB4_LDL1_LRVW2_LWPMn1_LDW0_FMA_MIAV1_MDA2_MO40_MMFSC_MKFGSU256_NTA0_NTB0_NTC3_NTD3_NEPBS0_NLCA1_NLCB1_ONLL1_OPLV0_PK0_PAP0_PGR2_PLR5_PKA0_SIA3_SLW1_SS1_SU0_SUM0_SUS0_SCIUI1_SPO1_SRVW0_SSO6_SVW1_SNLL0_TSGRA0_TSGRB0_TT1_32_TLDS1_UMLDSA0_UMLDSB1_U64SL1_USFGROn1_VAW1_VSn1_VW1_VWB1_VFLRP0_WSGRA0_WSGRB0_WS64_WG64_4_1_WGM12",24428,6448491119702469,6448491119708919,0,5120,256,1,1,256,1,4
"KERNEL_DISPATCH",1,1,234879,371,997,"Cijk_Ailk_Bljk_DB_MT64x32x16_MI16x16x4x1_SN_1LDSB1_APM1_ABV0_ACED0_AF0EM2_AF1EM2_AMAS0_ASE_ASGT_ASLT_ASM_ASAE01_ASCE01_ASEM2_AAC0_BL1_BS1_CLR0_DTLA0_DTLB0_DTVA1_DTVB0_DVO0_ETSP_EPS1_ELFLR0_EMLL0_FSSC10_FL0_GLVWA1_GLVWB1_GRCGA1_GRCGB1_GRPM1_GRVW1_GSU1_GSUASB_GLS0_ISA942_IU1_K1_KLA_LBSPPA0_LBSPPB128_LPA0_LPB4_LDL1_LRVW2_LWPMn1_LDW0_FMA_MIAV1_MDA2_MO40_MMFSC_MKFGSU256_NTA0_NTB0_NTC3_NTD3_NEPBS0_NLCA1_NLCB1_ONLL1_OPLV0_PK0_PAP0_PGR2_PLR5_PKA0_SIA3_SLW1_SS1_SU0_SUM0_SUS0_SCIUI1_SPO1_SRVW0_SSO6_SVW1_SNLL0_TSGRA0_TSGRB0_TT1_32_TLDS1_UMLDSA0_UMLDSB1_U64SL1_USFGROn1_VAW1_VSn1_VW1_VWB1_VFLRP0_WSGRA0_WSGRB0_WS64_WG64_4_1_WGM12",24431,6448491119725526,6448491119730974,0,5120,256,1,1,256,1,4
"KERNEL_DISPATCH",1,1,234879,372,997,"Cijk_Ailk_Bljk_DB_MT64x32x16_MI16x16x4x1_SN_1LDSB1_APM1_ABV0_ACED0_AF0EM2_AF1EM2_AMAS0_ASE_ASGT_ASLT_ASM_ASAE01_ASCE01_ASEM2_AAC0_BL1_BS1_CLR0_DTLA0_DTLB0_DTVA1_DTVB0_DVO0_ETSP_EPS1_ELFLR0_EMLL0_FSSC10_FL0_GLVWA1_GLVWB1_GRCGA1_GRCGB1_GRPM1_GRVW1_GSU1_GSUASB_GLS0_ISA942_IU1_K1_KLA_LBSPPA0_LBSPPB128_LPA0_LPB4_LDL1_LRVW2_LWPMn1_LDW0_FMA_MIAV1_MDA2_MO40_MMFSC_MKFGSU256_NTA0_NTB0_NTC3_NTD3_NEPBS0_NLCA1_NLCB1_ONLL1_OPLV0_PK0_PAP0_PGR2_PLR5_PKA0_SIA3_SLW1_SS1_SU0_SUM0_SUS0_SCIUI1_SPO1_SRVW0_SSO6_SVW1_SNLL0_TSGRA0_TSGRB0_TT1_32_TLDS1_UMLDSA0_UMLDSB1_U64SL1_USFGROn1_VAW1_VSn1_VW1_VWB1_VFLRP0_WSGRA0_WSGRB0_WS64_WG64_4_1_WGM12",24434,6448491119739828,6448491119745036,0,5120,256,1,1,256,1,4
"KERNEL_DISPATCH",1,1,234879,373,970,"Cijk_Ailk_Bljk_DB_MT64x64x32_MI16x16x4x1_SN_1LDSB1_APM1_ABV0_ACED0_AF0EM2_AF1EM2_AMAS0_ASE_ASGT_ASLT_ASM_ASAE01_ASCE01_ASEM2_AAC0_BL1_BS1_CLR0_DTLA0_DTLB0_DTVA0_DTVB0_DVO0_ETSP_EPS1_ELFLR0_EMLL0_FSSC10_FL0_GLVWA1_GLVWB1_GRCGA1_GRCGB1_GRPM1_GRVW1_GSU1_GSUASB_GLS0_ISA942_IU1_K1_KLA_LBSPPA0_LBSPPB0_LPA0_LPB1_LDL1_LRVW1_LWPMn1_LDW0_FMA_MIAV1_MDA2_MO40_MMFSC_MKFGSU256_NTA0_NTB0_NTC3_NTD3_NEPBS0_NLCA1_NLCB1_ONLL1_OPLV0_PK0_PAP0_PGR2_PLR9_PKA0_SIA3_SLW1_SS1_SU0_SUM0_SUS0_SCIUI1_SPO1_SRVW0_SSO6_SVW1_SNLL0_TSGRA0_TSGRB0_TT2_32_TLDS0_UMLDSA0_UMLDSB0_U64SL1_USFGROn1_VAW1_VSn1_VW1_VWB1_VFLRP0_WSGRA0_WSGRB0_WS64_WG32_8_1_WGM6",24437,6448491119761942,6448491119770314,0,33024,256,1,1,256,1,4
"KERNEL_DISPATCH",1,1,234879,374,970,"Cijk_Ailk_Bljk_DB_MT64x64x32_MI16x16x4x1_SN_1LDSB1_APM1_ABV0_ACED0_AF0EM2_AF1EM2_AMAS0_ASE_ASGT_ASLT_ASM_ASAE01_ASCE01_ASEM2_AAC0_BL1_BS1_CLR0_DTLA0_DTLB0_DTVA0_DTVB0_DVO0_ETSP_EPS1_ELFLR0_EMLL0_FSSC10_FL0_GLVWA1_GLVWB1_GRCGA1_GRCGB1_GRPM1_GRVW1_GSU1_GSUASB_GLS0_ISA942_IU1_K1_KLA_LBSPPA0_LBSPPB0_LPA0_LPB1_LDL1_LRVW1_LWPMn1_LDW0_FMA_MIAV1_MDA2_MO40_MMFSC_MKFGSU256_NTA0_NTB0_NTC3_NTD3_NEPBS0_NLCA1_NLCB1_ONLL1_OPLV0_PK0_PAP0_PGR2_PLR9_PKA0_SIA3_SLW1_SS1_SU0_SUM0_SUS0_SCIUI1_SPO1_SRVW0_SSO6_SVW1_SNLL0_TSGRA0_TSGRB0_TT2_32_TLDS0_UMLDSA0_UMLDSB0_U64SL1_USFGROn1_VAW1_VSn1_VW1_VWB1_VFLRP0_WSGRA0_WSGRB0_WS64_WG32_8_1_WGM6",24440,6448491119776604,6448491119784176,0,33024,256,1,1,256,1,4
"KERNEL_DISPATCH",1,1,234879,375,1471,"void rocblas_copy_matrix_trsm<128, 8, double, double*, double*>(int, int, int, double*, int, long, double*, int, long, long, long, int)",24444,6448491119786578,6448491119797795,0,0,128,8,1,128,6656,1
"KERNEL_DISPATCH",1,1,234879,376,861,"Cijk_Ailk_Bljk_DB_MT256x32x16_MI16x16x4x1_SN_1LDSB1_APM1_ABV0_ACED0_AF0EM1_AF1EM1_AMAS3_ASE_ASGT_ASLT0257_ASM_ASAE01_ASCE01_ASEM1_AAC0_BL1_BS1_CLR0_DTLA0_DTLB0_DTVA1_DTVB0_DVO0_ETB_EPS1_ELFLR0_EMLL0_FSSC10_FL0_GLVWA2_GLVWB2_GRCGA1_GRCGB1_GRPM1_GRVWn1_GSU1_GSUASB_GLS0_ISA942_IU1_K1_KLA_LBSPPA0_LBSPPB128_LPA0_LPB2_LDL1_LRVW1_LWPMn1_LDW0_FMA_MIAV1_MDA2_MO40_MMFSC_MKFGSU256_NTA0_NTB0_NTC3_NTD3_NEPBS4_NLCA2_NLCB1_ONLL1_OPLV0_PK0_PAP0_PGR2_PLR1_PKA0_SIA3_SLW1_SS1_SU0_SUM0_SUS0_SCIUI1_SPO0_SRVW0_SSO0_SVW2_SNLL0_TSGRA0_TSGRB0_TT4_32_TLDS1_UMLDSA0_UMLDSB1_U64SL1_USFGROn1_VAW1_VSn1_VW2_VWB1_VFLRP0_WSGRA0_WSGRB0_WS64_WG64_4_1_WGM1",24448,6448491119814021,6448491119835254,0,4608,256,1,1,256,208,1
"KERNEL_DISPATCH",1,1,234879,377,861,"Cijk_Ailk_Bljk_DB_MT256x32x16_MI16x16x4x1_SN_1LDSB1_APM1_ABV0_ACED0_AF0EM1_AF1EM1_AMAS3_ASE_ASGT_ASLT0257_ASM_ASAE01_ASCE01_ASEM1_AAC0_BL1_BS1_CLR0_DTLA0_DTLB0_DTVA1_DTVB0_DVO0_ETB_EPS1_ELFLR0_EMLL0_FSSC10_FL0_GLVWA2_GLVWB2_GRCGA1_GRCGB1_GRPM1_GRVWn1_GSU1_GSUASB_GLS0_ISA942_IU1_K1_KLA_LBSPPA0_LBSPPB128_LPA0_LPB2_LDL1_LRVW1_LWPMn1_LDW0_FMA_MIAV1_MDA2_MO40_MMFSC_MKFGSU256_NTA0_NTB0_NTC3_NTD3_NEPBS4_NLCA2_NLCB1_ONLL1_OPLV0_PK0_PAP0_PGR2_PLR1_PKA0_SIA3_SLW1_SS1_SU0_SUM0_SUS0_SCIUI1_SPO0_SRVW0_SSO0_SVW2_SNLL0_TSGRA0_TSGRB0_TT4_32_TLDS1_UMLDSA0_UMLDSB1_U64SL1_USFGROn1_VAW1_VSn1_VW2_VWB1_VFLRP0_WSGRA0_WSGRB0_WS64_WG64_4_1_WGM1",24451,6448491119835254,6448491119854764,0,4608,256,1,1,256,208,1
"KERNEL_DISPATCH",1,1,234879,378,861,"Cijk_Ailk_Bljk_DB_MT256x32x16_MI16x16x4x1_SN_1LDSB1_APM1_ABV0_ACED0_AF0EM1_AF1EM1_AMAS3_ASE_ASGT_ASLT0257_ASM_ASAE01_ASCE01_ASEM1_AAC0_BL1_BS1_CLR0_DTLA0_DTLB0_DTVA1_DTVB0_DVO0_ETB_EPS1_ELFLR0_EMLL0_FSSC10_FL0_GLVWA2_GLVWB2_GRCGA1_GRCGB1_GRPM1_GRVWn1_GSU1_GSUASB_GLS0_ISA942_IU1_K1_KLA_LBSPPA0_LBSPPB128_LPA0_LPB2_LDL1_LRVW1_LWPMn1_LDW0_FMA_MIAV1_MDA2_MO40_MMFSC_MKFGSU256_NTA0_NTB0_NTC3_NTD3_NEPBS4_NLCA2_NLCB1_ONLL1_OPLV0_PK0_PAP0_PGR2_PLR1_PKA0_SIA3_SLW1_SS1_SU0_SUM0_SUS0_SCIUI1_SPO0_SRVW0_SSO0_SVW2_SNLL0_TSGRA0_TSGRB0_TT4_32_TLDS1_UMLDSA0_UMLDSB1_U64SL1_USFGROn1_VAW1_VSn1_VW2_VWB1_VFLRP0_WSGRA0_WSGRB0_WS64_WG64_4_1_WGM1",24454,6448491119854764,6448491119868906,0,4608,256,1,1,256,208,1
"KERNEL_DISPATCH",1,1,234879,379,861,"Cijk_Ailk_Bljk_DB_MT256x32x16_MI16x16x4x1_SN_1LDSB1_APM1_ABV0_ACED0_AF0EM1_AF1EM1_AMAS3_ASE_ASGT_ASLT0257_ASM_ASAE01_ASCE01_ASEM1_AAC0_BL1_BS1_CLR0_DTLA0_DTLB0_DTVA1_DTVB0_DVO0_ETB_EPS1_ELFLR0_EMLL0_FSSC10_FL0_GLVWA2_GLVWB2_GRCGA1_GRCGB1_GRPM1_GRVWn1_GSU1_GSUASB_GLS0_ISA942_IU1_K1_KLA_LBSPPA0_LBSPPB128_LPA0_LPB2_LDL1_LRVW1_LWPMn1_LDW0_FMA_MIAV1_MDA2_MO40_MMFSC_MKFGSU256_NTA0_NTB0_NTC3_NTD3_NEPBS4_NLCA2_NLCB1_ONLL1_OPLV0_PK0_PAP0_PGR2_PLR1_PKA0_SIA3_SLW1_SS1_SU0_SUM0_SUS0_SCIUI1_SPO0_SRVW0_SSO0_SVW2_SNLL0_TSGRA0_TSGRB0_TT4_32_TLDS1_UMLDSA0_UMLDSB1_U64SL1_USFGROn1_VAW1_VSn1_VW2_VWB1_VFLRP0_WSGRA0_WSGRB0_WS64_WG64_4_1_WGM1",24457,6448491119868906,6448491119900644,0,4608,256,1,1,256,208,1
"KERNEL_DISPATCH",1,1,234879,380,861,"Cijk_Ailk_Bljk_DB_MT256x32x16_MI16x16x4x1_SN_1LDSB1_APM1_ABV0_ACED0_AF0EM1_AF1EM1_AMAS3_ASE_ASGT_ASLT0257_ASM_ASAE01_ASCE01_ASEM1_AAC0_BL1_BS1_CLR0_DTLA0_DTLB0_DTVA1_DTVB0_DVO0_ETB_EPS1_ELFLR0_EMLL0_FSSC10_FL0_GLVWA2_GLVWB2_GRCGA1_GRCGB1_GRPM1_GRVWn1_GSU1_GSUASB_GLS0_ISA942_IU1_K1_KLA_LBSPPA0_LBSPPB128_LPA0_LPB2_LDL1_LRVW1_LWPMn1_LDW0_FMA_MIAV1_MDA2_MO40_MMFSC_MKFGSU256_NTA0_NTB0_NTC3_NTD3_NEPBS4_NLCA2_NLCB1_ONLL1_OPLV0_PK0_PAP0_PGR2_PLR1_PKA0_SIA3_SLW1_SS1_SU0_SUM0_SUS0_SCIUI1_SPO0_SRVW0_SSO0_SVW2_SNLL0_TSGRA0_TSGRB0_TT4_32_TLDS1_UMLDSA0_UMLDSB1_U64SL1_USFGROn1_VAW1_VSn1_VW2_VWB1_VFLRP0_WSGRA0_WSGRB0_WS64_WG64_4_1_WGM1",24460,6448491119900644,6448491119921957,0,4608,256,1,1,256,208,1
"KERNEL_DISPATCH",1,1,234879,381,861,"Cijk_Ailk_Bljk_DB_MT256x32x16_MI16x16x4x1_SN_1LDSB1_APM1_ABV0_ACED0_AF0EM1_AF1EM1_AMAS3_ASE_ASGT_ASLT0257_ASM_ASAE01_ASCE01_ASEM1_AAC0_BL1_BS1_CLR0_DTLA0_DTLB0_DTVA1_DTVB0_DVO0_ETB_EPS1_ELFLR0_EMLL0_FSSC10_FL0_GLVWA2_GLVWB2_GRCGA1_GRCGB1_GRPM1_GRVWn1_GSU1_GSUASB_GLS0_ISA942_IU1_K1_KLA_LBSPPA0_LBSPPB128_LPA0_LPB2_LDL1_LRVW1_LWPMn1_LDW0_FMA_MIAV1_MDA2_MO40_MMFSC_MKFGSU256_NTA0_NTB0_NTC3_NTD3_NEPBS4_NLCA2_NLCB1_ONLL1_OPLV0_PK0_PAP0_PGR2_PLR1_PKA0_SIA3_SLW1_SS1_SU0_SUM0_SUS0_SCIUI1_SPO0_SRVW0_SSO0_SVW2_SNLL0_TSGRA0_TSGRB0_TT4_32_TLDS1_UMLDSA0_UMLDSB1_U64SL1_USFGROn1_VAW1_VSn1_VW2_VWB1_VFLRP0_WSGRA0_WSGRB0_WS64_WG64_4_1_WGM1",24463,6448491119921957,6448491119952283,0,4608,256,1,1,256,208,1
"KERNEL_DISPATCH",1,1,234879,382,861,"Cijk_Ailk_Bljk_DB_MT256x32x16_MI16x16x4x1_SN_1LDSB1_APM1_ABV0_ACED0_AF0EM1_AF1EM1_AMAS3_ASE_ASGT_ASLT0257_ASM_ASAE01_ASCE01_ASEM1_AAC0_BL1_BS1_CLR0_DTLA0_DTLB0_DTVA1_DTVB0_DVO0_ETB_EPS1_ELFLR0_EMLL0_FSSC10_FL0_GLVWA2_GLVWB2_GRCGA1_GRCGB1_GRPM1_GRVWn1_GSU1_GSUASB_GLS0_ISA942_IU1_K1_KLA_LBSPPA0_LBSPPB128_LPA0_LPB2_LDL1_LRVW1_LWPMn1_LDW0_FMA_MIAV1_MDA2_MO40_MMFSC_MKFGSU256_NTA0_NTB0_NTC3_NTD3_NEPBS4_NLCA2_NLCB1_ONLL1_OPLV0_PK0_PAP0_PGR2_PLR1_PKA0_SIA3_SLW1_SS1_SU0_SUM0_SUS0_SCIUI1_SPO0_SRVW0_SSO0_SVW2_SNLL0_TSGRA0_TSGRB0_TT4_32_TLDS1_UMLDSA0_UMLDSB1_U64SL1_USFGROn1_VAW1_VSn1_VW2_VWB1_VFLRP0_WSGRA0_WSGRB0_WS64_WG64_4_1_WGM1",24466,6448491119952283,6448491119979806,0,4608,256,1,1,256,208,1
"KERNEL_DISPATCH",1,1,234879,383,913,"Cijk_Ailk_Bljk_DB_MT128x128x16_MI16x16x4x1_SN_1LDSB1_APM1_ABV0_ACED0_AF0EM1_AF1EM1_AMAS3_ASE_ASGT_ASLT_ASM_ASAE01_ASCE01_ASEM1_AAC0_BL1_BS1_CLR0_DTLA0_DTLB0_DTVA1_DTVB0_DVO0_ETSP_EPS1_ELFLR0_EMLL0_FSSC10_FL0_GLVWA2_GLVWB2_GRCGA1_GRCGB1_GRPM1_GRVWn1_GSU1_GSUASB_GLS0_ISA942_IU1_K1_KLA_LBSPPA0_LBSPPB128_LPA0_LPB2_LDL1_LRVW1_LWPMn1_LDW0_FMA_MIAV1_MDA2_MO40_MMFSC_MKFGSU256_NTA0_NTB0_NTC4_NTD4_NEPBS4_NLCA1_NLCB1_ONLL1_OPLV0_PK0_PAP0_PGR2_PLR5_PKA0_SIA3_SLW1_SS1_SU0_SUM0_SUS0_SCIUI1_SPO1_SRVW0_SSO4_SVW2_SNLL0_TSGRA0_TSGRB0_TT2_128_TLDS1_UMLDSA0_UMLDSB1_U64SL1_USFGROn1_VAW1_VSn1_VW2_VWB1_VFLRP0_WSGRA0_WSGRB0_WS64_WG64_4_1_WGM36",24469,6448491119979614,6448491121142367,0,18432,256,1,1,13312,52,1
"KERNEL_DISPATCH",1,1,234879,385,185,"void rocsolver::v32802::unit_forward_substitution_kernel<double, int, double*>(int, int, double*, int, int, long, long, double*, int, int, long, long)",24477,6448491121154537,6448491121164873,0,512,16,64,1,16,512,1
"KERNEL_DISPATCH",1,1,234879,384,68,"void rocsolver::v32802::getf2_npvt_small_kernel<16, double, int, int, double*>(int, double*, long, int, long, int*, int, int)",24472,6448491121142559,6448491121154537,0,136,512,1,1,512,1,1
"KERNEL_DISPATCH",1,1,234879,386,904,"Cijk_Ailk_Bljk_DB_MT64x32x32_MI16x16x4x1_SN_1LDSB1_APM1_ABV0_ACED0_AF0EM2_AF1EM2_AMAS3_ASE_ASGT_ASLT_ASM_ASAE01_ASCE01_ASEM2_AAC0_BL1_BS1_CLR0_DTLA0_DTLB0_DTVA0_DTVB0_DVO0_ETSP_EPS1_ELFLR0_EMLL0_FSSC10_FL0_GLVWA2_GLVWB2_GRCGA1_GRCGB1_GRPM1_GRVW2_GSU1_GSUASB_GLS0_ISA942_IU1_K1_KLA_LBSPPA0_LBSPPB256_LPA0_LPB4_LDL1_LRVW2_LWPMn1_LDW0_FMA_MIAV1_MDA2_MO40_MMFSC_MKFGSU256_NTA0_NTB0_NTC3_NTD3_NEPBS0_NLCA1_NLCB1_ONLL1_OPLV0_PK0_PAP0_PGR2_PLR9_PKA0_SIA3_SLW1_SS1_SU0_SUM0_SUS0_SCIUI1_SPO1_SRVW0_SSO6_SVW2_SNLL0_TSGRA0_TSGRB0_TT2_16_TLDS1_UMLDSA0_UMLDSB1_U64SL1_USFGROn1_VAW1_VSn1_VW2_VWB1_VFLRP0_WSGRA0_WSGRB0_WS64_WG32_8_1_WGM6",24480,6448491121164873,6448491121172164,0,25600,256,1,1,2048,16,1
"KERNEL_DISPATCH",1,1,234879,387,68,"void rocsolver::v32802::getf2_npvt_small_kernel<16, double, int, int, double*>(int, double*, long, int, long, int*, int, int)",24483,6448491121172164,6448491121181538,0,136,496,1,1,496,1,1
"KERNEL_DISPATCH",1,1,234879,388,185,"void rocsolver::v32802::unit_forward_substitution_kernel<double, int, double*>(int, int, double*, int, int, long, long, double*, int, int, long, long)",24488,6448491121181538,6448491121190873,0,512,16,64,1,16,512,1
"KERNEL_DISPATCH",1,1,234879,389,904,"Cijk_Ailk_Bljk_DB_MT64x32x32_MI16x16x4x1_SN_1LDSB1_APM1_ABV0_ACED0_AF0EM2_AF1EM2_AMAS3_ASE_ASGT_ASLT_ASM_ASAE01_ASCE01_ASEM2_AAC0_BL1_BS1_CLR0_DTLA0_DTLB0_DTVA0_DTVB0_DVO0_ETSP_EPS1_ELFLR0_EMLL0_FSSC10_FL0_GLVWA2_GLVWB2_GRCGA1_GRCGB1_GRPM1_GRVW2_GSU1_GSUASB_GLS0_ISA942_IU1_K1_KLA_LBSPPA0_LBSPPB256_LPA0_LPB4_LDL1_LRVW2_LWPMn1_LDW0_FMA_MIAV1_MDA2_MO40_MMFSC_MKFGSU256_NTA0_NTB0_NTC3_NTD3_NEPBS0_NLCA1_NLCB1_ONLL1_OPLV0_PK0_PAP0_PGR2_PLR9_PKA0_SIA3_SLW1_SS1_SU0_SUM0_SUS0_SCIUI1_SPO1_SRVW0_SSO6_SVW2_SNLL0_TSGRA0_TSGRB0_TT2_16_TLDS1_UMLDSA0_UMLDSB1_U64SL1_USFGROn1_VAW1_VSn1_VW2_VWB1_VFLRP0_WSGRA0_WSGRB0_WS64_WG32_8_1_WGM6",24491,6448491121190873,6448491121195159,0,25600,256,1,1,2048,15,1
"KERNEL_DISPATCH",1,1,234879,390,68,"void rocsolver::v32802::getf2_npvt_small_kernel<16, double, int, int, double*>(int, double*, long, int, long, int*, int, int)",24494,6448491121195159,6448491121204654,0,136,480,1,1,480,1,1
"KERNEL_DISPATCH",1,1,234879,391,185,"void rocsolver::v32802::unit_forward_substitution_kernel<double, int, double*>(int, int, double*, int, int, long, long, double*, int, int, long, long)",24499,6448491121204654,6448491121214549,0,512,16,64,1,16,512,1
"KERNEL_DISPATCH",1,1,234879,392,904,"Cijk_Ailk_Bljk_DB_MT64x32x32_MI16x16x4x1_SN_1LDSB1_APM1_ABV0_ACED0_AF0EM2_AF1EM2_AMAS3_ASE_ASGT_ASLT_ASM_ASAE01_ASCE01_ASEM2_AAC0_BL1_BS1_CLR0_DTLA0_DTLB0_DTVA0_DTVB0_DVO0_ETSP_EPS1_ELFLR0_EMLL0_FSSC10_FL0_GLVWA2_GLVWB2_GRCGA1_GRCGB1_GRPM1_GRVW2_GSU1_GSUASB_GLS0_ISA942_IU1_K1_KLA_LBSPPA0_LBSPPB256_LPA0_LPB4_LDL1_LRVW2_LWPMn1_LDW0_FMA_MIAV1_MDA2_MO40_MMFSC_MKFGSU256_NTA0_NTB0_NTC3_NTD3_NEPBS0_NLCA1_NLCB1_ONLL1_OPLV0_PK0_PAP0_PGR2_PLR9_PKA0_SIA3_SLW1_SS1_SU0_SUM0_SUS0_SCIUI1_SPO1_SRVW0_SSO6_SVW2_SNLL0_TSGRA0_TSGRB0_TT2_16_TLDS1_UMLDSA0_UMLDSB1_U64SL1_USFGROn1_VAW1_VSn1_VW2_VWB1_VFLRP0_WSGRA0_WSGRB0_WS64_WG32_8_1_WGM6",24502,6448491121214549,6448491121218836,0,25600,256,1,1,2048,15,1
"KERNEL_DISPATCH",1,1,234879,393,68,"void rocsolver::v32802::getf2_npvt_small_kernel<16, double, int, int, double*>(int, double*, long, int, long, int*, int, int)",24505,6448491121218836,6448491121229492,0,136,464,1,1,464,1,1
"KERNEL_DISPATCH",1,1,234879,394,185,"void rocsolver::v32802::unit_forward_substitution_kernel<double, int, double*>(int, int, double*, int, int, long, long, double*, int, int, long, long)",24510,6448491121229492,6448491121239307,0,512,16,64,1,16,448,1
"KERNEL_DISPATCH",1,1,234879,395,904,"Cijk_Ailk_Bljk_DB_MT64x32x32_MI16x16x4x1_SN_1LDSB1_APM1_ABV0_ACED0_AF0EM2_AF1EM2_AMAS3_ASE_ASGT_ASLT_ASM_ASAE01_ASCE01_ASEM2_AAC0_BL1_BS1_CLR0_DTLA0_DTLB0_DTVA0_DTVB0_DVO0_ETSP_EPS1_ELFLR0_EMLL0_FSSC10_FL0_GLVWA2_GLVWB2_GRCGA1_GRCGB1_GRPM1_GRVW2_GSU1_GSUASB_GLS0_ISA942_IU1_K1_KLA_LBSPPA0_LBSPPB256_LPA0_LPB4_LDL1_LRVW2_LWPMn1_LDW0_FMA_MIAV1_MDA2_MO40_MMFSC_MKFGSU256_NTA0_NTB0_NTC3_NTD3_NEPBS0_NLCA1_NLCB1_ONLL1_OPLV0_PK0_PAP0_PGR2_PLR9_PKA0_SIA3_SLW1_SS1_SU0_SUM0_SUS0_SCIUI1_SPO1_SRVW0_SSO6_SVW2_SNLL0_TSGRA0_TSGRB0_TT2_16_TLDS1_UMLDSA0_UMLDSB1_U64SL1_USFGROn1_VAW1_VSn1_VW2_VWB1_VFLRP0_WSGRA0_WSGRB0_WS64_WG32_8_1_WGM6",24513,6448491121239307,6448491121243473,0,25600,256,1,1,1792,14,1
"KERNEL_DISPATCH",1,1,234879,396,68,"void rocsolver::v32802::getf2_npvt_small_kernel<16, double, int, int, double*>(int, double*, long, int, long, int*, int, int)",24516,6448491121243473,6448491121252768,0,136,448,1,1,448,1,1
"KERNEL_DISPATCH",1,1,234879,397,185,"void rocsolver::v32802::unit_forward_substitution_kernel<double, int, double*>(int, int, double*, int, int, long, long, double*, int, int, long, long)",24521,6448491121252768,6448491121262743,0,512,16,64,1,16,448,1
"KERNEL_DISPATCH",1,1,234879,398,904,"Cijk_Ailk_Bljk_DB_MT64x32x32_MI16x16x4x1_SN_1LDSB1_APM1_ABV0_ACED0_AF0EM2_AF1EM2_AMAS3_ASE_ASGT_ASLT_ASM_ASAE01_ASCE01_ASEM2_AAC0_BL1_BS1_CLR0_DTLA0_DTLB0_DTVA0_DTVB0_DVO0_ETSP_EPS1_ELFLR0_EMLL0_FSSC10_FL0_GLVWA2_GLVWB2_GRCGA1_GRCGB1_GRPM1_GRVW2_GSU1_GSUASB_GLS0_ISA942_IU1_K1_KLA_LBSPPA0_LBSPPB256_LPA0_LPB4_LDL1_LRVW2_LWPMn1_LDW0_FMA_MIAV1_MDA2_MO40_MMFSC_MKFGSU256_NTA0_NTB0_NTC3_NTD3_NEPBS0_NLCA1_NLCB1_ONLL1_OPLV0_PK0_PAP0_PGR2_PLR9_PKA0_SIA3_SLW1_SS1_SU0_SUM0_SUS0_SCIUI1_SPO1_SRVW0_SSO6_SVW2_SNLL0_TSGRA0_TSGRB0_TT2_16_TLDS1_UMLDSA0_UMLDSB1_U64SL1_USFGROn1_VAW1_VSn1_VW2_VWB1_VFLRP0_WSGRA0_WSGRB0_WS64_WG32_8_1_WGM6",24524,6448491121262743,6448491121267390,0,25600,256,1,1,1792,14,1
"KERNEL_DISPATCH",1,1,234879,399,68,"void rocsolver::v32802::getf2_npvt_small_kernel<16, double, int, int, double*>(int, double*, long, int, long, int*, int, int)",24527,6448491121266888,6448491121276142,0,136,432,1,1,432,1,1
"KERNEL_DISPATCH",1,1,234879,401,904,"Cijk_Ailk_Bljk_DB_MT64x32x32_MI16x16x4x1_SN_1LDSB1_APM1_ABV0_ACED0_AF0EM2_AF1EM2_AMAS3_ASE_ASGT_ASLT_ASM_ASAE01_ASCE01_ASEM2_AAC0_BL1_BS1_CLR0_DTLA0_DTLB0_DTVA0_DTVB0_DVO0_ETSP_EPS1_ELFLR0_EMLL0_FSSC10_FL0_GLVWA2_GLVWB2_GRCGA1_GRCGB1_GRPM1_GRVW2_GSU1_GSUASB_GLS0_ISA942_IU1_K1_KLA_LBSPPA0_LBSPPB256_LPA0_LPB4_LDL1_LRVW2_LWPMn1_LDW0_FMA_MIAV1_MDA2_MO40_MMFSC_MKFGSU256_NTA0_NTB0_NTC3_NTD3_NEPBS0_NLCA1_NLCB1_ONLL1_OPLV0_PK0_PAP0_PGR2_PLR9_PKA0_SIA3_SLW1_SS1_SU0_SUM0_SUS0_SCIUI1_SPO1_SRVW0_SSO6_SVW2_SNLL0_TSGRA0_TSGRB0_TT2_16_TLDS1_UMLDSA0_UMLDSB1_U64SL1_USFGROn1_VAW1_VSn1_VW2_VWB1_VFLRP0_WSGRA0_WSGRB0_WS64_WG32_8_1_WGM6",24535,6448491121285778,6448491121289544,0,25600,256,1,1,1792,13,1
"KERNEL_DISPATCH",1,1,234879,400,185,"void rocsolver::v32802::unit_forward_substitution_kernel<double, int, double*>(int, int, double*, int, int, long, long, double*, int, int, long, long)",24532,6448491121276644,6448491121285778,0,512,16,64,1,16,448,1
"KERNEL_DISPATCH",1,1,234879,403,185,"void rocsolver::v32802::unit_forward_substitution_kernel<double, int, double*>(int, int, double*, int, int, long, long, double*, int, int, long, long)",24543,6448491121298878,6448491121308773,0,512,16,64,1,16,448,1
"KERNEL_DISPATCH",1,1,234879,402,68,"void rocsolver::v32802::getf2_npvt_small_kernel<16, double, int, int, double*>(int, double*, long, int, long, int*, int, int)",24538,6448491121289544,6448491121298878,0,136,416,1,1,416,1,1
"KERNEL_DISPATCH",1,1,234879,405,68,"void rocsolver::v32802::getf2_npvt_small_kernel<16, double, int, int, double*>(int, double*, long, int, long, int*, int, int)",24549,6448491121314062,6448491121323596,0,136,400,1,1,400,1,1
"KERNEL_DISPATCH",1,1,234879,404,904,"Cijk_Ailk_Bljk_DB_MT64x32x32_MI16x16x4x1_SN_1LDSB1_APM1_ABV0_ACED0_AF0EM2_AF1EM2_AMAS3_ASE_ASGT_ASLT_ASM_ASAE01_ASCE01_ASEM2_AAC0_BL1_BS1_CLR0_DTLA0_DTLB0_DTVA0_DTVB0_DVO0_ETSP_EPS1_ELFLR0_EMLL0_FSSC10_FL0_GLVWA2_GLVWB2_GRCGA1_GRCGB1_GRPM1_GRVW2_GSU1_GSUASB_GLS0_ISA942_IU1_K1_KLA_LBSPPA0_LBSPPB256_LPA0_LPB4_LDL1_LRVW2_LWPMn1_LDW0_FMA_MIAV1_MDA2_MO40_MMFSC_MKFGSU256_NTA0_NTB0_NTC3_NTD3_NEPBS0_NLCA1_NLCB1_ONLL1_OPLV0_PK0_PAP0_PGR2_PLR9_PKA0_SIA3_SLW1_SS1_SU0_SUM0_SUS0_SCIUI1_SPO1_SRVW0_SSO6_SVW2_SNLL0_TSGRA0_TSGRB0_TT2_16_TLDS1_UMLDSA0_UMLDSB1_U64SL1_USFGROn1_VAW1_VSn1_VW2_VWB1_VFLRP0_WSGRA0_WSGRB0_WS64_WG32_8_1_WGM6",24546,6448491121308773,6448491121314062,0,25600,256,1,1,1792,13,1
"KERNEL_DISPATCH",1,1,234879,409,185,"void rocsolver::v32802::unit_forward_substitution_kernel<double, int, double*>(int, int, double*, int, int, long, long, double*, int, int, long, long)",24565,6448491121345710,6448491121355565,0,512,16,64,1,16,384,1
"KERNEL_DISPATCH",1,1,234879,408,68,"void rocsolver::v32802::getf2_npvt_small_kernel<16, double, int, int, double*>(int, double*, long, int, long, int*, int, int)",24560,6448491121336897,6448491121345710,0,136,384,1,1,384,1,1
"KERNEL_DISPATCH",1,1,234879,407,904,"Cijk_Ailk_Bljk_DB_MT64x32x32_MI16x16x4x1_SN_1LDSB1_APM1_ABV0_ACED0_AF0EM2_AF1EM2_AMAS3_ASE_ASGT_ASLT_ASM_ASAE01_ASCE01_ASEM2_AAC0_BL1_BS1_CLR0_DTLA0_DTLB0_DTVA0_DTVB0_DVO0_ETSP_EPS1_ELFLR0_EMLL0_FSSC10_FL0_GLVWA2_GLVWB2_GRCGA1_GRCGB1_GRPM1_GRVW2_GSU1_GSUASB_GLS0_ISA942_IU1_K1_KLA_LBSPPA0_LBSPPB256_LPA0_LPB4_LDL1_LRVW2_LWPMn1_LDW0_FMA_MIAV1_MDA2_MO40_MMFSC_MKFGSU256_NTA0_NTB0_NTC3_NTD3_NEPBS0_NLCA1_NLCB1_ONLL1_OPLV0_PK0_PAP0_PGR2_PLR9_PKA0_SIA3_SLW1_SS1_SU0_SUM0_SUS0_SCIUI1_SPO1_SRVW0_SSO6_SVW2_SNLL0_TSGRA0_TSGRB0_TT2_16_TLDS1_UMLDSA0_UMLDSB1_U64SL1_USFGROn1_VAW1_VSn1_VW2_VWB1_VFLRP0_WSGRA0_WSGRB0_WS64_WG32_8_1_WGM6",24557,6448491121333291,6448491121336897,0,25600,256,1,1,1536,12,1
"KERNEL_DISPATCH",1,1,234879,406,185,"void rocsolver::v32802::unit_forward_substitution_kernel<double, int, double*>(int, int, double*, int, int, long, long, double*, int, int, long, long)",24554,6448491121323596,6448491121333291,0,512,16,64,1,16,384,1
"KERNEL_DISPATCH",1,1,234879,410,820,"Cijk_Ailk_Bljk_DB_MT128x64x16_MI16x16x4x1_SN_1LDSB1_APM1_ABV0_ACED0_AF0EM2_AF1EM2_AMAS3_ASE_ASGT_ASLT_ASM_ASAE01_ASCE01_ASEM2_AAC0_BL1_BS1_CLR0_DTLA0_DTLB0_DTVA1_DTVB0_DVO0_ETSP_EPS1_ELFLR0_EMLL0_FSSC10_FL0_GLVWA2_GLVWB2_GRCGA1_GRCGB1_GRPM1_GRVW2_GSU1_GSUASB_GLS0_ISA942_IU1_K1_KLA_LBSPPA0_LBSPPB0_LPA0_LPB2_LDL1_LRVW1_LWPMn1_LDW0_FMA_MIAV1_MDA2_MO40_MMFSC_MKFGSU256_NTA0_NTB0_NTC3_NTD3_NEPBS4_NLCA1_NLCB1_ONLL1_OPLV0_PK0_PAP0_PGR2_PLR1_PKA0_SIA3_SLW1_SS1_SU0_SUM0_SUS0_SCIUI1_SPO1_SRVW0_SSO6_SVW2_SNLL0_TSGRA0_TSGRB0_TT2_64_TLDS0_UMLDSA0_UMLDSB0_U64SL1_USFGROn1_VAW1_VSn1_VW2_VWB1_VFLRP0_WSGRA0_WSGRB0_WS64_WG64_4_1_WGM12",24568,6448491121355565,6448491121365020,0,8448,256,1,1,768,6,1
"KERNEL_DISPATCH",1,1,234879,411,68,"void rocsolver::v32802::getf2_npvt_small_kernel<16, double, int, int, double*>(int, double*, long, int, long, int*, int, int)",24571,6448491121365020,6448491121374314,0,136,368,1,1,368,1,1
"KERNEL_DISPATCH",1,1,234879,414,68,"void rocsolver::v32802::getf2_npvt_small_kernel<16, double, int, int, double*>(int, double*, long, int, long, int*, int, int)",24582,6448491121391300,6448491121400154,0,136,352,1,1,352,1,1
"KERNEL_DISPATCH",1,1,234879,415,185,"void rocsolver::v32802::unit_forward_substitution_kernel<double, int, double*>(int, int, double*, int, int, long, long, double*, int, int, long, long)",24587,6448491121400154,6448491121409888,0,512,16,64,1,16,384,1
"KERNEL_DISPATCH",1,1,234879,413,820,"Cijk_Ailk_Bljk_DB_MT128x64x16_MI16x16x4x1_SN_1LDSB1_APM1_ABV0_ACED0_AF0EM2_AF1EM2_AMAS3_ASE_ASGT_ASLT_ASM_ASAE01_ASCE01_ASEM2_AAC0_BL1_BS1_CLR0_DTLA0_DTLB0_DTVA1_DTVB0_DVO0_ETSP_EPS1_ELFLR0_EMLL0_FSSC10_FL0_GLVWA2_GLVWB2_GRCGA1_GRCGB1_GRPM1_GRVW2_GSU1_GSUASB_GLS0_ISA942_IU1_K1_KLA_LBSPPA0_LBSPPB0_LPA0_LPB2_LDL1_LRVW1_LWPMn1_LDW0_FMA_MIAV1_MDA2_MO40_MMFSC_MKFGSU256_NTA0_NTB0_NTC3_NTD3_NEPBS4_NLCA1_NLCB1_ONLL1_OPLV0_PK0_PAP0_PGR2_PLR1_PKA0_SIA3_SLW1_SS1_SU0_SUM0_SUS0_SCIUI1_SPO1_SRVW0_SSO6_SVW2_SNLL0_TSGRA0_TSGRB0_TT2_64_TLDS0_UMLDSA0_UMLDSB0_U64SL1_USFGROn1_VAW1_VSn1_VW2_VWB1_VFLRP0_WSGRA0_WSGRB0_WS64_WG64_4_1_WGM12",24579,6448491121384129,6448491121391300,0,8448,256,1,1,768,6,1
"KERNEL_DISPATCH",1,1,234879,412,185,"void rocsolver::v32802::unit_forward_substitution_kernel<double, int, double*>(int, int, double*, int, int, long, long, double*, int, int, long, long)",24576,6448491121374314,6448491121384129,0,512,16,64,1,16,384,1
"KERNEL_DISPATCH",1,1,234879,418,185,"void rocsolver::v32802::unit_forward_substitution_kernel<double, int, double*>(int, int, double*, int, int, long, long, double*, int, int, long, long)",24598,6448491121426915,6448491121436049,0,512,16,64,1,16,320,1
"KERNEL_DISPATCH",1,1,234879,417,68,"void rocsolver::v32802::getf2_npvt_small_kernel<16, double, int, int, double*>(int, double*, long, int, long, int*, int, int)",24593,6448491121416418,6448491121426915,0,136,336,1,1,336,1,1
"KERNEL_DISPATCH",1,1,234879,419,820,"Cijk_Ailk_Bljk_DB_MT128x64x16_MI16x16x4x1_SN_1LDSB1_APM1_ABV0_ACED0_AF0EM2_AF1EM2_AMAS3_ASE_ASGT_ASLT_ASM_ASAE01_ASCE01_ASEM2_AAC0_BL1_BS1_CLR0_DTLA0_DTLB0_DTVA1_DTVB0_DVO0_ETSP_EPS1_ELFLR0_EMLL0_FSSC10_FL0_GLVWA2_GLVWB2_GRCGA1_GRCGB1_GRPM1_GRVW2_GSU1_GSUASB_GLS0_ISA942_IU1_K1_KLA_LBSPPA0_LBSPPB0_LPA0_LPB2_LDL1_LRVW1_LWPMn1_LDW0_FMA_MIAV1_MDA2_MO40_MMFSC_MKFGSU256_NTA0_NTB0_NTC3_NTD3_NEPBS4_NLCA1_NLCB1_ONLL1_OPLV0_PK0_PAP0_PGR2_PLR1_PKA0_SIA3_SLW1_SS1_SU0_SUM0_SUS0_SCIUI1_SPO1_SRVW0_SSO6_SVW2_SNLL0_TSGRA0_TSGRB0_TT2_64_TLDS0_UMLDSA0_UMLDSB0_U64SL1_USFGROn1_VAW1_VSn1_VW2_VWB1_VFLRP0_WSGRA0_WSGRB0_WS64_WG64_4_1_WGM12",24601,6448491121436049,6448491121442378,0,8448,256,1,1,768,5,1
"KERNEL_DISPATCH",1,1,234879,416,820,"Cijk_Ailk_Bljk_DB_MT128x64x16_MI16x16x4x1_SN_1LDSB1_APM1_ABV0_ACED0_AF0EM2_AF1EM2_AMAS3_ASE_ASGT_ASLT_ASM_ASAE01_ASCE01_ASEM2_AAC0_BL1_BS1_CLR0_DTLA0_DTLB0_DTVA1_DTVB0_DVO0_ETSP_EPS1_ELFLR0_EMLL0_FSSC10_FL0_GLVWA2_GLVWB2_GRCGA1_GRCGB1_GRPM1_GRVW2_GSU1_GSUASB_GLS0_ISA942_IU1_K1_KLA_LBSPPA0_LBSPPB0_LPA0_LPB2_LDL1_LRVW1_LWPMn1_LDW0_FMA_MIAV1_MDA2_MO40_MMFSC_MKFGSU256_NTA0_NTB0_NTC3_NTD3_NEPBS4_NLCA1_NLCB1_ONLL1_OPLV0_PK0_PAP0_PGR2_PLR1_PKA0_SIA3_SLW1_SS1_SU0_SUM0_SUS0_SCIUI1_SPO1_SRVW0_SSO6_SVW2_SNLL0_TSGRA0_TSGRB0_TT2_64_TLDS0_UMLDSA0_UMLDSB0_U64SL1_USFGROn1_VAW1_VSn1_VW2_VWB1_VFLRP0_WSGRA0_WSGRB0_WS64_WG64_4_1_WGM12",24590,6448491121409888,6448491121416418,0,8448,256,1,1,768,6,1
"KERNEL_DISPATCH",1,1,234879,420,68,"void rocsolver::v32802::getf2_npvt_small_kernel<16, double, int, int, double*>(int, double*, long, int, long, int*, int, int)",24604,6448491121442378,6448491121450791,0,136,320,1,1,320,1,1
"KERNEL_DISPATCH",1,1,234879,422,820,"Cijk_Ailk_Bljk_DB_MT128x64x16_MI16x16x4x1_SN_1LDSB1_APM1_ABV0_ACED0_AF0EM2_AF1EM2_AMAS3_ASE_ASGT_ASLT_ASM_ASAE01_ASCE01_ASEM2_AAC0_BL1_BS1_CLR0_DTLA0_DTLB0_DTVA1_DTVB0_DVO0_ETSP_EPS1_ELFLR0_EMLL0_FSSC10_FL0_GLVWA2_GLVWB2_GRCGA1_GRCGB1_GRPM1_GRVW2_GSU1_GSUASB_GLS0_ISA942_IU1_K1_KLA_LBSPPA0_LBSPPB0_LPA0_LPB2_LDL1_LRVW1_LWPMn1_LDW0_FMA_MIAV1_MDA2_MO40_MMFSC_MKFGSU256_NTA0_NTB0_NTC3_NTD3_NEPBS4_NLCA1_NLCB1_ONLL1_OPLV0_PK0_PAP0_PGR2_PLR1_PKA0_SIA3_SLW1_SS1_SU0_SUM0_SUS0_SCIUI1_SPO1_SRVW0_SSO6_SVW2_SNLL0_TSGRA0_TSGRB0_TT2_64_TLDS0_UMLDSA0_UMLDSB0_U64SL1_USFGROn1_VAW1_VSn1_VW2_VWB1_VFLRP0_WSGRA0_WSGRB0_WS64_WG64_4_1_WGM12",24612,6448491121484082,6448491121490772,0,8448,256,1,1,768,5,1
"KERNEL_DISPATCH",1,1,234879,421,185,"void rocsolver::v32802::unit_forward_substitution_kernel<double, int, double*>(int, int, double*, int, int, long, long, double*, int, int, long, long)",24609,6448491121450791,6448491121459605,0,512,16,64,1,16,320,1
"KERNEL_DISPATCH",1,1,234879,423,68,"void rocsolver::v32802::getf2_npvt_small_kernel<16, double, int, int, double*>(int, double*, long, int, long, int*, int, int)",24615,6448491121497423,6448491121506477,0,136,304,1,1,304,1,1
"KERNEL_DISPATCH",1,1,234879,424,185,"void rocsolver::v32802::unit_forward_substitution_kernel<double, int, double*>(int, int, double*, int, int, long, long, double*, int, int, long, long)",24620,6448491121514027,6448491121523281,0,512,16,64,1,16,320,1
"KERNEL_DISPATCH",1,1,234879,425,820,"Cijk_Ailk_Bljk_DB_MT128x64x16_MI16x16x4x1_SN_1LDSB1_APM1_ABV0_ACED0_AF0EM2_AF1EM2_AMAS3_ASE_ASGT_ASLT_ASM_ASAE01_ASCE01_ASEM2_AAC0_BL1_BS1_CLR0_DTLA0_DTLB0_DTVA1_DTVB0_DVO0_ETSP_EPS1_ELFLR0_EMLL0_FSSC10_FL0_GLVWA2_GLVWB2_GRCGA1_GRCGB1_GRPM1_GRVW2_GSU1_GSUASB_GLS0_ISA942_IU1_K1_KLA_LBSPPA0_LBSPPB0_LPA0_LPB2_LDL1_LRVW1_LWPMn1_LDW0_FMA_MIAV1_MDA2_MO40_MMFSC_MKFGSU256_NTA0_NTB0_NTC3_NTD3_NEPBS4_NLCA1_NLCB1_ONLL1_OPLV0_PK0_PAP0_PGR2_PLR1_PKA0_SIA3_SLW1_SS1_SU0_SUM0_SUS0_SCIUI1_SPO1_SRVW0_SSO6_SVW2_SNLL0_TSGRA0_TSGRB0_TT2_64_TLDS0_UMLDSA0_UMLDSB0_U64SL1_USFGROn1_VAW1_VSn1_VW2_VWB1_VFLRP0_WSGRA0_WSGRB0_WS64_WG64_4_1_WGM12",24623,6448491121538285,6448491121544895,0,8448,256,1,1,768,5,1
"KERNEL_DISPATCH",1,1,234879,426,68,"void rocsolver::v32802::getf2_npvt_small_kernel<16, double, int, int, double*>(int, double*, long, int, long, int*, int, int)",24626,6448491121548621,6448491121557755,0,136,288,1,1,288,1,1
"KERNEL_DISPATCH",1,1,234879,427,185,"void rocsolver::v32802::unit_forward_substitution_kernel<double, int, double*>(int, int, double*, int, int, long, long, double*, int, int, long, long)",24631,6448491121560079,6448491121570174,0,512,16,64,1,16,320,1
"KERNEL_DISPATCH",1,1,234879,428,773,"Cijk_Ailk_Bljk_DB_MT64x64x16_MI16x16x4x1_SN_1LDSB1_APM1_ABV0_ACED0_AF0EM2_AF1EM2_AMAS3_ASE_ASGT_ASLT_ASM_ASAE01_ASCE01_ASEM2_AAC0_BL1_BS1_CLR0_DTLA0_DTLB0_DTVA0_DTVB0_DVO0_ETSP_EPS1_ELFLR0_EMLL0_FSSC10_FL0_GLVWA2_GLVWB2_GRCGA1_GRCGB1_GRPM1_GRVW2_GSU1_GSUASB_GLS0_ISA942_IU1_K1_KLA_LBSPPA0_LBSPPB128_LPA0_LPB2_LDL1_LRVW1_LWPMn1_LDW0_FMA_MIAV1_MDA2_MO40_MMFSC_MKFGSU256_NTA0_NTB0_NTC3_NTD3_NEPBS4_NLCA1_NLCB1_ONLL1_OPLV0_PK0_PAP0_PGR2_PLR5_PKA0_SIA3_SLW1_SS1_SU0_SUM0_SUS0_SCIUI1_SPO1_SRVW0_SSO6_SVW2_SNLL0_TSGRA0_TSGRB0_TT2_32_TLDS1_UMLDSA0_UMLDSB1_U64SL1_USFGROn1_VAW1_VSn1_VW2_VWB1_VFLRP0_WSGRA0_WSGRB0_WS64_WG32_8_1_WGM6",24634,6448491121584035,6448491121590165,0,17408,256,1,1,1280,5,1
"KERNEL_DISPATCH",1,1,234879,429,68,"void rocsolver::v32802::getf2_npvt_small_kernel<16, double, int, int, double*>(int, double*, long, int, long, int*, int, int)",24637,6448491121594870,6448491121603924,0,136,272,1,1,272,1,1
"KERNEL_DISPATCH",1,1,234879,430,185,"void rocsolver::v32802::unit_forward_substitution_kernel<double, int, double*>(int, int, double*, int, int, long, long, double*, int, int, long, long)",24642,6448491121611518,6448491121621733,0,512,16,64,1,16,256,1
"KERNEL_DISPATCH",1,1,234879,431,773,"Cijk_Ailk_Bljk_DB_MT64x64x16_MI16x16x4x1_SN_1LDSB1_APM1_ABV0_ACED0_AF0EM2_AF1EM2_AMAS3_ASE_ASGT_ASLT_ASM_ASAE01_ASCE01_ASEM2_AAC0_BL1_BS1_CLR0_DTLA0_DTLB0_DTVA0_DTVB0_DVO0_ETSP_EPS1_ELFLR0_EMLL0_FSSC10_FL0_GLVWA2_GLVWB2_GRCGA1_GRCGB1_GRPM1_GRVW2_GSU1_GSUASB_GLS0_ISA942_IU1_K1_KLA_LBSPPA0_LBSPPB128_LPA0_LPB2_LDL1_LRVW1_LWPMn1_LDW0_FMA_MIAV1_MDA2_MO40_MMFSC_MKFGSU256_NTA0_NTB0_NTC3_NTD3_NEPBS4_NLCA1_NLCB1_ONLL1_OPLV0_PK0_PAP0_PGR2_PLR5_PKA0_SIA3_SLW1_SS1_SU0_SUM0_SUS0_SCIUI1_SPO1_SRVW0_SSO6_SVW2_SNLL0_TSGRA0_TSGRB0_TT2_32_TLDS1_UMLDSA0_UMLDSB1_U64SL1_USFGROn1_VAW1_VSn1_VW2_VWB1_VFLRP0_WSGRA0_WSGRB0_WS64_WG32_8_1_WGM6",24645,6448491121631588,6448491121636436,0,17408,256,1,1,1024,4,1
"KERNEL_DISPATCH",1,1,234879,432,68,"void rocsolver::v32802::getf2_npvt_small_kernel<16, double, int, int, double*>(int, double*, long, int, long, int*, int, int)",24648,6448491121644929,6448491121654664,0,136,256,1,1,256,1,1
"KERNEL_DISPATCH",1,1,234879,433,185,"void rocsolver::v32802::unit_forward_substitution_kernel<double, int, double*>(int, int, double*, int, int, long, long, double*, int, int, long, long)",24653,6448491121656766,6448491121666781,0,512,16,64,1,16,256,1
"KERNEL_DISPATCH",1,1,234879,434,773,"Cijk_Ailk_Bljk_DB_MT64x64x16_MI16x16x4x1_SN_1LDSB1_APM1_ABV0_ACED0_AF0EM2_AF1EM2_AMAS3_ASE_ASGT_ASLT_ASM_ASAE01_ASCE01_ASEM2_AAC0_BL1_BS1_CLR0_DTLA0_DTLB0_DTVA0_DTVB0_DVO0_ETSP_EPS1_ELFLR0_EMLL0_FSSC10_FL0_GLVWA2_GLVWB2_GRCGA1_GRCGB1_GRPM1_GRVW2_GSU1_GSUASB_GLS0_ISA942_IU1_K1_KLA_LBSPPA0_LBSPPB128_LPA0_LPB2_LDL1_LRVW1_LWPMn1_LDW0_FMA_MIAV1_MDA2_MO40_MMFSC_MKFGSU256_NTA0_NTB0_NTC3_NTD3_NEPBS4_NLCA1_NLCB1_ONLL1_OPLV0_PK0_PAP0_PGR2_PLR5_PKA0_SIA3_SLW1_SS1_SU0_SUM0_SUS0_SCIUI1_SPO1_SRVW0_SSO6_SVW2_SNLL0_TSGRA0_TSGRB0_TT2_32_TLDS1_UMLDSA0_UMLDSB1_U64SL1_USFGROn1_VAW1_VSn1_VW2_VWB1_VFLRP0_WSGRA0_WSGRB0_WS64_WG32_8_1_WGM6",24656,6448491121680704,6448491121686272,0,17408,256,1,1,1024,4,1
"KERNEL_DISPATCH",1,1,234879,435,68,"void rocsolver::v32802::getf2_npvt_small_kernel<16, double, int, int, double*>(int, double*, long, int, long, int*, int, int)",24659,6448491121690439,6448491121698691,0,136,240,1,1,240,1,1
"KERNEL_DISPATCH",1,1,234879,436,185,"void rocsolver::v32802::unit_forward_substitution_kernel<double, int, double*>(int, int, double*, int, int, long, long, double*, int, int, long, long)",24664,6448491121702016,6448491121712232,0,512,16,64,1,16,256,1
"KERNEL_DISPATCH",1,1,234879,437,773,"Cijk_Ailk_Bljk_DB_MT64x64x16_MI16x16x4x1_SN_1LDSB1_APM1_ABV0_ACED0_AF0EM2_AF1EM2_AMAS3_ASE_ASGT_ASLT_ASM_ASAE01_ASCE01_ASEM2_AAC0_BL1_BS1_CLR0_DTLA0_DTLB0_DTVA0_DTVB0_DVO0_ETSP_EPS1_ELFLR0_EMLL0_FSSC10_FL0_GLVWA2_GLVWB2_GRCGA1_GRCGB1_GRPM1_GRVW2_GSU1_GSUASB_GLS0_ISA942_IU1_K1_KLA_LBSPPA0_LBSPPB128_LPA0_LPB2_LDL1_LRVW1_LWPMn1_LDW0_FMA_MIAV1_MDA2_MO40_MMFSC_MKFGSU256_NTA0_NTB0_NTC3_NTD3_NEPBS4_NLCA1_NLCB1_ONLL1_OPLV0_PK0_PAP0_PGR2_PLR5_PKA0_SIA3_SLW1_SS1_SU0_SUM0_SUS0_SCIUI1_SPO1_SRVW0_SSO6_SVW2_SNLL0_TSGRA0_TSGRB0_TT2_32_TLDS1_UMLDSA0_UMLDSB1_U64SL1_USFGROn1_VAW1_VSn1_VW2_VWB1_VFLRP0_WSGRA0_WSGRB0_WS64_WG32_8_1_WGM6",24667,6448491121727415,6448491121732343,0,17408,256,1,1,1024,4,1
"KERNEL_DISPATCH",1,1,234879,438,68,"void rocsolver::v32802::getf2_npvt_small_kernel<16, double, int, int, double*>(int, double*, long, int, long, int*, int, int)",24670,6448491121737511,6448491121746525,0,136,224,1,1,224,1,1
"KERNEL_DISPATCH",1,1,234879,440,773,"Cijk_Ailk_Bljk_DB_MT64x64x16_MI16x16x4x1_SN_1LDSB1_APM1_ABV0_ACED0_AF0EM2_AF1EM2_AMAS3_ASE_ASGT_ASLT_ASM_ASAE01_ASCE01_ASEM2_AAC0_BL1_BS1_CLR0_DTLA0_DTLB0_DTVA0_DTVB0_DVO0_ETSP_EPS1_ELFLR0_EMLL0_FSSC10_FL0_GLVWA2_GLVWB2_GRCGA1_GRCGB1_GRPM1_GRVW2_GSU1_GSUASB_GLS0_ISA942_IU1_K1_KLA_LBSPPA0_LBSPPB128_LPA0_LPB2_LDL1_LRVW1_LWPMn1_LDW0_FMA_MIAV1_MDA2_MO40_MMFSC_MKFGSU256_NTA0_NTB0_NTC3_NTD3_NEPBS4_NLCA1_NLCB1_ONLL1_OPLV0_PK0_PAP0_PGR2_PLR5_PKA0_SIA3_SLW1_SS1_SU0_SUM0_SUS0_SCIUI1_SPO1_SRVW0_SSO6_SVW2_SNLL0_TSGRA0_TSGRB0_TT2_32_TLDS1_UMLDSA0_UMLDSB1_U64SL1_USFGROn1_VAW1_VSn1_VW2_VWB1_VFLRP0_WSGRA0_WSGRB0_WS64_WG32_8_1_WGM6",24678,6448491121762229,6448491121767276,0,17408,256,1,1,1024,4,1
"KERNEL_DISPATCH",1,1,234879,439,185,"void rocsolver::v32802::unit_forward_substitution_kernel<double, int, double*>(int, int, double*, int, int, long, long, double*, int, int, long, long)",24675,6448491121746525,6448491121755298,0,512,16,64,1,16,256,1
"KERNEL_DISPATCH",1,1,234879,441,68,"void rocsolver::v32802::getf2_npvt_small_kernel<16, double, int, int, double*>(int, double*, long, int, long, int*, int, int)",24681,6448491121775689,6448491121783942,0,136,208,1,1,208,1,1
"KERNEL_DISPATCH",1,1,234879,442,185,"void rocsolver::v32802::unit_forward_substitution_kernel<double, int, double*>(int, int, double*, int, int, long, long, double*, int, int, long, long)",24686,6448491121788336,6448491121797671,0,512,16,64,1,16,192,1
"KERNEL_DISPATCH",1,1,234879,443,773,"Cijk_Ailk_Bljk_DB_MT64x64x16_MI16x16x4x1_SN_1LDSB1_APM1_ABV0_ACED0_AF0EM2_AF1EM2_AMAS3_ASE_ASGT_ASLT_ASM_ASAE01_ASCE01_ASEM2_AAC0_BL1_BS1_CLR0_DTLA0_DTLB0_DTVA0_DTVB0_DVO0_ETSP_EPS1_ELFLR0_EMLL0_FSSC10_FL0_GLVWA2_GLVWB2_GRCGA1_GRCGB1_GRPM1_GRVW2_GSU1_GSUASB_GLS0_ISA942_IU1_K1_KLA_LBSPPA0_LBSPPB128_LPA0_LPB2_LDL1_LRVW1_LWPMn1_LDW0_FMA_MIAV1_MDA2_MO40_MMFSC_MKFGSU256_NTA0_NTB0_NTC3_NTD3_NEPBS4_NLCA1_NLCB1_ONLL1_OPLV0_PK0_PAP0_PGR2_PLR5_PKA0_SIA3_SLW1_SS1_SU0_SUM0_SUS0_SCIUI1_SPO1_SRVW0_SSO6_SVW2_SNLL0_TSGRA0_TSGRB0_TT2_32_TLDS1_UMLDSA0_UMLDSB1_U64SL1_USFGROn1_VAW1_VSn1_VW2_VWB1_VFLRP0_WSGRA0_WSGRB0_WS64_WG32_8_1_WGM6",24689,6448491121813187,6448491121817834,0,17408,256,1,1,768,3,1
"KERNEL_DISPATCH",1,1,234879,444,68,"void rocsolver::v32802::getf2_npvt_small_kernel<16, double, int, int, double*>(int, double*, long, int, long, int*, int, int)",24692,6448491121821480,6448491121830654,0,136,192,1,1,192,1,1
"KERNEL_DISPATCH",1,1,234879,446,977,"Cijk_Ailk_Bljk_DB_MT128x64x16_MI16x16x4x1_SN_1LDSB1_APM1_ABV0_ACED0_AF0EM2_AF1EM2_AMAS3_ASE_ASGT_ASLT_ASM_ASAE01_ASCE01_ASEM2_AAC0_BL1_BS1_CLR0_DTLA0_DTLB0_DTVA1_DTVB0_DVO0_ETSP_EPS1_ELFLR0_EMLL0_FSSC10_FL0_GLVWA2_GLVWB2_GRCGA1_GRCGB1_GRPM1_GRVW2_GSU1_GSUASB_GLS0_ISA942_IU1_K1_KLA_LBSPPA0_LBSPPB0_LPA0_LPB2_LDL1_LRVW1_LWPMn1_LDW0_FMA_MIAV1_MDA2_MO40_MMFSC_MKFGSU256_NTA0_NTB0_NTC3_NTD3_NEPBS4_NLCA1_NLCB1_ONLL1_OPLV0_PK0_PAP0_PGR2_PLR5_PKA0_SIA3_SLW1_SS1_SU0_SUM0_SUS0_SCIUI1_SPO1_SRVW0_SSO6_SVW2_SNLL0_TSGRA0_TSGRB0_TT2_64_TLDS0_UMLDSA0_UMLDSB0_U64SL1_USFGROn1_VAW1_VSn1_VW2_VWB1_VFLRP0_WSGRA0_WSGRB0_WS64_WG64_4_1_WGM6",24700,6448491121846037,6448491121856694,0,8448,256,1,1,512,3,1
"KERNEL_DISPATCH",1,1,234879,445,185,"void rocsolver::v32802::unit_forward_substitution_kernel<double, int, double*>(int, int, double*, int, int, long, long, double*, int, int, long, long)",24697,6448491121830654,6448491121840549,0,512,16,64,1,16,192,1
"KERNEL_DISPATCH",1,1,234879,447,68,"void rocsolver::v32802::getf2_npvt_small_kernel<16, double, int, int, double*>(int, double*, long, int, long, int*, int, int)",24703,6448491121872558,6448491121881652,0,136,176,1,1,176,1,1
"KERNEL_DISPATCH",1,1,234879,448,185,"void rocsolver::v32802::unit_forward_substitution_kernel<double, int, double*>(int, int, double*, int, int, long, long, double*, int, int, long, long)",24708,6448491121885257,6448491121895954,0,512,16,64,1,16,192,1
"KERNEL_DISPATCH",1,1,234879,449,977,"Cijk_Ailk_Bljk_DB_MT128x64x16_MI16x16x4x1_SN_1LDSB1_APM1_ABV0_ACED0_AF0EM2_AF1EM2_AMAS3_ASE_ASGT_ASLT_ASM_ASAE01_ASCE01_ASEM2_AAC0_BL1_BS1_CLR0_DTLA0_DTLB0_DTVA1_DTVB0_DVO0_ETSP_EPS1_ELFLR0_EMLL0_FSSC10_FL0_GLVWA2_GLVWB2_GRCGA1_GRCGB1_GRPM1_GRVW2_GSU1_GSUASB_GLS0_ISA942_IU1_K1_KLA_LBSPPA0_LBSPPB0_LPA0_LPB2_LDL1_LRVW1_LWPMn1_LDW0_FMA_MIAV1_MDA2_MO40_MMFSC_MKFGSU256_NTA0_NTB0_NTC3_NTD3_NEPBS4_NLCA1_NLCB1_ONLL1_OPLV0_PK0_PAP0_PGR2_PLR5_PKA0_SIA3_SLW1_SS1_SU0_SUM0_SUS0_SCIUI1_SPO1_SRVW0_SSO6_SVW2_SNLL0_TSGRA0_TSGRB0_TT2_64_TLDS0_UMLDSA0_UMLDSB0_U64SL1_USFGROn1_VAW1_VSn1_VW2_VWB1_VFLRP0_WSGRA0_WSGRB0_WS64_WG64_4_1_WGM6",24711,6448491121907011,6448491121914662,0,8448,256,1,1,512,3,1
"KERNEL_DISPATCH",1,1,234879,450,68,"void rocsolver::v32802::getf2_npvt_small_kernel<16, double, int, int, double*>(int, double*, long, int, long, int*, int, int)",24714,6448491121918348,6448491121927362,0,136,160,1,1,160,1,1
"KERNEL_DISPATCH",1,1,234879,451,185,"void rocsolver::v32802::unit_forward_substitution_kernel<double, int, double*>(int, int, double*, int, int, long, long, double*, int, int, long, long)",24719,6448491121930767,6448491121940863,0,512,16,64,1,16,192,1
"KERNEL_DISPATCH",1,1,234879,452,817,"Cijk_Ailk_Bljk_DB_MT128x64x16_MI16x16x4x1_SN_1LDSB1_APM1_ABV0_ACED0_AF0EM2_AF1EM2_AMAS3_ASE_ASGT_ASLT_ASM_ASAE01_ASCE01_ASEM2_AAC0_BL1_BS1_CLR0_DTLA0_DTLB0_DTVA0_DTVB0_DVO0_ETSP_EPS1_ELFLR0_EMLL0_FSSC10_FL0_GLVWA2_GLVWB2_GRCGA1_GRCGB1_GRPM1_GRVW2_GSU1_GSUASB_GLS0_ISA942_IU1_K1_KLA_LBSPPA0_LBSPPB0_LPA0_LPB2_LDL1_LRVW1_LWPMn1_LDW0_FMA_MIAV1_MDA2_MO40_MMFSC_MKFGSU256_NTA0_NTB0_NTC3_NTD3_NEPBS0_NLCA1_NLCB1_ONLL1_OPLV0_PK0_PAP0_PGR2_PLR5_PKA0_SIA3_SLW1_SS1_SU0_SUM0_SUS0_SCIUI1_SPO1_SRVW0_SSO6_SVW2_SNLL0_TSGRA0_TSGRB0_TT2_64_TLDS0_UMLDSA0_UMLDSB0_U64SL1_USFGROn1_VAW1_VSn1_VW2_VWB1_VFLRP0_WSGRA0_WSGRB0_WS64_WG64_4_1_WGM6",24722,6448491121950277,6448491121960052,0,24832,256,1,1,512,3,1
"KERNEL_DISPATCH",1,1,234879,453,68,"void rocsolver::v32802::getf2_npvt_small_kernel<16, double, int, int, double*>(int, double*, long, int, long, int*, int, int)",24725,6448491121963457,6448491121971990,0,136,144,1,1,144,1,1
"KERNEL_DISPATCH",1,1,234879,454,185,"void rocsolver::v32802::unit_forward_substitution_kernel<double, int, double*>(int, int, double*, int, int, long, long, double*, int, int, long, long)",24730,6448491121973673,6448491121982607,0,512,16,64,1,16,128,1
"KERNEL_DISPATCH",1,1,234879,455,817,"Cijk_Ailk_Bljk_DB_MT128x64x16_MI16x16x4x1_SN_1LDSB1_APM1_ABV0_ACED0_AF0EM2_AF1EM2_AMAS3_ASE_ASGT_ASLT_ASM_ASAE01_ASCE01_ASEM2_AAC0_BL1_BS1_CLR0_DTLA0_DTLB0_DTVA0_DTVB0_DVO0_ETSP_EPS1_ELFLR0_EMLL0_FSSC10_FL0_GLVWA2_GLVWB2_GRCGA1_GRCGB1_GRPM1_GRVW2_GSU1_GSUASB_GLS0_ISA942_IU1_K1_KLA_LBSPPA0_LBSPPB0_LPA0_LPB2_LDL1_LRVW1_LWPMn1_LDW0_FMA_MIAV1_MDA2_MO40_MMFSC_MKFGSU256_NTA0_NTB0_NTC3_NTD3_NEPBS0_NLCA1_NLCB1_ONLL1_OPLV0_PK0_PAP0_PGR2_PLR5_PKA0_SIA3_SLW1_SS1_SU0_SUM0_SUS0_SCIUI1_SPO1_SRVW0_SSO6_SVW2_SNLL0_TSGRA0_TSGRB0_TT2_64_TLDS0_UMLDSA0_UMLDSB0_U64SL1_USFGROn1_VAW1_VSn1_VW2_VWB1_VFLRP0_WSGRA0_WSGRB0_WS64_WG64_4_1_WGM6",24733,6448491121991628,6448491121997397,0,24832,256,1,1,256,2,1
"KERNEL_DISPATCH",1,1,234879,456,68,"void rocsolver::v32802::getf2_npvt_small_kernel<16, double, int, int, double*>(int, double*, long, int, long, int*, int, int)",24736,6448491122010169,6448491122018422,0,136,128,1,1,128,1,1
"KERNEL_DISPATCH",1,1,234879,457,185,"void rocsolver::v32802::unit_forward_substitution_kernel<double, int, double*>(int, int, double*, int, int, long, long, double*, int, int, long, long)",24741,6448491122029497,6448491122039552,0,512,16,64,1,16,128,1
"KERNEL_DISPATCH",1,1,234879,458,1178,"Cijk_Ailk_Bljk_DB_MT128x64x16_MI16x16x4x1_SN_1LDSB1_APM1_ABV0_ACED0_AF0EM2_AF1EM2_AMAS3_ASE_ASGT_ASLT_ASM_ASAE01_ASCE01_ASEM2_AAC0_BL1_BS1_CLR0_DTLA0_DTLB0_DTVA0_DTVB0_DVO0_ETSP_EPS1_ELFLR0_EMLL0_FSSC10_FL0_GLVWA2_GLVWB2_GRCGA1_GRCGB1_GRPM1_GRVW2_GSU1_GSUASB_GLS0_ISA942_IU1_K1_KLA_LBSPPA0_LBSPPB0_LPA0_LPB2_LDL1_LRVW1_LWPMn1_LDW0_FMA_MIAV1_MDA2_MO40_MMFSC_MKFGSU256_NTA0_NTB0_NTC3_NTD3_NEPBS0_NLCA1_NLCB1_ONLL1_OPLV0_PK0_PAP0_PGR2_PLR1_PKA0_SIA3_SLW1_SS1_SU0_SUM0_SUS0_SCIUI1_SPO1_SRVW0_SSO6_SVW2_SNLL0_TSGRA0_TSGRB0_TT2_64_TLDS0_UMLDSA0_UMLDSB0_U64SL1_USFGROn1_VAW1_VSn1_VW2_VWB1_VFLRP0_WSGRA0_WSGRB0_WS64_WG64_4_1_WGM6",24744,6448491122048548,6448491122058483,0,24832,256,1,1,256,2,1
"KERNEL_DISPATCH",1,1,234879,459,68,"void rocsolver::v32802::getf2_npvt_small_kernel<16, double, int, int, double*>(int, double*, long, int, long, int*, int, int)",24747,6448491122059893,6448491122068346,0,136,112,1,1,112,1,1
"KERNEL_DISPATCH",1,1,234879,460,185,"void rocsolver::v32802::unit_forward_substitution_kernel<double, int, double*>(int, int, double*, int, int, long, long, double*, int, int, long, long)",24752,6448491122073706,6448491122084363,0,512,16,64,1,16,128,1
"KERNEL_DISPATCH",1,1,234879,461,999,"Cijk_Ailk_Bljk_DB_MT128x64x16_MI16x16x4x1_SN_1LDSB1_APM1_ABV0_ACED0_AF0EM2_AF1EM2_AMAS3_ASE_ASGT_ASLT_ASM_ASAE01_ASCE01_ASEM2_AAC0_BL1_BS1_CLR0_DTLA0_DTLB0_DTVA1_DTVB0_DVO0_ETSP_EPS1_ELFLR0_EMLL0_FSSC10_FL0_GLVWA2_GLVWB2_GRCGA1_GRCGB1_GRPM1_GRVW2_GSU1_GSUASB_GLS0_ISA942_IU1_K1_KLA_LBSPPA0_LBSPPB0_LPA0_LPB2_LDL1_LRVW1_LWPMn1_LDW0_FMA_MIAV1_MDA2_MO40_MMFSC_MKFGSU256_NTA0_NTB0_NTC3_NTD3_NEPBS0_NLCA1_NLCB1_ONLL1_OPLV0_PK0_PAP0_PGR2_PLR5_PKA0_SIA3_SLW1_SS1_SU0_SUM0_SUS0_SCIUI1_SPO1_SRVW0_SSO6_SVW2_SNLL0_TSGRA0_TSGRB0_TT2_64_TLDS0_UMLDSA0_UMLDSB0_U64SL1_USFGROn1_VAW1_VSn1_VW2_VWB1_VFLRP0_WSGRA0_WSGRB0_WS64_WG64_4_1_WGM12",24755,6448491122094216,6448491122103630,0,8448,256,1,1,256,2,1
"KERNEL_DISPATCH",1,1,234879,462,68,"void rocsolver::v32802::getf2_npvt_small_kernel<16, double, int, int, double*>(int, double*, long, int, long, int*, int, int)",24758,6448491122106825,6448491122115078,0,136,96,1,1,96,1,1
"KERNEL_DISPATCH",1,1,234879,463,185,"void rocsolver::v32802::unit_forward_substitution_kernel<double, int, double*>(int, int, double*, int, int, long, long, double*, int, int, long, long)",24763,6448491122124202,6448491122134217,0,512,16,64,1,16,128,1
"KERNEL_DISPATCH",1,1,234879,464,759,"Cijk_Ailk_Bljk_DB_MT64x64x16_MI16x16x4x1_SN_1LDSB1_APM1_ABV0_ACED0_AF0EM2_AF1EM2_AMAS3_ASE_ASGT_ASLT_ASM_ASAE01_ASCE01_ASEM2_AAC0_BL1_BS1_CLR0_DTLA0_DTLB0_DTVA0_DTVB0_DVO0_ETSP_EPS1_ELFLR0_EMLL0_FSSC10_FL0_GLVWA2_GLVWB2_GRCGA1_GRCGB1_GRPM1_GRVW2_GSU1_GSUASB_GLS0_ISA942_IU1_K1_KLA_LBSPPA0_LBSPPB0_LPA0_LPB2_LDL1_LRVW1_LWPMn1_LDW0_FMA_MIAV1_MDA2_MO40_MMFSC_MKFGSU256_NTA0_NTB0_NTC3_NTD3_NEPBS4_NLCA1_NLCB1_ONLL1_OPLV0_PK0_PAP0_PGR2_PLR5_PKA0_SIA3_SLW1_SS1_SU0_SUM0_SUS0_SCIUI1_SPO1_SRVW0_SSO6_SVW2_SNLL0_TSGRA0_TSGRB0_TT2_32_TLDS0_UMLDSA0_UMLDSB0_U64SL1_USFGROn1_VAW1_VSn1_VW2_VWB1_VFLRP0_WSGRA0_WSGRB0_WS64_WG32_8_1_WGM6",24766,6448491122144254,6448491122152267,0,16640,256,1,1,512,2,1
"KERNEL_DISPATCH",1,1,234879,465,68,"void rocsolver::v32802::getf2_npvt_small_kernel<16, double, int, int, double*>(int, double*, long, int, long, int*, int, int)",24769,6448491122156593,6448491122164526,0,136,80,1,1,80,1,1
"KERNEL_DISPATCH",1,1,234879,466,185,"void rocsolver::v32802::unit_forward_substitution_kernel<double, int, double*>(int, int, double*, int, int, long, long, double*, int, int, long, long)",24774,6448491122165635,6448491122175290,0,512,16,64,1,16,64,1
"KERNEL_DISPATCH",1,1,234879,467,814,"Cijk_Ailk_Bljk_DB_MT64x64x16_MI16x16x4x1_SN_1LDSB1_APM1_ABV0_ACED0_AF0EM2_AF1EM2_AMAS0_ASE_ASGT_ASLT_ASM_ASAE01_ASCE01_ASEM2_AAC0_BL1_BS1_CLR0_DTLA0_DTLB0_DTVA1_DTVB0_DVO0_ETSP_EPS1_ELFLR0_EMLL0_FSSC10_FL0_GLVWA1_GLVWB1_GRCGA1_GRCGB1_GRPM1_GRVW1_GSU1_GSUASB_GLS0_ISA942_IU1_K1_KLA_LBSPPA0_LBSPPB128_LPA0_LPB4_LDL1_LRVW2_LWPMn1_LDW0_FMA_MIAV1_MDA2_MO40_MMFSC_MKFGSU256_NTA0_NTB0_NTC3_NTD3_NEPBS0_NLCA1_NLCB1_ONLL1_OPLV0_PK0_PAP0_PGR2_PLR5_PKA0_SIA3_SLW1_SS1_SU0_SUM0_SUS0_SCIUI1_SPO1_SRVW0_SSO6_SVW1_SNLL0_TSGRA0_TSGRB0_TT1_64_TLDS1_UMLDSA0_UMLDSB1_U64SL1_USFGROn1_VAW1_VSn1_VW1_VWB1_VFLRP0_WSGRA0_WSGRB0_WS64_WG64_4_1_WGM6",24777,6448491122187481,6448491122193891,0,10240,256,1,1,256,1,1
"KERNEL_DISPATCH",1,1,234879,468,68,"void rocsolver::v32802::getf2_npvt_small_kernel<16, double, int, int, double*>(int, double*, long, int, long, int*, int, int)",24780,6448491122198257,6448491122207351,0,136,64,1,1,64,1,1
"KERNEL_DISPATCH",1,1,234879,469,185,"void rocsolver::v32802::unit_forward_substitution_kernel<double, int, double*>(int, int, double*, int, int, long, long, double*, int, int, long, long)",24785,6448491122207299,6448491122216634,0,512,16,64,1,16,64,1
"KERNEL_DISPATCH",1,1,234879,470,744,"Cijk_Ailk_Bljk_DB_MT64x64x16_MI16x16x4x1_SN_1LDSB1_APM1_ABV0_ACED0_AF0EM2_AF1EM2_AMAS3_ASE_ASGT_ASLT_ASM_ASAE01_ASCE01_ASEM2_AAC0_BL1_BS1_CLR0_DTLA0_DTLB0_DTVA0_DTVB0_DVO0_ETSP_EPS1_ELFLR0_EMLL0_FSSC10_FL0_GLVWA2_GLVWB2_GRCGA1_GRCGB1_GRPM1_GRVW2_GSU1_GSUASB_GLS0_ISA942_IU1_K1_KLA_LBSPPA0_LBSPPB128_LPA0_LPB4_LDL1_LRVW2_LWPMn1_LDW0_FMA_MIAV1_MDA2_MO40_MMFSC_MKFGSU256_NTA0_NTB0_NTC3_NTD3_NEPBS0_NLCA1_NLCB1_ONLL1_OPLV0_PK0_PAP0_PGR2_PLR5_PKA0_SIA3_SLW1_SS1_SU0_SUM0_SUS0_SCIUI1_SPO1_SRVW0_SSO6_SVW2_SNLL0_TSGRA0_TSGRB0_TT2_32_TLDS1_UMLDSA0_UMLDSB1_U64SL1_USFGROn1_VAW1_VSn1_VW2_VWB1_VFLRP0_WSGRA0_WSGRB0_WS64_WG32_8_1_WGM6",24788,6448491122231709,6448491122238439,0,18432,256,1,1,256,1,1
"KERNEL_DISPATCH",1,1,234879,471,68,"void rocsolver::v32802::getf2_npvt_small_kernel<16, double, int, int, double*>(int, double*, long, int, long, int*, int, int)",24791,6448491122241484,6448491122250537,0,136,48,1,1,48,1,1
"KERNEL_DISPATCH",1,1,234879,473,754,"Cijk_Ailk_Bljk_DB_MT32x64x32_MI16x16x4x1_SN_1LDSB1_APM1_ABV0_ACED0_AF0EM2_AF1EM2_AMAS3_ASE_ASGT_ASLT_ASM_ASAE01_ASCE01_ASEM2_AAC0_BL1_BS1_CLR0_DTLA0_DTLB0_DTVA0_DTVB0_DVO0_ETSP_EPS1_ELFLR0_EMLL0_FSSC10_FL0_GLVWA2_GLVWB2_GRCGA1_GRCGB1_GRPM1_GRVW2_GSU1_GSUASB_GLS0_ISA942_IU1_K1_KLA_LBSPPA0_LBSPPB256_LPA0_LPB4_LDL1_LRVW2_LWPMn1_LDW0_FMA_MIAV1_MDA2_MO40_MMFSC_MKFGSU256_NTA0_NTB0_NTC3_NTD3_NEPBS0_NLCA1_NLCB1_ONLL1_OPLV0_PK0_PAP0_PGR2_PLR9_PKA0_SIA3_SLW1_SS1_SU0_SUM0_SUS0_SCIUI1_SPO1_SRVW0_SSO6_SVW2_SNLL0_TSGRA0_TSGRB0_TT2_16_TLDS1_UMLDSA0_UMLDSB1_U64SL1_USFGROn1_VAW1_VSn1_VW2_VWB1_VFLRP0_WSGRA0_WSGRB0_WS64_WG16_16_1_WGM6",24799,6448491122269286,6448491122276537,0,26624,256,1,1,256,1,1
"KERNEL_DISPATCH",1,1,234879,472,185,"void rocsolver::v32802::unit_forward_substitution_kernel<double, int, double*>(int, int, double*, int, int, long, long, double*, int, int, long, long)",24796,6448491122250537,6448491122258510,0,512,16,64,1,16,64,1
"KERNEL_DISPATCH",1,1,234879,474,68,"void rocsolver::v32802::getf2_npvt_small_kernel<16, double, int, int, double*>(int, double*, long, int, long, int*, int, int)",24802,6448491122283027,6448491122291240,0,136,32,1,1,32,1,1
"KERNEL_DISPATCH",1,1,234879,475,185,"void rocsolver::v32802::unit_forward_substitution_kernel<double, int, double*>(int, int, double*, int, int, long, long, double*, int, int, long, long)",24807,6448491122297308,6448491122304078,0,512,16,64,1,16,64,1
"KERNEL_DISPATCH",1,1,234879,476,754,"Cijk_Ailk_Bljk_DB_MT32x64x32_MI16x16x4x1_SN_1LDSB1_APM1_ABV0_ACED0_AF0EM2_AF1EM2_AMAS3_ASE_ASGT_ASLT_ASM_ASAE01_ASCE01_ASEM2_AAC0_BL1_BS1_CLR0_DTLA0_DTLB0_DTVA0_DTVB0_DVO0_ETSP_EPS1_ELFLR0_EMLL0_FSSC10_FL0_GLVWA2_GLVWB2_GRCGA1_GRCGB1_GRPM1_GRVW2_GSU1_GSUASB_GLS0_ISA942_IU1_K1_KLA_LBSPPA0_LBSPPB256_LPA0_LPB4_LDL1_LRVW2_LWPMn1_LDW0_FMA_MIAV1_MDA2_MO40_MMFSC_MKFGSU256_NTA0_NTB0_NTC3_NTD3_NEPBS0_NLCA1_NLCB1_ONLL1_OPLV0_PK0_PAP0_PGR2_PLR9_PKA0_SIA3_SLW1_SS1_SU0_SUM0_SUS0_SCIUI1_SPO1_SRVW0_SSO6_SVW2_SNLL0_TSGRA0_TSGRB0_TT2_16_TLDS1_UMLDSA0_UMLDSB1_U64SL1_USFGROn1_VAW1_VSn1_VW2_VWB1_VFLRP0_WSGRA0_WSGRB0_WS64_WG16_16_1_WGM6",24810,6448491122321606,6448491122325933,0,26624,256,1,1,256,1,1
"KERNEL_DISPATCH",1,1,234879,477,68,"void rocsolver::v32802::getf2_npvt_small_kernel<16, double, int, int, double*>(int, double*, long, int, long, int*, int, int)",24813,6448491122332663,6448491122340796,0,136,16,1,1,16,1,1
"KERNEL_DISPATCH",1,1,234879,478,1399,"void rocblas_trtri_trsm_kernel<128, 16, 8, double, double const*, double*>(rocblas_fill_, rocblas_diagonal_, double const*, long, int, long, double*, long, long, int)",24817,6448491122345443,6448491122376410,0,8192,256,1,1,4096,1,1
"KERNEL_DISPATCH",1,1,234879,479,1443,"void rocblas_trtri_fill<128, double, double*>(_rocblas_handle*, rocblas_fill_, int, long, int, long, double*, long, long, int, int)",24822,6448491122376410,6448491122379375,0,0,128,1,1,32512,1,1
"KERNEL_DISPATCH",1,1,234879,480,997,"Cijk_Ailk_Bljk_DB_MT64x32x16_MI16x16x4x1_SN_1LDSB1_APM1_ABV0_ACED0_AF0EM2_AF1EM2_AMAS0_ASE_ASGT_ASLT_ASM_ASAE01_ASCE01_ASEM2_AAC0_BL1_BS1_CLR0_DTLA0_DTLB0_DTVA1_DTVB0_DVO0_ETSP_EPS1_ELFLR0_EMLL0_FSSC10_FL0_GLVWA1_GLVWB1_GRCGA1_GRCGB1_GRPM1_GRVW1_GSU1_GSUASB_GLS0_ISA942_IU1_K1_KLA_LBSPPA0_LBSPPB128_LPA0_LPB4_LDL1_LRVW2_LWPMn1_LDW0_FMA_MIAV1_MDA2_MO40_MMFSC_MKFGSU256_NTA0_NTB0_NTC3_NTD3_NEPBS0_NLCA1_NLCB1_ONLL1_OPLV0_PK0_PAP0_PGR2_PLR5_PKA0_SIA3_SLW1_SS1_SU0_SUM0_SUS0_SCIUI1_SPO1_SRVW0_SSO6_SVW1_SNLL0_TSGRA0_TSGRB0_TT1_32_TLDS1_UMLDSA0_UMLDSB1_U64SL1_USFGROn1_VAW1_VSn1_VW1_VWB1_VFLRP0_WSGRA0_WSGRB0_WS64_WG64_4_1_WGM12",24826,6448491122379375,6448491122385785,0,5120,256,1,1,256,1,4
"KERNEL_DISPATCH",1,1,234879,481,997,"Cijk_Ailk_Bljk_DB_MT64x32x16_MI16x16x4x1_SN_1LDSB1_APM1_ABV0_ACED0_AF0EM2_AF1EM2_AMAS0_ASE_ASGT_ASLT_ASM_ASAE01_ASCE01_ASEM2_AAC0_BL1_BS1_CLR0_DTLA0_DTLB0_DTVA1_DTVB0_DVO0_ETSP_EPS1_ELFLR0_EMLL0_FSSC10_FL0_GLVWA1_GLVWB1_GRCGA1_GRCGB1_GRPM1_GRVW1_GSU1_GSUASB_GLS0_ISA942_IU1_K1_KLA_LBSPPA0_LBSPPB128_LPA0_LPB4_LDL1_LRVW2_LWPMn1_LDW0_FMA_MIAV1_MDA2_MO40_MMFSC_MKFGSU256_NTA0_NTB0_NTC3_NTD3_NEPBS0_NLCA1_NLCB1_ONLL1_OPLV0_PK0_PAP0_PGR2_PLR5_PKA0_SIA3_SLW1_SS1_SU0_SUM0_SUS0_SCIUI1_SPO1_SRVW0_SSO6_SVW1_SNLL0_TSGRA0_TSGRB0_TT1_32_TLDS1_UMLDSA0_UMLDSB1_U64SL1_USFGROn1_VAW1_VSn1_VW1_VWB1_VFLRP0_WSGRA0_WSGRB0_WS64_WG64_4_1_WGM12",24829,6448491122391193,6448491122397082,0,5120,256,1,1,256,1,4
"KERNEL_DISPATCH",1,1,234879,482,997,"Cijk_Ailk_Bljk_DB_MT64x32x16_MI16x16x4x1_SN_1LDSB1_APM1_ABV0_ACED0_AF0EM2_AF1EM2_AMAS0_ASE_ASGT_ASLT_ASM_ASAE01_ASCE01_ASEM2_AAC0_BL1_BS1_CLR0_DTLA0_DTLB0_DTVA1_DTVB0_DVO0_ETSP_EPS1_ELFLR0_EMLL0_FSSC10_FL0_GLVWA1_GLVWB1_GRCGA1_GRCGB1_GRPM1_GRVW1_GSU1_GSUASB_GLS0_ISA942_IU1_K1_KLA_LBSPPA0_LBSPPB128_LPA0_LPB4_LDL1_LRVW2_LWPMn1_LDW0_FMA_MIAV1_MDA2_MO40_MMFSC_MKFGSU256_NTA0_NTB0_NTC3_NTD3_NEPBS0_NLCA1_NLCB1_ONLL1_OPLV0_PK0_PAP0_PGR2_PLR5_PKA0_SIA3_SLW1_SS1_SU0_SUM0_SUS0_SCIUI1_SPO1_SRVW0_SSO6_SVW1_SNLL0_TSGRA0_TSGRB0_TT1_32_TLDS1_UMLDSA0_UMLDSB1_U64SL1_USFGROn1_VAW1_VSn1_VW1_VWB1_VFLRP0_WSGRA0_WSGRB0_WS64_WG64_4_1_WGM12",24832,6448491122424484,6448491122429652,0,5120,256,1,1,256,1,4
"KERNEL_DISPATCH",1,1,234879,483,997,"Cijk_Ailk_Bljk_DB_MT64x32x16_MI16x16x4x1_SN_1LDSB1_APM1_ABV0_ACED0_AF0EM2_AF1EM2_AMAS0_ASE_ASGT_ASLT_ASM_ASAE01_ASCE01_ASEM2_AAC0_BL1_BS1_CLR0_DTLA0_DTLB0_DTVA1_DTVB0_DVO0_ETSP_EPS1_ELFLR0_EMLL0_FSSC10_FL0_GLVWA1_GLVWB1_GRCGA1_GRCGB1_GRPM1_GRVW1_GSU1_GSUASB_GLS0_ISA942_IU1_K1_KLA_LBSPPA0_LBSPPB128_LPA0_LPB4_LDL1_LRVW2_LWPMn1_LDW0_FMA_MIAV1_MDA2_MO40_MMFSC_MKFGSU256_NTA0_NTB0_NTC3_NTD3_NEPBS0_NLCA1_NLCB1_ONLL1_OPLV0_PK0_PAP0_PGR2_PLR5_PKA0_SIA3_SLW1_SS1_SU0_SUM0_SUS0_SCIUI1_SPO1_SRVW0_SSO6_SVW1_SNLL0_TSGRA0_TSGRB0_TT1_32_TLDS1_UMLDSA0_UMLDSB1_U64SL1_USFGROn1_VAW1_VSn1_VW1_VWB1_VFLRP0_WSGRA0_WSGRB0_WS64_WG64_4_1_WGM12",24835,6448491122449282,6448491122453969,0,5120,256,1,1,256,1,4
"KERNEL_DISPATCH",1,1,234879,484,970,"Cijk_Ailk_Bljk_DB_MT64x64x32_MI16x16x4x1_SN_1LDSB1_APM1_ABV0_ACED0_AF0EM2_AF1EM2_AMAS0_ASE_ASGT_ASLT_ASM_ASAE01_ASCE01_ASEM2_AAC0_BL1_BS1_CLR0_DTLA0_DTLB0_DTVA0_DTVB0_DVO0_ETSP_EPS1_ELFLR0_EMLL0_FSSC10_FL0_GLVWA1_GLVWB1_GRCGA1_GRCGB1_GRPM1_GRVW1_GSU1_GSUASB_GLS0_ISA942_IU1_K1_KLA_LBSPPA0_LBSPPB0_LPA0_LPB1_LDL1_LRVW1_LWPMn1_LDW0_FMA_MIAV1_MDA2_MO40_MMFSC_MKFGSU256_NTA0_NTB0_NTC3_NTD3_NEPBS0_NLCA1_NLCB1_ONLL1_OPLV0_PK0_PAP0_PGR2_PLR9_PKA0_SIA3_SLW1_SS1_SU0_SUM0_SUS0_SCIUI1_SPO1_SRVW0_SSO6_SVW1_SNLL0_TSGRA0_TSGRB0_TT2_32_TLDS0_UMLDSA0_UMLDSB0_U64SL1_USFGROn1_VAW1_VSn1_VW1_VWB1_VFLRP0_WSGRA0_WSGRB0_WS64_WG32_8_1_WGM6",24838,6448491122466388,6448491122473439,0,33024,256,1,1,256,1,4
"KERNEL_DISPATCH",1,1,234879,485,970,"Cijk_Ailk_Bljk_DB_MT64x64x32_MI16x16x4x1_SN_1LDSB1_APM1_ABV0_ACED0_AF0EM2_AF1EM2_AMAS0_ASE_ASGT_ASLT_ASM_ASAE01_ASCE01_ASEM2_AAC0_BL1_BS1_CLR0_DTLA0_DTLB0_DTVA0_DTVB0_DVO0_ETSP_EPS1_ELFLR0_EMLL0_FSSC10_FL0_GLVWA1_GLVWB1_GRCGA1_GRCGB1_GRPM1_GRVW1_GSU1_GSUASB_GLS0_ISA942_IU1_K1_KLA_LBSPPA0_LBSPPB0_LPA0_LPB1_LDL1_LRVW1_LWPMn1_LDW0_FMA_MIAV1_MDA2_MO40_MMFSC_MKFGSU256_NTA0_NTB0_NTC3_NTD3_NEPBS0_NLCA1_NLCB1_ONLL1_OPLV0_PK0_PAP0_PGR2_PLR9_PKA0_SIA3_SLW1_SS1_SU0_SUM0_SUS0_SCIUI1_SPO1_SRVW0_SSO6_SVW1_SNLL0_TSGRA0_TSGRB0_TT2_32_TLDS0_UMLDSA0_UMLDSB0_U64SL1_USFGROn1_VAW1_VSn1_VW1_VWB1_VFLRP0_WSGRA0_WSGRB0_WS64_WG32_8_1_WGM6",24841,6448491122490465,6448491122498878,0,33024,256,1,1,256,1,4
"KERNEL_DISPATCH",1,1,234879,486,1471,"void rocblas_copy_matrix_trsm<128, 8, double, double*, double*>(int, int, int, double*, int, long, double*, int, long, long, long, int)",24845,6448491122501482,6448491122507532,0,0,128,8,1,6144,128,1
"KERNEL_DISPATCH",1,1,234879,487,1047,"Cijk_Ailk_Bljk_DB_MT128x64x16_MI16x16x4x1_SN_1LDSB1_APM1_ABV0_ACED0_AF0EM1_AF1EM1_AMAS3_ASE_ASGT_ASLT1257_ASM_ASAE01_ASCE01_ASEM1_AAC0_BL1_BS1_CLR0_DTLA0_DTLB0_DTVA1_DTVB0_DVO0_ETB_EPS1_ELFLR0_EMLL0_FSSC10_FL0_GLVWA2_GLVWB2_GRCGA1_GRCGB1_GRPM1_GRVWn1_GSU1_GSUASB_GLS0_ISA942_IU1_K1_KLA_LBSPPA0_LBSPPB128_LPA0_LPB4_LDL1_LRVW2_LWPMn1_LDW0_FMA_MIAV1_MDA2_MO40_MMFSC_MKFGSU256_NTA0_NTB0_NTC3_NTD3_NEPBS4_NLCA1_NLCB1_ONLL1_OPLV0_PK0_PAP0_PGR2_PLR5_PKA0_SIA3_SLW1_SS1_SU0_SUM0_SUS0_SCIUI1_SPO0_SRVW0_SSO0_SVW2_SNLL0_TSGRA0_TSGRB0_TT2_64_TLDS1_UMLDSA0_UMLDSB1_U64SL1_USFGROn1_VAW1_VSn1_VW2_VWB1_VFLRP0_WSGRA0_WSGRB0_WS64_WG64_4_1_WGM1",24849,6448491122522474,6448491122533732,0,10240,256,1,1,12288,2,1
"KERNEL_DISPATCH",1,1,234879,488,1047,"Cijk_Ailk_Bljk_DB_MT128x64x16_MI16x16x4x1_SN_1LDSB1_APM1_ABV0_ACED0_AF0EM1_AF1EM1_AMAS3_ASE_ASGT_ASLT1257_ASM_ASAE01_ASCE01_ASEM1_AAC0_BL1_BS1_CLR0_DTLA0_DTLB0_DTVA1_DTVB0_DVO0_ETB_EPS1_ELFLR0_EMLL0_FSSC10_FL0_GLVWA2_GLVWB2_GRCGA1_GRCGB1_GRPM1_GRVWn1_GSU1_GSUASB_GLS0_ISA942_IU1_K1_KLA_LBSPPA0_LBSPPB128_LPA0_LPB4_LDL1_LRVW2_LWPMn1_LDW0_FMA_MIAV1_MDA2_MO40_MMFSC_MKFGSU256_NTA0_NTB0_NTC3_NTD3_NEPBS4_NLCA1_NLCB1_ONLL1_OPLV0_PK0_PAP0_PGR2_PLR5_PKA0_SIA3_SLW1_SS1_SU0_SUM0_SUS0_SCIUI1_SPO0_SRVW0_SSO0_SVW2_SNLL0_TSGRA0_TSGRB0_TT2_64_TLDS1_UMLDSA0_UMLDSB1_U64SL1_USFGROn1_VAW1_VSn1_VW2_VWB1_VFLRP0_WSGRA0_WSGRB0_WS64_WG64_4_1_WGM1",24852,6448491122540931,6448491122552829,0,10240,256,1,1,12288,2,1
"KERNEL_DISPATCH",1,1,234879,489,1047,"Cijk_Ailk_Bljk_DB_MT128x64x16_MI16x16x4x1_SN_1LDSB1_APM1_ABV0_ACED0_AF0EM1_AF1EM1_AMAS3_ASE_ASGT_ASLT1257_ASM_ASAE01_ASCE01_ASEM1_AAC0_BL1_BS1_CLR0_DTLA0_DTLB0_DTVA1_DTVB0_DVO0_ETB_EPS1_ELFLR0_EMLL0_FSSC10_FL0_GLVWA2_GLVWB2_GRCGA1_GRCGB1_GRPM1_GRVWn1_GSU1_GSUASB_GLS0_ISA942_IU1_K1_KLA_LBSPPA0_LBSPPB128_LPA0_LPB4_LDL1_LRVW2_LWPMn1_LDW0_FMA_MIAV1_MDA2_MO40_MMFSC_MKFGSU256_NTA0_NTB0_NTC3_NTD3_NEPBS4_NLCA1_NLCB1_ONLL1_OPLV0_PK0_PAP0_PGR2_PLR5_PKA0_SIA3_SLW1_SS1_SU0_SUM0_SUS0_SCIUI1_SPO0_SRVW0_SSO0_SVW2_SNLL0_TSGRA0_TSGRB0_TT2_64_TLDS1_UMLDSA0_UMLDSB1_U64SL1_USFGROn1_VAW1_VSn1_VW2_VWB1_VFLRP0_WSGRA0_WSGRB0_WS64_WG64_4_1_WGM1",24855,6448491122556967,6448491122568225,0,10240,256,1,1,12288,2,1
"KERNEL_DISPATCH",1,1,234879,490,1047,"Cijk_Ailk_Bljk_DB_MT128x64x16_MI16x16x4x1_SN_1LDSB1_APM1_ABV0_ACED0_AF0EM1_AF1EM1_AMAS3_ASE_ASGT_ASLT1257_ASM_ASAE01_ASCE01_ASEM1_AAC0_BL1_BS1_CLR0_DTLA0_DTLB0_DTVA1_DTVB0_DVO0_ETB_EPS1_ELFLR0_EMLL0_FSSC10_FL0_GLVWA2_GLVWB2_GRCGA1_GRCGB1_GRPM1_GRVWn1_GSU1_GSUASB_GLS0_ISA942_IU1_K1_KLA_LBSPPA0_LBSPPB128_LPA0_LPB4_LDL1_LRVW2_LWPMn1_LDW0_FMA_MIAV1_MDA2_MO40_MMFSC_MKFGSU256_NTA0_NTB0_NTC3_NTD3_NEPBS4_NLCA1_NLCB1_ONLL1_OPLV0_PK0_PAP0_PGR2_PLR5_PKA0_SIA3_SLW1_SS1_SU0_SUM0_SUS0_SCIUI1_SPO0_SRVW0_SSO0_SVW2_SNLL0_TSGRA0_TSGRB0_TT2_64_TLDS1_UMLDSA0_UMLDSB1_U64SL1_USFGROn1_VAW1_VSn1_VW2_VWB1_VFLRP0_WSGRA0_WSGRB0_WS64_WG64_4_1_WGM1",24858,6448491122575836,6448491122592141,0,10240,256,1,1,12288,2,1
"KERNEL_DISPATCH",1,1,234879,491,1047,"Cijk_Ailk_Bljk_DB_MT128x64x16_MI16x16x4x1_SN_1LDSB1_APM1_ABV0_ACED0_AF0EM1_AF1EM1_AMAS3_ASE_ASGT_ASLT1257_ASM_ASAE01_ASCE01_ASEM1_AAC0_BL1_BS1_CLR0_DTLA0_DTLB0_DTVA1_DTVB0_DVO0_ETB_EPS1_ELFLR0_EMLL0_FSSC10_FL0_GLVWA2_GLVWB2_GRCGA1_GRCGB1_GRPM1_GRVWn1_GSU1_GSUASB_GLS0_ISA942_IU1_K1_KLA_LBSPPA0_LBSPPB128_LPA0_LPB4_LDL1_LRVW2_LWPMn1_LDW0_FMA_MIAV1_MDA2_MO40_MMFSC_MKFGSU256_NTA0_NTB0_NTC3_NTD3_NEPBS4_NLCA1_NLCB1_ONLL1_OPLV0_PK0_PAP0_PGR2_PLR5_PKA0_SIA3_SLW1_SS1_SU0_SUM0_SUS0_SCIUI1_SPO0_SRVW0_SSO0_SVW2_SNLL0_TSGRA0_TSGRB0_TT2_64_TLDS1_UMLDSA0_UMLDSB1_U64SL1_USFGROn1_VAW1_VSn1_VW2_VWB1_VFLRP0_WSGRA0_WSGRB0_WS64_WG64_4_1_WGM1",24861,6448491122595867,6448491122607325,0,10240,256,1,1,12288,2,1
"KERNEL_DISPATCH",1,1,234879,492,1047,"Cijk_Ailk_Bljk_DB_MT128x64x16_MI16x16x4x1_SN_1LDSB1_APM1_ABV0_ACED0_AF0EM1_AF1EM1_AMAS3_ASE_ASGT_ASLT1257_ASM_ASAE01_ASCE01_ASEM1_AAC0_BL1_BS1_CLR0_DTLA0_DTLB0_DTVA1_DTVB0_DVO0_ETB_EPS1_ELFLR0_EMLL0_FSSC10_FL0_GLVWA2_GLVWB2_GRCGA1_GRCGB1_GRPM1_GRVWn1_GSU1_GSUASB_GLS0_ISA942_IU1_K1_KLA_LBSPPA0_LBSPPB128_LPA0_LPB4_LDL1_LRVW2_LWPMn1_LDW0_FMA_MIAV1_MDA2_MO40_MMFSC_MKFGSU256_NTA0_NTB0_NTC3_NTD3_NEPBS4_NLCA1_NLCB1_ONLL1_OPLV0_PK0_PAP0_PGR2_PLR5_PKA0_SIA3_SLW1_SS1_SU0_SUM0_SUS0_SCIUI1_SPO0_SRVW0_SSO0_SVW2_SNLL0_TSGRA0_TSGRB0_TT2_64_TLDS1_UMLDSA0_UMLDSB1_U64SL1_USFGROn1_VAW1_VSn1_VW2_VWB1_VFLRP0_WSGRA0_WSGRB0_WS64_WG64_4_1_WGM1",24864,6448491122615337,6448491122636449,0,10240,256,1,1,12288,2,1
"KERNEL_DISPATCH",1,1,234879,493,1047,"Cijk_Ailk_Bljk_DB_MT128x64x16_MI16x16x4x1_SN_1LDSB1_APM1_ABV0_ACED0_AF0EM1_AF1EM1_AMAS3_ASE_ASGT_ASLT1257_ASM_ASAE01_ASCE01_ASEM1_AAC0_BL1_BS1_CLR0_DTLA0_DTLB0_DTVA1_DTVB0_DVO0_ETB_EPS1_ELFLR0_EMLL0_FSSC10_FL0_GLVWA2_GLVWB2_GRCGA1_GRCGB1_GRPM1_GRVWn1_GSU1_GSUASB_GLS0_ISA942_IU1_K1_KLA_LBSPPA0_LBSPPB128_LPA0_LPB4_LDL1_LRVW2_LWPMn1_LDW0_FMA_MIAV1_MDA2_MO40_MMFSC_MKFGSU256_NTA0_NTB0_NTC3_NTD3_NEPBS4_NLCA1_NLCB1_ONLL1_OPLV0_PK0_PAP0_PGR2_PLR5_PKA0_SIA3_SLW1_SS1_SU0_SUM0_SUS0_SCIUI1_SPO0_SRVW0_SSO0_SVW2_SNLL0_TSGRA0_TSGRB0_TT2_64_TLDS1_UMLDSA0_UMLDSB1_U64SL1_USFGROn1_VAW1_VSn1_VW2_VWB1_VFLRP0_WSGRA0_WSGRB0_WS64_WG64_4_1_WGM1",24867,6448491122636449,6448491122647867,0,10240,256,1,1,12288,2,1
"KERNEL_DISPATCH",1,1,234879,494,1399,"void rocblas_trtri_trsm_kernel<128, 16, 8, double, double const*, double*>(rocblas_fill_, rocblas_diagonal_, double const*, long, int, long, double*, long, long, int)",24871,6448491122647867,6448491122678754,0,8192,256,1,1,4096,1,1
"KERNEL_DISPATCH",1,1,234879,495,1443,"void rocblas_trtri_fill<128, double, double*>(_rocblas_handle*, rocblas_fill_, int, long, int, long, double*, long, long, int, int)",24876,6448491122678754,6448491122681919,0,0,128,1,1,32512,1,1
"KERNEL_DISPATCH",1,1,234879,496,997,"Cijk_Ailk_Bljk_DB_MT64x32x16_MI16x16x4x1_SN_1LDSB1_APM1_ABV0_ACED0_AF0EM2_AF1EM2_AMAS0_ASE_ASGT_ASLT_ASM_ASAE01_ASCE01_ASEM2_AAC0_BL1_BS1_CLR0_DTLA0_DTLB0_DTVA1_DTVB0_DVO0_ETSP_EPS1_ELFLR0_EMLL0_FSSC10_FL0_GLVWA1_GLVWB1_GRCGA1_GRCGB1_GRPM1_GRVW1_GSU1_GSUASB_GLS0_ISA942_IU1_K1_KLA_LBSPPA0_LBSPPB128_LPA0_LPB4_LDL1_LRVW2_LWPMn1_LDW0_FMA_MIAV1_MDA2_MO40_MMFSC_MKFGSU256_NTA0_NTB0_NTC3_NTD3_NEPBS0_NLCA1_NLCB1_ONLL1_OPLV0_PK0_PAP0_PGR2_PLR5_PKA0_SIA3_SLW1_SS1_SU0_SUM0_SUS0_SCIUI1_SPO1_SRVW0_SSO6_SVW1_SNLL0_TSGRA0_TSGRB0_TT1_32_TLDS1_UMLDSA0_UMLDSB1_U64SL1_USFGROn1_VAW1_VSn1_VW1_VWB1_VFLRP0_WSGRA0_WSGRB0_WS64_WG64_4_1_WGM12",24880,6448491122681919,6448491122688088,0,5120,256,1,1,256,1,4
"KERNEL_DISPATCH",1,1,234879,497,997,"Cijk_Ailk_Bljk_DB_MT64x32x16_MI16x16x4x1_SN_1LDSB1_APM1_ABV0_ACED0_AF0EM2_AF1EM2_AMAS0_ASE_ASGT_ASLT_ASM_ASAE01_ASCE01_ASEM2_AAC0_BL1_BS1_CLR0_DTLA0_DTLB0_DTVA1_DTVB0_DVO0_ETSP_EPS1_ELFLR0_EMLL0_FSSC10_FL0_GLVWA1_GLVWB1_GRCGA1_GRCGB1_GRPM1_GRVW1_GSU1_GSUASB_GLS0_ISA942_IU1_K1_KLA_LBSPPA0_LBSPPB128_LPA0_LPB4_LDL1_LRVW2_LWPMn1_LDW0_FMA_MIAV1_MDA2_MO40_MMFSC_MKFGSU256_NTA0_NTB0_NTC3_NTD3_NEPBS0_NLCA1_NLCB1_ONLL1_OPLV0_PK0_PAP0_PGR2_PLR5_PKA0_SIA3_SLW1_SS1_SU0_SUM0_SUS0_SCIUI1_SPO1_SRVW0_SSO6_SVW1_SNLL0_TSGRA0_TSGRB0_TT1_32_TLDS1_UMLDSA0_UMLDSB1_U64SL1_USFGROn1_VAW1_VSn1_VW1_VWB1_VFLRP0_WSGRA0_WSGRB0_WS64_WG64_4_1_WGM12",24883,6448491122702791,6448491122707959,0,5120,256,1,1,256,1,4
"KERNEL_DISPATCH",1,1,234879,498,997,"Cijk_Ailk_Bljk_DB_MT64x32x16_MI16x16x4x1_SN_1LDSB1_APM1_ABV0_ACED0_AF0EM2_AF1EM2_AMAS0_ASE_ASGT_ASLT_ASM_ASAE01_ASCE01_ASEM2_AAC0_BL1_BS1_CLR0_DTLA0_DTLB0_DTVA1_DTVB0_DVO0_ETSP_EPS1_ELFLR0_EMLL0_FSSC10_FL0_GLVWA1_GLVWB1_GRCGA1_GRCGB1_GRPM1_GRVW1_GSU1_GSUASB_GLS0_ISA942_IU1_K1_KLA_LBSPPA0_LBSPPB128_LPA0_LPB4_LDL1_LRVW2_LWPMn1_LDW0_FMA_MIAV1_MDA2_MO40_MMFSC_MKFGSU256_NTA0_NTB0_NTC3_NTD3_NEPBS0_NLCA1_NLCB1_ONLL1_OPLV0_PK0_PAP0_PGR2_PLR5_PKA0_SIA3_SLW1_SS1_SU0_SUM0_SUS0_SCIUI1_SPO1_SRVW0_SSO6_SVW1_SNLL0_TSGRA0_TSGRB0_TT1_32_TLDS1_UMLDSA0_UMLDSB1_U64SL1_USFGROn1_VAW1_VSn1_VW1_VWB1_VFLRP0_WSGRA0_WSGRB0_WS64_WG64_4_1_WGM12",24886,6448491122728430,6448491122733238,0,5120,256,1,1,256,1,4
"KERNEL_DISPATCH",1,1,234879,499,997,"Cijk_Ailk_Bljk_DB_MT64x32x16_MI16x16x4x1_SN_1LDSB1_APM1_ABV0_ACED0_AF0EM2_AF1EM2_AMAS0_ASE_ASGT_ASLT_ASM_ASAE01_ASCE01_ASEM2_AAC0_BL1_BS1_CLR0_DTLA0_DTLB0_DTVA1_DTVB0_DVO0_ETSP_EPS1_ELFLR0_EMLL0_FSSC10_FL0_GLVWA1_GLVWB1_GRCGA1_GRCGB1_GRPM1_GRVW1_GSU1_GSUASB_GLS0_ISA942_IU1_K1_KLA_LBSPPA0_LBSPPB128_LPA0_LPB4_LDL1_LRVW2_LWPMn1_LDW0_FMA_MIAV1_MDA2_MO40_MMFSC_MKFGSU256_NTA0_NTB0_NTC3_NTD3_NEPBS0_NLCA1_NLCB1_ONLL1_OPLV0_PK0_PAP0_PGR2_PLR5_PKA0_SIA3_SLW1_SS1_SU0_SUM0_SUS0_SCIUI1_SPO1_SRVW0_SSO6_SVW1_SNLL0_TSGRA0_TSGRB0_TT1_32_TLDS1_UMLDSA0_UMLDSB1_U64SL1_USFGROn1_VAW1_VSn1_VW1_VWB1_VFLRP0_WSGRA0_WSGRB0_WS64_WG64_4_1_WGM12",24889,6448491122742652,6448491122747499,0,5120,256,1,1,256,1,4
"KERNEL_DISPATCH",1,1,234879,500,970,"Cijk_Ailk_Bljk_DB_MT64x64x32_MI16x16x4x1_SN_1LDSB1_APM1_ABV0_ACED0_AF0EM2_AF1EM2_AMAS0_ASE_ASGT_ASLT_ASM_ASAE01_ASCE01_ASEM2_AAC0_BL1_BS1_CLR0_DTLA0_DTLB0_DTVA0_DTVB0_DVO0_ETSP_EPS1_ELFLR0_EMLL0_FSSC10_FL0_GLVWA1_GLVWB1_GRCGA1_GRCGB1_GRPM1_GRVW1_GSU1_GSUASB_GLS0_ISA942_IU1_K1_KLA_LBSPPA0_LBSPPB0_LPA0_LPB1_LDL1_LRVW1_LWPMn1_LDW0_FMA_MIAV1_MDA2_MO40_MMFSC_MKFGSU256_NTA0_NTB0_NTC3_NTD3_NEPBS0_NLCA1_NLCB1_ONLL1_OPLV0_PK0_PAP0_PGR2_PLR9_PKA0_SIA3_SLW1_SS1_SU0_SUM0_SUS0_SCIUI1_SPO1_SRVW0_SSO6_SVW1_SNLL0_TSGRA0_TSGRB0_TT2_32_TLDS0_UMLDSA0_UMLDSB0_U64SL1_USFGROn1_VAW1_VSn1_VW1_VWB1_VFLRP0_WSGRA0_WSGRB0_WS64_WG32_8_1_WGM6",24892,6448491122765567,6448491122773379,0,33024,256,1,1,256,1,4
"KERNEL_DISPATCH",1,1,234879,501,970,"Cijk_Ailk_Bljk_DB_MT64x64x32_MI16x16x4x1_SN_1LDSB1_APM1_ABV0_ACED0_AF0EM2_AF1EM2_AMAS0_ASE_ASGT_ASLT_ASM_ASAE01_ASCE01_ASEM2_AAC0_BL1_BS1_CLR0_DTLA0_DTLB0_DTVA0_DTVB0_DVO0_ETSP_EPS1_ELFLR0_EMLL0_FSSC10_FL0_GLVWA1_GLVWB1_GRCGA1_GRCGB1_GRPM1_GRVW1_GSU1_GSUASB_GLS0_ISA942_IU1_K1_KLA_LBSPPA0_LBSPPB0_LPA0_LPB1_LDL1_LRVW1_LWPMn1_LDW0_FMA_MIAV1_MDA2_MO40_MMFSC_MKFGSU256_NTA0_NTB0_NTC3_NTD3_NEPBS0_NLCA1_NLCB1_ONLL1_OPLV0_PK0_PAP0_PGR2_PLR9_PKA0_SIA3_SLW1_SS1_SU0_SUM0_SUS0_SCIUI1_SPO1_SRVW0_SSO6_SVW1_SNLL0_TSGRA0_TSGRB0_TT2_32_TLDS0_UMLDSA0_UMLDSB0_U64SL1_USFGROn1_VAW1_VSn1_VW1_VWB1_VFLRP0_WSGRA0_WSGRB0_WS64_WG32_8_1_WGM6",24895,6448491122779446,6448491122786297,0,33024,256,1,1,256,1,4
"KERNEL_DISPATCH",1,1,234879,502,1471,"void rocblas_copy_matrix_trsm<128, 8, double, double*, double*>(int, int, int, double*, int, long, double*, int, long, long, long, int)",24899,6448491122795693,6448491122804307,0,0,128,8,1,128,6144,1
"KERNEL_DISPATCH",1,1,234879,503,861,"Cijk_Ailk_Bljk_DB_MT256x32x16_MI16x16x4x1_SN_1LDSB1_APM1_ABV0_ACED0_AF0EM1_AF1EM1_AMAS3_ASE_ASGT_ASLT0257_ASM_ASAE01_ASCE01_ASEM1_AAC0_BL1_BS1_CLR0_DTLA0_DTLB0_DTVA1_DTVB0_DVO0_ETB_EPS1_ELFLR0_EMLL0_FSSC10_FL0_GLVWA2_GLVWB2_GRCGA1_GRCGB1_GRPM1_GRVWn1_GSU1_GSUASB_GLS0_ISA942_IU1_K1_KLA_LBSPPA0_LBSPPB128_LPA0_LPB2_LDL1_LRVW1_LWPMn1_LDW0_FMA_MIAV1_MDA2_MO40_MMFSC_MKFGSU256_NTA0_NTB0_NTC3_NTD3_NEPBS4_NLCA2_NLCB1_ONLL1_OPLV0_PK0_PAP0_PGR2_PLR1_PKA0_SIA3_SLW1_SS1_SU0_SUM0_SUS0_SCIUI1_SPO0_SRVW0_SSO0_SVW2_SNLL0_TSGRA0_TSGRB0_TT4_32_TLDS1_UMLDSA0_UMLDSB1_U64SL1_USFGROn1_VAW1_VSn1_VW2_VWB1_VFLRP0_WSGRA0_WSGRB0_WS64_WG64_4_1_WGM1",24903,6448491122815123,6448491122828624,0,4608,256,1,1,256,192,1
"KERNEL_DISPATCH",1,1,234879,504,861,"Cijk_Ailk_Bljk_DB_MT256x32x16_MI16x16x4x1_SN_1LDSB1_APM1_ABV0_ACED0_AF0EM1_AF1EM1_AMAS3_ASE_ASGT_ASLT0257_ASM_ASAE01_ASCE01_ASEM1_AAC0_BL1_BS1_CLR0_DTLA0_DTLB0_DTVA1_DTVB0_DVO0_ETB_EPS1_ELFLR0_EMLL0_FSSC10_FL0_GLVWA2_GLVWB2_GRCGA1_GRCGB1_GRPM1_GRVWn1_GSU1_GSUASB_GLS0_ISA942_IU1_K1_KLA_LBSPPA0_LBSPPB128_LPA0_LPB2_LDL1_LRVW1_LWPMn1_LDW0_FMA_MIAV1_MDA2_MO40_MMFSC_MKFGSU256_NTA0_NTB0_NTC3_NTD3_NEPBS4_NLCA2_NLCB1_ONLL1_OPLV0_PK0_PAP0_PGR2_PLR1_PKA0_SIA3_SLW1_SS1_SU0_SUM0_SUS0_SCIUI1_SPO0_SRVW0_SSO0_SVW2_SNLL0_TSGRA0_TSGRB0_TT4_32_TLDS1_UMLDSA0_UMLDSB1_U64SL1_USFGROn1_VAW1_VSn1_VW2_VWB1_VFLRP0_WSGRA0_WSGRB0_WS64_WG64_4_1_WGM1",24906,6448491122832830,6448491122849215,0,4608,256,1,1,256,192,1
"KERNEL_DISPATCH",1,1,234879,505,861,"Cijk_Ailk_Bljk_DB_MT256x32x16_MI16x16x4x1_SN_1LDSB1_APM1_ABV0_ACED0_AF0EM1_AF1EM1_AMAS3_ASE_ASGT_ASLT0257_ASM_ASAE01_ASCE01_ASEM1_AAC0_BL1_BS1_CLR0_DTLA0_DTLB0_DTVA1_DTVB0_DVO0_ETB_EPS1_ELFLR0_EMLL0_FSSC10_FL0_GLVWA2_GLVWB2_GRCGA1_GRCGB1_GRPM1_GRVWn1_GSU1_GSUASB_GLS0_ISA942_IU1_K1_KLA_LBSPPA0_LBSPPB128_LPA0_LPB2_LDL1_LRVW1_LWPMn1_LDW0_FMA_MIAV1_MDA2_MO40_MMFSC_MKFGSU256_NTA0_NTB0_NTC3_NTD3_NEPBS4_NLCA2_NLCB1_ONLL1_OPLV0_PK0_PAP0_PGR2_PLR1_PKA0_SIA3_SLW1_SS1_SU0_SUM0_SUS0_SCIUI1_SPO0_SRVW0_SSO0_SVW2_SNLL0_TSGRA0_TSGRB0_TT4_32_TLDS1_UMLDSA0_UMLDSB1_U64SL1_USFGROn1_VAW1_VSn1_VW2_VWB1_VFLRP0_WSGRA0_WSGRB0_WS64_WG64_4_1_WGM1",24909,6448491122849215,6448491122862716,0,4608,256,1,1,256,192,1
"KERNEL_DISPATCH",1,1,234879,506,861,"Cijk_Ailk_Bljk_DB_MT256x32x16_MI16x16x4x1_SN_1LDSB1_APM1_ABV0_ACED0_AF0EM1_AF1EM1_AMAS3_ASE_ASGT_ASLT0257_ASM_ASAE01_ASCE01_ASEM1_AAC0_BL1_BS1_CLR0_DTLA0_DTLB0_DTVA1_DTVB0_DVO0_ETB_EPS1_ELFLR0_EMLL0_FSSC10_FL0_GLVWA2_GLVWB2_GRCGA1_GRCGB1_GRPM1_GRVWn1_GSU1_GSUASB_GLS0_ISA942_IU1_K1_KLA_LBSPPA0_LBSPPB128_LPA0_LPB2_LDL1_LRVW1_LWPMn1_LDW0_FMA_MIAV1_MDA2_MO40_MMFSC_MKFGSU256_NTA0_NTB0_NTC3_NTD3_NEPBS4_NLCA2_NLCB1_ONLL1_OPLV0_PK0_PAP0_PGR2_PLR1_PKA0_SIA3_SLW1_SS1_SU0_SUM0_SUS0_SCIUI1_SPO0_SRVW0_SSO0_SVW2_SNLL0_TSGRA0_TSGRB0_TT4_32_TLDS1_UMLDSA0_UMLDSB1_U64SL1_USFGROn1_VAW1_VSn1_VW2_VWB1_VFLRP0_WSGRA0_WSGRB0_WS64_WG64_4_1_WGM1",24912,6448491122862716,6448491122883147,0,4608,256,1,1,256,192,1
"KERNEL_DISPATCH",1,1,234879,507,861,"Cijk_Ailk_Bljk_DB_MT256x32x16_MI16x16x4x1_SN_1LDSB1_APM1_ABV0_ACED0_AF0EM1_AF1EM1_AMAS3_ASE_ASGT_ASLT0257_ASM_ASAE01_ASCE01_ASEM1_AAC0_BL1_BS1_CLR0_DTLA0_DTLB0_DTVA1_DTVB0_DVO0_ETB_EPS1_ELFLR0_EMLL0_FSSC10_FL0_GLVWA2_GLVWB2_GRCGA1_GRCGB1_GRPM1_GRVWn1_GSU1_GSUASB_GLS0_ISA942_IU1_K1_KLA_LBSPPA0_LBSPPB128_LPA0_LPB2_LDL1_LRVW1_LWPMn1_LDW0_FMA_MIAV1_MDA2_MO40_MMFSC_MKFGSU256_NTA0_NTB0_NTC3_NTD3_NEPBS4_NLCA2_NLCB1_ONLL1_OPLV0_PK0_PAP0_PGR2_PLR1_PKA0_SIA3_SLW1_SS1_SU0_SUM0_SUS0_SCIUI1_SPO0_SRVW0_SSO0_SVW2_SNLL0_TSGRA0_TSGRB0_TT4_32_TLDS1_UMLDSA0_UMLDSB1_U64SL1_USFGROn1_VAW1_VSn1_VW2_VWB1_VFLRP0_WSGRA0_WSGRB0_WS64_WG64_4_1_WGM1",24915,6448491122886593,6448491122899653,0,4608,256,1,1,256,192,1
"KERNEL_DISPATCH",1,1,234879,508,861,"Cijk_Ailk_Bljk_DB_MT256x32x16_MI16x16x4x1_SN_1LDSB1_APM1_ABV0_ACED0_AF0EM1_AF1EM1_AMAS3_ASE_ASGT_ASLT0257_ASM_ASAE01_ASCE01_ASEM1_AAC0_BL1_BS1_CLR0_DTLA0_DTLB0_DTVA1_DTVB0_DVO0_ETB_EPS1_ELFLR0_EMLL0_FSSC10_FL0_GLVWA2_GLVWB2_GRCGA1_GRCGB1_GRPM1_GRVWn1_GSU1_GSUASB_GLS0_ISA942_IU1_K1_KLA_LBSPPA0_LBSPPB128_LPA0_LPB2_LDL1_LRVW1_LWPMn1_LDW0_FMA_MIAV1_MDA2_MO40_MMFSC_MKFGSU256_NTA0_NTB0_NTC3_NTD3_NEPBS4_NLCA2_NLCB1_ONLL1_OPLV0_PK0_PAP0_PGR2_PLR1_PKA0_SIA3_SLW1_SS1_SU0_SUM0_SUS0_SCIUI1_SPO0_SRVW0_SSO0_SVW2_SNLL0_TSGRA0_TSGRB0_TT4_32_TLDS1_UMLDSA0_UMLDSB1_U64SL1_USFGROn1_VAW1_VSn1_VW2_VWB1_VFLRP0_WSGRA0_WSGRB0_WS64_WG64_4_1_WGM1",24918,6448491122905902,6448491122942228,0,4608,256,1,1,256,192,1
"KERNEL_DISPATCH",1,1,234879,509,861,"Cijk_Ailk_Bljk_DB_MT256x32x16_MI16x16x4x1_SN_1LDSB1_APM1_ABV0_ACED0_AF0EM1_AF1EM1_AMAS3_ASE_ASGT_ASLT0257_ASM_ASAE01_ASCE01_ASEM1_AAC0_BL1_BS1_CLR0_DTLA0_DTLB0_DTVA1_DTVB0_DVO0_ETB_EPS1_ELFLR0_EMLL0_FSSC10_FL0_GLVWA2_GLVWB2_GRCGA1_GRCGB1_GRPM1_GRVWn1_GSU1_GSUASB_GLS0_ISA942_IU1_K1_KLA_LBSPPA0_LBSPPB128_LPA0_LPB2_LDL1_LRVW1_LWPMn1_LDW0_FMA_MIAV1_MDA2_MO40_MMFSC_MKFGSU256_NTA0_NTB0_NTC3_NTD3_NEPBS4_NLCA2_NLCB1_ONLL1_OPLV0_PK0_PAP0_PGR2_PLR1_PKA0_SIA3_SLW1_SS1_SU0_SUM0_SUS0_SCIUI1_SPO0_SRVW0_SSO0_SVW2_SNLL0_TSGRA0_TSGRB0_TT4_32_TLDS1_UMLDSA0_UMLDSB1_U64SL1_USFGROn1_VAW1_VSn1_VW2_VWB1_VFLRP0_WSGRA0_WSGRB0_WS64_WG64_4_1_WGM1",24921,6448491122942228,6448491122961297,0,4608,256,1,1,256,192,1
"KERNEL_DISPATCH",1,1,234879,511,68,"void rocsolver::v32802::getf2_npvt_small_kernel<16, double, int, int, double*>(int, double*, long, int, long, int*, int, int)",24927,6448491123975871,6448491123987969,0,136,512,1,1,512,1,1
"KERNEL_DISPATCH",1,1,234879,510,855,"Cijk_Ailk_Bljk_DB_MT128x128x16_MI16x16x4x1_SN_1LDSB1_APM1_ABV0_ACED0_AF0EM1_AF1EM1_AMAS3_ASE_ASGT_ASLT_ASM_ASAE01_ASCE01_ASEM1_AAC0_BL1_BS1_CLR0_DTLA0_DTLB0_DTVA1_DTVB0_DVO0_ETSP_EPS1_ELFLR0_EMLL0_FSSC10_FL0_GLVWA2_GLVWB2_GRCGA1_GRCGB1_GRPM1_GRVWn1_GSU1_GSUASB_GLS0_ISA942_IU1_K1_KLA_LBSPPA0_LBSPPB128_LPA0_LPB2_LDL1_LRVW1_LWPMn1_LDW0_FMA_MIAV1_MDA2_MO40_MMFSC_MKFGSU256_NTA0_NTB0_NTC4_NTD4_NEPBS4_NLCA1_NLCB1_ONLL1_OPLV0_PK0_PAP0_PGR2_PLR5_PKA0_SIA3_SLW1_SS1_SU8_SUM0_SUS256_SCIUI1_SPO1_SRVW0_SSO4_SVW2_SNLL0_TSGRA0_TSGRB0_TT2_128_TLDS1_UMLDSA0_UMLDSB1_U64SL1_USFGROn1_VAW1_VSn1_VW2_VWB1_VFLRP0_WSGRA0_WSGRB0_WS64_WG64_4_1_WGM36",24924,6448491122961297,6448491123976224,0,18432,256,1,1,12288,48,1
"KERNEL_DISPATCH",1,1,234879,512,185,"void rocsolver::v32802::unit_forward_substitution_kernel<double, int, double*>(int, int, double*, int, int, long, long, double*, int, int, long, long)",24932,6448491123988322,6448491123998858,0,512,16,64,1,16,512,1
"KERNEL_DISPATCH",1,1,234879,513,904,"Cijk_Ailk_Bljk_DB_MT64x32x32_MI16x16x4x1_SN_1LDSB1_APM1_ABV0_ACED0_AF0EM2_AF1EM2_AMAS3_ASE_ASGT_ASLT_ASM_ASAE01_ASCE01_ASEM2_AAC0_BL1_BS1_CLR0_DTLA0_DTLB0_DTVA0_DTVB0_DVO0_ETSP_EPS1_ELFLR0_EMLL0_FSSC10_FL0_GLVWA2_GLVWB2_GRCGA1_GRCGB1_GRPM1_GRVW2_GSU1_GSUASB_GLS0_ISA942_IU1_K1_KLA_LBSPPA0_LBSPPB256_LPA0_LPB4_LDL1_LRVW2_LWPMn1_LDW0_FMA_MIAV1_MDA2_MO40_MMFSC_MKFGSU256_NTA0_NTB0_NTC3_NTD3_NEPBS0_NLCA1_NLCB1_ONLL1_OPLV0_PK0_PAP0_PGR2_PLR9_PKA0_SIA3_SLW1_SS1_SU0_SUM0_SUS0_SCIUI1_SPO1_SRVW0_SSO6_SVW2_SNLL0_TSGRA0_TSGRB0_TT2_16_TLDS1_UMLDSA0_UMLDSB1_U64SL1_USFGROn1_VAW1_VSn1_VW2_VWB1_VFLRP0_WSGRA0_WSGRB0_WS64_WG32_8_1_WGM6",24935,6448491123998858,6448491124004267,0,25600,256,1,1,2048,16,1
"KERNEL_DISPATCH",1,1,234879,514,68,"void rocsolver::v32802::getf2_npvt_small_kernel<16, double, int, int, double*>(int, double*, long, int, long, int*, int, int)",24938,6448491124004267,6448491124014763,0,136,496,1,1,496,1,1
"KERNEL_DISPATCH",1,1,234879,515,185,"void rocsolver::v32802::unit_forward_substitution_kernel<double, int, double*>(int, int, double*, int, int, long, long, double*, int, int, long, long)",24943,6448491124014763,6448491124024498,0,512,16,64,1,16,512,1
"KERNEL_DISPATCH",1,1,234879,516,904,"Cijk_Ailk_Bljk_DB_MT64x32x32_MI16x16x4x1_SN_1LDSB1_APM1_ABV0_ACED0_AF0EM2_AF1EM2_AMAS3_ASE_ASGT_ASLT_ASM_ASAE01_ASCE01_ASEM2_AAC0_BL1_BS1_CLR0_DTLA0_DTLB0_DTVA0_DTVB0_DVO0_ETSP_EPS1_ELFLR0_EMLL0_FSSC10_FL0_GLVWA2_GLVWB2_GRCGA1_GRCGB1_GRPM1_GRVW2_GSU1_GSUASB_GLS0_ISA942_IU1_K1_KLA_LBSPPA0_LBSPPB256_LPA0_LPB4_LDL1_LRVW2_LWPMn1_LDW0_FMA_MIAV1_MDA2_MO40_MMFSC_MKFGSU256_NTA0_NTB0_NTC3_NTD3_NEPBS0_NLCA1_NLCB1_ONLL1_OPLV0_PK0_PAP0_PGR2_PLR9_PKA0_SIA3_SLW1_SS1_SU0_SUM0_SUS0_SCIUI1_SPO1_SRVW0_SSO6_SVW2_SNLL0_TSGRA0_TSGRB0_TT2_16_TLDS1_UMLDSA0_UMLDSB1_U64SL1_USFGROn1_VAW1_VSn1_VW2_VWB1_VFLRP0_WSGRA0_WSGRB0_WS64_WG32_8_1_WGM6",24946,6448491124024498,6448491124028864,0,25600,256,1,1,2048,15,1
"KERNEL_DISPATCH",1,1,234879,517,68,"void rocsolver::v32802::getf2_npvt_small_kernel<16, double, int, int, double*>(int, double*, long, int, long, int*, int, int)",24949,6448491124028864,6448491124038840,0,136,480,1,1,480,1,1
"KERNEL_DISPATCH",1,1,234879,518,185,"void rocsolver::v32802::unit_forward_substitution_kernel<double, int, double*>(int, int, double*, int, int, long, long, double*, int, int, long, long)",24954,6448491124038840,6448491124048775,0,512,16,64,1,16,512,1
"KERNEL_DISPATCH",1,1,234879,519,904,"Cijk_Ailk_Bljk_DB_MT64x32x32_MI16x16x4x1_SN_1LDSB1_APM1_ABV0_ACED0_AF0EM2_AF1EM2_AMAS3_ASE_ASGT_ASLT_ASM_ASAE01_ASCE01_ASEM2_AAC0_BL1_BS1_CLR0_DTLA0_DTLB0_DTVA0_DTVB0_DVO0_ETSP_EPS1_ELFLR0_EMLL0_FSSC10_FL0_GLVWA2_GLVWB2_GRCGA1_GRCGB1_GRPM1_GRVW2_GSU1_GSUASB_GLS0_ISA942_IU1_K1_KLA_LBSPPA0_LBSPPB256_LPA0_LPB4_LDL1_LRVW2_LWPMn1_LDW0_FMA_MIAV1_MDA2_MO40_MMFSC_MKFGSU256_NTA0_NTB0_NTC3_NTD3_NEPBS0_NLCA1_NLCB1_ONLL1_OPLV0_PK0_PAP0_PGR2_PLR9_PKA0_SIA3_SLW1_SS1_SU0_SUM0_SUS0_SCIUI1_SPO1_SRVW0_SSO6_SVW2_SNLL0_TSGRA0_TSGRB0_TT2_16_TLDS1_UMLDSA0_UMLDSB1_U64SL1_USFGROn1_VAW1_VSn1_VW2_VWB1_VFLRP0_WSGRA0_WSGRB0_WS64_WG32_8_1_WGM6",24957,6448491124048775,6448491124053422,0,25600,256,1,1,2048,15,1
"KERNEL_DISPATCH",1,1,234879,520,68,"void rocsolver::v32802::getf2_npvt_small_kernel<16, double, int, int, double*>(int, double*, long, int, long, int*, int, int)",24960,6448491124053422,6448491124062997,0,136,464,1,1,464,1,1
"KERNEL_DISPATCH",1,1,234879,521,185,"void rocsolver::v32802::unit_forward_substitution_kernel<double, int, double*>(int, int, double*, int, int, long, long, double*, int, int, long, long)",24965,6448491124062997,6448491124072251,0,512,16,64,1,16,448,1
"KERNEL_DISPATCH",1,1,234879,522,904,"Cijk_Ailk_Bljk_DB_MT64x32x32_MI16x16x4x1_SN_1LDSB1_APM1_ABV0_ACED0_AF0EM2_AF1EM2_AMAS3_ASE_ASGT_ASLT_ASM_ASAE01_ASCE01_ASEM2_AAC0_BL1_BS1_CLR0_DTLA0_DTLB0_DTVA0_DTVB0_DVO0_ETSP_EPS1_ELFLR0_EMLL0_FSSC10_FL0_GLVWA2_GLVWB2_GRCGA1_GRCGB1_GRPM1_GRVW2_GSU1_GSUASB_GLS0_ISA942_IU1_K1_KLA_LBSPPA0_LBSPPB256_LPA0_LPB4_LDL1_LRVW2_LWPMn1_LDW0_FMA_MIAV1_MDA2_MO40_MMFSC_MKFGSU256_NTA0_NTB0_NTC3_NTD3_NEPBS0_NLCA1_NLCB1_ONLL1_OPLV0_PK0_PAP0_PGR2_PLR9_PKA0_SIA3_SLW1_SS1_SU0_SUM0_SUS0_SCIUI1_SPO1_SRVW0_SSO6_SVW2_SNLL0_TSGRA0_TSGRB0_TT2_16_TLDS1_UMLDSA0_UMLDSB1_U64SL1_USFGROn1_VAW1_VSn1_VW2_VWB1_VFLRP0_WSGRA0_WSGRB0_WS64_WG32_8_1_WGM6",24968,6448491124072251,6448491124076738,0,25600,256,1,1,1792,14,1
"KERNEL_DISPATCH",1,1,234879,523,68,"void rocsolver::v32802::getf2_npvt_small_kernel<16, double, int, int, double*>(int, double*, long, int, long, int*, int, int)",24971,6448491124076738,6448491124086192,0,136,448,1,1,448,1,1
"KERNEL_DISPATCH",1,1,234879,524,185,"void rocsolver::v32802::unit_forward_substitution_kernel<double, int, double*>(int, int, double*, int, int, long, long, double*, int, int, long, long)",24976,6448491124086192,6448491124096127,0,512,16,64,1,16,448,1
"KERNEL_DISPATCH",1,1,234879,526,68,"void rocsolver::v32802::getf2_npvt_small_kernel<16, double, int, int, double*>(int, double*, long, int, long, int*, int, int)",24982,6448491124100031,6448491124109566,0,136,432,1,1,432,1,1
"KERNEL_DISPATCH",1,1,234879,525,904,"Cijk_Ailk_Bljk_DB_MT64x32x32_MI16x16x4x1_SN_1LDSB1_APM1_ABV0_ACED0_AF0EM2_AF1EM2_AMAS3_ASE_ASGT_ASLT_ASM_ASAE01_ASCE01_ASEM2_AAC0_BL1_BS1_CLR0_DTLA0_DTLB0_DTVA0_DTVB0_DVO0_ETSP_EPS1_ELFLR0_EMLL0_FSSC10_FL0_GLVWA2_GLVWB2_GRCGA1_GRCGB1_GRPM1_GRVW2_GSU1_GSUASB_GLS0_ISA942_IU1_K1_KLA_LBSPPA0_LBSPPB256_LPA0_LPB4_LDL1_LRVW2_LWPMn1_LDW0_FMA_MIAV1_MDA2_MO40_MMFSC_MKFGSU256_NTA0_NTB0_NTC3_NTD3_NEPBS0_NLCA1_NLCB1_ONLL1_OPLV0_PK0_PAP0_PGR2_PLR9_PKA0_SIA3_SLW1_SS1_SU0_SUM0_SUS0_SCIUI1_SPO1_SRVW0_SSO6_SVW2_SNLL0_TSGRA0_TSGRB0_TT2_16_TLDS1_UMLDSA0_UMLDSB1_U64SL1_USFGROn1_VAW1_VSn1_VW2_VWB1_VFLRP0_WSGRA0_WSGRB0_WS64_WG32_8_1_WGM6",24979,6448491124096127,6448491124100654,0,25600,256,1,1,1792,14,1
"KERNEL_DISPATCH",1,1,234879,530,185,"void rocsolver::v32802::unit_forward_substitution_kernel<double, int, double*>(int, int, double*, int, int, long, long, double*, int, int, long, long)",24998,6448491124134146,6448491124143800,0,512,16,64,1,16,448,1
"KERNEL_DISPATCH",1,1,234879,529,68,"void rocsolver::v32802::getf2_npvt_small_kernel<16, double, int, int, double*>(int, double*, long, int, long, int*, int, int)",24993,6448491124123610,6448491124134146,0,136,416,1,1,416,1,1
"KERNEL_DISPATCH",1,1,234879,528,904,"Cijk_Ailk_Bljk_DB_MT64x32x32_MI16x16x4x1_SN_1LDSB1_APM1_ABV0_ACED0_AF0EM2_AF1EM2_AMAS3_ASE_ASGT_ASLT_ASM_ASAE01_ASCE01_ASEM2_AAC0_BL1_BS1_CLR0_DTLA0_DTLB0_DTVA0_DTVB0_DVO0_ETSP_EPS1_ELFLR0_EMLL0_FSSC10_FL0_GLVWA2_GLVWB2_GRCGA1_GRCGB1_GRPM1_GRVW2_GSU1_GSUASB_GLS0_ISA942_IU1_K1_KLA_LBSPPA0_LBSPPB256_LPA0_LPB4_LDL1_LRVW2_LWPMn1_LDW0_FMA_MIAV1_MDA2_MO40_MMFSC_MKFGSU256_NTA0_NTB0_NTC3_NTD3_NEPBS0_NLCA1_NLCB1_ONLL1_OPLV0_PK0_PAP0_PGR2_PLR9_PKA0_SIA3_SLW1_SS1_SU0_SUM0_SUS0_SCIUI1_SPO1_SRVW0_SSO6_SVW2_SNLL0_TSGRA0_TSGRB0_TT2_16_TLDS1_UMLDSA0_UMLDSB1_U64SL1_USFGROn1_VAW1_VSn1_VW2_VWB1_VFLRP0_WSGRA0_WSGRB0_WS64_WG32_8_1_WGM6",24990,6448491124119764,6448491124123610,0,25600,256,1,1,1792,13,1
"KERNEL_DISPATCH",1,1,234879,527,185,"void rocsolver::v32802::unit_forward_substitution_kernel<double, int, double*>(int, int, double*, int, int, long, long, double*, int, int, long, long)",24987,6448491124110189,6448491124119764,0,512,16,64,1,16,448,1
"KERNEL_DISPATCH",1,1,234879,535,68,"void rocsolver::v32802::getf2_npvt_small_kernel<16, double, int, int, double*>(int, double*, long, int, long, int*, int, int)",25015,6448491124169720,6448491124178854,0,136,384,1,1,384,1,1
"KERNEL_DISPATCH",1,1,234879,534,904,"Cijk_Ailk_Bljk_DB_MT64x32x32_MI16x16x4x1_SN_1LDSB1_APM1_ABV0_ACED0_AF0EM2_AF1EM2_AMAS3_ASE_ASGT_ASLT_ASM_ASAE01_ASCE01_ASEM2_AAC0_BL1_BS1_CLR0_DTLA0_DTLB0_DTVA0_DTVB0_DVO0_ETSP_EPS1_ELFLR0_EMLL0_FSSC10_FL0_GLVWA2_GLVWB2_GRCGA1_GRCGB1_GRPM1_GRVW2_GSU1_GSUASB_GLS0_ISA942_IU1_K1_KLA_LBSPPA0_LBSPPB256_LPA0_LPB4_LDL1_LRVW2_LWPMn1_LDW0_FMA_MIAV1_MDA2_MO40_MMFSC_MKFGSU256_NTA0_NTB0_NTC3_NTD3_NEPBS0_NLCA1_NLCB1_ONLL1_OPLV0_PK0_PAP0_PGR2_PLR9_PKA0_SIA3_SLW1_SS1_SU0_SUM0_SUS0_SCIUI1_SPO1_SRVW0_SSO6_SVW2_SNLL0_TSGRA0_TSGRB0_TT2_16_TLDS1_UMLDSA0_UMLDSB1_U64SL1_USFGROn1_VAW1_VSn1_VW2_VWB1_VFLRP0_WSGRA0_WSGRB0_WS64_WG32_8_1_WGM6",25012,6448491124166155,6448491124169720,0,25600,256,1,1,1536,12,1
"KERNEL_DISPATCH",1,1,234879,533,185,"void rocsolver::v32802::unit_forward_substitution_kernel<double, int, double*>(int, int, double*, int, int, long, long, double*, int, int, long, long)",25009,6448491124157061,6448491124166155,0,512,16,64,1,16,384,1
"KERNEL_DISPATCH",1,1,234879,532,68,"void rocsolver::v32802::getf2_npvt_small_kernel<16, double, int, int, double*>(int, double*, long, int, long, int*, int, int)",25004,6448491124147727,6448491124157061,0,136,400,1,1,400,1,1
"KERNEL_DISPATCH",1,1,234879,538,68,"void rocsolver::v32802::getf2_npvt_small_kernel<16, double, int, int, double*>(int, double*, long, int, long, int*, int, int)",25026,6448491124197923,6448491124206897,0,136,368,1,1,368,1,1
"KERNEL_DISPATCH",1,1,234879,536,185,"void rocsolver::v32802::unit_forward_substitution_kernel<double, int, double*>(int, int, double*, int, int, long, long, double*, int, int, long, long)",25020,6448491124178854,6448491124188389,0,512,16,64,1,16,384,1
"KERNEL_DISPATCH",1,1,234879,537,820,"Cijk_Ailk_Bljk_DB_MT128x64x16_MI16x16x4x1_SN_1LDSB1_APM1_ABV0_ACED0_AF0EM2_AF1EM2_AMAS3_ASE_ASGT_ASLT_ASM_ASAE01_ASCE01_ASEM2_AAC0_BL1_BS1_CLR0_DTLA0_DTLB0_DTVA1_DTVB0_DVO0_ETSP_EPS1_ELFLR0_EMLL0_FSSC10_FL0_GLVWA2_GLVWB2_GRCGA1_GRCGB1_GRPM1_GRVW2_GSU1_GSUASB_GLS0_ISA942_IU1_K1_KLA_LBSPPA0_LBSPPB0_LPA0_LPB2_LDL1_LRVW1_LWPMn1_LDW0_FMA_MIAV1_MDA2_MO40_MMFSC_MKFGSU256_NTA0_NTB0_NTC3_NTD3_NEPBS4_NLCA1_NLCB1_ONLL1_OPLV0_PK0_PAP0_PGR2_PLR1_PKA0_SIA3_SLW1_SS1_SU0_SUM0_SUS0_SCIUI1_SPO1_SRVW0_SSO6_SVW2_SNLL0_TSGRA0_TSGRB0_TT2_64_TLDS0_UMLDSA0_UMLDSB0_U64SL1_USFGROn1_VAW1_VSn1_VW2_VWB1_VFLRP0_WSGRA0_WSGRB0_WS64_WG64_4_1_WGM12",25023,6448491124188389,6448491124197923,0,8448,256,1,1,768,6,1
"KERNEL_DISPATCH",1,1,234879,540,820,"Cijk_Ailk_Bljk_DB_MT128x64x16_MI16x16x4x1_SN_1LDSB1_APM1_ABV0_ACED0_AF0EM2_AF1EM2_AMAS3_ASE_ASGT_ASLT_ASM_ASAE01_ASCE01_ASEM2_AAC0_BL1_BS1_CLR0_DTLA0_DTLB0_DTVA1_DTVB0_DVO0_ETSP_EPS1_ELFLR0_EMLL0_FSSC10_FL0_GLVWA2_GLVWB2_GRCGA1_GRCGB1_GRPM1_GRVW2_GSU1_GSUASB_GLS0_ISA942_IU1_K1_KLA_LBSPPA0_LBSPPB0_LPA0_LPB2_LDL1_LRVW1_LWPMn1_LDW0_FMA_MIAV1_MDA2_MO40_MMFSC_MKFGSU256_NTA0_NTB0_NTC3_NTD3_NEPBS4_NLCA1_NLCB1_ONLL1_OPLV0_PK0_PAP0_PGR2_PLR1_PKA0_SIA3_SLW1_SS1_SU0_SUM0_SUS0_SCIUI1_SPO1_SRVW0_SSO6_SVW2_SNLL0_TSGRA0_TSGRB0_TT2_64_TLDS0_UMLDSA0_UMLDSB0_U64SL1_USFGROn1_VAW1_VSn1_VW2_VWB1_VFLRP0_WSGRA0_WSGRB0_WS64_WG64_4_1_WGM12",25034,6448491124215951,6448491124221920,0,8448,256,1,1,768,6,1
"KERNEL_DISPATCH",1,1,234879,541,68,"void rocsolver::v32802::getf2_npvt_small_kernel<16, double, int, int, double*>(int, double*, long, int, long, int*, int, int)",25037,6448491124221920,6448491124231054,0,136,352,1,1,352,1,1
"KERNEL_DISPATCH",1,1,234879,531,904,"Cijk_Ailk_Bljk_DB_MT64x32x32_MI16x16x4x1_SN_1LDSB1_APM1_ABV0_ACED0_AF0EM2_AF1EM2_AMAS3_ASE_ASGT_ASLT_ASM_ASAE01_ASCE01_ASEM2_AAC0_BL1_BS1_CLR0_DTLA0_DTLB0_DTVA0_DTVB0_DVO0_ETSP_EPS1_ELFLR0_EMLL0_FSSC10_FL0_GLVWA2_GLVWB2_GRCGA1_GRCGB1_GRPM1_GRVW2_GSU1_GSUASB_GLS0_ISA942_IU1_K1_KLA_LBSPPA0_LBSPPB256_LPA0_LPB4_LDL1_LRVW2_LWPMn1_LDW0_FMA_MIAV1_MDA2_MO40_MMFSC_MKFGSU256_NTA0_NTB0_NTC3_NTD3_NEPBS0_NLCA1_NLCB1_ONLL1_OPLV0_PK0_PAP0_PGR2_PLR9_PKA0_SIA3_SLW1_SS1_SU0_SUM0_SUS0_SCIUI1_SPO1_SRVW0_SSO6_SVW2_SNLL0_TSGRA0_TSGRB0_TT2_16_TLDS1_UMLDSA0_UMLDSB1_U64SL1_USFGROn1_VAW1_VSn1_VW2_VWB1_VFLRP0_WSGRA0_WSGRB0_WS64_WG32_8_1_WGM6",25001,6448491124143800,6448491124147727,0,25600,256,1,1,1792,13,1
"KERNEL_DISPATCH",1,1,234879,543,820,"Cijk_Ailk_Bljk_DB_MT128x64x16_MI16x16x4x1_SN_1LDSB1_APM1_ABV0_ACED0_AF0EM2_AF1EM2_AMAS3_ASE_ASGT_ASLT_ASM_ASAE01_ASCE01_ASEM2_AAC0_BL1_BS1_CLR0_DTLA0_DTLB0_DTVA1_DTVB0_DVO0_ETSP_EPS1_ELFLR0_EMLL0_FSSC10_FL0_GLVWA2_GLVWB2_GRCGA1_GRCGB1_GRPM1_GRVW2_GSU1_GSUASB_GLS0_ISA942_IU1_K1_KLA_LBSPPA0_LBSPPB0_LPA0_LPB2_LDL1_LRVW1_LWPMn1_LDW0_FMA_MIAV1_MDA2_MO40_MMFSC_MKFGSU256_NTA0_NTB0_NTC3_NTD3_NEPBS4_NLCA1_NLCB1_ONLL1_OPLV0_PK0_PAP0_PGR2_PLR1_PKA0_SIA3_SLW1_SS1_SU0_SUM0_SUS0_SCIUI1_SPO1_SRVW0_SSO6_SVW2_SNLL0_TSGRA0_TSGRB0_TT2_64_TLDS0_UMLDSA0_UMLDSB0_U64SL1_USFGROn1_VAW1_VSn1_VW2_VWB1_VFLRP0_WSGRA0_WSGRB0_WS64_WG64_4_1_WGM12",25045,6448491124240949,6448491124246718,0,8448,256,1,1,768,6,1
"KERNEL_DISPATCH",1,1,234879,542,185,"void rocsolver::v32802::unit_forward_substitution_kernel<double, int, double*>(int, int, double*, int, int, long, long, double*, int, int, long, long)",25042,6448491124231054,6448491124240949,0,512,16,64,1,16,384,1
"KERNEL_DISPATCH",1,1,234879,546,820,"Cijk_Ailk_Bljk_DB_MT128x64x16_MI16x16x4x1_SN_1LDSB1_APM1_ABV0_ACED0_AF0EM2_AF1EM2_AMAS3_ASE_ASGT_ASLT_ASM_ASAE01_ASCE01_ASEM2_AAC0_BL1_BS1_CLR0_DTLA0_DTLB0_DTVA1_DTVB0_DVO0_ETSP_EPS1_ELFLR0_EMLL0_FSSC10_FL0_GLVWA2_GLVWB2_GRCGA1_GRCGB1_GRPM1_GRVW2_GSU1_GSUASB_GLS0_ISA942_IU1_K1_KLA_LBSPPA0_LBSPPB0_LPA0_LPB2_LDL1_LRVW1_LWPMn1_LDW0_FMA_MIAV1_MDA2_MO40_MMFSC_MKFGSU256_NTA0_NTB0_NTC3_NTD3_NEPBS4_NLCA1_NLCB1_ONLL1_OPLV0_PK0_PAP0_PGR2_PLR1_PKA0_SIA3_SLW1_SS1_SU0_SUM0_SUS0_SCIUI1_SPO1_SRVW0_SSO6_SVW2_SNLL0_TSGRA0_TSGRB0_TT2_64_TLDS0_UMLDSA0_UMLDSB0_U64SL1_USFGROn1_VAW1_VSn1_VW2_VWB1_VFLRP0_WSGRA0_WSGRB0_WS64_WG64_4_1_WGM12",25056,6448491124265507,6448491124273159,0,8448,256,1,1,768,5,1
"KERNEL_DISPATCH",1,1,234879,545,185,"void rocsolver::v32802::unit_forward_substitution_kernel<double, int, double*>(int, int, double*, int, int, long, long, double*, int, int, long, long)",25053,6448491124256053,6448491124265507,0,512,16,64,1,16,320,1
"KERNEL_DISPATCH",1,1,234879,544,68,"void rocsolver::v32802::getf2_npvt_small_kernel<16, double, int, int, double*>(int, double*, long, int, long, int*, int, int)",25048,6448491124246718,6448491124256053,0,136,336,1,1,336,1,1
"KERNEL_DISPATCH",1,1,234879,539,185,"void rocsolver::v32802::unit_forward_substitution_kernel<double, int, double*>(int, int, double*, int, int, long, long, double*, int, int, long, long)",25031,6448491124206897,6448491124215951,0,512,16,64,1,16,384,1
"KERNEL_DISPATCH",1,1,234879,547,68,"void rocsolver::v32802::getf2_npvt_small_kernel<16, double, int, int, double*>(int, double*, long, int, long, int*, int, int)",25059,6448491124273159,6448491124281972,0,136,320,1,1,320,1,1
"KERNEL_DISPATCH",1,1,234879,550,68,"void rocsolver::v32802::getf2_npvt_small_kernel<16, double, int, int, double*>(int, double*, long, int, long, int*, int, int)",25070,6448491124321753,6448491124330567,0,136,304,1,1,304,1,1
"KERNEL_DISPATCH",1,1,234879,549,820,"Cijk_Ailk_Bljk_DB_MT128x64x16_MI16x16x4x1_SN_1LDSB1_APM1_ABV0_ACED0_AF0EM2_AF1EM2_AMAS3_ASE_ASGT_ASLT_ASM_ASAE01_ASCE01_ASEM2_AAC0_BL1_BS1_CLR0_DTLA0_DTLB0_DTVA1_DTVB0_DVO0_ETSP_EPS1_ELFLR0_EMLL0_FSSC10_FL0_GLVWA2_GLVWB2_GRCGA1_GRCGB1_GRPM1_GRVW2_GSU1_GSUASB_GLS0_ISA942_IU1_K1_KLA_LBSPPA0_LBSPPB0_LPA0_LPB2_LDL1_LRVW1_LWPMn1_LDW0_FMA_MIAV1_MDA2_MO40_MMFSC_MKFGSU256_NTA0_NTB0_NTC3_NTD3_NEPBS4_NLCA1_NLCB1_ONLL1_OPLV0_PK0_PAP0_PGR2_PLR1_PKA0_SIA3_SLW1_SS1_SU0_SUM0_SUS0_SCIUI1_SPO1_SRVW0_SSO6_SVW2_SNLL0_TSGRA0_TSGRB0_TT2_64_TLDS0_UMLDSA0_UMLDSB0_U64SL1_USFGROn1_VAW1_VSn1_VW2_VWB1_VFLRP0_WSGRA0_WSGRB0_WS64_WG64_4_1_WGM12",25067,6448491124306330,6448491124312619,0,8448,256,1,1,768,5,1
"KERNEL_DISPATCH",1,1,234879,548,185,"void rocsolver::v32802::unit_forward_substitution_kernel<double, int, double*>(int, int, double*, int, int, long, long, double*, int, int, long, long)",25064,6448491124281972,6448491124291587,0,512,16,64,1,16,320,1
"KERNEL_DISPATCH",1,1,234879,551,185,"void rocsolver::v32802::unit_forward_substitution_kernel<double, int, double*>(int, int, double*, int, int, long, long, double*, int, int, long, long)",25075,6448491124337658,6448491124347793,0,512,16,64,1,16,320,1
"KERNEL_DISPATCH",1,1,234879,553,68,"void rocsolver::v32802::getf2_npvt_small_kernel<16, double, int, int, double*>(int, double*, long, int, long, int*, int, int)",25081,6448491124376597,6448491124385211,0,136,288,1,1,288,1,1
"KERNEL_DISPATCH",1,1,234879,552,820,"Cijk_Ailk_Bljk_DB_MT128x64x16_MI16x16x4x1_SN_1LDSB1_APM1_ABV0_ACED0_AF0EM2_AF1EM2_AMAS3_ASE_ASGT_ASLT_ASM_ASAE01_ASCE01_ASEM2_AAC0_BL1_BS1_CLR0_DTLA0_DTLB0_DTVA1_DTVB0_DVO0_ETSP_EPS1_ELFLR0_EMLL0_FSSC10_FL0_GLVWA2_GLVWB2_GRCGA1_GRCGB1_GRPM1_GRVW2_GSU1_GSUASB_GLS0_ISA942_IU1_K1_KLA_LBSPPA0_LBSPPB0_LPA0_LPB2_LDL1_LRVW1_LWPMn1_LDW0_FMA_MIAV1_MDA2_MO40_MMFSC_MKFGSU256_NTA0_NTB0_NTC3_NTD3_NEPBS4_NLCA1_NLCB1_ONLL1_OPLV0_PK0_PAP0_PGR2_PLR1_PKA0_SIA3_SLW1_SS1_SU0_SUM0_SUS0_SCIUI1_SPO1_SRVW0_SSO6_SVW2_SNLL0_TSGRA0_TSGRB0_TT2_64_TLDS0_UMLDSA0_UMLDSB0_U64SL1_USFGROn1_VAW1_VSn1_VW2_VWB1_VFLRP0_WSGRA0_WSGRB0_WS64_WG64_4_1_WGM12",25078,6448491124361855,6448491124368265,0,8448,256,1,1,768,5,1
"KERNEL_DISPATCH",1,1,234879,554,185,"void rocsolver::v32802::unit_forward_substitution_kernel<double, int, double*>(int, int, double*, int, int, long, long, double*, int, int, long, long)",25086,6448491124394265,6448491124403559,0,512,16,64,1,16,320,1
"KERNEL_DISPATCH",1,1,234879,555,773,"Cijk_Ailk_Bljk_DB_MT64x64x16_MI16x16x4x1_SN_1LDSB1_APM1_ABV0_ACED0_AF0EM2_AF1EM2_AMAS3_ASE_ASGT_ASLT_ASM_ASAE01_ASCE01_ASEM2_AAC0_BL1_BS1_CLR0_DTLA0_DTLB0_DTVA0_DTVB0_DVO0_ETSP_EPS1_ELFLR0_EMLL0_FSSC10_FL0_GLVWA2_GLVWB2_GRCGA1_GRCGB1_GRPM1_GRVW2_GSU1_GSUASB_GLS0_ISA942_IU1_K1_KLA_LBSPPA0_LBSPPB128_LPA0_LPB2_LDL1_LRVW1_LWPMn1_LDW0_FMA_MIAV1_MDA2_MO40_MMFSC_MKFGSU256_NTA0_NTB0_NTC3_NTD3_NEPBS4_NLCA1_NLCB1_ONLL1_OPLV0_PK0_PAP0_PGR2_PLR5_PKA0_SIA3_SLW1_SS1_SU0_SUM0_SUS0_SCIUI1_SPO1_SRVW0_SSO6_SVW2_SNLL0_TSGRA0_TSGRB0_TT2_32_TLDS1_UMLDSA0_UMLDSB1_U64SL1_USFGROn1_VAW1_VSn1_VW2_VWB1_VFLRP0_WSGRA0_WSGRB0_WS64_WG32_8_1_WGM6",25089,6448491124421226,6448491124427275,0,17408,256,1,1,1280,5,1
"KERNEL_DISPATCH",1,1,234879,556,68,"void rocsolver::v32802::getf2_npvt_small_kernel<16, double, int, int, double*>(int, double*, long, int, long, int*, int, int)",25092,6448491124432702,6448491124441515,0,136,272,1,1,272,1,1
"KERNEL_DISPATCH",1,1,234879,557,185,"void rocsolver::v32802::unit_forward_substitution_kernel<double, int, double*>(int, int, double*, int, int, long, long, double*, int, int, long, long)",25097,6448491124451192,6448491124460045,0,512,16,64,1,16,256,1
"KERNEL_DISPATCH",1,1,234879,558,773,"Cijk_Ailk_Bljk_DB_MT64x64x16_MI16x16x4x1_SN_1LDSB1_APM1_ABV0_ACED0_AF0EM2_AF1EM2_AMAS3_ASE_ASGT_ASLT_ASM_ASAE01_ASCE01_ASEM2_AAC0_BL1_BS1_CLR0_DTLA0_DTLB0_DTVA0_DTVB0_DVO0_ETSP_EPS1_ELFLR0_EMLL0_FSSC10_FL0_GLVWA2_GLVWB2_GRCGA1_GRCGB1_GRPM1_GRVW2_GSU1_GSUASB_GLS0_ISA942_IU1_K1_KLA_LBSPPA0_LBSPPB128_LPA0_LPB2_LDL1_LRVW1_LWPMn1_LDW0_FMA_MIAV1_MDA2_MO40_MMFSC_MKFGSU256_NTA0_NTB0_NTC3_NTD3_NEPBS4_NLCA1_NLCB1_ONLL1_OPLV0_PK0_PAP0_PGR2_PLR5_PKA0_SIA3_SLW1_SS1_SU0_SUM0_SUS0_SCIUI1_SPO1_SRVW0_SSO6_SVW2_SNLL0_TSGRA0_TSGRB0_TT2_32_TLDS1_UMLDSA0_UMLDSB1_U64SL1_USFGROn1_VAW1_VSn1_VW2_VWB1_VFLRP0_WSGRA0_WSGRB0_WS64_WG32_8_1_WGM6",25100,6448491124469059,6448491124474067,0,17408,256,1,1,1024,4,1
"KERNEL_DISPATCH",1,1,234879,559,68,"void rocsolver::v32802::getf2_npvt_small_kernel<16, double, int, int, double*>(int, double*, long, int, long, int*, int, int)",25103,6448491124481999,6448491124492014,0,136,256,1,1,256,1,1
"KERNEL_DISPATCH",1,1,234879,560,185,"void rocsolver::v32802::unit_forward_substitution_kernel<double, int, double*>(int, int, double*, int, int, long, long, double*, int, int, long, long)",25108,6448491124492014,6448491124501469,0,512,16,64,1,16,256,1
"KERNEL_DISPATCH",1,1,234879,561,773,"Cijk_Ailk_Bljk_DB_MT64x64x16_MI16x16x4x1_SN_1LDSB1_APM1_ABV0_ACED0_AF0EM2_AF1EM2_AMAS3_ASE_ASGT_ASLT_ASM_ASAE01_ASCE01_ASEM2_AAC0_BL1_BS1_CLR0_DTLA0_DTLB0_DTVA0_DTVB0_DVO0_ETSP_EPS1_ELFLR0_EMLL0_FSSC10_FL0_GLVWA2_GLVWB2_GRCGA1_GRCGB1_GRPM1_GRVW2_GSU1_GSUASB_GLS0_ISA942_IU1_K1_KLA_LBSPPA0_LBSPPB128_LPA0_LPB2_LDL1_LRVW1_LWPMn1_LDW0_FMA_MIAV1_MDA2_MO40_MMFSC_MKFGSU256_NTA0_NTB0_NTC3_NTD3_NEPBS4_NLCA1_NLCB1_ONLL1_OPLV0_PK0_PAP0_PGR2_PLR5_PKA0_SIA3_SLW1_SS1_SU0_SUM0_SUS0_SCIUI1_SPO1_SRVW0_SSO6_SVW2_SNLL0_TSGRA0_TSGRB0_TT2_32_TLDS1_UMLDSA0_UMLDSB1_U64SL1_USFGROn1_VAW1_VSn1_VW2_VWB1_VFLRP0_WSGRA0_WSGRB0_WS64_WG32_8_1_WGM6",25111,6448491124510883,6448491124515771,0,17408,256,1,1,1024,4,1
"KERNEL_DISPATCH",1,1,234879,562,68,"void rocsolver::v32802::getf2_npvt_small_kernel<16, double, int, int, double*>(int, double*, long, int, long, int*, int, int)",25114,6448491124524304,6448491124532436,0,136,240,1,1,240,1,1
"KERNEL_DISPATCH",1,1,234879,563,185,"void rocsolver::v32802::unit_forward_substitution_kernel<double, int, double*>(int, int, double*, int, int, long, long, double*, int, int, long, long)",25119,6448491124537312,6448491124546726,0,512,16,64,1,16,256,1
"KERNEL_DISPATCH",1,1,234879,564,773,"Cijk_Ailk_Bljk_DB_MT64x64x16_MI16x16x4x1_SN_1LDSB1_APM1_ABV0_ACED0_AF0EM2_AF1EM2_AMAS3_ASE_ASGT_ASLT_ASM_ASAE01_ASCE01_ASEM2_AAC0_BL1_BS1_CLR0_DTLA0_DTLB0_DTVA0_DTVB0_DVO0_ETSP_EPS1_ELFLR0_EMLL0_FSSC10_FL0_GLVWA2_GLVWB2_GRCGA1_GRCGB1_GRPM1_GRVW2_GSU1_GSUASB_GLS0_ISA942_IU1_K1_KLA_LBSPPA0_LBSPPB128_LPA0_LPB2_LDL1_LRVW1_LWPMn1_LDW0_FMA_MIAV1_MDA2_MO40_MMFSC_MKFGSU256_NTA0_NTB0_NTC3_NTD3_NEPBS4_NLCA1_NLCB1_ONLL1_OPLV0_PK0_PAP0_PGR2_PLR5_PKA0_SIA3_SLW1_SS1_SU0_SUM0_SUS0_SCIUI1_SPO1_SRVW0_SSO6_SVW2_SNLL0_TSGRA0_TSGRB0_TT2_32_TLDS1_UMLDSA0_UMLDSB1_U64SL1_USFGROn1_VAW1_VSn1_VW2_VWB1_VFLRP0_WSGRA0_WSGRB0_WS64_WG32_8_1_WGM6",25122,6448491124561160,6448491124566168,0,17408,256,1,1,1024,4,1
"KERNEL_DISPATCH",1,1,234879,565,68,"void rocsolver::v32802::getf2_npvt_small_kernel<16, double, int, int, double*>(int, double*, long, int, long, int*, int, int)",25125,6448491124568859,6448491124576912,0,136,224,1,1,224,1,1
"KERNEL_DISPATCH",1,1,234879,566,185,"void rocsolver::v32802::unit_forward_substitution_kernel<double, int, double*>(int, int, double*, int, int, long, long, double*, int, int, long, long)",25130,6448491124583955,6448491124592569,0,512,16,64,1,16,256,1
"KERNEL_DISPATCH",1,1,234879,567,773,"Cijk_Ailk_Bljk_DB_MT64x64x16_MI16x16x4x1_SN_1LDSB1_APM1_ABV0_ACED0_AF0EM2_AF1EM2_AMAS3_ASE_ASGT_ASLT_ASM_ASAE01_ASCE01_ASEM2_AAC0_BL1_BS1_CLR0_DTLA0_DTLB0_DTVA0_DTVB0_DVO0_ETSP_EPS1_ELFLR0_EMLL0_FSSC10_FL0_GLVWA2_GLVWB2_GRCGA1_GRCGB1_GRPM1_GRVW2_GSU1_GSUASB_GLS0_ISA942_IU1_K1_KLA_LBSPPA0_LBSPPB128_LPA0_LPB2_LDL1_LRVW1_LWPMn1_LDW0_FMA_MIAV1_MDA2_MO40_MMFSC_MKFGSU256_NTA0_NTB0_NTC3_NTD3_NEPBS4_NLCA1_NLCB1_ONLL1_OPLV0_PK0_PAP0_PGR2_PLR5_PKA0_SIA3_SLW1_SS1_SU0_SUM0_SUS0_SCIUI1_SPO1_SRVW0_SSO6_SVW2_SNLL0_TSGRA0_TSGRB0_TT2_32_TLDS1_UMLDSA0_UMLDSB1_U64SL1_USFGROn1_VAW1_VSn1_VW2_VWB1_VFLRP0_WSGRA0_WSGRB0_WS64_WG32_8_1_WGM6",25133,6448491124601182,6448491124605629,0,17408,256,1,1,1024,4,1
"KERNEL_DISPATCH",1,1,234879,568,68,"void rocsolver::v32802::getf2_npvt_small_kernel<16, double, int, int, double*>(int, double*, long, int, long, int*, int, int)",25136,6448491124614683,6448491124622935,0,136,208,1,1,208,1,1
"KERNEL_DISPATCH",1,1,234879,569,185,"void rocsolver::v32802::unit_forward_substitution_kernel<double, int, double*>(int, int, double*, int, int, long, long, double*, int, int, long, long)",25141,6448491124625747,6448491124634961,0,512,16,64,1,16,192,1
"KERNEL_DISPATCH",1,1,234879,570,773,"Cijk_Ailk_Bljk_DB_MT64x64x16_MI16x16x4x1_SN_1LDSB1_APM1_ABV0_ACED0_AF0EM2_AF1EM2_AMAS3_ASE_ASGT_ASLT_ASM_ASAE01_ASCE01_ASEM2_AAC0_BL1_BS1_CLR0_DTLA0_DTLB0_DTVA0_DTVB0_DVO0_ETSP_EPS1_ELFLR0_EMLL0_FSSC10_FL0_GLVWA2_GLVWB2_GRCGA1_GRCGB1_GRPM1_GRVW2_GSU1_GSUASB_GLS0_ISA942_IU1_K1_KLA_LBSPPA0_LBSPPB128_LPA0_LPB2_LDL1_LRVW1_LWPMn1_LDW0_FMA_MIAV1_MDA2_MO40_MMFSC_MKFGSU256_NTA0_NTB0_NTC3_NTD3_NEPBS4_NLCA1_NLCB1_ONLL1_OPLV0_PK0_PAP0_PGR2_PLR5_PKA0_SIA3_SLW1_SS1_SU0_SUM0_SUS0_SCIUI1_SPO1_SRVW0_SSO6_SVW2_SNLL0_TSGRA0_TSGRB0_TT2_32_TLDS1_UMLDSA0_UMLDSB1_U64SL1_USFGROn1_VAW1_VSn1_VW2_VWB1_VFLRP0_WSGRA0_WSGRB0_WS64_WG32_8_1_WGM6",25144,6448491124649135,6448491124653702,0,17408,256,1,1,768,3,1
"KERNEL_DISPATCH",1,1,234879,571,68,"void rocsolver::v32802::getf2_npvt_small_kernel<16, double, int, int, double*>(int, double*, long, int, long, int*, int, int)",25147,6448491124660192,6448491124668044,0,136,192,1,1,192,1,1
"KERNEL_DISPATCH",1,1,234879,572,185,"void rocsolver::v32802::unit_forward_substitution_kernel<double, int, double*>(int, int, double*, int, int, long, long, double*, int, int, long, long)",25152,6448491124675444,6448491124684858,0,512,16,64,1,16,192,1
"KERNEL_DISPATCH",1,1,234879,573,977,"Cijk_Ailk_Bljk_DB_MT128x64x16_MI16x16x4x1_SN_1LDSB1_APM1_ABV0_ACED0_AF0EM2_AF1EM2_AMAS3_ASE_ASGT_ASLT_ASM_ASAE01_ASCE01_ASEM2_AAC0_BL1_BS1_CLR0_DTLA0_DTLB0_DTVA1_DTVB0_DVO0_ETSP_EPS1_ELFLR0_EMLL0_FSSC10_FL0_GLVWA2_GLVWB2_GRCGA1_GRCGB1_GRPM1_GRVW2_GSU1_GSUASB_GLS0_ISA942_IU1_K1_KLA_LBSPPA0_LBSPPB0_LPA0_LPB2_LDL1_LRVW1_LWPMn1_LDW0_FMA_MIAV1_MDA2_MO40_MMFSC_MKFGSU256_NTA0_NTB0_NTC3_NTD3_NEPBS4_NLCA1_NLCB1_ONLL1_OPLV0_PK0_PAP0_PGR2_PLR5_PKA0_SIA3_SLW1_SS1_SU0_SUM0_SUS0_SCIUI1_SPO1_SRVW0_SSO6_SVW2_SNLL0_TSGRA0_TSGRB0_TT2_64_TLDS0_UMLDSA0_UMLDSB0_U64SL1_USFGROn1_VAW1_VSn1_VW2_VWB1_VFLRP0_WSGRA0_WSGRB0_WS64_WG64_4_1_WGM6",25155,6448491124700414,6448491124710670,0,8448,256,1,1,512,3,1
"KERNEL_DISPATCH",1,1,234879,574,68,"void rocsolver::v32802::getf2_npvt_small_kernel<16, double, int, int, double*>(int, double*, long, int, long, int*, int, int)",25158,6448491124710670,6448491124719443,0,136,176,1,1,176,1,1
"KERNEL_DISPATCH",1,1,234879,575,185,"void rocsolver::v32802::unit_forward_substitution_kernel<double, int, double*>(int, int, double*, int, int, long, long, double*, int, int, long, long)",25163,6448491124719443,6448491124729098,0,512,16,64,1,16,192,1
"KERNEL_DISPATCH",1,1,234879,576,977,"Cijk_Ailk_Bljk_DB_MT128x64x16_MI16x16x4x1_SN_1LDSB1_APM1_ABV0_ACED0_AF0EM2_AF1EM2_AMAS3_ASE_ASGT_ASLT_ASM_ASAE01_ASCE01_ASEM2_AAC0_BL1_BS1_CLR0_DTLA0_DTLB0_DTVA1_DTVB0_DVO0_ETSP_EPS1_ELFLR0_EMLL0_FSSC10_FL0_GLVWA2_GLVWB2_GRCGA1_GRCGB1_GRPM1_GRVW2_GSU1_GSUASB_GLS0_ISA942_IU1_K1_KLA_LBSPPA0_LBSPPB0_LPA0_LPB2_LDL1_LRVW1_LWPMn1_LDW0_FMA_MIAV1_MDA2_MO40_MMFSC_MKFGSU256_NTA0_NTB0_NTC3_NTD3_NEPBS4_NLCA1_NLCB1_ONLL1_OPLV0_PK0_PAP0_PGR2_PLR5_PKA0_SIA3_SLW1_SS1_SU0_SUM0_SUS0_SCIUI1_SPO1_SRVW0_SSO6_SVW2_SNLL0_TSGRA0_TSGRB0_TT2_64_TLDS0_UMLDSA0_UMLDSB0_U64SL1_USFGROn1_VAW1_VSn1_VW2_VWB1_VFLRP0_WSGRA0_WSGRB0_WS64_WG64_4_1_WGM6",25166,6448491124738392,6448491124747486,0,8448,256,1,1,512,3,1
"KERNEL_DISPATCH",1,1,234879,577,68,"void rocsolver::v32802::getf2_npvt_small_kernel<16, double, int, int, double*>(int, double*, long, int, long, int*, int, int)",25169,6448491124751332,6448491124760626,0,136,160,1,1,160,1,1
"KERNEL_DISPATCH",1,1,234879,578,185,"void rocsolver::v32802::unit_forward_substitution_kernel<double, int, double*>(int, int, double*, int, int, long, long, double*, int, int, long, long)",25174,6448491124762847,6448491124772141,0,512,16,64,1,16,192,1
"KERNEL_DISPATCH",1,1,234879,579,817,"Cijk_Ailk_Bljk_DB_MT128x64x16_MI16x16x4x1_SN_1LDSB1_APM1_ABV0_ACED0_AF0EM2_AF1EM2_AMAS3_ASE_ASGT_ASLT_ASM_ASAE01_ASCE01_ASEM2_AAC0_BL1_BS1_CLR0_DTLA0_DTLB0_DTVA0_DTVB0_DVO0_ETSP_EPS1_ELFLR0_EMLL0_FSSC10_FL0_GLVWA2_GLVWB2_GRCGA1_GRCGB1_GRPM1_GRVW2_GSU1_GSUASB_GLS0_ISA942_IU1_K1_KLA_LBSPPA0_LBSPPB0_LPA0_LPB2_LDL1_LRVW1_LWPMn1_LDW0_FMA_MIAV1_MDA2_MO40_MMFSC_MKFGSU256_NTA0_NTB0_NTC3_NTD3_NEPBS0_NLCA1_NLCB1_ONLL1_OPLV0_PK0_PAP0_PGR2_PLR5_PKA0_SIA3_SLW1_SS1_SU0_SUM0_SUS0_SCIUI1_SPO1_SRVW0_SSO6_SVW2_SNLL0_TSGRA0_TSGRB0_TT2_64_TLDS0_UMLDSA0_UMLDSB0_U64SL1_USFGROn1_VAW1_VSn1_VW2_VWB1_VFLRP0_WSGRA0_WSGRB0_WS64_WG64_4_1_WGM6",25177,6448491124787588,6448491124797323,0,24832,256,1,1,512,3,1
"KERNEL_DISPATCH",1,1,234879,580,68,"void rocsolver::v32802::getf2_npvt_small_kernel<16, double, int, int, double*>(int, double*, long, int, long, int*, int, int)",25180,6448491124797323,6448491124805816,0,136,144,1,1,144,1,1
"KERNEL_DISPATCH",1,1,234879,581,185,"void rocsolver::v32802::unit_forward_substitution_kernel<double, int, double*>(int, int, double*, int, int, long, long, double*, int, int, long, long)",25185,6448491124805816,6448491124814108,0,512,16,64,1,16,128,1
"KERNEL_DISPATCH",1,1,234879,582,817,"Cijk_Ailk_Bljk_DB_MT128x64x16_MI16x16x4x1_SN_1LDSB1_APM1_ABV0_ACED0_AF0EM2_AF1EM2_AMAS3_ASE_ASGT_ASLT_ASM_ASAE01_ASCE01_ASEM2_AAC0_BL1_BS1_CLR0_DTLA0_DTLB0_DTVA0_DTVB0_DVO0_ETSP_EPS1_ELFLR0_EMLL0_FSSC10_FL0_GLVWA2_GLVWB2_GRCGA1_GRCGB1_GRPM1_GRVW2_GSU1_GSUASB_GLS0_ISA942_IU1_K1_KLA_LBSPPA0_LBSPPB0_LPA0_LPB2_LDL1_LRVW1_LWPMn1_LDW0_FMA_MIAV1_MDA2_MO40_MMFSC_MKFGSU256_NTA0_NTB0_NTC3_NTD3_NEPBS0_NLCA1_NLCB1_ONLL1_OPLV0_PK0_PAP0_PGR2_PLR5_PKA0_SIA3_SLW1_SS1_SU0_SUM0_SUS0_SCIUI1_SPO1_SRVW0_SSO6_SVW2_SNLL0_TSGRA0_TSGRB0_TT2_64_TLDS0_UMLDSA0_UMLDSB0_U64SL1_USFGROn1_VAW1_VSn1_VW2_VWB1_VFLRP0_WSGRA0_WSGRB0_WS64_WG64_4_1_WGM6",25188,6448491124823042,6448491124829011,0,24832,256,1,1,256,2,1
"KERNEL_DISPATCH",1,1,234879,583,68,"void rocsolver::v32802::getf2_npvt_small_kernel<16, double, int, int, double*>(int, double*, long, int, long, int*, int, int)",25191,6448491124839467,6448491124847279,0,136,128,1,1,128,1,1
"KERNEL_DISPATCH",1,1,234879,584,185,"void rocsolver::v32802::unit_forward_substitution_kernel<double, int, double*>(int, int, double*, int, int, long, long, double*, int, int, long, long)",25196,6448491124854530,6448491124863143,0,512,16,64,1,16,128,1
"KERNEL_DISPATCH",1,1,234879,586,68,"void rocsolver::v32802::getf2_npvt_small_kernel<16, double, int, int, double*>(int, double*, long, int, long, int*, int, int)",25202,6448491124880170,6448491124887821,0,136,112,1,1,112,1,1
"KERNEL_DISPATCH",1,1,234879,585,1178,"Cijk_Ailk_Bljk_DB_MT128x64x16_MI16x16x4x1_SN_1LDSB1_APM1_ABV0_ACED0_AF0EM2_AF1EM2_AMAS3_ASE_ASGT_ASLT_ASM_ASAE01_ASCE01_ASEM2_AAC0_BL1_BS1_CLR0_DTLA0_DTLB0_DTVA0_DTVB0_DVO0_ETSP_EPS1_ELFLR0_EMLL0_FSSC10_FL0_GLVWA2_GLVWB2_GRCGA1_GRCGB1_GRPM1_GRVW2_GSU1_GSUASB_GLS0_ISA942_IU1_K1_KLA_LBSPPA0_LBSPPB0_LPA0_LPB2_LDL1_LRVW1_LWPMn1_LDW0_FMA_MIAV1_MDA2_MO40_MMFSC_MKFGSU256_NTA0_NTB0_NTC3_NTD3_NEPBS0_NLCA1_NLCB1_ONLL1_OPLV0_PK0_PAP0_PGR2_PLR1_PKA0_SIA3_SLW1_SS1_SU0_SUM0_SUS0_SCIUI1_SPO1_SRVW0_SSO6_SVW2_SNLL0_TSGRA0_TSGRB0_TT2_64_TLDS0_UMLDSA0_UMLDSB0_U64SL1_USFGROn1_VAW1_VSn1_VW2_VWB1_VFLRP0_WSGRA0_WSGRB0_WS64_WG64_4_1_WGM6",25199,6448491124871436,6448491124880170,0,24832,256,1,1,256,2,1
"KERNEL_DISPATCH",1,1,234879,587,185,"void rocsolver::v32802::unit_forward_substitution_kernel<double, int, double*>(int, int, double*, int, int, long, long, double*, int, int, long, long)",25207,6448491124892388,6448491124901482,0,512,16,64,1,16,128,1
"KERNEL_DISPATCH",1,1,234879,588,999,"Cijk_Ailk_Bljk_DB_MT128x64x16_MI16x16x4x1_SN_1LDSB1_APM1_ABV0_ACED0_AF0EM2_AF1EM2_AMAS3_ASE_ASGT_ASLT_ASM_ASAE01_ASCE01_ASEM2_AAC0_BL1_BS1_CLR0_DTLA0_DTLB0_DTVA1_DTVB0_DVO0_ETSP_EPS1_ELFLR0_EMLL0_FSSC10_FL0_GLVWA2_GLVWB2_GRCGA1_GRCGB1_GRPM1_GRVW2_GSU1_GSUASB_GLS0_ISA942_IU1_K1_KLA_LBSPPA0_LBSPPB0_LPA0_LPB2_LDL1_LRVW1_LWPMn1_LDW0_FMA_MIAV1_MDA2_MO40_MMFSC_MKFGSU256_NTA0_NTB0_NTC3_NTD3_NEPBS0_NLCA1_NLCB1_ONLL1_OPLV0_PK0_PAP0_PGR2_PLR5_PKA0_SIA3_SLW1_SS1_SU0_SUM0_SUS0_SCIUI1_SPO1_SRVW0_SSO6_SVW2_SNLL0_TSGRA0_TSGRB0_TT2_64_TLDS0_UMLDSA0_UMLDSB0_U64SL1_USFGROn1_VAW1_VSn1_VW2_VWB1_VFLRP0_WSGRA0_WSGRB0_WS64_WG64_4_1_WGM12",25210,6448491124913180,6448491124922154,0,8448,256,1,1,256,2,1
"KERNEL_DISPATCH",1,1,234879,589,68,"void rocsolver::v32802::getf2_npvt_small_kernel<16, double, int, int, double*>(int, double*, long, int, long, int*, int, int)",25213,6448491124926961,6448491124934212,0,136,96,1,1,96,1,1
"KERNEL_DISPATCH",1,1,234879,590,185,"void rocsolver::v32802::unit_forward_substitution_kernel<double, int, double*>(int, int, double*, int, int, long, long, double*, int, int, long, long)",25218,6448491124944789,6448491124955044,0,512,16,64,1,16,128,1
"KERNEL_DISPATCH",1,1,234879,591,759,"Cijk_Ailk_Bljk_DB_MT64x64x16_MI16x16x4x1_SN_1LDSB1_APM1_ABV0_ACED0_AF0EM2_AF1EM2_AMAS3_ASE_ASGT_ASLT_ASM_ASAE01_ASCE01_ASEM2_AAC0_BL1_BS1_CLR0_DTLA0_DTLB0_DTVA0_DTVB0_DVO0_ETSP_EPS1_ELFLR0_EMLL0_FSSC10_FL0_GLVWA2_GLVWB2_GRCGA1_GRCGB1_GRPM1_GRVW2_GSU1_GSUASB_GLS0_ISA942_IU1_K1_KLA_LBSPPA0_LBSPPB0_LPA0_LPB2_LDL1_LRVW1_LWPMn1_LDW0_FMA_MIAV1_MDA2_MO40_MMFSC_MKFGSU256_NTA0_NTB0_NTC3_NTD3_NEPBS4_NLCA1_NLCB1_ONLL1_OPLV0_PK0_PAP0_PGR2_PLR5_PKA0_SIA3_SLW1_SS1_SU0_SUM0_SUS0_SCIUI1_SPO1_SRVW0_SSO6_SVW2_SNLL0_TSGRA0_TSGRB0_TT2_32_TLDS0_UMLDSA0_UMLDSB0_U64SL1_USFGROn1_VAW1_VSn1_VW2_VWB1_VFLRP0_WSGRA0_WSGRB0_WS64_WG32_8_1_WGM6",25221,6448491124963778,6448491124971189,0,16640,256,1,1,512,2,1
"KERNEL_DISPATCH",1,1,234879,592,68,"void rocsolver::v32802::getf2_npvt_small_kernel<16, double, int, int, double*>(int, double*, long, int, long, int*, int, int)",25224,6448491124975716,6448491124983248,0,136,80,1,1,80,1,1
"KERNEL_DISPATCH",1,1,234879,593,185,"void rocsolver::v32802::unit_forward_substitution_kernel<double, int, double*>(int, int, double*, int, int, long, long, double*, int, int, long, long)",25229,6448491125012693,6448491125022067,0,512,16,64,1,16,64,1
"KERNEL_DISPATCH",1,1,234879,594,814,"Cijk_Ailk_Bljk_DB_MT64x64x16_MI16x16x4x1_SN_1LDSB1_APM1_ABV0_ACED0_AF0EM2_AF1EM2_AMAS0_ASE_ASGT_ASLT_ASM_ASAE01_ASCE01_ASEM2_AAC0_BL1_BS1_CLR0_DTLA0_DTLB0_DTVA1_DTVB0_DVO0_ETSP_EPS1_ELFLR0_EMLL0_FSSC10_FL0_GLVWA1_GLVWB1_GRCGA1_GRCGB1_GRPM1_GRVW1_GSU1_GSUASB_GLS0_ISA942_IU1_K1_KLA_LBSPPA0_LBSPPB128_LPA0_LPB4_LDL1_LRVW2_LWPMn1_LDW0_FMA_MIAV1_MDA2_MO40_MMFSC_MKFGSU256_NTA0_NTB0_NTC3_NTD3_NEPBS0_NLCA1_NLCB1_ONLL1_OPLV0_PK0_PAP0_PGR2_PLR5_PKA0_SIA3_SLW1_SS1_SU0_SUM0_SUS0_SCIUI1_SPO1_SRVW0_SSO6_SVW1_SNLL0_TSGRA0_TSGRB0_TT1_64_TLDS1_UMLDSA0_UMLDSB1_U64SL1_USFGROn1_VAW1_VSn1_VW1_VWB1_VFLRP0_WSGRA0_WSGRB0_WS64_WG64_4_1_WGM6",25232,6448491125027115,6448491125034847,0,10240,256,1,1,256,1,1
"KERNEL_DISPATCH",1,1,234879,595,68,"void rocsolver::v32802::getf2_npvt_small_kernel<16, double, int, int, double*>(int, double*, long, int, long, int*, int, int)",25235,6448491125037478,6448491125045250,0,136,64,1,1,64,1,1
"KERNEL_DISPATCH",1,1,234879,596,185,"void rocsolver::v32802::unit_forward_substitution_kernel<double, int, double*>(int, int, double*, int, int, long, long, double*, int, int, long, long)",25240,6448491125053115,6448491125060927,0,512,16,64,1,16,64,1
"KERNEL_DISPATCH",1,1,234879,597,744,"Cijk_Ailk_Bljk_DB_MT64x64x16_MI16x16x4x1_SN_1LDSB1_APM1_ABV0_ACED0_AF0EM2_AF1EM2_AMAS3_ASE_ASGT_ASLT_ASM_ASAE01_ASCE01_ASEM2_AAC0_BL1_BS1_CLR0_DTLA0_DTLB0_DTVA0_DTVB0_DVO0_ETSP_EPS1_ELFLR0_EMLL0_FSSC10_FL0_GLVWA2_GLVWB2_GRCGA1_GRCGB1_GRPM1_GRVW2_GSU1_GSUASB_GLS0_ISA942_IU1_K1_KLA_LBSPPA0_LBSPPB128_LPA0_LPB4_LDL1_LRVW2_LWPMn1_LDW0_FMA_MIAV1_MDA2_MO40_MMFSC_MKFGSU256_NTA0_NTB0_NTC3_NTD3_NEPBS0_NLCA1_NLCB1_ONLL1_OPLV0_PK0_PAP0_PGR2_PLR5_PKA0_SIA3_SLW1_SS1_SU0_SUM0_SUS0_SCIUI1_SPO1_SRVW0_SSO6_SVW2_SNLL0_TSGRA0_TSGRB0_TT2_32_TLDS1_UMLDSA0_UMLDSB1_U64SL1_USFGROn1_VAW1_VSn1_VW2_VWB1_VFLRP0_WSGRA0_WSGRB0_WS64_WG32_8_1_WGM6",25243,6448491125070862,6448491125076871,0,18432,256,1,1,256,1,1
"KERNEL_DISPATCH",1,1,234879,598,68,"void rocsolver::v32802::getf2_npvt_small_kernel<16, double, int, int, double*>(int, double*, long, int, long, int*, int, int)",25246,6448491125084523,6448491125092175,0,136,48,1,1,48,1,1
"KERNEL_DISPATCH",1,1,234879,599,185,"void rocsolver::v32802::unit_forward_substitution_kernel<double, int, double*>(int, int, double*, int, int, long, long, double*, int, int, long, long)",25251,6448491125100347,6448491125108279,0,512,16,64,1,16,64,1
"KERNEL_DISPATCH",1,1,234879,600,754,"Cijk_Ailk_Bljk_DB_MT32x64x32_MI16x16x4x1_SN_1LDSB1_APM1_ABV0_ACED0_AF0EM2_AF1EM2_AMAS3_ASE_ASGT_ASLT_ASM_ASAE01_ASCE01_ASEM2_AAC0_BL1_BS1_CLR0_DTLA0_DTLB0_DTVA0_DTVB0_DVO0_ETSP_EPS1_ELFLR0_EMLL0_FSSC10_FL0_GLVWA2_GLVWB2_GRCGA1_GRCGB1_GRPM1_GRVW2_GSU1_GSUASB_GLS0_ISA942_IU1_K1_KLA_LBSPPA0_LBSPPB256_LPA0_LPB4_LDL1_LRVW2_LWPMn1_LDW0_FMA_MIAV1_MDA2_MO40_MMFSC_MKFGSU256_NTA0_NTB0_NTC3_NTD3_NEPBS0_NLCA1_NLCB1_ONLL1_OPLV0_PK0_PAP0_PGR2_PLR9_PKA0_SIA3_SLW1_SS1_SU0_SUM0_SUS0_SCIUI1_SPO1_SRVW0_SSO6_SVW2_SNLL0_TSGRA0_TSGRB0_TT2_16_TLDS1_UMLDSA0_UMLDSB1_U64SL1_USFGROn1_VAW1_VSn1_VW2_VWB1_VFLRP0_WSGRA0_WSGRB0_WS64_WG16_16_1_WGM6",25254,6448491125123823,6448491125129592,0,26624,256,1,1,256,1,1
"KERNEL_DISPATCH",1,1,234879,601,68,"void rocsolver::v32802::getf2_npvt_small_kernel<16, double, int, int, double*>(int, double*, long, int, long, int*, int, int)",25257,6448491125134359,6448491125141891,0,136,32,1,1,32,1,1
"KERNEL_DISPATCH",1,1,234879,602,185,"void rocsolver::v32802::unit_forward_substitution_kernel<double, int, double*>(int, int, double*, int, int, long, long, double*, int, int, long, long)",25262,6448491125145577,6448491125153709,0,512,16,64,1,16,64,1
"KERNEL_DISPATCH",1,1,234879,603,754,"Cijk_Ailk_Bljk_DB_MT32x64x32_MI16x16x4x1_SN_1LDSB1_APM1_ABV0_ACED0_AF0EM2_AF1EM2_AMAS3_ASE_ASGT_ASLT_ASM_ASAE01_ASCE01_ASEM2_AAC0_BL1_BS1_CLR0_DTLA0_DTLB0_DTVA0_DTVB0_DVO0_ETSP_EPS1_ELFLR0_EMLL0_FSSC10_FL0_GLVWA2_GLVWB2_GRCGA1_GRCGB1_GRPM1_GRVW2_GSU1_GSUASB_GLS0_ISA942_IU1_K1_KLA_LBSPPA0_LBSPPB256_LPA0_LPB4_LDL1_LRVW2_LWPMn1_LDW0_FMA_MIAV1_MDA2_MO40_MMFSC_MKFGSU256_NTA0_NTB0_NTC3_NTD3_NEPBS0_NLCA1_NLCB1_ONLL1_OPLV0_PK0_PAP0_PGR2_PLR9_PKA0_SIA3_SLW1_SS1_SU0_SUM0_SUS0_SCIUI1_SPO1_SRVW0_SSO6_SVW2_SNLL0_TSGRA0_TSGRB0_TT2_16_TLDS1_UMLDSA0_UMLDSB1_U64SL1_USFGROn1_VAW1_VSn1_VW2_VWB1_VFLRP0_WSGRA0_WSGRB0_WS64_WG16_16_1_WGM6",25265,6448491125166128,6448491125170575,0,26624,256,1,1,256,1,1
"KERNEL_DISPATCH",1,1,234879,604,68,"void rocsolver::v32802::getf2_npvt_small_kernel<16, double, int, int, double*>(int, double*, long, int, long, int*, int, int)",25268,6448491125179105,6448491125186717,0,136,16,1,1,16,1,1
"KERNEL_DISPATCH",1,1,234879,605,1399,"void rocblas_trtri_trsm_kernel<128, 16, 8, double, double const*, double*>(rocblas_fill_, rocblas_diagonal_, double const*, long, int, long, double*, long, long, int)",25272,6448491125194492,6448491125223216,0,8192,256,1,1,4096,1,1
"KERNEL_DISPATCH",1,1,234879,606,1443,"void rocblas_trtri_fill<128, double, double*>(_rocblas_handle*, rocblas_fill_, int, long, int, long, double*, long, long, int, int)",25277,6448491125223216,6448491125226741,0,0,128,1,1,32512,1,1
"KERNEL_DISPATCH",1,1,234879,607,997,"Cijk_Ailk_Bljk_DB_MT64x32x16_MI16x16x4x1_SN_1LDSB1_APM1_ABV0_ACED0_AF0EM2_AF1EM2_AMAS0_ASE_ASGT_ASLT_ASM_ASAE01_ASCE01_ASEM2_AAC0_BL1_BS1_CLR0_DTLA0_DTLB0_DTVA1_DTVB0_DVO0_ETSP_EPS1_ELFLR0_EMLL0_FSSC10_FL0_GLVWA1_GLVWB1_GRCGA1_GRCGB1_GRPM1_GRVW1_GSU1_GSUASB_GLS0_ISA942_IU1_K1_KLA_LBSPPA0_LBSPPB128_LPA0_LPB4_LDL1_LRVW2_LWPMn1_LDW0_FMA_MIAV1_MDA2_MO40_MMFSC_MKFGSU256_NTA0_NTB0_NTC3_NTD3_NEPBS0_NLCA1_NLCB1_ONLL1_OPLV0_PK0_PAP0_PGR2_PLR5_PKA0_SIA3_SLW1_SS1_SU0_SUM0_SUS0_SCIUI1_SPO1_SRVW0_SSO6_SVW1_SNLL0_TSGRA0_TSGRB0_TT1_32_TLDS1_UMLDSA0_UMLDSB1_U64SL1_USFGROn1_VAW1_VSn1_VW1_VWB1_VFLRP0_WSGRA0_WSGRB0_WS64_WG64_4_1_WGM12",25281,6448491125226741,6448491125233391,0,5120,256,1,1,256,1,4
"KERNEL_DISPATCH",1,1,234879,609,997,"Cijk_Ailk_Bljk_DB_MT64x32x16_MI16x16x4x1_SN_1LDSB1_APM1_ABV0_ACED0_AF0EM2_AF1EM2_AMAS0_ASE_ASGT_ASLT_ASM_ASAE01_ASCE01_ASEM2_AAC0_BL1_BS1_CLR0_DTLA0_DTLB0_DTVA1_DTVB0_DVO0_ETSP_EPS1_ELFLR0_EMLL0_FSSC10_FL0_GLVWA1_GLVWB1_GRCGA1_GRCGB1_GRPM1_GRVW1_GSU1_GSUASB_GLS0_ISA942_IU1_K1_KLA_LBSPPA0_LBSPPB128_LPA0_LPB4_LDL1_LRVW2_LWPMn1_LDW0_FMA_MIAV1_MDA2_MO40_MMFSC_MKFGSU256_NTA0_NTB0_NTC3_NTD3_NEPBS0_NLCA1_NLCB1_ONLL1_OPLV0_PK0_PAP0_PGR2_PLR5_PKA0_SIA3_SLW1_SS1_SU0_SUM0_SUS0_SCIUI1_SPO1_SRVW0_SSO6_SVW1_SNLL0_TSGRA0_TSGRB0_TT1_32_TLDS1_UMLDSA0_UMLDSB1_U64SL1_USFGROn1_VAW1_VSn1_VW1_VWB1_VFLRP0_WSGRA0_WSGRB0_WS64_WG64_4_1_WGM12",25287,6448491125259431,6448491125264279,0,5120,256,1,1,256,1,4
"KERNEL_DISPATCH",1,1,234879,608,997,"Cijk_Ailk_Bljk_DB_MT64x32x16_MI16x16x4x1_SN_1LDSB1_APM1_ABV0_ACED0_AF0EM2_AF1EM2_AMAS0_ASE_ASGT_ASLT_ASM_ASAE01_ASCE01_ASEM2_AAC0_BL1_BS1_CLR0_DTLA0_DTLB0_DTVA1_DTVB0_DVO0_ETSP_EPS1_ELFLR0_EMLL0_FSSC10_FL0_GLVWA1_GLVWB1_GRCGA1_GRCGB1_GRPM1_GRVW1_GSU1_GSUASB_GLS0_ISA942_IU1_K1_KLA_LBSPPA0_LBSPPB128_LPA0_LPB4_LDL1_LRVW2_LWPMn1_LDW0_FMA_MIAV1_MDA2_MO40_MMFSC_MKFGSU256_NTA0_NTB0_NTC3_NTD3_NEPBS0_NLCA1_NLCB1_ONLL1_OPLV0_PK0_PAP0_PGR2_PLR5_PKA0_SIA3_SLW1_SS1_SU0_SUM0_SUS0_SCIUI1_SPO1_SRVW0_SSO6_SVW1_SNLL0_TSGRA0_TSGRB0_TT1_32_TLDS1_UMLDSA0_UMLDSB1_U64SL1_USFGROn1_VAW1_VSn1_VW1_VWB1_VFLRP0_WSGRA0_WSGRB0_WS64_WG64_4_1_WGM12",25284,6448491125242325,6448491125249095,0,5120,256,1,1,256,1,4
"KERNEL_DISPATCH",1,1,234879,610,997,"Cijk_Ailk_Bljk_DB_MT64x32x16_MI16x16x4x1_SN_1LDSB1_APM1_ABV0_ACED0_AF0EM2_AF1EM2_AMAS0_ASE_ASGT_ASLT_ASM_ASAE01_ASCE01_ASEM2_AAC0_BL1_BS1_CLR0_DTLA0_DTLB0_DTVA1_DTVB0_DVO0_ETSP_EPS1_ELFLR0_EMLL0_FSSC10_FL0_GLVWA1_GLVWB1_GRCGA1_GRCGB1_GRPM1_GRVW1_GSU1_GSUASB_GLS0_ISA942_IU1_K1_KLA_LBSPPA0_LBSPPB128_LPA0_LPB4_LDL1_LRVW2_LWPMn1_LDW0_FMA_MIAV1_MDA2_MO40_MMFSC_MKFGSU256_NTA0_NTB0_NTC3_NTD3_NEPBS0_NLCA1_NLCB1_ONLL1_OPLV0_PK0_PAP0_PGR2_PLR5_PKA0_SIA3_SLW1_SS1_SU0_SUM0_SUS0_SCIUI1_SPO1_SRVW0_SSO6_SVW1_SNLL0_TSGRA0_TSGRB0_TT1_32_TLDS1_UMLDSA0_UMLDSB1_U64SL1_USFGROn1_VAW1_VSn1_VW1_VWB1_VFLRP0_WSGRA0_WSGRB0_WS64_WG64_4_1_WGM12",25290,6448491125278661,6448491125283027,0,5120,256,1,1,256,1,4
"KERNEL_DISPATCH",1,1,234879,611,970,"Cijk_Ailk_Bljk_DB_MT64x64x32_MI16x16x4x1_SN_1LDSB1_APM1_ABV0_ACED0_AF0EM2_AF1EM2_AMAS0_ASE_ASGT_ASLT_ASM_ASAE01_ASCE01_ASEM2_AAC0_BL1_BS1_CLR0_DTLA0_DTLB0_DTVA0_DTVB0_DVO0_ETSP_EPS1_ELFLR0_EMLL0_FSSC10_FL0_GLVWA1_GLVWB1_GRCGA1_GRCGB1_GRPM1_GRVW1_GSU1_GSUASB_GLS0_ISA942_IU1_K1_KLA_LBSPPA0_LBSPPB0_LPA0_LPB1_LDL1_LRVW1_LWPMn1_LDW0_FMA_MIAV1_MDA2_MO40_MMFSC_MKFGSU256_NTA0_NTB0_NTC3_NTD3_NEPBS0_NLCA1_NLCB1_ONLL1_OPLV0_PK0_PAP0_PGR2_PLR9_PKA0_SIA3_SLW1_SS1_SU0_SUM0_SUS0_SCIUI1_SPO1_SRVW0_SSO6_SVW1_SNLL0_TSGRA0_TSGRB0_TT2_32_TLDS0_UMLDSA0_UMLDSB0_U64SL1_USFGROn1_VAW1_VSn1_VW1_VWB1_VFLRP0_WSGRA0_WSGRB0_WS64_WG32_8_1_WGM6",25293,6448491125299693,6448491125307905,0,33024,256,1,1,256,1,4
"KERNEL_DISPATCH",1,1,234879,612,970,"Cijk_Ailk_Bljk_DB_MT64x64x32_MI16x16x4x1_SN_1LDSB1_APM1_ABV0_ACED0_AF0EM2_AF1EM2_AMAS0_ASE_ASGT_ASLT_ASM_ASAE01_ASCE01_ASEM2_AAC0_BL1_BS1_CLR0_DTLA0_DTLB0_DTVA0_DTVB0_DVO0_ETSP_EPS1_ELFLR0_EMLL0_FSSC10_FL0_GLVWA1_GLVWB1_GRCGA1_GRCGB1_GRPM1_GRVW1_GSU1_GSUASB_GLS0_ISA942_IU1_K1_KLA_LBSPPA0_LBSPPB0_LPA0_LPB1_LDL1_LRVW1_LWPMn1_LDW0_FMA_MIAV1_MDA2_MO40_MMFSC_MKFGSU256_NTA0_NTB0_NTC3_NTD3_NEPBS0_NLCA1_NLCB1_ONLL1_OPLV0_PK0_PAP0_PGR2_PLR9_PKA0_SIA3_SLW1_SS1_SU0_SUM0_SUS0_SCIUI1_SPO1_SRVW0_SSO6_SVW1_SNLL0_TSGRA0_TSGRB0_TT2_32_TLDS0_UMLDSA0_UMLDSB0_U64SL1_USFGROn1_VAW1_VSn1_VW1_VWB1_VFLRP0_WSGRA0_WSGRB0_WS64_WG32_8_1_WGM6",25296,6448491125319323,6448491125325773,0,33024,256,1,1,256,1,4
"KERNEL_DISPATCH",1,1,234879,613,1471,"void rocblas_copy_matrix_trsm<128, 8, double, double*, double*>(int, int, int, double*, int, long, double*, int, long, long, long, int)",25300,6448491125333224,6448491125339033,0,0,128,8,1,5632,128,1
"KERNEL_DISPATCH",1,1,234879,614,1047,"Cijk_Ailk_Bljk_DB_MT128x64x16_MI16x16x4x1_SN_1LDSB1_APM1_ABV0_ACED0_AF0EM1_AF1EM1_AMAS3_ASE_ASGT_ASLT1257_ASM_ASAE01_ASCE01_ASEM1_AAC0_BL1_BS1_CLR0_DTLA0_DTLB0_DTVA1_DTVB0_DVO0_ETB_EPS1_ELFLR0_EMLL0_FSSC10_FL0_GLVWA2_GLVWB2_GRCGA1_GRCGB1_GRPM1_GRVWn1_GSU1_GSUASB_GLS0_ISA942_IU1_K1_KLA_LBSPPA0_LBSPPB128_LPA0_LPB4_LDL1_LRVW2_LWPMn1_LDW0_FMA_MIAV1_MDA2_MO40_MMFSC_MKFGSU256_NTA0_NTB0_NTC3_NTD3_NEPBS4_NLCA1_NLCB1_ONLL1_OPLV0_PK0_PAP0_PGR2_PLR5_PKA0_SIA3_SLW1_SS1_SU0_SUM0_SUS0_SCIUI1_SPO0_SRVW0_SSO0_SVW2_SNLL0_TSGRA0_TSGRB0_TT2_64_TLDS1_UMLDSA0_UMLDSB1_U64SL1_USFGROn1_VAW1_VSn1_VW2_VWB1_VFLRP0_WSGRA0_WSGRB0_WS64_WG64_4_1_WGM1",25304,6448491125353736,6448491125362589,0,10240,256,1,1,11264,2,1
"KERNEL_DISPATCH",1,1,234879,615,1047,"Cijk_Ailk_Bljk_DB_MT128x64x16_MI16x16x4x1_SN_1LDSB1_APM1_ABV0_ACED0_AF0EM1_AF1EM1_AMAS3_ASE_ASGT_ASLT1257_ASM_ASAE01_ASCE01_ASEM1_AAC0_BL1_BS1_CLR0_DTLA0_DTLB0_DTVA1_DTVB0_DVO0_ETB_EPS1_ELFLR0_EMLL0_FSSC10_FL0_GLVWA2_GLVWB2_GRCGA1_GRCGB1_GRPM1_GRVWn1_GSU1_GSUASB_GLS0_ISA942_IU1_K1_KLA_LBSPPA0_LBSPPB128_LPA0_LPB4_LDL1_LRVW2_LWPMn1_LDW0_FMA_MIAV1_MDA2_MO40_MMFSC_MKFGSU256_NTA0_NTB0_NTC3_NTD3_NEPBS4_NLCA1_NLCB1_ONLL1_OPLV0_PK0_PAP0_PGR2_PLR5_PKA0_SIA3_SLW1_SS1_SU0_SUM0_SUS0_SCIUI1_SPO0_SRVW0_SSO0_SVW2_SNLL0_TSGRA0_TSGRB0_TT2_64_TLDS1_UMLDSA0_UMLDSB1_U64SL1_USFGROn1_VAW1_VSn1_VW2_VWB1_VFLRP0_WSGRA0_WSGRB0_WS64_WG64_4_1_WGM1",25307,6448491125370889,6448491125381946,0,10240,256,1,1,11264,2,1
"KERNEL_DISPATCH",1,1,234879,616,1047,"Cijk_Ailk_Bljk_DB_MT128x64x16_MI16x16x4x1_SN_1LDSB1_APM1_ABV0_ACED0_AF0EM1_AF1EM1_AMAS3_ASE_ASGT_ASLT1257_ASM_ASAE01_ASCE01_ASEM1_AAC0_BL1_BS1_CLR0_DTLA0_DTLB0_DTVA1_DTVB0_DVO0_ETB_EPS1_ELFLR0_EMLL0_FSSC10_FL0_GLVWA2_GLVWB2_GRCGA1_GRCGB1_GRPM1_GRVWn1_GSU1_GSUASB_GLS0_ISA942_IU1_K1_KLA_LBSPPA0_LBSPPB128_LPA0_LPB4_LDL1_LRVW2_LWPMn1_LDW0_FMA_MIAV1_MDA2_MO40_MMFSC_MKFGSU256_NTA0_NTB0_NTC3_NTD3_NEPBS4_NLCA1_NLCB1_ONLL1_OPLV0_PK0_PAP0_PGR2_PLR5_PKA0_SIA3_SLW1_SS1_SU0_SUM0_SUS0_SCIUI1_SPO0_SRVW0_SSO0_SVW2_SNLL0_TSGRA0_TSGRB0_TT2_64_TLDS1_UMLDSA0_UMLDSB1_U64SL1_USFGROn1_VAW1_VSn1_VW2_VWB1_VFLRP0_WSGRA0_WSGRB0_WS64_WG64_4_1_WGM1",25310,6448491125388870,6448491125397283,0,10240,256,1,1,11264,2,1
"KERNEL_DISPATCH",1,1,234879,617,1047,"Cijk_Ailk_Bljk_DB_MT128x64x16_MI16x16x4x1_SN_1LDSB1_APM1_ABV0_ACED0_AF0EM1_AF1EM1_AMAS3_ASE_ASGT_ASLT1257_ASM_ASAE01_ASCE01_ASEM1_AAC0_BL1_BS1_CLR0_DTLA0_DTLB0_DTVA1_DTVB0_DVO0_ETB_EPS1_ELFLR0_EMLL0_FSSC10_FL0_GLVWA2_GLVWB2_GRCGA1_GRCGB1_GRPM1_GRVWn1_GSU1_GSUASB_GLS0_ISA942_IU1_K1_KLA_LBSPPA0_LBSPPB128_LPA0_LPB4_LDL1_LRVW2_LWPMn1_LDW0_FMA_MIAV1_MDA2_MO40_MMFSC_MKFGSU256_NTA0_NTB0_NTC3_NTD3_NEPBS4_NLCA1_NLCB1_ONLL1_OPLV0_PK0_PAP0_PGR2_PLR5_PKA0_SIA3_SLW1_SS1_SU0_SUM0_SUS0_SCIUI1_SPO0_SRVW0_SSO0_SVW2_SNLL0_TSGRA0_TSGRB0_TT2_64_TLDS1_UMLDSA0_UMLDSB1_U64SL1_USFGROn1_VAW1_VSn1_VW2_VWB1_VFLRP0_WSGRA0_WSGRB0_WS64_WG64_4_1_WGM1",25313,6448491125406376,6448491125421600,0,10240,256,1,1,11264,2,1
"KERNEL_DISPATCH",1,1,234879,618,1047,"Cijk_Ailk_Bljk_DB_MT128x64x16_MI16x16x4x1_SN_1LDSB1_APM1_ABV0_ACED0_AF0EM1_AF1EM1_AMAS3_ASE_ASGT_ASLT1257_ASM_ASAE01_ASCE01_ASEM1_AAC0_BL1_BS1_CLR0_DTLA0_DTLB0_DTVA1_DTVB0_DVO0_ETB_EPS1_ELFLR0_EMLL0_FSSC10_FL0_GLVWA2_GLVWB2_GRCGA1_GRCGB1_GRPM1_GRVWn1_GSU1_GSUASB_GLS0_ISA942_IU1_K1_KLA_LBSPPA0_LBSPPB128_LPA0_LPB4_LDL1_LRVW2_LWPMn1_LDW0_FMA_MIAV1_MDA2_MO40_MMFSC_MKFGSU256_NTA0_NTB0_NTC3_NTD3_NEPBS4_NLCA1_NLCB1_ONLL1_OPLV0_PK0_PAP0_PGR2_PLR5_PKA0_SIA3_SLW1_SS1_SU0_SUM0_SUS0_SCIUI1_SPO0_SRVW0_SSO0_SVW2_SNLL0_TSGRA0_TSGRB0_TT2_64_TLDS1_UMLDSA0_UMLDSB1_U64SL1_USFGROn1_VAW1_VSn1_VW2_VWB1_VFLRP0_WSGRA0_WSGRB0_WS64_WG64_4_1_WGM1",25316,6448491125435100,6448491125443634,0,10240,256,1,1,11264,2,1
"KERNEL_DISPATCH",1,1,234879,619,1047,"Cijk_Ailk_Bljk_DB_MT128x64x16_MI16x16x4x1_SN_1LDSB1_APM1_ABV0_ACED0_AF0EM1_AF1EM1_AMAS3_ASE_ASGT_ASLT1257_ASM_ASAE01_ASCE01_ASEM1_AAC0_BL1_BS1_CLR0_DTLA0_DTLB0_DTVA1_DTVB0_DVO0_ETB_EPS1_ELFLR0_EMLL0_FSSC10_FL0_GLVWA2_GLVWB2_GRCGA1_GRCGB1_GRPM1_GRVWn1_GSU1_GSUASB_GLS0_ISA942_IU1_K1_KLA_LBSPPA0_LBSPPB128_LPA0_LPB4_LDL1_LRVW2_LWPMn1_LDW0_FMA_MIAV1_MDA2_MO40_MMFSC_MKFGSU256_NTA0_NTB0_NTC3_NTD3_NEPBS4_NLCA1_NLCB1_ONLL1_OPLV0_PK0_PAP0_PGR2_PLR5_PKA0_SIA3_SLW1_SS1_SU0_SUM0_SUS0_SCIUI1_SPO0_SRVW0_SSO0_SVW2_SNLL0_TSGRA0_TSGRB0_TT2_64_TLDS1_UMLDSA0_UMLDSB1_U64SL1_USFGROn1_VAW1_VSn1_VW2_VWB1_VFLRP0_WSGRA0_WSGRB0_WS64_WG64_4_1_WGM1",25319,6448491125451886,6448491125471556,0,10240,256,1,1,11264,2,1
"KERNEL_DISPATCH",1,1,234879,620,1047,"Cijk_Ailk_Bljk_DB_MT128x64x16_MI16x16x4x1_SN_1LDSB1_APM1_ABV0_ACED0_AF0EM1_AF1EM1_AMAS3_ASE_ASGT_ASLT1257_ASM_ASAE01_ASCE01_ASEM1_AAC0_BL1_BS1_CLR0_DTLA0_DTLB0_DTVA1_DTVB0_DVO0_ETB_EPS1_ELFLR0_EMLL0_FSSC10_FL0_GLVWA2_GLVWB2_GRCGA1_GRCGB1_GRPM1_GRVWn1_GSU1_GSUASB_GLS0_ISA942_IU1_K1_KLA_LBSPPA0_LBSPPB128_LPA0_LPB4_LDL1_LRVW2_LWPMn1_LDW0_FMA_MIAV1_MDA2_MO40_MMFSC_MKFGSU256_NTA0_NTB0_NTC3_NTD3_NEPBS4_NLCA1_NLCB1_ONLL1_OPLV0_PK0_PAP0_PGR2_PLR5_PKA0_SIA3_SLW1_SS1_SU0_SUM0_SUS0_SCIUI1_SPO0_SRVW0_SSO0_SVW2_SNLL0_TSGRA0_TSGRB0_TT2_64_TLDS1_UMLDSA0_UMLDSB1_U64SL1_USFGROn1_VAW1_VSn1_VW2_VWB1_VFLRP0_WSGRA0_WSGRB0_WS64_WG64_4_1_WGM1",25322,6448491125471556,6448491125480730,0,10240,256,1,1,11264,2,1
"KERNEL_DISPATCH",1,1,234879,621,1399,"void rocblas_trtri_trsm_kernel<128, 16, 8, double, double const*, double*>(rocblas_fill_, rocblas_diagonal_, double const*, long, int, long, double*, long, long, int)",25326,6448491125480730,6448491125508934,0,8192,256,1,1,4096,1,1
"KERNEL_DISPATCH",1,1,234879,622,1443,"void rocblas_trtri_fill<128, double, double*>(_rocblas_handle*, rocblas_fill_, int, long, int, long, double*, long, long, int, int)",25331,6448491125508934,6448491125512419,0,0,128,1,1,32512,1,1
"KERNEL_DISPATCH",1,1,234879,623,997,"Cijk_Ailk_Bljk_DB_MT64x32x16_MI16x16x4x1_SN_1LDSB1_APM1_ABV0_ACED0_AF0EM2_AF1EM2_AMAS0_ASE_ASGT_ASLT_ASM_ASAE01_ASCE01_ASEM2_AAC0_BL1_BS1_CLR0_DTLA0_DTLB0_DTVA1_DTVB0_DVO0_ETSP_EPS1_ELFLR0_EMLL0_FSSC10_FL0_GLVWA1_GLVWB1_GRCGA1_GRCGB1_GRPM1_GRVW1_GSU1_GSUASB_GLS0_ISA942_IU1_K1_KLA_LBSPPA0_LBSPPB128_LPA0_LPB4_LDL1_LRVW2_LWPMn1_LDW0_FMA_MIAV1_MDA2_MO40_MMFSC_MKFGSU256_NTA0_NTB0_NTC3_NTD3_NEPBS0_NLCA1_NLCB1_ONLL1_OPLV0_PK0_PAP0_PGR2_PLR5_PKA0_SIA3_SLW1_SS1_SU0_SUM0_SUS0_SCIUI1_SPO1_SRVW0_SSO6_SVW1_SNLL0_TSGRA0_TSGRB0_TT1_32_TLDS1_UMLDSA0_UMLDSB1_U64SL1_USFGROn1_VAW1_VSn1_VW1_VWB1_VFLRP0_WSGRA0_WSGRB0_WS64_WG64_4_1_WGM12",25335,6448491125512419,6448491125518388,0,5120,256,1,1,256,1,4
"KERNEL_DISPATCH",1,1,234879,624,997,"Cijk_Ailk_Bljk_DB_MT64x32x16_MI16x16x4x1_SN_1LDSB1_APM1_ABV0_ACED0_AF0EM2_AF1EM2_AMAS0_ASE_ASGT_ASLT_ASM_ASAE01_ASCE01_ASEM2_AAC0_BL1_BS1_CLR0_DTLA0_DTLB0_DTVA1_DTVB0_DVO0_ETSP_EPS1_ELFLR0_EMLL0_FSSC10_FL0_GLVWA1_GLVWB1_GRCGA1_GRCGB1_GRPM1_GRVW1_GSU1_GSUASB_GLS0_ISA942_IU1_K1_KLA_LBSPPA0_LBSPPB128_LPA0_LPB4_LDL1_LRVW2_LWPMn1_LDW0_FMA_MIAV1_MDA2_MO40_MMFSC_MKFGSU256_NTA0_NTB0_NTC3_NTD3_NEPBS0_NLCA1_NLCB1_ONLL1_OPLV0_PK0_PAP0_PGR2_PLR5_PKA0_SIA3_SLW1_SS1_SU0_SUM0_SUS0_SCIUI1_SPO1_SRVW0_SSO6_SVW1_SNLL0_TSGRA0_TSGRB0_TT1_32_TLDS1_UMLDSA0_UMLDSB1_U64SL1_USFGROn1_VAW1_VSn1_VW1_VWB1_VFLRP0_WSGRA0_WSGRB0_WS64_WG64_4_1_WGM12",25338,6448491125528564,6448491125532650,0,5120,256,1,1,256,1,4
"KERNEL_DISPATCH",1,1,234879,625,997,"Cijk_Ailk_Bljk_DB_MT64x32x16_MI16x16x4x1_SN_1LDSB1_APM1_ABV0_ACED0_AF0EM2_AF1EM2_AMAS0_ASE_ASGT_ASLT_ASM_ASAE01_ASCE01_ASEM2_AAC0_BL1_BS1_CLR0_DTLA0_DTLB0_DTVA1_DTVB0_DVO0_ETSP_EPS1_ELFLR0_EMLL0_FSSC10_FL0_GLVWA1_GLVWB1_GRCGA1_GRCGB1_GRPM1_GRVW1_GSU1_GSUASB_GLS0_ISA942_IU1_K1_KLA_LBSPPA0_LBSPPB128_LPA0_LPB4_LDL1_LRVW2_LWPMn1_LDW0_FMA_MIAV1_MDA2_MO40_MMFSC_MKFGSU256_NTA0_NTB0_NTC3_NTD3_NEPBS0_NLCA1_NLCB1_ONLL1_OPLV0_PK0_PAP0_PGR2_PLR5_PKA0_SIA3_SLW1_SS1_SU0_SUM0_SUS0_SCIUI1_SPO1_SRVW0_SSO6_SVW1_SNLL0_TSGRA0_TSGRB0_TT1_32_TLDS1_UMLDSA0_UMLDSB1_U64SL1_USFGROn1_VAW1_VSn1_VW1_VWB1_VFLRP0_WSGRA0_WSGRB0_WS64_WG64_4_1_WGM12",25341,6448491125549994,6448491125555242,0,5120,256,1,1,256,1,4
"KERNEL_DISPATCH",1,1,234879,626,997,"Cijk_Ailk_Bljk_DB_MT64x32x16_MI16x16x4x1_SN_1LDSB1_APM1_ABV0_ACED0_AF0EM2_AF1EM2_AMAS0_ASE_ASGT_ASLT_ASM_ASAE01_ASCE01_ASEM2_AAC0_BL1_BS1_CLR0_DTLA0_DTLB0_DTVA1_DTVB0_DVO0_ETSP_EPS1_ELFLR0_EMLL0_FSSC10_FL0_GLVWA1_GLVWB1_GRCGA1_GRCGB1_GRPM1_GRVW1_GSU1_GSUASB_GLS0_ISA942_IU1_K1_KLA_LBSPPA0_LBSPPB128_LPA0_LPB4_LDL1_LRVW2_LWPMn1_LDW0_FMA_MIAV1_MDA2_MO40_MMFSC_MKFGSU256_NTA0_NTB0_NTC3_NTD3_NEPBS0_NLCA1_NLCB1_ONLL1_OPLV0_PK0_PAP0_PGR2_PLR5_PKA0_SIA3_SLW1_SS1_SU0_SUM0_SUS0_SCIUI1_SPO1_SRVW0_SSO6_SVW1_SNLL0_TSGRA0_TSGRB0_TT1_32_TLDS1_UMLDSA0_UMLDSB1_U64SL1_USFGROn1_VAW1_VSn1_VW1_VWB1_VFLRP0_WSGRA0_WSGRB0_WS64_WG64_4_1_WGM12",25344,6448491125567704,6448491125572351,0,5120,256,1,1,256,1,4
"KERNEL_DISPATCH",1,1,234879,627,970,"Cijk_Ailk_Bljk_DB_MT64x64x32_MI16x16x4x1_SN_1LDSB1_APM1_ABV0_ACED0_AF0EM2_AF1EM2_AMAS0_ASE_ASGT_ASLT_ASM_ASAE01_ASCE01_ASEM2_AAC0_BL1_BS1_CLR0_DTLA0_DTLB0_DTVA0_DTVB0_DVO0_ETSP_EPS1_ELFLR0_EMLL0_FSSC10_FL0_GLVWA1_GLVWB1_GRCGA1_GRCGB1_GRPM1_GRVW1_GSU1_GSUASB_GLS0_ISA942_IU1_K1_KLA_LBSPPA0_LBSPPB0_LPA0_LPB1_LDL1_LRVW1_LWPMn1_LDW0_FMA_MIAV1_MDA2_MO40_MMFSC_MKFGSU256_NTA0_NTB0_NTC3_NTD3_NEPBS0_NLCA1_NLCB1_ONLL1_OPLV0_PK0_PAP0_PGR2_PLR9_PKA0_SIA3_SLW1_SS1_SU0_SUM0_SUS0_SCIUI1_SPO1_SRVW0_SSO6_SVW1_SNLL0_TSGRA0_TSGRB0_TT2_32_TLDS0_UMLDSA0_UMLDSB0_U64SL1_USFGROn1_VAW1_VSn1_VW1_VWB1_VFLRP0_WSGRA0_WSGRB0_WS64_WG32_8_1_WGM6",25347,6448491125584449,6448491125591701,0,33024,256,1,1,256,1,4
"KERNEL_DISPATCH",1,1,234879,628,970,"Cijk_Ailk_Bljk_DB_MT64x64x32_MI16x16x4x1_SN_1LDSB1_APM1_ABV0_ACED0_AF0EM2_AF1EM2_AMAS0_ASE_ASGT_ASLT_ASM_ASAE01_ASCE01_ASEM2_AAC0_BL1_BS1_CLR0_DTLA0_DTLB0_DTVA0_DTVB0_DVO0_ETSP_EPS1_ELFLR0_EMLL0_FSSC10_FL0_GLVWA1_GLVWB1_GRCGA1_GRCGB1_GRPM1_GRVW1_GSU1_GSUASB_GLS0_ISA942_IU1_K1_KLA_LBSPPA0_LBSPPB0_LPA0_LPB1_LDL1_LRVW1_LWPMn1_LDW0_FMA_MIAV1_MDA2_MO40_MMFSC_MKFGSU256_NTA0_NTB0_NTC3_NTD3_NEPBS0_NLCA1_NLCB1_ONLL1_OPLV0_PK0_PAP0_PGR2_PLR9_PKA0_SIA3_SLW1_SS1_SU0_SUM0_SUS0_SCIUI1_SPO1_SRVW0_SSO6_SVW1_SNLL0_TSGRA0_TSGRB0_TT2_32_TLDS0_UMLDSA0_UMLDSB0_U64SL1_USFGROn1_VAW1_VSn1_VW1_VWB1_VFLRP0_WSGRA0_WSGRB0_WS64_WG32_8_1_WGM6",25350,6448491125599059,6448491125605349,0,33024,256,1,1,256,1,4
"KERNEL_DISPATCH",1,1,234879,629,1471,"void rocblas_copy_matrix_trsm<128, 8, double, double*, double*>(int, int, int, double*, int, long, double*, int, long, long, long, int)",25354,6448491125613494,6448491125623469,0,0,128,8,1,128,5632,1
"KERNEL_DISPATCH",1,1,234879,630,861,"Cijk_Ailk_Bljk_DB_MT256x32x16_MI16x16x4x1_SN_1LDSB1_APM1_ABV0_ACED0_AF0EM1_AF1EM1_AMAS3_ASE_ASGT_ASLT0257_ASM_ASAE01_ASCE01_ASEM1_AAC0_BL1_BS1_CLR0_DTLA0_DTLB0_DTVA1_DTVB0_DVO0_ETB_EPS1_ELFLR0_EMLL0_FSSC10_FL0_GLVWA2_GLVWB2_GRCGA1_GRCGB1_GRPM1_GRVWn1_GSU1_GSUASB_GLS0_ISA942_IU1_K1_KLA_LBSPPA0_LBSPPB128_LPA0_LPB2_LDL1_LRVW1_LWPMn1_LDW0_FMA_MIAV1_MDA2_MO40_MMFSC_MKFGSU256_NTA0_NTB0_NTC3_NTD3_NEPBS4_NLCA2_NLCB1_ONLL1_OPLV0_PK0_PAP0_PGR2_PLR1_PKA0_SIA3_SLW1_SS1_SU0_SUM0_SUS0_SCIUI1_SPO0_SRVW0_SSO0_SVW2_SNLL0_TSGRA0_TSGRB0_TT4_32_TLDS1_UMLDSA0_UMLDSB1_U64SL1_USFGROn1_VAW1_VSn1_VW2_VWB1_VFLRP0_WSGRA0_WSGRB0_WS64_WG64_4_1_WGM1",25358,6448491125633685,6448491125646064,0,4608,256,1,1,256,176,1
"KERNEL_DISPATCH",1,1,234879,631,861,"Cijk_Ailk_Bljk_DB_MT256x32x16_MI16x16x4x1_SN_1LDSB1_APM1_ABV0_ACED0_AF0EM1_AF1EM1_AMAS3_ASE_ASGT_ASLT0257_ASM_ASAE01_ASCE01_ASEM1_AAC0_BL1_BS1_CLR0_DTLA0_DTLB0_DTVA1_DTVB0_DVO0_ETB_EPS1_ELFLR0_EMLL0_FSSC10_FL0_GLVWA2_GLVWB2_GRCGA1_GRCGB1_GRPM1_GRVWn1_GSU1_GSUASB_GLS0_ISA942_IU1_K1_KLA_LBSPPA0_LBSPPB128_LPA0_LPB2_LDL1_LRVW1_LWPMn1_LDW0_FMA_MIAV1_MDA2_MO40_MMFSC_MKFGSU256_NTA0_NTB0_NTC3_NTD3_NEPBS4_NLCA2_NLCB1_ONLL1_OPLV0_PK0_PAP0_PGR2_PLR1_PKA0_SIA3_SLW1_SS1_SU0_SUM0_SUS0_SCIUI1_SPO0_SRVW0_SSO0_SVW2_SNLL0_TSGRA0_TSGRB0_TT4_32_TLDS1_UMLDSA0_UMLDSB1_U64SL1_USFGROn1_VAW1_VSn1_VW2_VWB1_VFLRP0_WSGRA0_WSGRB0_WS64_WG64_4_1_WGM1",25361,6448491125651312,6448491125666816,0,4608,256,1,1,256,176,1
"KERNEL_DISPATCH",1,1,234879,632,861,"Cijk_Ailk_Bljk_DB_MT256x32x16_MI16x16x4x1_SN_1LDSB1_APM1_ABV0_ACED0_AF0EM1_AF1EM1_AMAS3_ASE_ASGT_ASLT0257_ASM_ASAE01_ASCE01_ASEM1_AAC0_BL1_BS1_CLR0_DTLA0_DTLB0_DTVA1_DTVB0_DVO0_ETB_EPS1_ELFLR0_EMLL0_FSSC10_FL0_GLVWA2_GLVWB2_GRCGA1_GRCGB1_GRPM1_GRVWn1_GSU1_GSUASB_GLS0_ISA942_IU1_K1_KLA_LBSPPA0_LBSPPB128_LPA0_LPB2_LDL1_LRVW1_LWPMn1_LDW0_FMA_MIAV1_MDA2_MO40_MMFSC_MKFGSU256_NTA0_NTB0_NTC3_NTD3_NEPBS4_NLCA2_NLCB1_ONLL1_OPLV0_PK0_PAP0_PGR2_PLR1_PKA0_SIA3_SLW1_SS1_SU0_SUM0_SUS0_SCIUI1_SPO0_SRVW0_SSO0_SVW2_SNLL0_TSGRA0_TSGRB0_TT4_32_TLDS1_UMLDSA0_UMLDSB1_U64SL1_USFGROn1_VAW1_VSn1_VW2_VWB1_VFLRP0_WSGRA0_WSGRB0_WS64_WG64_4_1_WGM1",25364,6448491125666816,6448491125678674,0,4608,256,1,1,256,176,1
"KERNEL_DISPATCH",1,1,234879,633,861,"Cijk_Ailk_Bljk_DB_MT256x32x16_MI16x16x4x1_SN_1LDSB1_APM1_ABV0_ACED0_AF0EM1_AF1EM1_AMAS3_ASE_ASGT_ASLT0257_ASM_ASAE01_ASCE01_ASEM1_AAC0_BL1_BS1_CLR0_DTLA0_DTLB0_DTVA1_DTVB0_DVO0_ETB_EPS1_ELFLR0_EMLL0_FSSC10_FL0_GLVWA2_GLVWB2_GRCGA1_GRCGB1_GRPM1_GRVWn1_GSU1_GSUASB_GLS0_ISA942_IU1_K1_KLA_LBSPPA0_LBSPPB128_LPA0_LPB2_LDL1_LRVW1_LWPMn1_LDW0_FMA_MIAV1_MDA2_MO40_MMFSC_MKFGSU256_NTA0_NTB0_NTC3_NTD3_NEPBS4_NLCA2_NLCB1_ONLL1_OPLV0_PK0_PAP0_PGR2_PLR1_PKA0_SIA3_SLW1_SS1_SU0_SUM0_SUS0_SCIUI1_SPO0_SRVW0_SSO0_SVW2_SNLL0_TSGRA0_TSGRB0_TT4_32_TLDS1_UMLDSA0_UMLDSB1_U64SL1_USFGROn1_VAW1_VSn1_VW2_VWB1_VFLRP0_WSGRA0_WSGRB0_WS64_WG64_4_1_WGM1",25367,6448491125681426,6448491125701136,0,4608,256,1,1,256,176,1
"KERNEL_DISPATCH",1,1,234879,634,861,"Cijk_Ailk_Bljk_DB_MT256x32x16_MI16x16x4x1_SN_1LDSB1_APM1_ABV0_ACED0_AF0EM1_AF1EM1_AMAS3_ASE_ASGT_ASLT0257_ASM_ASAE01_ASCE01_ASEM1_AAC0_BL1_BS1_CLR0_DTLA0_DTLB0_DTVA1_DTVB0_DVO0_ETB_EPS1_ELFLR0_EMLL0_FSSC10_FL0_GLVWA2_GLVWB2_GRCGA1_GRCGB1_GRPM1_GRVWn1_GSU1_GSUASB_GLS0_ISA942_IU1_K1_KLA_LBSPPA0_LBSPPB128_LPA0_LPB2_LDL1_LRVW1_LWPMn1_LDW0_FMA_MIAV1_MDA2_MO40_MMFSC_MKFGSU256_NTA0_NTB0_NTC3_NTD3_NEPBS4_NLCA2_NLCB1_ONLL1_OPLV0_PK0_PAP0_PGR2_PLR1_PKA0_SIA3_SLW1_SS1_SU0_SUM0_SUS0_SCIUI1_SPO0_SRVW0_SSO0_SVW2_SNLL0_TSGRA0_TSGRB0_TT4_32_TLDS1_UMLDSA0_UMLDSB1_U64SL1_USFGROn1_VAW1_VSn1_VW2_VWB1_VFLRP0_WSGRA0_WSGRB0_WS64_WG64_4_1_WGM1",25370,6448491125703472,6448491125714849,0,4608,256,1,1,256,176,1
"KERNEL_DISPATCH",1,1,234879,635,1213,"Cijk_Ailk_Bljk_DB_MT128x32x16_MI16x16x4x1_SN_1LDSB1_APM1_ABV0_ACED0_AF0EM1_AF1EM1_AMAS3_ASE_ASGT_ASLT_ASM_ASAE01_ASCE01_ASEM1_AAC0_BL1_BS1_CLR0_DTLA0_DTLB0_DTVA0_DTVB0_DVO0_ETSP_EPS1_ELFLR0_EMLL0_FSSC10_FL0_GLVWA2_GLVWB2_GRCGA1_GRCGB1_GRPM1_GRVWn1_GSU1_GSUASB_GLS0_ISA942_IU1_K1_KLA_LBSPPA0_LBSPPB128_LPA0_LPB4_LDL1_LRVW2_LWPMn1_LDW0_FMA_MIAV1_MDA2_MO40_MMFSC_MKFGSU256_NTA0_NTB0_NTC4_NTD4_NEPBS4_NLCA1_NLCB1_ONLL1_OPLV0_PK0_PAP0_PGR2_PLR5_PKA0_SIA3_SLW1_SS1_SU0_SUM0_SUS0_SCIUI1_SPO1_SRVW0_SSO4_SVW2_SNLL0_TSGRA0_TSGRB0_TT2_32_TLDS1_UMLDSA0_UMLDSB1_U64SL1_USFGROn1_VAW1_VSn1_VW2_VWB1_VFLRP0_WSGRA0_WSGRB0_WS64_WG64_4_1_WGM36",25373,6448491125723383,6448491125745977,0,21504,256,1,1,256,176,1
"KERNEL_DISPATCH",1,1,234879,636,861,"Cijk_Ailk_Bljk_DB_MT256x32x16_MI16x16x4x1_SN_1LDSB1_APM1_ABV0_ACED0_AF0EM1_AF1EM1_AMAS3_ASE_ASGT_ASLT0257_ASM_ASAE01_ASCE01_ASEM1_AAC0_BL1_BS1_CLR0_DTLA0_DTLB0_DTVA1_DTVB0_DVO0_ETB_EPS1_ELFLR0_EMLL0_FSSC10_FL0_GLVWA2_GLVWB2_GRCGA1_GRCGB1_GRPM1_GRVWn1_GSU1_GSUASB_GLS0_ISA942_IU1_K1_KLA_LBSPPA0_LBSPPB128_LPA0_LPB2_LDL1_LRVW1_LWPMn1_LDW0_FMA_MIAV1_MDA2_MO40_MMFSC_MKFGSU256_NTA0_NTB0_NTC3_NTD3_NEPBS4_NLCA2_NLCB1_ONLL1_OPLV0_PK0_PAP0_PGR2_PLR1_PKA0_SIA3_SLW1_SS1_SU0_SUM0_SUS0_SCIUI1_SPO0_SRVW0_SSO0_SVW2_SNLL0_TSGRA0_TSGRB0_TT4_32_TLDS1_UMLDSA0_UMLDSB1_U64SL1_USFGROn1_VAW1_VSn1_VW2_VWB1_VFLRP0_WSGRA0_WSGRB0_WS64_WG64_4_1_WGM1",25376,6448491125745977,6448491125759558,0,4608,256,1,1,256,176,1
"KERNEL_DISPATCH",1,1,234879,637,1174,"Cijk_Ailk_Bljk_DB_MT128x96x16_MI16x16x4x1_SN_1LDSB1_APM1_ABV0_ACED0_AF0EM1_AF1EM1_AMAS3_ASE_ASGT_ASLT_ASM_ASAE01_ASCE01_ASEM1_AAC0_BL1_BS1_CLR0_DTLA0_DTLB0_DTVA1_DTVB0_DVO0_ETSP_EPS1_ELFLR0_EMLL0_FSSC10_FL0_GLVWA2_GLVWB2_GRCGA1_GRCGB1_GRPM1_GRVWn1_GSU1_GSUASB_GLS0_ISA942_IU1_K1_KLA_LBSPPA0_LBSPPB256_LPA0_LPB2_LDL1_LRVW1_LWPMn1_LDW0_FMA_MIAV0_MDA2_MO40_MMFSC_MKFGSU256_NTA0_NTB0_NTC4_NTD4_NEPBS4_NLCA1_NLCB1_ONLL1_OPLV0_PK0_PAP0_PGR2_PLR1_PKA0_SIA3_SLW1_SS1_SU8_SUM0_SUS256_SCIUI1_SPO1_SRVW0_SSO4_SVW2_SNLL0_TSGRA0_TSGRB0_TT2_96_TLDS1_UMLDSA0_UMLDSB1_U64SL1_USFGROn1_VAW1_VSn1_VW2_VWB2_VFLRP0_WSGRA0_WSGRB0_WS64_WG64_4_1_WGM36",25379,6448491125759558,6448491126632126,0,13056,256,1,1,11264,59,1
"KERNEL_DISPATCH",1,1,234879,638,68,"void rocsolver::v32802::getf2_npvt_small_kernel<16, double, int, int, double*>(int, double*, long, int, long, int*, int, int)",25382,6448491126632126,6448491126644906,0,136,512,1,1,512,1,1
"KERNEL_DISPATCH",1,1,234879,639,185,"void rocsolver::v32802::unit_forward_substitution_kernel<double, int, double*>(int, int, double*, int, int, long, long, double*, int, int, long, long)",25387,6448491126644906,6448491126655722,0,512,16,64,1,16,512,1
"KERNEL_DISPATCH",1,1,234879,640,904,"Cijk_Ailk_Bljk_DB_MT64x32x32_MI16x16x4x1_SN_1LDSB1_APM1_ABV0_ACED0_AF0EM2_AF1EM2_AMAS3_ASE_ASGT_ASLT_ASM_ASAE01_ASCE01_ASEM2_AAC0_BL1_BS1_CLR0_DTLA0_DTLB0_DTVA0_DTVB0_DVO0_ETSP_EPS1_ELFLR0_EMLL0_FSSC10_FL0_GLVWA2_GLVWB2_GRCGA1_GRCGB1_GRPM1_GRVW2_GSU1_GSUASB_GLS0_ISA942_IU1_K1_KLA_LBSPPA0_LBSPPB256_LPA0_LPB4_LDL1_LRVW2_LWPMn1_LDW0_FMA_MIAV1_MDA2_MO40_MMFSC_MKFGSU256_NTA0_NTB0_NTC3_NTD3_NEPBS0_NLCA1_NLCB1_ONLL1_OPLV0_PK0_PAP0_PGR2_PLR9_PKA0_SIA3_SLW1_SS1_SU0_SUM0_SUS0_SCIUI1_SPO1_SRVW0_SSO6_SVW2_SNLL0_TSGRA0_TSGRB0_TT2_16_TLDS1_UMLDSA0_UMLDSB1_U64SL1_USFGROn1_VAW1_VSn1_VW2_VWB1_VFLRP0_WSGRA0_WSGRB0_WS64_WG32_8_1_WGM6",25390,6448491126655722,6448491126661651,0,25600,256,1,1,2048,16,1
"KERNEL_DISPATCH",1,1,234879,641,68,"void rocsolver::v32802::getf2_npvt_small_kernel<16, double, int, int, double*>(int, double*, long, int, long, int*, int, int)",25393,6448491126661651,6448491126671546,0,136,496,1,1,496,1,1
"KERNEL_DISPATCH",1,1,234879,642,185,"void rocsolver::v32802::unit_forward_substitution_kernel<double, int, double*>(int, int, double*, int, int, long, long, double*, int, int, long, long)",25398,6448491126671546,6448491126681281,0,512,16,64,1,16,512,1
"KERNEL_DISPATCH",1,1,234879,643,904,"Cijk_Ailk_Bljk_DB_MT64x32x32_MI16x16x4x1_SN_1LDSB1_APM1_ABV0_ACED0_AF0EM2_AF1EM2_AMAS3_ASE_ASGT_ASLT_ASM_ASAE01_ASCE01_ASEM2_AAC0_BL1_BS1_CLR0_DTLA0_DTLB0_DTVA0_DTVB0_DVO0_ETSP_EPS1_ELFLR0_EMLL0_FSSC10_FL0_GLVWA2_GLVWB2_GRCGA1_GRCGB1_GRPM1_GRVW2_GSU1_GSUASB_GLS0_ISA942_IU1_K1_KLA_LBSPPA0_LBSPPB256_LPA0_LPB4_LDL1_LRVW2_LWPMn1_LDW0_FMA_MIAV1_MDA2_MO40_MMFSC_MKFGSU256_NTA0_NTB0_NTC3_NTD3_NEPBS0_NLCA1_NLCB1_ONLL1_OPLV0_PK0_PAP0_PGR2_PLR9_PKA0_SIA3_SLW1_SS1_SU0_SUM0_SUS0_SCIUI1_SPO1_SRVW0_SSO6_SVW2_SNLL0_TSGRA0_TSGRB0_TT2_16_TLDS1_UMLDSA0_UMLDSB1_U64SL1_USFGROn1_VAW1_VSn1_VW2_VWB1_VFLRP0_WSGRA0_WSGRB0_WS64_WG32_8_1_WGM6",25401,6448491126681281,6448491126686129,0,25600,256,1,1,2048,15,1
"KERNEL_DISPATCH",1,1,234879,644,68,"void rocsolver::v32802::getf2_npvt_small_kernel<16, double, int, int, double*>(int, double*, long, int, long, int*, int, int)",25404,6448491126686129,6448491126696144,0,136,480,1,1,480,1,1
"KERNEL_DISPATCH",1,1,234879,645,185,"void rocsolver::v32802::unit_forward_substitution_kernel<double, int, double*>(int, int, double*, int, int, long, long, double*, int, int, long, long)",25409,6448491126696144,6448491126706039,0,512,16,64,1,16,512,1
"KERNEL_DISPATCH",1,1,234879,646,904,"Cijk_Ailk_Bljk_DB_MT64x32x32_MI16x16x4x1_SN_1LDSB1_APM1_ABV0_ACED0_AF0EM2_AF1EM2_AMAS3_ASE_ASGT_ASLT_ASM_ASAE01_ASCE01_ASEM2_AAC0_BL1_BS1_CLR0_DTLA0_DTLB0_DTVA0_DTVB0_DVO0_ETSP_EPS1_ELFLR0_EMLL0_FSSC10_FL0_GLVWA2_GLVWB2_GRCGA1_GRCGB1_GRPM1_GRVW2_GSU1_GSUASB_GLS0_ISA942_IU1_K1_KLA_LBSPPA0_LBSPPB256_LPA0_LPB4_LDL1_LRVW2_LWPMn1_LDW0_FMA_MIAV1_MDA2_MO40_MMFSC_MKFGSU256_NTA0_NTB0_NTC3_NTD3_NEPBS0_NLCA1_NLCB1_ONLL1_OPLV0_PK0_PAP0_PGR2_PLR9_PKA0_SIA3_SLW1_SS1_SU0_SUM0_SUS0_SCIUI1_SPO1_SRVW0_SSO6_SVW2_SNLL0_TSGRA0_TSGRB0_TT2_16_TLDS1_UMLDSA0_UMLDSB1_U64SL1_USFGROn1_VAW1_VSn1_VW2_VWB1_VFLRP0_WSGRA0_WSGRB0_WS64_WG32_8_1_WGM6",25412,6448491126706039,6448491126710446,0,25600,256,1,1,2048,15,1
"KERNEL_DISPATCH",1,1,234879,647,68,"void rocsolver::v32802::getf2_npvt_small_kernel<16, double, int, int, double*>(int, double*, long, int, long, int*, int, int)",25415,6448491126710446,6448491126719901,0,136,464,1,1,464,1,1
"KERNEL_DISPATCH",1,1,234879,648,185,"void rocsolver::v32802::unit_forward_substitution_kernel<double, int, double*>(int, int, double*, int, int, long, long, double*, int, int, long, long)",25420,6448491126719687,6448491126728861,0,512,16,64,1,16,448,1
"KERNEL_DISPATCH",1,1,234879,650,68,"void rocsolver::v32802::getf2_npvt_small_kernel<16, double, int, int, double*>(int, double*, long, int, long, int*, int, int)",25426,6448491126733161,6448491126742615,0,136,448,1,1,448,1,1
"KERNEL_DISPATCH",1,1,234879,649,904,"Cijk_Ailk_Bljk_DB_MT64x32x32_MI16x16x4x1_SN_1LDSB1_APM1_ABV0_ACED0_AF0EM2_AF1EM2_AMAS3_ASE_ASGT_ASLT_ASM_ASAE01_ASCE01_ASEM2_AAC0_BL1_BS1_CLR0_DTLA0_DTLB0_DTVA0_DTVB0_DVO0_ETSP_EPS1_ELFLR0_EMLL0_FSSC10_FL0_GLVWA2_GLVWB2_GRCGA1_GRCGB1_GRPM1_GRVW2_GSU1_GSUASB_GLS0_ISA942_IU1_K1_KLA_LBSPPA0_LBSPPB256_LPA0_LPB4_LDL1_LRVW2_LWPMn1_LDW0_FMA_MIAV1_MDA2_MO40_MMFSC_MKFGSU256_NTA0_NTB0_NTC3_NTD3_NEPBS0_NLCA1_NLCB1_ONLL1_OPLV0_PK0_PAP0_PGR2_PLR9_PKA0_SIA3_SLW1_SS1_SU0_SUM0_SUS0_SCIUI1_SPO1_SRVW0_SSO6_SVW2_SNLL0_TSGRA0_TSGRB0_TT2_16_TLDS1_UMLDSA0_UMLDSB1_U64SL1_USFGROn1_VAW1_VSn1_VW2_VWB1_VFLRP0_WSGRA0_WSGRB0_WS64_WG32_8_1_WGM6",25423,6448491126729075,6448491126733161,0,25600,256,1,1,1792,14,1
"KERNEL_DISPATCH",1,1,234879,656,68,"void rocsolver::v32802::getf2_npvt_small_kernel<16, double, int, int, double*>(int, double*, long, int, long, int*, int, int)",25448,6448491126779151,6448491126788406,0,136,416,1,1,416,1,1
"KERNEL_DISPATCH",1,1,234879,655,904,"Cijk_Ailk_Bljk_DB_MT64x32x32_MI16x16x4x1_SN_1LDSB1_APM1_ABV0_ACED0_AF0EM2_AF1EM2_AMAS3_ASE_ASGT_ASLT_ASM_ASAE01_ASCE01_ASEM2_AAC0_BL1_BS1_CLR0_DTLA0_DTLB0_DTVA0_DTVB0_DVO0_ETSP_EPS1_ELFLR0_EMLL0_FSSC10_FL0_GLVWA2_GLVWB2_GRCGA1_GRCGB1_GRPM1_GRVW2_GSU1_GSUASB_GLS0_ISA942_IU1_K1_KLA_LBSPPA0_LBSPPB256_LPA0_LPB4_LDL1_LRVW2_LWPMn1_LDW0_FMA_MIAV1_MDA2_MO40_MMFSC_MKFGSU256_NTA0_NTB0_NTC3_NTD3_NEPBS0_NLCA1_NLCB1_ONLL1_OPLV0_PK0_PAP0_PGR2_PLR9_PKA0_SIA3_SLW1_SS1_SU0_SUM0_SUS0_SCIUI1_SPO1_SRVW0_SSO6_SVW2_SNLL0_TSGRA0_TSGRB0_TT2_16_TLDS1_UMLDSA0_UMLDSB1_U64SL1_USFGROn1_VAW1_VSn1_VW2_VWB1_VFLRP0_WSGRA0_WSGRB0_WS64_WG32_8_1_WGM6",25445,6448491126775305,6448491126779151,0,25600,256,1,1,1792,13,1
"KERNEL_DISPATCH",1,1,234879,654,185,"void rocsolver::v32802::unit_forward_substitution_kernel<double, int, double*>(int, int, double*, int, int, long, long, double*, int, int, long, long)",25442,6448491126766212,6448491126775305,0,512,16,64,1,16,448,1
"KERNEL_DISPATCH",1,1,234879,653,68,"void rocsolver::v32802::getf2_npvt_small_kernel<16, double, int, int, double*>(int, double*, long, int, long, int*, int, int)",25437,6448491126757037,6448491126766212,0,136,432,1,1,432,1,1
"KERNEL_DISPATCH",1,1,234879,651,185,"void rocsolver::v32802::unit_forward_substitution_kernel<double, int, double*>(int, int, double*, int, int, long, long, double*, int, int, long, long)",25431,6448491126742615,6448491126752430,0,512,16,64,1,16,448,1
"KERNEL_DISPATCH",1,1,234879,652,904,"Cijk_Ailk_Bljk_DB_MT64x32x32_MI16x16x4x1_SN_1LDSB1_APM1_ABV0_ACED0_AF0EM2_AF1EM2_AMAS3_ASE_ASGT_ASLT_ASM_ASAE01_ASCE01_ASEM2_AAC0_BL1_BS1_CLR0_DTLA0_DTLB0_DTVA0_DTVB0_DVO0_ETSP_EPS1_ELFLR0_EMLL0_FSSC10_FL0_GLVWA2_GLVWB2_GRCGA1_GRCGB1_GRPM1_GRVW2_GSU1_GSUASB_GLS0_ISA942_IU1_K1_KLA_LBSPPA0_LBSPPB256_LPA0_LPB4_LDL1_LRVW2_LWPMn1_LDW0_FMA_MIAV1_MDA2_MO40_MMFSC_MKFGSU256_NTA0_NTB0_NTC3_NTD3_NEPBS0_NLCA1_NLCB1_ONLL1_OPLV0_PK0_PAP0_PGR2_PLR9_PKA0_SIA3_SLW1_SS1_SU0_SUM0_SUS0_SCIUI1_SPO1_SRVW0_SSO6_SVW2_SNLL0_TSGRA0_TSGRB0_TT2_16_TLDS1_UMLDSA0_UMLDSB1_U64SL1_USFGROn1_VAW1_VSn1_VW2_VWB1_VFLRP0_WSGRA0_WSGRB0_WS64_WG32_8_1_WGM6",25434,6448491126752430,6448491126757037,0,25600,256,1,1,1792,14,1
"KERNEL_DISPATCH",1,1,234879,660,185,"void rocsolver::v32802::unit_forward_substitution_kernel<double, int, double*>(int, int, double*, int, int, long, long, double*, int, int, long, long)",25464,6448491126811842,6448491126821456,0,512,16,64,1,16,384,1
"KERNEL_DISPATCH",1,1,234879,659,68,"void rocsolver::v32802::getf2_npvt_small_kernel<16, double, int, int, double*>(int, double*, long, int, long, int*, int, int)",25459,6448491126802267,6448491126811842,0,136,400,1,1,400,1,1
"KERNEL_DISPATCH",1,1,234879,658,904,"Cijk_Ailk_Bljk_DB_MT64x32x32_MI16x16x4x1_SN_1LDSB1_APM1_ABV0_ACED0_AF0EM2_AF1EM2_AMAS3_ASE_ASGT_ASLT_ASM_ASAE01_ASCE01_ASEM2_AAC0_BL1_BS1_CLR0_DTLA0_DTLB0_DTVA0_DTVB0_DVO0_ETSP_EPS1_ELFLR0_EMLL0_FSSC10_FL0_GLVWA2_GLVWB2_GRCGA1_GRCGB1_GRPM1_GRVW2_GSU1_GSUASB_GLS0_ISA942_IU1_K1_KLA_LBSPPA0_LBSPPB256_LPA0_LPB4_LDL1_LRVW2_LWPMn1_LDW0_FMA_MIAV1_MDA2_MO40_MMFSC_MKFGSU256_NTA0_NTB0_NTC3_NTD3_NEPBS0_NLCA1_NLCB1_ONLL1_OPLV0_PK0_PAP0_PGR2_PLR9_PKA0_SIA3_SLW1_SS1_SU0_SUM0_SUS0_SCIUI1_SPO1_SRVW0_SSO6_SVW2_SNLL0_TSGRA0_TSGRB0_TT2_16_TLDS1_UMLDSA0_UMLDSB1_U64SL1_USFGROn1_VAW1_VSn1_VW2_VWB1_VFLRP0_WSGRA0_WSGRB0_WS64_WG32_8_1_WGM6",25456,6448491126798341,6448491126802267,0,25600,256,1,1,1792,13,1
"KERNEL_DISPATCH",1,1,234879,666,185,"void rocsolver::v32802::unit_forward_substitution_kernel<double, int, double*>(int, int, double*, int, int, long, long, double*, int, int, long, long)",25486,6448491126864042,6448491126874297,0,512,16,64,1,16,384,1
"KERNEL_DISPATCH",1,1,234879,665,68,"void rocsolver::v32802::getf2_npvt_small_kernel<16, double, int, int, double*>(int, double*, long, int, long, int*, int, int)",25481,6448491126854146,6448491126864042,0,136,368,1,1,368,1,1
"KERNEL_DISPATCH",1,1,234879,662,68,"void rocsolver::v32802::getf2_npvt_small_kernel<16, double, int, int, double*>(int, double*, long, int, long, int*, int, int)",25470,6448491126825022,6448491126833915,0,136,384,1,1,384,1,1
"KERNEL_DISPATCH",1,1,234879,663,185,"void rocsolver::v32802::unit_forward_substitution_kernel<double, int, double*>(int, int, double*, int, int, long, long, double*, int, int, long, long)",25475,6448491126833915,6448491126843931,0,512,16,64,1,16,384,1
"KERNEL_DISPATCH",1,1,234879,661,904,"Cijk_Ailk_Bljk_DB_MT64x32x32_MI16x16x4x1_SN_1LDSB1_APM1_ABV0_ACED0_AF0EM2_AF1EM2_AMAS3_ASE_ASGT_ASLT_ASM_ASAE01_ASCE01_ASEM2_AAC0_BL1_BS1_CLR0_DTLA0_DTLB0_DTVA0_DTVB0_DVO0_ETSP_EPS1_ELFLR0_EMLL0_FSSC10_FL0_GLVWA2_GLVWB2_GRCGA1_GRCGB1_GRPM1_GRVW2_GSU1_GSUASB_GLS0_ISA942_IU1_K1_KLA_LBSPPA0_LBSPPB256_LPA0_LPB4_LDL1_LRVW2_LWPMn1_LDW0_FMA_MIAV1_MDA2_MO40_MMFSC_MKFGSU256_NTA0_NTB0_NTC3_NTD3_NEPBS0_NLCA1_NLCB1_ONLL1_OPLV0_PK0_PAP0_PGR2_PLR9_PKA0_SIA3_SLW1_SS1_SU0_SUM0_SUS0_SCIUI1_SPO1_SRVW0_SSO6_SVW2_SNLL0_TSGRA0_TSGRB0_TT2_16_TLDS1_UMLDSA0_UMLDSB1_U64SL1_USFGROn1_VAW1_VSn1_VW2_VWB1_VFLRP0_WSGRA0_WSGRB0_WS64_WG32_8_1_WGM6",25467,6448491126821456,6448491126825022,0,25600,256,1,1,1536,12,1
"KERNEL_DISPATCH",1,1,234879,664,820,"Cijk_Ailk_Bljk_DB_MT128x64x16_MI16x16x4x1_SN_1LDSB1_APM1_ABV0_ACED0_AF0EM2_AF1EM2_AMAS3_ASE_ASGT_ASLT_ASM_ASAE01_ASCE01_ASEM2_AAC0_BL1_BS1_CLR0_DTLA0_DTLB0_DTVA1_DTVB0_DVO0_ETSP_EPS1_ELFLR0_EMLL0_FSSC10_FL0_GLVWA2_GLVWB2_GRCGA1_GRCGB1_GRPM1_GRVW2_GSU1_GSUASB_GLS0_ISA942_IU1_K1_KLA_LBSPPA0_LBSPPB0_LPA0_LPB2_LDL1_LRVW1_LWPMn1_LDW0_FMA_MIAV1_MDA2_MO40_MMFSC_MKFGSU256_NTA0_NTB0_NTC3_NTD3_NEPBS4_NLCA1_NLCB1_ONLL1_OPLV0_PK0_PAP0_PGR2_PLR1_PKA0_SIA3_SLW1_SS1_SU0_SUM0_SUS0_SCIUI1_SPO1_SRVW0_SSO6_SVW2_SNLL0_TSGRA0_TSGRB0_TT2_64_TLDS0_UMLDSA0_UMLDSB0_U64SL1_USFGROn1_VAW1_VSn1_VW2_VWB1_VFLRP0_WSGRA0_WSGRB0_WS64_WG64_4_1_WGM12",25478,6448491126843931,6448491126854146,0,8448,256,1,1,768,6,1
"KERNEL_DISPATCH",1,1,234879,657,185,"void rocsolver::v32802::unit_forward_substitution_kernel<double, int, double*>(int, int, double*, int, int, long, long, double*, int, int, long, long)",25453,6448491126788406,6448491126798341,0,512,16,64,1,16,448,1
"KERNEL_DISPATCH",1,1,234879,668,68,"void rocsolver::v32802::getf2_npvt_small_kernel<16, double, int, int, double*>(int, double*, long, int, long, int*, int, int)",25492,6448491126882350,6448491126892365,0,136,352,1,1,352,1,1
"KERNEL_DISPATCH",1,1,234879,673,820,"Cijk_Ailk_Bljk_DB_MT128x64x16_MI16x16x4x1_SN_1LDSB1_APM1_ABV0_ACED0_AF0EM2_AF1EM2_AMAS3_ASE_ASGT_ASLT_ASM_ASAE01_ASCE01_ASEM2_AAC0_BL1_BS1_CLR0_DTLA0_DTLB0_DTVA1_DTVB0_DVO0_ETSP_EPS1_ELFLR0_EMLL0_FSSC10_FL0_GLVWA2_GLVWB2_GRCGA1_GRCGB1_GRPM1_GRVW2_GSU1_GSUASB_GLS0_ISA942_IU1_K1_KLA_LBSPPA0_LBSPPB0_LPA0_LPB2_LDL1_LRVW1_LWPMn1_LDW0_FMA_MIAV1_MDA2_MO40_MMFSC_MKFGSU256_NTA0_NTB0_NTC3_NTD3_NEPBS4_NLCA1_NLCB1_ONLL1_OPLV0_PK0_PAP0_PGR2_PLR1_PKA0_SIA3_SLW1_SS1_SU0_SUM0_SUS0_SCIUI1_SPO1_SRVW0_SSO6_SVW2_SNLL0_TSGRA0_TSGRB0_TT2_64_TLDS0_UMLDSA0_UMLDSB0_U64SL1_USFGROn1_VAW1_VSn1_VW2_VWB1_VFLRP0_WSGRA0_WSGRB0_WS64_WG64_4_1_WGM12",25511,6448491126936352,6448491126945526,0,8448,256,1,1,768,5,1
"KERNEL_DISPATCH",1,1,234879,672,185,"void rocsolver::v32802::unit_forward_substitution_kernel<double, int, double*>(int, int, double*, int, int, long, long, double*, int, int, long, long)",25508,6448491126920047,6448491126930223,0,512,16,64,1,16,320,1
"KERNEL_DISPATCH",1,1,234879,671,68,"void rocsolver::v32802::getf2_npvt_small_kernel<16, double, int, int, double*>(int, double*, long, int, long, int*, int, int)",25503,6448491126910313,6448491126920047,0,136,336,1,1,336,1,1
"KERNEL_DISPATCH",1,1,234879,670,820,"Cijk_Ailk_Bljk_DB_MT128x64x16_MI16x16x4x1_SN_1LDSB1_APM1_ABV0_ACED0_AF0EM2_AF1EM2_AMAS3_ASE_ASGT_ASLT_ASM_ASAE01_ASCE01_ASEM2_AAC0_BL1_BS1_CLR0_DTLA0_DTLB0_DTVA1_DTVB0_DVO0_ETSP_EPS1_ELFLR0_EMLL0_FSSC10_FL0_GLVWA2_GLVWB2_GRCGA1_GRCGB1_GRPM1_GRVW2_GSU1_GSUASB_GLS0_ISA942_IU1_K1_KLA_LBSPPA0_LBSPPB0_LPA0_LPB2_LDL1_LRVW1_LWPMn1_LDW0_FMA_MIAV1_MDA2_MO40_MMFSC_MKFGSU256_NTA0_NTB0_NTC3_NTD3_NEPBS4_NLCA1_NLCB1_ONLL1_OPLV0_PK0_PAP0_PGR2_PLR1_PKA0_SIA3_SLW1_SS1_SU0_SUM0_SUS0_SCIUI1_SPO1_SRVW0_SSO6_SVW2_SNLL0_TSGRA0_TSGRB0_TT2_64_TLDS0_UMLDSA0_UMLDSB0_U64SL1_USFGROn1_VAW1_VSn1_VW2_VWB1_VFLRP0_WSGRA0_WSGRB0_WS64_WG64_4_1_WGM12",25500,6448491126903021,6448491126910313,0,8448,256,1,1,768,6,1
"KERNEL_DISPATCH",1,1,234879,669,185,"void rocsolver::v32802::unit_forward_substitution_kernel<double, int, double*>(int, int, double*, int, int, long, long, double*, int, int, long, long)",25497,6448491126892365,6448491126903021,0,512,16,64,1,16,384,1
"KERNEL_DISPATCH",1,1,234879,667,820,"Cijk_Ailk_Bljk_DB_MT128x64x16_MI16x16x4x1_SN_1LDSB1_APM1_ABV0_ACED0_AF0EM2_AF1EM2_AMAS3_ASE_ASGT_ASLT_ASM_ASAE01_ASCE01_ASEM2_AAC0_BL1_BS1_CLR0_DTLA0_DTLB0_DTVA1_DTVB0_DVO0_ETSP_EPS1_ELFLR0_EMLL0_FSSC10_FL0_GLVWA2_GLVWB2_GRCGA1_GRCGB1_GRPM1_GRVW2_GSU1_GSUASB_GLS0_ISA942_IU1_K1_KLA_LBSPPA0_LBSPPB0_LPA0_LPB2_LDL1_LRVW1_LWPMn1_LDW0_FMA_MIAV1_MDA2_MO40_MMFSC_MKFGSU256_NTA0_NTB0_NTC3_NTD3_NEPBS4_NLCA1_NLCB1_ONLL1_OPLV0_PK0_PAP0_PGR2_PLR1_PKA0_SIA3_SLW1_SS1_SU0_SUM0_SUS0_SCIUI1_SPO1_SRVW0_SSO6_SVW2_SNLL0_TSGRA0_TSGRB0_TT2_64_TLDS0_UMLDSA0_UMLDSB0_U64SL1_USFGROn1_VAW1_VSn1_VW2_VWB1_VFLRP0_WSGRA0_WSGRB0_WS64_WG64_4_1_WGM12",25489,6448491126874297,6448491126882350,0,8448,256,1,1,768,6,1
"KERNEL_DISPATCH",1,1,234879,674,68,"void rocsolver::v32802::getf2_npvt_small_kernel<16, double, int, int, double*>(int, double*, long, int, long, int*, int, int)",25514,6448491126951255,6448491126961150,0,136,320,1,1,320,1,1
"KERNEL_DISPATCH",1,1,234879,676,820,"Cijk_Ailk_Bljk_DB_MT128x64x16_MI16x16x4x1_SN_1LDSB1_APM1_ABV0_ACED0_AF0EM2_AF1EM2_AMAS3_ASE_ASGT_ASLT_ASM_ASAE01_ASCE01_ASEM2_AAC0_BL1_BS1_CLR0_DTLA0_DTLB0_DTVA1_DTVB0_DVO0_ETSP_EPS1_ELFLR0_EMLL0_FSSC10_FL0_GLVWA2_GLVWB2_GRCGA1_GRCGB1_GRPM1_GRVW2_GSU1_GSUASB_GLS0_ISA942_IU1_K1_KLA_LBSPPA0_LBSPPB0_LPA0_LPB2_LDL1_LRVW1_LWPMn1_LDW0_FMA_MIAV1_MDA2_MO40_MMFSC_MKFGSU256_NTA0_NTB0_NTC3_NTD3_NEPBS4_NLCA1_NLCB1_ONLL1_OPLV0_PK0_PAP0_PGR2_PLR1_PKA0_SIA3_SLW1_SS1_SU0_SUM0_SUS0_SCIUI1_SPO1_SRVW0_SSO6_SVW2_SNLL0_TSGRA0_TSGRB0_TT2_64_TLDS0_UMLDSA0_UMLDSB0_U64SL1_USFGROn1_VAW1_VSn1_VW2_VWB1_VFLRP0_WSGRA0_WSGRB0_WS64_WG64_4_1_WGM12",25522,6448491126996565,6448491127004136,0,8448,256,1,1,768,5,1
"KERNEL_DISPATCH",1,1,234879,675,185,"void rocsolver::v32802::unit_forward_substitution_kernel<double, int, double*>(int, int, double*, int, int, long, long, double*, int, int, long, long)",25519,6448491126968762,6448491126979779,0,512,16,64,1,16,320,1
"KERNEL_DISPATCH",1,1,234879,677,68,"void rocsolver::v32802::getf2_npvt_small_kernel<16, double, int, int, double*>(int, double*, long, int, long, int*, int, int)",25525,6448491127014512,6448491127024528,0,136,304,1,1,304,1,1
"KERNEL_DISPATCH",1,1,234879,678,185,"void rocsolver::v32802::unit_forward_substitution_kernel<double, int, double*>(int, int, double*, int, int, long, long, double*, int, int, long, long)",25530,6448491127031538,6448491127042355,0,512,16,64,1,16,320,1
"KERNEL_DISPATCH",1,1,234879,679,820,"Cijk_Ailk_Bljk_DB_MT128x64x16_MI16x16x4x1_SN_1LDSB1_APM1_ABV0_ACED0_AF0EM2_AF1EM2_AMAS3_ASE_ASGT_ASLT_ASM_ASAE01_ASCE01_ASEM2_AAC0_BL1_BS1_CLR0_DTLA0_DTLB0_DTVA1_DTVB0_DVO0_ETSP_EPS1_ELFLR0_EMLL0_FSSC10_FL0_GLVWA2_GLVWB2_GRCGA1_GRCGB1_GRPM1_GRVW2_GSU1_GSUASB_GLS0_ISA942_IU1_K1_KLA_LBSPPA0_LBSPPB0_LPA0_LPB2_LDL1_LRVW1_LWPMn1_LDW0_FMA_MIAV1_MDA2_MO40_MMFSC_MKFGSU256_NTA0_NTB0_NTC3_NTD3_NEPBS4_NLCA1_NLCB1_ONLL1_OPLV0_PK0_PAP0_PGR2_PLR1_PKA0_SIA3_SLW1_SS1_SU0_SUM0_SUS0_SCIUI1_SPO1_SRVW0_SSO6_SVW2_SNLL0_TSGRA0_TSGRB0_TT2_64_TLDS0_UMLDSA0_UMLDSB0_U64SL1_USFGROn1_VAW1_VSn1_VW2_VWB1_VFLRP0_WSGRA0_WSGRB0_WS64_WG64_4_1_WGM12",25533,6448491127051336,6448491127058066,0,8448,256,1,1,768,5,1
"KERNEL_DISPATCH",1,1,234879,680,68,"void rocsolver::v32802::getf2_npvt_small_kernel<16, double, int, int, double*>(int, double*, long, int, long, int*, int, int)",25536,6448491127065230,6448491127075366,0,136,288,1,1,288,1,1
"KERNEL_DISPATCH",1,1,234879,681,185,"void rocsolver::v32802::unit_forward_substitution_kernel<double, int, double*>(int, int, double*, int, int, long, long, double*, int, int, long, long)",25541,6448491127084219,6448491127094395,0,512,16,64,1,16,320,1
"KERNEL_DISPATCH",1,1,234879,682,773,"Cijk_Ailk_Bljk_DB_MT64x64x16_MI16x16x4x1_SN_1LDSB1_APM1_ABV0_ACED0_AF0EM2_AF1EM2_AMAS3_ASE_ASGT_ASLT_ASM_ASAE01_ASCE01_ASEM2_AAC0_BL1_BS1_CLR0_DTLA0_DTLB0_DTVA0_DTVB0_DVO0_ETSP_EPS1_ELFLR0_EMLL0_FSSC10_FL0_GLVWA2_GLVWB2_GRCGA1_GRCGB1_GRPM1_GRVW2_GSU1_GSUASB_GLS0_ISA942_IU1_K1_KLA_LBSPPA0_LBSPPB128_LPA0_LPB2_LDL1_LRVW1_LWPMn1_LDW0_FMA_MIAV1_MDA2_MO40_MMFSC_MKFGSU256_NTA0_NTB0_NTC3_NTD3_NEPBS4_NLCA1_NLCB1_ONLL1_OPLV0_PK0_PAP0_PGR2_PLR5_PKA0_SIA3_SLW1_SS1_SU0_SUM0_SUS0_SCIUI1_SPO1_SRVW0_SSO6_SVW2_SNLL0_TSGRA0_TSGRB0_TT2_32_TLDS1_UMLDSA0_UMLDSB1_U64SL1_USFGROn1_VAW1_VSn1_VW2_VWB1_VFLRP0_WSGRA0_WSGRB0_WS64_WG32_8_1_WGM6",25544,6448491127103246,6448491127110136,0,17408,256,1,1,1280,5,1
"KERNEL_DISPATCH",1,1,234879,683,68,"void rocsolver::v32802::getf2_npvt_small_kernel<16, double, int, int, double*>(int, double*, long, int, long, int*, int, int)",25547,6448491127118592,6448491127128086,0,136,272,1,1,272,1,1
"KERNEL_DISPATCH",1,1,234879,684,185,"void rocsolver::v32802::unit_forward_substitution_kernel<double, int, double*>(int, int, double*, int, int, long, long, double*, int, int, long, long)",25552,6448491127144311,6448491127154888,0,512,16,64,1,16,256,1
"KERNEL_DISPATCH",1,1,234879,685,773,"Cijk_Ailk_Bljk_DB_MT64x64x16_MI16x16x4x1_SN_1LDSB1_APM1_ABV0_ACED0_AF0EM2_AF1EM2_AMAS3_ASE_ASGT_ASLT_ASM_ASAE01_ASCE01_ASEM2_AAC0_BL1_BS1_CLR0_DTLA0_DTLB0_DTVA0_DTVB0_DVO0_ETSP_EPS1_ELFLR0_EMLL0_FSSC10_FL0_GLVWA2_GLVWB2_GRCGA1_GRCGB1_GRPM1_GRVW2_GSU1_GSUASB_GLS0_ISA942_IU1_K1_KLA_LBSPPA0_LBSPPB128_LPA0_LPB2_LDL1_LRVW1_LWPMn1_LDW0_FMA_MIAV1_MDA2_MO40_MMFSC_MKFGSU256_NTA0_NTB0_NTC3_NTD3_NEPBS4_NLCA1_NLCB1_ONLL1_OPLV0_PK0_PAP0_PGR2_PLR5_PKA0_SIA3_SLW1_SS1_SU0_SUM0_SUS0_SCIUI1_SPO1_SRVW0_SSO6_SVW2_SNLL0_TSGRA0_TSGRB0_TT2_32_TLDS1_UMLDSA0_UMLDSB1_U64SL1_USFGROn1_VAW1_VSn1_VW2_VWB1_VFLRP0_WSGRA0_WSGRB0_WS64_WG32_8_1_WGM6",25555,6448491127163300,6448491127168508,0,17408,256,1,1,1024,4,1
"KERNEL_DISPATCH",1,1,234879,686,68,"void rocsolver::v32802::getf2_npvt_small_kernel<16, double, int, int, double*>(int, double*, long, int, long, int*, int, int)",25558,6448491127176641,6448491127185695,0,136,256,1,1,256,1,1
"KERNEL_DISPATCH",1,1,234879,687,185,"void rocsolver::v32802::unit_forward_substitution_kernel<double, int, double*>(int, int, double*, int, int, long, long, double*, int, int, long, long)",25563,6448491127187978,6448491127199195,0,512,16,64,1,16,256,1
"KERNEL_DISPATCH",1,1,234879,688,773,"Cijk_Ailk_Bljk_DB_MT64x64x16_MI16x16x4x1_SN_1LDSB1_APM1_ABV0_ACED0_AF0EM2_AF1EM2_AMAS3_ASE_ASGT_ASLT_ASM_ASAE01_ASCE01_ASEM2_AAC0_BL1_BS1_CLR0_DTLA0_DTLB0_DTVA0_DTVB0_DVO0_ETSP_EPS1_ELFLR0_EMLL0_FSSC10_FL0_GLVWA2_GLVWB2_GRCGA1_GRCGB1_GRPM1_GRVW2_GSU1_GSUASB_GLS0_ISA942_IU1_K1_KLA_LBSPPA0_LBSPPB128_LPA0_LPB2_LDL1_LRVW1_LWPMn1_LDW0_FMA_MIAV1_MDA2_MO40_MMFSC_MKFGSU256_NTA0_NTB0_NTC3_NTD3_NEPBS4_NLCA1_NLCB1_ONLL1_OPLV0_PK0_PAP0_PGR2_PLR5_PKA0_SIA3_SLW1_SS1_SU0_SUM0_SUS0_SCIUI1_SPO1_SRVW0_SSO6_SVW2_SNLL0_TSGRA0_TSGRB0_TT2_32_TLDS1_UMLDSA0_UMLDSB1_U64SL1_USFGROn1_VAW1_VSn1_VW2_VWB1_VFLRP0_WSGRA0_WSGRB0_WS64_WG32_8_1_WGM6",25566,6448491127208530,6448491127213858,0,17408,256,1,1,1024,4,1
"KERNEL_DISPATCH",1,1,234879,689,68,"void rocsolver::v32802::getf2_npvt_small_kernel<16, double, int, int, double*>(int, double*, long, int, long, int*, int, int)",25569,6448491127217824,6448491127227639,0,136,240,1,1,240,1,1
"KERNEL_DISPATCH",1,1,234879,690,185,"void rocsolver::v32802::unit_forward_substitution_kernel<double, int, double*>(int, int, double*, int, int, long, long, double*, int, int, long, long)",25574,6448491127231582,6448491127242118,0,512,16,64,1,16,256,1
"KERNEL_DISPATCH",1,1,234879,691,773,"Cijk_Ailk_Bljk_DB_MT64x64x16_MI16x16x4x1_SN_1LDSB1_APM1_ABV0_ACED0_AF0EM2_AF1EM2_AMAS3_ASE_ASGT_ASLT_ASM_ASAE01_ASCE01_ASEM2_AAC0_BL1_BS1_CLR0_DTLA0_DTLB0_DTVA0_DTVB0_DVO0_ETSP_EPS1_ELFLR0_EMLL0_FSSC10_FL0_GLVWA2_GLVWB2_GRCGA1_GRCGB1_GRPM1_GRVW2_GSU1_GSUASB_GLS0_ISA942_IU1_K1_KLA_LBSPPA0_LBSPPB128_LPA0_LPB2_LDL1_LRVW1_LWPMn1_LDW0_FMA_MIAV1_MDA2_MO40_MMFSC_MKFGSU256_NTA0_NTB0_NTC3_NTD3_NEPBS4_NLCA1_NLCB1_ONLL1_OPLV0_PK0_PAP0_PGR2_PLR5_PKA0_SIA3_SLW1_SS1_SU0_SUM0_SUS0_SCIUI1_SPO1_SRVW0_SSO6_SVW2_SNLL0_TSGRA0_TSGRB0_TT2_32_TLDS1_UMLDSA0_UMLDSB1_U64SL1_USFGROn1_VAW1_VSn1_VW2_VWB1_VFLRP0_WSGRA0_WSGRB0_WS64_WG32_8_1_WGM6",25577,6448491127249209,6448491127254497,0,17408,256,1,1,1024,4,1
"KERNEL_DISPATCH",1,1,234879,692,68,"void rocsolver::v32802::getf2_npvt_small_kernel<16, double, int, int, double*>(int, double*, long, int, long, int*, int, int)",25580,6448491127263975,6448491127272949,0,136,224,1,1,224,1,1
"KERNEL_DISPATCH",1,1,234879,693,185,"void rocsolver::v32802::unit_forward_substitution_kernel<double, int, double*>(int, int, double*, int, int, long, long, double*, int, int, long, long)",25585,6448491127276794,6448491127286930,0,512,16,64,1,16,256,1
"KERNEL_DISPATCH",1,1,234879,694,773,"Cijk_Ailk_Bljk_DB_MT64x64x16_MI16x16x4x1_SN_1LDSB1_APM1_ABV0_ACED0_AF0EM2_AF1EM2_AMAS3_ASE_ASGT_ASLT_ASM_ASAE01_ASCE01_ASEM2_AAC0_BL1_BS1_CLR0_DTLA0_DTLB0_DTVA0_DTVB0_DVO0_ETSP_EPS1_ELFLR0_EMLL0_FSSC10_FL0_GLVWA2_GLVWB2_GRCGA1_GRCGB1_GRPM1_GRVW2_GSU1_GSUASB_GLS0_ISA942_IU1_K1_KLA_LBSPPA0_LBSPPB128_LPA0_LPB2_LDL1_LRVW1_LWPMn1_LDW0_FMA_MIAV1_MDA2_MO40_MMFSC_MKFGSU256_NTA0_NTB0_NTC3_NTD3_NEPBS4_NLCA1_NLCB1_ONLL1_OPLV0_PK0_PAP0_PGR2_PLR5_PKA0_SIA3_SLW1_SS1_SU0_SUM0_SUS0_SCIUI1_SPO1_SRVW0_SSO6_SVW2_SNLL0_TSGRA0_TSGRB0_TT2_32_TLDS1_UMLDSA0_UMLDSB1_U64SL1_USFGROn1_VAW1_VSn1_VW2_VWB1_VFLRP0_WSGRA0_WSGRB0_WS64_WG32_8_1_WGM6",25588,6448491127298347,6448491127304076,0,17408,256,1,1,1024,4,1
"KERNEL_DISPATCH",1,1,234879,695,68,"void rocsolver::v32802::getf2_npvt_small_kernel<16, double, int, int, double*>(int, double*, long, int, long, int*, int, int)",25591,6448491127310606,6448491127319219,0,136,208,1,1,208,1,1
"KERNEL_DISPATCH",1,1,234879,696,185,"void rocsolver::v32802::unit_forward_substitution_kernel<double, int, double*>(int, int, double*, int, int, long, long, double*, int, int, long, long)",25596,6448491127321142,6448491127331038,0,512,16,64,1,16,192,1
"KERNEL_DISPATCH",1,1,234879,697,773,"Cijk_Ailk_Bljk_DB_MT64x64x16_MI16x16x4x1_SN_1LDSB1_APM1_ABV0_ACED0_AF0EM2_AF1EM2_AMAS3_ASE_ASGT_ASLT_ASM_ASAE01_ASCE01_ASEM2_AAC0_BL1_BS1_CLR0_DTLA0_DTLB0_DTVA0_DTVB0_DVO0_ETSP_EPS1_ELFLR0_EMLL0_FSSC10_FL0_GLVWA2_GLVWB2_GRCGA1_GRCGB1_GRPM1_GRVW2_GSU1_GSUASB_GLS0_ISA942_IU1_K1_KLA_LBSPPA0_LBSPPB128_LPA0_LPB2_LDL1_LRVW1_LWPMn1_LDW0_FMA_MIAV1_MDA2_MO40_MMFSC_MKFGSU256_NTA0_NTB0_NTC3_NTD3_NEPBS4_NLCA1_NLCB1_ONLL1_OPLV0_PK0_PAP0_PGR2_PLR5_PKA0_SIA3_SLW1_SS1_SU0_SUM0_SUS0_SCIUI1_SPO1_SRVW0_SSO6_SVW2_SNLL0_TSGRA0_TSGRB0_TT2_32_TLDS1_UMLDSA0_UMLDSB1_U64SL1_USFGROn1_VAW1_VSn1_VW2_VWB1_VFLRP0_WSGRA0_WSGRB0_WS64_WG32_8_1_WGM6",25599,6448491127346628,6448491127351516,0,17408,256,1,1,768,3,1
"KERNEL_DISPATCH",1,1,234879,698,68,"void rocsolver::v32802::getf2_npvt_small_kernel<16, double, int, int, double*>(int, double*, long, int, long, int*, int, int)",25602,6448491127359922,6448491127368455,0,136,192,1,1,192,1,1
"KERNEL_DISPATCH",1,1,234879,699,185,"void rocsolver::v32802::unit_forward_substitution_kernel<double, int, double*>(int, int, double*, int, int, long, long, double*, int, int, long, long)",25607,6448491127374985,6448491127384920,0,512,16,64,1,16,192,1
"KERNEL_DISPATCH",1,1,234879,700,977,"Cijk_Ailk_Bljk_DB_MT128x64x16_MI16x16x4x1_SN_1LDSB1_APM1_ABV0_ACED0_AF0EM2_AF1EM2_AMAS3_ASE_ASGT_ASLT_ASM_ASAE01_ASCE01_ASEM2_AAC0_BL1_BS1_CLR0_DTLA0_DTLB0_DTVA1_DTVB0_DVO0_ETSP_EPS1_ELFLR0_EMLL0_FSSC10_FL0_GLVWA2_GLVWB2_GRCGA1_GRCGB1_GRPM1_GRVW2_GSU1_GSUASB_GLS0_ISA942_IU1_K1_KLA_LBSPPA0_LBSPPB0_LPA0_LPB2_LDL1_LRVW1_LWPMn1_LDW0_FMA_MIAV1_MDA2_MO40_MMFSC_MKFGSU256_NTA0_NTB0_NTC3_NTD3_NEPBS4_NLCA1_NLCB1_ONLL1_OPLV0_PK0_PAP0_PGR2_PLR5_PKA0_SIA3_SLW1_SS1_SU0_SUM0_SUS0_SCIUI1_SPO1_SRVW0_SSO6_SVW2_SNLL0_TSGRA0_TSGRB0_TT2_64_TLDS0_UMLDSA0_UMLDSB0_U64SL1_USFGROn1_VAW1_VSn1_VW2_VWB1_VFLRP0_WSGRA0_WSGRB0_WS64_WG64_4_1_WGM6",25610,6448491127393654,6448491127404510,0,8448,256,1,1,512,3,1
"KERNEL_DISPATCH",1,1,234879,701,68,"void rocsolver::v32802::getf2_npvt_small_kernel<16, double, int, int, double*>(int, double*, long, int, long, int*, int, int)",25613,6448491127404510,6448491127413123,0,136,176,1,1,176,1,1
"KERNEL_DISPATCH",1,1,234879,703,977,"Cijk_Ailk_Bljk_DB_MT128x64x16_MI16x16x4x1_SN_1LDSB1_APM1_ABV0_ACED0_AF0EM2_AF1EM2_AMAS3_ASE_ASGT_ASLT_ASM_ASAE01_ASCE01_ASEM2_AAC0_BL1_BS1_CLR0_DTLA0_DTLB0_DTVA1_DTVB0_DVO0_ETSP_EPS1_ELFLR0_EMLL0_FSSC10_FL0_GLVWA2_GLVWB2_GRCGA1_GRCGB1_GRPM1_GRVW2_GSU1_GSUASB_GLS0_ISA942_IU1_K1_KLA_LBSPPA0_LBSPPB0_LPA0_LPB2_LDL1_LRVW1_LWPMn1_LDW0_FMA_MIAV1_MDA2_MO40_MMFSC_MKFGSU256_NTA0_NTB0_NTC3_NTD3_NEPBS4_NLCA1_NLCB1_ONLL1_OPLV0_PK0_PAP0_PGR2_PLR5_PKA0_SIA3_SLW1_SS1_SU0_SUM0_SUS0_SCIUI1_SPO1_SRVW0_SSO6_SVW2_SNLL0_TSGRA0_TSGRB0_TT2_64_TLDS0_UMLDSA0_UMLDSB0_U64SL1_USFGROn1_VAW1_VSn1_VW2_VWB1_VFLRP0_WSGRA0_WSGRB0_WS64_WG64_4_1_WGM6",25621,6448491127432992,6448491127441244,0,8448,256,1,1,512,3,1
"KERNEL_DISPATCH",1,1,234879,702,185,"void rocsolver::v32802::unit_forward_substitution_kernel<double, int, double*>(int, int, double*, int, int, long, long, double*, int, int, long, long)",25618,6448491127413123,6448491127422057,0,512,16,64,1,16,192,1
"KERNEL_DISPATCH",1,1,234879,704,68,"void rocsolver::v32802::getf2_npvt_small_kernel<16, double, int, int, double*>(int, double*, long, int, long, int*, int, int)",25624,6448491127445453,6448491127454827,0,136,160,1,1,160,1,1
"KERNEL_DISPATCH",1,1,234879,705,185,"void rocsolver::v32802::unit_forward_substitution_kernel<double, int, double*>(int, int, double*, int, int, long, long, double*, int, int, long, long)",25629,6448491127464001,6448491127474257,0,512,16,64,1,16,192,1
"KERNEL_DISPATCH",1,1,234879,706,817,"Cijk_Ailk_Bljk_DB_MT128x64x16_MI16x16x4x1_SN_1LDSB1_APM1_ABV0_ACED0_AF0EM2_AF1EM2_AMAS3_ASE_ASGT_ASLT_ASM_ASAE01_ASCE01_ASEM2_AAC0_BL1_BS1_CLR0_DTLA0_DTLB0_DTVA0_DTVB0_DVO0_ETSP_EPS1_ELFLR0_EMLL0_FSSC10_FL0_GLVWA2_GLVWB2_GRCGA1_GRCGB1_GRPM1_GRVW2_GSU1_GSUASB_GLS0_ISA942_IU1_K1_KLA_LBSPPA0_LBSPPB0_LPA0_LPB2_LDL1_LRVW1_LWPMn1_LDW0_FMA_MIAV1_MDA2_MO40_MMFSC_MKFGSU256_NTA0_NTB0_NTC3_NTD3_NEPBS0_NLCA1_NLCB1_ONLL1_OPLV0_PK0_PAP0_PGR2_PLR5_PKA0_SIA3_SLW1_SS1_SU0_SUM0_SUS0_SCIUI1_SPO1_SRVW0_SSO6_SVW2_SNLL0_TSGRA0_TSGRB0_TT2_64_TLDS0_UMLDSA0_UMLDSB0_U64SL1_USFGROn1_VAW1_VSn1_VW2_VWB1_VFLRP0_WSGRA0_WSGRB0_WS64_WG64_4_1_WGM6",25632,6448491127495490,6448491127505265,0,24832,256,1,1,512,3,1
"KERNEL_DISPATCH",1,1,234879,707,68,"void rocsolver::v32802::getf2_npvt_small_kernel<16, double, int, int, double*>(int, double*, long, int, long, int*, int, int)",25635,6448491127509658,6448491127518592,0,136,144,1,1,144,1,1
"KERNEL_DISPATCH",1,1,234879,708,185,"void rocsolver::v32802::unit_forward_substitution_kernel<double, int, double*>(int, int, double*, int, int, long, long, double*, int, int, long, long)",25640,6448491127526644,6448491127537421,0,512,16,64,1,16,128,1
"KERNEL_DISPATCH",1,1,234879,709,817,"Cijk_Ailk_Bljk_DB_MT128x64x16_MI16x16x4x1_SN_1LDSB1_APM1_ABV0_ACED0_AF0EM2_AF1EM2_AMAS3_ASE_ASGT_ASLT_ASM_ASAE01_ASCE01_ASEM2_AAC0_BL1_BS1_CLR0_DTLA0_DTLB0_DTVA0_DTVB0_DVO0_ETSP_EPS1_ELFLR0_EMLL0_FSSC10_FL0_GLVWA2_GLVWB2_GRCGA1_GRCGB1_GRPM1_GRVW2_GSU1_GSUASB_GLS0_ISA942_IU1_K1_KLA_LBSPPA0_LBSPPB0_LPA0_LPB2_LDL1_LRVW1_LWPMn1_LDW0_FMA_MIAV1_MDA2_MO40_MMFSC_MKFGSU256_NTA0_NTB0_NTC3_NTD3_NEPBS0_NLCA1_NLCB1_ONLL1_OPLV0_PK0_PAP0_PGR2_PLR5_PKA0_SIA3_SLW1_SS1_SU0_SUM0_SUS0_SCIUI1_SPO1_SRVW0_SSO6_SVW2_SNLL0_TSGRA0_TSGRB0_TT2_64_TLDS0_UMLDSA0_UMLDSB0_U64SL1_USFGROn1_VAW1_VSn1_VW2_VWB1_VFLRP0_WSGRA0_WSGRB0_WS64_WG64_4_1_WGM6",25643,6448491127545046,6448491127550935,0,24832,256,1,1,256,2,1
"KERNEL_DISPATCH",1,1,234879,710,68,"void rocsolver::v32802::getf2_npvt_small_kernel<16, double, int, int, double*>(int, double*, long, int, long, int*, int, int)",25646,6448491127557986,6448491127566078,0,136,128,1,1,128,1,1
"KERNEL_DISPATCH",1,1,234879,711,185,"void rocsolver::v32802::unit_forward_substitution_kernel<double, int, double*>(int, int, double*, int, int, long, long, double*, int, int, long, long)",25651,6448491127567768,6448491127577182,0,512,16,64,1,16,128,1
"KERNEL_DISPATCH",1,1,234879,712,1178,"Cijk_Ailk_Bljk_DB_MT128x64x16_MI16x16x4x1_SN_1LDSB1_APM1_ABV0_ACED0_AF0EM2_AF1EM2_AMAS3_ASE_ASGT_ASLT_ASM_ASAE01_ASCE01_ASEM2_AAC0_BL1_BS1_CLR0_DTLA0_DTLB0_DTVA0_DTVB0_DVO0_ETSP_EPS1_ELFLR0_EMLL0_FSSC10_FL0_GLVWA2_GLVWB2_GRCGA1_GRCGB1_GRPM1_GRVW2_GSU1_GSUASB_GLS0_ISA942_IU1_K1_KLA_LBSPPA0_LBSPPB0_LPA0_LPB2_LDL1_LRVW1_LWPMn1_LDW0_FMA_MIAV1_MDA2_MO40_MMFSC_MKFGSU256_NTA0_NTB0_NTC3_NTD3_NEPBS0_NLCA1_NLCB1_ONLL1_OPLV0_PK0_PAP0_PGR2_PLR1_PKA0_SIA3_SLW1_SS1_SU0_SUM0_SUS0_SCIUI1_SPO1_SRVW0_SSO6_SVW2_SNLL0_TSGRA0_TSGRB0_TT2_64_TLDS0_UMLDSA0_UMLDSB0_U64SL1_USFGROn1_VAW1_VSn1_VW2_VWB1_VFLRP0_WSGRA0_WSGRB0_WS64_WG64_4_1_WGM6",25654,6448491127594939,6448491127604874,0,24832,256,1,1,256,2,1
"KERNEL_DISPATCH",1,1,234879,713,68,"void rocsolver::v32802::getf2_npvt_small_kernel<16, double, int, int, double*>(int, double*, long, int, long, int*, int, int)",25657,6448491127607502,6448491127615634,0,136,112,1,1,112,1,1
"KERNEL_DISPATCH",1,1,234879,714,185,"void rocsolver::v32802::unit_forward_substitution_kernel<double, int, double*>(int, int, double*, int, int, long, long, double*, int, int, long, long)",25662,6448491127616543,6448491127626558,0,512,16,64,1,16,128,1
"KERNEL_DISPATCH",1,1,234879,715,999,"Cijk_Ailk_Bljk_DB_MT128x64x16_MI16x16x4x1_SN_1LDSB1_APM1_ABV0_ACED0_AF0EM2_AF1EM2_AMAS3_ASE_ASGT_ASLT_ASM_ASAE01_ASCE01_ASEM2_AAC0_BL1_BS1_CLR0_DTLA0_DTLB0_DTVA1_DTVB0_DVO0_ETSP_EPS1_ELFLR0_EMLL0_FSSC10_FL0_GLVWA2_GLVWB2_GRCGA1_GRCGB1_GRPM1_GRVW2_GSU1_GSUASB_GLS0_ISA942_IU1_K1_KLA_LBSPPA0_LBSPPB0_LPA0_LPB2_LDL1_LRVW1_LWPMn1_LDW0_FMA_MIAV1_MDA2_MO40_MMFSC_MKFGSU256_NTA0_NTB0_NTC3_NTD3_NEPBS0_NLCA1_NLCB1_ONLL1_OPLV0_PK0_PAP0_PGR2_PLR5_PKA0_SIA3_SLW1_SS1_SU0_SUM0_SUS0_SCIUI1_SPO1_SRVW0_SSO6_SVW2_SNLL0_TSGRA0_TSGRB0_TT2_64_TLDS0_UMLDSA0_UMLDSB0_U64SL1_USFGROn1_VAW1_VSn1_VW2_VWB1_VFLRP0_WSGRA0_WSGRB0_WS64_WG64_4_1_WGM12",25665,6448491127638817,6448491127648672,0,8448,256,1,1,256,2,1
"KERNEL_DISPATCH",1,1,234879,716,68,"void rocsolver::v32802::getf2_npvt_small_kernel<16, double, int, int, double*>(int, double*, long, int, long, int*, int, int)",25668,6448491127648862,6448491127656674,0,136,96,1,1,96,1,1
"KERNEL_DISPATCH",1,1,234879,717,185,"void rocsolver::v32802::unit_forward_substitution_kernel<double, int, double*>(int, int, double*, int, int, long, long, double*, int, int, long, long)",25673,6448491127662666,6448491127673322,0,512,16,64,1,16,128,1
"KERNEL_DISPATCH",1,1,234879,718,759,"Cijk_Ailk_Bljk_DB_MT64x64x16_MI16x16x4x1_SN_1LDSB1_APM1_ABV0_ACED0_AF0EM2_AF1EM2_AMAS3_ASE_ASGT_ASLT_ASM_ASAE01_ASCE01_ASEM2_AAC0_BL1_BS1_CLR0_DTLA0_DTLB0_DTVA0_DTVB0_DVO0_ETSP_EPS1_ELFLR0_EMLL0_FSSC10_FL0_GLVWA2_GLVWB2_GRCGA1_GRCGB1_GRPM1_GRVW2_GSU1_GSUASB_GLS0_ISA942_IU1_K1_KLA_LBSPPA0_LBSPPB0_LPA0_LPB2_LDL1_LRVW1_LWPMn1_LDW0_FMA_MIAV1_MDA2_MO40_MMFSC_MKFGSU256_NTA0_NTB0_NTC3_NTD3_NEPBS4_NLCA1_NLCB1_ONLL1_OPLV0_PK0_PAP0_PGR2_PLR5_PKA0_SIA3_SLW1_SS1_SU0_SUM0_SUS0_SCIUI1_SPO1_SRVW0_SSO6_SVW2_SNLL0_TSGRA0_TSGRB0_TT2_32_TLDS0_UMLDSA0_UMLDSB0_U64SL1_USFGROn1_VAW1_VSn1_VW2_VWB1_VFLRP0_WSGRA0_WSGRB0_WS64_WG32_8_1_WGM6",25676,6448491127682296,6448491127690829,0,16640,256,1,1,512,2,1
"KERNEL_DISPATCH",1,1,234879,719,68,"void rocsolver::v32802::getf2_npvt_small_kernel<16, double, int, int, double*>(int, double*, long, int, long, int*, int, int)",25679,6448491127695557,6448491127704010,0,136,80,1,1,80,1,1
"KERNEL_DISPATCH",1,1,234879,720,185,"void rocsolver::v32802::unit_forward_substitution_kernel<double, int, double*>(int, int, double*, int, int, long, long, double*, int, int, long, long)",25684,6448491127707014,6448491127717470,0,512,16,64,1,16,64,1
"KERNEL_DISPATCH",1,1,234879,721,814,"Cijk_Ailk_Bljk_DB_MT64x64x16_MI16x16x4x1_SN_1LDSB1_APM1_ABV0_ACED0_AF0EM2_AF1EM2_AMAS0_ASE_ASGT_ASLT_ASM_ASAE01_ASCE01_ASEM2_AAC0_BL1_BS1_CLR0_DTLA0_DTLB0_DTVA1_DTVB0_DVO0_ETSP_EPS1_ELFLR0_EMLL0_FSSC10_FL0_GLVWA1_GLVWB1_GRCGA1_GRCGB1_GRPM1_GRVW1_GSU1_GSUASB_GLS0_ISA942_IU1_K1_KLA_LBSPPA0_LBSPPB128_LPA0_LPB4_LDL1_LRVW2_LWPMn1_LDW0_FMA_MIAV1_MDA2_MO40_MMFSC_MKFGSU256_NTA0_NTB0_NTC3_NTD3_NEPBS0_NLCA1_NLCB1_ONLL1_OPLV0_PK0_PAP0_PGR2_PLR5_PKA0_SIA3_SLW1_SS1_SU0_SUM0_SUS0_SCIUI1_SPO1_SRVW0_SSO6_SVW1_SNLL0_TSGRA0_TSGRB0_TT1_64_TLDS1_UMLDSA0_UMLDSB1_U64SL1_USFGROn1_VAW1_VSn1_VW1_VWB1_VFLRP0_WSGRA0_WSGRB0_WS64_WG64_4_1_WGM6",25687,6448491127728848,6448491127736660,0,10240,256,1,1,256,1,1
"KERNEL_DISPATCH",1,1,234879,722,68,"void rocsolver::v32802::getf2_npvt_small_kernel<16, double, int, int, double*>(int, double*, long, int, long, int*, int, int)",25690,6448491127741235,6448491127750328,0,136,64,1,1,64,1,1
"KERNEL_DISPATCH",1,1,234879,723,185,"void rocsolver::v32802::unit_forward_substitution_kernel<double, int, double*>(int, int, double*, int, int, long, long, double*, int, int, long, long)",25695,6448491127757932,6448491127767146,0,512,16,64,1,16,64,1
"KERNEL_DISPATCH",1,1,234879,724,744,"Cijk_Ailk_Bljk_DB_MT64x64x16_MI16x16x4x1_SN_1LDSB1_APM1_ABV0_ACED0_AF0EM2_AF1EM2_AMAS3_ASE_ASGT_ASLT_ASM_ASAE01_ASCE01_ASEM2_AAC0_BL1_BS1_CLR0_DTLA0_DTLB0_DTVA0_DTVB0_DVO0_ETSP_EPS1_ELFLR0_EMLL0_FSSC10_FL0_GLVWA2_GLVWB2_GRCGA1_GRCGB1_GRPM1_GRVW2_GSU1_GSUASB_GLS0_ISA942_IU1_K1_KLA_LBSPPA0_LBSPPB128_LPA0_LPB4_LDL1_LRVW2_LWPMn1_LDW0_FMA_MIAV1_MDA2_MO40_MMFSC_MKFGSU256_NTA0_NTB0_NTC3_NTD3_NEPBS0_NLCA1_NLCB1_ONLL1_OPLV0_PK0_PAP0_PGR2_PLR5_PKA0_SIA3_SLW1_SS1_SU0_SUM0_SUS0_SCIUI1_SPO1_SRVW0_SSO6_SVW2_SNLL0_TSGRA0_TSGRB0_TT2_32_TLDS1_UMLDSA0_UMLDSB1_U64SL1_USFGROn1_VAW1_VSn1_VW2_VWB1_VFLRP0_WSGRA0_WSGRB0_WS64_WG32_8_1_WGM6",25698,6448491127777202,6448491127783732,0,18432,256,1,1,256,1,1
"KERNEL_DISPATCH",1,1,234879,725,68,"void rocsolver::v32802::getf2_npvt_small_kernel<16, double, int, int, double*>(int, double*, long, int, long, int*, int, int)",25701,6448491127788900,6448491127797032,0,136,48,1,1,48,1,1
"KERNEL_DISPATCH",1,1,234879,726,185,"void rocsolver::v32802::unit_forward_substitution_kernel<double, int, double*>(int, int, double*, int, int, long, long, double*, int, int, long, long)",25706,6448491127798622,6448491127806714,0,512,16,64,1,16,64,1
"KERNEL_DISPATCH",1,1,234879,727,754,"Cijk_Ailk_Bljk_DB_MT32x64x32_MI16x16x4x1_SN_1LDSB1_APM1_ABV0_ACED0_AF0EM2_AF1EM2_AMAS3_ASE_ASGT_ASLT_ASM_ASAE01_ASCE01_ASEM2_AAC0_BL1_BS1_CLR0_DTLA0_DTLB0_DTVA0_DTVB0_DVO0_ETSP_EPS1_ELFLR0_EMLL0_FSSC10_FL0_GLVWA2_GLVWB2_GRCGA1_GRCGB1_GRPM1_GRVW2_GSU1_GSUASB_GLS0_ISA942_IU1_K1_KLA_LBSPPA0_LBSPPB256_LPA0_LPB4_LDL1_LRVW2_LWPMn1_LDW0_FMA_MIAV1_MDA2_MO40_MMFSC_MKFGSU256_NTA0_NTB0_NTC3_NTD3_NEPBS0_NLCA1_NLCB1_ONLL1_OPLV0_PK0_PAP0_PGR2_PLR9_PKA0_SIA3_SLW1_SS1_SU0_SUM0_SUS0_SCIUI1_SPO1_SRVW0_SSO6_SVW2_SNLL0_TSGRA0_TSGRB0_TT2_16_TLDS1_UMLDSA0_UMLDSB1_U64SL1_USFGROn1_VAW1_VSn1_VW2_VWB1_VFLRP0_WSGRA0_WSGRB0_WS64_WG16_16_1_WGM6",25709,6448491127826397,6448491127830844,0,26624,256,1,1,256,1,1
"KERNEL_DISPATCH",1,1,234879,728,68,"void rocsolver::v32802::getf2_npvt_small_kernel<16, double, int, int, double*>(int, double*, long, int, long, int*, int, int)",25712,6448491127835291,6448491127843423,0,136,32,1,1,32,1,1
"KERNEL_DISPATCH",1,1,234879,729,185,"void rocsolver::v32802::unit_forward_substitution_kernel<double, int, double*>(int, int, double*, int, int, long, long, double*, int, int, long, long)",25717,6448491127846188,6448491127853919,0,512,16,64,1,16,64,1
"KERNEL_DISPATCH",1,1,234879,730,754,"Cijk_Ailk_Bljk_DB_MT32x64x32_MI16x16x4x1_SN_1LDSB1_APM1_ABV0_ACED0_AF0EM2_AF1EM2_AMAS3_ASE_ASGT_ASLT_ASM_ASAE01_ASCE01_ASEM2_AAC0_BL1_BS1_CLR0_DTLA0_DTLB0_DTVA0_DTVB0_DVO0_ETSP_EPS1_ELFLR0_EMLL0_FSSC10_FL0_GLVWA2_GLVWB2_GRCGA1_GRCGB1_GRPM1_GRVW2_GSU1_GSUASB_GLS0_ISA942_IU1_K1_KLA_LBSPPA0_LBSPPB256_LPA0_LPB4_LDL1_LRVW2_LWPMn1_LDW0_FMA_MIAV1_MDA2_MO40_MMFSC_MKFGSU256_NTA0_NTB0_NTC3_NTD3_NEPBS0_NLCA1_NLCB1_ONLL1_OPLV0_PK0_PAP0_PGR2_PLR9_PKA0_SIA3_SLW1_SS1_SU0_SUM0_SUS0_SCIUI1_SPO1_SRVW0_SSO6_SVW2_SNLL0_TSGRA0_TSGRB0_TT2_16_TLDS1_UMLDSA0_UMLDSB1_U64SL1_USFGROn1_VAW1_VSn1_VW2_VWB1_VFLRP0_WSGRA0_WSGRB0_WS64_WG16_16_1_WGM6",25720,6448491127867741,6448491127873029,0,26624,256,1,1,256,1,1
"KERNEL_DISPATCH",1,1,234879,731,68,"void rocsolver::v32802::getf2_npvt_small_kernel<16, double, int, int, double*>(int, double*, long, int, long, int*, int, int)",25723,6448491127877876,6448491127886770,0,136,16,1,1,16,1,1
"KERNEL_DISPATCH",1,1,234879,732,1399,"void rocblas_trtri_trsm_kernel<128, 16, 8, double, double const*, double*>(rocblas_fill_, rocblas_diagonal_, double const*, long, int, long, double*, long, long, int)",25727,6448491127888773,6448491127918899,0,8192,256,1,1,4096,1,1
"KERNEL_DISPATCH",1,1,234879,733,1443,"void rocblas_trtri_fill<128, double, double*>(_rocblas_handle*, rocblas_fill_, int, long, int, long, double*, long, long, int, int)",25732,6448491127918899,6448491127921864,0,0,128,1,1,32512,1,1
"KERNEL_DISPATCH",1,1,234879,734,997,"Cijk_Ailk_Bljk_DB_MT64x32x16_MI16x16x4x1_SN_1LDSB1_APM1_ABV0_ACED0_AF0EM2_AF1EM2_AMAS0_ASE_ASGT_ASLT_ASM_ASAE01_ASCE01_ASEM2_AAC0_BL1_BS1_CLR0_DTLA0_DTLB0_DTVA1_DTVB0_DVO0_ETSP_EPS1_ELFLR0_EMLL0_FSSC10_FL0_GLVWA1_GLVWB1_GRCGA1_GRCGB1_GRPM1_GRVW1_GSU1_GSUASB_GLS0_ISA942_IU1_K1_KLA_LBSPPA0_LBSPPB128_LPA0_LPB4_LDL1_LRVW2_LWPMn1_LDW0_FMA_MIAV1_MDA2_MO40_MMFSC_MKFGSU256_NTA0_NTB0_NTC3_NTD3_NEPBS0_NLCA1_NLCB1_ONLL1_OPLV0_PK0_PAP0_PGR2_PLR5_PKA0_SIA3_SLW1_SS1_SU0_SUM0_SUS0_SCIUI1_SPO1_SRVW0_SSO6_SVW1_SNLL0_TSGRA0_TSGRB0_TT1_32_TLDS1_UMLDSA0_UMLDSB1_U64SL1_USFGROn1_VAW1_VSn1_VW1_VWB1_VFLRP0_WSGRA0_WSGRB0_WS64_WG64_4_1_WGM12",25736,6448491127921864,6448491127928674,0,5120,256,1,1,256,1,4
"KERNEL_DISPATCH",1,1,234879,735,997,"Cijk_Ailk_Bljk_DB_MT64x32x16_MI16x16x4x1_SN_1LDSB1_APM1_ABV0_ACED0_AF0EM2_AF1EM2_AMAS0_ASE_ASGT_ASLT_ASM_ASAE01_ASCE01_ASEM2_AAC0_BL1_BS1_CLR0_DTLA0_DTLB0_DTVA1_DTVB0_DVO0_ETSP_EPS1_ELFLR0_EMLL0_FSSC10_FL0_GLVWA1_GLVWB1_GRCGA1_GRCGB1_GRPM1_GRVW1_GSU1_GSUASB_GLS0_ISA942_IU1_K1_KLA_LBSPPA0_LBSPPB128_LPA0_LPB4_LDL1_LRVW2_LWPMn1_LDW0_FMA_MIAV1_MDA2_MO40_MMFSC_MKFGSU256_NTA0_NTB0_NTC3_NTD3_NEPBS0_NLCA1_NLCB1_ONLL1_OPLV0_PK0_PAP0_PGR2_PLR5_PKA0_SIA3_SLW1_SS1_SU0_SUM0_SUS0_SCIUI1_SPO1_SRVW0_SSO6_SVW1_SNLL0_TSGRA0_TSGRB0_TT1_32_TLDS1_UMLDSA0_UMLDSB1_U64SL1_USFGROn1_VAW1_VSn1_VW1_VWB1_VFLRP0_WSGRA0_WSGRB0_WS64_WG64_4_1_WGM12",25739,6448491127936005,6448491127940773,0,5120,256,1,1,256,1,4
"KERNEL_DISPATCH",1,1,234879,736,997,"Cijk_Ailk_Bljk_DB_MT64x32x16_MI16x16x4x1_SN_1LDSB1_APM1_ABV0_ACED0_AF0EM2_AF1EM2_AMAS0_ASE_ASGT_ASLT_ASM_ASAE01_ASCE01_ASEM2_AAC0_BL1_BS1_CLR0_DTLA0_DTLB0_DTVA1_DTVB0_DVO0_ETSP_EPS1_ELFLR0_EMLL0_FSSC10_FL0_GLVWA1_GLVWB1_GRCGA1_GRCGB1_GRPM1_GRVW1_GSU1_GSUASB_GLS0_ISA942_IU1_K1_KLA_LBSPPA0_LBSPPB128_LPA0_LPB4_LDL1_LRVW2_LWPMn1_LDW0_FMA_MIAV1_MDA2_MO40_MMFSC_MKFGSU256_NTA0_NTB0_NTC3_NTD3_NEPBS0_NLCA1_NLCB1_ONLL1_OPLV0_PK0_PAP0_PGR2_PLR5_PKA0_SIA3_SLW1_SS1_SU0_SUM0_SUS0_SCIUI1_SPO1_SRVW0_SSO6_SVW1_SNLL0_TSGRA0_TSGRB0_TT1_32_TLDS1_UMLDSA0_UMLDSB1_U64SL1_USFGROn1_VAW1_VSn1_VW1_VWB1_VFLRP0_WSGRA0_WSGRB0_WS64_WG64_4_1_WGM12",25742,6448491127959097,6448491127964185,0,5120,256,1,1,256,1,4
"KERNEL_DISPATCH",1,1,234879,737,997,"Cijk_Ailk_Bljk_DB_MT64x32x16_MI16x16x4x1_SN_1LDSB1_APM1_ABV0_ACED0_AF0EM2_AF1EM2_AMAS0_ASE_ASGT_ASLT_ASM_ASAE01_ASCE01_ASEM2_AAC0_BL1_BS1_CLR0_DTLA0_DTLB0_DTVA1_DTVB0_DVO0_ETSP_EPS1_ELFLR0_EMLL0_FSSC10_FL0_GLVWA1_GLVWB1_GRCGA1_GRCGB1_GRPM1_GRVW1_GSU1_GSUASB_GLS0_ISA942_IU1_K1_KLA_LBSPPA0_LBSPPB128_LPA0_LPB4_LDL1_LRVW2_LWPMn1_LDW0_FMA_MIAV1_MDA2_MO40_MMFSC_MKFGSU256_NTA0_NTB0_NTC3_NTD3_NEPBS0_NLCA1_NLCB1_ONLL1_OPLV0_PK0_PAP0_PGR2_PLR5_PKA0_SIA3_SLW1_SS1_SU0_SUM0_SUS0_SCIUI1_SPO1_SRVW0_SSO6_SVW1_SNLL0_TSGRA0_TSGRB0_TT1_32_TLDS1_UMLDSA0_UMLDSB1_U64SL1_USFGROn1_VAW1_VSn1_VW1_VWB1_VFLRP0_WSGRA0_WSGRB0_WS64_WG64_4_1_WGM12",25745,6448491127973903,6448491127979191,0,5120,256,1,1,256,1,4
"KERNEL_DISPATCH",1,1,234879,738,970,"Cijk_Ailk_Bljk_DB_MT64x64x32_MI16x16x4x1_SN_1LDSB1_APM1_ABV0_ACED0_AF0EM2_AF1EM2_AMAS0_ASE_ASGT_ASLT_ASM_ASAE01_ASCE01_ASEM2_AAC0_BL1_BS1_CLR0_DTLA0_DTLB0_DTVA0_DTVB0_DVO0_ETSP_EPS1_ELFLR0_EMLL0_FSSC10_FL0_GLVWA1_GLVWB1_GRCGA1_GRCGB1_GRPM1_GRVW1_GSU1_GSUASB_GLS0_ISA942_IU1_K1_KLA_LBSPPA0_LBSPPB0_LPA0_LPB1_LDL1_LRVW1_LWPMn1_LDW0_FMA_MIAV1_MDA2_MO40_MMFSC_MKFGSU256_NTA0_NTB0_NTC3_NTD3_NEPBS0_NLCA1_NLCB1_ONLL1_OPLV0_PK0_PAP0_PGR2_PLR9_PKA0_SIA3_SLW1_SS1_SU0_SUM0_SUS0_SCIUI1_SPO1_SRVW0_SSO6_SVW1_SNLL0_TSGRA0_TSGRB0_TT2_32_TLDS0_UMLDSA0_UMLDSB0_U64SL1_USFGROn1_VAW1_VSn1_VW1_VWB1_VFLRP0_WSGRA0_WSGRB0_WS64_WG32_8_1_WGM6",25748,6448491127989968,6448491127998381,0,33024,256,1,1,256,1,4
"KERNEL_DISPATCH",1,1,234879,739,970,"Cijk_Ailk_Bljk_DB_MT64x64x32_MI16x16x4x1_SN_1LDSB1_APM1_ABV0_ACED0_AF0EM2_AF1EM2_AMAS0_ASE_ASGT_ASLT_ASM_ASAE01_ASCE01_ASEM2_AAC0_BL1_BS1_CLR0_DTLA0_DTLB0_DTVA0_DTVB0_DVO0_ETSP_EPS1_ELFLR0_EMLL0_FSSC10_FL0_GLVWA1_GLVWB1_GRCGA1_GRCGB1_GRPM1_GRVW1_GSU1_GSUASB_GLS0_ISA942_IU1_K1_KLA_LBSPPA0_LBSPPB0_LPA0_LPB1_LDL1_LRVW1_LWPMn1_LDW0_FMA_MIAV1_MDA2_MO40_MMFSC_MKFGSU256_NTA0_NTB0_NTC3_NTD3_NEPBS0_NLCA1_NLCB1_ONLL1_OPLV0_PK0_PAP0_PGR2_PLR9_PKA0_SIA3_SLW1_SS1_SU0_SUM0_SUS0_SCIUI1_SPO1_SRVW0_SSO6_SVW1_SNLL0_TSGRA0_TSGRB0_TT2_32_TLDS0_UMLDSA0_UMLDSB0_U64SL1_USFGROn1_VAW1_VSn1_VW1_VWB1_VFLRP0_WSGRA0_WSGRB0_WS64_WG32_8_1_WGM6",25751,6448491128015527,6448491128022658,0,33024,256,1,1,256,1,4
"KERNEL_DISPATCH",1,1,234879,740,1471,"void rocblas_copy_matrix_trsm<128, 8, double, double*, double*>(int, int, int, double*, int, long, double*, int, long, long, long, int)",25755,6448491128026504,6448491128032313,0,0,128,8,1,5120,128,1
"KERNEL_DISPATCH",1,1,234879,741,984,"Cijk_Ailk_Bljk_DB_MT128x64x16_MI16x16x4x1_SN_1LDSB1_APM1_ABV0_ACED0_AF0EM1_AF1EM1_AMAS3_ASE_ASGT_ASLT_ASM_ASAE01_ASCE01_ASEM1_AAC0_BL1_BS1_CLR0_DTLA0_DTLB0_DTVA0_DTVB0_DVO0_ETSP_EPS1_ELFLR0_EMLL0_FSSC10_FL0_GLVWA2_GLVWB2_GRCGA1_GRCGB1_GRPM1_GRVWn1_GSU1_GSUASB_GLS0_ISA942_IU1_K1_KLA_LBSPPA0_LBSPPB256_LPA0_LPB2_LDL1_LRVW1_LWPMn1_LDW0_FMA_MIAV1_MDA2_MO40_MMFSC_MKFGSU256_NTA0_NTB0_NTC4_NTD4_NEPBS4_NLCA1_NLCB1_ONLL1_OPLV0_PK0_PAP0_PGR2_PLR5_PKA0_SIA3_SLW1_SS1_SU8_SUM0_SUS256_SCIUI1_SPO1_SRVW0_SSO4_SVW2_SNLL0_TSGRA0_TSGRB0_TT2_64_TLDS1_UMLDSA0_UMLDSB1_U64SL1_USFGROn1_VAW1_VSn1_VW2_VWB2_VFLRP0_WSGRA0_WSGRB0_WS64_WG64_4_1_WGMn8",25759,6448491128049780,6448491128066005,0,25088,256,1,1,10240,2,1
"KERNEL_DISPATCH",1,1,234879,742,984,"Cijk_Ailk_Bljk_DB_MT128x64x16_MI16x16x4x1_SN_1LDSB1_APM1_ABV0_ACED0_AF0EM1_AF1EM1_AMAS3_ASE_ASGT_ASLT_ASM_ASAE01_ASCE01_ASEM1_AAC0_BL1_BS1_CLR0_DTLA0_DTLB0_DTVA0_DTVB0_DVO0_ETSP_EPS1_ELFLR0_EMLL0_FSSC10_FL0_GLVWA2_GLVWB2_GRCGA1_GRCGB1_GRPM1_GRVWn1_GSU1_GSUASB_GLS0_ISA942_IU1_K1_KLA_LBSPPA0_LBSPPB256_LPA0_LPB2_LDL1_LRVW1_LWPMn1_LDW0_FMA_MIAV1_MDA2_MO40_MMFSC_MKFGSU256_NTA0_NTB0_NTC4_NTD4_NEPBS4_NLCA1_NLCB1_ONLL1_OPLV0_PK0_PAP0_PGR2_PLR5_PKA0_SIA3_SLW1_SS1_SU8_SUM0_SUS256_SCIUI1_SPO1_SRVW0_SSO4_SVW2_SNLL0_TSGRA0_TSGRB0_TT2_64_TLDS1_UMLDSA0_UMLDSB1_U64SL1_USFGROn1_VAW1_VSn1_VW2_VWB2_VFLRP0_WSGRA0_WSGRB0_WS64_WG64_4_1_WGMn8",25762,6448491128065181,6448491128079963,0,25088,256,1,1,10240,2,1
"KERNEL_DISPATCH",1,1,234879,743,984,"Cijk_Ailk_Bljk_DB_MT128x64x16_MI16x16x4x1_SN_1LDSB1_APM1_ABV0_ACED0_AF0EM1_AF1EM1_AMAS3_ASE_ASGT_ASLT_ASM_ASAE01_ASCE01_ASEM1_AAC0_BL1_BS1_CLR0_DTLA0_DTLB0_DTVA0_DTVB0_DVO0_ETSP_EPS1_ELFLR0_EMLL0_FSSC10_FL0_GLVWA2_GLVWB2_GRCGA1_GRCGB1_GRPM1_GRVWn1_GSU1_GSUASB_GLS0_ISA942_IU1_K1_KLA_LBSPPA0_LBSPPB256_LPA0_LPB2_LDL1_LRVW1_LWPMn1_LDW0_FMA_MIAV1_MDA2_MO40_MMFSC_MKFGSU256_NTA0_NTB0_NTC4_NTD4_NEPBS4_NLCA1_NLCB1_ONLL1_OPLV0_PK0_PAP0_PGR2_PLR5_PKA0_SIA3_SLW1_SS1_SU8_SUM0_SUS256_SCIUI1_SPO1_SRVW0_SSO4_SVW2_SNLL0_TSGRA0_TSGRB0_TT2_64_TLDS1_UMLDSA0_UMLDSB1_U64SL1_USFGROn1_VAW1_VSn1_VW2_VWB2_VFLRP0_WSGRA0_WSGRB0_WS64_WG64_4_1_WGMn8",25765,6448491128080787,6448491128091083,0,25088,256,1,1,10240,2,1
"KERNEL_DISPATCH",1,1,234879,744,984,"Cijk_Ailk_Bljk_DB_MT128x64x16_MI16x16x4x1_SN_1LDSB1_APM1_ABV0_ACED0_AF0EM1_AF1EM1_AMAS3_ASE_ASGT_ASLT_ASM_ASAE01_ASCE01_ASEM1_AAC0_BL1_BS1_CLR0_DTLA0_DTLB0_DTVA0_DTVB0_DVO0_ETSP_EPS1_ELFLR0_EMLL0_FSSC10_FL0_GLVWA2_GLVWB2_GRCGA1_GRCGB1_GRPM1_GRVWn1_GSU1_GSUASB_GLS0_ISA942_IU1_K1_KLA_LBSPPA0_LBSPPB256_LPA0_LPB2_LDL1_LRVW1_LWPMn1_LDW0_FMA_MIAV1_MDA2_MO40_MMFSC_MKFGSU256_NTA0_NTB0_NTC4_NTD4_NEPBS4_NLCA1_NLCB1_ONLL1_OPLV0_PK0_PAP0_PGR2_PLR5_PKA0_SIA3_SLW1_SS1_SU8_SUM0_SUS256_SCIUI1_SPO1_SRVW0_SSO4_SVW2_SNLL0_TSGRA0_TSGRB0_TT2_64_TLDS1_UMLDSA0_UMLDSB1_U64SL1_USFGROn1_VAW1_VSn1_VW2_VWB2_VFLRP0_WSGRA0_WSGRB0_WS64_WG64_4_1_WGMn8",25768,6448491128098735,6448491128117764,0,25088,256,1,1,10240,2,1
"KERNEL_DISPATCH",1,1,234879,745,984,"Cijk_Ailk_Bljk_DB_MT128x64x16_MI16x16x4x1_SN_1LDSB1_APM1_ABV0_ACED0_AF0EM1_AF1EM1_AMAS3_ASE_ASGT_ASLT_ASM_ASAE01_ASCE01_ASEM1_AAC0_BL1_BS1_CLR0_DTLA0_DTLB0_DTVA0_DTVB0_DVO0_ETSP_EPS1_ELFLR0_EMLL0_FSSC10_FL0_GLVWA2_GLVWB2_GRCGA1_GRCGB1_GRPM1_GRVWn1_GSU1_GSUASB_GLS0_ISA942_IU1_K1_KLA_LBSPPA0_LBSPPB256_LPA0_LPB2_LDL1_LRVW1_LWPMn1_LDW0_FMA_MIAV1_MDA2_MO40_MMFSC_MKFGSU256_NTA0_NTB0_NTC4_NTD4_NEPBS4_NLCA1_NLCB1_ONLL1_OPLV0_PK0_PAP0_PGR2_PLR5_PKA0_SIA3_SLW1_SS1_SU8_SUM0_SUS256_SCIUI1_SPO1_SRVW0_SSO4_SVW2_SNLL0_TSGRA0_TSGRB0_TT2_64_TLDS1_UMLDSA0_UMLDSB1_U64SL1_USFGROn1_VAW1_VSn1_VW2_VWB2_VFLRP0_WSGRA0_WSGRB0_WS64_WG64_4_1_WGMn8",25771,6448491128117764,6448491128127379,0,25088,256,1,1,10240,2,1
"KERNEL_DISPATCH",1,1,234879,746,984,"Cijk_Ailk_Bljk_DB_MT128x64x16_MI16x16x4x1_SN_1LDSB1_APM1_ABV0_ACED0_AF0EM1_AF1EM1_AMAS3_ASE_ASGT_ASLT_ASM_ASAE01_ASCE01_ASEM1_AAC0_BL1_BS1_CLR0_DTLA0_DTLB0_DTVA0_DTVB0_DVO0_ETSP_EPS1_ELFLR0_EMLL0_FSSC10_FL0_GLVWA2_GLVWB2_GRCGA1_GRCGB1_GRPM1_GRVWn1_GSU1_GSUASB_GLS0_ISA942_IU1_K1_KLA_LBSPPA0_LBSPPB256_LPA0_LPB2_LDL1_LRVW1_LWPMn1_LDW0_FMA_MIAV1_MDA2_MO40_MMFSC_MKFGSU256_NTA0_NTB0_NTC4_NTD4_NEPBS4_NLCA1_NLCB1_ONLL1_OPLV0_PK0_PAP0_PGR2_PLR5_PKA0_SIA3_SLW1_SS1_SU8_SUM0_SUS256_SCIUI1_SPO1_SRVW0_SSO4_SVW2_SNLL0_TSGRA0_TSGRB0_TT2_64_TLDS1_UMLDSA0_UMLDSB1_U64SL1_USFGROn1_VAW1_VSn1_VW2_VWB2_VFLRP0_WSGRA0_WSGRB0_WS64_WG64_4_1_WGMn8",25774,6448491128129382,6448491128154220,0,25088,256,1,1,10240,2,1
"KERNEL_DISPATCH",1,1,234879,747,984,"Cijk_Ailk_Bljk_DB_MT128x64x16_MI16x16x4x1_SN_1LDSB1_APM1_ABV0_ACED0_AF0EM1_AF1EM1_AMAS3_ASE_ASGT_ASLT_ASM_ASAE01_ASCE01_ASEM1_AAC0_BL1_BS1_CLR0_DTLA0_DTLB0_DTVA0_DTVB0_DVO0_ETSP_EPS1_ELFLR0_EMLL0_FSSC10_FL0_GLVWA2_GLVWB2_GRCGA1_GRCGB1_GRPM1_GRVWn1_GSU1_GSUASB_GLS0_ISA942_IU1_K1_KLA_LBSPPA0_LBSPPB256_LPA0_LPB2_LDL1_LRVW1_LWPMn1_LDW0_FMA_MIAV1_MDA2_MO40_MMFSC_MKFGSU256_NTA0_NTB0_NTC4_NTD4_NEPBS4_NLCA1_NLCB1_ONLL1_OPLV0_PK0_PAP0_PGR2_PLR5_PKA0_SIA3_SLW1_SS1_SU8_SUM0_SUS256_SCIUI1_SPO1_SRVW0_SSO4_SVW2_SNLL0_TSGRA0_TSGRB0_TT2_64_TLDS1_UMLDSA0_UMLDSB1_U64SL1_USFGROn1_VAW1_VSn1_VW2_VWB2_VFLRP0_WSGRA0_WSGRB0_WS64_WG64_4_1_WGMn8",25777,6448491128154220,6448491128164956,0,25088,256,1,1,10240,2,1
"KERNEL_DISPATCH",1,1,234879,748,1399,"void rocblas_trtri_trsm_kernel<128, 16, 8, double, double const*, double*>(rocblas_fill_, rocblas_diagonal_, double const*, long, int, long, double*, long, long, int)",25781,6448491128164956,6448491128192919,0,8192,256,1,1,4096,1,1
"KERNEL_DISPATCH",1,1,234879,749,1443,"void rocblas_trtri_fill<128, double, double*>(_rocblas_handle*, rocblas_fill_, int, long, int, long, double*, long, long, int, int)",25786,6448491128192919,6448491128195283,0,0,128,1,1,32512,1,1
"KERNEL_DISPATCH",1,1,234879,750,997,"Cijk_Ailk_Bljk_DB_MT64x32x16_MI16x16x4x1_SN_1LDSB1_APM1_ABV0_ACED0_AF0EM2_AF1EM2_AMAS0_ASE_ASGT_ASLT_ASM_ASAE01_ASCE01_ASEM2_AAC0_BL1_BS1_CLR0_DTLA0_DTLB0_DTVA1_DTVB0_DVO0_ETSP_EPS1_ELFLR0_EMLL0_FSSC10_FL0_GLVWA1_GLVWB1_GRCGA1_GRCGB1_GRPM1_GRVW1_GSU1_GSUASB_GLS0_ISA942_IU1_K1_KLA_LBSPPA0_LBSPPB128_LPA0_LPB4_LDL1_LRVW2_LWPMn1_LDW0_FMA_MIAV1_MDA2_MO40_MMFSC_MKFGSU256_NTA0_NTB0_NTC3_NTD3_NEPBS0_NLCA1_NLCB1_ONLL1_OPLV0_PK0_PAP0_PGR2_PLR5_PKA0_SIA3_SLW1_SS1_SU0_SUM0_SUS0_SCIUI1_SPO1_SRVW0_SSO6_SVW1_SNLL0_TSGRA0_TSGRB0_TT1_32_TLDS1_UMLDSA0_UMLDSB1_U64SL1_USFGROn1_VAW1_VSn1_VW1_VWB1_VFLRP0_WSGRA0_WSGRB0_WS64_WG64_4_1_WGM12",25790,6448491128198488,6448491128205018,0,5120,256,1,1,256,1,4
"KERNEL_DISPATCH",1,1,234879,751,997,"Cijk_Ailk_Bljk_DB_MT64x32x16_MI16x16x4x1_SN_1LDSB1_APM1_ABV0_ACED0_AF0EM2_AF1EM2_AMAS0_ASE_ASGT_ASLT_ASM_ASAE01_ASCE01_ASEM2_AAC0_BL1_BS1_CLR0_DTLA0_DTLB0_DTVA1_DTVB0_DVO0_ETSP_EPS1_ELFLR0_EMLL0_FSSC10_FL0_GLVWA1_GLVWB1_GRCGA1_GRCGB1_GRPM1_GRVW1_GSU1_GSUASB_GLS0_ISA942_IU1_K1_KLA_LBSPPA0_LBSPPB128_LPA0_LPB4_LDL1_LRVW2_LWPMn1_LDW0_FMA_MIAV1_MDA2_MO40_MMFSC_MKFGSU256_NTA0_NTB0_NTC3_NTD3_NEPBS0_NLCA1_NLCB1_ONLL1_OPLV0_PK0_PAP0_PGR2_PLR5_PKA0_SIA3_SLW1_SS1_SU0_SUM0_SUS0_SCIUI1_SPO1_SRVW0_SSO6_SVW1_SNLL0_TSGRA0_TSGRB0_TT1_32_TLDS1_UMLDSA0_UMLDSB1_U64SL1_USFGROn1_VAW1_VSn1_VW1_VWB1_VFLRP0_WSGRA0_WSGRB0_WS64_WG64_4_1_WGM12",25793,6448491128218278,6448491128222925,0,5120,256,1,1,256,1,4
"KERNEL_DISPATCH",1,1,234879,752,997,"Cijk_Ailk_Bljk_DB_MT64x32x16_MI16x16x4x1_SN_1LDSB1_APM1_ABV0_ACED0_AF0EM2_AF1EM2_AMAS0_ASE_ASGT_ASLT_ASM_ASAE01_ASCE01_ASEM2_AAC0_BL1_BS1_CLR0_DTLA0_DTLB0_DTVA1_DTVB0_DVO0_ETSP_EPS1_ELFLR0_EMLL0_FSSC10_FL0_GLVWA1_GLVWB1_GRCGA1_GRCGB1_GRPM1_GRVW1_GSU1_GSUASB_GLS0_ISA942_IU1_K1_KLA_LBSPPA0_LBSPPB128_LPA0_LPB4_LDL1_LRVW2_LWPMn1_LDW0_FMA_MIAV1_MDA2_MO40_MMFSC_MKFGSU256_NTA0_NTB0_NTC3_NTD3_NEPBS0_NLCA1_NLCB1_ONLL1_OPLV0_PK0_PAP0_PGR2_PLR5_PKA0_SIA3_SLW1_SS1_SU0_SUM0_SUS0_SCIUI1_SPO1_SRVW0_SSO6_SVW1_SNLL0_TSGRA0_TSGRB0_TT1_32_TLDS1_UMLDSA0_UMLDSB1_U64SL1_USFGROn1_VAW1_VSn1_VW1_VWB1_VFLRP0_WSGRA0_WSGRB0_WS64_WG64_4_1_WGM12",25796,6448491128237147,6448491128241353,0,5120,256,1,1,256,1,4
"KERNEL_DISPATCH",1,1,234879,753,997,"Cijk_Ailk_Bljk_DB_MT64x32x16_MI16x16x4x1_SN_1LDSB1_APM1_ABV0_ACED0_AF0EM2_AF1EM2_AMAS0_ASE_ASGT_ASLT_ASM_ASAE01_ASCE01_ASEM2_AAC0_BL1_BS1_CLR0_DTLA0_DTLB0_DTVA1_DTVB0_DVO0_ETSP_EPS1_ELFLR0_EMLL0_FSSC10_FL0_GLVWA1_GLVWB1_GRCGA1_GRCGB1_GRPM1_GRVW1_GSU1_GSUASB_GLS0_ISA942_IU1_K1_KLA_LBSPPA0_LBSPPB128_LPA0_LPB4_LDL1_LRVW2_LWPMn1_LDW0_FMA_MIAV1_MDA2_MO40_MMFSC_MKFGSU256_NTA0_NTB0_NTC3_NTD3_NEPBS0_NLCA1_NLCB1_ONLL1_OPLV0_PK0_PAP0_PGR2_PLR5_PKA0_SIA3_SLW1_SS1_SU0_SUM0_SUS0_SCIUI1_SPO1_SRVW0_SSO6_SVW1_SNLL0_TSGRA0_TSGRB0_TT1_32_TLDS1_UMLDSA0_UMLDSB1_U64SL1_USFGROn1_VAW1_VSn1_VW1_VWB1_VFLRP0_WSGRA0_WSGRB0_WS64_WG64_4_1_WGM12",25799,6448491128255936,6448491128260743,0,5120,256,1,1,256,1,4
"KERNEL_DISPATCH",1,1,234879,754,970,"Cijk_Ailk_Bljk_DB_MT64x64x32_MI16x16x4x1_SN_1LDSB1_APM1_ABV0_ACED0_AF0EM2_AF1EM2_AMAS0_ASE_ASGT_ASLT_ASM_ASAE01_ASCE01_ASEM2_AAC0_BL1_BS1_CLR0_DTLA0_DTLB0_DTVA0_DTVB0_DVO0_ETSP_EPS1_ELFLR0_EMLL0_FSSC10_FL0_GLVWA1_GLVWB1_GRCGA1_GRCGB1_GRPM1_GRVW1_GSU1_GSUASB_GLS0_ISA942_IU1_K1_KLA_LBSPPA0_LBSPPB0_LPA0_LPB1_LDL1_LRVW1_LWPMn1_LDW0_FMA_MIAV1_MDA2_MO40_MMFSC_MKFGSU256_NTA0_NTB0_NTC3_NTD3_NEPBS0_NLCA1_NLCB1_ONLL1_OPLV0_PK0_PAP0_PGR2_PLR9_PKA0_SIA3_SLW1_SS1_SU0_SUM0_SUS0_SCIUI1_SPO1_SRVW0_SSO6_SVW1_SNLL0_TSGRA0_TSGRB0_TT2_32_TLDS0_UMLDSA0_UMLDSB0_U64SL1_USFGROn1_VAW1_VSn1_VW1_VWB1_VFLRP0_WSGRA0_WSGRB0_WS64_WG32_8_1_WGM6",25802,6448491128272882,6448491128279612,0,33024,256,1,1,256,1,4
"KERNEL_DISPATCH",1,1,234879,755,970,"Cijk_Ailk_Bljk_DB_MT64x64x32_MI16x16x4x1_SN_1LDSB1_APM1_ABV0_ACED0_AF0EM2_AF1EM2_AMAS0_ASE_ASGT_ASLT_ASM_ASAE01_ASCE01_ASEM2_AAC0_BL1_BS1_CLR0_DTLA0_DTLB0_DTVA0_DTVB0_DVO0_ETSP_EPS1_ELFLR0_EMLL0_FSSC10_FL0_GLVWA1_GLVWB1_GRCGA1_GRCGB1_GRPM1_GRVW1_GSU1_GSUASB_GLS0_ISA942_IU1_K1_KLA_LBSPPA0_LBSPPB0_LPA0_LPB1_LDL1_LRVW1_LWPMn1_LDW0_FMA_MIAV1_MDA2_MO40_MMFSC_MKFGSU256_NTA0_NTB0_NTC3_NTD3_NEPBS0_NLCA1_NLCB1_ONLL1_OPLV0_PK0_PAP0_PGR2_PLR9_PKA0_SIA3_SLW1_SS1_SU0_SUM0_SUS0_SCIUI1_SPO1_SRVW0_SSO6_SVW1_SNLL0_TSGRA0_TSGRB0_TT2_32_TLDS0_UMLDSA0_UMLDSB0_U64SL1_USFGROn1_VAW1_VSn1_VW1_VWB1_VFLRP0_WSGRA0_WSGRB0_WS64_WG32_8_1_WGM6",25805,6448491128291470,6448491128298681,0,33024,256,1,1,256,1,4
"KERNEL_DISPATCH",1,1,234879,756,1471,"void rocblas_copy_matrix_trsm<128, 8, double, double*, double*>(int, int, int, double*, int, long, double*, int, long, long, long, int)",25809,6448491128306333,6448491128317991,0,0,128,8,1,128,5120,1
"KERNEL_DISPATCH",1,1,234879,757,1213,"Cijk_Ailk_Bljk_DB_MT128x32x16_MI16x16x4x1_SN_1LDSB1_APM1_ABV0_ACED0_AF0EM1_AF1EM1_AMAS3_ASE_ASGT_ASLT_ASM_ASAE01_ASCE01_ASEM1_AAC0_BL1_BS1_CLR0_DTLA0_DTLB0_DTVA0_DTVB0_DVO0_ETSP_EPS1_ELFLR0_EMLL0_FSSC10_FL0_GLVWA2_GLVWB2_GRCGA1_GRCGB1_GRPM1_GRVWn1_GSU1_GSUASB_GLS0_ISA942_IU1_K1_KLA_LBSPPA0_LBSPPB128_LPA0_LPB4_LDL1_LRVW2_LWPMn1_LDW0_FMA_MIAV1_MDA2_MO40_MMFSC_MKFGSU256_NTA0_NTB0_NTC4_NTD4_NEPBS4_NLCA1_NLCB1_ONLL1_OPLV0_PK0_PAP0_PGR2_PLR5_PKA0_SIA3_SLW1_SS1_SU0_SUM0_SUS0_SCIUI1_SPO1_SRVW0_SSO4_SVW2_SNLL0_TSGRA0_TSGRB0_TT2_32_TLDS1_UMLDSA0_UMLDSB1_U64SL1_USFGROn1_VAW1_VSn1_VW2_VWB1_VFLRP0_WSGRA0_WSGRB0_WS64_WG64_4_1_WGM36",25813,6448491128327966,6448491128338462,0,21504,256,1,1,256,160,1
"KERNEL_DISPATCH",1,1,234879,758,1213,"Cijk_Ailk_Bljk_DB_MT128x32x16_MI16x16x4x1_SN_1LDSB1_APM1_ABV0_ACED0_AF0EM1_AF1EM1_AMAS3_ASE_ASGT_ASLT_ASM_ASAE01_ASCE01_ASEM1_AAC0_BL1_BS1_CLR0_DTLA0_DTLB0_DTVA0_DTVB0_DVO0_ETSP_EPS1_ELFLR0_EMLL0_FSSC10_FL0_GLVWA2_GLVWB2_GRCGA1_GRCGB1_GRPM1_GRVWn1_GSU1_GSUASB_GLS0_ISA942_IU1_K1_KLA_LBSPPA0_LBSPPB128_LPA0_LPB4_LDL1_LRVW2_LWPMn1_LDW0_FMA_MIAV1_MDA2_MO40_MMFSC_MKFGSU256_NTA0_NTB0_NTC4_NTD4_NEPBS4_NLCA1_NLCB1_ONLL1_OPLV0_PK0_PAP0_PGR2_PLR5_PKA0_SIA3_SLW1_SS1_SU0_SUM0_SUS0_SCIUI1_SPO1_SRVW0_SSO4_SVW2_SNLL0_TSGRA0_TSGRB0_TT2_32_TLDS1_UMLDSA0_UMLDSB1_U64SL1_USFGROn1_VAW1_VSn1_VW2_VWB1_VFLRP0_WSGRA0_WSGRB0_WS64_WG64_4_1_WGM36",25816,6448491128346061,6448491128357238,0,21504,256,1,1,256,160,1
"KERNEL_DISPATCH",1,1,234879,759,1213,"Cijk_Ailk_Bljk_DB_MT128x32x16_MI16x16x4x1_SN_1LDSB1_APM1_ABV0_ACED0_AF0EM1_AF1EM1_AMAS3_ASE_ASGT_ASLT_ASM_ASAE01_ASCE01_ASEM1_AAC0_BL1_BS1_CLR0_DTLA0_DTLB0_DTVA0_DTVB0_DVO0_ETSP_EPS1_ELFLR0_EMLL0_FSSC10_FL0_GLVWA2_GLVWB2_GRCGA1_GRCGB1_GRPM1_GRVWn1_GSU1_GSUASB_GLS0_ISA942_IU1_K1_KLA_LBSPPA0_LBSPPB128_LPA0_LPB4_LDL1_LRVW2_LWPMn1_LDW0_FMA_MIAV1_MDA2_MO40_MMFSC_MKFGSU256_NTA0_NTB0_NTC4_NTD4_NEPBS4_NLCA1_NLCB1_ONLL1_OPLV0_PK0_PAP0_PGR2_PLR5_PKA0_SIA3_SLW1_SS1_SU0_SUM0_SUS0_SCIUI1_SPO1_SRVW0_SSO4_SVW2_SNLL0_TSGRA0_TSGRB0_TT2_32_TLDS1_UMLDSA0_UMLDSB1_U64SL1_USFGROn1_VAW1_VSn1_VW2_VWB1_VFLRP0_WSGRA0_WSGRB0_WS64_WG64_4_1_WGM36",25819,6448491128364102,6448491128373636,0,21504,256,1,1,256,160,1
"KERNEL_DISPATCH",1,1,234879,760,1213,"Cijk_Ailk_Bljk_DB_MT128x32x16_MI16x16x4x1_SN_1LDSB1_APM1_ABV0_ACED0_AF0EM1_AF1EM1_AMAS3_ASE_ASGT_ASLT_ASM_ASAE01_ASCE01_ASEM1_AAC0_BL1_BS1_CLR0_DTLA0_DTLB0_DTVA0_DTVB0_DVO0_ETSP_EPS1_ELFLR0_EMLL0_FSSC10_FL0_GLVWA2_GLVWB2_GRCGA1_GRCGB1_GRPM1_GRVWn1_GSU1_GSUASB_GLS0_ISA942_IU1_K1_KLA_LBSPPA0_LBSPPB128_LPA0_LPB4_LDL1_LRVW2_LWPMn1_LDW0_FMA_MIAV1_MDA2_MO40_MMFSC_MKFGSU256_NTA0_NTB0_NTC4_NTD4_NEPBS4_NLCA1_NLCB1_ONLL1_OPLV0_PK0_PAP0_PGR2_PLR5_PKA0_SIA3_SLW1_SS1_SU0_SUM0_SUS0_SCIUI1_SPO1_SRVW0_SSO4_SVW2_SNLL0_TSGRA0_TSGRB0_TT2_32_TLDS1_UMLDSA0_UMLDSB1_U64SL1_USFGROn1_VAW1_VSn1_VW2_VWB1_VFLRP0_WSGRA0_WSGRB0_WS64_WG64_4_1_WGM36",25822,6448491128382450,6448491128396071,0,21504,256,1,1,256,160,1
"KERNEL_DISPATCH",1,1,234879,761,1213,"Cijk_Ailk_Bljk_DB_MT128x32x16_MI16x16x4x1_SN_1LDSB1_APM1_ABV0_ACED0_AF0EM1_AF1EM1_AMAS3_ASE_ASGT_ASLT_ASM_ASAE01_ASCE01_ASEM1_AAC0_BL1_BS1_CLR0_DTLA0_DTLB0_DTVA0_DTVB0_DVO0_ETSP_EPS1_ELFLR0_EMLL0_FSSC10_FL0_GLVWA2_GLVWB2_GRCGA1_GRCGB1_GRPM1_GRVWn1_GSU1_GSUASB_GLS0_ISA942_IU1_K1_KLA_LBSPPA0_LBSPPB128_LPA0_LPB4_LDL1_LRVW2_LWPMn1_LDW0_FMA_MIAV1_MDA2_MO40_MMFSC_MKFGSU256_NTA0_NTB0_NTC4_NTD4_NEPBS4_NLCA1_NLCB1_ONLL1_OPLV0_PK0_PAP0_PGR2_PLR5_PKA0_SIA3_SLW1_SS1_SU0_SUM0_SUS0_SCIUI1_SPO1_SRVW0_SSO4_SVW2_SNLL0_TSGRA0_TSGRB0_TT2_32_TLDS1_UMLDSA0_UMLDSB1_U64SL1_USFGROn1_VAW1_VSn1_VW2_VWB1_VFLRP0_WSGRA0_WSGRB0_WS64_WG64_4_1_WGM36",25825,6448491128399596,6448491128407929,0,21504,256,1,1,256,160,1
"KERNEL_DISPATCH",1,1,234879,762,1213,"Cijk_Ailk_Bljk_DB_MT128x32x16_MI16x16x4x1_SN_1LDSB1_APM1_ABV0_ACED0_AF0EM1_AF1EM1_AMAS3_ASE_ASGT_ASLT_ASM_ASAE01_ASCE01_ASEM1_AAC0_BL1_BS1_CLR0_DTLA0_DTLB0_DTVA0_DTVB0_DVO0_ETSP_EPS1_ELFLR0_EMLL0_FSSC10_FL0_GLVWA2_GLVWB2_GRCGA1_GRCGB1_GRPM1_GRVWn1_GSU1_GSUASB_GLS0_ISA942_IU1_K1_KLA_LBSPPA0_LBSPPB128_LPA0_LPB4_LDL1_LRVW2_LWPMn1_LDW0_FMA_MIAV1_MDA2_MO40_MMFSC_MKFGSU256_NTA0_NTB0_NTC4_NTD4_NEPBS4_NLCA1_NLCB1_ONLL1_OPLV0_PK0_PAP0_PGR2_PLR5_PKA0_SIA3_SLW1_SS1_SU0_SUM0_SUS0_SCIUI1_SPO1_SRVW0_SSO4_SVW2_SNLL0_TSGRA0_TSGRB0_TT2_32_TLDS1_UMLDSA0_UMLDSB1_U64SL1_USFGROn1_VAW1_VSn1_VW2_VWB1_VFLRP0_WSGRA0_WSGRB0_WS64_WG64_4_1_WGM36",25828,6448491128421550,6448491128438095,0,21504,256,1,1,256,160,1
"KERNEL_DISPATCH",1,1,234879,763,1213,"Cijk_Ailk_Bljk_DB_MT128x32x16_MI16x16x4x1_SN_1LDSB1_APM1_ABV0_ACED0_AF0EM1_AF1EM1_AMAS3_ASE_ASGT_ASLT_ASM_ASAE01_ASCE01_ASEM1_AAC0_BL1_BS1_CLR0_DTLA0_DTLB0_DTVA0_DTVB0_DVO0_ETSP_EPS1_ELFLR0_EMLL0_FSSC10_FL0_GLVWA2_GLVWB2_GRCGA1_GRCGB1_GRPM1_GRVWn1_GSU1_GSUASB_GLS0_ISA942_IU1_K1_KLA_LBSPPA0_LBSPPB128_LPA0_LPB4_LDL1_LRVW2_LWPMn1_LDW0_FMA_MIAV1_MDA2_MO40_MMFSC_MKFGSU256_NTA0_NTB0_NTC4_NTD4_NEPBS4_NLCA1_NLCB1_ONLL1_OPLV0_PK0_PAP0_PGR2_PLR5_PKA0_SIA3_SLW1_SS1_SU0_SUM0_SUS0_SCIUI1_SPO1_SRVW0_SSO4_SVW2_SNLL0_TSGRA0_TSGRB0_TT2_32_TLDS1_UMLDSA0_UMLDSB1_U64SL1_USFGROn1_VAW1_VSn1_VW2_VWB1_VFLRP0_WSGRA0_WSGRB0_WS64_WG64_4_1_WGM36",25831,6448491128440459,6448491128448952,0,21504,256,1,1,256,160,1
"KERNEL_DISPATCH",1,1,234879,764,704,"Cijk_Ailk_Bljk_DB_MT128x128x16_MI16x16x4x1_SN_1LDSB1_APM1_ABV0_ACED0_AF0EM1_AF1EM1_AMAS3_ASE_ASGT_ASLT_ASM_ASAE01_ASCE01_ASEM1_AAC0_BL1_BS1_CLR0_DTLA0_DTLB0_DTVA1_DTVB0_DVO0_ETSP_EPS1_ELFLR0_EMLL0_FSSC10_FL0_GLVWA2_GLVWB2_GRCGA1_GRCGB1_GRPM1_GRVWn1_GSU1_GSUASB_GLS0_ISA942_IU1_K1_KLA_LBSPPA0_LBSPPB128_LPA0_LPB2_LDL1_LRVW1_LWPMn1_LDW0_FMA_MIAV0_MDA2_MO40_MMFSC_MKFGSU256_NTA0_NTB0_NTC4_NTD4_NEPBS4_NLCA1_NLCB1_ONLL1_OPLV0_PK0_PAP0_PGR2_PLR1_PKA0_SIA3_SLW1_SS1_SU8_SUM0_SUS256_SCIUI1_SPO1_SRVW0_SSO4_SVW2_SNLL0_TSGRA0_TSGRB0_TT2_128_TLDS1_UMLDSA0_UMLDSB1_U64SL1_USFGROn1_VAW1_VSn1_VW2_VWB1_VFLRP0_WSGRA0_WSGRB0_WS64_WG64_4_1_WGM36",25834,6448491128456123,6448491129167363,0,18432,256,1,1,10240,40,1
"KERNEL_DISPATCH",1,1,234879,765,68,"void rocsolver::v32802::getf2_npvt_small_kernel<16, double, int, int, double*>(int, double*, long, int, long, int*, int, int)",25837,6448491129167363,6448491129178300,0,136,512,1,1,512,1,1
"KERNEL_DISPATCH",1,1,234879,766,185,"void rocsolver::v32802::unit_forward_substitution_kernel<double, int, double*>(int, int, double*, int, int, long, long, double*, int, int, long, long)",25842,6448491129178300,6448491129187755,0,512,16,64,1,16,512,1
"KERNEL_DISPATCH",1,1,234879,767,904,"Cijk_Ailk_Bljk_DB_MT64x32x32_MI16x16x4x1_SN_1LDSB1_APM1_ABV0_ACED0_AF0EM2_AF1EM2_AMAS3_ASE_ASGT_ASLT_ASM_ASAE01_ASCE01_ASEM2_AAC0_BL1_BS1_CLR0_DTLA0_DTLB0_DTVA0_DTVB0_DVO0_ETSP_EPS1_ELFLR0_EMLL0_FSSC10_FL0_GLVWA2_GLVWB2_GRCGA1_GRCGB1_GRPM1_GRVW2_GSU1_GSUASB_GLS0_ISA942_IU1_K1_KLA_LBSPPA0_LBSPPB256_LPA0_LPB4_LDL1_LRVW2_LWPMn1_LDW0_FMA_MIAV1_MDA2_MO40_MMFSC_MKFGSU256_NTA0_NTB0_NTC3_NTD3_NEPBS0_NLCA1_NLCB1_ONLL1_OPLV0_PK0_PAP0_PGR2_PLR9_PKA0_SIA3_SLW1_SS1_SU0_SUM0_SUS0_SCIUI1_SPO1_SRVW0_SSO6_SVW2_SNLL0_TSGRA0_TSGRB0_TT2_16_TLDS1_UMLDSA0_UMLDSB1_U64SL1_USFGROn1_VAW1_VSn1_VW2_VWB1_VFLRP0_WSGRA0_WSGRB0_WS64_WG32_8_1_WGM6",25845,6448491129187755,6448491129194285,0,25600,256,1,1,2048,16,1
"KERNEL_DISPATCH",1,1,234879,768,68,"void rocsolver::v32802::getf2_npvt_small_kernel<16, double, int, int, double*>(int, double*, long, int, long, int*, int, int)",25848,6448491129194285,6448491129204100,0,136,496,1,1,496,1,1
"KERNEL_DISPATCH",1,1,234879,769,185,"void rocsolver::v32802::unit_forward_substitution_kernel<double, int, double*>(int, int, double*, int, int, long, long, double*, int, int, long, long)",25853,6448491129204100,6448491129214115,0,512,16,64,1,16,512,1
"KERNEL_DISPATCH",1,1,234879,770,904,"Cijk_Ailk_Bljk_DB_MT64x32x32_MI16x16x4x1_SN_1LDSB1_APM1_ABV0_ACED0_AF0EM2_AF1EM2_AMAS3_ASE_ASGT_ASLT_ASM_ASAE01_ASCE01_ASEM2_AAC0_BL1_BS1_CLR0_DTLA0_DTLB0_DTVA0_DTVB0_DVO0_ETSP_EPS1_ELFLR0_EMLL0_FSSC10_FL0_GLVWA2_GLVWB2_GRCGA1_GRCGB1_GRPM1_GRVW2_GSU1_GSUASB_GLS0_ISA942_IU1_K1_KLA_LBSPPA0_LBSPPB256_LPA0_LPB4_LDL1_LRVW2_LWPMn1_LDW0_FMA_MIAV1_MDA2_MO40_MMFSC_MKFGSU256_NTA0_NTB0_NTC3_NTD3_NEPBS0_NLCA1_NLCB1_ONLL1_OPLV0_PK0_PAP0_PGR2_PLR9_PKA0_SIA3_SLW1_SS1_SU0_SUM0_SUS0_SCIUI1_SPO1_SRVW0_SSO6_SVW2_SNLL0_TSGRA0_TSGRB0_TT2_16_TLDS1_UMLDSA0_UMLDSB1_U64SL1_USFGROn1_VAW1_VSn1_VW2_VWB1_VFLRP0_WSGRA0_WSGRB0_WS64_WG32_8_1_WGM6",25856,6448491129214115,6448491129218642,0,25600,256,1,1,2048,15,1
"KERNEL_DISPATCH",1,1,234879,771,68,"void rocsolver::v32802::getf2_npvt_small_kernel<16, double, int, int, double*>(int, double*, long, int, long, int*, int, int)",25859,6448491129218642,6448491129228858,0,136,480,1,1,480,1,1
"KERNEL_DISPATCH",1,1,234879,772,185,"void rocsolver::v32802::unit_forward_substitution_kernel<double, int, double*>(int, int, double*, int, int, long, long, double*, int, int, long, long)",25864,6448491129232944,6448491129242398,0,512,16,64,1,16,512,1
"KERNEL_DISPATCH",1,1,234879,773,904,"Cijk_Ailk_Bljk_DB_MT64x32x32_MI16x16x4x1_SN_1LDSB1_APM1_ABV0_ACED0_AF0EM2_AF1EM2_AMAS3_ASE_ASGT_ASLT_ASM_ASAE01_ASCE01_ASEM2_AAC0_BL1_BS1_CLR0_DTLA0_DTLB0_DTVA0_DTVB0_DVO0_ETSP_EPS1_ELFLR0_EMLL0_FSSC10_FL0_GLVWA2_GLVWB2_GRCGA1_GRCGB1_GRPM1_GRVW2_GSU1_GSUASB_GLS0_ISA942_IU1_K1_KLA_LBSPPA0_LBSPPB256_LPA0_LPB4_LDL1_LRVW2_LWPMn1_LDW0_FMA_MIAV1_MDA2_MO40_MMFSC_MKFGSU256_NTA0_NTB0_NTC3_NTD3_NEPBS0_NLCA1_NLCB1_ONLL1_OPLV0_PK0_PAP0_PGR2_PLR9_PKA0_SIA3_SLW1_SS1_SU0_SUM0_SUS0_SCIUI1_SPO1_SRVW0_SSO6_SVW2_SNLL0_TSGRA0_TSGRB0_TT2_16_TLDS1_UMLDSA0_UMLDSB1_U64SL1_USFGROn1_VAW1_VSn1_VW2_VWB1_VFLRP0_WSGRA0_WSGRB0_WS64_WG32_8_1_WGM6",25867,6448491129242398,6448491129246925,0,25600,256,1,1,2048,15,1
"KERNEL_DISPATCH",1,1,234879,774,68,"void rocsolver::v32802::getf2_npvt_small_kernel<16, double, int, int, double*>(int, double*, long, int, long, int*, int, int)",25870,6448491129246925,6448491129257021,0,136,464,1,1,464,1,1
"KERNEL_DISPATCH",1,1,234879,775,185,"void rocsolver::v32802::unit_forward_substitution_kernel<double, int, double*>(int, int, double*, int, int, long, long, double*, int, int, long, long)",25875,6448491129257021,6448491129266996,0,512,16,64,1,16,448,1
"KERNEL_DISPATCH",1,1,234879,776,904,"Cijk_Ailk_Bljk_DB_MT64x32x32_MI16x16x4x1_SN_1LDSB1_APM1_ABV0_ACED0_AF0EM2_AF1EM2_AMAS3_ASE_ASGT_ASLT_ASM_ASAE01_ASCE01_ASEM2_AAC0_BL1_BS1_CLR0_DTLA0_DTLB0_DTVA0_DTVB0_DVO0_ETSP_EPS1_ELFLR0_EMLL0_FSSC10_FL0_GLVWA2_GLVWB2_GRCGA1_GRCGB1_GRPM1_GRVW2_GSU1_GSUASB_GLS0_ISA942_IU1_K1_KLA_LBSPPA0_LBSPPB256_LPA0_LPB4_LDL1_LRVW2_LWPMn1_LDW0_FMA_MIAV1_MDA2_MO40_MMFSC_MKFGSU256_NTA0_NTB0_NTC3_NTD3_NEPBS0_NLCA1_NLCB1_ONLL1_OPLV0_PK0_PAP0_PGR2_PLR9_PKA0_SIA3_SLW1_SS1_SU0_SUM0_SUS0_SCIUI1_SPO1_SRVW0_SSO6_SVW2_SNLL0_TSGRA0_TSGRB0_TT2_16_TLDS1_UMLDSA0_UMLDSB1_U64SL1_USFGROn1_VAW1_VSn1_VW2_VWB1_VFLRP0_WSGRA0_WSGRB0_WS64_WG32_8_1_WGM6",25878,6448491129266996,6448491129271162,0,25600,256,1,1,1792,14,1
"KERNEL_DISPATCH",1,1,234879,778,185,"void rocsolver::v32802::unit_forward_substitution_kernel<double, int, double*>(int, int, double*, int, int, long, long, double*, int, int, long, long)",25886,6448491129280172,6448491129290148,0,512,16,64,1,16,448,1
"KERNEL_DISPATCH",1,1,234879,777,68,"void rocsolver::v32802::getf2_npvt_small_kernel<16, double, int, int, double*>(int, double*, long, int, long, int*, int, int)",25881,6448491129271162,6448491129280777,0,136,448,1,1,448,1,1
"KERNEL_DISPATCH",1,1,234879,779,904,"Cijk_Ailk_Bljk_DB_MT64x32x32_MI16x16x4x1_SN_1LDSB1_APM1_ABV0_ACED0_AF0EM2_AF1EM2_AMAS3_ASE_ASGT_ASLT_ASM_ASAE01_ASCE01_ASEM2_AAC0_BL1_BS1_CLR0_DTLA0_DTLB0_DTVA0_DTVB0_DVO0_ETSP_EPS1_ELFLR0_EMLL0_FSSC10_FL0_GLVWA2_GLVWB2_GRCGA1_GRCGB1_GRPM1_GRVW2_GSU1_GSUASB_GLS0_ISA942_IU1_K1_KLA_LBSPPA0_LBSPPB256_LPA0_LPB4_LDL1_LRVW2_LWPMn1_LDW0_FMA_MIAV1_MDA2_MO40_MMFSC_MKFGSU256_NTA0_NTB0_NTC3_NTD3_NEPBS0_NLCA1_NLCB1_ONLL1_OPLV0_PK0_PAP0_PGR2_PLR9_PKA0_SIA3_SLW1_SS1_SU0_SUM0_SUS0_SCIUI1_SPO1_SRVW0_SSO6_SVW2_SNLL0_TSGRA0_TSGRB0_TT2_16_TLDS1_UMLDSA0_UMLDSB1_U64SL1_USFGROn1_VAW1_VSn1_VW2_VWB1_VFLRP0_WSGRA0_WSGRB0_WS64_WG32_8_1_WGM6",25889,6448491129290753,6448491129295119,0,25600,256,1,1,1792,14,1
"KERNEL_DISPATCH",1,1,234879,780,68,"void rocsolver::v32802::getf2_npvt_small_kernel<16, double, int, int, double*>(int, double*, long, int, long, int*, int, int)",25892,6448491129295119,6448491129304253,0,136,432,1,1,432,1,1
"KERNEL_DISPATCH",1,1,234879,781,185,"void rocsolver::v32802::unit_forward_substitution_kernel<double, int, double*>(int, int, double*, int, int, long, long, double*, int, int, long, long)",25897,6448491129304253,6448491129313467,0,512,16,64,1,16,448,1
"KERNEL_DISPATCH",1,1,234879,782,904,"Cijk_Ailk_Bljk_DB_MT64x32x32_MI16x16x4x1_SN_1LDSB1_APM1_ABV0_ACED0_AF0EM2_AF1EM2_AMAS3_ASE_ASGT_ASLT_ASM_ASAE01_ASCE01_ASEM2_AAC0_BL1_BS1_CLR0_DTLA0_DTLB0_DTVA0_DTVB0_DVO0_ETSP_EPS1_ELFLR0_EMLL0_FSSC10_FL0_GLVWA2_GLVWB2_GRCGA1_GRCGB1_GRPM1_GRVW2_GSU1_GSUASB_GLS0_ISA942_IU1_K1_KLA_LBSPPA0_LBSPPB256_LPA0_LPB4_LDL1_LRVW2_LWPMn1_LDW0_FMA_MIAV1_MDA2_MO40_MMFSC_MKFGSU256_NTA0_NTB0_NTC3_NTD3_NEPBS0_NLCA1_NLCB1_ONLL1_OPLV0_PK0_PAP0_PGR2_PLR9_PKA0_SIA3_SLW1_SS1_SU0_SUM0_SUS0_SCIUI1_SPO1_SRVW0_SSO6_SVW2_SNLL0_TSGRA0_TSGRB0_TT2_16_TLDS1_UMLDSA0_UMLDSB1_U64SL1_USFGROn1_VAW1_VSn1_VW2_VWB1_VFLRP0_WSGRA0_WSGRB0_WS64_WG32_8_1_WGM6",25900,6448491129313467,6448491129317353,0,25600,256,1,1,1792,13,1
"KERNEL_DISPATCH",1,1,234879,783,68,"void rocsolver::v32802::getf2_npvt_small_kernel<16, double, int, int, double*>(int, double*, long, int, long, int*, int, int)",25903,6448491129317353,6448491129328651,0,136,416,1,1,416,1,1
"KERNEL_DISPATCH",1,1,234879,784,185,"void rocsolver::v32802::unit_forward_substitution_kernel<double, int, double*>(int, int, double*, int, int, long, long, double*, int, int, long, long)",25908,6448491129327505,6448491129337360,0,512,16,64,1,16,448,1
"KERNEL_DISPATCH",1,1,234879,785,904,"Cijk_Ailk_Bljk_DB_MT64x32x32_MI16x16x4x1_SN_1LDSB1_APM1_ABV0_ACED0_AF0EM2_AF1EM2_AMAS3_ASE_ASGT_ASLT_ASM_ASAE01_ASCE01_ASEM2_AAC0_BL1_BS1_CLR0_DTLA0_DTLB0_DTVA0_DTVB0_DVO0_ETSP_EPS1_ELFLR0_EMLL0_FSSC10_FL0_GLVWA2_GLVWB2_GRCGA1_GRCGB1_GRPM1_GRVW2_GSU1_GSUASB_GLS0_ISA942_IU1_K1_KLA_LBSPPA0_LBSPPB256_LPA0_LPB4_LDL1_LRVW2_LWPMn1_LDW0_FMA_MIAV1_MDA2_MO40_MMFSC_MKFGSU256_NTA0_NTB0_NTC3_NTD3_NEPBS0_NLCA1_NLCB1_ONLL1_OPLV0_PK0_PAP0_PGR2_PLR9_PKA0_SIA3_SLW1_SS1_SU0_SUM0_SUS0_SCIUI1_SPO1_SRVW0_SSO6_SVW2_SNLL0_TSGRA0_TSGRB0_TT2_16_TLDS1_UMLDSA0_UMLDSB1_U64SL1_USFGROn1_VAW1_VSn1_VW2_VWB1_VFLRP0_WSGRA0_WSGRB0_WS64_WG32_8_1_WGM6",25911,6448491129338506,6448491129342392,0,25600,256,1,1,1792,13,1
"KERNEL_DISPATCH",1,1,234879,788,904,"Cijk_Ailk_Bljk_DB_MT64x32x32_MI16x16x4x1_SN_1LDSB1_APM1_ABV0_ACED0_AF0EM2_AF1EM2_AMAS3_ASE_ASGT_ASLT_ASM_ASAE01_ASCE01_ASEM2_AAC0_BL1_BS1_CLR0_DTLA0_DTLB0_DTVA0_DTVB0_DVO0_ETSP_EPS1_ELFLR0_EMLL0_FSSC10_FL0_GLVWA2_GLVWB2_GRCGA1_GRCGB1_GRPM1_GRVW2_GSU1_GSUASB_GLS0_ISA942_IU1_K1_KLA_LBSPPA0_LBSPPB256_LPA0_LPB4_LDL1_LRVW2_LWPMn1_LDW0_FMA_MIAV1_MDA2_MO40_MMFSC_MKFGSU256_NTA0_NTB0_NTC3_NTD3_NEPBS0_NLCA1_NLCB1_ONLL1_OPLV0_PK0_PAP0_PGR2_PLR9_PKA0_SIA3_SLW1_SS1_SU0_SUM0_SUS0_SCIUI1_SPO1_SRVW0_SSO6_SVW2_SNLL0_TSGRA0_TSGRB0_TT2_16_TLDS1_UMLDSA0_UMLDSB1_U64SL1_USFGROn1_VAW1_VSn1_VW2_VWB1_VFLRP0_WSGRA0_WSGRB0_WS64_WG32_8_1_WGM6",25922,6448491129361621,6448491129365267,0,25600,256,1,1,1536,12,1
"KERNEL_DISPATCH",1,1,234879,787,185,"void rocsolver::v32802::unit_forward_substitution_kernel<double, int, double*>(int, int, double*, int, int, long, long, double*, int, int, long, long)",25919,6448491129351886,6448491129361621,0,512,16,64,1,16,384,1
"KERNEL_DISPATCH",1,1,234879,789,68,"void rocsolver::v32802::getf2_npvt_small_kernel<16, double, int, int, double*>(int, double*, long, int, long, int*, int, int)",25925,6448491129365267,6448491129373920,0,136,384,1,1,384,1,1
"KERNEL_DISPATCH",1,1,234879,786,68,"void rocsolver::v32802::getf2_npvt_small_kernel<16, double, int, int, double*>(int, double*, long, int, long, int*, int, int)",25914,6448491129342392,6448491129351886,0,136,400,1,1,400,1,1
"KERNEL_DISPATCH",1,1,234879,790,185,"void rocsolver::v32802::unit_forward_substitution_kernel<double, int, double*>(int, int, double*, int, int, long, long, double*, int, int, long, long)",25930,6448491129373920,6448491129382854,0,512,16,64,1,16,384,1
"KERNEL_DISPATCH",1,1,234879,793,185,"void rocsolver::v32802::unit_forward_substitution_kernel<double, int, double*>(int, int, double*, int, int, long, long, double*, int, int, long, long)",25941,6448491129401162,6448491129410496,0,512,16,64,1,16,384,1
"KERNEL_DISPATCH",1,1,234879,792,68,"void rocsolver::v32802::getf2_npvt_small_kernel<16, double, int, int, double*>(int, double*, long, int, long, int*, int, int)",25936,6448491129392348,6448491129401162,0,136,368,1,1,368,1,1
"KERNEL_DISPATCH",1,1,234879,791,820,"Cijk_Ailk_Bljk_DB_MT128x64x16_MI16x16x4x1_SN_1LDSB1_APM1_ABV0_ACED0_AF0EM2_AF1EM2_AMAS3_ASE_ASGT_ASLT_ASM_ASAE01_ASCE01_ASEM2_AAC0_BL1_BS1_CLR0_DTLA0_DTLB0_DTVA1_DTVB0_DVO0_ETSP_EPS1_ELFLR0_EMLL0_FSSC10_FL0_GLVWA2_GLVWB2_GRCGA1_GRCGB1_GRPM1_GRVW2_GSU1_GSUASB_GLS0_ISA942_IU1_K1_KLA_LBSPPA0_LBSPPB0_LPA0_LPB2_LDL1_LRVW1_LWPMn1_LDW0_FMA_MIAV1_MDA2_MO40_MMFSC_MKFGSU256_NTA0_NTB0_NTC3_NTD3_NEPBS4_NLCA1_NLCB1_ONLL1_OPLV0_PK0_PAP0_PGR2_PLR1_PKA0_SIA3_SLW1_SS1_SU0_SUM0_SUS0_SCIUI1_SPO1_SRVW0_SSO6_SVW2_SNLL0_TSGRA0_TSGRB0_TT2_64_TLDS0_UMLDSA0_UMLDSB0_U64SL1_USFGROn1_VAW1_VSn1_VW2_VWB1_VFLRP0_WSGRA0_WSGRB0_WS64_WG64_4_1_WGM12",25933,6448491129382854,6448491129392348,0,8448,256,1,1,768,6,1
"KERNEL_DISPATCH",1,1,234879,794,820,"Cijk_Ailk_Bljk_DB_MT128x64x16_MI16x16x4x1_SN_1LDSB1_APM1_ABV0_ACED0_AF0EM2_AF1EM2_AMAS3_ASE_ASGT_ASLT_ASM_ASAE01_ASCE01_ASEM2_AAC0_BL1_BS1_CLR0_DTLA0_DTLB0_DTVA1_DTVB0_DVO0_ETSP_EPS1_ELFLR0_EMLL0_FSSC10_FL0_GLVWA2_GLVWB2_GRCGA1_GRCGB1_GRPM1_GRVW2_GSU1_GSUASB_GLS0_ISA942_IU1_K1_KLA_LBSPPA0_LBSPPB0_LPA0_LPB2_LDL1_LRVW1_LWPMn1_LDW0_FMA_MIAV1_MDA2_MO40_MMFSC_MKFGSU256_NTA0_NTB0_NTC3_NTD3_NEPBS4_NLCA1_NLCB1_ONLL1_OPLV0_PK0_PAP0_PGR2_PLR1_PKA0_SIA3_SLW1_SS1_SU0_SUM0_SUS0_SCIUI1_SPO1_SRVW0_SSO6_SVW2_SNLL0_TSGRA0_TSGRB0_TT2_64_TLDS0_UMLDSA0_UMLDSB0_U64SL1_USFGROn1_VAW1_VSn1_VW2_VWB1_VFLRP0_WSGRA0_WSGRB0_WS64_WG64_4_1_WGM12",25944,6448491129423716,6448491129430847,0,8448,256,1,1,768,6,1
"KERNEL_DISPATCH",1,1,234879,795,68,"void rocsolver::v32802::getf2_npvt_small_kernel<16, double, int, int, double*>(int, double*, long, int, long, int*, int, int)",25947,6448491129440021,6448491129449516,0,136,352,1,1,352,1,1
"KERNEL_DISPATCH",1,1,234879,796,185,"void rocsolver::v32802::unit_forward_substitution_kernel<double, int, double*>(int, int, double*, int, int, long, long, double*, int, int, long, long)",25952,6448491129458209,6448491129467984,0,512,16,64,1,16,384,1
"KERNEL_DISPATCH",1,1,234879,797,820,"Cijk_Ailk_Bljk_DB_MT128x64x16_MI16x16x4x1_SN_1LDSB1_APM1_ABV0_ACED0_AF0EM2_AF1EM2_AMAS3_ASE_ASGT_ASLT_ASM_ASAE01_ASCE01_ASEM2_AAC0_BL1_BS1_CLR0_DTLA0_DTLB0_DTVA1_DTVB0_DVO0_ETSP_EPS1_ELFLR0_EMLL0_FSSC10_FL0_GLVWA2_GLVWB2_GRCGA1_GRCGB1_GRPM1_GRVW2_GSU1_GSUASB_GLS0_ISA942_IU1_K1_KLA_LBSPPA0_LBSPPB0_LPA0_LPB2_LDL1_LRVW1_LWPMn1_LDW0_FMA_MIAV1_MDA2_MO40_MMFSC_MKFGSU256_NTA0_NTB0_NTC3_NTD3_NEPBS4_NLCA1_NLCB1_ONLL1_OPLV0_PK0_PAP0_PGR2_PLR1_PKA0_SIA3_SLW1_SS1_SU0_SUM0_SUS0_SCIUI1_SPO1_SRVW0_SSO6_SVW2_SNLL0_TSGRA0_TSGRB0_TT2_64_TLDS0_UMLDSA0_UMLDSB0_U64SL1_USFGROn1_VAW1_VSn1_VW2_VWB1_VFLRP0_WSGRA0_WSGRB0_WS64_WG64_4_1_WGM12",25955,6448491129481565,6448491129488776,0,8448,256,1,1,768,6,1
"KERNEL_DISPATCH",1,1,234879,798,68,"void rocsolver::v32802::getf2_npvt_small_kernel<16, double, int, int, double*>(int, double*, long, int, long, int*, int, int)",25958,6448491129495002,6448491129504096,0,136,336,1,1,336,1,1
"KERNEL_DISPATCH",1,1,234879,799,185,"void rocsolver::v32802::unit_forward_substitution_kernel<double, int, double*>(int, int, double*, int, int, long, long, double*, int, int, long, long)",25963,6448491129512509,6448491129523085,0,512,16,64,1,16,320,1
"KERNEL_DISPATCH",1,1,234879,800,820,"Cijk_Ailk_Bljk_DB_MT128x64x16_MI16x16x4x1_SN_1LDSB1_APM1_ABV0_ACED0_AF0EM2_AF1EM2_AMAS3_ASE_ASGT_ASLT_ASM_ASAE01_ASCE01_ASEM2_AAC0_BL1_BS1_CLR0_DTLA0_DTLB0_DTVA1_DTVB0_DVO0_ETSP_EPS1_ELFLR0_EMLL0_FSSC10_FL0_GLVWA2_GLVWB2_GRCGA1_GRCGB1_GRPM1_GRVW2_GSU1_GSUASB_GLS0_ISA942_IU1_K1_KLA_LBSPPA0_LBSPPB0_LPA0_LPB2_LDL1_LRVW1_LWPMn1_LDW0_FMA_MIAV1_MDA2_MO40_MMFSC_MKFGSU256_NTA0_NTB0_NTC3_NTD3_NEPBS4_NLCA1_NLCB1_ONLL1_OPLV0_PK0_PAP0_PGR2_PLR1_PKA0_SIA3_SLW1_SS1_SU0_SUM0_SUS0_SCIUI1_SPO1_SRVW0_SSO6_SVW2_SNLL0_TSGRA0_TSGRB0_TT2_64_TLDS0_UMLDSA0_UMLDSB0_U64SL1_USFGROn1_VAW1_VSn1_VW2_VWB1_VFLRP0_WSGRA0_WSGRB0_WS64_WG64_4_1_WGM12",25966,6448491129531241,6448491129538412,0,8448,256,1,1,768,5,1
"KERNEL_DISPATCH",1,1,234879,801,68,"void rocsolver::v32802::getf2_npvt_small_kernel<16, double, int, int, double*>(int, double*, long, int, long, int*, int, int)",25969,6448491129543981,6448491129553075,0,136,320,1,1,320,1,1
"KERNEL_DISPATCH",1,1,234879,802,185,"void rocsolver::v32802::unit_forward_substitution_kernel<double, int, double*>(int, int, double*, int, int, long, long, double*, int, int, long, long)",25974,6448491129557882,6448491129567136,0,512,16,64,1,16,320,1
"KERNEL_DISPATCH",1,1,234879,803,820,"Cijk_Ailk_Bljk_DB_MT128x64x16_MI16x16x4x1_SN_1LDSB1_APM1_ABV0_ACED0_AF0EM2_AF1EM2_AMAS3_ASE_ASGT_ASLT_ASM_ASAE01_ASCE01_ASEM2_AAC0_BL1_BS1_CLR0_DTLA0_DTLB0_DTVA1_DTVB0_DVO0_ETSP_EPS1_ELFLR0_EMLL0_FSSC10_FL0_GLVWA2_GLVWB2_GRCGA1_GRCGB1_GRPM1_GRVW2_GSU1_GSUASB_GLS0_ISA942_IU1_K1_KLA_LBSPPA0_LBSPPB0_LPA0_LPB2_LDL1_LRVW1_LWPMn1_LDW0_FMA_MIAV1_MDA2_MO40_MMFSC_MKFGSU256_NTA0_NTB0_NTC3_NTD3_NEPBS4_NLCA1_NLCB1_ONLL1_OPLV0_PK0_PAP0_PGR2_PLR1_PKA0_SIA3_SLW1_SS1_SU0_SUM0_SUS0_SCIUI1_SPO1_SRVW0_SSO6_SVW2_SNLL0_TSGRA0_TSGRB0_TT2_64_TLDS0_UMLDSA0_UMLDSB0_U64SL1_USFGROn1_VAW1_VSn1_VW2_VWB1_VFLRP0_WSGRA0_WSGRB0_WS64_WG64_4_1_WGM12",25977,6448491129580637,6448491129587207,0,8448,256,1,1,768,5,1
"KERNEL_DISPATCH",1,1,234879,804,68,"void rocsolver::v32802::getf2_npvt_small_kernel<16, double, int, int, double*>(int, double*, long, int, long, int*, int, int)",25980,6448491129594258,6448491129603071,0,136,304,1,1,304,1,1
"KERNEL_DISPATCH",1,1,234879,805,185,"void rocsolver::v32802::unit_forward_substitution_kernel<double, int, double*>(int, int, double*, int, int, long, long, double*, int, int, long, long)",25985,6448491129606717,6448491129616011,0,512,16,64,1,16,320,1
"KERNEL_DISPATCH",1,1,234879,806,820,"Cijk_Ailk_Bljk_DB_MT128x64x16_MI16x16x4x1_SN_1LDSB1_APM1_ABV0_ACED0_AF0EM2_AF1EM2_AMAS3_ASE_ASGT_ASLT_ASM_ASAE01_ASCE01_ASEM2_AAC0_BL1_BS1_CLR0_DTLA0_DTLB0_DTVA1_DTVB0_DVO0_ETSP_EPS1_ELFLR0_EMLL0_FSSC10_FL0_GLVWA2_GLVWB2_GRCGA1_GRCGB1_GRPM1_GRVW2_GSU1_GSUASB_GLS0_ISA942_IU1_K1_KLA_LBSPPA0_LBSPPB0_LPA0_LPB2_LDL1_LRVW1_LWPMn1_LDW0_FMA_MIAV1_MDA2_MO40_MMFSC_MKFGSU256_NTA0_NTB0_NTC3_NTD3_NEPBS4_NLCA1_NLCB1_ONLL1_OPLV0_PK0_PAP0_PGR2_PLR1_PKA0_SIA3_SLW1_SS1_SU0_SUM0_SUS0_SCIUI1_SPO1_SRVW0_SSO6_SVW2_SNLL0_TSGRA0_TSGRB0_TT2_64_TLDS0_UMLDSA0_UMLDSB0_U64SL1_USFGROn1_VAW1_VSn1_VW2_VWB1_VFLRP0_WSGRA0_WSGRB0_WS64_WG64_4_1_WGM12",25988,6448491129626868,6448491129633358,0,8448,256,1,1,768,5,1
"KERNEL_DISPATCH",1,1,234879,807,68,"void rocsolver::v32802::getf2_npvt_small_kernel<16, double, int, int, double*>(int, double*, long, int, long, int*, int, int)",25991,6448491129640168,6448491129649182,0,136,288,1,1,288,1,1
"KERNEL_DISPATCH",1,1,234879,808,185,"void rocsolver::v32802::unit_forward_substitution_kernel<double, int, double*>(int, int, double*, int, int, long, long, double*, int, int, long, long)",25996,6448491129655953,6448491129666128,0,512,16,64,1,16,320,1
"KERNEL_DISPATCH",1,1,234879,809,773,"Cijk_Ailk_Bljk_DB_MT64x64x16_MI16x16x4x1_SN_1LDSB1_APM1_ABV0_ACED0_AF0EM2_AF1EM2_AMAS3_ASE_ASGT_ASLT_ASM_ASAE01_ASCE01_ASEM2_AAC0_BL1_BS1_CLR0_DTLA0_DTLB0_DTVA0_DTVB0_DVO0_ETSP_EPS1_ELFLR0_EMLL0_FSSC10_FL0_GLVWA2_GLVWB2_GRCGA1_GRCGB1_GRPM1_GRVW2_GSU1_GSUASB_GLS0_ISA942_IU1_K1_KLA_LBSPPA0_LBSPPB128_LPA0_LPB2_LDL1_LRVW1_LWPMn1_LDW0_FMA_MIAV1_MDA2_MO40_MMFSC_MKFGSU256_NTA0_NTB0_NTC3_NTD3_NEPBS4_NLCA1_NLCB1_ONLL1_OPLV0_PK0_PAP0_PGR2_PLR5_PKA0_SIA3_SLW1_SS1_SU0_SUM0_SUS0_SCIUI1_SPO1_SRVW0_SSO6_SVW2_SNLL0_TSGRA0_TSGRB0_TT2_32_TLDS1_UMLDSA0_UMLDSB1_U64SL1_USFGROn1_VAW1_VSn1_VW2_VWB1_VFLRP0_WSGRA0_WSGRB0_WS64_WG32_8_1_WGM6",25999,6448491129684076,6448491129690606,0,17408,256,1,1,1280,5,1
"KERNEL_DISPATCH",1,1,234879,810,68,"void rocsolver::v32802::getf2_npvt_small_kernel<16, double, int, int, double*>(int, double*, long, int, long, int*, int, int)",26002,6448491129694892,6448491129704106,0,136,272,1,1,272,1,1
"KERNEL_DISPATCH",1,1,234879,811,185,"void rocsolver::v32802::unit_forward_substitution_kernel<double, int, double*>(int, int, double*, int, int, long, long, double*, int, int, long, long)",26007,6448491129707311,6448491129717447,0,512,16,64,1,16,256,1
"KERNEL_DISPATCH",1,1,234879,812,773,"Cijk_Ailk_Bljk_DB_MT64x64x16_MI16x16x4x1_SN_1LDSB1_APM1_ABV0_ACED0_AF0EM2_AF1EM2_AMAS3_ASE_ASGT_ASLT_ASM_ASAE01_ASCE01_ASEM2_AAC0_BL1_BS1_CLR0_DTLA0_DTLB0_DTVA0_DTVB0_DVO0_ETSP_EPS1_ELFLR0_EMLL0_FSSC10_FL0_GLVWA2_GLVWB2_GRCGA1_GRCGB1_GRPM1_GRVW2_GSU1_GSUASB_GLS0_ISA942_IU1_K1_KLA_LBSPPA0_LBSPPB128_LPA0_LPB2_LDL1_LRVW1_LWPMn1_LDW0_FMA_MIAV1_MDA2_MO40_MMFSC_MKFGSU256_NTA0_NTB0_NTC3_NTD3_NEPBS4_NLCA1_NLCB1_ONLL1_OPLV0_PK0_PAP0_PGR2_PLR5_PKA0_SIA3_SLW1_SS1_SU0_SUM0_SUS0_SCIUI1_SPO1_SRVW0_SSO6_SVW2_SNLL0_TSGRA0_TSGRB0_TT2_32_TLDS1_UMLDSA0_UMLDSB1_U64SL1_USFGROn1_VAW1_VSn1_VW2_VWB1_VFLRP0_WSGRA0_WSGRB0_WS64_WG32_8_1_WGM6",26010,6448491129727662,6448491129732229,0,17408,256,1,1,1024,4,1
"KERNEL_DISPATCH",1,1,234879,813,68,"void rocsolver::v32802::getf2_npvt_small_kernel<16, double, int, int, double*>(int, double*, long, int, long, int*, int, int)",26013,6448491129741924,6448491129751900,0,136,256,1,1,256,1,1
"KERNEL_DISPATCH",1,1,234879,814,185,"void rocsolver::v32802::unit_forward_substitution_kernel<double, int, double*>(int, int, double*, int, int, long, long, double*, int, int, long, long)",26018,6448491129755305,6448491129764599,0,512,16,64,1,16,256,1
"KERNEL_DISPATCH",1,1,234879,815,773,"Cijk_Ailk_Bljk_DB_MT64x64x16_MI16x16x4x1_SN_1LDSB1_APM1_ABV0_ACED0_AF0EM2_AF1EM2_AMAS3_ASE_ASGT_ASLT_ASM_ASAE01_ASCE01_ASEM2_AAC0_BL1_BS1_CLR0_DTLA0_DTLB0_DTVA0_DTVB0_DVO0_ETSP_EPS1_ELFLR0_EMLL0_FSSC10_FL0_GLVWA2_GLVWB2_GRCGA1_GRCGB1_GRPM1_GRVW2_GSU1_GSUASB_GLS0_ISA942_IU1_K1_KLA_LBSPPA0_LBSPPB128_LPA0_LPB2_LDL1_LRVW1_LWPMn1_LDW0_FMA_MIAV1_MDA2_MO40_MMFSC_MKFGSU256_NTA0_NTB0_NTC3_NTD3_NEPBS4_NLCA1_NLCB1_ONLL1_OPLV0_PK0_PAP0_PGR2_PLR5_PKA0_SIA3_SLW1_SS1_SU0_SUM0_SUS0_SCIUI1_SPO1_SRVW0_SSO6_SVW2_SNLL0_TSGRA0_TSGRB0_TT2_32_TLDS1_UMLDSA0_UMLDSB1_U64SL1_USFGROn1_VAW1_VSn1_VW2_VWB1_VFLRP0_WSGRA0_WSGRB0_WS64_WG32_8_1_WGM6",26021,6448491129781665,6448491129786673,0,17408,256,1,1,1024,4,1
"KERNEL_DISPATCH",1,1,234879,816,68,"void rocsolver::v32802::getf2_npvt_small_kernel<16, double, int, int, double*>(int, double*, long, int, long, int*, int, int)",26024,6448491129791961,6448491129800214,0,136,240,1,1,240,1,1
"KERNEL_DISPATCH",1,1,234879,817,185,"void rocsolver::v32802::unit_forward_substitution_kernel<double, int, double*>(int, int, double*, int, int, long, long, double*, int, int, long, long)",26029,6448491129801702,6448491129811117,0,512,16,64,1,16,256,1
"KERNEL_DISPATCH",1,1,234879,818,773,"Cijk_Ailk_Bljk_DB_MT64x64x16_MI16x16x4x1_SN_1LDSB1_APM1_ABV0_ACED0_AF0EM2_AF1EM2_AMAS3_ASE_ASGT_ASLT_ASM_ASAE01_ASCE01_ASEM2_AAC0_BL1_BS1_CLR0_DTLA0_DTLB0_DTVA0_DTVB0_DVO0_ETSP_EPS1_ELFLR0_EMLL0_FSSC10_FL0_GLVWA2_GLVWB2_GRCGA1_GRCGB1_GRPM1_GRVW2_GSU1_GSUASB_GLS0_ISA942_IU1_K1_KLA_LBSPPA0_LBSPPB128_LPA0_LPB2_LDL1_LRVW1_LWPMn1_LDW0_FMA_MIAV1_MDA2_MO40_MMFSC_MKFGSU256_NTA0_NTB0_NTC3_NTD3_NEPBS4_NLCA1_NLCB1_ONLL1_OPLV0_PK0_PAP0_PGR2_PLR5_PKA0_SIA3_SLW1_SS1_SU0_SUM0_SUS0_SCIUI1_SPO1_SRVW0_SSO6_SVW2_SNLL0_TSGRA0_TSGRB0_TT2_32_TLDS1_UMLDSA0_UMLDSB1_U64SL1_USFGROn1_VAW1_VSn1_VW2_VWB1_VFLRP0_WSGRA0_WSGRB0_WS64_WG32_8_1_WGM6",26032,6448491129825419,6448491129830186,0,17408,256,1,1,1024,4,1
"KERNEL_DISPATCH",1,1,234879,819,68,"void rocsolver::v32802::getf2_npvt_small_kernel<16, double, int, int, double*>(int, double*, long, int, long, int*, int, int)",26035,6448491129838593,6448491129847807,0,136,224,1,1,224,1,1
"KERNEL_DISPATCH",1,1,234879,820,185,"void rocsolver::v32802::unit_forward_substitution_kernel<double, int, double*>(int, int, double*, int, int, long, long, double*, int, int, long, long)",26040,6448491129852975,6448491129864032,0,512,16,64,1,16,256,1
"KERNEL_DISPATCH",1,1,234879,821,773,"Cijk_Ailk_Bljk_DB_MT64x64x16_MI16x16x4x1_SN_1LDSB1_APM1_ABV0_ACED0_AF0EM2_AF1EM2_AMAS3_ASE_ASGT_ASLT_ASM_ASAE01_ASCE01_ASEM2_AAC0_BL1_BS1_CLR0_DTLA0_DTLB0_DTVA0_DTVB0_DVO0_ETSP_EPS1_ELFLR0_EMLL0_FSSC10_FL0_GLVWA2_GLVWB2_GRCGA1_GRCGB1_GRPM1_GRVW2_GSU1_GSUASB_GLS0_ISA942_IU1_K1_KLA_LBSPPA0_LBSPPB128_LPA0_LPB2_LDL1_LRVW1_LWPMn1_LDW0_FMA_MIAV1_MDA2_MO40_MMFSC_MKFGSU256_NTA0_NTB0_NTC3_NTD3_NEPBS4_NLCA1_NLCB1_ONLL1_OPLV0_PK0_PAP0_PGR2_PLR5_PKA0_SIA3_SLW1_SS1_SU0_SUM0_SUS0_SCIUI1_SPO1_SRVW0_SSO6_SVW2_SNLL0_TSGRA0_TSGRB0_TT2_32_TLDS1_UMLDSA0_UMLDSB1_U64SL1_USFGROn1_VAW1_VSn1_VW2_VWB1_VFLRP0_WSGRA0_WSGRB0_WS64_WG32_8_1_WGM6",26043,6448491129872324,6448491129877813,0,17408,256,1,1,1024,4,1
"KERNEL_DISPATCH",1,1,234879,822,68,"void rocsolver::v32802::getf2_npvt_small_kernel<16, double, int, int, double*>(int, double*, long, int, long, int*, int, int)",26046,6448491129883822,6448491129892996,0,136,208,1,1,208,1,1
"KERNEL_DISPATCH",1,1,234879,823,185,"void rocsolver::v32802::unit_forward_substitution_kernel<double, int, double*>(int, int, double*, int, int, long, long, double*, int, int, long, long)",26051,6448491129898605,6448491129909541,0,512,16,64,1,16,192,1
"KERNEL_DISPATCH",1,1,234879,824,773,"Cijk_Ailk_Bljk_DB_MT64x64x16_MI16x16x4x1_SN_1LDSB1_APM1_ABV0_ACED0_AF0EM2_AF1EM2_AMAS3_ASE_ASGT_ASLT_ASM_ASAE01_ASCE01_ASEM2_AAC0_BL1_BS1_CLR0_DTLA0_DTLB0_DTVA0_DTVB0_DVO0_ETSP_EPS1_ELFLR0_EMLL0_FSSC10_FL0_GLVWA2_GLVWB2_GRCGA1_GRCGB1_GRPM1_GRVW2_GSU1_GSUASB_GLS0_ISA942_IU1_K1_KLA_LBSPPA0_LBSPPB128_LPA0_LPB2_LDL1_LRVW1_LWPMn1_LDW0_FMA_MIAV1_MDA2_MO40_MMFSC_MKFGSU256_NTA0_NTB0_NTC3_NTD3_NEPBS4_NLCA1_NLCB1_ONLL1_OPLV0_PK0_PAP0_PGR2_PLR5_PKA0_SIA3_SLW1_SS1_SU0_SUM0_SUS0_SCIUI1_SPO1_SRVW0_SSO6_SVW2_SNLL0_TSGRA0_TSGRB0_TT2_32_TLDS1_UMLDSA0_UMLDSB1_U64SL1_USFGROn1_VAW1_VSn1_VW2_VWB1_VFLRP0_WSGRA0_WSGRB0_WS64_WG32_8_1_WGM6",26054,6448491129917273,6448491129922161,0,17408,256,1,1,768,3,1
"KERNEL_DISPATCH",1,1,234879,825,68,"void rocsolver::v32802::getf2_npvt_small_kernel<16, double, int, int, double*>(int, double*, long, int, long, int*, int, int)",26057,6448491129929198,6448491129937971,0,136,192,1,1,192,1,1
"KERNEL_DISPATCH",1,1,234879,826,185,"void rocsolver::v32802::unit_forward_substitution_kernel<double, int, double*>(int, int, double*, int, int, long, long, double*, int, int, long, long)",26062,6448491129952888,6448491129962983,0,512,16,64,1,16,192,1
"KERNEL_DISPATCH",1,1,234879,827,977,"Cijk_Ailk_Bljk_DB_MT128x64x16_MI16x16x4x1_SN_1LDSB1_APM1_ABV0_ACED0_AF0EM2_AF1EM2_AMAS3_ASE_ASGT_ASLT_ASM_ASAE01_ASCE01_ASEM2_AAC0_BL1_BS1_CLR0_DTLA0_DTLB0_DTVA1_DTVB0_DVO0_ETSP_EPS1_ELFLR0_EMLL0_FSSC10_FL0_GLVWA2_GLVWB2_GRCGA1_GRCGB1_GRPM1_GRVW2_GSU1_GSUASB_GLS0_ISA942_IU1_K1_KLA_LBSPPA0_LBSPPB0_LPA0_LPB2_LDL1_LRVW1_LWPMn1_LDW0_FMA_MIAV1_MDA2_MO40_MMFSC_MKFGSU256_NTA0_NTB0_NTC3_NTD3_NEPBS4_NLCA1_NLCB1_ONLL1_OPLV0_PK0_PAP0_PGR2_PLR5_PKA0_SIA3_SLW1_SS1_SU0_SUM0_SUS0_SCIUI1_SPO1_SRVW0_SSO6_SVW2_SNLL0_TSGRA0_TSGRB0_TT2_64_TLDS0_UMLDSA0_UMLDSB0_U64SL1_USFGROn1_VAW1_VSn1_VW2_VWB1_VFLRP0_WSGRA0_WSGRB0_WS64_WG64_4_1_WGM6",26065,6448491129966866,6448491129978123,0,8448,256,1,1,512,3,1
"KERNEL_DISPATCH",1,1,234879,828,68,"void rocsolver::v32802::getf2_npvt_small_kernel<16, double, int, int, double*>(int, double*, long, int, long, int*, int, int)",26068,6448491129979195,6448491129987007,0,136,176,1,1,176,1,1
"KERNEL_DISPATCH",1,1,234879,829,185,"void rocsolver::v32802::unit_forward_substitution_kernel<double, int, double*>(int, int, double*, int, int, long, long, double*, int, int, long, long)",26073,6448491129993670,6448491130003005,0,512,16,64,1,16,192,1
"KERNEL_DISPATCH",1,1,234879,830,977,"Cijk_Ailk_Bljk_DB_MT128x64x16_MI16x16x4x1_SN_1LDSB1_APM1_ABV0_ACED0_AF0EM2_AF1EM2_AMAS3_ASE_ASGT_ASLT_ASM_ASAE01_ASCE01_ASEM2_AAC0_BL1_BS1_CLR0_DTLA0_DTLB0_DTVA1_DTVB0_DVO0_ETSP_EPS1_ELFLR0_EMLL0_FSSC10_FL0_GLVWA2_GLVWB2_GRCGA1_GRCGB1_GRPM1_GRVW2_GSU1_GSUASB_GLS0_ISA942_IU1_K1_KLA_LBSPPA0_LBSPPB0_LPA0_LPB2_LDL1_LRVW1_LWPMn1_LDW0_FMA_MIAV1_MDA2_MO40_MMFSC_MKFGSU256_NTA0_NTB0_NTC3_NTD3_NEPBS4_NLCA1_NLCB1_ONLL1_OPLV0_PK0_PAP0_PGR2_PLR5_PKA0_SIA3_SLW1_SS1_SU0_SUM0_SUS0_SCIUI1_SPO1_SRVW0_SSO6_SVW2_SNLL0_TSGRA0_TSGRB0_TT2_64_TLDS0_UMLDSA0_UMLDSB0_U64SL1_USFGROn1_VAW1_VSn1_VW2_VWB1_VFLRP0_WSGRA0_WSGRB0_WS64_WG64_4_1_WGM6",26076,6448491130018388,6448491130026000,0,8448,256,1,1,512,3,1
"KERNEL_DISPATCH",1,1,234879,831,68,"void rocsolver::v32802::getf2_npvt_small_kernel<16, double, int, int, double*>(int, double*, long, int, long, int*, int, int)",26079,6448491130032530,6448491130041263,0,136,160,1,1,160,1,1
"KERNEL_DISPATCH",1,1,234879,832,185,"void rocsolver::v32802::unit_forward_substitution_kernel<double, int, double*>(int, int, double*, int, int, long, long, double*, int, int, long, long)",26084,6448491130048180,6448491130058196,0,512,16,64,1,16,192,1
"KERNEL_DISPATCH",1,1,234879,833,817,"Cijk_Ailk_Bljk_DB_MT128x64x16_MI16x16x4x1_SN_1LDSB1_APM1_ABV0_ACED0_AF0EM2_AF1EM2_AMAS3_ASE_ASGT_ASLT_ASM_ASAE01_ASCE01_ASEM2_AAC0_BL1_BS1_CLR0_DTLA0_DTLB0_DTVA0_DTVB0_DVO0_ETSP_EPS1_ELFLR0_EMLL0_FSSC10_FL0_GLVWA2_GLVWB2_GRCGA1_GRCGB1_GRPM1_GRVW2_GSU1_GSUASB_GLS0_ISA942_IU1_K1_KLA_LBSPPA0_LBSPPB0_LPA0_LPB2_LDL1_LRVW1_LWPMn1_LDW0_FMA_MIAV1_MDA2_MO40_MMFSC_MKFGSU256_NTA0_NTB0_NTC3_NTD3_NEPBS0_NLCA1_NLCB1_ONLL1_OPLV0_PK0_PAP0_PGR2_PLR5_PKA0_SIA3_SLW1_SS1_SU0_SUM0_SUS0_SCIUI1_SPO1_SRVW0_SSO6_SVW2_SNLL0_TSGRA0_TSGRB0_TT2_64_TLDS0_UMLDSA0_UMLDSB0_U64SL1_USFGROn1_VAW1_VSn1_VW2_VWB1_VFLRP0_WSGRA0_WSGRB0_WS64_WG64_4_1_WGM6",26087,6448491130073859,6448491130085397,0,24832,256,1,1,512,3,1
"KERNEL_DISPATCH",1,1,234879,834,68,"void rocsolver::v32802::getf2_npvt_small_kernel<16, double, int, int, double*>(int, double*, long, int, long, int*, int, int)",26090,6448491130085491,6448491130093784,0,136,144,1,1,144,1,1
"KERNEL_DISPATCH",1,1,234879,835,185,"void rocsolver::v32802::unit_forward_substitution_kernel<double, int, double*>(int, int, double*, int, int, long, long, double*, int, int, long, long)",26095,6448491130095707,6448491130106443,0,512,16,64,1,16,128,1
"KERNEL_DISPATCH",1,1,234879,836,817,"Cijk_Ailk_Bljk_DB_MT128x64x16_MI16x16x4x1_SN_1LDSB1_APM1_ABV0_ACED0_AF0EM2_AF1EM2_AMAS3_ASE_ASGT_ASLT_ASM_ASAE01_ASCE01_ASEM2_AAC0_BL1_BS1_CLR0_DTLA0_DTLB0_DTVA0_DTVB0_DVO0_ETSP_EPS1_ELFLR0_EMLL0_FSSC10_FL0_GLVWA2_GLVWB2_GRCGA1_GRCGB1_GRPM1_GRVW2_GSU1_GSUASB_GLS0_ISA942_IU1_K1_KLA_LBSPPA0_LBSPPB0_LPA0_LPB2_LDL1_LRVW1_LWPMn1_LDW0_FMA_MIAV1_MDA2_MO40_MMFSC_MKFGSU256_NTA0_NTB0_NTC3_NTD3_NEPBS0_NLCA1_NLCB1_ONLL1_OPLV0_PK0_PAP0_PGR2_PLR5_PKA0_SIA3_SLW1_SS1_SU0_SUM0_SUS0_SCIUI1_SPO1_SRVW0_SSO6_SVW2_SNLL0_TSGRA0_TSGRB0_TT2_64_TLDS0_UMLDSA0_UMLDSB0_U64SL1_USFGROn1_VAW1_VSn1_VW2_VWB1_VFLRP0_WSGRA0_WSGRB0_WS64_WG64_4_1_WGM6",26098,6448491130116098,6448491130122788,0,24832,256,1,1,256,2,1
"KERNEL_DISPATCH",1,1,234879,837,68,"void rocsolver::v32802::getf2_npvt_small_kernel<16, double, int, int, double*>(int, double*, long, int, long, int*, int, int)",26101,6448491130128036,6448491130135928,0,136,128,1,1,128,1,1
"KERNEL_DISPATCH",1,1,234879,838,185,"void rocsolver::v32802::unit_forward_substitution_kernel<double, int, double*>(int, int, double*, int, int, long, long, double*, int, int, long, long)",26106,6448491130144742,6448491130153796,0,512,16,64,1,16,128,1
"KERNEL_DISPATCH",1,1,234879,839,1178,"Cijk_Ailk_Bljk_DB_MT128x64x16_MI16x16x4x1_SN_1LDSB1_APM1_ABV0_ACED0_AF0EM2_AF1EM2_AMAS3_ASE_ASGT_ASLT_ASM_ASAE01_ASCE01_ASEM2_AAC0_BL1_BS1_CLR0_DTLA0_DTLB0_DTVA0_DTVB0_DVO0_ETSP_EPS1_ELFLR0_EMLL0_FSSC10_FL0_GLVWA2_GLVWB2_GRCGA1_GRCGB1_GRPM1_GRVW2_GSU1_GSUASB_GLS0_ISA942_IU1_K1_KLA_LBSPPA0_LBSPPB0_LPA0_LPB2_LDL1_LRVW1_LWPMn1_LDW0_FMA_MIAV1_MDA2_MO40_MMFSC_MKFGSU256_NTA0_NTB0_NTC3_NTD3_NEPBS0_NLCA1_NLCB1_ONLL1_OPLV0_PK0_PAP0_PGR2_PLR1_PKA0_SIA3_SLW1_SS1_SU0_SUM0_SUS0_SCIUI1_SPO1_SRVW0_SSO6_SVW2_SNLL0_TSGRA0_TSGRB0_TT2_64_TLDS0_UMLDSA0_UMLDSB0_U64SL1_USFGROn1_VAW1_VSn1_VW2_VWB1_VFLRP0_WSGRA0_WSGRB0_WS64_WG64_4_1_WGM6",26109,6448491130165213,6448491130175149,0,24832,256,1,1,256,2,1
"KERNEL_DISPATCH",1,1,234879,840,68,"void rocsolver::v32802::getf2_npvt_small_kernel<16, double, int, int, double*>(int, double*, long, int, long, int*, int, int)",26112,6448491130177913,6448491130186967,0,136,112,1,1,112,1,1
"KERNEL_DISPATCH",1,1,234879,841,185,"void rocsolver::v32802::unit_forward_substitution_kernel<double, int, double*>(int, int, double*, int, int, long, long, double*, int, int, long, long)",26117,6448491130185501,6448491130195436,0,512,16,64,1,16,128,1
"KERNEL_DISPATCH",1,1,234879,842,999,"Cijk_Ailk_Bljk_DB_MT128x64x16_MI16x16x4x1_SN_1LDSB1_APM1_ABV0_ACED0_AF0EM2_AF1EM2_AMAS3_ASE_ASGT_ASLT_ASM_ASAE01_ASCE01_ASEM2_AAC0_BL1_BS1_CLR0_DTLA0_DTLB0_DTVA1_DTVB0_DVO0_ETSP_EPS1_ELFLR0_EMLL0_FSSC10_FL0_GLVWA2_GLVWB2_GRCGA1_GRCGB1_GRPM1_GRVW2_GSU1_GSUASB_GLS0_ISA942_IU1_K1_KLA_LBSPPA0_LBSPPB0_LPA0_LPB2_LDL1_LRVW1_LWPMn1_LDW0_FMA_MIAV1_MDA2_MO40_MMFSC_MKFGSU256_NTA0_NTB0_NTC3_NTD3_NEPBS0_NLCA1_NLCB1_ONLL1_OPLV0_PK0_PAP0_PGR2_PLR5_PKA0_SIA3_SLW1_SS1_SU0_SUM0_SUS0_SCIUI1_SPO1_SRVW0_SSO6_SVW2_SNLL0_TSGRA0_TSGRB0_TT2_64_TLDS0_UMLDSA0_UMLDSB0_U64SL1_USFGROn1_VAW1_VSn1_VW2_VWB1_VFLRP0_WSGRA0_WSGRB0_WS64_WG64_4_1_WGM12",26120,6448491130211044,6448491130220098,0,8448,256,1,1,256,2,1
"KERNEL_DISPATCH",1,1,234879,843,68,"void rocsolver::v32802::getf2_npvt_small_kernel<16, double, int, int, double*>(int, double*, long, int, long, int*, int, int)",26123,6448491130221980,6448491130229552,0,136,96,1,1,96,1,1
"KERNEL_DISPATCH",1,1,234879,844,185,"void rocsolver::v32802::unit_forward_substitution_kernel<double, int, double*>(int, int, double*, int, int, long, long, double*, int, int, long, long)",26128,6448491130231715,6448491130242332,0,512,16,64,1,16,128,1
"KERNEL_DISPATCH",1,1,234879,845,759,"Cijk_Ailk_Bljk_DB_MT64x64x16_MI16x16x4x1_SN_1LDSB1_APM1_ABV0_ACED0_AF0EM2_AF1EM2_AMAS3_ASE_ASGT_ASLT_ASM_ASAE01_ASCE01_ASEM2_AAC0_BL1_BS1_CLR0_DTLA0_DTLB0_DTVA0_DTVB0_DVO0_ETSP_EPS1_ELFLR0_EMLL0_FSSC10_FL0_GLVWA2_GLVWB2_GRCGA1_GRCGB1_GRPM1_GRVW2_GSU1_GSUASB_GLS0_ISA942_IU1_K1_KLA_LBSPPA0_LBSPPB0_LPA0_LPB2_LDL1_LRVW1_LWPMn1_LDW0_FMA_MIAV1_MDA2_MO40_MMFSC_MKFGSU256_NTA0_NTB0_NTC3_NTD3_NEPBS4_NLCA1_NLCB1_ONLL1_OPLV0_PK0_PAP0_PGR2_PLR5_PKA0_SIA3_SLW1_SS1_SU0_SUM0_SUS0_SCIUI1_SPO1_SRVW0_SSO6_SVW2_SNLL0_TSGRA0_TSGRB0_TT2_32_TLDS0_UMLDSA0_UMLDSB0_U64SL1_USFGROn1_VAW1_VSn1_VW2_VWB1_VFLRP0_WSGRA0_WSGRB0_WS64_WG32_8_1_WGM6",26131,6448491130250985,6448491130259077,0,16640,256,1,1,512,2,1
"KERNEL_DISPATCH",1,1,234879,846,68,"void rocsolver::v32802::getf2_npvt_small_kernel<16, double, int, int, double*>(int, double*, long, int, long, int*, int, int)",26134,6448491130261161,6448491130269373,0,136,80,1,1,80,1,1
"KERNEL_DISPATCH",1,1,234879,847,185,"void rocsolver::v32802::unit_forward_substitution_kernel<double, int, double*>(int, int, double*, int, int, long, long, double*, int, int, long, long)",26139,6448491130278267,6448491130288282,0,512,16,64,1,16,64,1
"KERNEL_DISPATCH",1,1,234879,848,814,"Cijk_Ailk_Bljk_DB_MT64x64x16_MI16x16x4x1_SN_1LDSB1_APM1_ABV0_ACED0_AF0EM2_AF1EM2_AMAS0_ASE_ASGT_ASLT_ASM_ASAE01_ASCE01_ASEM2_AAC0_BL1_BS1_CLR0_DTLA0_DTLB0_DTVA1_DTVB0_DVO0_ETSP_EPS1_ELFLR0_EMLL0_FSSC10_FL0_GLVWA1_GLVWB1_GRCGA1_GRCGB1_GRPM1_GRVW1_GSU1_GSUASB_GLS0_ISA942_IU1_K1_KLA_LBSPPA0_LBSPPB128_LPA0_LPB4_LDL1_LRVW2_LWPMn1_LDW0_FMA_MIAV1_MDA2_MO40_MMFSC_MKFGSU256_NTA0_NTB0_NTC3_NTD3_NEPBS0_NLCA1_NLCB1_ONLL1_OPLV0_PK0_PAP0_PGR2_PLR5_PKA0_SIA3_SLW1_SS1_SU0_SUM0_SUS0_SCIUI1_SPO1_SRVW0_SSO6_SVW1_SNLL0_TSGRA0_TSGRB0_TT1_64_TLDS1_UMLDSA0_UMLDSB1_U64SL1_USFGROn1_VAW1_VSn1_VW1_VWB1_VFLRP0_WSGRA0_WSGRB0_WS64_WG64_4_1_WGM6",26142,6448491130299299,6448491130307071,0,10240,256,1,1,256,1,1
"KERNEL_DISPATCH",1,1,234879,849,68,"void rocsolver::v32802::getf2_npvt_small_kernel<16, double, int, int, double*>(int, double*, long, int, long, int*, int, int)",26145,6448491130311598,6448491130319770,0,136,64,1,1,64,1,1
"KERNEL_DISPATCH",1,1,234879,850,185,"void rocsolver::v32802::unit_forward_substitution_kernel<double, int, double*>(int, int, double*, int, int, long, long, double*, int, int, long, long)",26150,6448491130326701,6448491130335635,0,512,16,64,1,16,64,1
"KERNEL_DISPATCH",1,1,234879,851,744,"Cijk_Ailk_Bljk_DB_MT64x64x16_MI16x16x4x1_SN_1LDSB1_APM1_ABV0_ACED0_AF0EM2_AF1EM2_AMAS3_ASE_ASGT_ASLT_ASM_ASAE01_ASCE01_ASEM2_AAC0_BL1_BS1_CLR0_DTLA0_DTLB0_DTVA0_DTVB0_DVO0_ETSP_EPS1_ELFLR0_EMLL0_FSSC10_FL0_GLVWA2_GLVWB2_GRCGA1_GRCGB1_GRPM1_GRVW2_GSU1_GSUASB_GLS0_ISA942_IU1_K1_KLA_LBSPPA0_LBSPPB128_LPA0_LPB4_LDL1_LRVW2_LWPMn1_LDW0_FMA_MIAV1_MDA2_MO40_MMFSC_MKFGSU256_NTA0_NTB0_NTC3_NTD3_NEPBS0_NLCA1_NLCB1_ONLL1_OPLV0_PK0_PAP0_PGR2_PLR5_PKA0_SIA3_SLW1_SS1_SU0_SUM0_SUS0_SCIUI1_SPO1_SRVW0_SSO6_SVW2_SNLL0_TSGRA0_TSGRB0_TT2_32_TLDS1_UMLDSA0_UMLDSB1_U64SL1_USFGROn1_VAW1_VSn1_VW2_VWB1_VFLRP0_WSGRA0_WSGRB0_WS64_WG32_8_1_WGM6",26153,6448491130344689,6448491130351739,0,18432,256,1,1,256,1,1
"KERNEL_DISPATCH",1,1,234879,852,68,"void rocsolver::v32802::getf2_npvt_small_kernel<16, double, int, int, double*>(int, double*, long, int, long, int*, int, int)",26156,6448491130357869,6448491130365841,0,136,48,1,1,48,1,1
"KERNEL_DISPATCH",1,1,234879,853,185,"void rocsolver::v32802::unit_forward_substitution_kernel<double, int, double*>(int, int, double*, int, int, long, long, double*, int, int, long, long)",26161,6448491130368806,6448491130376337,0,512,16,64,1,16,64,1
"KERNEL_DISPATCH",1,1,234879,854,754,"Cijk_Ailk_Bljk_DB_MT32x64x32_MI16x16x4x1_SN_1LDSB1_APM1_ABV0_ACED0_AF0EM2_AF1EM2_AMAS3_ASE_ASGT_ASLT_ASM_ASAE01_ASCE01_ASEM2_AAC0_BL1_BS1_CLR0_DTLA0_DTLB0_DTVA0_DTVB0_DVO0_ETSP_EPS1_ELFLR0_EMLL0_FSSC10_FL0_GLVWA2_GLVWB2_GRCGA1_GRCGB1_GRPM1_GRVW2_GSU1_GSUASB_GLS0_ISA942_IU1_K1_KLA_LBSPPA0_LBSPPB256_LPA0_LPB4_LDL1_LRVW2_LWPMn1_LDW0_FMA_MIAV1_MDA2_MO40_MMFSC_MKFGSU256_NTA0_NTB0_NTC3_NTD3_NEPBS0_NLCA1_NLCB1_ONLL1_OPLV0_PK0_PAP0_PGR2_PLR9_PKA0_SIA3_SLW1_SS1_SU0_SUM0_SUS0_SCIUI1_SPO1_SRVW0_SSO6_SVW2_SNLL0_TSGRA0_TSGRB0_TT2_16_TLDS1_UMLDSA0_UMLDSB1_U64SL1_USFGROn1_VAW1_VSn1_VW2_VWB1_VFLRP0_WSGRA0_WSGRB0_WS64_WG16_16_1_WGM6",26164,6448491130388275,6448491130394044,0,26624,256,1,1,256,1,1
"KERNEL_DISPATCH",1,1,234879,855,68,"void rocsolver::v32802::getf2_npvt_small_kernel<16, double, int, int, double*>(int, double*, long, int, long, int*, int, int)",26167,6448491130402177,6448491130410149,0,136,32,1,1,32,1,1
"KERNEL_DISPATCH",1,1,234879,856,185,"void rocsolver::v32802::unit_forward_substitution_kernel<double, int, double*>(int, int, double*, int, int, long, long, double*, int, int, long, long)",26172,6448491130417160,6448491130425052,0,512,16,64,1,16,64,1
"KERNEL_DISPATCH",1,1,234879,857,754,"Cijk_Ailk_Bljk_DB_MT32x64x32_MI16x16x4x1_SN_1LDSB1_APM1_ABV0_ACED0_AF0EM2_AF1EM2_AMAS3_ASE_ASGT_ASLT_ASM_ASAE01_ASCE01_ASEM2_AAC0_BL1_BS1_CLR0_DTLA0_DTLB0_DTVA0_DTVB0_DVO0_ETSP_EPS1_ELFLR0_EMLL0_FSSC10_FL0_GLVWA2_GLVWB2_GRCGA1_GRCGB1_GRPM1_GRVW2_GSU1_GSUASB_GLS0_ISA942_IU1_K1_KLA_LBSPPA0_LBSPPB256_LPA0_LPB4_LDL1_LRVW2_LWPMn1_LDW0_FMA_MIAV1_MDA2_MO40_MMFSC_MKFGSU256_NTA0_NTB0_NTC3_NTD3_NEPBS0_NLCA1_NLCB1_ONLL1_OPLV0_PK0_PAP0_PGR2_PLR9_PKA0_SIA3_SLW1_SS1_SU0_SUM0_SUS0_SCIUI1_SPO1_SRVW0_SSO6_SVW2_SNLL0_TSGRA0_TSGRB0_TT2_16_TLDS1_UMLDSA0_UMLDSB1_U64SL1_USFGROn1_VAW1_VSn1_VW2_VWB1_VFLRP0_WSGRA0_WSGRB0_WS64_WG16_16_1_WGM6",26175,6448491130435147,6448491130439434,0,26624,256,1,1,256,1,1
"KERNEL_DISPATCH",1,1,234879,858,68,"void rocsolver::v32802::getf2_npvt_small_kernel<16, double, int, int, double*>(int, double*, long, int, long, int*, int, int)",26178,6448491130455805,6448491130464819,0,136,16,1,1,16,1,1
"KERNEL_DISPATCH",1,1,234879,859,1399,"void rocblas_trtri_trsm_kernel<128, 16, 8, double, double const*, double*>(rocblas_fill_, rocblas_diagonal_, double const*, long, int, long, double*, long, long, int)",26182,6448491130474127,6448491130505415,0,8192,256,1,1,4096,1,1
"KERNEL_DISPATCH",1,1,234879,860,1443,"void rocblas_trtri_fill<128, double, double*>(_rocblas_handle*, rocblas_fill_, int, long, int, long, double*, long, long, int, int)",26187,6448491130505415,6448491130508420,0,0,128,1,1,32512,1,1
"KERNEL_DISPATCH",1,1,234879,861,997,"Cijk_Ailk_Bljk_DB_MT64x32x16_MI16x16x4x1_SN_1LDSB1_APM1_ABV0_ACED0_AF0EM2_AF1EM2_AMAS0_ASE_ASGT_ASLT_ASM_ASAE01_ASCE01_ASEM2_AAC0_BL1_BS1_CLR0_DTLA0_DTLB0_DTVA1_DTVB0_DVO0_ETSP_EPS1_ELFLR0_EMLL0_FSSC10_FL0_GLVWA1_GLVWB1_GRCGA1_GRCGB1_GRPM1_GRVW1_GSU1_GSUASB_GLS0_ISA942_IU1_K1_KLA_LBSPPA0_LBSPPB128_LPA0_LPB4_LDL1_LRVW2_LWPMn1_LDW0_FMA_MIAV1_MDA2_MO40_MMFSC_MKFGSU256_NTA0_NTB0_NTC3_NTD3_NEPBS0_NLCA1_NLCB1_ONLL1_OPLV0_PK0_PAP0_PGR2_PLR5_PKA0_SIA3_SLW1_SS1_SU0_SUM0_SUS0_SCIUI1_SPO1_SRVW0_SSO6_SVW1_SNLL0_TSGRA0_TSGRB0_TT1_32_TLDS1_UMLDSA0_UMLDSB1_U64SL1_USFGROn1_VAW1_VSn1_VW1_VWB1_VFLRP0_WSGRA0_WSGRB0_WS64_WG64_4_1_WGM12",26191,6448491130508420,6448491130515230,0,5120,256,1,1,256,1,4
"KERNEL_DISPATCH",1,1,234879,862,997,"Cijk_Ailk_Bljk_DB_MT64x32x16_MI16x16x4x1_SN_1LDSB1_APM1_ABV0_ACED0_AF0EM2_AF1EM2_AMAS0_ASE_ASGT_ASLT_ASM_ASAE01_ASCE01_ASEM2_AAC0_BL1_BS1_CLR0_DTLA0_DTLB0_DTVA1_DTVB0_DVO0_ETSP_EPS1_ELFLR0_EMLL0_FSSC10_FL0_GLVWA1_GLVWB1_GRCGA1_GRCGB1_GRPM1_GRVW1_GSU1_GSUASB_GLS0_ISA942_IU1_K1_KLA_LBSPPA0_LBSPPB128_LPA0_LPB4_LDL1_LRVW2_LWPMn1_LDW0_FMA_MIAV1_MDA2_MO40_MMFSC_MKFGSU256_NTA0_NTB0_NTC3_NTD3_NEPBS0_NLCA1_NLCB1_ONLL1_OPLV0_PK0_PAP0_PGR2_PLR5_PKA0_SIA3_SLW1_SS1_SU0_SUM0_SUS0_SCIUI1_SPO1_SRVW0_SSO6_SVW1_SNLL0_TSGRA0_TSGRB0_TT1_32_TLDS1_UMLDSA0_UMLDSB1_U64SL1_USFGROn1_VAW1_VSn1_VW1_VWB1_VFLRP0_WSGRA0_WSGRB0_WS64_WG64_4_1_WGM12",26194,6448491130518796,6448491130524124,0,5120,256,1,1,256,1,4
"KERNEL_DISPATCH",1,1,234879,863,997,"Cijk_Ailk_Bljk_DB_MT64x32x16_MI16x16x4x1_SN_1LDSB1_APM1_ABV0_ACED0_AF0EM2_AF1EM2_AMAS0_ASE_ASGT_ASLT_ASM_ASAE01_ASCE01_ASEM2_AAC0_BL1_BS1_CLR0_DTLA0_DTLB0_DTVA1_DTVB0_DVO0_ETSP_EPS1_ELFLR0_EMLL0_FSSC10_FL0_GLVWA1_GLVWB1_GRCGA1_GRCGB1_GRPM1_GRVW1_GSU1_GSUASB_GLS0_ISA942_IU1_K1_KLA_LBSPPA0_LBSPPB128_LPA0_LPB4_LDL1_LRVW2_LWPMn1_LDW0_FMA_MIAV1_MDA2_MO40_MMFSC_MKFGSU256_NTA0_NTB0_NTC3_NTD3_NEPBS0_NLCA1_NLCB1_ONLL1_OPLV0_PK0_PAP0_PGR2_PLR5_PKA0_SIA3_SLW1_SS1_SU0_SUM0_SUS0_SCIUI1_SPO1_SRVW0_SSO6_SVW1_SNLL0_TSGRA0_TSGRB0_TT1_32_TLDS1_UMLDSA0_UMLDSB1_U64SL1_USFGROn1_VAW1_VSn1_VW1_VWB1_VFLRP0_WSGRA0_WSGRB0_WS64_WG64_4_1_WGM12",26197,6448491130544475,6448491130549162,0,5120,256,1,1,256,1,4
"KERNEL_DISPATCH",1,1,234879,864,997,"Cijk_Ailk_Bljk_DB_MT64x32x16_MI16x16x4x1_SN_1LDSB1_APM1_ABV0_ACED0_AF0EM2_AF1EM2_AMAS0_ASE_ASGT_ASLT_ASM_ASAE01_ASCE01_ASEM2_AAC0_BL1_BS1_CLR0_DTLA0_DTLB0_DTVA1_DTVB0_DVO0_ETSP_EPS1_ELFLR0_EMLL0_FSSC10_FL0_GLVWA1_GLVWB1_GRCGA1_GRCGB1_GRPM1_GRVW1_GSU1_GSUASB_GLS0_ISA942_IU1_K1_KLA_LBSPPA0_LBSPPB128_LPA0_LPB4_LDL1_LRVW2_LWPMn1_LDW0_FMA_MIAV1_MDA2_MO40_MMFSC_MKFGSU256_NTA0_NTB0_NTC3_NTD3_NEPBS0_NLCA1_NLCB1_ONLL1_OPLV0_PK0_PAP0_PGR2_PLR5_PKA0_SIA3_SLW1_SS1_SU0_SUM0_SUS0_SCIUI1_SPO1_SRVW0_SSO6_SVW1_SNLL0_TSGRA0_TSGRB0_TT1_32_TLDS1_UMLDSA0_UMLDSB1_U64SL1_USFGROn1_VAW1_VSn1_VW1_VWB1_VFLRP0_WSGRA0_WSGRB0_WS64_WG64_4_1_WGM12",26200,6448491130561701,6448491130566909,0,5120,256,1,1,256,1,4
"KERNEL_DISPATCH",1,1,234879,865,970,"Cijk_Ailk_Bljk_DB_MT64x64x32_MI16x16x4x1_SN_1LDSB1_APM1_ABV0_ACED0_AF0EM2_AF1EM2_AMAS0_ASE_ASGT_ASLT_ASM_ASAE01_ASCE01_ASEM2_AAC0_BL1_BS1_CLR0_DTLA0_DTLB0_DTVA0_DTVB0_DVO0_ETSP_EPS1_ELFLR0_EMLL0_FSSC10_FL0_GLVWA1_GLVWB1_GRCGA1_GRCGB1_GRPM1_GRVW1_GSU1_GSUASB_GLS0_ISA942_IU1_K1_KLA_LBSPPA0_LBSPPB0_LPA0_LPB1_LDL1_LRVW1_LWPMn1_LDW0_FMA_MIAV1_MDA2_MO40_MMFSC_MKFGSU256_NTA0_NTB0_NTC3_NTD3_NEPBS0_NLCA1_NLCB1_ONLL1_OPLV0_PK0_PAP0_PGR2_PLR9_PKA0_SIA3_SLW1_SS1_SU0_SUM0_SUS0_SCIUI1_SPO1_SRVW0_SSO6_SVW1_SNLL0_TSGRA0_TSGRB0_TT2_32_TLDS0_UMLDSA0_UMLDSB0_U64SL1_USFGROn1_VAW1_VSn1_VW1_VWB1_VFLRP0_WSGRA0_WSGRB0_WS64_WG32_8_1_WGM6",26203,6448491130579208,6448491130587220,0,33024,256,1,1,256,1,4
"KERNEL_DISPATCH",1,1,234879,866,970,"Cijk_Ailk_Bljk_DB_MT64x64x32_MI16x16x4x1_SN_1LDSB1_APM1_ABV0_ACED0_AF0EM2_AF1EM2_AMAS0_ASE_ASGT_ASLT_ASM_ASAE01_ASCE01_ASEM2_AAC0_BL1_BS1_CLR0_DTLA0_DTLB0_DTVA0_DTVB0_DVO0_ETSP_EPS1_ELFLR0_EMLL0_FSSC10_FL0_GLVWA1_GLVWB1_GRCGA1_GRCGB1_GRPM1_GRVW1_GSU1_GSUASB_GLS0_ISA942_IU1_K1_KLA_LBSPPA0_LBSPPB0_LPA0_LPB1_LDL1_LRVW1_LWPMn1_LDW0_FMA_MIAV1_MDA2_MO40_MMFSC_MKFGSU256_NTA0_NTB0_NTC3_NTD3_NEPBS0_NLCA1_NLCB1_ONLL1_OPLV0_PK0_PAP0_PGR2_PLR9_PKA0_SIA3_SLW1_SS1_SU0_SUM0_SUS0_SCIUI1_SPO1_SRVW0_SSO6_SVW1_SNLL0_TSGRA0_TSGRB0_TT2_32_TLDS0_UMLDSA0_UMLDSB0_U64SL1_USFGROn1_VAW1_VSn1_VW1_VWB1_VFLRP0_WSGRA0_WSGRB0_WS64_WG32_8_1_WGM6",26206,6448491130597556,6448491130606610,0,33024,256,1,1,256,1,4
"KERNEL_DISPATCH",1,1,234879,867,1471,"void rocblas_copy_matrix_trsm<128, 8, double, double*, double*>(int, int, int, double*, int, long, double*, int, long, long, long, int)",26210,6448491130606610,6448491130612018,0,0,128,8,1,4608,128,1
"KERNEL_DISPATCH",1,1,234879,868,1042,"Cijk_Ailk_Bljk_DB_MT80x64x32_MI16x16x4x1_SN_1LDSB1_APM1_ABV0_ACED0_AF0EM1_AF1EM1_AMAS0_ASE_ASGT_ASLT1257_ASM_ASAE01_ASCE01_ASEM1_AAC0_BL1_BS1_CLR0_DTLA0_DTLB0_DTVA0_DTVB0_DVO0_ETB_EPS1_ELFLR0_EMLL0_FSSC10_FL0_GLVWA2_GLVWB2_GRCGA1_GRCGB1_GRPM1_GRVWn1_GSU1_GSUASB_GLS0_ISA942_IU1_K1_KLA_LBSPPA0_LBSPPB256_LPA0_LPB4_LDL1_LRVW2_LWPMn1_LDW0_FMA_MIAV1_MDA2_MO40_MMFSC_MKFGSU256_NTA0_NTB0_NTC0_NTD0_NEPBS4_NLCA5_NLCB1_ONLL1_OPLV0_PK0_PAP0_PGR2_PLR9_PKA0_SIA3_SLW1_SS1_SU0_SUM0_SUS0_SCIUI1_SPO0_SRVW0_SSO0_SVW1_SNLL0_TSGRA0_TSGRB0_TT5_16_TLDS1_UMLDSA0_UMLDSB1_U64SL1_USFGROn1_VAW1_VSn1_VW1_VWB1_VFLRP0_WSGRA0_WSGRB0_WS64_WG16_16_1_WGM1",26214,6448491130629902,6448491130649492,0,38912,256,1,1,14848,2,1
"KERNEL_DISPATCH",1,1,234879,869,1042,"Cijk_Ailk_Bljk_DB_MT80x64x32_MI16x16x4x1_SN_1LDSB1_APM1_ABV0_ACED0_AF0EM1_AF1EM1_AMAS0_ASE_ASGT_ASLT1257_ASM_ASAE01_ASCE01_ASEM1_AAC0_BL1_BS1_CLR0_DTLA0_DTLB0_DTVA0_DTVB0_DVO0_ETB_EPS1_ELFLR0_EMLL0_FSSC10_FL0_GLVWA2_GLVWB2_GRCGA1_GRCGB1_GRPM1_GRVWn1_GSU1_GSUASB_GLS0_ISA942_IU1_K1_KLA_LBSPPA0_LBSPPB256_LPA0_LPB4_LDL1_LRVW2_LWPMn1_LDW0_FMA_MIAV1_MDA2_MO40_MMFSC_MKFGSU256_NTA0_NTB0_NTC0_NTD0_NEPBS4_NLCA5_NLCB1_ONLL1_OPLV0_PK0_PAP0_PGR2_PLR9_PKA0_SIA3_SLW1_SS1_SU0_SUM0_SUS0_SCIUI1_SPO0_SRVW0_SSO0_SVW1_SNLL0_TSGRA0_TSGRB0_TT5_16_TLDS1_UMLDSA0_UMLDSB1_U64SL1_USFGROn1_VAW1_VSn1_VW1_VWB1_VFLRP0_WSGRA0_WSGRB0_WS64_WG16_16_1_WGM1",26217,6448491130649796,6448491130668986,0,38912,256,1,1,14848,2,1
"KERNEL_DISPATCH",1,1,234879,870,1042,"Cijk_Ailk_Bljk_DB_MT80x64x32_MI16x16x4x1_SN_1LDSB1_APM1_ABV0_ACED0_AF0EM1_AF1EM1_AMAS0_ASE_ASGT_ASLT1257_ASM_ASAE01_ASCE01_ASEM1_AAC0_BL1_BS1_CLR0_DTLA0_DTLB0_DTVA0_DTVB0_DVO0_ETB_EPS1_ELFLR0_EMLL0_FSSC10_FL0_GLVWA2_GLVWB2_GRCGA1_GRCGB1_GRPM1_GRVWn1_GSU1_GSUASB_GLS0_ISA942_IU1_K1_KLA_LBSPPA0_LBSPPB256_LPA0_LPB4_LDL1_LRVW2_LWPMn1_LDW0_FMA_MIAV1_MDA2_MO40_MMFSC_MKFGSU256_NTA0_NTB0_NTC0_NTD0_NEPBS4_NLCA5_NLCB1_ONLL1_OPLV0_PK0_PAP0_PGR2_PLR9_PKA0_SIA3_SLW1_SS1_SU0_SUM0_SUS0_SCIUI1_SPO0_SRVW0_SSO0_SVW1_SNLL0_TSGRA0_TSGRB0_TT5_16_TLDS1_UMLDSA0_UMLDSB1_U64SL1_USFGROn1_VAW1_VSn1_VW1_VWB1_VFLRP0_WSGRA0_WSGRB0_WS64_WG16_16_1_WGM1",26220,6448491130668986,6448491130680163,0,38912,256,1,1,14848,2,1
"KERNEL_DISPATCH",1,1,234879,871,1042,"Cijk_Ailk_Bljk_DB_MT80x64x32_MI16x16x4x1_SN_1LDSB1_APM1_ABV0_ACED0_AF0EM1_AF1EM1_AMAS0_ASE_ASGT_ASLT1257_ASM_ASAE01_ASCE01_ASEM1_AAC0_BL1_BS1_CLR0_DTLA0_DTLB0_DTVA0_DTVB0_DVO0_ETB_EPS1_ELFLR0_EMLL0_FSSC10_FL0_GLVWA2_GLVWB2_GRCGA1_GRCGB1_GRPM1_GRVWn1_GSU1_GSUASB_GLS0_ISA942_IU1_K1_KLA_LBSPPA0_LBSPPB256_LPA0_LPB4_LDL1_LRVW2_LWPMn1_LDW0_FMA_MIAV1_MDA2_MO40_MMFSC_MKFGSU256_NTA0_NTB0_NTC0_NTD0_NEPBS4_NLCA5_NLCB1_ONLL1_OPLV0_PK0_PAP0_PGR2_PLR9_PKA0_SIA3_SLW1_SS1_SU0_SUM0_SUS0_SCIUI1_SPO0_SRVW0_SSO0_SVW1_SNLL0_TSGRA0_TSGRB0_TT5_16_TLDS1_UMLDSA0_UMLDSB1_U64SL1_USFGROn1_VAW1_VSn1_VW1_VWB1_VFLRP0_WSGRA0_WSGRB0_WS64_WG16_16_1_WGM1",26223,6448491130680163,6448491130695707,0,38912,256,1,1,14848,2,1
"KERNEL_DISPATCH",1,1,234879,872,1042,"Cijk_Ailk_Bljk_DB_MT80x64x32_MI16x16x4x1_SN_1LDSB1_APM1_ABV0_ACED0_AF0EM1_AF1EM1_AMAS0_ASE_ASGT_ASLT1257_ASM_ASAE01_ASCE01_ASEM1_AAC0_BL1_BS1_CLR0_DTLA0_DTLB0_DTVA0_DTVB0_DVO0_ETB_EPS1_ELFLR0_EMLL0_FSSC10_FL0_GLVWA2_GLVWB2_GRCGA1_GRCGB1_GRPM1_GRVWn1_GSU1_GSUASB_GLS0_ISA942_IU1_K1_KLA_LBSPPA0_LBSPPB256_LPA0_LPB4_LDL1_LRVW2_LWPMn1_LDW0_FMA_MIAV1_MDA2_MO40_MMFSC_MKFGSU256_NTA0_NTB0_NTC0_NTD0_NEPBS4_NLCA5_NLCB1_ONLL1_OPLV0_PK0_PAP0_PGR2_PLR9_PKA0_SIA3_SLW1_SS1_SU0_SUM0_SUS0_SCIUI1_SPO0_SRVW0_SSO0_SVW1_SNLL0_TSGRA0_TSGRB0_TT5_16_TLDS1_UMLDSA0_UMLDSB1_U64SL1_USFGROn1_VAW1_VSn1_VW1_VWB1_VFLRP0_WSGRA0_WSGRB0_WS64_WG16_16_1_WGM1",26226,6448491130697870,6448491130711892,0,38912,256,1,1,14848,2,1
"KERNEL_DISPATCH",1,1,234879,873,1042,"Cijk_Ailk_Bljk_DB_MT80x64x32_MI16x16x4x1_SN_1LDSB1_APM1_ABV0_ACED0_AF0EM1_AF1EM1_AMAS0_ASE_ASGT_ASLT1257_ASM_ASAE01_ASCE01_ASEM1_AAC0_BL1_BS1_CLR0_DTLA0_DTLB0_DTVA0_DTVB0_DVO0_ETB_EPS1_ELFLR0_EMLL0_FSSC10_FL0_GLVWA2_GLVWB2_GRCGA1_GRCGB1_GRPM1_GRVWn1_GSU1_GSUASB_GLS0_ISA942_IU1_K1_KLA_LBSPPA0_LBSPPB256_LPA0_LPB4_LDL1_LRVW2_LWPMn1_LDW0_FMA_MIAV1_MDA2_MO40_MMFSC_MKFGSU256_NTA0_NTB0_NTC0_NTD0_NEPBS4_NLCA5_NLCB1_ONLL1_OPLV0_PK0_PAP0_PGR2_PLR9_PKA0_SIA3_SLW1_SS1_SU0_SUM0_SUS0_SCIUI1_SPO0_SRVW0_SSO0_SVW1_SNLL0_TSGRA0_TSGRB0_TT5_16_TLDS1_UMLDSA0_UMLDSB1_U64SL1_USFGROn1_VAW1_VSn1_VW1_VWB1_VFLRP0_WSGRA0_WSGRB0_WS64_WG16_16_1_WGM1",26229,6448491130718862,6448491130737371,0,38912,256,1,1,14848,2,1
"KERNEL_DISPATCH",1,1,234879,874,1042,"Cijk_Ailk_Bljk_DB_MT80x64x32_MI16x16x4x1_SN_1LDSB1_APM1_ABV0_ACED0_AF0EM1_AF1EM1_AMAS0_ASE_ASGT_ASLT1257_ASM_ASAE01_ASCE01_ASEM1_AAC0_BL1_BS1_CLR0_DTLA0_DTLB0_DTVA0_DTVB0_DVO0_ETB_EPS1_ELFLR0_EMLL0_FSSC10_FL0_GLVWA2_GLVWB2_GRCGA1_GRCGB1_GRPM1_GRVWn1_GSU1_GSUASB_GLS0_ISA942_IU1_K1_KLA_LBSPPA0_LBSPPB256_LPA0_LPB4_LDL1_LRVW2_LWPMn1_LDW0_FMA_MIAV1_MDA2_MO40_MMFSC_MKFGSU256_NTA0_NTB0_NTC0_NTD0_NEPBS4_NLCA5_NLCB1_ONLL1_OPLV0_PK0_PAP0_PGR2_PLR9_PKA0_SIA3_SLW1_SS1_SU0_SUM0_SUS0_SCIUI1_SPO0_SRVW0_SSO0_SVW1_SNLL0_TSGRA0_TSGRB0_TT5_16_TLDS1_UMLDSA0_UMLDSB1_U64SL1_USFGROn1_VAW1_VSn1_VW1_VWB1_VFLRP0_WSGRA0_WSGRB0_WS64_WG16_16_1_WGM1",26232,6448491130737371,6448491130749670,0,38912,256,1,1,14848,2,1
"KERNEL_DISPATCH",1,1,234879,875,1399,"void rocblas_trtri_trsm_kernel<128, 16, 8, double, double const*, double*>(rocblas_fill_, rocblas_diagonal_, double const*, long, int, long, double*, long, long, int)",26236,6448491130748685,6448491130781214,0,8192,256,1,1,4096,1,1
"KERNEL_DISPATCH",1,1,234879,876,1443,"void rocblas_trtri_fill<128, double, double*>(_rocblas_handle*, rocblas_fill_, int, long, int, long, double*, long, long, int, int)",26241,6448491130782199,6448491130785324,0,0,128,1,1,32512,1,1
"KERNEL_DISPATCH",1,1,234879,877,997,"Cijk_Ailk_Bljk_DB_MT64x32x16_MI16x16x4x1_SN_1LDSB1_APM1_ABV0_ACED0_AF0EM2_AF1EM2_AMAS0_ASE_ASGT_ASLT_ASM_ASAE01_ASCE01_ASEM2_AAC0_BL1_BS1_CLR0_DTLA0_DTLB0_DTVA1_DTVB0_DVO0_ETSP_EPS1_ELFLR0_EMLL0_FSSC10_FL0_GLVWA1_GLVWB1_GRCGA1_GRCGB1_GRPM1_GRVW1_GSU1_GSUASB_GLS0_ISA942_IU1_K1_KLA_LBSPPA0_LBSPPB128_LPA0_LPB4_LDL1_LRVW2_LWPMn1_LDW0_FMA_MIAV1_MDA2_MO40_MMFSC_MKFGSU256_NTA0_NTB0_NTC3_NTD3_NEPBS0_NLCA1_NLCB1_ONLL1_OPLV0_PK0_PAP0_PGR2_PLR5_PKA0_SIA3_SLW1_SS1_SU0_SUM0_SUS0_SCIUI1_SPO1_SRVW0_SSO6_SVW1_SNLL0_TSGRA0_TSGRB0_TT1_32_TLDS1_UMLDSA0_UMLDSB1_U64SL1_USFGROn1_VAW1_VSn1_VW1_VWB1_VFLRP0_WSGRA0_WSGRB0_WS64_WG64_4_1_WGM12",26245,6448491130785324,6448491130792696,0,5120,256,1,1,256,1,4
"KERNEL_DISPATCH",1,1,234879,878,997,"Cijk_Ailk_Bljk_DB_MT64x32x16_MI16x16x4x1_SN_1LDSB1_APM1_ABV0_ACED0_AF0EM2_AF1EM2_AMAS0_ASE_ASGT_ASLT_ASM_ASAE01_ASCE01_ASEM2_AAC0_BL1_BS1_CLR0_DTLA0_DTLB0_DTVA1_DTVB0_DVO0_ETSP_EPS1_ELFLR0_EMLL0_FSSC10_FL0_GLVWA1_GLVWB1_GRCGA1_GRCGB1_GRPM1_GRVW1_GSU1_GSUASB_GLS0_ISA942_IU1_K1_KLA_LBSPPA0_LBSPPB128_LPA0_LPB4_LDL1_LRVW2_LWPMn1_LDW0_FMA_MIAV1_MDA2_MO40_MMFSC_MKFGSU256_NTA0_NTB0_NTC3_NTD3_NEPBS0_NLCA1_NLCB1_ONLL1_OPLV0_PK0_PAP0_PGR2_PLR5_PKA0_SIA3_SLW1_SS1_SU0_SUM0_SUS0_SCIUI1_SPO1_SRVW0_SSO6_SVW1_SNLL0_TSGRA0_TSGRB0_TT1_32_TLDS1_UMLDSA0_UMLDSB1_U64SL1_USFGROn1_VAW1_VSn1_VW1_VWB1_VFLRP0_WSGRA0_WSGRB0_WS64_WG64_4_1_WGM12",26248,6448491130812486,6448491130819417,0,5120,256,1,1,256,1,4
"KERNEL_DISPATCH",1,1,234879,879,997,"Cijk_Ailk_Bljk_DB_MT64x32x16_MI16x16x4x1_SN_1LDSB1_APM1_ABV0_ACED0_AF0EM2_AF1EM2_AMAS0_ASE_ASGT_ASLT_ASM_ASAE01_ASCE01_ASEM2_AAC0_BL1_BS1_CLR0_DTLA0_DTLB0_DTVA1_DTVB0_DVO0_ETSP_EPS1_ELFLR0_EMLL0_FSSC10_FL0_GLVWA1_GLVWB1_GRCGA1_GRCGB1_GRPM1_GRVW1_GSU1_GSUASB_GLS0_ISA942_IU1_K1_KLA_LBSPPA0_LBSPPB128_LPA0_LPB4_LDL1_LRVW2_LWPMn1_LDW0_FMA_MIAV1_MDA2_MO40_MMFSC_MKFGSU256_NTA0_NTB0_NTC3_NTD3_NEPBS0_NLCA1_NLCB1_ONLL1_OPLV0_PK0_PAP0_PGR2_PLR5_PKA0_SIA3_SLW1_SS1_SU0_SUM0_SUS0_SCIUI1_SPO1_SRVW0_SSO6_SVW1_SNLL0_TSGRA0_TSGRB0_TT1_32_TLDS1_UMLDSA0_UMLDSB1_U64SL1_USFGROn1_VAW1_VSn1_VW1_VWB1_VFLRP0_WSGRA0_WSGRB0_WS64_WG64_4_1_WGM12",26251,6448491130831555,6448491130836563,0,5120,256,1,1,256,1,4
"KERNEL_DISPATCH",1,1,234879,880,997,"Cijk_Ailk_Bljk_DB_MT64x32x16_MI16x16x4x1_SN_1LDSB1_APM1_ABV0_ACED0_AF0EM2_AF1EM2_AMAS0_ASE_ASGT_ASLT_ASM_ASAE01_ASCE01_ASEM2_AAC0_BL1_BS1_CLR0_DTLA0_DTLB0_DTVA1_DTVB0_DVO0_ETSP_EPS1_ELFLR0_EMLL0_FSSC10_FL0_GLVWA1_GLVWB1_GRCGA1_GRCGB1_GRPM1_GRVW1_GSU1_GSUASB_GLS0_ISA942_IU1_K1_KLA_LBSPPA0_LBSPPB128_LPA0_LPB4_LDL1_LRVW2_LWPMn1_LDW0_FMA_MIAV1_MDA2_MO40_MMFSC_MKFGSU256_NTA0_NTB0_NTC3_NTD3_NEPBS0_NLCA1_NLCB1_ONLL1_OPLV0_PK0_PAP0_PGR2_PLR5_PKA0_SIA3_SLW1_SS1_SU0_SUM0_SUS0_SCIUI1_SPO1_SRVW0_SSO6_SVW1_SNLL0_TSGRA0_TSGRB0_TT1_32_TLDS1_UMLDSA0_UMLDSB1_U64SL1_USFGROn1_VAW1_VSn1_VW1_VWB1_VFLRP0_WSGRA0_WSGRB0_WS64_WG64_4_1_WGM12",26254,6448491130846986,6448491130851432,0,5120,256,1,1,256,1,4
"KERNEL_DISPATCH",1,1,234879,881,970,"Cijk_Ailk_Bljk_DB_MT64x64x32_MI16x16x4x1_SN_1LDSB1_APM1_ABV0_ACED0_AF0EM2_AF1EM2_AMAS0_ASE_ASGT_ASLT_ASM_ASAE01_ASCE01_ASEM2_AAC0_BL1_BS1_CLR0_DTLA0_DTLB0_DTVA0_DTVB0_DVO0_ETSP_EPS1_ELFLR0_EMLL0_FSSC10_FL0_GLVWA1_GLVWB1_GRCGA1_GRCGB1_GRPM1_GRVW1_GSU1_GSUASB_GLS0_ISA942_IU1_K1_KLA_LBSPPA0_LBSPPB0_LPA0_LPB1_LDL1_LRVW1_LWPMn1_LDW0_FMA_MIAV1_MDA2_MO40_MMFSC_MKFGSU256_NTA0_NTB0_NTC3_NTD3_NEPBS0_NLCA1_NLCB1_ONLL1_OPLV0_PK0_PAP0_PGR2_PLR9_PKA0_SIA3_SLW1_SS1_SU0_SUM0_SUS0_SCIUI1_SPO1_SRVW0_SSO6_SVW1_SNLL0_TSGRA0_TSGRB0_TT2_32_TLDS0_UMLDSA0_UMLDSB0_U64SL1_USFGROn1_VAW1_VSn1_VW1_VWB1_VFLRP0_WSGRA0_WSGRB0_WS64_WG32_8_1_WGM6",26257,6448491130865647,6448491130874100,0,33024,256,1,1,256,1,4
"KERNEL_DISPATCH",1,1,234879,882,970,"Cijk_Ailk_Bljk_DB_MT64x64x32_MI16x16x4x1_SN_1LDSB1_APM1_ABV0_ACED0_AF0EM2_AF1EM2_AMAS0_ASE_ASGT_ASLT_ASM_ASAE01_ASCE01_ASEM2_AAC0_BL1_BS1_CLR0_DTLA0_DTLB0_DTVA0_DTVB0_DVO0_ETSP_EPS1_ELFLR0_EMLL0_FSSC10_FL0_GLVWA1_GLVWB1_GRCGA1_GRCGB1_GRPM1_GRVW1_GSU1_GSUASB_GLS0_ISA942_IU1_K1_KLA_LBSPPA0_LBSPPB0_LPA0_LPB1_LDL1_LRVW1_LWPMn1_LDW0_FMA_MIAV1_MDA2_MO40_MMFSC_MKFGSU256_NTA0_NTB0_NTC3_NTD3_NEPBS0_NLCA1_NLCB1_ONLL1_OPLV0_PK0_PAP0_PGR2_PLR9_PKA0_SIA3_SLW1_SS1_SU0_SUM0_SUS0_SCIUI1_SPO1_SRVW0_SSO6_SVW1_SNLL0_TSGRA0_TSGRB0_TT2_32_TLDS0_UMLDSA0_UMLDSB0_U64SL1_USFGROn1_VAW1_VSn1_VW1_VWB1_VFLRP0_WSGRA0_WSGRB0_WS64_WG32_8_1_WGM6",26260,6448491130879549,6448491130888002,0,33024,256,1,1,256,1,4
"KERNEL_DISPATCH",1,1,234879,883,1471,"void rocblas_copy_matrix_trsm<128, 8, double, double*, double*>(int, int, int, double*, int, long, double*, int, long, long, long, int)",26264,6448491130889925,6448491130904507,0,0,128,8,1,128,4608,1
"KERNEL_DISPATCH",1,1,234879,884,1134,"Cijk_Ailk_Bljk_DB_MT128x32x16_MI16x16x4x1_SN_1LDSB1_APM1_ABV0_ACED0_AF0EM1_AF1EM1_AMAS3_ASE_ASGT_ASLT0257_ASM_ASAE01_ASCE01_ASEM1_AAC0_BL1_BS1_CLR0_DTLA0_DTLB0_DTVA1_DTVB0_DVO0_ETB_EPS1_ELFLR0_EMLL0_FSSC10_FL0_GLVWA2_GLVWB1_GRCGA1_GRCGB1_GRPM1_GRVWn1_GSU1_GSUASB_GLS0_ISA942_IU1_K1_KLA_LBSPPA0_LBSPPB128_LPA0_LPB4_LDL1_LRVW2_LWPMn1_LDW0_FMA_MIAV1_MDA2_MO40_MMFSC_MKFGSU256_NTA0_NTB0_NTC0_NTD0_NEPBS4_NLCA1_NLCB1_ONLL1_OPLV0_PK0_PAP0_PGR2_PLR5_PKA0_SIA3_SLW1_SS1_SU0_SUM0_SUS0_SCIUI1_SPO0_SRVW0_SSO0_SVW2_SNLL0_TSGRA0_TSGRB0_TT2_32_TLDS1_UMLDSA0_UMLDSB1_U64SL1_USFGROn1_VAW1_VSn1_VW2_VWB1_VFLRP0_WSGRA0_WSGRB0_WS64_WG64_4_1_WGM1",26268,6448491130913961,6448491130928263,0,5120,256,1,1,256,144,1
"KERNEL_DISPATCH",1,1,234879,885,1134,"Cijk_Ailk_Bljk_DB_MT128x32x16_MI16x16x4x1_SN_1LDSB1_APM1_ABV0_ACED0_AF0EM1_AF1EM1_AMAS3_ASE_ASGT_ASLT0257_ASM_ASAE01_ASCE01_ASEM1_AAC0_BL1_BS1_CLR0_DTLA0_DTLB0_DTVA1_DTVB0_DVO0_ETB_EPS1_ELFLR0_EMLL0_FSSC10_FL0_GLVWA2_GLVWB1_GRCGA1_GRCGB1_GRPM1_GRVWn1_GSU1_GSUASB_GLS0_ISA942_IU1_K1_KLA_LBSPPA0_LBSPPB128_LPA0_LPB4_LDL1_LRVW2_LWPMn1_LDW0_FMA_MIAV1_MDA2_MO40_MMFSC_MKFGSU256_NTA0_NTB0_NTC0_NTD0_NEPBS4_NLCA1_NLCB1_ONLL1_OPLV0_PK0_PAP0_PGR2_PLR5_PKA0_SIA3_SLW1_SS1_SU0_SUM0_SUS0_SCIUI1_SPO0_SRVW0_SSO0_SVW2_SNLL0_TSGRA0_TSGRB0_TT2_32_TLDS1_UMLDSA0_UMLDSB1_U64SL1_USFGROn1_VAW1_VSn1_VW2_VWB1_VFLRP0_WSGRA0_WSGRB0_WS64_WG64_4_1_WGM1",26271,6448491130934273,6448491130945209,0,5120,256,1,1,256,144,1
"KERNEL_DISPATCH",1,1,234879,886,1134,"Cijk_Ailk_Bljk_DB_MT128x32x16_MI16x16x4x1_SN_1LDSB1_APM1_ABV0_ACED0_AF0EM1_AF1EM1_AMAS3_ASE_ASGT_ASLT0257_ASM_ASAE01_ASCE01_ASEM1_AAC0_BL1_BS1_CLR0_DTLA0_DTLB0_DTVA1_DTVB0_DVO0_ETB_EPS1_ELFLR0_EMLL0_FSSC10_FL0_GLVWA2_GLVWB1_GRCGA1_GRCGB1_GRPM1_GRVWn1_GSU1_GSUASB_GLS0_ISA942_IU1_K1_KLA_LBSPPA0_LBSPPB128_LPA0_LPB4_LDL1_LRVW2_LWPMn1_LDW0_FMA_MIAV1_MDA2_MO40_MMFSC_MKFGSU256_NTA0_NTB0_NTC0_NTD0_NEPBS4_NLCA1_NLCB1_ONLL1_OPLV0_PK0_PAP0_PGR2_PLR5_PKA0_SIA3_SLW1_SS1_SU0_SUM0_SUS0_SCIUI1_SPO0_SRVW0_SSO0_SVW2_SNLL0_TSGRA0_TSGRB0_TT2_32_TLDS1_UMLDSA0_UMLDSB1_U64SL1_USFGROn1_VAW1_VSn1_VW2_VWB1_VFLRP0_WSGRA0_WSGRB0_WS64_WG64_4_1_WGM1",26274,6448491130953182,6448491130962796,0,5120,256,1,1,256,144,1
"KERNEL_DISPATCH",1,1,234879,887,1134,"Cijk_Ailk_Bljk_DB_MT128x32x16_MI16x16x4x1_SN_1LDSB1_APM1_ABV0_ACED0_AF0EM1_AF1EM1_AMAS3_ASE_ASGT_ASLT0257_ASM_ASAE01_ASCE01_ASEM1_AAC0_BL1_BS1_CLR0_DTLA0_DTLB0_DTVA1_DTVB0_DVO0_ETB_EPS1_ELFLR0_EMLL0_FSSC10_FL0_GLVWA2_GLVWB1_GRCGA1_GRCGB1_GRPM1_GRVWn1_GSU1_GSUASB_GLS0_ISA942_IU1_K1_KLA_LBSPPA0_LBSPPB128_LPA0_LPB4_LDL1_LRVW2_LWPMn1_LDW0_FMA_MIAV1_MDA2_MO40_MMFSC_MKFGSU256_NTA0_NTB0_NTC0_NTD0_NEPBS4_NLCA1_NLCB1_ONLL1_OPLV0_PK0_PAP0_PGR2_PLR5_PKA0_SIA3_SLW1_SS1_SU0_SUM0_SUS0_SCIUI1_SPO0_SRVW0_SSO0_SVW2_SNLL0_TSGRA0_TSGRB0_TT2_32_TLDS1_UMLDSA0_UMLDSB1_U64SL1_USFGROn1_VAW1_VSn1_VW2_VWB1_VFLRP0_WSGRA0_WSGRB0_WS64_WG64_4_1_WGM1",26277,6448491130969447,6448491130981385,0,5120,256,1,1,256,144,1
"KERNEL_DISPATCH",1,1,234879,888,1134,"Cijk_Ailk_Bljk_DB_MT128x32x16_MI16x16x4x1_SN_1LDSB1_APM1_ABV0_ACED0_AF0EM1_AF1EM1_AMAS3_ASE_ASGT_ASLT0257_ASM_ASAE01_ASCE01_ASEM1_AAC0_BL1_BS1_CLR0_DTLA0_DTLB0_DTVA1_DTVB0_DVO0_ETB_EPS1_ELFLR0_EMLL0_FSSC10_FL0_GLVWA2_GLVWB1_GRCGA1_GRCGB1_GRPM1_GRVWn1_GSU1_GSUASB_GLS0_ISA942_IU1_K1_KLA_LBSPPA0_LBSPPB128_LPA0_LPB4_LDL1_LRVW2_LWPMn1_LDW0_FMA_MIAV1_MDA2_MO40_MMFSC_MKFGSU256_NTA0_NTB0_NTC0_NTD0_NEPBS4_NLCA1_NLCB1_ONLL1_OPLV0_PK0_PAP0_PGR2_PLR5_PKA0_SIA3_SLW1_SS1_SU0_SUM0_SUS0_SCIUI1_SPO0_SRVW0_SSO0_SVW2_SNLL0_TSGRA0_TSGRB0_TT2_32_TLDS1_UMLDSA0_UMLDSB1_U64SL1_USFGROn1_VAW1_VSn1_VW2_VWB1_VFLRP0_WSGRA0_WSGRB0_WS64_WG64_4_1_WGM1",26280,6448491130988235,6448491130997970,0,5120,256,1,1,256,144,1
"KERNEL_DISPATCH",1,1,234879,889,1134,"Cijk_Ailk_Bljk_DB_MT128x32x16_MI16x16x4x1_SN_1LDSB1_APM1_ABV0_ACED0_AF0EM1_AF1EM1_AMAS3_ASE_ASGT_ASLT0257_ASM_ASAE01_ASCE01_ASEM1_AAC0_BL1_BS1_CLR0_DTLA0_DTLB0_DTVA1_DTVB0_DVO0_ETB_EPS1_ELFLR0_EMLL0_FSSC10_FL0_GLVWA2_GLVWB1_GRCGA1_GRCGB1_GRPM1_GRVWn1_GSU1_GSUASB_GLS0_ISA942_IU1_K1_KLA_LBSPPA0_LBSPPB128_LPA0_LPB4_LDL1_LRVW2_LWPMn1_LDW0_FMA_MIAV1_MDA2_MO40_MMFSC_MKFGSU256_NTA0_NTB0_NTC0_NTD0_NEPBS4_NLCA1_NLCB1_ONLL1_OPLV0_PK0_PAP0_PGR2_PLR5_PKA0_SIA3_SLW1_SS1_SU0_SUM0_SUS0_SCIUI1_SPO0_SRVW0_SSO0_SVW2_SNLL0_TSGRA0_TSGRB0_TT2_32_TLDS1_UMLDSA0_UMLDSB1_U64SL1_USFGROn1_VAW1_VSn1_VW2_VWB1_VFLRP0_WSGRA0_WSGRB0_WS64_WG64_4_1_WGM1",26283,6448491131010109,6448491131023970,0,5120,256,1,1,256,144,1
"KERNEL_DISPATCH",1,1,234879,890,1134,"Cijk_Ailk_Bljk_DB_MT128x32x16_MI16x16x4x1_SN_1LDSB1_APM1_ABV0_ACED0_AF0EM1_AF1EM1_AMAS3_ASE_ASGT_ASLT0257_ASM_ASAE01_ASCE01_ASEM1_AAC0_BL1_BS1_CLR0_DTLA0_DTLB0_DTVA1_DTVB0_DVO0_ETB_EPS1_ELFLR0_EMLL0_FSSC10_FL0_GLVWA2_GLVWB1_GRCGA1_GRCGB1_GRPM1_GRVWn1_GSU1_GSUASB_GLS0_ISA942_IU1_K1_KLA_LBSPPA0_LBSPPB128_LPA0_LPB4_LDL1_LRVW2_LWPMn1_LDW0_FMA_MIAV1_MDA2_MO40_MMFSC_MKFGSU256_NTA0_NTB0_NTC0_NTD0_NEPBS4_NLCA1_NLCB1_ONLL1_OPLV0_PK0_PAP0_PGR2_PLR5_PKA0_SIA3_SLW1_SS1_SU0_SUM0_SUS0_SCIUI1_SPO0_SRVW0_SSO0_SVW2_SNLL0_TSGRA0_TSGRB0_TT2_32_TLDS1_UMLDSA0_UMLDSB1_U64SL1_USFGROn1_VAW1_VSn1_VW2_VWB1_VFLRP0_WSGRA0_WSGRB0_WS64_WG64_4_1_WGM1",26286,6448491131023970,6448491131033425,0,5120,256,1,1,256,144,1
"KERNEL_DISPATCH",1,1,234879,891,1174,"Cijk_Ailk_Bljk_DB_MT128x96x16_MI16x16x4x1_SN_1LDSB1_APM1_ABV0_ACED0_AF0EM1_AF1EM1_AMAS3_ASE_ASGT_ASLT_ASM_ASAE01_ASCE01_ASEM1_AAC0_BL1_BS1_CLR0_DTLA0_DTLB0_DTVA1_DTVB0_DVO0_ETSP_EPS1_ELFLR0_EMLL0_FSSC10_FL0_GLVWA2_GLVWB2_GRCGA1_GRCGB1_GRPM1_GRVWn1_GSU1_GSUASB_GLS0_ISA942_IU1_K1_KLA_LBSPPA0_LBSPPB256_LPA0_LPB2_LDL1_LRVW1_LWPMn1_LDW0_FMA_MIAV0_MDA2_MO40_MMFSC_MKFGSU256_NTA0_NTB0_NTC4_NTD4_NEPBS4_NLCA1_NLCB1_ONLL1_OPLV0_PK0_PAP0_PGR2_PLR1_PKA0_SIA3_SLW1_SS1_SU8_SUM0_SUS256_SCIUI1_SPO1_SRVW0_SSO4_SVW2_SNLL0_TSGRA0_TSGRB0_TT2_96_TLDS1_UMLDSA0_UMLDSB1_U64SL1_USFGROn1_VAW1_VSn1_VW2_VWB2_VFLRP0_WSGRA0_WSGRB0_WS64_WG64_4_1_WGM36",26289,6448491131042719,6448491131605963,0,13056,256,1,1,9216,48,1
"KERNEL_DISPATCH",1,1,234879,892,68,"void rocsolver::v32802::getf2_npvt_small_kernel<16, double, int, int, double*>(int, double*, long, int, long, int*, int, int)",26292,6448491131605963,6448491131616419,0,136,512,1,1,512,1,1
"KERNEL_DISPATCH",1,1,234879,893,185,"void rocsolver::v32802::unit_forward_substitution_kernel<double, int, double*>(int, int, double*, int, int, long, long, double*, int, int, long, long)",26297,6448491131616419,6448491131626754,0,512,16,64,1,16,512,1
"KERNEL_DISPATCH",1,1,234879,894,904,"Cijk_Ailk_Bljk_DB_MT64x32x32_MI16x16x4x1_SN_1LDSB1_APM1_ABV0_ACED0_AF0EM2_AF1EM2_AMAS3_ASE_ASGT_ASLT_ASM_ASAE01_ASCE01_ASEM2_AAC0_BL1_BS1_CLR0_DTLA0_DTLB0_DTVA0_DTVB0_DVO0_ETSP_EPS1_ELFLR0_EMLL0_FSSC10_FL0_GLVWA2_GLVWB2_GRCGA1_GRCGB1_GRPM1_GRVW2_GSU1_GSUASB_GLS0_ISA942_IU1_K1_KLA_LBSPPA0_LBSPPB256_LPA0_LPB4_LDL1_LRVW2_LWPMn1_LDW0_FMA_MIAV1_MDA2_MO40_MMFSC_MKFGSU256_NTA0_NTB0_NTC3_NTD3_NEPBS0_NLCA1_NLCB1_ONLL1_OPLV0_PK0_PAP0_PGR2_PLR9_PKA0_SIA3_SLW1_SS1_SU0_SUM0_SUS0_SCIUI1_SPO1_SRVW0_SSO6_SVW2_SNLL0_TSGRA0_TSGRB0_TT2_16_TLDS1_UMLDSA0_UMLDSB1_U64SL1_USFGROn1_VAW1_VSn1_VW2_VWB1_VFLRP0_WSGRA0_WSGRB0_WS64_WG32_8_1_WGM6",26300,6448491131626754,6448491131632283,0,25600,256,1,1,2048,16,1
"KERNEL_DISPATCH",1,1,234879,895,68,"void rocsolver::v32802::getf2_npvt_small_kernel<16, double, int, int, double*>(int, double*, long, int, long, int*, int, int)",26303,6448491131632283,6448491131642659,0,136,496,1,1,496,1,1
"KERNEL_DISPATCH",1,1,234879,896,185,"void rocsolver::v32802::unit_forward_substitution_kernel<double, int, double*>(int, int, double*, int, int, long, long, double*, int, int, long, long)",26308,6448491131642659,6448491131651833,0,512,16,64,1,16,512,1
"KERNEL_DISPATCH",1,1,234879,897,904,"Cijk_Ailk_Bljk_DB_MT64x32x32_MI16x16x4x1_SN_1LDSB1_APM1_ABV0_ACED0_AF0EM2_AF1EM2_AMAS3_ASE_ASGT_ASLT_ASM_ASAE01_ASCE01_ASEM2_AAC0_BL1_BS1_CLR0_DTLA0_DTLB0_DTVA0_DTVB0_DVO0_ETSP_EPS1_ELFLR0_EMLL0_FSSC10_FL0_GLVWA2_GLVWB2_GRCGA1_GRCGB1_GRPM1_GRVW2_GSU1_GSUASB_GLS0_ISA942_IU1_K1_KLA_LBSPPA0_LBSPPB256_LPA0_LPB4_LDL1_LRVW2_LWPMn1_LDW0_FMA_MIAV1_MDA2_MO40_MMFSC_MKFGSU256_NTA0_NTB0_NTC3_NTD3_NEPBS0_NLCA1_NLCB1_ONLL1_OPLV0_PK0_PAP0_PGR2_PLR9_PKA0_SIA3_SLW1_SS1_SU0_SUM0_SUS0_SCIUI1_SPO1_SRVW0_SSO6_SVW2_SNLL0_TSGRA0_TSGRB0_TT2_16_TLDS1_UMLDSA0_UMLDSB1_U64SL1_USFGROn1_VAW1_VSn1_VW2_VWB1_VFLRP0_WSGRA0_WSGRB0_WS64_WG32_8_1_WGM6",26311,6448491131651833,6448491131656039,0,25600,256,1,1,2048,15,1
"KERNEL_DISPATCH",1,1,234879,898,68,"void rocsolver::v32802::getf2_npvt_small_kernel<16, double, int, int, double*>(int, double*, long, int, long, int*, int, int)",26314,6448491131656039,6448491131666535,0,136,480,1,1,480,1,1
"KERNEL_DISPATCH",1,1,234879,899,185,"void rocsolver::v32802::unit_forward_substitution_kernel<double, int, double*>(int, int, double*, int, int, long, long, double*, int, int, long, long)",26319,6448491131666535,6448491131676591,0,512,16,64,1,16,512,1
"KERNEL_DISPATCH",1,1,234879,900,904,"Cijk_Ailk_Bljk_DB_MT64x32x32_MI16x16x4x1_SN_1LDSB1_APM1_ABV0_ACED0_AF0EM2_AF1EM2_AMAS3_ASE_ASGT_ASLT_ASM_ASAE01_ASCE01_ASEM2_AAC0_BL1_BS1_CLR0_DTLA0_DTLB0_DTVA0_DTVB0_DVO0_ETSP_EPS1_ELFLR0_EMLL0_FSSC10_FL0_GLVWA2_GLVWB2_GRCGA1_GRCGB1_GRPM1_GRVW2_GSU1_GSUASB_GLS0_ISA942_IU1_K1_KLA_LBSPPA0_LBSPPB256_LPA0_LPB4_LDL1_LRVW2_LWPMn1_LDW0_FMA_MIAV1_MDA2_MO40_MMFSC_MKFGSU256_NTA0_NTB0_NTC3_NTD3_NEPBS0_NLCA1_NLCB1_ONLL1_OPLV0_PK0_PAP0_PGR2_PLR9_PKA0_SIA3_SLW1_SS1_SU0_SUM0_SUS0_SCIUI1_SPO1_SRVW0_SSO6_SVW2_SNLL0_TSGRA0_TSGRB0_TT2_16_TLDS1_UMLDSA0_UMLDSB1_U64SL1_USFGROn1_VAW1_VSn1_VW2_VWB1_VFLRP0_WSGRA0_WSGRB0_WS64_WG32_8_1_WGM6",26322,6448491131676591,6448491131681038,0,25600,256,1,1,2048,15,1
"KERNEL_DISPATCH",1,1,234879,902,185,"void rocsolver::v32802::unit_forward_substitution_kernel<double, int, double*>(int, int, double*, int, int, long, long, double*, int, int, long, long)",26330,6448491131690692,6448491131700508,0,512,16,64,1,16,448,1
"KERNEL_DISPATCH",1,1,234879,901,68,"void rocsolver::v32802::getf2_npvt_small_kernel<16, double, int, int, double*>(int, double*, long, int, long, int*, int, int)",26325,6448491131681038,6448491131690692,0,136,464,1,1,464,1,1
"KERNEL_DISPATCH",1,1,234879,903,904,"Cijk_Ailk_Bljk_DB_MT64x32x32_MI16x16x4x1_SN_1LDSB1_APM1_ABV0_ACED0_AF0EM2_AF1EM2_AMAS3_ASE_ASGT_ASLT_ASM_ASAE01_ASCE01_ASEM2_AAC0_BL1_BS1_CLR0_DTLA0_DTLB0_DTVA0_DTVB0_DVO0_ETSP_EPS1_ELFLR0_EMLL0_FSSC10_FL0_GLVWA2_GLVWB2_GRCGA1_GRCGB1_GRPM1_GRVW2_GSU1_GSUASB_GLS0_ISA942_IU1_K1_KLA_LBSPPA0_LBSPPB256_LPA0_LPB4_LDL1_LRVW2_LWPMn1_LDW0_FMA_MIAV1_MDA2_MO40_MMFSC_MKFGSU256_NTA0_NTB0_NTC3_NTD3_NEPBS0_NLCA1_NLCB1_ONLL1_OPLV0_PK0_PAP0_PGR2_PLR9_PKA0_SIA3_SLW1_SS1_SU0_SUM0_SUS0_SCIUI1_SPO1_SRVW0_SSO6_SVW2_SNLL0_TSGRA0_TSGRB0_TT2_16_TLDS1_UMLDSA0_UMLDSB1_U64SL1_USFGROn1_VAW1_VSn1_VW2_VWB1_VFLRP0_WSGRA0_WSGRB0_WS64_WG32_8_1_WGM6",26333,6448491131700508,6448491131704994,0,25600,256,1,1,1792,14,1
"KERNEL_DISPATCH",1,1,234879,904,68,"void rocsolver::v32802::getf2_npvt_small_kernel<16, double, int, int, double*>(int, double*, long, int, long, int*, int, int)",26336,6448491131704990,6448491131714365,0,136,448,1,1,448,1,1
"KERNEL_DISPATCH",1,1,234879,905,185,"void rocsolver::v32802::unit_forward_substitution_kernel<double, int, double*>(int, int, double*, int, int, long, long, double*, int, int, long, long)",26341,6448491131714369,6448491131724144,0,512,16,64,1,16,448,1
"KERNEL_DISPATCH",1,1,234879,906,904,"Cijk_Ailk_Bljk_DB_MT64x32x32_MI16x16x4x1_SN_1LDSB1_APM1_ABV0_ACED0_AF0EM2_AF1EM2_AMAS3_ASE_ASGT_ASLT_ASM_ASAE01_ASCE01_ASEM2_AAC0_BL1_BS1_CLR0_DTLA0_DTLB0_DTVA0_DTVB0_DVO0_ETSP_EPS1_ELFLR0_EMLL0_FSSC10_FL0_GLVWA2_GLVWB2_GRCGA1_GRCGB1_GRPM1_GRVW2_GSU1_GSUASB_GLS0_ISA942_IU1_K1_KLA_LBSPPA0_LBSPPB256_LPA0_LPB4_LDL1_LRVW2_LWPMn1_LDW0_FMA_MIAV1_MDA2_MO40_MMFSC_MKFGSU256_NTA0_NTB0_NTC3_NTD3_NEPBS0_NLCA1_NLCB1_ONLL1_OPLV0_PK0_PAP0_PGR2_PLR9_PKA0_SIA3_SLW1_SS1_SU0_SUM0_SUS0_SCIUI1_SPO1_SRVW0_SSO6_SVW2_SNLL0_TSGRA0_TSGRB0_TT2_16_TLDS1_UMLDSA0_UMLDSB1_U64SL1_USFGROn1_VAW1_VSn1_VW2_VWB1_VFLRP0_WSGRA0_WSGRB0_WS64_WG32_8_1_WGM6",26344,6448491131724144,6448491131728110,0,25600,256,1,1,1792,14,1
"KERNEL_DISPATCH",1,1,234879,907,68,"void rocsolver::v32802::getf2_npvt_small_kernel<16, double, int, int, double*>(int, double*, long, int, long, int*, int, int)",26347,6448491131728110,6448491131737244,0,136,432,1,1,432,1,1
"KERNEL_DISPATCH",1,1,234879,909,904,"Cijk_Ailk_Bljk_DB_MT64x32x32_MI16x16x4x1_SN_1LDSB1_APM1_ABV0_ACED0_AF0EM2_AF1EM2_AMAS3_ASE_ASGT_ASLT_ASM_ASAE01_ASCE01_ASEM2_AAC0_BL1_BS1_CLR0_DTLA0_DTLB0_DTVA0_DTVB0_DVO0_ETSP_EPS1_ELFLR0_EMLL0_FSSC10_FL0_GLVWA2_GLVWB2_GRCGA1_GRCGB1_GRPM1_GRVW2_GSU1_GSUASB_GLS0_ISA942_IU1_K1_KLA_LBSPPA0_LBSPPB256_LPA0_LPB4_LDL1_LRVW2_LWPMn1_LDW0_FMA_MIAV1_MDA2_MO40_MMFSC_MKFGSU256_NTA0_NTB0_NTC3_NTD3_NEPBS0_NLCA1_NLCB1_ONLL1_OPLV0_PK0_PAP0_PGR2_PLR9_PKA0_SIA3_SLW1_SS1_SU0_SUM0_SUS0_SCIUI1_SPO1_SRVW0_SSO6_SVW2_SNLL0_TSGRA0_TSGRB0_TT2_16_TLDS1_UMLDSA0_UMLDSB1_U64SL1_USFGROn1_VAW1_VSn1_VW2_VWB1_VFLRP0_WSGRA0_WSGRB0_WS64_WG32_8_1_WGM6",26355,6448491131746378,6448491131750304,0,25600,256,1,1,1792,13,1
"KERNEL_DISPATCH",1,1,234879,908,185,"void rocsolver::v32802::unit_forward_substitution_kernel<double, int, double*>(int, int, double*, int, int, long, long, double*, int, int, long, long)",26352,6448491131737244,6448491131746378,0,512,16,64,1,16,448,1
"KERNEL_DISPATCH",1,1,234879,911,185,"void rocsolver::v32802::unit_forward_substitution_kernel<double, int, double*>(int, int, double*, int, int, long, long, double*, int, int, long, long)",26363,6448491131759838,6448491131769654,0,512,16,64,1,16,448,1
"KERNEL_DISPATCH",1,1,234879,913,68,"void rocsolver::v32802::getf2_npvt_small_kernel<16, double, int, int, double*>(int, double*, long, int, long, int*, int, int)",26369,6448491131773339,6448491131782834,0,136,400,1,1,400,1,1
"KERNEL_DISPATCH",1,1,234879,910,68,"void rocsolver::v32802::getf2_npvt_small_kernel<16, double, int, int, double*>(int, double*, long, int, long, int*, int, int)",26358,6448491131750304,6448491131759838,0,136,416,1,1,416,1,1
"KERNEL_DISPATCH",1,1,234879,912,904,"Cijk_Ailk_Bljk_DB_MT64x32x32_MI16x16x4x1_SN_1LDSB1_APM1_ABV0_ACED0_AF0EM2_AF1EM2_AMAS3_ASE_ASGT_ASLT_ASM_ASAE01_ASCE01_ASEM2_AAC0_BL1_BS1_CLR0_DTLA0_DTLB0_DTVA0_DTVB0_DVO0_ETSP_EPS1_ELFLR0_EMLL0_FSSC10_FL0_GLVWA2_GLVWB2_GRCGA1_GRCGB1_GRPM1_GRVW2_GSU1_GSUASB_GLS0_ISA942_IU1_K1_KLA_LBSPPA0_LBSPPB256_LPA0_LPB4_LDL1_LRVW2_LWPMn1_LDW0_FMA_MIAV1_MDA2_MO40_MMFSC_MKFGSU256_NTA0_NTB0_NTC3_NTD3_NEPBS0_NLCA1_NLCB1_ONLL1_OPLV0_PK0_PAP0_PGR2_PLR9_PKA0_SIA3_SLW1_SS1_SU0_SUM0_SUS0_SCIUI1_SPO1_SRVW0_SSO6_SVW2_SNLL0_TSGRA0_TSGRB0_TT2_16_TLDS1_UMLDSA0_UMLDSB1_U64SL1_USFGROn1_VAW1_VSn1_VW2_VWB1_VFLRP0_WSGRA0_WSGRB0_WS64_WG32_8_1_WGM6",26366,6448491131769654,6448491131773339,0,25600,256,1,1,1792,13,1
"KERNEL_DISPATCH",1,1,234879,915,904,"Cijk_Ailk_Bljk_DB_MT64x32x32_MI16x16x4x1_SN_1LDSB1_APM1_ABV0_ACED0_AF0EM2_AF1EM2_AMAS3_ASE_ASGT_ASLT_ASM_ASAE01_ASCE01_ASEM2_AAC0_BL1_BS1_CLR0_DTLA0_DTLB0_DTVA0_DTVB0_DVO0_ETSP_EPS1_ELFLR0_EMLL0_FSSC10_FL0_GLVWA2_GLVWB2_GRCGA1_GRCGB1_GRPM1_GRVW2_GSU1_GSUASB_GLS0_ISA942_IU1_K1_KLA_LBSPPA0_LBSPPB256_LPA0_LPB4_LDL1_LRVW2_LWPMn1_LDW0_FMA_MIAV1_MDA2_MO40_MMFSC_MKFGSU256_NTA0_NTB0_NTC3_NTD3_NEPBS0_NLCA1_NLCB1_ONLL1_OPLV0_PK0_PAP0_PGR2_PLR9_PKA0_SIA3_SLW1_SS1_SU0_SUM0_SUS0_SCIUI1_SPO1_SRVW0_SSO6_SVW2_SNLL0_TSGRA0_TSGRB0_TT2_16_TLDS1_UMLDSA0_UMLDSB1_U64SL1_USFGROn1_VAW1_VSn1_VW2_VWB1_VFLRP0_WSGRA0_WSGRB0_WS64_WG32_8_1_WGM6",26377,6448491131792489,6448491131795774,0,25600,256,1,1,1536,12,1
"KERNEL_DISPATCH",1,1,234879,914,185,"void rocsolver::v32802::unit_forward_substitution_kernel<double, int, double*>(int, int, double*, int, int, long, long, double*, int, int, long, long)",26374,6448491131782834,6448491131792489,0,512,16,64,1,16,384,1
"KERNEL_DISPATCH",1,1,234879,916,68,"void rocsolver::v32802::getf2_npvt_small_kernel<16, double, int, int, double*>(int, double*, long, int, long, int*, int, int)",26380,6448491131797536,6448491131805949,0,136,384,1,1,384,1,1
"KERNEL_DISPATCH",1,1,234879,918,820,"Cijk_Ailk_Bljk_DB_MT128x64x16_MI16x16x4x1_SN_1LDSB1_APM1_ABV0_ACED0_AF0EM2_AF1EM2_AMAS3_ASE_ASGT_ASLT_ASM_ASAE01_ASCE01_ASEM2_AAC0_BL1_BS1_CLR0_DTLA0_DTLB0_DTVA1_DTVB0_DVO0_ETSP_EPS1_ELFLR0_EMLL0_FSSC10_FL0_GLVWA2_GLVWB2_GRCGA1_GRCGB1_GRPM1_GRVW2_GSU1_GSUASB_GLS0_ISA942_IU1_K1_KLA_LBSPPA0_LBSPPB0_LPA0_LPB2_LDL1_LRVW1_LWPMn1_LDW0_FMA_MIAV1_MDA2_MO40_MMFSC_MKFGSU256_NTA0_NTB0_NTC3_NTD3_NEPBS4_NLCA1_NLCB1_ONLL1_OPLV0_PK0_PAP0_PGR2_PLR1_PKA0_SIA3_SLW1_SS1_SU0_SUM0_SUS0_SCIUI1_SPO1_SRVW0_SSO6_SVW2_SNLL0_TSGRA0_TSGRB0_TT2_64_TLDS0_UMLDSA0_UMLDSB0_U64SL1_USFGROn1_VAW1_VSn1_VW2_VWB1_VFLRP0_WSGRA0_WSGRB0_WS64_WG64_4_1_WGM12",26388,6448491131836636,6448491131845249,0,8448,256,1,1,768,6,1
"KERNEL_DISPATCH",1,1,234879,917,185,"void rocsolver::v32802::unit_forward_substitution_kernel<double, int, double*>(int, int, double*, int, int, long, long, double*, int, int, long, long)",26385,6448491131811718,6448491131821653,0,512,16,64,1,16,384,1
"KERNEL_DISPATCH",1,1,234879,919,68,"void rocsolver::v32802::getf2_npvt_small_kernel<16, double, int, int, double*>(int, double*, long, int, long, int*, int, int)",26391,6448491131851980,6448491131861394,0,136,368,1,1,368,1,1
"KERNEL_DISPATCH",1,1,234879,920,185,"void rocsolver::v32802::unit_forward_substitution_kernel<double, int, double*>(int, int, double*, int, int, long, long, double*, int, int, long, long)",26396,6448491131867884,6448491131877819,0,512,16,64,1,16,384,1
"KERNEL_DISPATCH",1,1,234879,921,820,"Cijk_Ailk_Bljk_DB_MT128x64x16_MI16x16x4x1_SN_1LDSB1_APM1_ABV0_ACED0_AF0EM2_AF1EM2_AMAS3_ASE_ASGT_ASLT_ASM_ASAE01_ASCE01_ASEM2_AAC0_BL1_BS1_CLR0_DTLA0_DTLB0_DTVA1_DTVB0_DVO0_ETSP_EPS1_ELFLR0_EMLL0_FSSC10_FL0_GLVWA2_GLVWB2_GRCGA1_GRCGB1_GRPM1_GRVW2_GSU1_GSUASB_GLS0_ISA942_IU1_K1_KLA_LBSPPA0_LBSPPB0_LPA0_LPB2_LDL1_LRVW1_LWPMn1_LDW0_FMA_MIAV1_MDA2_MO40_MMFSC_MKFGSU256_NTA0_NTB0_NTC3_NTD3_NEPBS4_NLCA1_NLCB1_ONLL1_OPLV0_PK0_PAP0_PGR2_PLR1_PKA0_SIA3_SLW1_SS1_SU0_SUM0_SUS0_SCIUI1_SPO1_SRVW0_SSO6_SVW2_SNLL0_TSGRA0_TSGRB0_TT2_64_TLDS0_UMLDSA0_UMLDSB0_U64SL1_USFGROn1_VAW1_VSn1_VW2_VWB1_VFLRP0_WSGRA0_WSGRB0_WS64_WG64_4_1_WGM12",26399,6448491131887620,6448491131895392,0,8448,256,1,1,768,6,1
"KERNEL_DISPATCH",1,1,234879,922,68,"void rocsolver::v32802::getf2_npvt_small_kernel<16, double, int, int, double*>(int, double*, long, int, long, int*, int, int)",26402,6448491131901736,6448491131910710,0,136,352,1,1,352,1,1
"KERNEL_DISPATCH",1,1,234879,923,185,"void rocsolver::v32802::unit_forward_substitution_kernel<double, int, double*>(int, int, double*, int, int, long, long, double*, int, int, long, long)",26407,6448491131915103,6448491131924317,0,512,16,64,1,16,384,1
"KERNEL_DISPATCH",1,1,234879,924,820,"Cijk_Ailk_Bljk_DB_MT128x64x16_MI16x16x4x1_SN_1LDSB1_APM1_ABV0_ACED0_AF0EM2_AF1EM2_AMAS3_ASE_ASGT_ASLT_ASM_ASAE01_ASCE01_ASEM2_AAC0_BL1_BS1_CLR0_DTLA0_DTLB0_DTVA1_DTVB0_DVO0_ETSP_EPS1_ELFLR0_EMLL0_FSSC10_FL0_GLVWA2_GLVWB2_GRCGA1_GRCGB1_GRPM1_GRVW2_GSU1_GSUASB_GLS0_ISA942_IU1_K1_KLA_LBSPPA0_LBSPPB0_LPA0_LPB2_LDL1_LRVW1_LWPMn1_LDW0_FMA_MIAV1_MDA2_MO40_MMFSC_MKFGSU256_NTA0_NTB0_NTC3_NTD3_NEPBS4_NLCA1_NLCB1_ONLL1_OPLV0_PK0_PAP0_PGR2_PLR1_PKA0_SIA3_SLW1_SS1_SU0_SUM0_SUS0_SCIUI1_SPO1_SRVW0_SSO6_SVW2_SNLL0_TSGRA0_TSGRB0_TT2_64_TLDS0_UMLDSA0_UMLDSB0_U64SL1_USFGROn1_VAW1_VSn1_VW2_VWB1_VFLRP0_WSGRA0_WSGRB0_WS64_WG64_4_1_WGM12",26410,6448491131935107,6448491131941597,0,8448,256,1,1,768,6,1
"KERNEL_DISPATCH",1,1,234879,925,68,"void rocsolver::v32802::getf2_npvt_small_kernel<16, double, int, int, double*>(int, double*, long, int, long, int*, int, int)",26413,6448491131945643,6448491131954938,0,136,336,1,1,336,1,1
"KERNEL_DISPATCH",1,1,234879,926,185,"void rocsolver::v32802::unit_forward_substitution_kernel<double, int, double*>(int, int, double*, int, int, long, long, double*, int, int, long, long)",26418,6448491131958062,6448491131967797,0,512,16,64,1,16,320,1
"KERNEL_DISPATCH",1,1,234879,927,820,"Cijk_Ailk_Bljk_DB_MT128x64x16_MI16x16x4x1_SN_1LDSB1_APM1_ABV0_ACED0_AF0EM2_AF1EM2_AMAS3_ASE_ASGT_ASLT_ASM_ASAE01_ASCE01_ASEM2_AAC0_BL1_BS1_CLR0_DTLA0_DTLB0_DTVA1_DTVB0_DVO0_ETSP_EPS1_ELFLR0_EMLL0_FSSC10_FL0_GLVWA2_GLVWB2_GRCGA1_GRCGB1_GRPM1_GRVW2_GSU1_GSUASB_GLS0_ISA942_IU1_K1_KLA_LBSPPA0_LBSPPB0_LPA0_LPB2_LDL1_LRVW1_LWPMn1_LDW0_FMA_MIAV1_MDA2_MO40_MMFSC_MKFGSU256_NTA0_NTB0_NTC3_NTD3_NEPBS4_NLCA1_NLCB1_ONLL1_OPLV0_PK0_PAP0_PGR2_PLR1_PKA0_SIA3_SLW1_SS1_SU0_SUM0_SUS0_SCIUI1_SPO1_SRVW0_SSO6_SVW2_SNLL0_TSGRA0_TSGRB0_TT2_64_TLDS0_UMLDSA0_UMLDSB0_U64SL1_USFGROn1_VAW1_VSn1_VW2_VWB1_VFLRP0_WSGRA0_WSGRB0_WS64_WG64_4_1_WGM12",26421,6448491131992996,6448491132000287,0,8448,256,1,1,768,5,1
"KERNEL_DISPATCH",1,1,234879,929,185,"void rocsolver::v32802::unit_forward_substitution_kernel<double, int, double*>(int, int, double*, int, int, long, long, double*, int, int, long, long)",26429,6448491132013307,6448491132024084,0,512,16,64,1,16,320,1
"KERNEL_DISPATCH",1,1,234879,928,68,"void rocsolver::v32802::getf2_npvt_small_kernel<16, double, int, int, double*>(int, double*, long, int, long, int*, int, int)",26424,6448491132000287,6448491132008700,0,136,320,1,1,320,1,1
"KERNEL_DISPATCH",1,1,234879,930,820,"Cijk_Ailk_Bljk_DB_MT128x64x16_MI16x16x4x1_SN_1LDSB1_APM1_ABV0_ACED0_AF0EM2_AF1EM2_AMAS3_ASE_ASGT_ASLT_ASM_ASAE01_ASCE01_ASEM2_AAC0_BL1_BS1_CLR0_DTLA0_DTLB0_DTVA1_DTVB0_DVO0_ETSP_EPS1_ELFLR0_EMLL0_FSSC10_FL0_GLVWA2_GLVWB2_GRCGA1_GRCGB1_GRPM1_GRVW2_GSU1_GSUASB_GLS0_ISA942_IU1_K1_KLA_LBSPPA0_LBSPPB0_LPA0_LPB2_LDL1_LRVW1_LWPMn1_LDW0_FMA_MIAV1_MDA2_MO40_MMFSC_MKFGSU256_NTA0_NTB0_NTC3_NTD3_NEPBS4_NLCA1_NLCB1_ONLL1_OPLV0_PK0_PAP0_PGR2_PLR1_PKA0_SIA3_SLW1_SS1_SU0_SUM0_SUS0_SCIUI1_SPO1_SRVW0_SSO6_SVW2_SNLL0_TSGRA0_TSGRB0_TT2_64_TLDS0_UMLDSA0_UMLDSB0_U64SL1_USFGROn1_VAW1_VSn1_VW2_VWB1_VFLRP0_WSGRA0_WSGRB0_WS64_WG64_4_1_WGM12",26432,6448491132027249,6448491132033779,0,8448,256,1,1,768,5,1
"KERNEL_DISPATCH",1,1,234879,931,68,"void rocsolver::v32802::getf2_npvt_small_kernel<16, double, int, int, double*>(int, double*, long, int, long, int*, int, int)",26435,6448491132043273,6448491132052688,0,136,304,1,1,304,1,1
"KERNEL_DISPATCH",1,1,234879,932,185,"void rocsolver::v32802::unit_forward_substitution_kernel<double, int, double*>(int, int, double*, int, int, long, long, double*, int, int, long, long)",26440,6448491132058857,6448491132068952,0,512,16,64,1,16,320,1
"KERNEL_DISPATCH",1,1,234879,933,820,"Cijk_Ailk_Bljk_DB_MT128x64x16_MI16x16x4x1_SN_1LDSB1_APM1_ABV0_ACED0_AF0EM2_AF1EM2_AMAS3_ASE_ASGT_ASLT_ASM_ASAE01_ASCE01_ASEM2_AAC0_BL1_BS1_CLR0_DTLA0_DTLB0_DTVA1_DTVB0_DVO0_ETSP_EPS1_ELFLR0_EMLL0_FSSC10_FL0_GLVWA2_GLVWB2_GRCGA1_GRCGB1_GRPM1_GRVW2_GSU1_GSUASB_GLS0_ISA942_IU1_K1_KLA_LBSPPA0_LBSPPB0_LPA0_LPB2_LDL1_LRVW1_LWPMn1_LDW0_FMA_MIAV1_MDA2_MO40_MMFSC_MKFGSU256_NTA0_NTB0_NTC3_NTD3_NEPBS4_NLCA1_NLCB1_ONLL1_OPLV0_PK0_PAP0_PGR2_PLR1_PKA0_SIA3_SLW1_SS1_SU0_SUM0_SUS0_SCIUI1_SPO1_SRVW0_SSO6_SVW2_SNLL0_TSGRA0_TSGRB0_TT2_64_TLDS0_UMLDSA0_UMLDSB0_U64SL1_USFGROn1_VAW1_VSn1_VW2_VWB1_VFLRP0_WSGRA0_WSGRB0_WS64_WG64_4_1_WGM12",26443,6448491132082093,6448491132088863,0,8448,256,1,1,768,5,1
"KERNEL_DISPATCH",1,1,234879,934,68,"void rocsolver::v32802::getf2_npvt_small_kernel<16, double, int, int, double*>(int, double*, long, int, long, int*, int, int)",26446,6448491132093510,6448491132102724,0,136,288,1,1,288,1,1
"KERNEL_DISPATCH",1,1,234879,935,185,"void rocsolver::v32802::unit_forward_substitution_kernel<double, int, double*>(int, int, double*, int, int, long, long, double*, int, int, long, long)",26451,6448491132106891,6448491132116545,0,512,16,64,1,16,320,1
"KERNEL_DISPATCH",1,1,234879,936,773,"Cijk_Ailk_Bljk_DB_MT64x64x16_MI16x16x4x1_SN_1LDSB1_APM1_ABV0_ACED0_AF0EM2_AF1EM2_AMAS3_ASE_ASGT_ASLT_ASM_ASAE01_ASCE01_ASEM2_AAC0_BL1_BS1_CLR0_DTLA0_DTLB0_DTVA0_DTVB0_DVO0_ETSP_EPS1_ELFLR0_EMLL0_FSSC10_FL0_GLVWA2_GLVWB2_GRCGA1_GRCGB1_GRPM1_GRVW2_GSU1_GSUASB_GLS0_ISA942_IU1_K1_KLA_LBSPPA0_LBSPPB128_LPA0_LPB2_LDL1_LRVW1_LWPMn1_LDW0_FMA_MIAV1_MDA2_MO40_MMFSC_MKFGSU256_NTA0_NTB0_NTC3_NTD3_NEPBS4_NLCA1_NLCB1_ONLL1_OPLV0_PK0_PAP0_PGR2_PLR5_PKA0_SIA3_SLW1_SS1_SU0_SUM0_SUS0_SCIUI1_SPO1_SRVW0_SSO6_SVW2_SNLL0_TSGRA0_TSGRB0_TT2_32_TLDS1_UMLDSA0_UMLDSB1_U64SL1_USFGROn1_VAW1_VSn1_VW2_VWB1_VFLRP0_WSGRA0_WSGRB0_WS64_WG32_8_1_WGM6",26454,6448491132127883,6448491132134333,0,17408,256,1,1,1280,5,1
"KERNEL_DISPATCH",1,1,234879,937,68,"void rocsolver::v32802::getf2_npvt_small_kernel<16, double, int, int, double*>(int, double*, long, int, long, int*, int, int)",26457,6448491132140743,6448491132149796,0,136,272,1,1,272,1,1
"KERNEL_DISPATCH",1,1,234879,938,185,"void rocsolver::v32802::unit_forward_substitution_kernel<double, int, double*>(int, int, double*, int, int, long, long, double*, int, int, long, long)",26462,6448491132153442,6448491132163417,0,512,16,64,1,16,256,1
"KERNEL_DISPATCH",1,1,234879,939,773,"Cijk_Ailk_Bljk_DB_MT64x64x16_MI16x16x4x1_SN_1LDSB1_APM1_ABV0_ACED0_AF0EM2_AF1EM2_AMAS3_ASE_ASGT_ASLT_ASM_ASAE01_ASCE01_ASEM2_AAC0_BL1_BS1_CLR0_DTLA0_DTLB0_DTVA0_DTVB0_DVO0_ETSP_EPS1_ELFLR0_EMLL0_FSSC10_FL0_GLVWA2_GLVWB2_GRCGA1_GRCGB1_GRPM1_GRVW2_GSU1_GSUASB_GLS0_ISA942_IU1_K1_KLA_LBSPPA0_LBSPPB128_LPA0_LPB2_LDL1_LRVW1_LWPMn1_LDW0_FMA_MIAV1_MDA2_MO40_MMFSC_MKFGSU256_NTA0_NTB0_NTC3_NTD3_NEPBS4_NLCA1_NLCB1_ONLL1_OPLV0_PK0_PAP0_PGR2_PLR5_PKA0_SIA3_SLW1_SS1_SU0_SUM0_SUS0_SCIUI1_SPO1_SRVW0_SSO6_SVW2_SNLL0_TSGRA0_TSGRB0_TT2_32_TLDS1_UMLDSA0_UMLDSB1_U64SL1_USFGROn1_VAW1_VSn1_VW2_VWB1_VFLRP0_WSGRA0_WSGRB0_WS64_WG32_8_1_WGM6",26465,6448491132174109,6448491132178877,0,17408,256,1,1,1024,4,1
"KERNEL_DISPATCH",1,1,234879,940,68,"void rocsolver::v32802::getf2_npvt_small_kernel<16, double, int, int, double*>(int, double*, long, int, long, int*, int, int)",26468,6448491132186773,6448491132195226,0,136,256,1,1,256,1,1
"KERNEL_DISPATCH",1,1,234879,941,185,"void rocsolver::v32802::unit_forward_substitution_kernel<double, int, double*>(int, int, double*, int, int, long, long, double*, int, int, long, long)",26473,6448491132199673,6448491132210129,0,512,16,64,1,16,256,1
"KERNEL_DISPATCH",1,1,234879,943,68,"void rocsolver::v32802::getf2_npvt_small_kernel<16, double, int, int, double*>(int, double*, long, int, long, int*, int, int)",26479,6448491132225979,6448491132234512,0,136,240,1,1,240,1,1
"KERNEL_DISPATCH",1,1,234879,942,773,"Cijk_Ailk_Bljk_DB_MT64x64x16_MI16x16x4x1_SN_1LDSB1_APM1_ABV0_ACED0_AF0EM2_AF1EM2_AMAS3_ASE_ASGT_ASLT_ASM_ASAE01_ASCE01_ASEM2_AAC0_BL1_BS1_CLR0_DTLA0_DTLB0_DTVA0_DTVB0_DVO0_ETSP_EPS1_ELFLR0_EMLL0_FSSC10_FL0_GLVWA2_GLVWB2_GRCGA1_GRCGB1_GRPM1_GRVW2_GSU1_GSUASB_GLS0_ISA942_IU1_K1_KLA_LBSPPA0_LBSPPB128_LPA0_LPB2_LDL1_LRVW1_LWPMn1_LDW0_FMA_MIAV1_MDA2_MO40_MMFSC_MKFGSU256_NTA0_NTB0_NTC3_NTD3_NEPBS4_NLCA1_NLCB1_ONLL1_OPLV0_PK0_PAP0_PGR2_PLR5_PKA0_SIA3_SLW1_SS1_SU0_SUM0_SUS0_SCIUI1_SPO1_SRVW0_SSO6_SVW2_SNLL0_TSGRA0_TSGRB0_TT2_32_TLDS1_UMLDSA0_UMLDSB1_U64SL1_USFGROn1_VAW1_VSn1_VW2_VWB1_VFLRP0_WSGRA0_WSGRB0_WS64_WG32_8_1_WGM6",26476,6448491132218622,6448491132223750,0,17408,256,1,1,1024,4,1
"KERNEL_DISPATCH",1,1,234879,944,185,"void rocsolver::v32802::unit_forward_substitution_kernel<double, int, double*>(int, int, double*, int, int, long, long, double*, int, int, long, long)",26484,6448491132241978,6448491132251833,0,512,16,64,1,16,256,1
"KERNEL_DISPATCH",1,1,234879,945,773,"Cijk_Ailk_Bljk_DB_MT64x64x16_MI16x16x4x1_SN_1LDSB1_APM1_ABV0_ACED0_AF0EM2_AF1EM2_AMAS3_ASE_ASGT_ASLT_ASM_ASAE01_ASCE01_ASEM2_AAC0_BL1_BS1_CLR0_DTLA0_DTLB0_DTVA0_DTVB0_DVO0_ETSP_EPS1_ELFLR0_EMLL0_FSSC10_FL0_GLVWA2_GLVWB2_GRCGA1_GRCGB1_GRPM1_GRVW2_GSU1_GSUASB_GLS0_ISA942_IU1_K1_KLA_LBSPPA0_LBSPPB128_LPA0_LPB2_LDL1_LRVW1_LWPMn1_LDW0_FMA_MIAV1_MDA2_MO40_MMFSC_MKFGSU256_NTA0_NTB0_NTC3_NTD3_NEPBS4_NLCA1_NLCB1_ONLL1_OPLV0_PK0_PAP0_PGR2_PLR5_PKA0_SIA3_SLW1_SS1_SU0_SUM0_SUS0_SCIUI1_SPO1_SRVW0_SSO6_SVW2_SNLL0_TSGRA0_TSGRB0_TT2_32_TLDS1_UMLDSA0_UMLDSB1_U64SL1_USFGROn1_VAW1_VSn1_VW2_VWB1_VFLRP0_WSGRA0_WSGRB0_WS64_WG32_8_1_WGM6",26487,6448491132267457,6448491132272424,0,17408,256,1,1,1024,4,1
"KERNEL_DISPATCH",1,1,234879,946,68,"void rocsolver::v32802::getf2_npvt_small_kernel<16, double, int, int, double*>(int, double*, long, int, long, int*, int, int)",26490,6448491132278714,6448491132287047,0,136,224,1,1,224,1,1
"KERNEL_DISPATCH",1,1,234879,947,185,"void rocsolver::v32802::unit_forward_substitution_kernel<double, int, double*>(int, int, double*, int, int, long, long, double*, int, int, long, long)",26495,6448491132292655,6448491132302070,0,512,16,64,1,16,256,1
"KERNEL_DISPATCH",1,1,234879,948,773,"Cijk_Ailk_Bljk_DB_MT64x64x16_MI16x16x4x1_SN_1LDSB1_APM1_ABV0_ACED0_AF0EM2_AF1EM2_AMAS3_ASE_ASGT_ASLT_ASM_ASAE01_ASCE01_ASEM2_AAC0_BL1_BS1_CLR0_DTLA0_DTLB0_DTVA0_DTVB0_DVO0_ETSP_EPS1_ELFLR0_EMLL0_FSSC10_FL0_GLVWA2_GLVWB2_GRCGA1_GRCGB1_GRPM1_GRVW2_GSU1_GSUASB_GLS0_ISA942_IU1_K1_KLA_LBSPPA0_LBSPPB128_LPA0_LPB2_LDL1_LRVW1_LWPMn1_LDW0_FMA_MIAV1_MDA2_MO40_MMFSC_MKFGSU256_NTA0_NTB0_NTC3_NTD3_NEPBS4_NLCA1_NLCB1_ONLL1_OPLV0_PK0_PAP0_PGR2_PLR5_PKA0_SIA3_SLW1_SS1_SU0_SUM0_SUS0_SCIUI1_SPO1_SRVW0_SSO6_SVW2_SNLL0_TSGRA0_TSGRB0_TT2_32_TLDS1_UMLDSA0_UMLDSB1_U64SL1_USFGROn1_VAW1_VSn1_VW2_VWB1_VFLRP0_WSGRA0_WSGRB0_WS64_WG32_8_1_WGM6",26498,6448491132313673,6448491132318601,0,17408,256,1,1,1024,4,1
"KERNEL_DISPATCH",1,1,234879,949,68,"void rocsolver::v32802::getf2_npvt_small_kernel<16, double, int, int, double*>(int, double*, long, int, long, int*, int, int)",26501,6448491132330193,6448491132338526,0,136,208,1,1,208,1,1
"KERNEL_DISPATCH",1,1,234879,950,185,"void rocsolver::v32802::unit_forward_substitution_kernel<double, int, double*>(int, int, double*, int, int, long, long, double*, int, int, long, long)",26506,6448491132342588,6448491132352443,0,512,16,64,1,16,192,1
"KERNEL_DISPATCH",1,1,234879,951,773,"Cijk_Ailk_Bljk_DB_MT64x64x16_MI16x16x4x1_SN_1LDSB1_APM1_ABV0_ACED0_AF0EM2_AF1EM2_AMAS3_ASE_ASGT_ASLT_ASM_ASAE01_ASCE01_ASEM2_AAC0_BL1_BS1_CLR0_DTLA0_DTLB0_DTVA0_DTVB0_DVO0_ETSP_EPS1_ELFLR0_EMLL0_FSSC10_FL0_GLVWA2_GLVWB2_GRCGA1_GRCGB1_GRPM1_GRVW2_GSU1_GSUASB_GLS0_ISA942_IU1_K1_KLA_LBSPPA0_LBSPPB128_LPA0_LPB2_LDL1_LRVW1_LWPMn1_LDW0_FMA_MIAV1_MDA2_MO40_MMFSC_MKFGSU256_NTA0_NTB0_NTC3_NTD3_NEPBS4_NLCA1_NLCB1_ONLL1_OPLV0_PK0_PAP0_PGR2_PLR5_PKA0_SIA3_SLW1_SS1_SU0_SUM0_SUS0_SCIUI1_SPO1_SRVW0_SSO6_SVW2_SNLL0_TSGRA0_TSGRB0_TT2_32_TLDS1_UMLDSA0_UMLDSB1_U64SL1_USFGROn1_VAW1_VSn1_VW2_VWB1_VFLRP0_WSGRA0_WSGRB0_WS64_WG32_8_1_WGM6",26509,6448491132367330,6448491132372418,0,17408,256,1,1,768,3,1
"KERNEL_DISPATCH",1,1,234879,952,68,"void rocsolver::v32802::getf2_npvt_small_kernel<16, double, int, int, double*>(int, double*, long, int, long, int*, int, int)",26512,6448491132378267,6448491132386559,0,136,192,1,1,192,1,1
"KERNEL_DISPATCH",1,1,234879,953,185,"void rocsolver::v32802::unit_forward_substitution_kernel<double, int, double*>(int, int, double*, int, int, long, long, double*, int, int, long, long)",26517,6448491132389764,6448491132399740,0,512,16,64,1,16,192,1
"KERNEL_DISPATCH",1,1,234879,954,977,"Cijk_Ailk_Bljk_DB_MT128x64x16_MI16x16x4x1_SN_1LDSB1_APM1_ABV0_ACED0_AF0EM2_AF1EM2_AMAS3_ASE_ASGT_ASLT_ASM_ASAE01_ASCE01_ASEM2_AAC0_BL1_BS1_CLR0_DTLA0_DTLB0_DTVA1_DTVB0_DVO0_ETSP_EPS1_ELFLR0_EMLL0_FSSC10_FL0_GLVWA2_GLVWB2_GRCGA1_GRCGB1_GRPM1_GRVW2_GSU1_GSUASB_GLS0_ISA942_IU1_K1_KLA_LBSPPA0_LBSPPB0_LPA0_LPB2_LDL1_LRVW1_LWPMn1_LDW0_FMA_MIAV1_MDA2_MO40_MMFSC_MKFGSU256_NTA0_NTB0_NTC3_NTD3_NEPBS4_NLCA1_NLCB1_ONLL1_OPLV0_PK0_PAP0_PGR2_PLR5_PKA0_SIA3_SLW1_SS1_SU0_SUM0_SUS0_SCIUI1_SPO1_SRVW0_SSO6_SVW2_SNLL0_TSGRA0_TSGRB0_TT2_64_TLDS0_UMLDSA0_UMLDSB0_U64SL1_USFGROn1_VAW1_VSn1_VW2_VWB1_VFLRP0_WSGRA0_WSGRB0_WS64_WG64_4_1_WGM6",26520,6448491132412279,6448491132422735,0,8448,256,1,1,512,3,1
"KERNEL_DISPATCH",1,1,234879,955,68,"void rocsolver::v32802::getf2_npvt_small_kernel<16, double, int, int, double*>(int, double*, long, int, long, int*, int, int)",26523,6448491132428344,6448491132436596,0,136,176,1,1,176,1,1
"KERNEL_DISPATCH",1,1,234879,956,185,"void rocsolver::v32802::unit_forward_substitution_kernel<double, int, double*>(int, int, double*, int, int, long, long, double*, int, int, long, long)",26528,6448491132442686,6448491132452701,0,512,16,64,1,16,192,1
"KERNEL_DISPATCH",1,1,234879,957,977,"Cijk_Ailk_Bljk_DB_MT128x64x16_MI16x16x4x1_SN_1LDSB1_APM1_ABV0_ACED0_AF0EM2_AF1EM2_AMAS3_ASE_ASGT_ASLT_ASM_ASAE01_ASCE01_ASEM2_AAC0_BL1_BS1_CLR0_DTLA0_DTLB0_DTVA1_DTVB0_DVO0_ETSP_EPS1_ELFLR0_EMLL0_FSSC10_FL0_GLVWA2_GLVWB2_GRCGA1_GRCGB1_GRPM1_GRVW2_GSU1_GSUASB_GLS0_ISA942_IU1_K1_KLA_LBSPPA0_LBSPPB0_LPA0_LPB2_LDL1_LRVW1_LWPMn1_LDW0_FMA_MIAV1_MDA2_MO40_MMFSC_MKFGSU256_NTA0_NTB0_NTC3_NTD3_NEPBS4_NLCA1_NLCB1_ONLL1_OPLV0_PK0_PAP0_PGR2_PLR5_PKA0_SIA3_SLW1_SS1_SU0_SUM0_SUS0_SCIUI1_SPO1_SRVW0_SSO6_SVW2_SNLL0_TSGRA0_TSGRB0_TT2_64_TLDS0_UMLDSA0_UMLDSB0_U64SL1_USFGROn1_VAW1_VSn1_VW2_VWB1_VFLRP0_WSGRA0_WSGRB0_WS64_WG64_4_1_WGM6",26531,6448491132459097,6448491132466548,0,8448,256,1,1,512,3,1
"KERNEL_DISPATCH",1,1,234879,958,68,"void rocsolver::v32802::getf2_npvt_small_kernel<16, double, int, int, double*>(int, double*, long, int, long, int*, int, int)",26534,6448491132474294,6448491132482186,0,136,160,1,1,160,1,1
"KERNEL_DISPATCH",1,1,234879,959,185,"void rocsolver::v32802::unit_forward_substitution_kernel<double, int, double*>(int, int, double*, int, int, long, long, double*, int, int, long, long)",26539,6448491132490238,6448491132499332,0,512,16,64,1,16,192,1
"KERNEL_DISPATCH",1,1,234879,960,817,"Cijk_Ailk_Bljk_DB_MT128x64x16_MI16x16x4x1_SN_1LDSB1_APM1_ABV0_ACED0_AF0EM2_AF1EM2_AMAS3_ASE_ASGT_ASLT_ASM_ASAE01_ASCE01_ASEM2_AAC0_BL1_BS1_CLR0_DTLA0_DTLB0_DTVA0_DTVB0_DVO0_ETSP_EPS1_ELFLR0_EMLL0_FSSC10_FL0_GLVWA2_GLVWB2_GRCGA1_GRCGB1_GRPM1_GRVW2_GSU1_GSUASB_GLS0_ISA942_IU1_K1_KLA_LBSPPA0_LBSPPB0_LPA0_LPB2_LDL1_LRVW1_LWPMn1_LDW0_FMA_MIAV1_MDA2_MO40_MMFSC_MKFGSU256_NTA0_NTB0_NTC3_NTD3_NEPBS0_NLCA1_NLCB1_ONLL1_OPLV0_PK0_PAP0_PGR2_PLR5_PKA0_SIA3_SLW1_SS1_SU0_SUM0_SUS0_SCIUI1_SPO1_SRVW0_SSO6_SVW2_SNLL0_TSGRA0_TSGRB0_TT2_64_TLDS0_UMLDSA0_UMLDSB0_U64SL1_USFGROn1_VAW1_VSn1_VW2_VWB1_VFLRP0_WSGRA0_WSGRB0_WS64_WG64_4_1_WGM6",26542,6448491132516038,6448491132527576,0,24832,256,1,1,512,3,1
"KERNEL_DISPATCH",1,1,234879,961,68,"void rocsolver::v32802::getf2_npvt_small_kernel<16, double, int, int, double*>(int, double*, long, int, long, int*, int, int)",26545,6448491132527191,6448491132534362,0,136,144,1,1,144,1,1
"KERNEL_DISPATCH",1,1,234879,962,185,"void rocsolver::v32802::unit_forward_substitution_kernel<double, int, double*>(int, int, double*, int, int, long, long, double*, int, int, long, long)",26550,6448491132537511,6448491132545764,0,512,16,64,1,16,128,1
"KERNEL_DISPATCH",1,1,234879,963,817,"Cijk_Ailk_Bljk_DB_MT128x64x16_MI16x16x4x1_SN_1LDSB1_APM1_ABV0_ACED0_AF0EM2_AF1EM2_AMAS3_ASE_ASGT_ASLT_ASM_ASAE01_ASCE01_ASEM2_AAC0_BL1_BS1_CLR0_DTLA0_DTLB0_DTVA0_DTVB0_DVO0_ETSP_EPS1_ELFLR0_EMLL0_FSSC10_FL0_GLVWA2_GLVWB2_GRCGA1_GRCGB1_GRPM1_GRVW2_GSU1_GSUASB_GLS0_ISA942_IU1_K1_KLA_LBSPPA0_LBSPPB0_LPA0_LPB2_LDL1_LRVW1_LWPMn1_LDW0_FMA_MIAV1_MDA2_MO40_MMFSC_MKFGSU256_NTA0_NTB0_NTC3_NTD3_NEPBS0_NLCA1_NLCB1_ONLL1_OPLV0_PK0_PAP0_PGR2_PLR5_PKA0_SIA3_SLW1_SS1_SU0_SUM0_SUS0_SCIUI1_SPO1_SRVW0_SSO6_SVW2_SNLL0_TSGRA0_TSGRB0_TT2_64_TLDS0_UMLDSA0_UMLDSB0_U64SL1_USFGROn1_VAW1_VSn1_VW2_VWB1_VFLRP0_WSGRA0_WSGRB0_WS64_WG64_4_1_WGM6",26553,6448491132558223,6448491132564192,0,24832,256,1,1,256,2,1
"KERNEL_DISPATCH",1,1,234879,964,68,"void rocsolver::v32802::getf2_npvt_small_kernel<16, double, int, int, double*>(int, double*, long, int, long, int*, int, int)",26556,6448491132571924,6448491132578814,0,136,128,1,1,128,1,1
"KERNEL_DISPATCH",1,1,234879,965,185,"void rocsolver::v32802::unit_forward_substitution_kernel<double, int, double*>(int, int, double*, int, int, long, long, double*, int, int, long, long)",26561,6448491132594879,6448491132604854,0,512,16,64,1,16,128,1
"KERNEL_DISPATCH",1,1,234879,966,1178,"Cijk_Ailk_Bljk_DB_MT128x64x16_MI16x16x4x1_SN_1LDSB1_APM1_ABV0_ACED0_AF0EM2_AF1EM2_AMAS3_ASE_ASGT_ASLT_ASM_ASAE01_ASCE01_ASEM2_AAC0_BL1_BS1_CLR0_DTLA0_DTLB0_DTVA0_DTVB0_DVO0_ETSP_EPS1_ELFLR0_EMLL0_FSSC10_FL0_GLVWA2_GLVWB2_GRCGA1_GRCGB1_GRPM1_GRVW2_GSU1_GSUASB_GLS0_ISA942_IU1_K1_KLA_LBSPPA0_LBSPPB0_LPA0_LPB2_LDL1_LRVW1_LWPMn1_LDW0_FMA_MIAV1_MDA2_MO40_MMFSC_MKFGSU256_NTA0_NTB0_NTC3_NTD3_NEPBS0_NLCA1_NLCB1_ONLL1_OPLV0_PK0_PAP0_PGR2_PLR1_PKA0_SIA3_SLW1_SS1_SU0_SUM0_SUS0_SCIUI1_SPO1_SRVW0_SSO6_SVW2_SNLL0_TSGRA0_TSGRB0_TT2_64_TLDS0_UMLDSA0_UMLDSB0_U64SL1_USFGROn1_VAW1_VSn1_VW2_VWB1_VFLRP0_WSGRA0_WSGRB0_WS64_WG64_4_1_WGM6",26564,6448491132610097,6448491132620153,0,24832,256,1,1,256,2,1
"KERNEL_DISPATCH",1,1,234879,967,68,"void rocsolver::v32802::getf2_npvt_small_kernel<16, double, int, int, double*>(int, double*, long, int, long, int*, int, int)",26567,6448491132619553,6448491132627485,0,136,112,1,1,112,1,1
"KERNEL_DISPATCH",1,1,234879,968,185,"void rocsolver::v32802::unit_forward_substitution_kernel<double, int, double*>(int, int, double*, int, int, long, long, double*, int, int, long, long)",26572,6448491132635221,6448491132643594,0,512,16,64,1,16,128,1
"KERNEL_DISPATCH",1,1,234879,969,999,"Cijk_Ailk_Bljk_DB_MT128x64x16_MI16x16x4x1_SN_1LDSB1_APM1_ABV0_ACED0_AF0EM2_AF1EM2_AMAS3_ASE_ASGT_ASLT_ASM_ASAE01_ASCE01_ASEM2_AAC0_BL1_BS1_CLR0_DTLA0_DTLB0_DTVA1_DTVB0_DVO0_ETSP_EPS1_ELFLR0_EMLL0_FSSC10_FL0_GLVWA2_GLVWB2_GRCGA1_GRCGB1_GRPM1_GRVW2_GSU1_GSUASB_GLS0_ISA942_IU1_K1_KLA_LBSPPA0_LBSPPB0_LPA0_LPB2_LDL1_LRVW1_LWPMn1_LDW0_FMA_MIAV1_MDA2_MO40_MMFSC_MKFGSU256_NTA0_NTB0_NTC3_NTD3_NEPBS0_NLCA1_NLCB1_ONLL1_OPLV0_PK0_PAP0_PGR2_PLR5_PKA0_SIA3_SLW1_SS1_SU0_SUM0_SUS0_SCIUI1_SPO1_SRVW0_SSO6_SVW2_SNLL0_TSGRA0_TSGRB0_TT2_64_TLDS0_UMLDSA0_UMLDSB0_U64SL1_USFGROn1_VAW1_VSn1_VW2_VWB1_VFLRP0_WSGRA0_WSGRB0_WS64_WG64_4_1_WGM12",26575,6448491132652968,6448491132661421,0,8448,256,1,1,256,2,1
"KERNEL_DISPATCH",1,1,234879,970,68,"void rocsolver::v32802::getf2_npvt_small_kernel<16, double, int, int, double*>(int, double*, long, int, long, int*, int, int)",26578,6448491132664946,6448491132672117,0,136,96,1,1,96,1,1
"KERNEL_DISPATCH",1,1,234879,971,185,"void rocsolver::v32802::unit_forward_substitution_kernel<double, int, double*>(int, int, double*, int, int, long, long, double*, int, int, long, long)",26583,6448491132676805,6448491132685257,0,512,16,64,1,16,128,1
"KERNEL_DISPATCH",1,1,234879,972,759,"Cijk_Ailk_Bljk_DB_MT64x64x16_MI16x16x4x1_SN_1LDSB1_APM1_ABV0_ACED0_AF0EM2_AF1EM2_AMAS3_ASE_ASGT_ASLT_ASM_ASAE01_ASCE01_ASEM2_AAC0_BL1_BS1_CLR0_DTLA0_DTLB0_DTVA0_DTVB0_DVO0_ETSP_EPS1_ELFLR0_EMLL0_FSSC10_FL0_GLVWA2_GLVWB2_GRCGA1_GRCGB1_GRPM1_GRVW2_GSU1_GSUASB_GLS0_ISA942_IU1_K1_KLA_LBSPPA0_LBSPPB0_LPA0_LPB2_LDL1_LRVW1_LWPMn1_LDW0_FMA_MIAV1_MDA2_MO40_MMFSC_MKFGSU256_NTA0_NTB0_NTC3_NTD3_NEPBS4_NLCA1_NLCB1_ONLL1_OPLV0_PK0_PAP0_PGR2_PLR5_PKA0_SIA3_SLW1_SS1_SU0_SUM0_SUS0_SCIUI1_SPO1_SRVW0_SSO6_SVW2_SNLL0_TSGRA0_TSGRB0_TT2_32_TLDS0_UMLDSA0_UMLDSB0_U64SL1_USFGROn1_VAW1_VSn1_VW2_VWB1_VFLRP0_WSGRA0_WSGRB0_WS64_WG32_8_1_WGM6",26586,6448491132698999,6448491132707051,0,16640,256,1,1,512,2,1
"KERNEL_DISPATCH",1,1,234879,973,68,"void rocsolver::v32802::getf2_npvt_small_kernel<16, double, int, int, double*>(int, double*, long, int, long, int*, int, int)",26589,6448491132712980,6448491132720191,0,136,80,1,1,80,1,1
"KERNEL_DISPATCH",1,1,234879,974,185,"void rocsolver::v32802::unit_forward_substitution_kernel<double, int, double*>(int, int, double*, int, int, long, long, double*, int, int, long, long)",26594,6448491132723276,6448491132732370,0,512,16,64,1,16,64,1
"KERNEL_DISPATCH",1,1,234879,975,814,"Cijk_Ailk_Bljk_DB_MT64x64x16_MI16x16x4x1_SN_1LDSB1_APM1_ABV0_ACED0_AF0EM2_AF1EM2_AMAS0_ASE_ASGT_ASLT_ASM_ASAE01_ASCE01_ASEM2_AAC0_BL1_BS1_CLR0_DTLA0_DTLB0_DTVA1_DTVB0_DVO0_ETSP_EPS1_ELFLR0_EMLL0_FSSC10_FL0_GLVWA1_GLVWB1_GRCGA1_GRCGB1_GRPM1_GRVW1_GSU1_GSUASB_GLS0_ISA942_IU1_K1_KLA_LBSPPA0_LBSPPB128_LPA0_LPB4_LDL1_LRVW2_LWPMn1_LDW0_FMA_MIAV1_MDA2_MO40_MMFSC_MKFGSU256_NTA0_NTB0_NTC3_NTD3_NEPBS0_NLCA1_NLCB1_ONLL1_OPLV0_PK0_PAP0_PGR2_PLR5_PKA0_SIA3_SLW1_SS1_SU0_SUM0_SUS0_SCIUI1_SPO1_SRVW0_SSO6_SVW1_SNLL0_TSGRA0_TSGRB0_TT1_64_TLDS1_UMLDSA0_UMLDSB1_U64SL1_USFGROn1_VAW1_VSn1_VW1_VWB1_VFLRP0_WSGRA0_WSGRB0_WS64_WG64_4_1_WGM6",26597,6448491132745750,6448491132753162,0,10240,256,1,1,256,1,1
"KERNEL_DISPATCH",1,1,234879,976,68,"void rocsolver::v32802::getf2_npvt_small_kernel<16, double, int, int, double*>(int, double*, long, int, long, int*, int, int)",26600,6448491132760558,6448491132768130,0,136,64,1,1,64,1,1
"KERNEL_DISPATCH",1,1,234879,977,185,"void rocsolver::v32802::unit_forward_substitution_kernel<double, int, double*>(int, int, double*, int, int, long, long, double*, int, int, long, long)",26605,6448491132777759,6448491132786092,0,512,16,64,1,16,64,1
"KERNEL_DISPATCH",1,1,234879,978,744,"Cijk_Ailk_Bljk_DB_MT64x64x16_MI16x16x4x1_SN_1LDSB1_APM1_ABV0_ACED0_AF0EM2_AF1EM2_AMAS3_ASE_ASGT_ASLT_ASM_ASAE01_ASCE01_ASEM2_AAC0_BL1_BS1_CLR0_DTLA0_DTLB0_DTVA0_DTVB0_DVO0_ETSP_EPS1_ELFLR0_EMLL0_FSSC10_FL0_GLVWA2_GLVWB2_GRCGA1_GRCGB1_GRPM1_GRVW2_GSU1_GSUASB_GLS0_ISA942_IU1_K1_KLA_LBSPPA0_LBSPPB128_LPA0_LPB4_LDL1_LRVW2_LWPMn1_LDW0_FMA_MIAV1_MDA2_MO40_MMFSC_MKFGSU256_NTA0_NTB0_NTC3_NTD3_NEPBS0_NLCA1_NLCB1_ONLL1_OPLV0_PK0_PAP0_PGR2_PLR5_PKA0_SIA3_SLW1_SS1_SU0_SUM0_SUS0_SCIUI1_SPO1_SRVW0_SSO6_SVW2_SNLL0_TSGRA0_TSGRB0_TT2_32_TLDS1_UMLDSA0_UMLDSB1_U64SL1_USFGROn1_VAW1_VSn1_VW2_VWB1_VFLRP0_WSGRA0_WSGRB0_WS64_WG32_8_1_WGM6",26608,6448491132795587,6448491132802117,0,18432,256,1,1,256,1,1
"KERNEL_DISPATCH",1,1,234879,979,68,"void rocsolver::v32802::getf2_npvt_small_kernel<16, double, int, int, double*>(int, double*, long, int, long, int*, int, int)",26611,6448491132807525,6448491132814736,0,136,48,1,1,48,1,1
"KERNEL_DISPATCH",1,1,234879,980,185,"void rocsolver::v32802::unit_forward_substitution_kernel<double, int, double*>(int, int, double*, int, int, long, long, double*, int, int, long, long)",26616,6448491132817901,6448491132824992,0,512,16,64,1,16,64,1
"KERNEL_DISPATCH",1,1,234879,981,754,"Cijk_Ailk_Bljk_DB_MT32x64x32_MI16x16x4x1_SN_1LDSB1_APM1_ABV0_ACED0_AF0EM2_AF1EM2_AMAS3_ASE_ASGT_ASLT_ASM_ASAE01_ASCE01_ASEM2_AAC0_BL1_BS1_CLR0_DTLA0_DTLB0_DTVA0_DTVB0_DVO0_ETSP_EPS1_ELFLR0_EMLL0_FSSC10_FL0_GLVWA2_GLVWB2_GRCGA1_GRCGB1_GRPM1_GRVW2_GSU1_GSUASB_GLS0_ISA942_IU1_K1_KLA_LBSPPA0_LBSPPB256_LPA0_LPB4_LDL1_LRVW2_LWPMn1_LDW0_FMA_MIAV1_MDA2_MO40_MMFSC_MKFGSU256_NTA0_NTB0_NTC3_NTD3_NEPBS0_NLCA1_NLCB1_ONLL1_OPLV0_PK0_PAP0_PGR2_PLR9_PKA0_SIA3_SLW1_SS1_SU0_SUM0_SUS0_SCIUI1_SPO1_SRVW0_SSO6_SVW2_SNLL0_TSGRA0_TSGRB0_TT2_16_TLDS1_UMLDSA0_UMLDSB1_U64SL1_USFGROn1_VAW1_VSn1_VW2_VWB1_VFLRP0_WSGRA0_WSGRB0_WS64_WG16_16_1_WGM6",26619,6448491132842338,6448491132847827,0,26624,256,1,1,256,1,1
"KERNEL_DISPATCH",1,1,234879,982,68,"void rocsolver::v32802::getf2_npvt_small_kernel<16, double, int, int, double*>(int, double*, long, int, long, int*, int, int)",26622,6448491132852274,6448491132859685,0,136,32,1,1,32,1,1
"KERNEL_DISPATCH",1,1,234879,983,185,"void rocsolver::v32802::unit_forward_substitution_kernel<double, int, double*>(int, int, double*, int, int, long, long, double*, int, int, long, long)",26627,6448491132863346,6448491132870557,0,512,16,64,1,16,64,1
"KERNEL_DISPATCH",1,1,234879,984,754,"Cijk_Ailk_Bljk_DB_MT32x64x32_MI16x16x4x1_SN_1LDSB1_APM1_ABV0_ACED0_AF0EM2_AF1EM2_AMAS3_ASE_ASGT_ASLT_ASM_ASAE01_ASCE01_ASEM2_AAC0_BL1_BS1_CLR0_DTLA0_DTLB0_DTVA0_DTVB0_DVO0_ETSP_EPS1_ELFLR0_EMLL0_FSSC10_FL0_GLVWA2_GLVWB2_GRCGA1_GRCGB1_GRPM1_GRVW2_GSU1_GSUASB_GLS0_ISA942_IU1_K1_KLA_LBSPPA0_LBSPPB256_LPA0_LPB4_LDL1_LRVW2_LWPMn1_LDW0_FMA_MIAV1_MDA2_MO40_MMFSC_MKFGSU256_NTA0_NTB0_NTC3_NTD3_NEPBS0_NLCA1_NLCB1_ONLL1_OPLV0_PK0_PAP0_PGR2_PLR9_PKA0_SIA3_SLW1_SS1_SU0_SUM0_SUS0_SCIUI1_SPO1_SRVW0_SSO6_SVW2_SNLL0_TSGRA0_TSGRB0_TT2_16_TLDS1_UMLDSA0_UMLDSB1_U64SL1_USFGROn1_VAW1_VSn1_VW2_VWB1_VFLRP0_WSGRA0_WSGRB0_WS64_WG16_16_1_WGM6",26630,6448491132887593,6448491132891920,0,26624,256,1,1,256,1,1
"KERNEL_DISPATCH",1,1,234879,985,68,"void rocsolver::v32802::getf2_npvt_small_kernel<16, double, int, int, double*>(int, double*, long, int, long, int*, int, int)",26633,6448491132897944,6448491132905515,0,136,16,1,1,16,1,1
"KERNEL_DISPATCH",1,1,234879,986,1399,"void rocblas_trtri_trsm_kernel<128, 16, 8, double, double const*, double*>(rocblas_fill_, rocblas_diagonal_, double const*, long, int, long, double*, long, long, int)",26637,6448491132913968,6448491132942933,0,8192,256,1,1,4096,1,1
"KERNEL_DISPATCH",1,1,234879,987,1443,"void rocblas_trtri_fill<128, double, double*>(_rocblas_handle*, rocblas_fill_, int, long, int, long, double*, long, long, int, int)",26642,6448491132942933,6448491132945977,0,0,128,1,1,32512,1,1
"KERNEL_DISPATCH",1,1,234879,988,997,"Cijk_Ailk_Bljk_DB_MT64x32x16_MI16x16x4x1_SN_1LDSB1_APM1_ABV0_ACED0_AF0EM2_AF1EM2_AMAS0_ASE_ASGT_ASLT_ASM_ASAE01_ASCE01_ASEM2_AAC0_BL1_BS1_CLR0_DTLA0_DTLB0_DTVA1_DTVB0_DVO0_ETSP_EPS1_ELFLR0_EMLL0_FSSC10_FL0_GLVWA1_GLVWB1_GRCGA1_GRCGB1_GRPM1_GRVW1_GSU1_GSUASB_GLS0_ISA942_IU1_K1_KLA_LBSPPA0_LBSPPB128_LPA0_LPB4_LDL1_LRVW2_LWPMn1_LDW0_FMA_MIAV1_MDA2_MO40_MMFSC_MKFGSU256_NTA0_NTB0_NTC3_NTD3_NEPBS0_NLCA1_NLCB1_ONLL1_OPLV0_PK0_PAP0_PGR2_PLR5_PKA0_SIA3_SLW1_SS1_SU0_SUM0_SUS0_SCIUI1_SPO1_SRVW0_SSO6_SVW1_SNLL0_TSGRA0_TSGRB0_TT1_32_TLDS1_UMLDSA0_UMLDSB1_U64SL1_USFGROn1_VAW1_VSn1_VW1_VWB1_VFLRP0_WSGRA0_WSGRB0_WS64_WG64_4_1_WGM12",26646,6448491132945977,6448491132952267,0,5120,256,1,1,256,1,4
"KERNEL_DISPATCH",1,1,234879,989,997,"Cijk_Ailk_Bljk_DB_MT64x32x16_MI16x16x4x1_SN_1LDSB1_APM1_ABV0_ACED0_AF0EM2_AF1EM2_AMAS0_ASE_ASGT_ASLT_ASM_ASAE01_ASCE01_ASEM2_AAC0_BL1_BS1_CLR0_DTLA0_DTLB0_DTVA1_DTVB0_DVO0_ETSP_EPS1_ELFLR0_EMLL0_FSSC10_FL0_GLVWA1_GLVWB1_GRCGA1_GRCGB1_GRPM1_GRVW1_GSU1_GSUASB_GLS0_ISA942_IU1_K1_KLA_LBSPPA0_LBSPPB128_LPA0_LPB4_LDL1_LRVW2_LWPMn1_LDW0_FMA_MIAV1_MDA2_MO40_MMFSC_MKFGSU256_NTA0_NTB0_NTC3_NTD3_NEPBS0_NLCA1_NLCB1_ONLL1_OPLV0_PK0_PAP0_PGR2_PLR5_PKA0_SIA3_SLW1_SS1_SU0_SUM0_SUS0_SCIUI1_SPO1_SRVW0_SSO6_SVW1_SNLL0_TSGRA0_TSGRB0_TT1_32_TLDS1_UMLDSA0_UMLDSB1_U64SL1_USFGROn1_VAW1_VSn1_VW1_VWB1_VFLRP0_WSGRA0_WSGRB0_WS64_WG64_4_1_WGM12",26649,6448491132956874,6448491132960920,0,5120,256,1,1,256,1,4
"KERNEL_DISPATCH",1,1,234879,990,997,"Cijk_Ailk_Bljk_DB_MT64x32x16_MI16x16x4x1_SN_1LDSB1_APM1_ABV0_ACED0_AF0EM2_AF1EM2_AMAS0_ASE_ASGT_ASLT_ASM_ASAE01_ASCE01_ASEM2_AAC0_BL1_BS1_CLR0_DTLA0_DTLB0_DTVA1_DTVB0_DVO0_ETSP_EPS1_ELFLR0_EMLL0_FSSC10_FL0_GLVWA1_GLVWB1_GRCGA1_GRCGB1_GRPM1_GRVW1_GSU1_GSUASB_GLS0_ISA942_IU1_K1_KLA_LBSPPA0_LBSPPB128_LPA0_LPB4_LDL1_LRVW2_LWPMn1_LDW0_FMA_MIAV1_MDA2_MO40_MMFSC_MKFGSU256_NTA0_NTB0_NTC3_NTD3_NEPBS0_NLCA1_NLCB1_ONLL1_OPLV0_PK0_PAP0_PGR2_PLR5_PKA0_SIA3_SLW1_SS1_SU0_SUM0_SUS0_SCIUI1_SPO1_SRVW0_SSO6_SVW1_SNLL0_TSGRA0_TSGRB0_TT1_32_TLDS1_UMLDSA0_UMLDSB1_U64SL1_USFGROn1_VAW1_VSn1_VW1_VWB1_VFLRP0_WSGRA0_WSGRB0_WS64_WG64_4_1_WGM12",26652,6448491132982393,6448491132988803,0,5120,256,1,1,256,1,4
"KERNEL_DISPATCH",1,1,234879,991,997,"Cijk_Ailk_Bljk_DB_MT64x32x16_MI16x16x4x1_SN_1LDSB1_APM1_ABV0_ACED0_AF0EM2_AF1EM2_AMAS0_ASE_ASGT_ASLT_ASM_ASAE01_ASCE01_ASEM2_AAC0_BL1_BS1_CLR0_DTLA0_DTLB0_DTVA1_DTVB0_DVO0_ETSP_EPS1_ELFLR0_EMLL0_FSSC10_FL0_GLVWA1_GLVWB1_GRCGA1_GRCGB1_GRPM1_GRVW1_GSU1_GSUASB_GLS0_ISA942_IU1_K1_KLA_LBSPPA0_LBSPPB128_LPA0_LPB4_LDL1_LRVW2_LWPMn1_LDW0_FMA_MIAV1_MDA2_MO40_MMFSC_MKFGSU256_NTA0_NTB0_NTC3_NTD3_NEPBS0_NLCA1_NLCB1_ONLL1_OPLV0_PK0_PAP0_PGR2_PLR5_PKA0_SIA3_SLW1_SS1_SU0_SUM0_SUS0_SCIUI1_SPO1_SRVW0_SSO6_SVW1_SNLL0_TSGRA0_TSGRB0_TT1_32_TLDS1_UMLDSA0_UMLDSB1_U64SL1_USFGROn1_VAW1_VSn1_VW1_VWB1_VFLRP0_WSGRA0_WSGRB0_WS64_WG64_4_1_WGM12",26655,6448491133000781,6448491133006350,0,5120,256,1,1,256,1,4
"KERNEL_DISPATCH",1,1,234879,992,970,"Cijk_Ailk_Bljk_DB_MT64x64x32_MI16x16x4x1_SN_1LDSB1_APM1_ABV0_ACED0_AF0EM2_AF1EM2_AMAS0_ASE_ASGT_ASLT_ASM_ASAE01_ASCE01_ASEM2_AAC0_BL1_BS1_CLR0_DTLA0_DTLB0_DTVA0_DTVB0_DVO0_ETSP_EPS1_ELFLR0_EMLL0_FSSC10_FL0_GLVWA1_GLVWB1_GRCGA1_GRCGB1_GRPM1_GRVW1_GSU1_GSUASB_GLS0_ISA942_IU1_K1_KLA_LBSPPA0_LBSPPB0_LPA0_LPB1_LDL1_LRVW1_LWPMn1_LDW0_FMA_MIAV1_MDA2_MO40_MMFSC_MKFGSU256_NTA0_NTB0_NTC3_NTD3_NEPBS0_NLCA1_NLCB1_ONLL1_OPLV0_PK0_PAP0_PGR2_PLR9_PKA0_SIA3_SLW1_SS1_SU0_SUM0_SUS0_SCIUI1_SPO1_SRVW0_SSO6_SVW1_SNLL0_TSGRA0_TSGRB0_TT2_32_TLDS0_UMLDSA0_UMLDSB0_U64SL1_USFGROn1_VAW1_VSn1_VW1_VWB1_VFLRP0_WSGRA0_WSGRB0_WS64_WG32_8_1_WGM6",26658,6448491133027342,6448491133034713,0,33024,256,1,1,256,1,4
"KERNEL_DISPATCH",1,1,234879,993,970,"Cijk_Ailk_Bljk_DB_MT64x64x32_MI16x16x4x1_SN_1LDSB1_APM1_ABV0_ACED0_AF0EM2_AF1EM2_AMAS0_ASE_ASGT_ASLT_ASM_ASAE01_ASCE01_ASEM2_AAC0_BL1_BS1_CLR0_DTLA0_DTLB0_DTVA0_DTVB0_DVO0_ETSP_EPS1_ELFLR0_EMLL0_FSSC10_FL0_GLVWA1_GLVWB1_GRCGA1_GRCGB1_GRPM1_GRVW1_GSU1_GSUASB_GLS0_ISA942_IU1_K1_KLA_LBSPPA0_LBSPPB0_LPA0_LPB1_LDL1_LRVW1_LWPMn1_LDW0_FMA_MIAV1_MDA2_MO40_MMFSC_MKFGSU256_NTA0_NTB0_NTC3_NTD3_NEPBS0_NLCA1_NLCB1_ONLL1_OPLV0_PK0_PAP0_PGR2_PLR9_PKA0_SIA3_SLW1_SS1_SU0_SUM0_SUS0_SCIUI1_SPO1_SRVW0_SSO6_SVW1_SNLL0_TSGRA0_TSGRB0_TT2_32_TLDS0_UMLDSA0_UMLDSB0_U64SL1_USFGROn1_VAW1_VSn1_VW1_VWB1_VFLRP0_WSGRA0_WSGRB0_WS64_WG32_8_1_WGM6",26661,6448491133040963,6448491133048655,0,33024,256,1,1,256,1,4
"KERNEL_DISPATCH",1,1,234879,994,1471,"void rocblas_copy_matrix_trsm<128, 8, double, double*, double*>(int, int, int, double*, int, long, double*, int, long, long, long, int)",26665,6448491133050457,6448491133054784,0,0,128,8,1,4096,128,1
"KERNEL_DISPATCH",1,1,234879,995,1042,"Cijk_Ailk_Bljk_DB_MT80x64x32_MI16x16x4x1_SN_1LDSB1_APM1_ABV0_ACED0_AF0EM1_AF1EM1_AMAS0_ASE_ASGT_ASLT1257_ASM_ASAE01_ASCE01_ASEM1_AAC0_BL1_BS1_CLR0_DTLA0_DTLB0_DTVA0_DTVB0_DVO0_ETB_EPS1_ELFLR0_EMLL0_FSSC10_FL0_GLVWA2_GLVWB2_GRCGA1_GRCGB1_GRPM1_GRVWn1_GSU1_GSUASB_GLS0_ISA942_IU1_K1_KLA_LBSPPA0_LBSPPB256_LPA0_LPB4_LDL1_LRVW2_LWPMn1_LDW0_FMA_MIAV1_MDA2_MO40_MMFSC_MKFGSU256_NTA0_NTB0_NTC0_NTD0_NEPBS4_NLCA5_NLCB1_ONLL1_OPLV0_PK0_PAP0_PGR2_PLR9_PKA0_SIA3_SLW1_SS1_SU0_SUM0_SUS0_SCIUI1_SPO0_SRVW0_SSO0_SVW1_SNLL0_TSGRA0_TSGRB0_TT5_16_TLDS1_UMLDSA0_UMLDSB1_U64SL1_USFGROn1_VAW1_VSn1_VW1_VWB1_VFLRP0_WSGRA0_WSGRB0_WS64_WG16_16_1_WGM1",26669,6448491133072571,6448491133082587,0,38912,256,1,1,13312,2,1
"KERNEL_DISPATCH",1,1,234879,996,1042,"Cijk_Ailk_Bljk_DB_MT80x64x32_MI16x16x4x1_SN_1LDSB1_APM1_ABV0_ACED0_AF0EM1_AF1EM1_AMAS0_ASE_ASGT_ASLT1257_ASM_ASAE01_ASCE01_ASEM1_AAC0_BL1_BS1_CLR0_DTLA0_DTLB0_DTVA0_DTVB0_DVO0_ETB_EPS1_ELFLR0_EMLL0_FSSC10_FL0_GLVWA2_GLVWB2_GRCGA1_GRCGB1_GRPM1_GRVWn1_GSU1_GSUASB_GLS0_ISA942_IU1_K1_KLA_LBSPPA0_LBSPPB256_LPA0_LPB4_LDL1_LRVW2_LWPMn1_LDW0_FMA_MIAV1_MDA2_MO40_MMFSC_MKFGSU256_NTA0_NTB0_NTC0_NTD0_NEPBS4_NLCA5_NLCB1_ONLL1_OPLV0_PK0_PAP0_PGR2_PLR9_PKA0_SIA3_SLW1_SS1_SU0_SUM0_SUS0_SCIUI1_SPO0_SRVW0_SSO0_SVW1_SNLL0_TSGRA0_TSGRB0_TT5_16_TLDS1_UMLDSA0_UMLDSB1_U64SL1_USFGROn1_VAW1_VSn1_VW1_VWB1_VFLRP0_WSGRA0_WSGRB0_WS64_WG16_16_1_WGM1",26672,6448491133104100,6448491133122728,0,38912,256,1,1,13312,2,1
"KERNEL_DISPATCH",1,1,234879,997,1042,"Cijk_Ailk_Bljk_DB_MT80x64x32_MI16x16x4x1_SN_1LDSB1_APM1_ABV0_ACED0_AF0EM1_AF1EM1_AMAS0_ASE_ASGT_ASLT1257_ASM_ASAE01_ASCE01_ASEM1_AAC0_BL1_BS1_CLR0_DTLA0_DTLB0_DTVA0_DTVB0_DVO0_ETB_EPS1_ELFLR0_EMLL0_FSSC10_FL0_GLVWA2_GLVWB2_GRCGA1_GRCGB1_GRPM1_GRVWn1_GSU1_GSUASB_GLS0_ISA942_IU1_K1_KLA_LBSPPA0_LBSPPB256_LPA0_LPB4_LDL1_LRVW2_LWPMn1_LDW0_FMA_MIAV1_MDA2_MO40_MMFSC_MKFGSU256_NTA0_NTB0_NTC0_NTD0_NEPBS4_NLCA5_NLCB1_ONLL1_OPLV0_PK0_PAP0_PGR2_PLR9_PKA0_SIA3_SLW1_SS1_SU0_SUM0_SUS0_SCIUI1_SPO0_SRVW0_SSO0_SVW1_SNLL0_TSGRA0_TSGRB0_TT5_16_TLDS1_UMLDSA0_UMLDSB1_U64SL1_USFGROn1_VAW1_VSn1_VW1_VWB1_VFLRP0_WSGRA0_WSGRB0_WS64_WG16_16_1_WGM1",26675,6448491133122728,6448491133133465,0,38912,256,1,1,13312,2,1
"KERNEL_DISPATCH",1,1,234879,998,1042,"Cijk_Ailk_Bljk_DB_MT80x64x32_MI16x16x4x1_SN_1LDSB1_APM1_ABV0_ACED0_AF0EM1_AF1EM1_AMAS0_ASE_ASGT_ASLT1257_ASM_ASAE01_ASCE01_ASEM1_AAC0_BL1_BS1_CLR0_DTLA0_DTLB0_DTVA0_DTVB0_DVO0_ETB_EPS1_ELFLR0_EMLL0_FSSC10_FL0_GLVWA2_GLVWB2_GRCGA1_GRCGB1_GRPM1_GRVWn1_GSU1_GSUASB_GLS0_ISA942_IU1_K1_KLA_LBSPPA0_LBSPPB256_LPA0_LPB4_LDL1_LRVW2_LWPMn1_LDW0_FMA_MIAV1_MDA2_MO40_MMFSC_MKFGSU256_NTA0_NTB0_NTC0_NTD0_NEPBS4_NLCA5_NLCB1_ONLL1_OPLV0_PK0_PAP0_PGR2_PLR9_PKA0_SIA3_SLW1_SS1_SU0_SUM0_SUS0_SCIUI1_SPO0_SRVW0_SSO0_SVW1_SNLL0_TSGRA0_TSGRB0_TT5_16_TLDS1_UMLDSA0_UMLDSB1_U64SL1_USFGROn1_VAW1_VSn1_VW1_VWB1_VFLRP0_WSGRA0_WSGRB0_WS64_WG16_16_1_WGM1",26678,6448491133141677,6448491133155499,0,38912,256,1,1,13312,2,1
"KERNEL_DISPATCH",1,1,234879,999,1042,"Cijk_Ailk_Bljk_DB_MT80x64x32_MI16x16x4x1_SN_1LDSB1_APM1_ABV0_ACED0_AF0EM1_AF1EM1_AMAS0_ASE_ASGT_ASLT1257_ASM_ASAE01_ASCE01_ASEM1_AAC0_BL1_BS1_CLR0_DTLA0_DTLB0_DTVA0_DTVB0_DVO0_ETB_EPS1_ELFLR0_EMLL0_FSSC10_FL0_GLVWA2_GLVWB2_GRCGA1_GRCGB1_GRPM1_GRVWn1_GSU1_GSUASB_GLS0_ISA942_IU1_K1_KLA_LBSPPA0_LBSPPB256_LPA0_LPB4_LDL1_LRVW2_LWPMn1_LDW0_FMA_MIAV1_MDA2_MO40_MMFSC_MKFGSU256_NTA0_NTB0_NTC0_NTD0_NEPBS4_NLCA5_NLCB1_ONLL1_OPLV0_PK0_PAP0_PGR2_PLR9_PKA0_SIA3_SLW1_SS1_SU0_SUM0_SUS0_SCIUI1_SPO0_SRVW0_SSO0_SVW1_SNLL0_TSGRA0_TSGRB0_TT5_16_TLDS1_UMLDSA0_UMLDSB1_U64SL1_USFGROn1_VAW1_VSn1_VW1_VWB1_VFLRP0_WSGRA0_WSGRB0_WS64_WG16_16_1_WGM1",26681,6448491133157858,6448491133168955,0,38912,256,1,1,13312,2,1
"KERNEL_DISPATCH",1,1,234879,1000,1042,"Cijk_Ailk_Bljk_DB_MT80x64x32_MI16x16x4x1_SN_1LDSB1_APM1_ABV0_ACED0_AF0EM1_AF1EM1_AMAS0_ASE_ASGT_ASLT1257_ASM_ASAE01_ASCE01_ASEM1_AAC0_BL1_BS1_CLR0_DTLA0_DTLB0_DTVA0_DTVB0_DVO0_ETB_EPS1_ELFLR0_EMLL0_FSSC10_FL0_GLVWA2_GLVWB2_GRCGA1_GRCGB1_GRPM1_GRVWn1_GSU1_GSUASB_GLS0_ISA942_IU1_K1_KLA_LBSPPA0_LBSPPB256_LPA0_LPB4_LDL1_LRVW2_LWPMn1_LDW0_FMA_MIAV1_MDA2_MO40_MMFSC_MKFGSU256_NTA0_NTB0_NTC0_NTD0_NEPBS4_NLCA5_NLCB1_ONLL1_OPLV0_PK0_PAP0_PGR2_PLR9_PKA0_SIA3_SLW1_SS1_SU0_SUM0_SUS0_SCIUI1_SPO0_SRVW0_SSO0_SVW1_SNLL0_TSGRA0_TSGRB0_TT5_16_TLDS1_UMLDSA0_UMLDSB1_U64SL1_USFGROn1_VAW1_VSn1_VW1_VWB1_VFLRP0_WSGRA0_WSGRB0_WS64_WG16_16_1_WGM1",26684,6448491133183101,6448491133199967,0,38912,256,1,1,13312,2,1
"KERNEL_DISPATCH",1,1,234879,1001,1042,"Cijk_Ailk_Bljk_DB_MT80x64x32_MI16x16x4x1_SN_1LDSB1_APM1_ABV0_ACED0_AF0EM1_AF1EM1_AMAS0_ASE_ASGT_ASLT1257_ASM_ASAE01_ASCE01_ASEM1_AAC0_BL1_BS1_CLR0_DTLA0_DTLB0_DTVA0_DTVB0_DVO0_ETB_EPS1_ELFLR0_EMLL0_FSSC10_FL0_GLVWA2_GLVWB2_GRCGA1_GRCGB1_GRPM1_GRVWn1_GSU1_GSUASB_GLS0_ISA942_IU1_K1_KLA_LBSPPA0_LBSPPB256_LPA0_LPB4_LDL1_LRVW2_LWPMn1_LDW0_FMA_MIAV1_MDA2_MO40_MMFSC_MKFGSU256_NTA0_NTB0_NTC0_NTD0_NEPBS4_NLCA5_NLCB1_ONLL1_OPLV0_PK0_PAP0_PGR2_PLR9_PKA0_SIA3_SLW1_SS1_SU0_SUM0_SUS0_SCIUI1_SPO0_SRVW0_SSO0_SVW1_SNLL0_TSGRA0_TSGRB0_TT5_16_TLDS1_UMLDSA0_UMLDSB1_U64SL1_USFGROn1_VAW1_VSn1_VW1_VWB1_VFLRP0_WSGRA0_WSGRB0_WS64_WG16_16_1_WGM1",26687,6448491133199967,6448491133210182,0,38912,256,1,1,13312,2,1
"KERNEL_DISPATCH",1,1,234879,1002,1399,"void rocblas_trtri_trsm_kernel<128, 16, 8, double, double const*, double*>(rocblas_fill_, rocblas_diagonal_, double const*, long, int, long, double*, long, long, int)",26691,6448491133216592,6448491133245316,0,8192,256,1,1,4096,1,1
"KERNEL_DISPATCH",1,1,234879,1003,1443,"void rocblas_trtri_fill<128, double, double*>(_rocblas_handle*, rocblas_fill_, int, long, int, long, double*, long, long, int, int)",26696,6448491133245316,6448491133247600,0,0,128,1,1,32512,1,1
"KERNEL_DISPATCH",1,1,234879,1040,68,"void rocsolver::v32802::getf2_npvt_small_kernel<16, double, int, int, double*>(int, double*, long, int, long, int*, int, int)",26824,6448491135836319,6448491135846134,0,136,400,1,1,400,1,1
"KERNEL_DISPATCH",1,1,234879,1039,904,"Cijk_Ailk_Bljk_DB_MT64x32x32_MI16x16x4x1_SN_1LDSB1_APM1_ABV0_ACED0_AF0EM2_AF1EM2_AMAS3_ASE_ASGT_ASLT_ASM_ASAE01_ASCE01_ASEM2_AAC0_BL1_BS1_CLR0_DTLA0_DTLB0_DTVA0_DTVB0_DVO0_ETSP_EPS1_ELFLR0_EMLL0_FSSC10_FL0_GLVWA2_GLVWB2_GRCGA1_GRCGB1_GRPM1_GRVW2_GSU1_GSUASB_GLS0_ISA942_IU1_K1_KLA_LBSPPA0_LBSPPB256_LPA0_LPB4_LDL1_LRVW2_LWPMn1_LDW0_FMA_MIAV1_MDA2_MO40_MMFSC_MKFGSU256_NTA0_NTB0_NTC3_NTD3_NEPBS0_NLCA1_NLCB1_ONLL1_OPLV0_PK0_PAP0_PGR2_PLR9_PKA0_SIA3_SLW1_SS1_SU0_SUM0_SUS0_SCIUI1_SPO1_SRVW0_SSO6_SVW2_SNLL0_TSGRA0_TSGRB0_TT2_16_TLDS1_UMLDSA0_UMLDSB1_U64SL1_USFGROn1_VAW1_VSn1_VW2_VWB1_VFLRP0_WSGRA0_WSGRB0_WS64_WG32_8_1_WGM6",26821,6448491135774665,6448491135780073,0,25600,256,1,1,1792,13,1
"KERNEL_DISPATCH",1,1,234879,1038,185,"void rocsolver::v32802::unit_forward_substitution_kernel<double, int, double*>(int, int, double*, int, int, long, long, double*, int, int, long, long)",26818,6448491135610653,6448491135620027,0,512,16,64,1,16,448,1
"KERNEL_DISPATCH",1,1,234879,1037,68,"void rocsolver::v32802::getf2_npvt_small_kernel<16, double, int, int, double*>(int, double*, long, int, long, int*, int, int)",26813,6448491135533535,6448491135543029,0,136,416,1,1,416,1,1
"KERNEL_DISPATCH",1,1,234879,1036,904,"Cijk_Ailk_Bljk_DB_MT64x32x32_MI16x16x4x1_SN_1LDSB1_APM1_ABV0_ACED0_AF0EM2_AF1EM2_AMAS3_ASE_ASGT_ASLT_ASM_ASAE01_ASCE01_ASEM2_AAC0_BL1_BS1_CLR0_DTLA0_DTLB0_DTVA0_DTVB0_DVO0_ETSP_EPS1_ELFLR0_EMLL0_FSSC10_FL0_GLVWA2_GLVWB2_GRCGA1_GRCGB1_GRPM1_GRVW2_GSU1_GSUASB_GLS0_ISA942_IU1_K1_KLA_LBSPPA0_LBSPPB256_LPA0_LPB4_LDL1_LRVW2_LWPMn1_LDW0_FMA_MIAV1_MDA2_MO40_MMFSC_MKFGSU256_NTA0_NTB0_NTC3_NTD3_NEPBS0_NLCA1_NLCB1_ONLL1_OPLV0_PK0_PAP0_PGR2_PLR9_PKA0_SIA3_SLW1_SS1_SU0_SUM0_SUS0_SCIUI1_SPO1_SRVW0_SSO6_SVW2_SNLL0_TSGRA0_TSGRB0_TT2_16_TLDS1_UMLDSA0_UMLDSB1_U64SL1_USFGROn1_VAW1_VSn1_VW2_VWB1_VFLRP0_WSGRA0_WSGRB0_WS64_WG32_8_1_WGM6",26810,6448491135476688,6448491135481695,0,25600,256,1,1,1792,13,1
"KERNEL_DISPATCH",1,1,234879,1035,185,"void rocsolver::v32802::unit_forward_substitution_kernel<double, int, double*>(int, int, double*, int, int, long, long, double*, int, int, long, long)",26807,6448491135314559,6448491135324574,0,512,16,64,1,16,448,1
"KERNEL_DISPATCH",1,1,234879,1034,68,"void rocsolver::v32802::getf2_npvt_small_kernel<16, double, int, int, double*>(int, double*, long, int, long, int*, int, int)",26802,6448491135236600,6448491135246174,0,136,432,1,1,432,1,1
"KERNEL_DISPATCH",1,1,234879,1033,904,"Cijk_Ailk_Bljk_DB_MT64x32x32_MI16x16x4x1_SN_1LDSB1_APM1_ABV0_ACED0_AF0EM2_AF1EM2_AMAS3_ASE_ASGT_ASLT_ASM_ASAE01_ASCE01_ASEM2_AAC0_BL1_BS1_CLR0_DTLA0_DTLB0_DTVA0_DTVB0_DVO0_ETSP_EPS1_ELFLR0_EMLL0_FSSC10_FL0_GLVWA2_GLVWB2_GRCGA1_GRCGB1_GRPM1_GRVW2_GSU1_GSUASB_GLS0_ISA942_IU1_K1_KLA_LBSPPA0_LBSPPB256_LPA0_LPB4_LDL1_LRVW2_LWPMn1_LDW0_FMA_MIAV1_MDA2_MO40_MMFSC_MKFGSU256_NTA0_NTB0_NTC3_NTD3_NEPBS0_NLCA1_NLCB1_ONLL1_OPLV0_PK0_PAP0_PGR2_PLR9_PKA0_SIA3_SLW1_SS1_SU0_SUM0_SUS0_SCIUI1_SPO1_SRVW0_SSO6_SVW2_SNLL0_TSGRA0_TSGRB0_TT2_16_TLDS1_UMLDSA0_UMLDSB1_U64SL1_USFGROn1_VAW1_VSn1_VW2_VWB1_VFLRP0_WSGRA0_WSGRB0_WS64_WG32_8_1_WGM6",26799,6448491135138770,6448491135143777,0,25600,256,1,1,1792,14,1
"KERNEL_DISPATCH",1,1,234879,1032,185,"void rocsolver::v32802::unit_forward_substitution_kernel<double, int, double*>(int, int, double*, int, int, long, long, double*, int, int, long, long)",26796,6448491135012776,6448491135023032,0,512,16,64,1,16,448,1
"KERNEL_DISPATCH",1,1,234879,1031,68,"void rocsolver::v32802::getf2_npvt_small_kernel<16, double, int, int, double*>(int, double*, long, int, long, int*, int, int)",26791,6448491134950361,6448491134960256,0,136,448,1,1,448,1,1
"KERNEL_DISPATCH",1,1,234879,1030,904,"Cijk_Ailk_Bljk_DB_MT64x32x32_MI16x16x4x1_SN_1LDSB1_APM1_ABV0_ACED0_AF0EM2_AF1EM2_AMAS3_ASE_ASGT_ASLT_ASM_ASAE01_ASCE01_ASEM2_AAC0_BL1_BS1_CLR0_DTLA0_DTLB0_DTVA0_DTVB0_DVO0_ETSP_EPS1_ELFLR0_EMLL0_FSSC10_FL0_GLVWA2_GLVWB2_GRCGA1_GRCGB1_GRPM1_GRVW2_GSU1_GSUASB_GLS0_ISA942_IU1_K1_KLA_LBSPPA0_LBSPPB256_LPA0_LPB4_LDL1_LRVW2_LWPMn1_LDW0_FMA_MIAV1_MDA2_MO40_MMFSC_MKFGSU256_NTA0_NTB0_NTC3_NTD3_NEPBS0_NLCA1_NLCB1_ONLL1_OPLV0_PK0_PAP0_PGR2_PLR9_PKA0_SIA3_SLW1_SS1_SU0_SUM0_SUS0_SCIUI1_SPO1_SRVW0_SSO6_SVW2_SNLL0_TSGRA0_TSGRB0_TT2_16_TLDS1_UMLDSA0_UMLDSB1_U64SL1_USFGROn1_VAW1_VSn1_VW2_VWB1_VFLRP0_WSGRA0_WSGRB0_WS64_WG32_8_1_WGM6",26788,6448491134877369,6448491134882497,0,25600,256,1,1,1792,14,1
"KERNEL_DISPATCH",1,1,234879,1029,185,"void rocsolver::v32802::unit_forward_substitution_kernel<double, int, double*>(int, int, double*, int, int, long, long, double*, int, int, long, long)",26785,6448491134728380,6448491134737795,0,512,16,64,1,16,448,1
"KERNEL_DISPATCH",1,1,234879,1028,68,"void rocsolver::v32802::getf2_npvt_small_kernel<16, double, int, int, double*>(int, double*, long, int, long, int*, int, int)",26780,6448491134643170,6448491134654988,0,136,464,1,1,464,1,1
"KERNEL_DISPATCH",1,1,234879,1027,904,"Cijk_Ailk_Bljk_DB_MT64x32x32_MI16x16x4x1_SN_1LDSB1_APM1_ABV0_ACED0_AF0EM2_AF1EM2_AMAS3_ASE_ASGT_ASLT_ASM_ASAE01_ASCE01_ASEM2_AAC0_BL1_BS1_CLR0_DTLA0_DTLB0_DTVA0_DTVB0_DVO0_ETSP_EPS1_ELFLR0_EMLL0_FSSC10_FL0_GLVWA2_GLVWB2_GRCGA1_GRCGB1_GRPM1_GRVW2_GSU1_GSUASB_GLS0_ISA942_IU1_K1_KLA_LBSPPA0_LBSPPB256_LPA0_LPB4_LDL1_LRVW2_LWPMn1_LDW0_FMA_MIAV1_MDA2_MO40_MMFSC_MKFGSU256_NTA0_NTB0_NTC3_NTD3_NEPBS0_NLCA1_NLCB1_ONLL1_OPLV0_PK0_PAP0_PGR2_PLR9_PKA0_SIA3_SLW1_SS1_SU0_SUM0_SUS0_SCIUI1_SPO1_SRVW0_SSO6_SVW2_SNLL0_TSGRA0_TSGRB0_TT2_16_TLDS1_UMLDSA0_UMLDSB1_U64SL1_USFGROn1_VAW1_VSn1_VW2_VWB1_VFLRP0_WSGRA0_WSGRB0_WS64_WG32_8_1_WGM6",26777,6448491134568575,6448491134575266,0,25600,256,1,1,2048,15,1
"KERNEL_DISPATCH",1,1,234879,1026,185,"void rocsolver::v32802::unit_forward_substitution_kernel<double, int, double*>(int, int, double*, int, int, long, long, double*, int, int, long, long)",26774,6448491134418826,6448491134429001,0,512,16,64,1,16,512,1
"KERNEL_DISPATCH",1,1,234879,1025,68,"void rocsolver::v32802::getf2_npvt_small_kernel<16, double, int, int, double*>(int, double*, long, int, long, int*, int, int)",26769,6448491134332694,6448491134343270,0,136,480,1,1,480,1,1
"KERNEL_DISPATCH",1,1,234879,1024,904,"Cijk_Ailk_Bljk_DB_MT64x32x32_MI16x16x4x1_SN_1LDSB1_APM1_ABV0_ACED0_AF0EM2_AF1EM2_AMAS3_ASE_ASGT_ASLT_ASM_ASAE01_ASCE01_ASEM2_AAC0_BL1_BS1_CLR0_DTLA0_DTLB0_DTVA0_DTVB0_DVO0_ETSP_EPS1_ELFLR0_EMLL0_FSSC10_FL0_GLVWA2_GLVWB2_GRCGA1_GRCGB1_GRPM1_GRVW2_GSU1_GSUASB_GLS0_ISA942_IU1_K1_KLA_LBSPPA0_LBSPPB256_LPA0_LPB4_LDL1_LRVW2_LWPMn1_LDW0_FMA_MIAV1_MDA2_MO40_MMFSC_MKFGSU256_NTA0_NTB0_NTC3_NTD3_NEPBS0_NLCA1_NLCB1_ONLL1_OPLV0_PK0_PAP0_PGR2_PLR9_PKA0_SIA3_SLW1_SS1_SU0_SUM0_SUS0_SCIUI1_SPO1_SRVW0_SSO6_SVW2_SNLL0_TSGRA0_TSGRB0_TT2_16_TLDS1_UMLDSA0_UMLDSB1_U64SL1_USFGROn1_VAW1_VSn1_VW2_VWB1_VFLRP0_WSGRA0_WSGRB0_WS64_WG32_8_1_WGM6",26766,6448491134250287,6448491134261104,0,25600,256,1,1,2048,15,1
"KERNEL_DISPATCH",1,1,234879,1023,185,"void rocsolver::v32802::unit_forward_substitution_kernel<double, int, double*>(int, int, double*, int, int, long, long, double*, int, int, long, long)",26763,6448491134139477,6448491134148932,0,512,16,64,1,16,512,1
"KERNEL_DISPATCH",1,1,234879,1022,68,"void rocsolver::v32802::getf2_npvt_small_kernel<16, double, int, int, double*>(int, double*, long, int, long, int*, int, int)",26758,6448491134129462,6448491134139477,0,136,496,1,1,496,1,1
"KERNEL_DISPATCH",1,1,234879,1021,904,"Cijk_Ailk_Bljk_DB_MT64x32x32_MI16x16x4x1_SN_1LDSB1_APM1_ABV0_ACED0_AF0EM2_AF1EM2_AMAS3_ASE_ASGT_ASLT_ASM_ASAE01_ASCE01_ASEM2_AAC0_BL1_BS1_CLR0_DTLA0_DTLB0_DTVA0_DTVB0_DVO0_ETSP_EPS1_ELFLR0_EMLL0_FSSC10_FL0_GLVWA2_GLVWB2_GRCGA1_GRCGB1_GRPM1_GRVW2_GSU1_GSUASB_GLS0_ISA942_IU1_K1_KLA_LBSPPA0_LBSPPB256_LPA0_LPB4_LDL1_LRVW2_LWPMn1_LDW0_FMA_MIAV1_MDA2_MO40_MMFSC_MKFGSU256_NTA0_NTB0_NTC3_NTD3_NEPBS0_NLCA1_NLCB1_ONLL1_OPLV0_PK0_PAP0_PGR2_PLR9_PKA0_SIA3_SLW1_SS1_SU0_SUM0_SUS0_SCIUI1_SPO1_SRVW0_SSO6_SVW2_SNLL0_TSGRA0_TSGRB0_TT2_16_TLDS1_UMLDSA0_UMLDSB1_U64SL1_USFGROn1_VAW1_VSn1_VW2_VWB1_VFLRP0_WSGRA0_WSGRB0_WS64_WG32_8_1_WGM6",26755,6448491134123092,6448491134129462,0,25600,256,1,1,2048,16,1
"KERNEL_DISPATCH",1,1,234879,1020,185,"void rocsolver::v32802::unit_forward_substitution_kernel<double, int, double*>(int, int, double*, int, int, long, long, double*, int, int, long, long)",26752,6448491134112556,6448491134123092,0,512,16,64,1,16,512,1
"KERNEL_DISPATCH",1,1,234879,1019,68,"void rocsolver::v32802::getf2_npvt_small_kernel<16, double, int, int, double*>(int, double*, long, int, long, int*, int, int)",26747,6448491134102541,6448491134112556,0,136,512,1,1,512,1,1
"KERNEL_DISPATCH",1,1,234879,1018,1174,"Cijk_Ailk_Bljk_DB_MT128x96x16_MI16x16x4x1_SN_1LDSB1_APM1_ABV0_ACED0_AF0EM1_AF1EM1_AMAS3_ASE_ASGT_ASLT_ASM_ASAE01_ASCE01_ASEM1_AAC0_BL1_BS1_CLR0_DTLA0_DTLB0_DTVA1_DTVB0_DVO0_ETSP_EPS1_ELFLR0_EMLL0_FSSC10_FL0_GLVWA2_GLVWB2_GRCGA1_GRCGB1_GRPM1_GRVWn1_GSU1_GSUASB_GLS0_ISA942_IU1_K1_KLA_LBSPPA0_LBSPPB256_LPA0_LPB2_LDL1_LRVW1_LWPMn1_LDW0_FMA_MIAV0_MDA2_MO40_MMFSC_MKFGSU256_NTA0_NTB0_NTC4_NTD4_NEPBS4_NLCA1_NLCB1_ONLL1_OPLV0_PK0_PAP0_PGR2_PLR1_PKA0_SIA3_SLW1_SS1_SU8_SUM0_SUS256_SCIUI1_SPO1_SRVW0_SSO4_SVW2_SNLL0_TSGRA0_TSGRB0_TT2_96_TLDS1_UMLDSA0_UMLDSB1_U64SL1_USFGROn1_VAW1_VSn1_VW2_VWB2_VFLRP0_WSGRA0_WSGRB0_WS64_WG64_4_1_WGM36",26744,6448491133634553,6448491134102541,0,13056,256,1,1,8192,43,1
"KERNEL_DISPATCH",1,1,234879,1017,1134,"Cijk_Ailk_Bljk_DB_MT128x32x16_MI16x16x4x1_SN_1LDSB1_APM1_ABV0_ACED0_AF0EM1_AF1EM1_AMAS3_ASE_ASGT_ASLT0257_ASM_ASAE01_ASCE01_ASEM1_AAC0_BL1_BS1_CLR0_DTLA0_DTLB0_DTVA1_DTVB0_DVO0_ETB_EPS1_ELFLR0_EMLL0_FSSC10_FL0_GLVWA2_GLVWB1_GRCGA1_GRCGB1_GRPM1_GRVWn1_GSU1_GSUASB_GLS0_ISA942_IU1_K1_KLA_LBSPPA0_LBSPPB128_LPA0_LPB4_LDL1_LRVW2_LWPMn1_LDW0_FMA_MIAV1_MDA2_MO40_MMFSC_MKFGSU256_NTA0_NTB0_NTC0_NTD0_NEPBS4_NLCA1_NLCB1_ONLL1_OPLV0_PK0_PAP0_PGR2_PLR5_PKA0_SIA3_SLW1_SS1_SU0_SUM0_SUS0_SCIUI1_SPO0_SRVW0_SSO0_SVW2_SNLL0_TSGRA0_TSGRB0_TT2_32_TLDS1_UMLDSA0_UMLDSB1_U64SL1_USFGROn1_VAW1_VSn1_VW2_VWB1_VFLRP0_WSGRA0_WSGRB0_WS64_WG64_4_1_WGM1",26741,6448491133534560,6448491133543694,0,5120,256,1,1,256,128,1
"KERNEL_DISPATCH",1,1,234879,1016,1134,"Cijk_Ailk_Bljk_DB_MT128x32x16_MI16x16x4x1_SN_1LDSB1_APM1_ABV0_ACED0_AF0EM1_AF1EM1_AMAS3_ASE_ASGT_ASLT0257_ASM_ASAE01_ASCE01_ASEM1_AAC0_BL1_BS1_CLR0_DTLA0_DTLB0_DTVA1_DTVB0_DVO0_ETB_EPS1_ELFLR0_EMLL0_FSSC10_FL0_GLVWA2_GLVWB1_GRCGA1_GRCGB1_GRPM1_GRVWn1_GSU1_GSUASB_GLS0_ISA942_IU1_K1_KLA_LBSPPA0_LBSPPB128_LPA0_LPB4_LDL1_LRVW2_LWPMn1_LDW0_FMA_MIAV1_MDA2_MO40_MMFSC_MKFGSU256_NTA0_NTB0_NTC0_NTD0_NEPBS4_NLCA1_NLCB1_ONLL1_OPLV0_PK0_PAP0_PGR2_PLR5_PKA0_SIA3_SLW1_SS1_SU0_SUM0_SUS0_SCIUI1_SPO0_SRVW0_SSO0_SVW2_SNLL0_TSGRA0_TSGRB0_TT2_32_TLDS1_UMLDSA0_UMLDSB1_U64SL1_USFGROn1_VAW1_VSn1_VW2_VWB1_VFLRP0_WSGRA0_WSGRB0_WS64_WG64_4_1_WGM1",26738,6448491133492215,6448491133504794,0,5120,256,1,1,256,128,1
"KERNEL_DISPATCH",1,1,234879,1015,1134,"Cijk_Ailk_Bljk_DB_MT128x32x16_MI16x16x4x1_SN_1LDSB1_APM1_ABV0_ACED0_AF0EM1_AF1EM1_AMAS3_ASE_ASGT_ASLT0257_ASM_ASAE01_ASCE01_ASEM1_AAC0_BL1_BS1_CLR0_DTLA0_DTLB0_DTVA1_DTVB0_DVO0_ETB_EPS1_ELFLR0_EMLL0_FSSC10_FL0_GLVWA2_GLVWB1_GRCGA1_GRCGB1_GRPM1_GRVWn1_GSU1_GSUASB_GLS0_ISA942_IU1_K1_KLA_LBSPPA0_LBSPPB128_LPA0_LPB4_LDL1_LRVW2_LWPMn1_LDW0_FMA_MIAV1_MDA2_MO40_MMFSC_MKFGSU256_NTA0_NTB0_NTC0_NTD0_NEPBS4_NLCA1_NLCB1_ONLL1_OPLV0_PK0_PAP0_PGR2_PLR5_PKA0_SIA3_SLW1_SS1_SU0_SUM0_SUS0_SCIUI1_SPO0_SRVW0_SSO0_SVW2_SNLL0_TSGRA0_TSGRB0_TT2_32_TLDS1_UMLDSA0_UMLDSB1_U64SL1_USFGROn1_VAW1_VSn1_VW2_VWB1_VFLRP0_WSGRA0_WSGRB0_WS64_WG64_4_1_WGM1",26735,6448491133473787,6448491133482560,0,5120,256,1,1,256,128,1
"KERNEL_DISPATCH",1,1,234879,1014,1134,"Cijk_Ailk_Bljk_DB_MT128x32x16_MI16x16x4x1_SN_1LDSB1_APM1_ABV0_ACED0_AF0EM1_AF1EM1_AMAS3_ASE_ASGT_ASLT0257_ASM_ASAE01_ASCE01_ASEM1_AAC0_BL1_BS1_CLR0_DTLA0_DTLB0_DTVA1_DTVB0_DVO0_ETB_EPS1_ELFLR0_EMLL0_FSSC10_FL0_GLVWA2_GLVWB1_GRCGA1_GRCGB1_GRPM1_GRVWn1_GSU1_GSUASB_GLS0_ISA942_IU1_K1_KLA_LBSPPA0_LBSPPB128_LPA0_LPB4_LDL1_LRVW2_LWPMn1_LDW0_FMA_MIAV1_MDA2_MO40_MMFSC_MKFGSU256_NTA0_NTB0_NTC0_NTD0_NEPBS4_NLCA1_NLCB1_ONLL1_OPLV0_PK0_PAP0_PGR2_PLR5_PKA0_SIA3_SLW1_SS1_SU0_SUM0_SUS0_SCIUI1_SPO0_SRVW0_SSO0_SVW2_SNLL0_TSGRA0_TSGRB0_TT2_32_TLDS1_UMLDSA0_UMLDSB1_U64SL1_USFGROn1_VAW1_VSn1_VW2_VWB1_VFLRP0_WSGRA0_WSGRB0_WS64_WG64_4_1_WGM1",26732,6448491133457281,6448491133468498,0,5120,256,1,1,256,128,1
"KERNEL_DISPATCH",1,1,234879,1013,1134,"Cijk_Ailk_Bljk_DB_MT128x32x16_MI16x16x4x1_SN_1LDSB1_APM1_ABV0_ACED0_AF0EM1_AF1EM1_AMAS3_ASE_ASGT_ASLT0257_ASM_ASAE01_ASCE01_ASEM1_AAC0_BL1_BS1_CLR0_DTLA0_DTLB0_DTVA1_DTVB0_DVO0_ETB_EPS1_ELFLR0_EMLL0_FSSC10_FL0_GLVWA2_GLVWB1_GRCGA1_GRCGB1_GRPM1_GRVWn1_GSU1_GSUASB_GLS0_ISA942_IU1_K1_KLA_LBSPPA0_LBSPPB128_LPA0_LPB4_LDL1_LRVW2_LWPMn1_LDW0_FMA_MIAV1_MDA2_MO40_MMFSC_MKFGSU256_NTA0_NTB0_NTC0_NTD0_NEPBS4_NLCA1_NLCB1_ONLL1_OPLV0_PK0_PAP0_PGR2_PLR5_PKA0_SIA3_SLW1_SS1_SU0_SUM0_SUS0_SCIUI1_SPO0_SRVW0_SSO0_SVW2_SNLL0_TSGRA0_TSGRB0_TT2_32_TLDS1_UMLDSA0_UMLDSB1_U64SL1_USFGROn1_VAW1_VSn1_VW2_VWB1_VFLRP0_WSGRA0_WSGRB0_WS64_WG64_4_1_WGM1",26729,6448491133436169,6448491133444662,0,5120,256,1,1,256,128,1
"KERNEL_DISPATCH",1,1,234879,1012,1134,"Cijk_Ailk_Bljk_DB_MT128x32x16_MI16x16x4x1_SN_1LDSB1_APM1_ABV0_ACED0_AF0EM1_AF1EM1_AMAS3_ASE_ASGT_ASLT0257_ASM_ASAE01_ASCE01_ASEM1_AAC0_BL1_BS1_CLR0_DTLA0_DTLB0_DTVA1_DTVB0_DVO0_ETB_EPS1_ELFLR0_EMLL0_FSSC10_FL0_GLVWA2_GLVWB1_GRCGA1_GRCGB1_GRPM1_GRVWn1_GSU1_GSUASB_GLS0_ISA942_IU1_K1_KLA_LBSPPA0_LBSPPB128_LPA0_LPB4_LDL1_LRVW2_LWPMn1_LDW0_FMA_MIAV1_MDA2_MO40_MMFSC_MKFGSU256_NTA0_NTB0_NTC0_NTD0_NEPBS4_NLCA1_NLCB1_ONLL1_OPLV0_PK0_PAP0_PGR2_PLR5_PKA0_SIA3_SLW1_SS1_SU0_SUM0_SUS0_SCIUI1_SPO0_SRVW0_SSO0_SVW2_SNLL0_TSGRA0_TSGRB0_TT2_32_TLDS1_UMLDSA0_UMLDSB1_U64SL1_USFGROn1_VAW1_VSn1_VW2_VWB1_VFLRP0_WSGRA0_WSGRB0_WS64_WG64_4_1_WGM1",26726,6448491133416659,6448491133426394,0,5120,256,1,1,256,128,1
"KERNEL_DISPATCH",1,1,234879,1011,1134,"Cijk_Ailk_Bljk_DB_MT128x32x16_MI16x16x4x1_SN_1LDSB1_APM1_ABV0_ACED0_AF0EM1_AF1EM1_AMAS3_ASE_ASGT_ASLT0257_ASM_ASAE01_ASCE01_ASEM1_AAC0_BL1_BS1_CLR0_DTLA0_DTLB0_DTVA1_DTVB0_DVO0_ETB_EPS1_ELFLR0_EMLL0_FSSC10_FL0_GLVWA2_GLVWB1_GRCGA1_GRCGB1_GRPM1_GRVWn1_GSU1_GSUASB_GLS0_ISA942_IU1_K1_KLA_LBSPPA0_LBSPPB128_LPA0_LPB4_LDL1_LRVW2_LWPMn1_LDW0_FMA_MIAV1_MDA2_MO40_MMFSC_MKFGSU256_NTA0_NTB0_NTC0_NTD0_NEPBS4_NLCA1_NLCB1_ONLL1_OPLV0_PK0_PAP0_PGR2_PLR5_PKA0_SIA3_SLW1_SS1_SU0_SUM0_SUS0_SCIUI1_SPO0_SRVW0_SSO0_SVW2_SNLL0_TSGRA0_TSGRB0_TT2_32_TLDS1_UMLDSA0_UMLDSB1_U64SL1_USFGROn1_VAW1_VSn1_VW2_VWB1_VFLRP0_WSGRA0_WSGRB0_WS64_WG64_4_1_WGM1",26723,6448491133398191,6448491133408006,0,5120,256,1,1,256,128,1
"KERNEL_DISPATCH",1,1,234879,1010,1471,"void rocblas_copy_matrix_trsm<128, 8, double, double*, double*>(int, int, int, double*, int, long, double*, int, long, long, long, int)",26719,6448491133371910,6448491133385611,0,0,128,8,1,128,4096,1
"KERNEL_DISPATCH",1,1,234879,1009,970,"Cijk_Ailk_Bljk_DB_MT64x64x32_MI16x16x4x1_SN_1LDSB1_APM1_ABV0_ACED0_AF0EM2_AF1EM2_AMAS0_ASE_ASGT_ASLT_ASM_ASAE01_ASCE01_ASEM2_AAC0_BL1_BS1_CLR0_DTLA0_DTLB0_DTVA0_DTVB0_DVO0_ETSP_EPS1_ELFLR0_EMLL0_FSSC10_FL0_GLVWA1_GLVWB1_GRCGA1_GRCGB1_GRPM1_GRVW1_GSU1_GSUASB_GLS0_ISA942_IU1_K1_KLA_LBSPPA0_LBSPPB0_LPA0_LPB1_LDL1_LRVW1_LWPMn1_LDW0_FMA_MIAV1_MDA2_MO40_MMFSC_MKFGSU256_NTA0_NTB0_NTC3_NTD3_NEPBS0_NLCA1_NLCB1_ONLL1_OPLV0_PK0_PAP0_PGR2_PLR9_PKA0_SIA3_SLW1_SS1_SU0_SUM0_SUS0_SCIUI1_SPO1_SRVW0_SSO6_SVW1_SNLL0_TSGRA0_TSGRB0_TT2_32_TLDS0_UMLDSA0_UMLDSB0_U64SL1_USFGROn1_VAW1_VSn1_VW1_VWB1_VFLRP0_WSGRA0_WSGRB0_WS64_WG32_8_1_WGM6",26715,6448491133357929,6448491133364779,0,33024,256,1,1,256,1,4
"KERNEL_DISPATCH",1,1,234879,1008,970,"Cijk_Ailk_Bljk_DB_MT64x64x32_MI16x16x4x1_SN_1LDSB1_APM1_ABV0_ACED0_AF0EM2_AF1EM2_AMAS0_ASE_ASGT_ASLT_ASM_ASAE01_ASCE01_ASEM2_AAC0_BL1_BS1_CLR0_DTLA0_DTLB0_DTVA0_DTVB0_DVO0_ETSP_EPS1_ELFLR0_EMLL0_FSSC10_FL0_GLVWA1_GLVWB1_GRCGA1_GRCGB1_GRPM1_GRVW1_GSU1_GSUASB_GLS0_ISA942_IU1_K1_KLA_LBSPPA0_LBSPPB0_LPA0_LPB1_LDL1_LRVW1_LWPMn1_LDW0_FMA_MIAV1_MDA2_MO40_MMFSC_MKFGSU256_NTA0_NTB0_NTC3_NTD3_NEPBS0_NLCA1_NLCB1_ONLL1_OPLV0_PK0_PAP0_PGR2_PLR9_PKA0_SIA3_SLW1_SS1_SU0_SUM0_SUS0_SCIUI1_SPO1_SRVW0_SSO6_SVW1_SNLL0_TSGRA0_TSGRB0_TT2_32_TLDS0_UMLDSA0_UMLDSB0_U64SL1_USFGROn1_VAW1_VSn1_VW1_VWB1_VFLRP0_WSGRA0_WSGRB0_WS64_WG32_8_1_WGM6",26712,6448491133339541,6448491133347313,0,33024,256,1,1,256,1,4
"KERNEL_DISPATCH",1,1,234879,1007,997,"Cijk_Ailk_Bljk_DB_MT64x32x16_MI16x16x4x1_SN_1LDSB1_APM1_ABV0_ACED0_AF0EM2_AF1EM2_AMAS0_ASE_ASGT_ASLT_ASM_ASAE01_ASCE01_ASEM2_AAC0_BL1_BS1_CLR0_DTLA0_DTLB0_DTVA1_DTVB0_DVO0_ETSP_EPS1_ELFLR0_EMLL0_FSSC10_FL0_GLVWA1_GLVWB1_GRCGA1_GRCGB1_GRPM1_GRVW1_GSU1_GSUASB_GLS0_ISA942_IU1_K1_KLA_LBSPPA0_LBSPPB128_LPA0_LPB4_LDL1_LRVW2_LWPMn1_LDW0_FMA_MIAV1_MDA2_MO40_MMFSC_MKFGSU256_NTA0_NTB0_NTC3_NTD3_NEPBS0_NLCA1_NLCB1_ONLL1_OPLV0_PK0_PAP0_PGR2_PLR5_PKA0_SIA3_SLW1_SS1_SU0_SUM0_SUS0_SCIUI1_SPO1_SRVW0_SSO6_SVW1_SNLL0_TSGRA0_TSGRB0_TT1_32_TLDS1_UMLDSA0_UMLDSB1_U64SL1_USFGROn1_VAW1_VSn1_VW1_VWB1_VFLRP0_WSGRA0_WSGRB0_WS64_WG64_4_1_WGM12",26709,6448491133322515,6448491133327322,0,5120,256,1,1,256,1,4
"KERNEL_DISPATCH",1,1,234879,1006,997,"Cijk_Ailk_Bljk_DB_MT64x32x16_MI16x16x4x1_SN_1LDSB1_APM1_ABV0_ACED0_AF0EM2_AF1EM2_AMAS0_ASE_ASGT_ASLT_ASM_ASAE01_ASCE01_ASEM2_AAC0_BL1_BS1_CLR0_DTLA0_DTLB0_DTVA1_DTVB0_DVO0_ETSP_EPS1_ELFLR0_EMLL0_FSSC10_FL0_GLVWA1_GLVWB1_GRCGA1_GRCGB1_GRPM1_GRVW1_GSU1_GSUASB_GLS0_ISA942_IU1_K1_KLA_LBSPPA0_LBSPPB128_LPA0_LPB4_LDL1_LRVW2_LWPMn1_LDW0_FMA_MIAV1_MDA2_MO40_MMFSC_MKFGSU256_NTA0_NTB0_NTC3_NTD3_NEPBS0_NLCA1_NLCB1_ONLL1_OPLV0_PK0_PAP0_PGR2_PLR5_PKA0_SIA3_SLW1_SS1_SU0_SUM0_SUS0_SCIUI1_SPO1_SRVW0_SSO6_SVW1_SNLL0_TSGRA0_TSGRB0_TT1_32_TLDS1_UMLDSA0_UMLDSB1_U64SL1_USFGROn1_VAW1_VSn1_VW1_VWB1_VFLRP0_WSGRA0_WSGRB0_WS64_WG64_4_1_WGM12",26706,6448491133305208,6448491133311177,0,5120,256,1,1,256,1,4
"KERNEL_DISPATCH",1,1,234879,1005,997,"Cijk_Ailk_Bljk_DB_MT64x32x16_MI16x16x4x1_SN_1LDSB1_APM1_ABV0_ACED0_AF0EM2_AF1EM2_AMAS0_ASE_ASGT_ASLT_ASM_ASAE01_ASCE01_ASEM2_AAC0_BL1_BS1_CLR0_DTLA0_DTLB0_DTVA1_DTVB0_DVO0_ETSP_EPS1_ELFLR0_EMLL0_FSSC10_FL0_GLVWA1_GLVWB1_GRCGA1_GRCGB1_GRPM1_GRVW1_GSU1_GSUASB_GLS0_ISA942_IU1_K1_KLA_LBSPPA0_LBSPPB128_LPA0_LPB4_LDL1_LRVW2_LWPMn1_LDW0_FMA_MIAV1_MDA2_MO40_MMFSC_MKFGSU256_NTA0_NTB0_NTC3_NTD3_NEPBS0_NLCA1_NLCB1_ONLL1_OPLV0_PK0_PAP0_PGR2_PLR5_PKA0_SIA3_SLW1_SS1_SU0_SUM0_SUS0_SCIUI1_SPO1_SRVW0_SSO6_SVW1_SNLL0_TSGRA0_TSGRB0_TT1_32_TLDS1_UMLDSA0_UMLDSB1_U64SL1_USFGROn1_VAW1_VSn1_VW1_VWB1_VFLRP0_WSGRA0_WSGRB0_WS64_WG64_4_1_WGM12",26703,6448491133282093,6448491133286259,0,5120,256,1,1,256,1,4
"KERNEL_DISPATCH",1,1,234879,1004,997,"Cijk_Ailk_Bljk_DB_MT64x32x16_MI16x16x4x1_SN_1LDSB1_APM1_ABV0_ACED0_AF0EM2_AF1EM2_AMAS0_ASE_ASGT_ASLT_ASM_ASAE01_ASCE01_ASEM2_AAC0_BL1_BS1_CLR0_DTLA0_DTLB0_DTVA1_DTVB0_DVO0_ETSP_EPS1_ELFLR0_EMLL0_FSSC10_FL0_GLVWA1_GLVWB1_GRCGA1_GRCGB1_GRPM1_GRVW1_GSU1_GSUASB_GLS0_ISA942_IU1_K1_KLA_LBSPPA0_LBSPPB128_LPA0_LPB4_LDL1_LRVW2_LWPMn1_LDW0_FMA_MIAV1_MDA2_MO40_MMFSC_MKFGSU256_NTA0_NTB0_NTC3_NTD3_NEPBS0_NLCA1_NLCB1_ONLL1_OPLV0_PK0_PAP0_PGR2_PLR5_PKA0_SIA3_SLW1_SS1_SU0_SUM0_SUS0_SCIUI1_SPO1_SRVW0_SSO6_SVW1_SNLL0_TSGRA0_TSGRB0_TT1_32_TLDS1_UMLDSA0_UMLDSB1_U64SL1_USFGROn1_VAW1_VSn1_VW1_VWB1_VFLRP0_WSGRA0_WSGRB0_WS64_WG64_4_1_WGM12",26700,6448491133264345,6448491133270875,0,5120,256,1,1,256,1,4
"KERNEL_DISPATCH",1,1,234879,1041,185,"void rocsolver::v32802::unit_forward_substitution_kernel<double, int, double*>(int, int, double*, int, int, long, long, double*, int, int, long, long)",26829,6448491135933228,6448491135943043,0,512,16,64,1,16,384,1
"KERNEL_DISPATCH",1,1,234879,1048,820,"Cijk_Ailk_Bljk_DB_MT128x64x16_MI16x16x4x1_SN_1LDSB1_APM1_ABV0_ACED0_AF0EM2_AF1EM2_AMAS3_ASE_ASGT_ASLT_ASM_ASAE01_ASCE01_ASEM2_AAC0_BL1_BS1_CLR0_DTLA0_DTLB0_DTVA1_DTVB0_DVO0_ETSP_EPS1_ELFLR0_EMLL0_FSSC10_FL0_GLVWA2_GLVWB2_GRCGA1_GRCGB1_GRPM1_GRVW2_GSU1_GSUASB_GLS0_ISA942_IU1_K1_KLA_LBSPPA0_LBSPPB0_LPA0_LPB2_LDL1_LRVW1_LWPMn1_LDW0_FMA_MIAV1_MDA2_MO40_MMFSC_MKFGSU256_NTA0_NTB0_NTC3_NTD3_NEPBS4_NLCA1_NLCB1_ONLL1_OPLV0_PK0_PAP0_PGR2_PLR1_PKA0_SIA3_SLW1_SS1_SU0_SUM0_SUS0_SCIUI1_SPO1_SRVW0_SSO6_SVW2_SNLL0_TSGRA0_TSGRB0_TT2_64_TLDS0_UMLDSA0_UMLDSB0_U64SL1_USFGROn1_VAW1_VSn1_VW2_VWB1_VFLRP0_WSGRA0_WSGRB0_WS64_WG64_4_1_WGM12",26854,6448491136182169,6448491136188539,0,8448,256,1,1,768,6,1
"KERNEL_DISPATCH",1,1,234879,1047,185,"void rocsolver::v32802::unit_forward_substitution_kernel<double, int, double*>(int, int, double*, int, int, long, long, double*, int, int, long, long)",26851,6448491136159895,6448491136169750,0,512,16,64,1,16,384,1
"KERNEL_DISPATCH",1,1,234879,1046,68,"void rocsolver::v32802::getf2_npvt_small_kernel<16, double, int, int, double*>(int, double*, long, int, long, int*, int, int)",26846,6448491136147677,6448491136156370,0,136,368,1,1,368,1,1
"KERNEL_DISPATCH",1,1,234879,1045,820,"Cijk_Ailk_Bljk_DB_MT128x64x16_MI16x16x4x1_SN_1LDSB1_APM1_ABV0_ACED0_AF0EM2_AF1EM2_AMAS3_ASE_ASGT_ASLT_ASM_ASAE01_ASCE01_ASEM2_AAC0_BL1_BS1_CLR0_DTLA0_DTLB0_DTVA1_DTVB0_DVO0_ETSP_EPS1_ELFLR0_EMLL0_FSSC10_FL0_GLVWA2_GLVWB2_GRCGA1_GRCGB1_GRPM1_GRVW2_GSU1_GSUASB_GLS0_ISA942_IU1_K1_KLA_LBSPPA0_LBSPPB0_LPA0_LPB2_LDL1_LRVW1_LWPMn1_LDW0_FMA_MIAV1_MDA2_MO40_MMFSC_MKFGSU256_NTA0_NTB0_NTC3_NTD3_NEPBS4_NLCA1_NLCB1_ONLL1_OPLV0_PK0_PAP0_PGR2_PLR1_PKA0_SIA3_SLW1_SS1_SU0_SUM0_SUS0_SCIUI1_SPO1_SRVW0_SSO6_SVW2_SNLL0_TSGRA0_TSGRB0_TT2_64_TLDS0_UMLDSA0_UMLDSB0_U64SL1_USFGROn1_VAW1_VSn1_VW2_VWB1_VFLRP0_WSGRA0_WSGRB0_WS64_WG64_4_1_WGM12",26843,6448491136137381,6448491136147677,0,8448,256,1,1,768,6,1
"KERNEL_DISPATCH",1,1,234879,1044,185,"void rocsolver::v32802::unit_forward_substitution_kernel<double, int, double*>(int, int, double*, int, int, long, long, double*, int, int, long, long)",26840,6448491136099202,6448491136109338,0,512,16,64,1,16,384,1
"KERNEL_DISPATCH",1,1,234879,1043,68,"void rocsolver::v32802::getf2_npvt_small_kernel<16, double, int, int, double*>(int, double*, long, int, long, int*, int, int)",26835,6448491136082737,6448491136092232,0,136,384,1,1,384,1,1
"KERNEL_DISPATCH",1,1,234879,1042,904,"Cijk_Ailk_Bljk_DB_MT64x32x32_MI16x16x4x1_SN_1LDSB1_APM1_ABV0_ACED0_AF0EM2_AF1EM2_AMAS3_ASE_ASGT_ASLT_ASM_ASAE01_ASCE01_ASEM2_AAC0_BL1_BS1_CLR0_DTLA0_DTLB0_DTVA0_DTVB0_DVO0_ETSP_EPS1_ELFLR0_EMLL0_FSSC10_FL0_GLVWA2_GLVWB2_GRCGA1_GRCGB1_GRPM1_GRVW2_GSU1_GSUASB_GLS0_ISA942_IU1_K1_KLA_LBSPPA0_LBSPPB256_LPA0_LPB4_LDL1_LRVW2_LWPMn1_LDW0_FMA_MIAV1_MDA2_MO40_MMFSC_MKFGSU256_NTA0_NTB0_NTC3_NTD3_NEPBS0_NLCA1_NLCB1_ONLL1_OPLV0_PK0_PAP0_PGR2_PLR9_PKA0_SIA3_SLW1_SS1_SU0_SUM0_SUS0_SCIUI1_SPO1_SRVW0_SSO6_SVW2_SNLL0_TSGRA0_TSGRB0_TT2_16_TLDS1_UMLDSA0_UMLDSB1_U64SL1_USFGROn1_VAW1_VSn1_VW2_VWB1_VFLRP0_WSGRA0_WSGRB0_WS64_WG32_8_1_WGM6",26832,6448491136014592,6448491136018398,0,25600,256,1,1,1536,12,1
"KERNEL_DISPATCH",1,1,234879,1049,68,"void rocsolver::v32802::getf2_npvt_small_kernel<16, double, int, int, double*>(int, double*, long, int, long, int*, int, int)",26857,6448491136194388,6448491136204163,0,136,352,1,1,352,1,1
"KERNEL_DISPATCH",1,1,234879,1054,820,"Cijk_Ailk_Bljk_DB_MT128x64x16_MI16x16x4x1_SN_1LDSB1_APM1_ABV0_ACED0_AF0EM2_AF1EM2_AMAS3_ASE_ASGT_ASLT_ASM_ASAE01_ASCE01_ASEM2_AAC0_BL1_BS1_CLR0_DTLA0_DTLB0_DTVA1_DTVB0_DVO0_ETSP_EPS1_ELFLR0_EMLL0_FSSC10_FL0_GLVWA2_GLVWB2_GRCGA1_GRCGB1_GRPM1_GRVW2_GSU1_GSUASB_GLS0_ISA942_IU1_K1_KLA_LBSPPA0_LBSPPB0_LPA0_LPB2_LDL1_LRVW1_LWPMn1_LDW0_FMA_MIAV1_MDA2_MO40_MMFSC_MKFGSU256_NTA0_NTB0_NTC3_NTD3_NEPBS4_NLCA1_NLCB1_ONLL1_OPLV0_PK0_PAP0_PGR2_PLR1_PKA0_SIA3_SLW1_SS1_SU0_SUM0_SUS0_SCIUI1_SPO1_SRVW0_SSO6_SVW2_SNLL0_TSGRA0_TSGRB0_TT2_64_TLDS0_UMLDSA0_UMLDSB0_U64SL1_USFGROn1_VAW1_VSn1_VW2_VWB1_VFLRP0_WSGRA0_WSGRB0_WS64_WG64_4_1_WGM12",26876,6448491136269503,6448491136277636,0,8448,256,1,1,768,5,1
"KERNEL_DISPATCH",1,1,234879,1053,185,"void rocsolver::v32802::unit_forward_substitution_kernel<double, int, double*>(int, int, double*, int, int, long, long, double*, int, int, long, long)",26873,6448491136251075,6448491136260810,0,512,16,64,1,16,320,1
"KERNEL_DISPATCH",1,1,234879,1052,68,"void rocsolver::v32802::getf2_npvt_small_kernel<16, double, int, int, double*>(int, double*, long, int, long, int*, int, int)",26868,6448491136239137,6448491136248151,0,136,336,1,1,336,1,1
"KERNEL_DISPATCH",1,1,234879,1051,820,"Cijk_Ailk_Bljk_DB_MT128x64x16_MI16x16x4x1_SN_1LDSB1_APM1_ABV0_ACED0_AF0EM2_AF1EM2_AMAS3_ASE_ASGT_ASLT_ASM_ASAE01_ASCE01_ASEM2_AAC0_BL1_BS1_CLR0_DTLA0_DTLB0_DTVA1_DTVB0_DVO0_ETSP_EPS1_ELFLR0_EMLL0_FSSC10_FL0_GLVWA2_GLVWB2_GRCGA1_GRCGB1_GRPM1_GRVW2_GSU1_GSUASB_GLS0_ISA942_IU1_K1_KLA_LBSPPA0_LBSPPB0_LPA0_LPB2_LDL1_LRVW1_LWPMn1_LDW0_FMA_MIAV1_MDA2_MO40_MMFSC_MKFGSU256_NTA0_NTB0_NTC3_NTD3_NEPBS4_NLCA1_NLCB1_ONLL1_OPLV0_PK0_PAP0_PGR2_PLR1_PKA0_SIA3_SLW1_SS1_SU0_SUM0_SUS0_SCIUI1_SPO1_SRVW0_SSO6_SVW2_SNLL0_TSGRA0_TSGRB0_TT2_64_TLDS0_UMLDSA0_UMLDSB0_U64SL1_USFGROn1_VAW1_VSn1_VW2_VWB1_VFLRP0_WSGRA0_WSGRB0_WS64_WG64_4_1_WGM12",26865,6448491136228841,6448491136235531,0,8448,256,1,1,768,6,1
"KERNEL_DISPATCH",1,1,234879,1050,185,"void rocsolver::v32802::unit_forward_substitution_kernel<double, int, double*>(int, int, double*, int, int, long, long, double*, int, int, long, long)",26862,6448491136207528,6448491136216823,0,512,16,64,1,16,384,1
"KERNEL_DISPATCH",1,1,234879,1055,68,"void rocsolver::v32802::getf2_npvt_small_kernel<16, double, int, int, double*>(int, double*, long, int, long, int*, int, int)",26879,6448491136279439,6448491136288212,0,136,320,1,1,320,1,1
"KERNEL_DISPATCH",1,1,234879,1056,185,"void rocsolver::v32802::unit_forward_substitution_kernel<double, int, double*>(int, int, double*, int, int, long, long, double*, int, int, long, long)",26884,6448491136291457,6448491136301633,0,512,16,64,1,16,320,1
"KERNEL_DISPATCH",1,1,234879,1058,68,"void rocsolver::v32802::getf2_npvt_small_kernel<16, double, int, int, double*>(int, double*, long, int, long, int*, int, int)",26890,6448491136322985,6448491136331639,0,136,304,1,1,304,1,1
"KERNEL_DISPATCH",1,1,234879,1057,820,"Cijk_Ailk_Bljk_DB_MT128x64x16_MI16x16x4x1_SN_1LDSB1_APM1_ABV0_ACED0_AF0EM2_AF1EM2_AMAS3_ASE_ASGT_ASLT_ASM_ASAE01_ASCE01_ASEM2_AAC0_BL1_BS1_CLR0_DTLA0_DTLB0_DTVA1_DTVB0_DVO0_ETSP_EPS1_ELFLR0_EMLL0_FSSC10_FL0_GLVWA2_GLVWB2_GRCGA1_GRCGB1_GRPM1_GRVW2_GSU1_GSUASB_GLS0_ISA942_IU1_K1_KLA_LBSPPA0_LBSPPB0_LPA0_LPB2_LDL1_LRVW1_LWPMn1_LDW0_FMA_MIAV1_MDA2_MO40_MMFSC_MKFGSU256_NTA0_NTB0_NTC3_NTD3_NEPBS4_NLCA1_NLCB1_ONLL1_OPLV0_PK0_PAP0_PGR2_PLR1_PKA0_SIA3_SLW1_SS1_SU0_SUM0_SUS0_SCIUI1_SPO1_SRVW0_SSO6_SVW2_SNLL0_TSGRA0_TSGRB0_TT2_64_TLDS0_UMLDSA0_UMLDSB0_U64SL1_USFGROn1_VAW1_VSn1_VW2_VWB1_VFLRP0_WSGRA0_WSGRB0_WS64_WG64_4_1_WGM12",26887,6448491136315854,6448491136322985,0,8448,256,1,1,768,5,1
"KERNEL_DISPATCH",1,1,234879,1059,185,"void rocsolver::v32802::unit_forward_substitution_kernel<double, int, double*>(int, int, double*, int, int, long, long, double*, int, int, long, long)",26895,6448491136335324,6448491136345500,0,512,16,64,1,16,320,1
"KERNEL_DISPATCH",1,1,234879,1061,68,"void rocsolver::v32802::getf2_npvt_small_kernel<16, double, int, int, double*>(int, double*, long, int, long, int*, int, int)",26901,6448491136363648,6448491136372261,0,136,288,1,1,288,1,1
"KERNEL_DISPATCH",1,1,234879,1060,820,"Cijk_Ailk_Bljk_DB_MT128x64x16_MI16x16x4x1_SN_1LDSB1_APM1_ABV0_ACED0_AF0EM2_AF1EM2_AMAS3_ASE_ASGT_ASLT_ASM_ASAE01_ASCE01_ASEM2_AAC0_BL1_BS1_CLR0_DTLA0_DTLB0_DTVA1_DTVB0_DVO0_ETSP_EPS1_ELFLR0_EMLL0_FSSC10_FL0_GLVWA2_GLVWB2_GRCGA1_GRCGB1_GRPM1_GRVW2_GSU1_GSUASB_GLS0_ISA942_IU1_K1_KLA_LBSPPA0_LBSPPB0_LPA0_LPB2_LDL1_LRVW1_LWPMn1_LDW0_FMA_MIAV1_MDA2_MO40_MMFSC_MKFGSU256_NTA0_NTB0_NTC3_NTD3_NEPBS4_NLCA1_NLCB1_ONLL1_OPLV0_PK0_PAP0_PGR2_PLR1_PKA0_SIA3_SLW1_SS1_SU0_SUM0_SUS0_SCIUI1_SPO1_SRVW0_SSO6_SVW2_SNLL0_TSGRA0_TSGRB0_TT2_64_TLDS0_UMLDSA0_UMLDSB0_U64SL1_USFGROn1_VAW1_VSn1_VW2_VWB1_VFLRP0_WSGRA0_WSGRB0_WS64_WG64_4_1_WGM12",26898,6448491136352831,6448491136359001,0,8448,256,1,1,768,5,1
"KERNEL_DISPATCH",1,1,234879,1062,185,"void rocsolver::v32802::unit_forward_substitution_kernel<double, int, double*>(int, int, double*, int, int, long, long, double*, int, int, long, long)",26906,6448491136377349,6448491136386923,0,512,16,64,1,16,320,1
"KERNEL_DISPATCH",1,1,234879,1064,68,"void rocsolver::v32802::getf2_npvt_small_kernel<16, double, int, int, double*>(int, double*, long, int, long, int*, int, int)",26912,6448491136408076,6448491136416889,0,136,272,1,1,272,1,1
"KERNEL_DISPATCH",1,1,234879,1063,773,"Cijk_Ailk_Bljk_DB_MT64x64x16_MI16x16x4x1_SN_1LDSB1_APM1_ABV0_ACED0_AF0EM2_AF1EM2_AMAS3_ASE_ASGT_ASLT_ASM_ASAE01_ASCE01_ASEM2_AAC0_BL1_BS1_CLR0_DTLA0_DTLB0_DTVA0_DTVB0_DVO0_ETSP_EPS1_ELFLR0_EMLL0_FSSC10_FL0_GLVWA2_GLVWB2_GRCGA1_GRCGB1_GRPM1_GRVW2_GSU1_GSUASB_GLS0_ISA942_IU1_K1_KLA_LBSPPA0_LBSPPB128_LPA0_LPB2_LDL1_LRVW1_LWPMn1_LDW0_FMA_MIAV1_MDA2_MO40_MMFSC_MKFGSU256_NTA0_NTB0_NTC3_NTD3_NEPBS4_NLCA1_NLCB1_ONLL1_OPLV0_PK0_PAP0_PGR2_PLR5_PKA0_SIA3_SLW1_SS1_SU0_SUM0_SUS0_SCIUI1_SPO1_SRVW0_SSO6_SVW2_SNLL0_TSGRA0_TSGRB0_TT2_32_TLDS1_UMLDSA0_UMLDSB1_U64SL1_USFGROn1_VAW1_VSn1_VW2_VWB1_VFLRP0_WSGRA0_WSGRB0_WS64_WG32_8_1_WGM6",26909,6448491136397019,6448491136403749,0,17408,256,1,1,1280,5,1
"KERNEL_DISPATCH",1,1,234879,1065,185,"void rocsolver::v32802::unit_forward_substitution_kernel<double, int, double*>(int, int, double*, int, int, long, long, double*, int, int, long, long)",26917,6448491136423259,6448491136432593,0,512,16,64,1,16,256,1
"KERNEL_DISPATCH",1,1,234879,1066,773,"Cijk_Ailk_Bljk_DB_MT64x64x16_MI16x16x4x1_SN_1LDSB1_APM1_ABV0_ACED0_AF0EM2_AF1EM2_AMAS3_ASE_ASGT_ASLT_ASM_ASAE01_ASCE01_ASEM2_AAC0_BL1_BS1_CLR0_DTLA0_DTLB0_DTVA0_DTVB0_DVO0_ETSP_EPS1_ELFLR0_EMLL0_FSSC10_FL0_GLVWA2_GLVWB2_GRCGA1_GRCGB1_GRPM1_GRVW2_GSU1_GSUASB_GLS0_ISA942_IU1_K1_KLA_LBSPPA0_LBSPPB128_LPA0_LPB2_LDL1_LRVW1_LWPMn1_LDW0_FMA_MIAV1_MDA2_MO40_MMFSC_MKFGSU256_NTA0_NTB0_NTC3_NTD3_NEPBS4_NLCA1_NLCB1_ONLL1_OPLV0_PK0_PAP0_PGR2_PLR5_PKA0_SIA3_SLW1_SS1_SU0_SUM0_SUS0_SCIUI1_SPO1_SRVW0_SSO6_SVW2_SNLL0_TSGRA0_TSGRB0_TT2_32_TLDS1_UMLDSA0_UMLDSB1_U64SL1_USFGROn1_VAW1_VSn1_VW2_VWB1_VFLRP0_WSGRA0_WSGRB0_WS64_WG32_8_1_WGM6",26920,6448491136443745,6448491136448392,0,17408,256,1,1,1024,4,1
"KERNEL_DISPATCH",1,1,234879,1067,68,"void rocsolver::v32802::getf2_npvt_small_kernel<16, double, int, int, double*>(int, double*, long, int, long, int*, int, int)",26923,6448491136454908,6448491136463160,0,136,256,1,1,256,1,1
"KERNEL_DISPATCH",1,1,234879,1068,185,"void rocsolver::v32802::unit_forward_substitution_kernel<double, int, double*>(int, int, double*, int, int, long, long, double*, int, int, long, long)",26928,6448491136468128,6448491136477142,0,512,16,64,1,16,256,1
"KERNEL_DISPATCH",1,1,234879,1069,773,"Cijk_Ailk_Bljk_DB_MT64x64x16_MI16x16x4x1_SN_1LDSB1_APM1_ABV0_ACED0_AF0EM2_AF1EM2_AMAS3_ASE_ASGT_ASLT_ASM_ASAE01_ASCE01_ASEM2_AAC0_BL1_BS1_CLR0_DTLA0_DTLB0_DTVA0_DTVB0_DVO0_ETSP_EPS1_ELFLR0_EMLL0_FSSC10_FL0_GLVWA2_GLVWB2_GRCGA1_GRCGB1_GRPM1_GRVW2_GSU1_GSUASB_GLS0_ISA942_IU1_K1_KLA_LBSPPA0_LBSPPB128_LPA0_LPB2_LDL1_LRVW1_LWPMn1_LDW0_FMA_MIAV1_MDA2_MO40_MMFSC_MKFGSU256_NTA0_NTB0_NTC3_NTD3_NEPBS4_NLCA1_NLCB1_ONLL1_OPLV0_PK0_PAP0_PGR2_PLR5_PKA0_SIA3_SLW1_SS1_SU0_SUM0_SUS0_SCIUI1_SPO1_SRVW0_SSO6_SVW2_SNLL0_TSGRA0_TSGRB0_TT2_32_TLDS1_UMLDSA0_UMLDSB1_U64SL1_USFGROn1_VAW1_VSn1_VW2_VWB1_VFLRP0_WSGRA0_WSGRB0_WS64_WG32_8_1_WGM6",26931,6448491136481589,6448491136487918,0,17408,256,1,1,1024,4,1
"KERNEL_DISPATCH",1,1,234879,1070,68,"void rocsolver::v32802::getf2_npvt_small_kernel<16, double, int, int, double*>(int, double*, long, int, long, int*, int, int)",26934,6448491136491378,6448491136499190,0,136,240,1,1,240,1,1
"KERNEL_DISPATCH",1,1,234879,1071,185,"void rocsolver::v32802::unit_forward_substitution_kernel<double, int, double*>(int, int, double*, int, int, long, long, double*, int, int, long, long)",26939,6448491136501224,6448491136510638,0,512,16,64,1,16,256,1
"KERNEL_DISPATCH",1,1,234879,1072,773,"Cijk_Ailk_Bljk_DB_MT64x64x16_MI16x16x4x1_SN_1LDSB1_APM1_ABV0_ACED0_AF0EM2_AF1EM2_AMAS3_ASE_ASGT_ASLT_ASM_ASAE01_ASCE01_ASEM2_AAC0_BL1_BS1_CLR0_DTLA0_DTLB0_DTVA0_DTVB0_DVO0_ETSP_EPS1_ELFLR0_EMLL0_FSSC10_FL0_GLVWA2_GLVWB2_GRCGA1_GRCGB1_GRPM1_GRVW2_GSU1_GSUASB_GLS0_ISA942_IU1_K1_KLA_LBSPPA0_LBSPPB128_LPA0_LPB2_LDL1_LRVW1_LWPMn1_LDW0_FMA_MIAV1_MDA2_MO40_MMFSC_MKFGSU256_NTA0_NTB0_NTC3_NTD3_NEPBS4_NLCA1_NLCB1_ONLL1_OPLV0_PK0_PAP0_PGR2_PLR5_PKA0_SIA3_SLW1_SS1_SU0_SUM0_SUS0_SCIUI1_SPO1_SRVW0_SSO6_SVW2_SNLL0_TSGRA0_TSGRB0_TT2_32_TLDS1_UMLDSA0_UMLDSB1_U64SL1_USFGROn1_VAW1_VSn1_VW2_VWB1_VFLRP0_WSGRA0_WSGRB0_WS64_WG32_8_1_WGM6",26942,6448491136526097,6448491136530864,0,17408,256,1,1,1024,4,1
"KERNEL_DISPATCH",1,1,234879,1073,68,"void rocsolver::v32802::getf2_npvt_small_kernel<16, double, int, int, double*>(int, double*, long, int, long, int*, int, int)",26945,6448491136537314,6448491136545366,0,136,224,1,1,224,1,1
"KERNEL_DISPATCH",1,1,234879,1074,185,"void rocsolver::v32802::unit_forward_substitution_kernel<double, int, double*>(int, int, double*, int, int, long, long, double*, int, int, long, long)",26950,6448491136546969,6448491136556864,0,512,16,64,1,16,256,1
"KERNEL_DISPATCH",1,1,234879,1075,773,"Cijk_Ailk_Bljk_DB_MT64x64x16_MI16x16x4x1_SN_1LDSB1_APM1_ABV0_ACED0_AF0EM2_AF1EM2_AMAS3_ASE_ASGT_ASLT_ASM_ASAE01_ASCE01_ASEM2_AAC0_BL1_BS1_CLR0_DTLA0_DTLB0_DTVA0_DTVB0_DVO0_ETSP_EPS1_ELFLR0_EMLL0_FSSC10_FL0_GLVWA2_GLVWB2_GRCGA1_GRCGB1_GRPM1_GRVW2_GSU1_GSUASB_GLS0_ISA942_IU1_K1_KLA_LBSPPA0_LBSPPB128_LPA0_LPB2_LDL1_LRVW1_LWPMn1_LDW0_FMA_MIAV1_MDA2_MO40_MMFSC_MKFGSU256_NTA0_NTB0_NTC3_NTD3_NEPBS4_NLCA1_NLCB1_ONLL1_OPLV0_PK0_PAP0_PGR2_PLR5_PKA0_SIA3_SLW1_SS1_SU0_SUM0_SUS0_SCIUI1_SPO1_SRVW0_SSO6_SVW2_SNLL0_TSGRA0_TSGRB0_TT2_32_TLDS1_UMLDSA0_UMLDSB1_U64SL1_USFGROn1_VAW1_VSn1_VW2_VWB1_VFLRP0_WSGRA0_WSGRB0_WS64_WG32_8_1_WGM6",26953,6448491136563835,6448491136569363,0,17408,256,1,1,1024,4,1
"KERNEL_DISPATCH",1,1,234879,1076,68,"void rocsolver::v32802::getf2_npvt_small_kernel<16, double, int, int, double*>(int, double*, long, int, long, int*, int, int)",26956,6448491136572573,6448491136580825,0,136,208,1,1,208,1,1
"KERNEL_DISPATCH",1,1,234879,1077,185,"void rocsolver::v32802::unit_forward_substitution_kernel<double, int, double*>(int, int, double*, int, int, long, long, double*, int, int, long, long)",26961,6448491136584627,6448491136594722,0,512,16,64,1,16,192,1
"KERNEL_DISPATCH",1,1,234879,1078,773,"Cijk_Ailk_Bljk_DB_MT64x64x16_MI16x16x4x1_SN_1LDSB1_APM1_ABV0_ACED0_AF0EM2_AF1EM2_AMAS3_ASE_ASGT_ASLT_ASM_ASAE01_ASCE01_ASEM2_AAC0_BL1_BS1_CLR0_DTLA0_DTLB0_DTVA0_DTVB0_DVO0_ETSP_EPS1_ELFLR0_EMLL0_FSSC10_FL0_GLVWA2_GLVWB2_GRCGA1_GRCGB1_GRPM1_GRVW2_GSU1_GSUASB_GLS0_ISA942_IU1_K1_KLA_LBSPPA0_LBSPPB128_LPA0_LPB2_LDL1_LRVW1_LWPMn1_LDW0_FMA_MIAV1_MDA2_MO40_MMFSC_MKFGSU256_NTA0_NTB0_NTC3_NTD3_NEPBS4_NLCA1_NLCB1_ONLL1_OPLV0_PK0_PAP0_PGR2_PLR5_PKA0_SIA3_SLW1_SS1_SU0_SUM0_SUS0_SCIUI1_SPO1_SRVW0_SSO6_SVW2_SNLL0_TSGRA0_TSGRB0_TT2_32_TLDS1_UMLDSA0_UMLDSB1_U64SL1_USFGROn1_VAW1_VSn1_VW2_VWB1_VFLRP0_WSGRA0_WSGRB0_WS64_WG32_8_1_WGM6",26964,6448491136604377,6448491136609224,0,17408,256,1,1,768,3,1
"KERNEL_DISPATCH",1,1,234879,1079,68,"void rocsolver::v32802::getf2_npvt_small_kernel<16, double, int, int, double*>(int, double*, long, int, long, int*, int, int)",26967,6448491136615754,6448491136623326,0,136,192,1,1,192,1,1
"KERNEL_DISPATCH",1,1,234879,1080,185,"void rocsolver::v32802::unit_forward_substitution_kernel<double, int, double*>(int, int, double*, int, int, long, long, double*, int, int, long, long)",26972,6448491136631418,6448491136640072,0,512,16,64,1,16,192,1
"KERNEL_DISPATCH",1,1,234879,1081,977,"Cijk_Ailk_Bljk_DB_MT128x64x16_MI16x16x4x1_SN_1LDSB1_APM1_ABV0_ACED0_AF0EM2_AF1EM2_AMAS3_ASE_ASGT_ASLT_ASM_ASAE01_ASCE01_ASEM2_AAC0_BL1_BS1_CLR0_DTLA0_DTLB0_DTVA1_DTVB0_DVO0_ETSP_EPS1_ELFLR0_EMLL0_FSSC10_FL0_GLVWA2_GLVWB2_GRCGA1_GRCGB1_GRPM1_GRVW2_GSU1_GSUASB_GLS0_ISA942_IU1_K1_KLA_LBSPPA0_LBSPPB0_LPA0_LPB2_LDL1_LRVW1_LWPMn1_LDW0_FMA_MIAV1_MDA2_MO40_MMFSC_MKFGSU256_NTA0_NTB0_NTC3_NTD3_NEPBS4_NLCA1_NLCB1_ONLL1_OPLV0_PK0_PAP0_PGR2_PLR5_PKA0_SIA3_SLW1_SS1_SU0_SUM0_SUS0_SCIUI1_SPO1_SRVW0_SSO6_SVW2_SNLL0_TSGRA0_TSGRB0_TT2_64_TLDS0_UMLDSA0_UMLDSB0_U64SL1_USFGROn1_VAW1_VSn1_VW2_VWB1_VFLRP0_WSGRA0_WSGRB0_WS64_WG64_4_1_WGM6",26975,6448491136650928,6448491136660783,0,8448,256,1,1,512,3,1
"KERNEL_DISPATCH",1,1,234879,1082,68,"void rocsolver::v32802::getf2_npvt_small_kernel<16, double, int, int, double*>(int, double*, long, int, long, int*, int, int)",26978,6448491136663227,6448491136671039,0,136,176,1,1,176,1,1
"KERNEL_DISPATCH",1,1,234879,1083,185,"void rocsolver::v32802::unit_forward_substitution_kernel<double, int, double*>(int, int, double*, int, int, long, long, double*, int, int, long, long)",26983,6448491136672525,6448491136681940,0,512,16,64,1,16,192,1
"KERNEL_DISPATCH",1,1,234879,1084,977,"Cijk_Ailk_Bljk_DB_MT128x64x16_MI16x16x4x1_SN_1LDSB1_APM1_ABV0_ACED0_AF0EM2_AF1EM2_AMAS3_ASE_ASGT_ASLT_ASM_ASAE01_ASCE01_ASEM2_AAC0_BL1_BS1_CLR0_DTLA0_DTLB0_DTVA1_DTVB0_DVO0_ETSP_EPS1_ELFLR0_EMLL0_FSSC10_FL0_GLVWA2_GLVWB2_GRCGA1_GRCGB1_GRPM1_GRVW2_GSU1_GSUASB_GLS0_ISA942_IU1_K1_KLA_LBSPPA0_LBSPPB0_LPA0_LPB2_LDL1_LRVW1_LWPMn1_LDW0_FMA_MIAV1_MDA2_MO40_MMFSC_MKFGSU256_NTA0_NTB0_NTC3_NTD3_NEPBS4_NLCA1_NLCB1_ONLL1_OPLV0_PK0_PAP0_PGR2_PLR5_PKA0_SIA3_SLW1_SS1_SU0_SUM0_SUS0_SCIUI1_SPO1_SRVW0_SSO6_SVW2_SNLL0_TSGRA0_TSGRB0_TT2_64_TLDS0_UMLDSA0_UMLDSB0_U64SL1_USFGROn1_VAW1_VSn1_VW2_VWB1_VFLRP0_WSGRA0_WSGRB0_WS64_WG64_4_1_WGM6",26986,6448491136696638,6448491136705131,0,8448,256,1,1,512,3,1
"KERNEL_DISPATCH",1,1,234879,1085,68,"void rocsolver::v32802::getf2_npvt_small_kernel<16, double, int, int, double*>(int, double*, long, int, long, int*, int, int)",26989,6448491136706934,6448491136714546,0,136,160,1,1,160,1,1
"KERNEL_DISPATCH",1,1,234879,1086,185,"void rocsolver::v32802::unit_forward_substitution_kernel<double, int, double*>(int, int, double*, int, int, long, long, double*, int, int, long, long)",26994,6448491136714871,6448491136724686,0,512,16,64,1,16,192,1
"KERNEL_DISPATCH",1,1,234879,1087,817,"Cijk_Ailk_Bljk_DB_MT128x64x16_MI16x16x4x1_SN_1LDSB1_APM1_ABV0_ACED0_AF0EM2_AF1EM2_AMAS3_ASE_ASGT_ASLT_ASM_ASAE01_ASCE01_ASEM2_AAC0_BL1_BS1_CLR0_DTLA0_DTLB0_DTVA0_DTVB0_DVO0_ETSP_EPS1_ELFLR0_EMLL0_FSSC10_FL0_GLVWA2_GLVWB2_GRCGA1_GRCGB1_GRPM1_GRVW2_GSU1_GSUASB_GLS0_ISA942_IU1_K1_KLA_LBSPPA0_LBSPPB0_LPA0_LPB2_LDL1_LRVW1_LWPMn1_LDW0_FMA_MIAV1_MDA2_MO40_MMFSC_MKFGSU256_NTA0_NTB0_NTC3_NTD3_NEPBS0_NLCA1_NLCB1_ONLL1_OPLV0_PK0_PAP0_PGR2_PLR5_PKA0_SIA3_SLW1_SS1_SU0_SUM0_SUS0_SCIUI1_SPO1_SRVW0_SSO6_SVW2_SNLL0_TSGRA0_TSGRB0_TT2_64_TLDS0_UMLDSA0_UMLDSB0_U64SL1_USFGROn1_VAW1_VSn1_VW2_VWB1_VFLRP0_WSGRA0_WSGRB0_WS64_WG64_4_1_WGM6",26997,6448491136736259,6448491136745714,0,24832,256,1,1,512,3,1
"KERNEL_DISPATCH",1,1,234879,1088,68,"void rocsolver::v32802::getf2_npvt_small_kernel<16, double, int, int, double*>(int, double*, long, int, long, int*, int, int)",27000,6448491136748798,6448491136756851,0,136,144,1,1,144,1,1
"KERNEL_DISPATCH",1,1,234879,1089,185,"void rocsolver::v32802::unit_forward_substitution_kernel<double, int, double*>(int, int, double*, int, int, long, long, double*, int, int, long, long)",27005,6448491136763301,6448491136772795,0,512,16,64,1,16,128,1
"KERNEL_DISPATCH",1,1,234879,1090,817,"Cijk_Ailk_Bljk_DB_MT128x64x16_MI16x16x4x1_SN_1LDSB1_APM1_ABV0_ACED0_AF0EM2_AF1EM2_AMAS3_ASE_ASGT_ASLT_ASM_ASAE01_ASCE01_ASEM2_AAC0_BL1_BS1_CLR0_DTLA0_DTLB0_DTVA0_DTVB0_DVO0_ETSP_EPS1_ELFLR0_EMLL0_FSSC10_FL0_GLVWA2_GLVWB2_GRCGA1_GRCGB1_GRPM1_GRVW2_GSU1_GSUASB_GLS0_ISA942_IU1_K1_KLA_LBSPPA0_LBSPPB0_LPA0_LPB2_LDL1_LRVW1_LWPMn1_LDW0_FMA_MIAV1_MDA2_MO40_MMFSC_MKFGSU256_NTA0_NTB0_NTC3_NTD3_NEPBS0_NLCA1_NLCB1_ONLL1_OPLV0_PK0_PAP0_PGR2_PLR5_PKA0_SIA3_SLW1_SS1_SU0_SUM0_SUS0_SCIUI1_SPO1_SRVW0_SSO6_SVW2_SNLL0_TSGRA0_TSGRB0_TT2_64_TLDS0_UMLDSA0_UMLDSB0_U64SL1_USFGROn1_VAW1_VSn1_VW2_VWB1_VFLRP0_WSGRA0_WSGRB0_WS64_WG64_4_1_WGM6",27008,6448491136781423,6448491136786911,0,24832,256,1,1,256,2,1
"KERNEL_DISPATCH",1,1,234879,1091,68,"void rocsolver::v32802::getf2_npvt_small_kernel<16, double, int, int, double*>(int, double*, long, int, long, int*, int, int)",27011,6448491136796231,6448491136804003,0,136,128,1,1,128,1,1
"KERNEL_DISPATCH",1,1,234879,1092,185,"void rocsolver::v32802::unit_forward_substitution_kernel<double, int, double*>(int, int, double*, int, int, long, long, double*, int, int, long, long)",27016,6448491136810573,6448491136819787,0,512,16,64,1,16,128,1
"KERNEL_DISPATCH",1,1,234879,1093,1178,"Cijk_Ailk_Bljk_DB_MT128x64x16_MI16x16x4x1_SN_1LDSB1_APM1_ABV0_ACED0_AF0EM2_AF1EM2_AMAS3_ASE_ASGT_ASLT_ASM_ASAE01_ASCE01_ASEM2_AAC0_BL1_BS1_CLR0_DTLA0_DTLB0_DTVA0_DTVB0_DVO0_ETSP_EPS1_ELFLR0_EMLL0_FSSC10_FL0_GLVWA2_GLVWB2_GRCGA1_GRCGB1_GRPM1_GRVW2_GSU1_GSUASB_GLS0_ISA942_IU1_K1_KLA_LBSPPA0_LBSPPB0_LPA0_LPB2_LDL1_LRVW1_LWPMn1_LDW0_FMA_MIAV1_MDA2_MO40_MMFSC_MKFGSU256_NTA0_NTB0_NTC3_NTD3_NEPBS0_NLCA1_NLCB1_ONLL1_OPLV0_PK0_PAP0_PGR2_PLR1_PKA0_SIA3_SLW1_SS1_SU0_SUM0_SUS0_SCIUI1_SPO1_SRVW0_SSO6_SVW2_SNLL0_TSGRA0_TSGRB0_TT2_64_TLDS0_UMLDSA0_UMLDSB0_U64SL1_USFGROn1_VAW1_VSn1_VW2_VWB1_VFLRP0_WSGRA0_WSGRB0_WS64_WG64_4_1_WGM6",27019,6448491136829081,6448491136837334,0,24832,256,1,1,256,2,1
"KERNEL_DISPATCH",1,1,234879,1094,68,"void rocsolver::v32802::getf2_npvt_small_kernel<16, double, int, int, double*>(int, double*, long, int, long, int*, int, int)",27022,6448491136841495,6448491136849267,0,136,112,1,1,112,1,1
"KERNEL_DISPATCH",1,1,234879,1095,185,"void rocsolver::v32802::unit_forward_substitution_kernel<double, int, double*>(int, int, double*, int, int, long, long, double*, int, int, long, long)",27027,6448491136859022,6448491136867755,0,512,16,64,1,16,128,1
"KERNEL_DISPATCH",1,1,234879,1096,999,"Cijk_Ailk_Bljk_DB_MT128x64x16_MI16x16x4x1_SN_1LDSB1_APM1_ABV0_ACED0_AF0EM2_AF1EM2_AMAS3_ASE_ASGT_ASLT_ASM_ASAE01_ASCE01_ASEM2_AAC0_BL1_BS1_CLR0_DTLA0_DTLB0_DTVA1_DTVB0_DVO0_ETSP_EPS1_ELFLR0_EMLL0_FSSC10_FL0_GLVWA2_GLVWB2_GRCGA1_GRCGB1_GRPM1_GRVW2_GSU1_GSUASB_GLS0_ISA942_IU1_K1_KLA_LBSPPA0_LBSPPB0_LPA0_LPB2_LDL1_LRVW1_LWPMn1_LDW0_FMA_MIAV1_MDA2_MO40_MMFSC_MKFGSU256_NTA0_NTB0_NTC3_NTD3_NEPBS0_NLCA1_NLCB1_ONLL1_OPLV0_PK0_PAP0_PGR2_PLR5_PKA0_SIA3_SLW1_SS1_SU0_SUM0_SUS0_SCIUI1_SPO1_SRVW0_SSO6_SVW2_SNLL0_TSGRA0_TSGRB0_TT2_64_TLDS0_UMLDSA0_UMLDSB0_U64SL1_USFGROn1_VAW1_VSn1_VW2_VWB1_VFLRP0_WSGRA0_WSGRB0_WS64_WG64_4_1_WGM12",27030,6448491136877556,6448491136886650,0,8448,256,1,1,256,2,1
"KERNEL_DISPATCH",1,1,234879,1097,68,"void rocsolver::v32802::getf2_npvt_small_kernel<16, double, int, int, double*>(int, double*, long, int, long, int*, int, int)",27033,6448491136889830,6448491136897521,0,136,96,1,1,96,1,1
"KERNEL_DISPATCH",1,1,234879,1098,185,"void rocsolver::v32802::unit_forward_substitution_kernel<double, int, double*>(int, int, double*, int, int, long, long, double*, int, int, long, long)",27038,6448491136905719,6448491136915133,0,512,16,64,1,16,128,1
"KERNEL_DISPATCH",1,1,234879,1099,759,"Cijk_Ailk_Bljk_DB_MT64x64x16_MI16x16x4x1_SN_1LDSB1_APM1_ABV0_ACED0_AF0EM2_AF1EM2_AMAS3_ASE_ASGT_ASLT_ASM_ASAE01_ASCE01_ASEM2_AAC0_BL1_BS1_CLR0_DTLA0_DTLB0_DTVA0_DTVB0_DVO0_ETSP_EPS1_ELFLR0_EMLL0_FSSC10_FL0_GLVWA2_GLVWB2_GRCGA1_GRCGB1_GRPM1_GRVW2_GSU1_GSUASB_GLS0_ISA942_IU1_K1_KLA_LBSPPA0_LBSPPB0_LPA0_LPB2_LDL1_LRVW1_LWPMn1_LDW0_FMA_MIAV1_MDA2_MO40_MMFSC_MKFGSU256_NTA0_NTB0_NTC3_NTD3_NEPBS4_NLCA1_NLCB1_ONLL1_OPLV0_PK0_PAP0_PGR2_PLR5_PKA0_SIA3_SLW1_SS1_SU0_SUM0_SUS0_SCIUI1_SPO1_SRVW0_SSO6_SVW2_SNLL0_TSGRA0_TSGRB0_TT2_32_TLDS0_UMLDSA0_UMLDSB0_U64SL1_USFGROn1_VAW1_VSn1_VW2_VWB1_VFLRP0_WSGRA0_WSGRB0_WS64_WG32_8_1_WGM6",27041,6448491136924347,6448491136932119,0,16640,256,1,1,512,2,1
"KERNEL_DISPATCH",1,1,234879,1100,68,"void rocsolver::v32802::getf2_npvt_small_kernel<16, double, int, int, double*>(int, double*, long, int, long, int*, int, int)",27044,6448491136936366,6448491136944178,0,136,80,1,1,80,1,1
"KERNEL_DISPATCH",1,1,234879,1101,185,"void rocsolver::v32802::unit_forward_substitution_kernel<double, int, double*>(int, int, double*, int, int, long, long, double*, int, int, long, long)",27049,6448491136946662,6448491136956757,0,512,16,64,1,16,64,1
"KERNEL_DISPATCH",1,1,234879,1102,814,"Cijk_Ailk_Bljk_DB_MT64x64x16_MI16x16x4x1_SN_1LDSB1_APM1_ABV0_ACED0_AF0EM2_AF1EM2_AMAS0_ASE_ASGT_ASLT_ASM_ASAE01_ASCE01_ASEM2_AAC0_BL1_BS1_CLR0_DTLA0_DTLB0_DTVA1_DTVB0_DVO0_ETSP_EPS1_ELFLR0_EMLL0_FSSC10_FL0_GLVWA1_GLVWB1_GRCGA1_GRCGB1_GRPM1_GRVW1_GSU1_GSUASB_GLS0_ISA942_IU1_K1_KLA_LBSPPA0_LBSPPB128_LPA0_LPB4_LDL1_LRVW2_LWPMn1_LDW0_FMA_MIAV1_MDA2_MO40_MMFSC_MKFGSU256_NTA0_NTB0_NTC3_NTD3_NEPBS0_NLCA1_NLCB1_ONLL1_OPLV0_PK0_PAP0_PGR2_PLR5_PKA0_SIA3_SLW1_SS1_SU0_SUM0_SUS0_SCIUI1_SPO1_SRVW0_SSO6_SVW1_SNLL0_TSGRA0_TSGRB0_TT1_64_TLDS1_UMLDSA0_UMLDSB1_U64SL1_USFGROn1_VAW1_VSn1_VW1_VWB1_VFLRP0_WSGRA0_WSGRB0_WS64_WG64_4_1_WGM6",27052,6448491136968054,6448491136975065,0,10240,256,1,1,256,1,1
"KERNEL_DISPATCH",1,1,234879,1103,68,"void rocsolver::v32802::getf2_npvt_small_kernel<16, double, int, int, double*>(int, double*, long, int, long, int*, int, int)",27055,6448491136979877,6448491136987649,0,136,64,1,1,64,1,1
"KERNEL_DISPATCH",1,1,234879,1104,185,"void rocsolver::v32802::unit_forward_substitution_kernel<double, int, double*>(int, int, double*, int, int, long, long, double*, int, int, long, long)",27060,6448491136995497,6448491137004230,0,512,16,64,1,16,64,1
"KERNEL_DISPATCH",1,1,234879,1105,744,"Cijk_Ailk_Bljk_DB_MT64x64x16_MI16x16x4x1_SN_1LDSB1_APM1_ABV0_ACED0_AF0EM2_AF1EM2_AMAS3_ASE_ASGT_ASLT_ASM_ASAE01_ASCE01_ASEM2_AAC0_BL1_BS1_CLR0_DTLA0_DTLB0_DTVA0_DTVB0_DVO0_ETSP_EPS1_ELFLR0_EMLL0_FSSC10_FL0_GLVWA2_GLVWB2_GRCGA1_GRCGB1_GRPM1_GRVW2_GSU1_GSUASB_GLS0_ISA942_IU1_K1_KLA_LBSPPA0_LBSPPB128_LPA0_LPB4_LDL1_LRVW2_LWPMn1_LDW0_FMA_MIAV1_MDA2_MO40_MMFSC_MKFGSU256_NTA0_NTB0_NTC3_NTD3_NEPBS0_NLCA1_NLCB1_ONLL1_OPLV0_PK0_PAP0_PGR2_PLR5_PKA0_SIA3_SLW1_SS1_SU0_SUM0_SUS0_SCIUI1_SPO1_SRVW0_SSO6_SVW2_SNLL0_TSGRA0_TSGRB0_TT2_32_TLDS1_UMLDSA0_UMLDSB1_U64SL1_USFGROn1_VAW1_VSn1_VW2_VWB1_VFLRP0_WSGRA0_WSGRB0_WS64_WG32_8_1_WGM6",27063,6448491137019654,6448491137025503,0,18432,256,1,1,256,1,1
"KERNEL_DISPATCH",1,1,234879,1106,68,"void rocsolver::v32802::getf2_npvt_small_kernel<16, double, int, int, double*>(int, double*, long, int, long, int*, int, int)",27066,6448491137031592,6448491137039404,0,136,48,1,1,48,1,1
"KERNEL_DISPATCH",1,1,234879,1107,185,"void rocsolver::v32802::unit_forward_substitution_kernel<double, int, double*>(int, int, double*, int, int, long, long, double*, int, int, long, long)",27071,6448491137047256,6448491137055629,0,512,16,64,1,16,64,1
"KERNEL_DISPATCH",1,1,234879,1108,754,"Cijk_Ailk_Bljk_DB_MT32x64x32_MI16x16x4x1_SN_1LDSB1_APM1_ABV0_ACED0_AF0EM2_AF1EM2_AMAS3_ASE_ASGT_ASLT_ASM_ASAE01_ASCE01_ASEM2_AAC0_BL1_BS1_CLR0_DTLA0_DTLB0_DTVA0_DTVB0_DVO0_ETSP_EPS1_ELFLR0_EMLL0_FSSC10_FL0_GLVWA2_GLVWB2_GRCGA1_GRCGB1_GRPM1_GRVW2_GSU1_GSUASB_GLS0_ISA942_IU1_K1_KLA_LBSPPA0_LBSPPB256_LPA0_LPB4_LDL1_LRVW2_LWPMn1_LDW0_FMA_MIAV1_MDA2_MO40_MMFSC_MKFGSU256_NTA0_NTB0_NTC3_NTD3_NEPBS0_NLCA1_NLCB1_ONLL1_OPLV0_PK0_PAP0_PGR2_PLR9_PKA0_SIA3_SLW1_SS1_SU0_SUM0_SUS0_SCIUI1_SPO1_SRVW0_SSO6_SVW2_SNLL0_TSGRA0_TSGRB0_TT2_16_TLDS1_UMLDSA0_UMLDSB1_U64SL1_USFGROn1_VAW1_VSn1_VW2_VWB1_VFLRP0_WSGRA0_WSGRB0_WS64_WG16_16_1_WGM6",27074,6448491137069530,6448491137074898,0,26624,256,1,1,256,1,1
"KERNEL_DISPATCH",1,1,234879,1109,68,"void rocsolver::v32802::getf2_npvt_small_kernel<16, double, int, int, double*>(int, double*, long, int, long, int*, int, int)",27077,6448491137080146,6448491137088519,0,136,32,1,1,32,1,1
"KERNEL_DISPATCH",1,1,234879,1110,185,"void rocsolver::v32802::unit_forward_substitution_kernel<double, int, double*>(int, int, double*, int, int, long, long, double*, int, int, long, long)",27082,6448491137091964,6448491137099135,0,512,16,64,1,16,64,1
"KERNEL_DISPATCH",1,1,234879,1111,754,"Cijk_Ailk_Bljk_DB_MT32x64x32_MI16x16x4x1_SN_1LDSB1_APM1_ABV0_ACED0_AF0EM2_AF1EM2_AMAS3_ASE_ASGT_ASLT_ASM_ASAE01_ASCE01_ASEM2_AAC0_BL1_BS1_CLR0_DTLA0_DTLB0_DTVA0_DTVB0_DVO0_ETSP_EPS1_ELFLR0_EMLL0_FSSC10_FL0_GLVWA2_GLVWB2_GRCGA1_GRCGB1_GRPM1_GRVW2_GSU1_GSUASB_GLS0_ISA942_IU1_K1_KLA_LBSPPA0_LBSPPB256_LPA0_LPB4_LDL1_LRVW2_LWPMn1_LDW0_FMA_MIAV1_MDA2_MO40_MMFSC_MKFGSU256_NTA0_NTB0_NTC3_NTD3_NEPBS0_NLCA1_NLCB1_ONLL1_OPLV0_PK0_PAP0_PGR2_PLR9_PKA0_SIA3_SLW1_SS1_SU0_SUM0_SUS0_SCIUI1_SPO1_SRVW0_SSO6_SVW2_SNLL0_TSGRA0_TSGRB0_TT2_16_TLDS1_UMLDSA0_UMLDSB1_U64SL1_USFGROn1_VAW1_VSn1_VW2_VWB1_VFLRP0_WSGRA0_WSGRB0_WS64_WG16_16_1_WGM6",27085,6448491137124534,6448491137128500,0,26624,256,1,1,256,1,1
"KERNEL_DISPATCH",1,1,234879,1112,68,"void rocsolver::v32802::getf2_npvt_small_kernel<16, double, int, int, double*>(int, double*, long, int, long, int*, int, int)",27088,6448491137134904,6448491137142476,0,136,16,1,1,16,1,1
"KERNEL_DISPATCH",1,1,234879,1113,1399,"void rocblas_trtri_trsm_kernel<128, 16, 8, double, double const*, double*>(rocblas_fill_, rocblas_diagonal_, double const*, long, int, long, double*, long, long, int)",27092,6448491137150935,6448491137179659,0,8192,256,1,1,4096,1,1
"KERNEL_DISPATCH",1,1,234879,1114,1443,"void rocblas_trtri_fill<128, double, double*>(_rocblas_handle*, rocblas_fill_, int, long, int, long, double*, long, long, int, int)",27097,6448491137179659,6448491137183865,0,0,128,1,1,32512,1,1
"KERNEL_DISPATCH",1,1,234879,1115,997,"Cijk_Ailk_Bljk_DB_MT64x32x16_MI16x16x4x1_SN_1LDSB1_APM1_ABV0_ACED0_AF0EM2_AF1EM2_AMAS0_ASE_ASGT_ASLT_ASM_ASAE01_ASCE01_ASEM2_AAC0_BL1_BS1_CLR0_DTLA0_DTLB0_DTVA1_DTVB0_DVO0_ETSP_EPS1_ELFLR0_EMLL0_FSSC10_FL0_GLVWA1_GLVWB1_GRCGA1_GRCGB1_GRPM1_GRVW1_GSU1_GSUASB_GLS0_ISA942_IU1_K1_KLA_LBSPPA0_LBSPPB128_LPA0_LPB4_LDL1_LRVW2_LWPMn1_LDW0_FMA_MIAV1_MDA2_MO40_MMFSC_MKFGSU256_NTA0_NTB0_NTC3_NTD3_NEPBS0_NLCA1_NLCB1_ONLL1_OPLV0_PK0_PAP0_PGR2_PLR5_PKA0_SIA3_SLW1_SS1_SU0_SUM0_SUS0_SCIUI1_SPO1_SRVW0_SSO6_SVW1_SNLL0_TSGRA0_TSGRB0_TT1_32_TLDS1_UMLDSA0_UMLDSB1_U64SL1_USFGROn1_VAW1_VSn1_VW1_VWB1_VFLRP0_WSGRA0_WSGRB0_WS64_WG64_4_1_WGM12",27101,6448491137183865,6448491137189674,0,5120,256,1,1,256,1,4
"KERNEL_DISPATCH",1,1,234879,1116,997,"Cijk_Ailk_Bljk_DB_MT64x32x16_MI16x16x4x1_SN_1LDSB1_APM1_ABV0_ACED0_AF0EM2_AF1EM2_AMAS0_ASE_ASGT_ASLT_ASM_ASAE01_ASCE01_ASEM2_AAC0_BL1_BS1_CLR0_DTLA0_DTLB0_DTVA1_DTVB0_DVO0_ETSP_EPS1_ELFLR0_EMLL0_FSSC10_FL0_GLVWA1_GLVWB1_GRCGA1_GRCGB1_GRPM1_GRVW1_GSU1_GSUASB_GLS0_ISA942_IU1_K1_KLA_LBSPPA0_LBSPPB128_LPA0_LPB4_LDL1_LRVW2_LWPMn1_LDW0_FMA_MIAV1_MDA2_MO40_MMFSC_MKFGSU256_NTA0_NTB0_NTC3_NTD3_NEPBS0_NLCA1_NLCB1_ONLL1_OPLV0_PK0_PAP0_PGR2_PLR5_PKA0_SIA3_SLW1_SS1_SU0_SUM0_SUS0_SCIUI1_SPO1_SRVW0_SSO6_SVW1_SNLL0_TSGRA0_TSGRB0_TT1_32_TLDS1_UMLDSA0_UMLDSB1_U64SL1_USFGROn1_VAW1_VSn1_VW1_VWB1_VFLRP0_WSGRA0_WSGRB0_WS64_WG64_4_1_WGM12",27104,6448491137197446,6448491137204177,0,5120,256,1,1,256,1,4
"KERNEL_DISPATCH",1,1,234879,1117,997,"Cijk_Ailk_Bljk_DB_MT64x32x16_MI16x16x4x1_SN_1LDSB1_APM1_ABV0_ACED0_AF0EM2_AF1EM2_AMAS0_ASE_ASGT_ASLT_ASM_ASAE01_ASCE01_ASEM2_AAC0_BL1_BS1_CLR0_DTLA0_DTLB0_DTVA1_DTVB0_DVO0_ETSP_EPS1_ELFLR0_EMLL0_FSSC10_FL0_GLVWA1_GLVWB1_GRCGA1_GRCGB1_GRPM1_GRVW1_GSU1_GSUASB_GLS0_ISA942_IU1_K1_KLA_LBSPPA0_LBSPPB128_LPA0_LPB4_LDL1_LRVW2_LWPMn1_LDW0_FMA_MIAV1_MDA2_MO40_MMFSC_MKFGSU256_NTA0_NTB0_NTC3_NTD3_NEPBS0_NLCA1_NLCB1_ONLL1_OPLV0_PK0_PAP0_PGR2_PLR5_PKA0_SIA3_SLW1_SS1_SU0_SUM0_SUS0_SCIUI1_SPO1_SRVW0_SSO6_SVW1_SNLL0_TSGRA0_TSGRB0_TT1_32_TLDS1_UMLDSA0_UMLDSB1_U64SL1_USFGROn1_VAW1_VSn1_VW1_VWB1_VFLRP0_WSGRA0_WSGRB0_WS64_WG64_4_1_WGM12",27107,6448491137219921,6448491137224928,0,5120,256,1,1,256,1,4
"KERNEL_DISPATCH",1,1,234879,1118,997,"Cijk_Ailk_Bljk_DB_MT64x32x16_MI16x16x4x1_SN_1LDSB1_APM1_ABV0_ACED0_AF0EM2_AF1EM2_AMAS0_ASE_ASGT_ASLT_ASM_ASAE01_ASCE01_ASEM2_AAC0_BL1_BS1_CLR0_DTLA0_DTLB0_DTVA1_DTVB0_DVO0_ETSP_EPS1_ELFLR0_EMLL0_FSSC10_FL0_GLVWA1_GLVWB1_GRCGA1_GRCGB1_GRPM1_GRVW1_GSU1_GSUASB_GLS0_ISA942_IU1_K1_KLA_LBSPPA0_LBSPPB128_LPA0_LPB4_LDL1_LRVW2_LWPMn1_LDW0_FMA_MIAV1_MDA2_MO40_MMFSC_MKFGSU256_NTA0_NTB0_NTC3_NTD3_NEPBS0_NLCA1_NLCB1_ONLL1_OPLV0_PK0_PAP0_PGR2_PLR5_PKA0_SIA3_SLW1_SS1_SU0_SUM0_SUS0_SCIUI1_SPO1_SRVW0_SSO6_SVW1_SNLL0_TSGRA0_TSGRB0_TT1_32_TLDS1_UMLDSA0_UMLDSB1_U64SL1_USFGROn1_VAW1_VSn1_VW1_VWB1_VFLRP0_WSGRA0_WSGRB0_WS64_WG64_4_1_WGM12",27110,6448491137237142,6448491137241669,0,5120,256,1,1,256,1,4
"KERNEL_DISPATCH",1,1,234879,1119,970,"Cijk_Ailk_Bljk_DB_MT64x64x32_MI16x16x4x1_SN_1LDSB1_APM1_ABV0_ACED0_AF0EM2_AF1EM2_AMAS0_ASE_ASGT_ASLT_ASM_ASAE01_ASCE01_ASEM2_AAC0_BL1_BS1_CLR0_DTLA0_DTLB0_DTVA0_DTVB0_DVO0_ETSP_EPS1_ELFLR0_EMLL0_FSSC10_FL0_GLVWA1_GLVWB1_GRCGA1_GRCGB1_GRPM1_GRVW1_GSU1_GSUASB_GLS0_ISA942_IU1_K1_KLA_LBSPPA0_LBSPPB0_LPA0_LPB1_LDL1_LRVW1_LWPMn1_LDW0_FMA_MIAV1_MDA2_MO40_MMFSC_MKFGSU256_NTA0_NTB0_NTC3_NTD3_NEPBS0_NLCA1_NLCB1_ONLL1_OPLV0_PK0_PAP0_PGR2_PLR9_PKA0_SIA3_SLW1_SS1_SU0_SUM0_SUS0_SCIUI1_SPO1_SRVW0_SSO6_SVW1_SNLL0_TSGRA0_TSGRB0_TT2_32_TLDS0_UMLDSA0_UMLDSB0_U64SL1_USFGROn1_VAW1_VSn1_VW1_VWB1_VFLRP0_WSGRA0_WSGRB0_WS64_WG32_8_1_WGM6",27113,6448491137259666,6448491137266316,0,33024,256,1,1,256,1,4
"KERNEL_DISPATCH",1,1,234879,1120,970,"Cijk_Ailk_Bljk_DB_MT64x64x32_MI16x16x4x1_SN_1LDSB1_APM1_ABV0_ACED0_AF0EM2_AF1EM2_AMAS0_ASE_ASGT_ASLT_ASM_ASAE01_ASCE01_ASEM2_AAC0_BL1_BS1_CLR0_DTLA0_DTLB0_DTVA0_DTVB0_DVO0_ETSP_EPS1_ELFLR0_EMLL0_FSSC10_FL0_GLVWA1_GLVWB1_GRCGA1_GRCGB1_GRPM1_GRVW1_GSU1_GSUASB_GLS0_ISA942_IU1_K1_KLA_LBSPPA0_LBSPPB0_LPA0_LPB1_LDL1_LRVW1_LWPMn1_LDW0_FMA_MIAV1_MDA2_MO40_MMFSC_MKFGSU256_NTA0_NTB0_NTC3_NTD3_NEPBS0_NLCA1_NLCB1_ONLL1_OPLV0_PK0_PAP0_PGR2_PLR9_PKA0_SIA3_SLW1_SS1_SU0_SUM0_SUS0_SCIUI1_SPO1_SRVW0_SSO6_SVW1_SNLL0_TSGRA0_TSGRB0_TT2_32_TLDS0_UMLDSA0_UMLDSB0_U64SL1_USFGROn1_VAW1_VSn1_VW1_VWB1_VFLRP0_WSGRA0_WSGRB0_WS64_WG32_8_1_WGM6",27116,6448491137272041,6448491137280293,0,33024,256,1,1,256,1,4
"KERNEL_DISPATCH",1,1,234879,1121,1471,"void rocblas_copy_matrix_trsm<128, 8, double, double*, double*>(int, int, int, double*, int, long, double*, int, long, long, long, int)",27120,6448491137286623,6448491137291070,0,0,128,8,1,3584,128,1
"KERNEL_DISPATCH",1,1,234879,1122,1042,"Cijk_Ailk_Bljk_DB_MT80x64x32_MI16x16x4x1_SN_1LDSB1_APM1_ABV0_ACED0_AF0EM1_AF1EM1_AMAS0_ASE_ASGT_ASLT1257_ASM_ASAE01_ASCE01_ASEM1_AAC0_BL1_BS1_CLR0_DTLA0_DTLB0_DTVA0_DTVB0_DVO0_ETB_EPS1_ELFLR0_EMLL0_FSSC10_FL0_GLVWA2_GLVWB2_GRCGA1_GRCGB1_GRPM1_GRVWn1_GSU1_GSUASB_GLS0_ISA942_IU1_K1_KLA_LBSPPA0_LBSPPB256_LPA0_LPB4_LDL1_LRVW2_LWPMn1_LDW0_FMA_MIAV1_MDA2_MO40_MMFSC_MKFGSU256_NTA0_NTB0_NTC0_NTD0_NEPBS4_NLCA5_NLCB1_ONLL1_OPLV0_PK0_PAP0_PGR2_PLR9_PKA0_SIA3_SLW1_SS1_SU0_SUM0_SUS0_SCIUI1_SPO0_SRVW0_SSO0_SVW1_SNLL0_TSGRA0_TSGRB0_TT5_16_TLDS1_UMLDSA0_UMLDSB1_U64SL1_USFGROn1_VAW1_VSn1_VW1_VWB1_VFLRP0_WSGRA0_WSGRB0_WS64_WG16_16_1_WGM1",27124,6448491137308530,6448491137318546,0,38912,256,1,1,11520,2,1
"KERNEL_DISPATCH",1,1,234879,1123,1042,"Cijk_Ailk_Bljk_DB_MT80x64x32_MI16x16x4x1_SN_1LDSB1_APM1_ABV0_ACED0_AF0EM1_AF1EM1_AMAS0_ASE_ASGT_ASLT1257_ASM_ASAE01_ASCE01_ASEM1_AAC0_BL1_BS1_CLR0_DTLA0_DTLB0_DTVA0_DTVB0_DVO0_ETB_EPS1_ELFLR0_EMLL0_FSSC10_FL0_GLVWA2_GLVWB2_GRCGA1_GRCGB1_GRPM1_GRVWn1_GSU1_GSUASB_GLS0_ISA942_IU1_K1_KLA_LBSPPA0_LBSPPB256_LPA0_LPB4_LDL1_LRVW2_LWPMn1_LDW0_FMA_MIAV1_MDA2_MO40_MMFSC_MKFGSU256_NTA0_NTB0_NTC0_NTD0_NEPBS4_NLCA5_NLCB1_ONLL1_OPLV0_PK0_PAP0_PGR2_PLR9_PKA0_SIA3_SLW1_SS1_SU0_SUM0_SUS0_SCIUI1_SPO0_SRVW0_SSO0_SVW1_SNLL0_TSGRA0_TSGRB0_TT5_16_TLDS1_UMLDSA0_UMLDSB1_U64SL1_USFGROn1_VAW1_VSn1_VW1_VWB1_VFLRP0_WSGRA0_WSGRB0_WS64_WG16_16_1_WGM1",27127,6448491137325603,6448491137341788,0,38912,256,1,1,11520,2,1
"KERNEL_DISPATCH",1,1,234879,1124,1042,"Cijk_Ailk_Bljk_DB_MT80x64x32_MI16x16x4x1_SN_1LDSB1_APM1_ABV0_ACED0_AF0EM1_AF1EM1_AMAS0_ASE_ASGT_ASLT1257_ASM_ASAE01_ASCE01_ASEM1_AAC0_BL1_BS1_CLR0_DTLA0_DTLB0_DTVA0_DTVB0_DVO0_ETB_EPS1_ELFLR0_EMLL0_FSSC10_FL0_GLVWA2_GLVWB2_GRCGA1_GRCGB1_GRPM1_GRVWn1_GSU1_GSUASB_GLS0_ISA942_IU1_K1_KLA_LBSPPA0_LBSPPB256_LPA0_LPB4_LDL1_LRVW2_LWPMn1_LDW0_FMA_MIAV1_MDA2_MO40_MMFSC_MKFGSU256_NTA0_NTB0_NTC0_NTD0_NEPBS4_NLCA5_NLCB1_ONLL1_OPLV0_PK0_PAP0_PGR2_PLR9_PKA0_SIA3_SLW1_SS1_SU0_SUM0_SUS0_SCIUI1_SPO0_SRVW0_SSO0_SVW1_SNLL0_TSGRA0_TSGRB0_TT5_16_TLDS1_UMLDSA0_UMLDSB1_U64SL1_USFGROn1_VAW1_VSn1_VW1_VWB1_VFLRP0_WSGRA0_WSGRB0_WS64_WG16_16_1_WGM1",27130,6448491137346515,6448491137356610,0,38912,256,1,1,11520,2,1
"KERNEL_DISPATCH",1,1,234879,1125,741,"Cijk_Ailk_Bljk_DB_MT128x64x16_MI16x16x4x1_SN_1LDSB1_APM1_ABV0_ACED0_AF0EM1_AF1EM1_AMAS3_ASE_ASGT_ASLT_ASM_ASAE01_ASCE01_ASEM1_AAC0_BL1_BS1_CLR0_DTLA0_DTLB0_DTVA1_DTVB0_DVO0_ETSP_EPS1_ELFLR0_EMLL0_FSSC10_FL0_GLVWA2_GLVWB2_GRCGA1_GRCGB1_GRPM1_GRVWn1_GSU1_GSUASB_GLS0_ISA942_IU1_K1_KLA_LBSPPA0_LBSPPB256_LPA0_LPB4_LDL1_LRVW2_LWPMn1_LDW0_FMA_MIAV0_MDA2_MO40_MMFSC_MKFGSU256_NTA0_NTB0_NTC4_NTD4_NEPBS4_NLCA1_NLCB1_ONLL1_OPLV0_PK0_PAP0_PGR2_PLR5_PKA0_SIA3_SLW1_SS1_SU0_SUM0_SUS0_SCIUI1_SPO1_SRVW0_SSO4_SVW2_SNLL0_TSGRA0_TSGRB0_TT2_64_TLDS1_UMLDSA0_UMLDSB1_U64SL1_USFGROn1_VAW1_VSn1_VW2_VWB2_VFLRP0_WSGRA0_WSGRB0_WS64_WG64_4_1_WGM1",27133,6448491137373917,6448491137397393,0,9216,256,1,1,7168,2,1
"KERNEL_DISPATCH",1,1,234879,1126,1042,"Cijk_Ailk_Bljk_DB_MT80x64x32_MI16x16x4x1_SN_1LDSB1_APM1_ABV0_ACED0_AF0EM1_AF1EM1_AMAS0_ASE_ASGT_ASLT1257_ASM_ASAE01_ASCE01_ASEM1_AAC0_BL1_BS1_CLR0_DTLA0_DTLB0_DTVA0_DTVB0_DVO0_ETB_EPS1_ELFLR0_EMLL0_FSSC10_FL0_GLVWA2_GLVWB2_GRCGA1_GRCGB1_GRPM1_GRVWn1_GSU1_GSUASB_GLS0_ISA942_IU1_K1_KLA_LBSPPA0_LBSPPB256_LPA0_LPB4_LDL1_LRVW2_LWPMn1_LDW0_FMA_MIAV1_MDA2_MO40_MMFSC_MKFGSU256_NTA0_NTB0_NTC0_NTD0_NEPBS4_NLCA5_NLCB1_ONLL1_OPLV0_PK0_PAP0_PGR2_PLR9_PKA0_SIA3_SLW1_SS1_SU0_SUM0_SUS0_SCIUI1_SPO0_SRVW0_SSO0_SVW1_SNLL0_TSGRA0_TSGRB0_TT5_16_TLDS1_UMLDSA0_UMLDSB1_U64SL1_USFGROn1_VAW1_VSn1_VW1_VWB1_VFLRP0_WSGRA0_WSGRB0_WS64_WG16_16_1_WGM1",27136,6448491137397393,6448491137406447,0,38912,256,1,1,11520,2,1
"KERNEL_DISPATCH",1,1,234879,1127,741,"Cijk_Ailk_Bljk_DB_MT128x64x16_MI16x16x4x1_SN_1LDSB1_APM1_ABV0_ACED0_AF0EM1_AF1EM1_AMAS3_ASE_ASGT_ASLT_ASM_ASAE01_ASCE01_ASEM1_AAC0_BL1_BS1_CLR0_DTLA0_DTLB0_DTVA1_DTVB0_DVO0_ETSP_EPS1_ELFLR0_EMLL0_FSSC10_FL0_GLVWA2_GLVWB2_GRCGA1_GRCGB1_GRPM1_GRVWn1_GSU1_GSUASB_GLS0_ISA942_IU1_K1_KLA_LBSPPA0_LBSPPB256_LPA0_LPB4_LDL1_LRVW2_LWPMn1_LDW0_FMA_MIAV0_MDA2_MO40_MMFSC_MKFGSU256_NTA0_NTB0_NTC4_NTD4_NEPBS4_NLCA1_NLCB1_ONLL1_OPLV0_PK0_PAP0_PGR2_PLR5_PKA0_SIA3_SLW1_SS1_SU0_SUM0_SUS0_SCIUI1_SPO1_SRVW0_SSO4_SVW2_SNLL0_TSGRA0_TSGRB0_TT2_64_TLDS1_UMLDSA0_UMLDSB1_U64SL1_USFGROn1_VAW1_VSn1_VW2_VWB2_VFLRP0_WSGRA0_WSGRB0_WS64_WG64_4_1_WGM1",27139,6448491137406447,6448491137427158,0,9216,256,1,1,7168,2,1
"KERNEL_DISPATCH",1,1,234879,1128,1042,"Cijk_Ailk_Bljk_DB_MT80x64x32_MI16x16x4x1_SN_1LDSB1_APM1_ABV0_ACED0_AF0EM1_AF1EM1_AMAS0_ASE_ASGT_ASLT1257_ASM_ASAE01_ASCE01_ASEM1_AAC0_BL1_BS1_CLR0_DTLA0_DTLB0_DTVA0_DTVB0_DVO0_ETB_EPS1_ELFLR0_EMLL0_FSSC10_FL0_GLVWA2_GLVWB2_GRCGA1_GRCGB1_GRPM1_GRVWn1_GSU1_GSUASB_GLS0_ISA942_IU1_K1_KLA_LBSPPA0_LBSPPB256_LPA0_LPB4_LDL1_LRVW2_LWPMn1_LDW0_FMA_MIAV1_MDA2_MO40_MMFSC_MKFGSU256_NTA0_NTB0_NTC0_NTD0_NEPBS4_NLCA5_NLCB1_ONLL1_OPLV0_PK0_PAP0_PGR2_PLR9_PKA0_SIA3_SLW1_SS1_SU0_SUM0_SUS0_SCIUI1_SPO0_SRVW0_SSO0_SVW1_SNLL0_TSGRA0_TSGRB0_TT5_16_TLDS1_UMLDSA0_UMLDSB1_U64SL1_USFGROn1_VAW1_VSn1_VW1_VWB1_VFLRP0_WSGRA0_WSGRB0_WS64_WG16_16_1_WGM1",27142,6448491137427158,6448491137436573,0,38912,256,1,1,11520,2,1
"KERNEL_DISPATCH",1,1,234879,1129,1399,"void rocblas_trtri_trsm_kernel<128, 16, 8, double, double const*, double*>(rocblas_fill_, rocblas_diagonal_, double const*, long, int, long, double*, long, long, int)",27146,6448491137436573,6448491137465657,0,8192,256,1,1,4096,1,1
"KERNEL_DISPATCH",1,1,234879,1130,1443,"void rocblas_trtri_fill<128, double, double*>(_rocblas_handle*, rocblas_fill_, int, long, int, long, double*, long, long, int, int)",27151,6448491137465657,6448491137468021,0,0,128,1,1,32512,1,1
"KERNEL_DISPATCH",1,1,234879,1131,997,"Cijk_Ailk_Bljk_DB_MT64x32x16_MI16x16x4x1_SN_1LDSB1_APM1_ABV0_ACED0_AF0EM2_AF1EM2_AMAS0_ASE_ASGT_ASLT_ASM_ASAE01_ASCE01_ASEM2_AAC0_BL1_BS1_CLR0_DTLA0_DTLB0_DTVA1_DTVB0_DVO0_ETSP_EPS1_ELFLR0_EMLL0_FSSC10_FL0_GLVWA1_GLVWB1_GRCGA1_GRCGB1_GRPM1_GRVW1_GSU1_GSUASB_GLS0_ISA942_IU1_K1_KLA_LBSPPA0_LBSPPB128_LPA0_LPB4_LDL1_LRVW2_LWPMn1_LDW0_FMA_MIAV1_MDA2_MO40_MMFSC_MKFGSU256_NTA0_NTB0_NTC3_NTD3_NEPBS0_NLCA1_NLCB1_ONLL1_OPLV0_PK0_PAP0_PGR2_PLR5_PKA0_SIA3_SLW1_SS1_SU0_SUM0_SUS0_SCIUI1_SPO1_SRVW0_SSO6_SVW1_SNLL0_TSGRA0_TSGRB0_TT1_32_TLDS1_UMLDSA0_UMLDSB1_U64SL1_USFGROn1_VAW1_VSn1_VW1_VWB1_VFLRP0_WSGRA0_WSGRB0_WS64_WG64_4_1_WGM12",27155,6448491137480400,6448491137487211,0,5120,256,1,1,256,1,4
"KERNEL_DISPATCH",1,1,234879,1132,997,"Cijk_Ailk_Bljk_DB_MT64x32x16_MI16x16x4x1_SN_1LDSB1_APM1_ABV0_ACED0_AF0EM2_AF1EM2_AMAS0_ASE_ASGT_ASLT_ASM_ASAE01_ASCE01_ASEM2_AAC0_BL1_BS1_CLR0_DTLA0_DTLB0_DTVA1_DTVB0_DVO0_ETSP_EPS1_ELFLR0_EMLL0_FSSC10_FL0_GLVWA1_GLVWB1_GRCGA1_GRCGB1_GRPM1_GRVW1_GSU1_GSUASB_GLS0_ISA942_IU1_K1_KLA_LBSPPA0_LBSPPB128_LPA0_LPB4_LDL1_LRVW2_LWPMn1_LDW0_FMA_MIAV1_MDA2_MO40_MMFSC_MKFGSU256_NTA0_NTB0_NTC3_NTD3_NEPBS0_NLCA1_NLCB1_ONLL1_OPLV0_PK0_PAP0_PGR2_PLR5_PKA0_SIA3_SLW1_SS1_SU0_SUM0_SUS0_SCIUI1_SPO1_SRVW0_SSO6_SVW1_SNLL0_TSGRA0_TSGRB0_TT1_32_TLDS1_UMLDSA0_UMLDSB1_U64SL1_USFGROn1_VAW1_VSn1_VW1_VWB1_VFLRP0_WSGRA0_WSGRB0_WS64_WG64_4_1_WGM12",27158,6448491137505158,6448491137512449,0,5120,256,1,1,256,1,4
"KERNEL_DISPATCH",1,1,234879,1133,997,"Cijk_Ailk_Bljk_DB_MT64x32x16_MI16x16x4x1_SN_1LDSB1_APM1_ABV0_ACED0_AF0EM2_AF1EM2_AMAS0_ASE_ASGT_ASLT_ASM_ASAE01_ASCE01_ASEM2_AAC0_BL1_BS1_CLR0_DTLA0_DTLB0_DTVA1_DTVB0_DVO0_ETSP_EPS1_ELFLR0_EMLL0_FSSC10_FL0_GLVWA1_GLVWB1_GRCGA1_GRCGB1_GRPM1_GRVW1_GSU1_GSUASB_GLS0_ISA942_IU1_K1_KLA_LBSPPA0_LBSPPB128_LPA0_LPB4_LDL1_LRVW2_LWPMn1_LDW0_FMA_MIAV1_MDA2_MO40_MMFSC_MKFGSU256_NTA0_NTB0_NTC3_NTD3_NEPBS0_NLCA1_NLCB1_ONLL1_OPLV0_PK0_PAP0_PGR2_PLR5_PKA0_SIA3_SLW1_SS1_SU0_SUM0_SUS0_SCIUI1_SPO1_SRVW0_SSO6_SVW1_SNLL0_TSGRA0_TSGRB0_TT1_32_TLDS1_UMLDSA0_UMLDSB1_U64SL1_USFGROn1_VAW1_VSn1_VW1_VWB1_VFLRP0_WSGRA0_WSGRB0_WS64_WG64_4_1_WGM12",27161,6448491137519705,6448491137524793,0,5120,256,1,1,256,1,4
"KERNEL_DISPATCH",1,1,234879,1134,997,"Cijk_Ailk_Bljk_DB_MT64x32x16_MI16x16x4x1_SN_1LDSB1_APM1_ABV0_ACED0_AF0EM2_AF1EM2_AMAS0_ASE_ASGT_ASLT_ASM_ASAE01_ASCE01_ASEM2_AAC0_BL1_BS1_CLR0_DTLA0_DTLB0_DTVA1_DTVB0_DVO0_ETSP_EPS1_ELFLR0_EMLL0_FSSC10_FL0_GLVWA1_GLVWB1_GRCGA1_GRCGB1_GRPM1_GRVW1_GSU1_GSUASB_GLS0_ISA942_IU1_K1_KLA_LBSPPA0_LBSPPB128_LPA0_LPB4_LDL1_LRVW2_LWPMn1_LDW0_FMA_MIAV1_MDA2_MO40_MMFSC_MKFGSU256_NTA0_NTB0_NTC3_NTD3_NEPBS0_NLCA1_NLCB1_ONLL1_OPLV0_PK0_PAP0_PGR2_PLR5_PKA0_SIA3_SLW1_SS1_SU0_SUM0_SUS0_SCIUI1_SPO1_SRVW0_SSO6_SVW1_SNLL0_TSGRA0_TSGRB0_TT1_32_TLDS1_UMLDSA0_UMLDSB1_U64SL1_USFGROn1_VAW1_VSn1_VW1_VWB1_VFLRP0_WSGRA0_WSGRB0_WS64_WG64_4_1_WGM12",27164,6448491137539090,6448491137543897,0,5120,256,1,1,256,1,4
"KERNEL_DISPATCH",1,1,234879,1135,970,"Cijk_Ailk_Bljk_DB_MT64x64x32_MI16x16x4x1_SN_1LDSB1_APM1_ABV0_ACED0_AF0EM2_AF1EM2_AMAS0_ASE_ASGT_ASLT_ASM_ASAE01_ASCE01_ASEM2_AAC0_BL1_BS1_CLR0_DTLA0_DTLB0_DTVA0_DTVB0_DVO0_ETSP_EPS1_ELFLR0_EMLL0_FSSC10_FL0_GLVWA1_GLVWB1_GRCGA1_GRCGB1_GRPM1_GRVW1_GSU1_GSUASB_GLS0_ISA942_IU1_K1_KLA_LBSPPA0_LBSPPB0_LPA0_LPB1_LDL1_LRVW1_LWPMn1_LDW0_FMA_MIAV1_MDA2_MO40_MMFSC_MKFGSU256_NTA0_NTB0_NTC3_NTD3_NEPBS0_NLCA1_NLCB1_ONLL1_OPLV0_PK0_PAP0_PGR2_PLR9_PKA0_SIA3_SLW1_SS1_SU0_SUM0_SUS0_SCIUI1_SPO1_SRVW0_SSO6_SVW1_SNLL0_TSGRA0_TSGRB0_TT2_32_TLDS0_UMLDSA0_UMLDSB0_U64SL1_USFGROn1_VAW1_VSn1_VW1_VWB1_VFLRP0_WSGRA0_WSGRB0_WS64_WG32_8_1_WGM6",27167,6448491137555916,6448491137562326,0,33024,256,1,1,256,1,4
"KERNEL_DISPATCH",1,1,234879,1136,970,"Cijk_Ailk_Bljk_DB_MT64x64x32_MI16x16x4x1_SN_1LDSB1_APM1_ABV0_ACED0_AF0EM2_AF1EM2_AMAS0_ASE_ASGT_ASLT_ASM_ASAE01_ASCE01_ASEM2_AAC0_BL1_BS1_CLR0_DTLA0_DTLB0_DTVA0_DTVB0_DVO0_ETSP_EPS1_ELFLR0_EMLL0_FSSC10_FL0_GLVWA1_GLVWB1_GRCGA1_GRCGB1_GRPM1_GRVW1_GSU1_GSUASB_GLS0_ISA942_IU1_K1_KLA_LBSPPA0_LBSPPB0_LPA0_LPB1_LDL1_LRVW1_LWPMn1_LDW0_FMA_MIAV1_MDA2_MO40_MMFSC_MKFGSU256_NTA0_NTB0_NTC3_NTD3_NEPBS0_NLCA1_NLCB1_ONLL1_OPLV0_PK0_PAP0_PGR2_PLR9_PKA0_SIA3_SLW1_SS1_SU0_SUM0_SUS0_SCIUI1_SPO1_SRVW0_SSO6_SVW1_SNLL0_TSGRA0_TSGRB0_TT2_32_TLDS0_UMLDSA0_UMLDSB0_U64SL1_USFGROn1_VAW1_VSn1_VW1_VWB1_VFLRP0_WSGRA0_WSGRB0_WS64_WG32_8_1_WGM6",27170,6448491137571820,6448491137580153,0,33024,256,1,1,256,1,4
"KERNEL_DISPATCH",1,1,234879,1137,1471,"void rocblas_copy_matrix_trsm<128, 8, double, double*, double*>(int, int, int, double*, int, long, double*, int, long, long, long, int)",27174,6448491137585281,6448491137596939,0,0,128,8,1,128,3584,1
"KERNEL_DISPATCH",1,1,234879,1138,1134,"Cijk_Ailk_Bljk_DB_MT128x32x16_MI16x16x4x1_SN_1LDSB1_APM1_ABV0_ACED0_AF0EM1_AF1EM1_AMAS3_ASE_ASGT_ASLT0257_ASM_ASAE01_ASCE01_ASEM1_AAC0_BL1_BS1_CLR0_DTLA0_DTLB0_DTVA1_DTVB0_DVO0_ETB_EPS1_ELFLR0_EMLL0_FSSC10_FL0_GLVWA2_GLVWB1_GRCGA1_GRCGB1_GRPM1_GRVWn1_GSU1_GSUASB_GLS0_ISA942_IU1_K1_KLA_LBSPPA0_LBSPPB128_LPA0_LPB4_LDL1_LRVW2_LWPMn1_LDW0_FMA_MIAV1_MDA2_MO40_MMFSC_MKFGSU256_NTA0_NTB0_NTC0_NTD0_NEPBS4_NLCA1_NLCB1_ONLL1_OPLV0_PK0_PAP0_PGR2_PLR5_PKA0_SIA3_SLW1_SS1_SU0_SUM0_SUS0_SCIUI1_SPO0_SRVW0_SSO0_SVW2_SNLL0_TSGRA0_TSGRB0_TT2_32_TLDS1_UMLDSA0_UMLDSB1_U64SL1_USFGROn1_VAW1_VSn1_VW2_VWB1_VFLRP0_WSGRA0_WSGRB0_WS64_WG64_4_1_WGM1",27178,6448491137613484,6448491137623299,0,5120,256,1,1,256,112,1
"KERNEL_DISPATCH",1,1,234879,1139,1134,"Cijk_Ailk_Bljk_DB_MT128x32x16_MI16x16x4x1_SN_1LDSB1_APM1_ABV0_ACED0_AF0EM1_AF1EM1_AMAS3_ASE_ASGT_ASLT0257_ASM_ASAE01_ASCE01_ASEM1_AAC0_BL1_BS1_CLR0_DTLA0_DTLB0_DTVA1_DTVB0_DVO0_ETB_EPS1_ELFLR0_EMLL0_FSSC10_FL0_GLVWA2_GLVWB1_GRCGA1_GRCGB1_GRPM1_GRVWn1_GSU1_GSUASB_GLS0_ISA942_IU1_K1_KLA_LBSPPA0_LBSPPB128_LPA0_LPB4_LDL1_LRVW2_LWPMn1_LDW0_FMA_MIAV1_MDA2_MO40_MMFSC_MKFGSU256_NTA0_NTB0_NTC0_NTD0_NEPBS4_NLCA1_NLCB1_ONLL1_OPLV0_PK0_PAP0_PGR2_PLR5_PKA0_SIA3_SLW1_SS1_SU0_SUM0_SUS0_SCIUI1_SPO0_SRVW0_SSO0_SVW2_SNLL0_TSGRA0_TSGRB0_TT2_32_TLDS1_UMLDSA0_UMLDSB1_U64SL1_USFGROn1_VAW1_VSn1_VW2_VWB1_VFLRP0_WSGRA0_WSGRB0_WS64_WG64_4_1_WGM1",27181,6448491137629749,6448491137639364,0,5120,256,1,1,256,112,1
"KERNEL_DISPATCH",1,1,234879,1140,1134,"Cijk_Ailk_Bljk_DB_MT128x32x16_MI16x16x4x1_SN_1LDSB1_APM1_ABV0_ACED0_AF0EM1_AF1EM1_AMAS3_ASE_ASGT_ASLT0257_ASM_ASAE01_ASCE01_ASEM1_AAC0_BL1_BS1_CLR0_DTLA0_DTLB0_DTVA1_DTVB0_DVO0_ETB_EPS1_ELFLR0_EMLL0_FSSC10_FL0_GLVWA2_GLVWB1_GRCGA1_GRCGB1_GRPM1_GRVWn1_GSU1_GSUASB_GLS0_ISA942_IU1_K1_KLA_LBSPPA0_LBSPPB128_LPA0_LPB4_LDL1_LRVW2_LWPMn1_LDW0_FMA_MIAV1_MDA2_MO40_MMFSC_MKFGSU256_NTA0_NTB0_NTC0_NTD0_NEPBS4_NLCA1_NLCB1_ONLL1_OPLV0_PK0_PAP0_PGR2_PLR5_PKA0_SIA3_SLW1_SS1_SU0_SUM0_SUS0_SCIUI1_SPO0_SRVW0_SSO0_SVW2_SNLL0_TSGRA0_TSGRB0_TT2_32_TLDS1_UMLDSA0_UMLDSB1_U64SL1_USFGROn1_VAW1_VSn1_VW2_VWB1_VFLRP0_WSGRA0_WSGRB0_WS64_WG64_4_1_WGM1",27184,6448491137645588,6448491137654522,0,5120,256,1,1,256,112,1
"KERNEL_DISPATCH",1,1,234879,1141,1134,"Cijk_Ailk_Bljk_DB_MT128x32x16_MI16x16x4x1_SN_1LDSB1_APM1_ABV0_ACED0_AF0EM1_AF1EM1_AMAS3_ASE_ASGT_ASLT0257_ASM_ASAE01_ASCE01_ASEM1_AAC0_BL1_BS1_CLR0_DTLA0_DTLB0_DTVA1_DTVB0_DVO0_ETB_EPS1_ELFLR0_EMLL0_FSSC10_FL0_GLVWA2_GLVWB1_GRCGA1_GRCGB1_GRPM1_GRVWn1_GSU1_GSUASB_GLS0_ISA942_IU1_K1_KLA_LBSPPA0_LBSPPB128_LPA0_LPB4_LDL1_LRVW2_LWPMn1_LDW0_FMA_MIAV1_MDA2_MO40_MMFSC_MKFGSU256_NTA0_NTB0_NTC0_NTD0_NEPBS4_NLCA1_NLCB1_ONLL1_OPLV0_PK0_PAP0_PGR2_PLR5_PKA0_SIA3_SLW1_SS1_SU0_SUM0_SUS0_SCIUI1_SPO0_SRVW0_SSO0_SVW2_SNLL0_TSGRA0_TSGRB0_TT2_32_TLDS1_UMLDSA0_UMLDSB1_U64SL1_USFGROn1_VAW1_VSn1_VW2_VWB1_VFLRP0_WSGRA0_WSGRB0_WS64_WG64_4_1_WGM1",27187,6448491137671092,6448491137682790,0,5120,256,1,1,256,112,1
"KERNEL_DISPATCH",1,1,234879,1142,1134,"Cijk_Ailk_Bljk_DB_MT128x32x16_MI16x16x4x1_SN_1LDSB1_APM1_ABV0_ACED0_AF0EM1_AF1EM1_AMAS3_ASE_ASGT_ASLT0257_ASM_ASAE01_ASCE01_ASEM1_AAC0_BL1_BS1_CLR0_DTLA0_DTLB0_DTVA1_DTVB0_DVO0_ETB_EPS1_ELFLR0_EMLL0_FSSC10_FL0_GLVWA2_GLVWB1_GRCGA1_GRCGB1_GRPM1_GRVWn1_GSU1_GSUASB_GLS0_ISA942_IU1_K1_KLA_LBSPPA0_LBSPPB128_LPA0_LPB4_LDL1_LRVW2_LWPMn1_LDW0_FMA_MIAV1_MDA2_MO40_MMFSC_MKFGSU256_NTA0_NTB0_NTC0_NTD0_NEPBS4_NLCA1_NLCB1_ONLL1_OPLV0_PK0_PAP0_PGR2_PLR5_PKA0_SIA3_SLW1_SS1_SU0_SUM0_SUS0_SCIUI1_SPO0_SRVW0_SSO0_SVW2_SNLL0_TSGRA0_TSGRB0_TT2_32_TLDS1_UMLDSA0_UMLDSB1_U64SL1_USFGROn1_VAW1_VSn1_VW2_VWB1_VFLRP0_WSGRA0_WSGRB0_WS64_WG64_4_1_WGM1",27190,6448491137685515,6448491137694248,0,5120,256,1,1,256,112,1
"KERNEL_DISPATCH",1,1,234879,1143,1134,"Cijk_Ailk_Bljk_DB_MT128x32x16_MI16x16x4x1_SN_1LDSB1_APM1_ABV0_ACED0_AF0EM1_AF1EM1_AMAS3_ASE_ASGT_ASLT0257_ASM_ASAE01_ASCE01_ASEM1_AAC0_BL1_BS1_CLR0_DTLA0_DTLB0_DTVA1_DTVB0_DVO0_ETB_EPS1_ELFLR0_EMLL0_FSSC10_FL0_GLVWA2_GLVWB1_GRCGA1_GRCGB1_GRPM1_GRVWn1_GSU1_GSUASB_GLS0_ISA942_IU1_K1_KLA_LBSPPA0_LBSPPB128_LPA0_LPB4_LDL1_LRVW2_LWPMn1_LDW0_FMA_MIAV1_MDA2_MO40_MMFSC_MKFGSU256_NTA0_NTB0_NTC0_NTD0_NEPBS4_NLCA1_NLCB1_ONLL1_OPLV0_PK0_PAP0_PGR2_PLR5_PKA0_SIA3_SLW1_SS1_SU0_SUM0_SUS0_SCIUI1_SPO0_SRVW0_SSO0_SVW2_SNLL0_TSGRA0_TSGRB0_TT2_32_TLDS1_UMLDSA0_UMLDSB1_U64SL1_USFGROn1_VAW1_VSn1_VW2_VWB1_VFLRP0_WSGRA0_WSGRB0_WS64_WG64_4_1_WGM1",27193,6448491137699656,6448491137713397,0,5120,256,1,1,256,112,1
"KERNEL_DISPATCH",1,1,234879,1144,1134,"Cijk_Ailk_Bljk_DB_MT128x32x16_MI16x16x4x1_SN_1LDSB1_APM1_ABV0_ACED0_AF0EM1_AF1EM1_AMAS3_ASE_ASGT_ASLT0257_ASM_ASAE01_ASCE01_ASEM1_AAC0_BL1_BS1_CLR0_DTLA0_DTLB0_DTVA1_DTVB0_DVO0_ETB_EPS1_ELFLR0_EMLL0_FSSC10_FL0_GLVWA2_GLVWB1_GRCGA1_GRCGB1_GRPM1_GRVWn1_GSU1_GSUASB_GLS0_ISA942_IU1_K1_KLA_LBSPPA0_LBSPPB128_LPA0_LPB4_LDL1_LRVW2_LWPMn1_LDW0_FMA_MIAV1_MDA2_MO40_MMFSC_MKFGSU256_NTA0_NTB0_NTC0_NTD0_NEPBS4_NLCA1_NLCB1_ONLL1_OPLV0_PK0_PAP0_PGR2_PLR5_PKA0_SIA3_SLW1_SS1_SU0_SUM0_SUS0_SCIUI1_SPO0_SRVW0_SSO0_SVW2_SNLL0_TSGRA0_TSGRB0_TT2_32_TLDS1_UMLDSA0_UMLDSB1_U64SL1_USFGROn1_VAW1_VSn1_VW2_VWB1_VFLRP0_WSGRA0_WSGRB0_WS64_WG64_4_1_WGM1",27196,6448491137720128,6448491137728941,0,5120,256,1,1,256,112,1
"KERNEL_DISPATCH",1,1,234879,1145,1080,"Cijk_Ailk_Bljk_DB_MT128x96x16_MI16x16x4x1_SN_1LDSB1_APM1_ABV0_ACED0_AF0EM1_AF1EM1_AMAS3_ASE_ASGT_ASLT_ASM_ASAE01_ASCE01_ASEM1_AAC0_BL1_BS1_CLR0_DTLA0_DTLB0_DTVA1_DTVB0_DVO0_ETSP_EPS1_ELFLR0_EMLL0_FSSC10_FL0_GLVWA2_GLVWB2_GRCGA1_GRCGB1_GRPM1_GRVWn1_GSU1_GSUASB_GLS0_ISA942_IU1_K1_KLA_LBSPPA0_LBSPPB128_LPA0_LPB2_LDL1_LRVW1_LWPMn1_LDW0_FMA_MIAV1_MDA2_MO40_MMFSC_MKFGSU256_NTA0_NTB0_NTC4_NTD4_NEPBS4_NLCA1_NLCB1_ONLL1_OPLV0_PK0_PAP0_PGR2_PLR1_PKA0_SIA3_SLW1_SS1_SU0_SUM0_SUS0_SCIUI1_SPO1_SRVW0_SSO4_SVW2_SNLL0_TSGRA0_TSGRB0_TT2_96_TLDS1_UMLDSA0_UMLDSB1_U64SL1_USFGROn1_VAW1_VSn1_VW2_VWB1_VFLRP0_WSGRA0_WSGRB0_WS64_WG64_4_1_WGM36",27199,6448491137738836,6448491138095964,0,13824,256,1,1,7168,38,1
"KERNEL_DISPATCH",1,1,234879,1146,68,"void rocsolver::v32802::getf2_npvt_small_kernel<16, double, int, int, double*>(int, double*, long, int, long, int*, int, int)",27202,6448491138094567,6448491138105864,0,136,512,1,1,512,1,1
"KERNEL_DISPATCH",1,1,234879,1147,185,"void rocsolver::v32802::unit_forward_substitution_kernel<double, int, double*>(int, int, double*, int, int, long, long, double*, int, int, long, long)",27207,6448491138107261,6448491138117477,0,512,16,64,1,16,512,1
"KERNEL_DISPATCH",1,1,234879,1148,904,"Cijk_Ailk_Bljk_DB_MT64x32x32_MI16x16x4x1_SN_1LDSB1_APM1_ABV0_ACED0_AF0EM2_AF1EM2_AMAS3_ASE_ASGT_ASLT_ASM_ASAE01_ASCE01_ASEM2_AAC0_BL1_BS1_CLR0_DTLA0_DTLB0_DTVA0_DTVB0_DVO0_ETSP_EPS1_ELFLR0_EMLL0_FSSC10_FL0_GLVWA2_GLVWB2_GRCGA1_GRCGB1_GRPM1_GRVW2_GSU1_GSUASB_GLS0_ISA942_IU1_K1_KLA_LBSPPA0_LBSPPB256_LPA0_LPB4_LDL1_LRVW2_LWPMn1_LDW0_FMA_MIAV1_MDA2_MO40_MMFSC_MKFGSU256_NTA0_NTB0_NTC3_NTD3_NEPBS0_NLCA1_NLCB1_ONLL1_OPLV0_PK0_PAP0_PGR2_PLR9_PKA0_SIA3_SLW1_SS1_SU0_SUM0_SUS0_SCIUI1_SPO1_SRVW0_SSO6_SVW2_SNLL0_TSGRA0_TSGRB0_TT2_16_TLDS1_UMLDSA0_UMLDSB1_U64SL1_USFGROn1_VAW1_VSn1_VW2_VWB1_VFLRP0_WSGRA0_WSGRB0_WS64_WG32_8_1_WGM6",27210,6448491138117477,6448491138124087,0,25600,256,1,1,2048,16,1
"KERNEL_DISPATCH",1,1,234879,1149,68,"void rocsolver::v32802::getf2_npvt_small_kernel<16, double, int, int, double*>(int, double*, long, int, long, int*, int, int)",27213,6448491138124087,6448491138134303,0,136,496,1,1,496,1,1
"KERNEL_DISPATCH",1,1,234879,1150,185,"void rocsolver::v32802::unit_forward_substitution_kernel<double, int, double*>(int, int, double*, int, int, long, long, double*, int, int, long, long)",27218,6448491138134303,6448491138143437,0,512,16,64,1,16,512,1
"KERNEL_DISPATCH",1,1,234879,1151,904,"Cijk_Ailk_Bljk_DB_MT64x32x32_MI16x16x4x1_SN_1LDSB1_APM1_ABV0_ACED0_AF0EM2_AF1EM2_AMAS3_ASE_ASGT_ASLT_ASM_ASAE01_ASCE01_ASEM2_AAC0_BL1_BS1_CLR0_DTLA0_DTLB0_DTVA0_DTVB0_DVO0_ETSP_EPS1_ELFLR0_EMLL0_FSSC10_FL0_GLVWA2_GLVWB2_GRCGA1_GRCGB1_GRPM1_GRVW2_GSU1_GSUASB_GLS0_ISA942_IU1_K1_KLA_LBSPPA0_LBSPPB256_LPA0_LPB4_LDL1_LRVW2_LWPMn1_LDW0_FMA_MIAV1_MDA2_MO40_MMFSC_MKFGSU256_NTA0_NTB0_NTC3_NTD3_NEPBS0_NLCA1_NLCB1_ONLL1_OPLV0_PK0_PAP0_PGR2_PLR9_PKA0_SIA3_SLW1_SS1_SU0_SUM0_SUS0_SCIUI1_SPO1_SRVW0_SSO6_SVW2_SNLL0_TSGRA0_TSGRB0_TT2_16_TLDS1_UMLDSA0_UMLDSB1_U64SL1_USFGROn1_VAW1_VSn1_VW2_VWB1_VFLRP0_WSGRA0_WSGRB0_WS64_WG32_8_1_WGM6",27221,6448491138143437,6448491138147723,0,25600,256,1,1,2048,15,1
"KERNEL_DISPATCH",1,1,234879,1152,68,"void rocsolver::v32802::getf2_npvt_small_kernel<16, double, int, int, double*>(int, double*, long, int, long, int*, int, int)",27224,6448491138147723,6448491138158380,0,136,480,1,1,480,1,1
"KERNEL_DISPATCH",1,1,234879,1153,185,"void rocsolver::v32802::unit_forward_substitution_kernel<double, int, double*>(int, int, double*, int, int, long, long, double*, int, int, long, long)",27229,6448491138158380,6448491138168155,0,512,16,64,1,16,512,1
"KERNEL_DISPATCH",1,1,234879,1154,904,"Cijk_Ailk_Bljk_DB_MT64x32x32_MI16x16x4x1_SN_1LDSB1_APM1_ABV0_ACED0_AF0EM2_AF1EM2_AMAS3_ASE_ASGT_ASLT_ASM_ASAE01_ASCE01_ASEM2_AAC0_BL1_BS1_CLR0_DTLA0_DTLB0_DTVA0_DTVB0_DVO0_ETSP_EPS1_ELFLR0_EMLL0_FSSC10_FL0_GLVWA2_GLVWB2_GRCGA1_GRCGB1_GRPM1_GRVW2_GSU1_GSUASB_GLS0_ISA942_IU1_K1_KLA_LBSPPA0_LBSPPB256_LPA0_LPB4_LDL1_LRVW2_LWPMn1_LDW0_FMA_MIAV1_MDA2_MO40_MMFSC_MKFGSU256_NTA0_NTB0_NTC3_NTD3_NEPBS0_NLCA1_NLCB1_ONLL1_OPLV0_PK0_PAP0_PGR2_PLR9_PKA0_SIA3_SLW1_SS1_SU0_SUM0_SUS0_SCIUI1_SPO1_SRVW0_SSO6_SVW2_SNLL0_TSGRA0_TSGRB0_TT2_16_TLDS1_UMLDSA0_UMLDSB1_U64SL1_USFGROn1_VAW1_VSn1_VW2_VWB1_VFLRP0_WSGRA0_WSGRB0_WS64_WG32_8_1_WGM6",27232,6448491138168155,6448491138173883,0,25600,256,1,1,2048,15,1
"KERNEL_DISPATCH",1,1,234879,1156,185,"void rocsolver::v32802::unit_forward_substitution_kernel<double, int, double*>(int, int, double*, int, int, long, long, double*, int, int, long, long)",27240,6448491138183658,6448491138193273,0,512,16,64,1,16,448,1
"KERNEL_DISPATCH",1,1,234879,1155,68,"void rocsolver::v32802::getf2_npvt_small_kernel<16, double, int, int, double*>(int, double*, long, int, long, int*, int, int)",27235,6448491138173883,6448491138183658,0,136,464,1,1,464,1,1
"KERNEL_DISPATCH",1,1,234879,1158,68,"void rocsolver::v32802::getf2_npvt_small_kernel<16, double, int, int, double*>(int, double*, long, int, long, int*, int, int)",27246,6448491138197399,6448491138206974,0,136,448,1,1,448,1,1
"KERNEL_DISPATCH",1,1,234879,1157,904,"Cijk_Ailk_Bljk_DB_MT64x32x32_MI16x16x4x1_SN_1LDSB1_APM1_ABV0_ACED0_AF0EM2_AF1EM2_AMAS3_ASE_ASGT_ASLT_ASM_ASAE01_ASCE01_ASEM2_AAC0_BL1_BS1_CLR0_DTLA0_DTLB0_DTVA0_DTVB0_DVO0_ETSP_EPS1_ELFLR0_EMLL0_FSSC10_FL0_GLVWA2_GLVWB2_GRCGA1_GRCGB1_GRPM1_GRVW2_GSU1_GSUASB_GLS0_ISA942_IU1_K1_KLA_LBSPPA0_LBSPPB256_LPA0_LPB4_LDL1_LRVW2_LWPMn1_LDW0_FMA_MIAV1_MDA2_MO40_MMFSC_MKFGSU256_NTA0_NTB0_NTC3_NTD3_NEPBS0_NLCA1_NLCB1_ONLL1_OPLV0_PK0_PAP0_PGR2_PLR9_PKA0_SIA3_SLW1_SS1_SU0_SUM0_SUS0_SCIUI1_SPO1_SRVW0_SSO6_SVW2_SNLL0_TSGRA0_TSGRB0_TT2_16_TLDS1_UMLDSA0_UMLDSB1_U64SL1_USFGROn1_VAW1_VSn1_VW2_VWB1_VFLRP0_WSGRA0_WSGRB0_WS64_WG32_8_1_WGM6",27243,6448491138193273,6448491138197399,0,25600,256,1,1,1792,14,1
"KERNEL_DISPATCH",1,1,234879,1160,904,"Cijk_Ailk_Bljk_DB_MT64x32x32_MI16x16x4x1_SN_1LDSB1_APM1_ABV0_ACED0_AF0EM2_AF1EM2_AMAS3_ASE_ASGT_ASLT_ASM_ASAE01_ASCE01_ASEM2_AAC0_BL1_BS1_CLR0_DTLA0_DTLB0_DTVA0_DTVB0_DVO0_ETSP_EPS1_ELFLR0_EMLL0_FSSC10_FL0_GLVWA2_GLVWB2_GRCGA1_GRCGB1_GRPM1_GRVW2_GSU1_GSUASB_GLS0_ISA942_IU1_K1_KLA_LBSPPA0_LBSPPB256_LPA0_LPB4_LDL1_LRVW2_LWPMn1_LDW0_FMA_MIAV1_MDA2_MO40_MMFSC_MKFGSU256_NTA0_NTB0_NTC3_NTD3_NEPBS0_NLCA1_NLCB1_ONLL1_OPLV0_PK0_PAP0_PGR2_PLR9_PKA0_SIA3_SLW1_SS1_SU0_SUM0_SUS0_SCIUI1_SPO1_SRVW0_SSO6_SVW2_SNLL0_TSGRA0_TSGRB0_TT2_16_TLDS1_UMLDSA0_UMLDSB1_U64SL1_USFGROn1_VAW1_VSn1_VW2_VWB1_VFLRP0_WSGRA0_WSGRB0_WS64_WG32_8_1_WGM6",27254,6448491138216469,6448491138222278,0,25600,256,1,1,1792,14,1
"KERNEL_DISPATCH",1,1,234879,1159,185,"void rocsolver::v32802::unit_forward_substitution_kernel<double, int, double*>(int, int, double*, int, int, long, long, double*, int, int, long, long)",27251,6448491138206974,6448491138216469,0,512,16,64,1,16,448,1
"KERNEL_DISPATCH",1,1,234879,1161,68,"void rocsolver::v32802::getf2_npvt_small_kernel<16, double, int, int, double*>(int, double*, long, int, long, int*, int, int)",27257,6448491138222278,6448491138231452,0,136,432,1,1,432,1,1
"KERNEL_DISPATCH",1,1,234879,1166,904,"Cijk_Ailk_Bljk_DB_MT64x32x32_MI16x16x4x1_SN_1LDSB1_APM1_ABV0_ACED0_AF0EM2_AF1EM2_AMAS3_ASE_ASGT_ASLT_ASM_ASAE01_ASCE01_ASEM2_AAC0_BL1_BS1_CLR0_DTLA0_DTLB0_DTVA0_DTVB0_DVO0_ETSP_EPS1_ELFLR0_EMLL0_FSSC10_FL0_GLVWA2_GLVWB2_GRCGA1_GRCGB1_GRPM1_GRVW2_GSU1_GSUASB_GLS0_ISA942_IU1_K1_KLA_LBSPPA0_LBSPPB256_LPA0_LPB4_LDL1_LRVW2_LWPMn1_LDW0_FMA_MIAV1_MDA2_MO40_MMFSC_MKFGSU256_NTA0_NTB0_NTC3_NTD3_NEPBS0_NLCA1_NLCB1_ONLL1_OPLV0_PK0_PAP0_PGR2_PLR9_PKA0_SIA3_SLW1_SS1_SU0_SUM0_SUS0_SCIUI1_SPO1_SRVW0_SSO6_SVW2_SNLL0_TSGRA0_TSGRB0_TT2_16_TLDS1_UMLDSA0_UMLDSB1_U64SL1_USFGROn1_VAW1_VSn1_VW2_VWB1_VFLRP0_WSGRA0_WSGRB0_WS64_WG32_8_1_WGM6",27276,6448491138262474,6448491138266600,0,25600,256,1,1,1792,13,1
"KERNEL_DISPATCH",1,1,234879,1164,68,"void rocsolver::v32802::getf2_npvt_small_kernel<16, double, int, int, double*>(int, double*, long, int, long, int*, int, int)",27268,6448491138244432,6448491138253686,0,136,416,1,1,416,1,1
"KERNEL_DISPATCH",1,1,234879,1163,904,"Cijk_Ailk_Bljk_DB_MT64x32x32_MI16x16x4x1_SN_1LDSB1_APM1_ABV0_ACED0_AF0EM2_AF1EM2_AMAS3_ASE_ASGT_ASLT_ASM_ASAE01_ASCE01_ASEM2_AAC0_BL1_BS1_CLR0_DTLA0_DTLB0_DTVA0_DTVB0_DVO0_ETSP_EPS1_ELFLR0_EMLL0_FSSC10_FL0_GLVWA2_GLVWB2_GRCGA1_GRCGB1_GRPM1_GRVW2_GSU1_GSUASB_GLS0_ISA942_IU1_K1_KLA_LBSPPA0_LBSPPB256_LPA0_LPB4_LDL1_LRVW2_LWPMn1_LDW0_FMA_MIAV1_MDA2_MO40_MMFSC_MKFGSU256_NTA0_NTB0_NTC3_NTD3_NEPBS0_NLCA1_NLCB1_ONLL1_OPLV0_PK0_PAP0_PGR2_PLR9_PKA0_SIA3_SLW1_SS1_SU0_SUM0_SUS0_SCIUI1_SPO1_SRVW0_SSO6_SVW2_SNLL0_TSGRA0_TSGRB0_TT2_16_TLDS1_UMLDSA0_UMLDSB1_U64SL1_USFGROn1_VAW1_VSn1_VW2_VWB1_VFLRP0_WSGRA0_WSGRB0_WS64_WG32_8_1_WGM6",27265,6448491138240425,6448491138244432,0,25600,256,1,1,1792,13,1
"KERNEL_DISPATCH",1,1,234879,1165,185,"void rocsolver::v32802::unit_forward_substitution_kernel<double, int, double*>(int, int, double*, int, int, long, long, double*, int, int, long, long)",27273,6448491138253686,6448491138263581,0,512,16,64,1,16,448,1
"KERNEL_DISPATCH",1,1,234879,1162,185,"void rocsolver::v32802::unit_forward_substitution_kernel<double, int, double*>(int, int, double*, int, int, long, long, double*, int, int, long, long)",27262,6448491138231452,6448491138240425,0,512,16,64,1,16,448,1
"KERNEL_DISPATCH",1,1,234879,1167,68,"void rocsolver::v32802::getf2_npvt_small_kernel<16, double, int, int, double*>(int, double*, long, int, long, int*, int, int)",27279,6448491138267707,6448491138277162,0,136,400,1,1,400,1,1
"KERNEL_DISPATCH",1,1,234879,1171,185,"void rocsolver::v32802::unit_forward_substitution_kernel<double, int, double*>(int, int, double*, int, int, long, long, double*, int, int, long, long)",27295,6448491138299316,6448491138308610,0,512,16,64,1,16,384,1
"KERNEL_DISPATCH",1,1,234879,1170,68,"void rocsolver::v32802::getf2_npvt_small_kernel<16, double, int, int, double*>(int, double*, long, int, long, int*, int, int)",27290,6448491138290582,6448491138299316,0,136,384,1,1,384,1,1
"KERNEL_DISPATCH",1,1,234879,1169,904,"Cijk_Ailk_Bljk_DB_MT64x32x32_MI16x16x4x1_SN_1LDSB1_APM1_ABV0_ACED0_AF0EM2_AF1EM2_AMAS3_ASE_ASGT_ASLT_ASM_ASAE01_ASCE01_ASEM2_AAC0_BL1_BS1_CLR0_DTLA0_DTLB0_DTVA0_DTVB0_DVO0_ETSP_EPS1_ELFLR0_EMLL0_FSSC10_FL0_GLVWA2_GLVWB2_GRCGA1_GRCGB1_GRPM1_GRVW2_GSU1_GSUASB_GLS0_ISA942_IU1_K1_KLA_LBSPPA0_LBSPPB256_LPA0_LPB4_LDL1_LRVW2_LWPMn1_LDW0_FMA_MIAV1_MDA2_MO40_MMFSC_MKFGSU256_NTA0_NTB0_NTC3_NTD3_NEPBS0_NLCA1_NLCB1_ONLL1_OPLV0_PK0_PAP0_PGR2_PLR9_PKA0_SIA3_SLW1_SS1_SU0_SUM0_SUS0_SCIUI1_SPO1_SRVW0_SSO6_SVW2_SNLL0_TSGRA0_TSGRB0_TT2_16_TLDS1_UMLDSA0_UMLDSB1_U64SL1_USFGROn1_VAW1_VSn1_VW2_VWB1_VFLRP0_WSGRA0_WSGRB0_WS64_WG32_8_1_WGM6",27287,6448491138286977,6448491138290582,0,25600,256,1,1,1536,12,1
"KERNEL_DISPATCH",1,1,234879,1168,185,"void rocsolver::v32802::unit_forward_substitution_kernel<double, int, double*>(int, int, double*, int, int, long, long, double*, int, int, long, long)",27284,6448491138277162,6448491138286977,0,512,16,64,1,16,384,1
"KERNEL_DISPATCH",1,1,234879,1172,820,"Cijk_Ailk_Bljk_DB_MT128x64x16_MI16x16x4x1_SN_1LDSB1_APM1_ABV0_ACED0_AF0EM2_AF1EM2_AMAS3_ASE_ASGT_ASLT_ASM_ASAE01_ASCE01_ASEM2_AAC0_BL1_BS1_CLR0_DTLA0_DTLB0_DTVA1_DTVB0_DVO0_ETSP_EPS1_ELFLR0_EMLL0_FSSC10_FL0_GLVWA2_GLVWB2_GRCGA1_GRCGB1_GRPM1_GRVW2_GSU1_GSUASB_GLS0_ISA942_IU1_K1_KLA_LBSPPA0_LBSPPB0_LPA0_LPB2_LDL1_LRVW1_LWPMn1_LDW0_FMA_MIAV1_MDA2_MO40_MMFSC_MKFGSU256_NTA0_NTB0_NTC3_NTD3_NEPBS4_NLCA1_NLCB1_ONLL1_OPLV0_PK0_PAP0_PGR2_PLR1_PKA0_SIA3_SLW1_SS1_SU0_SUM0_SUS0_SCIUI1_SPO1_SRVW0_SSO6_SVW2_SNLL0_TSGRA0_TSGRB0_TT2_64_TLDS0_UMLDSA0_UMLDSB0_U64SL1_USFGROn1_VAW1_VSn1_VW2_VWB1_VFLRP0_WSGRA0_WSGRB0_WS64_WG64_4_1_WGM12",27298,6448491138322792,6448491138332607,0,8448,256,1,1,768,6,1
"KERNEL_DISPATCH",1,1,234879,1173,68,"void rocsolver::v32802::getf2_npvt_small_kernel<16, double, int, int, double*>(int, double*, long, int, long, int*, int, int)",27301,6448491138334810,6448491138343824,0,136,368,1,1,368,1,1
"KERNEL_DISPATCH",1,1,234879,1174,185,"void rocsolver::v32802::unit_forward_substitution_kernel<double, int, double*>(int, int, double*, int, int, long, long, double*, int, int, long, long)",27306,6448491138353279,6448491138363174,0,512,16,64,1,16,384,1
"KERNEL_DISPATCH",1,1,234879,1175,820,"Cijk_Ailk_Bljk_DB_MT128x64x16_MI16x16x4x1_SN_1LDSB1_APM1_ABV0_ACED0_AF0EM2_AF1EM2_AMAS3_ASE_ASGT_ASLT_ASM_ASAE01_ASCE01_ASEM2_AAC0_BL1_BS1_CLR0_DTLA0_DTLB0_DTVA1_DTVB0_DVO0_ETSP_EPS1_ELFLR0_EMLL0_FSSC10_FL0_GLVWA2_GLVWB2_GRCGA1_GRCGB1_GRPM1_GRVW2_GSU1_GSUASB_GLS0_ISA942_IU1_K1_KLA_LBSPPA0_LBSPPB0_LPA0_LPB2_LDL1_LRVW1_LWPMn1_LDW0_FMA_MIAV1_MDA2_MO40_MMFSC_MKFGSU256_NTA0_NTB0_NTC3_NTD3_NEPBS4_NLCA1_NLCB1_ONLL1_OPLV0_PK0_PAP0_PGR2_PLR1_PKA0_SIA3_SLW1_SS1_SU0_SUM0_SUS0_SCIUI1_SPO1_SRVW0_SSO6_SVW2_SNLL0_TSGRA0_TSGRB0_TT2_64_TLDS0_UMLDSA0_UMLDSB0_U64SL1_USFGROn1_VAW1_VSn1_VW2_VWB1_VFLRP0_WSGRA0_WSGRB0_WS64_WG64_4_1_WGM12",27309,6448491138373750,6448491138381081,0,8448,256,1,1,768,6,1
"KERNEL_DISPATCH",1,1,234879,1176,68,"void rocsolver::v32802::getf2_npvt_small_kernel<16, double, int, int, double*>(int, double*, long, int, long, int*, int, int)",27312,6448491138386690,6448491138396024,0,136,352,1,1,352,1,1
"KERNEL_DISPATCH",1,1,234879,1177,185,"void rocsolver::v32802::unit_forward_substitution_kernel<double, int, double*>(int, int, double*, int, int, long, long, double*, int, int, long, long)",27317,6448491138403996,6448491138414733,0,512,16,64,1,16,384,1
"KERNEL_DISPATCH",1,1,234879,1178,820,"Cijk_Ailk_Bljk_DB_MT128x64x16_MI16x16x4x1_SN_1LDSB1_APM1_ABV0_ACED0_AF0EM2_AF1EM2_AMAS3_ASE_ASGT_ASLT_ASM_ASAE01_ASCE01_ASEM2_AAC0_BL1_BS1_CLR0_DTLA0_DTLB0_DTVA1_DTVB0_DVO0_ETSP_EPS1_ELFLR0_EMLL0_FSSC10_FL0_GLVWA2_GLVWB2_GRCGA1_GRCGB1_GRPM1_GRVW2_GSU1_GSUASB_GLS0_ISA942_IU1_K1_KLA_LBSPPA0_LBSPPB0_LPA0_LPB2_LDL1_LRVW1_LWPMn1_LDW0_FMA_MIAV1_MDA2_MO40_MMFSC_MKFGSU256_NTA0_NTB0_NTC3_NTD3_NEPBS4_NLCA1_NLCB1_ONLL1_OPLV0_PK0_PAP0_PGR2_PLR1_PKA0_SIA3_SLW1_SS1_SU0_SUM0_SUS0_SCIUI1_SPO1_SRVW0_SSO6_SVW2_SNLL0_TSGRA0_TSGRB0_TT2_64_TLDS0_UMLDSA0_UMLDSB0_U64SL1_USFGROn1_VAW1_VSn1_VW2_VWB1_VFLRP0_WSGRA0_WSGRB0_WS64_WG64_4_1_WGM12",27320,6448491138422905,6448491138429475,0,8448,256,1,1,768,6,1
"KERNEL_DISPATCH",1,1,234879,1179,68,"void rocsolver::v32802::getf2_npvt_small_kernel<16, double, int, int, double*>(int, double*, long, int, long, int*, int, int)",27323,6448491138437528,6448491138446542,0,136,336,1,1,336,1,1
"KERNEL_DISPATCH",1,1,234879,1180,185,"void rocsolver::v32802::unit_forward_substitution_kernel<double, int, double*>(int, int, double*, int, int, long, long, double*, int, int, long, long)",27328,6448491138452671,6448491138462766,0,512,16,64,1,16,320,1
"KERNEL_DISPATCH",1,1,234879,1181,820,"Cijk_Ailk_Bljk_DB_MT128x64x16_MI16x16x4x1_SN_1LDSB1_APM1_ABV0_ACED0_AF0EM2_AF1EM2_AMAS3_ASE_ASGT_ASLT_ASM_ASAE01_ASCE01_ASEM2_AAC0_BL1_BS1_CLR0_DTLA0_DTLB0_DTVA1_DTVB0_DVO0_ETSP_EPS1_ELFLR0_EMLL0_FSSC10_FL0_GLVWA2_GLVWB2_GRCGA1_GRCGB1_GRPM1_GRVW2_GSU1_GSUASB_GLS0_ISA942_IU1_K1_KLA_LBSPPA0_LBSPPB0_LPA0_LPB2_LDL1_LRVW1_LWPMn1_LDW0_FMA_MIAV1_MDA2_MO40_MMFSC_MKFGSU256_NTA0_NTB0_NTC3_NTD3_NEPBS4_NLCA1_NLCB1_ONLL1_OPLV0_PK0_PAP0_PGR2_PLR1_PKA0_SIA3_SLW1_SS1_SU0_SUM0_SUS0_SCIUI1_SPO1_SRVW0_SSO6_SVW2_SNLL0_TSGRA0_TSGRB0_TT2_64_TLDS0_UMLDSA0_UMLDSB0_U64SL1_USFGROn1_VAW1_VSn1_VW2_VWB1_VFLRP0_WSGRA0_WSGRB0_WS64_WG64_4_1_WGM12",27331,6448491138471660,6448491138478190,0,8448,256,1,1,768,5,1
"KERNEL_DISPATCH",1,1,234879,1182,68,"void rocsolver::v32802::getf2_npvt_small_kernel<16, double, int, int, double*>(int, double*, long, int, long, int*, int, int)",27334,6448491138483833,6448491138492767,0,136,320,1,1,320,1,1
"KERNEL_DISPATCH",1,1,234879,1183,185,"void rocsolver::v32802::unit_forward_substitution_kernel<double, int, double*>(int, int, double*, int, int, long, long, double*, int, int, long, long)",27339,6448491138502703,6448491138512237,0,512,16,64,1,16,320,1
"KERNEL_DISPATCH",1,1,234879,1184,820,"Cijk_Ailk_Bljk_DB_MT128x64x16_MI16x16x4x1_SN_1LDSB1_APM1_ABV0_ACED0_AF0EM2_AF1EM2_AMAS3_ASE_ASGT_ASLT_ASM_ASAE01_ASCE01_ASEM2_AAC0_BL1_BS1_CLR0_DTLA0_DTLB0_DTVA1_DTVB0_DVO0_ETSP_EPS1_ELFLR0_EMLL0_FSSC10_FL0_GLVWA2_GLVWB2_GRCGA1_GRCGB1_GRPM1_GRVW2_GSU1_GSUASB_GLS0_ISA942_IU1_K1_KLA_LBSPPA0_LBSPPB0_LPA0_LPB2_LDL1_LRVW1_LWPMn1_LDW0_FMA_MIAV1_MDA2_MO40_MMFSC_MKFGSU256_NTA0_NTB0_NTC3_NTD3_NEPBS4_NLCA1_NLCB1_ONLL1_OPLV0_PK0_PAP0_PGR2_PLR1_PKA0_SIA3_SLW1_SS1_SU0_SUM0_SUS0_SCIUI1_SPO1_SRVW0_SSO6_SVW2_SNLL0_TSGRA0_TSGRB0_TT2_64_TLDS0_UMLDSA0_UMLDSB0_U64SL1_USFGROn1_VAW1_VSn1_VW2_VWB1_VFLRP0_WSGRA0_WSGRB0_WS64_WG64_4_1_WGM12",27342,6448491138518812,6448491138526264,0,8448,256,1,1,768,5,1
"KERNEL_DISPATCH",1,1,234879,1185,68,"void rocsolver::v32802::getf2_npvt_small_kernel<16, double, int, int, double*>(int, double*, long, int, long, int*, int, int)",27345,6448491138530951,6448491138541327,0,136,304,1,1,304,1,1
"KERNEL_DISPATCH",1,1,234879,1186,185,"void rocsolver::v32802::unit_forward_substitution_kernel<double, int, double*>(int, int, double*, int, int, long, long, double*, int, int, long, long)",27350,6448491138543170,6448491138551743,0,512,16,64,1,16,320,1
"KERNEL_DISPATCH",1,1,234879,1187,820,"Cijk_Ailk_Bljk_DB_MT128x64x16_MI16x16x4x1_SN_1LDSB1_APM1_ABV0_ACED0_AF0EM2_AF1EM2_AMAS3_ASE_ASGT_ASLT_ASM_ASAE01_ASCE01_ASEM2_AAC0_BL1_BS1_CLR0_DTLA0_DTLB0_DTVA1_DTVB0_DVO0_ETSP_EPS1_ELFLR0_EMLL0_FSSC10_FL0_GLVWA2_GLVWB2_GRCGA1_GRCGB1_GRPM1_GRVW2_GSU1_GSUASB_GLS0_ISA942_IU1_K1_KLA_LBSPPA0_LBSPPB0_LPA0_LPB2_LDL1_LRVW1_LWPMn1_LDW0_FMA_MIAV1_MDA2_MO40_MMFSC_MKFGSU256_NTA0_NTB0_NTC3_NTD3_NEPBS4_NLCA1_NLCB1_ONLL1_OPLV0_PK0_PAP0_PGR2_PLR1_PKA0_SIA3_SLW1_SS1_SU0_SUM0_SUS0_SCIUI1_SPO1_SRVW0_SSO6_SVW2_SNLL0_TSGRA0_TSGRB0_TT2_64_TLDS0_UMLDSA0_UMLDSB0_U64SL1_USFGROn1_VAW1_VSn1_VW2_VWB1_VFLRP0_WSGRA0_WSGRB0_WS64_WG64_4_1_WGM12",27353,6448491138565444,6448491138571493,0,8448,256,1,1,768,5,1
"KERNEL_DISPATCH",1,1,234879,1188,68,"void rocsolver::v32802::getf2_npvt_small_kernel<16, double, int, int, double*>(int, double*, long, int, long, int*, int, int)",27356,6448491138575740,6448491138585074,0,136,288,1,1,288,1,1
"KERNEL_DISPATCH",1,1,234879,1189,185,"void rocsolver::v32802::unit_forward_substitution_kernel<double, int, double*>(int, int, double*, int, int, long, long, double*, int, int, long, long)",27361,6448491138589240,6448491138599456,0,512,16,64,1,16,320,1
"KERNEL_DISPATCH",1,1,234879,1190,773,"Cijk_Ailk_Bljk_DB_MT64x64x16_MI16x16x4x1_SN_1LDSB1_APM1_ABV0_ACED0_AF0EM2_AF1EM2_AMAS3_ASE_ASGT_ASLT_ASM_ASAE01_ASCE01_ASEM2_AAC0_BL1_BS1_CLR0_DTLA0_DTLB0_DTVA0_DTVB0_DVO0_ETSP_EPS1_ELFLR0_EMLL0_FSSC10_FL0_GLVWA2_GLVWB2_GRCGA1_GRCGB1_GRPM1_GRVW2_GSU1_GSUASB_GLS0_ISA942_IU1_K1_KLA_LBSPPA0_LBSPPB128_LPA0_LPB2_LDL1_LRVW1_LWPMn1_LDW0_FMA_MIAV1_MDA2_MO40_MMFSC_MKFGSU256_NTA0_NTB0_NTC3_NTD3_NEPBS4_NLCA1_NLCB1_ONLL1_OPLV0_PK0_PAP0_PGR2_PLR5_PKA0_SIA3_SLW1_SS1_SU0_SUM0_SUS0_SCIUI1_SPO1_SRVW0_SSO6_SVW2_SNLL0_TSGRA0_TSGRB0_TT2_32_TLDS1_UMLDSA0_UMLDSB1_U64SL1_USFGROn1_VAW1_VSn1_VW2_VWB1_VFLRP0_WSGRA0_WSGRB0_WS64_WG32_8_1_WGM6",27364,6448491138607588,6448491138613918,0,17408,256,1,1,1280,5,1
"KERNEL_DISPATCH",1,1,234879,1191,68,"void rocsolver::v32802::getf2_npvt_small_kernel<16, double, int, int, double*>(int, double*, long, int, long, int*, int, int)",27367,6448491138617243,6448491138626297,0,136,272,1,1,272,1,1
"KERNEL_DISPATCH",1,1,234879,1192,185,"void rocsolver::v32802::unit_forward_substitution_kernel<double, int, double*>(int, int, double*, int, int, long, long, double*, int, int, long, long)",27372,6448491138630544,6448491138641160,0,512,16,64,1,16,256,1
"KERNEL_DISPATCH",1,1,234879,1193,773,"Cijk_Ailk_Bljk_DB_MT64x64x16_MI16x16x4x1_SN_1LDSB1_APM1_ABV0_ACED0_AF0EM2_AF1EM2_AMAS3_ASE_ASGT_ASLT_ASM_ASAE01_ASCE01_ASEM2_AAC0_BL1_BS1_CLR0_DTLA0_DTLB0_DTVA0_DTVB0_DVO0_ETSP_EPS1_ELFLR0_EMLL0_FSSC10_FL0_GLVWA2_GLVWB2_GRCGA1_GRCGB1_GRPM1_GRVW2_GSU1_GSUASB_GLS0_ISA942_IU1_K1_KLA_LBSPPA0_LBSPPB128_LPA0_LPB2_LDL1_LRVW1_LWPMn1_LDW0_FMA_MIAV1_MDA2_MO40_MMFSC_MKFGSU256_NTA0_NTB0_NTC3_NTD3_NEPBS4_NLCA1_NLCB1_ONLL1_OPLV0_PK0_PAP0_PGR2_PLR5_PKA0_SIA3_SLW1_SS1_SU0_SUM0_SUS0_SCIUI1_SPO1_SRVW0_SSO6_SVW2_SNLL0_TSGRA0_TSGRB0_TT2_32_TLDS1_UMLDSA0_UMLDSB1_U64SL1_USFGROn1_VAW1_VSn1_VW2_VWB1_VFLRP0_WSGRA0_WSGRB0_WS64_WG32_8_1_WGM6",27375,6448491138647705,6448491138653073,0,17408,256,1,1,1024,4,1
"KERNEL_DISPATCH",1,1,234879,1194,68,"void rocsolver::v32802::getf2_npvt_small_kernel<16, double, int, int, double*>(int, double*, long, int, long, int*, int, int)",27378,6448491138661591,6448491138670044,0,136,256,1,1,256,1,1
"KERNEL_DISPATCH",1,1,234879,1195,185,"void rocsolver::v32802::unit_forward_substitution_kernel<double, int, double*>(int, int, double*, int, int, long, long, double*, int, int, long, long)",27383,6448491138674731,6448491138684026,0,512,16,64,1,16,256,1
"KERNEL_DISPATCH",1,1,234879,1196,773,"Cijk_Ailk_Bljk_DB_MT64x64x16_MI16x16x4x1_SN_1LDSB1_APM1_ABV0_ACED0_AF0EM2_AF1EM2_AMAS3_ASE_ASGT_ASLT_ASM_ASAE01_ASCE01_ASEM2_AAC0_BL1_BS1_CLR0_DTLA0_DTLB0_DTVA0_DTVB0_DVO0_ETSP_EPS1_ELFLR0_EMLL0_FSSC10_FL0_GLVWA2_GLVWB2_GRCGA1_GRCGB1_GRPM1_GRVW2_GSU1_GSUASB_GLS0_ISA942_IU1_K1_KLA_LBSPPA0_LBSPPB128_LPA0_LPB2_LDL1_LRVW1_LWPMn1_LDW0_FMA_MIAV1_MDA2_MO40_MMFSC_MKFGSU256_NTA0_NTB0_NTC3_NTD3_NEPBS4_NLCA1_NLCB1_ONLL1_OPLV0_PK0_PAP0_PGR2_PLR5_PKA0_SIA3_SLW1_SS1_SU0_SUM0_SUS0_SCIUI1_SPO1_SRVW0_SSO6_SVW2_SNLL0_TSGRA0_TSGRB0_TT2_32_TLDS1_UMLDSA0_UMLDSB1_U64SL1_USFGROn1_VAW1_VSn1_VW2_VWB1_VFLRP0_WSGRA0_WSGRB0_WS64_WG32_8_1_WGM6",27386,6448491138694165,6448491138699574,0,17408,256,1,1,1024,4,1
"KERNEL_DISPATCH",1,1,234879,1197,68,"void rocsolver::v32802::getf2_npvt_small_kernel<16, double, int, int, double*>(int, double*, long, int, long, int*, int, int)",27389,6448491138705178,6448491138713351,0,136,240,1,1,240,1,1
"KERNEL_DISPATCH",1,1,234879,1198,185,"void rocsolver::v32802::unit_forward_substitution_kernel<double, int, double*>(int, int, double*, int, int, long, long, double*, int, int, long, long)",27394,6448491138720121,6448491138729936,0,512,16,64,1,16,256,1
"KERNEL_DISPATCH",1,1,234879,1199,773,"Cijk_Ailk_Bljk_DB_MT64x64x16_MI16x16x4x1_SN_1LDSB1_APM1_ABV0_ACED0_AF0EM2_AF1EM2_AMAS3_ASE_ASGT_ASLT_ASM_ASAE01_ASCE01_ASEM2_AAC0_BL1_BS1_CLR0_DTLA0_DTLB0_DTVA0_DTVB0_DVO0_ETSP_EPS1_ELFLR0_EMLL0_FSSC10_FL0_GLVWA2_GLVWB2_GRCGA1_GRCGB1_GRPM1_GRVW2_GSU1_GSUASB_GLS0_ISA942_IU1_K1_KLA_LBSPPA0_LBSPPB128_LPA0_LPB2_LDL1_LRVW1_LWPMn1_LDW0_FMA_MIAV1_MDA2_MO40_MMFSC_MKFGSU256_NTA0_NTB0_NTC3_NTD3_NEPBS4_NLCA1_NLCB1_ONLL1_OPLV0_PK0_PAP0_PGR2_PLR5_PKA0_SIA3_SLW1_SS1_SU0_SUM0_SUS0_SCIUI1_SPO1_SRVW0_SSO6_SVW2_SNLL0_TSGRA0_TSGRB0_TT2_32_TLDS1_UMLDSA0_UMLDSB1_U64SL1_USFGROn1_VAW1_VSn1_VW2_VWB1_VFLRP0_WSGRA0_WSGRB0_WS64_WG32_8_1_WGM6",27397,6448491138740753,6448491138745880,0,17408,256,1,1,1024,4,1
"KERNEL_DISPATCH",1,1,234879,1200,68,"void rocsolver::v32802::getf2_npvt_small_kernel<16, double, int, int, double*>(int, double*, long, int, long, int*, int, int)",27400,6448491138751048,6448491138759421,0,136,224,1,1,224,1,1
"KERNEL_DISPATCH",1,1,234879,1201,185,"void rocsolver::v32802::unit_forward_substitution_kernel<double, int, double*>(int, int, double*, int, int, long, long, double*, int, int, long, long)",27405,6448491138769972,6448491138780388,0,512,16,64,1,16,256,1
"KERNEL_DISPATCH",1,1,234879,1202,773,"Cijk_Ailk_Bljk_DB_MT64x64x16_MI16x16x4x1_SN_1LDSB1_APM1_ABV0_ACED0_AF0EM2_AF1EM2_AMAS3_ASE_ASGT_ASLT_ASM_ASAE01_ASCE01_ASEM2_AAC0_BL1_BS1_CLR0_DTLA0_DTLB0_DTVA0_DTVB0_DVO0_ETSP_EPS1_ELFLR0_EMLL0_FSSC10_FL0_GLVWA2_GLVWB2_GRCGA1_GRCGB1_GRPM1_GRVW2_GSU1_GSUASB_GLS0_ISA942_IU1_K1_KLA_LBSPPA0_LBSPPB128_LPA0_LPB2_LDL1_LRVW1_LWPMn1_LDW0_FMA_MIAV1_MDA2_MO40_MMFSC_MKFGSU256_NTA0_NTB0_NTC3_NTD3_NEPBS4_NLCA1_NLCB1_ONLL1_OPLV0_PK0_PAP0_PGR2_PLR5_PKA0_SIA3_SLW1_SS1_SU0_SUM0_SUS0_SCIUI1_SPO1_SRVW0_SSO6_SVW2_SNLL0_TSGRA0_TSGRB0_TT2_32_TLDS1_UMLDSA0_UMLDSB1_U64SL1_USFGROn1_VAW1_VSn1_VW2_VWB1_VFLRP0_WSGRA0_WSGRB0_WS64_WG32_8_1_WGM6",27408,6448491138803163,6448491138808211,0,17408,256,1,1,1024,4,1
"KERNEL_DISPATCH",1,1,234879,1203,68,"void rocsolver::v32802::getf2_npvt_small_kernel<16, double, int, int, double*>(int, double*, long, int, long, int*, int, int)",27411,6448491138816389,6448491138825042,0,136,208,1,1,208,1,1
"KERNEL_DISPATCH",1,1,234879,1204,185,"void rocsolver::v32802::unit_forward_substitution_kernel<double, int, double*>(int, int, double*, int, int, long, long, double*, int, int, long, long)",27416,6448491138828888,6448491138839023,0,512,16,64,1,16,192,1
"KERNEL_DISPATCH",1,1,234879,1205,773,"Cijk_Ailk_Bljk_DB_MT64x64x16_MI16x16x4x1_SN_1LDSB1_APM1_ABV0_ACED0_AF0EM2_AF1EM2_AMAS3_ASE_ASGT_ASLT_ASM_ASAE01_ASCE01_ASEM2_AAC0_BL1_BS1_CLR0_DTLA0_DTLB0_DTVA0_DTVB0_DVO0_ETSP_EPS1_ELFLR0_EMLL0_FSSC10_FL0_GLVWA2_GLVWB2_GRCGA1_GRCGB1_GRPM1_GRVW2_GSU1_GSUASB_GLS0_ISA942_IU1_K1_KLA_LBSPPA0_LBSPPB128_LPA0_LPB2_LDL1_LRVW1_LWPMn1_LDW0_FMA_MIAV1_MDA2_MO40_MMFSC_MKFGSU256_NTA0_NTB0_NTC3_NTD3_NEPBS4_NLCA1_NLCB1_ONLL1_OPLV0_PK0_PAP0_PGR2_PLR5_PKA0_SIA3_SLW1_SS1_SU0_SUM0_SUS0_SCIUI1_SPO1_SRVW0_SSO6_SVW2_SNLL0_TSGRA0_TSGRB0_TT2_32_TLDS1_UMLDSA0_UMLDSB1_U64SL1_USFGROn1_VAW1_VSn1_VW2_VWB1_VFLRP0_WSGRA0_WSGRB0_WS64_WG32_8_1_WGM6",27419,6448491138851042,6448491138856089,0,17408,256,1,1,768,3,1
"KERNEL_DISPATCH",1,1,234879,1206,68,"void rocsolver::v32802::getf2_npvt_small_kernel<16, double, int, int, double*>(int, double*, long, int, long, int*, int, int)",27422,6448491138863020,6448491138871153,0,136,192,1,1,192,1,1
"KERNEL_DISPATCH",1,1,234879,1207,185,"void rocsolver::v32802::unit_forward_substitution_kernel<double, int, double*>(int, int, double*, int, int, long, long, double*, int, int, long, long)",27427,6448491138872359,6448491138881453,0,512,16,64,1,16,192,1
"KERNEL_DISPATCH",1,1,234879,1208,977,"Cijk_Ailk_Bljk_DB_MT128x64x16_MI16x16x4x1_SN_1LDSB1_APM1_ABV0_ACED0_AF0EM2_AF1EM2_AMAS3_ASE_ASGT_ASLT_ASM_ASAE01_ASCE01_ASEM2_AAC0_BL1_BS1_CLR0_DTLA0_DTLB0_DTVA1_DTVB0_DVO0_ETSP_EPS1_ELFLR0_EMLL0_FSSC10_FL0_GLVWA2_GLVWB2_GRCGA1_GRCGB1_GRPM1_GRVW2_GSU1_GSUASB_GLS0_ISA942_IU1_K1_KLA_LBSPPA0_LBSPPB0_LPA0_LPB2_LDL1_LRVW1_LWPMn1_LDW0_FMA_MIAV1_MDA2_MO40_MMFSC_MKFGSU256_NTA0_NTB0_NTC3_NTD3_NEPBS4_NLCA1_NLCB1_ONLL1_OPLV0_PK0_PAP0_PGR2_PLR5_PKA0_SIA3_SLW1_SS1_SU0_SUM0_SUS0_SCIUI1_SPO1_SRVW0_SSO6_SVW2_SNLL0_TSGRA0_TSGRB0_TT2_64_TLDS0_UMLDSA0_UMLDSB0_U64SL1_USFGROn1_VAW1_VSn1_VW2_VWB1_VFLRP0_WSGRA0_WSGRB0_WS64_WG64_4_1_WGM6",27430,6448491138895790,6448491138906727,0,8448,256,1,1,512,3,1
"KERNEL_DISPATCH",1,1,234879,1209,68,"void rocsolver::v32802::getf2_npvt_small_kernel<16, double, int, int, double*>(int, double*, long, int, long, int*, int, int)",27433,6448491138906727,6448491138915020,0,136,176,1,1,176,1,1
"KERNEL_DISPATCH",1,1,234879,1210,185,"void rocsolver::v32802::unit_forward_substitution_kernel<double, int, double*>(int, int, double*, int, int, long, long, double*, int, int, long, long)",27438,6448491138915444,6448491138924258,0,512,16,64,1,16,192,1
"KERNEL_DISPATCH",1,1,234879,1211,977,"Cijk_Ailk_Bljk_DB_MT128x64x16_MI16x16x4x1_SN_1LDSB1_APM1_ABV0_ACED0_AF0EM2_AF1EM2_AMAS3_ASE_ASGT_ASLT_ASM_ASAE01_ASCE01_ASEM2_AAC0_BL1_BS1_CLR0_DTLA0_DTLB0_DTVA1_DTVB0_DVO0_ETSP_EPS1_ELFLR0_EMLL0_FSSC10_FL0_GLVWA2_GLVWB2_GRCGA1_GRCGB1_GRPM1_GRVW2_GSU1_GSUASB_GLS0_ISA942_IU1_K1_KLA_LBSPPA0_LBSPPB0_LPA0_LPB2_LDL1_LRVW1_LWPMn1_LDW0_FMA_MIAV1_MDA2_MO40_MMFSC_MKFGSU256_NTA0_NTB0_NTC3_NTD3_NEPBS4_NLCA1_NLCB1_ONLL1_OPLV0_PK0_PAP0_PGR2_PLR5_PKA0_SIA3_SLW1_SS1_SU0_SUM0_SUS0_SCIUI1_SPO1_SRVW0_SSO6_SVW2_SNLL0_TSGRA0_TSGRB0_TT2_64_TLDS0_UMLDSA0_UMLDSB0_U64SL1_USFGROn1_VAW1_VSn1_VW2_VWB1_VFLRP0_WSGRA0_WSGRB0_WS64_WG64_4_1_WGM6",27441,6448491138939618,6448491138946428,0,8448,256,1,1,512,3,1
"KERNEL_DISPATCH",1,1,234879,1212,68,"void rocsolver::v32802::getf2_npvt_small_kernel<16, double, int, int, double*>(int, double*, long, int, long, int*, int, int)",27444,6448491138949593,6448491138957645,0,136,160,1,1,160,1,1
"KERNEL_DISPATCH",1,1,234879,1213,185,"void rocsolver::v32802::unit_forward_substitution_kernel<double, int, double*>(int, int, double*, int, int, long, long, double*, int, int, long, long)",27449,6448491138959408,6448491138969063,0,512,16,64,1,16,192,1
"KERNEL_DISPATCH",1,1,234879,1214,817,"Cijk_Ailk_Bljk_DB_MT128x64x16_MI16x16x4x1_SN_1LDSB1_APM1_ABV0_ACED0_AF0EM2_AF1EM2_AMAS3_ASE_ASGT_ASLT_ASM_ASAE01_ASCE01_ASEM2_AAC0_BL1_BS1_CLR0_DTLA0_DTLB0_DTVA0_DTVB0_DVO0_ETSP_EPS1_ELFLR0_EMLL0_FSSC10_FL0_GLVWA2_GLVWB2_GRCGA1_GRCGB1_GRPM1_GRVW2_GSU1_GSUASB_GLS0_ISA942_IU1_K1_KLA_LBSPPA0_LBSPPB0_LPA0_LPB2_LDL1_LRVW1_LWPMn1_LDW0_FMA_MIAV1_MDA2_MO40_MMFSC_MKFGSU256_NTA0_NTB0_NTC3_NTD3_NEPBS0_NLCA1_NLCB1_ONLL1_OPLV0_PK0_PAP0_PGR2_PLR5_PKA0_SIA3_SLW1_SS1_SU0_SUM0_SUS0_SCIUI1_SPO1_SRVW0_SSO6_SVW2_SNLL0_TSGRA0_TSGRB0_TT2_64_TLDS0_UMLDSA0_UMLDSB0_U64SL1_USFGROn1_VAW1_VSn1_VW2_VWB1_VFLRP0_WSGRA0_WSGRB0_WS64_WG64_4_1_WGM6",27452,6448491138979078,6448491138988733,0,24832,256,1,1,512,3,1
"KERNEL_DISPATCH",1,1,234879,1215,68,"void rocsolver::v32802::getf2_npvt_small_kernel<16, double, int, int, double*>(int, double*, long, int, long, int*, int, int)",27455,6448491138990776,6448491138999509,0,136,144,1,1,144,1,1
"KERNEL_DISPATCH",1,1,234879,1216,185,"void rocsolver::v32802::unit_forward_substitution_kernel<double, int, double*>(int, int, double*, int, int, long, long, double*, int, int, long, long)",27460,6448491139003155,6448491139013210,0,512,16,64,1,16,128,1
"KERNEL_DISPATCH",1,1,234879,1217,817,"Cijk_Ailk_Bljk_DB_MT128x64x16_MI16x16x4x1_SN_1LDSB1_APM1_ABV0_ACED0_AF0EM2_AF1EM2_AMAS3_ASE_ASGT_ASLT_ASM_ASAE01_ASCE01_ASEM2_AAC0_BL1_BS1_CLR0_DTLA0_DTLB0_DTVA0_DTVB0_DVO0_ETSP_EPS1_ELFLR0_EMLL0_FSSC10_FL0_GLVWA2_GLVWB2_GRCGA1_GRCGB1_GRPM1_GRVW2_GSU1_GSUASB_GLS0_ISA942_IU1_K1_KLA_LBSPPA0_LBSPPB0_LPA0_LPB2_LDL1_LRVW1_LWPMn1_LDW0_FMA_MIAV1_MDA2_MO40_MMFSC_MKFGSU256_NTA0_NTB0_NTC3_NTD3_NEPBS0_NLCA1_NLCB1_ONLL1_OPLV0_PK0_PAP0_PGR2_PLR5_PKA0_SIA3_SLW1_SS1_SU0_SUM0_SUS0_SCIUI1_SPO1_SRVW0_SSO6_SVW2_SNLL0_TSGRA0_TSGRB0_TT2_64_TLDS0_UMLDSA0_UMLDSB0_U64SL1_USFGROn1_VAW1_VSn1_VW2_VWB1_VFLRP0_WSGRA0_WSGRB0_WS64_WG64_4_1_WGM6",27463,6448491139031078,6448491139036646,0,24832,256,1,1,256,2,1
"KERNEL_DISPATCH",1,1,234879,1218,68,"void rocsolver::v32802::getf2_npvt_small_kernel<16, double, int, int, double*>(int, double*, long, int, long, int*, int, int)",27466,6448491139042109,6448491139049320,0,136,128,1,1,128,1,1
"KERNEL_DISPATCH",1,1,234879,1219,185,"void rocsolver::v32802::unit_forward_substitution_kernel<double, int, double*>(int, int, double*, int, int, long, long, double*, int, int, long, long)",27471,6448491139058520,6448491139066492,0,512,16,64,1,16,128,1
"KERNEL_DISPATCH",1,1,234879,1220,1178,"Cijk_Ailk_Bljk_DB_MT128x64x16_MI16x16x4x1_SN_1LDSB1_APM1_ABV0_ACED0_AF0EM2_AF1EM2_AMAS3_ASE_ASGT_ASLT_ASM_ASAE01_ASCE01_ASEM2_AAC0_BL1_BS1_CLR0_DTLA0_DTLB0_DTVA0_DTVB0_DVO0_ETSP_EPS1_ELFLR0_EMLL0_FSSC10_FL0_GLVWA2_GLVWB2_GRCGA1_GRCGB1_GRPM1_GRVW2_GSU1_GSUASB_GLS0_ISA942_IU1_K1_KLA_LBSPPA0_LBSPPB0_LPA0_LPB2_LDL1_LRVW1_LWPMn1_LDW0_FMA_MIAV1_MDA2_MO40_MMFSC_MKFGSU256_NTA0_NTB0_NTC3_NTD3_NEPBS0_NLCA1_NLCB1_ONLL1_OPLV0_PK0_PAP0_PGR2_PLR1_PKA0_SIA3_SLW1_SS1_SU0_SUM0_SUS0_SCIUI1_SPO1_SRVW0_SSO6_SVW2_SNLL0_TSGRA0_TSGRB0_TT2_64_TLDS0_UMLDSA0_UMLDSB0_U64SL1_USFGROn1_VAW1_VSn1_VW2_VWB1_VFLRP0_WSGRA0_WSGRB0_WS64_WG64_4_1_WGM6",27474,6448491139078150,6448491139087084,0,24832,256,1,1,256,2,1
"KERNEL_DISPATCH",1,1,234879,1221,68,"void rocsolver::v32802::getf2_npvt_small_kernel<16, double, int, int, double*>(int, double*, long, int, long, int*, int, int)",27477,6448491139090123,6448491139097454,0,136,112,1,1,112,1,1
"KERNEL_DISPATCH",1,1,234879,1222,185,"void rocsolver::v32802::unit_forward_substitution_kernel<double, int, double*>(int, int, double*, int, int, long, long, double*, int, int, long, long)",27482,6448491139105312,6448491139114646,0,512,16,64,1,16,128,1
"KERNEL_DISPATCH",1,1,234879,1223,999,"Cijk_Ailk_Bljk_DB_MT128x64x16_MI16x16x4x1_SN_1LDSB1_APM1_ABV0_ACED0_AF0EM2_AF1EM2_AMAS3_ASE_ASGT_ASLT_ASM_ASAE01_ASCE01_ASEM2_AAC0_BL1_BS1_CLR0_DTLA0_DTLB0_DTVA1_DTVB0_DVO0_ETSP_EPS1_ELFLR0_EMLL0_FSSC10_FL0_GLVWA2_GLVWB2_GRCGA1_GRCGB1_GRPM1_GRVW2_GSU1_GSUASB_GLS0_ISA942_IU1_K1_KLA_LBSPPA0_LBSPPB0_LPA0_LPB2_LDL1_LRVW1_LWPMn1_LDW0_FMA_MIAV1_MDA2_MO40_MMFSC_MKFGSU256_NTA0_NTB0_NTC3_NTD3_NEPBS0_NLCA1_NLCB1_ONLL1_OPLV0_PK0_PAP0_PGR2_PLR5_PKA0_SIA3_SLW1_SS1_SU0_SUM0_SUS0_SCIUI1_SPO1_SRVW0_SSO6_SVW2_SNLL0_TSGRA0_TSGRB0_TT2_64_TLDS0_UMLDSA0_UMLDSB0_U64SL1_USFGROn1_VAW1_VSn1_VW2_VWB1_VFLRP0_WSGRA0_WSGRB0_WS64_WG64_4_1_WGM12",27485,6448491139125503,6448491139133956,0,8448,256,1,1,256,2,1
"KERNEL_DISPATCH",1,1,234879,1224,68,"void rocsolver::v32802::getf2_npvt_small_kernel<16, double, int, int, double*>(int, double*, long, int, long, int*, int, int)",27488,6448491139137882,6448491139145974,0,136,96,1,1,96,1,1
"KERNEL_DISPATCH",1,1,234879,1225,185,"void rocsolver::v32802::unit_forward_substitution_kernel<double, int, double*>(int, int, double*, int, int, long, long, double*, int, int, long, long)",27493,6448491139152037,6448491139161732,0,512,16,64,1,16,128,1
"KERNEL_DISPATCH",1,1,234879,1226,759,"Cijk_Ailk_Bljk_DB_MT64x64x16_MI16x16x4x1_SN_1LDSB1_APM1_ABV0_ACED0_AF0EM2_AF1EM2_AMAS3_ASE_ASGT_ASLT_ASM_ASAE01_ASCE01_ASEM2_AAC0_BL1_BS1_CLR0_DTLA0_DTLB0_DTVA0_DTVB0_DVO0_ETSP_EPS1_ELFLR0_EMLL0_FSSC10_FL0_GLVWA2_GLVWB2_GRCGA1_GRCGB1_GRPM1_GRVW2_GSU1_GSUASB_GLS0_ISA942_IU1_K1_KLA_LBSPPA0_LBSPPB0_LPA0_LPB2_LDL1_LRVW1_LWPMn1_LDW0_FMA_MIAV1_MDA2_MO40_MMFSC_MKFGSU256_NTA0_NTB0_NTC3_NTD3_NEPBS4_NLCA1_NLCB1_ONLL1_OPLV0_PK0_PAP0_PGR2_PLR5_PKA0_SIA3_SLW1_SS1_SU0_SUM0_SUS0_SCIUI1_SPO1_SRVW0_SSO6_SVW2_SNLL0_TSGRA0_TSGRB0_TT2_32_TLDS0_UMLDSA0_UMLDSB0_U64SL1_USFGROn1_VAW1_VSn1_VW2_VWB1_VFLRP0_WSGRA0_WSGRB0_WS64_WG32_8_1_WGM6",27496,6448491139180747,6448491139188639,0,16640,256,1,1,512,2,1
"KERNEL_DISPATCH",1,1,234879,1227,68,"void rocsolver::v32802::getf2_npvt_small_kernel<16, double, int, int, double*>(int, double*, long, int, long, int*, int, int)",27499,6448491139190923,6448491139197653,0,136,80,1,1,80,1,1
"KERNEL_DISPATCH",1,1,234879,1228,185,"void rocsolver::v32802::unit_forward_substitution_kernel<double, int, double*>(int, int, double*, int, int, long, long, double*, int, int, long, long)",27504,6448491139201139,6448491139210152,0,512,16,64,1,16,64,1
"KERNEL_DISPATCH",1,1,234879,1229,814,"Cijk_Ailk_Bljk_DB_MT64x64x16_MI16x16x4x1_SN_1LDSB1_APM1_ABV0_ACED0_AF0EM2_AF1EM2_AMAS0_ASE_ASGT_ASLT_ASM_ASAE01_ASCE01_ASEM2_AAC0_BL1_BS1_CLR0_DTLA0_DTLB0_DTVA1_DTVB0_DVO0_ETSP_EPS1_ELFLR0_EMLL0_FSSC10_FL0_GLVWA1_GLVWB1_GRCGA1_GRCGB1_GRPM1_GRVW1_GSU1_GSUASB_GLS0_ISA942_IU1_K1_KLA_LBSPPA0_LBSPPB128_LPA0_LPB4_LDL1_LRVW2_LWPMn1_LDW0_FMA_MIAV1_MDA2_MO40_MMFSC_MKFGSU256_NTA0_NTB0_NTC3_NTD3_NEPBS0_NLCA1_NLCB1_ONLL1_OPLV0_PK0_PAP0_PGR2_PLR5_PKA0_SIA3_SLW1_SS1_SU0_SUM0_SUS0_SCIUI1_SPO1_SRVW0_SSO6_SVW1_SNLL0_TSGRA0_TSGRB0_TT1_64_TLDS1_UMLDSA0_UMLDSB1_U64SL1_USFGROn1_VAW1_VSn1_VW1_VWB1_VFLRP0_WSGRA0_WSGRB0_WS64_WG64_4_1_WGM6",27507,6448491139225696,6448491139232547,0,10240,256,1,1,256,1,1
"KERNEL_DISPATCH",1,1,234879,1230,68,"void rocsolver::v32802::getf2_npvt_small_kernel<16, double, int, int, double*>(int, double*, long, int, long, int*, int, int)",27510,6448491139237114,6448491139244405,0,136,64,1,1,64,1,1
"KERNEL_DISPATCH",1,1,234879,1231,185,"void rocsolver::v32802::unit_forward_substitution_kernel<double, int, double*>(int, int, double*, int, int, long, long, double*, int, int, long, long)",27515,6448491139250334,6448491139258987,0,512,16,64,1,16,64,1
"KERNEL_DISPATCH",1,1,234879,1232,744,"Cijk_Ailk_Bljk_DB_MT64x64x16_MI16x16x4x1_SN_1LDSB1_APM1_ABV0_ACED0_AF0EM2_AF1EM2_AMAS3_ASE_ASGT_ASLT_ASM_ASAE01_ASCE01_ASEM2_AAC0_BL1_BS1_CLR0_DTLA0_DTLB0_DTVA0_DTVB0_DVO0_ETSP_EPS1_ELFLR0_EMLL0_FSSC10_FL0_GLVWA2_GLVWB2_GRCGA1_GRCGB1_GRPM1_GRVW2_GSU1_GSUASB_GLS0_ISA942_IU1_K1_KLA_LBSPPA0_LBSPPB128_LPA0_LPB4_LDL1_LRVW2_LWPMn1_LDW0_FMA_MIAV1_MDA2_MO40_MMFSC_MKFGSU256_NTA0_NTB0_NTC3_NTD3_NEPBS0_NLCA1_NLCB1_ONLL1_OPLV0_PK0_PAP0_PGR2_PLR5_PKA0_SIA3_SLW1_SS1_SU0_SUM0_SUS0_SCIUI1_SPO1_SRVW0_SSO6_SVW2_SNLL0_TSGRA0_TSGRB0_TT2_32_TLDS1_UMLDSA0_UMLDSB1_U64SL1_USFGROn1_VAW1_VSn1_VW2_VWB1_VFLRP0_WSGRA0_WSGRB0_WS64_WG32_8_1_WGM6",27518,6448491139269684,6448491139276775,0,18432,256,1,1,256,1,1
"KERNEL_DISPATCH",1,1,234879,1233,68,"void rocsolver::v32802::getf2_npvt_small_kernel<16, double, int, int, double*>(int, double*, long, int, long, int*, int, int)",27521,6448491139283545,6448491139291036,0,136,48,1,1,48,1,1
"KERNEL_DISPATCH",1,1,234879,1234,185,"void rocsolver::v32802::unit_forward_substitution_kernel<double, int, double*>(int, int, double*, int, int, long, long, double*, int, int, long, long)",27526,6448491139299289,6448491139307542,0,512,16,64,1,16,64,1
"KERNEL_DISPATCH",1,1,234879,1235,754,"Cijk_Ailk_Bljk_DB_MT32x64x32_MI16x16x4x1_SN_1LDSB1_APM1_ABV0_ACED0_AF0EM2_AF1EM2_AMAS3_ASE_ASGT_ASLT_ASM_ASAE01_ASCE01_ASEM2_AAC0_BL1_BS1_CLR0_DTLA0_DTLB0_DTVA0_DTVB0_DVO0_ETSP_EPS1_ELFLR0_EMLL0_FSSC10_FL0_GLVWA2_GLVWB2_GRCGA1_GRCGB1_GRPM1_GRVW2_GSU1_GSUASB_GLS0_ISA942_IU1_K1_KLA_LBSPPA0_LBSPPB256_LPA0_LPB4_LDL1_LRVW2_LWPMn1_LDW0_FMA_MIAV1_MDA2_MO40_MMFSC_MKFGSU256_NTA0_NTB0_NTC3_NTD3_NEPBS0_NLCA1_NLCB1_ONLL1_OPLV0_PK0_PAP0_PGR2_PLR9_PKA0_SIA3_SLW1_SS1_SU0_SUM0_SUS0_SCIUI1_SPO1_SRVW0_SSO6_SVW2_SNLL0_TSGRA0_TSGRB0_TT2_16_TLDS1_UMLDSA0_UMLDSB1_U64SL1_USFGROn1_VAW1_VSn1_VW2_VWB1_VFLRP0_WSGRA0_WSGRB0_WS64_WG16_16_1_WGM6",27529,6448491139316639,6448491139321487,0,26624,256,1,1,256,1,1
"KERNEL_DISPATCH",1,1,234879,1236,68,"void rocsolver::v32802::getf2_npvt_small_kernel<16, double, int, int, double*>(int, double*, long, int, long, int*, int, int)",27532,6448491139330176,6448491139337468,0,136,32,1,1,32,1,1
"KERNEL_DISPATCH",1,1,234879,1237,185,"void rocsolver::v32802::unit_forward_substitution_kernel<double, int, double*>(int, int, double*, int, int, long, long, double*, int, int, long, long)",27537,6448491139342796,6448491139349526,0,512,16,64,1,16,64,1
"KERNEL_DISPATCH",1,1,234879,1239,68,"void rocsolver::v32802::getf2_npvt_small_kernel<16, double, int, int, double*>(int, double*, long, int, long, int*, int, int)",27543,6448491139369477,6448491139376007,0,136,16,1,1,16,1,1
"KERNEL_DISPATCH",1,1,234879,1238,754,"Cijk_Ailk_Bljk_DB_MT32x64x32_MI16x16x4x1_SN_1LDSB1_APM1_ABV0_ACED0_AF0EM2_AF1EM2_AMAS3_ASE_ASGT_ASLT_ASM_ASAE01_ASCE01_ASEM2_AAC0_BL1_BS1_CLR0_DTLA0_DTLB0_DTVA0_DTVB0_DVO0_ETSP_EPS1_ELFLR0_EMLL0_FSSC10_FL0_GLVWA2_GLVWB2_GRCGA1_GRCGB1_GRPM1_GRVW2_GSU1_GSUASB_GLS0_ISA942_IU1_K1_KLA_LBSPPA0_LBSPPB256_LPA0_LPB4_LDL1_LRVW2_LWPMn1_LDW0_FMA_MIAV1_MDA2_MO40_MMFSC_MKFGSU256_NTA0_NTB0_NTC3_NTD3_NEPBS0_NLCA1_NLCB1_ONLL1_OPLV0_PK0_PAP0_PGR2_PLR9_PKA0_SIA3_SLW1_SS1_SU0_SUM0_SUS0_SCIUI1_SPO1_SRVW0_SSO6_SVW2_SNLL0_TSGRA0_TSGRB0_TT2_16_TLDS1_UMLDSA0_UMLDSB1_U64SL1_USFGROn1_VAW1_VSn1_VW2_VWB1_VFLRP0_WSGRA0_WSGRB0_WS64_WG16_16_1_WGM6",27540,6448491139361705,6448491139365751,0,26624,256,1,1,256,1,1
"KERNEL_DISPATCH",1,1,234879,1240,1399,"void rocblas_trtri_trsm_kernel<128, 16, 8, double, double const*, double*>(rocblas_fill_, rocblas_diagonal_, double const*, long, int, long, double*, long, long, int)",27547,6448491139382056,6448491139410339,0,8192,256,1,1,4096,1,1
"KERNEL_DISPATCH",1,1,234879,1241,1443,"void rocblas_trtri_fill<128, double, double*>(_rocblas_handle*, rocblas_fill_, int, long, int, long, double*, long, long, int, int)",27552,6448491139410339,6448491139412663,0,0,128,1,1,32512,1,1
"KERNEL_DISPATCH",1,1,234879,1242,997,"Cijk_Ailk_Bljk_DB_MT64x32x16_MI16x16x4x1_SN_1LDSB1_APM1_ABV0_ACED0_AF0EM2_AF1EM2_AMAS0_ASE_ASGT_ASLT_ASM_ASAE01_ASCE01_ASEM2_AAC0_BL1_BS1_CLR0_DTLA0_DTLB0_DTVA1_DTVB0_DVO0_ETSP_EPS1_ELFLR0_EMLL0_FSSC10_FL0_GLVWA1_GLVWB1_GRCGA1_GRCGB1_GRPM1_GRVW1_GSU1_GSUASB_GLS0_ISA942_IU1_K1_KLA_LBSPPA0_LBSPPB128_LPA0_LPB4_LDL1_LRVW2_LWPMn1_LDW0_FMA_MIAV1_MDA2_MO40_MMFSC_MKFGSU256_NTA0_NTB0_NTC3_NTD3_NEPBS0_NLCA1_NLCB1_ONLL1_OPLV0_PK0_PAP0_PGR2_PLR5_PKA0_SIA3_SLW1_SS1_SU0_SUM0_SUS0_SCIUI1_SPO1_SRVW0_SSO6_SVW1_SNLL0_TSGRA0_TSGRB0_TT1_32_TLDS1_UMLDSA0_UMLDSB1_U64SL1_USFGROn1_VAW1_VSn1_VW1_VWB1_VFLRP0_WSGRA0_WSGRB0_WS64_WG64_4_1_WGM12",27556,6448491139417711,6448491139424721,0,5120,256,1,1,256,1,4
"KERNEL_DISPATCH",1,1,234879,1243,997,"Cijk_Ailk_Bljk_DB_MT64x32x16_MI16x16x4x1_SN_1LDSB1_APM1_ABV0_ACED0_AF0EM2_AF1EM2_AMAS0_ASE_ASGT_ASLT_ASM_ASAE01_ASCE01_ASEM2_AAC0_BL1_BS1_CLR0_DTLA0_DTLB0_DTVA1_DTVB0_DVO0_ETSP_EPS1_ELFLR0_EMLL0_FSSC10_FL0_GLVWA1_GLVWB1_GRCGA1_GRCGB1_GRPM1_GRVW1_GSU1_GSUASB_GLS0_ISA942_IU1_K1_KLA_LBSPPA0_LBSPPB128_LPA0_LPB4_LDL1_LRVW2_LWPMn1_LDW0_FMA_MIAV1_MDA2_MO40_MMFSC_MKFGSU256_NTA0_NTB0_NTC3_NTD3_NEPBS0_NLCA1_NLCB1_ONLL1_OPLV0_PK0_PAP0_PGR2_PLR5_PKA0_SIA3_SLW1_SS1_SU0_SUM0_SUS0_SCIUI1_SPO1_SRVW0_SSO6_SVW1_SNLL0_TSGRA0_TSGRB0_TT1_32_TLDS1_UMLDSA0_UMLDSB1_U64SL1_USFGROn1_VAW1_VSn1_VW1_VWB1_VFLRP0_WSGRA0_WSGRB0_WS64_WG64_4_1_WGM12",27559,6448491139433495,6448491139437902,0,5120,256,1,1,256,1,4
"KERNEL_DISPATCH",1,1,234879,1244,997,"Cijk_Ailk_Bljk_DB_MT64x32x16_MI16x16x4x1_SN_1LDSB1_APM1_ABV0_ACED0_AF0EM2_AF1EM2_AMAS0_ASE_ASGT_ASLT_ASM_ASAE01_ASCE01_ASEM2_AAC0_BL1_BS1_CLR0_DTLA0_DTLB0_DTVA1_DTVB0_DVO0_ETSP_EPS1_ELFLR0_EMLL0_FSSC10_FL0_GLVWA1_GLVWB1_GRCGA1_GRCGB1_GRPM1_GRVW1_GSU1_GSUASB_GLS0_ISA942_IU1_K1_KLA_LBSPPA0_LBSPPB128_LPA0_LPB4_LDL1_LRVW2_LWPMn1_LDW0_FMA_MIAV1_MDA2_MO40_MMFSC_MKFGSU256_NTA0_NTB0_NTC3_NTD3_NEPBS0_NLCA1_NLCB1_ONLL1_OPLV0_PK0_PAP0_PGR2_PLR5_PKA0_SIA3_SLW1_SS1_SU0_SUM0_SUS0_SCIUI1_SPO1_SRVW0_SSO6_SVW1_SNLL0_TSGRA0_TSGRB0_TT1_32_TLDS1_UMLDSA0_UMLDSB1_U64SL1_USFGROn1_VAW1_VSn1_VW1_VWB1_VFLRP0_WSGRA0_WSGRB0_WS64_WG64_4_1_WGM12",27562,6448491139458297,6448491139462904,0,5120,256,1,1,256,1,4
"KERNEL_DISPATCH",1,1,234879,1245,997,"Cijk_Ailk_Bljk_DB_MT64x32x16_MI16x16x4x1_SN_1LDSB1_APM1_ABV0_ACED0_AF0EM2_AF1EM2_AMAS0_ASE_ASGT_ASLT_ASM_ASAE01_ASCE01_ASEM2_AAC0_BL1_BS1_CLR0_DTLA0_DTLB0_DTVA1_DTVB0_DVO0_ETSP_EPS1_ELFLR0_EMLL0_FSSC10_FL0_GLVWA1_GLVWB1_GRCGA1_GRCGB1_GRPM1_GRVW1_GSU1_GSUASB_GLS0_ISA942_IU1_K1_KLA_LBSPPA0_LBSPPB128_LPA0_LPB4_LDL1_LRVW2_LWPMn1_LDW0_FMA_MIAV1_MDA2_MO40_MMFSC_MKFGSU256_NTA0_NTB0_NTC3_NTD3_NEPBS0_NLCA1_NLCB1_ONLL1_OPLV0_PK0_PAP0_PGR2_PLR5_PKA0_SIA3_SLW1_SS1_SU0_SUM0_SUS0_SCIUI1_SPO1_SRVW0_SSO6_SVW1_SNLL0_TSGRA0_TSGRB0_TT1_32_TLDS1_UMLDSA0_UMLDSB1_U64SL1_USFGROn1_VAW1_VSn1_VW1_VWB1_VFLRP0_WSGRA0_WSGRB0_WS64_WG64_4_1_WGM12",27565,6448491139474157,6448491139478484,0,5120,256,1,1,256,1,4
"KERNEL_DISPATCH",1,1,234879,1246,970,"Cijk_Ailk_Bljk_DB_MT64x64x32_MI16x16x4x1_SN_1LDSB1_APM1_ABV0_ACED0_AF0EM2_AF1EM2_AMAS0_ASE_ASGT_ASLT_ASM_ASAE01_ASCE01_ASEM2_AAC0_BL1_BS1_CLR0_DTLA0_DTLB0_DTVA0_DTVB0_DVO0_ETSP_EPS1_ELFLR0_EMLL0_FSSC10_FL0_GLVWA1_GLVWB1_GRCGA1_GRCGB1_GRPM1_GRVW1_GSU1_GSUASB_GLS0_ISA942_IU1_K1_KLA_LBSPPA0_LBSPPB0_LPA0_LPB1_LDL1_LRVW1_LWPMn1_LDW0_FMA_MIAV1_MDA2_MO40_MMFSC_MKFGSU256_NTA0_NTB0_NTC3_NTD3_NEPBS0_NLCA1_NLCB1_ONLL1_OPLV0_PK0_PAP0_PGR2_PLR9_PKA0_SIA3_SLW1_SS1_SU0_SUM0_SUS0_SCIUI1_SPO1_SRVW0_SSO6_SVW1_SNLL0_TSGRA0_TSGRB0_TT2_32_TLDS0_UMLDSA0_UMLDSB0_U64SL1_USFGROn1_VAW1_VSn1_VW1_VWB1_VFLRP0_WSGRA0_WSGRB0_WS64_WG32_8_1_WGM6",27568,6448491139488980,6448491139496391,0,33024,256,1,1,256,1,4
"KERNEL_DISPATCH",1,1,234879,1247,970,"Cijk_Ailk_Bljk_DB_MT64x64x32_MI16x16x4x1_SN_1LDSB1_APM1_ABV0_ACED0_AF0EM2_AF1EM2_AMAS0_ASE_ASGT_ASLT_ASM_ASAE01_ASCE01_ASEM2_AAC0_BL1_BS1_CLR0_DTLA0_DTLB0_DTVA0_DTVB0_DVO0_ETSP_EPS1_ELFLR0_EMLL0_FSSC10_FL0_GLVWA1_GLVWB1_GRCGA1_GRCGB1_GRPM1_GRVW1_GSU1_GSUASB_GLS0_ISA942_IU1_K1_KLA_LBSPPA0_LBSPPB0_LPA0_LPB1_LDL1_LRVW1_LWPMn1_LDW0_FMA_MIAV1_MDA2_MO40_MMFSC_MKFGSU256_NTA0_NTB0_NTC3_NTD3_NEPBS0_NLCA1_NLCB1_ONLL1_OPLV0_PK0_PAP0_PGR2_PLR9_PKA0_SIA3_SLW1_SS1_SU0_SUM0_SUS0_SCIUI1_SPO1_SRVW0_SSO6_SVW1_SNLL0_TSGRA0_TSGRB0_TT2_32_TLDS0_UMLDSA0_UMLDSB0_U64SL1_USFGROn1_VAW1_VSn1_VW1_VWB1_VFLRP0_WSGRA0_WSGRB0_WS64_WG32_8_1_WGM6",27571,6448491139505926,6448491139512576,0,33024,256,1,1,256,1,4
"KERNEL_DISPATCH",1,1,234879,1248,1471,"void rocblas_copy_matrix_trsm<128, 8, double, double*, double*>(int, int, int, double*, int, long, double*, int, long, long, long, int)",27575,6448491139519901,6448491139523787,0,0,128,8,1,3072,128,1
"KERNEL_DISPATCH",1,1,234879,1249,1083,"Cijk_Ailk_Bljk_DB_MT128x32x16_MI16x16x4x1_SN_1LDSB1_APM1_ABV0_ACED0_AF0EM1_AF1EM1_AMAS3_ASE_ASGT_ASLT_ASM_ASAE01_ASCE01_ASEM1_AAC0_BL1_BS1_CLR0_DTLA0_DTLB0_DTVA1_DTVB0_DVO0_ETB_EPS1_ELFLR0_EMLL0_FSSC10_FL0_GLVWA2_GLVWB1_GRCGA1_GRCGB1_GRPM1_GRVWn1_GSU1_GSUASB_GLS0_ISA942_IU1_K1_KLA_LBSPPA0_LBSPPB128_LPA0_LPB1_LDL1_LRVW1_LWPMn1_LDW0_FMA_MIAV1_MDA2_MO40_MMFSC_MKFGSU256_NTA0_NTB0_NTC3_NTD3_NEPBS4_NLCA1_NLCB1_ONLL1_OPLV0_PK0_PAP0_PGR2_PLR1_PKA0_SIA3_SLW1_SS1_SU0_SUM0_SUS0_SCIUI1_SPO0_SRVW0_SSO0_SVW2_SNLL0_TSGRA0_TSGRB0_TT2_32_TLDS1_UMLDSA0_UMLDSB1_U64SL1_USFGROn1_VAW1_VSn1_VW2_VWB1_VFLRP0_WSGRA0_WSGRB0_WS64_WG64_4_1_WGMn12",27579,6448491139542582,6448491139554160,0,4352,256,1,1,6144,4,1
"KERNEL_DISPATCH",1,1,234879,1250,1083,"Cijk_Ailk_Bljk_DB_MT128x32x16_MI16x16x4x1_SN_1LDSB1_APM1_ABV0_ACED0_AF0EM1_AF1EM1_AMAS3_ASE_ASGT_ASLT_ASM_ASAE01_ASCE01_ASEM1_AAC0_BL1_BS1_CLR0_DTLA0_DTLB0_DTVA1_DTVB0_DVO0_ETB_EPS1_ELFLR0_EMLL0_FSSC10_FL0_GLVWA2_GLVWB1_GRCGA1_GRCGB1_GRPM1_GRVWn1_GSU1_GSUASB_GLS0_ISA942_IU1_K1_KLA_LBSPPA0_LBSPPB128_LPA0_LPB1_LDL1_LRVW1_LWPMn1_LDW0_FMA_MIAV1_MDA2_MO40_MMFSC_MKFGSU256_NTA0_NTB0_NTC3_NTD3_NEPBS4_NLCA1_NLCB1_ONLL1_OPLV0_PK0_PAP0_PGR2_PLR1_PKA0_SIA3_SLW1_SS1_SU0_SUM0_SUS0_SCIUI1_SPO0_SRVW0_SSO0_SVW2_SNLL0_TSGRA0_TSGRB0_TT2_32_TLDS1_UMLDSA0_UMLDSB1_U64SL1_USFGROn1_VAW1_VSn1_VW2_VWB1_VFLRP0_WSGRA0_WSGRB0_WS64_WG64_4_1_WGMn12",27582,6448491139556443,6448491139564696,0,4352,256,1,1,6144,4,1
"KERNEL_DISPATCH",1,1,234879,1251,1083,"Cijk_Ailk_Bljk_DB_MT128x32x16_MI16x16x4x1_SN_1LDSB1_APM1_ABV0_ACED0_AF0EM1_AF1EM1_AMAS3_ASE_ASGT_ASLT_ASM_ASAE01_ASCE01_ASEM1_AAC0_BL1_BS1_CLR0_DTLA0_DTLB0_DTVA1_DTVB0_DVO0_ETB_EPS1_ELFLR0_EMLL0_FSSC10_FL0_GLVWA2_GLVWB1_GRCGA1_GRCGB1_GRPM1_GRVWn1_GSU1_GSUASB_GLS0_ISA942_IU1_K1_KLA_LBSPPA0_LBSPPB128_LPA0_LPB1_LDL1_LRVW1_LWPMn1_LDW0_FMA_MIAV1_MDA2_MO40_MMFSC_MKFGSU256_NTA0_NTB0_NTC3_NTD3_NEPBS4_NLCA1_NLCB1_ONLL1_OPLV0_PK0_PAP0_PGR2_PLR1_PKA0_SIA3_SLW1_SS1_SU0_SUM0_SUS0_SCIUI1_SPO0_SRVW0_SSO0_SVW2_SNLL0_TSGRA0_TSGRB0_TT2_32_TLDS1_UMLDSA0_UMLDSB1_U64SL1_USFGROn1_VAW1_VSn1_VW2_VWB1_VFLRP0_WSGRA0_WSGRB0_WS64_WG64_4_1_WGMn12",27585,6448491139568983,6448491139576634,0,4352,256,1,1,6144,4,1
"KERNEL_DISPATCH",1,1,234879,1252,1083,"Cijk_Ailk_Bljk_DB_MT128x32x16_MI16x16x4x1_SN_1LDSB1_APM1_ABV0_ACED0_AF0EM1_AF1EM1_AMAS3_ASE_ASGT_ASLT_ASM_ASAE01_ASCE01_ASEM1_AAC0_BL1_BS1_CLR0_DTLA0_DTLB0_DTVA1_DTVB0_DVO0_ETB_EPS1_ELFLR0_EMLL0_FSSC10_FL0_GLVWA2_GLVWB1_GRCGA1_GRCGB1_GRPM1_GRVWn1_GSU1_GSUASB_GLS0_ISA942_IU1_K1_KLA_LBSPPA0_LBSPPB128_LPA0_LPB1_LDL1_LRVW1_LWPMn1_LDW0_FMA_MIAV1_MDA2_MO40_MMFSC_MKFGSU256_NTA0_NTB0_NTC3_NTD3_NEPBS4_NLCA1_NLCB1_ONLL1_OPLV0_PK0_PAP0_PGR2_PLR1_PKA0_SIA3_SLW1_SS1_SU0_SUM0_SUS0_SCIUI1_SPO0_SRVW0_SSO0_SVW2_SNLL0_TSGRA0_TSGRB0_TT2_32_TLDS1_UMLDSA0_UMLDSB1_U64SL1_USFGROn1_VAW1_VSn1_VW2_VWB1_VFLRP0_WSGRA0_WSGRB0_WS64_WG64_4_1_WGMn12",27588,6448491139586293,6448491139596148,0,4352,256,1,1,6144,4,1
"KERNEL_DISPATCH",1,1,234879,1253,1083,"Cijk_Ailk_Bljk_DB_MT128x32x16_MI16x16x4x1_SN_1LDSB1_APM1_ABV0_ACED0_AF0EM1_AF1EM1_AMAS3_ASE_ASGT_ASLT_ASM_ASAE01_ASCE01_ASEM1_AAC0_BL1_BS1_CLR0_DTLA0_DTLB0_DTVA1_DTVB0_DVO0_ETB_EPS1_ELFLR0_EMLL0_FSSC10_FL0_GLVWA2_GLVWB1_GRCGA1_GRCGB1_GRPM1_GRVWn1_GSU1_GSUASB_GLS0_ISA942_IU1_K1_KLA_LBSPPA0_LBSPPB128_LPA0_LPB1_LDL1_LRVW1_LWPMn1_LDW0_FMA_MIAV1_MDA2_MO40_MMFSC_MKFGSU256_NTA0_NTB0_NTC3_NTD3_NEPBS4_NLCA1_NLCB1_ONLL1_OPLV0_PK0_PAP0_PGR2_PLR1_PKA0_SIA3_SLW1_SS1_SU0_SUM0_SUS0_SCIUI1_SPO0_SRVW0_SSO0_SVW2_SNLL0_TSGRA0_TSGRB0_TT2_32_TLDS1_UMLDSA0_UMLDSB1_U64SL1_USFGROn1_VAW1_VSn1_VW2_VWB1_VFLRP0_WSGRA0_WSGRB0_WS64_WG64_4_1_WGMn12",27591,6448491139602995,6448491139610446,0,4352,256,1,1,6144,4,1
"KERNEL_DISPATCH",1,1,234879,1254,1083,"Cijk_Ailk_Bljk_DB_MT128x32x16_MI16x16x4x1_SN_1LDSB1_APM1_ABV0_ACED0_AF0EM1_AF1EM1_AMAS3_ASE_ASGT_ASLT_ASM_ASAE01_ASCE01_ASEM1_AAC0_BL1_BS1_CLR0_DTLA0_DTLB0_DTVA1_DTVB0_DVO0_ETB_EPS1_ELFLR0_EMLL0_FSSC10_FL0_GLVWA2_GLVWB1_GRCGA1_GRCGB1_GRPM1_GRVWn1_GSU1_GSUASB_GLS0_ISA942_IU1_K1_KLA_LBSPPA0_LBSPPB128_LPA0_LPB1_LDL1_LRVW1_LWPMn1_LDW0_FMA_MIAV1_MDA2_MO40_MMFSC_MKFGSU256_NTA0_NTB0_NTC3_NTD3_NEPBS4_NLCA1_NLCB1_ONLL1_OPLV0_PK0_PAP0_PGR2_PLR1_PKA0_SIA3_SLW1_SS1_SU0_SUM0_SUS0_SCIUI1_SPO0_SRVW0_SSO0_SVW2_SNLL0_TSGRA0_TSGRB0_TT2_32_TLDS1_UMLDSA0_UMLDSB1_U64SL1_USFGROn1_VAW1_VSn1_VW2_VWB1_VFLRP0_WSGRA0_WSGRB0_WS64_WG64_4_1_WGMn12",27594,6448491139619901,6448491139632240,0,4352,256,1,1,6144,4,1
"KERNEL_DISPATCH",1,1,234879,1255,1083,"Cijk_Ailk_Bljk_DB_MT128x32x16_MI16x16x4x1_SN_1LDSB1_APM1_ABV0_ACED0_AF0EM1_AF1EM1_AMAS3_ASE_ASGT_ASLT_ASM_ASAE01_ASCE01_ASEM1_AAC0_BL1_BS1_CLR0_DTLA0_DTLB0_DTVA1_DTVB0_DVO0_ETB_EPS1_ELFLR0_EMLL0_FSSC10_FL0_GLVWA2_GLVWB1_GRCGA1_GRCGB1_GRPM1_GRVWn1_GSU1_GSUASB_GLS0_ISA942_IU1_K1_KLA_LBSPPA0_LBSPPB128_LPA0_LPB1_LDL1_LRVW1_LWPMn1_LDW0_FMA_MIAV1_MDA2_MO40_MMFSC_MKFGSU256_NTA0_NTB0_NTC3_NTD3_NEPBS4_NLCA1_NLCB1_ONLL1_OPLV0_PK0_PAP0_PGR2_PLR1_PKA0_SIA3_SLW1_SS1_SU0_SUM0_SUS0_SCIUI1_SPO0_SRVW0_SSO0_SVW2_SNLL0_TSGRA0_TSGRB0_TT2_32_TLDS1_UMLDSA0_UMLDSB1_U64SL1_USFGROn1_VAW1_VSn1_VW2_VWB1_VFLRP0_WSGRA0_WSGRB0_WS64_WG64_4_1_WGMn12",27597,6448491139637207,6448491139644218,0,4352,256,1,1,6144,4,1
"KERNEL_DISPATCH",1,1,234879,1256,1399,"void rocblas_trtri_trsm_kernel<128, 16, 8, double, double const*, double*>(rocblas_fill_, rocblas_diagonal_, double const*, long, int, long, double*, long, long, int)",27601,6448491139646501,6448491139674745,0,8192,256,1,1,4096,1,1
"KERNEL_DISPATCH",1,1,234879,1257,1443,"void rocblas_trtri_fill<128, double, double*>(_rocblas_handle*, rocblas_fill_, int, long, int, long, double*, long, long, int, int)",27606,6448491139674745,6448491139677068,0,0,128,1,1,32512,1,1
"KERNEL_DISPATCH",1,1,234879,1258,997,"Cijk_Ailk_Bljk_DB_MT64x32x16_MI16x16x4x1_SN_1LDSB1_APM1_ABV0_ACED0_AF0EM2_AF1EM2_AMAS0_ASE_ASGT_ASLT_ASM_ASAE01_ASCE01_ASEM2_AAC0_BL1_BS1_CLR0_DTLA0_DTLB0_DTVA1_DTVB0_DVO0_ETSP_EPS1_ELFLR0_EMLL0_FSSC10_FL0_GLVWA1_GLVWB1_GRCGA1_GRCGB1_GRPM1_GRVW1_GSU1_GSUASB_GLS0_ISA942_IU1_K1_KLA_LBSPPA0_LBSPPB128_LPA0_LPB4_LDL1_LRVW2_LWPMn1_LDW0_FMA_MIAV1_MDA2_MO40_MMFSC_MKFGSU256_NTA0_NTB0_NTC3_NTD3_NEPBS0_NLCA1_NLCB1_ONLL1_OPLV0_PK0_PAP0_PGR2_PLR5_PKA0_SIA3_SLW1_SS1_SU0_SUM0_SUS0_SCIUI1_SPO1_SRVW0_SSO6_SVW1_SNLL0_TSGRA0_TSGRB0_TT1_32_TLDS1_UMLDSA0_UMLDSB1_U64SL1_USFGROn1_VAW1_VSn1_VW1_VWB1_VFLRP0_WSGRA0_WSGRB0_WS64_WG64_4_1_WGM12",27610,6448491139679192,6448491139684960,0,5120,256,1,1,256,1,4
"KERNEL_DISPATCH",1,1,234879,1259,997,"Cijk_Ailk_Bljk_DB_MT64x32x16_MI16x16x4x1_SN_1LDSB1_APM1_ABV0_ACED0_AF0EM2_AF1EM2_AMAS0_ASE_ASGT_ASLT_ASM_ASAE01_ASCE01_ASEM2_AAC0_BL1_BS1_CLR0_DTLA0_DTLB0_DTVA1_DTVB0_DVO0_ETSP_EPS1_ELFLR0_EMLL0_FSSC10_FL0_GLVWA1_GLVWB1_GRCGA1_GRCGB1_GRPM1_GRVW1_GSU1_GSUASB_GLS0_ISA942_IU1_K1_KLA_LBSPPA0_LBSPPB128_LPA0_LPB4_LDL1_LRVW2_LWPMn1_LDW0_FMA_MIAV1_MDA2_MO40_MMFSC_MKFGSU256_NTA0_NTB0_NTC3_NTD3_NEPBS0_NLCA1_NLCB1_ONLL1_OPLV0_PK0_PAP0_PGR2_PLR5_PKA0_SIA3_SLW1_SS1_SU0_SUM0_SUS0_SCIUI1_SPO1_SRVW0_SSO6_SVW1_SNLL0_TSGRA0_TSGRB0_TT1_32_TLDS1_UMLDSA0_UMLDSB1_U64SL1_USFGROn1_VAW1_VSn1_VW1_VWB1_VFLRP0_WSGRA0_WSGRB0_WS64_WG64_4_1_WGM12",27613,6448491139694936,6448491139699943,0,5120,256,1,1,256,1,4
"KERNEL_DISPATCH",1,1,234879,1260,997,"Cijk_Ailk_Bljk_DB_MT64x32x16_MI16x16x4x1_SN_1LDSB1_APM1_ABV0_ACED0_AF0EM2_AF1EM2_AMAS0_ASE_ASGT_ASLT_ASM_ASAE01_ASCE01_ASEM2_AAC0_BL1_BS1_CLR0_DTLA0_DTLB0_DTVA1_DTVB0_DVO0_ETSP_EPS1_ELFLR0_EMLL0_FSSC10_FL0_GLVWA1_GLVWB1_GRCGA1_GRCGB1_GRPM1_GRVW1_GSU1_GSUASB_GLS0_ISA942_IU1_K1_KLA_LBSPPA0_LBSPPB128_LPA0_LPB4_LDL1_LRVW2_LWPMn1_LDW0_FMA_MIAV1_MDA2_MO40_MMFSC_MKFGSU256_NTA0_NTB0_NTC3_NTD3_NEPBS0_NLCA1_NLCB1_ONLL1_OPLV0_PK0_PAP0_PGR2_PLR5_PKA0_SIA3_SLW1_SS1_SU0_SUM0_SUS0_SCIUI1_SPO1_SRVW0_SSO6_SVW1_SNLL0_TSGRA0_TSGRB0_TT1_32_TLDS1_UMLDSA0_UMLDSB1_U64SL1_USFGROn1_VAW1_VSn1_VW1_VWB1_VFLRP0_WSGRA0_WSGRB0_WS64_WG64_4_1_WGM12",27616,6448491139716422,6448491139721230,0,5120,256,1,1,256,1,4
"KERNEL_DISPATCH",1,1,234879,1261,997,"Cijk_Ailk_Bljk_DB_MT64x32x16_MI16x16x4x1_SN_1LDSB1_APM1_ABV0_ACED0_AF0EM2_AF1EM2_AMAS0_ASE_ASGT_ASLT_ASM_ASAE01_ASCE01_ASEM2_AAC0_BL1_BS1_CLR0_DTLA0_DTLB0_DTVA1_DTVB0_DVO0_ETSP_EPS1_ELFLR0_EMLL0_FSSC10_FL0_GLVWA1_GLVWB1_GRCGA1_GRCGB1_GRPM1_GRVW1_GSU1_GSUASB_GLS0_ISA942_IU1_K1_KLA_LBSPPA0_LBSPPB128_LPA0_LPB4_LDL1_LRVW2_LWPMn1_LDW0_FMA_MIAV1_MDA2_MO40_MMFSC_MKFGSU256_NTA0_NTB0_NTC3_NTD3_NEPBS0_NLCA1_NLCB1_ONLL1_OPLV0_PK0_PAP0_PGR2_PLR5_PKA0_SIA3_SLW1_SS1_SU0_SUM0_SUS0_SCIUI1_SPO1_SRVW0_SSO6_SVW1_SNLL0_TSGRA0_TSGRB0_TT1_32_TLDS1_UMLDSA0_UMLDSB1_U64SL1_USFGROn1_VAW1_VSn1_VW1_VWB1_VFLRP0_WSGRA0_WSGRB0_WS64_WG64_4_1_WGM12",27619,6448491139736720,6448491139741647,0,5120,256,1,1,256,1,4
"KERNEL_DISPATCH",1,1,234879,1262,970,"Cijk_Ailk_Bljk_DB_MT64x64x32_MI16x16x4x1_SN_1LDSB1_APM1_ABV0_ACED0_AF0EM2_AF1EM2_AMAS0_ASE_ASGT_ASLT_ASM_ASAE01_ASCE01_ASEM2_AAC0_BL1_BS1_CLR0_DTLA0_DTLB0_DTVA0_DTVB0_DVO0_ETSP_EPS1_ELFLR0_EMLL0_FSSC10_FL0_GLVWA1_GLVWB1_GRCGA1_GRCGB1_GRPM1_GRVW1_GSU1_GSUASB_GLS0_ISA942_IU1_K1_KLA_LBSPPA0_LBSPPB0_LPA0_LPB1_LDL1_LRVW1_LWPMn1_LDW0_FMA_MIAV1_MDA2_MO40_MMFSC_MKFGSU256_NTA0_NTB0_NTC3_NTD3_NEPBS0_NLCA1_NLCB1_ONLL1_OPLV0_PK0_PAP0_PGR2_PLR9_PKA0_SIA3_SLW1_SS1_SU0_SUM0_SUS0_SCIUI1_SPO1_SRVW0_SSO6_SVW1_SNLL0_TSGRA0_TSGRB0_TT2_32_TLDS0_UMLDSA0_UMLDSB0_U64SL1_USFGROn1_VAW1_VSn1_VW1_VWB1_VFLRP0_WSGRA0_WSGRB0_WS64_WG32_8_1_WGM6",27622,6448491139751302,6448491139758954,0,33024,256,1,1,256,1,4
"KERNEL_DISPATCH",1,1,234879,1263,970,"Cijk_Ailk_Bljk_DB_MT64x64x32_MI16x16x4x1_SN_1LDSB1_APM1_ABV0_ACED0_AF0EM2_AF1EM2_AMAS0_ASE_ASGT_ASLT_ASM_ASAE01_ASCE01_ASEM2_AAC0_BL1_BS1_CLR0_DTLA0_DTLB0_DTVA0_DTVB0_DVO0_ETSP_EPS1_ELFLR0_EMLL0_FSSC10_FL0_GLVWA1_GLVWB1_GRCGA1_GRCGB1_GRPM1_GRVW1_GSU1_GSUASB_GLS0_ISA942_IU1_K1_KLA_LBSPPA0_LBSPPB0_LPA0_LPB1_LDL1_LRVW1_LWPMn1_LDW0_FMA_MIAV1_MDA2_MO40_MMFSC_MKFGSU256_NTA0_NTB0_NTC3_NTD3_NEPBS0_NLCA1_NLCB1_ONLL1_OPLV0_PK0_PAP0_PGR2_PLR9_PKA0_SIA3_SLW1_SS1_SU0_SUM0_SUS0_SCIUI1_SPO1_SRVW0_SSO6_SVW1_SNLL0_TSGRA0_TSGRB0_TT2_32_TLDS0_UMLDSA0_UMLDSB0_U64SL1_USFGROn1_VAW1_VSn1_VW1_VWB1_VFLRP0_WSGRA0_WSGRB0_WS64_WG32_8_1_WGM6",27625,6448491139768368,6448491139774818,0,33024,256,1,1,256,1,4
"KERNEL_DISPATCH",1,1,234879,1264,1471,"void rocblas_copy_matrix_trsm<128, 8, double, double*, double*>(int, int, int, double*, int, long, double*, int, long, long, long, int)",27629,6448491139781468,6448491139787678,0,0,128,8,1,128,3072,1
"KERNEL_DISPATCH",1,1,234879,1265,1252,"Cijk_Ailk_Bljk_DB_MT128x32x16_MI16x16x4x1_SN_1LDSB1_APM1_ABV0_ACED0_AF0EM1_AF1EM1_AMAS3_ASE_ASGT_ASLT_ASM_ASAE01_ASCE01_ASEM1_AAC0_BL1_BS1_CLR0_DTLA0_DTLB0_DTVA1_DTVB0_DVO0_ETB_EPS1_ELFLR0_EMLL0_FSSC10_FL0_GLVWA2_GLVWB2_GRCGA1_GRCGB1_GRPM1_GRVWn1_GSU1_GSUASB_GLS0_ISA942_IU1_K1_KLA_LBSPPA0_LBSPPB128_LPA0_LPB4_LDL1_LRVW2_LWPMn1_LDW0_FMA_MIAV1_MDA2_MO40_MMFSC_MKFGSU256_NTA0_NTB0_NTC3_NTD3_NEPBS4_NLCA1_NLCB1_ONLL1_OPLV0_PK0_PAP0_PGR2_PLR5_PKA0_SIA3_SLW1_SS1_SU0_SUM0_SUS0_SCIUI1_SPO0_SRVW0_SSO0_SVW2_SNLL0_TSGRA0_TSGRB0_TT2_32_TLDS1_UMLDSA0_UMLDSB1_U64SL1_USFGROn1_VAW1_VSn1_VW2_VWB1_VFLRP0_WSGRA0_WSGRB0_WS64_WG64_4_1_WGM12",27633,6448491139804303,6448491139816442,0,5120,256,1,1,256,96,1
"KERNEL_DISPATCH",1,1,234879,1266,1252,"Cijk_Ailk_Bljk_DB_MT128x32x16_MI16x16x4x1_SN_1LDSB1_APM1_ABV0_ACED0_AF0EM1_AF1EM1_AMAS3_ASE_ASGT_ASLT_ASM_ASAE01_ASCE01_ASEM1_AAC0_BL1_BS1_CLR0_DTLA0_DTLB0_DTVA1_DTVB0_DVO0_ETB_EPS1_ELFLR0_EMLL0_FSSC10_FL0_GLVWA2_GLVWB2_GRCGA1_GRCGB1_GRPM1_GRVWn1_GSU1_GSUASB_GLS0_ISA942_IU1_K1_KLA_LBSPPA0_LBSPPB128_LPA0_LPB4_LDL1_LRVW2_LWPMn1_LDW0_FMA_MIAV1_MDA2_MO40_MMFSC_MKFGSU256_NTA0_NTB0_NTC3_NTD3_NEPBS4_NLCA1_NLCB1_ONLL1_OPLV0_PK0_PAP0_PGR2_PLR5_PKA0_SIA3_SLW1_SS1_SU0_SUM0_SUS0_SCIUI1_SPO0_SRVW0_SSO0_SVW2_SNLL0_TSGRA0_TSGRB0_TT2_32_TLDS1_UMLDSA0_UMLDSB1_U64SL1_USFGROn1_VAW1_VSn1_VW2_VWB1_VFLRP0_WSGRA0_WSGRB0_WS64_WG64_4_1_WGM12",27636,6448491139824775,6448491139833068,0,5120,256,1,1,256,96,1
"KERNEL_DISPATCH",1,1,234879,1267,1252,"Cijk_Ailk_Bljk_DB_MT128x32x16_MI16x16x4x1_SN_1LDSB1_APM1_ABV0_ACED0_AF0EM1_AF1EM1_AMAS3_ASE_ASGT_ASLT_ASM_ASAE01_ASCE01_ASEM1_AAC0_BL1_BS1_CLR0_DTLA0_DTLB0_DTVA1_DTVB0_DVO0_ETB_EPS1_ELFLR0_EMLL0_FSSC10_FL0_GLVWA2_GLVWB2_GRCGA1_GRCGB1_GRPM1_GRVWn1_GSU1_GSUASB_GLS0_ISA942_IU1_K1_KLA_LBSPPA0_LBSPPB128_LPA0_LPB4_LDL1_LRVW2_LWPMn1_LDW0_FMA_MIAV1_MDA2_MO40_MMFSC_MKFGSU256_NTA0_NTB0_NTC3_NTD3_NEPBS4_NLCA1_NLCB1_ONLL1_OPLV0_PK0_PAP0_PGR2_PLR5_PKA0_SIA3_SLW1_SS1_SU0_SUM0_SUS0_SCIUI1_SPO0_SRVW0_SSO0_SVW2_SNLL0_TSGRA0_TSGRB0_TT2_32_TLDS1_UMLDSA0_UMLDSB1_U64SL1_USFGROn1_VAW1_VSn1_VW2_VWB1_VFLRP0_WSGRA0_WSGRB0_WS64_WG64_4_1_WGM12",27639,6448491139842566,6448491139849777,0,5120,256,1,1,256,96,1
"KERNEL_DISPATCH",1,1,234879,1268,1252,"Cijk_Ailk_Bljk_DB_MT128x32x16_MI16x16x4x1_SN_1LDSB1_APM1_ABV0_ACED0_AF0EM1_AF1EM1_AMAS3_ASE_ASGT_ASLT_ASM_ASAE01_ASCE01_ASEM1_AAC0_BL1_BS1_CLR0_DTLA0_DTLB0_DTVA1_DTVB0_DVO0_ETB_EPS1_ELFLR0_EMLL0_FSSC10_FL0_GLVWA2_GLVWB2_GRCGA1_GRCGB1_GRPM1_GRVWn1_GSU1_GSUASB_GLS0_ISA942_IU1_K1_KLA_LBSPPA0_LBSPPB128_LPA0_LPB4_LDL1_LRVW2_LWPMn1_LDW0_FMA_MIAV1_MDA2_MO40_MMFSC_MKFGSU256_NTA0_NTB0_NTC3_NTD3_NEPBS4_NLCA1_NLCB1_ONLL1_OPLV0_PK0_PAP0_PGR2_PLR5_PKA0_SIA3_SLW1_SS1_SU0_SUM0_SUS0_SCIUI1_SPO0_SRVW0_SSO0_SVW2_SNLL0_TSGRA0_TSGRB0_TT2_32_TLDS1_UMLDSA0_UMLDSB1_U64SL1_USFGROn1_VAW1_VSn1_VW2_VWB1_VFLRP0_WSGRA0_WSGRB0_WS64_WG64_4_1_WGM12",27642,6448491139860053,6448491139869227,0,5120,256,1,1,256,96,1
"KERNEL_DISPATCH",1,1,234879,1269,1252,"Cijk_Ailk_Bljk_DB_MT128x32x16_MI16x16x4x1_SN_1LDSB1_APM1_ABV0_ACED0_AF0EM1_AF1EM1_AMAS3_ASE_ASGT_ASLT_ASM_ASAE01_ASCE01_ASEM1_AAC0_BL1_BS1_CLR0_DTLA0_DTLB0_DTVA1_DTVB0_DVO0_ETB_EPS1_ELFLR0_EMLL0_FSSC10_FL0_GLVWA2_GLVWB2_GRCGA1_GRCGB1_GRPM1_GRVWn1_GSU1_GSUASB_GLS0_ISA942_IU1_K1_KLA_LBSPPA0_LBSPPB128_LPA0_LPB4_LDL1_LRVW2_LWPMn1_LDW0_FMA_MIAV1_MDA2_MO40_MMFSC_MKFGSU256_NTA0_NTB0_NTC3_NTD3_NEPBS4_NLCA1_NLCB1_ONLL1_OPLV0_PK0_PAP0_PGR2_PLR5_PKA0_SIA3_SLW1_SS1_SU0_SUM0_SUS0_SCIUI1_SPO0_SRVW0_SSO0_SVW2_SNLL0_TSGRA0_TSGRB0_TT2_32_TLDS1_UMLDSA0_UMLDSB1_U64SL1_USFGROn1_VAW1_VSn1_VW2_VWB1_VFLRP0_WSGRA0_WSGRB0_WS64_WG64_4_1_WGM12",27645,6448491139875573,6448491139882824,0,5120,256,1,1,256,96,1
"KERNEL_DISPATCH",1,1,234879,1270,1252,"Cijk_Ailk_Bljk_DB_MT128x32x16_MI16x16x4x1_SN_1LDSB1_APM1_ABV0_ACED0_AF0EM1_AF1EM1_AMAS3_ASE_ASGT_ASLT_ASM_ASAE01_ASCE01_ASEM1_AAC0_BL1_BS1_CLR0_DTLA0_DTLB0_DTVA1_DTVB0_DVO0_ETB_EPS1_ELFLR0_EMLL0_FSSC10_FL0_GLVWA2_GLVWB2_GRCGA1_GRCGB1_GRPM1_GRVWn1_GSU1_GSUASB_GLS0_ISA942_IU1_K1_KLA_LBSPPA0_LBSPPB128_LPA0_LPB4_LDL1_LRVW2_LWPMn1_LDW0_FMA_MIAV1_MDA2_MO40_MMFSC_MKFGSU256_NTA0_NTB0_NTC3_NTD3_NEPBS4_NLCA1_NLCB1_ONLL1_OPLV0_PK0_PAP0_PGR2_PLR5_PKA0_SIA3_SLW1_SS1_SU0_SUM0_SUS0_SCIUI1_SPO0_SRVW0_SSO0_SVW2_SNLL0_TSGRA0_TSGRB0_TT2_32_TLDS1_UMLDSA0_UMLDSB1_U64SL1_USFGROn1_VAW1_VSn1_VW2_VWB1_VFLRP0_WSGRA0_WSGRB0_WS64_WG64_4_1_WGM12",27648,6448491139892038,6448491139903536,0,5120,256,1,1,256,96,1
"KERNEL_DISPATCH",1,1,234879,1271,1252,"Cijk_Ailk_Bljk_DB_MT128x32x16_MI16x16x4x1_SN_1LDSB1_APM1_ABV0_ACED0_AF0EM1_AF1EM1_AMAS3_ASE_ASGT_ASLT_ASM_ASAE01_ASCE01_ASEM1_AAC0_BL1_BS1_CLR0_DTLA0_DTLB0_DTVA1_DTVB0_DVO0_ETB_EPS1_ELFLR0_EMLL0_FSSC10_FL0_GLVWA2_GLVWB2_GRCGA1_GRCGB1_GRPM1_GRVWn1_GSU1_GSUASB_GLS0_ISA942_IU1_K1_KLA_LBSPPA0_LBSPPB128_LPA0_LPB4_LDL1_LRVW2_LWPMn1_LDW0_FMA_MIAV1_MDA2_MO40_MMFSC_MKFGSU256_NTA0_NTB0_NTC3_NTD3_NEPBS4_NLCA1_NLCB1_ONLL1_OPLV0_PK0_PAP0_PGR2_PLR5_PKA0_SIA3_SLW1_SS1_SU0_SUM0_SUS0_SCIUI1_SPO0_SRVW0_SSO0_SVW2_SNLL0_TSGRA0_TSGRB0_TT2_32_TLDS1_UMLDSA0_UMLDSB1_U64SL1_USFGROn1_VAW1_VSn1_VW2_VWB1_VFLRP0_WSGRA0_WSGRB0_WS64_WG64_4_1_WGM12",27651,6448491139910707,6448491139918038,0,5120,256,1,1,256,96,1
"KERNEL_DISPATCH",1,1,234879,1272,609,"Cijk_Ailk_Bljk_DB_MT128x192x32_MI16x16x4x1_SN_1LDSB1_APM1_ABV0_ACED0_AF0EM1_AF1EM1_AMAS3_ASE_ASGT_ASLT_ASM_ASAE01_ASCE01_ASEM1_AAC0_BL1_BS1_CLR0_DTLA0_DTLB0_DTVA1_DTVB0_DVO0_ETB_EPS1_ELFLR0_EMLL0_FSSC10_FL0_GLVWA2_GLVWB1_GRCGA1_GRCGB1_GRPM1_GRVWn1_GSU1_GSUASB_GLS0_ISA942_IU1_K1_KLA_LBSPPA0_LBSPPB256_LPA0_LPB1_LDL1_LRVW1_LWPMn1_LDW0_FMA_MIAV0_MDA2_MO40_MMFSC_MKFGSU256_NTA0_NTB0_NTC4_NTD4_NEPBS4_NLCA1_NLCB1_ONLL1_OPLV0_PK0_PAP0_PGR2_PLR1_PKA0_SIA3_SLW1_SS1_SU8_SUM0_SUS256_SCIUI1_SPO1_SRVW0_SSO4_SVW2_SNLL0_TSGRA0_TSGRB0_TT2_192_TLDS1_UMLDSA0_UMLDSB1_U64SL1_USFGROn1_VAW1_VSn1_VW2_VWB1_VFLRP0_WSGRA0_WSGRB0_WS64_WG64_4_1_WGM12",27654,6448491139929616,6448491140207281,0,50688,256,1,1,6144,16,1
"KERNEL_DISPATCH",1,1,234879,1273,68,"void rocsolver::v32802::getf2_npvt_small_kernel<16, double, int, int, double*>(int, double*, long, int, long, int*, int, int)",27657,6448491140207281,6448491140217697,0,136,512,1,1,512,1,1
"KERNEL_DISPATCH",1,1,234879,1274,185,"void rocsolver::v32802::unit_forward_substitution_kernel<double, int, double*>(int, int, double*, int, int, long, long, double*, int, int, long, long)",27662,6448491140217697,6448491140227713,0,512,16,64,1,16,512,1
"KERNEL_DISPATCH",1,1,234879,1275,904,"Cijk_Ailk_Bljk_DB_MT64x32x32_MI16x16x4x1_SN_1LDSB1_APM1_ABV0_ACED0_AF0EM2_AF1EM2_AMAS3_ASE_ASGT_ASLT_ASM_ASAE01_ASCE01_ASEM2_AAC0_BL1_BS1_CLR0_DTLA0_DTLB0_DTVA0_DTVB0_DVO0_ETSP_EPS1_ELFLR0_EMLL0_FSSC10_FL0_GLVWA2_GLVWB2_GRCGA1_GRCGB1_GRPM1_GRVW2_GSU1_GSUASB_GLS0_ISA942_IU1_K1_KLA_LBSPPA0_LBSPPB256_LPA0_LPB4_LDL1_LRVW2_LWPMn1_LDW0_FMA_MIAV1_MDA2_MO40_MMFSC_MKFGSU256_NTA0_NTB0_NTC3_NTD3_NEPBS0_NLCA1_NLCB1_ONLL1_OPLV0_PK0_PAP0_PGR2_PLR9_PKA0_SIA3_SLW1_SS1_SU0_SUM0_SUS0_SCIUI1_SPO1_SRVW0_SSO6_SVW2_SNLL0_TSGRA0_TSGRB0_TT2_16_TLDS1_UMLDSA0_UMLDSB1_U64SL1_USFGROn1_VAW1_VSn1_VW2_VWB1_VFLRP0_WSGRA0_WSGRB0_WS64_WG32_8_1_WGM6",27665,6448491140227713,6448491140233201,0,25600,256,1,1,2048,16,1
"KERNEL_DISPATCH",1,1,234879,1276,68,"void rocsolver::v32802::getf2_npvt_small_kernel<16, double, int, int, double*>(int, double*, long, int, long, int*, int, int)",27668,6448491140233201,6448491140243377,0,136,496,1,1,496,1,1
"KERNEL_DISPATCH",1,1,234879,1277,185,"void rocsolver::v32802::unit_forward_substitution_kernel<double, int, double*>(int, int, double*, int, int, long, long, double*, int, int, long, long)",27673,6448491140243377,6448491140253152,0,512,16,64,1,16,512,1
"KERNEL_DISPATCH",1,1,234879,1278,904,"Cijk_Ailk_Bljk_DB_MT64x32x32_MI16x16x4x1_SN_1LDSB1_APM1_ABV0_ACED0_AF0EM2_AF1EM2_AMAS3_ASE_ASGT_ASLT_ASM_ASAE01_ASCE01_ASEM2_AAC0_BL1_BS1_CLR0_DTLA0_DTLB0_DTVA0_DTVB0_DVO0_ETSP_EPS1_ELFLR0_EMLL0_FSSC10_FL0_GLVWA2_GLVWB2_GRCGA1_GRCGB1_GRPM1_GRVW2_GSU1_GSUASB_GLS0_ISA942_IU1_K1_KLA_LBSPPA0_LBSPPB256_LPA0_LPB4_LDL1_LRVW2_LWPMn1_LDW0_FMA_MIAV1_MDA2_MO40_MMFSC_MKFGSU256_NTA0_NTB0_NTC3_NTD3_NEPBS0_NLCA1_NLCB1_ONLL1_OPLV0_PK0_PAP0_PGR2_PLR9_PKA0_SIA3_SLW1_SS1_SU0_SUM0_SUS0_SCIUI1_SPO1_SRVW0_SSO6_SVW2_SNLL0_TSGRA0_TSGRB0_TT2_16_TLDS1_UMLDSA0_UMLDSB1_U64SL1_USFGROn1_VAW1_VSn1_VW2_VWB1_VFLRP0_WSGRA0_WSGRB0_WS64_WG32_8_1_WGM6",27676,6448491140253152,6448491140257398,0,25600,256,1,1,2048,15,1
"KERNEL_DISPATCH",1,1,234879,1279,68,"void rocsolver::v32802::getf2_npvt_small_kernel<16, double, int, int, double*>(int, double*, long, int, long, int*, int, int)",27679,6448491140257398,6448491140269777,0,136,480,1,1,480,1,1
"KERNEL_DISPATCH",1,1,234879,1281,904,"Cijk_Ailk_Bljk_DB_MT64x32x32_MI16x16x4x1_SN_1LDSB1_APM1_ABV0_ACED0_AF0EM2_AF1EM2_AMAS3_ASE_ASGT_ASLT_ASM_ASAE01_ASCE01_ASEM2_AAC0_BL1_BS1_CLR0_DTLA0_DTLB0_DTVA0_DTVB0_DVO0_ETSP_EPS1_ELFLR0_EMLL0_FSSC10_FL0_GLVWA2_GLVWB2_GRCGA1_GRCGB1_GRPM1_GRVW2_GSU1_GSUASB_GLS0_ISA942_IU1_K1_KLA_LBSPPA0_LBSPPB256_LPA0_LPB4_LDL1_LRVW2_LWPMn1_LDW0_FMA_MIAV1_MDA2_MO40_MMFSC_MKFGSU256_NTA0_NTB0_NTC3_NTD3_NEPBS0_NLCA1_NLCB1_ONLL1_OPLV0_PK0_PAP0_PGR2_PLR9_PKA0_SIA3_SLW1_SS1_SU0_SUM0_SUS0_SCIUI1_SPO1_SRVW0_SSO6_SVW2_SNLL0_TSGRA0_TSGRB0_TT2_16_TLDS1_UMLDSA0_UMLDSB1_U64SL1_USFGROn1_VAW1_VSn1_VW2_VWB1_VFLRP0_WSGRA0_WSGRB0_WS64_WG32_8_1_WGM6",27687,6448491140279071,6448491140283839,0,25600,256,1,1,2048,15,1
"KERNEL_DISPATCH",1,1,234879,1280,185,"void rocsolver::v32802::unit_forward_substitution_kernel<double, int, double*>(int, int, double*, int, int, long, long, double*, int, int, long, long)",27684,6448491140269777,6448491140279071,0,512,16,64,1,16,512,1
"KERNEL_DISPATCH",1,1,234879,1287,904,"Cijk_Ailk_Bljk_DB_MT64x32x32_MI16x16x4x1_SN_1LDSB1_APM1_ABV0_ACED0_AF0EM2_AF1EM2_AMAS3_ASE_ASGT_ASLT_ASM_ASAE01_ASCE01_ASEM2_AAC0_BL1_BS1_CLR0_DTLA0_DTLB0_DTVA0_DTVB0_DVO0_ETSP_EPS1_ELFLR0_EMLL0_FSSC10_FL0_GLVWA2_GLVWB2_GRCGA1_GRCGB1_GRPM1_GRVW2_GSU1_GSUASB_GLS0_ISA942_IU1_K1_KLA_LBSPPA0_LBSPPB256_LPA0_LPB4_LDL1_LRVW2_LWPMn1_LDW0_FMA_MIAV1_MDA2_MO40_MMFSC_MKFGSU256_NTA0_NTB0_NTC3_NTD3_NEPBS0_NLCA1_NLCB1_ONLL1_OPLV0_PK0_PAP0_PGR2_PLR9_PKA0_SIA3_SLW1_SS1_SU0_SUM0_SUS0_SCIUI1_SPO1_SRVW0_SSO6_SVW2_SNLL0_TSGRA0_TSGRB0_TT2_16_TLDS1_UMLDSA0_UMLDSB1_U64SL1_USFGROn1_VAW1_VSn1_VW2_VWB1_VFLRP0_WSGRA0_WSGRB0_WS64_WG32_8_1_WGM6",27709,6448491140328427,6448491140332393,0,25600,256,1,1,1792,14,1
"KERNEL_DISPATCH",1,1,234879,1286,185,"void rocsolver::v32802::unit_forward_substitution_kernel<double, int, double*>(int, int, double*, int, int, long, long, double*, int, int, long, long)",27706,6448491140319253,6448491140328427,0,512,16,64,1,16,448,1
"KERNEL_DISPATCH",1,1,234879,1285,68,"void rocsolver::v32802::getf2_npvt_small_kernel<16, double, int, int, double*>(int, double*, long, int, long, int*, int, int)",27701,6448491140310319,6448491140319253,0,136,448,1,1,448,1,1
"KERNEL_DISPATCH",1,1,234879,1290,904,"Cijk_Ailk_Bljk_DB_MT64x32x32_MI16x16x4x1_SN_1LDSB1_APM1_ABV0_ACED0_AF0EM2_AF1EM2_AMAS3_ASE_ASGT_ASLT_ASM_ASAE01_ASCE01_ASEM2_AAC0_BL1_BS1_CLR0_DTLA0_DTLB0_DTVA0_DTVB0_DVO0_ETSP_EPS1_ELFLR0_EMLL0_FSSC10_FL0_GLVWA2_GLVWB2_GRCGA1_GRCGB1_GRPM1_GRVW2_GSU1_GSUASB_GLS0_ISA942_IU1_K1_KLA_LBSPPA0_LBSPPB256_LPA0_LPB4_LDL1_LRVW2_LWPMn1_LDW0_FMA_MIAV1_MDA2_MO40_MMFSC_MKFGSU256_NTA0_NTB0_NTC3_NTD3_NEPBS0_NLCA1_NLCB1_ONLL1_OPLV0_PK0_PAP0_PGR2_PLR9_PKA0_SIA3_SLW1_SS1_SU0_SUM0_SUS0_SCIUI1_SPO1_SRVW0_SSO6_SVW2_SNLL0_TSGRA0_TSGRB0_TT2_16_TLDS1_UMLDSA0_UMLDSB1_U64SL1_USFGROn1_VAW1_VSn1_VW2_VWB1_VFLRP0_WSGRA0_WSGRB0_WS64_WG32_8_1_WGM6",27720,6448491140350685,6448491140354731,0,25600,256,1,1,1792,13,1
"KERNEL_DISPATCH",1,1,234879,1289,185,"void rocsolver::v32802::unit_forward_substitution_kernel<double, int, double*>(int, int, double*, int, int, long, long, double*, int, int, long, long)",27717,6448491140341727,6448491140351342,0,512,16,64,1,16,448,1
"KERNEL_DISPATCH",1,1,234879,1282,68,"void rocsolver::v32802::getf2_npvt_small_kernel<16, double, int, int, double*>(int, double*, long, int, long, int*, int, int)",27690,6448491140283839,6448491140296378,0,136,464,1,1,464,1,1
"KERNEL_DISPATCH",1,1,234879,1288,68,"void rocsolver::v32802::getf2_npvt_small_kernel<16, double, int, int, double*>(int, double*, long, int, long, int*, int, int)",27712,6448491140332393,6448491140341727,0,136,432,1,1,432,1,1
"KERNEL_DISPATCH",1,1,234879,1283,185,"void rocsolver::v32802::unit_forward_substitution_kernel<double, int, double*>(int, int, double*, int, int, long, long, double*, int, int, long, long)",27695,6448491140296378,6448491140306153,0,512,16,64,1,16,448,1
"KERNEL_DISPATCH",1,1,234879,1284,904,"Cijk_Ailk_Bljk_DB_MT64x32x32_MI16x16x4x1_SN_1LDSB1_APM1_ABV0_ACED0_AF0EM2_AF1EM2_AMAS3_ASE_ASGT_ASLT_ASM_ASAE01_ASCE01_ASEM2_AAC0_BL1_BS1_CLR0_DTLA0_DTLB0_DTVA0_DTVB0_DVO0_ETSP_EPS1_ELFLR0_EMLL0_FSSC10_FL0_GLVWA2_GLVWB2_GRCGA1_GRCGB1_GRPM1_GRVW2_GSU1_GSUASB_GLS0_ISA942_IU1_K1_KLA_LBSPPA0_LBSPPB256_LPA0_LPB4_LDL1_LRVW2_LWPMn1_LDW0_FMA_MIAV1_MDA2_MO40_MMFSC_MKFGSU256_NTA0_NTB0_NTC3_NTD3_NEPBS0_NLCA1_NLCB1_ONLL1_OPLV0_PK0_PAP0_PGR2_PLR9_PKA0_SIA3_SLW1_SS1_SU0_SUM0_SUS0_SCIUI1_SPO1_SRVW0_SSO6_SVW2_SNLL0_TSGRA0_TSGRB0_TT2_16_TLDS1_UMLDSA0_UMLDSB1_U64SL1_USFGROn1_VAW1_VSn1_VW2_VWB1_VFLRP0_WSGRA0_WSGRB0_WS64_WG32_8_1_WGM6",27698,6448491140306153,6448491140310319,0,25600,256,1,1,1792,14,1
"KERNEL_DISPATCH",1,1,234879,1292,185,"void rocsolver::v32802::unit_forward_substitution_kernel<double, int, double*>(int, int, double*, int, int, long, long, double*, int, int, long, long)",27728,6448491140364763,6448491140374257,0,512,16,64,1,16,448,1
"KERNEL_DISPATCH",1,1,234879,1297,68,"void rocsolver::v32802::getf2_npvt_small_kernel<16, double, int, int, double*>(int, double*, long, int, long, int*, int, int)",27745,6448491140412877,6448491140422171,0,136,384,1,1,384,1,1
"KERNEL_DISPATCH",1,1,234879,1296,904,"Cijk_Ailk_Bljk_DB_MT64x32x32_MI16x16x4x1_SN_1LDSB1_APM1_ABV0_ACED0_AF0EM2_AF1EM2_AMAS3_ASE_ASGT_ASLT_ASM_ASAE01_ASCE01_ASEM2_AAC0_BL1_BS1_CLR0_DTLA0_DTLB0_DTVA0_DTVB0_DVO0_ETSP_EPS1_ELFLR0_EMLL0_FSSC10_FL0_GLVWA2_GLVWB2_GRCGA1_GRCGB1_GRPM1_GRVW2_GSU1_GSUASB_GLS0_ISA942_IU1_K1_KLA_LBSPPA0_LBSPPB256_LPA0_LPB4_LDL1_LRVW2_LWPMn1_LDW0_FMA_MIAV1_MDA2_MO40_MMFSC_MKFGSU256_NTA0_NTB0_NTC3_NTD3_NEPBS0_NLCA1_NLCB1_ONLL1_OPLV0_PK0_PAP0_PGR2_PLR9_PKA0_SIA3_SLW1_SS1_SU0_SUM0_SUS0_SCIUI1_SPO1_SRVW0_SSO6_SVW2_SNLL0_TSGRA0_TSGRB0_TT2_16_TLDS1_UMLDSA0_UMLDSB1_U64SL1_USFGROn1_VAW1_VSn1_VW2_VWB1_VFLRP0_WSGRA0_WSGRB0_WS64_WG32_8_1_WGM6",27742,6448491140400177,6448491140404023,0,25600,256,1,1,1536,12,1
"KERNEL_DISPATCH",1,1,234879,1295,185,"void rocsolver::v32802::unit_forward_substitution_kernel<double, int, double*>(int, int, double*, int, int, long, long, double*, int, int, long, long)",27739,6448491140388038,6448491140397613,0,512,16,64,1,16,384,1
"KERNEL_DISPATCH",1,1,234879,1294,68,"void rocsolver::v32802::getf2_npvt_small_kernel<16, double, int, int, double*>(int, double*, long, int, long, int*, int, int)",27734,6448491140378704,6448491140388038,0,136,400,1,1,400,1,1
"KERNEL_DISPATCH",1,1,234879,1293,904,"Cijk_Ailk_Bljk_DB_MT64x32x32_MI16x16x4x1_SN_1LDSB1_APM1_ABV0_ACED0_AF0EM2_AF1EM2_AMAS3_ASE_ASGT_ASLT_ASM_ASAE01_ASCE01_ASEM2_AAC0_BL1_BS1_CLR0_DTLA0_DTLB0_DTVA0_DTVB0_DVO0_ETSP_EPS1_ELFLR0_EMLL0_FSSC10_FL0_GLVWA2_GLVWB2_GRCGA1_GRCGB1_GRPM1_GRVW2_GSU1_GSUASB_GLS0_ISA942_IU1_K1_KLA_LBSPPA0_LBSPPB256_LPA0_LPB4_LDL1_LRVW2_LWPMn1_LDW0_FMA_MIAV1_MDA2_MO40_MMFSC_MKFGSU256_NTA0_NTB0_NTC3_NTD3_NEPBS0_NLCA1_NLCB1_ONLL1_OPLV0_PK0_PAP0_PGR2_PLR9_PKA0_SIA3_SLW1_SS1_SU0_SUM0_SUS0_SCIUI1_SPO1_SRVW0_SSO6_SVW2_SNLL0_TSGRA0_TSGRB0_TT2_16_TLDS1_UMLDSA0_UMLDSB1_U64SL1_USFGROn1_VAW1_VSn1_VW2_VWB1_VFLRP0_WSGRA0_WSGRB0_WS64_WG32_8_1_WGM6",27731,6448491140374257,6448491140378704,0,25600,256,1,1,1792,13,1
"KERNEL_DISPATCH",1,1,234879,1291,68,"void rocsolver::v32802::getf2_npvt_small_kernel<16, double, int, int, double*>(int, double*, long, int, long, int*, int, int)",27723,6448491140355388,6448491140364763,0,136,416,1,1,416,1,1
"KERNEL_DISPATCH",1,1,234879,1298,185,"void rocsolver::v32802::unit_forward_substitution_kernel<double, int, double*>(int, int, double*, int, int, long, long, double*, int, int, long, long)",27750,6448491140426297,6448491140436473,0,512,16,64,1,16,384,1
"KERNEL_DISPATCH",1,1,234879,1301,185,"void rocsolver::v32802::unit_forward_substitution_kernel<double, int, double*>(int, int, double*, int, int, long, long, double*, int, int, long, long)",27761,6448491140477295,6448491140487391,0,512,16,64,1,16,384,1
"KERNEL_DISPATCH",1,1,234879,1300,68,"void rocsolver::v32802::getf2_npvt_small_kernel<16, double, int, int, double*>(int, double*, long, int, long, int*, int, int)",27756,6448491140459829,6448491140469243,0,136,368,1,1,368,1,1
"KERNEL_DISPATCH",1,1,234879,1299,820,"Cijk_Ailk_Bljk_DB_MT128x64x16_MI16x16x4x1_SN_1LDSB1_APM1_ABV0_ACED0_AF0EM2_AF1EM2_AMAS3_ASE_ASGT_ASLT_ASM_ASAE01_ASCE01_ASEM2_AAC0_BL1_BS1_CLR0_DTLA0_DTLB0_DTVA1_DTVB0_DVO0_ETSP_EPS1_ELFLR0_EMLL0_FSSC10_FL0_GLVWA2_GLVWB2_GRCGA1_GRCGB1_GRPM1_GRVW2_GSU1_GSUASB_GLS0_ISA942_IU1_K1_KLA_LBSPPA0_LBSPPB0_LPA0_LPB2_LDL1_LRVW1_LWPMn1_LDW0_FMA_MIAV1_MDA2_MO40_MMFSC_MKFGSU256_NTA0_NTB0_NTC3_NTD3_NEPBS4_NLCA1_NLCB1_ONLL1_OPLV0_PK0_PAP0_PGR2_PLR1_PKA0_SIA3_SLW1_SS1_SU0_SUM0_SUS0_SCIUI1_SPO1_SRVW0_SSO6_SVW2_SNLL0_TSGRA0_TSGRB0_TT2_64_TLDS0_UMLDSA0_UMLDSB0_U64SL1_USFGROn1_VAW1_VSn1_VW2_VWB1_VFLRP0_WSGRA0_WSGRB0_WS64_WG64_4_1_WGM12",27753,6448491140446368,6448491140455542,0,8448,256,1,1,768,6,1
"KERNEL_DISPATCH",1,1,234879,1302,820,"Cijk_Ailk_Bljk_DB_MT128x64x16_MI16x16x4x1_SN_1LDSB1_APM1_ABV0_ACED0_AF0EM2_AF1EM2_AMAS3_ASE_ASGT_ASLT_ASM_ASAE01_ASCE01_ASEM2_AAC0_BL1_BS1_CLR0_DTLA0_DTLB0_DTVA1_DTVB0_DVO0_ETSP_EPS1_ELFLR0_EMLL0_FSSC10_FL0_GLVWA2_GLVWB2_GRCGA1_GRCGB1_GRPM1_GRVW2_GSU1_GSUASB_GLS0_ISA942_IU1_K1_KLA_LBSPPA0_LBSPPB0_LPA0_LPB2_LDL1_LRVW1_LWPMn1_LDW0_FMA_MIAV1_MDA2_MO40_MMFSC_MKFGSU256_NTA0_NTB0_NTC3_NTD3_NEPBS4_NLCA1_NLCB1_ONLL1_OPLV0_PK0_PAP0_PGR2_PLR1_PKA0_SIA3_SLW1_SS1_SU0_SUM0_SUS0_SCIUI1_SPO1_SRVW0_SSO6_SVW2_SNLL0_TSGRA0_TSGRB0_TT2_64_TLDS0_UMLDSA0_UMLDSB0_U64SL1_USFGROn1_VAW1_VSn1_VW2_VWB1_VFLRP0_WSGRA0_WSGRB0_WS64_WG64_4_1_WGM12",27764,6448491140510346,6448491140516636,0,8448,256,1,1,768,6,1
"KERNEL_DISPATCH",1,1,234879,1303,68,"void rocsolver::v32802::getf2_npvt_small_kernel<16, double, int, int, double*>(int, double*, long, int, long, int*, int, int)",27767,6448491140524287,6448491140533582,0,136,352,1,1,352,1,1
"KERNEL_DISPATCH",1,1,234879,1304,185,"void rocsolver::v32802::unit_forward_substitution_kernel<double, int, double*>(int, int, double*, int, int, long, long, double*, int, int, long, long)",27772,6448491140538710,6448491140548284,0,512,16,64,1,16,384,1
"KERNEL_DISPATCH",1,1,234879,1305,820,"Cijk_Ailk_Bljk_DB_MT128x64x16_MI16x16x4x1_SN_1LDSB1_APM1_ABV0_ACED0_AF0EM2_AF1EM2_AMAS3_ASE_ASGT_ASLT_ASM_ASAE01_ASCE01_ASEM2_AAC0_BL1_BS1_CLR0_DTLA0_DTLB0_DTVA1_DTVB0_DVO0_ETSP_EPS1_ELFLR0_EMLL0_FSSC10_FL0_GLVWA2_GLVWB2_GRCGA1_GRCGB1_GRPM1_GRVW2_GSU1_GSUASB_GLS0_ISA942_IU1_K1_KLA_LBSPPA0_LBSPPB0_LPA0_LPB2_LDL1_LRVW1_LWPMn1_LDW0_FMA_MIAV1_MDA2_MO40_MMFSC_MKFGSU256_NTA0_NTB0_NTC3_NTD3_NEPBS4_NLCA1_NLCB1_ONLL1_OPLV0_PK0_PAP0_PGR2_PLR1_PKA0_SIA3_SLW1_SS1_SU0_SUM0_SUS0_SCIUI1_SPO1_SRVW0_SSO6_SVW2_SNLL0_TSGRA0_TSGRB0_TT2_64_TLDS0_UMLDSA0_UMLDSB0_U64SL1_USFGROn1_VAW1_VSn1_VW2_VWB1_VFLRP0_WSGRA0_WSGRB0_WS64_WG64_4_1_WGM12",27775,6448491140555255,6448491140561705,0,8448,256,1,1,768,6,1
"KERNEL_DISPATCH",1,1,234879,1306,68,"void rocsolver::v32802::getf2_npvt_small_kernel<16, double, int, int, double*>(int, double*, long, int, long, int*, int, int)",27778,6448491140568275,6448491140577449,0,136,336,1,1,336,1,1
"KERNEL_DISPATCH",1,1,234879,1307,185,"void rocsolver::v32802::unit_forward_substitution_kernel<double, int, double*>(int, int, double*, int, int, long, long, double*, int, int, long, long)",27783,6448491140582537,6448491140591911,0,512,16,64,1,16,320,1
"KERNEL_DISPATCH",1,1,234879,1309,68,"void rocsolver::v32802::getf2_npvt_small_kernel<16, double, int, int, double*>(int, double*, long, int, long, int*, int, int)",27789,6448491140612903,6448491140622117,0,136,320,1,1,320,1,1
"KERNEL_DISPATCH",1,1,234879,1308,820,"Cijk_Ailk_Bljk_DB_MT128x64x16_MI16x16x4x1_SN_1LDSB1_APM1_ABV0_ACED0_AF0EM2_AF1EM2_AMAS3_ASE_ASGT_ASLT_ASM_ASAE01_ASCE01_ASEM2_AAC0_BL1_BS1_CLR0_DTLA0_DTLB0_DTVA1_DTVB0_DVO0_ETSP_EPS1_ELFLR0_EMLL0_FSSC10_FL0_GLVWA2_GLVWB2_GRCGA1_GRCGB1_GRPM1_GRVW2_GSU1_GSUASB_GLS0_ISA942_IU1_K1_KLA_LBSPPA0_LBSPPB0_LPA0_LPB2_LDL1_LRVW1_LWPMn1_LDW0_FMA_MIAV1_MDA2_MO40_MMFSC_MKFGSU256_NTA0_NTB0_NTC3_NTD3_NEPBS4_NLCA1_NLCB1_ONLL1_OPLV0_PK0_PAP0_PGR2_PLR1_PKA0_SIA3_SLW1_SS1_SU0_SUM0_SUS0_SCIUI1_SPO1_SRVW0_SSO6_SVW2_SNLL0_TSGRA0_TSGRB0_TT2_64_TLDS0_UMLDSA0_UMLDSB0_U64SL1_USFGROn1_VAW1_VSn1_VW2_VWB1_VFLRP0_WSGRA0_WSGRB0_WS64_WG64_4_1_WGM12",27786,6448491140600885,6448491140607255,0,8448,256,1,1,768,5,1
"KERNEL_DISPATCH",1,1,234879,1310,185,"void rocsolver::v32802::unit_forward_substitution_kernel<double, int, double*>(int, int, double*, int, int, long, long, double*, int, int, long, long)",27794,6448491140626284,6448491140636419,0,512,16,64,1,16,320,1
"KERNEL_DISPATCH",1,1,234879,1311,820,"Cijk_Ailk_Bljk_DB_MT128x64x16_MI16x16x4x1_SN_1LDSB1_APM1_ABV0_ACED0_AF0EM2_AF1EM2_AMAS3_ASE_ASGT_ASLT_ASM_ASAE01_ASCE01_ASEM2_AAC0_BL1_BS1_CLR0_DTLA0_DTLB0_DTVA1_DTVB0_DVO0_ETSP_EPS1_ELFLR0_EMLL0_FSSC10_FL0_GLVWA2_GLVWB2_GRCGA1_GRCGB1_GRPM1_GRVW2_GSU1_GSUASB_GLS0_ISA942_IU1_K1_KLA_LBSPPA0_LBSPPB0_LPA0_LPB2_LDL1_LRVW1_LWPMn1_LDW0_FMA_MIAV1_MDA2_MO40_MMFSC_MKFGSU256_NTA0_NTB0_NTC3_NTD3_NEPBS4_NLCA1_NLCB1_ONLL1_OPLV0_PK0_PAP0_PGR2_PLR1_PKA0_SIA3_SLW1_SS1_SU0_SUM0_SUS0_SCIUI1_SPO1_SRVW0_SSO6_SVW2_SNLL0_TSGRA0_TSGRB0_TT2_64_TLDS0_UMLDSA0_UMLDSB0_U64SL1_USFGROn1_VAW1_VSn1_VW2_VWB1_VFLRP0_WSGRA0_WSGRB0_WS64_WG64_4_1_WGM12",27797,6448491140645914,6448491140652123,0,8448,256,1,1,768,5,1
"KERNEL_DISPATCH",1,1,234879,1312,68,"void rocsolver::v32802::getf2_npvt_small_kernel<16, double, int, int, double*>(int, double*, long, int, long, int*, int, int)",27800,6448491140656851,6448491140666065,0,136,304,1,1,304,1,1
"KERNEL_DISPATCH",1,1,234879,1313,185,"void rocsolver::v32802::unit_forward_substitution_kernel<double, int, double*>(int, int, double*, int, int, long, long, double*, int, int, long, long)",27805,6448491140681713,6448491140691648,0,512,16,64,1,16,320,1
"KERNEL_DISPATCH",1,1,234879,1314,820,"Cijk_Ailk_Bljk_DB_MT128x64x16_MI16x16x4x1_SN_1LDSB1_APM1_ABV0_ACED0_AF0EM2_AF1EM2_AMAS3_ASE_ASGT_ASLT_ASM_ASAE01_ASCE01_ASEM2_AAC0_BL1_BS1_CLR0_DTLA0_DTLB0_DTVA1_DTVB0_DVO0_ETSP_EPS1_ELFLR0_EMLL0_FSSC10_FL0_GLVWA2_GLVWB2_GRCGA1_GRCGB1_GRPM1_GRVW2_GSU1_GSUASB_GLS0_ISA942_IU1_K1_KLA_LBSPPA0_LBSPPB0_LPA0_LPB2_LDL1_LRVW1_LWPMn1_LDW0_FMA_MIAV1_MDA2_MO40_MMFSC_MKFGSU256_NTA0_NTB0_NTC3_NTD3_NEPBS4_NLCA1_NLCB1_ONLL1_OPLV0_PK0_PAP0_PGR2_PLR1_PKA0_SIA3_SLW1_SS1_SU0_SUM0_SUS0_SCIUI1_SPO1_SRVW0_SSO6_SVW2_SNLL0_TSGRA0_TSGRB0_TT2_64_TLDS0_UMLDSA0_UMLDSB0_U64SL1_USFGROn1_VAW1_VSn1_VW2_VWB1_VFLRP0_WSGRA0_WSGRB0_WS64_WG64_4_1_WGM12",27808,6448491140698595,6448491140705085,0,8448,256,1,1,768,5,1
"KERNEL_DISPATCH",1,1,234879,1315,68,"void rocsolver::v32802::getf2_npvt_small_kernel<16, double, int, int, double*>(int, double*, long, int, long, int*, int, int)",27811,6448491140712216,6448491140721590,0,136,288,1,1,288,1,1
"KERNEL_DISPATCH",1,1,234879,1316,185,"void rocsolver::v32802::unit_forward_substitution_kernel<double, int, double*>(int, int, double*, int, int, long, long, double*, int, int, long, long)",27816,6448491140726517,6448491140735732,0,512,16,64,1,16,320,1
"KERNEL_DISPATCH",1,1,234879,1317,773,"Cijk_Ailk_Bljk_DB_MT64x64x16_MI16x16x4x1_SN_1LDSB1_APM1_ABV0_ACED0_AF0EM2_AF1EM2_AMAS3_ASE_ASGT_ASLT_ASM_ASAE01_ASCE01_ASEM2_AAC0_BL1_BS1_CLR0_DTLA0_DTLB0_DTVA0_DTVB0_DVO0_ETSP_EPS1_ELFLR0_EMLL0_FSSC10_FL0_GLVWA2_GLVWB2_GRCGA1_GRCGB1_GRPM1_GRVW2_GSU1_GSUASB_GLS0_ISA942_IU1_K1_KLA_LBSPPA0_LBSPPB128_LPA0_LPB2_LDL1_LRVW1_LWPMn1_LDW0_FMA_MIAV1_MDA2_MO40_MMFSC_MKFGSU256_NTA0_NTB0_NTC3_NTD3_NEPBS4_NLCA1_NLCB1_ONLL1_OPLV0_PK0_PAP0_PGR2_PLR5_PKA0_SIA3_SLW1_SS1_SU0_SUM0_SUS0_SCIUI1_SPO1_SRVW0_SSO6_SVW2_SNLL0_TSGRA0_TSGRB0_TT2_32_TLDS1_UMLDSA0_UMLDSB1_U64SL1_USFGROn1_VAW1_VSn1_VW2_VWB1_VFLRP0_WSGRA0_WSGRB0_WS64_WG32_8_1_WGM6",27819,6448491140745827,6448491140752277,0,17408,256,1,1,1280,5,1
"KERNEL_DISPATCH",1,1,234879,1318,68,"void rocsolver::v32802::getf2_npvt_small_kernel<16, double, int, int, double*>(int, double*, long, int, long, int*, int, int)",27822,6448491140756948,6448491140765882,0,136,272,1,1,272,1,1
"KERNEL_DISPATCH",1,1,234879,1319,185,"void rocsolver::v32802::unit_forward_substitution_kernel<double, int, double*>(int, int, double*, int, int, long, long, double*, int, int, long, long)",27827,6448491140772869,6448491140782003,0,512,16,64,1,16,256,1
"KERNEL_DISPATCH",1,1,234879,1320,773,"Cijk_Ailk_Bljk_DB_MT64x64x16_MI16x16x4x1_SN_1LDSB1_APM1_ABV0_ACED0_AF0EM2_AF1EM2_AMAS3_ASE_ASGT_ASLT_ASM_ASAE01_ASCE01_ASEM2_AAC0_BL1_BS1_CLR0_DTLA0_DTLB0_DTVA0_DTVB0_DVO0_ETSP_EPS1_ELFLR0_EMLL0_FSSC10_FL0_GLVWA2_GLVWB2_GRCGA1_GRCGB1_GRPM1_GRVW2_GSU1_GSUASB_GLS0_ISA942_IU1_K1_KLA_LBSPPA0_LBSPPB128_LPA0_LPB2_LDL1_LRVW1_LWPMn1_LDW0_FMA_MIAV1_MDA2_MO40_MMFSC_MKFGSU256_NTA0_NTB0_NTC3_NTD3_NEPBS4_NLCA1_NLCB1_ONLL1_OPLV0_PK0_PAP0_PGR2_PLR5_PKA0_SIA3_SLW1_SS1_SU0_SUM0_SUS0_SCIUI1_SPO1_SRVW0_SSO6_SVW2_SNLL0_TSGRA0_TSGRB0_TT2_32_TLDS1_UMLDSA0_UMLDSB1_U64SL1_USFGROn1_VAW1_VSn1_VW2_VWB1_VFLRP0_WSGRA0_WSGRB0_WS64_WG32_8_1_WGM6",27830,6448491140789294,6448491140793861,0,17408,256,1,1,1024,4,1
"KERNEL_DISPATCH",1,1,234879,1321,68,"void rocsolver::v32802::getf2_npvt_small_kernel<16, double, int, int, double*>(int, double*, long, int, long, int*, int, int)",27833,6448491140802033,6448491140810286,0,136,256,1,1,256,1,1
"KERNEL_DISPATCH",1,1,234879,1322,185,"void rocsolver::v32802::unit_forward_substitution_kernel<double, int, double*>(int, int, double*, int, int, long, long, double*, int, int, long, long)",27838,6448491140815708,6448491140825002,0,512,16,64,1,16,256,1
"KERNEL_DISPATCH",1,1,234879,1323,773,"Cijk_Ailk_Bljk_DB_MT64x64x16_MI16x16x4x1_SN_1LDSB1_APM1_ABV0_ACED0_AF0EM2_AF1EM2_AMAS3_ASE_ASGT_ASLT_ASM_ASAE01_ASCE01_ASEM2_AAC0_BL1_BS1_CLR0_DTLA0_DTLB0_DTVA0_DTVB0_DVO0_ETSP_EPS1_ELFLR0_EMLL0_FSSC10_FL0_GLVWA2_GLVWB2_GRCGA1_GRCGB1_GRPM1_GRVW2_GSU1_GSUASB_GLS0_ISA942_IU1_K1_KLA_LBSPPA0_LBSPPB128_LPA0_LPB2_LDL1_LRVW1_LWPMn1_LDW0_FMA_MIAV1_MDA2_MO40_MMFSC_MKFGSU256_NTA0_NTB0_NTC3_NTD3_NEPBS4_NLCA1_NLCB1_ONLL1_OPLV0_PK0_PAP0_PGR2_PLR5_PKA0_SIA3_SLW1_SS1_SU0_SUM0_SUS0_SCIUI1_SPO1_SRVW0_SSO6_SVW2_SNLL0_TSGRA0_TSGRB0_TT2_32_TLDS1_UMLDSA0_UMLDSB1_U64SL1_USFGROn1_VAW1_VSn1_VW2_VWB1_VFLRP0_WSGRA0_WSGRB0_WS64_WG32_8_1_WGM6",27841,6448491140837812,6448491140843701,0,17408,256,1,1,1024,4,1
"KERNEL_DISPATCH",1,1,234879,1324,68,"void rocsolver::v32802::getf2_npvt_small_kernel<16, double, int, int, double*>(int, double*, long, int, long, int*, int, int)",27844,6448491140849426,6448491140857518,0,136,240,1,1,240,1,1
"KERNEL_DISPATCH",1,1,234879,1325,185,"void rocsolver::v32802::unit_forward_substitution_kernel<double, int, double*>(int, int, double*, int, int, long, long, double*, int, int, long, long)",27849,6448491140865010,6448491140874224,0,512,16,64,1,16,256,1
"KERNEL_DISPATCH",1,1,234879,1326,773,"Cijk_Ailk_Bljk_DB_MT64x64x16_MI16x16x4x1_SN_1LDSB1_APM1_ABV0_ACED0_AF0EM2_AF1EM2_AMAS3_ASE_ASGT_ASLT_ASM_ASAE01_ASCE01_ASEM2_AAC0_BL1_BS1_CLR0_DTLA0_DTLB0_DTVA0_DTVB0_DVO0_ETSP_EPS1_ELFLR0_EMLL0_FSSC10_FL0_GLVWA2_GLVWB2_GRCGA1_GRCGB1_GRPM1_GRVW2_GSU1_GSUASB_GLS0_ISA942_IU1_K1_KLA_LBSPPA0_LBSPPB128_LPA0_LPB2_LDL1_LRVW1_LWPMn1_LDW0_FMA_MIAV1_MDA2_MO40_MMFSC_MKFGSU256_NTA0_NTB0_NTC3_NTD3_NEPBS4_NLCA1_NLCB1_ONLL1_OPLV0_PK0_PAP0_PGR2_PLR5_PKA0_SIA3_SLW1_SS1_SU0_SUM0_SUS0_SCIUI1_SPO1_SRVW0_SSO6_SVW2_SNLL0_TSGRA0_TSGRB0_TT2_32_TLDS1_UMLDSA0_UMLDSB1_U64SL1_USFGROn1_VAW1_VSn1_VW2_VWB1_VFLRP0_WSGRA0_WSGRB0_WS64_WG32_8_1_WGM6",27852,6448491140884920,6448491140889808,0,17408,256,1,1,1024,4,1
"KERNEL_DISPATCH",1,1,234879,1327,68,"void rocsolver::v32802::getf2_npvt_small_kernel<16, double, int, int, double*>(int, double*, long, int, long, int*, int, int)",27855,6448491140895731,6448491140903903,0,136,224,1,1,224,1,1
"KERNEL_DISPATCH",1,1,234879,1328,185,"void rocsolver::v32802::unit_forward_substitution_kernel<double, int, double*>(int, int, double*, int, int, long, long, double*, int, int, long, long)",27860,6448491140909718,6448491140919814,0,512,16,64,1,16,256,1
"KERNEL_DISPATCH",1,1,234879,1329,773,"Cijk_Ailk_Bljk_DB_MT64x64x16_MI16x16x4x1_SN_1LDSB1_APM1_ABV0_ACED0_AF0EM2_AF1EM2_AMAS3_ASE_ASGT_ASLT_ASM_ASAE01_ASCE01_ASEM2_AAC0_BL1_BS1_CLR0_DTLA0_DTLB0_DTVA0_DTVB0_DVO0_ETSP_EPS1_ELFLR0_EMLL0_FSSC10_FL0_GLVWA2_GLVWB2_GRCGA1_GRCGB1_GRPM1_GRVW2_GSU1_GSUASB_GLS0_ISA942_IU1_K1_KLA_LBSPPA0_LBSPPB128_LPA0_LPB2_LDL1_LRVW1_LWPMn1_LDW0_FMA_MIAV1_MDA2_MO40_MMFSC_MKFGSU256_NTA0_NTB0_NTC3_NTD3_NEPBS4_NLCA1_NLCB1_ONLL1_OPLV0_PK0_PAP0_PGR2_PLR5_PKA0_SIA3_SLW1_SS1_SU0_SUM0_SUS0_SCIUI1_SPO1_SRVW0_SSO6_SVW2_SNLL0_TSGRA0_TSGRB0_TT2_32_TLDS1_UMLDSA0_UMLDSB1_U64SL1_USFGROn1_VAW1_VSn1_VW2_VWB1_VFLRP0_WSGRA0_WSGRB0_WS64_WG32_8_1_WGM6",27863,6448491140928187,6448491140932954,0,17408,256,1,1,1024,4,1
"KERNEL_DISPATCH",1,1,234879,1330,68,"void rocsolver::v32802::getf2_npvt_small_kernel<16, double, int, int, double*>(int, double*, long, int, long, int*, int, int)",27866,6448491140938526,6448491140947380,0,136,208,1,1,208,1,1
"KERNEL_DISPATCH",1,1,234879,1331,185,"void rocsolver::v32802::unit_forward_substitution_kernel<double, int, double*>(int, int, double*, int, int, long, long, double*, int, int, long, long)",27871,6448491140955543,6448491140965718,0,512,16,64,1,16,192,1
"KERNEL_DISPATCH",1,1,234879,1332,773,"Cijk_Ailk_Bljk_DB_MT64x64x16_MI16x16x4x1_SN_1LDSB1_APM1_ABV0_ACED0_AF0EM2_AF1EM2_AMAS3_ASE_ASGT_ASLT_ASM_ASAE01_ASCE01_ASEM2_AAC0_BL1_BS1_CLR0_DTLA0_DTLB0_DTVA0_DTVB0_DVO0_ETSP_EPS1_ELFLR0_EMLL0_FSSC10_FL0_GLVWA2_GLVWB2_GRCGA1_GRCGB1_GRPM1_GRVW2_GSU1_GSUASB_GLS0_ISA942_IU1_K1_KLA_LBSPPA0_LBSPPB128_LPA0_LPB2_LDL1_LRVW1_LWPMn1_LDW0_FMA_MIAV1_MDA2_MO40_MMFSC_MKFGSU256_NTA0_NTB0_NTC3_NTD3_NEPBS4_NLCA1_NLCB1_ONLL1_OPLV0_PK0_PAP0_PGR2_PLR5_PKA0_SIA3_SLW1_SS1_SU0_SUM0_SUS0_SCIUI1_SPO1_SRVW0_SSO6_SVW2_SNLL0_TSGRA0_TSGRB0_TT2_32_TLDS1_UMLDSA0_UMLDSB1_U64SL1_USFGROn1_VAW1_VSn1_VW2_VWB1_VFLRP0_WSGRA0_WSGRB0_WS64_WG32_8_1_WGM6",27874,6448491140971718,6448491140975964,0,17408,256,1,1,768,3,1
"KERNEL_DISPATCH",1,1,234879,1333,68,"void rocsolver::v32802::getf2_npvt_small_kernel<16, double, int, int, double*>(int, double*, long, int, long, int*, int, int)",27877,6448491140985274,6448491140993166,0,136,192,1,1,192,1,1
"KERNEL_DISPATCH",1,1,234879,1334,185,"void rocsolver::v32802::unit_forward_substitution_kernel<double, int, double*>(int, int, double*, int, int, long, long, double*, int, int, long, long)",27882,6448491140998495,6448491141007909,0,512,16,64,1,16,192,1
"KERNEL_DISPATCH",1,1,234879,1335,977,"Cijk_Ailk_Bljk_DB_MT128x64x16_MI16x16x4x1_SN_1LDSB1_APM1_ABV0_ACED0_AF0EM2_AF1EM2_AMAS3_ASE_ASGT_ASLT_ASM_ASAE01_ASCE01_ASEM2_AAC0_BL1_BS1_CLR0_DTLA0_DTLB0_DTVA1_DTVB0_DVO0_ETSP_EPS1_ELFLR0_EMLL0_FSSC10_FL0_GLVWA2_GLVWB2_GRCGA1_GRCGB1_GRPM1_GRVW2_GSU1_GSUASB_GLS0_ISA942_IU1_K1_KLA_LBSPPA0_LBSPPB0_LPA0_LPB2_LDL1_LRVW1_LWPMn1_LDW0_FMA_MIAV1_MDA2_MO40_MMFSC_MKFGSU256_NTA0_NTB0_NTC3_NTD3_NEPBS4_NLCA1_NLCB1_ONLL1_OPLV0_PK0_PAP0_PGR2_PLR5_PKA0_SIA3_SLW1_SS1_SU0_SUM0_SUS0_SCIUI1_SPO1_SRVW0_SSO6_SVW2_SNLL0_TSGRA0_TSGRB0_TT2_64_TLDS0_UMLDSA0_UMLDSB0_U64SL1_USFGROn1_VAW1_VSn1_VW2_VWB1_VFLRP0_WSGRA0_WSGRB0_WS64_WG64_4_1_WGM6",27885,6448491141023533,6448491141033268,0,8448,256,1,1,512,3,1
"KERNEL_DISPATCH",1,1,234879,1336,68,"void rocsolver::v32802::getf2_npvt_small_kernel<16, double, int, int, double*>(int, double*, long, int, long, int*, int, int)",27888,6448491141034950,6448491141043524,0,136,176,1,1,176,1,1
"KERNEL_DISPATCH",1,1,234879,1337,185,"void rocsolver::v32802::unit_forward_substitution_kernel<double, int, double*>(int, int, double*, int, int, long, long, double*, int, int, long, long)",27893,6448491141054220,6448491141064396,0,512,16,64,1,16,192,1
"KERNEL_DISPATCH",1,1,234879,1338,977,"Cijk_Ailk_Bljk_DB_MT128x64x16_MI16x16x4x1_SN_1LDSB1_APM1_ABV0_ACED0_AF0EM2_AF1EM2_AMAS3_ASE_ASGT_ASLT_ASM_ASAE01_ASCE01_ASEM2_AAC0_BL1_BS1_CLR0_DTLA0_DTLB0_DTVA1_DTVB0_DVO0_ETSP_EPS1_ELFLR0_EMLL0_FSSC10_FL0_GLVWA2_GLVWB2_GRCGA1_GRCGB1_GRPM1_GRVW2_GSU1_GSUASB_GLS0_ISA942_IU1_K1_KLA_LBSPPA0_LBSPPB0_LPA0_LPB2_LDL1_LRVW1_LWPMn1_LDW0_FMA_MIAV1_MDA2_MO40_MMFSC_MKFGSU256_NTA0_NTB0_NTC3_NTD3_NEPBS4_NLCA1_NLCB1_ONLL1_OPLV0_PK0_PAP0_PGR2_PLR5_PKA0_SIA3_SLW1_SS1_SU0_SUM0_SUS0_SCIUI1_SPO1_SRVW0_SSO6_SVW2_SNLL0_TSGRA0_TSGRB0_TT2_64_TLDS0_UMLDSA0_UMLDSB0_U64SL1_USFGROn1_VAW1_VSn1_VW2_VWB1_VFLRP0_WSGRA0_WSGRB0_WS64_WG64_4_1_WGM6",27896,6448491141071927,6448491141079539,0,8448,256,1,1,512,3,1
"KERNEL_DISPATCH",1,1,234879,1339,68,"void rocsolver::v32802::getf2_npvt_small_kernel<16, double, int, int, double*>(int, double*, long, int, long, int*, int, int)",27899,6448491141083104,6448491141091357,0,136,160,1,1,160,1,1
"KERNEL_DISPATCH",1,1,234879,1340,185,"void rocsolver::v32802::unit_forward_substitution_kernel<double, int, double*>(int, int, double*, int, int, long, long, double*, int, int, long, long)",27904,6448491141094201,6448491141103496,0,512,16,64,1,16,192,1
"KERNEL_DISPATCH",1,1,234879,1341,817,"Cijk_Ailk_Bljk_DB_MT128x64x16_MI16x16x4x1_SN_1LDSB1_APM1_ABV0_ACED0_AF0EM2_AF1EM2_AMAS3_ASE_ASGT_ASLT_ASM_ASAE01_ASCE01_ASEM2_AAC0_BL1_BS1_CLR0_DTLA0_DTLB0_DTVA0_DTVB0_DVO0_ETSP_EPS1_ELFLR0_EMLL0_FSSC10_FL0_GLVWA2_GLVWB2_GRCGA1_GRCGB1_GRPM1_GRVW2_GSU1_GSUASB_GLS0_ISA942_IU1_K1_KLA_LBSPPA0_LBSPPB0_LPA0_LPB2_LDL1_LRVW1_LWPMn1_LDW0_FMA_MIAV1_MDA2_MO40_MMFSC_MKFGSU256_NTA0_NTB0_NTC3_NTD3_NEPBS0_NLCA1_NLCB1_ONLL1_OPLV0_PK0_PAP0_PGR2_PLR5_PKA0_SIA3_SLW1_SS1_SU0_SUM0_SUS0_SCIUI1_SPO1_SRVW0_SSO6_SVW2_SNLL0_TSGRA0_TSGRB0_TT2_64_TLDS0_UMLDSA0_UMLDSB0_U64SL1_USFGROn1_VAW1_VSn1_VW2_VWB1_VFLRP0_WSGRA0_WSGRB0_WS64_WG64_4_1_WGM6",27907,6448491141117677,6448491141127092,0,24832,256,1,1,512,3,1
"KERNEL_DISPATCH",1,1,234879,1342,68,"void rocsolver::v32802::getf2_npvt_small_kernel<16, double, int, int, double*>(int, double*, long, int, long, int*, int, int)",27910,6448491141129175,6448491141137067,0,136,144,1,1,144,1,1
"KERNEL_DISPATCH",1,1,234879,1343,185,"void rocsolver::v32802::unit_forward_substitution_kernel<double, int, double*>(int, int, double*, int, int, long, long, double*, int, int, long, long)",27915,6448491141141514,6448491141150087,0,512,16,64,1,16,128,1
"KERNEL_DISPATCH",1,1,234879,1344,817,"Cijk_Ailk_Bljk_DB_MT128x64x16_MI16x16x4x1_SN_1LDSB1_APM1_ABV0_ACED0_AF0EM2_AF1EM2_AMAS3_ASE_ASGT_ASLT_ASM_ASAE01_ASCE01_ASEM2_AAC0_BL1_BS1_CLR0_DTLA0_DTLB0_DTVA0_DTVB0_DVO0_ETSP_EPS1_ELFLR0_EMLL0_FSSC10_FL0_GLVWA2_GLVWB2_GRCGA1_GRCGB1_GRPM1_GRVW2_GSU1_GSUASB_GLS0_ISA942_IU1_K1_KLA_LBSPPA0_LBSPPB0_LPA0_LPB2_LDL1_LRVW1_LWPMn1_LDW0_FMA_MIAV1_MDA2_MO40_MMFSC_MKFGSU256_NTA0_NTB0_NTC3_NTD3_NEPBS0_NLCA1_NLCB1_ONLL1_OPLV0_PK0_PAP0_PGR2_PLR5_PKA0_SIA3_SLW1_SS1_SU0_SUM0_SUS0_SCIUI1_SPO1_SRVW0_SSO6_SVW2_SNLL0_TSGRA0_TSGRB0_TT2_64_TLDS0_UMLDSA0_UMLDSB0_U64SL1_USFGROn1_VAW1_VSn1_VW2_VWB1_VFLRP0_WSGRA0_WSGRB0_WS64_WG64_4_1_WGM6",27918,6448491141164774,6448491141170182,0,24832,256,1,1,256,2,1
"KERNEL_DISPATCH",1,1,234879,1345,68,"void rocsolver::v32802::getf2_npvt_small_kernel<16, double, int, int, double*>(int, double*, long, int, long, int*, int, int)",27921,6448491141176051,6448491141183542,0,136,128,1,1,128,1,1
"KERNEL_DISPATCH",1,1,234879,1346,185,"void rocsolver::v32802::unit_forward_substitution_kernel<double, int, double*>(int, int, double*, int, int, long, long, double*, int, int, long, long)",27926,6448491141192866,6448491141201880,0,512,16,64,1,16,128,1
"KERNEL_DISPATCH",1,1,234879,1347,1178,"Cijk_Ailk_Bljk_DB_MT128x64x16_MI16x16x4x1_SN_1LDSB1_APM1_ABV0_ACED0_AF0EM2_AF1EM2_AMAS3_ASE_ASGT_ASLT_ASM_ASAE01_ASCE01_ASEM2_AAC0_BL1_BS1_CLR0_DTLA0_DTLB0_DTVA0_DTVB0_DVO0_ETSP_EPS1_ELFLR0_EMLL0_FSSC10_FL0_GLVWA2_GLVWB2_GRCGA1_GRCGB1_GRPM1_GRVW2_GSU1_GSUASB_GLS0_ISA942_IU1_K1_KLA_LBSPPA0_LBSPPB0_LPA0_LPB2_LDL1_LRVW1_LWPMn1_LDW0_FMA_MIAV1_MDA2_MO40_MMFSC_MKFGSU256_NTA0_NTB0_NTC3_NTD3_NEPBS0_NLCA1_NLCB1_ONLL1_OPLV0_PK0_PAP0_PGR2_PLR1_PKA0_SIA3_SLW1_SS1_SU0_SUM0_SUS0_SCIUI1_SPO1_SRVW0_SSO6_SVW2_SNLL0_TSGRA0_TSGRB0_TT2_64_TLDS0_UMLDSA0_UMLDSB0_U64SL1_USFGROn1_VAW1_VSn1_VW2_VWB1_VFLRP0_WSGRA0_WSGRB0_WS64_WG64_4_1_WGM6",27929,6448491141210460,6448491141218993,0,24832,256,1,1,256,2,1
"KERNEL_DISPATCH",1,1,234879,1348,68,"void rocsolver::v32802::getf2_npvt_small_kernel<16, double, int, int, double*>(int, double*, long, int, long, int*, int, int)",27932,6448491141221436,6448491141228728,0,136,112,1,1,112,1,1
"KERNEL_DISPATCH",1,1,234879,1349,185,"void rocsolver::v32802::unit_forward_substitution_kernel<double, int, double*>(int, int, double*, int, int, long, long, double*, int, int, long, long)",27937,6448491141232047,6448491141240580,0,512,16,64,1,16,128,1
"KERNEL_DISPATCH",1,1,234879,1350,999,"Cijk_Ailk_Bljk_DB_MT128x64x16_MI16x16x4x1_SN_1LDSB1_APM1_ABV0_ACED0_AF0EM2_AF1EM2_AMAS3_ASE_ASGT_ASLT_ASM_ASAE01_ASCE01_ASEM2_AAC0_BL1_BS1_CLR0_DTLA0_DTLB0_DTVA1_DTVB0_DVO0_ETSP_EPS1_ELFLR0_EMLL0_FSSC10_FL0_GLVWA2_GLVWB2_GRCGA1_GRCGB1_GRPM1_GRVW2_GSU1_GSUASB_GLS0_ISA942_IU1_K1_KLA_LBSPPA0_LBSPPB0_LPA0_LPB2_LDL1_LRVW1_LWPMn1_LDW0_FMA_MIAV1_MDA2_MO40_MMFSC_MKFGSU256_NTA0_NTB0_NTC3_NTD3_NEPBS0_NLCA1_NLCB1_ONLL1_OPLV0_PK0_PAP0_PGR2_PLR5_PKA0_SIA3_SLW1_SS1_SU0_SUM0_SUS0_SCIUI1_SPO1_SRVW0_SSO6_SVW2_SNLL0_TSGRA0_TSGRB0_TT2_64_TLDS0_UMLDSA0_UMLDSB0_U64SL1_USFGROn1_VAW1_VSn1_VW2_VWB1_VFLRP0_WSGRA0_WSGRB0_WS64_WG64_4_1_WGM12",27940,6448491141261471,6448491141270445,0,8448,256,1,1,256,2,1
"KERNEL_DISPATCH",1,1,234879,1351,68,"void rocsolver::v32802::getf2_npvt_small_kernel<16, double, int, int, double*>(int, double*, long, int, long, int*, int, int)",27943,6448491141273636,6448491141281689,0,136,96,1,1,96,1,1
"KERNEL_DISPATCH",1,1,234879,1352,185,"void rocsolver::v32802::unit_forward_substitution_kernel<double, int, double*>(int, int, double*, int, int, long, long, double*, int, int, long, long)",27948,6448491141298354,6448491141307729,0,512,16,64,1,16,128,1
"KERNEL_DISPATCH",1,1,234879,1353,759,"Cijk_Ailk_Bljk_DB_MT64x64x16_MI16x16x4x1_SN_1LDSB1_APM1_ABV0_ACED0_AF0EM2_AF1EM2_AMAS3_ASE_ASGT_ASLT_ASM_ASAE01_ASCE01_ASEM2_AAC0_BL1_BS1_CLR0_DTLA0_DTLB0_DTVA0_DTVB0_DVO0_ETSP_EPS1_ELFLR0_EMLL0_FSSC10_FL0_GLVWA2_GLVWB2_GRCGA1_GRCGB1_GRPM1_GRVW2_GSU1_GSUASB_GLS0_ISA942_IU1_K1_KLA_LBSPPA0_LBSPPB0_LPA0_LPB2_LDL1_LRVW1_LWPMn1_LDW0_FMA_MIAV1_MDA2_MO40_MMFSC_MKFGSU256_NTA0_NTB0_NTC3_NTD3_NEPBS4_NLCA1_NLCB1_ONLL1_OPLV0_PK0_PAP0_PGR2_PLR5_PKA0_SIA3_SLW1_SS1_SU0_SUM0_SUS0_SCIUI1_SPO1_SRVW0_SSO6_SVW2_SNLL0_TSGRA0_TSGRB0_TT2_32_TLDS0_UMLDSA0_UMLDSB0_U64SL1_USFGROn1_VAW1_VSn1_VW2_VWB1_VFLRP0_WSGRA0_WSGRB0_WS64_WG32_8_1_WGM6",27951,6448491141314753,6448491141322245,0,16640,256,1,1,512,2,1
"KERNEL_DISPATCH",1,1,234879,1354,68,"void rocsolver::v32802::getf2_npvt_small_kernel<16, double, int, int, double*>(int, double*, long, int, long, int*, int, int)",27954,6448491141326511,6448491141334083,0,136,80,1,1,80,1,1
"KERNEL_DISPATCH",1,1,234879,1355,185,"void rocsolver::v32802::unit_forward_substitution_kernel<double, int, double*>(int, int, double*, int, int, long, long, double*, int, int, long, long)",27959,6448491141343984,6448491141353839,0,512,16,64,1,16,64,1
"KERNEL_DISPATCH",1,1,234879,1356,814,"Cijk_Ailk_Bljk_DB_MT64x64x16_MI16x16x4x1_SN_1LDSB1_APM1_ABV0_ACED0_AF0EM2_AF1EM2_AMAS0_ASE_ASGT_ASLT_ASM_ASAE01_ASCE01_ASEM2_AAC0_BL1_BS1_CLR0_DTLA0_DTLB0_DTVA1_DTVB0_DVO0_ETSP_EPS1_ELFLR0_EMLL0_FSSC10_FL0_GLVWA1_GLVWB1_GRCGA1_GRCGB1_GRPM1_GRVW1_GSU1_GSUASB_GLS0_ISA942_IU1_K1_KLA_LBSPPA0_LBSPPB128_LPA0_LPB4_LDL1_LRVW2_LWPMn1_LDW0_FMA_MIAV1_MDA2_MO40_MMFSC_MKFGSU256_NTA0_NTB0_NTC3_NTD3_NEPBS0_NLCA1_NLCB1_ONLL1_OPLV0_PK0_PAP0_PGR2_PLR5_PKA0_SIA3_SLW1_SS1_SU0_SUM0_SUS0_SCIUI1_SPO1_SRVW0_SSO6_SVW1_SNLL0_TSGRA0_TSGRB0_TT1_64_TLDS1_UMLDSA0_UMLDSB1_U64SL1_USFGROn1_VAW1_VSn1_VW1_VWB1_VFLRP0_WSGRA0_WSGRB0_WS64_WG64_4_1_WGM6",27962,6448491141360009,6448491141367020,0,10240,256,1,1,256,1,1
"KERNEL_DISPATCH",1,1,234879,1357,68,"void rocsolver::v32802::getf2_npvt_small_kernel<16, double, int, int, double*>(int, double*, long, int, long, int*, int, int)",27965,6448491141370986,6448491141378397,0,136,64,1,1,64,1,1
"KERNEL_DISPATCH",1,1,234879,1358,185,"void rocsolver::v32802::unit_forward_substitution_kernel<double, int, double*>(int, int, double*, int, int, long, long, double*, int, int, long, long)",27970,6448491141382684,6448491141391217,0,512,16,64,1,16,64,1
"KERNEL_DISPATCH",1,1,234879,1359,744,"Cijk_Ailk_Bljk_DB_MT64x64x16_MI16x16x4x1_SN_1LDSB1_APM1_ABV0_ACED0_AF0EM2_AF1EM2_AMAS3_ASE_ASGT_ASLT_ASM_ASAE01_ASCE01_ASEM2_AAC0_BL1_BS1_CLR0_DTLA0_DTLB0_DTVA0_DTVB0_DVO0_ETSP_EPS1_ELFLR0_EMLL0_FSSC10_FL0_GLVWA2_GLVWB2_GRCGA1_GRCGB1_GRPM1_GRVW2_GSU1_GSUASB_GLS0_ISA942_IU1_K1_KLA_LBSPPA0_LBSPPB128_LPA0_LPB4_LDL1_LRVW2_LWPMn1_LDW0_FMA_MIAV1_MDA2_MO40_MMFSC_MKFGSU256_NTA0_NTB0_NTC3_NTD3_NEPBS0_NLCA1_NLCB1_ONLL1_OPLV0_PK0_PAP0_PGR2_PLR5_PKA0_SIA3_SLW1_SS1_SU0_SUM0_SUS0_SCIUI1_SPO1_SRVW0_SSO6_SVW2_SNLL0_TSGRA0_TSGRB0_TT2_32_TLDS1_UMLDSA0_UMLDSB1_U64SL1_USFGROn1_VAW1_VSn1_VW2_VWB1_VFLRP0_WSGRA0_WSGRB0_WS64_WG32_8_1_WGM6",27973,6448491141413594,6448491141417721,0,18432,256,1,1,256,1,1
"KERNEL_DISPATCH",1,1,234879,1360,68,"void rocsolver::v32802::getf2_npvt_small_kernel<16, double, int, int, double*>(int, double*, long, int, long, int*, int, int)",27976,6448491141423386,6448491141430998,0,136,48,1,1,48,1,1
"KERNEL_DISPATCH",1,1,234879,1361,185,"void rocsolver::v32802::unit_forward_substitution_kernel<double, int, double*>(int, int, double*, int, int, long, long, double*, int, int, long, long)",27981,6448491141441293,6448491141449626,0,512,16,64,1,16,64,1
"KERNEL_DISPATCH",1,1,234879,1362,754,"Cijk_Ailk_Bljk_DB_MT32x64x32_MI16x16x4x1_SN_1LDSB1_APM1_ABV0_ACED0_AF0EM2_AF1EM2_AMAS3_ASE_ASGT_ASLT_ASM_ASAE01_ASCE01_ASEM2_AAC0_BL1_BS1_CLR0_DTLA0_DTLB0_DTVA0_DTVB0_DVO0_ETSP_EPS1_ELFLR0_EMLL0_FSSC10_FL0_GLVWA2_GLVWB2_GRCGA1_GRCGB1_GRPM1_GRVW2_GSU1_GSUASB_GLS0_ISA942_IU1_K1_KLA_LBSPPA0_LBSPPB256_LPA0_LPB4_LDL1_LRVW2_LWPMn1_LDW0_FMA_MIAV1_MDA2_MO40_MMFSC_MKFGSU256_NTA0_NTB0_NTC3_NTD3_NEPBS0_NLCA1_NLCB1_ONLL1_OPLV0_PK0_PAP0_PGR2_PLR9_PKA0_SIA3_SLW1_SS1_SU0_SUM0_SUS0_SCIUI1_SPO1_SRVW0_SSO6_SVW2_SNLL0_TSGRA0_TSGRB0_TT2_16_TLDS1_UMLDSA0_UMLDSB1_U64SL1_USFGROn1_VAW1_VSn1_VW2_VWB1_VFLRP0_WSGRA0_WSGRB0_WS64_WG16_16_1_WGM6",27984,6448491141458760,6448491141464048,0,26624,256,1,1,256,1,1
"KERNEL_DISPATCH",1,1,234879,1363,68,"void rocsolver::v32802::getf2_npvt_small_kernel<16, double, int, int, double*>(int, double*, long, int, long, int*, int, int)",27987,6448491141471700,6448491141479111,0,136,32,1,1,32,1,1
"KERNEL_DISPATCH",1,1,234879,1364,185,"void rocsolver::v32802::unit_forward_substitution_kernel<double, int, double*>(int, int, double*, int, int, long, long, double*, int, int, long, long)",27992,6448491141481048,6448491141487899,0,512,16,64,1,16,64,1
"KERNEL_DISPATCH",1,1,234879,1365,754,"Cijk_Ailk_Bljk_DB_MT32x64x32_MI16x16x4x1_SN_1LDSB1_APM1_ABV0_ACED0_AF0EM2_AF1EM2_AMAS3_ASE_ASGT_ASLT_ASM_ASAE01_ASCE01_ASEM2_AAC0_BL1_BS1_CLR0_DTLA0_DTLB0_DTVA0_DTVB0_DVO0_ETSP_EPS1_ELFLR0_EMLL0_FSSC10_FL0_GLVWA2_GLVWB2_GRCGA1_GRCGB1_GRPM1_GRVW2_GSU1_GSUASB_GLS0_ISA942_IU1_K1_KLA_LBSPPA0_LBSPPB256_LPA0_LPB4_LDL1_LRVW2_LWPMn1_LDW0_FMA_MIAV1_MDA2_MO40_MMFSC_MKFGSU256_NTA0_NTB0_NTC3_NTD3_NEPBS0_NLCA1_NLCB1_ONLL1_OPLV0_PK0_PAP0_PGR2_PLR9_PKA0_SIA3_SLW1_SS1_SU0_SUM0_SUS0_SCIUI1_SPO1_SRVW0_SSO6_SVW2_SNLL0_TSGRA0_TSGRB0_TT2_16_TLDS1_UMLDSA0_UMLDSB1_U64SL1_USFGROn1_VAW1_VSn1_VW2_VWB1_VFLRP0_WSGRA0_WSGRB0_WS64_WG16_16_1_WGM6",27995,6448491141503068,6448491141507034,0,26624,256,1,1,256,1,1
"KERNEL_DISPATCH",1,1,234879,1366,68,"void rocsolver::v32802::getf2_npvt_small_kernel<16, double, int, int, double*>(int, double*, long, int, long, int*, int, int)",27998,6448491141511521,6448491141518692,0,136,16,1,1,16,1,1
"KERNEL_DISPATCH",1,1,234879,1367,1399,"void rocblas_trtri_trsm_kernel<128, 16, 8, double, double const*, double*>(rocblas_fill_, rocblas_diagonal_, double const*, long, int, long, double*, long, long, int)",28002,6448491141523059,6448491141551583,0,8192,256,1,1,4096,1,1
"KERNEL_DISPATCH",1,1,234879,1368,1443,"void rocblas_trtri_fill<128, double, double*>(_rocblas_handle*, rocblas_fill_, int, long, int, long, double*, long, long, int, int)",28007,6448491141551583,6448491141553786,0,0,128,1,1,32512,1,1
"KERNEL_DISPATCH",1,1,234879,1369,997,"Cijk_Ailk_Bljk_DB_MT64x32x16_MI16x16x4x1_SN_1LDSB1_APM1_ABV0_ACED0_AF0EM2_AF1EM2_AMAS0_ASE_ASGT_ASLT_ASM_ASAE01_ASCE01_ASEM2_AAC0_BL1_BS1_CLR0_DTLA0_DTLB0_DTVA1_DTVB0_DVO0_ETSP_EPS1_ELFLR0_EMLL0_FSSC10_FL0_GLVWA1_GLVWB1_GRCGA1_GRCGB1_GRPM1_GRVW1_GSU1_GSUASB_GLS0_ISA942_IU1_K1_KLA_LBSPPA0_LBSPPB128_LPA0_LPB4_LDL1_LRVW2_LWPMn1_LDW0_FMA_MIAV1_MDA2_MO40_MMFSC_MKFGSU256_NTA0_NTB0_NTC3_NTD3_NEPBS0_NLCA1_NLCB1_ONLL1_OPLV0_PK0_PAP0_PGR2_PLR5_PKA0_SIA3_SLW1_SS1_SU0_SUM0_SUS0_SCIUI1_SPO1_SRVW0_SSO6_SVW1_SNLL0_TSGRA0_TSGRB0_TT1_32_TLDS1_UMLDSA0_UMLDSB1_U64SL1_USFGROn1_VAW1_VSn1_VW1_VWB1_VFLRP0_WSGRA0_WSGRB0_WS64_WG64_4_1_WGM12",28011,6448491141556670,6448491141562599,0,5120,256,1,1,256,1,4
"KERNEL_DISPATCH",1,1,234879,1370,997,"Cijk_Ailk_Bljk_DB_MT64x32x16_MI16x16x4x1_SN_1LDSB1_APM1_ABV0_ACED0_AF0EM2_AF1EM2_AMAS0_ASE_ASGT_ASLT_ASM_ASAE01_ASCE01_ASEM2_AAC0_BL1_BS1_CLR0_DTLA0_DTLB0_DTVA1_DTVB0_DVO0_ETSP_EPS1_ELFLR0_EMLL0_FSSC10_FL0_GLVWA1_GLVWB1_GRCGA1_GRCGB1_GRPM1_GRVW1_GSU1_GSUASB_GLS0_ISA942_IU1_K1_KLA_LBSPPA0_LBSPPB128_LPA0_LPB4_LDL1_LRVW2_LWPMn1_LDW0_FMA_MIAV1_MDA2_MO40_MMFSC_MKFGSU256_NTA0_NTB0_NTC3_NTD3_NEPBS0_NLCA1_NLCB1_ONLL1_OPLV0_PK0_PAP0_PGR2_PLR5_PKA0_SIA3_SLW1_SS1_SU0_SUM0_SUS0_SCIUI1_SPO1_SRVW0_SSO6_SVW1_SNLL0_TSGRA0_TSGRB0_TT1_32_TLDS1_UMLDSA0_UMLDSB1_U64SL1_USFGROn1_VAW1_VSn1_VW1_VWB1_VFLRP0_WSGRA0_WSGRB0_WS64_WG64_4_1_WGM12",28014,6448491141573857,6448491141578864,0,5120,256,1,1,256,1,4
"KERNEL_DISPATCH",1,1,234879,1371,997,"Cijk_Ailk_Bljk_DB_MT64x32x16_MI16x16x4x1_SN_1LDSB1_APM1_ABV0_ACED0_AF0EM2_AF1EM2_AMAS0_ASE_ASGT_ASLT_ASM_ASAE01_ASCE01_ASEM2_AAC0_BL1_BS1_CLR0_DTLA0_DTLB0_DTVA1_DTVB0_DVO0_ETSP_EPS1_ELFLR0_EMLL0_FSSC10_FL0_GLVWA1_GLVWB1_GRCGA1_GRCGB1_GRPM1_GRVW1_GSU1_GSUASB_GLS0_ISA942_IU1_K1_KLA_LBSPPA0_LBSPPB128_LPA0_LPB4_LDL1_LRVW2_LWPMn1_LDW0_FMA_MIAV1_MDA2_MO40_MMFSC_MKFGSU256_NTA0_NTB0_NTC3_NTD3_NEPBS0_NLCA1_NLCB1_ONLL1_OPLV0_PK0_PAP0_PGR2_PLR5_PKA0_SIA3_SLW1_SS1_SU0_SUM0_SUS0_SCIUI1_SPO1_SRVW0_SSO6_SVW1_SNLL0_TSGRA0_TSGRB0_TT1_32_TLDS1_UMLDSA0_UMLDSB1_U64SL1_USFGROn1_VAW1_VSn1_VW1_VWB1_VFLRP0_WSGRA0_WSGRB0_WS64_WG64_4_1_WGM12",28017,6448491141597493,6448491141603662,0,5120,256,1,1,256,1,4
"KERNEL_DISPATCH",1,1,234879,1372,997,"Cijk_Ailk_Bljk_DB_MT64x32x16_MI16x16x4x1_SN_1LDSB1_APM1_ABV0_ACED0_AF0EM2_AF1EM2_AMAS0_ASE_ASGT_ASLT_ASM_ASAE01_ASCE01_ASEM2_AAC0_BL1_BS1_CLR0_DTLA0_DTLB0_DTVA1_DTVB0_DVO0_ETSP_EPS1_ELFLR0_EMLL0_FSSC10_FL0_GLVWA1_GLVWB1_GRCGA1_GRCGB1_GRPM1_GRVW1_GSU1_GSUASB_GLS0_ISA942_IU1_K1_KLA_LBSPPA0_LBSPPB128_LPA0_LPB4_LDL1_LRVW2_LWPMn1_LDW0_FMA_MIAV1_MDA2_MO40_MMFSC_MKFGSU256_NTA0_NTB0_NTC3_NTD3_NEPBS0_NLCA1_NLCB1_ONLL1_OPLV0_PK0_PAP0_PGR2_PLR5_PKA0_SIA3_SLW1_SS1_SU0_SUM0_SUS0_SCIUI1_SPO1_SRVW0_SSO6_SVW1_SNLL0_TSGRA0_TSGRB0_TT1_32_TLDS1_UMLDSA0_UMLDSB1_U64SL1_USFGROn1_VAW1_VSn1_VW1_VWB1_VFLRP0_WSGRA0_WSGRB0_WS64_WG64_4_1_WGM12",28020,6448491141611194,6448491141617083,0,5120,256,1,1,256,1,4
"KERNEL_DISPATCH",1,1,234879,1373,970,"Cijk_Ailk_Bljk_DB_MT64x64x32_MI16x16x4x1_SN_1LDSB1_APM1_ABV0_ACED0_AF0EM2_AF1EM2_AMAS0_ASE_ASGT_ASLT_ASM_ASAE01_ASCE01_ASEM2_AAC0_BL1_BS1_CLR0_DTLA0_DTLB0_DTVA0_DTVB0_DVO0_ETSP_EPS1_ELFLR0_EMLL0_FSSC10_FL0_GLVWA1_GLVWB1_GRCGA1_GRCGB1_GRPM1_GRVW1_GSU1_GSUASB_GLS0_ISA942_IU1_K1_KLA_LBSPPA0_LBSPPB0_LPA0_LPB1_LDL1_LRVW1_LWPMn1_LDW0_FMA_MIAV1_MDA2_MO40_MMFSC_MKFGSU256_NTA0_NTB0_NTC3_NTD3_NEPBS0_NLCA1_NLCB1_ONLL1_OPLV0_PK0_PAP0_PGR2_PLR9_PKA0_SIA3_SLW1_SS1_SU0_SUM0_SUS0_SCIUI1_SPO1_SRVW0_SSO6_SVW1_SNLL0_TSGRA0_TSGRB0_TT2_32_TLDS0_UMLDSA0_UMLDSB0_U64SL1_USFGROn1_VAW1_VSn1_VW1_VWB1_VFLRP0_WSGRA0_WSGRB0_WS64_WG32_8_1_WGM6",28023,6448491141632787,6448491141640198,0,33024,256,1,1,256,1,4
"KERNEL_DISPATCH",1,1,234879,1374,970,"Cijk_Ailk_Bljk_DB_MT64x64x32_MI16x16x4x1_SN_1LDSB1_APM1_ABV0_ACED0_AF0EM2_AF1EM2_AMAS0_ASE_ASGT_ASLT_ASM_ASAE01_ASCE01_ASEM2_AAC0_BL1_BS1_CLR0_DTLA0_DTLB0_DTVA0_DTVB0_DVO0_ETSP_EPS1_ELFLR0_EMLL0_FSSC10_FL0_GLVWA1_GLVWB1_GRCGA1_GRCGB1_GRPM1_GRVW1_GSU1_GSUASB_GLS0_ISA942_IU1_K1_KLA_LBSPPA0_LBSPPB0_LPA0_LPB1_LDL1_LRVW1_LWPMn1_LDW0_FMA_MIAV1_MDA2_MO40_MMFSC_MKFGSU256_NTA0_NTB0_NTC3_NTD3_NEPBS0_NLCA1_NLCB1_ONLL1_OPLV0_PK0_PAP0_PGR2_PLR9_PKA0_SIA3_SLW1_SS1_SU0_SUM0_SUS0_SCIUI1_SPO1_SRVW0_SSO6_SVW1_SNLL0_TSGRA0_TSGRB0_TT2_32_TLDS0_UMLDSA0_UMLDSB0_U64SL1_USFGROn1_VAW1_VSn1_VW1_VWB1_VFLRP0_WSGRA0_WSGRB0_WS64_WG32_8_1_WGM6",28026,6448491141648251,6448491141655862,0,33024,256,1,1,256,1,4
"KERNEL_DISPATCH",1,1,234879,1375,1471,"void rocblas_copy_matrix_trsm<128, 8, double, double*, double*>(int, int, int, double*, int, long, double*, int, long, long, long, int)",28030,6448491141662192,6448491141666198,0,0,128,8,1,2560,128,1
"KERNEL_DISPATCH",1,1,234879,1376,1083,"Cijk_Ailk_Bljk_DB_MT128x32x16_MI16x16x4x1_SN_1LDSB1_APM1_ABV0_ACED0_AF0EM1_AF1EM1_AMAS3_ASE_ASGT_ASLT_ASM_ASAE01_ASCE01_ASEM1_AAC0_BL1_BS1_CLR0_DTLA0_DTLB0_DTVA1_DTVB0_DVO0_ETB_EPS1_ELFLR0_EMLL0_FSSC10_FL0_GLVWA2_GLVWB1_GRCGA1_GRCGB1_GRPM1_GRVWn1_GSU1_GSUASB_GLS0_ISA942_IU1_K1_KLA_LBSPPA0_LBSPPB128_LPA0_LPB1_LDL1_LRVW1_LWPMn1_LDW0_FMA_MIAV1_MDA2_MO40_MMFSC_MKFGSU256_NTA0_NTB0_NTC3_NTD3_NEPBS4_NLCA1_NLCB1_ONLL1_OPLV0_PK0_PAP0_PGR2_PLR1_PKA0_SIA3_SLW1_SS1_SU0_SUM0_SUS0_SCIUI1_SPO0_SRVW0_SSO0_SVW2_SNLL0_TSGRA0_TSGRB0_TT2_32_TLDS1_UMLDSA0_UMLDSB1_U64SL1_USFGROn1_VAW1_VSn1_VW2_VWB1_VFLRP0_WSGRA0_WSGRB0_WS64_WG64_4_1_WGMn12",28034,6448491141682967,6448491141691621,0,4352,256,1,1,5120,4,1
"KERNEL_DISPATCH",1,1,234879,1377,1083,"Cijk_Ailk_Bljk_DB_MT128x32x16_MI16x16x4x1_SN_1LDSB1_APM1_ABV0_ACED0_AF0EM1_AF1EM1_AMAS3_ASE_ASGT_ASLT_ASM_ASAE01_ASCE01_ASEM1_AAC0_BL1_BS1_CLR0_DTLA0_DTLB0_DTVA1_DTVB0_DVO0_ETB_EPS1_ELFLR0_EMLL0_FSSC10_FL0_GLVWA2_GLVWB1_GRCGA1_GRCGB1_GRPM1_GRVWn1_GSU1_GSUASB_GLS0_ISA942_IU1_K1_KLA_LBSPPA0_LBSPPB128_LPA0_LPB1_LDL1_LRVW1_LWPMn1_LDW0_FMA_MIAV1_MDA2_MO40_MMFSC_MKFGSU256_NTA0_NTB0_NTC3_NTD3_NEPBS4_NLCA1_NLCB1_ONLL1_OPLV0_PK0_PAP0_PGR2_PLR1_PKA0_SIA3_SLW1_SS1_SU0_SUM0_SUS0_SCIUI1_SPO0_SRVW0_SSO0_SVW2_SNLL0_TSGRA0_TSGRB0_TT2_32_TLDS1_UMLDSA0_UMLDSB1_U64SL1_USFGROn1_VAW1_VSn1_VW2_VWB1_VFLRP0_WSGRA0_WSGRB0_WS64_WG64_4_1_WGMn12",28037,6448491141700571,6448491141709184,0,4352,256,1,1,5120,4,1
"KERNEL_DISPATCH",1,1,234879,1378,1083,"Cijk_Ailk_Bljk_DB_MT128x32x16_MI16x16x4x1_SN_1LDSB1_APM1_ABV0_ACED0_AF0EM1_AF1EM1_AMAS3_ASE_ASGT_ASLT_ASM_ASAE01_ASCE01_ASEM1_AAC0_BL1_BS1_CLR0_DTLA0_DTLB0_DTVA1_DTVB0_DVO0_ETB_EPS1_ELFLR0_EMLL0_FSSC10_FL0_GLVWA2_GLVWB1_GRCGA1_GRCGB1_GRPM1_GRVWn1_GSU1_GSUASB_GLS0_ISA942_IU1_K1_KLA_LBSPPA0_LBSPPB128_LPA0_LPB1_LDL1_LRVW1_LWPMn1_LDW0_FMA_MIAV1_MDA2_MO40_MMFSC_MKFGSU256_NTA0_NTB0_NTC3_NTD3_NEPBS4_NLCA1_NLCB1_ONLL1_OPLV0_PK0_PAP0_PGR2_PLR1_PKA0_SIA3_SLW1_SS1_SU0_SUM0_SUS0_SCIUI1_SPO0_SRVW0_SSO0_SVW2_SNLL0_TSGRA0_TSGRB0_TT2_32_TLDS1_UMLDSA0_UMLDSB1_U64SL1_USFGROn1_VAW1_VSn1_VW2_VWB1_VFLRP0_WSGRA0_WSGRB0_WS64_WG64_4_1_WGMn12",28040,6448491141718198,6448491141725810,0,4352,256,1,1,5120,4,1
"KERNEL_DISPATCH",1,1,234879,1379,1083,"Cijk_Ailk_Bljk_DB_MT128x32x16_MI16x16x4x1_SN_1LDSB1_APM1_ABV0_ACED0_AF0EM1_AF1EM1_AMAS3_ASE_ASGT_ASLT_ASM_ASAE01_ASCE01_ASEM1_AAC0_BL1_BS1_CLR0_DTLA0_DTLB0_DTVA1_DTVB0_DVO0_ETB_EPS1_ELFLR0_EMLL0_FSSC10_FL0_GLVWA2_GLVWB1_GRCGA1_GRCGB1_GRPM1_GRVWn1_GSU1_GSUASB_GLS0_ISA942_IU1_K1_KLA_LBSPPA0_LBSPPB128_LPA0_LPB1_LDL1_LRVW1_LWPMn1_LDW0_FMA_MIAV1_MDA2_MO40_MMFSC_MKFGSU256_NTA0_NTB0_NTC3_NTD3_NEPBS4_NLCA1_NLCB1_ONLL1_OPLV0_PK0_PAP0_PGR2_PLR1_PKA0_SIA3_SLW1_SS1_SU0_SUM0_SUS0_SCIUI1_SPO0_SRVW0_SSO0_SVW2_SNLL0_TSGRA0_TSGRB0_TT2_32_TLDS1_UMLDSA0_UMLDSB1_U64SL1_USFGROn1_VAW1_VSn1_VW2_VWB1_VFLRP0_WSGRA0_WSGRB0_WS64_WG64_4_1_WGMn12",28043,6448491141736626,6448491141746842,0,4352,256,1,1,5120,4,1
"KERNEL_DISPATCH",1,1,234879,1380,1083,"Cijk_Ailk_Bljk_DB_MT128x32x16_MI16x16x4x1_SN_1LDSB1_APM1_ABV0_ACED0_AF0EM1_AF1EM1_AMAS3_ASE_ASGT_ASLT_ASM_ASAE01_ASCE01_ASEM1_AAC0_BL1_BS1_CLR0_DTLA0_DTLB0_DTVA1_DTVB0_DVO0_ETB_EPS1_ELFLR0_EMLL0_FSSC10_FL0_GLVWA2_GLVWB1_GRCGA1_GRCGB1_GRPM1_GRVWn1_GSU1_GSUASB_GLS0_ISA942_IU1_K1_KLA_LBSPPA0_LBSPPB128_LPA0_LPB1_LDL1_LRVW1_LWPMn1_LDW0_FMA_MIAV1_MDA2_MO40_MMFSC_MKFGSU256_NTA0_NTB0_NTC3_NTD3_NEPBS4_NLCA1_NLCB1_ONLL1_OPLV0_PK0_PAP0_PGR2_PLR1_PKA0_SIA3_SLW1_SS1_SU0_SUM0_SUS0_SCIUI1_SPO0_SRVW0_SSO0_SVW2_SNLL0_TSGRA0_TSGRB0_TT2_32_TLDS1_UMLDSA0_UMLDSB1_U64SL1_USFGROn1_VAW1_VSn1_VW2_VWB1_VFLRP0_WSGRA0_WSGRB0_WS64_WG64_4_1_WGMn12",28046,6448491141753733,6448491141762145,0,4352,256,1,1,5120,4,1
"KERNEL_DISPATCH",1,1,234879,1381,1083,"Cijk_Ailk_Bljk_DB_MT128x32x16_MI16x16x4x1_SN_1LDSB1_APM1_ABV0_ACED0_AF0EM1_AF1EM1_AMAS3_ASE_ASGT_ASLT_ASM_ASAE01_ASCE01_ASEM1_AAC0_BL1_BS1_CLR0_DTLA0_DTLB0_DTVA1_DTVB0_DVO0_ETB_EPS1_ELFLR0_EMLL0_FSSC10_FL0_GLVWA2_GLVWB1_GRCGA1_GRCGB1_GRPM1_GRVWn1_GSU1_GSUASB_GLS0_ISA942_IU1_K1_KLA_LBSPPA0_LBSPPB128_LPA0_LPB1_LDL1_LRVW1_LWPMn1_LDW0_FMA_MIAV1_MDA2_MO40_MMFSC_MKFGSU256_NTA0_NTB0_NTC3_NTD3_NEPBS4_NLCA1_NLCB1_ONLL1_OPLV0_PK0_PAP0_PGR2_PLR1_PKA0_SIA3_SLW1_SS1_SU0_SUM0_SUS0_SCIUI1_SPO0_SRVW0_SSO0_SVW2_SNLL0_TSGRA0_TSGRB0_TT2_32_TLDS1_UMLDSA0_UMLDSB1_U64SL1_USFGROn1_VAW1_VSn1_VW2_VWB1_VFLRP0_WSGRA0_WSGRB0_WS64_WG64_4_1_WGMn12",28049,6448491141771680,6448491141784259,0,4352,256,1,1,5120,4,1
"KERNEL_DISPATCH",1,1,234879,1382,1083,"Cijk_Ailk_Bljk_DB_MT128x32x16_MI16x16x4x1_SN_1LDSB1_APM1_ABV0_ACED0_AF0EM1_AF1EM1_AMAS3_ASE_ASGT_ASLT_ASM_ASAE01_ASCE01_ASEM1_AAC0_BL1_BS1_CLR0_DTLA0_DTLB0_DTVA1_DTVB0_DVO0_ETB_EPS1_ELFLR0_EMLL0_FSSC10_FL0_GLVWA2_GLVWB1_GRCGA1_GRCGB1_GRPM1_GRVWn1_GSU1_GSUASB_GLS0_ISA942_IU1_K1_KLA_LBSPPA0_LBSPPB128_LPA0_LPB1_LDL1_LRVW1_LWPMn1_LDW0_FMA_MIAV1_MDA2_MO40_MMFSC_MKFGSU256_NTA0_NTB0_NTC3_NTD3_NEPBS4_NLCA1_NLCB1_ONLL1_OPLV0_PK0_PAP0_PGR2_PLR1_PKA0_SIA3_SLW1_SS1_SU0_SUM0_SUS0_SCIUI1_SPO0_SRVW0_SSO0_SVW2_SNLL0_TSGRA0_TSGRB0_TT2_32_TLDS1_UMLDSA0_UMLDSB1_U64SL1_USFGROn1_VAW1_VSn1_VW2_VWB1_VFLRP0_WSGRA0_WSGRB0_WS64_WG64_4_1_WGMn12",28052,6448491141788706,6448491141796478,0,4352,256,1,1,5120,4,1
"KERNEL_DISPATCH",1,1,234879,1383,1399,"void rocblas_trtri_trsm_kernel<128, 16, 8, double, double const*, double*>(rocblas_fill_, rocblas_diagonal_, double const*, long, int, long, double*, long, long, int)",28056,6448491141796478,6448491141824681,0,8192,256,1,1,4096,1,1
"KERNEL_DISPATCH",1,1,234879,1385,997,"Cijk_Ailk_Bljk_DB_MT64x32x16_MI16x16x4x1_SN_1LDSB1_APM1_ABV0_ACED0_AF0EM2_AF1EM2_AMAS0_ASE_ASGT_ASLT_ASM_ASAE01_ASCE01_ASEM2_AAC0_BL1_BS1_CLR0_DTLA0_DTLB0_DTVA1_DTVB0_DVO0_ETSP_EPS1_ELFLR0_EMLL0_FSSC10_FL0_GLVWA1_GLVWB1_GRCGA1_GRCGB1_GRPM1_GRVW1_GSU1_GSUASB_GLS0_ISA942_IU1_K1_KLA_LBSPPA0_LBSPPB128_LPA0_LPB4_LDL1_LRVW2_LWPMn1_LDW0_FMA_MIAV1_MDA2_MO40_MMFSC_MKFGSU256_NTA0_NTB0_NTC3_NTD3_NEPBS0_NLCA1_NLCB1_ONLL1_OPLV0_PK0_PAP0_PGR2_PLR5_PKA0_SIA3_SLW1_SS1_SU0_SUM0_SUS0_SCIUI1_SPO1_SRVW0_SSO6_SVW1_SNLL0_TSGRA0_TSGRB0_TT1_32_TLDS1_UMLDSA0_UMLDSB1_U64SL1_USFGROn1_VAW1_VSn1_VW1_VWB1_VFLRP0_WSGRA0_WSGRB0_WS64_WG64_4_1_WGM12",28065,6448491141830691,6448491141837140,0,5120,256,1,1,256,1,4
"KERNEL_DISPATCH",1,1,234879,1384,1443,"void rocblas_trtri_fill<128, double, double*>(_rocblas_handle*, rocblas_fill_, int, long, int, long, double*, long, long, int, int)",28061,6448491141824681,6448491141827085,0,0,128,1,1,32512,1,1
"KERNEL_DISPATCH",1,1,234879,1386,997,"Cijk_Ailk_Bljk_DB_MT64x32x16_MI16x16x4x1_SN_1LDSB1_APM1_ABV0_ACED0_AF0EM2_AF1EM2_AMAS0_ASE_ASGT_ASLT_ASM_ASAE01_ASCE01_ASEM2_AAC0_BL1_BS1_CLR0_DTLA0_DTLB0_DTVA1_DTVB0_DVO0_ETSP_EPS1_ELFLR0_EMLL0_FSSC10_FL0_GLVWA1_GLVWB1_GRCGA1_GRCGB1_GRPM1_GRVW1_GSU1_GSUASB_GLS0_ISA942_IU1_K1_KLA_LBSPPA0_LBSPPB128_LPA0_LPB4_LDL1_LRVW2_LWPMn1_LDW0_FMA_MIAV1_MDA2_MO40_MMFSC_MKFGSU256_NTA0_NTB0_NTC3_NTD3_NEPBS0_NLCA1_NLCB1_ONLL1_OPLV0_PK0_PAP0_PGR2_PLR5_PKA0_SIA3_SLW1_SS1_SU0_SUM0_SUS0_SCIUI1_SPO1_SRVW0_SSO6_SVW1_SNLL0_TSGRA0_TSGRB0_TT1_32_TLDS1_UMLDSA0_UMLDSB1_U64SL1_USFGROn1_VAW1_VSn1_VW1_VWB1_VFLRP0_WSGRA0_WSGRB0_WS64_WG64_4_1_WGM12",28068,6448491141849560,6448491141854086,0,5120,256,1,1,256,1,4
"KERNEL_DISPATCH",1,1,234879,1387,997,"Cijk_Ailk_Bljk_DB_MT64x32x16_MI16x16x4x1_SN_1LDSB1_APM1_ABV0_ACED0_AF0EM2_AF1EM2_AMAS0_ASE_ASGT_ASLT_ASM_ASAE01_ASCE01_ASEM2_AAC0_BL1_BS1_CLR0_DTLA0_DTLB0_DTVA1_DTVB0_DVO0_ETSP_EPS1_ELFLR0_EMLL0_FSSC10_FL0_GLVWA1_GLVWB1_GRCGA1_GRCGB1_GRPM1_GRVW1_GSU1_GSUASB_GLS0_ISA942_IU1_K1_KLA_LBSPPA0_LBSPPB128_LPA0_LPB4_LDL1_LRVW2_LWPMn1_LDW0_FMA_MIAV1_MDA2_MO40_MMFSC_MKFGSU256_NTA0_NTB0_NTC3_NTD3_NEPBS0_NLCA1_NLCB1_ONLL1_OPLV0_PK0_PAP0_PGR2_PLR5_PKA0_SIA3_SLW1_SS1_SU0_SUM0_SUS0_SCIUI1_SPO1_SRVW0_SSO6_SVW1_SNLL0_TSGRA0_TSGRB0_TT1_32_TLDS1_UMLDSA0_UMLDSB1_U64SL1_USFGROn1_VAW1_VSn1_VW1_VWB1_VFLRP0_WSGRA0_WSGRB0_WS64_WG64_4_1_WGM12",28071,6448491141872194,6448491141877362,0,5120,256,1,1,256,1,4
"KERNEL_DISPATCH",1,1,234879,1388,997,"Cijk_Ailk_Bljk_DB_MT64x32x16_MI16x16x4x1_SN_1LDSB1_APM1_ABV0_ACED0_AF0EM2_AF1EM2_AMAS0_ASE_ASGT_ASLT_ASM_ASAE01_ASCE01_ASEM2_AAC0_BL1_BS1_CLR0_DTLA0_DTLB0_DTVA1_DTVB0_DVO0_ETSP_EPS1_ELFLR0_EMLL0_FSSC10_FL0_GLVWA1_GLVWB1_GRCGA1_GRCGB1_GRPM1_GRVW1_GSU1_GSUASB_GLS0_ISA942_IU1_K1_KLA_LBSPPA0_LBSPPB128_LPA0_LPB4_LDL1_LRVW2_LWPMn1_LDW0_FMA_MIAV1_MDA2_MO40_MMFSC_MKFGSU256_NTA0_NTB0_NTC3_NTD3_NEPBS0_NLCA1_NLCB1_ONLL1_OPLV0_PK0_PAP0_PGR2_PLR5_PKA0_SIA3_SLW1_SS1_SU0_SUM0_SUS0_SCIUI1_SPO1_SRVW0_SSO6_SVW1_SNLL0_TSGRA0_TSGRB0_TT1_32_TLDS1_UMLDSA0_UMLDSB1_U64SL1_USFGROn1_VAW1_VSn1_VW1_VWB1_VFLRP0_WSGRA0_WSGRB0_WS64_WG64_4_1_WGM12",28074,6448491141890166,6448491141894492,0,5120,256,1,1,256,1,4
"KERNEL_DISPATCH",1,1,234879,1389,970,"Cijk_Ailk_Bljk_DB_MT64x64x32_MI16x16x4x1_SN_1LDSB1_APM1_ABV0_ACED0_AF0EM2_AF1EM2_AMAS0_ASE_ASGT_ASLT_ASM_ASAE01_ASCE01_ASEM2_AAC0_BL1_BS1_CLR0_DTLA0_DTLB0_DTVA0_DTVB0_DVO0_ETSP_EPS1_ELFLR0_EMLL0_FSSC10_FL0_GLVWA1_GLVWB1_GRCGA1_GRCGB1_GRPM1_GRVW1_GSU1_GSUASB_GLS0_ISA942_IU1_K1_KLA_LBSPPA0_LBSPPB0_LPA0_LPB1_LDL1_LRVW1_LWPMn1_LDW0_FMA_MIAV1_MDA2_MO40_MMFSC_MKFGSU256_NTA0_NTB0_NTC3_NTD3_NEPBS0_NLCA1_NLCB1_ONLL1_OPLV0_PK0_PAP0_PGR2_PLR9_PKA0_SIA3_SLW1_SS1_SU0_SUM0_SUS0_SCIUI1_SPO1_SRVW0_SSO6_SVW1_SNLL0_TSGRA0_TSGRB0_TT2_32_TLDS0_UMLDSA0_UMLDSB0_U64SL1_USFGROn1_VAW1_VSn1_VW1_VWB1_VFLRP0_WSGRA0_WSGRB0_WS64_WG32_8_1_WGM6",28077,6448491141913778,6448491141921269,0,33024,256,1,1,256,1,4
"KERNEL_DISPATCH",1,1,234879,1390,970,"Cijk_Ailk_Bljk_DB_MT64x64x32_MI16x16x4x1_SN_1LDSB1_APM1_ABV0_ACED0_AF0EM2_AF1EM2_AMAS0_ASE_ASGT_ASLT_ASM_ASAE01_ASCE01_ASEM2_AAC0_BL1_BS1_CLR0_DTLA0_DTLB0_DTVA0_DTVB0_DVO0_ETSP_EPS1_ELFLR0_EMLL0_FSSC10_FL0_GLVWA1_GLVWB1_GRCGA1_GRCGB1_GRPM1_GRVW1_GSU1_GSUASB_GLS0_ISA942_IU1_K1_KLA_LBSPPA0_LBSPPB0_LPA0_LPB1_LDL1_LRVW1_LWPMn1_LDW0_FMA_MIAV1_MDA2_MO40_MMFSC_MKFGSU256_NTA0_NTB0_NTC3_NTD3_NEPBS0_NLCA1_NLCB1_ONLL1_OPLV0_PK0_PAP0_PGR2_PLR9_PKA0_SIA3_SLW1_SS1_SU0_SUM0_SUS0_SCIUI1_SPO1_SRVW0_SSO6_SVW1_SNLL0_TSGRA0_TSGRB0_TT2_32_TLDS0_UMLDSA0_UMLDSB0_U64SL1_USFGROn1_VAW1_VSn1_VW1_VWB1_VFLRP0_WSGRA0_WSGRB0_WS64_WG32_8_1_WGM6",28080,6448491141929041,6448491141934930,0,33024,256,1,1,256,1,4
"KERNEL_DISPATCH",1,1,234879,1391,1471,"void rocblas_copy_matrix_trsm<128, 8, double, double*, double*>(int, int, int, double*, int, long, double*, int, long, long, long, int)",28084,6448491141943944,6448491141957886,0,0,128,8,1,128,2560,1
"KERNEL_DISPATCH",1,1,234879,1392,922,"Cijk_Ailk_Bljk_DB_MT80x64x32_MI16x16x4x1_SN_1LDSB1_APM1_ABV0_ACED0_AF0EM1_AF1EM1_AMAS0_ASE_ASGT_ASLT_ASM_ASAE01_ASCE01_ASEM1_AAC0_BL1_BS1_CLR0_DTLA0_DTLB0_DTVA0_DTVB0_DVO0_ETB_EPS1_ELFLR0_EMLL0_FSSC10_FL0_GLVWA2_GLVWB2_GRCGA1_GRCGB1_GRPM1_GRVWn1_GSU1_GSUASB_GLS0_ISA942_IU1_K1_KLA_LBSPPA0_LBSPPB256_LPA0_LPB2_LDL1_LRVW1_LWPMn1_LDW0_FMA_MIAV1_MDA2_MO40_MMFSC_MKFGSU256_NTA0_NTB0_NTC3_NTD3_NEPBS4_NLCA5_NLCB1_ONLL1_OPLV0_PK0_PAP0_PGR2_PLR9_PKA0_SIA3_SLW1_SS1_SU0_SUM0_SUS0_SCIUI1_SPO0_SRVW0_SSO0_SVW1_SNLL0_TSGRA0_TSGRB0_TT5_16_TLDS1_UMLDSA0_UMLDSB1_U64SL1_USFGROn1_VAW1_VSn1_VW1_VWB1_VFLRP0_WSGRA0_WSGRB0_WS64_WG16_16_1_WGM12",28088,6448491141970505,6448491141986930,0,37888,256,1,1,512,40,1
"KERNEL_DISPATCH",1,1,234879,1393,922,"Cijk_Ailk_Bljk_DB_MT80x64x32_MI16x16x4x1_SN_1LDSB1_APM1_ABV0_ACED0_AF0EM1_AF1EM1_AMAS0_ASE_ASGT_ASLT_ASM_ASAE01_ASCE01_ASEM1_AAC0_BL1_BS1_CLR0_DTLA0_DTLB0_DTVA0_DTVB0_DVO0_ETB_EPS1_ELFLR0_EMLL0_FSSC10_FL0_GLVWA2_GLVWB2_GRCGA1_GRCGB1_GRPM1_GRVWn1_GSU1_GSUASB_GLS0_ISA942_IU1_K1_KLA_LBSPPA0_LBSPPB256_LPA0_LPB2_LDL1_LRVW1_LWPMn1_LDW0_FMA_MIAV1_MDA2_MO40_MMFSC_MKFGSU256_NTA0_NTB0_NTC3_NTD3_NEPBS4_NLCA5_NLCB1_ONLL1_OPLV0_PK0_PAP0_PGR2_PLR9_PKA0_SIA3_SLW1_SS1_SU0_SUM0_SUS0_SCIUI1_SPO0_SRVW0_SSO0_SVW1_SNLL0_TSGRA0_TSGRB0_TT5_16_TLDS1_UMLDSA0_UMLDSB1_U64SL1_USFGROn1_VAW1_VSn1_VW1_VWB1_VFLRP0_WSGRA0_WSGRB0_WS64_WG16_16_1_WGM12",28091,6448491141987965,6448491141999102,0,37888,256,1,1,512,40,1
"KERNEL_DISPATCH",1,1,234879,1394,922,"Cijk_Ailk_Bljk_DB_MT80x64x32_MI16x16x4x1_SN_1LDSB1_APM1_ABV0_ACED0_AF0EM1_AF1EM1_AMAS0_ASE_ASGT_ASLT_ASM_ASAE01_ASCE01_ASEM1_AAC0_BL1_BS1_CLR0_DTLA0_DTLB0_DTVA0_DTVB0_DVO0_ETB_EPS1_ELFLR0_EMLL0_FSSC10_FL0_GLVWA2_GLVWB2_GRCGA1_GRCGB1_GRPM1_GRVWn1_GSU1_GSUASB_GLS0_ISA942_IU1_K1_KLA_LBSPPA0_LBSPPB256_LPA0_LPB2_LDL1_LRVW1_LWPMn1_LDW0_FMA_MIAV1_MDA2_MO40_MMFSC_MKFGSU256_NTA0_NTB0_NTC3_NTD3_NEPBS4_NLCA5_NLCB1_ONLL1_OPLV0_PK0_PAP0_PGR2_PLR9_PKA0_SIA3_SLW1_SS1_SU0_SUM0_SUS0_SCIUI1_SPO0_SRVW0_SSO0_SVW1_SNLL0_TSGRA0_TSGRB0_TT5_16_TLDS1_UMLDSA0_UMLDSB1_U64SL1_USFGROn1_VAW1_VSn1_VW1_VWB1_VFLRP0_WSGRA0_WSGRB0_WS64_WG16_16_1_WGM12",28094,6448491142013084,6448491142021216,0,37888,256,1,1,512,40,1
"KERNEL_DISPATCH",1,1,234879,1395,922,"Cijk_Ailk_Bljk_DB_MT80x64x32_MI16x16x4x1_SN_1LDSB1_APM1_ABV0_ACED0_AF0EM1_AF1EM1_AMAS0_ASE_ASGT_ASLT_ASM_ASAE01_ASCE01_ASEM1_AAC0_BL1_BS1_CLR0_DTLA0_DTLB0_DTVA0_DTVB0_DVO0_ETB_EPS1_ELFLR0_EMLL0_FSSC10_FL0_GLVWA2_GLVWB2_GRCGA1_GRCGB1_GRPM1_GRVWn1_GSU1_GSUASB_GLS0_ISA942_IU1_K1_KLA_LBSPPA0_LBSPPB256_LPA0_LPB2_LDL1_LRVW1_LWPMn1_LDW0_FMA_MIAV1_MDA2_MO40_MMFSC_MKFGSU256_NTA0_NTB0_NTC3_NTD3_NEPBS4_NLCA5_NLCB1_ONLL1_OPLV0_PK0_PAP0_PGR2_PLR9_PKA0_SIA3_SLW1_SS1_SU0_SUM0_SUS0_SCIUI1_SPO0_SRVW0_SSO0_SVW1_SNLL0_TSGRA0_TSGRB0_TT5_16_TLDS1_UMLDSA0_UMLDSB1_U64SL1_USFGROn1_VAW1_VSn1_VW1_VWB1_VFLRP0_WSGRA0_WSGRB0_WS64_WG16_16_1_WGM12",28097,6448491142039891,6448491142054754,0,37888,256,1,1,512,40,1
"KERNEL_DISPATCH",1,1,234879,1396,922,"Cijk_Ailk_Bljk_DB_MT80x64x32_MI16x16x4x1_SN_1LDSB1_APM1_ABV0_ACED0_AF0EM1_AF1EM1_AMAS0_ASE_ASGT_ASLT_ASM_ASAE01_ASCE01_ASEM1_AAC0_BL1_BS1_CLR0_DTLA0_DTLB0_DTVA0_DTVB0_DVO0_ETB_EPS1_ELFLR0_EMLL0_FSSC10_FL0_GLVWA2_GLVWB2_GRCGA1_GRCGB1_GRPM1_GRVWn1_GSU1_GSUASB_GLS0_ISA942_IU1_K1_KLA_LBSPPA0_LBSPPB256_LPA0_LPB2_LDL1_LRVW1_LWPMn1_LDW0_FMA_MIAV1_MDA2_MO40_MMFSC_MKFGSU256_NTA0_NTB0_NTC3_NTD3_NEPBS4_NLCA5_NLCB1_ONLL1_OPLV0_PK0_PAP0_PGR2_PLR9_PKA0_SIA3_SLW1_SS1_SU0_SUM0_SUS0_SCIUI1_SPO0_SRVW0_SSO0_SVW1_SNLL0_TSGRA0_TSGRB0_TT5_16_TLDS1_UMLDSA0_UMLDSB1_U64SL1_USFGROn1_VAW1_VSn1_VW1_VWB1_VFLRP0_WSGRA0_WSGRB0_WS64_WG16_16_1_WGM12",28100,6448491142053495,6448491142061107,0,37888,256,1,1,512,40,1
"KERNEL_DISPATCH",1,1,234879,1397,922,"Cijk_Ailk_Bljk_DB_MT80x64x32_MI16x16x4x1_SN_1LDSB1_APM1_ABV0_ACED0_AF0EM1_AF1EM1_AMAS0_ASE_ASGT_ASLT_ASM_ASAE01_ASCE01_ASEM1_AAC0_BL1_BS1_CLR0_DTLA0_DTLB0_DTVA0_DTVB0_DVO0_ETB_EPS1_ELFLR0_EMLL0_FSSC10_FL0_GLVWA2_GLVWB2_GRCGA1_GRCGB1_GRPM1_GRVWn1_GSU1_GSUASB_GLS0_ISA942_IU1_K1_KLA_LBSPPA0_LBSPPB256_LPA0_LPB2_LDL1_LRVW1_LWPMn1_LDW0_FMA_MIAV1_MDA2_MO40_MMFSC_MKFGSU256_NTA0_NTB0_NTC3_NTD3_NEPBS4_NLCA5_NLCB1_ONLL1_OPLV0_PK0_PAP0_PGR2_PLR9_PKA0_SIA3_SLW1_SS1_SU0_SUM0_SUS0_SCIUI1_SPO0_SRVW0_SSO0_SVW1_SNLL0_TSGRA0_TSGRB0_TT5_16_TLDS1_UMLDSA0_UMLDSB1_U64SL1_USFGROn1_VAW1_VSn1_VW1_VWB1_VFLRP0_WSGRA0_WSGRB0_WS64_WG16_16_1_WGM12",28103,6448491142068495,6448491142084720,0,37888,256,1,1,512,40,1
"KERNEL_DISPATCH",1,1,234879,1398,922,"Cijk_Ailk_Bljk_DB_MT80x64x32_MI16x16x4x1_SN_1LDSB1_APM1_ABV0_ACED0_AF0EM1_AF1EM1_AMAS0_ASE_ASGT_ASLT_ASM_ASAE01_ASCE01_ASEM1_AAC0_BL1_BS1_CLR0_DTLA0_DTLB0_DTVA0_DTVB0_DVO0_ETB_EPS1_ELFLR0_EMLL0_FSSC10_FL0_GLVWA2_GLVWB2_GRCGA1_GRCGB1_GRPM1_GRVWn1_GSU1_GSUASB_GLS0_ISA942_IU1_K1_KLA_LBSPPA0_LBSPPB256_LPA0_LPB2_LDL1_LRVW1_LWPMn1_LDW0_FMA_MIAV1_MDA2_MO40_MMFSC_MKFGSU256_NTA0_NTB0_NTC3_NTD3_NEPBS4_NLCA5_NLCB1_ONLL1_OPLV0_PK0_PAP0_PGR2_PLR9_PKA0_SIA3_SLW1_SS1_SU0_SUM0_SUS0_SCIUI1_SPO0_SRVW0_SSO0_SVW1_SNLL0_TSGRA0_TSGRB0_TT5_16_TLDS1_UMLDSA0_UMLDSB1_U64SL1_USFGROn1_VAW1_VSn1_VW1_VWB1_VFLRP0_WSGRA0_WSGRB0_WS64_WG16_16_1_WGM12",28106,6448491142088927,6448491142096819,0,37888,256,1,1,512,40,1
"KERNEL_DISPATCH",1,1,234879,1399,1108,"Cijk_Ailk_Bljk_DB_MT128x128x16_MI16x16x4x1_SN_1LDSB1_APM1_ABV0_ACED0_AF0EM1_AF1EM1_AMAS3_ASE_ASGT_ASLT_ASM_ASAE01_ASCE01_ASEM1_AAC0_BL1_BS1_CLR0_DTLA0_DTLB0_DTVA1_DTVB0_DVO0_ETSP_EPS1_ELFLR0_EMLL0_FSSC10_FL0_GLVWA2_GLVWB2_GRCGA1_GRCGB1_GRPM1_GRVWn1_GSU1_GSUASB_GLS0_ISA942_IU1_K1_KLA_LBSPPA0_LBSPPB128_LPA0_LPB2_LDL1_LRVW1_LWPMn1_LDW0_FMA_MIAV1_MDA2_MO40_MMFSC_MKFGSU256_NTA0_NTB0_NTC4_NTD4_NEPBS4_NLCA1_NLCB1_ONLL1_OPLV0_PK0_PAP0_PGR2_PLR1_PKA0_SIA3_SLW1_SS1_SU0_SUM0_SUS0_SCIUI1_SPO1_SRVW0_SSO4_SVW2_SNLL0_TSGRA0_TSGRB0_TT2_128_TLDS1_UMLDSA0_UMLDSB1_U64SL1_USFGROn1_VAW1_VSn1_VW2_VWB1_VFLRP0_WSGRA0_WSGRB0_WS64_WG64_4_1_WGM1",28109,6448491142105312,6448491142284947,0,18432,256,1,1,5120,20,1
"KERNEL_DISPATCH",1,1,234879,1400,68,"void rocsolver::v32802::getf2_npvt_small_kernel<16, double, int, int, double*>(int, double*, long, int, long, int*, int, int)",28112,6448491142284947,6448491142297246,0,136,512,1,1,512,1,1
"KERNEL_DISPATCH",1,1,234879,1401,185,"void rocsolver::v32802::unit_forward_substitution_kernel<double, int, double*>(int, int, double*, int, int, long, long, double*, int, int, long, long)",28117,6448491142297246,6448491142307181,0,512,16,64,1,16,512,1
"KERNEL_DISPATCH",1,1,234879,1402,904,"Cijk_Ailk_Bljk_DB_MT64x32x32_MI16x16x4x1_SN_1LDSB1_APM1_ABV0_ACED0_AF0EM2_AF1EM2_AMAS3_ASE_ASGT_ASLT_ASM_ASAE01_ASCE01_ASEM2_AAC0_BL1_BS1_CLR0_DTLA0_DTLB0_DTVA0_DTVB0_DVO0_ETSP_EPS1_ELFLR0_EMLL0_FSSC10_FL0_GLVWA2_GLVWB2_GRCGA1_GRCGB1_GRPM1_GRVW2_GSU1_GSUASB_GLS0_ISA942_IU1_K1_KLA_LBSPPA0_LBSPPB256_LPA0_LPB4_LDL1_LRVW2_LWPMn1_LDW0_FMA_MIAV1_MDA2_MO40_MMFSC_MKFGSU256_NTA0_NTB0_NTC3_NTD3_NEPBS0_NLCA1_NLCB1_ONLL1_OPLV0_PK0_PAP0_PGR2_PLR9_PKA0_SIA3_SLW1_SS1_SU0_SUM0_SUS0_SCIUI1_SPO1_SRVW0_SSO6_SVW2_SNLL0_TSGRA0_TSGRB0_TT2_16_TLDS1_UMLDSA0_UMLDSB1_U64SL1_USFGROn1_VAW1_VSn1_VW2_VWB1_VFLRP0_WSGRA0_WSGRB0_WS64_WG32_8_1_WGM6",28120,6448491142307181,6448491142312189,0,25600,256,1,1,2048,16,1
"KERNEL_DISPATCH",1,1,234879,1403,68,"void rocsolver::v32802::getf2_npvt_small_kernel<16, double, int, int, double*>(int, double*, long, int, long, int*, int, int)",28123,6448491142312189,6448491142321563,0,136,496,1,1,496,1,1
"KERNEL_DISPATCH",1,1,234879,1404,185,"void rocsolver::v32802::unit_forward_substitution_kernel<double, int, double*>(int, int, double*, int, int, long, long, double*, int, int, long, long)",28128,6448491142320094,6448491142330070,0,512,16,64,1,16,512,1
"KERNEL_DISPATCH",1,1,234879,1405,904,"Cijk_Ailk_Bljk_DB_MT64x32x32_MI16x16x4x1_SN_1LDSB1_APM1_ABV0_ACED0_AF0EM2_AF1EM2_AMAS3_ASE_ASGT_ASLT_ASM_ASAE01_ASCE01_ASEM2_AAC0_BL1_BS1_CLR0_DTLA0_DTLB0_DTVA0_DTVB0_DVO0_ETSP_EPS1_ELFLR0_EMLL0_FSSC10_FL0_GLVWA2_GLVWB2_GRCGA1_GRCGB1_GRPM1_GRVW2_GSU1_GSUASB_GLS0_ISA942_IU1_K1_KLA_LBSPPA0_LBSPPB256_LPA0_LPB4_LDL1_LRVW2_LWPMn1_LDW0_FMA_MIAV1_MDA2_MO40_MMFSC_MKFGSU256_NTA0_NTB0_NTC3_NTD3_NEPBS0_NLCA1_NLCB1_ONLL1_OPLV0_PK0_PAP0_PGR2_PLR9_PKA0_SIA3_SLW1_SS1_SU0_SUM0_SUS0_SCIUI1_SPO1_SRVW0_SSO6_SVW2_SNLL0_TSGRA0_TSGRB0_TT2_16_TLDS1_UMLDSA0_UMLDSB1_U64SL1_USFGROn1_VAW1_VSn1_VW2_VWB1_VFLRP0_WSGRA0_WSGRB0_WS64_WG32_8_1_WGM6",28131,6448491142331539,6448491142336186,0,25600,256,1,1,2048,15,1
"KERNEL_DISPATCH",1,1,234879,1406,68,"void rocsolver::v32802::getf2_npvt_small_kernel<16, double, int, int, double*>(int, double*, long, int, long, int*, int, int)",28134,6448491142336186,6448491142345600,0,136,480,1,1,480,1,1
"KERNEL_DISPATCH",1,1,234879,1407,185,"void rocsolver::v32802::unit_forward_substitution_kernel<double, int, double*>(int, int, double*, int, int, long, long, double*, int, int, long, long)",28139,6448491142345600,6448491142354894,0,512,16,64,1,16,512,1
"KERNEL_DISPATCH",1,1,234879,1409,68,"void rocsolver::v32802::getf2_npvt_small_kernel<16, double, int, int, double*>(int, double*, long, int, long, int*, int, int)",28145,6448491142359985,6448491142369600,0,136,464,1,1,464,1,1
"KERNEL_DISPATCH",1,1,234879,1408,904,"Cijk_Ailk_Bljk_DB_MT64x32x32_MI16x16x4x1_SN_1LDSB1_APM1_ABV0_ACED0_AF0EM2_AF1EM2_AMAS3_ASE_ASGT_ASLT_ASM_ASAE01_ASCE01_ASEM2_AAC0_BL1_BS1_CLR0_DTLA0_DTLB0_DTVA0_DTVB0_DVO0_ETSP_EPS1_ELFLR0_EMLL0_FSSC10_FL0_GLVWA2_GLVWB2_GRCGA1_GRCGB1_GRPM1_GRVW2_GSU1_GSUASB_GLS0_ISA942_IU1_K1_KLA_LBSPPA0_LBSPPB256_LPA0_LPB4_LDL1_LRVW2_LWPMn1_LDW0_FMA_MIAV1_MDA2_MO40_MMFSC_MKFGSU256_NTA0_NTB0_NTC3_NTD3_NEPBS0_NLCA1_NLCB1_ONLL1_OPLV0_PK0_PAP0_PGR2_PLR9_PKA0_SIA3_SLW1_SS1_SU0_SUM0_SUS0_SCIUI1_SPO1_SRVW0_SSO6_SVW2_SNLL0_TSGRA0_TSGRB0_TT2_16_TLDS1_UMLDSA0_UMLDSB1_U64SL1_USFGROn1_VAW1_VSn1_VW2_VWB1_VFLRP0_WSGRA0_WSGRB0_WS64_WG32_8_1_WGM6",28142,6448491142354894,6448491142360703,0,25600,256,1,1,2048,15,1
"KERNEL_DISPATCH",1,1,234879,1410,185,"void rocsolver::v32802::unit_forward_substitution_kernel<double, int, double*>(int, int, double*, int, int, long, long, double*, int, int, long, long)",28150,6448491142370318,6448491142380013,0,512,16,64,1,16,448,1
"KERNEL_DISPATCH",1,1,234879,1411,904,"Cijk_Ailk_Bljk_DB_MT64x32x32_MI16x16x4x1_SN_1LDSB1_APM1_ABV0_ACED0_AF0EM2_AF1EM2_AMAS3_ASE_ASGT_ASLT_ASM_ASAE01_ASCE01_ASEM2_AAC0_BL1_BS1_CLR0_DTLA0_DTLB0_DTVA0_DTVB0_DVO0_ETSP_EPS1_ELFLR0_EMLL0_FSSC10_FL0_GLVWA2_GLVWB2_GRCGA1_GRCGB1_GRPM1_GRVW2_GSU1_GSUASB_GLS0_ISA942_IU1_K1_KLA_LBSPPA0_LBSPPB256_LPA0_LPB4_LDL1_LRVW2_LWPMn1_LDW0_FMA_MIAV1_MDA2_MO40_MMFSC_MKFGSU256_NTA0_NTB0_NTC3_NTD3_NEPBS0_NLCA1_NLCB1_ONLL1_OPLV0_PK0_PAP0_PGR2_PLR9_PKA0_SIA3_SLW1_SS1_SU0_SUM0_SUS0_SCIUI1_SPO1_SRVW0_SSO6_SVW2_SNLL0_TSGRA0_TSGRB0_TT2_16_TLDS1_UMLDSA0_UMLDSB1_U64SL1_USFGROn1_VAW1_VSn1_VW2_VWB1_VFLRP0_WSGRA0_WSGRB0_WS64_WG32_8_1_WGM6",28153,6448491142380013,6448491142384460,0,25600,256,1,1,1792,14,1
"KERNEL_DISPATCH",1,1,234879,1412,68,"void rocsolver::v32802::getf2_npvt_small_kernel<16, double, int, int, double*>(int, double*, long, int, long, int*, int, int)",28156,6448491142384460,6448491142393594,0,136,448,1,1,448,1,1
"KERNEL_DISPATCH",1,1,234879,1413,185,"void rocsolver::v32802::unit_forward_substitution_kernel<double, int, double*>(int, int, double*, int, int, long, long, double*, int, int, long, long)",28161,6448491142393594,6448491142402648,0,512,16,64,1,16,448,1
"KERNEL_DISPATCH",1,1,234879,1414,904,"Cijk_Ailk_Bljk_DB_MT64x32x32_MI16x16x4x1_SN_1LDSB1_APM1_ABV0_ACED0_AF0EM2_AF1EM2_AMAS3_ASE_ASGT_ASLT_ASM_ASAE01_ASCE01_ASEM2_AAC0_BL1_BS1_CLR0_DTLA0_DTLB0_DTVA0_DTVB0_DVO0_ETSP_EPS1_ELFLR0_EMLL0_FSSC10_FL0_GLVWA2_GLVWB2_GRCGA1_GRCGB1_GRPM1_GRVW2_GSU1_GSUASB_GLS0_ISA942_IU1_K1_KLA_LBSPPA0_LBSPPB256_LPA0_LPB4_LDL1_LRVW2_LWPMn1_LDW0_FMA_MIAV1_MDA2_MO40_MMFSC_MKFGSU256_NTA0_NTB0_NTC3_NTD3_NEPBS0_NLCA1_NLCB1_ONLL1_OPLV0_PK0_PAP0_PGR2_PLR9_PKA0_SIA3_SLW1_SS1_SU0_SUM0_SUS0_SCIUI1_SPO1_SRVW0_SSO6_SVW2_SNLL0_TSGRA0_TSGRB0_TT2_16_TLDS1_UMLDSA0_UMLDSB1_U64SL1_USFGROn1_VAW1_VSn1_VW2_VWB1_VFLRP0_WSGRA0_WSGRB0_WS64_WG32_8_1_WGM6",28164,6448491142402648,6448491142408336,0,25600,256,1,1,1792,14,1
"KERNEL_DISPATCH",1,1,234879,1416,185,"void rocsolver::v32802::unit_forward_substitution_kernel<double, int, double*>(int, int, double*, int, int, long, long, double*, int, int, long, long)",28172,6448491142415862,6448491142425596,0,512,16,64,1,16,448,1
"KERNEL_DISPATCH",1,1,234879,1417,904,"Cijk_Ailk_Bljk_DB_MT64x32x32_MI16x16x4x1_SN_1LDSB1_APM1_ABV0_ACED0_AF0EM2_AF1EM2_AMAS3_ASE_ASGT_ASLT_ASM_ASAE01_ASCE01_ASEM2_AAC0_BL1_BS1_CLR0_DTLA0_DTLB0_DTVA0_DTVB0_DVO0_ETSP_EPS1_ELFLR0_EMLL0_FSSC10_FL0_GLVWA2_GLVWB2_GRCGA1_GRCGB1_GRPM1_GRVW2_GSU1_GSUASB_GLS0_ISA942_IU1_K1_KLA_LBSPPA0_LBSPPB256_LPA0_LPB4_LDL1_LRVW2_LWPMn1_LDW0_FMA_MIAV1_MDA2_MO40_MMFSC_MKFGSU256_NTA0_NTB0_NTC3_NTD3_NEPBS0_NLCA1_NLCB1_ONLL1_OPLV0_PK0_PAP0_PGR2_PLR9_PKA0_SIA3_SLW1_SS1_SU0_SUM0_SUS0_SCIUI1_SPO1_SRVW0_SSO6_SVW2_SNLL0_TSGRA0_TSGRB0_TT2_16_TLDS1_UMLDSA0_UMLDSB1_U64SL1_USFGROn1_VAW1_VSn1_VW2_VWB1_VFLRP0_WSGRA0_WSGRB0_WS64_WG32_8_1_WGM6",28175,6448491142426597,6448491142430243,0,25600,256,1,1,1792,13,1
"KERNEL_DISPATCH",1,1,234879,1415,68,"void rocsolver::v32802::getf2_npvt_small_kernel<16, double, int, int, double*>(int, double*, long, int, long, int*, int, int)",28167,6448491142408336,6448491142417631,0,136,432,1,1,432,1,1
"KERNEL_DISPATCH",1,1,234879,1418,68,"void rocsolver::v32802::getf2_npvt_small_kernel<16, double, int, int, double*>(int, double*, long, int, long, int*, int, int)",28178,6448491142431011,6448491142440385,0,136,416,1,1,416,1,1
"KERNEL_DISPATCH",1,1,234879,1420,904,"Cijk_Ailk_Bljk_DB_MT64x32x32_MI16x16x4x1_SN_1LDSB1_APM1_ABV0_ACED0_AF0EM2_AF1EM2_AMAS3_ASE_ASGT_ASLT_ASM_ASAE01_ASCE01_ASEM2_AAC0_BL1_BS1_CLR0_DTLA0_DTLB0_DTVA0_DTVB0_DVO0_ETSP_EPS1_ELFLR0_EMLL0_FSSC10_FL0_GLVWA2_GLVWB2_GRCGA1_GRCGB1_GRPM1_GRVW2_GSU1_GSUASB_GLS0_ISA942_IU1_K1_KLA_LBSPPA0_LBSPPB256_LPA0_LPB4_LDL1_LRVW2_LWPMn1_LDW0_FMA_MIAV1_MDA2_MO40_MMFSC_MKFGSU256_NTA0_NTB0_NTC3_NTD3_NEPBS0_NLCA1_NLCB1_ONLL1_OPLV0_PK0_PAP0_PGR2_PLR9_PKA0_SIA3_SLW1_SS1_SU0_SUM0_SUS0_SCIUI1_SPO1_SRVW0_SSO6_SVW2_SNLL0_TSGRA0_TSGRB0_TT2_16_TLDS1_UMLDSA0_UMLDSB1_U64SL1_USFGROn1_VAW1_VSn1_VW2_VWB1_VFLRP0_WSGRA0_WSGRB0_WS64_WG32_8_1_WGM6",28186,6448491142449122,6448491142453809,0,25600,256,1,1,1792,13,1
"KERNEL_DISPATCH",1,1,234879,1419,185,"void rocsolver::v32802::unit_forward_substitution_kernel<double, int, double*>(int, int, double*, int, int, long, long, double*, int, int, long, long)",28183,6448491142440385,6448491142450000,0,512,16,64,1,16,448,1
"KERNEL_DISPATCH",1,1,234879,1421,68,"void rocsolver::v32802::getf2_npvt_small_kernel<16, double, int, int, double*>(int, double*, long, int, long, int*, int, int)",28189,6448491142454687,6448491142465824,0,136,400,1,1,400,1,1
"KERNEL_DISPATCH",1,1,234879,1422,185,"void rocsolver::v32802::unit_forward_substitution_kernel<double, int, double*>(int, int, double*, int, int, long, long, double*, int, int, long, long)",28194,6448491142469350,6448491142479846,0,512,16,64,1,16,384,1
"KERNEL_DISPATCH",1,1,234879,1423,904,"Cijk_Ailk_Bljk_DB_MT64x32x32_MI16x16x4x1_SN_1LDSB1_APM1_ABV0_ACED0_AF0EM2_AF1EM2_AMAS3_ASE_ASGT_ASLT_ASM_ASAE01_ASCE01_ASEM2_AAC0_BL1_BS1_CLR0_DTLA0_DTLB0_DTVA0_DTVB0_DVO0_ETSP_EPS1_ELFLR0_EMLL0_FSSC10_FL0_GLVWA2_GLVWB2_GRCGA1_GRCGB1_GRPM1_GRVW2_GSU1_GSUASB_GLS0_ISA942_IU1_K1_KLA_LBSPPA0_LBSPPB256_LPA0_LPB4_LDL1_LRVW2_LWPMn1_LDW0_FMA_MIAV1_MDA2_MO40_MMFSC_MKFGSU256_NTA0_NTB0_NTC3_NTD3_NEPBS0_NLCA1_NLCB1_ONLL1_OPLV0_PK0_PAP0_PGR2_PLR9_PKA0_SIA3_SLW1_SS1_SU0_SUM0_SUS0_SCIUI1_SPO1_SRVW0_SSO6_SVW2_SNLL0_TSGRA0_TSGRB0_TT2_16_TLDS1_UMLDSA0_UMLDSB1_U64SL1_USFGROn1_VAW1_VSn1_VW2_VWB1_VFLRP0_WSGRA0_WSGRB0_WS64_WG32_8_1_WGM6",28197,6448491142490422,6448491142494388,0,25600,256,1,1,1536,12,1
"KERNEL_DISPATCH",1,1,234879,1424,68,"void rocsolver::v32802::getf2_npvt_small_kernel<16, double, int, int, double*>(int, double*, long, int, long, int*, int, int)",28200,6448491142503402,6448491142514419,0,136,384,1,1,384,1,1
"KERNEL_DISPATCH",1,1,234879,1425,185,"void rocsolver::v32802::unit_forward_substitution_kernel<double, int, double*>(int, int, double*, int, int, long, long, double*, int, int, long, long)",28205,6448491142518786,6448491142529081,0,512,16,64,1,16,384,1
"KERNEL_DISPATCH",1,1,234879,1426,820,"Cijk_Ailk_Bljk_DB_MT128x64x16_MI16x16x4x1_SN_1LDSB1_APM1_ABV0_ACED0_AF0EM2_AF1EM2_AMAS3_ASE_ASGT_ASLT_ASM_ASAE01_ASCE01_ASEM2_AAC0_BL1_BS1_CLR0_DTLA0_DTLB0_DTVA1_DTVB0_DVO0_ETSP_EPS1_ELFLR0_EMLL0_FSSC10_FL0_GLVWA2_GLVWB2_GRCGA1_GRCGB1_GRPM1_GRVW2_GSU1_GSUASB_GLS0_ISA942_IU1_K1_KLA_LBSPPA0_LBSPPB0_LPA0_LPB2_LDL1_LRVW1_LWPMn1_LDW0_FMA_MIAV1_MDA2_MO40_MMFSC_MKFGSU256_NTA0_NTB0_NTC3_NTD3_NEPBS4_NLCA1_NLCB1_ONLL1_OPLV0_PK0_PAP0_PGR2_PLR1_PKA0_SIA3_SLW1_SS1_SU0_SUM0_SUS0_SCIUI1_SPO1_SRVW0_SSO6_SVW2_SNLL0_TSGRA0_TSGRB0_TT2_64_TLDS0_UMLDSA0_UMLDSB0_U64SL1_USFGROn1_VAW1_VSn1_VW2_VWB1_VFLRP0_WSGRA0_WSGRB0_WS64_WG64_4_1_WGM12",28208,6448491142540178,6448491142549473,0,8448,256,1,1,768,6,1
"KERNEL_DISPATCH",1,1,234879,1427,68,"void rocsolver::v32802::getf2_npvt_small_kernel<16, double, int, int, double*>(int, double*, long, int, long, int*, int, int)",28211,6448491142552638,6448491142562332,0,136,368,1,1,368,1,1
"KERNEL_DISPATCH",1,1,234879,1428,185,"void rocsolver::v32802::unit_forward_substitution_kernel<double, int, double*>(int, int, double*, int, int, long, long, double*, int, int, long, long)",28216,6448491142564816,6448491142574952,0,512,16,64,1,16,384,1
"KERNEL_DISPATCH",1,1,234879,1429,820,"Cijk_Ailk_Bljk_DB_MT128x64x16_MI16x16x4x1_SN_1LDSB1_APM1_ABV0_ACED0_AF0EM2_AF1EM2_AMAS3_ASE_ASGT_ASLT_ASM_ASAE01_ASCE01_ASEM2_AAC0_BL1_BS1_CLR0_DTLA0_DTLB0_DTVA1_DTVB0_DVO0_ETSP_EPS1_ELFLR0_EMLL0_FSSC10_FL0_GLVWA2_GLVWB2_GRCGA1_GRCGB1_GRPM1_GRVW2_GSU1_GSUASB_GLS0_ISA942_IU1_K1_KLA_LBSPPA0_LBSPPB0_LPA0_LPB2_LDL1_LRVW1_LWPMn1_LDW0_FMA_MIAV1_MDA2_MO40_MMFSC_MKFGSU256_NTA0_NTB0_NTC3_NTD3_NEPBS4_NLCA1_NLCB1_ONLL1_OPLV0_PK0_PAP0_PGR2_PLR1_PKA0_SIA3_SLW1_SS1_SU0_SUM0_SUS0_SCIUI1_SPO1_SRVW0_SSO6_SVW2_SNLL0_TSGRA0_TSGRB0_TT2_64_TLDS0_UMLDSA0_UMLDSB0_U64SL1_USFGROn1_VAW1_VSn1_VW2_VWB1_VFLRP0_WSGRA0_WSGRB0_WS64_WG64_4_1_WGM12",28219,6448491142584687,6448491142591337,0,8448,256,1,1,768,6,1
"KERNEL_DISPATCH",1,1,234879,1430,68,"void rocsolver::v32802::getf2_npvt_small_kernel<16, double, int, int, double*>(int, double*, long, int, long, int*, int, int)",28222,6448491142595517,6448491142604330,0,136,352,1,1,352,1,1
"KERNEL_DISPATCH",1,1,234879,1431,185,"void rocsolver::v32802::unit_forward_substitution_kernel<double, int, double*>(int, int, double*, int, int, long, long, double*, int, int, long, long)",28227,6448491142611448,6448491142620942,0,512,16,64,1,16,384,1
"KERNEL_DISPATCH",1,1,234879,1432,820,"Cijk_Ailk_Bljk_DB_MT128x64x16_MI16x16x4x1_SN_1LDSB1_APM1_ABV0_ACED0_AF0EM2_AF1EM2_AMAS3_ASE_ASGT_ASLT_ASM_ASAE01_ASCE01_ASEM2_AAC0_BL1_BS1_CLR0_DTLA0_DTLB0_DTVA1_DTVB0_DVO0_ETSP_EPS1_ELFLR0_EMLL0_FSSC10_FL0_GLVWA2_GLVWB2_GRCGA1_GRCGB1_GRPM1_GRVW2_GSU1_GSUASB_GLS0_ISA942_IU1_K1_KLA_LBSPPA0_LBSPPB0_LPA0_LPB2_LDL1_LRVW1_LWPMn1_LDW0_FMA_MIAV1_MDA2_MO40_MMFSC_MKFGSU256_NTA0_NTB0_NTC3_NTD3_NEPBS4_NLCA1_NLCB1_ONLL1_OPLV0_PK0_PAP0_PGR2_PLR1_PKA0_SIA3_SLW1_SS1_SU0_SUM0_SUS0_SCIUI1_SPO1_SRVW0_SSO6_SVW2_SNLL0_TSGRA0_TSGRB0_TT2_64_TLDS0_UMLDSA0_UMLDSB0_U64SL1_USFGROn1_VAW1_VSn1_VW2_VWB1_VFLRP0_WSGRA0_WSGRB0_WS64_WG64_4_1_WGM12",28230,6448491142629115,6448491142638810,0,8448,256,1,1,768,6,1
"KERNEL_DISPATCH",1,1,234879,1433,68,"void rocsolver::v32802::getf2_npvt_small_kernel<16, double, int, int, double*>(int, double*, long, int, long, int*, int, int)",28233,6448491142641814,6448491142650668,0,136,336,1,1,336,1,1
"KERNEL_DISPATCH",1,1,234879,1434,185,"void rocsolver::v32802::unit_forward_substitution_kernel<double, int, double*>(int, int, double*, int, int, long, long, double*, int, int, long, long)",28238,6448491142652403,6448491142661858,0,512,16,64,1,16,320,1
"KERNEL_DISPATCH",1,1,234879,1435,820,"Cijk_Ailk_Bljk_DB_MT128x64x16_MI16x16x4x1_SN_1LDSB1_APM1_ABV0_ACED0_AF0EM2_AF1EM2_AMAS3_ASE_ASGT_ASLT_ASM_ASAE01_ASCE01_ASEM2_AAC0_BL1_BS1_CLR0_DTLA0_DTLB0_DTVA1_DTVB0_DVO0_ETSP_EPS1_ELFLR0_EMLL0_FSSC10_FL0_GLVWA2_GLVWB2_GRCGA1_GRCGB1_GRPM1_GRVW2_GSU1_GSUASB_GLS0_ISA942_IU1_K1_KLA_LBSPPA0_LBSPPB0_LPA0_LPB2_LDL1_LRVW1_LWPMn1_LDW0_FMA_MIAV1_MDA2_MO40_MMFSC_MKFGSU256_NTA0_NTB0_NTC3_NTD3_NEPBS4_NLCA1_NLCB1_ONLL1_OPLV0_PK0_PAP0_PGR2_PLR1_PKA0_SIA3_SLW1_SS1_SU0_SUM0_SUS0_SCIUI1_SPO1_SRVW0_SSO6_SVW2_SNLL0_TSGRA0_TSGRB0_TT2_64_TLDS0_UMLDSA0_UMLDSB0_U64SL1_USFGROn1_VAW1_VSn1_VW2_VWB1_VFLRP0_WSGRA0_WSGRB0_WS64_WG64_4_1_WGM12",28241,6448491142674304,6448491142680994,0,8448,256,1,1,768,5,1
"KERNEL_DISPATCH",1,1,234879,1436,68,"void rocsolver::v32802::getf2_npvt_small_kernel<16, double, int, int, double*>(int, double*, long, int, long, int*, int, int)",28244,6448491142684800,6448491142693253,0,136,320,1,1,320,1,1
"KERNEL_DISPATCH",1,1,234879,1437,185,"void rocsolver::v32802::unit_forward_substitution_kernel<double, int, double*>(int, int, double*, int, int, long, long, double*, int, int, long, long)",28249,6448491142699307,6448491142708841,0,512,16,64,1,16,320,1
"KERNEL_DISPATCH",1,1,234879,1438,820,"Cijk_Ailk_Bljk_DB_MT128x64x16_MI16x16x4x1_SN_1LDSB1_APM1_ABV0_ACED0_AF0EM2_AF1EM2_AMAS3_ASE_ASGT_ASLT_ASM_ASAE01_ASCE01_ASEM2_AAC0_BL1_BS1_CLR0_DTLA0_DTLB0_DTVA1_DTVB0_DVO0_ETSP_EPS1_ELFLR0_EMLL0_FSSC10_FL0_GLVWA2_GLVWB2_GRCGA1_GRCGB1_GRPM1_GRVW2_GSU1_GSUASB_GLS0_ISA942_IU1_K1_KLA_LBSPPA0_LBSPPB0_LPA0_LPB2_LDL1_LRVW1_LWPMn1_LDW0_FMA_MIAV1_MDA2_MO40_MMFSC_MKFGSU256_NTA0_NTB0_NTC3_NTD3_NEPBS4_NLCA1_NLCB1_ONLL1_OPLV0_PK0_PAP0_PGR2_PLR1_PKA0_SIA3_SLW1_SS1_SU0_SUM0_SUS0_SCIUI1_SPO1_SRVW0_SSO6_SVW2_SNLL0_TSGRA0_TSGRB0_TT2_64_TLDS0_UMLDSA0_UMLDSB0_U64SL1_USFGROn1_VAW1_VSn1_VW2_VWB1_VFLRP0_WSGRA0_WSGRB0_WS64_WG64_4_1_WGM12",28252,6448491142723780,6448491142730350,0,8448,256,1,1,768,5,1
"KERNEL_DISPATCH",1,1,234879,1439,68,"void rocsolver::v32802::getf2_npvt_small_kernel<16, double, int, int, double*>(int, double*, long, int, long, int*, int, int)",28255,6448491142733916,6448491142742649,0,136,304,1,1,304,1,1
"KERNEL_DISPATCH",1,1,234879,1440,185,"void rocsolver::v32802::unit_forward_substitution_kernel<double, int, double*>(int, int, double*, int, int, long, long, double*, int, int, long, long)",28260,6448491142745493,6448491142754587,0,512,16,64,1,16,320,1
"KERNEL_DISPATCH",1,1,234879,1441,820,"Cijk_Ailk_Bljk_DB_MT128x64x16_MI16x16x4x1_SN_1LDSB1_APM1_ABV0_ACED0_AF0EM2_AF1EM2_AMAS3_ASE_ASGT_ASLT_ASM_ASAE01_ASCE01_ASEM2_AAC0_BL1_BS1_CLR0_DTLA0_DTLB0_DTVA1_DTVB0_DVO0_ETSP_EPS1_ELFLR0_EMLL0_FSSC10_FL0_GLVWA2_GLVWB2_GRCGA1_GRCGB1_GRPM1_GRVW2_GSU1_GSUASB_GLS0_ISA942_IU1_K1_KLA_LBSPPA0_LBSPPB0_LPA0_LPB2_LDL1_LRVW1_LWPMn1_LDW0_FMA_MIAV1_MDA2_MO40_MMFSC_MKFGSU256_NTA0_NTB0_NTC3_NTD3_NEPBS4_NLCA1_NLCB1_ONLL1_OPLV0_PK0_PAP0_PGR2_PLR1_PKA0_SIA3_SLW1_SS1_SU0_SUM0_SUS0_SCIUI1_SPO1_SRVW0_SSO6_SVW2_SNLL0_TSGRA0_TSGRB0_TT2_64_TLDS0_UMLDSA0_UMLDSB0_U64SL1_USFGROn1_VAW1_VSn1_VW2_VWB1_VFLRP0_WSGRA0_WSGRB0_WS64_WG64_4_1_WGM12",28263,6448491142771093,6448491142777623,0,8448,256,1,1,768,5,1
"KERNEL_DISPATCH",1,1,234879,1442,68,"void rocsolver::v32802::getf2_npvt_small_kernel<16, double, int, int, double*>(int, double*, long, int, long, int*, int, int)",28266,6448491142781989,6448491142790923,0,136,288,1,1,288,1,1
"KERNEL_DISPATCH",1,1,234879,1443,185,"void rocsolver::v32802::unit_forward_substitution_kernel<double, int, double*>(int, int, double*, int, int, long, long, double*, int, int, long, long)",28271,6448491142791117,6448491142800932,0,512,16,64,1,16,320,1
"KERNEL_DISPATCH",1,1,234879,1444,773,"Cijk_Ailk_Bljk_DB_MT64x64x16_MI16x16x4x1_SN_1LDSB1_APM1_ABV0_ACED0_AF0EM2_AF1EM2_AMAS3_ASE_ASGT_ASLT_ASM_ASAE01_ASCE01_ASEM2_AAC0_BL1_BS1_CLR0_DTLA0_DTLB0_DTVA0_DTVB0_DVO0_ETSP_EPS1_ELFLR0_EMLL0_FSSC10_FL0_GLVWA2_GLVWB2_GRCGA1_GRCGB1_GRPM1_GRVW2_GSU1_GSUASB_GLS0_ISA942_IU1_K1_KLA_LBSPPA0_LBSPPB128_LPA0_LPB2_LDL1_LRVW1_LWPMn1_LDW0_FMA_MIAV1_MDA2_MO40_MMFSC_MKFGSU256_NTA0_NTB0_NTC3_NTD3_NEPBS4_NLCA1_NLCB1_ONLL1_OPLV0_PK0_PAP0_PGR2_PLR5_PKA0_SIA3_SLW1_SS1_SU0_SUM0_SUS0_SCIUI1_SPO1_SRVW0_SSO6_SVW2_SNLL0_TSGRA0_TSGRB0_TT2_32_TLDS1_UMLDSA0_UMLDSB1_U64SL1_USFGROn1_VAW1_VSn1_VW2_VWB1_VFLRP0_WSGRA0_WSGRB0_WS64_WG32_8_1_WGM6",28274,6448491142816322,6448491142822491,0,17408,256,1,1,1280,5,1
"KERNEL_DISPATCH",1,1,234879,1445,68,"void rocsolver::v32802::getf2_npvt_small_kernel<16, double, int, int, double*>(int, double*, long, int, long, int*, int, int)",28277,6448491142825736,6448491142834470,0,136,272,1,1,272,1,1
"KERNEL_DISPATCH",1,1,234879,1446,185,"void rocsolver::v32802::unit_forward_substitution_kernel<double, int, double*>(int, int, double*, int, int, long, long, double*, int, int, long, long)",28282,6448491142837715,6448491142847970,0,512,16,64,1,16,256,1
"KERNEL_DISPATCH",1,1,234879,1447,773,"Cijk_Ailk_Bljk_DB_MT64x64x16_MI16x16x4x1_SN_1LDSB1_APM1_ABV0_ACED0_AF0EM2_AF1EM2_AMAS3_ASE_ASGT_ASLT_ASM_ASAE01_ASCE01_ASEM2_AAC0_BL1_BS1_CLR0_DTLA0_DTLB0_DTVA0_DTVB0_DVO0_ETSP_EPS1_ELFLR0_EMLL0_FSSC10_FL0_GLVWA2_GLVWB2_GRCGA1_GRCGB1_GRPM1_GRVW2_GSU1_GSUASB_GLS0_ISA942_IU1_K1_KLA_LBSPPA0_LBSPPB128_LPA0_LPB2_LDL1_LRVW1_LWPMn1_LDW0_FMA_MIAV1_MDA2_MO40_MMFSC_MKFGSU256_NTA0_NTB0_NTC3_NTD3_NEPBS4_NLCA1_NLCB1_ONLL1_OPLV0_PK0_PAP0_PGR2_PLR5_PKA0_SIA3_SLW1_SS1_SU0_SUM0_SUS0_SCIUI1_SPO1_SRVW0_SSO6_SVW2_SNLL0_TSGRA0_TSGRB0_TT2_32_TLDS1_UMLDSA0_UMLDSB1_U64SL1_USFGROn1_VAW1_VSn1_VW2_VWB1_VFLRP0_WSGRA0_WSGRB0_WS64_WG32_8_1_WGM6",28285,6448491142855943,6448491142860590,0,17408,256,1,1,1024,4,1
"KERNEL_DISPATCH",1,1,234879,1448,68,"void rocsolver::v32802::getf2_npvt_small_kernel<16, double, int, int, double*>(int, double*, long, int, long, int*, int, int)",28288,6448491142866439,6448491142874611,0,136,256,1,1,256,1,1
"KERNEL_DISPATCH",1,1,234879,1449,185,"void rocsolver::v32802::unit_forward_substitution_kernel<double, int, double*>(int, int, double*, int, int, long, long, double*, int, int, long, long)",28293,6448491142881184,6448491142891440,0,512,16,64,1,16,256,1
"KERNEL_DISPATCH",1,1,234879,1450,773,"Cijk_Ailk_Bljk_DB_MT64x64x16_MI16x16x4x1_SN_1LDSB1_APM1_ABV0_ACED0_AF0EM2_AF1EM2_AMAS3_ASE_ASGT_ASLT_ASM_ASAE01_ASCE01_ASEM2_AAC0_BL1_BS1_CLR0_DTLA0_DTLB0_DTVA0_DTVB0_DVO0_ETSP_EPS1_ELFLR0_EMLL0_FSSC10_FL0_GLVWA2_GLVWB2_GRCGA1_GRCGB1_GRPM1_GRVW2_GSU1_GSUASB_GLS0_ISA942_IU1_K1_KLA_LBSPPA0_LBSPPB128_LPA0_LPB2_LDL1_LRVW1_LWPMn1_LDW0_FMA_MIAV1_MDA2_MO40_MMFSC_MKFGSU256_NTA0_NTB0_NTC3_NTD3_NEPBS4_NLCA1_NLCB1_ONLL1_OPLV0_PK0_PAP0_PGR2_PLR5_PKA0_SIA3_SLW1_SS1_SU0_SUM0_SUS0_SCIUI1_SPO1_SRVW0_SSO6_SVW2_SNLL0_TSGRA0_TSGRB0_TT2_32_TLDS1_UMLDSA0_UMLDSB1_U64SL1_USFGROn1_VAW1_VSn1_VW2_VWB1_VFLRP0_WSGRA0_WSGRB0_WS64_WG32_8_1_WGM6",28296,6448491142906420,6448491142911908,0,17408,256,1,1,1024,4,1
"KERNEL_DISPATCH",1,1,234879,1451,68,"void rocsolver::v32802::getf2_npvt_small_kernel<16, double, int, int, double*>(int, double*, long, int, long, int*, int, int)",28299,6448491142915007,6448491142923179,0,136,240,1,1,240,1,1
"KERNEL_DISPATCH",1,1,234879,1452,185,"void rocsolver::v32802::unit_forward_substitution_kernel<double, int, double*>(int, int, double*, int, int, long, long, double*, int, int, long, long)",28304,6448491142930751,6448491142941087,0,512,16,64,1,16,256,1
"KERNEL_DISPATCH",1,1,234879,1453,773,"Cijk_Ailk_Bljk_DB_MT64x64x16_MI16x16x4x1_SN_1LDSB1_APM1_ABV0_ACED0_AF0EM2_AF1EM2_AMAS3_ASE_ASGT_ASLT_ASM_ASAE01_ASCE01_ASEM2_AAC0_BL1_BS1_CLR0_DTLA0_DTLB0_DTVA0_DTVB0_DVO0_ETSP_EPS1_ELFLR0_EMLL0_FSSC10_FL0_GLVWA2_GLVWB2_GRCGA1_GRCGB1_GRPM1_GRVW2_GSU1_GSUASB_GLS0_ISA942_IU1_K1_KLA_LBSPPA0_LBSPPB128_LPA0_LPB2_LDL1_LRVW1_LWPMn1_LDW0_FMA_MIAV1_MDA2_MO40_MMFSC_MKFGSU256_NTA0_NTB0_NTC3_NTD3_NEPBS4_NLCA1_NLCB1_ONLL1_OPLV0_PK0_PAP0_PGR2_PLR5_PKA0_SIA3_SLW1_SS1_SU0_SUM0_SUS0_SCIUI1_SPO1_SRVW0_SSO6_SVW2_SNLL0_TSGRA0_TSGRB0_TT2_32_TLDS1_UMLDSA0_UMLDSB1_U64SL1_USFGROn1_VAW1_VSn1_VW2_VWB1_VFLRP0_WSGRA0_WSGRB0_WS64_WG32_8_1_WGM6",28307,6448491142949166,6448491142954093,0,17408,256,1,1,1024,4,1
"KERNEL_DISPATCH",1,1,234879,1454,68,"void rocsolver::v32802::getf2_npvt_small_kernel<16, double, int, int, double*>(int, double*, long, int, long, int*, int, int)",28310,6448491142960743,6448491142968916,0,136,224,1,1,224,1,1
"KERNEL_DISPATCH",1,1,234879,1455,185,"void rocsolver::v32802::unit_forward_substitution_kernel<double, int, double*>(int, int, double*, int, int, long, long, double*, int, int, long, long)",28315,6448491142973964,6448491142983538,0,512,16,64,1,16,256,1
"KERNEL_DISPATCH",1,1,234879,1456,773,"Cijk_Ailk_Bljk_DB_MT64x64x16_MI16x16x4x1_SN_1LDSB1_APM1_ABV0_ACED0_AF0EM2_AF1EM2_AMAS3_ASE_ASGT_ASLT_ASM_ASAE01_ASCE01_ASEM2_AAC0_BL1_BS1_CLR0_DTLA0_DTLB0_DTVA0_DTVB0_DVO0_ETSP_EPS1_ELFLR0_EMLL0_FSSC10_FL0_GLVWA2_GLVWB2_GRCGA1_GRCGB1_GRPM1_GRVW2_GSU1_GSUASB_GLS0_ISA942_IU1_K1_KLA_LBSPPA0_LBSPPB128_LPA0_LPB2_LDL1_LRVW1_LWPMn1_LDW0_FMA_MIAV1_MDA2_MO40_MMFSC_MKFGSU256_NTA0_NTB0_NTC3_NTD3_NEPBS4_NLCA1_NLCB1_ONLL1_OPLV0_PK0_PAP0_PGR2_PLR5_PKA0_SIA3_SLW1_SS1_SU0_SUM0_SUS0_SCIUI1_SPO1_SRVW0_SSO6_SVW2_SNLL0_TSGRA0_TSGRB0_TT2_32_TLDS1_UMLDSA0_UMLDSB1_U64SL1_USFGROn1_VAW1_VSn1_VW2_VWB1_VFLRP0_WSGRA0_WSGRB0_WS64_WG32_8_1_WGM6",28318,6448491142993356,6448491142998164,0,17408,256,1,1,1024,4,1
"KERNEL_DISPATCH",1,1,234879,1457,68,"void rocsolver::v32802::getf2_npvt_small_kernel<16, double, int, int, double*>(int, double*, long, int, long, int*, int, int)",28321,6448491143013144,6448491143021196,0,136,208,1,1,208,1,1
"KERNEL_DISPATCH",1,1,234879,1458,185,"void rocsolver::v32802::unit_forward_substitution_kernel<double, int, double*>(int, int, double*, int, int, long, long, double*, int, int, long, long)",28326,6448491143026688,6448491143036303,0,512,16,64,1,16,192,1
"KERNEL_DISPATCH",1,1,234879,1459,773,"Cijk_Ailk_Bljk_DB_MT64x64x16_MI16x16x4x1_SN_1LDSB1_APM1_ABV0_ACED0_AF0EM2_AF1EM2_AMAS3_ASE_ASGT_ASLT_ASM_ASAE01_ASCE01_ASEM2_AAC0_BL1_BS1_CLR0_DTLA0_DTLB0_DTVA0_DTVB0_DVO0_ETSP_EPS1_ELFLR0_EMLL0_FSSC10_FL0_GLVWA2_GLVWB2_GRCGA1_GRCGB1_GRPM1_GRVW2_GSU1_GSUASB_GLS0_ISA942_IU1_K1_KLA_LBSPPA0_LBSPPB128_LPA0_LPB2_LDL1_LRVW1_LWPMn1_LDW0_FMA_MIAV1_MDA2_MO40_MMFSC_MKFGSU256_NTA0_NTB0_NTC3_NTD3_NEPBS4_NLCA1_NLCB1_ONLL1_OPLV0_PK0_PAP0_PGR2_PLR5_PKA0_SIA3_SLW1_SS1_SU0_SUM0_SUS0_SCIUI1_SPO1_SRVW0_SSO6_SVW2_SNLL0_TSGRA0_TSGRB0_TT2_32_TLDS1_UMLDSA0_UMLDSB1_U64SL1_USFGROn1_VAW1_VSn1_VW2_VWB1_VFLRP0_WSGRA0_WSGRB0_WS64_WG32_8_1_WGM6",28329,6448491143051763,6448491143056330,0,17408,256,1,1,768,3,1
"KERNEL_DISPATCH",1,1,234879,1460,68,"void rocsolver::v32802::getf2_npvt_small_kernel<16, double, int, int, double*>(int, double*, long, int, long, int*, int, int)",28332,6448491143062860,6448491143070752,0,136,192,1,1,192,1,1
"KERNEL_DISPATCH",1,1,234879,1461,185,"void rocsolver::v32802::unit_forward_substitution_kernel<double, int, double*>(int, int, double*, int, int, long, long, double*, int, int, long, long)",28337,6448491143073531,6448491143082584,0,512,16,64,1,16,192,1
"KERNEL_DISPATCH",1,1,234879,1462,977,"Cijk_Ailk_Bljk_DB_MT128x64x16_MI16x16x4x1_SN_1LDSB1_APM1_ABV0_ACED0_AF0EM2_AF1EM2_AMAS3_ASE_ASGT_ASLT_ASM_ASAE01_ASCE01_ASEM2_AAC0_BL1_BS1_CLR0_DTLA0_DTLB0_DTVA1_DTVB0_DVO0_ETSP_EPS1_ELFLR0_EMLL0_FSSC10_FL0_GLVWA2_GLVWB2_GRCGA1_GRCGB1_GRPM1_GRVW2_GSU1_GSUASB_GLS0_ISA942_IU1_K1_KLA_LBSPPA0_LBSPPB0_LPA0_LPB2_LDL1_LRVW1_LWPMn1_LDW0_FMA_MIAV1_MDA2_MO40_MMFSC_MKFGSU256_NTA0_NTB0_NTC3_NTD3_NEPBS4_NLCA1_NLCB1_ONLL1_OPLV0_PK0_PAP0_PGR2_PLR5_PKA0_SIA3_SLW1_SS1_SU0_SUM0_SUS0_SCIUI1_SPO1_SRVW0_SSO6_SVW2_SNLL0_TSGRA0_TSGRB0_TT2_64_TLDS0_UMLDSA0_UMLDSB0_U64SL1_USFGROn1_VAW1_VSn1_VW2_VWB1_VFLRP0_WSGRA0_WSGRB0_WS64_WG64_4_1_WGM6",28340,6448491143093140,6448491143103676,0,8448,256,1,1,512,3,1
"KERNEL_DISPATCH",1,1,234879,1463,68,"void rocsolver::v32802::getf2_npvt_small_kernel<16, double, int, int, double*>(int, double*, long, int, long, int*, int, int)",28343,6448491143104917,6448491143112409,0,136,176,1,1,176,1,1
"KERNEL_DISPATCH",1,1,234879,1464,185,"void rocsolver::v32802::unit_forward_substitution_kernel<double, int, double*>(int, int, double*, int, int, long, long, double*, int, int, long, long)",28348,6448491143120829,6448491143129442,0,512,16,64,1,16,192,1
"KERNEL_DISPATCH",1,1,234879,1465,977,"Cijk_Ailk_Bljk_DB_MT128x64x16_MI16x16x4x1_SN_1LDSB1_APM1_ABV0_ACED0_AF0EM2_AF1EM2_AMAS3_ASE_ASGT_ASLT_ASM_ASAE01_ASCE01_ASEM2_AAC0_BL1_BS1_CLR0_DTLA0_DTLB0_DTVA1_DTVB0_DVO0_ETSP_EPS1_ELFLR0_EMLL0_FSSC10_FL0_GLVWA2_GLVWB2_GRCGA1_GRCGB1_GRPM1_GRVW2_GSU1_GSUASB_GLS0_ISA942_IU1_K1_KLA_LBSPPA0_LBSPPB0_LPA0_LPB2_LDL1_LRVW1_LWPMn1_LDW0_FMA_MIAV1_MDA2_MO40_MMFSC_MKFGSU256_NTA0_NTB0_NTC3_NTD3_NEPBS4_NLCA1_NLCB1_ONLL1_OPLV0_PK0_PAP0_PGR2_PLR5_PKA0_SIA3_SLW1_SS1_SU0_SUM0_SUS0_SCIUI1_SPO1_SRVW0_SSO6_SVW2_SNLL0_TSGRA0_TSGRB0_TT2_64_TLDS0_UMLDSA0_UMLDSB0_U64SL1_USFGROn1_VAW1_VSn1_VW2_VWB1_VFLRP0_WSGRA0_WSGRB0_WS64_WG64_4_1_WGM6",28351,6448491143138816,6448491143147149,0,8448,256,1,1,512,3,1
"KERNEL_DISPATCH",1,1,234879,1466,68,"void rocsolver::v32802::getf2_npvt_small_kernel<16, double, int, int, double*>(int, double*, long, int, long, int*, int, int)",28354,6448491143165658,6448491143173550,0,136,160,1,1,160,1,1
"KERNEL_DISPATCH",1,1,234879,1467,185,"void rocsolver::v32802::unit_forward_substitution_kernel<double, int, double*>(int, int, double*, int, int, long, long, double*, int, int, long, long)",28359,6448491143176955,6448491143186249,0,512,16,64,1,16,192,1
"KERNEL_DISPATCH",1,1,234879,1468,817,"Cijk_Ailk_Bljk_DB_MT128x64x16_MI16x16x4x1_SN_1LDSB1_APM1_ABV0_ACED0_AF0EM2_AF1EM2_AMAS3_ASE_ASGT_ASLT_ASM_ASAE01_ASCE01_ASEM2_AAC0_BL1_BS1_CLR0_DTLA0_DTLB0_DTVA0_DTVB0_DVO0_ETSP_EPS1_ELFLR0_EMLL0_FSSC10_FL0_GLVWA2_GLVWB2_GRCGA1_GRCGB1_GRPM1_GRVW2_GSU1_GSUASB_GLS0_ISA942_IU1_K1_KLA_LBSPPA0_LBSPPB0_LPA0_LPB2_LDL1_LRVW1_LWPMn1_LDW0_FMA_MIAV1_MDA2_MO40_MMFSC_MKFGSU256_NTA0_NTB0_NTC3_NTD3_NEPBS0_NLCA1_NLCB1_ONLL1_OPLV0_PK0_PAP0_PGR2_PLR5_PKA0_SIA3_SLW1_SS1_SU0_SUM0_SUS0_SCIUI1_SPO1_SRVW0_SSO6_SVW2_SNLL0_TSGRA0_TSGRB0_TT2_64_TLDS0_UMLDSA0_UMLDSB0_U64SL1_USFGROn1_VAW1_VSn1_VW2_VWB1_VFLRP0_WSGRA0_WSGRB0_WS64_WG64_4_1_WGM6",28362,6448491143201913,6448491143212049,0,24832,256,1,1,512,3,1
"KERNEL_DISPATCH",1,1,234879,1469,68,"void rocsolver::v32802::getf2_npvt_small_kernel<16, double, int, int, double*>(int, double*, long, int, long, int*, int, int)",28365,6448491143212049,6448491143220021,0,136,144,1,1,144,1,1
"KERNEL_DISPATCH",1,1,234879,1470,185,"void rocsolver::v32802::unit_forward_substitution_kernel<double, int, double*>(int, int, double*, int, int, long, long, double*, int, int, long, long)",28370,6448491143222625,6448491143232520,0,512,16,64,1,16,128,1
"KERNEL_DISPATCH",1,1,234879,1471,817,"Cijk_Ailk_Bljk_DB_MT128x64x16_MI16x16x4x1_SN_1LDSB1_APM1_ABV0_ACED0_AF0EM2_AF1EM2_AMAS3_ASE_ASGT_ASLT_ASM_ASAE01_ASCE01_ASEM2_AAC0_BL1_BS1_CLR0_DTLA0_DTLB0_DTVA0_DTVB0_DVO0_ETSP_EPS1_ELFLR0_EMLL0_FSSC10_FL0_GLVWA2_GLVWB2_GRCGA1_GRCGB1_GRPM1_GRVW2_GSU1_GSUASB_GLS0_ISA942_IU1_K1_KLA_LBSPPA0_LBSPPB0_LPA0_LPB2_LDL1_LRVW1_LWPMn1_LDW0_FMA_MIAV1_MDA2_MO40_MMFSC_MKFGSU256_NTA0_NTB0_NTC3_NTD3_NEPBS0_NLCA1_NLCB1_ONLL1_OPLV0_PK0_PAP0_PGR2_PLR5_PKA0_SIA3_SLW1_SS1_SU0_SUM0_SUS0_SCIUI1_SPO1_SRVW0_SSO6_SVW2_SNLL0_TSGRA0_TSGRB0_TT2_64_TLDS0_UMLDSA0_UMLDSB0_U64SL1_USFGROn1_VAW1_VSn1_VW2_VWB1_VFLRP0_WSGRA0_WSGRB0_WS64_WG64_4_1_WGM6",28373,6448491143248344,6448491143255716,0,24832,256,1,1,256,2,1
"KERNEL_DISPATCH",1,1,234879,1472,68,"void rocsolver::v32802::getf2_npvt_small_kernel<16, double, int, int, double*>(int, double*, long, int, long, int*, int, int)",28376,6448491143259165,6448491143266856,0,136,128,1,1,128,1,1
"KERNEL_DISPATCH",1,1,234879,1473,185,"void rocsolver::v32802::unit_forward_substitution_kernel<double, int, double*>(int, int, double*, int, int, long, long, double*, int, int, long, long)",28381,6448491143274568,6448491143284463,0,512,16,64,1,16,128,1
"KERNEL_DISPATCH",1,1,234879,1474,1178,"Cijk_Ailk_Bljk_DB_MT128x64x16_MI16x16x4x1_SN_1LDSB1_APM1_ABV0_ACED0_AF0EM2_AF1EM2_AMAS3_ASE_ASGT_ASLT_ASM_ASAE01_ASCE01_ASEM2_AAC0_BL1_BS1_CLR0_DTLA0_DTLB0_DTVA0_DTVB0_DVO0_ETSP_EPS1_ELFLR0_EMLL0_FSSC10_FL0_GLVWA2_GLVWB2_GRCGA1_GRCGB1_GRPM1_GRVW2_GSU1_GSUASB_GLS0_ISA942_IU1_K1_KLA_LBSPPA0_LBSPPB0_LPA0_LPB2_LDL1_LRVW1_LWPMn1_LDW0_FMA_MIAV1_MDA2_MO40_MMFSC_MKFGSU256_NTA0_NTB0_NTC3_NTD3_NEPBS0_NLCA1_NLCB1_ONLL1_OPLV0_PK0_PAP0_PGR2_PLR1_PKA0_SIA3_SLW1_SS1_SU0_SUM0_SUS0_SCIUI1_SPO1_SRVW0_SSO6_SVW2_SNLL0_TSGRA0_TSGRB0_TT2_64_TLDS0_UMLDSA0_UMLDSB0_U64SL1_USFGROn1_VAW1_VSn1_VW2_VWB1_VFLRP0_WSGRA0_WSGRB0_WS64_WG64_4_1_WGM6",28384,6448491143294575,6448491143303309,0,24832,256,1,1,256,2,1
"KERNEL_DISPATCH",1,1,234879,1475,68,"void rocsolver::v32802::getf2_npvt_small_kernel<16, double, int, int, double*>(int, double*, long, int, long, int*, int, int)",28387,6448491143305725,6448491143313217,0,136,112,1,1,112,1,1
"KERNEL_DISPATCH",1,1,234879,1476,185,"void rocsolver::v32802::unit_forward_substitution_kernel<double, int, double*>(int, int, double*, int, int, long, long, double*, int, int, long, long)",28392,6448491143320535,6448491143329749,0,512,16,64,1,16,128,1
"KERNEL_DISPATCH",1,1,234879,1477,999,"Cijk_Ailk_Bljk_DB_MT128x64x16_MI16x16x4x1_SN_1LDSB1_APM1_ABV0_ACED0_AF0EM2_AF1EM2_AMAS3_ASE_ASGT_ASLT_ASM_ASAE01_ASCE01_ASEM2_AAC0_BL1_BS1_CLR0_DTLA0_DTLB0_DTVA1_DTVB0_DVO0_ETSP_EPS1_ELFLR0_EMLL0_FSSC10_FL0_GLVWA2_GLVWB2_GRCGA1_GRCGB1_GRPM1_GRVW2_GSU1_GSUASB_GLS0_ISA942_IU1_K1_KLA_LBSPPA0_LBSPPB0_LPA0_LPB2_LDL1_LRVW1_LWPMn1_LDW0_FMA_MIAV1_MDA2_MO40_MMFSC_MKFGSU256_NTA0_NTB0_NTC3_NTD3_NEPBS0_NLCA1_NLCB1_ONLL1_OPLV0_PK0_PAP0_PGR2_PLR5_PKA0_SIA3_SLW1_SS1_SU0_SUM0_SUS0_SCIUI1_SPO1_SRVW0_SSO6_SVW2_SNLL0_TSGRA0_TSGRB0_TT2_64_TLDS0_UMLDSA0_UMLDSB0_U64SL1_USFGROn1_VAW1_VSn1_VW2_VWB1_VFLRP0_WSGRA0_WSGRB0_WS64_WG64_4_1_WGM12",28395,6448491143338442,6448491143347456,0,8448,256,1,1,256,2,1
"KERNEL_DISPATCH",1,1,234879,1478,68,"void rocsolver::v32802::getf2_npvt_small_kernel<16, double, int, int, double*>(int, double*, long, int, long, int*, int, int)",28398,6448491143350100,6448491143357472,0,136,96,1,1,96,1,1
"KERNEL_DISPATCH",1,1,234879,1479,185,"void rocsolver::v32802::unit_forward_substitution_kernel<double, int, double*>(int, int, double*, int, int, long, long, double*, int, int, long, long)",28403,6448491143361438,6448491143369971,0,512,16,64,1,16,128,1
"KERNEL_DISPATCH",1,1,234879,1480,759,"Cijk_Ailk_Bljk_DB_MT64x64x16_MI16x16x4x1_SN_1LDSB1_APM1_ABV0_ACED0_AF0EM2_AF1EM2_AMAS3_ASE_ASGT_ASLT_ASM_ASAE01_ASCE01_ASEM2_AAC0_BL1_BS1_CLR0_DTLA0_DTLB0_DTVA0_DTVB0_DVO0_ETSP_EPS1_ELFLR0_EMLL0_FSSC10_FL0_GLVWA2_GLVWB2_GRCGA1_GRCGB1_GRPM1_GRVW2_GSU1_GSUASB_GLS0_ISA942_IU1_K1_KLA_LBSPPA0_LBSPPB0_LPA0_LPB2_LDL1_LRVW1_LWPMn1_LDW0_FMA_MIAV1_MDA2_MO40_MMFSC_MKFGSU256_NTA0_NTB0_NTC3_NTD3_NEPBS4_NLCA1_NLCB1_ONLL1_OPLV0_PK0_PAP0_PGR2_PLR5_PKA0_SIA3_SLW1_SS1_SU0_SUM0_SUS0_SCIUI1_SPO1_SRVW0_SSO6_SVW2_SNLL0_TSGRA0_TSGRB0_TT2_32_TLDS0_UMLDSA0_UMLDSB0_U64SL1_USFGROn1_VAW1_VSn1_VW2_VWB1_VFLRP0_WSGRA0_WSGRB0_WS64_WG32_8_1_WGM6",28406,6448491143386276,6448491143393968,0,16640,256,1,1,512,2,1
"KERNEL_DISPATCH",1,1,234879,1481,68,"void rocsolver::v32802::getf2_npvt_small_kernel<16, double, int, int, double*>(int, double*, long, int, long, int*, int, int)",28409,6448491143398575,6448491143405986,0,136,80,1,1,80,1,1
"KERNEL_DISPATCH",1,1,234879,1482,185,"void rocsolver::v32802::unit_forward_substitution_kernel<double, int, double*>(int, int, double*, int, int, long, long, double*, int, int, long, long)",28414,6448491143412196,6448491143421410,0,512,16,64,1,16,64,1
"KERNEL_DISPATCH",1,1,234879,1483,814,"Cijk_Ailk_Bljk_DB_MT64x64x16_MI16x16x4x1_SN_1LDSB1_APM1_ABV0_ACED0_AF0EM2_AF1EM2_AMAS0_ASE_ASGT_ASLT_ASM_ASAE01_ASCE01_ASEM2_AAC0_BL1_BS1_CLR0_DTLA0_DTLB0_DTVA1_DTVB0_DVO0_ETSP_EPS1_ELFLR0_EMLL0_FSSC10_FL0_GLVWA1_GLVWB1_GRCGA1_GRCGB1_GRPM1_GRVW1_GSU1_GSUASB_GLS0_ISA942_IU1_K1_KLA_LBSPPA0_LBSPPB128_LPA0_LPB4_LDL1_LRVW2_LWPMn1_LDW0_FMA_MIAV1_MDA2_MO40_MMFSC_MKFGSU256_NTA0_NTB0_NTC3_NTD3_NEPBS0_NLCA1_NLCB1_ONLL1_OPLV0_PK0_PAP0_PGR2_PLR5_PKA0_SIA3_SLW1_SS1_SU0_SUM0_SUS0_SCIUI1_SPO1_SRVW0_SSO6_SVW1_SNLL0_TSGRA0_TSGRB0_TT1_64_TLDS1_UMLDSA0_UMLDSB1_U64SL1_USFGROn1_VAW1_VSn1_VW1_VWB1_VFLRP0_WSGRA0_WSGRB0_WS64_WG64_4_1_WGM6",28417,6448491143431866,6448491143438957,0,10240,256,1,1,256,1,1
"KERNEL_DISPATCH",1,1,234879,1484,68,"void rocsolver::v32802::getf2_npvt_small_kernel<16, double, int, int, double*>(int, double*, long, int, long, int*, int, int)",28420,6448491143443003,6448491143450614,0,136,64,1,1,64,1,1
"KERNEL_DISPATCH",1,1,234879,1485,185,"void rocsolver::v32802::unit_forward_substitution_kernel<double, int, double*>(int, int, double*, int, int, long, long, double*, int, int, long, long)",28425,6448491143457225,6448491143465878,0,512,16,64,1,16,64,1
"KERNEL_DISPATCH",1,1,234879,1486,744,"Cijk_Ailk_Bljk_DB_MT64x64x16_MI16x16x4x1_SN_1LDSB1_APM1_ABV0_ACED0_AF0EM2_AF1EM2_AMAS3_ASE_ASGT_ASLT_ASM_ASAE01_ASCE01_ASEM2_AAC0_BL1_BS1_CLR0_DTLA0_DTLB0_DTVA0_DTVB0_DVO0_ETSP_EPS1_ELFLR0_EMLL0_FSSC10_FL0_GLVWA2_GLVWB2_GRCGA1_GRCGB1_GRPM1_GRVW2_GSU1_GSUASB_GLS0_ISA942_IU1_K1_KLA_LBSPPA0_LBSPPB128_LPA0_LPB4_LDL1_LRVW2_LWPMn1_LDW0_FMA_MIAV1_MDA2_MO40_MMFSC_MKFGSU256_NTA0_NTB0_NTC3_NTD3_NEPBS0_NLCA1_NLCB1_ONLL1_OPLV0_PK0_PAP0_PGR2_PLR5_PKA0_SIA3_SLW1_SS1_SU0_SUM0_SUS0_SCIUI1_SPO1_SRVW0_SSO6_SVW2_SNLL0_TSGRA0_TSGRB0_TT2_32_TLDS1_UMLDSA0_UMLDSB1_U64SL1_USFGROn1_VAW1_VSn1_VW2_VWB1_VFLRP0_WSGRA0_WSGRB0_WS64_WG32_8_1_WGM6",28428,6448491143477536,6448491143483465,0,18432,256,1,1,256,1,1
"KERNEL_DISPATCH",1,1,234879,1487,68,"void rocsolver::v32802::getf2_npvt_small_kernel<16, double, int, int, double*>(int, double*, long, int, long, int*, int, int)",28431,6448491143490956,6448491143498648,0,136,48,1,1,48,1,1
"KERNEL_DISPATCH",1,1,234879,1488,185,"void rocsolver::v32802::unit_forward_substitution_kernel<double, int, double*>(int, int, double*, int, int, long, long, double*, int, int, long, long)",28436,6448491143507782,6448491143516035,0,512,16,64,1,16,64,1
"KERNEL_DISPATCH",1,1,234879,1489,754,"Cijk_Ailk_Bljk_DB_MT32x64x32_MI16x16x4x1_SN_1LDSB1_APM1_ABV0_ACED0_AF0EM2_AF1EM2_AMAS3_ASE_ASGT_ASLT_ASM_ASAE01_ASCE01_ASEM2_AAC0_BL1_BS1_CLR0_DTLA0_DTLB0_DTVA0_DTVB0_DVO0_ETSP_EPS1_ELFLR0_EMLL0_FSSC10_FL0_GLVWA2_GLVWB2_GRCGA1_GRCGB1_GRPM1_GRVW2_GSU1_GSUASB_GLS0_ISA942_IU1_K1_KLA_LBSPPA0_LBSPPB256_LPA0_LPB4_LDL1_LRVW2_LWPMn1_LDW0_FMA_MIAV1_MDA2_MO40_MMFSC_MKFGSU256_NTA0_NTB0_NTC3_NTD3_NEPBS0_NLCA1_NLCB1_ONLL1_OPLV0_PK0_PAP0_PGR2_PLR9_PKA0_SIA3_SLW1_SS1_SU0_SUM0_SUS0_SCIUI1_SPO1_SRVW0_SSO6_SVW2_SNLL0_TSGRA0_TSGRB0_TT2_16_TLDS1_UMLDSA0_UMLDSB1_U64SL1_USFGROn1_VAW1_VSn1_VW2_VWB1_VFLRP0_WSGRA0_WSGRB0_WS64_WG16_16_1_WGM6",28439,6448491143527613,6448491143532700,0,26624,256,1,1,256,1,1
"KERNEL_DISPATCH",1,1,234879,1490,68,"void rocsolver::v32802::getf2_npvt_small_kernel<16, double, int, int, double*>(int, double*, long, int, long, int*, int, int)",28442,6448491143539150,6448491143546922,0,136,32,1,1,32,1,1
"KERNEL_DISPATCH",1,1,234879,1491,185,"void rocsolver::v32802::unit_forward_substitution_kernel<double, int, double*>(int, int, double*, int, int, long, long, double*, int, int, long, long)",28447,6448491143548799,6448491143555809,0,512,16,64,1,16,64,1
"KERNEL_DISPATCH",1,1,234879,1492,754,"Cijk_Ailk_Bljk_DB_MT32x64x32_MI16x16x4x1_SN_1LDSB1_APM1_ABV0_ACED0_AF0EM2_AF1EM2_AMAS3_ASE_ASGT_ASLT_ASM_ASAE01_ASCE01_ASEM2_AAC0_BL1_BS1_CLR0_DTLA0_DTLB0_DTVA0_DTVB0_DVO0_ETSP_EPS1_ELFLR0_EMLL0_FSSC10_FL0_GLVWA2_GLVWB2_GRCGA1_GRCGB1_GRPM1_GRVW2_GSU1_GSUASB_GLS0_ISA942_IU1_K1_KLA_LBSPPA0_LBSPPB256_LPA0_LPB4_LDL1_LRVW2_LWPMn1_LDW0_FMA_MIAV1_MDA2_MO40_MMFSC_MKFGSU256_NTA0_NTB0_NTC3_NTD3_NEPBS0_NLCA1_NLCB1_ONLL1_OPLV0_PK0_PAP0_PGR2_PLR9_PKA0_SIA3_SLW1_SS1_SU0_SUM0_SUS0_SCIUI1_SPO1_SRVW0_SSO6_SVW2_SNLL0_TSGRA0_TSGRB0_TT2_16_TLDS1_UMLDSA0_UMLDSB1_U64SL1_USFGROn1_VAW1_VSn1_VW2_VWB1_VFLRP0_WSGRA0_WSGRB0_WS64_WG16_16_1_WGM6",28450,6448491143572584,6448491143576310,0,26624,256,1,1,256,1,1
"KERNEL_DISPATCH",1,1,234879,1493,68,"void rocsolver::v32802::getf2_npvt_small_kernel<16, double, int, int, double*>(int, double*, long, int, long, int*, int, int)",28453,6448491143583979,6448491143591310,0,136,16,1,1,16,1,1
"KERNEL_DISPATCH",1,1,234879,1494,1399,"void rocblas_trtri_trsm_kernel<128, 16, 8, double, double const*, double*>(rocblas_fill_, rocblas_diagonal_, double const*, long, int, long, double*, long, long, int)",28457,6448491143597199,6448491143625563,0,8192,256,1,1,4096,1,1
"KERNEL_DISPATCH",1,1,234879,1495,1443,"void rocblas_trtri_fill<128, double, double*>(_rocblas_handle*, rocblas_fill_, int, long, int, long, double*, long, long, int, int)",28462,6448491143625563,6448491143628527,0,0,128,1,1,32512,1,1
"KERNEL_DISPATCH",1,1,234879,1496,997,"Cijk_Ailk_Bljk_DB_MT64x32x16_MI16x16x4x1_SN_1LDSB1_APM1_ABV0_ACED0_AF0EM2_AF1EM2_AMAS0_ASE_ASGT_ASLT_ASM_ASAE01_ASCE01_ASEM2_AAC0_BL1_BS1_CLR0_DTLA0_DTLB0_DTVA1_DTVB0_DVO0_ETSP_EPS1_ELFLR0_EMLL0_FSSC10_FL0_GLVWA1_GLVWB1_GRCGA1_GRCGB1_GRPM1_GRVW1_GSU1_GSUASB_GLS0_ISA942_IU1_K1_KLA_LBSPPA0_LBSPPB128_LPA0_LPB4_LDL1_LRVW2_LWPMn1_LDW0_FMA_MIAV1_MDA2_MO40_MMFSC_MKFGSU256_NTA0_NTB0_NTC3_NTD3_NEPBS0_NLCA1_NLCB1_ONLL1_OPLV0_PK0_PAP0_PGR2_PLR5_PKA0_SIA3_SLW1_SS1_SU0_SUM0_SUS0_SCIUI1_SPO1_SRVW0_SSO6_SVW1_SNLL0_TSGRA0_TSGRB0_TT1_32_TLDS1_UMLDSA0_UMLDSB1_U64SL1_USFGROn1_VAW1_VSn1_VW1_VWB1_VFLRP0_WSGRA0_WSGRB0_WS64_WG64_4_1_WGM12",28466,6448491143628527,6448491143635458,0,5120,256,1,1,256,1,4
"KERNEL_DISPATCH",1,1,234879,1497,997,"Cijk_Ailk_Bljk_DB_MT64x32x16_MI16x16x4x1_SN_1LDSB1_APM1_ABV0_ACED0_AF0EM2_AF1EM2_AMAS0_ASE_ASGT_ASLT_ASM_ASAE01_ASCE01_ASEM2_AAC0_BL1_BS1_CLR0_DTLA0_DTLB0_DTVA1_DTVB0_DVO0_ETSP_EPS1_ELFLR0_EMLL0_FSSC10_FL0_GLVWA1_GLVWB1_GRCGA1_GRCGB1_GRPM1_GRVW1_GSU1_GSUASB_GLS0_ISA942_IU1_K1_KLA_LBSPPA0_LBSPPB128_LPA0_LPB4_LDL1_LRVW2_LWPMn1_LDW0_FMA_MIAV1_MDA2_MO40_MMFSC_MKFGSU256_NTA0_NTB0_NTC3_NTD3_NEPBS0_NLCA1_NLCB1_ONLL1_OPLV0_PK0_PAP0_PGR2_PLR5_PKA0_SIA3_SLW1_SS1_SU0_SUM0_SUS0_SCIUI1_SPO1_SRVW0_SSO6_SVW1_SNLL0_TSGRA0_TSGRB0_TT1_32_TLDS1_UMLDSA0_UMLDSB1_U64SL1_USFGROn1_VAW1_VSn1_VW1_VWB1_VFLRP0_WSGRA0_WSGRB0_WS64_WG64_4_1_WGM12",28469,6448491143648157,6448491143655248,0,5120,256,1,1,256,1,4
"KERNEL_DISPATCH",1,1,234879,1498,997,"Cijk_Ailk_Bljk_DB_MT64x32x16_MI16x16x4x1_SN_1LDSB1_APM1_ABV0_ACED0_AF0EM2_AF1EM2_AMAS0_ASE_ASGT_ASLT_ASM_ASAE01_ASCE01_ASEM2_AAC0_BL1_BS1_CLR0_DTLA0_DTLB0_DTVA1_DTVB0_DVO0_ETSP_EPS1_ELFLR0_EMLL0_FSSC10_FL0_GLVWA1_GLVWB1_GRCGA1_GRCGB1_GRPM1_GRVW1_GSU1_GSUASB_GLS0_ISA942_IU1_K1_KLA_LBSPPA0_LBSPPB128_LPA0_LPB4_LDL1_LRVW2_LWPMn1_LDW0_FMA_MIAV1_MDA2_MO40_MMFSC_MKFGSU256_NTA0_NTB0_NTC3_NTD3_NEPBS0_NLCA1_NLCB1_ONLL1_OPLV0_PK0_PAP0_PGR2_PLR5_PKA0_SIA3_SLW1_SS1_SU0_SUM0_SUS0_SCIUI1_SPO1_SRVW0_SSO6_SVW1_SNLL0_TSGRA0_TSGRB0_TT1_32_TLDS1_UMLDSA0_UMLDSB1_U64SL1_USFGROn1_VAW1_VSn1_VW1_VWB1_VFLRP0_WSGRA0_WSGRB0_WS64_WG64_4_1_WGM12",28472,6448491143672194,6448491143676881,0,5120,256,1,1,256,1,4
"KERNEL_DISPATCH",1,1,234879,1499,997,"Cijk_Ailk_Bljk_DB_MT64x32x16_MI16x16x4x1_SN_1LDSB1_APM1_ABV0_ACED0_AF0EM2_AF1EM2_AMAS0_ASE_ASGT_ASLT_ASM_ASAE01_ASCE01_ASEM2_AAC0_BL1_BS1_CLR0_DTLA0_DTLB0_DTVA1_DTVB0_DVO0_ETSP_EPS1_ELFLR0_EMLL0_FSSC10_FL0_GLVWA1_GLVWB1_GRCGA1_GRCGB1_GRPM1_GRVW1_GSU1_GSUASB_GLS0_ISA942_IU1_K1_KLA_LBSPPA0_LBSPPB128_LPA0_LPB4_LDL1_LRVW2_LWPMn1_LDW0_FMA_MIAV1_MDA2_MO40_MMFSC_MKFGSU256_NTA0_NTB0_NTC3_NTD3_NEPBS0_NLCA1_NLCB1_ONLL1_OPLV0_PK0_PAP0_PGR2_PLR5_PKA0_SIA3_SLW1_SS1_SU0_SUM0_SUS0_SCIUI1_SPO1_SRVW0_SSO6_SVW1_SNLL0_TSGRA0_TSGRB0_TT1_32_TLDS1_UMLDSA0_UMLDSB1_U64SL1_USFGROn1_VAW1_VSn1_VW1_VWB1_VFLRP0_WSGRA0_WSGRB0_WS64_WG64_4_1_WGM12",28475,6448491143686216,6448491143690943,0,5120,256,1,1,256,1,4
"KERNEL_DISPATCH",1,1,234879,1500,970,"Cijk_Ailk_Bljk_DB_MT64x64x32_MI16x16x4x1_SN_1LDSB1_APM1_ABV0_ACED0_AF0EM2_AF1EM2_AMAS0_ASE_ASGT_ASLT_ASM_ASAE01_ASCE01_ASEM2_AAC0_BL1_BS1_CLR0_DTLA0_DTLB0_DTVA0_DTVB0_DVO0_ETSP_EPS1_ELFLR0_EMLL0_FSSC10_FL0_GLVWA1_GLVWB1_GRCGA1_GRCGB1_GRPM1_GRVW1_GSU1_GSUASB_GLS0_ISA942_IU1_K1_KLA_LBSPPA0_LBSPPB0_LPA0_LPB1_LDL1_LRVW1_LWPMn1_LDW0_FMA_MIAV1_MDA2_MO40_MMFSC_MKFGSU256_NTA0_NTB0_NTC3_NTD3_NEPBS0_NLCA1_NLCB1_ONLL1_OPLV0_PK0_PAP0_PGR2_PLR9_PKA0_SIA3_SLW1_SS1_SU0_SUM0_SUS0_SCIUI1_SPO1_SRVW0_SSO6_SVW1_SNLL0_TSGRA0_TSGRB0_TT2_32_TLDS0_UMLDSA0_UMLDSB0_U64SL1_USFGROn1_VAW1_VSn1_VW1_VWB1_VFLRP0_WSGRA0_WSGRB0_WS64_WG32_8_1_WGM6",28478,6448491143705405,6448491143713658,0,33024,256,1,1,256,1,4
"KERNEL_DISPATCH",1,1,234879,1501,970,"Cijk_Ailk_Bljk_DB_MT64x64x32_MI16x16x4x1_SN_1LDSB1_APM1_ABV0_ACED0_AF0EM2_AF1EM2_AMAS0_ASE_ASGT_ASLT_ASM_ASAE01_ASCE01_ASEM2_AAC0_BL1_BS1_CLR0_DTLA0_DTLB0_DTVA0_DTVB0_DVO0_ETSP_EPS1_ELFLR0_EMLL0_FSSC10_FL0_GLVWA1_GLVWB1_GRCGA1_GRCGB1_GRPM1_GRVW1_GSU1_GSUASB_GLS0_ISA942_IU1_K1_KLA_LBSPPA0_LBSPPB0_LPA0_LPB1_LDL1_LRVW1_LWPMn1_LDW0_FMA_MIAV1_MDA2_MO40_MMFSC_MKFGSU256_NTA0_NTB0_NTC3_NTD3_NEPBS0_NLCA1_NLCB1_ONLL1_OPLV0_PK0_PAP0_PGR2_PLR9_PKA0_SIA3_SLW1_SS1_SU0_SUM0_SUS0_SCIUI1_SPO1_SRVW0_SSO6_SVW1_SNLL0_TSGRA0_TSGRB0_TT2_32_TLDS0_UMLDSA0_UMLDSB0_U64SL1_USFGROn1_VAW1_VSn1_VW1_VWB1_VFLRP0_WSGRA0_WSGRB0_WS64_WG32_8_1_WGM6",28481,6448491143720651,6448491143728343,0,33024,256,1,1,256,1,4
"KERNEL_DISPATCH",1,1,234879,1502,1471,"void rocblas_copy_matrix_trsm<128, 8, double, double*, double*>(int, int, int, double*, int, long, double*, int, long, long, long, int)",28485,6448491143734923,6448491143738769,0,0,128,8,1,2048,128,1
"KERNEL_DISPATCH",1,1,234879,1503,1081,"Cijk_Ailk_Bljk_DB_MT80x64x32_MI16x16x4x1_SN_1LDSB1_APM1_ABV0_ACED0_AF0EM1_AF1EM1_AMAS0_ASE_ASGT_ASLT_ASM_ASAE01_ASCE01_ASEM1_AAC0_BL1_BS1_CLR0_DTLA0_DTLB0_DTVA0_DTVB0_DVO0_ETB_EPS1_ELFLR0_EMLL0_FSSC10_FL0_GLVWA2_GLVWB2_GRCGA1_GRCGB1_GRPM1_GRVWn1_GSU1_GSUASB_GLS0_ISA942_IU1_K1_KLA_LBSPPA0_LBSPPB256_LPA0_LPB4_LDL1_LRVW2_LWPMn1_LDW0_FMA_MIAV1_MDA2_MO40_MMFSC_MKFGSU256_NTA0_NTB0_NTC3_NTD3_NEPBS4_NLCA5_NLCB1_ONLL1_OPLV0_PK0_PAP0_PGR2_PLR9_PKA0_SIA3_SLW1_SS1_SU0_SUM0_SUS0_SCIUI1_SPO0_SRVW0_SSO0_SVW1_SNLL0_TSGRA0_TSGRB0_TT5_16_TLDS1_UMLDSA0_UMLDSB1_U64SL1_USFGROn1_VAW1_VSn1_VW1_VWB1_VFLRP0_WSGRA0_WSGRB0_WS64_WG16_16_1_WGM1",28489,6448491143760530,6448491143777836,0,38912,256,1,1,6656,2,1
"KERNEL_DISPATCH",1,1,234879,1504,1081,"Cijk_Ailk_Bljk_DB_MT80x64x32_MI16x16x4x1_SN_1LDSB1_APM1_ABV0_ACED0_AF0EM1_AF1EM1_AMAS0_ASE_ASGT_ASLT_ASM_ASAE01_ASCE01_ASEM1_AAC0_BL1_BS1_CLR0_DTLA0_DTLB0_DTVA0_DTVB0_DVO0_ETB_EPS1_ELFLR0_EMLL0_FSSC10_FL0_GLVWA2_GLVWB2_GRCGA1_GRCGB1_GRPM1_GRVWn1_GSU1_GSUASB_GLS0_ISA942_IU1_K1_KLA_LBSPPA0_LBSPPB256_LPA0_LPB4_LDL1_LRVW2_LWPMn1_LDW0_FMA_MIAV1_MDA2_MO40_MMFSC_MKFGSU256_NTA0_NTB0_NTC3_NTD3_NEPBS4_NLCA5_NLCB1_ONLL1_OPLV0_PK0_PAP0_PGR2_PLR9_PKA0_SIA3_SLW1_SS1_SU0_SUM0_SUS0_SCIUI1_SPO0_SRVW0_SSO0_SVW1_SNLL0_TSGRA0_TSGRB0_TT5_16_TLDS1_UMLDSA0_UMLDSB1_U64SL1_USFGROn1_VAW1_VSn1_VW1_VWB1_VFLRP0_WSGRA0_WSGRB0_WS64_WG16_16_1_WGM1",28492,6448491143777836,6448491143789855,0,38912,256,1,1,6656,2,1
"KERNEL_DISPATCH",1,1,234879,1505,1081,"Cijk_Ailk_Bljk_DB_MT80x64x32_MI16x16x4x1_SN_1LDSB1_APM1_ABV0_ACED0_AF0EM1_AF1EM1_AMAS0_ASE_ASGT_ASLT_ASM_ASAE01_ASCE01_ASEM1_AAC0_BL1_BS1_CLR0_DTLA0_DTLB0_DTVA0_DTVB0_DVO0_ETB_EPS1_ELFLR0_EMLL0_FSSC10_FL0_GLVWA2_GLVWB2_GRCGA1_GRCGB1_GRPM1_GRVWn1_GSU1_GSUASB_GLS0_ISA942_IU1_K1_KLA_LBSPPA0_LBSPPB256_LPA0_LPB4_LDL1_LRVW2_LWPMn1_LDW0_FMA_MIAV1_MDA2_MO40_MMFSC_MKFGSU256_NTA0_NTB0_NTC3_NTD3_NEPBS4_NLCA5_NLCB1_ONLL1_OPLV0_PK0_PAP0_PGR2_PLR9_PKA0_SIA3_SLW1_SS1_SU0_SUM0_SUS0_SCIUI1_SPO0_SRVW0_SSO0_SVW1_SNLL0_TSGRA0_TSGRB0_TT5_16_TLDS1_UMLDSA0_UMLDSB1_U64SL1_USFGROn1_VAW1_VSn1_VW1_VWB1_VFLRP0_WSGRA0_WSGRB0_WS64_WG16_16_1_WGM1",28495,6448491143789855,6448491143796585,0,38912,256,1,1,6656,2,1
"KERNEL_DISPATCH",1,1,234879,1506,1081,"Cijk_Ailk_Bljk_DB_MT80x64x32_MI16x16x4x1_SN_1LDSB1_APM1_ABV0_ACED0_AF0EM1_AF1EM1_AMAS0_ASE_ASGT_ASLT_ASM_ASAE01_ASCE01_ASEM1_AAC0_BL1_BS1_CLR0_DTLA0_DTLB0_DTVA0_DTVB0_DVO0_ETB_EPS1_ELFLR0_EMLL0_FSSC10_FL0_GLVWA2_GLVWB2_GRCGA1_GRCGB1_GRPM1_GRVWn1_GSU1_GSUASB_GLS0_ISA942_IU1_K1_KLA_LBSPPA0_LBSPPB256_LPA0_LPB4_LDL1_LRVW2_LWPMn1_LDW0_FMA_MIAV1_MDA2_MO40_MMFSC_MKFGSU256_NTA0_NTB0_NTC3_NTD3_NEPBS4_NLCA5_NLCB1_ONLL1_OPLV0_PK0_PAP0_PGR2_PLR9_PKA0_SIA3_SLW1_SS1_SU0_SUM0_SUS0_SCIUI1_SPO0_SRVW0_SSO0_SVW1_SNLL0_TSGRA0_TSGRB0_TT5_16_TLDS1_UMLDSA0_UMLDSB1_U64SL1_USFGROn1_VAW1_VSn1_VW1_VWB1_VFLRP0_WSGRA0_WSGRB0_WS64_WG16_16_1_WGM1",28498,6448491143808363,6448491143821784,0,38912,256,1,1,6656,2,1
"KERNEL_DISPATCH",1,1,234879,1507,1081,"Cijk_Ailk_Bljk_DB_MT80x64x32_MI16x16x4x1_SN_1LDSB1_APM1_ABV0_ACED0_AF0EM1_AF1EM1_AMAS0_ASE_ASGT_ASLT_ASM_ASAE01_ASCE01_ASEM1_AAC0_BL1_BS1_CLR0_DTLA0_DTLB0_DTVA0_DTVB0_DVO0_ETB_EPS1_ELFLR0_EMLL0_FSSC10_FL0_GLVWA2_GLVWB2_GRCGA1_GRCGB1_GRPM1_GRVWn1_GSU1_GSUASB_GLS0_ISA942_IU1_K1_KLA_LBSPPA0_LBSPPB256_LPA0_LPB4_LDL1_LRVW2_LWPMn1_LDW0_FMA_MIAV1_MDA2_MO40_MMFSC_MKFGSU256_NTA0_NTB0_NTC3_NTD3_NEPBS4_NLCA5_NLCB1_ONLL1_OPLV0_PK0_PAP0_PGR2_PLR9_PKA0_SIA3_SLW1_SS1_SU0_SUM0_SUS0_SCIUI1_SPO0_SRVW0_SSO0_SVW1_SNLL0_TSGRA0_TSGRB0_TT5_16_TLDS1_UMLDSA0_UMLDSB1_U64SL1_USFGROn1_VAW1_VSn1_VW1_VWB1_VFLRP0_WSGRA0_WSGRB0_WS64_WG16_16_1_WGM1",28501,6448491143828033,6448491143835204,0,38912,256,1,1,6656,2,1
"KERNEL_DISPATCH",1,1,234879,1508,1081,"Cijk_Ailk_Bljk_DB_MT80x64x32_MI16x16x4x1_SN_1LDSB1_APM1_ABV0_ACED0_AF0EM1_AF1EM1_AMAS0_ASE_ASGT_ASLT_ASM_ASAE01_ASCE01_ASEM1_AAC0_BL1_BS1_CLR0_DTLA0_DTLB0_DTVA0_DTVB0_DVO0_ETB_EPS1_ELFLR0_EMLL0_FSSC10_FL0_GLVWA2_GLVWB2_GRCGA1_GRCGB1_GRPM1_GRVWn1_GSU1_GSUASB_GLS0_ISA942_IU1_K1_KLA_LBSPPA0_LBSPPB256_LPA0_LPB4_LDL1_LRVW2_LWPMn1_LDW0_FMA_MIAV1_MDA2_MO40_MMFSC_MKFGSU256_NTA0_NTB0_NTC3_NTD3_NEPBS4_NLCA5_NLCB1_ONLL1_OPLV0_PK0_PAP0_PGR2_PLR9_PKA0_SIA3_SLW1_SS1_SU0_SUM0_SUS0_SCIUI1_SPO0_SRVW0_SSO0_SVW1_SNLL0_TSGRA0_TSGRB0_TT5_16_TLDS1_UMLDSA0_UMLDSB1_U64SL1_USFGROn1_VAW1_VSn1_VW1_VWB1_VFLRP0_WSGRA0_WSGRB0_WS64_WG16_16_1_WGM1",28504,6448491143845901,6448491143861164,0,38912,256,1,1,6656,2,1
"KERNEL_DISPATCH",1,1,234879,1509,1081,"Cijk_Ailk_Bljk_DB_MT80x64x32_MI16x16x4x1_SN_1LDSB1_APM1_ABV0_ACED0_AF0EM1_AF1EM1_AMAS0_ASE_ASGT_ASLT_ASM_ASAE01_ASCE01_ASEM1_AAC0_BL1_BS1_CLR0_DTLA0_DTLB0_DTVA0_DTVB0_DVO0_ETB_EPS1_ELFLR0_EMLL0_FSSC10_FL0_GLVWA2_GLVWB2_GRCGA1_GRCGB1_GRPM1_GRVWn1_GSU1_GSUASB_GLS0_ISA942_IU1_K1_KLA_LBSPPA0_LBSPPB256_LPA0_LPB4_LDL1_LRVW2_LWPMn1_LDW0_FMA_MIAV1_MDA2_MO40_MMFSC_MKFGSU256_NTA0_NTB0_NTC3_NTD3_NEPBS4_NLCA5_NLCB1_ONLL1_OPLV0_PK0_PAP0_PGR2_PLR9_PKA0_SIA3_SLW1_SS1_SU0_SUM0_SUS0_SCIUI1_SPO0_SRVW0_SSO0_SVW1_SNLL0_TSGRA0_TSGRB0_TT5_16_TLDS1_UMLDSA0_UMLDSB1_U64SL1_USFGROn1_VAW1_VSn1_VW1_VWB1_VFLRP0_WSGRA0_WSGRB0_WS64_WG16_16_1_WGM1",28507,6448491143862807,6448491143870859,0,38912,256,1,1,6656,2,1
"KERNEL_DISPATCH",1,1,234879,1510,1399,"void rocblas_trtri_trsm_kernel<128, 16, 8, double, double const*, double*>(rocblas_fill_, rocblas_diagonal_, double const*, long, int, long, double*, long, long, int)",28511,6448491143870859,6448491143899142,0,8192,256,1,1,4096,1,1
"KERNEL_DISPATCH",1,1,234879,1512,997,"Cijk_Ailk_Bljk_DB_MT64x32x16_MI16x16x4x1_SN_1LDSB1_APM1_ABV0_ACED0_AF0EM2_AF1EM2_AMAS0_ASE_ASGT_ASLT_ASM_ASAE01_ASCE01_ASEM2_AAC0_BL1_BS1_CLR0_DTLA0_DTLB0_DTVA1_DTVB0_DVO0_ETSP_EPS1_ELFLR0_EMLL0_FSSC10_FL0_GLVWA1_GLVWB1_GRCGA1_GRCGB1_GRPM1_GRVW1_GSU1_GSUASB_GLS0_ISA942_IU1_K1_KLA_LBSPPA0_LBSPPB128_LPA0_LPB4_LDL1_LRVW2_LWPMn1_LDW0_FMA_MIAV1_MDA2_MO40_MMFSC_MKFGSU256_NTA0_NTB0_NTC3_NTD3_NEPBS0_NLCA1_NLCB1_ONLL1_OPLV0_PK0_PAP0_PGR2_PLR5_PKA0_SIA3_SLW1_SS1_SU0_SUM0_SUS0_SCIUI1_SPO1_SRVW0_SSO6_SVW1_SNLL0_TSGRA0_TSGRB0_TT1_32_TLDS1_UMLDSA0_UMLDSB1_U64SL1_USFGROn1_VAW1_VSn1_VW1_VWB1_VFLRP0_WSGRA0_WSGRB0_WS64_WG64_4_1_WGM12",28520,6448491143903389,6448491143909839,0,5120,256,1,1,256,1,4
"KERNEL_DISPATCH",1,1,234879,1511,1443,"void rocblas_trtri_fill<128, double, double*>(_rocblas_handle*, rocblas_fill_, int, long, int, long, double*, long, long, int, int)",28516,6448491143899142,6448491143901506,0,0,128,1,1,32512,1,1
"KERNEL_DISPATCH",1,1,234879,1513,997,"Cijk_Ailk_Bljk_DB_MT64x32x16_MI16x16x4x1_SN_1LDSB1_APM1_ABV0_ACED0_AF0EM2_AF1EM2_AMAS0_ASE_ASGT_ASLT_ASM_ASAE01_ASCE01_ASEM2_AAC0_BL1_BS1_CLR0_DTLA0_DTLB0_DTVA1_DTVB0_DVO0_ETSP_EPS1_ELFLR0_EMLL0_FSSC10_FL0_GLVWA1_GLVWB1_GRCGA1_GRCGB1_GRPM1_GRVW1_GSU1_GSUASB_GLS0_ISA942_IU1_K1_KLA_LBSPPA0_LBSPPB128_LPA0_LPB4_LDL1_LRVW2_LWPMn1_LDW0_FMA_MIAV1_MDA2_MO40_MMFSC_MKFGSU256_NTA0_NTB0_NTC3_NTD3_NEPBS0_NLCA1_NLCB1_ONLL1_OPLV0_PK0_PAP0_PGR2_PLR5_PKA0_SIA3_SLW1_SS1_SU0_SUM0_SUS0_SCIUI1_SPO1_SRVW0_SSO6_SVW1_SNLL0_TSGRA0_TSGRB0_TT1_32_TLDS1_UMLDSA0_UMLDSB1_U64SL1_USFGROn1_VAW1_VSn1_VW1_VWB1_VFLRP0_WSGRA0_WSGRB0_WS64_WG64_4_1_WGM12",28523,6448491143921657,6448491143928387,0,5120,256,1,1,256,1,4
"KERNEL_DISPATCH",1,1,234879,1514,997,"Cijk_Ailk_Bljk_DB_MT64x32x16_MI16x16x4x1_SN_1LDSB1_APM1_ABV0_ACED0_AF0EM2_AF1EM2_AMAS0_ASE_ASGT_ASLT_ASM_ASAE01_ASCE01_ASEM2_AAC0_BL1_BS1_CLR0_DTLA0_DTLB0_DTVA1_DTVB0_DVO0_ETSP_EPS1_ELFLR0_EMLL0_FSSC10_FL0_GLVWA1_GLVWB1_GRCGA1_GRCGB1_GRPM1_GRVW1_GSU1_GSUASB_GLS0_ISA942_IU1_K1_KLA_LBSPPA0_LBSPPB128_LPA0_LPB4_LDL1_LRVW2_LWPMn1_LDW0_FMA_MIAV1_MDA2_MO40_MMFSC_MKFGSU256_NTA0_NTB0_NTC3_NTD3_NEPBS0_NLCA1_NLCB1_ONLL1_OPLV0_PK0_PAP0_PGR2_PLR5_PKA0_SIA3_SLW1_SS1_SU0_SUM0_SUS0_SCIUI1_SPO1_SRVW0_SSO6_SVW1_SNLL0_TSGRA0_TSGRB0_TT1_32_TLDS1_UMLDSA0_UMLDSB1_U64SL1_USFGROn1_VAW1_VSn1_VW1_VWB1_VFLRP0_WSGRA0_WSGRB0_WS64_WG64_4_1_WGM12",28526,6448491143945814,6448491143952744,0,5120,256,1,1,256,1,4
"KERNEL_DISPATCH",1,1,234879,1515,997,"Cijk_Ailk_Bljk_DB_MT64x32x16_MI16x16x4x1_SN_1LDSB1_APM1_ABV0_ACED0_AF0EM2_AF1EM2_AMAS0_ASE_ASGT_ASLT_ASM_ASAE01_ASCE01_ASEM2_AAC0_BL1_BS1_CLR0_DTLA0_DTLB0_DTVA1_DTVB0_DVO0_ETSP_EPS1_ELFLR0_EMLL0_FSSC10_FL0_GLVWA1_GLVWB1_GRCGA1_GRCGB1_GRPM1_GRVW1_GSU1_GSUASB_GLS0_ISA942_IU1_K1_KLA_LBSPPA0_LBSPPB128_LPA0_LPB4_LDL1_LRVW2_LWPMn1_LDW0_FMA_MIAV1_MDA2_MO40_MMFSC_MKFGSU256_NTA0_NTB0_NTC3_NTD3_NEPBS0_NLCA1_NLCB1_ONLL1_OPLV0_PK0_PAP0_PGR2_PLR5_PKA0_SIA3_SLW1_SS1_SU0_SUM0_SUS0_SCIUI1_SPO1_SRVW0_SSO6_SVW1_SNLL0_TSGRA0_TSGRB0_TT1_32_TLDS1_UMLDSA0_UMLDSB1_U64SL1_USFGROn1_VAW1_VSn1_VW1_VWB1_VFLRP0_WSGRA0_WSGRB0_WS64_WG64_4_1_WGM12",28529,6448491143961037,6448491143967287,0,5120,256,1,1,256,1,4
"KERNEL_DISPATCH",1,1,234879,1516,970,"Cijk_Ailk_Bljk_DB_MT64x64x32_MI16x16x4x1_SN_1LDSB1_APM1_ABV0_ACED0_AF0EM2_AF1EM2_AMAS0_ASE_ASGT_ASLT_ASM_ASAE01_ASCE01_ASEM2_AAC0_BL1_BS1_CLR0_DTLA0_DTLB0_DTVA0_DTVB0_DVO0_ETSP_EPS1_ELFLR0_EMLL0_FSSC10_FL0_GLVWA1_GLVWB1_GRCGA1_GRCGB1_GRPM1_GRVW1_GSU1_GSUASB_GLS0_ISA942_IU1_K1_KLA_LBSPPA0_LBSPPB0_LPA0_LPB1_LDL1_LRVW1_LWPMn1_LDW0_FMA_MIAV1_MDA2_MO40_MMFSC_MKFGSU256_NTA0_NTB0_NTC3_NTD3_NEPBS0_NLCA1_NLCB1_ONLL1_OPLV0_PK0_PAP0_PGR2_PLR9_PKA0_SIA3_SLW1_SS1_SU0_SUM0_SUS0_SCIUI1_SPO1_SRVW0_SSO6_SVW1_SNLL0_TSGRA0_TSGRB0_TT2_32_TLDS0_UMLDSA0_UMLDSB0_U64SL1_USFGROn1_VAW1_VSn1_VW1_VWB1_VFLRP0_WSGRA0_WSGRB0_WS64_WG32_8_1_WGM6",28532,6448491143976821,6448491143984113,0,33024,256,1,1,256,1,4
"KERNEL_DISPATCH",1,1,234879,1517,970,"Cijk_Ailk_Bljk_DB_MT64x64x32_MI16x16x4x1_SN_1LDSB1_APM1_ABV0_ACED0_AF0EM2_AF1EM2_AMAS0_ASE_ASGT_ASLT_ASM_ASAE01_ASCE01_ASEM2_AAC0_BL1_BS1_CLR0_DTLA0_DTLB0_DTVA0_DTVB0_DVO0_ETSP_EPS1_ELFLR0_EMLL0_FSSC10_FL0_GLVWA1_GLVWB1_GRCGA1_GRCGB1_GRPM1_GRVW1_GSU1_GSUASB_GLS0_ISA942_IU1_K1_KLA_LBSPPA0_LBSPPB0_LPA0_LPB1_LDL1_LRVW1_LWPMn1_LDW0_FMA_MIAV1_MDA2_MO40_MMFSC_MKFGSU256_NTA0_NTB0_NTC3_NTD3_NEPBS0_NLCA1_NLCB1_ONLL1_OPLV0_PK0_PAP0_PGR2_PLR9_PKA0_SIA3_SLW1_SS1_SU0_SUM0_SUS0_SCIUI1_SPO1_SRVW0_SSO6_SVW1_SNLL0_TSGRA0_TSGRB0_TT2_32_TLDS0_UMLDSA0_UMLDSB0_U64SL1_USFGROn1_VAW1_VSn1_VW1_VWB1_VFLRP0_WSGRA0_WSGRB0_WS64_WG32_8_1_WGM6",28535,6448491143993887,6448491144001579,0,33024,256,1,1,256,1,4
"KERNEL_DISPATCH",1,1,234879,1518,1471,"void rocblas_copy_matrix_trsm<128, 8, double, double*, double*>(int, int, int, double*, int, long, double*, int, long, long, long, int)",28539,6448491144018245,6448491144026538,0,0,128,8,1,128,2048,1
"KERNEL_DISPATCH",1,1,234879,1519,922,"Cijk_Ailk_Bljk_DB_MT80x64x32_MI16x16x4x1_SN_1LDSB1_APM1_ABV0_ACED0_AF0EM1_AF1EM1_AMAS0_ASE_ASGT_ASLT_ASM_ASAE01_ASCE01_ASEM1_AAC0_BL1_BS1_CLR0_DTLA0_DTLB0_DTVA0_DTVB0_DVO0_ETB_EPS1_ELFLR0_EMLL0_FSSC10_FL0_GLVWA2_GLVWB2_GRCGA1_GRCGB1_GRPM1_GRVWn1_GSU1_GSUASB_GLS0_ISA942_IU1_K1_KLA_LBSPPA0_LBSPPB256_LPA0_LPB2_LDL1_LRVW1_LWPMn1_LDW0_FMA_MIAV1_MDA2_MO40_MMFSC_MKFGSU256_NTA0_NTB0_NTC3_NTD3_NEPBS4_NLCA5_NLCB1_ONLL1_OPLV0_PK0_PAP0_PGR2_PLR9_PKA0_SIA3_SLW1_SS1_SU0_SUM0_SUS0_SCIUI1_SPO0_SRVW0_SSO0_SVW1_SNLL0_TSGRA0_TSGRB0_TT5_16_TLDS1_UMLDSA0_UMLDSB1_U64SL1_USFGROn1_VAW1_VSn1_VW1_VWB1_VFLRP0_WSGRA0_WSGRB0_WS64_WG16_16_1_WGM12",28543,6448491144041961,6448491144050574,0,37888,256,1,1,512,32,1
"KERNEL_DISPATCH",1,1,234879,1520,922,"Cijk_Ailk_Bljk_DB_MT80x64x32_MI16x16x4x1_SN_1LDSB1_APM1_ABV0_ACED0_AF0EM1_AF1EM1_AMAS0_ASE_ASGT_ASLT_ASM_ASAE01_ASCE01_ASEM1_AAC0_BL1_BS1_CLR0_DTLA0_DTLB0_DTVA0_DTVB0_DVO0_ETB_EPS1_ELFLR0_EMLL0_FSSC10_FL0_GLVWA2_GLVWB2_GRCGA1_GRCGB1_GRPM1_GRVWn1_GSU1_GSUASB_GLS0_ISA942_IU1_K1_KLA_LBSPPA0_LBSPPB256_LPA0_LPB2_LDL1_LRVW1_LWPMn1_LDW0_FMA_MIAV1_MDA2_MO40_MMFSC_MKFGSU256_NTA0_NTB0_NTC3_NTD3_NEPBS4_NLCA5_NLCB1_ONLL1_OPLV0_PK0_PAP0_PGR2_PLR9_PKA0_SIA3_SLW1_SS1_SU0_SUM0_SUS0_SCIUI1_SPO0_SRVW0_SSO0_SVW1_SNLL0_TSGRA0_TSGRB0_TT5_16_TLDS1_UMLDSA0_UMLDSB1_U64SL1_USFGROn1_VAW1_VSn1_VW1_VWB1_VFLRP0_WSGRA0_WSGRB0_WS64_WG16_16_1_WGM12",28546,6448491144057826,6448491144068562,0,37888,256,1,1,512,32,1
"KERNEL_DISPATCH",1,1,234879,1521,922,"Cijk_Ailk_Bljk_DB_MT80x64x32_MI16x16x4x1_SN_1LDSB1_APM1_ABV0_ACED0_AF0EM1_AF1EM1_AMAS0_ASE_ASGT_ASLT_ASM_ASAE01_ASCE01_ASEM1_AAC0_BL1_BS1_CLR0_DTLA0_DTLB0_DTVA0_DTVB0_DVO0_ETB_EPS1_ELFLR0_EMLL0_FSSC10_FL0_GLVWA2_GLVWB2_GRCGA1_GRCGB1_GRPM1_GRVWn1_GSU1_GSUASB_GLS0_ISA942_IU1_K1_KLA_LBSPPA0_LBSPPB256_LPA0_LPB2_LDL1_LRVW1_LWPMn1_LDW0_FMA_MIAV1_MDA2_MO40_MMFSC_MKFGSU256_NTA0_NTB0_NTC3_NTD3_NEPBS4_NLCA5_NLCB1_ONLL1_OPLV0_PK0_PAP0_PGR2_PLR9_PKA0_SIA3_SLW1_SS1_SU0_SUM0_SUS0_SCIUI1_SPO0_SRVW0_SSO0_SVW1_SNLL0_TSGRA0_TSGRB0_TT5_16_TLDS1_UMLDSA0_UMLDSB1_U64SL1_USFGROn1_VAW1_VSn1_VW1_VWB1_VFLRP0_WSGRA0_WSGRB0_WS64_WG16_16_1_WGM12",28549,6448491144075132,6448491144082463,0,37888,256,1,1,512,32,1
"KERNEL_DISPATCH",1,1,234879,1522,922,"Cijk_Ailk_Bljk_DB_MT80x64x32_MI16x16x4x1_SN_1LDSB1_APM1_ABV0_ACED0_AF0EM1_AF1EM1_AMAS0_ASE_ASGT_ASLT_ASM_ASAE01_ASCE01_ASEM1_AAC0_BL1_BS1_CLR0_DTLA0_DTLB0_DTVA0_DTVB0_DVO0_ETB_EPS1_ELFLR0_EMLL0_FSSC10_FL0_GLVWA2_GLVWB2_GRCGA1_GRCGB1_GRPM1_GRVWn1_GSU1_GSUASB_GLS0_ISA942_IU1_K1_KLA_LBSPPA0_LBSPPB256_LPA0_LPB2_LDL1_LRVW1_LWPMn1_LDW0_FMA_MIAV1_MDA2_MO40_MMFSC_MKFGSU256_NTA0_NTB0_NTC3_NTD3_NEPBS4_NLCA5_NLCB1_ONLL1_OPLV0_PK0_PAP0_PGR2_PLR9_PKA0_SIA3_SLW1_SS1_SU0_SUM0_SUS0_SCIUI1_SPO0_SRVW0_SSO0_SVW1_SNLL0_TSGRA0_TSGRB0_TT5_16_TLDS1_UMLDSA0_UMLDSB1_U64SL1_USFGROn1_VAW1_VSn1_VW1_VWB1_VFLRP0_WSGRA0_WSGRB0_WS64_WG16_16_1_WGM12",28552,6448491144092631,6448491144105852,0,37888,256,1,1,512,32,1
"KERNEL_DISPATCH",1,1,234879,1523,922,"Cijk_Ailk_Bljk_DB_MT80x64x32_MI16x16x4x1_SN_1LDSB1_APM1_ABV0_ACED0_AF0EM1_AF1EM1_AMAS0_ASE_ASGT_ASLT_ASM_ASAE01_ASCE01_ASEM1_AAC0_BL1_BS1_CLR0_DTLA0_DTLB0_DTVA0_DTVB0_DVO0_ETB_EPS1_ELFLR0_EMLL0_FSSC10_FL0_GLVWA2_GLVWB2_GRCGA1_GRCGB1_GRPM1_GRVWn1_GSU1_GSUASB_GLS0_ISA942_IU1_K1_KLA_LBSPPA0_LBSPPB256_LPA0_LPB2_LDL1_LRVW1_LWPMn1_LDW0_FMA_MIAV1_MDA2_MO40_MMFSC_MKFGSU256_NTA0_NTB0_NTC3_NTD3_NEPBS4_NLCA5_NLCB1_ONLL1_OPLV0_PK0_PAP0_PGR2_PLR9_PKA0_SIA3_SLW1_SS1_SU0_SUM0_SUS0_SCIUI1_SPO0_SRVW0_SSO0_SVW1_SNLL0_TSGRA0_TSGRB0_TT5_16_TLDS1_UMLDSA0_UMLDSB1_U64SL1_USFGROn1_VAW1_VSn1_VW1_VWB1_VFLRP0_WSGRA0_WSGRB0_WS64_WG16_16_1_WGM12",28555,6448491144114993,6448491144122284,0,37888,256,1,1,512,32,1
"KERNEL_DISPATCH",1,1,234879,1524,922,"Cijk_Ailk_Bljk_DB_MT80x64x32_MI16x16x4x1_SN_1LDSB1_APM1_ABV0_ACED0_AF0EM1_AF1EM1_AMAS0_ASE_ASGT_ASLT_ASM_ASAE01_ASCE01_ASEM1_AAC0_BL1_BS1_CLR0_DTLA0_DTLB0_DTVA0_DTVB0_DVO0_ETB_EPS1_ELFLR0_EMLL0_FSSC10_FL0_GLVWA2_GLVWB2_GRCGA1_GRCGB1_GRPM1_GRVWn1_GSU1_GSUASB_GLS0_ISA942_IU1_K1_KLA_LBSPPA0_LBSPPB256_LPA0_LPB2_LDL1_LRVW1_LWPMn1_LDW0_FMA_MIAV1_MDA2_MO40_MMFSC_MKFGSU256_NTA0_NTB0_NTC3_NTD3_NEPBS4_NLCA5_NLCB1_ONLL1_OPLV0_PK0_PAP0_PGR2_PLR9_PKA0_SIA3_SLW1_SS1_SU0_SUM0_SUS0_SCIUI1_SPO0_SRVW0_SSO0_SVW1_SNLL0_TSGRA0_TSGRB0_TT5_16_TLDS1_UMLDSA0_UMLDSB1_U64SL1_USFGROn1_VAW1_VSn1_VW1_VWB1_VFLRP0_WSGRA0_WSGRB0_WS64_WG16_16_1_WGM12",28558,6448491144130080,6448491144146545,0,37888,256,1,1,512,32,1
"KERNEL_DISPATCH",1,1,234879,1525,922,"Cijk_Ailk_Bljk_DB_MT80x64x32_MI16x16x4x1_SN_1LDSB1_APM1_ABV0_ACED0_AF0EM1_AF1EM1_AMAS0_ASE_ASGT_ASLT_ASM_ASAE01_ASCE01_ASEM1_AAC0_BL1_BS1_CLR0_DTLA0_DTLB0_DTVA0_DTVB0_DVO0_ETB_EPS1_ELFLR0_EMLL0_FSSC10_FL0_GLVWA2_GLVWB2_GRCGA1_GRCGB1_GRPM1_GRVWn1_GSU1_GSUASB_GLS0_ISA942_IU1_K1_KLA_LBSPPA0_LBSPPB256_LPA0_LPB2_LDL1_LRVW1_LWPMn1_LDW0_FMA_MIAV1_MDA2_MO40_MMFSC_MKFGSU256_NTA0_NTB0_NTC3_NTD3_NEPBS4_NLCA5_NLCB1_ONLL1_OPLV0_PK0_PAP0_PGR2_PLR9_PKA0_SIA3_SLW1_SS1_SU0_SUM0_SUS0_SCIUI1_SPO0_SRVW0_SSO0_SVW1_SNLL0_TSGRA0_TSGRB0_TT5_16_TLDS1_UMLDSA0_UMLDSB1_U64SL1_USFGROn1_VAW1_VSn1_VW1_VWB1_VFLRP0_WSGRA0_WSGRB0_WS64_WG16_16_1_WGM12",28561,6448491144149726,6448491144157138,0,37888,256,1,1,512,32,1
"KERNEL_DISPATCH",1,1,234879,1526,478,"Cijk_Ailk_Bljk_DB_MT128x32x32_MI16x16x4x1_SN_1LDSB1_APM1_ABV0_ACED0_AF0EM1_AF1EM1_AMAS3_ASE_ASGT_ASLT_ASM_ASAE01_ASCE01_ASEM1_AAC0_BL1_BS1_CLR0_DTLA0_DTLB0_DTVA1_DTVB0_DVO0_ETSP_EPS1_ELFLR0_EMLL0_FSSC10_FL0_GLVWA2_GLVWB2_GRCGA1_GRCGB1_GRPM1_GRVWn1_GSU1_GSUASB_GLS0_ISA942_IU1_K1_KLA_LBSPPA0_LBSPPB512_LPA0_LPB2_LDL1_LRVW1_LWPMn1_LDW0_FMA_MIAV0_MDA2_MO40_MMFSC_MKFGSU256_NTA0_NTB0_NTC4_NTD4_NEPBS4_NLCA1_NLCB1_ONLL1_OPLV0_PK0_PAP0_PGR2_PLR9_PKA0_SIA3_SLW1_SS1_SU0_SUM0_SUS0_SCIUI1_SPO1_SRVW0_SSO4_SVW2_SNLL0_TSGRA0_TSGRB0_TT2_32_TLDS1_UMLDSA0_UMLDSB1_U64SL1_USFGROn1_VAW1_VSn1_VW2_VWB2_VFLRP0_WSGRA0_WSGRB0_WS64_WG64_4_1_WGMn8",28564,6448491144166625,6448491144295703,0,8448,256,1,1,4096,64,1
"KERNEL_DISPATCH",1,1,234879,1527,68,"void rocsolver::v32802::getf2_npvt_small_kernel<16, double, int, int, double*>(int, double*, long, int, long, int*, int, int)",28567,6448491144296271,6448491144307729,0,136,512,1,1,512,1,1
"KERNEL_DISPATCH",1,1,234879,1528,185,"void rocsolver::v32802::unit_forward_substitution_kernel<double, int, double*>(int, int, double*, int, int, long, long, double*, int, int, long, long)",28572,6448491144307729,6448491144318425,0,512,16,64,1,16,512,1
"KERNEL_DISPATCH",1,1,234879,1529,904,"Cijk_Ailk_Bljk_DB_MT64x32x32_MI16x16x4x1_SN_1LDSB1_APM1_ABV0_ACED0_AF0EM2_AF1EM2_AMAS3_ASE_ASGT_ASLT_ASM_ASAE01_ASCE01_ASEM2_AAC0_BL1_BS1_CLR0_DTLA0_DTLB0_DTVA0_DTVB0_DVO0_ETSP_EPS1_ELFLR0_EMLL0_FSSC10_FL0_GLVWA2_GLVWB2_GRCGA1_GRCGB1_GRPM1_GRVW2_GSU1_GSUASB_GLS0_ISA942_IU1_K1_KLA_LBSPPA0_LBSPPB256_LPA0_LPB4_LDL1_LRVW2_LWPMn1_LDW0_FMA_MIAV1_MDA2_MO40_MMFSC_MKFGSU256_NTA0_NTB0_NTC3_NTD3_NEPBS0_NLCA1_NLCB1_ONLL1_OPLV0_PK0_PAP0_PGR2_PLR9_PKA0_SIA3_SLW1_SS1_SU0_SUM0_SUS0_SCIUI1_SPO1_SRVW0_SSO6_SVW2_SNLL0_TSGRA0_TSGRB0_TT2_16_TLDS1_UMLDSA0_UMLDSB1_U64SL1_USFGROn1_VAW1_VSn1_VW2_VWB1_VFLRP0_WSGRA0_WSGRB0_WS64_WG32_8_1_WGM6",28575,6448491144318425,6448491144325316,0,25600,256,1,1,2048,16,1
"KERNEL_DISPATCH",1,1,234879,1530,68,"void rocsolver::v32802::getf2_npvt_small_kernel<16, double, int, int, double*>(int, double*, long, int, long, int*, int, int)",28578,6448491144325316,6448491144335692,0,136,496,1,1,496,1,1
"KERNEL_DISPATCH",1,1,234879,1533,68,"void rocsolver::v32802::getf2_npvt_small_kernel<16, double, int, int, double*>(int, double*, long, int, long, int*, int, int)",28589,6448491144349553,6448491144359448,0,136,480,1,1,480,1,1
"KERNEL_DISPATCH",1,1,234879,1532,904,"Cijk_Ailk_Bljk_DB_MT64x32x32_MI16x16x4x1_SN_1LDSB1_APM1_ABV0_ACED0_AF0EM2_AF1EM2_AMAS3_ASE_ASGT_ASLT_ASM_ASAE01_ASCE01_ASEM2_AAC0_BL1_BS1_CLR0_DTLA0_DTLB0_DTVA0_DTVB0_DVO0_ETSP_EPS1_ELFLR0_EMLL0_FSSC10_FL0_GLVWA2_GLVWB2_GRCGA1_GRCGB1_GRPM1_GRVW2_GSU1_GSUASB_GLS0_ISA942_IU1_K1_KLA_LBSPPA0_LBSPPB256_LPA0_LPB4_LDL1_LRVW2_LWPMn1_LDW0_FMA_MIAV1_MDA2_MO40_MMFSC_MKFGSU256_NTA0_NTB0_NTC3_NTD3_NEPBS0_NLCA1_NLCB1_ONLL1_OPLV0_PK0_PAP0_PGR2_PLR9_PKA0_SIA3_SLW1_SS1_SU0_SUM0_SUS0_SCIUI1_SPO1_SRVW0_SSO6_SVW2_SNLL0_TSGRA0_TSGRB0_TT2_16_TLDS1_UMLDSA0_UMLDSB1_U64SL1_USFGROn1_VAW1_VSn1_VW2_VWB1_VFLRP0_WSGRA0_WSGRB0_WS64_WG32_8_1_WGM6",28586,6448491144345186,6448491144349553,0,25600,256,1,1,2048,15,1
"KERNEL_DISPATCH",1,1,234879,1531,185,"void rocsolver::v32802::unit_forward_substitution_kernel<double, int, double*>(int, int, double*, int, int, long, long, double*, int, int, long, long)",28583,6448491144335692,6448491144345186,0,512,16,64,1,16,512,1
"KERNEL_DISPATCH",1,1,234879,1536,68,"void rocsolver::v32802::getf2_npvt_small_kernel<16, double, int, int, double*>(int, double*, long, int, long, int*, int, int)",28600,6448491144376554,6448491144385808,0,136,464,1,1,464,1,1
"KERNEL_DISPATCH",1,1,234879,1535,904,"Cijk_Ailk_Bljk_DB_MT64x32x32_MI16x16x4x1_SN_1LDSB1_APM1_ABV0_ACED0_AF0EM2_AF1EM2_AMAS3_ASE_ASGT_ASLT_ASM_ASAE01_ASCE01_ASEM2_AAC0_BL1_BS1_CLR0_DTLA0_DTLB0_DTVA0_DTVB0_DVO0_ETSP_EPS1_ELFLR0_EMLL0_FSSC10_FL0_GLVWA2_GLVWB2_GRCGA1_GRCGB1_GRPM1_GRVW2_GSU1_GSUASB_GLS0_ISA942_IU1_K1_KLA_LBSPPA0_LBSPPB256_LPA0_LPB4_LDL1_LRVW2_LWPMn1_LDW0_FMA_MIAV1_MDA2_MO40_MMFSC_MKFGSU256_NTA0_NTB0_NTC3_NTD3_NEPBS0_NLCA1_NLCB1_ONLL1_OPLV0_PK0_PAP0_PGR2_PLR9_PKA0_SIA3_SLW1_SS1_SU0_SUM0_SUS0_SCIUI1_SPO1_SRVW0_SSO6_SVW2_SNLL0_TSGRA0_TSGRB0_TT2_16_TLDS1_UMLDSA0_UMLDSB1_U64SL1_USFGROn1_VAW1_VSn1_VW2_VWB1_VFLRP0_WSGRA0_WSGRB0_WS64_WG32_8_1_WGM6",28597,6448491144369263,6448491144376554,0,25600,256,1,1,2048,15,1
"KERNEL_DISPATCH",1,1,234879,1534,185,"void rocsolver::v32802::unit_forward_substitution_kernel<double, int, double*>(int, int, double*, int, int, long, long, double*, int, int, long, long)",28594,6448491144359448,6448491144369263,0,512,16,64,1,16,512,1
"KERNEL_DISPATCH",1,1,234879,1541,904,"Cijk_Ailk_Bljk_DB_MT64x32x32_MI16x16x4x1_SN_1LDSB1_APM1_ABV0_ACED0_AF0EM2_AF1EM2_AMAS3_ASE_ASGT_ASLT_ASM_ASAE01_ASCE01_ASEM2_AAC0_BL1_BS1_CLR0_DTLA0_DTLB0_DTVA0_DTVB0_DVO0_ETSP_EPS1_ELFLR0_EMLL0_FSSC10_FL0_GLVWA2_GLVWB2_GRCGA1_GRCGB1_GRPM1_GRVW2_GSU1_GSUASB_GLS0_ISA942_IU1_K1_KLA_LBSPPA0_LBSPPB256_LPA0_LPB4_LDL1_LRVW2_LWPMn1_LDW0_FMA_MIAV1_MDA2_MO40_MMFSC_MKFGSU256_NTA0_NTB0_NTC3_NTD3_NEPBS0_NLCA1_NLCB1_ONLL1_OPLV0_PK0_PAP0_PGR2_PLR9_PKA0_SIA3_SLW1_SS1_SU0_SUM0_SUS0_SCIUI1_SPO1_SRVW0_SSO6_SVW2_SNLL0_TSGRA0_TSGRB0_TT2_16_TLDS1_UMLDSA0_UMLDSB1_U64SL1_USFGROn1_VAW1_VSn1_VW2_VWB1_VFLRP0_WSGRA0_WSGRB0_WS64_WG32_8_1_WGM6",28619,6448491144417457,6448491144422385,0,25600,256,1,1,1792,14,1
"KERNEL_DISPATCH",1,1,234879,1540,185,"void rocsolver::v32802::unit_forward_substitution_kernel<double, int, double*>(int, int, double*, int, int, long, long, double*, int, int, long, long)",28616,6448491144408043,6448491144417457,0,512,16,64,1,16,448,1
"KERNEL_DISPATCH",1,1,234879,1539,68,"void rocsolver::v32802::getf2_npvt_small_kernel<16, double, int, int, double*>(int, double*, long, int, long, int*, int, int)",28611,6448491144399069,6448491144408043,0,136,448,1,1,448,1,1
"KERNEL_DISPATCH",1,1,234879,1537,185,"void rocsolver::v32802::unit_forward_substitution_kernel<double, int, double*>(int, int, double*, int, int, long, long, double*, int, int, long, long)",28605,6448491144385808,6448491144394942,0,512,16,64,1,16,448,1
"KERNEL_DISPATCH",1,1,234879,1538,904,"Cijk_Ailk_Bljk_DB_MT64x32x32_MI16x16x4x1_SN_1LDSB1_APM1_ABV0_ACED0_AF0EM2_AF1EM2_AMAS3_ASE_ASGT_ASLT_ASM_ASAE01_ASCE01_ASEM2_AAC0_BL1_BS1_CLR0_DTLA0_DTLB0_DTVA0_DTVB0_DVO0_ETSP_EPS1_ELFLR0_EMLL0_FSSC10_FL0_GLVWA2_GLVWB2_GRCGA1_GRCGB1_GRPM1_GRVW2_GSU1_GSUASB_GLS0_ISA942_IU1_K1_KLA_LBSPPA0_LBSPPB256_LPA0_LPB4_LDL1_LRVW2_LWPMn1_LDW0_FMA_MIAV1_MDA2_MO40_MMFSC_MKFGSU256_NTA0_NTB0_NTC3_NTD3_NEPBS0_NLCA1_NLCB1_ONLL1_OPLV0_PK0_PAP0_PGR2_PLR9_PKA0_SIA3_SLW1_SS1_SU0_SUM0_SUS0_SCIUI1_SPO1_SRVW0_SSO6_SVW2_SNLL0_TSGRA0_TSGRB0_TT2_16_TLDS1_UMLDSA0_UMLDSB1_U64SL1_USFGROn1_VAW1_VSn1_VW2_VWB1_VFLRP0_WSGRA0_WSGRB0_WS64_WG32_8_1_WGM6",28608,6448491144394942,6448491144399069,0,25600,256,1,1,1792,14,1
"KERNEL_DISPATCH",1,1,234879,1542,68,"void rocsolver::v32802::getf2_npvt_small_kernel<16, double, int, int, double*>(int, double*, long, int, long, int*, int, int)",28622,6448491144430197,6448491144439891,0,136,432,1,1,432,1,1
"KERNEL_DISPATCH",1,1,234879,1543,185,"void rocsolver::v32802::unit_forward_substitution_kernel<double, int, double*>(int, int, double*, int, int, long, long, double*, int, int, long, long)",28627,6448491144449306,6448491144459201,0,512,16,64,1,16,448,1
"KERNEL_DISPATCH",1,1,234879,1544,904,"Cijk_Ailk_Bljk_DB_MT64x32x32_MI16x16x4x1_SN_1LDSB1_APM1_ABV0_ACED0_AF0EM2_AF1EM2_AMAS3_ASE_ASGT_ASLT_ASM_ASAE01_ASCE01_ASEM2_AAC0_BL1_BS1_CLR0_DTLA0_DTLB0_DTVA0_DTVB0_DVO0_ETSP_EPS1_ELFLR0_EMLL0_FSSC10_FL0_GLVWA2_GLVWB2_GRCGA1_GRCGB1_GRPM1_GRVW2_GSU1_GSUASB_GLS0_ISA942_IU1_K1_KLA_LBSPPA0_LBSPPB256_LPA0_LPB4_LDL1_LRVW2_LWPMn1_LDW0_FMA_MIAV1_MDA2_MO40_MMFSC_MKFGSU256_NTA0_NTB0_NTC3_NTD3_NEPBS0_NLCA1_NLCB1_ONLL1_OPLV0_PK0_PAP0_PGR2_PLR9_PKA0_SIA3_SLW1_SS1_SU0_SUM0_SUS0_SCIUI1_SPO1_SRVW0_SSO6_SVW2_SNLL0_TSGRA0_TSGRB0_TT2_16_TLDS1_UMLDSA0_UMLDSB1_U64SL1_USFGROn1_VAW1_VSn1_VW2_VWB1_VFLRP0_WSGRA0_WSGRB0_WS64_WG32_8_1_WGM6",28630,6448491144470098,6448491144474224,0,25600,256,1,1,1792,13,1
"KERNEL_DISPATCH",1,1,234879,1545,68,"void rocsolver::v32802::getf2_npvt_small_kernel<16, double, int, int, double*>(int, double*, long, int, long, int*, int, int)",28633,6448491144483358,6448491144493333,0,136,416,1,1,416,1,1
"KERNEL_DISPATCH",1,1,234879,1547,904,"Cijk_Ailk_Bljk_DB_MT64x32x32_MI16x16x4x1_SN_1LDSB1_APM1_ABV0_ACED0_AF0EM2_AF1EM2_AMAS3_ASE_ASGT_ASLT_ASM_ASAE01_ASCE01_ASEM2_AAC0_BL1_BS1_CLR0_DTLA0_DTLB0_DTVA0_DTVB0_DVO0_ETSP_EPS1_ELFLR0_EMLL0_FSSC10_FL0_GLVWA2_GLVWB2_GRCGA1_GRCGB1_GRPM1_GRVW2_GSU1_GSUASB_GLS0_ISA942_IU1_K1_KLA_LBSPPA0_LBSPPB256_LPA0_LPB4_LDL1_LRVW2_LWPMn1_LDW0_FMA_MIAV1_MDA2_MO40_MMFSC_MKFGSU256_NTA0_NTB0_NTC3_NTD3_NEPBS0_NLCA1_NLCB1_ONLL1_OPLV0_PK0_PAP0_PGR2_PLR9_PKA0_SIA3_SLW1_SS1_SU0_SUM0_SUS0_SCIUI1_SPO1_SRVW0_SSO6_SVW2_SNLL0_TSGRA0_TSGRB0_TT2_16_TLDS1_UMLDSA0_UMLDSB1_U64SL1_USFGROn1_VAW1_VSn1_VW2_VWB1_VFLRP0_WSGRA0_WSGRB0_WS64_WG32_8_1_WGM6",28641,6448491144519614,6448491144525062,0,25600,256,1,1,1792,13,1
"KERNEL_DISPATCH",1,1,234879,1546,185,"void rocsolver::v32802::unit_forward_substitution_kernel<double, int, double*>(int, int, double*, int, int, long, long, double*, int, int, long, long)",28638,6448491144499703,6448491144509999,0,512,16,64,1,16,448,1
"KERNEL_DISPATCH",1,1,234879,1548,68,"void rocsolver::v32802::getf2_npvt_small_kernel<16, double, int, int, double*>(int, double*, long, int, long, int*, int, int)",28644,6448491144531832,6448491144541607,0,136,400,1,1,400,1,1
"KERNEL_DISPATCH",1,1,234879,1549,185,"void rocsolver::v32802::unit_forward_substitution_kernel<double, int, double*>(int, int, double*, int, int, long, long, double*, int, int, long, long)",28649,6448491144550902,6448491144561117,0,512,16,64,1,16,384,1
"KERNEL_DISPATCH",1,1,234879,1550,904,"Cijk_Ailk_Bljk_DB_MT64x32x32_MI16x16x4x1_SN_1LDSB1_APM1_ABV0_ACED0_AF0EM2_AF1EM2_AMAS3_ASE_ASGT_ASLT_ASM_ASAE01_ASCE01_ASEM2_AAC0_BL1_BS1_CLR0_DTLA0_DTLB0_DTVA0_DTVB0_DVO0_ETSP_EPS1_ELFLR0_EMLL0_FSSC10_FL0_GLVWA2_GLVWB2_GRCGA1_GRCGB1_GRPM1_GRVW2_GSU1_GSUASB_GLS0_ISA942_IU1_K1_KLA_LBSPPA0_LBSPPB256_LPA0_LPB4_LDL1_LRVW2_LWPMn1_LDW0_FMA_MIAV1_MDA2_MO40_MMFSC_MKFGSU256_NTA0_NTB0_NTC3_NTD3_NEPBS0_NLCA1_NLCB1_ONLL1_OPLV0_PK0_PAP0_PGR2_PLR9_PKA0_SIA3_SLW1_SS1_SU0_SUM0_SUS0_SCIUI1_SPO1_SRVW0_SSO6_SVW2_SNLL0_TSGRA0_TSGRB0_TT2_16_TLDS1_UMLDSA0_UMLDSB1_U64SL1_USFGROn1_VAW1_VSn1_VW2_VWB1_VFLRP0_WSGRA0_WSGRB0_WS64_WG32_8_1_WGM6",28652,6448491144571012,6448491144575259,0,25600,256,1,1,1536,12,1
"KERNEL_DISPATCH",1,1,234879,1551,68,"void rocsolver::v32802::getf2_npvt_small_kernel<16, double, int, int, double*>(int, double*, long, int, long, int*, int, int)",28655,6448491144580981,6448491144590115,0,136,384,1,1,384,1,1
"KERNEL_DISPATCH",1,1,234879,1552,185,"void rocsolver::v32802::unit_forward_substitution_kernel<double, int, double*>(int, int, double*, int, int, long, long, double*, int, int, long, long)",28660,6448491144597613,6448491144607228,0,512,16,64,1,16,384,1
"KERNEL_DISPATCH",1,1,234879,1553,820,"Cijk_Ailk_Bljk_DB_MT128x64x16_MI16x16x4x1_SN_1LDSB1_APM1_ABV0_ACED0_AF0EM2_AF1EM2_AMAS3_ASE_ASGT_ASLT_ASM_ASAE01_ASCE01_ASEM2_AAC0_BL1_BS1_CLR0_DTLA0_DTLB0_DTVA1_DTVB0_DVO0_ETSP_EPS1_ELFLR0_EMLL0_FSSC10_FL0_GLVWA2_GLVWB2_GRCGA1_GRCGB1_GRPM1_GRVW2_GSU1_GSUASB_GLS0_ISA942_IU1_K1_KLA_LBSPPA0_LBSPPB0_LPA0_LPB2_LDL1_LRVW1_LWPMn1_LDW0_FMA_MIAV1_MDA2_MO40_MMFSC_MKFGSU256_NTA0_NTB0_NTC3_NTD3_NEPBS4_NLCA1_NLCB1_ONLL1_OPLV0_PK0_PAP0_PGR2_PLR1_PKA0_SIA3_SLW1_SS1_SU0_SUM0_SUS0_SCIUI1_SPO1_SRVW0_SSO6_SVW2_SNLL0_TSGRA0_TSGRB0_TT2_64_TLDS0_UMLDSA0_UMLDSB0_U64SL1_USFGROn1_VAW1_VSn1_VW2_VWB1_VFLRP0_WSGRA0_WSGRB0_WS64_WG64_4_1_WGM12",28663,6448491144613040,6448491144622254,0,8448,256,1,1,768,6,1
"KERNEL_DISPATCH",1,1,234879,1554,68,"void rocsolver::v32802::getf2_npvt_small_kernel<16, double, int, int, double*>(int, double*, long, int, long, int*, int, int)",28666,6448491144627900,6448491144637194,0,136,368,1,1,368,1,1
"KERNEL_DISPATCH",1,1,234879,1555,185,"void rocsolver::v32802::unit_forward_substitution_kernel<double, int, double*>(int, int, double*, int, int, long, long, double*, int, int, long, long)",28671,6448491144657305,6448491144666879,0,512,16,64,1,16,384,1
"KERNEL_DISPATCH",1,1,234879,1556,820,"Cijk_Ailk_Bljk_DB_MT128x64x16_MI16x16x4x1_SN_1LDSB1_APM1_ABV0_ACED0_AF0EM2_AF1EM2_AMAS3_ASE_ASGT_ASLT_ASM_ASAE01_ASCE01_ASEM2_AAC0_BL1_BS1_CLR0_DTLA0_DTLB0_DTVA1_DTVB0_DVO0_ETSP_EPS1_ELFLR0_EMLL0_FSSC10_FL0_GLVWA2_GLVWB2_GRCGA1_GRCGB1_GRPM1_GRVW2_GSU1_GSUASB_GLS0_ISA942_IU1_K1_KLA_LBSPPA0_LBSPPB0_LPA0_LPB2_LDL1_LRVW1_LWPMn1_LDW0_FMA_MIAV1_MDA2_MO40_MMFSC_MKFGSU256_NTA0_NTB0_NTC3_NTD3_NEPBS4_NLCA1_NLCB1_ONLL1_OPLV0_PK0_PAP0_PGR2_PLR1_PKA0_SIA3_SLW1_SS1_SU0_SUM0_SUS0_SCIUI1_SPO1_SRVW0_SSO6_SVW2_SNLL0_TSGRA0_TSGRB0_TT2_64_TLDS0_UMLDSA0_UMLDSB0_U64SL1_USFGROn1_VAW1_VSn1_VW2_VWB1_VFLRP0_WSGRA0_WSGRB0_WS64_WG64_4_1_WGM12",28674,6448491144674090,6448491144680981,0,8448,256,1,1,768,6,1
"KERNEL_DISPATCH",1,1,234879,1557,68,"void rocsolver::v32802::getf2_npvt_small_kernel<16, double, int, int, double*>(int, double*, long, int, long, int*, int, int)",28677,6448491144689033,6448491144698528,0,136,352,1,1,352,1,1
"KERNEL_DISPATCH",1,1,234879,1558,185,"void rocsolver::v32802::unit_forward_substitution_kernel<double, int, double*>(int, int, double*, int, int, long, long, double*, int, int, long, long)",28682,6448491144704537,6448491144714593,0,512,16,64,1,16,384,1
"KERNEL_DISPATCH",1,1,234879,1559,820,"Cijk_Ailk_Bljk_DB_MT128x64x16_MI16x16x4x1_SN_1LDSB1_APM1_ABV0_ACED0_AF0EM2_AF1EM2_AMAS3_ASE_ASGT_ASLT_ASM_ASAE01_ASCE01_ASEM2_AAC0_BL1_BS1_CLR0_DTLA0_DTLB0_DTVA1_DTVB0_DVO0_ETSP_EPS1_ELFLR0_EMLL0_FSSC10_FL0_GLVWA2_GLVWB2_GRCGA1_GRCGB1_GRPM1_GRVW2_GSU1_GSUASB_GLS0_ISA942_IU1_K1_KLA_LBSPPA0_LBSPPB0_LPA0_LPB2_LDL1_LRVW1_LWPMn1_LDW0_FMA_MIAV1_MDA2_MO40_MMFSC_MKFGSU256_NTA0_NTB0_NTC3_NTD3_NEPBS4_NLCA1_NLCB1_ONLL1_OPLV0_PK0_PAP0_PGR2_PLR1_PKA0_SIA3_SLW1_SS1_SU0_SUM0_SUS0_SCIUI1_SPO1_SRVW0_SSO6_SVW2_SNLL0_TSGRA0_TSGRB0_TT2_64_TLDS0_UMLDSA0_UMLDSB0_U64SL1_USFGROn1_VAW1_VSn1_VW2_VWB1_VFLRP0_WSGRA0_WSGRB0_WS64_WG64_4_1_WGM12",28685,6448491144721363,6448491144728534,0,8448,256,1,1,768,6,1
"KERNEL_DISPATCH",1,1,234879,1560,68,"void rocsolver::v32802::getf2_npvt_small_kernel<16, double, int, int, double*>(int, double*, long, int, long, int*, int, int)",28688,6448491144732052,6448491144741266,0,136,336,1,1,336,1,1
"KERNEL_DISPATCH",1,1,234879,1561,185,"void rocsolver::v32802::unit_forward_substitution_kernel<double, int, double*>(int, int, double*, int, int, long, long, double*, int, int, long, long)",28693,6448491144750488,6448491144761104,0,512,16,64,1,16,320,1
"KERNEL_DISPATCH",1,1,234879,1562,820,"Cijk_Ailk_Bljk_DB_MT128x64x16_MI16x16x4x1_SN_1LDSB1_APM1_ABV0_ACED0_AF0EM2_AF1EM2_AMAS3_ASE_ASGT_ASLT_ASM_ASAE01_ASCE01_ASEM2_AAC0_BL1_BS1_CLR0_DTLA0_DTLB0_DTVA1_DTVB0_DVO0_ETSP_EPS1_ELFLR0_EMLL0_FSSC10_FL0_GLVWA2_GLVWB2_GRCGA1_GRCGB1_GRPM1_GRVW2_GSU1_GSUASB_GLS0_ISA942_IU1_K1_KLA_LBSPPA0_LBSPPB0_LPA0_LPB2_LDL1_LRVW1_LWPMn1_LDW0_FMA_MIAV1_MDA2_MO40_MMFSC_MKFGSU256_NTA0_NTB0_NTC3_NTD3_NEPBS4_NLCA1_NLCB1_ONLL1_OPLV0_PK0_PAP0_PGR2_PLR1_PKA0_SIA3_SLW1_SS1_SU0_SUM0_SUS0_SCIUI1_SPO1_SRVW0_SSO6_SVW2_SNLL0_TSGRA0_TSGRB0_TT2_64_TLDS0_UMLDSA0_UMLDSB0_U64SL1_USFGROn1_VAW1_VSn1_VW2_VWB1_VFLRP0_WSGRA0_WSGRB0_WS64_WG64_4_1_WGM12",28696,6448491144767594,6448491144774444,0,8448,256,1,1,768,5,1
"KERNEL_DISPATCH",1,1,234879,1563,68,"void rocsolver::v32802::getf2_npvt_small_kernel<16, double, int, int, double*>(int, double*, long, int, long, int*, int, int)",28699,6448491144776751,6448491144785284,0,136,320,1,1,320,1,1
"KERNEL_DISPATCH",1,1,234879,1564,185,"void rocsolver::v32802::unit_forward_substitution_kernel<double, int, double*>(int, int, double*, int, int, long, long, double*, int, int, long, long)",28704,6448491144793033,6448491144802527,0,512,16,64,1,16,320,1
"KERNEL_DISPATCH",1,1,234879,1565,820,"Cijk_Ailk_Bljk_DB_MT128x64x16_MI16x16x4x1_SN_1LDSB1_APM1_ABV0_ACED0_AF0EM2_AF1EM2_AMAS3_ASE_ASGT_ASLT_ASM_ASAE01_ASCE01_ASEM2_AAC0_BL1_BS1_CLR0_DTLA0_DTLB0_DTVA1_DTVB0_DVO0_ETSP_EPS1_ELFLR0_EMLL0_FSSC10_FL0_GLVWA2_GLVWB2_GRCGA1_GRCGB1_GRPM1_GRVW2_GSU1_GSUASB_GLS0_ISA942_IU1_K1_KLA_LBSPPA0_LBSPPB0_LPA0_LPB2_LDL1_LRVW1_LWPMn1_LDW0_FMA_MIAV1_MDA2_MO40_MMFSC_MKFGSU256_NTA0_NTB0_NTC3_NTD3_NEPBS4_NLCA1_NLCB1_ONLL1_OPLV0_PK0_PAP0_PGR2_PLR1_PKA0_SIA3_SLW1_SS1_SU0_SUM0_SUS0_SCIUI1_SPO1_SRVW0_SSO6_SVW2_SNLL0_TSGRA0_TSGRB0_TT2_64_TLDS0_UMLDSA0_UMLDSB0_U64SL1_USFGROn1_VAW1_VSn1_VW2_VWB1_VFLRP0_WSGRA0_WSGRB0_WS64_WG64_4_1_WGM12",28707,6448491144809498,6448491144816028,0,8448,256,1,1,768,5,1
"KERNEL_DISPATCH",1,1,234879,1566,68,"void rocsolver::v32802::getf2_npvt_small_kernel<16, double, int, int, double*>(int, double*, long, int, long, int*, int, int)",28710,6448491144821196,6448491144831051,0,136,304,1,1,304,1,1
"KERNEL_DISPATCH",1,1,234879,1567,185,"void rocsolver::v32802::unit_forward_substitution_kernel<double, int, double*>(int, int, double*, int, int, long, long, double*, int, int, long, long)",28715,6448491144831051,6448491144839825,0,512,16,64,1,16,320,1
"KERNEL_DISPATCH",1,1,234879,1568,820,"Cijk_Ailk_Bljk_DB_MT128x64x16_MI16x16x4x1_SN_1LDSB1_APM1_ABV0_ACED0_AF0EM2_AF1EM2_AMAS3_ASE_ASGT_ASLT_ASM_ASAE01_ASCE01_ASEM2_AAC0_BL1_BS1_CLR0_DTLA0_DTLB0_DTVA1_DTVB0_DVO0_ETSP_EPS1_ELFLR0_EMLL0_FSSC10_FL0_GLVWA2_GLVWB2_GRCGA1_GRCGB1_GRPM1_GRVW2_GSU1_GSUASB_GLS0_ISA942_IU1_K1_KLA_LBSPPA0_LBSPPB0_LPA0_LPB2_LDL1_LRVW1_LWPMn1_LDW0_FMA_MIAV1_MDA2_MO40_MMFSC_MKFGSU256_NTA0_NTB0_NTC3_NTD3_NEPBS4_NLCA1_NLCB1_ONLL1_OPLV0_PK0_PAP0_PGR2_PLR1_PKA0_SIA3_SLW1_SS1_SU0_SUM0_SUS0_SCIUI1_SPO1_SRVW0_SSO6_SVW2_SNLL0_TSGRA0_TSGRB0_TT2_64_TLDS0_UMLDSA0_UMLDSB0_U64SL1_USFGROn1_VAW1_VSn1_VW2_VWB1_VFLRP0_WSGRA0_WSGRB0_WS64_WG64_4_1_WGM12",28718,6448491144857051,6448491144864422,0,8448,256,1,1,768,5,1
"KERNEL_DISPATCH",1,1,234879,1569,68,"void rocsolver::v32802::getf2_npvt_small_kernel<16, double, int, int, double*>(int, double*, long, int, long, int*, int, int)",28721,6448491144868308,6448491144877242,0,136,288,1,1,288,1,1
"KERNEL_DISPATCH",1,1,234879,1570,185,"void rocsolver::v32802::unit_forward_substitution_kernel<double, int, double*>(int, int, double*, int, int, long, long, double*, int, int, long, long)",28726,6448491144878925,6448491144888980,0,512,16,64,1,16,320,1
"KERNEL_DISPATCH",1,1,234879,1571,773,"Cijk_Ailk_Bljk_DB_MT64x64x16_MI16x16x4x1_SN_1LDSB1_APM1_ABV0_ACED0_AF0EM2_AF1EM2_AMAS3_ASE_ASGT_ASLT_ASM_ASAE01_ASCE01_ASEM2_AAC0_BL1_BS1_CLR0_DTLA0_DTLB0_DTVA0_DTVB0_DVO0_ETSP_EPS1_ELFLR0_EMLL0_FSSC10_FL0_GLVWA2_GLVWB2_GRCGA1_GRCGB1_GRPM1_GRVW2_GSU1_GSUASB_GLS0_ISA942_IU1_K1_KLA_LBSPPA0_LBSPPB128_LPA0_LPB2_LDL1_LRVW1_LWPMn1_LDW0_FMA_MIAV1_MDA2_MO40_MMFSC_MKFGSU256_NTA0_NTB0_NTC3_NTD3_NEPBS4_NLCA1_NLCB1_ONLL1_OPLV0_PK0_PAP0_PGR2_PLR5_PKA0_SIA3_SLW1_SS1_SU0_SUM0_SUS0_SCIUI1_SPO1_SRVW0_SSO6_SVW2_SNLL0_TSGRA0_TSGRB0_TT2_32_TLDS1_UMLDSA0_UMLDSB1_U64SL1_USFGROn1_VAW1_VSn1_VW2_VWB1_VFLRP0_WSGRA0_WSGRB0_WS64_WG32_8_1_WGM6",28729,6448491144899757,6448491144906607,0,17408,256,1,1,1280,5,1
"KERNEL_DISPATCH",1,1,234879,1572,68,"void rocsolver::v32802::getf2_npvt_small_kernel<16, double, int, int, double*>(int, double*, long, int, long, int*, int, int)",28732,6448491144912095,6448491144920749,0,136,272,1,1,272,1,1
"KERNEL_DISPATCH",1,1,234879,1573,185,"void rocsolver::v32802::unit_forward_substitution_kernel<double, int, double*>(int, int, double*, int, int, long, long, double*, int, int, long, long)",28737,6448491144923313,6448491144933729,0,512,16,64,1,16,256,1
"KERNEL_DISPATCH",1,1,234879,1574,773,"Cijk_Ailk_Bljk_DB_MT64x64x16_MI16x16x4x1_SN_1LDSB1_APM1_ABV0_ACED0_AF0EM2_AF1EM2_AMAS3_ASE_ASGT_ASLT_ASM_ASAE01_ASCE01_ASEM2_AAC0_BL1_BS1_CLR0_DTLA0_DTLB0_DTVA0_DTVB0_DVO0_ETSP_EPS1_ELFLR0_EMLL0_FSSC10_FL0_GLVWA2_GLVWB2_GRCGA1_GRCGB1_GRPM1_GRVW2_GSU1_GSUASB_GLS0_ISA942_IU1_K1_KLA_LBSPPA0_LBSPPB128_LPA0_LPB2_LDL1_LRVW1_LWPMn1_LDW0_FMA_MIAV1_MDA2_MO40_MMFSC_MKFGSU256_NTA0_NTB0_NTC3_NTD3_NEPBS4_NLCA1_NLCB1_ONLL1_OPLV0_PK0_PAP0_PGR2_PLR5_PKA0_SIA3_SLW1_SS1_SU0_SUM0_SUS0_SCIUI1_SPO1_SRVW0_SSO6_SVW2_SNLL0_TSGRA0_TSGRB0_TT2_32_TLDS1_UMLDSA0_UMLDSB1_U64SL1_USFGROn1_VAW1_VSn1_VW2_VWB1_VFLRP0_WSGRA0_WSGRB0_WS64_WG32_8_1_WGM6",28740,6448491144949856,6448491144955064,0,17408,256,1,1,1024,4,1
"KERNEL_DISPATCH",1,1,234879,1575,68,"void rocsolver::v32802::getf2_npvt_small_kernel<16, double, int, int, double*>(int, double*, long, int, long, int*, int, int)",28743,6448491144963174,6448491144971026,0,136,256,1,1,256,1,1
"KERNEL_DISPATCH",1,1,234879,1576,185,"void rocsolver::v32802::unit_forward_substitution_kernel<double, int, double*>(int, int, double*, int, int, long, long, double*, int, int, long, long)",28748,6448491144976915,6448491144987291,0,512,16,64,1,16,256,1
"KERNEL_DISPATCH",1,1,234879,1578,68,"void rocsolver::v32802::getf2_npvt_small_kernel<16, double, int, int, double*>(int, double*, long, int, long, int*, int, int)",28754,6448491145015747,6448491145023359,0,136,240,1,1,240,1,1
"KERNEL_DISPATCH",1,1,234879,1577,773,"Cijk_Ailk_Bljk_DB_MT64x64x16_MI16x16x4x1_SN_1LDSB1_APM1_ABV0_ACED0_AF0EM2_AF1EM2_AMAS3_ASE_ASGT_ASLT_ASM_ASAE01_ASCE01_ASEM2_AAC0_BL1_BS1_CLR0_DTLA0_DTLB0_DTVA0_DTVB0_DVO0_ETSP_EPS1_ELFLR0_EMLL0_FSSC10_FL0_GLVWA2_GLVWB2_GRCGA1_GRCGB1_GRPM1_GRVW2_GSU1_GSUASB_GLS0_ISA942_IU1_K1_KLA_LBSPPA0_LBSPPB128_LPA0_LPB2_LDL1_LRVW1_LWPMn1_LDW0_FMA_MIAV1_MDA2_MO40_MMFSC_MKFGSU256_NTA0_NTB0_NTC3_NTD3_NEPBS4_NLCA1_NLCB1_ONLL1_OPLV0_PK0_PAP0_PGR2_PLR5_PKA0_SIA3_SLW1_SS1_SU0_SUM0_SUS0_SCIUI1_SPO1_SRVW0_SSO6_SVW2_SNLL0_TSGRA0_TSGRB0_TT2_32_TLDS1_UMLDSA0_UMLDSB1_U64SL1_USFGROn1_VAW1_VSn1_VW2_VWB1_VFLRP0_WSGRA0_WSGRB0_WS64_WG32_8_1_WGM6",28751,6448491144994301,6448491144999389,0,17408,256,1,1,1024,4,1
"KERNEL_DISPATCH",1,1,234879,1579,185,"void rocsolver::v32802::unit_forward_substitution_kernel<double, int, double*>(int, int, double*, int, int, long, long, double*, int, int, long, long)",28759,6448491145030677,6448491145040693,0,512,16,64,1,16,256,1
"KERNEL_DISPATCH",1,1,234879,1580,773,"Cijk_Ailk_Bljk_DB_MT64x64x16_MI16x16x4x1_SN_1LDSB1_APM1_ABV0_ACED0_AF0EM2_AF1EM2_AMAS3_ASE_ASGT_ASLT_ASM_ASAE01_ASCE01_ASEM2_AAC0_BL1_BS1_CLR0_DTLA0_DTLB0_DTVA0_DTVB0_DVO0_ETSP_EPS1_ELFLR0_EMLL0_FSSC10_FL0_GLVWA2_GLVWB2_GRCGA1_GRCGB1_GRPM1_GRVW2_GSU1_GSUASB_GLS0_ISA942_IU1_K1_KLA_LBSPPA0_LBSPPB128_LPA0_LPB2_LDL1_LRVW1_LWPMn1_LDW0_FMA_MIAV1_MDA2_MO40_MMFSC_MKFGSU256_NTA0_NTB0_NTC3_NTD3_NEPBS4_NLCA1_NLCB1_ONLL1_OPLV0_PK0_PAP0_PGR2_PLR5_PKA0_SIA3_SLW1_SS1_SU0_SUM0_SUS0_SCIUI1_SPO1_SRVW0_SSO6_SVW2_SNLL0_TSGRA0_TSGRB0_TT2_32_TLDS1_UMLDSA0_UMLDSB1_U64SL1_USFGROn1_VAW1_VSn1_VW2_VWB1_VFLRP0_WSGRA0_WSGRB0_WS64_WG32_8_1_WGM6",28762,6448491145051429,6448491145056036,0,17408,256,1,1,1024,4,1
"KERNEL_DISPATCH",1,1,234879,1581,68,"void rocsolver::v32802::getf2_npvt_small_kernel<16, double, int, int, double*>(int, double*, long, int, long, int*, int, int)",28765,6448491145063447,6448491145071420,0,136,224,1,1,224,1,1
"KERNEL_DISPATCH",1,1,234879,1582,185,"void rocsolver::v32802::unit_forward_substitution_kernel<double, int, double*>(int, int, double*, int, int, long, long, double*, int, int, long, long)",28770,6448491145080994,6448491145090409,0,512,16,64,1,16,256,1
"KERNEL_DISPATCH",1,1,234879,1583,773,"Cijk_Ailk_Bljk_DB_MT64x64x16_MI16x16x4x1_SN_1LDSB1_APM1_ABV0_ACED0_AF0EM2_AF1EM2_AMAS3_ASE_ASGT_ASLT_ASM_ASAE01_ASCE01_ASEM2_AAC0_BL1_BS1_CLR0_DTLA0_DTLB0_DTVA0_DTVB0_DVO0_ETSP_EPS1_ELFLR0_EMLL0_FSSC10_FL0_GLVWA2_GLVWB2_GRCGA1_GRCGB1_GRPM1_GRVW2_GSU1_GSUASB_GLS0_ISA942_IU1_K1_KLA_LBSPPA0_LBSPPB128_LPA0_LPB2_LDL1_LRVW1_LWPMn1_LDW0_FMA_MIAV1_MDA2_MO40_MMFSC_MKFGSU256_NTA0_NTB0_NTC3_NTD3_NEPBS4_NLCA1_NLCB1_ONLL1_OPLV0_PK0_PAP0_PGR2_PLR5_PKA0_SIA3_SLW1_SS1_SU0_SUM0_SUS0_SCIUI1_SPO1_SRVW0_SSO6_SVW2_SNLL0_TSGRA0_TSGRB0_TT2_32_TLDS1_UMLDSA0_UMLDSB1_U64SL1_USFGROn1_VAW1_VSn1_VW2_VWB1_VFLRP0_WSGRA0_WSGRB0_WS64_WG32_8_1_WGM6",28773,6448491145099543,6448491145104671,0,17408,256,1,1,1024,4,1
"KERNEL_DISPATCH",1,1,234879,1584,68,"void rocsolver::v32802::getf2_npvt_small_kernel<16, double, int, int, double*>(int, double*, long, int, long, int*, int, int)",28776,6448491145112356,6448491145120969,0,136,208,1,1,208,1,1
"KERNEL_DISPATCH",1,1,234879,1585,185,"void rocsolver::v32802::unit_forward_substitution_kernel<double, int, double*>(int, int, double*, int, int, long, long, double*, int, int, long, long)",28781,6448491145128467,6448491145137761,0,512,16,64,1,16,192,1
"KERNEL_DISPATCH",1,1,234879,1586,773,"Cijk_Ailk_Bljk_DB_MT64x64x16_MI16x16x4x1_SN_1LDSB1_APM1_ABV0_ACED0_AF0EM2_AF1EM2_AMAS3_ASE_ASGT_ASLT_ASM_ASAE01_ASCE01_ASEM2_AAC0_BL1_BS1_CLR0_DTLA0_DTLB0_DTVA0_DTVB0_DVO0_ETSP_EPS1_ELFLR0_EMLL0_FSSC10_FL0_GLVWA2_GLVWB2_GRCGA1_GRCGB1_GRPM1_GRVW2_GSU1_GSUASB_GLS0_ISA942_IU1_K1_KLA_LBSPPA0_LBSPPB128_LPA0_LPB2_LDL1_LRVW1_LWPMn1_LDW0_FMA_MIAV1_MDA2_MO40_MMFSC_MKFGSU256_NTA0_NTB0_NTC3_NTD3_NEPBS4_NLCA1_NLCB1_ONLL1_OPLV0_PK0_PAP0_PGR2_PLR5_PKA0_SIA3_SLW1_SS1_SU0_SUM0_SUS0_SCIUI1_SPO1_SRVW0_SSO6_SVW2_SNLL0_TSGRA0_TSGRB0_TT2_32_TLDS1_UMLDSA0_UMLDSB1_U64SL1_USFGROn1_VAW1_VSn1_VW2_VWB1_VFLRP0_WSGRA0_WSGRB0_WS64_WG32_8_1_WGM6",28784,6448491145147817,6448491145152704,0,17408,256,1,1,768,3,1
"KERNEL_DISPATCH",1,1,234879,1587,68,"void rocsolver::v32802::getf2_npvt_small_kernel<16, double, int, int, double*>(int, double*, long, int, long, int*, int, int)",28787,6448491145161197,6448491145168689,0,136,192,1,1,192,1,1
"KERNEL_DISPATCH",1,1,234879,1588,185,"void rocsolver::v32802::unit_forward_substitution_kernel<double, int, double*>(int, int, double*, int, int, long, long, double*, int, int, long, long)",28792,6448491145174578,6448491145183311,0,512,16,64,1,16,192,1
"KERNEL_DISPATCH",1,1,234879,1589,977,"Cijk_Ailk_Bljk_DB_MT128x64x16_MI16x16x4x1_SN_1LDSB1_APM1_ABV0_ACED0_AF0EM2_AF1EM2_AMAS3_ASE_ASGT_ASLT_ASM_ASAE01_ASCE01_ASEM2_AAC0_BL1_BS1_CLR0_DTLA0_DTLB0_DTVA1_DTVB0_DVO0_ETSP_EPS1_ELFLR0_EMLL0_FSSC10_FL0_GLVWA2_GLVWB2_GRCGA1_GRCGB1_GRPM1_GRVW2_GSU1_GSUASB_GLS0_ISA942_IU1_K1_KLA_LBSPPA0_LBSPPB0_LPA0_LPB2_LDL1_LRVW1_LWPMn1_LDW0_FMA_MIAV1_MDA2_MO40_MMFSC_MKFGSU256_NTA0_NTB0_NTC3_NTD3_NEPBS4_NLCA1_NLCB1_ONLL1_OPLV0_PK0_PAP0_PGR2_PLR5_PKA0_SIA3_SLW1_SS1_SU0_SUM0_SUS0_SCIUI1_SPO1_SRVW0_SSO6_SVW2_SNLL0_TSGRA0_TSGRB0_TT2_64_TLDS0_UMLDSA0_UMLDSB0_U64SL1_USFGROn1_VAW1_VSn1_VW2_VWB1_VFLRP0_WSGRA0_WSGRB0_WS64_WG64_4_1_WGM6",28795,6448491145191965,6448491145202260,0,8448,256,1,1,512,3,1
"KERNEL_DISPATCH",1,1,234879,1590,68,"void rocsolver::v32802::getf2_npvt_small_kernel<16, double, int, int, double*>(int, double*, long, int, long, int*, int, int)",28798,6448491145204063,6448491145212115,0,136,176,1,1,176,1,1
"KERNEL_DISPATCH",1,1,234879,1591,185,"void rocsolver::v32802::unit_forward_substitution_kernel<double, int, double*>(int, int, double*, int, int, long, long, double*, int, int, long, long)",28803,6448491145221730,6448491145230944,0,512,16,64,1,16,192,1
"KERNEL_DISPATCH",1,1,234879,1592,977,"Cijk_Ailk_Bljk_DB_MT128x64x16_MI16x16x4x1_SN_1LDSB1_APM1_ABV0_ACED0_AF0EM2_AF1EM2_AMAS3_ASE_ASGT_ASLT_ASM_ASAE01_ASCE01_ASEM2_AAC0_BL1_BS1_CLR0_DTLA0_DTLB0_DTVA1_DTVB0_DVO0_ETSP_EPS1_ELFLR0_EMLL0_FSSC10_FL0_GLVWA2_GLVWB2_GRCGA1_GRCGB1_GRPM1_GRVW2_GSU1_GSUASB_GLS0_ISA942_IU1_K1_KLA_LBSPPA0_LBSPPB0_LPA0_LPB2_LDL1_LRVW1_LWPMn1_LDW0_FMA_MIAV1_MDA2_MO40_MMFSC_MKFGSU256_NTA0_NTB0_NTC3_NTD3_NEPBS4_NLCA1_NLCB1_ONLL1_OPLV0_PK0_PAP0_PGR2_PLR5_PKA0_SIA3_SLW1_SS1_SU0_SUM0_SUS0_SCIUI1_SPO1_SRVW0_SSO6_SVW2_SNLL0_TSGRA0_TSGRB0_TT2_64_TLDS0_UMLDSA0_UMLDSB0_U64SL1_USFGROn1_VAW1_VSn1_VW2_VWB1_VFLRP0_WSGRA0_WSGRB0_WS64_WG64_4_1_WGM6",28806,6448491145239678,6448491145247209,0,8448,256,1,1,512,3,1
"KERNEL_DISPATCH",1,1,234879,1593,68,"void rocsolver::v32802::getf2_npvt_small_kernel<16, double, int, int, double*>(int, double*, long, int, long, int*, int, int)",28809,6448491145252938,6448491145261671,0,136,160,1,1,160,1,1
"KERNEL_DISPATCH",1,1,234879,1594,185,"void rocsolver::v32802::unit_forward_substitution_kernel<double, int, double*>(int, int, double*, int, int, long, long, double*, int, int, long, long)",28814,6448491145264516,6448491145274411,0,512,16,64,1,16,192,1
"KERNEL_DISPATCH",1,1,234879,1595,817,"Cijk_Ailk_Bljk_DB_MT128x64x16_MI16x16x4x1_SN_1LDSB1_APM1_ABV0_ACED0_AF0EM2_AF1EM2_AMAS3_ASE_ASGT_ASLT_ASM_ASAE01_ASCE01_ASEM2_AAC0_BL1_BS1_CLR0_DTLA0_DTLB0_DTVA0_DTVB0_DVO0_ETSP_EPS1_ELFLR0_EMLL0_FSSC10_FL0_GLVWA2_GLVWB2_GRCGA1_GRCGB1_GRPM1_GRVW2_GSU1_GSUASB_GLS0_ISA942_IU1_K1_KLA_LBSPPA0_LBSPPB0_LPA0_LPB2_LDL1_LRVW1_LWPMn1_LDW0_FMA_MIAV1_MDA2_MO40_MMFSC_MKFGSU256_NTA0_NTB0_NTC3_NTD3_NEPBS0_NLCA1_NLCB1_ONLL1_OPLV0_PK0_PAP0_PGR2_PLR5_PKA0_SIA3_SLW1_SS1_SU0_SUM0_SUS0_SCIUI1_SPO1_SRVW0_SSO6_SVW2_SNLL0_TSGRA0_TSGRB0_TT2_64_TLDS0_UMLDSA0_UMLDSB0_U64SL1_USFGROn1_VAW1_VSn1_VW2_VWB1_VFLRP0_WSGRA0_WSGRB0_WS64_WG64_4_1_WGM6",28817,6448491145285268,6448491145294562,0,24832,256,1,1,512,3,1
"KERNEL_DISPATCH",1,1,234879,1596,68,"void rocsolver::v32802::getf2_npvt_small_kernel<16, double, int, int, double*>(int, double*, long, int, long, int*, int, int)",28820,6448491145297647,6448491145305819,0,136,144,1,1,144,1,1
"KERNEL_DISPATCH",1,1,234879,1597,185,"void rocsolver::v32802::unit_forward_substitution_kernel<double, int, double*>(int, int, double*, int, int, long, long, double*, int, int, long, long)",28825,6448491145307575,6448491145316789,0,512,16,64,1,16,128,1
"KERNEL_DISPATCH",1,1,234879,1598,817,"Cijk_Ailk_Bljk_DB_MT128x64x16_MI16x16x4x1_SN_1LDSB1_APM1_ABV0_ACED0_AF0EM2_AF1EM2_AMAS3_ASE_ASGT_ASLT_ASM_ASAE01_ASCE01_ASEM2_AAC0_BL1_BS1_CLR0_DTLA0_DTLB0_DTVA0_DTVB0_DVO0_ETSP_EPS1_ELFLR0_EMLL0_FSSC10_FL0_GLVWA2_GLVWB2_GRCGA1_GRCGB1_GRPM1_GRVW2_GSU1_GSUASB_GLS0_ISA942_IU1_K1_KLA_LBSPPA0_LBSPPB0_LPA0_LPB2_LDL1_LRVW1_LWPMn1_LDW0_FMA_MIAV1_MDA2_MO40_MMFSC_MKFGSU256_NTA0_NTB0_NTC3_NTD3_NEPBS0_NLCA1_NLCB1_ONLL1_OPLV0_PK0_PAP0_PGR2_PLR5_PKA0_SIA3_SLW1_SS1_SU0_SUM0_SUS0_SCIUI1_SPO1_SRVW0_SSO6_SVW2_SNLL0_TSGRA0_TSGRB0_TT2_64_TLDS0_UMLDSA0_UMLDSB0_U64SL1_USFGROn1_VAW1_VSn1_VW2_VWB1_VFLRP0_WSGRA0_WSGRB0_WS64_WG64_4_1_WGM6",28828,6448491145329658,6448491145335267,0,24832,256,1,1,256,2,1
"KERNEL_DISPATCH",1,1,234879,1599,68,"void rocsolver::v32802::getf2_npvt_small_kernel<16, double, int, int, double*>(int, double*, long, int, long, int*, int, int)",28831,6448491145341674,6448491145348765,0,136,128,1,1,128,1,1
"KERNEL_DISPATCH",1,1,234879,1600,185,"void rocsolver::v32802::unit_forward_substitution_kernel<double, int, double*>(int, int, double*, int, int, long, long, double*, int, int, long, long)",28836,6448491145357498,6448491145366632,0,512,16,64,1,16,128,1
"KERNEL_DISPATCH",1,1,234879,1601,1178,"Cijk_Ailk_Bljk_DB_MT128x64x16_MI16x16x4x1_SN_1LDSB1_APM1_ABV0_ACED0_AF0EM2_AF1EM2_AMAS3_ASE_ASGT_ASLT_ASM_ASAE01_ASCE01_ASEM2_AAC0_BL1_BS1_CLR0_DTLA0_DTLB0_DTVA0_DTVB0_DVO0_ETSP_EPS1_ELFLR0_EMLL0_FSSC10_FL0_GLVWA2_GLVWB2_GRCGA1_GRCGB1_GRPM1_GRVW2_GSU1_GSUASB_GLS0_ISA942_IU1_K1_KLA_LBSPPA0_LBSPPB0_LPA0_LPB2_LDL1_LRVW1_LWPMn1_LDW0_FMA_MIAV1_MDA2_MO40_MMFSC_MKFGSU256_NTA0_NTB0_NTC3_NTD3_NEPBS0_NLCA1_NLCB1_ONLL1_OPLV0_PK0_PAP0_PGR2_PLR1_PKA0_SIA3_SLW1_SS1_SU0_SUM0_SUS0_SCIUI1_SPO1_SRVW0_SSO6_SVW2_SNLL0_TSGRA0_TSGRB0_TT2_64_TLDS0_UMLDSA0_UMLDSB0_U64SL1_USFGROn1_VAW1_VSn1_VW2_VWB1_VFLRP0_WSGRA0_WSGRB0_WS64_WG64_4_1_WGM6",28839,6448491145378210,6448491145387264,0,24832,256,1,1,256,2,1
"KERNEL_DISPATCH",1,1,234879,1602,68,"void rocsolver::v32802::getf2_npvt_small_kernel<16, double, int, int, double*>(int, double*, long, int, long, int*, int, int)",28842,6448491145389591,6448491145398284,0,136,112,1,1,112,1,1
"KERNEL_DISPATCH",1,1,234879,1603,185,"void rocsolver::v32802::unit_forward_substitution_kernel<double, int, double*>(int, int, double*, int, int, long, long, double*, int, int, long, long)",28847,6448491145405853,6448491145414506,0,512,16,64,1,16,128,1
"KERNEL_DISPATCH",1,1,234879,1604,999,"Cijk_Ailk_Bljk_DB_MT128x64x16_MI16x16x4x1_SN_1LDSB1_APM1_ABV0_ACED0_AF0EM2_AF1EM2_AMAS3_ASE_ASGT_ASLT_ASM_ASAE01_ASCE01_ASEM2_AAC0_BL1_BS1_CLR0_DTLA0_DTLB0_DTVA1_DTVB0_DVO0_ETSP_EPS1_ELFLR0_EMLL0_FSSC10_FL0_GLVWA2_GLVWB2_GRCGA1_GRCGB1_GRPM1_GRVW2_GSU1_GSUASB_GLS0_ISA942_IU1_K1_KLA_LBSPPA0_LBSPPB0_LPA0_LPB2_LDL1_LRVW1_LWPMn1_LDW0_FMA_MIAV1_MDA2_MO40_MMFSC_MKFGSU256_NTA0_NTB0_NTC3_NTD3_NEPBS0_NLCA1_NLCB1_ONLL1_OPLV0_PK0_PAP0_PGR2_PLR5_PKA0_SIA3_SLW1_SS1_SU0_SUM0_SUS0_SCIUI1_SPO1_SRVW0_SSO6_SVW2_SNLL0_TSGRA0_TSGRB0_TT2_64_TLDS0_UMLDSA0_UMLDSB0_U64SL1_USFGROn1_VAW1_VSn1_VW2_VWB1_VFLRP0_WSGRA0_WSGRB0_WS64_WG64_4_1_WGM12",28850,6448491145423520,6448491145432253,0,8448,256,1,1,256,2,1
"KERNEL_DISPATCH",1,1,234879,1605,68,"void rocsolver::v32802::getf2_npvt_small_kernel<16, double, int, int, double*>(int, double*, long, int, long, int*, int, int)",28853,6448491145436419,6448491145444792,0,136,96,1,1,96,1,1
"KERNEL_DISPATCH",1,1,234879,1606,185,"void rocsolver::v32802::unit_forward_substitution_kernel<double, int, double*>(int, int, double*, int, int, long, long, double*, int, int, long, long)",28858,6448491145450681,6448491145459415,0,512,16,64,1,16,128,1
"KERNEL_DISPATCH",1,1,234879,1607,759,"Cijk_Ailk_Bljk_DB_MT64x64x16_MI16x16x4x1_SN_1LDSB1_APM1_ABV0_ACED0_AF0EM2_AF1EM2_AMAS3_ASE_ASGT_ASLT_ASM_ASAE01_ASCE01_ASEM2_AAC0_BL1_BS1_CLR0_DTLA0_DTLB0_DTVA0_DTVB0_DVO0_ETSP_EPS1_ELFLR0_EMLL0_FSSC10_FL0_GLVWA2_GLVWB2_GRCGA1_GRCGB1_GRPM1_GRVW2_GSU1_GSUASB_GLS0_ISA942_IU1_K1_KLA_LBSPPA0_LBSPPB0_LPA0_LPB2_LDL1_LRVW1_LWPMn1_LDW0_FMA_MIAV1_MDA2_MO40_MMFSC_MKFGSU256_NTA0_NTB0_NTC3_NTD3_NEPBS4_NLCA1_NLCB1_ONLL1_OPLV0_PK0_PAP0_PGR2_PLR5_PKA0_SIA3_SLW1_SS1_SU0_SUM0_SUS0_SCIUI1_SPO1_SRVW0_SSO6_SVW2_SNLL0_TSGRA0_TSGRB0_TT2_32_TLDS0_UMLDSA0_UMLDSB0_U64SL1_USFGROn1_VAW1_VSn1_VW2_VWB1_VFLRP0_WSGRA0_WSGRB0_WS64_WG32_8_1_WGM6",28861,6448491145468469,6448491145476361,0,16640,256,1,1,512,2,1
"KERNEL_DISPATCH",1,1,234879,1608,68,"void rocsolver::v32802::getf2_npvt_small_kernel<16, double, int, int, double*>(int, double*, long, int, long, int*, int, int)",28864,6448491145478724,6448491145486696,0,136,80,1,1,80,1,1
"KERNEL_DISPATCH",1,1,234879,1609,185,"void rocsolver::v32802::unit_forward_substitution_kernel<double, int, double*>(int, int, double*, int, int, long, long, double*, int, int, long, long)",28869,6448491145506189,6448491145516805,0,512,16,64,1,16,64,1
"KERNEL_DISPATCH",1,1,234879,1610,814,"Cijk_Ailk_Bljk_DB_MT64x64x16_MI16x16x4x1_SN_1LDSB1_APM1_ABV0_ACED0_AF0EM2_AF1EM2_AMAS0_ASE_ASGT_ASLT_ASM_ASAE01_ASCE01_ASEM2_AAC0_BL1_BS1_CLR0_DTLA0_DTLB0_DTVA1_DTVB0_DVO0_ETSP_EPS1_ELFLR0_EMLL0_FSSC10_FL0_GLVWA1_GLVWB1_GRCGA1_GRCGB1_GRPM1_GRVW1_GSU1_GSUASB_GLS0_ISA942_IU1_K1_KLA_LBSPPA0_LBSPPB128_LPA0_LPB4_LDL1_LRVW2_LWPMn1_LDW0_FMA_MIAV1_MDA2_MO40_MMFSC_MKFGSU256_NTA0_NTB0_NTC3_NTD3_NEPBS0_NLCA1_NLCB1_ONLL1_OPLV0_PK0_PAP0_PGR2_PLR5_PKA0_SIA3_SLW1_SS1_SU0_SUM0_SUS0_SCIUI1_SPO1_SRVW0_SSO6_SVW1_SNLL0_TSGRA0_TSGRB0_TT1_64_TLDS1_UMLDSA0_UMLDSB1_U64SL1_USFGROn1_VAW1_VSn1_VW1_VWB1_VFLRP0_WSGRA0_WSGRB0_WS64_WG64_4_1_WGM6",28872,6448491145521630,6448491145528160,0,10240,256,1,1,256,1,1
"KERNEL_DISPATCH",1,1,234879,1611,68,"void rocsolver::v32802::getf2_npvt_small_kernel<16, double, int, int, double*>(int, double*, long, int, long, int*, int, int)",28875,6448491145535384,6448491145542875,0,136,64,1,1,64,1,1
"KERNEL_DISPATCH",1,1,234879,1612,185,"void rocsolver::v32802::unit_forward_substitution_kernel<double, int, double*>(int, int, double*, int, int, long, long, double*, int, int, long, long)",28880,6448491145552838,6448491145560730,0,512,16,64,1,16,64,1
"KERNEL_DISPATCH",1,1,234879,1613,744,"Cijk_Ailk_Bljk_DB_MT64x64x16_MI16x16x4x1_SN_1LDSB1_APM1_ABV0_ACED0_AF0EM2_AF1EM2_AMAS3_ASE_ASGT_ASLT_ASM_ASAE01_ASCE01_ASEM2_AAC0_BL1_BS1_CLR0_DTLA0_DTLB0_DTVA0_DTVB0_DVO0_ETSP_EPS1_ELFLR0_EMLL0_FSSC10_FL0_GLVWA2_GLVWB2_GRCGA1_GRCGB1_GRPM1_GRVW2_GSU1_GSUASB_GLS0_ISA942_IU1_K1_KLA_LBSPPA0_LBSPPB128_LPA0_LPB4_LDL1_LRVW2_LWPMn1_LDW0_FMA_MIAV1_MDA2_MO40_MMFSC_MKFGSU256_NTA0_NTB0_NTC3_NTD3_NEPBS0_NLCA1_NLCB1_ONLL1_OPLV0_PK0_PAP0_PGR2_PLR5_PKA0_SIA3_SLW1_SS1_SU0_SUM0_SUS0_SCIUI1_SPO1_SRVW0_SSO6_SVW2_SNLL0_TSGRA0_TSGRB0_TT2_32_TLDS1_UMLDSA0_UMLDSB1_U64SL1_USFGROn1_VAW1_VSn1_VW2_VWB1_VFLRP0_WSGRA0_WSGRB0_WS64_WG32_8_1_WGM6",28883,6448491145571667,6448491145577636,0,18432,256,1,1,256,1,1
"KERNEL_DISPATCH",1,1,234879,1614,68,"void rocsolver::v32802::getf2_npvt_small_kernel<16, double, int, int, double*>(int, double*, long, int, long, int*, int, int)",28886,6448491145583759,6448491145590769,0,136,48,1,1,48,1,1
"KERNEL_DISPATCH",1,1,234879,1615,185,"void rocsolver::v32802::unit_forward_substitution_kernel<double, int, double*>(int, int, double*, int, int, long, long, double*, int, int, long, long)",28891,6448491145598187,6448491145606200,0,512,16,64,1,16,64,1
"KERNEL_DISPATCH",1,1,234879,1616,754,"Cijk_Ailk_Bljk_DB_MT32x64x32_MI16x16x4x1_SN_1LDSB1_APM1_ABV0_ACED0_AF0EM2_AF1EM2_AMAS3_ASE_ASGT_ASLT_ASM_ASAE01_ASCE01_ASEM2_AAC0_BL1_BS1_CLR0_DTLA0_DTLB0_DTVA0_DTVB0_DVO0_ETSP_EPS1_ELFLR0_EMLL0_FSSC10_FL0_GLVWA2_GLVWB2_GRCGA1_GRCGB1_GRPM1_GRVW2_GSU1_GSUASB_GLS0_ISA942_IU1_K1_KLA_LBSPPA0_LBSPPB256_LPA0_LPB4_LDL1_LRVW2_LWPMn1_LDW0_FMA_MIAV1_MDA2_MO40_MMFSC_MKFGSU256_NTA0_NTB0_NTC3_NTD3_NEPBS0_NLCA1_NLCB1_ONLL1_OPLV0_PK0_PAP0_PGR2_PLR9_PKA0_SIA3_SLW1_SS1_SU0_SUM0_SUS0_SCIUI1_SPO1_SRVW0_SSO6_SVW2_SNLL0_TSGRA0_TSGRB0_TT2_16_TLDS1_UMLDSA0_UMLDSB1_U64SL1_USFGROn1_VAW1_VSn1_VW2_VWB1_VFLRP0_WSGRA0_WSGRB0_WS64_WG16_16_1_WGM6",28894,6448491145617096,6448491145622545,0,26624,256,1,1,256,1,1
"KERNEL_DISPATCH",1,1,234879,1617,68,"void rocsolver::v32802::getf2_npvt_small_kernel<16, double, int, int, double*>(int, double*, long, int, long, int*, int, int)",28897,6448491145629596,6448491145637488,0,136,32,1,1,32,1,1
"KERNEL_DISPATCH",1,1,234879,1618,185,"void rocsolver::v32802::unit_forward_substitution_kernel<double, int, double*>(int, int, double*, int, int, long, long, double*, int, int, long, long)",28902,6448491145640893,6448491145648785,0,512,16,64,1,16,64,1
"KERNEL_DISPATCH",1,1,234879,1619,754,"Cijk_Ailk_Bljk_DB_MT32x64x32_MI16x16x4x1_SN_1LDSB1_APM1_ABV0_ACED0_AF0EM2_AF1EM2_AMAS3_ASE_ASGT_ASLT_ASM_ASAE01_ASCE01_ASEM2_AAC0_BL1_BS1_CLR0_DTLA0_DTLB0_DTVA0_DTVB0_DVO0_ETSP_EPS1_ELFLR0_EMLL0_FSSC10_FL0_GLVWA2_GLVWB2_GRCGA1_GRCGB1_GRPM1_GRVW2_GSU1_GSUASB_GLS0_ISA942_IU1_K1_KLA_LBSPPA0_LBSPPB256_LPA0_LPB4_LDL1_LRVW2_LWPMn1_LDW0_FMA_MIAV1_MDA2_MO40_MMFSC_MKFGSU256_NTA0_NTB0_NTC3_NTD3_NEPBS0_NLCA1_NLCB1_ONLL1_OPLV0_PK0_PAP0_PGR2_PLR9_PKA0_SIA3_SLW1_SS1_SU0_SUM0_SUS0_SCIUI1_SPO1_SRVW0_SSO6_SVW2_SNLL0_TSGRA0_TSGRB0_TT2_16_TLDS1_UMLDSA0_UMLDSB1_U64SL1_USFGROn1_VAW1_VSn1_VW2_VWB1_VFLRP0_WSGRA0_WSGRB0_WS64_WG16_16_1_WGM6",28905,6448491145660443,6448491145664689,0,26624,256,1,1,256,1,1
"KERNEL_DISPATCH",1,1,234879,1620,68,"void rocsolver::v32802::getf2_npvt_small_kernel<16, double, int, int, double*>(int, double*, long, int, long, int*, int, int)",28908,6448491145673743,6448491145681355,0,136,16,1,1,16,1,1
"KERNEL_DISPATCH",1,1,234879,1621,1399,"void rocblas_trtri_trsm_kernel<128, 16, 8, double, double const*, double*>(rocblas_fill_, rocblas_diagonal_, double const*, long, int, long, double*, long, long, int)",28912,6448491145687728,6448491145715931,0,8192,256,1,1,4096,1,1
"KERNEL_DISPATCH",1,1,234879,1622,1443,"void rocblas_trtri_fill<128, double, double*>(_rocblas_handle*, rocblas_fill_, int, long, int, long, double*, long, long, int, int)",28917,6448491145716048,6448491145718852,0,0,128,1,1,32512,1,1
"KERNEL_DISPATCH",1,1,234879,1623,997,"Cijk_Ailk_Bljk_DB_MT64x32x16_MI16x16x4x1_SN_1LDSB1_APM1_ABV0_ACED0_AF0EM2_AF1EM2_AMAS0_ASE_ASGT_ASLT_ASM_ASAE01_ASCE01_ASEM2_AAC0_BL1_BS1_CLR0_DTLA0_DTLB0_DTVA1_DTVB0_DVO0_ETSP_EPS1_ELFLR0_EMLL0_FSSC10_FL0_GLVWA1_GLVWB1_GRCGA1_GRCGB1_GRPM1_GRVW1_GSU1_GSUASB_GLS0_ISA942_IU1_K1_KLA_LBSPPA0_LBSPPB128_LPA0_LPB4_LDL1_LRVW2_LWPMn1_LDW0_FMA_MIAV1_MDA2_MO40_MMFSC_MKFGSU256_NTA0_NTB0_NTC3_NTD3_NEPBS0_NLCA1_NLCB1_ONLL1_OPLV0_PK0_PAP0_PGR2_PLR5_PKA0_SIA3_SLW1_SS1_SU0_SUM0_SUS0_SCIUI1_SPO1_SRVW0_SSO6_SVW1_SNLL0_TSGRA0_TSGRB0_TT1_32_TLDS1_UMLDSA0_UMLDSB1_U64SL1_USFGROn1_VAW1_VSn1_VW1_VWB1_VFLRP0_WSGRA0_WSGRB0_WS64_WG64_4_1_WGM12",28921,6448491145718852,6448491145725463,0,5120,256,1,1,256,1,4
"KERNEL_DISPATCH",1,1,234879,1624,997,"Cijk_Ailk_Bljk_DB_MT64x32x16_MI16x16x4x1_SN_1LDSB1_APM1_ABV0_ACED0_AF0EM2_AF1EM2_AMAS0_ASE_ASGT_ASLT_ASM_ASAE01_ASCE01_ASEM2_AAC0_BL1_BS1_CLR0_DTLA0_DTLB0_DTVA1_DTVB0_DVO0_ETSP_EPS1_ELFLR0_EMLL0_FSSC10_FL0_GLVWA1_GLVWB1_GRCGA1_GRCGB1_GRPM1_GRVW1_GSU1_GSUASB_GLS0_ISA942_IU1_K1_KLA_LBSPPA0_LBSPPB128_LPA0_LPB4_LDL1_LRVW2_LWPMn1_LDW0_FMA_MIAV1_MDA2_MO40_MMFSC_MKFGSU256_NTA0_NTB0_NTC3_NTD3_NEPBS0_NLCA1_NLCB1_ONLL1_OPLV0_PK0_PAP0_PGR2_PLR5_PKA0_SIA3_SLW1_SS1_SU0_SUM0_SUS0_SCIUI1_SPO1_SRVW0_SSO6_SVW1_SNLL0_TSGRA0_TSGRB0_TT1_32_TLDS1_UMLDSA0_UMLDSB1_U64SL1_USFGROn1_VAW1_VSn1_VW1_VWB1_VFLRP0_WSGRA0_WSGRB0_WS64_WG64_4_1_WGM12",28924,6448491145749780,6448491145756590,0,5120,256,1,1,256,1,4
"KERNEL_DISPATCH",1,1,234879,1625,997,"Cijk_Ailk_Bljk_DB_MT64x32x16_MI16x16x4x1_SN_1LDSB1_APM1_ABV0_ACED0_AF0EM2_AF1EM2_AMAS0_ASE_ASGT_ASLT_ASM_ASAE01_ASCE01_ASEM2_AAC0_BL1_BS1_CLR0_DTLA0_DTLB0_DTVA1_DTVB0_DVO0_ETSP_EPS1_ELFLR0_EMLL0_FSSC10_FL0_GLVWA1_GLVWB1_GRCGA1_GRCGB1_GRPM1_GRVW1_GSU1_GSUASB_GLS0_ISA942_IU1_K1_KLA_LBSPPA0_LBSPPB128_LPA0_LPB4_LDL1_LRVW2_LWPMn1_LDW0_FMA_MIAV1_MDA2_MO40_MMFSC_MKFGSU256_NTA0_NTB0_NTC3_NTD3_NEPBS0_NLCA1_NLCB1_ONLL1_OPLV0_PK0_PAP0_PGR2_PLR5_PKA0_SIA3_SLW1_SS1_SU0_SUM0_SUS0_SCIUI1_SPO1_SRVW0_SSO6_SVW1_SNLL0_TSGRA0_TSGRB0_TT1_32_TLDS1_UMLDSA0_UMLDSB1_U64SL1_USFGROn1_VAW1_VSn1_VW1_VWB1_VFLRP0_WSGRA0_WSGRB0_WS64_WG64_4_1_WGM12",28927,6448491145771453,6448491145775780,0,5120,256,1,1,256,1,4
"KERNEL_DISPATCH",1,1,234879,1626,997,"Cijk_Ailk_Bljk_DB_MT64x32x16_MI16x16x4x1_SN_1LDSB1_APM1_ABV0_ACED0_AF0EM2_AF1EM2_AMAS0_ASE_ASGT_ASLT_ASM_ASAE01_ASCE01_ASEM2_AAC0_BL1_BS1_CLR0_DTLA0_DTLB0_DTVA1_DTVB0_DVO0_ETSP_EPS1_ELFLR0_EMLL0_FSSC10_FL0_GLVWA1_GLVWB1_GRCGA1_GRCGB1_GRPM1_GRVW1_GSU1_GSUASB_GLS0_ISA942_IU1_K1_KLA_LBSPPA0_LBSPPB128_LPA0_LPB4_LDL1_LRVW2_LWPMn1_LDW0_FMA_MIAV1_MDA2_MO40_MMFSC_MKFGSU256_NTA0_NTB0_NTC3_NTD3_NEPBS0_NLCA1_NLCB1_ONLL1_OPLV0_PK0_PAP0_PGR2_PLR5_PKA0_SIA3_SLW1_SS1_SU0_SUM0_SUS0_SCIUI1_SPO1_SRVW0_SSO6_SVW1_SNLL0_TSGRA0_TSGRB0_TT1_32_TLDS1_UMLDSA0_UMLDSB1_U64SL1_USFGROn1_VAW1_VSn1_VW1_VWB1_VFLRP0_WSGRA0_WSGRB0_WS64_WG64_4_1_WGM12",28930,6448491145786980,6448491145791146,0,5120,256,1,1,256,1,4
"KERNEL_DISPATCH",1,1,234879,1627,970,"Cijk_Ailk_Bljk_DB_MT64x64x32_MI16x16x4x1_SN_1LDSB1_APM1_ABV0_ACED0_AF0EM2_AF1EM2_AMAS0_ASE_ASGT_ASLT_ASM_ASAE01_ASCE01_ASEM2_AAC0_BL1_BS1_CLR0_DTLA0_DTLB0_DTVA0_DTVB0_DVO0_ETSP_EPS1_ELFLR0_EMLL0_FSSC10_FL0_GLVWA1_GLVWB1_GRCGA1_GRCGB1_GRPM1_GRVW1_GSU1_GSUASB_GLS0_ISA942_IU1_K1_KLA_LBSPPA0_LBSPPB0_LPA0_LPB1_LDL1_LRVW1_LWPMn1_LDW0_FMA_MIAV1_MDA2_MO40_MMFSC_MKFGSU256_NTA0_NTB0_NTC3_NTD3_NEPBS0_NLCA1_NLCB1_ONLL1_OPLV0_PK0_PAP0_PGR2_PLR9_PKA0_SIA3_SLW1_SS1_SU0_SUM0_SUS0_SCIUI1_SPO1_SRVW0_SSO6_SVW1_SNLL0_TSGRA0_TSGRB0_TT2_32_TLDS0_UMLDSA0_UMLDSB0_U64SL1_USFGROn1_VAW1_VSn1_VW1_VWB1_VFLRP0_WSGRA0_WSGRB0_WS64_WG32_8_1_WGM6",28933,6448491145809854,6448491145817226,0,33024,256,1,1,256,1,4
"KERNEL_DISPATCH",1,1,234879,1628,970,"Cijk_Ailk_Bljk_DB_MT64x64x32_MI16x16x4x1_SN_1LDSB1_APM1_ABV0_ACED0_AF0EM2_AF1EM2_AMAS0_ASE_ASGT_ASLT_ASM_ASAE01_ASCE01_ASEM2_AAC0_BL1_BS1_CLR0_DTLA0_DTLB0_DTVA0_DTVB0_DVO0_ETSP_EPS1_ELFLR0_EMLL0_FSSC10_FL0_GLVWA1_GLVWB1_GRCGA1_GRCGB1_GRPM1_GRVW1_GSU1_GSUASB_GLS0_ISA942_IU1_K1_KLA_LBSPPA0_LBSPPB0_LPA0_LPB1_LDL1_LRVW1_LWPMn1_LDW0_FMA_MIAV1_MDA2_MO40_MMFSC_MKFGSU256_NTA0_NTB0_NTC3_NTD3_NEPBS0_NLCA1_NLCB1_ONLL1_OPLV0_PK0_PAP0_PGR2_PLR9_PKA0_SIA3_SLW1_SS1_SU0_SUM0_SUS0_SCIUI1_SPO1_SRVW0_SSO6_SVW1_SNLL0_TSGRA0_TSGRB0_TT2_32_TLDS0_UMLDSA0_UMLDSB0_U64SL1_USFGROn1_VAW1_VSn1_VW1_VWB1_VFLRP0_WSGRA0_WSGRB0_WS64_WG32_8_1_WGM6",28936,6448491145823212,6448491145829863,0,33024,256,1,1,256,1,4
"KERNEL_DISPATCH",1,1,234879,1629,1471,"void rocblas_copy_matrix_trsm<128, 8, double, double*, double*>(int, int, int, double*, int, long, double*, int, long, long, long, int)",28940,6448491145841561,6448491145844766,0,0,128,8,1,1536,128,1
"KERNEL_DISPATCH",1,1,234879,1630,1155,"Cijk_Ailk_Bljk_DB_MT64x96x32_MI16x16x4x1_SN_1LDSB1_APM1_ABV0_ACED0_AF0EM1_AF1EM1_AMAS3_ASE_ASGT_ASLT_ASM_ASAE01_ASCE01_ASEM1_AAC0_BL1_BS1_CLR0_DTLA0_DTLB0_DTVA0_DTVB0_DVO0_ETB_EPS1_ELFLR0_EMLL0_FSSC10_FL0_GLVWA2_GLVWB2_GRCGA1_GRCGB1_GRPM1_GRVWn1_GSU1_GSUASB_GLS0_ISA942_IU1_K1_KLA_LBSPPA0_LBSPPB256_LPA0_LPB4_LDL1_LRVW2_LWPMn1_LDW0_FMA_MIAV1_MDA2_MO40_MMFSC_MKFGSU256_NTA0_NTB0_NTC0_NTD0_NEPBS4_NLCA1_NLCB1_ONLL1_OPLV0_PK0_PAP0_PGR2_PLR9_PKA0_SIA3_SLW1_SS1_SU0_SUM0_SUS0_SCIUI1_SPO0_SRVW0_SSO0_SVW2_SNLL0_TSGRA0_TSGRB0_TT2_48_TLDS1_UMLDSA0_UMLDSB1_U64SL1_USFGROn1_VAW1_VSn1_VW2_VWB1_VFLRP0_WSGRA0_WSGRB0_WS64_WG32_8_1_WGM1",28944,6448491145860590,6448491145879779,0,44032,256,1,1,6144,2,1
"KERNEL_DISPATCH",1,1,234879,1631,1155,"Cijk_Ailk_Bljk_DB_MT64x96x32_MI16x16x4x1_SN_1LDSB1_APM1_ABV0_ACED0_AF0EM1_AF1EM1_AMAS3_ASE_ASGT_ASLT_ASM_ASAE01_ASCE01_ASEM1_AAC0_BL1_BS1_CLR0_DTLA0_DTLB0_DTVA0_DTVB0_DVO0_ETB_EPS1_ELFLR0_EMLL0_FSSC10_FL0_GLVWA2_GLVWB2_GRCGA1_GRCGB1_GRPM1_GRVWn1_GSU1_GSUASB_GLS0_ISA942_IU1_K1_KLA_LBSPPA0_LBSPPB256_LPA0_LPB4_LDL1_LRVW2_LWPMn1_LDW0_FMA_MIAV1_MDA2_MO40_MMFSC_MKFGSU256_NTA0_NTB0_NTC0_NTD0_NEPBS4_NLCA1_NLCB1_ONLL1_OPLV0_PK0_PAP0_PGR2_PLR9_PKA0_SIA3_SLW1_SS1_SU0_SUM0_SUS0_SCIUI1_SPO0_SRVW0_SSO0_SVW2_SNLL0_TSGRA0_TSGRB0_TT2_48_TLDS1_UMLDSA0_UMLDSB1_U64SL1_USFGROn1_VAW1_VSn1_VW2_VWB1_VFLRP0_WSGRA0_WSGRB0_WS64_WG32_8_1_WGM1",28947,6448491145894121,6448491145906861,0,44032,256,1,1,6144,2,1
"KERNEL_DISPATCH",1,1,234879,1632,1155,"Cijk_Ailk_Bljk_DB_MT64x96x32_MI16x16x4x1_SN_1LDSB1_APM1_ABV0_ACED0_AF0EM1_AF1EM1_AMAS3_ASE_ASGT_ASLT_ASM_ASAE01_ASCE01_ASEM1_AAC0_BL1_BS1_CLR0_DTLA0_DTLB0_DTVA0_DTVB0_DVO0_ETB_EPS1_ELFLR0_EMLL0_FSSC10_FL0_GLVWA2_GLVWB2_GRCGA1_GRCGB1_GRPM1_GRVWn1_GSU1_GSUASB_GLS0_ISA942_IU1_K1_KLA_LBSPPA0_LBSPPB256_LPA0_LPB4_LDL1_LRVW2_LWPMn1_LDW0_FMA_MIAV1_MDA2_MO40_MMFSC_MKFGSU256_NTA0_NTB0_NTC0_NTD0_NEPBS4_NLCA1_NLCB1_ONLL1_OPLV0_PK0_PAP0_PGR2_PLR9_PKA0_SIA3_SLW1_SS1_SU0_SUM0_SUS0_SCIUI1_SPO0_SRVW0_SSO0_SVW2_SNLL0_TSGRA0_TSGRB0_TT2_48_TLDS1_UMLDSA0_UMLDSB1_U64SL1_USFGROn1_VAW1_VSn1_VW2_VWB1_VFLRP0_WSGRA0_WSGRB0_WS64_WG32_8_1_WGM1",28950,6448491145912109,6448491145921002,0,44032,256,1,1,6144,2,1
"KERNEL_DISPATCH",1,1,234879,1633,1155,"Cijk_Ailk_Bljk_DB_MT64x96x32_MI16x16x4x1_SN_1LDSB1_APM1_ABV0_ACED0_AF0EM1_AF1EM1_AMAS3_ASE_ASGT_ASLT_ASM_ASAE01_ASCE01_ASEM1_AAC0_BL1_BS1_CLR0_DTLA0_DTLB0_DTVA0_DTVB0_DVO0_ETB_EPS1_ELFLR0_EMLL0_FSSC10_FL0_GLVWA2_GLVWB2_GRCGA1_GRCGB1_GRPM1_GRVWn1_GSU1_GSUASB_GLS0_ISA942_IU1_K1_KLA_LBSPPA0_LBSPPB256_LPA0_LPB4_LDL1_LRVW2_LWPMn1_LDW0_FMA_MIAV1_MDA2_MO40_MMFSC_MKFGSU256_NTA0_NTB0_NTC0_NTD0_NEPBS4_NLCA1_NLCB1_ONLL1_OPLV0_PK0_PAP0_PGR2_PLR9_PKA0_SIA3_SLW1_SS1_SU0_SUM0_SUS0_SCIUI1_SPO0_SRVW0_SSO0_SVW2_SNLL0_TSGRA0_TSGRB0_TT2_48_TLDS1_UMLDSA0_UMLDSB1_U64SL1_USFGROn1_VAW1_VSn1_VW2_VWB1_VFLRP0_WSGRA0_WSGRB0_WS64_WG32_8_1_WGM1",28953,6448491145929448,6448491145942949,0,44032,256,1,1,6144,2,1
"KERNEL_DISPATCH",1,1,234879,1634,1155,"Cijk_Ailk_Bljk_DB_MT64x96x32_MI16x16x4x1_SN_1LDSB1_APM1_ABV0_ACED0_AF0EM1_AF1EM1_AMAS3_ASE_ASGT_ASLT_ASM_ASAE01_ASCE01_ASEM1_AAC0_BL1_BS1_CLR0_DTLA0_DTLB0_DTVA0_DTVB0_DVO0_ETB_EPS1_ELFLR0_EMLL0_FSSC10_FL0_GLVWA2_GLVWB2_GRCGA1_GRCGB1_GRPM1_GRVWn1_GSU1_GSUASB_GLS0_ISA942_IU1_K1_KLA_LBSPPA0_LBSPPB256_LPA0_LPB4_LDL1_LRVW2_LWPMn1_LDW0_FMA_MIAV1_MDA2_MO40_MMFSC_MKFGSU256_NTA0_NTB0_NTC0_NTD0_NEPBS4_NLCA1_NLCB1_ONLL1_OPLV0_PK0_PAP0_PGR2_PLR9_PKA0_SIA3_SLW1_SS1_SU0_SUM0_SUS0_SCIUI1_SPO0_SRVW0_SSO0_SVW2_SNLL0_TSGRA0_TSGRB0_TT2_48_TLDS1_UMLDSA0_UMLDSB1_U64SL1_USFGROn1_VAW1_VSn1_VW2_VWB1_VFLRP0_WSGRA0_WSGRB0_WS64_WG32_8_1_WGM1",28956,6448491145946855,6448491145955588,0,44032,256,1,1,6144,2,1
"KERNEL_DISPATCH",1,1,234879,1635,1266,"Cijk_Ailk_Bljk_DB_MT32x32x64_MI16x16x4x1_SN_1LDSB1_APM1_ABV0_ACED0_AF0EM1_AF1EM1_AMAS3_ASE_ASGT_ASLT1129_ASM_ASAE01_ASCE01_ASEM1_AAC0_BL1_BS1_CLR0_DTLA0_DTLB0_DTVA1_DTVB0_DVO0_ETB_EPS1_ELFLR0_EMLL0_FSSC10_FL0_GLVWA2_GLVWB2_GRCGA1_GRCGB1_GRPM1_GRVWn1_GSU1_GSUASB_GLS0_ISA942_IU1_K1_KLA_LBSPPA0_LBSPPB512_LPA0_LPB2_LDL1_LRVW1_LWPMn1_LDW0_FMA_MIAV1_MDA2_MO40_MMFSC_MKFGSU256_NTA0_NTB0_NTC0_NTD0_NEPBS4_NLCA1_NLCB1_ONLL1_OPLV0_PK0_PAP0_PGR2_PLR5_PKA0_SIA3_SLW1_SS1_SU0_SUM0_SUS0_SCIUI1_SPO0_SRVW0_SSO0_SVW2_SNLL0_TSGRA0_TSGRB0_TT2_32_TLDS1_UMLDSA0_UMLDSB1_U64SL1_USFGROn1_VAW1_VSn1_VW2_VWB1_VFLRP0_WSGRA0_WSGRB0_WS64_WG16_4_4_WGM1",28959,6448491145973202,6448491145986142,0,32768,256,1,1,12288,4,1
"KERNEL_DISPATCH",1,1,234879,1636,1155,"Cijk_Ailk_Bljk_DB_MT64x96x32_MI16x16x4x1_SN_1LDSB1_APM1_ABV0_ACED0_AF0EM1_AF1EM1_AMAS3_ASE_ASGT_ASLT_ASM_ASAE01_ASCE01_ASEM1_AAC0_BL1_BS1_CLR0_DTLA0_DTLB0_DTVA0_DTVB0_DVO0_ETB_EPS1_ELFLR0_EMLL0_FSSC10_FL0_GLVWA2_GLVWB2_GRCGA1_GRCGB1_GRPM1_GRVWn1_GSU1_GSUASB_GLS0_ISA942_IU1_K1_KLA_LBSPPA0_LBSPPB256_LPA0_LPB4_LDL1_LRVW2_LWPMn1_LDW0_FMA_MIAV1_MDA2_MO40_MMFSC_MKFGSU256_NTA0_NTB0_NTC0_NTD0_NEPBS4_NLCA1_NLCB1_ONLL1_OPLV0_PK0_PAP0_PGR2_PLR9_PKA0_SIA3_SLW1_SS1_SU0_SUM0_SUS0_SCIUI1_SPO0_SRVW0_SSO0_SVW2_SNLL0_TSGRA0_TSGRB0_TT2_48_TLDS1_UMLDSA0_UMLDSB1_U64SL1_USFGROn1_VAW1_VSn1_VW2_VWB1_VFLRP0_WSGRA0_WSGRB0_WS64_WG32_8_1_WGM1",28962,6448491145987945,6448491145995396,0,44032,256,1,1,6144,2,1
"KERNEL_DISPATCH",1,1,234879,1637,1399,"void rocblas_trtri_trsm_kernel<128, 16, 8, double, double const*, double*>(rocblas_fill_, rocblas_diagonal_, double const*, long, int, long, double*, long, long, int)",28966,6448491145998641,6448491146027566,0,8192,256,1,1,4096,1,1
"KERNEL_DISPATCH",1,1,234879,1638,1443,"void rocblas_trtri_fill<128, double, double*>(_rocblas_handle*, rocblas_fill_, int, long, int, long, double*, long, long, int, int)",28971,6448491146027566,6448491146029889,0,0,128,1,1,32512,1,1
"KERNEL_DISPATCH",1,1,234879,1639,997,"Cijk_Ailk_Bljk_DB_MT64x32x16_MI16x16x4x1_SN_1LDSB1_APM1_ABV0_ACED0_AF0EM2_AF1EM2_AMAS0_ASE_ASGT_ASLT_ASM_ASAE01_ASCE01_ASEM2_AAC0_BL1_BS1_CLR0_DTLA0_DTLB0_DTVA1_DTVB0_DVO0_ETSP_EPS1_ELFLR0_EMLL0_FSSC10_FL0_GLVWA1_GLVWB1_GRCGA1_GRCGB1_GRPM1_GRVW1_GSU1_GSUASB_GLS0_ISA942_IU1_K1_KLA_LBSPPA0_LBSPPB128_LPA0_LPB4_LDL1_LRVW2_LWPMn1_LDW0_FMA_MIAV1_MDA2_MO40_MMFSC_MKFGSU256_NTA0_NTB0_NTC3_NTD3_NEPBS0_NLCA1_NLCB1_ONLL1_OPLV0_PK0_PAP0_PGR2_PLR5_PKA0_SIA3_SLW1_SS1_SU0_SUM0_SUS0_SCIUI1_SPO1_SRVW0_SSO6_SVW1_SNLL0_TSGRA0_TSGRB0_TT1_32_TLDS1_UMLDSA0_UMLDSB1_U64SL1_USFGROn1_VAW1_VSn1_VW1_VWB1_VFLRP0_WSGRA0_WSGRB0_WS64_WG64_4_1_WGM12",28975,6448491146038022,6448491146042068,0,5120,256,1,1,256,1,4
"KERNEL_DISPATCH",1,1,234879,1640,997,"Cijk_Ailk_Bljk_DB_MT64x32x16_MI16x16x4x1_SN_1LDSB1_APM1_ABV0_ACED0_AF0EM2_AF1EM2_AMAS0_ASE_ASGT_ASLT_ASM_ASAE01_ASCE01_ASEM2_AAC0_BL1_BS1_CLR0_DTLA0_DTLB0_DTVA1_DTVB0_DVO0_ETSP_EPS1_ELFLR0_EMLL0_FSSC10_FL0_GLVWA1_GLVWB1_GRCGA1_GRCGB1_GRPM1_GRVW1_GSU1_GSUASB_GLS0_ISA942_IU1_K1_KLA_LBSPPA0_LBSPPB128_LPA0_LPB4_LDL1_LRVW2_LWPMn1_LDW0_FMA_MIAV1_MDA2_MO40_MMFSC_MKFGSU256_NTA0_NTB0_NTC3_NTD3_NEPBS0_NLCA1_NLCB1_ONLL1_OPLV0_PK0_PAP0_PGR2_PLR5_PKA0_SIA3_SLW1_SS1_SU0_SUM0_SUS0_SCIUI1_SPO1_SRVW0_SSO6_SVW1_SNLL0_TSGRA0_TSGRB0_TT1_32_TLDS1_UMLDSA0_UMLDSB1_U64SL1_USFGROn1_VAW1_VSn1_VW1_VWB1_VFLRP0_WSGRA0_WSGRB0_WS64_WG64_4_1_WGM12",28978,6448491146058533,6448491146064142,0,5120,256,1,1,256,1,4
"KERNEL_DISPATCH",1,1,234879,1641,997,"Cijk_Ailk_Bljk_DB_MT64x32x16_MI16x16x4x1_SN_1LDSB1_APM1_ABV0_ACED0_AF0EM2_AF1EM2_AMAS0_ASE_ASGT_ASLT_ASM_ASAE01_ASCE01_ASEM2_AAC0_BL1_BS1_CLR0_DTLA0_DTLB0_DTVA1_DTVB0_DVO0_ETSP_EPS1_ELFLR0_EMLL0_FSSC10_FL0_GLVWA1_GLVWB1_GRCGA1_GRCGB1_GRPM1_GRVW1_GSU1_GSUASB_GLS0_ISA942_IU1_K1_KLA_LBSPPA0_LBSPPB128_LPA0_LPB4_LDL1_LRVW2_LWPMn1_LDW0_FMA_MIAV1_MDA2_MO40_MMFSC_MKFGSU256_NTA0_NTB0_NTC3_NTD3_NEPBS0_NLCA1_NLCB1_ONLL1_OPLV0_PK0_PAP0_PGR2_PLR5_PKA0_SIA3_SLW1_SS1_SU0_SUM0_SUS0_SCIUI1_SPO1_SRVW0_SSO6_SVW1_SNLL0_TSGRA0_TSGRB0_TT1_32_TLDS1_UMLDSA0_UMLDSB1_U64SL1_USFGROn1_VAW1_VSn1_VW1_VWB1_VFLRP0_WSGRA0_WSGRB0_WS64_WG64_4_1_WGM12",28981,6448491146081248,6448491146085214,0,5120,256,1,1,256,1,4
"KERNEL_DISPATCH",1,1,234879,1642,997,"Cijk_Ailk_Bljk_DB_MT64x32x16_MI16x16x4x1_SN_1LDSB1_APM1_ABV0_ACED0_AF0EM2_AF1EM2_AMAS0_ASE_ASGT_ASLT_ASM_ASAE01_ASCE01_ASEM2_AAC0_BL1_BS1_CLR0_DTLA0_DTLB0_DTVA1_DTVB0_DVO0_ETSP_EPS1_ELFLR0_EMLL0_FSSC10_FL0_GLVWA1_GLVWB1_GRCGA1_GRCGB1_GRPM1_GRVW1_GSU1_GSUASB_GLS0_ISA942_IU1_K1_KLA_LBSPPA0_LBSPPB128_LPA0_LPB4_LDL1_LRVW2_LWPMn1_LDW0_FMA_MIAV1_MDA2_MO40_MMFSC_MKFGSU256_NTA0_NTB0_NTC3_NTD3_NEPBS0_NLCA1_NLCB1_ONLL1_OPLV0_PK0_PAP0_PGR2_PLR5_PKA0_SIA3_SLW1_SS1_SU0_SUM0_SUS0_SCIUI1_SPO1_SRVW0_SSO6_SVW1_SNLL0_TSGRA0_TSGRB0_TT1_32_TLDS1_UMLDSA0_UMLDSB1_U64SL1_USFGROn1_VAW1_VSn1_VW1_VWB1_VFLRP0_WSGRA0_WSGRB0_WS64_WG64_4_1_WGM12",28984,6448491146095153,6448491146099479,0,5120,256,1,1,256,1,4
"KERNEL_DISPATCH",1,1,234879,1643,970,"Cijk_Ailk_Bljk_DB_MT64x64x32_MI16x16x4x1_SN_1LDSB1_APM1_ABV0_ACED0_AF0EM2_AF1EM2_AMAS0_ASE_ASGT_ASLT_ASM_ASAE01_ASCE01_ASEM2_AAC0_BL1_BS1_CLR0_DTLA0_DTLB0_DTVA0_DTVB0_DVO0_ETSP_EPS1_ELFLR0_EMLL0_FSSC10_FL0_GLVWA1_GLVWB1_GRCGA1_GRCGB1_GRPM1_GRVW1_GSU1_GSUASB_GLS0_ISA942_IU1_K1_KLA_LBSPPA0_LBSPPB0_LPA0_LPB1_LDL1_LRVW1_LWPMn1_LDW0_FMA_MIAV1_MDA2_MO40_MMFSC_MKFGSU256_NTA0_NTB0_NTC3_NTD3_NEPBS0_NLCA1_NLCB1_ONLL1_OPLV0_PK0_PAP0_PGR2_PLR9_PKA0_SIA3_SLW1_SS1_SU0_SUM0_SUS0_SCIUI1_SPO1_SRVW0_SSO6_SVW1_SNLL0_TSGRA0_TSGRB0_TT2_32_TLDS0_UMLDSA0_UMLDSB0_U64SL1_USFGROn1_VAW1_VSn1_VW1_VWB1_VFLRP0_WSGRA0_WSGRB0_WS64_WG32_8_1_WGM6",28987,6448491146114539,6448491146121710,0,33024,256,1,1,256,1,4
"KERNEL_DISPATCH",1,1,234879,1644,970,"Cijk_Ailk_Bljk_DB_MT64x64x32_MI16x16x4x1_SN_1LDSB1_APM1_ABV0_ACED0_AF0EM2_AF1EM2_AMAS0_ASE_ASGT_ASLT_ASM_ASAE01_ASCE01_ASEM2_AAC0_BL1_BS1_CLR0_DTLA0_DTLB0_DTVA0_DTVB0_DVO0_ETSP_EPS1_ELFLR0_EMLL0_FSSC10_FL0_GLVWA1_GLVWB1_GRCGA1_GRCGB1_GRPM1_GRVW1_GSU1_GSUASB_GLS0_ISA942_IU1_K1_KLA_LBSPPA0_LBSPPB0_LPA0_LPB1_LDL1_LRVW1_LWPMn1_LDW0_FMA_MIAV1_MDA2_MO40_MMFSC_MKFGSU256_NTA0_NTB0_NTC3_NTD3_NEPBS0_NLCA1_NLCB1_ONLL1_OPLV0_PK0_PAP0_PGR2_PLR9_PKA0_SIA3_SLW1_SS1_SU0_SUM0_SUS0_SCIUI1_SPO1_SRVW0_SSO6_SVW1_SNLL0_TSGRA0_TSGRB0_TT2_32_TLDS0_UMLDSA0_UMLDSB0_U64SL1_USFGROn1_VAW1_VSn1_VW1_VWB1_VFLRP0_WSGRA0_WSGRB0_WS64_WG32_8_1_WGM6",28990,6448491146126129,6448491146133060,0,33024,256,1,1,256,1,4
"KERNEL_DISPATCH",1,1,234879,1645,1471,"void rocblas_copy_matrix_trsm<128, 8, double, double*, double*>(int, int, int, double*, int, long, double*, int, long, long, long, int)",28994,6448491146141260,6448491146145867,0,0,128,8,1,128,1536,1
"KERNEL_DISPATCH",1,1,234879,1646,922,"Cijk_Ailk_Bljk_DB_MT80x64x32_MI16x16x4x1_SN_1LDSB1_APM1_ABV0_ACED0_AF0EM1_AF1EM1_AMAS0_ASE_ASGT_ASLT_ASM_ASAE01_ASCE01_ASEM1_AAC0_BL1_BS1_CLR0_DTLA0_DTLB0_DTVA0_DTVB0_DVO0_ETB_EPS1_ELFLR0_EMLL0_FSSC10_FL0_GLVWA2_GLVWB2_GRCGA1_GRCGB1_GRPM1_GRVWn1_GSU1_GSUASB_GLS0_ISA942_IU1_K1_KLA_LBSPPA0_LBSPPB256_LPA0_LPB2_LDL1_LRVW1_LWPMn1_LDW0_FMA_MIAV1_MDA2_MO40_MMFSC_MKFGSU256_NTA0_NTB0_NTC3_NTD3_NEPBS4_NLCA5_NLCB1_ONLL1_OPLV0_PK0_PAP0_PGR2_PLR9_PKA0_SIA3_SLW1_SS1_SU0_SUM0_SUS0_SCIUI1_SPO0_SRVW0_SSO0_SVW1_SNLL0_TSGRA0_TSGRB0_TT5_16_TLDS1_UMLDSA0_UMLDSB1_U64SL1_USFGROn1_VAW1_VSn1_VW1_VWB1_VFLRP0_WSGRA0_WSGRB0_WS64_WG16_16_1_WGM12",28998,6448491146160169,6448491146168382,0,37888,256,1,1,512,24,1
"KERNEL_DISPATCH",1,1,234879,1647,922,"Cijk_Ailk_Bljk_DB_MT80x64x32_MI16x16x4x1_SN_1LDSB1_APM1_ABV0_ACED0_AF0EM1_AF1EM1_AMAS0_ASE_ASGT_ASLT_ASM_ASAE01_ASCE01_ASEM1_AAC0_BL1_BS1_CLR0_DTLA0_DTLB0_DTVA0_DTVB0_DVO0_ETB_EPS1_ELFLR0_EMLL0_FSSC10_FL0_GLVWA2_GLVWB2_GRCGA1_GRCGB1_GRPM1_GRVWn1_GSU1_GSUASB_GLS0_ISA942_IU1_K1_KLA_LBSPPA0_LBSPPB256_LPA0_LPB2_LDL1_LRVW1_LWPMn1_LDW0_FMA_MIAV1_MDA2_MO40_MMFSC_MKFGSU256_NTA0_NTB0_NTC3_NTD3_NEPBS4_NLCA5_NLCB1_ONLL1_OPLV0_PK0_PAP0_PGR2_PLR9_PKA0_SIA3_SLW1_SS1_SU0_SUM0_SUS0_SCIUI1_SPO0_SRVW0_SSO0_SVW1_SNLL0_TSGRA0_TSGRB0_TT5_16_TLDS1_UMLDSA0_UMLDSB1_U64SL1_USFGROn1_VAW1_VSn1_VW1_VWB1_VFLRP0_WSGRA0_WSGRB0_WS64_WG16_16_1_WGM12",29001,6448491146177916,6448491146187972,0,37888,256,1,1,512,24,1
"KERNEL_DISPATCH",1,1,234879,1648,922,"Cijk_Ailk_Bljk_DB_MT80x64x32_MI16x16x4x1_SN_1LDSB1_APM1_ABV0_ACED0_AF0EM1_AF1EM1_AMAS0_ASE_ASGT_ASLT_ASM_ASAE01_ASCE01_ASEM1_AAC0_BL1_BS1_CLR0_DTLA0_DTLB0_DTVA0_DTVB0_DVO0_ETB_EPS1_ELFLR0_EMLL0_FSSC10_FL0_GLVWA2_GLVWB2_GRCGA1_GRCGB1_GRPM1_GRVWn1_GSU1_GSUASB_GLS0_ISA942_IU1_K1_KLA_LBSPPA0_LBSPPB256_LPA0_LPB2_LDL1_LRVW1_LWPMn1_LDW0_FMA_MIAV1_MDA2_MO40_MMFSC_MKFGSU256_NTA0_NTB0_NTC3_NTD3_NEPBS4_NLCA5_NLCB1_ONLL1_OPLV0_PK0_PAP0_PGR2_PLR9_PKA0_SIA3_SLW1_SS1_SU0_SUM0_SUS0_SCIUI1_SPO0_SRVW0_SSO0_SVW1_SNLL0_TSGRA0_TSGRB0_TT5_16_TLDS1_UMLDSA0_UMLDSB1_U64SL1_USFGROn1_VAW1_VSn1_VW1_VWB1_VFLRP0_WSGRA0_WSGRB0_WS64_WG16_16_1_WGM12",29004,6448491146194422,6448491146202234,0,37888,256,1,1,512,24,1
"KERNEL_DISPATCH",1,1,234879,1649,922,"Cijk_Ailk_Bljk_DB_MT80x64x32_MI16x16x4x1_SN_1LDSB1_APM1_ABV0_ACED0_AF0EM1_AF1EM1_AMAS0_ASE_ASGT_ASLT_ASM_ASAE01_ASCE01_ASEM1_AAC0_BL1_BS1_CLR0_DTLA0_DTLB0_DTVA0_DTVB0_DVO0_ETB_EPS1_ELFLR0_EMLL0_FSSC10_FL0_GLVWA2_GLVWB2_GRCGA1_GRCGB1_GRPM1_GRVWn1_GSU1_GSUASB_GLS0_ISA942_IU1_K1_KLA_LBSPPA0_LBSPPB256_LPA0_LPB2_LDL1_LRVW1_LWPMn1_LDW0_FMA_MIAV1_MDA2_MO40_MMFSC_MKFGSU256_NTA0_NTB0_NTC3_NTD3_NEPBS4_NLCA5_NLCB1_ONLL1_OPLV0_PK0_PAP0_PGR2_PLR9_PKA0_SIA3_SLW1_SS1_SU0_SUM0_SUS0_SCIUI1_SPO0_SRVW0_SSO0_SVW1_SNLL0_TSGRA0_TSGRB0_TT5_16_TLDS1_UMLDSA0_UMLDSB1_U64SL1_USFGROn1_VAW1_VSn1_VW1_VWB1_VFLRP0_WSGRA0_WSGRB0_WS64_WG16_16_1_WGM12",29007,6448491146211408,6448491146223947,0,37888,256,1,1,512,24,1
"KERNEL_DISPATCH",1,1,234879,1650,922,"Cijk_Ailk_Bljk_DB_MT80x64x32_MI16x16x4x1_SN_1LDSB1_APM1_ABV0_ACED0_AF0EM1_AF1EM1_AMAS0_ASE_ASGT_ASLT_ASM_ASAE01_ASCE01_ASEM1_AAC0_BL1_BS1_CLR0_DTLA0_DTLB0_DTVA0_DTVB0_DVO0_ETB_EPS1_ELFLR0_EMLL0_FSSC10_FL0_GLVWA2_GLVWB2_GRCGA1_GRCGB1_GRPM1_GRVWn1_GSU1_GSUASB_GLS0_ISA942_IU1_K1_KLA_LBSPPA0_LBSPPB256_LPA0_LPB2_LDL1_LRVW1_LWPMn1_LDW0_FMA_MIAV1_MDA2_MO40_MMFSC_MKFGSU256_NTA0_NTB0_NTC3_NTD3_NEPBS4_NLCA5_NLCB1_ONLL1_OPLV0_PK0_PAP0_PGR2_PLR9_PKA0_SIA3_SLW1_SS1_SU0_SUM0_SUS0_SCIUI1_SPO0_SRVW0_SSO0_SVW1_SNLL0_TSGRA0_TSGRB0_TT5_16_TLDS1_UMLDSA0_UMLDSB1_U64SL1_USFGROn1_VAW1_VSn1_VW1_VWB1_VFLRP0_WSGRA0_WSGRB0_WS64_WG16_16_1_WGM12",29010,6448491146229208,6448491146235938,0,37888,256,1,1,512,24,1
"KERNEL_DISPATCH",1,1,234879,1651,1137,"Cijk_Ailk_Bljk_DB_MT64x16x64_MI16x16x4x1_SN_1LDSB1_APM1_ABV0_ACED0_AF0EM1_AF1EM1_AMAS3_ASE_ASGT_ASLT0129_ASM_ASAE01_ASCE01_ASEM1_AAC0_BL1_BS1_CLR0_DTLA0_DTLB0_DTVA1_DTVB0_DVO0_ETB_EPS1_ELFLR0_EMLL0_FSSC10_FL0_GLVWA2_GLVWB2_GRCGA1_GRCGB1_GRPM1_GRVWn1_GSU1_GSUASB_GLS0_ISA942_IU1_K1_KLA_LBSPPA0_LBSPPB512_LPA0_LPB2_LDL1_LRVW1_LWPMn1_LDW0_FMA_MIAV1_MDA2_MO40_MMFSC_MKFGSU256_NTA0_NTB0_NTC0_NTD0_NEPBS4_NLCA2_NLCB1_ONLL1_OPLV0_PK0_PAP0_PGR2_PLR5_PKA0_SIA3_SLW1_SS1_SU0_SUM0_SUS0_SCIUI1_SPO0_SRVW0_SSO0_SVW2_SNLL0_TSGRA0_TSGRB0_TT4_16_TLDS1_UMLDSA0_UMLDSB1_U64SL1_USFGROn1_VAW1_VSn1_VW2_VWB1_VFLRP0_WSGRA0_WSGRB0_WS64_WG16_4_4_WGM1",29013,6448491146251189,6448491146262967,0,32768,256,1,1,512,96,1
"KERNEL_DISPATCH",1,1,234879,1652,922,"Cijk_Ailk_Bljk_DB_MT80x64x32_MI16x16x4x1_SN_1LDSB1_APM1_ABV0_ACED0_AF0EM1_AF1EM1_AMAS0_ASE_ASGT_ASLT_ASM_ASAE01_ASCE01_ASEM1_AAC0_BL1_BS1_CLR0_DTLA0_DTLB0_DTVA0_DTVB0_DVO0_ETB_EPS1_ELFLR0_EMLL0_FSSC10_FL0_GLVWA2_GLVWB2_GRCGA1_GRCGB1_GRPM1_GRVWn1_GSU1_GSUASB_GLS0_ISA942_IU1_K1_KLA_LBSPPA0_LBSPPB256_LPA0_LPB2_LDL1_LRVW1_LWPMn1_LDW0_FMA_MIAV1_MDA2_MO40_MMFSC_MKFGSU256_NTA0_NTB0_NTC3_NTD3_NEPBS4_NLCA5_NLCB1_ONLL1_OPLV0_PK0_PAP0_PGR2_PLR9_PKA0_SIA3_SLW1_SS1_SU0_SUM0_SUS0_SCIUI1_SPO0_SRVW0_SSO0_SVW1_SNLL0_TSGRA0_TSGRB0_TT5_16_TLDS1_UMLDSA0_UMLDSB1_U64SL1_USFGROn1_VAW1_VSn1_VW1_VWB1_VFLRP0_WSGRA0_WSGRB0_WS64_WG16_16_1_WGM12",29016,6448491146265771,6448491146272141,0,37888,256,1,1,512,24,1
"KERNEL_DISPATCH",1,1,234879,1653,610,"Cijk_Ailk_Bljk_DB_MT128x32x16_MI16x16x4x1_SN_1LDSB1_APM1_ABV0_ACED0_AF0EM1_AF1EM1_AMAS3_ASE_ASGT_ASLT_ASM_ASAE01_ASCE01_ASEM1_AAC0_BL1_BS1_CLR0_DTLA0_DTLB0_DTVA1_DTVB0_DVO0_ETSP_EPS1_ELFLR0_EMLL0_FSSC10_FL0_GLVWA2_GLVWB2_GRCGA1_GRCGB1_GRPM1_GRVWn1_GSU1_GSUASB_GLS0_ISA942_IU1_K1_KLA_LBSPPA0_LBSPPB256_LPA0_LPB4_LDL1_LRVW2_LWPMn1_LDW0_FMA_MIAV1_MDA2_MO40_MMFSC_MKFGSU256_NTA0_NTB0_NTC4_NTD4_NEPBS4_NLCA1_NLCB1_ONLL1_OPLV0_PK0_PAP0_PGR2_PLR5_PKA0_SIA3_SLW1_SS1_SU8_SUM0_SUS256_SCIUI1_SPO1_SRVW0_SSO4_SVW2_SNLL0_TSGRA0_TSGRB0_TT2_32_TLDS1_UMLDSA0_UMLDSB1_U64SL1_USFGROn1_VAW1_VSn1_VW2_VWB2_VFLRP0_WSGRA0_WSGRB0_WS64_WG64_4_1_WGM24",29019,6448491146289688,6448491146366516,0,4608,256,1,1,3072,48,1
"KERNEL_DISPATCH",1,1,234879,1654,68,"void rocsolver::v32802::getf2_npvt_small_kernel<16, double, int, int, double*>(int, double*, long, int, long, int*, int, int)",29022,6448491146366516,6448491146379736,0,136,512,1,1,512,1,1
"KERNEL_DISPATCH",1,1,234879,1655,185,"void rocsolver::v32802::unit_forward_substitution_kernel<double, int, double*>(int, int, double*, int, int, long, long, double*, int, int, long, long)",29027,6448491146379736,6448491146390793,0,512,16,64,1,16,512,1
"KERNEL_DISPATCH",1,1,234879,1656,904,"Cijk_Ailk_Bljk_DB_MT64x32x32_MI16x16x4x1_SN_1LDSB1_APM1_ABV0_ACED0_AF0EM2_AF1EM2_AMAS3_ASE_ASGT_ASLT_ASM_ASAE01_ASCE01_ASEM2_AAC0_BL1_BS1_CLR0_DTLA0_DTLB0_DTVA0_DTVB0_DVO0_ETSP_EPS1_ELFLR0_EMLL0_FSSC10_FL0_GLVWA2_GLVWB2_GRCGA1_GRCGB1_GRPM1_GRVW2_GSU1_GSUASB_GLS0_ISA942_IU1_K1_KLA_LBSPPA0_LBSPPB256_LPA0_LPB4_LDL1_LRVW2_LWPMn1_LDW0_FMA_MIAV1_MDA2_MO40_MMFSC_MKFGSU256_NTA0_NTB0_NTC3_NTD3_NEPBS0_NLCA1_NLCB1_ONLL1_OPLV0_PK0_PAP0_PGR2_PLR9_PKA0_SIA3_SLW1_SS1_SU0_SUM0_SUS0_SCIUI1_SPO1_SRVW0_SSO6_SVW2_SNLL0_TSGRA0_TSGRB0_TT2_16_TLDS1_UMLDSA0_UMLDSB1_U64SL1_USFGROn1_VAW1_VSn1_VW2_VWB1_VFLRP0_WSGRA0_WSGRB0_WS64_WG32_8_1_WGM6",29030,6448491146390793,6448491146396321,0,25600,256,1,1,2048,16,1
"KERNEL_DISPATCH",1,1,234879,1658,185,"void rocsolver::v32802::unit_forward_substitution_kernel<double, int, double*>(int, int, double*, int, int, long, long, double*, int, int, long, long)",29038,6448491146406697,6448491146415591,0,512,16,64,1,16,512,1
"KERNEL_DISPATCH",1,1,234879,1657,68,"void rocsolver::v32802::getf2_npvt_small_kernel<16, double, int, int, double*>(int, double*, long, int, long, int*, int, int)",29033,6448491146396321,6448491146406697,0,136,496,1,1,496,1,1
"KERNEL_DISPATCH",1,1,234879,1660,68,"void rocsolver::v32802::getf2_npvt_small_kernel<16, double, int, int, double*>(int, double*, long, int, long, int*, int, int)",29044,6448491146419797,6448491146429452,0,136,480,1,1,480,1,1
"KERNEL_DISPATCH",1,1,234879,1659,904,"Cijk_Ailk_Bljk_DB_MT64x32x32_MI16x16x4x1_SN_1LDSB1_APM1_ABV0_ACED0_AF0EM2_AF1EM2_AMAS3_ASE_ASGT_ASLT_ASM_ASAE01_ASCE01_ASEM2_AAC0_BL1_BS1_CLR0_DTLA0_DTLB0_DTVA0_DTVB0_DVO0_ETSP_EPS1_ELFLR0_EMLL0_FSSC10_FL0_GLVWA2_GLVWB2_GRCGA1_GRCGB1_GRPM1_GRVW2_GSU1_GSUASB_GLS0_ISA942_IU1_K1_KLA_LBSPPA0_LBSPPB256_LPA0_LPB4_LDL1_LRVW2_LWPMn1_LDW0_FMA_MIAV1_MDA2_MO40_MMFSC_MKFGSU256_NTA0_NTB0_NTC3_NTD3_NEPBS0_NLCA1_NLCB1_ONLL1_OPLV0_PK0_PAP0_PGR2_PLR9_PKA0_SIA3_SLW1_SS1_SU0_SUM0_SUS0_SCIUI1_SPO1_SRVW0_SSO6_SVW2_SNLL0_TSGRA0_TSGRB0_TT2_16_TLDS1_UMLDSA0_UMLDSB1_U64SL1_USFGROn1_VAW1_VSn1_VW2_VWB1_VFLRP0_WSGRA0_WSGRB0_WS64_WG32_8_1_WGM6",29041,6448491146415591,6448491146419797,0,25600,256,1,1,2048,15,1
"KERNEL_DISPATCH",1,1,234879,1661,185,"void rocsolver::v32802::unit_forward_substitution_kernel<double, int, double*>(int, int, double*, int, int, long, long, double*, int, int, long, long)",29049,6448491146429452,6448491146439347,0,512,16,64,1,16,512,1
"KERNEL_DISPATCH",1,1,234879,1662,904,"Cijk_Ailk_Bljk_DB_MT64x32x32_MI16x16x4x1_SN_1LDSB1_APM1_ABV0_ACED0_AF0EM2_AF1EM2_AMAS3_ASE_ASGT_ASLT_ASM_ASAE01_ASCE01_ASEM2_AAC0_BL1_BS1_CLR0_DTLA0_DTLB0_DTVA0_DTVB0_DVO0_ETSP_EPS1_ELFLR0_EMLL0_FSSC10_FL0_GLVWA2_GLVWB2_GRCGA1_GRCGB1_GRPM1_GRVW2_GSU1_GSUASB_GLS0_ISA942_IU1_K1_KLA_LBSPPA0_LBSPPB256_LPA0_LPB4_LDL1_LRVW2_LWPMn1_LDW0_FMA_MIAV1_MDA2_MO40_MMFSC_MKFGSU256_NTA0_NTB0_NTC3_NTD3_NEPBS0_NLCA1_NLCB1_ONLL1_OPLV0_PK0_PAP0_PGR2_PLR9_PKA0_SIA3_SLW1_SS1_SU0_SUM0_SUS0_SCIUI1_SPO1_SRVW0_SSO6_SVW2_SNLL0_TSGRA0_TSGRB0_TT2_16_TLDS1_UMLDSA0_UMLDSB1_U64SL1_USFGROn1_VAW1_VSn1_VW2_VWB1_VFLRP0_WSGRA0_WSGRB0_WS64_WG32_8_1_WGM6",29052,6448491146439347,6448491146444956,0,25600,256,1,1,2048,15,1
"KERNEL_DISPATCH",1,1,234879,1663,68,"void rocsolver::v32802::getf2_npvt_small_kernel<16, double, int, int, double*>(int, double*, long, int, long, int*, int, int)",29055,6448491146455011,6448491146465868,0,136,464,1,1,464,1,1
"KERNEL_DISPATCH",1,1,234879,1664,185,"void rocsolver::v32802::unit_forward_substitution_kernel<double, int, double*>(int, int, double*, int, int, long, long, double*, int, int, long, long)",29060,6448491146473199,6448491146483495,0,512,16,64,1,16,448,1
"KERNEL_DISPATCH",1,1,234879,1665,904,"Cijk_Ailk_Bljk_DB_MT64x32x32_MI16x16x4x1_SN_1LDSB1_APM1_ABV0_ACED0_AF0EM2_AF1EM2_AMAS3_ASE_ASGT_ASLT_ASM_ASAE01_ASCE01_ASEM2_AAC0_BL1_BS1_CLR0_DTLA0_DTLB0_DTVA0_DTVB0_DVO0_ETSP_EPS1_ELFLR0_EMLL0_FSSC10_FL0_GLVWA2_GLVWB2_GRCGA1_GRCGB1_GRPM1_GRVW2_GSU1_GSUASB_GLS0_ISA942_IU1_K1_KLA_LBSPPA0_LBSPPB256_LPA0_LPB4_LDL1_LRVW2_LWPMn1_LDW0_FMA_MIAV1_MDA2_MO40_MMFSC_MKFGSU256_NTA0_NTB0_NTC3_NTD3_NEPBS0_NLCA1_NLCB1_ONLL1_OPLV0_PK0_PAP0_PGR2_PLR9_PKA0_SIA3_SLW1_SS1_SU0_SUM0_SUS0_SCIUI1_SPO1_SRVW0_SSO6_SVW2_SNLL0_TSGRA0_TSGRB0_TT2_16_TLDS1_UMLDSA0_UMLDSB1_U64SL1_USFGROn1_VAW1_VSn1_VW2_VWB1_VFLRP0_WSGRA0_WSGRB0_WS64_WG32_8_1_WGM6",29063,6448491146495113,6448491146499680,0,25600,256,1,1,1792,14,1
"KERNEL_DISPATCH",1,1,234879,1666,68,"void rocsolver::v32802::getf2_npvt_small_kernel<16, double, int, int, double*>(int, double*, long, int, long, int*, int, int)",29066,6448491146507732,6448491146517427,0,136,448,1,1,448,1,1
"KERNEL_DISPATCH",1,1,234879,1667,185,"void rocsolver::v32802::unit_forward_substitution_kernel<double, int, double*>(int, int, double*, int, int, long, long, double*, int, int, long, long)",29071,6448491146520512,6448491146530647,0,512,16,64,1,16,448,1
"KERNEL_DISPATCH",1,1,234879,1668,904,"Cijk_Ailk_Bljk_DB_MT64x32x32_MI16x16x4x1_SN_1LDSB1_APM1_ABV0_ACED0_AF0EM2_AF1EM2_AMAS3_ASE_ASGT_ASLT_ASM_ASAE01_ASCE01_ASEM2_AAC0_BL1_BS1_CLR0_DTLA0_DTLB0_DTVA0_DTVB0_DVO0_ETSP_EPS1_ELFLR0_EMLL0_FSSC10_FL0_GLVWA2_GLVWB2_GRCGA1_GRCGB1_GRPM1_GRVW2_GSU1_GSUASB_GLS0_ISA942_IU1_K1_KLA_LBSPPA0_LBSPPB256_LPA0_LPB4_LDL1_LRVW2_LWPMn1_LDW0_FMA_MIAV1_MDA2_MO40_MMFSC_MKFGSU256_NTA0_NTB0_NTC3_NTD3_NEPBS0_NLCA1_NLCB1_ONLL1_OPLV0_PK0_PAP0_PGR2_PLR9_PKA0_SIA3_SLW1_SS1_SU0_SUM0_SUS0_SCIUI1_SPO1_SRVW0_SSO6_SVW2_SNLL0_TSGRA0_TSGRB0_TT2_16_TLDS1_UMLDSA0_UMLDSB1_U64SL1_USFGROn1_VAW1_VSn1_VW2_VWB1_VFLRP0_WSGRA0_WSGRB0_WS64_WG32_8_1_WGM6",29074,6448491146540422,6448491146544869,0,25600,256,1,1,1792,14,1
"KERNEL_DISPATCH",1,1,234879,1669,68,"void rocsolver::v32802::getf2_npvt_small_kernel<16, double, int, int, double*>(int, double*, long, int, long, int*, int, int)",29077,6448491146554043,6448491146563938,0,136,432,1,1,432,1,1
"KERNEL_DISPATCH",1,1,234879,1670,185,"void rocsolver::v32802::unit_forward_substitution_kernel<double, int, double*>(int, int, double*, int, int, long, long, double*, int, int, long, long)",29082,6448491146568305,6448491146578280,0,512,16,64,1,16,448,1
"KERNEL_DISPATCH",1,1,234879,1671,904,"Cijk_Ailk_Bljk_DB_MT64x32x32_MI16x16x4x1_SN_1LDSB1_APM1_ABV0_ACED0_AF0EM2_AF1EM2_AMAS3_ASE_ASGT_ASLT_ASM_ASAE01_ASCE01_ASEM2_AAC0_BL1_BS1_CLR0_DTLA0_DTLB0_DTVA0_DTVB0_DVO0_ETSP_EPS1_ELFLR0_EMLL0_FSSC10_FL0_GLVWA2_GLVWB2_GRCGA1_GRCGB1_GRPM1_GRVW2_GSU1_GSUASB_GLS0_ISA942_IU1_K1_KLA_LBSPPA0_LBSPPB256_LPA0_LPB4_LDL1_LRVW2_LWPMn1_LDW0_FMA_MIAV1_MDA2_MO40_MMFSC_MKFGSU256_NTA0_NTB0_NTC3_NTD3_NEPBS0_NLCA1_NLCB1_ONLL1_OPLV0_PK0_PAP0_PGR2_PLR9_PKA0_SIA3_SLW1_SS1_SU0_SUM0_SUS0_SCIUI1_SPO1_SRVW0_SSO6_SVW2_SNLL0_TSGRA0_TSGRB0_TT2_16_TLDS1_UMLDSA0_UMLDSB1_U64SL1_USFGROn1_VAW1_VSn1_VW2_VWB1_VFLRP0_WSGRA0_WSGRB0_WS64_WG32_8_1_WGM6",29085,6448491146586573,6448491146590539,0,25600,256,1,1,1792,13,1
"KERNEL_DISPATCH",1,1,234879,1672,68,"void rocsolver::v32802::getf2_npvt_small_kernel<16, double, int, int, double*>(int, double*, long, int, long, int*, int, int)",29088,6448491146597390,6448491146607365,0,136,416,1,1,416,1,1
"KERNEL_DISPATCH",1,1,234879,1673,185,"void rocsolver::v32802::unit_forward_substitution_kernel<double, int, double*>(int, int, double*, int, int, long, long, double*, int, int, long, long)",29093,6448491146609441,6448491146619135,0,512,16,64,1,16,448,1
"KERNEL_DISPATCH",1,1,234879,1674,904,"Cijk_Ailk_Bljk_DB_MT64x32x32_MI16x16x4x1_SN_1LDSB1_APM1_ABV0_ACED0_AF0EM2_AF1EM2_AMAS3_ASE_ASGT_ASLT_ASM_ASAE01_ASCE01_ASEM2_AAC0_BL1_BS1_CLR0_DTLA0_DTLB0_DTVA0_DTVB0_DVO0_ETSP_EPS1_ELFLR0_EMLL0_FSSC10_FL0_GLVWA2_GLVWB2_GRCGA1_GRCGB1_GRPM1_GRVW2_GSU1_GSUASB_GLS0_ISA942_IU1_K1_KLA_LBSPPA0_LBSPPB256_LPA0_LPB4_LDL1_LRVW2_LWPMn1_LDW0_FMA_MIAV1_MDA2_MO40_MMFSC_MKFGSU256_NTA0_NTB0_NTC3_NTD3_NEPBS0_NLCA1_NLCB1_ONLL1_OPLV0_PK0_PAP0_PGR2_PLR9_PKA0_SIA3_SLW1_SS1_SU0_SUM0_SUS0_SCIUI1_SPO1_SRVW0_SSO6_SVW2_SNLL0_TSGRA0_TSGRB0_TT2_16_TLDS1_UMLDSA0_UMLDSB1_U64SL1_USFGROn1_VAW1_VSn1_VW2_VWB1_VFLRP0_WSGRA0_WSGRB0_WS64_WG32_8_1_WGM6",29096,6448491146632576,6448491146637584,0,25600,256,1,1,1792,13,1
"KERNEL_DISPATCH",1,1,234879,1675,68,"void rocsolver::v32802::getf2_npvt_small_kernel<16, double, int, int, double*>(int, double*, long, int, long, int*, int, int)",29099,6448491146642218,6448491146653556,0,136,400,1,1,400,1,1
"KERNEL_DISPATCH",1,1,234879,1676,185,"void rocsolver::v32802::unit_forward_substitution_kernel<double, int, double*>(int, int, double*, int, int, long, long, double*, int, int, long, long)",29104,6448491146657722,6448491146667056,0,512,16,64,1,16,384,1
"KERNEL_DISPATCH",1,1,234879,1677,904,"Cijk_Ailk_Bljk_DB_MT64x32x32_MI16x16x4x1_SN_1LDSB1_APM1_ABV0_ACED0_AF0EM2_AF1EM2_AMAS3_ASE_ASGT_ASLT_ASM_ASAE01_ASCE01_ASEM2_AAC0_BL1_BS1_CLR0_DTLA0_DTLB0_DTVA0_DTVB0_DVO0_ETSP_EPS1_ELFLR0_EMLL0_FSSC10_FL0_GLVWA2_GLVWB2_GRCGA1_GRCGB1_GRPM1_GRVW2_GSU1_GSUASB_GLS0_ISA942_IU1_K1_KLA_LBSPPA0_LBSPPB256_LPA0_LPB4_LDL1_LRVW2_LWPMn1_LDW0_FMA_MIAV1_MDA2_MO40_MMFSC_MKFGSU256_NTA0_NTB0_NTC3_NTD3_NEPBS0_NLCA1_NLCB1_ONLL1_OPLV0_PK0_PAP0_PGR2_PLR9_PKA0_SIA3_SLW1_SS1_SU0_SUM0_SUS0_SCIUI1_SPO1_SRVW0_SSO6_SVW2_SNLL0_TSGRA0_TSGRB0_TT2_16_TLDS1_UMLDSA0_UMLDSB1_U64SL1_USFGROn1_VAW1_VSn1_VW2_VWB1_VFLRP0_WSGRA0_WSGRB0_WS64_WG32_8_1_WGM6",29107,6448491146675750,6448491146679515,0,25600,256,1,1,1536,12,1
"KERNEL_DISPATCH",1,1,234879,1678,68,"void rocsolver::v32802::getf2_npvt_small_kernel<16, double, int, int, double*>(int, double*, long, int, long, int*, int, int)",29110,6448491146689972,6448491146698985,0,136,384,1,1,384,1,1
"KERNEL_DISPATCH",1,1,234879,1679,185,"void rocsolver::v32802::unit_forward_substitution_kernel<double, int, double*>(int, int, double*, int, int, long, long, double*, int, int, long, long)",29115,6448491146705407,6448491146714862,0,512,16,64,1,16,384,1
"KERNEL_DISPATCH",1,1,234879,1680,820,"Cijk_Ailk_Bljk_DB_MT128x64x16_MI16x16x4x1_SN_1LDSB1_APM1_ABV0_ACED0_AF0EM2_AF1EM2_AMAS3_ASE_ASGT_ASLT_ASM_ASAE01_ASCE01_ASEM2_AAC0_BL1_BS1_CLR0_DTLA0_DTLB0_DTVA1_DTVB0_DVO0_ETSP_EPS1_ELFLR0_EMLL0_FSSC10_FL0_GLVWA2_GLVWB2_GRCGA1_GRCGB1_GRPM1_GRVW2_GSU1_GSUASB_GLS0_ISA942_IU1_K1_KLA_LBSPPA0_LBSPPB0_LPA0_LPB2_LDL1_LRVW1_LWPMn1_LDW0_FMA_MIAV1_MDA2_MO40_MMFSC_MKFGSU256_NTA0_NTB0_NTC3_NTD3_NEPBS4_NLCA1_NLCB1_ONLL1_OPLV0_PK0_PAP0_PGR2_PLR1_PKA0_SIA3_SLW1_SS1_SU0_SUM0_SUS0_SCIUI1_SPO1_SRVW0_SSO6_SVW2_SNLL0_TSGRA0_TSGRB0_TT2_64_TLDS0_UMLDSA0_UMLDSB0_U64SL1_USFGROn1_VAW1_VSn1_VW2_VWB1_VFLRP0_WSGRA0_WSGRB0_WS64_WG64_4_1_WGM12",29118,6448491146725346,6448491146734520,0,8448,256,1,1,768,6,1
"KERNEL_DISPATCH",1,1,234879,1681,68,"void rocsolver::v32802::getf2_npvt_small_kernel<16, double, int, int, double*>(int, double*, long, int, long, int*, int, int)",29121,6448491146737805,6448491146746939,0,136,368,1,1,368,1,1
"KERNEL_DISPATCH",1,1,234879,1682,185,"void rocsolver::v32802::unit_forward_substitution_kernel<double, int, double*>(int, int, double*, int, int, long, long, double*, int, int, long, long)",29126,6448491146749395,6448491146758769,0,512,16,64,1,16,384,1
"KERNEL_DISPATCH",1,1,234879,1683,820,"Cijk_Ailk_Bljk_DB_MT128x64x16_MI16x16x4x1_SN_1LDSB1_APM1_ABV0_ACED0_AF0EM2_AF1EM2_AMAS3_ASE_ASGT_ASLT_ASM_ASAE01_ASCE01_ASEM2_AAC0_BL1_BS1_CLR0_DTLA0_DTLB0_DTVA1_DTVB0_DVO0_ETSP_EPS1_ELFLR0_EMLL0_FSSC10_FL0_GLVWA2_GLVWB2_GRCGA1_GRCGB1_GRPM1_GRVW2_GSU1_GSUASB_GLS0_ISA942_IU1_K1_KLA_LBSPPA0_LBSPPB0_LPA0_LPB2_LDL1_LRVW1_LWPMn1_LDW0_FMA_MIAV1_MDA2_MO40_MMFSC_MKFGSU256_NTA0_NTB0_NTC3_NTD3_NEPBS4_NLCA1_NLCB1_ONLL1_OPLV0_PK0_PAP0_PGR2_PLR1_PKA0_SIA3_SLW1_SS1_SU0_SUM0_SUS0_SCIUI1_SPO1_SRVW0_SSO6_SVW2_SNLL0_TSGRA0_TSGRB0_TT2_64_TLDS0_UMLDSA0_UMLDSB0_U64SL1_USFGROn1_VAW1_VSn1_VW2_VWB1_VFLRP0_WSGRA0_WSGRB0_WS64_WG64_4_1_WGM12",29129,6448491146773820,6448491146780951,0,8448,256,1,1,768,6,1
"KERNEL_DISPATCH",1,1,234879,1684,68,"void rocsolver::v32802::getf2_npvt_small_kernel<16, double, int, int, double*>(int, double*, long, int, long, int*, int, int)",29132,6448491146783675,6448491146793010,0,136,352,1,1,352,1,1
"KERNEL_DISPATCH",1,1,234879,1685,185,"void rocsolver::v32802::unit_forward_substitution_kernel<double, int, double*>(int, int, double*, int, int, long, long, double*, int, int, long, long)",29137,6448491146794444,6448491146804179,0,512,16,64,1,16,384,1
"KERNEL_DISPATCH",1,1,234879,1686,820,"Cijk_Ailk_Bljk_DB_MT128x64x16_MI16x16x4x1_SN_1LDSB1_APM1_ABV0_ACED0_AF0EM2_AF1EM2_AMAS3_ASE_ASGT_ASLT_ASM_ASAE01_ASCE01_ASEM2_AAC0_BL1_BS1_CLR0_DTLA0_DTLB0_DTVA1_DTVB0_DVO0_ETSP_EPS1_ELFLR0_EMLL0_FSSC10_FL0_GLVWA2_GLVWB2_GRCGA1_GRCGB1_GRPM1_GRVW2_GSU1_GSUASB_GLS0_ISA942_IU1_K1_KLA_LBSPPA0_LBSPPB0_LPA0_LPB2_LDL1_LRVW1_LWPMn1_LDW0_FMA_MIAV1_MDA2_MO40_MMFSC_MKFGSU256_NTA0_NTB0_NTC3_NTD3_NEPBS4_NLCA1_NLCB1_ONLL1_OPLV0_PK0_PAP0_PGR2_PLR1_PKA0_SIA3_SLW1_SS1_SU0_SUM0_SUS0_SCIUI1_SPO1_SRVW0_SSO6_SVW2_SNLL0_TSGRA0_TSGRB0_TT2_64_TLDS0_UMLDSA0_UMLDSB0_U64SL1_USFGROn1_VAW1_VSn1_VW2_VWB1_VFLRP0_WSGRA0_WSGRB0_WS64_WG64_4_1_WGM12",29140,6448491146816245,6448491146822254,0,8448,256,1,1,768,6,1
"KERNEL_DISPATCH",1,1,234879,1687,68,"void rocsolver::v32802::getf2_npvt_small_kernel<16, double, int, int, double*>(int, double*, long, int, long, int*, int, int)",29143,6448491146826623,6448491146835757,0,136,336,1,1,336,1,1
"KERNEL_DISPATCH",1,1,234879,1688,185,"void rocsolver::v32802::unit_forward_substitution_kernel<double, int, double*>(int, int, double*, int, int, long, long, double*, int, int, long, long)",29148,6448491146839321,6448491146849416,0,512,16,64,1,16,320,1
"KERNEL_DISPATCH",1,1,234879,1689,820,"Cijk_Ailk_Bljk_DB_MT128x64x16_MI16x16x4x1_SN_1LDSB1_APM1_ABV0_ACED0_AF0EM2_AF1EM2_AMAS3_ASE_ASGT_ASLT_ASM_ASAE01_ASCE01_ASEM2_AAC0_BL1_BS1_CLR0_DTLA0_DTLB0_DTVA1_DTVB0_DVO0_ETSP_EPS1_ELFLR0_EMLL0_FSSC10_FL0_GLVWA2_GLVWB2_GRCGA1_GRCGB1_GRPM1_GRVW2_GSU1_GSUASB_GLS0_ISA942_IU1_K1_KLA_LBSPPA0_LBSPPB0_LPA0_LPB2_LDL1_LRVW1_LWPMn1_LDW0_FMA_MIAV1_MDA2_MO40_MMFSC_MKFGSU256_NTA0_NTB0_NTC3_NTD3_NEPBS4_NLCA1_NLCB1_ONLL1_OPLV0_PK0_PAP0_PGR2_PLR1_PKA0_SIA3_SLW1_SS1_SU0_SUM0_SUS0_SCIUI1_SPO1_SRVW0_SSO6_SVW2_SNLL0_TSGRA0_TSGRB0_TT2_64_TLDS0_UMLDSA0_UMLDSB0_U64SL1_USFGROn1_VAW1_VSn1_VW2_VWB1_VFLRP0_WSGRA0_WSGRB0_WS64_WG64_4_1_WGM12",29151,6448491146860433,6448491146866602,0,8448,256,1,1,768,5,1
"KERNEL_DISPATCH",1,1,234879,1690,68,"void rocsolver::v32802::getf2_npvt_small_kernel<16, double, int, int, double*>(int, double*, long, int, long, int*, int, int)",29154,6448491146872812,6448491146881265,0,136,320,1,1,320,1,1
"KERNEL_DISPATCH",1,1,234879,1691,185,"void rocsolver::v32802::unit_forward_substitution_kernel<double, int, double*>(int, int, double*, int, int, long, long, double*, int, int, long, long)",29159,6448491146891280,6448491146900775,0,512,16,64,1,16,320,1
"KERNEL_DISPATCH",1,1,234879,1692,820,"Cijk_Ailk_Bljk_DB_MT128x64x16_MI16x16x4x1_SN_1LDSB1_APM1_ABV0_ACED0_AF0EM2_AF1EM2_AMAS3_ASE_ASGT_ASLT_ASM_ASAE01_ASCE01_ASEM2_AAC0_BL1_BS1_CLR0_DTLA0_DTLB0_DTVA1_DTVB0_DVO0_ETSP_EPS1_ELFLR0_EMLL0_FSSC10_FL0_GLVWA2_GLVWB2_GRCGA1_GRCGB1_GRPM1_GRVW2_GSU1_GSUASB_GLS0_ISA942_IU1_K1_KLA_LBSPPA0_LBSPPB0_LPA0_LPB2_LDL1_LRVW1_LWPMn1_LDW0_FMA_MIAV1_MDA2_MO40_MMFSC_MKFGSU256_NTA0_NTB0_NTC3_NTD3_NEPBS4_NLCA1_NLCB1_ONLL1_OPLV0_PK0_PAP0_PGR2_PLR1_PKA0_SIA3_SLW1_SS1_SU0_SUM0_SUS0_SCIUI1_SPO1_SRVW0_SSO6_SVW2_SNLL0_TSGRA0_TSGRB0_TT2_64_TLDS0_UMLDSA0_UMLDSB0_U64SL1_USFGROn1_VAW1_VSn1_VW2_VWB1_VFLRP0_WSGRA0_WSGRB0_WS64_WG64_4_1_WGM12",29162,6448491146907866,6448491146914356,0,8448,256,1,1,768,5,1
"KERNEL_DISPATCH",1,1,234879,1693,68,"void rocsolver::v32802::getf2_npvt_small_kernel<16, double, int, int, double*>(int, double*, long, int, long, int*, int, int)",29165,6448491146921527,6448491146930941,0,136,304,1,1,304,1,1
"KERNEL_DISPATCH",1,1,234879,1694,185,"void rocsolver::v32802::unit_forward_substitution_kernel<double, int, double*>(int, int, double*, int, int, long, long, double*, int, int, long, long)",29170,6448491146932944,6448491146941597,0,512,16,64,1,16,320,1
"KERNEL_DISPATCH",1,1,234879,1695,820,"Cijk_Ailk_Bljk_DB_MT128x64x16_MI16x16x4x1_SN_1LDSB1_APM1_ABV0_ACED0_AF0EM2_AF1EM2_AMAS3_ASE_ASGT_ASLT_ASM_ASAE01_ASCE01_ASEM2_AAC0_BL1_BS1_CLR0_DTLA0_DTLB0_DTVA1_DTVB0_DVO0_ETSP_EPS1_ELFLR0_EMLL0_FSSC10_FL0_GLVWA2_GLVWB2_GRCGA1_GRCGB1_GRPM1_GRVW2_GSU1_GSUASB_GLS0_ISA942_IU1_K1_KLA_LBSPPA0_LBSPPB0_LPA0_LPB2_LDL1_LRVW1_LWPMn1_LDW0_FMA_MIAV1_MDA2_MO40_MMFSC_MKFGSU256_NTA0_NTB0_NTC3_NTD3_NEPBS4_NLCA1_NLCB1_ONLL1_OPLV0_PK0_PAP0_PGR2_PLR1_PKA0_SIA3_SLW1_SS1_SU0_SUM0_SUS0_SCIUI1_SPO1_SRVW0_SSO6_SVW2_SNLL0_TSGRA0_TSGRB0_TT2_64_TLDS0_UMLDSA0_UMLDSB0_U64SL1_USFGROn1_VAW1_VSn1_VW2_VWB1_VFLRP0_WSGRA0_WSGRB0_WS64_WG64_4_1_WGM12",29173,6448491146953456,6448491146959986,0,8448,256,1,1,768,5,1
"KERNEL_DISPATCH",1,1,234879,1696,68,"void rocsolver::v32802::getf2_npvt_small_kernel<16, double, int, int, double*>(int, double*, long, int, long, int*, int, int)",29176,6448491146965507,6448491146974440,0,136,288,1,1,288,1,1
"KERNEL_DISPATCH",1,1,234879,1697,185,"void rocsolver::v32802::unit_forward_substitution_kernel<double, int, double*>(int, int, double*, int, int, long, long, double*, int, int, long, long)",29181,6448491146982340,6448491146991834,0,512,16,64,1,16,320,1
"KERNEL_DISPATCH",1,1,234879,1698,773,"Cijk_Ailk_Bljk_DB_MT64x64x16_MI16x16x4x1_SN_1LDSB1_APM1_ABV0_ACED0_AF0EM2_AF1EM2_AMAS3_ASE_ASGT_ASLT_ASM_ASAE01_ASCE01_ASEM2_AAC0_BL1_BS1_CLR0_DTLA0_DTLB0_DTVA0_DTVB0_DVO0_ETSP_EPS1_ELFLR0_EMLL0_FSSC10_FL0_GLVWA2_GLVWB2_GRCGA1_GRCGB1_GRPM1_GRVW2_GSU1_GSUASB_GLS0_ISA942_IU1_K1_KLA_LBSPPA0_LBSPPB128_LPA0_LPB2_LDL1_LRVW1_LWPMn1_LDW0_FMA_MIAV1_MDA2_MO40_MMFSC_MKFGSU256_NTA0_NTB0_NTC3_NTD3_NEPBS4_NLCA1_NLCB1_ONLL1_OPLV0_PK0_PAP0_PGR2_PLR5_PKA0_SIA3_SLW1_SS1_SU0_SUM0_SUS0_SCIUI1_SPO1_SRVW0_SSO6_SVW2_SNLL0_TSGRA0_TSGRB0_TT2_32_TLDS1_UMLDSA0_UMLDSB1_U64SL1_USFGROn1_VAW1_VSn1_VW2_VWB1_VFLRP0_WSGRA0_WSGRB0_WS64_WG32_8_1_WGM6",29184,6448491146999927,6448491147005776,0,17408,256,1,1,1280,5,1
"KERNEL_DISPATCH",1,1,234879,1699,68,"void rocsolver::v32802::getf2_npvt_small_kernel<16, double, int, int, double*>(int, double*, long, int, long, int*, int, int)",29187,6448491147019437,6448491147028651,0,136,272,1,1,272,1,1
"KERNEL_DISPATCH",1,1,234879,1700,185,"void rocsolver::v32802::unit_forward_substitution_kernel<double, int, double*>(int, int, double*, int, int, long, long, double*, int, int, long, long)",29192,6448491147032657,6448491147042632,0,512,16,64,1,16,256,1
"KERNEL_DISPATCH",1,1,234879,1701,773,"Cijk_Ailk_Bljk_DB_MT64x64x16_MI16x16x4x1_SN_1LDSB1_APM1_ABV0_ACED0_AF0EM2_AF1EM2_AMAS3_ASE_ASGT_ASLT_ASM_ASAE01_ASCE01_ASEM2_AAC0_BL1_BS1_CLR0_DTLA0_DTLB0_DTVA0_DTVB0_DVO0_ETSP_EPS1_ELFLR0_EMLL0_FSSC10_FL0_GLVWA2_GLVWB2_GRCGA1_GRCGB1_GRPM1_GRVW2_GSU1_GSUASB_GLS0_ISA942_IU1_K1_KLA_LBSPPA0_LBSPPB128_LPA0_LPB2_LDL1_LRVW1_LWPMn1_LDW0_FMA_MIAV1_MDA2_MO40_MMFSC_MKFGSU256_NTA0_NTB0_NTC3_NTD3_NEPBS4_NLCA1_NLCB1_ONLL1_OPLV0_PK0_PAP0_PGR2_PLR5_PKA0_SIA3_SLW1_SS1_SU0_SUM0_SUS0_SCIUI1_SPO1_SRVW0_SSO6_SVW2_SNLL0_TSGRA0_TSGRB0_TT2_32_TLDS1_UMLDSA0_UMLDSB1_U64SL1_USFGROn1_VAW1_VSn1_VW2_VWB1_VFLRP0_WSGRA0_WSGRB0_WS64_WG32_8_1_WGM6",29195,6448491147051165,6448491147055572,0,17408,256,1,1,1024,4,1
"KERNEL_DISPATCH",1,1,234879,1702,68,"void rocsolver::v32802::getf2_npvt_small_kernel<16, double, int, int, double*>(int, double*, long, int, long, int*, int, int)",29198,6448491147063544,6448491147071557,0,136,256,1,1,256,1,1
"KERNEL_DISPATCH",1,1,234879,1703,185,"void rocsolver::v32802::unit_forward_substitution_kernel<double, int, double*>(int, int, double*, int, int, long, long, double*, int, int, long, long)",29203,6448491147093711,6448491147102444,0,512,16,64,1,16,256,1
"KERNEL_DISPATCH",1,1,234879,1704,773,"Cijk_Ailk_Bljk_DB_MT64x64x16_MI16x16x4x1_SN_1LDSB1_APM1_ABV0_ACED0_AF0EM2_AF1EM2_AMAS3_ASE_ASGT_ASLT_ASM_ASAE01_ASCE01_ASEM2_AAC0_BL1_BS1_CLR0_DTLA0_DTLB0_DTVA0_DTVB0_DVO0_ETSP_EPS1_ELFLR0_EMLL0_FSSC10_FL0_GLVWA2_GLVWB2_GRCGA1_GRCGB1_GRPM1_GRVW2_GSU1_GSUASB_GLS0_ISA942_IU1_K1_KLA_LBSPPA0_LBSPPB128_LPA0_LPB2_LDL1_LRVW1_LWPMn1_LDW0_FMA_MIAV1_MDA2_MO40_MMFSC_MKFGSU256_NTA0_NTB0_NTC3_NTD3_NEPBS4_NLCA1_NLCB1_ONLL1_OPLV0_PK0_PAP0_PGR2_PLR5_PKA0_SIA3_SLW1_SS1_SU0_SUM0_SUS0_SCIUI1_SPO1_SRVW0_SSO6_SVW2_SNLL0_TSGRA0_TSGRB0_TT2_32_TLDS1_UMLDSA0_UMLDSB1_U64SL1_USFGROn1_VAW1_VSn1_VW2_VWB1_VFLRP0_WSGRA0_WSGRB0_WS64_WG32_8_1_WGM6",29206,6448491147107492,6448491147112499,0,17408,256,1,1,1024,4,1
"KERNEL_DISPATCH",1,1,234879,1705,68,"void rocsolver::v32802::getf2_npvt_small_kernel<16, double, int, int, double*>(int, double*, long, int, long, int*, int, int)",29209,6448491147116265,6448491147124638,0,136,240,1,1,240,1,1
"KERNEL_DISPATCH",1,1,234879,1706,185,"void rocsolver::v32802::unit_forward_substitution_kernel<double, int, double*>(int, int, double*, int, int, long, long, double*, int, int, long, long)",29214,6448491147132650,6448491147141784,0,512,16,64,1,16,256,1
"KERNEL_DISPATCH",1,1,234879,1707,773,"Cijk_Ailk_Bljk_DB_MT64x64x16_MI16x16x4x1_SN_1LDSB1_APM1_ABV0_ACED0_AF0EM2_AF1EM2_AMAS3_ASE_ASGT_ASLT_ASM_ASAE01_ASCE01_ASEM2_AAC0_BL1_BS1_CLR0_DTLA0_DTLB0_DTVA0_DTVB0_DVO0_ETSP_EPS1_ELFLR0_EMLL0_FSSC10_FL0_GLVWA2_GLVWB2_GRCGA1_GRCGB1_GRPM1_GRVW2_GSU1_GSUASB_GLS0_ISA942_IU1_K1_KLA_LBSPPA0_LBSPPB128_LPA0_LPB2_LDL1_LRVW1_LWPMn1_LDW0_FMA_MIAV1_MDA2_MO40_MMFSC_MKFGSU256_NTA0_NTB0_NTC3_NTD3_NEPBS4_NLCA1_NLCB1_ONLL1_OPLV0_PK0_PAP0_PGR2_PLR5_PKA0_SIA3_SLW1_SS1_SU0_SUM0_SUS0_SCIUI1_SPO1_SRVW0_SSO6_SVW2_SNLL0_TSGRA0_TSGRB0_TT2_32_TLDS1_UMLDSA0_UMLDSB1_U64SL1_USFGROn1_VAW1_VSn1_VW2_VWB1_VFLRP0_WSGRA0_WSGRB0_WS64_WG32_8_1_WGM6",29217,6448491147148757,6448491147153805,0,17408,256,1,1,1024,4,1
"KERNEL_DISPATCH",1,1,234879,1708,68,"void rocsolver::v32802::getf2_npvt_small_kernel<16, double, int, int, double*>(int, double*, long, int, long, int*, int, int)",29220,6448491147161735,6448491147170068,0,136,224,1,1,224,1,1
"KERNEL_DISPATCH",1,1,234879,1709,185,"void rocsolver::v32802::unit_forward_substitution_kernel<double, int, double*>(int, int, double*, int, int, long, long, double*, int, int, long, long)",29225,6448491147176117,6448491147186212,0,512,16,64,1,16,256,1
"KERNEL_DISPATCH",1,1,234879,1711,68,"void rocsolver::v32802::getf2_npvt_small_kernel<16, double, int, int, double*>(int, double*, long, int, long, int*, int, int)",29231,6448491147201115,6448491147209769,0,136,208,1,1,208,1,1
"KERNEL_DISPATCH",1,1,234879,1710,773,"Cijk_Ailk_Bljk_DB_MT64x64x16_MI16x16x4x1_SN_1LDSB1_APM1_ABV0_ACED0_AF0EM2_AF1EM2_AMAS3_ASE_ASGT_ASLT_ASM_ASAE01_ASCE01_ASEM2_AAC0_BL1_BS1_CLR0_DTLA0_DTLB0_DTVA0_DTVB0_DVO0_ETSP_EPS1_ELFLR0_EMLL0_FSSC10_FL0_GLVWA2_GLVWB2_GRCGA1_GRCGB1_GRPM1_GRVW2_GSU1_GSUASB_GLS0_ISA942_IU1_K1_KLA_LBSPPA0_LBSPPB128_LPA0_LPB2_LDL1_LRVW1_LWPMn1_LDW0_FMA_MIAV1_MDA2_MO40_MMFSC_MKFGSU256_NTA0_NTB0_NTC3_NTD3_NEPBS4_NLCA1_NLCB1_ONLL1_OPLV0_PK0_PAP0_PGR2_PLR5_PKA0_SIA3_SLW1_SS1_SU0_SUM0_SUS0_SCIUI1_SPO1_SRVW0_SSO6_SVW2_SNLL0_TSGRA0_TSGRB0_TT2_32_TLDS1_UMLDSA0_UMLDSB1_U64SL1_USFGROn1_VAW1_VSn1_VW2_VWB1_VFLRP0_WSGRA0_WSGRB0_WS64_WG32_8_1_WGM6",29228,6448491147194145,6448491147198231,0,17408,256,1,1,1024,4,1
"KERNEL_DISPATCH",1,1,234879,1712,185,"void rocsolver::v32802::unit_forward_substitution_kernel<double, int, double*>(int, int, double*, int, int, long, long, double*, int, int, long, long)",29236,6448491147215818,6448491147225513,0,512,16,64,1,16,192,1
"KERNEL_DISPATCH",1,1,234879,1713,773,"Cijk_Ailk_Bljk_DB_MT64x64x16_MI16x16x4x1_SN_1LDSB1_APM1_ABV0_ACED0_AF0EM2_AF1EM2_AMAS3_ASE_ASGT_ASLT_ASM_ASAE01_ASCE01_ASEM2_AAC0_BL1_BS1_CLR0_DTLA0_DTLB0_DTVA0_DTVB0_DVO0_ETSP_EPS1_ELFLR0_EMLL0_FSSC10_FL0_GLVWA2_GLVWB2_GRCGA1_GRCGB1_GRPM1_GRVW2_GSU1_GSUASB_GLS0_ISA942_IU1_K1_KLA_LBSPPA0_LBSPPB128_LPA0_LPB2_LDL1_LRVW1_LWPMn1_LDW0_FMA_MIAV1_MDA2_MO40_MMFSC_MKFGSU256_NTA0_NTB0_NTC3_NTD3_NEPBS4_NLCA1_NLCB1_ONLL1_OPLV0_PK0_PAP0_PGR2_PLR5_PKA0_SIA3_SLW1_SS1_SU0_SUM0_SUS0_SCIUI1_SPO1_SRVW0_SSO6_SVW2_SNLL0_TSGRA0_TSGRB0_TT2_32_TLDS1_UMLDSA0_UMLDSB1_U64SL1_USFGROn1_VAW1_VSn1_VW2_VWB1_VFLRP0_WSGRA0_WSGRB0_WS64_WG32_8_1_WGM6",29239,6448491147234486,6448491147238973,0,17408,256,1,1,768,3,1
"KERNEL_DISPATCH",1,1,234879,1714,68,"void rocsolver::v32802::getf2_npvt_small_kernel<16, double, int, int, double*>(int, double*, long, int, long, int*, int, int)",29242,6448491147248628,6448491147256480,0,136,192,1,1,192,1,1
"KERNEL_DISPATCH",1,1,234879,1715,185,"void rocsolver::v32802::unit_forward_substitution_kernel<double, int, double*>(int, int, double*, int, int, long, long, double*, int, int, long, long)",29247,6448491147264693,6448491147273546,0,512,16,64,1,16,192,1
"KERNEL_DISPATCH",1,1,234879,1716,977,"Cijk_Ailk_Bljk_DB_MT128x64x16_MI16x16x4x1_SN_1LDSB1_APM1_ABV0_ACED0_AF0EM2_AF1EM2_AMAS3_ASE_ASGT_ASLT_ASM_ASAE01_ASCE01_ASEM2_AAC0_BL1_BS1_CLR0_DTLA0_DTLB0_DTVA1_DTVB0_DVO0_ETSP_EPS1_ELFLR0_EMLL0_FSSC10_FL0_GLVWA2_GLVWB2_GRCGA1_GRCGB1_GRPM1_GRVW2_GSU1_GSUASB_GLS0_ISA942_IU1_K1_KLA_LBSPPA0_LBSPPB0_LPA0_LPB2_LDL1_LRVW1_LWPMn1_LDW0_FMA_MIAV1_MDA2_MO40_MMFSC_MKFGSU256_NTA0_NTB0_NTC3_NTD3_NEPBS4_NLCA1_NLCB1_ONLL1_OPLV0_PK0_PAP0_PGR2_PLR5_PKA0_SIA3_SLW1_SS1_SU0_SUM0_SUS0_SCIUI1_SPO1_SRVW0_SSO6_SVW2_SNLL0_TSGRA0_TSGRB0_TT2_64_TLDS0_UMLDSA0_UMLDSB0_U64SL1_USFGROn1_VAW1_VSn1_VW2_VWB1_VFLRP0_WSGRA0_WSGRB0_WS64_WG64_4_1_WGM6",29250,6448491147285244,6448491147295380,0,8448,256,1,1,512,3,1
"KERNEL_DISPATCH",1,1,234879,1717,68,"void rocsolver::v32802::getf2_npvt_small_kernel<16, double, int, int, double*>(int, double*, long, int, long, int*, int, int)",29253,6448491147297062,6448491147306397,0,136,176,1,1,176,1,1
"KERNEL_DISPATCH",1,1,234879,1718,185,"void rocsolver::v32802::unit_forward_substitution_kernel<double, int, double*>(int, int, double*, int, int, long, long, double*, int, int, long, long)",29258,6448491147307601,6448491147316615,0,512,16,64,1,16,192,1
"KERNEL_DISPATCH",1,1,234879,1719,977,"Cijk_Ailk_Bljk_DB_MT128x64x16_MI16x16x4x1_SN_1LDSB1_APM1_ABV0_ACED0_AF0EM2_AF1EM2_AMAS3_ASE_ASGT_ASLT_ASM_ASAE01_ASCE01_ASEM2_AAC0_BL1_BS1_CLR0_DTLA0_DTLB0_DTVA1_DTVB0_DVO0_ETSP_EPS1_ELFLR0_EMLL0_FSSC10_FL0_GLVWA2_GLVWB2_GRCGA1_GRCGB1_GRPM1_GRVW2_GSU1_GSUASB_GLS0_ISA942_IU1_K1_KLA_LBSPPA0_LBSPPB0_LPA0_LPB2_LDL1_LRVW1_LWPMn1_LDW0_FMA_MIAV1_MDA2_MO40_MMFSC_MKFGSU256_NTA0_NTB0_NTC3_NTD3_NEPBS4_NLCA1_NLCB1_ONLL1_OPLV0_PK0_PAP0_PGR2_PLR5_PKA0_SIA3_SLW1_SS1_SU0_SUM0_SUS0_SCIUI1_SPO1_SRVW0_SSO6_SVW2_SNLL0_TSGRA0_TSGRB0_TT2_64_TLDS0_UMLDSA0_UMLDSB0_U64SL1_USFGROn1_VAW1_VSn1_VW2_VWB1_VFLRP0_WSGRA0_WSGRB0_WS64_WG64_4_1_WGM6",29261,6448491147329712,6448491147336403,0,8448,256,1,1,512,3,1
"KERNEL_DISPATCH",1,1,234879,1720,68,"void rocsolver::v32802::getf2_npvt_small_kernel<16, double, int, int, double*>(int, double*, long, int, long, int*, int, int)",29264,6448491147338148,6448491147346881,0,136,160,1,1,160,1,1
"KERNEL_DISPATCH",1,1,234879,1721,185,"void rocsolver::v32802::unit_forward_substitution_kernel<double, int, double*>(int, int, double*, int, int, long, long, double*, int, int, long, long)",29269,6448491147351065,6448491147361161,0,512,16,64,1,16,192,1
"KERNEL_DISPATCH",1,1,234879,1722,817,"Cijk_Ailk_Bljk_DB_MT128x64x16_MI16x16x4x1_SN_1LDSB1_APM1_ABV0_ACED0_AF0EM2_AF1EM2_AMAS3_ASE_ASGT_ASLT_ASM_ASAE01_ASCE01_ASEM2_AAC0_BL1_BS1_CLR0_DTLA0_DTLB0_DTVA0_DTVB0_DVO0_ETSP_EPS1_ELFLR0_EMLL0_FSSC10_FL0_GLVWA2_GLVWB2_GRCGA1_GRCGB1_GRPM1_GRVW2_GSU1_GSUASB_GLS0_ISA942_IU1_K1_KLA_LBSPPA0_LBSPPB0_LPA0_LPB2_LDL1_LRVW1_LWPMn1_LDW0_FMA_MIAV1_MDA2_MO40_MMFSC_MKFGSU256_NTA0_NTB0_NTC3_NTD3_NEPBS0_NLCA1_NLCB1_ONLL1_OPLV0_PK0_PAP0_PGR2_PLR5_PKA0_SIA3_SLW1_SS1_SU0_SUM0_SUS0_SCIUI1_SPO1_SRVW0_SSO6_SVW2_SNLL0_TSGRA0_TSGRB0_TT2_64_TLDS0_UMLDSA0_UMLDSB0_U64SL1_USFGROn1_VAW1_VSn1_VW2_VWB1_VFLRP0_WSGRA0_WSGRB0_WS64_WG64_4_1_WGM6",29272,6448491147370507,6448491147379601,0,24832,256,1,1,512,3,1
"KERNEL_DISPATCH",1,1,234879,1723,68,"void rocsolver::v32802::getf2_npvt_small_kernel<16, double, int, int, double*>(int, double*, long, int, long, int*, int, int)",29275,6448491147382145,6448491147390037,0,136,144,1,1,144,1,1
"KERNEL_DISPATCH",1,1,234879,1724,185,"void rocsolver::v32802::unit_forward_substitution_kernel<double, int, double*>(int, int, double*, int, int, long, long, double*, int, int, long, long)",29280,6448491147404187,6448491147413601,0,512,16,64,1,16,128,1
"KERNEL_DISPATCH",1,1,234879,1725,817,"Cijk_Ailk_Bljk_DB_MT128x64x16_MI16x16x4x1_SN_1LDSB1_APM1_ABV0_ACED0_AF0EM2_AF1EM2_AMAS3_ASE_ASGT_ASLT_ASM_ASAE01_ASCE01_ASEM2_AAC0_BL1_BS1_CLR0_DTLA0_DTLB0_DTVA0_DTVB0_DVO0_ETSP_EPS1_ELFLR0_EMLL0_FSSC10_FL0_GLVWA2_GLVWB2_GRCGA1_GRCGB1_GRPM1_GRVW2_GSU1_GSUASB_GLS0_ISA942_IU1_K1_KLA_LBSPPA0_LBSPPB0_LPA0_LPB2_LDL1_LRVW1_LWPMn1_LDW0_FMA_MIAV1_MDA2_MO40_MMFSC_MKFGSU256_NTA0_NTB0_NTC3_NTD3_NEPBS0_NLCA1_NLCB1_ONLL1_OPLV0_PK0_PAP0_PGR2_PLR5_PKA0_SIA3_SLW1_SS1_SU0_SUM0_SUS0_SCIUI1_SPO1_SRVW0_SSO6_SVW2_SNLL0_TSGRA0_TSGRB0_TT2_64_TLDS0_UMLDSA0_UMLDSB0_U64SL1_USFGROn1_VAW1_VSn1_VW2_VWB1_VFLRP0_WSGRA0_WSGRB0_WS64_WG64_4_1_WGM6",29283,6448491147421373,6448491147426982,0,24832,256,1,1,256,2,1
"KERNEL_DISPATCH",1,1,234879,1726,68,"void rocsolver::v32802::getf2_npvt_small_kernel<16, double, int, int, double*>(int, double*, long, int, long, int*, int, int)",29286,6448491147434273,6448491147441284,0,136,128,1,1,128,1,1
"KERNEL_DISPATCH",1,1,234879,1727,185,"void rocsolver::v32802::unit_forward_substitution_kernel<double, int, double*>(int, int, double*, int, int, long, long, double*, int, int, long, long)",29291,6448491147448575,6448491147457589,0,512,16,64,1,16,128,1
"KERNEL_DISPATCH",1,1,234879,1728,1178,"Cijk_Ailk_Bljk_DB_MT128x64x16_MI16x16x4x1_SN_1LDSB1_APM1_ABV0_ACED0_AF0EM2_AF1EM2_AMAS3_ASE_ASGT_ASLT_ASM_ASAE01_ASCE01_ASEM2_AAC0_BL1_BS1_CLR0_DTLA0_DTLB0_DTVA0_DTVB0_DVO0_ETSP_EPS1_ELFLR0_EMLL0_FSSC10_FL0_GLVWA2_GLVWB2_GRCGA1_GRCGB1_GRPM1_GRVW2_GSU1_GSUASB_GLS0_ISA942_IU1_K1_KLA_LBSPPA0_LBSPPB0_LPA0_LPB2_LDL1_LRVW1_LWPMn1_LDW0_FMA_MIAV1_MDA2_MO40_MMFSC_MKFGSU256_NTA0_NTB0_NTC3_NTD3_NEPBS0_NLCA1_NLCB1_ONLL1_OPLV0_PK0_PAP0_PGR2_PLR1_PKA0_SIA3_SLW1_SS1_SU0_SUM0_SUS0_SCIUI1_SPO1_SRVW0_SSO6_SVW2_SNLL0_TSGRA0_TSGRB0_TT2_64_TLDS0_UMLDSA0_UMLDSB0_U64SL1_USFGROn1_VAW1_VSn1_VW2_VWB1_VFLRP0_WSGRA0_WSGRB0_WS64_WG64_4_1_WGM6",29294,6448491147469887,6448491147478821,0,24832,256,1,1,256,2,1
"KERNEL_DISPATCH",1,1,234879,1729,68,"void rocsolver::v32802::getf2_npvt_small_kernel<16, double, int, int, double*>(int, double*, long, int, long, int*, int, int)",29297,6448491147483909,6448491147491400,0,136,112,1,1,112,1,1
"KERNEL_DISPATCH",1,1,234879,1730,185,"void rocsolver::v32802::unit_forward_substitution_kernel<double, int, double*>(int, int, double*, int, int, long, long, double*, int, int, long, long)",29302,6448491147494327,6448491147503942,0,512,16,64,1,16,128,1
"KERNEL_DISPATCH",1,1,234879,1731,999,"Cijk_Ailk_Bljk_DB_MT128x64x16_MI16x16x4x1_SN_1LDSB1_APM1_ABV0_ACED0_AF0EM2_AF1EM2_AMAS3_ASE_ASGT_ASLT_ASM_ASAE01_ASCE01_ASEM2_AAC0_BL1_BS1_CLR0_DTLA0_DTLB0_DTVA1_DTVB0_DVO0_ETSP_EPS1_ELFLR0_EMLL0_FSSC10_FL0_GLVWA2_GLVWB2_GRCGA1_GRCGB1_GRPM1_GRVW2_GSU1_GSUASB_GLS0_ISA942_IU1_K1_KLA_LBSPPA0_LBSPPB0_LPA0_LPB2_LDL1_LRVW1_LWPMn1_LDW0_FMA_MIAV1_MDA2_MO40_MMFSC_MKFGSU256_NTA0_NTB0_NTC3_NTD3_NEPBS0_NLCA1_NLCB1_ONLL1_OPLV0_PK0_PAP0_PGR2_PLR5_PKA0_SIA3_SLW1_SS1_SU0_SUM0_SUS0_SCIUI1_SPO1_SRVW0_SSO6_SVW2_SNLL0_TSGRA0_TSGRB0_TT2_64_TLDS0_UMLDSA0_UMLDSB0_U64SL1_USFGROn1_VAW1_VSn1_VW2_VWB1_VFLRP0_WSGRA0_WSGRB0_WS64_WG64_4_1_WGM12",29305,6448491147517520,6448491147526174,0,8448,256,1,1,256,2,1
"KERNEL_DISPATCH",1,1,234879,1732,68,"void rocsolver::v32802::getf2_npvt_small_kernel<16, double, int, int, double*>(int, double*, long, int, long, int*, int, int)",29308,6448491147529851,6448491147537663,0,136,96,1,1,96,1,1
"KERNEL_DISPATCH",1,1,234879,1733,185,"void rocsolver::v32802::unit_forward_substitution_kernel<double, int, double*>(int, int, double*, int, int, long, long, double*, int, int, long, long)",29313,6448491147543640,6448491147552454,0,512,16,64,1,16,128,1
"KERNEL_DISPATCH",1,1,234879,1734,759,"Cijk_Ailk_Bljk_DB_MT64x64x16_MI16x16x4x1_SN_1LDSB1_APM1_ABV0_ACED0_AF0EM2_AF1EM2_AMAS3_ASE_ASGT_ASLT_ASM_ASAE01_ASCE01_ASEM2_AAC0_BL1_BS1_CLR0_DTLA0_DTLB0_DTVA0_DTVB0_DVO0_ETSP_EPS1_ELFLR0_EMLL0_FSSC10_FL0_GLVWA2_GLVWB2_GRCGA1_GRCGB1_GRPM1_GRVW2_GSU1_GSUASB_GLS0_ISA942_IU1_K1_KLA_LBSPPA0_LBSPPB0_LPA0_LPB2_LDL1_LRVW1_LWPMn1_LDW0_FMA_MIAV1_MDA2_MO40_MMFSC_MKFGSU256_NTA0_NTB0_NTC3_NTD3_NEPBS4_NLCA1_NLCB1_ONLL1_OPLV0_PK0_PAP0_PGR2_PLR5_PKA0_SIA3_SLW1_SS1_SU0_SUM0_SUS0_SCIUI1_SPO1_SRVW0_SSO6_SVW2_SNLL0_TSGRA0_TSGRB0_TT2_32_TLDS0_UMLDSA0_UMLDSB0_U64SL1_USFGROn1_VAW1_VSn1_VW2_VWB1_VFLRP0_WSGRA0_WSGRB0_WS64_WG32_8_1_WGM6",29316,6448491147575049,6448491147582500,0,16640,256,1,1,512,2,1
"KERNEL_DISPATCH",1,1,234879,1735,68,"void rocsolver::v32802::getf2_npvt_small_kernel<16, double, int, int, double*>(int, double*, long, int, long, int*, int, int)",29319,6448491147590673,6448491147597763,0,136,80,1,1,80,1,1
"KERNEL_DISPATCH",1,1,234879,1736,185,"void rocsolver::v32802::unit_forward_substitution_kernel<double, int, double*>(int, int, double*, int, int, long, long, double*, int, int, long, long)",29324,6448491147605696,6448491147613908,0,512,16,64,1,16,64,1
"KERNEL_DISPATCH",1,1,234879,1737,814,"Cijk_Ailk_Bljk_DB_MT64x64x16_MI16x16x4x1_SN_1LDSB1_APM1_ABV0_ACED0_AF0EM2_AF1EM2_AMAS0_ASE_ASGT_ASLT_ASM_ASAE01_ASCE01_ASEM2_AAC0_BL1_BS1_CLR0_DTLA0_DTLB0_DTVA1_DTVB0_DVO0_ETSP_EPS1_ELFLR0_EMLL0_FSSC10_FL0_GLVWA1_GLVWB1_GRCGA1_GRCGB1_GRPM1_GRVW1_GSU1_GSUASB_GLS0_ISA942_IU1_K1_KLA_LBSPPA0_LBSPPB128_LPA0_LPB4_LDL1_LRVW2_LWPMn1_LDW0_FMA_MIAV1_MDA2_MO40_MMFSC_MKFGSU256_NTA0_NTB0_NTC3_NTD3_NEPBS0_NLCA1_NLCB1_ONLL1_OPLV0_PK0_PAP0_PGR2_PLR5_PKA0_SIA3_SLW1_SS1_SU0_SUM0_SUS0_SCIUI1_SPO1_SRVW0_SSO6_SVW1_SNLL0_TSGRA0_TSGRB0_TT1_64_TLDS1_UMLDSA0_UMLDSB1_U64SL1_USFGROn1_VAW1_VSn1_VW1_VWB1_VFLRP0_WSGRA0_WSGRB0_WS64_WG64_4_1_WGM6",29327,6448491147625806,6448491147632737,0,10240,256,1,1,256,1,1
"KERNEL_DISPATCH",1,1,234879,1738,68,"void rocsolver::v32802::getf2_npvt_small_kernel<16, double, int, int, double*>(int, double*, long, int, long, int*, int, int)",29330,6448491147639700,6448491147646711,0,136,64,1,1,64,1,1
"KERNEL_DISPATCH",1,1,234879,1739,185,"void rocsolver::v32802::unit_forward_substitution_kernel<double, int, double*>(int, int, double*, int, int, long, long, double*, int, int, long, long)",29335,6448491147656114,6448491147665449,0,512,16,64,1,16,64,1
"KERNEL_DISPATCH",1,1,234879,1740,744,"Cijk_Ailk_Bljk_DB_MT64x64x16_MI16x16x4x1_SN_1LDSB1_APM1_ABV0_ACED0_AF0EM2_AF1EM2_AMAS3_ASE_ASGT_ASLT_ASM_ASAE01_ASCE01_ASEM2_AAC0_BL1_BS1_CLR0_DTLA0_DTLB0_DTVA0_DTVB0_DVO0_ETSP_EPS1_ELFLR0_EMLL0_FSSC10_FL0_GLVWA2_GLVWB2_GRCGA1_GRCGB1_GRPM1_GRVW2_GSU1_GSUASB_GLS0_ISA942_IU1_K1_KLA_LBSPPA0_LBSPPB128_LPA0_LPB4_LDL1_LRVW2_LWPMn1_LDW0_FMA_MIAV1_MDA2_MO40_MMFSC_MKFGSU256_NTA0_NTB0_NTC3_NTD3_NEPBS0_NLCA1_NLCB1_ONLL1_OPLV0_PK0_PAP0_PGR2_PLR5_PKA0_SIA3_SLW1_SS1_SU0_SUM0_SUS0_SCIUI1_SPO1_SRVW0_SSO6_SVW2_SNLL0_TSGRA0_TSGRB0_TT2_32_TLDS1_UMLDSA0_UMLDSB1_U64SL1_USFGROn1_VAW1_VSn1_VW2_VWB1_VFLRP0_WSGRA0_WSGRB0_WS64_WG32_8_1_WGM6",29338,6448491147675202,6448491147681091,0,18432,256,1,1,256,1,1
"KERNEL_DISPATCH",1,1,234879,1741,68,"void rocsolver::v32802::getf2_npvt_small_kernel<16, double, int, int, double*>(int, double*, long, int, long, int*, int, int)",29341,6448491147688623,6448491147695914,0,136,48,1,1,48,1,1
"KERNEL_DISPATCH",1,1,234879,1742,185,"void rocsolver::v32802::unit_forward_substitution_kernel<double, int, double*>(int, int, double*, int, int, long, long, double*, int, int, long, long)",29346,6448491147700493,6448491147707985,0,512,16,64,1,16,64,1
"KERNEL_DISPATCH",1,1,234879,1743,754,"Cijk_Ailk_Bljk_DB_MT32x64x32_MI16x16x4x1_SN_1LDSB1_APM1_ABV0_ACED0_AF0EM2_AF1EM2_AMAS3_ASE_ASGT_ASLT_ASM_ASAE01_ASCE01_ASEM2_AAC0_BL1_BS1_CLR0_DTLA0_DTLB0_DTVA0_DTVB0_DVO0_ETSP_EPS1_ELFLR0_EMLL0_FSSC10_FL0_GLVWA2_GLVWB2_GRCGA1_GRCGB1_GRPM1_GRVW2_GSU1_GSUASB_GLS0_ISA942_IU1_K1_KLA_LBSPPA0_LBSPPB256_LPA0_LPB4_LDL1_LRVW2_LWPMn1_LDW0_FMA_MIAV1_MDA2_MO40_MMFSC_MKFGSU256_NTA0_NTB0_NTC3_NTD3_NEPBS0_NLCA1_NLCB1_ONLL1_OPLV0_PK0_PAP0_PGR2_PLR9_PKA0_SIA3_SLW1_SS1_SU0_SUM0_SUS0_SCIUI1_SPO1_SRVW0_SSO6_SVW2_SNLL0_TSGRA0_TSGRB0_TT2_16_TLDS1_UMLDSA0_UMLDSB1_U64SL1_USFGROn1_VAW1_VSn1_VW2_VWB1_VFLRP0_WSGRA0_WSGRB0_WS64_WG16_16_1_WGM6",29349,6448491147728203,6448491147733411,0,26624,256,1,1,256,1,1
"KERNEL_DISPATCH",1,1,234879,1744,68,"void rocsolver::v32802::getf2_npvt_small_kernel<16, double, int, int, double*>(int, double*, long, int, long, int*, int, int)",29352,6448491147738820,6448491147745951,0,136,32,1,1,32,1,1
"KERNEL_DISPATCH",1,1,234879,1745,185,"void rocsolver::v32802::unit_forward_substitution_kernel<double, int, double*>(int, int, double*, int, int, long, long, double*, int, int, long, long)",29357,6448491147753162,6448491147759331,0,512,16,64,1,16,64,1
"KERNEL_DISPATCH",1,1,234879,1746,754,"Cijk_Ailk_Bljk_DB_MT32x64x32_MI16x16x4x1_SN_1LDSB1_APM1_ABV0_ACED0_AF0EM2_AF1EM2_AMAS3_ASE_ASGT_ASLT_ASM_ASAE01_ASCE01_ASEM2_AAC0_BL1_BS1_CLR0_DTLA0_DTLB0_DTVA0_DTVB0_DVO0_ETSP_EPS1_ELFLR0_EMLL0_FSSC10_FL0_GLVWA2_GLVWB2_GRCGA1_GRCGB1_GRPM1_GRVW2_GSU1_GSUASB_GLS0_ISA942_IU1_K1_KLA_LBSPPA0_LBSPPB256_LPA0_LPB4_LDL1_LRVW2_LWPMn1_LDW0_FMA_MIAV1_MDA2_MO40_MMFSC_MKFGSU256_NTA0_NTB0_NTC3_NTD3_NEPBS0_NLCA1_NLCB1_ONLL1_OPLV0_PK0_PAP0_PGR2_PLR9_PKA0_SIA3_SLW1_SS1_SU0_SUM0_SUS0_SCIUI1_SPO1_SRVW0_SSO6_SVW2_SNLL0_TSGRA0_TSGRB0_TT2_16_TLDS1_UMLDSA0_UMLDSB1_U64SL1_USFGROn1_VAW1_VSn1_VW2_VWB1_VFLRP0_WSGRA0_WSGRB0_WS64_WG16_16_1_WGM6",29360,6448491147775276,6448491147779442,0,26624,256,1,1,256,1,1
"KERNEL_DISPATCH",1,1,234879,1747,68,"void rocsolver::v32802::getf2_npvt_small_kernel<16, double, int, int, double*>(int, double*, long, int, long, int*, int, int)",29363,6448491147784642,6448491147791853,0,136,16,1,1,16,1,1
"KERNEL_DISPATCH",1,1,234879,1748,1399,"void rocblas_trtri_trsm_kernel<128, 16, 8, double, double const*, double*>(rocblas_fill_, rocblas_diagonal_, double const*, long, int, long, double*, long, long, int)",29367,6448491147798152,6448491147825835,0,8192,256,1,1,4096,1,1
"KERNEL_DISPATCH",1,1,234879,1749,1443,"void rocblas_trtri_fill<128, double, double*>(_rocblas_handle*, rocblas_fill_, int, long, int, long, double*, long, long, int, int)",29372,6448491147826875,6448491147829118,0,0,128,1,1,32512,1,1
"KERNEL_DISPATCH",1,1,234879,1750,997,"Cijk_Ailk_Bljk_DB_MT64x32x16_MI16x16x4x1_SN_1LDSB1_APM1_ABV0_ACED0_AF0EM2_AF1EM2_AMAS0_ASE_ASGT_ASLT_ASM_ASAE01_ASCE01_ASEM2_AAC0_BL1_BS1_CLR0_DTLA0_DTLB0_DTVA1_DTVB0_DVO0_ETSP_EPS1_ELFLR0_EMLL0_FSSC10_FL0_GLVWA1_GLVWB1_GRCGA1_GRCGB1_GRPM1_GRVW1_GSU1_GSUASB_GLS0_ISA942_IU1_K1_KLA_LBSPPA0_LBSPPB128_LPA0_LPB4_LDL1_LRVW2_LWPMn1_LDW0_FMA_MIAV1_MDA2_MO40_MMFSC_MKFGSU256_NTA0_NTB0_NTC3_NTD3_NEPBS0_NLCA1_NLCB1_ONLL1_OPLV0_PK0_PAP0_PGR2_PLR5_PKA0_SIA3_SLW1_SS1_SU0_SUM0_SUS0_SCIUI1_SPO1_SRVW0_SSO6_SVW1_SNLL0_TSGRA0_TSGRB0_TT1_32_TLDS1_UMLDSA0_UMLDSB1_U64SL1_USFGROn1_VAW1_VSn1_VW1_VWB1_VFLRP0_WSGRA0_WSGRB0_WS64_WG64_4_1_WGM12",29376,6448491147833084,6448491147839775,0,5120,256,1,1,256,1,4
"KERNEL_DISPATCH",1,1,234879,1751,997,"Cijk_Ailk_Bljk_DB_MT64x32x16_MI16x16x4x1_SN_1LDSB1_APM1_ABV0_ACED0_AF0EM2_AF1EM2_AMAS0_ASE_ASGT_ASLT_ASM_ASAE01_ASCE01_ASEM2_AAC0_BL1_BS1_CLR0_DTLA0_DTLB0_DTVA1_DTVB0_DVO0_ETSP_EPS1_ELFLR0_EMLL0_FSSC10_FL0_GLVWA1_GLVWB1_GRCGA1_GRCGB1_GRPM1_GRVW1_GSU1_GSUASB_GLS0_ISA942_IU1_K1_KLA_LBSPPA0_LBSPPB128_LPA0_LPB4_LDL1_LRVW2_LWPMn1_LDW0_FMA_MIAV1_MDA2_MO40_MMFSC_MKFGSU256_NTA0_NTB0_NTC3_NTD3_NEPBS0_NLCA1_NLCB1_ONLL1_OPLV0_PK0_PAP0_PGR2_PLR5_PKA0_SIA3_SLW1_SS1_SU0_SUM0_SUS0_SCIUI1_SPO1_SRVW0_SSO6_SVW1_SNLL0_TSGRA0_TSGRB0_TT1_32_TLDS1_UMLDSA0_UMLDSB1_U64SL1_USFGROn1_VAW1_VSn1_VW1_VWB1_VFLRP0_WSGRA0_WSGRB0_WS64_WG64_4_1_WGM12",29379,6448491147859565,6448491147864773,0,5120,256,1,1,256,1,4
"KERNEL_DISPATCH",1,1,234879,1752,997,"Cijk_Ailk_Bljk_DB_MT64x32x16_MI16x16x4x1_SN_1LDSB1_APM1_ABV0_ACED0_AF0EM2_AF1EM2_AMAS0_ASE_ASGT_ASLT_ASM_ASAE01_ASCE01_ASEM2_AAC0_BL1_BS1_CLR0_DTLA0_DTLB0_DTVA1_DTVB0_DVO0_ETSP_EPS1_ELFLR0_EMLL0_FSSC10_FL0_GLVWA1_GLVWB1_GRCGA1_GRCGB1_GRPM1_GRVW1_GSU1_GSUASB_GLS0_ISA942_IU1_K1_KLA_LBSPPA0_LBSPPB128_LPA0_LPB4_LDL1_LRVW2_LWPMn1_LDW0_FMA_MIAV1_MDA2_MO40_MMFSC_MKFGSU256_NTA0_NTB0_NTC3_NTD3_NEPBS0_NLCA1_NLCB1_ONLL1_OPLV0_PK0_PAP0_PGR2_PLR5_PKA0_SIA3_SLW1_SS1_SU0_SUM0_SUS0_SCIUI1_SPO1_SRVW0_SSO6_SVW1_SNLL0_TSGRA0_TSGRB0_TT1_32_TLDS1_UMLDSA0_UMLDSB1_U64SL1_USFGROn1_VAW1_VSn1_VW1_VWB1_VFLRP0_WSGRA0_WSGRB0_WS64_WG64_4_1_WGM12",29382,6448491147873426,6448491147877472,0,5120,256,1,1,256,1,4
"KERNEL_DISPATCH",1,1,234879,1753,997,"Cijk_Ailk_Bljk_DB_MT64x32x16_MI16x16x4x1_SN_1LDSB1_APM1_ABV0_ACED0_AF0EM2_AF1EM2_AMAS0_ASE_ASGT_ASLT_ASM_ASAE01_ASCE01_ASEM2_AAC0_BL1_BS1_CLR0_DTLA0_DTLB0_DTVA1_DTVB0_DVO0_ETSP_EPS1_ELFLR0_EMLL0_FSSC10_FL0_GLVWA1_GLVWB1_GRCGA1_GRCGB1_GRPM1_GRVW1_GSU1_GSUASB_GLS0_ISA942_IU1_K1_KLA_LBSPPA0_LBSPPB128_LPA0_LPB4_LDL1_LRVW2_LWPMn1_LDW0_FMA_MIAV1_MDA2_MO40_MMFSC_MKFGSU256_NTA0_NTB0_NTC3_NTD3_NEPBS0_NLCA1_NLCB1_ONLL1_OPLV0_PK0_PAP0_PGR2_PLR5_PKA0_SIA3_SLW1_SS1_SU0_SUM0_SUS0_SCIUI1_SPO1_SRVW0_SSO6_SVW1_SNLL0_TSGRA0_TSGRB0_TT1_32_TLDS1_UMLDSA0_UMLDSB1_U64SL1_USFGROn1_VAW1_VSn1_VW1_VWB1_VFLRP0_WSGRA0_WSGRB0_WS64_WG64_4_1_WGM12",29385,6448491147893737,6448491147897984,0,5120,256,1,1,256,1,4
"KERNEL_DISPATCH",1,1,234879,1754,970,"Cijk_Ailk_Bljk_DB_MT64x64x32_MI16x16x4x1_SN_1LDSB1_APM1_ABV0_ACED0_AF0EM2_AF1EM2_AMAS0_ASE_ASGT_ASLT_ASM_ASAE01_ASCE01_ASEM2_AAC0_BL1_BS1_CLR0_DTLA0_DTLB0_DTVA0_DTVB0_DVO0_ETSP_EPS1_ELFLR0_EMLL0_FSSC10_FL0_GLVWA1_GLVWB1_GRCGA1_GRCGB1_GRPM1_GRVW1_GSU1_GSUASB_GLS0_ISA942_IU1_K1_KLA_LBSPPA0_LBSPPB0_LPA0_LPB1_LDL1_LRVW1_LWPMn1_LDW0_FMA_MIAV1_MDA2_MO40_MMFSC_MKFGSU256_NTA0_NTB0_NTC3_NTD3_NEPBS0_NLCA1_NLCB1_ONLL1_OPLV0_PK0_PAP0_PGR2_PLR9_PKA0_SIA3_SLW1_SS1_SU0_SUM0_SUS0_SCIUI1_SPO1_SRVW0_SSO6_SVW1_SNLL0_TSGRA0_TSGRB0_TT2_32_TLDS0_UMLDSA0_UMLDSB0_U64SL1_USFGROn1_VAW1_VSn1_VW1_VWB1_VFLRP0_WSGRA0_WSGRB0_WS64_WG32_8_1_WGM6",29388,6448491147907518,6448491147915210,0,33024,256,1,1,256,1,4
"KERNEL_DISPATCH",1,1,234879,1756,1471,"void rocblas_copy_matrix_trsm<128, 8, double, double*, double*>(int, int, int, double*, int, long, double*, int, long, long, long, int)",29395,6448491147934279,6448491147937124,0,0,128,8,1,1024,128,1
"KERNEL_DISPATCH",1,1,234879,1755,970,"Cijk_Ailk_Bljk_DB_MT64x64x32_MI16x16x4x1_SN_1LDSB1_APM1_ABV0_ACED0_AF0EM2_AF1EM2_AMAS0_ASE_ASGT_ASLT_ASM_ASAE01_ASCE01_ASEM2_AAC0_BL1_BS1_CLR0_DTLA0_DTLB0_DTVA0_DTVB0_DVO0_ETSP_EPS1_ELFLR0_EMLL0_FSSC10_FL0_GLVWA1_GLVWB1_GRCGA1_GRCGB1_GRPM1_GRVW1_GSU1_GSUASB_GLS0_ISA942_IU1_K1_KLA_LBSPPA0_LBSPPB0_LPA0_LPB1_LDL1_LRVW1_LWPMn1_LDW0_FMA_MIAV1_MDA2_MO40_MMFSC_MKFGSU256_NTA0_NTB0_NTC3_NTD3_NEPBS0_NLCA1_NLCB1_ONLL1_OPLV0_PK0_PAP0_PGR2_PLR9_PKA0_SIA3_SLW1_SS1_SU0_SUM0_SUS0_SCIUI1_SPO1_SRVW0_SSO6_SVW1_SNLL0_TSGRA0_TSGRB0_TT2_32_TLDS0_UMLDSA0_UMLDSB0_U64SL1_USFGROn1_VAW1_VSn1_VW1_VWB1_VFLRP0_WSGRA0_WSGRB0_WS64_WG32_8_1_WGM6",29391,6448491147924184,6448491147931836,0,33024,256,1,1,256,1,4
"KERNEL_DISPATCH",1,1,234879,1757,839,"Cijk_Ailk_Bljk_DB_MT64x64x16_MI16x16x4x1_SN_1LDSB1_APM1_ABV0_ACED0_AF0EM2_AF1EM2_AMAS3_ASE_ASGT_ASLT_ASM_ASAE01_ASCE01_ASEM2_AAC0_BL1_BS1_CLR0_DTLA0_DTLB0_DTVA0_DTVB0_DVO0_ETSP_EPS1_ELFLR0_EMLL0_FSSC10_FL0_GLVWA2_GLVWB2_GRCGA1_GRCGB1_GRPM1_GRVW2_GSU1_GSUASB_GLS0_ISA942_IU1_K1_KLA_LBSPPA0_LBSPPB128_LPA0_LPB4_LDL1_LRVW2_LWPMn1_LDW0_FMA_MIAV1_MDA2_MO40_MMFSC_MKFGSU256_NTA0_NTB0_NTC3_NTD3_NEPBS4_NLCA1_NLCB1_ONLL1_OPLV0_PK0_PAP0_PGR2_PLR5_PKA0_SIA3_SLW1_SS1_SU0_SUM0_SUS0_SCIUI1_SPO1_SRVW0_SSO6_SVW2_SNLL0_TSGRA0_TSGRB0_TT2_32_TLDS1_UMLDSA0_UMLDSB1_U64SL1_USFGROn1_VAW1_VSn1_VW2_VWB1_VFLRP0_WSGRA0_WSGRB0_WS64_WG32_8_1_WGM6",29399,6448491147954751,6448491147964886,0,18432,256,1,1,4096,2,1
"KERNEL_DISPATCH",1,1,234879,1758,839,"Cijk_Ailk_Bljk_DB_MT64x64x16_MI16x16x4x1_SN_1LDSB1_APM1_ABV0_ACED0_AF0EM2_AF1EM2_AMAS3_ASE_ASGT_ASLT_ASM_ASAE01_ASCE01_ASEM2_AAC0_BL1_BS1_CLR0_DTLA0_DTLB0_DTVA0_DTVB0_DVO0_ETSP_EPS1_ELFLR0_EMLL0_FSSC10_FL0_GLVWA2_GLVWB2_GRCGA1_GRCGB1_GRPM1_GRVW2_GSU1_GSUASB_GLS0_ISA942_IU1_K1_KLA_LBSPPA0_LBSPPB128_LPA0_LPB4_LDL1_LRVW2_LWPMn1_LDW0_FMA_MIAV1_MDA2_MO40_MMFSC_MKFGSU256_NTA0_NTB0_NTC3_NTD3_NEPBS4_NLCA1_NLCB1_ONLL1_OPLV0_PK0_PAP0_PGR2_PLR5_PKA0_SIA3_SLW1_SS1_SU0_SUM0_SUS0_SCIUI1_SPO1_SRVW0_SSO6_SVW2_SNLL0_TSGRA0_TSGRB0_TT2_32_TLDS1_UMLDSA0_UMLDSB1_U64SL1_USFGROn1_VAW1_VSn1_VW2_VWB1_VFLRP0_WSGRA0_WSGRB0_WS64_WG32_8_1_WGM6",29402,6448491147974862,6448491147984036,0,18432,256,1,1,4096,2,1
"KERNEL_DISPATCH",1,1,234879,1759,839,"Cijk_Ailk_Bljk_DB_MT64x64x16_MI16x16x4x1_SN_1LDSB1_APM1_ABV0_ACED0_AF0EM2_AF1EM2_AMAS3_ASE_ASGT_ASLT_ASM_ASAE01_ASCE01_ASEM2_AAC0_BL1_BS1_CLR0_DTLA0_DTLB0_DTVA0_DTVB0_DVO0_ETSP_EPS1_ELFLR0_EMLL0_FSSC10_FL0_GLVWA2_GLVWB2_GRCGA1_GRCGB1_GRPM1_GRVW2_GSU1_GSUASB_GLS0_ISA942_IU1_K1_KLA_LBSPPA0_LBSPPB128_LPA0_LPB4_LDL1_LRVW2_LWPMn1_LDW0_FMA_MIAV1_MDA2_MO40_MMFSC_MKFGSU256_NTA0_NTB0_NTC3_NTD3_NEPBS4_NLCA1_NLCB1_ONLL1_OPLV0_PK0_PAP0_PGR2_PLR5_PKA0_SIA3_SLW1_SS1_SU0_SUM0_SUS0_SCIUI1_SPO1_SRVW0_SSO6_SVW2_SNLL0_TSGRA0_TSGRB0_TT2_32_TLDS1_UMLDSA0_UMLDSB1_U64SL1_USFGROn1_VAW1_VSn1_VW2_VWB1_VFLRP0_WSGRA0_WSGRB0_WS64_WG32_8_1_WGM6",29405,6448491147992529,6448491147999219,0,18432,256,1,1,4096,2,1
"KERNEL_DISPATCH",1,1,234879,1760,839,"Cijk_Ailk_Bljk_DB_MT64x64x16_MI16x16x4x1_SN_1LDSB1_APM1_ABV0_ACED0_AF0EM2_AF1EM2_AMAS3_ASE_ASGT_ASLT_ASM_ASAE01_ASCE01_ASEM2_AAC0_BL1_BS1_CLR0_DTLA0_DTLB0_DTVA0_DTVB0_DVO0_ETSP_EPS1_ELFLR0_EMLL0_FSSC10_FL0_GLVWA2_GLVWB2_GRCGA1_GRCGB1_GRPM1_GRVW2_GSU1_GSUASB_GLS0_ISA942_IU1_K1_KLA_LBSPPA0_LBSPPB128_LPA0_LPB4_LDL1_LRVW2_LWPMn1_LDW0_FMA_MIAV1_MDA2_MO40_MMFSC_MKFGSU256_NTA0_NTB0_NTC3_NTD3_NEPBS4_NLCA1_NLCB1_ONLL1_OPLV0_PK0_PAP0_PGR2_PLR5_PKA0_SIA3_SLW1_SS1_SU0_SUM0_SUS0_SCIUI1_SPO1_SRVW0_SSO6_SVW2_SNLL0_TSGRA0_TSGRB0_TT2_32_TLDS1_UMLDSA0_UMLDSB1_U64SL1_USFGROn1_VAW1_VSn1_VW2_VWB1_VFLRP0_WSGRA0_WSGRB0_WS64_WG32_8_1_WGM6",29408,6448491148018681,6448491148029858,0,18432,256,1,1,4096,2,1
"KERNEL_DISPATCH",1,1,234879,1761,839,"Cijk_Ailk_Bljk_DB_MT64x64x16_MI16x16x4x1_SN_1LDSB1_APM1_ABV0_ACED0_AF0EM2_AF1EM2_AMAS3_ASE_ASGT_ASLT_ASM_ASAE01_ASCE01_ASEM2_AAC0_BL1_BS1_CLR0_DTLA0_DTLB0_DTVA0_DTVB0_DVO0_ETSP_EPS1_ELFLR0_EMLL0_FSSC10_FL0_GLVWA2_GLVWB2_GRCGA1_GRCGB1_GRPM1_GRVW2_GSU1_GSUASB_GLS0_ISA942_IU1_K1_KLA_LBSPPA0_LBSPPB128_LPA0_LPB4_LDL1_LRVW2_LWPMn1_LDW0_FMA_MIAV1_MDA2_MO40_MMFSC_MKFGSU256_NTA0_NTB0_NTC3_NTD3_NEPBS4_NLCA1_NLCB1_ONLL1_OPLV0_PK0_PAP0_PGR2_PLR5_PKA0_SIA3_SLW1_SS1_SU0_SUM0_SUS0_SCIUI1_SPO1_SRVW0_SSO6_SVW2_SNLL0_TSGRA0_TSGRB0_TT2_32_TLDS1_UMLDSA0_UMLDSB1_U64SL1_USFGROn1_VAW1_VSn1_VW2_VWB1_VFLRP0_WSGRA0_WSGRB0_WS64_WG32_8_1_WGM6",29411,6448491148035606,6448491148042377,0,18432,256,1,1,4096,2,1
"KERNEL_DISPATCH",1,1,234879,1762,678,"Cijk_Ailk_Bljk_DB_MT64x16x64_MI16x16x4x1_SN_1LDSB1_APM1_ABV0_ACED0_AF0EM1_AF1EM1_AMAS3_ASE_ASGT_ASLT1129_ASM_ASAE01_ASCE01_ASEM1_AAC0_BL1_BS1_CLR0_DTLA0_DTLB0_DTVA1_DTVB0_DVO0_ETB_EPS1_ELFLR0_EMLL0_FSSC10_FL0_GLVWA2_GLVWB2_GRCGA1_GRCGB1_GRPM1_GRVWn1_GSU1_GSUASB_GLS0_ISA942_IU1_K1_KLA_LBSPPA0_LBSPPB512_LPA0_LPB2_LDL1_LRVW1_LWPMn1_LDW0_FMA_MIAV1_MDA2_MO40_MMFSC_MKFGSU256_NTA0_NTB0_NTC0_NTD0_NEPBS4_NLCA2_NLCB1_ONLL1_OPLV0_PK0_PAP0_PGR2_PLR5_PKA0_SIA3_SLW1_SS1_SU0_SUM0_SUS0_SCIUI1_SPO0_SRVW0_SSO0_SVW2_SNLL0_TSGRA0_TSGRB0_TT4_16_TLDS1_UMLDSA0_UMLDSB1_U64SL1_USFGROn1_VAW1_VSn1_VW2_VWB1_VFLRP0_WSGRA0_WSGRB0_WS64_WG16_4_4_WGM1",29414,6448491148061074,6448491148073253,0,32768,256,1,1,4096,8,1
"KERNEL_DISPATCH",1,1,234879,1763,839,"Cijk_Ailk_Bljk_DB_MT64x64x16_MI16x16x4x1_SN_1LDSB1_APM1_ABV0_ACED0_AF0EM2_AF1EM2_AMAS3_ASE_ASGT_ASLT_ASM_ASAE01_ASCE01_ASEM2_AAC0_BL1_BS1_CLR0_DTLA0_DTLB0_DTVA0_DTVB0_DVO0_ETSP_EPS1_ELFLR0_EMLL0_FSSC10_FL0_GLVWA2_GLVWB2_GRCGA1_GRCGB1_GRPM1_GRVW2_GSU1_GSUASB_GLS0_ISA942_IU1_K1_KLA_LBSPPA0_LBSPPB128_LPA0_LPB4_LDL1_LRVW2_LWPMn1_LDW0_FMA_MIAV1_MDA2_MO40_MMFSC_MKFGSU256_NTA0_NTB0_NTC3_NTD3_NEPBS4_NLCA1_NLCB1_ONLL1_OPLV0_PK0_PAP0_PGR2_PLR5_PKA0_SIA3_SLW1_SS1_SU0_SUM0_SUS0_SCIUI1_SPO1_SRVW0_SSO6_SVW2_SNLL0_TSGRA0_TSGRB0_TT2_32_TLDS1_UMLDSA0_UMLDSB1_U64SL1_USFGROn1_VAW1_VSn1_VW2_VWB1_VFLRP0_WSGRA0_WSGRB0_WS64_WG32_8_1_WGM6",29417,6448491148075095,6448491148081024,0,18432,256,1,1,4096,2,1
"KERNEL_DISPATCH",1,1,234879,1764,1399,"void rocblas_trtri_trsm_kernel<128, 16, 8, double, double const*, double*>(rocblas_fill_, rocblas_diagonal_, double const*, long, int, long, double*, long, long, int)",29421,6448491148083388,6448491148112112,0,8192,256,1,1,4096,1,1
"KERNEL_DISPATCH",1,1,234879,1765,1443,"void rocblas_trtri_fill<128, double, double*>(_rocblas_handle*, rocblas_fill_, int, long, int, long, double*, long, long, int, int)",29426,6448491148112112,6448491148114676,0,0,128,1,1,32512,1,1
"KERNEL_DISPATCH",1,1,234879,1766,997,"Cijk_Ailk_Bljk_DB_MT64x32x16_MI16x16x4x1_SN_1LDSB1_APM1_ABV0_ACED0_AF0EM2_AF1EM2_AMAS0_ASE_ASGT_ASLT_ASM_ASAE01_ASCE01_ASEM2_AAC0_BL1_BS1_CLR0_DTLA0_DTLB0_DTVA1_DTVB0_DVO0_ETSP_EPS1_ELFLR0_EMLL0_FSSC10_FL0_GLVWA1_GLVWB1_GRCGA1_GRCGB1_GRPM1_GRVW1_GSU1_GSUASB_GLS0_ISA942_IU1_K1_KLA_LBSPPA0_LBSPPB128_LPA0_LPB4_LDL1_LRVW2_LWPMn1_LDW0_FMA_MIAV1_MDA2_MO40_MMFSC_MKFGSU256_NTA0_NTB0_NTC3_NTD3_NEPBS0_NLCA1_NLCB1_ONLL1_OPLV0_PK0_PAP0_PGR2_PLR5_PKA0_SIA3_SLW1_SS1_SU0_SUM0_SUS0_SCIUI1_SPO1_SRVW0_SSO6_SVW1_SNLL0_TSGRA0_TSGRB0_TT1_32_TLDS1_UMLDSA0_UMLDSB1_U64SL1_USFGROn1_VAW1_VSn1_VW1_VWB1_VFLRP0_WSGRA0_WSGRB0_WS64_WG64_4_1_WGM12",29430,6448491148119804,6448491148125693,0,5120,256,1,1,256,1,4
"KERNEL_DISPATCH",1,1,234879,1767,997,"Cijk_Ailk_Bljk_DB_MT64x32x16_MI16x16x4x1_SN_1LDSB1_APM1_ABV0_ACED0_AF0EM2_AF1EM2_AMAS0_ASE_ASGT_ASLT_ASM_ASAE01_ASCE01_ASEM2_AAC0_BL1_BS1_CLR0_DTLA0_DTLB0_DTVA1_DTVB0_DVO0_ETSP_EPS1_ELFLR0_EMLL0_FSSC10_FL0_GLVWA1_GLVWB1_GRCGA1_GRCGB1_GRPM1_GRVW1_GSU1_GSUASB_GLS0_ISA942_IU1_K1_KLA_LBSPPA0_LBSPPB128_LPA0_LPB4_LDL1_LRVW2_LWPMn1_LDW0_FMA_MIAV1_MDA2_MO40_MMFSC_MKFGSU256_NTA0_NTB0_NTC3_NTD3_NEPBS0_NLCA1_NLCB1_ONLL1_OPLV0_PK0_PAP0_PGR2_PLR5_PKA0_SIA3_SLW1_SS1_SU0_SUM0_SUS0_SCIUI1_SPO1_SRVW0_SSO6_SVW1_SNLL0_TSGRA0_TSGRB0_TT1_32_TLDS1_UMLDSA0_UMLDSB1_U64SL1_USFGROn1_VAW1_VSn1_VW1_VWB1_VFLRP0_WSGRA0_WSGRB0_WS64_WG64_4_1_WGM12",29433,6448491148135989,6448491148142879,0,5120,256,1,1,256,1,4
"KERNEL_DISPATCH",1,1,234879,1768,997,"Cijk_Ailk_Bljk_DB_MT64x32x16_MI16x16x4x1_SN_1LDSB1_APM1_ABV0_ACED0_AF0EM2_AF1EM2_AMAS0_ASE_ASGT_ASLT_ASM_ASAE01_ASCE01_ASEM2_AAC0_BL1_BS1_CLR0_DTLA0_DTLB0_DTVA1_DTVB0_DVO0_ETSP_EPS1_ELFLR0_EMLL0_FSSC10_FL0_GLVWA1_GLVWB1_GRCGA1_GRCGB1_GRPM1_GRVW1_GSU1_GSUASB_GLS0_ISA942_IU1_K1_KLA_LBSPPA0_LBSPPB128_LPA0_LPB4_LDL1_LRVW2_LWPMn1_LDW0_FMA_MIAV1_MDA2_MO40_MMFSC_MKFGSU256_NTA0_NTB0_NTC3_NTD3_NEPBS0_NLCA1_NLCB1_ONLL1_OPLV0_PK0_PAP0_PGR2_PLR5_PKA0_SIA3_SLW1_SS1_SU0_SUM0_SUS0_SCIUI1_SPO1_SRVW0_SSO6_SVW1_SNLL0_TSGRA0_TSGRB0_TT1_32_TLDS1_UMLDSA0_UMLDSB1_U64SL1_USFGROn1_VAW1_VSn1_VW1_VWB1_VFLRP0_WSGRA0_WSGRB0_WS64_WG64_4_1_WGM12",29436,6448491148161748,6448491148166275,0,5120,256,1,1,256,1,4
"KERNEL_DISPATCH",1,1,234879,1769,997,"Cijk_Ailk_Bljk_DB_MT64x32x16_MI16x16x4x1_SN_1LDSB1_APM1_ABV0_ACED0_AF0EM2_AF1EM2_AMAS0_ASE_ASGT_ASLT_ASM_ASAE01_ASCE01_ASEM2_AAC0_BL1_BS1_CLR0_DTLA0_DTLB0_DTVA1_DTVB0_DVO0_ETSP_EPS1_ELFLR0_EMLL0_FSSC10_FL0_GLVWA1_GLVWB1_GRCGA1_GRCGB1_GRPM1_GRVW1_GSU1_GSUASB_GLS0_ISA942_IU1_K1_KLA_LBSPPA0_LBSPPB128_LPA0_LPB4_LDL1_LRVW2_LWPMn1_LDW0_FMA_MIAV1_MDA2_MO40_MMFSC_MKFGSU256_NTA0_NTB0_NTC3_NTD3_NEPBS0_NLCA1_NLCB1_ONLL1_OPLV0_PK0_PAP0_PGR2_PLR5_PKA0_SIA3_SLW1_SS1_SU0_SUM0_SUS0_SCIUI1_SPO1_SRVW0_SSO6_SVW1_SNLL0_TSGRA0_TSGRB0_TT1_32_TLDS1_UMLDSA0_UMLDSB1_U64SL1_USFGROn1_VAW1_VSn1_VW1_VWB1_VFLRP0_WSGRA0_WSGRB0_WS64_WG64_4_1_WGM12",29439,6448491148181018,6448491148185585,0,5120,256,1,1,256,1,4
"KERNEL_DISPATCH",1,1,234879,1770,970,"Cijk_Ailk_Bljk_DB_MT64x64x32_MI16x16x4x1_SN_1LDSB1_APM1_ABV0_ACED0_AF0EM2_AF1EM2_AMAS0_ASE_ASGT_ASLT_ASM_ASAE01_ASCE01_ASEM2_AAC0_BL1_BS1_CLR0_DTLA0_DTLB0_DTVA0_DTVB0_DVO0_ETSP_EPS1_ELFLR0_EMLL0_FSSC10_FL0_GLVWA1_GLVWB1_GRCGA1_GRCGB1_GRPM1_GRVW1_GSU1_GSUASB_GLS0_ISA942_IU1_K1_KLA_LBSPPA0_LBSPPB0_LPA0_LPB1_LDL1_LRVW1_LWPMn1_LDW0_FMA_MIAV1_MDA2_MO40_MMFSC_MKFGSU256_NTA0_NTB0_NTC3_NTD3_NEPBS0_NLCA1_NLCB1_ONLL1_OPLV0_PK0_PAP0_PGR2_PLR9_PKA0_SIA3_SLW1_SS1_SU0_SUM0_SUS0_SCIUI1_SPO1_SRVW0_SSO6_SVW1_SNLL0_TSGRA0_TSGRB0_TT2_32_TLDS0_UMLDSA0_UMLDSB0_U64SL1_USFGROn1_VAW1_VSn1_VW1_VWB1_VFLRP0_WSGRA0_WSGRB0_WS64_WG32_8_1_WGM6",29442,6448491148198885,6448491148205696,0,33024,256,1,1,256,1,4
"KERNEL_DISPATCH",1,1,234879,1771,970,"Cijk_Ailk_Bljk_DB_MT64x64x32_MI16x16x4x1_SN_1LDSB1_APM1_ABV0_ACED0_AF0EM2_AF1EM2_AMAS0_ASE_ASGT_ASLT_ASM_ASAE01_ASCE01_ASEM2_AAC0_BL1_BS1_CLR0_DTLA0_DTLB0_DTVA0_DTVB0_DVO0_ETSP_EPS1_ELFLR0_EMLL0_FSSC10_FL0_GLVWA1_GLVWB1_GRCGA1_GRCGB1_GRPM1_GRVW1_GSU1_GSUASB_GLS0_ISA942_IU1_K1_KLA_LBSPPA0_LBSPPB0_LPA0_LPB1_LDL1_LRVW1_LWPMn1_LDW0_FMA_MIAV1_MDA2_MO40_MMFSC_MKFGSU256_NTA0_NTB0_NTC3_NTD3_NEPBS0_NLCA1_NLCB1_ONLL1_OPLV0_PK0_PAP0_PGR2_PLR9_PKA0_SIA3_SLW1_SS1_SU0_SUM0_SUS0_SCIUI1_SPO1_SRVW0_SSO6_SVW1_SNLL0_TSGRA0_TSGRB0_TT2_32_TLDS0_UMLDSA0_UMLDSB0_U64SL1_USFGROn1_VAW1_VSn1_VW1_VWB1_VFLRP0_WSGRA0_WSGRB0_WS64_WG32_8_1_WGM6",29445,6448491148214950,6448491148222441,0,33024,256,1,1,256,1,4
"KERNEL_DISPATCH",1,1,234879,1772,1471,"void rocblas_copy_matrix_trsm<128, 8, double, double*, double*>(int, int, int, double*, int, long, double*, int, long, long, long, int)",29449,6448491148228931,6448491148234139,0,0,128,8,1,128,1024,1
"KERNEL_DISPATCH",1,1,234879,1773,839,"Cijk_Ailk_Bljk_DB_MT64x64x16_MI16x16x4x1_SN_1LDSB1_APM1_ABV0_ACED0_AF0EM2_AF1EM2_AMAS3_ASE_ASGT_ASLT_ASM_ASAE01_ASCE01_ASEM2_AAC0_BL1_BS1_CLR0_DTLA0_DTLB0_DTVA0_DTVB0_DVO0_ETSP_EPS1_ELFLR0_EMLL0_FSSC10_FL0_GLVWA2_GLVWB2_GRCGA1_GRCGB1_GRPM1_GRVW2_GSU1_GSUASB_GLS0_ISA942_IU1_K1_KLA_LBSPPA0_LBSPPB128_LPA0_LPB4_LDL1_LRVW2_LWPMn1_LDW0_FMA_MIAV1_MDA2_MO40_MMFSC_MKFGSU256_NTA0_NTB0_NTC3_NTD3_NEPBS4_NLCA1_NLCB1_ONLL1_OPLV0_PK0_PAP0_PGR2_PLR5_PKA0_SIA3_SLW1_SS1_SU0_SUM0_SUS0_SCIUI1_SPO1_SRVW0_SSO6_SVW2_SNLL0_TSGRA0_TSGRB0_TT2_32_TLDS1_UMLDSA0_UMLDSB1_U64SL1_USFGROn1_VAW1_VSn1_VW2_VWB1_VFLRP0_WSGRA0_WSGRB0_WS64_WG32_8_1_WGM6",29453,6448491148248001,6448491148254651,0,18432,256,1,1,512,16,1
"KERNEL_DISPATCH",1,1,234879,1774,839,"Cijk_Ailk_Bljk_DB_MT64x64x16_MI16x16x4x1_SN_1LDSB1_APM1_ABV0_ACED0_AF0EM2_AF1EM2_AMAS3_ASE_ASGT_ASLT_ASM_ASAE01_ASCE01_ASEM2_AAC0_BL1_BS1_CLR0_DTLA0_DTLB0_DTVA0_DTVB0_DVO0_ETSP_EPS1_ELFLR0_EMLL0_FSSC10_FL0_GLVWA2_GLVWB2_GRCGA1_GRCGB1_GRPM1_GRVW2_GSU1_GSUASB_GLS0_ISA942_IU1_K1_KLA_LBSPPA0_LBSPPB128_LPA0_LPB4_LDL1_LRVW2_LWPMn1_LDW0_FMA_MIAV1_MDA2_MO40_MMFSC_MKFGSU256_NTA0_NTB0_NTC3_NTD3_NEPBS4_NLCA1_NLCB1_ONLL1_OPLV0_PK0_PAP0_PGR2_PLR5_PKA0_SIA3_SLW1_SS1_SU0_SUM0_SUS0_SCIUI1_SPO1_SRVW0_SSO6_SVW2_SNLL0_TSGRA0_TSGRB0_TT2_32_TLDS1_UMLDSA0_UMLDSB1_U64SL1_USFGROn1_VAW1_VSn1_VW2_VWB1_VFLRP0_WSGRA0_WSGRB0_WS64_WG32_8_1_WGM6",29456,6448491148263544,6448491148271997,0,18432,256,1,1,512,16,1
"KERNEL_DISPATCH",1,1,234879,1775,839,"Cijk_Ailk_Bljk_DB_MT64x64x16_MI16x16x4x1_SN_1LDSB1_APM1_ABV0_ACED0_AF0EM2_AF1EM2_AMAS3_ASE_ASGT_ASLT_ASM_ASAE01_ASCE01_ASEM2_AAC0_BL1_BS1_CLR0_DTLA0_DTLB0_DTVA0_DTVB0_DVO0_ETSP_EPS1_ELFLR0_EMLL0_FSSC10_FL0_GLVWA2_GLVWB2_GRCGA1_GRCGB1_GRPM1_GRVW2_GSU1_GSUASB_GLS0_ISA942_IU1_K1_KLA_LBSPPA0_LBSPPB128_LPA0_LPB4_LDL1_LRVW2_LWPMn1_LDW0_FMA_MIAV1_MDA2_MO40_MMFSC_MKFGSU256_NTA0_NTB0_NTC3_NTD3_NEPBS4_NLCA1_NLCB1_ONLL1_OPLV0_PK0_PAP0_PGR2_PLR5_PKA0_SIA3_SLW1_SS1_SU0_SUM0_SUS0_SCIUI1_SPO1_SRVW0_SSO6_SVW2_SNLL0_TSGRA0_TSGRB0_TT2_32_TLDS1_UMLDSA0_UMLDSB1_U64SL1_USFGROn1_VAW1_VSn1_VW2_VWB1_VFLRP0_WSGRA0_WSGRB0_WS64_WG32_8_1_WGM6",29459,6448491148278950,6448491148286001,0,18432,256,1,1,512,16,1
"KERNEL_DISPATCH",1,1,234879,1776,839,"Cijk_Ailk_Bljk_DB_MT64x64x16_MI16x16x4x1_SN_1LDSB1_APM1_ABV0_ACED0_AF0EM2_AF1EM2_AMAS3_ASE_ASGT_ASLT_ASM_ASAE01_ASCE01_ASEM2_AAC0_BL1_BS1_CLR0_DTLA0_DTLB0_DTVA0_DTVB0_DVO0_ETSP_EPS1_ELFLR0_EMLL0_FSSC10_FL0_GLVWA2_GLVWB2_GRCGA1_GRCGB1_GRPM1_GRVW2_GSU1_GSUASB_GLS0_ISA942_IU1_K1_KLA_LBSPPA0_LBSPPB128_LPA0_LPB4_LDL1_LRVW2_LWPMn1_LDW0_FMA_MIAV1_MDA2_MO40_MMFSC_MKFGSU256_NTA0_NTB0_NTC3_NTD3_NEPBS4_NLCA1_NLCB1_ONLL1_OPLV0_PK0_PAP0_PGR2_PLR5_PKA0_SIA3_SLW1_SS1_SU0_SUM0_SUS0_SCIUI1_SPO1_SRVW0_SSO6_SVW2_SNLL0_TSGRA0_TSGRB0_TT2_32_TLDS1_UMLDSA0_UMLDSB1_U64SL1_USFGROn1_VAW1_VSn1_VW2_VWB1_VFLRP0_WSGRA0_WSGRB0_WS64_WG32_8_1_WGM6",29462,6448491148300843,6448491148312141,0,18432,256,1,1,512,16,1
"KERNEL_DISPATCH",1,1,234879,1777,839,"Cijk_Ailk_Bljk_DB_MT64x64x16_MI16x16x4x1_SN_1LDSB1_APM1_ABV0_ACED0_AF0EM2_AF1EM2_AMAS3_ASE_ASGT_ASLT_ASM_ASAE01_ASCE01_ASEM2_AAC0_BL1_BS1_CLR0_DTLA0_DTLB0_DTVA0_DTVB0_DVO0_ETSP_EPS1_ELFLR0_EMLL0_FSSC10_FL0_GLVWA2_GLVWB2_GRCGA1_GRCGB1_GRPM1_GRVW2_GSU1_GSUASB_GLS0_ISA942_IU1_K1_KLA_LBSPPA0_LBSPPB128_LPA0_LPB4_LDL1_LRVW2_LWPMn1_LDW0_FMA_MIAV1_MDA2_MO40_MMFSC_MKFGSU256_NTA0_NTB0_NTC3_NTD3_NEPBS4_NLCA1_NLCB1_ONLL1_OPLV0_PK0_PAP0_PGR2_PLR5_PKA0_SIA3_SLW1_SS1_SU0_SUM0_SUS0_SCIUI1_SPO1_SRVW0_SSO6_SVW2_SNLL0_TSGRA0_TSGRB0_TT2_32_TLDS1_UMLDSA0_UMLDSB1_U64SL1_USFGROn1_VAW1_VSn1_VW2_VWB1_VFLRP0_WSGRA0_WSGRB0_WS64_WG32_8_1_WGM6",29465,6448491148314422,6448491148321433,0,18432,256,1,1,512,16,1
"KERNEL_DISPATCH",1,1,234879,1778,1137,"Cijk_Ailk_Bljk_DB_MT64x16x64_MI16x16x4x1_SN_1LDSB1_APM1_ABV0_ACED0_AF0EM1_AF1EM1_AMAS3_ASE_ASGT_ASLT0129_ASM_ASAE01_ASCE01_ASEM1_AAC0_BL1_BS1_CLR0_DTLA0_DTLB0_DTVA1_DTVB0_DVO0_ETB_EPS1_ELFLR0_EMLL0_FSSC10_FL0_GLVWA2_GLVWB2_GRCGA1_GRCGB1_GRPM1_GRVWn1_GSU1_GSUASB_GLS0_ISA942_IU1_K1_KLA_LBSPPA0_LBSPPB512_LPA0_LPB2_LDL1_LRVW1_LWPMn1_LDW0_FMA_MIAV1_MDA2_MO40_MMFSC_MKFGSU256_NTA0_NTB0_NTC0_NTD0_NEPBS4_NLCA2_NLCB1_ONLL1_OPLV0_PK0_PAP0_PGR2_PLR5_PKA0_SIA3_SLW1_SS1_SU0_SUM0_SUS0_SCIUI1_SPO0_SRVW0_SSO0_SVW2_SNLL0_TSGRA0_TSGRB0_TT4_16_TLDS1_UMLDSA0_UMLDSB1_U64SL1_USFGROn1_VAW1_VSn1_VW2_VWB1_VFLRP0_WSGRA0_WSGRB0_WS64_WG16_4_4_WGM1",29468,6448491148333452,6448491148341143,0,32768,256,1,1,512,64,1
"KERNEL_DISPATCH",1,1,234879,1779,839,"Cijk_Ailk_Bljk_DB_MT64x64x16_MI16x16x4x1_SN_1LDSB1_APM1_ABV0_ACED0_AF0EM2_AF1EM2_AMAS3_ASE_ASGT_ASLT_ASM_ASAE01_ASCE01_ASEM2_AAC0_BL1_BS1_CLR0_DTLA0_DTLB0_DTVA0_DTVB0_DVO0_ETSP_EPS1_ELFLR0_EMLL0_FSSC10_FL0_GLVWA2_GLVWB2_GRCGA1_GRCGB1_GRPM1_GRVW2_GSU1_GSUASB_GLS0_ISA942_IU1_K1_KLA_LBSPPA0_LBSPPB128_LPA0_LPB4_LDL1_LRVW2_LWPMn1_LDW0_FMA_MIAV1_MDA2_MO40_MMFSC_MKFGSU256_NTA0_NTB0_NTC3_NTD3_NEPBS4_NLCA1_NLCB1_ONLL1_OPLV0_PK0_PAP0_PGR2_PLR5_PKA0_SIA3_SLW1_SS1_SU0_SUM0_SUS0_SCIUI1_SPO1_SRVW0_SSO6_SVW2_SNLL0_TSGRA0_TSGRB0_TT2_32_TLDS1_UMLDSA0_UMLDSB1_U64SL1_USFGROn1_VAW1_VSn1_VW2_VWB1_VFLRP0_WSGRA0_WSGRB0_WS64_WG32_8_1_WGM6",29471,6448491148351679,6448491148358410,0,18432,256,1,1,512,16,1
"KERNEL_DISPATCH",1,1,234879,1780,1039,"Cijk_Ailk_Bljk_DB_MT80x64x32_MI16x16x4x1_SN_1LDSB1_APM1_ABV0_ACED0_AF0EM1_AF1EM1_AMAS0_ASE_ASGT_ASLT_ASM_ASAE01_ASCE01_ASEM1_AAC0_BL1_BS1_CLR0_DTLA0_DTLB0_DTVA0_DTVB0_DVO0_ETB_EPS1_ELFLR0_EMLL0_FSSC10_FL0_GLVWA2_GLVWB2_GRCGA1_GRCGB1_GRPM1_GRVWn1_GSU1_GSUASB_GLS0_ISA942_IU1_K1_KLA_LBSPPA0_LBSPPB256_LPA0_LPB4_LDL1_LRVW2_LWPMn1_LDW0_FMA_MIAV1_MDA2_MO40_MMFSC_MKFGSU256_NTA0_NTB0_NTC0_NTD0_NEPBS4_NLCA5_NLCB1_ONLL1_OPLV0_PK0_PAP0_PGR2_PLR9_PKA0_SIA3_SLW1_SS1_SU0_SUM0_SUS0_SCIUI1_SPO0_SRVW0_SSO0_SVW1_SNLL0_TSGRA0_TSGRB0_TT5_16_TLDS1_UMLDSA0_UMLDSB1_U64SL1_USFGROn1_VAW1_VSn1_VW1_VWB1_VFLRP0_WSGRA0_WSGRB0_WS64_WG16_16_1_WGM1",29474,6448491148368305,6448491148403719,0,38912,256,1,1,3328,16,1
"KERNEL_DISPATCH",1,1,234879,1781,68,"void rocsolver::v32802::getf2_npvt_small_kernel<16, double, int, int, double*>(int, double*, long, int, long, int*, int, int)",29477,6448491148403719,6448491148413174,0,136,512,1,1,512,1,1
"KERNEL_DISPATCH",1,1,234879,1782,185,"void rocsolver::v32802::unit_forward_substitution_kernel<double, int, double*>(int, int, double*, int, int, long, long, double*, int, int, long, long)",29482,6448491148413174,6448491148422989,0,512,16,64,1,16,512,1
"KERNEL_DISPATCH",1,1,234879,1783,904,"Cijk_Ailk_Bljk_DB_MT64x32x32_MI16x16x4x1_SN_1LDSB1_APM1_ABV0_ACED0_AF0EM2_AF1EM2_AMAS3_ASE_ASGT_ASLT_ASM_ASAE01_ASCE01_ASEM2_AAC0_BL1_BS1_CLR0_DTLA0_DTLB0_DTVA0_DTVB0_DVO0_ETSP_EPS1_ELFLR0_EMLL0_FSSC10_FL0_GLVWA2_GLVWB2_GRCGA1_GRCGB1_GRPM1_GRVW2_GSU1_GSUASB_GLS0_ISA942_IU1_K1_KLA_LBSPPA0_LBSPPB256_LPA0_LPB4_LDL1_LRVW2_LWPMn1_LDW0_FMA_MIAV1_MDA2_MO40_MMFSC_MKFGSU256_NTA0_NTB0_NTC3_NTD3_NEPBS0_NLCA1_NLCB1_ONLL1_OPLV0_PK0_PAP0_PGR2_PLR9_PKA0_SIA3_SLW1_SS1_SU0_SUM0_SUS0_SCIUI1_SPO1_SRVW0_SSO6_SVW2_SNLL0_TSGRA0_TSGRB0_TT2_16_TLDS1_UMLDSA0_UMLDSB1_U64SL1_USFGROn1_VAW1_VSn1_VW2_VWB1_VFLRP0_WSGRA0_WSGRB0_WS64_WG32_8_1_WGM6",29485,6448491148422989,6448491148428758,0,25600,256,1,1,2048,16,1
"KERNEL_DISPATCH",1,1,234879,1784,68,"void rocsolver::v32802::getf2_npvt_small_kernel<16, double, int, int, double*>(int, double*, long, int, long, int*, int, int)",29488,6448491148428758,6448491148438573,0,136,496,1,1,496,1,1
"KERNEL_DISPATCH",1,1,234879,1785,185,"void rocsolver::v32802::unit_forward_substitution_kernel<double, int, double*>(int, int, double*, int, int, long, long, double*, int, int, long, long)",29493,6448491148438265,6448491148447719,0,512,16,64,1,16,512,1
"KERNEL_DISPATCH",1,1,234879,1786,904,"Cijk_Ailk_Bljk_DB_MT64x32x32_MI16x16x4x1_SN_1LDSB1_APM1_ABV0_ACED0_AF0EM2_AF1EM2_AMAS3_ASE_ASGT_ASLT_ASM_ASAE01_ASCE01_ASEM2_AAC0_BL1_BS1_CLR0_DTLA0_DTLB0_DTVA0_DTVB0_DVO0_ETSP_EPS1_ELFLR0_EMLL0_FSSC10_FL0_GLVWA2_GLVWB2_GRCGA1_GRCGB1_GRPM1_GRVW2_GSU1_GSUASB_GLS0_ISA942_IU1_K1_KLA_LBSPPA0_LBSPPB256_LPA0_LPB4_LDL1_LRVW2_LWPMn1_LDW0_FMA_MIAV1_MDA2_MO40_MMFSC_MKFGSU256_NTA0_NTB0_NTC3_NTD3_NEPBS0_NLCA1_NLCB1_ONLL1_OPLV0_PK0_PAP0_PGR2_PLR9_PKA0_SIA3_SLW1_SS1_SU0_SUM0_SUS0_SCIUI1_SPO1_SRVW0_SSO6_SVW2_SNLL0_TSGRA0_TSGRB0_TT2_16_TLDS1_UMLDSA0_UMLDSB1_U64SL1_USFGROn1_VAW1_VSn1_VW2_VWB1_VFLRP0_WSGRA0_WSGRB0_WS64_WG32_8_1_WGM6",29496,6448491148453958,6448491148458445,0,25600,256,1,1,2048,15,1
"KERNEL_DISPATCH",1,1,234879,1787,68,"void rocsolver::v32802::getf2_npvt_small_kernel<16, double, int, int, double*>(int, double*, long, int, long, int*, int, int)",29499,6448491148468739,6448491148478995,0,136,480,1,1,480,1,1
"KERNEL_DISPATCH",1,1,234879,1788,185,"void rocsolver::v32802::unit_forward_substitution_kernel<double, int, double*>(int, int, double*, int, int, long, long, double*, int, int, long, long)",29504,6448491148482801,6448491148492576,0,512,16,64,1,16,512,1
"KERNEL_DISPATCH",1,1,234879,1789,904,"Cijk_Ailk_Bljk_DB_MT64x32x32_MI16x16x4x1_SN_1LDSB1_APM1_ABV0_ACED0_AF0EM2_AF1EM2_AMAS3_ASE_ASGT_ASLT_ASM_ASAE01_ASCE01_ASEM2_AAC0_BL1_BS1_CLR0_DTLA0_DTLB0_DTVA0_DTVB0_DVO0_ETSP_EPS1_ELFLR0_EMLL0_FSSC10_FL0_GLVWA2_GLVWB2_GRCGA1_GRCGB1_GRPM1_GRVW2_GSU1_GSUASB_GLS0_ISA942_IU1_K1_KLA_LBSPPA0_LBSPPB256_LPA0_LPB4_LDL1_LRVW2_LWPMn1_LDW0_FMA_MIAV1_MDA2_MO40_MMFSC_MKFGSU256_NTA0_NTB0_NTC3_NTD3_NEPBS0_NLCA1_NLCB1_ONLL1_OPLV0_PK0_PAP0_PGR2_PLR9_PKA0_SIA3_SLW1_SS1_SU0_SUM0_SUS0_SCIUI1_SPO1_SRVW0_SSO6_SVW2_SNLL0_TSGRA0_TSGRB0_TT2_16_TLDS1_UMLDSA0_UMLDSB1_U64SL1_USFGROn1_VAW1_VSn1_VW2_VWB1_VFLRP0_WSGRA0_WSGRB0_WS64_WG32_8_1_WGM6",29507,6448491148509813,6448491148514661,0,25600,256,1,1,2048,15,1
"KERNEL_DISPATCH",1,1,234879,1790,68,"void rocsolver::v32802::getf2_npvt_small_kernel<16, double, int, int, double*>(int, double*, long, int, long, int*, int, int)",29510,6448491148520979,6448491148530474,0,136,464,1,1,464,1,1
"KERNEL_DISPATCH",1,1,234879,1791,185,"void rocsolver::v32802::unit_forward_substitution_kernel<double, int, double*>(int, int, double*, int, int, long, long, double*, int, int, long, long)",29515,6448491148535521,6448491148545016,0,512,16,64,1,16,448,1
"KERNEL_DISPATCH",1,1,234879,1792,904,"Cijk_Ailk_Bljk_DB_MT64x32x32_MI16x16x4x1_SN_1LDSB1_APM1_ABV0_ACED0_AF0EM2_AF1EM2_AMAS3_ASE_ASGT_ASLT_ASM_ASAE01_ASCE01_ASEM2_AAC0_BL1_BS1_CLR0_DTLA0_DTLB0_DTVA0_DTVB0_DVO0_ETSP_EPS1_ELFLR0_EMLL0_FSSC10_FL0_GLVWA2_GLVWB2_GRCGA1_GRCGB1_GRPM1_GRVW2_GSU1_GSUASB_GLS0_ISA942_IU1_K1_KLA_LBSPPA0_LBSPPB256_LPA0_LPB4_LDL1_LRVW2_LWPMn1_LDW0_FMA_MIAV1_MDA2_MO40_MMFSC_MKFGSU256_NTA0_NTB0_NTC3_NTD3_NEPBS0_NLCA1_NLCB1_ONLL1_OPLV0_PK0_PAP0_PGR2_PLR9_PKA0_SIA3_SLW1_SS1_SU0_SUM0_SUS0_SCIUI1_SPO1_SRVW0_SSO6_SVW2_SNLL0_TSGRA0_TSGRB0_TT2_16_TLDS1_UMLDSA0_UMLDSB1_U64SL1_USFGROn1_VAW1_VSn1_VW2_VWB1_VFLRP0_WSGRA0_WSGRB0_WS64_WG32_8_1_WGM6",29518,6448491148554270,6448491148558316,0,25600,256,1,1,1792,14,1
"KERNEL_DISPATCH",1,1,234879,1793,68,"void rocsolver::v32802::getf2_npvt_small_kernel<16, double, int, int, double*>(int, double*, long, int, long, int*, int, int)",29521,6448491148566951,6448491148576566,0,136,448,1,1,448,1,1
"KERNEL_DISPATCH",1,1,234879,1794,185,"void rocsolver::v32802::unit_forward_substitution_kernel<double, int, double*>(int, int, double*, int, int, long, long, double*, int, int, long, long)",29526,6448491148584076,6448491148594091,0,512,16,64,1,16,448,1
"KERNEL_DISPATCH",1,1,234879,1795,904,"Cijk_Ailk_Bljk_DB_MT64x32x32_MI16x16x4x1_SN_1LDSB1_APM1_ABV0_ACED0_AF0EM2_AF1EM2_AMAS3_ASE_ASGT_ASLT_ASM_ASAE01_ASCE01_ASEM2_AAC0_BL1_BS1_CLR0_DTLA0_DTLB0_DTVA0_DTVB0_DVO0_ETSP_EPS1_ELFLR0_EMLL0_FSSC10_FL0_GLVWA2_GLVWB2_GRCGA1_GRCGB1_GRPM1_GRVW2_GSU1_GSUASB_GLS0_ISA942_IU1_K1_KLA_LBSPPA0_LBSPPB256_LPA0_LPB4_LDL1_LRVW2_LWPMn1_LDW0_FMA_MIAV1_MDA2_MO40_MMFSC_MKFGSU256_NTA0_NTB0_NTC3_NTD3_NEPBS0_NLCA1_NLCB1_ONLL1_OPLV0_PK0_PAP0_PGR2_PLR9_PKA0_SIA3_SLW1_SS1_SU0_SUM0_SUS0_SCIUI1_SPO1_SRVW0_SSO6_SVW2_SNLL0_TSGRA0_TSGRB0_TT2_16_TLDS1_UMLDSA0_UMLDSB1_U64SL1_USFGROn1_VAW1_VSn1_VW2_VWB1_VFLRP0_WSGRA0_WSGRB0_WS64_WG32_8_1_WGM6",29529,6448491148600461,6448491148605629,0,25600,256,1,1,1792,14,1
"KERNEL_DISPATCH",1,1,234879,1796,68,"void rocsolver::v32802::getf2_npvt_small_kernel<16, double, int, int, double*>(int, double*, long, int, long, int*, int, int)",29532,6448491148617167,6448491148626581,0,136,432,1,1,432,1,1
"KERNEL_DISPATCH",1,1,234879,1797,185,"void rocsolver::v32802::unit_forward_substitution_kernel<double, int, double*>(int, int, double*, int, int, long, long, double*, int, int, long, long)",29537,6448491148629798,6448491148640214,0,512,16,64,1,16,448,1
"KERNEL_DISPATCH",1,1,234879,1798,904,"Cijk_Ailk_Bljk_DB_MT64x32x32_MI16x16x4x1_SN_1LDSB1_APM1_ABV0_ACED0_AF0EM2_AF1EM2_AMAS3_ASE_ASGT_ASLT_ASM_ASAE01_ASCE01_ASEM2_AAC0_BL1_BS1_CLR0_DTLA0_DTLB0_DTVA0_DTVB0_DVO0_ETSP_EPS1_ELFLR0_EMLL0_FSSC10_FL0_GLVWA2_GLVWB2_GRCGA1_GRCGB1_GRPM1_GRVW2_GSU1_GSUASB_GLS0_ISA942_IU1_K1_KLA_LBSPPA0_LBSPPB256_LPA0_LPB4_LDL1_LRVW2_LWPMn1_LDW0_FMA_MIAV1_MDA2_MO40_MMFSC_MKFGSU256_NTA0_NTB0_NTC3_NTD3_NEPBS0_NLCA1_NLCB1_ONLL1_OPLV0_PK0_PAP0_PGR2_PLR9_PKA0_SIA3_SLW1_SS1_SU0_SUM0_SUS0_SCIUI1_SPO1_SRVW0_SSO6_SVW2_SNLL0_TSGRA0_TSGRB0_TT2_16_TLDS1_UMLDSA0_UMLDSB1_U64SL1_USFGROn1_VAW1_VSn1_VW2_VWB1_VFLRP0_WSGRA0_WSGRB0_WS64_WG32_8_1_WGM6",29540,6448491148654143,6448491148658189,0,25600,256,1,1,1792,13,1
"KERNEL_DISPATCH",1,1,234879,1799,68,"void rocsolver::v32802::getf2_npvt_small_kernel<16, double, int, int, double*>(int, double*, long, int, long, int*, int, int)",29543,6448491148665240,6448491148674454,0,136,416,1,1,416,1,1
"KERNEL_DISPATCH",1,1,234879,1800,185,"void rocsolver::v32802::unit_forward_substitution_kernel<double, int, double*>(int, int, double*, int, int, long, long, double*, int, int, long, long)",29548,6448491148682987,6448491148693003,0,512,16,64,1,16,448,1
"KERNEL_DISPATCH",1,1,234879,1801,904,"Cijk_Ailk_Bljk_DB_MT64x32x32_MI16x16x4x1_SN_1LDSB1_APM1_ABV0_ACED0_AF0EM2_AF1EM2_AMAS3_ASE_ASGT_ASLT_ASM_ASAE01_ASCE01_ASEM2_AAC0_BL1_BS1_CLR0_DTLA0_DTLB0_DTVA0_DTVB0_DVO0_ETSP_EPS1_ELFLR0_EMLL0_FSSC10_FL0_GLVWA2_GLVWB2_GRCGA1_GRCGB1_GRPM1_GRVW2_GSU1_GSUASB_GLS0_ISA942_IU1_K1_KLA_LBSPPA0_LBSPPB256_LPA0_LPB4_LDL1_LRVW2_LWPMn1_LDW0_FMA_MIAV1_MDA2_MO40_MMFSC_MKFGSU256_NTA0_NTB0_NTC3_NTD3_NEPBS0_NLCA1_NLCB1_ONLL1_OPLV0_PK0_PAP0_PGR2_PLR9_PKA0_SIA3_SLW1_SS1_SU0_SUM0_SUS0_SCIUI1_SPO1_SRVW0_SSO6_SVW2_SNLL0_TSGRA0_TSGRB0_TT2_16_TLDS1_UMLDSA0_UMLDSB1_U64SL1_USFGROn1_VAW1_VSn1_VW2_VWB1_VFLRP0_WSGRA0_WSGRB0_WS64_WG32_8_1_WGM6",29551,6448491148702938,6448491148708867,0,25600,256,1,1,1792,13,1
"KERNEL_DISPATCH",1,1,234879,1802,68,"void rocsolver::v32802::getf2_npvt_small_kernel<16, double, int, int, double*>(int, double*, long, int, long, int*, int, int)",29554,6448491148716799,6448491148726294,0,136,400,1,1,400,1,1
"KERNEL_DISPATCH",1,1,234879,1803,185,"void rocsolver::v32802::unit_forward_substitution_kernel<double, int, double*>(int, int, double*, int, int, long, long, double*, int, int, long, long)",29559,6448491148732143,6448491148741718,0,512,16,64,1,16,384,1
"KERNEL_DISPATCH",1,1,234879,1804,904,"Cijk_Ailk_Bljk_DB_MT64x32x32_MI16x16x4x1_SN_1LDSB1_APM1_ABV0_ACED0_AF0EM2_AF1EM2_AMAS3_ASE_ASGT_ASLT_ASM_ASAE01_ASCE01_ASEM2_AAC0_BL1_BS1_CLR0_DTLA0_DTLB0_DTVA0_DTVB0_DVO0_ETSP_EPS1_ELFLR0_EMLL0_FSSC10_FL0_GLVWA2_GLVWB2_GRCGA1_GRCGB1_GRPM1_GRVW2_GSU1_GSUASB_GLS0_ISA942_IU1_K1_KLA_LBSPPA0_LBSPPB256_LPA0_LPB4_LDL1_LRVW2_LWPMn1_LDW0_FMA_MIAV1_MDA2_MO40_MMFSC_MKFGSU256_NTA0_NTB0_NTC3_NTD3_NEPBS0_NLCA1_NLCB1_ONLL1_OPLV0_PK0_PAP0_PGR2_PLR9_PKA0_SIA3_SLW1_SS1_SU0_SUM0_SUS0_SCIUI1_SPO1_SRVW0_SSO6_SVW2_SNLL0_TSGRA0_TSGRB0_TT2_16_TLDS1_UMLDSA0_UMLDSB1_U64SL1_USFGROn1_VAW1_VSn1_VW2_VWB1_VFLRP0_WSGRA0_WSGRB0_WS64_WG32_8_1_WGM6",29562,6448491148747567,6448491148751252,0,25600,256,1,1,1536,12,1
"KERNEL_DISPATCH",1,1,234879,1805,68,"void rocsolver::v32802::getf2_npvt_small_kernel<16, double, int, int, double*>(int, double*, long, int, long, int*, int, int)",29565,6448491148760228,6448491148770043,0,136,384,1,1,384,1,1
"KERNEL_DISPATCH",1,1,234879,1806,185,"void rocsolver::v32802::unit_forward_substitution_kernel<double, int, double*>(int, int, double*, int, int, long, long, double*, int, int, long, long)",29570,6448491148778986,6448491148789242,0,512,16,64,1,16,384,1
"KERNEL_DISPATCH",1,1,234879,1807,820,"Cijk_Ailk_Bljk_DB_MT128x64x16_MI16x16x4x1_SN_1LDSB1_APM1_ABV0_ACED0_AF0EM2_AF1EM2_AMAS3_ASE_ASGT_ASLT_ASM_ASAE01_ASCE01_ASEM2_AAC0_BL1_BS1_CLR0_DTLA0_DTLB0_DTVA1_DTVB0_DVO0_ETSP_EPS1_ELFLR0_EMLL0_FSSC10_FL0_GLVWA2_GLVWB2_GRCGA1_GRCGB1_GRPM1_GRVW2_GSU1_GSUASB_GLS0_ISA942_IU1_K1_KLA_LBSPPA0_LBSPPB0_LPA0_LPB2_LDL1_LRVW1_LWPMn1_LDW0_FMA_MIAV1_MDA2_MO40_MMFSC_MKFGSU256_NTA0_NTB0_NTC3_NTD3_NEPBS4_NLCA1_NLCB1_ONLL1_OPLV0_PK0_PAP0_PGR2_PLR1_PKA0_SIA3_SLW1_SS1_SU0_SUM0_SUS0_SCIUI1_SPO1_SRVW0_SSO6_SVW2_SNLL0_TSGRA0_TSGRB0_TT2_64_TLDS0_UMLDSA0_UMLDSB0_U64SL1_USFGROn1_VAW1_VSn1_VW2_VWB1_VFLRP0_WSGRA0_WSGRB0_WS64_WG64_4_1_WGM12",29573,6448491148796842,6448491148806216,0,8448,256,1,1,768,6,1
"KERNEL_DISPATCH",1,1,234879,1808,68,"void rocsolver::v32802::getf2_npvt_small_kernel<16, double, int, int, double*>(int, double*, long, int, long, int*, int, int)",29576,6448491148810184,6448491148819318,0,136,368,1,1,368,1,1
"KERNEL_DISPATCH",1,1,234879,1809,185,"void rocsolver::v32802::unit_forward_substitution_kernel<double, int, double*>(int, int, double*, int, int, long, long, double*, int, int, long, long)",29581,6448491148825446,6448491148835501,0,512,16,64,1,16,384,1
"KERNEL_DISPATCH",1,1,234879,1810,820,"Cijk_Ailk_Bljk_DB_MT128x64x16_MI16x16x4x1_SN_1LDSB1_APM1_ABV0_ACED0_AF0EM2_AF1EM2_AMAS3_ASE_ASGT_ASLT_ASM_ASAE01_ASCE01_ASEM2_AAC0_BL1_BS1_CLR0_DTLA0_DTLB0_DTVA1_DTVB0_DVO0_ETSP_EPS1_ELFLR0_EMLL0_FSSC10_FL0_GLVWA2_GLVWB2_GRCGA1_GRCGB1_GRPM1_GRVW2_GSU1_GSUASB_GLS0_ISA942_IU1_K1_KLA_LBSPPA0_LBSPPB0_LPA0_LPB2_LDL1_LRVW1_LWPMn1_LDW0_FMA_MIAV1_MDA2_MO40_MMFSC_MKFGSU256_NTA0_NTB0_NTC3_NTD3_NEPBS4_NLCA1_NLCB1_ONLL1_OPLV0_PK0_PAP0_PGR2_PLR1_PKA0_SIA3_SLW1_SS1_SU0_SUM0_SUS0_SCIUI1_SPO1_SRVW0_SSO6_SVW2_SNLL0_TSGRA0_TSGRB0_TT2_64_TLDS0_UMLDSA0_UMLDSB0_U64SL1_USFGROn1_VAW1_VSn1_VW2_VWB1_VFLRP0_WSGRA0_WSGRB0_WS64_WG64_4_1_WGM12",29584,6448491148843273,6448491148852407,0,8448,256,1,1,768,6,1
"KERNEL_DISPATCH",1,1,234879,1811,68,"void rocsolver::v32802::getf2_npvt_small_kernel<16, double, int, int, double*>(int, double*, long, int, long, int*, int, int)",29587,6448491148856854,6448491148865788,0,136,352,1,1,352,1,1
"KERNEL_DISPATCH",1,1,234879,1812,185,"void rocsolver::v32802::unit_forward_substitution_kernel<double, int, double*>(int, int, double*, int, int, long, long, double*, int, int, long, long)",29592,6448491148869125,6448491148878699,0,512,16,64,1,16,384,1
"KERNEL_DISPATCH",1,1,234879,1813,820,"Cijk_Ailk_Bljk_DB_MT128x64x16_MI16x16x4x1_SN_1LDSB1_APM1_ABV0_ACED0_AF0EM2_AF1EM2_AMAS3_ASE_ASGT_ASLT_ASM_ASAE01_ASCE01_ASEM2_AAC0_BL1_BS1_CLR0_DTLA0_DTLB0_DTVA1_DTVB0_DVO0_ETSP_EPS1_ELFLR0_EMLL0_FSSC10_FL0_GLVWA2_GLVWB2_GRCGA1_GRCGB1_GRPM1_GRVW2_GSU1_GSUASB_GLS0_ISA942_IU1_K1_KLA_LBSPPA0_LBSPPB0_LPA0_LPB2_LDL1_LRVW1_LWPMn1_LDW0_FMA_MIAV1_MDA2_MO40_MMFSC_MKFGSU256_NTA0_NTB0_NTC3_NTD3_NEPBS4_NLCA1_NLCB1_ONLL1_OPLV0_PK0_PAP0_PGR2_PLR1_PKA0_SIA3_SLW1_SS1_SU0_SUM0_SUS0_SCIUI1_SPO1_SRVW0_SSO6_SVW2_SNLL0_TSGRA0_TSGRB0_TT2_64_TLDS0_UMLDSA0_UMLDSB0_U64SL1_USFGROn1_VAW1_VSn1_VW2_VWB1_VFLRP0_WSGRA0_WSGRB0_WS64_WG64_4_1_WGM12",29595,6448491148893350,6448491148900521,0,8448,256,1,1,768,6,1
"KERNEL_DISPATCH",1,1,234879,1814,68,"void rocsolver::v32802::getf2_npvt_small_kernel<16, double, int, int, double*>(int, double*, long, int, long, int*, int, int)",29598,6448491148904487,6448491148913221,0,136,336,1,1,336,1,1
"KERNEL_DISPATCH",1,1,234879,1815,185,"void rocsolver::v32802::unit_forward_substitution_kernel<double, int, double*>(int, int, double*, int, int, long, long, double*, int, int, long, long)",29603,6448491148915226,6448491148924600,0,512,16,64,1,16,320,1
"KERNEL_DISPATCH",1,1,234879,1816,820,"Cijk_Ailk_Bljk_DB_MT128x64x16_MI16x16x4x1_SN_1LDSB1_APM1_ABV0_ACED0_AF0EM2_AF1EM2_AMAS3_ASE_ASGT_ASLT_ASM_ASAE01_ASCE01_ASEM2_AAC0_BL1_BS1_CLR0_DTLA0_DTLB0_DTVA1_DTVB0_DVO0_ETSP_EPS1_ELFLR0_EMLL0_FSSC10_FL0_GLVWA2_GLVWB2_GRCGA1_GRCGB1_GRPM1_GRVW2_GSU1_GSUASB_GLS0_ISA942_IU1_K1_KLA_LBSPPA0_LBSPPB0_LPA0_LPB2_LDL1_LRVW1_LWPMn1_LDW0_FMA_MIAV1_MDA2_MO40_MMFSC_MKFGSU256_NTA0_NTB0_NTC3_NTD3_NEPBS4_NLCA1_NLCB1_ONLL1_OPLV0_PK0_PAP0_PGR2_PLR1_PKA0_SIA3_SLW1_SS1_SU0_SUM0_SUS0_SCIUI1_SPO1_SRVW0_SSO6_SVW2_SNLL0_TSGRA0_TSGRB0_TT2_64_TLDS0_UMLDSA0_UMLDSB0_U64SL1_USFGROn1_VAW1_VSn1_VW2_VWB1_VFLRP0_WSGRA0_WSGRB0_WS64_WG64_4_1_WGM12",29606,6448491148937560,6448491148943849,0,8448,256,1,1,768,5,1
"KERNEL_DISPATCH",1,1,234879,1817,68,"void rocsolver::v32802::getf2_npvt_small_kernel<16, double, int, int, double*>(int, double*, long, int, long, int*, int, int)",29609,6448491148949838,6448491148958612,0,136,320,1,1,320,1,1
"KERNEL_DISPATCH",1,1,234879,1818,185,"void rocsolver::v32802::unit_forward_substitution_kernel<double, int, double*>(int, int, double*, int, int, long, long, double*, int, int, long, long)",29614,6448491148966863,6448491148976077,0,512,16,64,1,16,320,1
"KERNEL_DISPATCH",1,1,234879,1819,820,"Cijk_Ailk_Bljk_DB_MT128x64x16_MI16x16x4x1_SN_1LDSB1_APM1_ABV0_ACED0_AF0EM2_AF1EM2_AMAS3_ASE_ASGT_ASLT_ASM_ASAE01_ASCE01_ASEM2_AAC0_BL1_BS1_CLR0_DTLA0_DTLB0_DTVA1_DTVB0_DVO0_ETSP_EPS1_ELFLR0_EMLL0_FSSC10_FL0_GLVWA2_GLVWB2_GRCGA1_GRCGB1_GRPM1_GRVW2_GSU1_GSUASB_GLS0_ISA942_IU1_K1_KLA_LBSPPA0_LBSPPB0_LPA0_LPB2_LDL1_LRVW1_LWPMn1_LDW0_FMA_MIAV1_MDA2_MO40_MMFSC_MKFGSU256_NTA0_NTB0_NTC3_NTD3_NEPBS4_NLCA1_NLCB1_ONLL1_OPLV0_PK0_PAP0_PGR2_PLR1_PKA0_SIA3_SLW1_SS1_SU0_SUM0_SUS0_SCIUI1_SPO1_SRVW0_SSO6_SVW2_SNLL0_TSGRA0_TSGRB0_TT2_64_TLDS0_UMLDSA0_UMLDSB0_U64SL1_USFGROn1_VAW1_VSn1_VW2_VWB1_VFLRP0_WSGRA0_WSGRB0_WS64_WG64_4_1_WGM12",29617,6448491148983029,6448491148989880,0,8448,256,1,1,768,5,1
"KERNEL_DISPATCH",1,1,234879,1820,68,"void rocsolver::v32802::getf2_npvt_small_kernel<16, double, int, int, double*>(int, double*, long, int, long, int*, int, int)",29620,6448491148997269,6448491149006283,0,136,304,1,1,304,1,1
"KERNEL_DISPATCH",1,1,234879,1821,185,"void rocsolver::v32802::unit_forward_substitution_kernel<double, int, double*>(int, int, double*, int, int, long, long, double*, int, int, long, long)",29625,6448491149017260,6448491149026594,0,512,16,64,1,16,320,1
"KERNEL_DISPATCH",1,1,234879,1822,820,"Cijk_Ailk_Bljk_DB_MT128x64x16_MI16x16x4x1_SN_1LDSB1_APM1_ABV0_ACED0_AF0EM2_AF1EM2_AMAS3_ASE_ASGT_ASLT_ASM_ASAE01_ASCE01_ASEM2_AAC0_BL1_BS1_CLR0_DTLA0_DTLB0_DTVA1_DTVB0_DVO0_ETSP_EPS1_ELFLR0_EMLL0_FSSC10_FL0_GLVWA2_GLVWB2_GRCGA1_GRCGB1_GRPM1_GRVW2_GSU1_GSUASB_GLS0_ISA942_IU1_K1_KLA_LBSPPA0_LBSPPB0_LPA0_LPB2_LDL1_LRVW1_LWPMn1_LDW0_FMA_MIAV1_MDA2_MO40_MMFSC_MKFGSU256_NTA0_NTB0_NTC3_NTD3_NEPBS4_NLCA1_NLCB1_ONLL1_OPLV0_PK0_PAP0_PGR2_PLR1_PKA0_SIA3_SLW1_SS1_SU0_SUM0_SUS0_SCIUI1_SPO1_SRVW0_SSO6_SVW2_SNLL0_TSGRA0_TSGRB0_TT2_64_TLDS0_UMLDSA0_UMLDSB0_U64SL1_USFGROn1_VAW1_VSn1_VW2_VWB1_VFLRP0_WSGRA0_WSGRB0_WS64_WG64_4_1_WGM12",29628,6448491149034489,6448491149041179,0,8448,256,1,1,768,5,1
"KERNEL_DISPATCH",1,1,234879,1823,68,"void rocsolver::v32802::getf2_npvt_small_kernel<16, double, int, int, double*>(int, double*, long, int, long, int*, int, int)",29631,6448491149046625,6448491149058603,0,136,288,1,1,288,1,1
"KERNEL_DISPATCH",1,1,234879,1824,185,"void rocsolver::v32802::unit_forward_substitution_kernel<double, int, double*>(int, int, double*, int, int, long, long, double*, int, int, long, long)",29636,6448491149060148,6448491149070203,0,512,16,64,1,16,320,1
"KERNEL_DISPATCH",1,1,234879,1825,773,"Cijk_Ailk_Bljk_DB_MT64x64x16_MI16x16x4x1_SN_1LDSB1_APM1_ABV0_ACED0_AF0EM2_AF1EM2_AMAS3_ASE_ASGT_ASLT_ASM_ASAE01_ASCE01_ASEM2_AAC0_BL1_BS1_CLR0_DTLA0_DTLB0_DTVA0_DTVB0_DVO0_ETSP_EPS1_ELFLR0_EMLL0_FSSC10_FL0_GLVWA2_GLVWB2_GRCGA1_GRCGB1_GRPM1_GRVW2_GSU1_GSUASB_GLS0_ISA942_IU1_K1_KLA_LBSPPA0_LBSPPB128_LPA0_LPB2_LDL1_LRVW1_LWPMn1_LDW0_FMA_MIAV1_MDA2_MO40_MMFSC_MKFGSU256_NTA0_NTB0_NTC3_NTD3_NEPBS4_NLCA1_NLCB1_ONLL1_OPLV0_PK0_PAP0_PGR2_PLR5_PKA0_SIA3_SLW1_SS1_SU0_SUM0_SUS0_SCIUI1_SPO1_SRVW0_SSO6_SVW2_SNLL0_TSGRA0_TSGRB0_TT2_32_TLDS1_UMLDSA0_UMLDSB1_U64SL1_USFGROn1_VAW1_VSn1_VW2_VWB1_VFLRP0_WSGRA0_WSGRB0_WS64_WG32_8_1_WGM6",29639,6448491149085204,6448491149091734,0,17408,256,1,1,1280,5,1
"KERNEL_DISPATCH",1,1,234879,1826,68,"void rocsolver::v32802::getf2_npvt_small_kernel<16, double, int, int, double*>(int, double*, long, int, long, int*, int, int)",29642,6448491149094819,6448491149104113,0,136,272,1,1,272,1,1
"KERNEL_DISPATCH",1,1,234879,1827,185,"void rocsolver::v32802::unit_forward_substitution_kernel<double, int, double*>(int, int, double*, int, int, long, long, double*, int, int, long, long)",29647,6448491149105999,6448491149116174,0,512,16,64,1,16,256,1
"KERNEL_DISPATCH",1,1,234879,1828,773,"Cijk_Ailk_Bljk_DB_MT64x64x16_MI16x16x4x1_SN_1LDSB1_APM1_ABV0_ACED0_AF0EM2_AF1EM2_AMAS3_ASE_ASGT_ASLT_ASM_ASAE01_ASCE01_ASEM2_AAC0_BL1_BS1_CLR0_DTLA0_DTLB0_DTVA0_DTVB0_DVO0_ETSP_EPS1_ELFLR0_EMLL0_FSSC10_FL0_GLVWA2_GLVWB2_GRCGA1_GRCGB1_GRPM1_GRVW2_GSU1_GSUASB_GLS0_ISA942_IU1_K1_KLA_LBSPPA0_LBSPPB128_LPA0_LPB2_LDL1_LRVW1_LWPMn1_LDW0_FMA_MIAV1_MDA2_MO40_MMFSC_MKFGSU256_NTA0_NTB0_NTC3_NTD3_NEPBS4_NLCA1_NLCB1_ONLL1_OPLV0_PK0_PAP0_PGR2_PLR5_PKA0_SIA3_SLW1_SS1_SU0_SUM0_SUS0_SCIUI1_SPO1_SRVW0_SSO6_SVW2_SNLL0_TSGRA0_TSGRB0_TT2_32_TLDS1_UMLDSA0_UMLDSB1_U64SL1_USFGROn1_VAW1_VSn1_VW2_VWB1_VFLRP0_WSGRA0_WSGRB0_WS64_WG32_8_1_WGM6",29650,6448491149129544,6448491149134592,0,17408,256,1,1,1024,4,1
"KERNEL_DISPATCH",1,1,234879,1829,68,"void rocsolver::v32802::getf2_npvt_small_kernel<16, double, int, int, double*>(int, double*, long, int, long, int*, int, int)",29653,6448491149142732,6448491149150865,0,136,256,1,1,256,1,1
"KERNEL_DISPATCH",1,1,234879,1830,185,"void rocsolver::v32802::unit_forward_substitution_kernel<double, int, double*>(int, int, double*, int, int, long, long, double*, int, int, long, long)",29658,6448491149156214,6448491149165629,0,512,16,64,1,16,256,1
"KERNEL_DISPATCH",1,1,234879,1831,773,"Cijk_Ailk_Bljk_DB_MT64x64x16_MI16x16x4x1_SN_1LDSB1_APM1_ABV0_ACED0_AF0EM2_AF1EM2_AMAS3_ASE_ASGT_ASLT_ASM_ASAE01_ASCE01_ASEM2_AAC0_BL1_BS1_CLR0_DTLA0_DTLB0_DTVA0_DTVB0_DVO0_ETSP_EPS1_ELFLR0_EMLL0_FSSC10_FL0_GLVWA2_GLVWB2_GRCGA1_GRCGB1_GRPM1_GRVW2_GSU1_GSUASB_GLS0_ISA942_IU1_K1_KLA_LBSPPA0_LBSPPB128_LPA0_LPB2_LDL1_LRVW1_LWPMn1_LDW0_FMA_MIAV1_MDA2_MO40_MMFSC_MKFGSU256_NTA0_NTB0_NTC3_NTD3_NEPBS4_NLCA1_NLCB1_ONLL1_OPLV0_PK0_PAP0_PGR2_PLR5_PKA0_SIA3_SLW1_SS1_SU0_SUM0_SUS0_SCIUI1_SPO1_SRVW0_SSO6_SVW2_SNLL0_TSGRA0_TSGRB0_TT2_32_TLDS1_UMLDSA0_UMLDSB1_U64SL1_USFGROn1_VAW1_VSn1_VW2_VWB1_VFLRP0_WSGRA0_WSGRB0_WS64_WG32_8_1_WGM6",29661,6448491149177826,6448491149182273,0,17408,256,1,1,1024,4,1
"KERNEL_DISPATCH",1,1,234879,1832,68,"void rocsolver::v32802::getf2_npvt_small_kernel<16, double, int, int, double*>(int, double*, long, int, long, int*, int, int)",29664,6448491149190527,6448491149198860,0,136,240,1,1,240,1,1
"KERNEL_DISPATCH",1,1,234879,1833,185,"void rocsolver::v32802::unit_forward_substitution_kernel<double, int, double*>(int, int, double*, int, int, long, long, double*, int, int, long, long)",29669,6448491149204467,6448491149213761,0,512,16,64,1,16,256,1
"KERNEL_DISPATCH",1,1,234879,1834,773,"Cijk_Ailk_Bljk_DB_MT64x64x16_MI16x16x4x1_SN_1LDSB1_APM1_ABV0_ACED0_AF0EM2_AF1EM2_AMAS3_ASE_ASGT_ASLT_ASM_ASAE01_ASCE01_ASEM2_AAC0_BL1_BS1_CLR0_DTLA0_DTLB0_DTVA0_DTVB0_DVO0_ETSP_EPS1_ELFLR0_EMLL0_FSSC10_FL0_GLVWA2_GLVWB2_GRCGA1_GRCGB1_GRPM1_GRVW2_GSU1_GSUASB_GLS0_ISA942_IU1_K1_KLA_LBSPPA0_LBSPPB128_LPA0_LPB2_LDL1_LRVW1_LWPMn1_LDW0_FMA_MIAV1_MDA2_MO40_MMFSC_MKFGSU256_NTA0_NTB0_NTC3_NTD3_NEPBS4_NLCA1_NLCB1_ONLL1_OPLV0_PK0_PAP0_PGR2_PLR5_PKA0_SIA3_SLW1_SS1_SU0_SUM0_SUS0_SCIUI1_SPO1_SRVW0_SSO6_SVW2_SNLL0_TSGRA0_TSGRB0_TT2_32_TLDS1_UMLDSA0_UMLDSB1_U64SL1_USFGROn1_VAW1_VSn1_VW2_VWB1_VFLRP0_WSGRA0_WSGRB0_WS64_WG32_8_1_WGM6",29672,6448491149220972,6448491149225980,0,17408,256,1,1,1024,4,1
"KERNEL_DISPATCH",1,1,234879,1835,68,"void rocsolver::v32802::getf2_npvt_small_kernel<16, double, int, int, double*>(int, double*, long, int, long, int*, int, int)",29675,6448491149236316,6448491149245170,0,136,224,1,1,224,1,1
"KERNEL_DISPATCH",1,1,234879,1836,185,"void rocsolver::v32802::unit_forward_substitution_kernel<double, int, double*>(int, int, double*, int, int, long, long, double*, int, int, long, long)",29680,6448491149249176,6448491149259271,0,512,16,64,1,16,256,1
"KERNEL_DISPATCH",1,1,234879,1837,773,"Cijk_Ailk_Bljk_DB_MT64x64x16_MI16x16x4x1_SN_1LDSB1_APM1_ABV0_ACED0_AF0EM2_AF1EM2_AMAS3_ASE_ASGT_ASLT_ASM_ASAE01_ASCE01_ASEM2_AAC0_BL1_BS1_CLR0_DTLA0_DTLB0_DTVA0_DTVB0_DVO0_ETSP_EPS1_ELFLR0_EMLL0_FSSC10_FL0_GLVWA2_GLVWB2_GRCGA1_GRCGB1_GRPM1_GRVW2_GSU1_GSUASB_GLS0_ISA942_IU1_K1_KLA_LBSPPA0_LBSPPB128_LPA0_LPB2_LDL1_LRVW1_LWPMn1_LDW0_FMA_MIAV1_MDA2_MO40_MMFSC_MKFGSU256_NTA0_NTB0_NTC3_NTD3_NEPBS4_NLCA1_NLCB1_ONLL1_OPLV0_PK0_PAP0_PGR2_PLR5_PKA0_SIA3_SLW1_SS1_SU0_SUM0_SUS0_SCIUI1_SPO1_SRVW0_SSO6_SVW2_SNLL0_TSGRA0_TSGRB0_TT2_32_TLDS1_UMLDSA0_UMLDSB1_U64SL1_USFGROn1_VAW1_VSn1_VW2_VWB1_VFLRP0_WSGRA0_WSGRB0_WS64_WG32_8_1_WGM6",29683,6448491149272572,6448491149278060,0,17408,256,1,1,1024,4,1
"KERNEL_DISPATCH",1,1,234879,1838,68,"void rocsolver::v32802::getf2_npvt_small_kernel<16, double, int, int, double*>(int, double*, long, int, long, int*, int, int)",29686,6448491149283428,6448491149291681,0,136,208,1,1,208,1,1
"KERNEL_DISPATCH",1,1,234879,1839,185,"void rocsolver::v32802::unit_forward_substitution_kernel<double, int, double*>(int, int, double*, int, int, long, long, double*, int, int, long, long)",29691,6448491149294645,6448491149304861,0,512,16,64,1,16,192,1
"KERNEL_DISPATCH",1,1,234879,1840,773,"Cijk_Ailk_Bljk_DB_MT64x64x16_MI16x16x4x1_SN_1LDSB1_APM1_ABV0_ACED0_AF0EM2_AF1EM2_AMAS3_ASE_ASGT_ASLT_ASM_ASAE01_ASCE01_ASEM2_AAC0_BL1_BS1_CLR0_DTLA0_DTLB0_DTVA0_DTVB0_DVO0_ETSP_EPS1_ELFLR0_EMLL0_FSSC10_FL0_GLVWA2_GLVWB2_GRCGA1_GRCGB1_GRPM1_GRVW2_GSU1_GSUASB_GLS0_ISA942_IU1_K1_KLA_LBSPPA0_LBSPPB128_LPA0_LPB2_LDL1_LRVW1_LWPMn1_LDW0_FMA_MIAV1_MDA2_MO40_MMFSC_MKFGSU256_NTA0_NTB0_NTC3_NTD3_NEPBS4_NLCA1_NLCB1_ONLL1_OPLV0_PK0_PAP0_PGR2_PLR5_PKA0_SIA3_SLW1_SS1_SU0_SUM0_SUS0_SCIUI1_SPO1_SRVW0_SSO6_SVW2_SNLL0_TSGRA0_TSGRB0_TT2_32_TLDS1_UMLDSA0_UMLDSB1_U64SL1_USFGROn1_VAW1_VSn1_VW2_VWB1_VFLRP0_WSGRA0_WSGRB0_WS64_WG32_8_1_WGM6",29694,6448491149315357,6448491149319564,0,17408,256,1,1,768,3,1
"KERNEL_DISPATCH",1,1,234879,1841,68,"void rocsolver::v32802::getf2_npvt_small_kernel<16, double, int, int, double*>(int, double*, long, int, long, int*, int, int)",29697,6448491149329459,6448491149337631,0,136,192,1,1,192,1,1
"KERNEL_DISPATCH",1,1,234879,1842,185,"void rocsolver::v32802::unit_forward_substitution_kernel<double, int, double*>(int, int, double*, int, int, long, long, double*, int, int, long, long)",29702,6448491149346605,6448491149356019,0,512,16,64,1,16,192,1
"KERNEL_DISPATCH",1,1,234879,1843,977,"Cijk_Ailk_Bljk_DB_MT128x64x16_MI16x16x4x1_SN_1LDSB1_APM1_ABV0_ACED0_AF0EM2_AF1EM2_AMAS3_ASE_ASGT_ASLT_ASM_ASAE01_ASCE01_ASEM2_AAC0_BL1_BS1_CLR0_DTLA0_DTLB0_DTVA1_DTVB0_DVO0_ETSP_EPS1_ELFLR0_EMLL0_FSSC10_FL0_GLVWA2_GLVWB2_GRCGA1_GRCGB1_GRPM1_GRVW2_GSU1_GSUASB_GLS0_ISA942_IU1_K1_KLA_LBSPPA0_LBSPPB0_LPA0_LPB2_LDL1_LRVW1_LWPMn1_LDW0_FMA_MIAV1_MDA2_MO40_MMFSC_MKFGSU256_NTA0_NTB0_NTC3_NTD3_NEPBS4_NLCA1_NLCB1_ONLL1_OPLV0_PK0_PAP0_PGR2_PLR5_PKA0_SIA3_SLW1_SS1_SU0_SUM0_SUS0_SCIUI1_SPO1_SRVW0_SSO6_SVW2_SNLL0_TSGRA0_TSGRB0_TT2_64_TLDS0_UMLDSA0_UMLDSB0_U64SL1_USFGROn1_VAW1_VSn1_VW2_VWB1_VFLRP0_WSGRA0_WSGRB0_WS64_WG64_4_1_WGM6",29705,6448491149365073,6448491149375129,0,8448,256,1,1,512,3,1
"KERNEL_DISPATCH",1,1,234879,1844,68,"void rocsolver::v32802::getf2_npvt_small_kernel<16, double, int, int, double*>(int, double*, long, int, long, int*, int, int)",29708,6448491149377132,6448491149385304,0,136,176,1,1,176,1,1
"KERNEL_DISPATCH",1,1,234879,1845,185,"void rocsolver::v32802::unit_forward_substitution_kernel<double, int, double*>(int, int, double*, int, int, long, long, double*, int, int, long, long)",29713,6448491149387588,6448491149397683,0,512,16,64,1,16,192,1
"KERNEL_DISPATCH",1,1,234879,1846,977,"Cijk_Ailk_Bljk_DB_MT128x64x16_MI16x16x4x1_SN_1LDSB1_APM1_ABV0_ACED0_AF0EM2_AF1EM2_AMAS3_ASE_ASGT_ASLT_ASM_ASAE01_ASCE01_ASEM2_AAC0_BL1_BS1_CLR0_DTLA0_DTLB0_DTVA1_DTVB0_DVO0_ETSP_EPS1_ELFLR0_EMLL0_FSSC10_FL0_GLVWA2_GLVWB2_GRCGA1_GRCGB1_GRPM1_GRVW2_GSU1_GSUASB_GLS0_ISA942_IU1_K1_KLA_LBSPPA0_LBSPPB0_LPA0_LPB2_LDL1_LRVW1_LWPMn1_LDW0_FMA_MIAV1_MDA2_MO40_MMFSC_MKFGSU256_NTA0_NTB0_NTC3_NTD3_NEPBS4_NLCA1_NLCB1_ONLL1_OPLV0_PK0_PAP0_PGR2_PLR5_PKA0_SIA3_SLW1_SS1_SU0_SUM0_SUS0_SCIUI1_SPO1_SRVW0_SSO6_SVW2_SNLL0_TSGRA0_TSGRB0_TT2_64_TLDS0_UMLDSA0_UMLDSB0_U64SL1_USFGROn1_VAW1_VSn1_VW2_VWB1_VFLRP0_WSGRA0_WSGRB0_WS64_WG64_4_1_WGM6",29716,6448491149407739,6448491149415150,0,8448,256,1,1,512,3,1
"KERNEL_DISPATCH",1,1,234879,1847,68,"void rocsolver::v32802::getf2_npvt_small_kernel<16, double, int, int, double*>(int, double*, long, int, long, int*, int, int)",29719,6448491149419757,6448491149428330,0,136,160,1,1,160,1,1
"KERNEL_DISPATCH",1,1,234879,1848,185,"void rocsolver::v32802::unit_forward_substitution_kernel<double, int, double*>(int, int, double*, int, int, long, long, double*, int, int, long, long)",29724,6448491149430133,6448491149439828,0,512,16,64,1,16,192,1
"KERNEL_DISPATCH",1,1,234879,1849,817,"Cijk_Ailk_Bljk_DB_MT128x64x16_MI16x16x4x1_SN_1LDSB1_APM1_ABV0_ACED0_AF0EM2_AF1EM2_AMAS3_ASE_ASGT_ASLT_ASM_ASAE01_ASCE01_ASEM2_AAC0_BL1_BS1_CLR0_DTLA0_DTLB0_DTVA0_DTVB0_DVO0_ETSP_EPS1_ELFLR0_EMLL0_FSSC10_FL0_GLVWA2_GLVWB2_GRCGA1_GRCGB1_GRPM1_GRVW2_GSU1_GSUASB_GLS0_ISA942_IU1_K1_KLA_LBSPPA0_LBSPPB0_LPA0_LPB2_LDL1_LRVW1_LWPMn1_LDW0_FMA_MIAV1_MDA2_MO40_MMFSC_MKFGSU256_NTA0_NTB0_NTC3_NTD3_NEPBS0_NLCA1_NLCB1_ONLL1_OPLV0_PK0_PAP0_PGR2_PLR5_PKA0_SIA3_SLW1_SS1_SU0_SUM0_SUS0_SCIUI1_SPO1_SRVW0_SSO6_SVW2_SNLL0_TSGRA0_TSGRB0_TT2_64_TLDS0_UMLDSA0_UMLDSB0_U64SL1_USFGROn1_VAW1_VSn1_VW2_VWB1_VFLRP0_WSGRA0_WSGRB0_WS64_WG64_4_1_WGM6",29727,6448491149453890,6448491149462983,0,24832,256,1,1,512,3,1
"KERNEL_DISPATCH",1,1,234879,1850,68,"void rocsolver::v32802::getf2_npvt_small_kernel<16, double, int, int, double*>(int, double*, long, int, long, int*, int, int)",29730,6448491149466349,6448491149474161,0,136,144,1,1,144,1,1
"KERNEL_DISPATCH",1,1,234879,1851,185,"void rocsolver::v32802::unit_forward_substitution_kernel<double, int, double*>(int, int, double*, int, int, long, long, double*, int, int, long, long)",29735,6448491149483775,6448491149492509,0,512,16,64,1,16,128,1
"KERNEL_DISPATCH",1,1,234879,1852,817,"Cijk_Ailk_Bljk_DB_MT128x64x16_MI16x16x4x1_SN_1LDSB1_APM1_ABV0_ACED0_AF0EM2_AF1EM2_AMAS3_ASE_ASGT_ASLT_ASM_ASAE01_ASCE01_ASEM2_AAC0_BL1_BS1_CLR0_DTLA0_DTLB0_DTVA0_DTVB0_DVO0_ETSP_EPS1_ELFLR0_EMLL0_FSSC10_FL0_GLVWA2_GLVWB2_GRCGA1_GRCGB1_GRPM1_GRVW2_GSU1_GSUASB_GLS0_ISA942_IU1_K1_KLA_LBSPPA0_LBSPPB0_LPA0_LPB2_LDL1_LRVW1_LWPMn1_LDW0_FMA_MIAV1_MDA2_MO40_MMFSC_MKFGSU256_NTA0_NTB0_NTC3_NTD3_NEPBS0_NLCA1_NLCB1_ONLL1_OPLV0_PK0_PAP0_PGR2_PLR5_PKA0_SIA3_SLW1_SS1_SU0_SUM0_SUS0_SCIUI1_SPO1_SRVW0_SSO6_SVW2_SNLL0_TSGRA0_TSGRB0_TT2_64_TLDS0_UMLDSA0_UMLDSB0_U64SL1_USFGROn1_VAW1_VSn1_VW2_VWB1_VFLRP0_WSGRA0_WSGRB0_WS64_WG64_4_1_WGM6",29738,6448491149500263,6448491149505390,0,24832,256,1,1,256,2,1
"KERNEL_DISPATCH",1,1,234879,1853,68,"void rocsolver::v32802::getf2_npvt_small_kernel<16, double, int, int, double*>(int, double*, long, int, long, int*, int, int)",29741,6448491149514502,6448491149522114,0,136,128,1,1,128,1,1
"KERNEL_DISPATCH",1,1,234879,1854,185,"void rocsolver::v32802::unit_forward_substitution_kernel<double, int, double*>(int, int, double*, int, int, long, long, double*, int, int, long, long)",29746,6448491149527322,6448491149536536,0,512,16,64,1,16,128,1
"KERNEL_DISPATCH",1,1,234879,1855,1178,"Cijk_Ailk_Bljk_DB_MT128x64x16_MI16x16x4x1_SN_1LDSB1_APM1_ABV0_ACED0_AF0EM2_AF1EM2_AMAS3_ASE_ASGT_ASLT_ASM_ASAE01_ASCE01_ASEM2_AAC0_BL1_BS1_CLR0_DTLA0_DTLB0_DTVA0_DTVB0_DVO0_ETSP_EPS1_ELFLR0_EMLL0_FSSC10_FL0_GLVWA2_GLVWB2_GRCGA1_GRCGB1_GRPM1_GRVW2_GSU1_GSUASB_GLS0_ISA942_IU1_K1_KLA_LBSPPA0_LBSPPB0_LPA0_LPB2_LDL1_LRVW1_LWPMn1_LDW0_FMA_MIAV1_MDA2_MO40_MMFSC_MKFGSU256_NTA0_NTB0_NTC3_NTD3_NEPBS0_NLCA1_NLCB1_ONLL1_OPLV0_PK0_PAP0_PGR2_PLR1_PKA0_SIA3_SLW1_SS1_SU0_SUM0_SUS0_SCIUI1_SPO1_SRVW0_SSO6_SVW2_SNLL0_TSGRA0_TSGRB0_TT2_64_TLDS0_UMLDSA0_UMLDSB0_U64SL1_USFGROn1_VAW1_VSn1_VW2_VWB1_VFLRP0_WSGRA0_WSGRB0_WS64_WG64_4_1_WGM6",29749,6448491149545462,6448491149554676,0,24832,256,1,1,256,2,1
"KERNEL_DISPATCH",1,1,234879,1856,68,"void rocsolver::v32802::getf2_npvt_small_kernel<16, double, int, int, double*>(int, double*, long, int, long, int*, int, int)",29752,6448491149557248,6448491149564058,0,136,112,1,1,112,1,1
"KERNEL_DISPATCH",1,1,234879,1857,185,"void rocsolver::v32802::unit_forward_substitution_kernel<double, int, double*>(int, int, double*, int, int, long, long, double*, int, int, long, long)",29757,6448491149569627,6448491149579322,0,512,16,64,1,16,128,1
"KERNEL_DISPATCH",1,1,234879,1858,999,"Cijk_Ailk_Bljk_DB_MT128x64x16_MI16x16x4x1_SN_1LDSB1_APM1_ABV0_ACED0_AF0EM2_AF1EM2_AMAS3_ASE_ASGT_ASLT_ASM_ASAE01_ASCE01_ASEM2_AAC0_BL1_BS1_CLR0_DTLA0_DTLB0_DTVA1_DTVB0_DVO0_ETSP_EPS1_ELFLR0_EMLL0_FSSC10_FL0_GLVWA2_GLVWB2_GRCGA1_GRCGB1_GRPM1_GRVW2_GSU1_GSUASB_GLS0_ISA942_IU1_K1_KLA_LBSPPA0_LBSPPB0_LPA0_LPB2_LDL1_LRVW1_LWPMn1_LDW0_FMA_MIAV1_MDA2_MO40_MMFSC_MKFGSU256_NTA0_NTB0_NTC3_NTD3_NEPBS0_NLCA1_NLCB1_ONLL1_OPLV0_PK0_PAP0_PGR2_PLR5_PKA0_SIA3_SLW1_SS1_SU0_SUM0_SUS0_SCIUI1_SPO1_SRVW0_SSO6_SVW2_SNLL0_TSGRA0_TSGRB0_TT2_64_TLDS0_UMLDSA0_UMLDSB0_U64SL1_USFGROn1_VAW1_VSn1_VW2_VWB1_VFLRP0_WSGRA0_WSGRB0_WS64_WG64_4_1_WGM12",29760,6448491149593223,6448491149601756,0,8448,256,1,1,256,2,1
"KERNEL_DISPATCH",1,1,234879,1859,68,"void rocsolver::v32802::getf2_npvt_small_kernel<16, double, int, int, double*>(int, double*, long, int, long, int*, int, int)",29763,6448491149607485,6448491149615057,0,136,96,1,1,96,1,1
"KERNEL_DISPATCH",1,1,234879,1860,185,"void rocsolver::v32802::unit_forward_substitution_kernel<double, int, double*>(int, int, double*, int, int, long, long, double*, int, int, long, long)",29768,6448491149619183,6448491149628517,0,512,16,64,1,16,128,1
"KERNEL_DISPATCH",1,1,234879,1861,759,"Cijk_Ailk_Bljk_DB_MT64x64x16_MI16x16x4x1_SN_1LDSB1_APM1_ABV0_ACED0_AF0EM2_AF1EM2_AMAS3_ASE_ASGT_ASLT_ASM_ASAE01_ASCE01_ASEM2_AAC0_BL1_BS1_CLR0_DTLA0_DTLB0_DTVA0_DTVB0_DVO0_ETSP_EPS1_ELFLR0_EMLL0_FSSC10_FL0_GLVWA2_GLVWB2_GRCGA1_GRCGB1_GRPM1_GRVW2_GSU1_GSUASB_GLS0_ISA942_IU1_K1_KLA_LBSPPA0_LBSPPB0_LPA0_LPB2_LDL1_LRVW1_LWPMn1_LDW0_FMA_MIAV1_MDA2_MO40_MMFSC_MKFGSU256_NTA0_NTB0_NTC3_NTD3_NEPBS4_NLCA1_NLCB1_ONLL1_OPLV0_PK0_PAP0_PGR2_PLR5_PKA0_SIA3_SLW1_SS1_SU0_SUM0_SUS0_SCIUI1_SPO1_SRVW0_SSO6_SVW2_SNLL0_TSGRA0_TSGRB0_TT2_32_TLDS0_UMLDSA0_UMLDSB0_U64SL1_USFGROn1_VAW1_VSn1_VW2_VWB1_VFLRP0_WSGRA0_WSGRB0_WS64_WG32_8_1_WGM6",29771,6448491149645023,6448491149652714,0,16640,256,1,1,512,2,1
"KERNEL_DISPATCH",1,1,234879,1862,68,"void rocsolver::v32802::getf2_npvt_small_kernel<16, double, int, int, double*>(int, double*, long, int, long, int*, int, int)",29774,6448491149657482,6448491149664773,0,136,80,1,1,80,1,1
"KERNEL_DISPATCH",1,1,234879,1863,185,"void rocsolver::v32802::unit_forward_substitution_kernel<double, int, double*>(int, int, double*, int, int, long, long, double*, int, int, long, long)",29779,6448491149669059,6448491149677833,0,512,16,64,1,16,64,1
"KERNEL_DISPATCH",1,1,234879,1864,814,"Cijk_Ailk_Bljk_DB_MT64x64x16_MI16x16x4x1_SN_1LDSB1_APM1_ABV0_ACED0_AF0EM2_AF1EM2_AMAS0_ASE_ASGT_ASLT_ASM_ASAE01_ASCE01_ASEM2_AAC0_BL1_BS1_CLR0_DTLA0_DTLB0_DTVA1_DTVB0_DVO0_ETSP_EPS1_ELFLR0_EMLL0_FSSC10_FL0_GLVWA1_GLVWB1_GRCGA1_GRCGB1_GRPM1_GRVW1_GSU1_GSUASB_GLS0_ISA942_IU1_K1_KLA_LBSPPA0_LBSPPB128_LPA0_LPB4_LDL1_LRVW2_LWPMn1_LDW0_FMA_MIAV1_MDA2_MO40_MMFSC_MKFGSU256_NTA0_NTB0_NTC3_NTD3_NEPBS0_NLCA1_NLCB1_ONLL1_OPLV0_PK0_PAP0_PGR2_PLR5_PKA0_SIA3_SLW1_SS1_SU0_SUM0_SUS0_SCIUI1_SPO1_SRVW0_SSO6_SVW1_SNLL0_TSGRA0_TSGRB0_TT1_64_TLDS1_UMLDSA0_UMLDSB1_U64SL1_USFGROn1_VAW1_VSn1_VW1_VWB1_VFLRP0_WSGRA0_WSGRB0_WS64_WG64_4_1_WGM6",29782,6448491149689010,6448491149696221,0,10240,256,1,1,256,1,1
"KERNEL_DISPATCH",1,1,234879,1865,68,"void rocsolver::v32802::getf2_npvt_small_kernel<16, double, int, int, double*>(int, double*, long, int, long, int*, int, int)",29785,6448491149701990,6448491149709281,0,136,64,1,1,64,1,1
"KERNEL_DISPATCH",1,1,234879,1866,185,"void rocsolver::v32802::unit_forward_substitution_kernel<double, int, double*>(int, int, double*, int, int, long, long, double*, int, int, long, long)",29790,6448491149713568,6448491149721260,0,512,16,64,1,16,64,1
"KERNEL_DISPATCH",1,1,234879,1867,744,"Cijk_Ailk_Bljk_DB_MT64x64x16_MI16x16x4x1_SN_1LDSB1_APM1_ABV0_ACED0_AF0EM2_AF1EM2_AMAS3_ASE_ASGT_ASLT_ASM_ASAE01_ASCE01_ASEM2_AAC0_BL1_BS1_CLR0_DTLA0_DTLB0_DTVA0_DTVB0_DVO0_ETSP_EPS1_ELFLR0_EMLL0_FSSC10_FL0_GLVWA2_GLVWB2_GRCGA1_GRCGB1_GRPM1_GRVW2_GSU1_GSUASB_GLS0_ISA942_IU1_K1_KLA_LBSPPA0_LBSPPB128_LPA0_LPB4_LDL1_LRVW2_LWPMn1_LDW0_FMA_MIAV1_MDA2_MO40_MMFSC_MKFGSU256_NTA0_NTB0_NTC3_NTD3_NEPBS0_NLCA1_NLCB1_ONLL1_OPLV0_PK0_PAP0_PGR2_PLR5_PKA0_SIA3_SLW1_SS1_SU0_SUM0_SUS0_SCIUI1_SPO1_SRVW0_SSO6_SVW2_SNLL0_TSGRA0_TSGRB0_TT2_32_TLDS1_UMLDSA0_UMLDSB1_U64SL1_USFGROn1_VAW1_VSn1_VW2_VWB1_VFLRP0_WSGRA0_WSGRB0_WS64_WG32_8_1_WGM6",29793,6448491149731887,6448491149738257,0,18432,256,1,1,256,1,1
"KERNEL_DISPATCH",1,1,234879,1868,68,"void rocsolver::v32802::getf2_npvt_small_kernel<16, double, int, int, double*>(int, double*, long, int, long, int*, int, int)",29796,6448491149745497,6448491149752988,0,136,48,1,1,48,1,1
"KERNEL_DISPATCH",1,1,234879,1869,185,"void rocsolver::v32802::unit_forward_substitution_kernel<double, int, double*>(int, int, double*, int, int, long, long, double*, int, int, long, long)",29801,6448491149758409,6448491149766180,0,512,16,64,1,16,64,1
"KERNEL_DISPATCH",1,1,234879,1870,754,"Cijk_Ailk_Bljk_DB_MT32x64x32_MI16x16x4x1_SN_1LDSB1_APM1_ABV0_ACED0_AF0EM2_AF1EM2_AMAS3_ASE_ASGT_ASLT_ASM_ASAE01_ASCE01_ASEM2_AAC0_BL1_BS1_CLR0_DTLA0_DTLB0_DTVA0_DTVB0_DVO0_ETSP_EPS1_ELFLR0_EMLL0_FSSC10_FL0_GLVWA2_GLVWB2_GRCGA1_GRCGB1_GRPM1_GRVW2_GSU1_GSUASB_GLS0_ISA942_IU1_K1_KLA_LBSPPA0_LBSPPB256_LPA0_LPB4_LDL1_LRVW2_LWPMn1_LDW0_FMA_MIAV1_MDA2_MO40_MMFSC_MKFGSU256_NTA0_NTB0_NTC3_NTD3_NEPBS0_NLCA1_NLCB1_ONLL1_OPLV0_PK0_PAP0_PGR2_PLR9_PKA0_SIA3_SLW1_SS1_SU0_SUM0_SUS0_SCIUI1_SPO1_SRVW0_SSO6_SVW2_SNLL0_TSGRA0_TSGRB0_TT2_16_TLDS1_UMLDSA0_UMLDSB1_U64SL1_USFGROn1_VAW1_VSn1_VW2_VWB1_VFLRP0_WSGRA0_WSGRB0_WS64_WG16_16_1_WGM6",29804,6448491149780911,6448491149786399,0,26624,256,1,1,256,1,1
"KERNEL_DISPATCH",1,1,234879,1871,68,"void rocsolver::v32802::getf2_npvt_small_kernel<16, double, int, int, double*>(int, double*, long, int, long, int*, int, int)",29807,6448491149790365,6448491149799379,0,136,32,1,1,32,1,1
"KERNEL_DISPATCH",1,1,234879,1872,185,"void rocsolver::v32802::unit_forward_substitution_kernel<double, int, double*>(int, int, double*, int, int, long, long, double*, int, int, long, long)",29812,6448491149799379,6448491149806991,0,512,16,64,1,16,64,1
"KERNEL_DISPATCH",1,1,234879,1873,754,"Cijk_Ailk_Bljk_DB_MT32x64x32_MI16x16x4x1_SN_1LDSB1_APM1_ABV0_ACED0_AF0EM2_AF1EM2_AMAS3_ASE_ASGT_ASLT_ASM_ASAE01_ASCE01_ASEM2_AAC0_BL1_BS1_CLR0_DTLA0_DTLB0_DTVA0_DTVB0_DVO0_ETSP_EPS1_ELFLR0_EMLL0_FSSC10_FL0_GLVWA2_GLVWB2_GRCGA1_GRCGB1_GRPM1_GRVW2_GSU1_GSUASB_GLS0_ISA942_IU1_K1_KLA_LBSPPA0_LBSPPB256_LPA0_LPB4_LDL1_LRVW2_LWPMn1_LDW0_FMA_MIAV1_MDA2_MO40_MMFSC_MKFGSU256_NTA0_NTB0_NTC3_NTD3_NEPBS0_NLCA1_NLCB1_ONLL1_OPLV0_PK0_PAP0_PGR2_PLR9_PKA0_SIA3_SLW1_SS1_SU0_SUM0_SUS0_SCIUI1_SPO1_SRVW0_SSO6_SVW2_SNLL0_TSGRA0_TSGRB0_TT2_16_TLDS1_UMLDSA0_UMLDSB1_U64SL1_USFGROn1_VAW1_VSn1_VW2_VWB1_VFLRP0_WSGRA0_WSGRB0_WS64_WG16_16_1_WGM6",29815,6448491149821734,6448491149825780,0,26624,256,1,1,256,1,1
"KERNEL_DISPATCH",1,1,234879,1874,68,"void rocsolver::v32802::getf2_npvt_small_kernel<16, double, int, int, double*>(int, double*, long, int, long, int*, int, int)",29818,6448491149834153,6448491149842045,0,136,16,1,1,16,1,1
"KERNEL_DISPATCH",1,1,234879,1875,1399,"void rocblas_trtri_trsm_kernel<128, 16, 8, double, double const*, double*>(rocblas_fill_, rocblas_diagonal_, double const*, long, int, long, double*, long, long, int)",29822,6448491149844609,6448491149872612,0,8192,256,1,1,4096,1,1
"KERNEL_DISPATCH",1,1,234879,1876,1443,"void rocblas_trtri_fill<128, double, double*>(_rocblas_handle*, rocblas_fill_, int, long, int, long, double*, long, long, int, int)",29827,6448491149872612,6448491149874775,0,0,128,1,1,32512,1,1
"KERNEL_DISPATCH",1,1,234879,1877,997,"Cijk_Ailk_Bljk_DB_MT64x32x16_MI16x16x4x1_SN_1LDSB1_APM1_ABV0_ACED0_AF0EM2_AF1EM2_AMAS0_ASE_ASGT_ASLT_ASM_ASAE01_ASCE01_ASEM2_AAC0_BL1_BS1_CLR0_DTLA0_DTLB0_DTVA1_DTVB0_DVO0_ETSP_EPS1_ELFLR0_EMLL0_FSSC10_FL0_GLVWA1_GLVWB1_GRCGA1_GRCGB1_GRPM1_GRVW1_GSU1_GSUASB_GLS0_ISA942_IU1_K1_KLA_LBSPPA0_LBSPPB128_LPA0_LPB4_LDL1_LRVW2_LWPMn1_LDW0_FMA_MIAV1_MDA2_MO40_MMFSC_MKFGSU256_NTA0_NTB0_NTC3_NTD3_NEPBS0_NLCA1_NLCB1_ONLL1_OPLV0_PK0_PAP0_PGR2_PLR5_PKA0_SIA3_SLW1_SS1_SU0_SUM0_SUS0_SCIUI1_SPO1_SRVW0_SSO6_SVW1_SNLL0_TSGRA0_TSGRB0_TT1_32_TLDS1_UMLDSA0_UMLDSB1_U64SL1_USFGROn1_VAW1_VSn1_VW1_VWB1_VFLRP0_WSGRA0_WSGRB0_WS64_WG64_4_1_WGM12",29831,6448491149877619,6448491149883749,0,5120,256,1,1,256,1,4
"KERNEL_DISPATCH",1,1,234879,1879,997,"Cijk_Ailk_Bljk_DB_MT64x32x16_MI16x16x4x1_SN_1LDSB1_APM1_ABV0_ACED0_AF0EM2_AF1EM2_AMAS0_ASE_ASGT_ASLT_ASM_ASAE01_ASCE01_ASEM2_AAC0_BL1_BS1_CLR0_DTLA0_DTLB0_DTVA1_DTVB0_DVO0_ETSP_EPS1_ELFLR0_EMLL0_FSSC10_FL0_GLVWA1_GLVWB1_GRCGA1_GRCGB1_GRPM1_GRVW1_GSU1_GSUASB_GLS0_ISA942_IU1_K1_KLA_LBSPPA0_LBSPPB128_LPA0_LPB4_LDL1_LRVW2_LWPMn1_LDW0_FMA_MIAV1_MDA2_MO40_MMFSC_MKFGSU256_NTA0_NTB0_NTC3_NTD3_NEPBS0_NLCA1_NLCB1_ONLL1_OPLV0_PK0_PAP0_PGR2_PLR5_PKA0_SIA3_SLW1_SS1_SU0_SUM0_SUS0_SCIUI1_SPO1_SRVW0_SSO6_SVW1_SNLL0_TSGRA0_TSGRB0_TT1_32_TLDS1_UMLDSA0_UMLDSB1_U64SL1_USFGROn1_VAW1_VSn1_VW1_VWB1_VFLRP0_WSGRA0_WSGRB0_WS64_WG64_4_1_WGM12",29837,6448491149911311,6448491149916238,0,5120,256,1,1,256,1,4
"KERNEL_DISPATCH",1,1,234879,1878,997,"Cijk_Ailk_Bljk_DB_MT64x32x16_MI16x16x4x1_SN_1LDSB1_APM1_ABV0_ACED0_AF0EM2_AF1EM2_AMAS0_ASE_ASGT_ASLT_ASM_ASAE01_ASCE01_ASEM2_AAC0_BL1_BS1_CLR0_DTLA0_DTLB0_DTVA1_DTVB0_DVO0_ETSP_EPS1_ELFLR0_EMLL0_FSSC10_FL0_GLVWA1_GLVWB1_GRCGA1_GRCGB1_GRPM1_GRVW1_GSU1_GSUASB_GLS0_ISA942_IU1_K1_KLA_LBSPPA0_LBSPPB128_LPA0_LPB4_LDL1_LRVW2_LWPMn1_LDW0_FMA_MIAV1_MDA2_MO40_MMFSC_MKFGSU256_NTA0_NTB0_NTC3_NTD3_NEPBS0_NLCA1_NLCB1_ONLL1_OPLV0_PK0_PAP0_PGR2_PLR5_PKA0_SIA3_SLW1_SS1_SU0_SUM0_SUS0_SCIUI1_SPO1_SRVW0_SSO6_SVW1_SNLL0_TSGRA0_TSGRB0_TT1_32_TLDS1_UMLDSA0_UMLDSB1_U64SL1_USFGROn1_VAW1_VSn1_VW1_VWB1_VFLRP0_WSGRA0_WSGRB0_WS64_WG64_4_1_WGM12",29834,6448491149891200,6448491149897930,0,5120,256,1,1,256,1,4
"KERNEL_DISPATCH",1,1,234879,1880,997,"Cijk_Ailk_Bljk_DB_MT64x32x16_MI16x16x4x1_SN_1LDSB1_APM1_ABV0_ACED0_AF0EM2_AF1EM2_AMAS0_ASE_ASGT_ASLT_ASM_ASAE01_ASCE01_ASEM2_AAC0_BL1_BS1_CLR0_DTLA0_DTLB0_DTVA1_DTVB0_DVO0_ETSP_EPS1_ELFLR0_EMLL0_FSSC10_FL0_GLVWA1_GLVWB1_GRCGA1_GRCGB1_GRPM1_GRVW1_GSU1_GSUASB_GLS0_ISA942_IU1_K1_KLA_LBSPPA0_LBSPPB128_LPA0_LPB4_LDL1_LRVW2_LWPMn1_LDW0_FMA_MIAV1_MDA2_MO40_MMFSC_MKFGSU256_NTA0_NTB0_NTC3_NTD3_NEPBS0_NLCA1_NLCB1_ONLL1_OPLV0_PK0_PAP0_PGR2_PLR5_PKA0_SIA3_SLW1_SS1_SU0_SUM0_SUS0_SCIUI1_SPO1_SRVW0_SSO6_SVW1_SNLL0_TSGRA0_TSGRB0_TT1_32_TLDS1_UMLDSA0_UMLDSB1_U64SL1_USFGROn1_VAW1_VSn1_VW1_VWB1_VFLRP0_WSGRA0_WSGRB0_WS64_WG64_4_1_WGM12",29840,6448491149931862,6448491149935949,0,5120,256,1,1,256,1,4
"KERNEL_DISPATCH",1,1,234879,1881,970,"Cijk_Ailk_Bljk_DB_MT64x64x32_MI16x16x4x1_SN_1LDSB1_APM1_ABV0_ACED0_AF0EM2_AF1EM2_AMAS0_ASE_ASGT_ASLT_ASM_ASAE01_ASCE01_ASEM2_AAC0_BL1_BS1_CLR0_DTLA0_DTLB0_DTVA0_DTVB0_DVO0_ETSP_EPS1_ELFLR0_EMLL0_FSSC10_FL0_GLVWA1_GLVWB1_GRCGA1_GRCGB1_GRPM1_GRVW1_GSU1_GSUASB_GLS0_ISA942_IU1_K1_KLA_LBSPPA0_LBSPPB0_LPA0_LPB1_LDL1_LRVW1_LWPMn1_LDW0_FMA_MIAV1_MDA2_MO40_MMFSC_MKFGSU256_NTA0_NTB0_NTC3_NTD3_NEPBS0_NLCA1_NLCB1_ONLL1_OPLV0_PK0_PAP0_PGR2_PLR9_PKA0_SIA3_SLW1_SS1_SU0_SUM0_SUS0_SCIUI1_SPO1_SRVW0_SSO6_SVW1_SNLL0_TSGRA0_TSGRB0_TT2_32_TLDS0_UMLDSA0_UMLDSB0_U64SL1_USFGROn1_VAW1_VSn1_VW1_VWB1_VFLRP0_WSGRA0_WSGRB0_WS64_WG32_8_1_WGM6",29843,6448491149954589,6448491149962281,0,33024,256,1,1,256,1,4
"KERNEL_DISPATCH",1,1,234879,1882,970,"Cijk_Ailk_Bljk_DB_MT64x64x32_MI16x16x4x1_SN_1LDSB1_APM1_ABV0_ACED0_AF0EM2_AF1EM2_AMAS0_ASE_ASGT_ASLT_ASM_ASAE01_ASCE01_ASEM2_AAC0_BL1_BS1_CLR0_DTLA0_DTLB0_DTVA0_DTVB0_DVO0_ETSP_EPS1_ELFLR0_EMLL0_FSSC10_FL0_GLVWA1_GLVWB1_GRCGA1_GRCGB1_GRPM1_GRVW1_GSU1_GSUASB_GLS0_ISA942_IU1_K1_KLA_LBSPPA0_LBSPPB0_LPA0_LPB1_LDL1_LRVW1_LWPMn1_LDW0_FMA_MIAV1_MDA2_MO40_MMFSC_MKFGSU256_NTA0_NTB0_NTC3_NTD3_NEPBS0_NLCA1_NLCB1_ONLL1_OPLV0_PK0_PAP0_PGR2_PLR9_PKA0_SIA3_SLW1_SS1_SU0_SUM0_SUS0_SCIUI1_SPO1_SRVW0_SSO6_SVW1_SNLL0_TSGRA0_TSGRB0_TT2_32_TLDS0_UMLDSA0_UMLDSB0_U64SL1_USFGROn1_VAW1_VSn1_VW1_VWB1_VFLRP0_WSGRA0_WSGRB0_WS64_WG32_8_1_WGM6",29846,6448491149973526,6448491149979776,0,33024,256,1,1,256,1,4
"KERNEL_DISPATCH",1,1,234879,1883,1471,"void rocblas_copy_matrix_trsm<128, 8, double, double*, double*>(int, int, int, double*, int, long, double*, int, long, long, long, int)",29850,6448491149984503,6448491149987067,0,0,128,8,1,512,128,1
"KERNEL_DISPATCH",1,1,234879,1884,830,"Cijk_Ailk_Bljk_DB_MT128x64x16_MI16x16x4x1_SN_1LDSB1_APM1_ABV0_ACED0_AF0EM2_AF1EM2_AMAS3_ASE_ASGT_ASLT_ASM_ASAE01_ASCE01_ASEM2_AAC0_BL1_BS1_CLR0_DTLA0_DTLB0_DTVA1_DTVB0_DVO0_ETSP_EPS1_ELFLR0_EMLL0_FSSC10_FL0_GLVWA2_GLVWB2_GRCGA1_GRCGB1_GRPM1_GRVW2_GSU1_GSUASB_GLS0_ISA942_IU1_K1_KLA_LBSPPA0_LBSPPB128_LPA0_LPB2_LDL1_LRVW1_LWPMn1_LDW0_FMA_MIAV1_MDA2_MO40_MMFSC_MKFGSU256_NTA0_NTB0_NTC3_NTD3_NEPBS0_NLCA1_NLCB1_ONLL1_OPLV0_PK0_PAP0_PGR2_PLR1_PKA0_SIA3_SLW1_SS1_SU0_SUM0_SUS0_SCIUI1_SPO1_SRVW0_SSO6_SVW2_SNLL0_TSGRA0_TSGRB0_TT2_64_TLDS1_UMLDSA0_UMLDSB1_U64SL1_USFGROn1_VAW1_VSn1_VW2_VWB1_VFLRP0_WSGRA0_WSGRB0_WS64_WG64_4_1_WGM6",29854,6448491150015391,6448491150031415,0,9216,256,1,1,1024,2,1
"KERNEL_DISPATCH",1,1,234879,1885,830,"Cijk_Ailk_Bljk_DB_MT128x64x16_MI16x16x4x1_SN_1LDSB1_APM1_ABV0_ACED0_AF0EM2_AF1EM2_AMAS3_ASE_ASGT_ASLT_ASM_ASAE01_ASCE01_ASEM2_AAC0_BL1_BS1_CLR0_DTLA0_DTLB0_DTVA1_DTVB0_DVO0_ETSP_EPS1_ELFLR0_EMLL0_FSSC10_FL0_GLVWA2_GLVWB2_GRCGA1_GRCGB1_GRPM1_GRVW2_GSU1_GSUASB_GLS0_ISA942_IU1_K1_KLA_LBSPPA0_LBSPPB128_LPA0_LPB2_LDL1_LRVW1_LWPMn1_LDW0_FMA_MIAV1_MDA2_MO40_MMFSC_MKFGSU256_NTA0_NTB0_NTC3_NTD3_NEPBS0_NLCA1_NLCB1_ONLL1_OPLV0_PK0_PAP0_PGR2_PLR1_PKA0_SIA3_SLW1_SS1_SU0_SUM0_SUS0_SCIUI1_SPO1_SRVW0_SSO6_SVW2_SNLL0_TSGRA0_TSGRB0_TT2_64_TLDS1_UMLDSA0_UMLDSB1_U64SL1_USFGROn1_VAW1_VSn1_VW2_VWB1_VFLRP0_WSGRA0_WSGRB0_WS64_WG64_4_1_WGM6",29857,6448491150031415,6448491150043874,0,9216,256,1,1,1024,2,1
"KERNEL_DISPATCH",1,1,234879,1886,830,"Cijk_Ailk_Bljk_DB_MT128x64x16_MI16x16x4x1_SN_1LDSB1_APM1_ABV0_ACED0_AF0EM2_AF1EM2_AMAS3_ASE_ASGT_ASLT_ASM_ASAE01_ASCE01_ASEM2_AAC0_BL1_BS1_CLR0_DTLA0_DTLB0_DTVA1_DTVB0_DVO0_ETSP_EPS1_ELFLR0_EMLL0_FSSC10_FL0_GLVWA2_GLVWB2_GRCGA1_GRCGB1_GRPM1_GRVW2_GSU1_GSUASB_GLS0_ISA942_IU1_K1_KLA_LBSPPA0_LBSPPB128_LPA0_LPB2_LDL1_LRVW1_LWPMn1_LDW0_FMA_MIAV1_MDA2_MO40_MMFSC_MKFGSU256_NTA0_NTB0_NTC3_NTD3_NEPBS0_NLCA1_NLCB1_ONLL1_OPLV0_PK0_PAP0_PGR2_PLR1_PKA0_SIA3_SLW1_SS1_SU0_SUM0_SUS0_SCIUI1_SPO1_SRVW0_SSO6_SVW2_SNLL0_TSGRA0_TSGRB0_TT2_64_TLDS1_UMLDSA0_UMLDSB1_U64SL1_USFGROn1_VAW1_VSn1_VW2_VWB1_VFLRP0_WSGRA0_WSGRB0_WS64_WG64_4_1_WGM6",29860,6448491150043874,6448491150051846,0,9216,256,1,1,1024,2,1
"KERNEL_DISPATCH",1,1,234879,1887,904,"Cijk_Ailk_Bljk_DB_MT64x32x32_MI16x16x4x1_SN_1LDSB1_APM1_ABV0_ACED0_AF0EM2_AF1EM2_AMAS3_ASE_ASGT_ASLT_ASM_ASAE01_ASCE01_ASEM2_AAC0_BL1_BS1_CLR0_DTLA0_DTLB0_DTVA0_DTVB0_DVO0_ETSP_EPS1_ELFLR0_EMLL0_FSSC10_FL0_GLVWA2_GLVWB2_GRCGA1_GRCGB1_GRPM1_GRVW2_GSU1_GSUASB_GLS0_ISA942_IU1_K1_KLA_LBSPPA0_LBSPPB256_LPA0_LPB4_LDL1_LRVW2_LWPMn1_LDW0_FMA_MIAV1_MDA2_MO40_MMFSC_MKFGSU256_NTA0_NTB0_NTC3_NTD3_NEPBS0_NLCA1_NLCB1_ONLL1_OPLV0_PK0_PAP0_PGR2_PLR9_PKA0_SIA3_SLW1_SS1_SU0_SUM0_SUS0_SCIUI1_SPO1_SRVW0_SSO6_SVW2_SNLL0_TSGRA0_TSGRB0_TT2_16_TLDS1_UMLDSA0_UMLDSB1_U64SL1_USFGROn1_VAW1_VSn1_VW2_VWB1_VFLRP0_WSGRA0_WSGRB0_WS64_WG32_8_1_WGM6",29863,6448491150061012,6448491150070907,0,25600,256,1,1,2048,4,1
"KERNEL_DISPATCH",1,1,234879,1888,830,"Cijk_Ailk_Bljk_DB_MT128x64x16_MI16x16x4x1_SN_1LDSB1_APM1_ABV0_ACED0_AF0EM2_AF1EM2_AMAS3_ASE_ASGT_ASLT_ASM_ASAE01_ASCE01_ASEM2_AAC0_BL1_BS1_CLR0_DTLA0_DTLB0_DTVA1_DTVB0_DVO0_ETSP_EPS1_ELFLR0_EMLL0_FSSC10_FL0_GLVWA2_GLVWB2_GRCGA1_GRCGB1_GRPM1_GRVW2_GSU1_GSUASB_GLS0_ISA942_IU1_K1_KLA_LBSPPA0_LBSPPB128_LPA0_LPB2_LDL1_LRVW1_LWPMn1_LDW0_FMA_MIAV1_MDA2_MO40_MMFSC_MKFGSU256_NTA0_NTB0_NTC3_NTD3_NEPBS0_NLCA1_NLCB1_ONLL1_OPLV0_PK0_PAP0_PGR2_PLR1_PKA0_SIA3_SLW1_SS1_SU0_SUM0_SUS0_SCIUI1_SPO1_SRVW0_SSO6_SVW2_SNLL0_TSGRA0_TSGRB0_TT2_64_TLDS1_UMLDSA0_UMLDSB1_U64SL1_USFGROn1_VAW1_VSn1_VW2_VWB1_VFLRP0_WSGRA0_WSGRB0_WS64_WG64_4_1_WGM6",29866,6448491150075424,6448491150083837,0,9216,256,1,1,1024,2,1
"KERNEL_DISPATCH",1,1,234879,1889,904,"Cijk_Ailk_Bljk_DB_MT64x32x32_MI16x16x4x1_SN_1LDSB1_APM1_ABV0_ACED0_AF0EM2_AF1EM2_AMAS3_ASE_ASGT_ASLT_ASM_ASAE01_ASCE01_ASEM2_AAC0_BL1_BS1_CLR0_DTLA0_DTLB0_DTVA0_DTVB0_DVO0_ETSP_EPS1_ELFLR0_EMLL0_FSSC10_FL0_GLVWA2_GLVWB2_GRCGA1_GRCGB1_GRPM1_GRVW2_GSU1_GSUASB_GLS0_ISA942_IU1_K1_KLA_LBSPPA0_LBSPPB256_LPA0_LPB4_LDL1_LRVW2_LWPMn1_LDW0_FMA_MIAV1_MDA2_MO40_MMFSC_MKFGSU256_NTA0_NTB0_NTC3_NTD3_NEPBS0_NLCA1_NLCB1_ONLL1_OPLV0_PK0_PAP0_PGR2_PLR9_PKA0_SIA3_SLW1_SS1_SU0_SUM0_SUS0_SCIUI1_SPO1_SRVW0_SSO6_SVW2_SNLL0_TSGRA0_TSGRB0_TT2_16_TLDS1_UMLDSA0_UMLDSB1_U64SL1_USFGROn1_VAW1_VSn1_VW2_VWB1_VFLRP0_WSGRA0_WSGRB0_WS64_WG32_8_1_WGM6",29869,6448491150093470,6448491150103446,0,25600,256,1,1,2048,4,1
"KERNEL_DISPATCH",1,1,234879,1890,830,"Cijk_Ailk_Bljk_DB_MT128x64x16_MI16x16x4x1_SN_1LDSB1_APM1_ABV0_ACED0_AF0EM2_AF1EM2_AMAS3_ASE_ASGT_ASLT_ASM_ASAE01_ASCE01_ASEM2_AAC0_BL1_BS1_CLR0_DTLA0_DTLB0_DTVA1_DTVB0_DVO0_ETSP_EPS1_ELFLR0_EMLL0_FSSC10_FL0_GLVWA2_GLVWB2_GRCGA1_GRCGB1_GRPM1_GRVW2_GSU1_GSUASB_GLS0_ISA942_IU1_K1_KLA_LBSPPA0_LBSPPB128_LPA0_LPB2_LDL1_LRVW1_LWPMn1_LDW0_FMA_MIAV1_MDA2_MO40_MMFSC_MKFGSU256_NTA0_NTB0_NTC3_NTD3_NEPBS0_NLCA1_NLCB1_ONLL1_OPLV0_PK0_PAP0_PGR2_PLR1_PKA0_SIA3_SLW1_SS1_SU0_SUM0_SUS0_SCIUI1_SPO1_SRVW0_SSO6_SVW2_SNLL0_TSGRA0_TSGRB0_TT2_64_TLDS1_UMLDSA0_UMLDSB1_U64SL1_USFGROn1_VAW1_VSn1_VW2_VWB1_VFLRP0_WSGRA0_WSGRB0_WS64_WG64_4_1_WGM6",29872,6448491150110456,6448491150118829,0,9216,256,1,1,1024,2,1
"KERNEL_DISPATCH",1,1,234879,1891,1399,"void rocblas_trtri_trsm_kernel<128, 16, 8, double, double const*, double*>(rocblas_fill_, rocblas_diagonal_, double const*, long, int, long, double*, long, long, int)",29876,6448491150125159,6448491150151439,0,8192,256,1,1,4096,1,1
"KERNEL_DISPATCH",1,1,234879,1892,1443,"void rocblas_trtri_fill<128, double, double*>(_rocblas_handle*, rocblas_fill_, int, long, int, long, double*, long, long, int, int)",29881,6448491150151439,6448491150153763,0,0,128,1,1,32512,1,1
"KERNEL_DISPATCH",1,1,234879,1893,997,"Cijk_Ailk_Bljk_DB_MT64x32x16_MI16x16x4x1_SN_1LDSB1_APM1_ABV0_ACED0_AF0EM2_AF1EM2_AMAS0_ASE_ASGT_ASLT_ASM_ASAE01_ASCE01_ASEM2_AAC0_BL1_BS1_CLR0_DTLA0_DTLB0_DTVA1_DTVB0_DVO0_ETSP_EPS1_ELFLR0_EMLL0_FSSC10_FL0_GLVWA1_GLVWB1_GRCGA1_GRCGB1_GRPM1_GRVW1_GSU1_GSUASB_GLS0_ISA942_IU1_K1_KLA_LBSPPA0_LBSPPB128_LPA0_LPB4_LDL1_LRVW2_LWPMn1_LDW0_FMA_MIAV1_MDA2_MO40_MMFSC_MKFGSU256_NTA0_NTB0_NTC3_NTD3_NEPBS0_NLCA1_NLCB1_ONLL1_OPLV0_PK0_PAP0_PGR2_PLR5_PKA0_SIA3_SLW1_SS1_SU0_SUM0_SUS0_SCIUI1_SPO1_SRVW0_SSO6_SVW1_SNLL0_TSGRA0_TSGRB0_TT1_32_TLDS1_UMLDSA0_UMLDSB1_U64SL1_USFGROn1_VAW1_VSn1_VW1_VWB1_VFLRP0_WSGRA0_WSGRB0_WS64_WG64_4_1_WGM12",29885,6448491150155806,6448491150160733,0,5120,256,1,1,256,1,4
"KERNEL_DISPATCH",1,1,234879,1894,997,"Cijk_Ailk_Bljk_DB_MT64x32x16_MI16x16x4x1_SN_1LDSB1_APM1_ABV0_ACED0_AF0EM2_AF1EM2_AMAS0_ASE_ASGT_ASLT_ASM_ASAE01_ASCE01_ASEM2_AAC0_BL1_BS1_CLR0_DTLA0_DTLB0_DTVA1_DTVB0_DVO0_ETSP_EPS1_ELFLR0_EMLL0_FSSC10_FL0_GLVWA1_GLVWB1_GRCGA1_GRCGB1_GRPM1_GRVW1_GSU1_GSUASB_GLS0_ISA942_IU1_K1_KLA_LBSPPA0_LBSPPB128_LPA0_LPB4_LDL1_LRVW2_LWPMn1_LDW0_FMA_MIAV1_MDA2_MO40_MMFSC_MKFGSU256_NTA0_NTB0_NTC3_NTD3_NEPBS0_NLCA1_NLCB1_ONLL1_OPLV0_PK0_PAP0_PGR2_PLR5_PKA0_SIA3_SLW1_SS1_SU0_SUM0_SUS0_SCIUI1_SPO1_SRVW0_SSO6_SVW1_SNLL0_TSGRA0_TSGRB0_TT1_32_TLDS1_UMLDSA0_UMLDSB1_U64SL1_USFGROn1_VAW1_VSn1_VW1_VWB1_VFLRP0_WSGRA0_WSGRB0_WS64_WG64_4_1_WGM12",29888,6448491150173793,6448491150178240,0,5120,256,1,1,256,1,4
"KERNEL_DISPATCH",1,1,234879,1895,997,"Cijk_Ailk_Bljk_DB_MT64x32x16_MI16x16x4x1_SN_1LDSB1_APM1_ABV0_ACED0_AF0EM2_AF1EM2_AMAS0_ASE_ASGT_ASLT_ASM_ASAE01_ASCE01_ASEM2_AAC0_BL1_BS1_CLR0_DTLA0_DTLB0_DTVA1_DTVB0_DVO0_ETSP_EPS1_ELFLR0_EMLL0_FSSC10_FL0_GLVWA1_GLVWB1_GRCGA1_GRCGB1_GRPM1_GRVW1_GSU1_GSUASB_GLS0_ISA942_IU1_K1_KLA_LBSPPA0_LBSPPB128_LPA0_LPB4_LDL1_LRVW2_LWPMn1_LDW0_FMA_MIAV1_MDA2_MO40_MMFSC_MKFGSU256_NTA0_NTB0_NTC3_NTD3_NEPBS0_NLCA1_NLCB1_ONLL1_OPLV0_PK0_PAP0_PGR2_PLR5_PKA0_SIA3_SLW1_SS1_SU0_SUM0_SUS0_SCIUI1_SPO1_SRVW0_SSO6_SVW1_SNLL0_TSGRA0_TSGRB0_TT1_32_TLDS1_UMLDSA0_UMLDSB1_U64SL1_USFGROn1_VAW1_VSn1_VW1_VWB1_VFLRP0_WSGRA0_WSGRB0_WS64_WG64_4_1_WGM12",29891,6448491150194946,6448491150199753,0,5120,256,1,1,256,1,4
"KERNEL_DISPATCH",1,1,234879,1896,997,"Cijk_Ailk_Bljk_DB_MT64x32x16_MI16x16x4x1_SN_1LDSB1_APM1_ABV0_ACED0_AF0EM2_AF1EM2_AMAS0_ASE_ASGT_ASLT_ASM_ASAE01_ASCE01_ASEM2_AAC0_BL1_BS1_CLR0_DTLA0_DTLB0_DTVA1_DTVB0_DVO0_ETSP_EPS1_ELFLR0_EMLL0_FSSC10_FL0_GLVWA1_GLVWB1_GRCGA1_GRCGB1_GRPM1_GRVW1_GSU1_GSUASB_GLS0_ISA942_IU1_K1_KLA_LBSPPA0_LBSPPB128_LPA0_LPB4_LDL1_LRVW2_LWPMn1_LDW0_FMA_MIAV1_MDA2_MO40_MMFSC_MKFGSU256_NTA0_NTB0_NTC3_NTD3_NEPBS0_NLCA1_NLCB1_ONLL1_OPLV0_PK0_PAP0_PGR2_PLR5_PKA0_SIA3_SLW1_SS1_SU0_SUM0_SUS0_SCIUI1_SPO1_SRVW0_SSO6_SVW1_SNLL0_TSGRA0_TSGRB0_TT1_32_TLDS1_UMLDSA0_UMLDSB1_U64SL1_USFGROn1_VAW1_VSn1_VW1_VWB1_VFLRP0_WSGRA0_WSGRB0_WS64_WG64_4_1_WGM12",29894,6448491150213214,6448491150217300,0,5120,256,1,1,256,1,4
"KERNEL_DISPATCH",1,1,234879,1897,970,"Cijk_Ailk_Bljk_DB_MT64x64x32_MI16x16x4x1_SN_1LDSB1_APM1_ABV0_ACED0_AF0EM2_AF1EM2_AMAS0_ASE_ASGT_ASLT_ASM_ASAE01_ASCE01_ASEM2_AAC0_BL1_BS1_CLR0_DTLA0_DTLB0_DTVA0_DTVB0_DVO0_ETSP_EPS1_ELFLR0_EMLL0_FSSC10_FL0_GLVWA1_GLVWB1_GRCGA1_GRCGB1_GRPM1_GRVW1_GSU1_GSUASB_GLS0_ISA942_IU1_K1_KLA_LBSPPA0_LBSPPB0_LPA0_LPB1_LDL1_LRVW1_LWPMn1_LDW0_FMA_MIAV1_MDA2_MO40_MMFSC_MKFGSU256_NTA0_NTB0_NTC3_NTD3_NEPBS0_NLCA1_NLCB1_ONLL1_OPLV0_PK0_PAP0_PGR2_PLR9_PKA0_SIA3_SLW1_SS1_SU0_SUM0_SUS0_SCIUI1_SPO1_SRVW0_SSO6_SVW1_SNLL0_TSGRA0_TSGRB0_TT2_32_TLDS0_UMLDSA0_UMLDSB0_U64SL1_USFGROn1_VAW1_VSn1_VW1_VWB1_VFLRP0_WSGRA0_WSGRB0_WS64_WG32_8_1_WGM6",29897,6448491150226715,6448491150232604,0,33024,256,1,1,256,1,4
"KERNEL_DISPATCH",1,1,234879,1898,970,"Cijk_Ailk_Bljk_DB_MT64x64x32_MI16x16x4x1_SN_1LDSB1_APM1_ABV0_ACED0_AF0EM2_AF1EM2_AMAS0_ASE_ASGT_ASLT_ASM_ASAE01_ASCE01_ASEM2_AAC0_BL1_BS1_CLR0_DTLA0_DTLB0_DTVA0_DTVB0_DVO0_ETSP_EPS1_ELFLR0_EMLL0_FSSC10_FL0_GLVWA1_GLVWB1_GRCGA1_GRCGB1_GRPM1_GRVW1_GSU1_GSUASB_GLS0_ISA942_IU1_K1_KLA_LBSPPA0_LBSPPB0_LPA0_LPB1_LDL1_LRVW1_LWPMn1_LDW0_FMA_MIAV1_MDA2_MO40_MMFSC_MKFGSU256_NTA0_NTB0_NTC3_NTD3_NEPBS0_NLCA1_NLCB1_ONLL1_OPLV0_PK0_PAP0_PGR2_PLR9_PKA0_SIA3_SLW1_SS1_SU0_SUM0_SUS0_SCIUI1_SPO1_SRVW0_SSO6_SVW1_SNLL0_TSGRA0_TSGRB0_TT2_32_TLDS0_UMLDSA0_UMLDSB0_U64SL1_USFGROn1_VAW1_VSn1_VW1_VWB1_VFLRP0_WSGRA0_WSGRB0_WS64_WG32_8_1_WGM6",29900,6448491150241657,6448491150247426,0,33024,256,1,1,256,1,4
"KERNEL_DISPATCH",1,1,234879,1899,1471,"void rocblas_copy_matrix_trsm<128, 8, double, double*, double*>(int, int, int, double*, int, long, double*, int, long, long, long, int)",29904,6448491150254570,6448491150257053,0,0,128,8,1,128,512,1
"KERNEL_DISPATCH",1,1,234879,1900,830,"Cijk_Ailk_Bljk_DB_MT128x64x16_MI16x16x4x1_SN_1LDSB1_APM1_ABV0_ACED0_AF0EM2_AF1EM2_AMAS3_ASE_ASGT_ASLT_ASM_ASAE01_ASCE01_ASEM2_AAC0_BL1_BS1_CLR0_DTLA0_DTLB0_DTVA1_DTVB0_DVO0_ETSP_EPS1_ELFLR0_EMLL0_FSSC10_FL0_GLVWA2_GLVWB2_GRCGA1_GRCGB1_GRPM1_GRVW2_GSU1_GSUASB_GLS0_ISA942_IU1_K1_KLA_LBSPPA0_LBSPPB128_LPA0_LPB2_LDL1_LRVW1_LWPMn1_LDW0_FMA_MIAV1_MDA2_MO40_MMFSC_MKFGSU256_NTA0_NTB0_NTC3_NTD3_NEPBS0_NLCA1_NLCB1_ONLL1_OPLV0_PK0_PAP0_PGR2_PLR1_PKA0_SIA3_SLW1_SS1_SU0_SUM0_SUS0_SCIUI1_SPO1_SRVW0_SSO6_SVW2_SNLL0_TSGRA0_TSGRB0_TT2_64_TLDS1_UMLDSA0_UMLDSB1_U64SL1_USFGROn1_VAW1_VSn1_VW2_VWB1_VFLRP0_WSGRA0_WSGRB0_WS64_WG64_4_1_WGM6",29908,6448491150278875,6448491150287007,0,9216,256,1,1,256,8,1
"KERNEL_DISPATCH",1,1,234879,1901,830,"Cijk_Ailk_Bljk_DB_MT128x64x16_MI16x16x4x1_SN_1LDSB1_APM1_ABV0_ACED0_AF0EM2_AF1EM2_AMAS3_ASE_ASGT_ASLT_ASM_ASAE01_ASCE01_ASEM2_AAC0_BL1_BS1_CLR0_DTLA0_DTLB0_DTVA1_DTVB0_DVO0_ETSP_EPS1_ELFLR0_EMLL0_FSSC10_FL0_GLVWA2_GLVWB2_GRCGA1_GRCGB1_GRPM1_GRVW2_GSU1_GSUASB_GLS0_ISA942_IU1_K1_KLA_LBSPPA0_LBSPPB128_LPA0_LPB2_LDL1_LRVW1_LWPMn1_LDW0_FMA_MIAV1_MDA2_MO40_MMFSC_MKFGSU256_NTA0_NTB0_NTC3_NTD3_NEPBS0_NLCA1_NLCB1_ONLL1_OPLV0_PK0_PAP0_PGR2_PLR1_PKA0_SIA3_SLW1_SS1_SU0_SUM0_SUS0_SCIUI1_SPO1_SRVW0_SSO6_SVW2_SNLL0_TSGRA0_TSGRB0_TT2_64_TLDS1_UMLDSA0_UMLDSB1_U64SL1_USFGROn1_VAW1_VSn1_VW2_VWB1_VFLRP0_WSGRA0_WSGRB0_WS64_WG64_4_1_WGM6",29911,6448491150288970,6448491150298865,0,9216,256,1,1,256,8,1
"KERNEL_DISPATCH",1,1,234879,1902,830,"Cijk_Ailk_Bljk_DB_MT128x64x16_MI16x16x4x1_SN_1LDSB1_APM1_ABV0_ACED0_AF0EM2_AF1EM2_AMAS3_ASE_ASGT_ASLT_ASM_ASAE01_ASCE01_ASEM2_AAC0_BL1_BS1_CLR0_DTLA0_DTLB0_DTVA1_DTVB0_DVO0_ETSP_EPS1_ELFLR0_EMLL0_FSSC10_FL0_GLVWA2_GLVWB2_GRCGA1_GRCGB1_GRPM1_GRVW2_GSU1_GSUASB_GLS0_ISA942_IU1_K1_KLA_LBSPPA0_LBSPPB128_LPA0_LPB2_LDL1_LRVW1_LWPMn1_LDW0_FMA_MIAV1_MDA2_MO40_MMFSC_MKFGSU256_NTA0_NTB0_NTC3_NTD3_NEPBS0_NLCA1_NLCB1_ONLL1_OPLV0_PK0_PAP0_PGR2_PLR1_PKA0_SIA3_SLW1_SS1_SU0_SUM0_SUS0_SCIUI1_SPO1_SRVW0_SSO6_SVW2_SNLL0_TSGRA0_TSGRB0_TT2_64_TLDS1_UMLDSA0_UMLDSB1_U64SL1_USFGROn1_VAW1_VSn1_VW2_VWB1_VFLRP0_WSGRA0_WSGRB0_WS64_WG64_4_1_WGM6",29914,6448491150307278,6448491150315130,0,9216,256,1,1,256,8,1
"KERNEL_DISPATCH",1,1,234879,1903,904,"Cijk_Ailk_Bljk_DB_MT64x32x32_MI16x16x4x1_SN_1LDSB1_APM1_ABV0_ACED0_AF0EM2_AF1EM2_AMAS3_ASE_ASGT_ASLT_ASM_ASAE01_ASCE01_ASEM2_AAC0_BL1_BS1_CLR0_DTLA0_DTLB0_DTVA0_DTVB0_DVO0_ETSP_EPS1_ELFLR0_EMLL0_FSSC10_FL0_GLVWA2_GLVWB2_GRCGA1_GRCGB1_GRPM1_GRVW2_GSU1_GSUASB_GLS0_ISA942_IU1_K1_KLA_LBSPPA0_LBSPPB256_LPA0_LPB4_LDL1_LRVW2_LWPMn1_LDW0_FMA_MIAV1_MDA2_MO40_MMFSC_MKFGSU256_NTA0_NTB0_NTC3_NTD3_NEPBS0_NLCA1_NLCB1_ONLL1_OPLV0_PK0_PAP0_PGR2_PLR9_PKA0_SIA3_SLW1_SS1_SU0_SUM0_SUS0_SCIUI1_SPO1_SRVW0_SSO6_SVW2_SNLL0_TSGRA0_TSGRB0_TT2_16_TLDS1_UMLDSA0_UMLDSB1_U64SL1_USFGROn1_VAW1_VSn1_VW2_VWB1_VFLRP0_WSGRA0_WSGRB0_WS64_WG32_8_1_WGM6",29917,6448491150323904,6448491150331355,0,25600,256,1,1,512,16,1
"KERNEL_DISPATCH",1,1,234879,1904,830,"Cijk_Ailk_Bljk_DB_MT128x64x16_MI16x16x4x1_SN_1LDSB1_APM1_ABV0_ACED0_AF0EM2_AF1EM2_AMAS3_ASE_ASGT_ASLT_ASM_ASAE01_ASCE01_ASEM2_AAC0_BL1_BS1_CLR0_DTLA0_DTLB0_DTVA1_DTVB0_DVO0_ETSP_EPS1_ELFLR0_EMLL0_FSSC10_FL0_GLVWA2_GLVWB2_GRCGA1_GRCGB1_GRPM1_GRVW2_GSU1_GSUASB_GLS0_ISA942_IU1_K1_KLA_LBSPPA0_LBSPPB128_LPA0_LPB2_LDL1_LRVW1_LWPMn1_LDW0_FMA_MIAV1_MDA2_MO40_MMFSC_MKFGSU256_NTA0_NTB0_NTC3_NTD3_NEPBS0_NLCA1_NLCB1_ONLL1_OPLV0_PK0_PAP0_PGR2_PLR1_PKA0_SIA3_SLW1_SS1_SU0_SUM0_SUS0_SCIUI1_SPO1_SRVW0_SSO6_SVW2_SNLL0_TSGRA0_TSGRB0_TT2_64_TLDS1_UMLDSA0_UMLDSB1_U64SL1_USFGROn1_VAW1_VSn1_VW2_VWB1_VFLRP0_WSGRA0_WSGRB0_WS64_WG64_4_1_WGM6",29920,6448491150339728,6448491150347940,0,9216,256,1,1,256,8,1
"KERNEL_DISPATCH",1,1,234879,1905,904,"Cijk_Ailk_Bljk_DB_MT64x32x32_MI16x16x4x1_SN_1LDSB1_APM1_ABV0_ACED0_AF0EM2_AF1EM2_AMAS3_ASE_ASGT_ASLT_ASM_ASAE01_ASCE01_ASEM2_AAC0_BL1_BS1_CLR0_DTLA0_DTLB0_DTVA0_DTVB0_DVO0_ETSP_EPS1_ELFLR0_EMLL0_FSSC10_FL0_GLVWA2_GLVWB2_GRCGA1_GRCGB1_GRPM1_GRVW2_GSU1_GSUASB_GLS0_ISA942_IU1_K1_KLA_LBSPPA0_LBSPPB256_LPA0_LPB4_LDL1_LRVW2_LWPMn1_LDW0_FMA_MIAV1_MDA2_MO40_MMFSC_MKFGSU256_NTA0_NTB0_NTC3_NTD3_NEPBS0_NLCA1_NLCB1_ONLL1_OPLV0_PK0_PAP0_PGR2_PLR9_PKA0_SIA3_SLW1_SS1_SU0_SUM0_SUS0_SCIUI1_SPO1_SRVW0_SSO6_SVW2_SNLL0_TSGRA0_TSGRB0_TT2_16_TLDS1_UMLDSA0_UMLDSB1_U64SL1_USFGROn1_VAW1_VSn1_VW2_VWB1_VFLRP0_WSGRA0_WSGRB0_WS64_WG32_8_1_WGM6",29923,6448491150356634,6448491150366569,0,25600,256,1,1,512,16,1
"KERNEL_DISPATCH",1,1,234879,1906,830,"Cijk_Ailk_Bljk_DB_MT128x64x16_MI16x16x4x1_SN_1LDSB1_APM1_ABV0_ACED0_AF0EM2_AF1EM2_AMAS3_ASE_ASGT_ASLT_ASM_ASAE01_ASCE01_ASEM2_AAC0_BL1_BS1_CLR0_DTLA0_DTLB0_DTVA1_DTVB0_DVO0_ETSP_EPS1_ELFLR0_EMLL0_FSSC10_FL0_GLVWA2_GLVWB2_GRCGA1_GRCGB1_GRPM1_GRVW2_GSU1_GSUASB_GLS0_ISA942_IU1_K1_KLA_LBSPPA0_LBSPPB128_LPA0_LPB2_LDL1_LRVW1_LWPMn1_LDW0_FMA_MIAV1_MDA2_MO40_MMFSC_MKFGSU256_NTA0_NTB0_NTC3_NTD3_NEPBS0_NLCA1_NLCB1_ONLL1_OPLV0_PK0_PAP0_PGR2_PLR1_PKA0_SIA3_SLW1_SS1_SU0_SUM0_SUS0_SCIUI1_SPO1_SRVW0_SSO6_SVW2_SNLL0_TSGRA0_TSGRB0_TT2_64_TLDS1_UMLDSA0_UMLDSB1_U64SL1_USFGROn1_VAW1_VSn1_VW2_VWB1_VFLRP0_WSGRA0_WSGRB0_WS64_WG64_4_1_WGM6",29926,6448491150372761,6448491150381133,0,9216,256,1,1,256,8,1
"KERNEL_DISPATCH",1,1,234879,1907,1251,"Cijk_Ailk_Bljk_DB_MT32x64x32_MI16x16x4x1_SN_1LDSB1_APM1_ABV0_ACED0_AF0EM2_AF1EM2_AMAS0_ASE_ASGT_ASLT_ASM_ASAE01_ASCE01_ASEM2_AAC0_BL1_BS1_CLR0_DTLA0_DTLB0_DTVA0_DTVB0_DVO0_ETSP_EPS1_ELFLR0_EMLL0_FSSC10_FL0_GLVWA2_GLVWB2_GRCGA1_GRCGB1_GRPM1_GRVW2_GSU1_GSUASB_GLS0_ISA942_IU1_K1_KLA_LBSPPA0_LBSPPB256_LPA0_LPB4_LDL1_LRVW2_LWPMn1_LDW0_FMA_MIAV1_MDA2_MO40_MMFSC_MKFGSU256_NTA0_NTB0_NTC3_NTD3_NEPBS0_NLCA1_NLCB1_ONLL1_OPLV0_PK0_PAP0_PGR2_PLR9_PKA0_SIA3_SLW1_SS1_SU0_SUM0_SUS0_SCIUI1_SPO1_SRVW0_SSO6_SVW1_SNLL0_TSGRA0_TSGRB0_TT2_16_TLDS1_UMLDSA0_UMLDSB1_U64SL1_USFGROn1_VAW1_VSn1_VW1_VWB1_VFLRP0_WSGRA0_WSGRB0_WS64_WG16_16_1_WGM6",29929,6448491150394612,6448491150412159,0,26624,256,1,1,4096,8,1
"KERNEL_DISPATCH",1,1,234879,1908,68,"void rocsolver::v32802::getf2_npvt_small_kernel<16, double, int, int, double*>(int, double*, long, int, long, int*, int, int)",29932,6448491150412159,6448491150422214,0,136,512,1,1,512,1,1
"KERNEL_DISPATCH",1,1,234879,1909,185,"void rocsolver::v32802::unit_forward_substitution_kernel<double, int, double*>(int, int, double*, int, int, long, long, double*, int, int, long, long)",29937,6448491150422214,6448491150431989,0,512,16,64,1,16,512,1
"KERNEL_DISPATCH",1,1,234879,1910,904,"Cijk_Ailk_Bljk_DB_MT64x32x32_MI16x16x4x1_SN_1LDSB1_APM1_ABV0_ACED0_AF0EM2_AF1EM2_AMAS3_ASE_ASGT_ASLT_ASM_ASAE01_ASCE01_ASEM2_AAC0_BL1_BS1_CLR0_DTLA0_DTLB0_DTVA0_DTVB0_DVO0_ETSP_EPS1_ELFLR0_EMLL0_FSSC10_FL0_GLVWA2_GLVWB2_GRCGA1_GRCGB1_GRPM1_GRVW2_GSU1_GSUASB_GLS0_ISA942_IU1_K1_KLA_LBSPPA0_LBSPPB256_LPA0_LPB4_LDL1_LRVW2_LWPMn1_LDW0_FMA_MIAV1_MDA2_MO40_MMFSC_MKFGSU256_NTA0_NTB0_NTC3_NTD3_NEPBS0_NLCA1_NLCB1_ONLL1_OPLV0_PK0_PAP0_PGR2_PLR9_PKA0_SIA3_SLW1_SS1_SU0_SUM0_SUS0_SCIUI1_SPO1_SRVW0_SSO6_SVW2_SNLL0_TSGRA0_TSGRB0_TT2_16_TLDS1_UMLDSA0_UMLDSB1_U64SL1_USFGROn1_VAW1_VSn1_VW2_VWB1_VFLRP0_WSGRA0_WSGRB0_WS64_WG32_8_1_WGM6",29940,6448491150438840,6448491150443567,0,25600,256,1,1,2048,16,1
"KERNEL_DISPATCH",1,1,234879,1911,68,"void rocsolver::v32802::getf2_npvt_small_kernel<16, double, int, int, double*>(int, double*, long, int, long, int*, int, int)",29943,6448491150452581,6448491150462356,0,136,496,1,1,496,1,1
"KERNEL_DISPATCH",1,1,234879,1912,185,"void rocsolver::v32802::unit_forward_substitution_kernel<double, int, double*>(int, int, double*, int, int, long, long, double*, int, int, long, long)",29948,6448491150466723,6448491150475977,0,512,16,64,1,16,512,1
"KERNEL_DISPATCH",1,1,234879,1913,904,"Cijk_Ailk_Bljk_DB_MT64x32x32_MI16x16x4x1_SN_1LDSB1_APM1_ABV0_ACED0_AF0EM2_AF1EM2_AMAS3_ASE_ASGT_ASLT_ASM_ASAE01_ASCE01_ASEM2_AAC0_BL1_BS1_CLR0_DTLA0_DTLB0_DTVA0_DTVB0_DVO0_ETSP_EPS1_ELFLR0_EMLL0_FSSC10_FL0_GLVWA2_GLVWB2_GRCGA1_GRCGB1_GRPM1_GRVW2_GSU1_GSUASB_GLS0_ISA942_IU1_K1_KLA_LBSPPA0_LBSPPB256_LPA0_LPB4_LDL1_LRVW2_LWPMn1_LDW0_FMA_MIAV1_MDA2_MO40_MMFSC_MKFGSU256_NTA0_NTB0_NTC3_NTD3_NEPBS0_NLCA1_NLCB1_ONLL1_OPLV0_PK0_PAP0_PGR2_PLR9_PKA0_SIA3_SLW1_SS1_SU0_SUM0_SUS0_SCIUI1_SPO1_SRVW0_SSO6_SVW2_SNLL0_TSGRA0_TSGRB0_TT2_16_TLDS1_UMLDSA0_UMLDSB1_U64SL1_USFGROn1_VAW1_VSn1_VW2_VWB1_VFLRP0_WSGRA0_WSGRB0_WS64_WG32_8_1_WGM6",29951,6448491150486633,6448491150491120,0,25600,256,1,1,2048,15,1
"KERNEL_DISPATCH",1,1,234879,1914,68,"void rocsolver::v32802::getf2_npvt_small_kernel<16, double, int, int, double*>(int, double*, long, int, long, int*, int, int)",29954,6448491150499132,6448491150508707,0,136,480,1,1,480,1,1
"KERNEL_DISPATCH",1,1,234879,1915,185,"void rocsolver::v32802::unit_forward_substitution_kernel<double, int, double*>(int, int, double*, int, int, long, long, double*, int, int, long, long)",29959,6448491150513474,6448491150522889,0,512,16,64,1,16,512,1
"KERNEL_DISPATCH",1,1,234879,1916,904,"Cijk_Ailk_Bljk_DB_MT64x32x32_MI16x16x4x1_SN_1LDSB1_APM1_ABV0_ACED0_AF0EM2_AF1EM2_AMAS3_ASE_ASGT_ASLT_ASM_ASAE01_ASCE01_ASEM2_AAC0_BL1_BS1_CLR0_DTLA0_DTLB0_DTVA0_DTVB0_DVO0_ETSP_EPS1_ELFLR0_EMLL0_FSSC10_FL0_GLVWA2_GLVWB2_GRCGA1_GRCGB1_GRPM1_GRVW2_GSU1_GSUASB_GLS0_ISA942_IU1_K1_KLA_LBSPPA0_LBSPPB256_LPA0_LPB4_LDL1_LRVW2_LWPMn1_LDW0_FMA_MIAV1_MDA2_MO40_MMFSC_MKFGSU256_NTA0_NTB0_NTC3_NTD3_NEPBS0_NLCA1_NLCB1_ONLL1_OPLV0_PK0_PAP0_PGR2_PLR9_PKA0_SIA3_SLW1_SS1_SU0_SUM0_SUS0_SCIUI1_SPO1_SRVW0_SSO6_SVW2_SNLL0_TSGRA0_TSGRB0_TT2_16_TLDS1_UMLDSA0_UMLDSB1_U64SL1_USFGROn1_VAW1_VSn1_VW2_VWB1_VFLRP0_WSGRA0_WSGRB0_WS64_WG32_8_1_WGM6",29962,6448491150538032,6448491150543160,0,25600,256,1,1,2048,15,1
"KERNEL_DISPATCH",1,1,234879,1917,68,"void rocsolver::v32802::getf2_npvt_small_kernel<16, double, int, int, double*>(int, double*, long, int, long, int*, int, int)",29965,6448491150547517,6448491150557573,0,136,464,1,1,464,1,1
"KERNEL_DISPATCH",1,1,234879,1918,185,"void rocsolver::v32802::unit_forward_substitution_kernel<double, int, double*>(int, int, double*, int, int, long, long, double*, int, int, long, long)",29970,6448491150561067,6448491150571323,0,512,16,64,1,16,448,1
"KERNEL_DISPATCH",1,1,234879,1919,904,"Cijk_Ailk_Bljk_DB_MT64x32x32_MI16x16x4x1_SN_1LDSB1_APM1_ABV0_ACED0_AF0EM2_AF1EM2_AMAS3_ASE_ASGT_ASLT_ASM_ASAE01_ASCE01_ASEM2_AAC0_BL1_BS1_CLR0_DTLA0_DTLB0_DTVA0_DTVB0_DVO0_ETSP_EPS1_ELFLR0_EMLL0_FSSC10_FL0_GLVWA2_GLVWB2_GRCGA1_GRCGB1_GRPM1_GRVW2_GSU1_GSUASB_GLS0_ISA942_IU1_K1_KLA_LBSPPA0_LBSPPB256_LPA0_LPB4_LDL1_LRVW2_LWPMn1_LDW0_FMA_MIAV1_MDA2_MO40_MMFSC_MKFGSU256_NTA0_NTB0_NTC3_NTD3_NEPBS0_NLCA1_NLCB1_ONLL1_OPLV0_PK0_PAP0_PGR2_PLR9_PKA0_SIA3_SLW1_SS1_SU0_SUM0_SUS0_SCIUI1_SPO1_SRVW0_SSO6_SVW2_SNLL0_TSGRA0_TSGRB0_TT2_16_TLDS1_UMLDSA0_UMLDSB1_U64SL1_USFGROn1_VAW1_VSn1_VW2_VWB1_VFLRP0_WSGRA0_WSGRB0_WS64_WG32_8_1_WGM6",29973,6448491150580497,6448491150584343,0,25600,256,1,1,1792,14,1
"KERNEL_DISPATCH",1,1,234879,1920,68,"void rocsolver::v32802::getf2_npvt_small_kernel<16, double, int, int, double*>(int, double*, long, int, long, int*, int, int)",29976,6448491150592395,6448491150602371,0,136,448,1,1,448,1,1
"KERNEL_DISPATCH",1,1,234879,1921,185,"void rocsolver::v32802::unit_forward_substitution_kernel<double, int, double*>(int, int, double*, int, int, long, long, double*, int, int, long, long)",29981,6448491150605295,6448491150614669,0,512,16,64,1,16,448,1
"KERNEL_DISPATCH",1,1,234879,1922,904,"Cijk_Ailk_Bljk_DB_MT64x32x32_MI16x16x4x1_SN_1LDSB1_APM1_ABV0_ACED0_AF0EM2_AF1EM2_AMAS3_ASE_ASGT_ASLT_ASM_ASAE01_ASCE01_ASEM2_AAC0_BL1_BS1_CLR0_DTLA0_DTLB0_DTVA0_DTVB0_DVO0_ETSP_EPS1_ELFLR0_EMLL0_FSSC10_FL0_GLVWA2_GLVWB2_GRCGA1_GRCGB1_GRPM1_GRVW2_GSU1_GSUASB_GLS0_ISA942_IU1_K1_KLA_LBSPPA0_LBSPPB256_LPA0_LPB4_LDL1_LRVW2_LWPMn1_LDW0_FMA_MIAV1_MDA2_MO40_MMFSC_MKFGSU256_NTA0_NTB0_NTC3_NTD3_NEPBS0_NLCA1_NLCB1_ONLL1_OPLV0_PK0_PAP0_PGR2_PLR9_PKA0_SIA3_SLW1_SS1_SU0_SUM0_SUS0_SCIUI1_SPO1_SRVW0_SSO6_SVW2_SNLL0_TSGRA0_TSGRB0_TT2_16_TLDS1_UMLDSA0_UMLDSB1_U64SL1_USFGROn1_VAW1_VSn1_VW2_VWB1_VFLRP0_WSGRA0_WSGRB0_WS64_WG32_8_1_WGM6",29984,6448491150628382,6448491150632789,0,25600,256,1,1,1792,14,1
"KERNEL_DISPATCH",1,1,234879,1923,68,"void rocsolver::v32802::getf2_npvt_small_kernel<16, double, int, int, double*>(int, double*, long, int, long, int*, int, int)",29987,6448491150638947,6448491150648642,0,136,432,1,1,432,1,1
"KERNEL_DISPATCH",1,1,234879,1924,185,"void rocsolver::v32802::unit_forward_substitution_kernel<double, int, double*>(int, int, double*, int, int, long, long, double*, int, int, long, long)",29992,6448491150653209,6448491150662823,0,512,16,64,1,16,448,1
"KERNEL_DISPATCH",1,1,234879,1925,904,"Cijk_Ailk_Bljk_DB_MT64x32x32_MI16x16x4x1_SN_1LDSB1_APM1_ABV0_ACED0_AF0EM2_AF1EM2_AMAS3_ASE_ASGT_ASLT_ASM_ASAE01_ASCE01_ASEM2_AAC0_BL1_BS1_CLR0_DTLA0_DTLB0_DTVA0_DTVB0_DVO0_ETSP_EPS1_ELFLR0_EMLL0_FSSC10_FL0_GLVWA2_GLVWB2_GRCGA1_GRCGB1_GRPM1_GRVW2_GSU1_GSUASB_GLS0_ISA942_IU1_K1_KLA_LBSPPA0_LBSPPB256_LPA0_LPB4_LDL1_LRVW2_LWPMn1_LDW0_FMA_MIAV1_MDA2_MO40_MMFSC_MKFGSU256_NTA0_NTB0_NTC3_NTD3_NEPBS0_NLCA1_NLCB1_ONLL1_OPLV0_PK0_PAP0_PGR2_PLR9_PKA0_SIA3_SLW1_SS1_SU0_SUM0_SUS0_SCIUI1_SPO1_SRVW0_SSO6_SVW2_SNLL0_TSGRA0_TSGRB0_TT2_16_TLDS1_UMLDSA0_UMLDSB1_U64SL1_USFGROn1_VAW1_VSn1_VW2_VWB1_VFLRP0_WSGRA0_WSGRB0_WS64_WG32_8_1_WGM6",29995,6448491150674784,6448491150678509,0,25600,256,1,1,1792,13,1
"KERNEL_DISPATCH",1,1,234879,1926,68,"void rocsolver::v32802::getf2_npvt_small_kernel<16, double, int, int, double*>(int, double*, long, int, long, int*, int, int)",29998,6448491150684056,6448491150693550,0,136,416,1,1,416,1,1
"KERNEL_DISPATCH",1,1,234879,1927,185,"void rocsolver::v32802::unit_forward_substitution_kernel<double, int, double*>(int, int, double*, int, int, long, long, double*, int, int, long, long)",30003,6448491150697957,6448491150707652,0,512,16,64,1,16,448,1
"KERNEL_DISPATCH",1,1,234879,1928,904,"Cijk_Ailk_Bljk_DB_MT64x32x32_MI16x16x4x1_SN_1LDSB1_APM1_ABV0_ACED0_AF0EM2_AF1EM2_AMAS3_ASE_ASGT_ASLT_ASM_ASAE01_ASCE01_ASEM2_AAC0_BL1_BS1_CLR0_DTLA0_DTLB0_DTVA0_DTVB0_DVO0_ETSP_EPS1_ELFLR0_EMLL0_FSSC10_FL0_GLVWA2_GLVWB2_GRCGA1_GRCGB1_GRPM1_GRVW2_GSU1_GSUASB_GLS0_ISA942_IU1_K1_KLA_LBSPPA0_LBSPPB256_LPA0_LPB4_LDL1_LRVW2_LWPMn1_LDW0_FMA_MIAV1_MDA2_MO40_MMFSC_MKFGSU256_NTA0_NTB0_NTC3_NTD3_NEPBS0_NLCA1_NLCB1_ONLL1_OPLV0_PK0_PAP0_PGR2_PLR9_PKA0_SIA3_SLW1_SS1_SU0_SUM0_SUS0_SCIUI1_SPO1_SRVW0_SSO6_SVW2_SNLL0_TSGRA0_TSGRB0_TT2_16_TLDS1_UMLDSA0_UMLDSB1_U64SL1_USFGROn1_VAW1_VSn1_VW2_VWB1_VFLRP0_WSGRA0_WSGRB0_WS64_WG32_8_1_WGM6",30006,6448491150715143,6448491150718949,0,25600,256,1,1,1792,13,1
"KERNEL_DISPATCH",1,1,234879,1929,68,"void rocsolver::v32802::getf2_npvt_small_kernel<16, double, int, int, double*>(int, double*, long, int, long, int*, int, int)",30009,6448491150726922,6448491150736296,0,136,400,1,1,400,1,1
"KERNEL_DISPATCH",1,1,234879,1930,185,"void rocsolver::v32802::unit_forward_substitution_kernel<double, int, double*>(int, int, double*, int, int, long, long, double*, int, int, long, long)",30014,6448491150741824,6448491150750678,0,512,16,64,1,16,384,1
"KERNEL_DISPATCH",1,1,234879,1931,904,"Cijk_Ailk_Bljk_DB_MT64x32x32_MI16x16x4x1_SN_1LDSB1_APM1_ABV0_ACED0_AF0EM2_AF1EM2_AMAS3_ASE_ASGT_ASLT_ASM_ASAE01_ASCE01_ASEM2_AAC0_BL1_BS1_CLR0_DTLA0_DTLB0_DTVA0_DTVB0_DVO0_ETSP_EPS1_ELFLR0_EMLL0_FSSC10_FL0_GLVWA2_GLVWB2_GRCGA1_GRCGB1_GRPM1_GRVW2_GSU1_GSUASB_GLS0_ISA942_IU1_K1_KLA_LBSPPA0_LBSPPB256_LPA0_LPB4_LDL1_LRVW2_LWPMn1_LDW0_FMA_MIAV1_MDA2_MO40_MMFSC_MKFGSU256_NTA0_NTB0_NTC3_NTD3_NEPBS0_NLCA1_NLCB1_ONLL1_OPLV0_PK0_PAP0_PGR2_PLR9_PKA0_SIA3_SLW1_SS1_SU0_SUM0_SUS0_SCIUI1_SPO1_SRVW0_SSO6_SVW2_SNLL0_TSGRA0_TSGRB0_TT2_16_TLDS1_UMLDSA0_UMLDSB1_U64SL1_USFGROn1_VAW1_VSn1_VW2_VWB1_VFLRP0_WSGRA0_WSGRB0_WS64_WG32_8_1_WGM6",30017,6448491150762696,6448491150766262,0,25600,256,1,1,1536,12,1
"KERNEL_DISPATCH",1,1,234879,1932,68,"void rocsolver::v32802::getf2_npvt_small_kernel<16, double, int, int, double*>(int, double*, long, int, long, int*, int, int)",30020,6448491150774474,6448491150783408,0,136,384,1,1,384,1,1
"KERNEL_DISPATCH",1,1,234879,1933,185,"void rocsolver::v32802::unit_forward_substitution_kernel<double, int, double*>(int, int, double*, int, int, long, long, double*, int, int, long, long)",30025,6448491150787666,6448491150797481,0,512,16,64,1,16,384,1
"KERNEL_DISPATCH",1,1,234879,1934,820,"Cijk_Ailk_Bljk_DB_MT128x64x16_MI16x16x4x1_SN_1LDSB1_APM1_ABV0_ACED0_AF0EM2_AF1EM2_AMAS3_ASE_ASGT_ASLT_ASM_ASAE01_ASCE01_ASEM2_AAC0_BL1_BS1_CLR0_DTLA0_DTLB0_DTVA1_DTVB0_DVO0_ETSP_EPS1_ELFLR0_EMLL0_FSSC10_FL0_GLVWA2_GLVWB2_GRCGA1_GRCGB1_GRPM1_GRVW2_GSU1_GSUASB_GLS0_ISA942_IU1_K1_KLA_LBSPPA0_LBSPPB0_LPA0_LPB2_LDL1_LRVW1_LWPMn1_LDW0_FMA_MIAV1_MDA2_MO40_MMFSC_MKFGSU256_NTA0_NTB0_NTC3_NTD3_NEPBS4_NLCA1_NLCB1_ONLL1_OPLV0_PK0_PAP0_PGR2_PLR1_PKA0_SIA3_SLW1_SS1_SU0_SUM0_SUS0_SCIUI1_SPO1_SRVW0_SSO6_SVW2_SNLL0_TSGRA0_TSGRB0_TT2_64_TLDS0_UMLDSA0_UMLDSB0_U64SL1_USFGROn1_VAW1_VSn1_VW2_VWB1_VFLRP0_WSGRA0_WSGRB0_WS64_WG64_4_1_WGM12",30028,6448491150805963,6448491150814696,0,8448,256,1,1,768,6,1
"KERNEL_DISPATCH",1,1,234879,1935,68,"void rocsolver::v32802::getf2_npvt_small_kernel<16, double, int, int, double*>(int, double*, long, int, long, int*, int, int)",30031,6448491150816419,6448491150824952,0,136,368,1,1,368,1,1
"KERNEL_DISPATCH",1,1,234879,1936,185,"void rocsolver::v32802::unit_forward_substitution_kernel<double, int, double*>(int, int, double*, int, int, long, long, double*, int, int, long, long)",30036,6448491150828148,6448491150837042,0,512,16,64,1,16,384,1
"KERNEL_DISPATCH",1,1,234879,1937,820,"Cijk_Ailk_Bljk_DB_MT128x64x16_MI16x16x4x1_SN_1LDSB1_APM1_ABV0_ACED0_AF0EM2_AF1EM2_AMAS3_ASE_ASGT_ASLT_ASM_ASAE01_ASCE01_ASEM2_AAC0_BL1_BS1_CLR0_DTLA0_DTLB0_DTVA1_DTVB0_DVO0_ETSP_EPS1_ELFLR0_EMLL0_FSSC10_FL0_GLVWA2_GLVWB2_GRCGA1_GRCGB1_GRPM1_GRVW2_GSU1_GSUASB_GLS0_ISA942_IU1_K1_KLA_LBSPPA0_LBSPPB0_LPA0_LPB2_LDL1_LRVW1_LWPMn1_LDW0_FMA_MIAV1_MDA2_MO40_MMFSC_MKFGSU256_NTA0_NTB0_NTC3_NTD3_NEPBS4_NLCA1_NLCB1_ONLL1_OPLV0_PK0_PAP0_PGR2_PLR1_PKA0_SIA3_SLW1_SS1_SU0_SUM0_SUS0_SCIUI1_SPO1_SRVW0_SSO6_SVW2_SNLL0_TSGRA0_TSGRB0_TT2_64_TLDS0_UMLDSA0_UMLDSB0_U64SL1_USFGROn1_VAW1_VSn1_VW2_VWB1_VFLRP0_WSGRA0_WSGRB0_WS64_WG64_4_1_WGM12",30039,6448491150847266,6448491150854197,0,8448,256,1,1,768,6,1
"KERNEL_DISPATCH",1,1,234879,1938,68,"void rocsolver::v32802::getf2_npvt_small_kernel<16, double, int, int, double*>(int, double*, long, int, long, int*, int, int)",30042,6448491150857722,6448491150866456,0,136,352,1,1,352,1,1
"KERNEL_DISPATCH",1,1,234879,1939,185,"void rocsolver::v32802::unit_forward_substitution_kernel<double, int, double*>(int, int, double*, int, int, long, long, double*, int, int, long, long)",30047,6448491150871663,6448491150881318,0,512,16,64,1,16,384,1
"KERNEL_DISPATCH",1,1,234879,1940,820,"Cijk_Ailk_Bljk_DB_MT128x64x16_MI16x16x4x1_SN_1LDSB1_APM1_ABV0_ACED0_AF0EM2_AF1EM2_AMAS3_ASE_ASGT_ASLT_ASM_ASAE01_ASCE01_ASEM2_AAC0_BL1_BS1_CLR0_DTLA0_DTLB0_DTVA1_DTVB0_DVO0_ETSP_EPS1_ELFLR0_EMLL0_FSSC10_FL0_GLVWA2_GLVWB2_GRCGA1_GRCGB1_GRPM1_GRVW2_GSU1_GSUASB_GLS0_ISA942_IU1_K1_KLA_LBSPPA0_LBSPPB0_LPA0_LPB2_LDL1_LRVW1_LWPMn1_LDW0_FMA_MIAV1_MDA2_MO40_MMFSC_MKFGSU256_NTA0_NTB0_NTC3_NTD3_NEPBS4_NLCA1_NLCB1_ONLL1_OPLV0_PK0_PAP0_PGR2_PLR1_PKA0_SIA3_SLW1_SS1_SU0_SUM0_SUS0_SCIUI1_SPO1_SRVW0_SSO6_SVW2_SNLL0_TSGRA0_TSGRB0_TT2_64_TLDS0_UMLDSA0_UMLDSB0_U64SL1_USFGROn1_VAW1_VSn1_VW2_VWB1_VFLRP0_WSGRA0_WSGRB0_WS64_WG64_4_1_WGM12",30050,6448491150889571,6448491150898184,0,8448,256,1,1,768,6,1
"KERNEL_DISPATCH",1,1,234879,1941,68,"void rocsolver::v32802::getf2_npvt_small_kernel<16, double, int, int, double*>(int, double*, long, int, long, int*, int, int)",30053,6448491150901790,6448491150911124,0,136,336,1,1,336,1,1
"KERNEL_DISPATCH",1,1,234879,1942,185,"void rocsolver::v32802::unit_forward_substitution_kernel<double, int, double*>(int, int, double*, int, int, long, long, double*, int, int, long, long)",30058,6448491150916733,6448491150926147,0,512,16,64,1,16,320,1
"KERNEL_DISPATCH",1,1,234879,1943,820,"Cijk_Ailk_Bljk_DB_MT128x64x16_MI16x16x4x1_SN_1LDSB1_APM1_ABV0_ACED0_AF0EM2_AF1EM2_AMAS3_ASE_ASGT_ASLT_ASM_ASAE01_ASCE01_ASEM2_AAC0_BL1_BS1_CLR0_DTLA0_DTLB0_DTVA1_DTVB0_DVO0_ETSP_EPS1_ELFLR0_EMLL0_FSSC10_FL0_GLVWA2_GLVWB2_GRCGA1_GRCGB1_GRPM1_GRVW2_GSU1_GSUASB_GLS0_ISA942_IU1_K1_KLA_LBSPPA0_LBSPPB0_LPA0_LPB2_LDL1_LRVW1_LWPMn1_LDW0_FMA_MIAV1_MDA2_MO40_MMFSC_MKFGSU256_NTA0_NTB0_NTC3_NTD3_NEPBS4_NLCA1_NLCB1_ONLL1_OPLV0_PK0_PAP0_PGR2_PLR1_PKA0_SIA3_SLW1_SS1_SU0_SUM0_SUS0_SCIUI1_SPO1_SRVW0_SSO6_SVW2_SNLL0_TSGRA0_TSGRB0_TT2_64_TLDS0_UMLDSA0_UMLDSB0_U64SL1_USFGROn1_VAW1_VSn1_VW2_VWB1_VFLRP0_WSGRA0_WSGRB0_WS64_WG64_4_1_WGM12",30061,6448491150936523,6448491150943293,0,8448,256,1,1,768,5,1
"KERNEL_DISPATCH",1,1,234879,1944,68,"void rocsolver::v32802::getf2_npvt_small_kernel<16, double, int, int, double*>(int, double*, long, int, long, int*, int, int)",30064,6448491150949343,6448491150957916,0,136,320,1,1,320,1,1
"KERNEL_DISPATCH",1,1,234879,1945,185,"void rocsolver::v32802::unit_forward_substitution_kernel<double, int, double*>(int, int, double*, int, int, long, long, double*, int, int, long, long)",30069,6448491150966008,6448491150975022,0,512,16,64,1,16,320,1
"KERNEL_DISPATCH",1,1,234879,1946,820,"Cijk_Ailk_Bljk_DB_MT128x64x16_MI16x16x4x1_SN_1LDSB1_APM1_ABV0_ACED0_AF0EM2_AF1EM2_AMAS3_ASE_ASGT_ASLT_ASM_ASAE01_ASCE01_ASEM2_AAC0_BL1_BS1_CLR0_DTLA0_DTLB0_DTVA1_DTVB0_DVO0_ETSP_EPS1_ELFLR0_EMLL0_FSSC10_FL0_GLVWA2_GLVWB2_GRCGA1_GRCGB1_GRPM1_GRVW2_GSU1_GSUASB_GLS0_ISA942_IU1_K1_KLA_LBSPPA0_LBSPPB0_LPA0_LPB2_LDL1_LRVW1_LWPMn1_LDW0_FMA_MIAV1_MDA2_MO40_MMFSC_MKFGSU256_NTA0_NTB0_NTC3_NTD3_NEPBS4_NLCA1_NLCB1_ONLL1_OPLV0_PK0_PAP0_PGR2_PLR1_PKA0_SIA3_SLW1_SS1_SU0_SUM0_SUS0_SCIUI1_SPO1_SRVW0_SSO6_SVW2_SNLL0_TSGRA0_TSGRB0_TT2_64_TLDS0_UMLDSA0_UMLDSB0_U64SL1_USFGROn1_VAW1_VSn1_VW2_VWB1_VFLRP0_WSGRA0_WSGRB0_WS64_WG64_4_1_WGM12",30072,6448491150983065,6448491150989836,0,8448,256,1,1,768,5,1
"KERNEL_DISPATCH",1,1,234879,1947,68,"void rocsolver::v32802::getf2_npvt_small_kernel<16, double, int, int, double*>(int, double*, long, int, long, int*, int, int)",30075,6448491151002184,6448491151010917,0,136,304,1,1,304,1,1
"KERNEL_DISPATCH",1,1,234879,1948,185,"void rocsolver::v32802::unit_forward_substitution_kernel<double, int, double*>(int, int, double*, int, int, long, long, double*, int, int, long, long)",30080,6448491151018729,6448491151028384,0,512,16,64,1,16,320,1
"KERNEL_DISPATCH",1,1,234879,1949,820,"Cijk_Ailk_Bljk_DB_MT128x64x16_MI16x16x4x1_SN_1LDSB1_APM1_ABV0_ACED0_AF0EM2_AF1EM2_AMAS3_ASE_ASGT_ASLT_ASM_ASAE01_ASCE01_ASEM2_AAC0_BL1_BS1_CLR0_DTLA0_DTLB0_DTVA1_DTVB0_DVO0_ETSP_EPS1_ELFLR0_EMLL0_FSSC10_FL0_GLVWA2_GLVWB2_GRCGA1_GRCGB1_GRPM1_GRVW2_GSU1_GSUASB_GLS0_ISA942_IU1_K1_KLA_LBSPPA0_LBSPPB0_LPA0_LPB2_LDL1_LRVW1_LWPMn1_LDW0_FMA_MIAV1_MDA2_MO40_MMFSC_MKFGSU256_NTA0_NTB0_NTC3_NTD3_NEPBS4_NLCA1_NLCB1_ONLL1_OPLV0_PK0_PAP0_PGR2_PLR1_PKA0_SIA3_SLW1_SS1_SU0_SUM0_SUS0_SCIUI1_SPO1_SRVW0_SSO6_SVW2_SNLL0_TSGRA0_TSGRB0_TT2_64_TLDS0_UMLDSA0_UMLDSB0_U64SL1_USFGROn1_VAW1_VSn1_VW2_VWB1_VFLRP0_WSGRA0_WSGRB0_WS64_WG64_4_1_WGM12",30083,6448491151041684,6448491151048695,0,8448,256,1,1,768,5,1
"KERNEL_DISPATCH",1,1,234879,1950,68,"void rocsolver::v32802::getf2_npvt_small_kernel<16, double, int, int, double*>(int, double*, long, int, long, int*, int, int)",30086,6448491151055425,6448491151064359,0,136,288,1,1,288,1,1
"KERNEL_DISPATCH",1,1,234879,1951,185,"void rocsolver::v32802::unit_forward_substitution_kernel<double, int, double*>(int, int, double*, int, int, long, long, double*, int, int, long, long)",30091,6448491151068647,6448491151078502,0,512,16,64,1,16,320,1
"KERNEL_DISPATCH",1,1,234879,1952,773,"Cijk_Ailk_Bljk_DB_MT64x64x16_MI16x16x4x1_SN_1LDSB1_APM1_ABV0_ACED0_AF0EM2_AF1EM2_AMAS3_ASE_ASGT_ASLT_ASM_ASAE01_ASCE01_ASEM2_AAC0_BL1_BS1_CLR0_DTLA0_DTLB0_DTVA0_DTVB0_DVO0_ETSP_EPS1_ELFLR0_EMLL0_FSSC10_FL0_GLVWA2_GLVWB2_GRCGA1_GRCGB1_GRPM1_GRVW2_GSU1_GSUASB_GLS0_ISA942_IU1_K1_KLA_LBSPPA0_LBSPPB128_LPA0_LPB2_LDL1_LRVW1_LWPMn1_LDW0_FMA_MIAV1_MDA2_MO40_MMFSC_MKFGSU256_NTA0_NTB0_NTC3_NTD3_NEPBS4_NLCA1_NLCB1_ONLL1_OPLV0_PK0_PAP0_PGR2_PLR5_PKA0_SIA3_SLW1_SS1_SU0_SUM0_SUS0_SCIUI1_SPO1_SRVW0_SSO6_SVW2_SNLL0_TSGRA0_TSGRB0_TT2_32_TLDS1_UMLDSA0_UMLDSB1_U64SL1_USFGROn1_VAW1_VSn1_VW2_VWB1_VFLRP0_WSGRA0_WSGRB0_WS64_WG32_8_1_WGM6",30094,6448491151090319,6448491151096128,0,17408,256,1,1,1280,5,1
"KERNEL_DISPATCH",1,1,234879,1953,68,"void rocsolver::v32802::getf2_npvt_small_kernel<16, double, int, int, double*>(int, double*, long, int, long, int*, int, int)",30097,6448491151098163,6448491151106896,0,136,272,1,1,272,1,1
"KERNEL_DISPATCH",1,1,234879,1954,185,"void rocsolver::v32802::unit_forward_substitution_kernel<double, int, double*>(int, int, double*, int, int, long, long, double*, int, int, long, long)",30102,6448491151114356,6448491151124611,0,512,16,64,1,16,256,1
"KERNEL_DISPATCH",1,1,234879,1955,773,"Cijk_Ailk_Bljk_DB_MT64x64x16_MI16x16x4x1_SN_1LDSB1_APM1_ABV0_ACED0_AF0EM2_AF1EM2_AMAS3_ASE_ASGT_ASLT_ASM_ASAE01_ASCE01_ASEM2_AAC0_BL1_BS1_CLR0_DTLA0_DTLB0_DTVA0_DTVB0_DVO0_ETSP_EPS1_ELFLR0_EMLL0_FSSC10_FL0_GLVWA2_GLVWB2_GRCGA1_GRCGB1_GRPM1_GRVW2_GSU1_GSUASB_GLS0_ISA942_IU1_K1_KLA_LBSPPA0_LBSPPB128_LPA0_LPB2_LDL1_LRVW1_LWPMn1_LDW0_FMA_MIAV1_MDA2_MO40_MMFSC_MKFGSU256_NTA0_NTB0_NTC3_NTD3_NEPBS4_NLCA1_NLCB1_ONLL1_OPLV0_PK0_PAP0_PGR2_PLR5_PKA0_SIA3_SLW1_SS1_SU0_SUM0_SUS0_SCIUI1_SPO1_SRVW0_SSO6_SVW2_SNLL0_TSGRA0_TSGRB0_TT2_32_TLDS1_UMLDSA0_UMLDSB1_U64SL1_USFGROn1_VAW1_VSn1_VW2_VWB1_VFLRP0_WSGRA0_WSGRB0_WS64_WG32_8_1_WGM6",30105,6448491151129739,6448491151134186,0,17408,256,1,1,1024,4,1
"KERNEL_DISPATCH",1,1,234879,1956,68,"void rocsolver::v32802::getf2_npvt_small_kernel<16, double, int, int, double*>(int, double*, long, int, long, int*, int, int)",30108,6448491151145015,6448491151153267,0,136,256,1,1,256,1,1
"KERNEL_DISPATCH",1,1,234879,1957,185,"void rocsolver::v32802::unit_forward_substitution_kernel<double, int, double*>(int, int, double*, int, int, long, long, double*, int, int, long, long)",30113,6448491151155819,6448491151166155,0,512,16,64,1,16,256,1
"KERNEL_DISPATCH",1,1,234879,1958,773,"Cijk_Ailk_Bljk_DB_MT64x64x16_MI16x16x4x1_SN_1LDSB1_APM1_ABV0_ACED0_AF0EM2_AF1EM2_AMAS3_ASE_ASGT_ASLT_ASM_ASAE01_ASCE01_ASEM2_AAC0_BL1_BS1_CLR0_DTLA0_DTLB0_DTVA0_DTVB0_DVO0_ETSP_EPS1_ELFLR0_EMLL0_FSSC10_FL0_GLVWA2_GLVWB2_GRCGA1_GRCGB1_GRPM1_GRVW2_GSU1_GSUASB_GLS0_ISA942_IU1_K1_KLA_LBSPPA0_LBSPPB128_LPA0_LPB2_LDL1_LRVW1_LWPMn1_LDW0_FMA_MIAV1_MDA2_MO40_MMFSC_MKFGSU256_NTA0_NTB0_NTC3_NTD3_NEPBS4_NLCA1_NLCB1_ONLL1_OPLV0_PK0_PAP0_PGR2_PLR5_PKA0_SIA3_SLW1_SS1_SU0_SUM0_SUS0_SCIUI1_SPO1_SRVW0_SSO6_SVW2_SNLL0_TSGRA0_TSGRB0_TT2_32_TLDS1_UMLDSA0_UMLDSB1_U64SL1_USFGROn1_VAW1_VSn1_VW2_VWB1_VFLRP0_WSGRA0_WSGRB0_WS64_WG32_8_1_WGM6",30116,6448491151178374,6448491151183021,0,17408,256,1,1,1024,4,1
"KERNEL_DISPATCH",1,1,234879,1959,68,"void rocsolver::v32802::getf2_npvt_small_kernel<16, double, int, int, double*>(int, double*, long, int, long, int*, int, int)",30119,6448491151186808,6448491151195341,0,136,240,1,1,240,1,1
"KERNEL_DISPATCH",1,1,234879,1960,185,"void rocsolver::v32802::unit_forward_substitution_kernel<double, int, double*>(int, int, double*, int, int, long, long, double*, int, int, long, long)",30124,6448491151203813,6448491151214069,0,512,16,64,1,16,256,1
"KERNEL_DISPATCH",1,1,234879,1961,773,"Cijk_Ailk_Bljk_DB_MT64x64x16_MI16x16x4x1_SN_1LDSB1_APM1_ABV0_ACED0_AF0EM2_AF1EM2_AMAS3_ASE_ASGT_ASLT_ASM_ASAE01_ASCE01_ASEM2_AAC0_BL1_BS1_CLR0_DTLA0_DTLB0_DTVA0_DTVB0_DVO0_ETSP_EPS1_ELFLR0_EMLL0_FSSC10_FL0_GLVWA2_GLVWB2_GRCGA1_GRCGB1_GRPM1_GRVW2_GSU1_GSUASB_GLS0_ISA942_IU1_K1_KLA_LBSPPA0_LBSPPB128_LPA0_LPB2_LDL1_LRVW1_LWPMn1_LDW0_FMA_MIAV1_MDA2_MO40_MMFSC_MKFGSU256_NTA0_NTB0_NTC3_NTD3_NEPBS4_NLCA1_NLCB1_ONLL1_OPLV0_PK0_PAP0_PGR2_PLR5_PKA0_SIA3_SLW1_SS1_SU0_SUM0_SUS0_SCIUI1_SPO1_SRVW0_SSO6_SVW2_SNLL0_TSGRA0_TSGRB0_TT2_32_TLDS1_UMLDSA0_UMLDSB1_U64SL1_USFGROn1_VAW1_VSn1_VW2_VWB1_VFLRP0_WSGRA0_WSGRB0_WS64_WG32_8_1_WGM6",30127,6448491151218876,6448491151223844,0,17408,256,1,1,1024,4,1
"KERNEL_DISPATCH",1,1,234879,1962,68,"void rocsolver::v32802::getf2_npvt_small_kernel<16, double, int, int, double*>(int, double*, long, int, long, int*, int, int)",30130,6448491151230894,6448491151238786,0,136,224,1,1,224,1,1
"KERNEL_DISPATCH",1,1,234879,1963,185,"void rocsolver::v32802::unit_forward_substitution_kernel<double, int, double*>(int, int, double*, int, int, long, long, double*, int, int, long, long)",30135,6448491151244275,6448491151253809,0,512,16,64,1,16,256,1
"KERNEL_DISPATCH",1,1,234879,1964,773,"Cijk_Ailk_Bljk_DB_MT64x64x16_MI16x16x4x1_SN_1LDSB1_APM1_ABV0_ACED0_AF0EM2_AF1EM2_AMAS3_ASE_ASGT_ASLT_ASM_ASAE01_ASCE01_ASEM2_AAC0_BL1_BS1_CLR0_DTLA0_DTLB0_DTVA0_DTVB0_DVO0_ETSP_EPS1_ELFLR0_EMLL0_FSSC10_FL0_GLVWA2_GLVWB2_GRCGA1_GRCGB1_GRPM1_GRVW2_GSU1_GSUASB_GLS0_ISA942_IU1_K1_KLA_LBSPPA0_LBSPPB128_LPA0_LPB2_LDL1_LRVW1_LWPMn1_LDW0_FMA_MIAV1_MDA2_MO40_MMFSC_MKFGSU256_NTA0_NTB0_NTC3_NTD3_NEPBS4_NLCA1_NLCB1_ONLL1_OPLV0_PK0_PAP0_PGR2_PLR5_PKA0_SIA3_SLW1_SS1_SU0_SUM0_SUS0_SCIUI1_SPO1_SRVW0_SSO6_SVW2_SNLL0_TSGRA0_TSGRB0_TT2_32_TLDS1_UMLDSA0_UMLDSB1_U64SL1_USFGROn1_VAW1_VSn1_VW2_VWB1_VFLRP0_WSGRA0_WSGRB0_WS64_WG32_8_1_WGM6",30138,6448491151267973,6448491151274102,0,17408,256,1,1,1024,4,1
"KERNEL_DISPATCH",1,1,234879,1965,68,"void rocsolver::v32802::getf2_npvt_small_kernel<16, double, int, int, double*>(int, double*, long, int, long, int*, int, int)",30141,6448491151279369,6448491151287461,0,136,208,1,1,208,1,1
"KERNEL_DISPATCH",1,1,234879,1966,185,"void rocsolver::v32802::unit_forward_substitution_kernel<double, int, double*>(int, int, double*, int, int, long, long, double*, int, int, long, long)",30146,6448491151291467,6448491151300761,0,512,16,64,1,16,192,1
"KERNEL_DISPATCH",1,1,234879,1967,773,"Cijk_Ailk_Bljk_DB_MT64x64x16_MI16x16x4x1_SN_1LDSB1_APM1_ABV0_ACED0_AF0EM2_AF1EM2_AMAS3_ASE_ASGT_ASLT_ASM_ASAE01_ASCE01_ASEM2_AAC0_BL1_BS1_CLR0_DTLA0_DTLB0_DTVA0_DTVB0_DVO0_ETSP_EPS1_ELFLR0_EMLL0_FSSC10_FL0_GLVWA2_GLVWB2_GRCGA1_GRCGB1_GRPM1_GRVW2_GSU1_GSUASB_GLS0_ISA942_IU1_K1_KLA_LBSPPA0_LBSPPB128_LPA0_LPB2_LDL1_LRVW1_LWPMn1_LDW0_FMA_MIAV1_MDA2_MO40_MMFSC_MKFGSU256_NTA0_NTB0_NTC3_NTD3_NEPBS4_NLCA1_NLCB1_ONLL1_OPLV0_PK0_PAP0_PGR2_PLR5_PKA0_SIA3_SLW1_SS1_SU0_SUM0_SUS0_SCIUI1_SPO1_SRVW0_SSO6_SVW2_SNLL0_TSGRA0_TSGRB0_TT2_32_TLDS1_UMLDSA0_UMLDSB1_U64SL1_USFGROn1_VAW1_VSn1_VW2_VWB1_VFLRP0_WSGRA0_WSGRB0_WS64_WG32_8_1_WGM6",30149,6448491151313581,6448491151318549,0,17408,256,1,1,768,3,1
"KERNEL_DISPATCH",1,1,234879,1968,68,"void rocsolver::v32802::getf2_npvt_small_kernel<16, double, int, int, double*>(int, double*, long, int, long, int*, int, int)",30152,6448491151322175,6448491151330228,0,136,192,1,1,192,1,1
"KERNEL_DISPATCH",1,1,234879,1969,185,"void rocsolver::v32802::unit_forward_substitution_kernel<double, int, double*>(int, int, double*, int, int, long, long, double*, int, int, long, long)",30157,6448491151335977,6448491151345952,0,512,16,64,1,16,192,1
"KERNEL_DISPATCH",1,1,234879,1970,977,"Cijk_Ailk_Bljk_DB_MT128x64x16_MI16x16x4x1_SN_1LDSB1_APM1_ABV0_ACED0_AF0EM2_AF1EM2_AMAS3_ASE_ASGT_ASLT_ASM_ASAE01_ASCE01_ASEM2_AAC0_BL1_BS1_CLR0_DTLA0_DTLB0_DTVA1_DTVB0_DVO0_ETSP_EPS1_ELFLR0_EMLL0_FSSC10_FL0_GLVWA2_GLVWB2_GRCGA1_GRCGB1_GRPM1_GRVW2_GSU1_GSUASB_GLS0_ISA942_IU1_K1_KLA_LBSPPA0_LBSPPB0_LPA0_LPB2_LDL1_LRVW1_LWPMn1_LDW0_FMA_MIAV1_MDA2_MO40_MMFSC_MKFGSU256_NTA0_NTB0_NTC3_NTD3_NEPBS4_NLCA1_NLCB1_ONLL1_OPLV0_PK0_PAP0_PGR2_PLR5_PKA0_SIA3_SLW1_SS1_SU0_SUM0_SUS0_SCIUI1_SPO1_SRVW0_SSO6_SVW2_SNLL0_TSGRA0_TSGRB0_TT2_64_TLDS0_UMLDSA0_UMLDSB0_U64SL1_USFGROn1_VAW1_VSn1_VW2_VWB1_VFLRP0_WSGRA0_WSGRB0_WS64_WG64_4_1_WGM6",30160,6448491151351771,6448491151360705,0,8448,256,1,1,512,3,1
"KERNEL_DISPATCH",1,1,234879,1971,68,"void rocsolver::v32802::getf2_npvt_small_kernel<16, double, int, int, double*>(int, double*, long, int, long, int*, int, int)",30163,6448491151363008,6448491151370981,0,136,176,1,1,176,1,1
"KERNEL_DISPATCH",1,1,234879,1972,185,"void rocsolver::v32802::unit_forward_substitution_kernel<double, int, double*>(int, int, double*, int, int, long, long, double*, int, int, long, long)",30168,6448491151377150,6448491151386524,0,512,16,64,1,16,192,1
"KERNEL_DISPATCH",1,1,234879,1973,977,"Cijk_Ailk_Bljk_DB_MT128x64x16_MI16x16x4x1_SN_1LDSB1_APM1_ABV0_ACED0_AF0EM2_AF1EM2_AMAS3_ASE_ASGT_ASLT_ASM_ASAE01_ASCE01_ASEM2_AAC0_BL1_BS1_CLR0_DTLA0_DTLB0_DTVA1_DTVB0_DVO0_ETSP_EPS1_ELFLR0_EMLL0_FSSC10_FL0_GLVWA2_GLVWB2_GRCGA1_GRCGB1_GRPM1_GRVW2_GSU1_GSUASB_GLS0_ISA942_IU1_K1_KLA_LBSPPA0_LBSPPB0_LPA0_LPB2_LDL1_LRVW1_LWPMn1_LDW0_FMA_MIAV1_MDA2_MO40_MMFSC_MKFGSU256_NTA0_NTB0_NTC3_NTD3_NEPBS4_NLCA1_NLCB1_ONLL1_OPLV0_PK0_PAP0_PGR2_PLR5_PKA0_SIA3_SLW1_SS1_SU0_SUM0_SUS0_SCIUI1_SPO1_SRVW0_SSO6_SVW2_SNLL0_TSGRA0_TSGRB0_TT2_64_TLDS0_UMLDSA0_UMLDSB0_U64SL1_USFGROn1_VAW1_VSn1_VW2_VWB1_VFLRP0_WSGRA0_WSGRB0_WS64_WG64_4_1_WGM6",30171,6448491151392704,6448491151400596,0,8448,256,1,1,512,3,1
"KERNEL_DISPATCH",1,1,234879,1974,68,"void rocsolver::v32802::getf2_npvt_small_kernel<16, double, int, int, double*>(int, double*, long, int, long, int*, int, int)",30174,6448491151404841,6448491151412933,0,136,160,1,1,160,1,1
"KERNEL_DISPATCH",1,1,234879,1975,185,"void rocsolver::v32802::unit_forward_substitution_kernel<double, int, double*>(int, int, double*, int, int, long, long, double*, int, int, long, long)",30179,6448491151419544,6448491151427997,0,512,16,64,1,16,192,1
"KERNEL_DISPATCH",1,1,234879,1976,817,"Cijk_Ailk_Bljk_DB_MT128x64x16_MI16x16x4x1_SN_1LDSB1_APM1_ABV0_ACED0_AF0EM2_AF1EM2_AMAS3_ASE_ASGT_ASLT_ASM_ASAE01_ASCE01_ASEM2_AAC0_BL1_BS1_CLR0_DTLA0_DTLB0_DTVA0_DTVB0_DVO0_ETSP_EPS1_ELFLR0_EMLL0_FSSC10_FL0_GLVWA2_GLVWB2_GRCGA1_GRCGB1_GRPM1_GRVW2_GSU1_GSUASB_GLS0_ISA942_IU1_K1_KLA_LBSPPA0_LBSPPB0_LPA0_LPB2_LDL1_LRVW1_LWPMn1_LDW0_FMA_MIAV1_MDA2_MO40_MMFSC_MKFGSU256_NTA0_NTB0_NTC3_NTD3_NEPBS0_NLCA1_NLCB1_ONLL1_OPLV0_PK0_PAP0_PGR2_PLR5_PKA0_SIA3_SLW1_SS1_SU0_SUM0_SUS0_SCIUI1_SPO1_SRVW0_SSO6_SVW2_SNLL0_TSGRA0_TSGRB0_TT2_64_TLDS0_UMLDSA0_UMLDSB0_U64SL1_USFGROn1_VAW1_VSn1_VW2_VWB1_VFLRP0_WSGRA0_WSGRB0_WS64_WG64_4_1_WGM6",30182,6448491151434308,6448491151444203,0,24832,256,1,1,512,3,1
"KERNEL_DISPATCH",1,1,234879,1977,68,"void rocsolver::v32802::getf2_npvt_small_kernel<16, double, int, int, double*>(int, double*, long, int, long, int*, int, int)",30185,6448491151445975,6448491151453948,0,136,144,1,1,144,1,1
"KERNEL_DISPATCH",1,1,234879,1978,185,"void rocsolver::v32802::unit_forward_substitution_kernel<double, int, double*>(int, int, double*, int, int, long, long, double*, int, int, long, long)",30190,6448491151460908,6448491151470042,0,512,16,64,1,16,128,1
"KERNEL_DISPATCH",1,1,234879,1979,817,"Cijk_Ailk_Bljk_DB_MT128x64x16_MI16x16x4x1_SN_1LDSB1_APM1_ABV0_ACED0_AF0EM2_AF1EM2_AMAS3_ASE_ASGT_ASLT_ASM_ASAE01_ASCE01_ASEM2_AAC0_BL1_BS1_CLR0_DTLA0_DTLB0_DTVA0_DTVB0_DVO0_ETSP_EPS1_ELFLR0_EMLL0_FSSC10_FL0_GLVWA2_GLVWB2_GRCGA1_GRCGB1_GRPM1_GRVW2_GSU1_GSUASB_GLS0_ISA942_IU1_K1_KLA_LBSPPA0_LBSPPB0_LPA0_LPB2_LDL1_LRVW1_LWPMn1_LDW0_FMA_MIAV1_MDA2_MO40_MMFSC_MKFGSU256_NTA0_NTB0_NTC3_NTD3_NEPBS0_NLCA1_NLCB1_ONLL1_OPLV0_PK0_PAP0_PGR2_PLR5_PKA0_SIA3_SLW1_SS1_SU0_SUM0_SUS0_SCIUI1_SPO1_SRVW0_SSO6_SVW2_SNLL0_TSGRA0_TSGRB0_TT2_64_TLDS0_UMLDSA0_UMLDSB0_U64SL1_USFGROn1_VAW1_VSn1_VW2_VWB1_VFLRP0_WSGRA0_WSGRB0_WS64_WG64_4_1_WGM6",30193,6448491151475101,6448491151480589,0,24832,256,1,1,256,2,1
"KERNEL_DISPATCH",1,1,234879,1980,68,"void rocsolver::v32802::getf2_npvt_small_kernel<16, double, int, int, double*>(int, double*, long, int, long, int*, int, int)",30196,6448491151487408,6448491151495500,0,136,128,1,1,128,1,1
"KERNEL_DISPATCH",1,1,234879,1981,185,"void rocsolver::v32802::unit_forward_substitution_kernel<double, int, double*>(int, int, double*, int, int, long, long, double*, int, int, long, long)",30201,6448491151498877,6448491151508772,0,512,16,64,1,16,128,1
"KERNEL_DISPATCH",1,1,234879,1982,1178,"Cijk_Ailk_Bljk_DB_MT128x64x16_MI16x16x4x1_SN_1LDSB1_APM1_ABV0_ACED0_AF0EM2_AF1EM2_AMAS3_ASE_ASGT_ASLT_ASM_ASAE01_ASCE01_ASEM2_AAC0_BL1_BS1_CLR0_DTLA0_DTLB0_DTVA0_DTVB0_DVO0_ETSP_EPS1_ELFLR0_EMLL0_FSSC10_FL0_GLVWA2_GLVWB2_GRCGA1_GRCGB1_GRPM1_GRVW2_GSU1_GSUASB_GLS0_ISA942_IU1_K1_KLA_LBSPPA0_LBSPPB0_LPA0_LPB2_LDL1_LRVW1_LWPMn1_LDW0_FMA_MIAV1_MDA2_MO40_MMFSC_MKFGSU256_NTA0_NTB0_NTC3_NTD3_NEPBS0_NLCA1_NLCB1_ONLL1_OPLV0_PK0_PAP0_PGR2_PLR1_PKA0_SIA3_SLW1_SS1_SU0_SUM0_SUS0_SCIUI1_SPO1_SRVW0_SSO6_SVW2_SNLL0_TSGRA0_TSGRB0_TT2_64_TLDS0_UMLDSA0_UMLDSB0_U64SL1_USFGROn1_VAW1_VSn1_VW2_VWB1_VFLRP0_WSGRA0_WSGRB0_WS64_WG64_4_1_WGM6",30204,6448491151520578,6448491151530834,0,24832,256,1,1,256,2,1
"KERNEL_DISPATCH",1,1,234879,1983,68,"void rocsolver::v32802::getf2_npvt_small_kernel<16, double, int, int, double*>(int, double*, long, int, long, int*, int, int)",30207,6448491151530834,6448491151537845,0,136,112,1,1,112,1,1
"KERNEL_DISPATCH",1,1,234879,1984,185,"void rocsolver::v32802::unit_forward_substitution_kernel<double, int, double*>(int, int, double*, int, int, long, long, double*, int, int, long, long)",30212,6448491151538037,6448491151547251,0,512,16,64,1,16,128,1
"KERNEL_DISPATCH",1,1,234879,1985,999,"Cijk_Ailk_Bljk_DB_MT128x64x16_MI16x16x4x1_SN_1LDSB1_APM1_ABV0_ACED0_AF0EM2_AF1EM2_AMAS3_ASE_ASGT_ASLT_ASM_ASAE01_ASCE01_ASEM2_AAC0_BL1_BS1_CLR0_DTLA0_DTLB0_DTVA1_DTVB0_DVO0_ETSP_EPS1_ELFLR0_EMLL0_FSSC10_FL0_GLVWA2_GLVWB2_GRCGA1_GRCGB1_GRPM1_GRVW2_GSU1_GSUASB_GLS0_ISA942_IU1_K1_KLA_LBSPPA0_LBSPPB0_LPA0_LPB2_LDL1_LRVW1_LWPMn1_LDW0_FMA_MIAV1_MDA2_MO40_MMFSC_MKFGSU256_NTA0_NTB0_NTC3_NTD3_NEPBS0_NLCA1_NLCB1_ONLL1_OPLV0_PK0_PAP0_PGR2_PLR5_PKA0_SIA3_SLW1_SS1_SU0_SUM0_SUS0_SCIUI1_SPO1_SRVW0_SSO6_SVW2_SNLL0_TSGRA0_TSGRB0_TT2_64_TLDS0_UMLDSA0_UMLDSB0_U64SL1_USFGROn1_VAW1_VSn1_VW2_VWB1_VFLRP0_WSGRA0_WSGRB0_WS64_WG64_4_1_WGM12",30215,6448491151563885,6448491151573099,0,8448,256,1,1,256,2,1
"KERNEL_DISPATCH",1,1,234879,1986,68,"void rocsolver::v32802::getf2_npvt_small_kernel<16, double, int, int, double*>(int, double*, long, int, long, int*, int, int)",30218,6448491151573099,6448491151579869,0,136,96,1,1,96,1,1
"KERNEL_DISPATCH",1,1,234879,1987,185,"void rocsolver::v32802::unit_forward_substitution_kernel<double, int, double*>(int, int, double*, int, int, long, long, double*, int, int, long, long)",30223,6448491151580682,6448491151589616,0,512,16,64,1,16,128,1
"KERNEL_DISPATCH",1,1,234879,1988,759,"Cijk_Ailk_Bljk_DB_MT64x64x16_MI16x16x4x1_SN_1LDSB1_APM1_ABV0_ACED0_AF0EM2_AF1EM2_AMAS3_ASE_ASGT_ASLT_ASM_ASAE01_ASCE01_ASEM2_AAC0_BL1_BS1_CLR0_DTLA0_DTLB0_DTVA0_DTVB0_DVO0_ETSP_EPS1_ELFLR0_EMLL0_FSSC10_FL0_GLVWA2_GLVWB2_GRCGA1_GRCGB1_GRPM1_GRVW2_GSU1_GSUASB_GLS0_ISA942_IU1_K1_KLA_LBSPPA0_LBSPPB0_LPA0_LPB2_LDL1_LRVW1_LWPMn1_LDW0_FMA_MIAV1_MDA2_MO40_MMFSC_MKFGSU256_NTA0_NTB0_NTC3_NTD3_NEPBS4_NLCA1_NLCB1_ONLL1_OPLV0_PK0_PAP0_PGR2_PLR5_PKA0_SIA3_SLW1_SS1_SU0_SUM0_SUS0_SCIUI1_SPO1_SRVW0_SSO6_SVW2_SNLL0_TSGRA0_TSGRB0_TT2_32_TLDS0_UMLDSA0_UMLDSB0_U64SL1_USFGROn1_VAW1_VSn1_VW2_VWB1_VFLRP0_WSGRA0_WSGRB0_WS64_WG32_8_1_WGM6",30226,6448491151604147,6448491151612920,0,16640,256,1,1,512,2,1
"KERNEL_DISPATCH",1,1,234879,1989,68,"void rocsolver::v32802::getf2_npvt_small_kernel<16, double, int, int, double*>(int, double*, long, int, long, int*, int, int)",30229,6448491151612920,6448491151619811,0,136,80,1,1,80,1,1
"KERNEL_DISPATCH",1,1,234879,1990,185,"void rocsolver::v32802::unit_forward_substitution_kernel<double, int, double*>(int, int, double*, int, int, long, long, double*, int, int, long, long)",30234,6448491151619702,6448491151628916,0,512,16,64,1,16,64,1
"KERNEL_DISPATCH",1,1,234879,1991,814,"Cijk_Ailk_Bljk_DB_MT64x64x16_MI16x16x4x1_SN_1LDSB1_APM1_ABV0_ACED0_AF0EM2_AF1EM2_AMAS0_ASE_ASGT_ASLT_ASM_ASAE01_ASCE01_ASEM2_AAC0_BL1_BS1_CLR0_DTLA0_DTLB0_DTVA1_DTVB0_DVO0_ETSP_EPS1_ELFLR0_EMLL0_FSSC10_FL0_GLVWA1_GLVWB1_GRCGA1_GRCGB1_GRPM1_GRVW1_GSU1_GSUASB_GLS0_ISA942_IU1_K1_KLA_LBSPPA0_LBSPPB128_LPA0_LPB4_LDL1_LRVW2_LWPMn1_LDW0_FMA_MIAV1_MDA2_MO40_MMFSC_MKFGSU256_NTA0_NTB0_NTC3_NTD3_NEPBS0_NLCA1_NLCB1_ONLL1_OPLV0_PK0_PAP0_PGR2_PLR5_PKA0_SIA3_SLW1_SS1_SU0_SUM0_SUS0_SCIUI1_SPO1_SRVW0_SSO6_SVW1_SNLL0_TSGRA0_TSGRB0_TT1_64_TLDS1_UMLDSA0_UMLDSB1_U64SL1_USFGROn1_VAW1_VSn1_VW1_VWB1_VFLRP0_WSGRA0_WSGRB0_WS64_WG64_4_1_WGM6",30237,6448491151643367,6448491151650297,0,10240,256,1,1,256,1,1
"KERNEL_DISPATCH",1,1,234879,1992,68,"void rocsolver::v32802::getf2_npvt_small_kernel<16, double, int, int, double*>(int, double*, long, int, long, int*, int, int)",30240,6448491151651931,6448491151662107,0,136,64,1,1,64,1,1
"KERNEL_DISPATCH",1,1,234879,1993,185,"void rocsolver::v32802::unit_forward_substitution_kernel<double, int, double*>(int, int, double*, int, int, long, long, double*, int, int, long, long)",30245,6448491151665373,6448491151674386,0,512,16,64,1,16,64,1
"KERNEL_DISPATCH",1,1,234879,1994,744,"Cijk_Ailk_Bljk_DB_MT64x64x16_MI16x16x4x1_SN_1LDSB1_APM1_ABV0_ACED0_AF0EM2_AF1EM2_AMAS3_ASE_ASGT_ASLT_ASM_ASAE01_ASCE01_ASEM2_AAC0_BL1_BS1_CLR0_DTLA0_DTLB0_DTVA0_DTVB0_DVO0_ETSP_EPS1_ELFLR0_EMLL0_FSSC10_FL0_GLVWA2_GLVWB2_GRCGA1_GRCGB1_GRPM1_GRVW2_GSU1_GSUASB_GLS0_ISA942_IU1_K1_KLA_LBSPPA0_LBSPPB128_LPA0_LPB4_LDL1_LRVW2_LWPMn1_LDW0_FMA_MIAV1_MDA2_MO40_MMFSC_MKFGSU256_NTA0_NTB0_NTC3_NTD3_NEPBS0_NLCA1_NLCB1_ONLL1_OPLV0_PK0_PAP0_PGR2_PLR5_PKA0_SIA3_SLW1_SS1_SU0_SUM0_SUS0_SCIUI1_SPO1_SRVW0_SSO6_SVW2_SNLL0_TSGRA0_TSGRB0_TT2_32_TLDS1_UMLDSA0_UMLDSB1_U64SL1_USFGROn1_VAW1_VSn1_VW2_VWB1_VFLRP0_WSGRA0_WSGRB0_WS64_WG32_8_1_WGM6",30248,6448491151683309,6448491151689158,0,18432,256,1,1,256,1,1
"KERNEL_DISPATCH",1,1,234879,1995,68,"void rocsolver::v32802::getf2_npvt_small_kernel<16, double, int, int, double*>(int, double*, long, int, long, int*, int, int)",30251,6448491151694445,6448491151702337,0,136,48,1,1,48,1,1
"KERNEL_DISPATCH",1,1,234879,1996,185,"void rocsolver::v32802::unit_forward_substitution_kernel<double, int, double*>(int, int, double*, int, int, long, long, double*, int, int, long, long)",30256,6448491151708106,6448491151716559,0,512,16,64,1,16,64,1
"KERNEL_DISPATCH",1,1,234879,1997,754,"Cijk_Ailk_Bljk_DB_MT32x64x32_MI16x16x4x1_SN_1LDSB1_APM1_ABV0_ACED0_AF0EM2_AF1EM2_AMAS3_ASE_ASGT_ASLT_ASM_ASAE01_ASCE01_ASEM2_AAC0_BL1_BS1_CLR0_DTLA0_DTLB0_DTVA0_DTVB0_DVO0_ETSP_EPS1_ELFLR0_EMLL0_FSSC10_FL0_GLVWA2_GLVWB2_GRCGA1_GRCGB1_GRPM1_GRVW2_GSU1_GSUASB_GLS0_ISA942_IU1_K1_KLA_LBSPPA0_LBSPPB256_LPA0_LPB4_LDL1_LRVW2_LWPMn1_LDW0_FMA_MIAV1_MDA2_MO40_MMFSC_MKFGSU256_NTA0_NTB0_NTC3_NTD3_NEPBS0_NLCA1_NLCB1_ONLL1_OPLV0_PK0_PAP0_PGR2_PLR9_PKA0_SIA3_SLW1_SS1_SU0_SUM0_SUS0_SCIUI1_SPO1_SRVW0_SSO6_SVW2_SNLL0_TSGRA0_TSGRB0_TT2_16_TLDS1_UMLDSA0_UMLDSB1_U64SL1_USFGROn1_VAW1_VSn1_VW2_VWB1_VFLRP0_WSGRA0_WSGRB0_WS64_WG16_16_1_WGM6",30259,6448491151737351,6448491151742278,0,26624,256,1,1,256,1,1
"KERNEL_DISPATCH",1,1,234879,1998,68,"void rocsolver::v32802::getf2_npvt_small_kernel<16, double, int, int, double*>(int, double*, long, int, long, int*, int, int)",30262,6448491151745163,6448491151752013,0,136,32,1,1,32,1,1
"KERNEL_DISPATCH",1,1,234879,1999,185,"void rocsolver::v32802::unit_forward_substitution_kernel<double, int, double*>(int, int, double*, int, int, long, long, double*, int, int, long, long)",30267,6448491151754158,6448491151761369,0,512,16,64,1,16,64,1
"KERNEL_DISPATCH",1,1,234879,2000,754,"Cijk_Ailk_Bljk_DB_MT32x64x32_MI16x16x4x1_SN_1LDSB1_APM1_ABV0_ACED0_AF0EM2_AF1EM2_AMAS3_ASE_ASGT_ASLT_ASM_ASAE01_ASCE01_ASEM2_AAC0_BL1_BS1_CLR0_DTLA0_DTLB0_DTVA0_DTVB0_DVO0_ETSP_EPS1_ELFLR0_EMLL0_FSSC10_FL0_GLVWA2_GLVWB2_GRCGA1_GRCGB1_GRPM1_GRVW2_GSU1_GSUASB_GLS0_ISA942_IU1_K1_KLA_LBSPPA0_LBSPPB256_LPA0_LPB4_LDL1_LRVW2_LWPMn1_LDW0_FMA_MIAV1_MDA2_MO40_MMFSC_MKFGSU256_NTA0_NTB0_NTC3_NTD3_NEPBS0_NLCA1_NLCB1_ONLL1_OPLV0_PK0_PAP0_PGR2_PLR9_PKA0_SIA3_SLW1_SS1_SU0_SUM0_SUS0_SCIUI1_SPO1_SRVW0_SSO6_SVW2_SNLL0_TSGRA0_TSGRB0_TT2_16_TLDS1_UMLDSA0_UMLDSB1_U64SL1_USFGROn1_VAW1_VSn1_VW2_VWB1_VFLRP0_WSGRA0_WSGRB0_WS64_WG16_16_1_WGM6",30270,6448491151778494,6448491151782460,0,26624,256,1,1,256,1,1
"KERNEL_DISPATCH",1,1,234879,2001,68,"void rocsolver::v32802::getf2_npvt_small_kernel<16, double, int, int, double*>(int, double*, long, int, long, int*, int, int)",30273,6448491151785665,6448491151793517,0,136,16,1,1,16,1,1
"KERNEL_DISPATCH",1,1,234879,2002,1399,"void rocblas_trtri_trsm_kernel<128, 16, 8, double, double const*, double*>(rocblas_fill_, rocblas_diagonal_, double const*, long, int, long, double*, long, long, int)",30277,6448491151797875,6448491151825918,0,8192,256,1,1,4096,1,1
"KERNEL_DISPATCH",1,1,234879,2003,1443,"void rocblas_trtri_fill<128, double, double*>(_rocblas_handle*, rocblas_fill_, int, long, int, long, double*, long, long, int, int)",30282,6448491151828863,6448491151831667,0,0,128,1,1,32512,1,1
"KERNEL_DISPATCH",1,1,234879,2004,997,"Cijk_Ailk_Bljk_DB_MT64x32x16_MI16x16x4x1_SN_1LDSB1_APM1_ABV0_ACED0_AF0EM2_AF1EM2_AMAS0_ASE_ASGT_ASLT_ASM_ASAE01_ASCE01_ASEM2_AAC0_BL1_BS1_CLR0_DTLA0_DTLB0_DTVA1_DTVB0_DVO0_ETSP_EPS1_ELFLR0_EMLL0_FSSC10_FL0_GLVWA1_GLVWB1_GRCGA1_GRCGB1_GRPM1_GRVW1_GSU1_GSUASB_GLS0_ISA942_IU1_K1_KLA_LBSPPA0_LBSPPB128_LPA0_LPB4_LDL1_LRVW2_LWPMn1_LDW0_FMA_MIAV1_MDA2_MO40_MMFSC_MKFGSU256_NTA0_NTB0_NTC3_NTD3_NEPBS0_NLCA1_NLCB1_ONLL1_OPLV0_PK0_PAP0_PGR2_PLR5_PKA0_SIA3_SLW1_SS1_SU0_SUM0_SUS0_SCIUI1_SPO1_SRVW0_SSO6_SVW1_SNLL0_TSGRA0_TSGRB0_TT1_32_TLDS1_UMLDSA0_UMLDSB1_U64SL1_USFGROn1_VAW1_VSn1_VW1_VWB1_VFLRP0_WSGRA0_WSGRB0_WS64_WG64_4_1_WGM12",30286,6448491151832897,6448491151836944,0,5120,256,1,1,256,1,4
"KERNEL_DISPATCH",1,1,234879,2010,1341,"void rocblas_copy_matrix_trsm<128, 8, double, double const*, double*>(int, int, int, double const*, int, long, double*, int, long, long, long, int)",30305,6448491151969226,6448491151970789,0,0,128,8,1,128,512,1
"KERNEL_DISPATCH",1,1,234879,2009,970,"Cijk_Ailk_Bljk_DB_MT64x64x32_MI16x16x4x1_SN_1LDSB1_APM1_ABV0_ACED0_AF0EM2_AF1EM2_AMAS0_ASE_ASGT_ASLT_ASM_ASAE01_ASCE01_ASEM2_AAC0_BL1_BS1_CLR0_DTLA0_DTLB0_DTVA0_DTVB0_DVO0_ETSP_EPS1_ELFLR0_EMLL0_FSSC10_FL0_GLVWA1_GLVWB1_GRCGA1_GRCGB1_GRPM1_GRVW1_GSU1_GSUASB_GLS0_ISA942_IU1_K1_KLA_LBSPPA0_LBSPPB0_LPA0_LPB1_LDL1_LRVW1_LWPMn1_LDW0_FMA_MIAV1_MDA2_MO40_MMFSC_MKFGSU256_NTA0_NTB0_NTC3_NTD3_NEPBS0_NLCA1_NLCB1_ONLL1_OPLV0_PK0_PAP0_PGR2_PLR9_PKA0_SIA3_SLW1_SS1_SU0_SUM0_SUS0_SCIUI1_SPO1_SRVW0_SSO6_SVW1_SNLL0_TSGRA0_TSGRB0_TT2_32_TLDS0_UMLDSA0_UMLDSB0_U64SL1_USFGROn1_VAW1_VSn1_VW1_VWB1_VFLRP0_WSGRA0_WSGRB0_WS64_WG32_8_1_WGM6",30301,6448491151956126,6448491151964018,0,33024,256,1,1,256,1,4
"KERNEL_DISPATCH",1,1,234879,2008,970,"Cijk_Ailk_Bljk_DB_MT64x64x32_MI16x16x4x1_SN_1LDSB1_APM1_ABV0_ACED0_AF0EM2_AF1EM2_AMAS0_ASE_ASGT_ASLT_ASM_ASAE01_ASCE01_ASEM2_AAC0_BL1_BS1_CLR0_DTLA0_DTLB0_DTVA0_DTVB0_DVO0_ETSP_EPS1_ELFLR0_EMLL0_FSSC10_FL0_GLVWA1_GLVWB1_GRCGA1_GRCGB1_GRPM1_GRVW1_GSU1_GSUASB_GLS0_ISA942_IU1_K1_KLA_LBSPPA0_LBSPPB0_LPA0_LPB1_LDL1_LRVW1_LWPMn1_LDW0_FMA_MIAV1_MDA2_MO40_MMFSC_MKFGSU256_NTA0_NTB0_NTC3_NTD3_NEPBS0_NLCA1_NLCB1_ONLL1_OPLV0_PK0_PAP0_PGR2_PLR9_PKA0_SIA3_SLW1_SS1_SU0_SUM0_SUS0_SCIUI1_SPO1_SRVW0_SSO6_SVW1_SNLL0_TSGRA0_TSGRB0_TT2_32_TLDS0_UMLDSA0_UMLDSB0_U64SL1_USFGROn1_VAW1_VSn1_VW1_VWB1_VFLRP0_WSGRA0_WSGRB0_WS64_WG32_8_1_WGM6",30298,6448491151937378,6448491151945670,0,33024,256,1,1,256,1,4
"KERNEL_DISPATCH",1,1,234879,2007,997,"Cijk_Ailk_Bljk_DB_MT64x32x16_MI16x16x4x1_SN_1LDSB1_APM1_ABV0_ACED0_AF0EM2_AF1EM2_AMAS0_ASE_ASGT_ASLT_ASM_ASAE01_ASCE01_ASEM2_AAC0_BL1_BS1_CLR0_DTLA0_DTLB0_DTVA1_DTVB0_DVO0_ETSP_EPS1_ELFLR0_EMLL0_FSSC10_FL0_GLVWA1_GLVWB1_GRCGA1_GRCGB1_GRPM1_GRVW1_GSU1_GSUASB_GLS0_ISA942_IU1_K1_KLA_LBSPPA0_LBSPPB128_LPA0_LPB4_LDL1_LRVW2_LWPMn1_LDW0_FMA_MIAV1_MDA2_MO40_MMFSC_MKFGSU256_NTA0_NTB0_NTC3_NTD3_NEPBS0_NLCA1_NLCB1_ONLL1_OPLV0_PK0_PAP0_PGR2_PLR5_PKA0_SIA3_SLW1_SS1_SU0_SUM0_SUS0_SCIUI1_SPO1_SRVW0_SSO6_SVW1_SNLL0_TSGRA0_TSGRB0_TT1_32_TLDS1_UMLDSA0_UMLDSB1_U64SL1_USFGROn1_VAW1_VSn1_VW1_VWB1_VFLRP0_WSGRA0_WSGRB0_WS64_WG64_4_1_WGM12",30295,6448491151909375,6448491151916385,0,5120,256,1,1,256,1,4
"KERNEL_DISPATCH",1,1,234879,2006,997,"Cijk_Ailk_Bljk_DB_MT64x32x16_MI16x16x4x1_SN_1LDSB1_APM1_ABV0_ACED0_AF0EM2_AF1EM2_AMAS0_ASE_ASGT_ASLT_ASM_ASAE01_ASCE01_ASEM2_AAC0_BL1_BS1_CLR0_DTLA0_DTLB0_DTVA1_DTVB0_DVO0_ETSP_EPS1_ELFLR0_EMLL0_FSSC10_FL0_GLVWA1_GLVWB1_GRCGA1_GRCGB1_GRPM1_GRVW1_GSU1_GSUASB_GLS0_ISA942_IU1_K1_KLA_LBSPPA0_LBSPPB128_LPA0_LPB4_LDL1_LRVW2_LWPMn1_LDW0_FMA_MIAV1_MDA2_MO40_MMFSC_MKFGSU256_NTA0_NTB0_NTC3_NTD3_NEPBS0_NLCA1_NLCB1_ONLL1_OPLV0_PK0_PAP0_PGR2_PLR5_PKA0_SIA3_SLW1_SS1_SU0_SUM0_SUS0_SCIUI1_SPO1_SRVW0_SSO6_SVW1_SNLL0_TSGRA0_TSGRB0_TT1_32_TLDS1_UMLDSA0_UMLDSB1_U64SL1_USFGROn1_VAW1_VSn1_VW1_VWB1_VFLRP0_WSGRA0_WSGRB0_WS64_WG64_4_1_WGM12",30292,6448491151883815,6448491151889704,0,5120,256,1,1,256,1,4
"KERNEL_DISPATCH",1,1,234879,2005,997,"Cijk_Ailk_Bljk_DB_MT64x32x16_MI16x16x4x1_SN_1LDSB1_APM1_ABV0_ACED0_AF0EM2_AF1EM2_AMAS0_ASE_ASGT_ASLT_ASM_ASAE01_ASCE01_ASEM2_AAC0_BL1_BS1_CLR0_DTLA0_DTLB0_DTVA1_DTVB0_DVO0_ETSP_EPS1_ELFLR0_EMLL0_FSSC10_FL0_GLVWA1_GLVWB1_GRCGA1_GRCGB1_GRPM1_GRVW1_GSU1_GSUASB_GLS0_ISA942_IU1_K1_KLA_LBSPPA0_LBSPPB128_LPA0_LPB4_LDL1_LRVW2_LWPMn1_LDW0_FMA_MIAV1_MDA2_MO40_MMFSC_MKFGSU256_NTA0_NTB0_NTC3_NTD3_NEPBS0_NLCA1_NLCB1_ONLL1_OPLV0_PK0_PAP0_PGR2_PLR5_PKA0_SIA3_SLW1_SS1_SU0_SUM0_SUS0_SCIUI1_SPO1_SRVW0_SSO6_SVW1_SNLL0_TSGRA0_TSGRB0_TT1_32_TLDS1_UMLDSA0_UMLDSB1_U64SL1_USFGROn1_VAW1_VSn1_VW1_VWB1_VFLRP0_WSGRA0_WSGRB0_WS64_WG64_4_1_WGM12",30289,6448491151857976,6448491151862583,0,5120,256,1,1,256,1,4
