"Kind","Agent_Id","Queue_Id","Thread_Id","Dispatch_Id","Kernel_Id","Kernel_Name","Correlation_Id","Start_Timestamp","End_Timestamp","Private_Segment_Size","Group_Segment_Size","Workgroup_Size_X","Workgroup_Size_Y","Workgroup_Size_Z","Grid_Size_X","Grid_Size_Y","Grid_Size_Z"
"KERNEL_DISPATCH",1,1,234619,26,880,"Cijk_Ailk_Bljk_DB_MT64x32x32_MI16x16x4x1_SN_1LDSB1_APM1_ABV0_ACED0_AF0EM2_AF1EM2_AMAS3_ASE_ASGT_ASLT_ASM_ASAE01_ASCE01_ASEM2_AAC0_BL1_BS1_CLR0_DTLA0_DTLB0_DTVA0_DTVB0_DVO0_ETSP_EPS1_ELFLR0_EMLL0_FSSC10_FL0_GLVWA2_GLVWB2_GRCGA1_GRCGB1_GRPM1_GRVW2_GSU1_GSUASB_GLS0_ISA942_IU1_K1_KLA_LBSPPA0_LBSPPB256_LPA0_LPB4_LDL1_LRVW2_LWPMn1_LDW0_FMA_MIAV1_MDA2_MO40_MMFSC_MKFGSU256_NTA0_NTB0_NTC3_NTD3_NEPBS0_NLCA1_NLCB1_ONLL1_OPLV0_PK0_PAP0_PGR2_PLR9_PKA0_SIA3_SLW1_SS1_SU0_SUM0_SUS0_SCIUI1_SPO1_SRVW0_SSO6_SVW2_SNLL0_TSGRA0_TSGRB0_TT2_16_TLDS1_UMLDSA0_UMLDSB1_U64SL1_USFGROn1_VAW1_VSn1_VW2_VWB1_VFLRP0_WSGRA0_WSGRB0_WS64_WG32_8_1_WGM6",23192,6448466095465377,6448466095470625,0,25600,256,1,1,1536,12,1
"KERNEL_DISPATCH",1,1,234619,25,184,"void rocsolver::v32802::unit_forward_substitution_kernel<double, int, double*>(int, int, double*, int, int, long, long, double*, int, int, long, long)",23189,6448466095301846,6448466095311781,0,512,16,64,1,16,384,1
"KERNEL_DISPATCH",1,1,234619,24,78,"void rocsolver::v32802::getf2_npvt_small_kernel<16, double, int, int, double*>(int, double*, long, int, long, int*, int, int)",23184,6448466095228854,6448466095238348,0,136,400,1,1,400,1,1
"KERNEL_DISPATCH",1,1,234619,23,880,"Cijk_Ailk_Bljk_DB_MT64x32x32_MI16x16x4x1_SN_1LDSB1_APM1_ABV0_ACED0_AF0EM2_AF1EM2_AMAS3_ASE_ASGT_ASLT_ASM_ASAE01_ASCE01_ASEM2_AAC0_BL1_BS1_CLR0_DTLA0_DTLB0_DTVA0_DTVB0_DVO0_ETSP_EPS1_ELFLR0_EMLL0_FSSC10_FL0_GLVWA2_GLVWB2_GRCGA1_GRCGB1_GRPM1_GRVW2_GSU1_GSUASB_GLS0_ISA942_IU1_K1_KLA_LBSPPA0_LBSPPB256_LPA0_LPB4_LDL1_LRVW2_LWPMn1_LDW0_FMA_MIAV1_MDA2_MO40_MMFSC_MKFGSU256_NTA0_NTB0_NTC3_NTD3_NEPBS0_NLCA1_NLCB1_ONLL1_OPLV0_PK0_PAP0_PGR2_PLR9_PKA0_SIA3_SLW1_SS1_SU0_SUM0_SUS0_SCIUI1_SPO1_SRVW0_SSO6_SVW2_SNLL0_TSGRA0_TSGRB0_TT2_16_TLDS1_UMLDSA0_UMLDSB1_U64SL1_USFGROn1_VAW1_VSn1_VW2_VWB1_VFLRP0_WSGRA0_WSGRB0_WS64_WG32_8_1_WGM6",23181,6448466095164716,6448466095169884,0,25600,256,1,1,1792,13,1
"KERNEL_DISPATCH",1,1,234619,22,184,"void rocsolver::v32802::unit_forward_substitution_kernel<double, int, double*>(int, int, double*, int, int, long, long, double*, int, int, long, long)",23178,6448466095027145,6448466095037240,0,512,16,64,1,16,448,1
"KERNEL_DISPATCH",1,1,234619,21,78,"void rocsolver::v32802::getf2_npvt_small_kernel<16, double, int, int, double*>(int, double*, long, int, long, int*, int, int)",23173,6448466094948103,6448466094957798,0,136,416,1,1,416,1,1
"KERNEL_DISPATCH",1,1,234619,20,880,"Cijk_Ailk_Bljk_DB_MT64x32x32_MI16x16x4x1_SN_1LDSB1_APM1_ABV0_ACED0_AF0EM2_AF1EM2_AMAS3_ASE_ASGT_ASLT_ASM_ASAE01_ASCE01_ASEM2_AAC0_BL1_BS1_CLR0_DTLA0_DTLB0_DTVA0_DTVB0_DVO0_ETSP_EPS1_ELFLR0_EMLL0_FSSC10_FL0_GLVWA2_GLVWB2_GRCGA1_GRCGB1_GRPM1_GRVW2_GSU1_GSUASB_GLS0_ISA942_IU1_K1_KLA_LBSPPA0_LBSPPB256_LPA0_LPB4_LDL1_LRVW2_LWPMn1_LDW0_FMA_MIAV1_MDA2_MO40_MMFSC_MKFGSU256_NTA0_NTB0_NTC3_NTD3_NEPBS0_NLCA1_NLCB1_ONLL1_OPLV0_PK0_PAP0_PGR2_PLR9_PKA0_SIA3_SLW1_SS1_SU0_SUM0_SUS0_SCIUI1_SPO1_SRVW0_SSO6_SVW2_SNLL0_TSGRA0_TSGRB0_TT2_16_TLDS1_UMLDSA0_UMLDSB1_U64SL1_USFGROn1_VAW1_VSn1_VW2_VWB1_VFLRP0_WSGRA0_WSGRB0_WS64_WG32_8_1_WGM6",23170,6448466094869864,6448466094874911,0,25600,256,1,1,1792,13,1
"KERNEL_DISPATCH",1,1,234619,19,184,"void rocsolver::v32802::unit_forward_substitution_kernel<double, int, double*>(int, int, double*, int, int, long, long, double*, int, int, long, long)",23167,6448466094721356,6448466094731251,0,512,16,64,1,16,448,1
"KERNEL_DISPATCH",1,1,234619,18,78,"void rocsolver::v32802::getf2_npvt_small_kernel<16, double, int, int, double*>(int, double*, long, int, long, int*, int, int)",23162,6448466094636346,6448466094645800,0,136,432,1,1,432,1,1
"KERNEL_DISPATCH",1,1,234619,17,880,"Cijk_Ailk_Bljk_DB_MT64x32x32_MI16x16x4x1_SN_1LDSB1_APM1_ABV0_ACED0_AF0EM2_AF1EM2_AMAS3_ASE_ASGT_ASLT_ASM_ASAE01_ASCE01_ASEM2_AAC0_BL1_BS1_CLR0_DTLA0_DTLB0_DTVA0_DTVB0_DVO0_ETSP_EPS1_ELFLR0_EMLL0_FSSC10_FL0_GLVWA2_GLVWB2_GRCGA1_GRCGB1_GRPM1_GRVW2_GSU1_GSUASB_GLS0_ISA942_IU1_K1_KLA_LBSPPA0_LBSPPB256_LPA0_LPB4_LDL1_LRVW2_LWPMn1_LDW0_FMA_MIAV1_MDA2_MO40_MMFSC_MKFGSU256_NTA0_NTB0_NTC3_NTD3_NEPBS0_NLCA1_NLCB1_ONLL1_OPLV0_PK0_PAP0_PGR2_PLR9_PKA0_SIA3_SLW1_SS1_SU0_SUM0_SUS0_SCIUI1_SPO1_SRVW0_SSO6_SVW2_SNLL0_TSGRA0_TSGRB0_TT2_16_TLDS1_UMLDSA0_UMLDSB1_U64SL1_USFGROn1_VAW1_VSn1_VW2_VWB1_VFLRP0_WSGRA0_WSGRB0_WS64_WG32_8_1_WGM6",23159,6448466094551295,6448466094559988,0,25600,256,1,1,1792,14,1
"KERNEL_DISPATCH",1,1,234619,16,184,"void rocsolver::v32802::unit_forward_substitution_kernel<double, int, double*>(int, int, double*, int, int, long, long, double*, int, int, long, long)",23156,6448466094440325,6448466094450220,0,512,16,64,1,16,448,1
"KERNEL_DISPATCH",1,1,234619,15,78,"void rocsolver::v32802::getf2_npvt_small_kernel<16, double, int, int, double*>(int, double*, long, int, long, int*, int, int)",23151,6448466094424541,6448466094434035,0,136,448,1,1,448,1,1
"KERNEL_DISPATCH",1,1,234619,14,880,"Cijk_Ailk_Bljk_DB_MT64x32x32_MI16x16x4x1_SN_1LDSB1_APM1_ABV0_ACED0_AF0EM2_AF1EM2_AMAS3_ASE_ASGT_ASLT_ASM_ASAE01_ASCE01_ASEM2_AAC0_BL1_BS1_CLR0_DTLA0_DTLB0_DTVA0_DTVB0_DVO0_ETSP_EPS1_ELFLR0_EMLL0_FSSC10_FL0_GLVWA2_GLVWB2_GRCGA1_GRCGB1_GRPM1_GRVW2_GSU1_GSUASB_GLS0_ISA942_IU1_K1_KLA_LBSPPA0_LBSPPB256_LPA0_LPB4_LDL1_LRVW2_LWPMn1_LDW0_FMA_MIAV1_MDA2_MO40_MMFSC_MKFGSU256_NTA0_NTB0_NTC3_NTD3_NEPBS0_NLCA1_NLCB1_ONLL1_OPLV0_PK0_PAP0_PGR2_PLR9_PKA0_SIA3_SLW1_SS1_SU0_SUM0_SUS0_SCIUI1_SPO1_SRVW0_SSO6_SVW2_SNLL0_TSGRA0_TSGRB0_TT2_16_TLDS1_UMLDSA0_UMLDSB1_U64SL1_USFGROn1_VAW1_VSn1_VW2_VWB1_VFLRP0_WSGRA0_WSGRB0_WS64_WG32_8_1_WGM6",23148,6448466094399663,6448466094405952,0,25600,256,1,1,1792,14,1
"KERNEL_DISPATCH",1,1,234619,13,184,"void rocsolver::v32802::unit_forward_substitution_kernel<double, int, double*>(int, int, double*, int, int, long, long, double*, int, int, long, long)",23145,6448466094353672,6448466094363607,0,512,16,64,1,16,448,1
"KERNEL_DISPATCH",1,1,234619,12,78,"void rocsolver::v32802::getf2_npvt_small_kernel<16, double, int, int, double*>(int, double*, long, int, long, int*, int, int)",23140,6448466094329275,6448466094339370,0,136,464,1,1,464,1,1
"KERNEL_DISPATCH",1,1,234619,11,880,"Cijk_Ailk_Bljk_DB_MT64x32x32_MI16x16x4x1_SN_1LDSB1_APM1_ABV0_ACED0_AF0EM2_AF1EM2_AMAS3_ASE_ASGT_ASLT_ASM_ASAE01_ASCE01_ASEM2_AAC0_BL1_BS1_CLR0_DTLA0_DTLB0_DTVA0_DTVB0_DVO0_ETSP_EPS1_ELFLR0_EMLL0_FSSC10_FL0_GLVWA2_GLVWB2_GRCGA1_GRCGB1_GRPM1_GRVW2_GSU1_GSUASB_GLS0_ISA942_IU1_K1_KLA_LBSPPA0_LBSPPB256_LPA0_LPB4_LDL1_LRVW2_LWPMn1_LDW0_FMA_MIAV1_MDA2_MO40_MMFSC_MKFGSU256_NTA0_NTB0_NTC3_NTD3_NEPBS0_NLCA1_NLCB1_ONLL1_OPLV0_PK0_PAP0_PGR2_PLR9_PKA0_SIA3_SLW1_SS1_SU0_SUM0_SUS0_SCIUI1_SPO1_SRVW0_SSO6_SVW2_SNLL0_TSGRA0_TSGRB0_TT2_16_TLDS1_UMLDSA0_UMLDSB1_U64SL1_USFGROn1_VAW1_VSn1_VW2_VWB1_VFLRP0_WSGRA0_WSGRB0_WS64_WG32_8_1_WGM6",23137,6448466094299910,6448466094305318,0,25600,256,1,1,2048,15,1
"KERNEL_DISPATCH",1,1,234619,10,184,"void rocsolver::v32802::unit_forward_substitution_kernel<double, int, double*>(int, int, double*, int, int, long, long, double*, int, int, long, long)",23134,6448466094279679,6448466094289574,0,512,16,64,1,16,512,1
"KERNEL_DISPATCH",1,1,234619,9,78,"void rocsolver::v32802::getf2_npvt_small_kernel<16, double, int, int, double*>(int, double*, long, int, long, int*, int, int)",23129,6448466094249192,6448466094259247,0,136,480,1,1,480,1,1
"KERNEL_DISPATCH",1,1,234619,8,880,"Cijk_Ailk_Bljk_DB_MT64x32x32_MI16x16x4x1_SN_1LDSB1_APM1_ABV0_ACED0_AF0EM2_AF1EM2_AMAS3_ASE_ASGT_ASLT_ASM_ASAE01_ASCE01_ASEM2_AAC0_BL1_BS1_CLR0_DTLA0_DTLB0_DTVA0_DTVB0_DVO0_ETSP_EPS1_ELFLR0_EMLL0_FSSC10_FL0_GLVWA2_GLVWB2_GRCGA1_GRCGB1_GRPM1_GRVW2_GSU1_GSUASB_GLS0_ISA942_IU1_K1_KLA_LBSPPA0_LBSPPB256_LPA0_LPB4_LDL1_LRVW2_LWPMn1_LDW0_FMA_MIAV1_MDA2_MO40_MMFSC_MKFGSU256_NTA0_NTB0_NTC3_NTD3_NEPBS0_NLCA1_NLCB1_ONLL1_OPLV0_PK0_PAP0_PGR2_PLR9_PKA0_SIA3_SLW1_SS1_SU0_SUM0_SUS0_SCIUI1_SPO1_SRVW0_SSO6_SVW2_SNLL0_TSGRA0_TSGRB0_TT2_16_TLDS1_UMLDSA0_UMLDSB1_U64SL1_USFGROn1_VAW1_VSn1_VW2_VWB1_VFLRP0_WSGRA0_WSGRB0_WS64_WG32_8_1_WGM6",23126,6448466094229682,6448466094236052,0,25600,256,1,1,2048,15,1
"KERNEL_DISPATCH",1,1,234619,7,184,"void rocsolver::v32802::unit_forward_substitution_kernel<double, int, double*>(int, int, double*, int, int, long, long, double*, int, int, long, long)",23123,6448466094195790,6448466094205565,0,512,16,64,1,16,512,1
"KERNEL_DISPATCH",1,1,234619,6,78,"void rocsolver::v32802::getf2_npvt_small_kernel<16, double, int, int, double*>(int, double*, long, int, long, int*, int, int)",23118,6448466094178083,6448466094187938,0,136,496,1,1,496,1,1
"KERNEL_DISPATCH",1,1,234619,5,880,"Cijk_Ailk_Bljk_DB_MT64x32x32_MI16x16x4x1_SN_1LDSB1_APM1_ABV0_ACED0_AF0EM2_AF1EM2_AMAS3_ASE_ASGT_ASLT_ASM_ASAE01_ASCE01_ASEM2_AAC0_BL1_BS1_CLR0_DTLA0_DTLB0_DTVA0_DTVB0_DVO0_ETSP_EPS1_ELFLR0_EMLL0_FSSC10_FL0_GLVWA2_GLVWB2_GRCGA1_GRCGB1_GRPM1_GRVW2_GSU1_GSUASB_GLS0_ISA942_IU1_K1_KLA_LBSPPA0_LBSPPB256_LPA0_LPB4_LDL1_LRVW2_LWPMn1_LDW0_FMA_MIAV1_MDA2_MO40_MMFSC_MKFGSU256_NTA0_NTB0_NTC3_NTD3_NEPBS0_NLCA1_NLCB1_ONLL1_OPLV0_PK0_PAP0_PGR2_PLR9_PKA0_SIA3_SLW1_SS1_SU0_SUM0_SUS0_SCIUI1_SPO1_SRVW0_SSO6_SVW2_SNLL0_TSGRA0_TSGRB0_TT2_16_TLDS1_UMLDSA0_UMLDSB1_U64SL1_USFGROn1_VAW1_VSn1_VW2_VWB1_VFLRP0_WSGRA0_WSGRB0_WS64_WG32_8_1_WGM6",23115,6448466094166866,6448466094173436,0,25600,256,1,1,2048,16,1
"KERNEL_DISPATCH",1,1,234619,4,184,"void rocsolver::v32802::unit_forward_substitution_kernel<double, int, double*>(int, int, double*, int, int, long, long, double*, int, int, long, long)",23112,6448466094126123,6448466094136099,0,512,16,64,1,16,512,1
"KERNEL_DISPATCH",1,1,234619,3,78,"void rocsolver::v32802::getf2_npvt_small_kernel<16, double, int, int, double*>(int, double*, long, int, long, int*, int, int)",23107,6448466094093513,6448466094103809,0,136,512,1,1,512,1,1
"KERNEL_DISPATCH",1,1,234619,2,20,"void rocsolver::v32802::reset_info<int, int, int>(int*, int, int, int)",23104,6448466094077969,6448466094079892,0,0,256,1,1,256,1,1
"KERNEL_DISPATCH",1,1,234619,1,13,"void rocsolver::v32802::iota_n<double>(double*, unsigned int, double)",23101,6448466094055094,6448466094057418,0,0,32,1,1,32,1,1
"KERNEL_DISPATCH",1,1,234619,27,78,"void rocsolver::v32802::getf2_npvt_small_kernel<16, double, int, int, double*>(int, double*, long, int, long, int*, int, int)",23195,6448466095534922,6448466095543816,0,136,384,1,1,384,1,1
"KERNEL_DISPATCH",1,1,234619,30,78,"void rocsolver::v32802::getf2_npvt_small_kernel<16, double, int, int, double*>(int, double*, long, int, long, int*, int, int)",23206,6448466095734789,6448466095743081,0,136,368,1,1,368,1,1
"KERNEL_DISPATCH",1,1,234619,29,1221,"Cijk_Ailk_Bljk_DB_MT128x64x16_MI16x16x4x1_SN_1LDSB1_APM1_ABV0_ACED0_AF0EM2_AF1EM2_AMAS3_ASE_ASGT_ASLT_ASM_ASAE01_ASCE01_ASEM2_AAC0_BL1_BS1_CLR0_DTLA0_DTLB0_DTVA1_DTVB0_DVO0_ETSP_EPS1_ELFLR0_EMLL0_FSSC10_FL0_GLVWA2_GLVWB2_GRCGA1_GRCGB1_GRPM1_GRVW2_GSU1_GSUASB_GLS0_ISA942_IU1_K1_KLA_LBSPPA0_LBSPPB0_LPA0_LPB2_LDL1_LRVW1_LWPMn1_LDW0_FMA_MIAV1_MDA2_MO40_MMFSC_MKFGSU256_NTA0_NTB0_NTC3_NTD3_NEPBS4_NLCA1_NLCB1_ONLL1_OPLV0_PK0_PAP0_PGR2_PLR1_PKA0_SIA3_SLW1_SS1_SU0_SUM0_SUS0_SCIUI1_SPO1_SRVW0_SSO6_SVW2_SNLL0_TSGRA0_TSGRB0_TT2_64_TLDS0_UMLDSA0_UMLDSB0_U64SL1_USFGROn1_VAW1_VSn1_VW2_VWB1_VFLRP0_WSGRA0_WSGRB0_WS64_WG64_4_1_WGM12",23203,6448466095722049,6448466095732826,0,8448,256,1,1,768,6,1
"KERNEL_DISPATCH",1,1,234619,28,184,"void rocsolver::v32802::unit_forward_substitution_kernel<double, int, double*>(int, int, double*, int, int, long, long, double*, int, int, long, long)",23200,6448466095611640,6448466095621054,0,512,16,64,1,16,384,1
"KERNEL_DISPATCH",1,1,234619,31,184,"void rocsolver::v32802::unit_forward_substitution_kernel<double, int, double*>(int, int, double*, int, int, long, long, double*, int, int, long, long)",23211,6448466095750933,6448466095760388,0,512,16,64,1,16,384,1
"KERNEL_DISPATCH",1,1,234619,32,1221,"Cijk_Ailk_Bljk_DB_MT128x64x16_MI16x16x4x1_SN_1LDSB1_APM1_ABV0_ACED0_AF0EM2_AF1EM2_AMAS3_ASE_ASGT_ASLT_ASM_ASAE01_ASCE01_ASEM2_AAC0_BL1_BS1_CLR0_DTLA0_DTLB0_DTVA1_DTVB0_DVO0_ETSP_EPS1_ELFLR0_EMLL0_FSSC10_FL0_GLVWA2_GLVWB2_GRCGA1_GRCGB1_GRPM1_GRVW2_GSU1_GSUASB_GLS0_ISA942_IU1_K1_KLA_LBSPPA0_LBSPPB0_LPA0_LPB2_LDL1_LRVW1_LWPMn1_LDW0_FMA_MIAV1_MDA2_MO40_MMFSC_MKFGSU256_NTA0_NTB0_NTC3_NTD3_NEPBS4_NLCA1_NLCB1_ONLL1_OPLV0_PK0_PAP0_PGR2_PLR1_PKA0_SIA3_SLW1_SS1_SU0_SUM0_SUS0_SCIUI1_SPO1_SRVW0_SSO6_SVW2_SNLL0_TSGRA0_TSGRB0_TT2_64_TLDS0_UMLDSA0_UMLDSB0_U64SL1_USFGROn1_VAW1_VSn1_VW2_VWB1_VFLRP0_WSGRA0_WSGRB0_WS64_WG64_4_1_WGM12",23214,6448466095785586,6448466095792637,0,8448,256,1,1,768,6,1
"KERNEL_DISPATCH",1,1,234619,33,78,"void rocsolver::v32802::getf2_npvt_small_kernel<16, double, int, int, double*>(int, double*, long, int, long, int*, int, int)",23217,6448466095798206,6448466095807099,0,136,352,1,1,352,1,1
"KERNEL_DISPATCH",1,1,234619,34,184,"void rocsolver::v32802::unit_forward_substitution_kernel<double, int, double*>(int, int, double*, int, int, long, long, double*, int, int, long, long)",23222,6448466095815392,6448466095825007,0,512,16,64,1,16,384,1
"KERNEL_DISPATCH",1,1,234619,35,1221,"Cijk_Ailk_Bljk_DB_MT128x64x16_MI16x16x4x1_SN_1LDSB1_APM1_ABV0_ACED0_AF0EM2_AF1EM2_AMAS3_ASE_ASGT_ASLT_ASM_ASAE01_ASCE01_ASEM2_AAC0_BL1_BS1_CLR0_DTLA0_DTLB0_DTVA1_DTVB0_DVO0_ETSP_EPS1_ELFLR0_EMLL0_FSSC10_FL0_GLVWA2_GLVWB2_GRCGA1_GRCGB1_GRPM1_GRVW2_GSU1_GSUASB_GLS0_ISA942_IU1_K1_KLA_LBSPPA0_LBSPPB0_LPA0_LPB2_LDL1_LRVW1_LWPMn1_LDW0_FMA_MIAV1_MDA2_MO40_MMFSC_MKFGSU256_NTA0_NTB0_NTC3_NTD3_NEPBS4_NLCA1_NLCB1_ONLL1_OPLV0_PK0_PAP0_PGR2_PLR1_PKA0_SIA3_SLW1_SS1_SU0_SUM0_SUS0_SCIUI1_SPO1_SRVW0_SSO6_SVW2_SNLL0_TSGRA0_TSGRB0_TT2_64_TLDS0_UMLDSA0_UMLDSB0_U64SL1_USFGROn1_VAW1_VSn1_VW2_VWB1_VFLRP0_WSGRA0_WSGRB0_WS64_WG64_4_1_WGM12",23225,6448466095838187,6448466095845719,0,8448,256,1,1,768,6,1
"KERNEL_DISPATCH",1,1,234619,36,78,"void rocsolver::v32802::getf2_npvt_small_kernel<16, double, int, int, double*>(int, double*, long, int, long, int*, int, int)",23228,6448466095849014,6448466095858829,0,136,336,1,1,336,1,1
"KERNEL_DISPATCH",1,1,234619,37,184,"void rocsolver::v32802::unit_forward_substitution_kernel<double, int, double*>(int, int, double*, int, int, long, long, double*, int, int, long, long)",23233,6448466095866390,6448466095875685,0,512,16,64,1,16,320,1
"KERNEL_DISPATCH",1,1,234619,38,1221,"Cijk_Ailk_Bljk_DB_MT128x64x16_MI16x16x4x1_SN_1LDSB1_APM1_ABV0_ACED0_AF0EM2_AF1EM2_AMAS3_ASE_ASGT_ASLT_ASM_ASAE01_ASCE01_ASEM2_AAC0_BL1_BS1_CLR0_DTLA0_DTLB0_DTVA1_DTVB0_DVO0_ETSP_EPS1_ELFLR0_EMLL0_FSSC10_FL0_GLVWA2_GLVWB2_GRCGA1_GRCGB1_GRPM1_GRVW2_GSU1_GSUASB_GLS0_ISA942_IU1_K1_KLA_LBSPPA0_LBSPPB0_LPA0_LPB2_LDL1_LRVW1_LWPMn1_LDW0_FMA_MIAV1_MDA2_MO40_MMFSC_MKFGSU256_NTA0_NTB0_NTC3_NTD3_NEPBS4_NLCA1_NLCB1_ONLL1_OPLV0_PK0_PAP0_PGR2_PLR1_PKA0_SIA3_SLW1_SS1_SU0_SUM0_SUS0_SCIUI1_SPO1_SRVW0_SSO6_SVW2_SNLL0_TSGRA0_TSGRB0_TT2_64_TLDS0_UMLDSA0_UMLDSB0_U64SL1_USFGROn1_VAW1_VSn1_VW2_VWB1_VFLRP0_WSGRA0_WSGRB0_WS64_WG64_4_1_WGM12",23236,6448466095887383,6448466095894473,0,8448,256,1,1,768,5,1
"KERNEL_DISPATCH",1,1,234619,39,78,"void rocsolver::v32802::getf2_npvt_small_kernel<16, double, int, int, double*>(int, double*, long, int, long, int*, int, int)",23239,6448466095900963,6448466095910017,0,136,320,1,1,320,1,1
"KERNEL_DISPATCH",1,1,234619,40,184,"void rocsolver::v32802::unit_forward_substitution_kernel<double, int, double*>(int, int, double*, int, int, long, long, double*, int, int, long, long)",23244,6448466095915265,6448466095924560,0,512,16,64,1,16,320,1
"KERNEL_DISPATCH",1,1,234619,41,1221,"Cijk_Ailk_Bljk_DB_MT128x64x16_MI16x16x4x1_SN_1LDSB1_APM1_ABV0_ACED0_AF0EM2_AF1EM2_AMAS3_ASE_ASGT_ASLT_ASM_ASAE01_ASCE01_ASEM2_AAC0_BL1_BS1_CLR0_DTLA0_DTLB0_DTVA1_DTVB0_DVO0_ETSP_EPS1_ELFLR0_EMLL0_FSSC10_FL0_GLVWA2_GLVWB2_GRCGA1_GRCGB1_GRPM1_GRVW2_GSU1_GSUASB_GLS0_ISA942_IU1_K1_KLA_LBSPPA0_LBSPPB0_LPA0_LPB2_LDL1_LRVW1_LWPMn1_LDW0_FMA_MIAV1_MDA2_MO40_MMFSC_MKFGSU256_NTA0_NTB0_NTC3_NTD3_NEPBS4_NLCA1_NLCB1_ONLL1_OPLV0_PK0_PAP0_PGR2_PLR1_PKA0_SIA3_SLW1_SS1_SU0_SUM0_SUS0_SCIUI1_SPO1_SRVW0_SSO6_SVW2_SNLL0_TSGRA0_TSGRB0_TT2_64_TLDS0_UMLDSA0_UMLDSB0_U64SL1_USFGROn1_VAW1_VSn1_VW2_VWB1_VFLRP0_WSGRA0_WSGRB0_WS64_WG64_4_1_WGM12",23247,6448466095941025,6448466095947354,0,8448,256,1,1,768,5,1
"KERNEL_DISPATCH",1,1,234619,42,78,"void rocsolver::v32802::getf2_npvt_small_kernel<16, double, int, int, double*>(int, double*, long, int, long, int*, int, int)",23250,6448466095954485,6448466095963459,0,136,304,1,1,304,1,1
"KERNEL_DISPATCH",1,1,234619,43,184,"void rocsolver::v32802::unit_forward_substitution_kernel<double, int, double*>(int, int, double*, int, int, long, long, double*, int, int, long, long)",23255,6448466095966364,6448466095975378,0,512,16,64,1,16,320,1
"KERNEL_DISPATCH",1,1,234619,44,1221,"Cijk_Ailk_Bljk_DB_MT128x64x16_MI16x16x4x1_SN_1LDSB1_APM1_ABV0_ACED0_AF0EM2_AF1EM2_AMAS3_ASE_ASGT_ASLT_ASM_ASAE01_ASCE01_ASEM2_AAC0_BL1_BS1_CLR0_DTLA0_DTLB0_DTVA1_DTVB0_DVO0_ETSP_EPS1_ELFLR0_EMLL0_FSSC10_FL0_GLVWA2_GLVWB2_GRCGA1_GRCGB1_GRPM1_GRVW2_GSU1_GSUASB_GLS0_ISA942_IU1_K1_KLA_LBSPPA0_LBSPPB0_LPA0_LPB2_LDL1_LRVW1_LWPMn1_LDW0_FMA_MIAV1_MDA2_MO40_MMFSC_MKFGSU256_NTA0_NTB0_NTC3_NTD3_NEPBS4_NLCA1_NLCB1_ONLL1_OPLV0_PK0_PAP0_PGR2_PLR1_PKA0_SIA3_SLW1_SS1_SU0_SUM0_SUS0_SCIUI1_SPO1_SRVW0_SSO6_SVW2_SNLL0_TSGRA0_TSGRB0_TT2_64_TLDS0_UMLDSA0_UMLDSB0_U64SL1_USFGROn1_VAW1_VSn1_VW2_VWB1_VFLRP0_WSGRA0_WSGRB0_WS64_WG64_4_1_WGM12",23258,6448466095991542,6448466095998513,0,8448,256,1,1,768,5,1
"KERNEL_DISPATCH",1,1,234619,45,78,"void rocsolver::v32802::getf2_npvt_small_kernel<16, double, int, int, double*>(int, double*, long, int, long, int*, int, int)",23261,6448466096003040,6448466096012134,0,136,288,1,1,288,1,1
"KERNEL_DISPATCH",1,1,234619,46,184,"void rocsolver::v32802::unit_forward_substitution_kernel<double, int, double*>(int, int, double*, int, int, long, long, double*, int, int, long, long)",23266,6448466096019465,6448466096028639,0,512,16,64,1,16,320,1
"KERNEL_DISPATCH",1,1,234619,47,874,"Cijk_Ailk_Bljk_DB_MT64x64x16_MI16x16x4x1_SN_1LDSB1_APM1_ABV0_ACED0_AF0EM2_AF1EM2_AMAS3_ASE_ASGT_ASLT_ASM_ASAE01_ASCE01_ASEM2_AAC0_BL1_BS1_CLR0_DTLA0_DTLB0_DTVA0_DTVB0_DVO0_ETSP_EPS1_ELFLR0_EMLL0_FSSC10_FL0_GLVWA2_GLVWB2_GRCGA1_GRCGB1_GRPM1_GRVW2_GSU1_GSUASB_GLS0_ISA942_IU1_K1_KLA_LBSPPA0_LBSPPB128_LPA0_LPB2_LDL1_LRVW1_LWPMn1_LDW0_FMA_MIAV1_MDA2_MO40_MMFSC_MKFGSU256_NTA0_NTB0_NTC3_NTD3_NEPBS4_NLCA1_NLCB1_ONLL1_OPLV0_PK0_PAP0_PGR2_PLR5_PKA0_SIA3_SLW1_SS1_SU0_SUM0_SUS0_SCIUI1_SPO1_SRVW0_SSO6_SVW2_SNLL0_TSGRA0_TSGRB0_TT2_32_TLDS1_UMLDSA0_UMLDSB1_U64SL1_USFGROn1_VAW1_VSn1_VW2_VWB1_VFLRP0_WSGRA0_WSGRB0_WS64_WG32_8_1_WGM6",23269,6448466096059286,6448466096064975,0,17408,256,1,1,1280,5,1
"KERNEL_DISPATCH",1,1,234619,48,78,"void rocsolver::v32802::getf2_npvt_small_kernel<16, double, int, int, double*>(int, double*, long, int, long, int*, int, int)",23272,6448466096069462,6448466096078435,0,136,272,1,1,272,1,1
"KERNEL_DISPATCH",1,1,234619,49,184,"void rocsolver::v32802::unit_forward_substitution_kernel<double, int, double*>(int, int, double*, int, int, long, long, double*, int, int, long, long)",23277,6448466096084725,6448466096093939,0,512,16,64,1,16,256,1
"KERNEL_DISPATCH",1,1,234619,50,874,"Cijk_Ailk_Bljk_DB_MT64x64x16_MI16x16x4x1_SN_1LDSB1_APM1_ABV0_ACED0_AF0EM2_AF1EM2_AMAS3_ASE_ASGT_ASLT_ASM_ASAE01_ASCE01_ASEM2_AAC0_BL1_BS1_CLR0_DTLA0_DTLB0_DTVA0_DTVB0_DVO0_ETSP_EPS1_ELFLR0_EMLL0_FSSC10_FL0_GLVWA2_GLVWB2_GRCGA1_GRCGB1_GRPM1_GRVW2_GSU1_GSUASB_GLS0_ISA942_IU1_K1_KLA_LBSPPA0_LBSPPB128_LPA0_LPB2_LDL1_LRVW1_LWPMn1_LDW0_FMA_MIAV1_MDA2_MO40_MMFSC_MKFGSU256_NTA0_NTB0_NTC3_NTD3_NEPBS4_NLCA1_NLCB1_ONLL1_OPLV0_PK0_PAP0_PGR2_PLR5_PKA0_SIA3_SLW1_SS1_SU0_SUM0_SUS0_SCIUI1_SPO1_SRVW0_SSO6_SVW2_SNLL0_TSGRA0_TSGRB0_TT2_32_TLDS1_UMLDSA0_UMLDSB1_U64SL1_USFGROn1_VAW1_VSn1_VW2_VWB1_VFLRP0_WSGRA0_WSGRB0_WS64_WG32_8_1_WGM6",23280,6448466096111366,6448466096116013,0,17408,256,1,1,1024,4,1
"KERNEL_DISPATCH",1,1,234619,51,78,"void rocsolver::v32802::getf2_npvt_small_kernel<16, double, int, int, double*>(int, double*, long, int, long, int*, int, int)",23283,6448466096126669,6448466096134962,0,136,256,1,1,256,1,1
"KERNEL_DISPATCH",1,1,234619,52,184,"void rocsolver::v32802::unit_forward_substitution_kernel<double, int, double*>(int, int, double*, int, int, long, long, double*, int, int, long, long)",23288,6448466096144737,6448466096153911,0,512,16,64,1,16,256,1
"KERNEL_DISPATCH",1,1,234619,53,874,"Cijk_Ailk_Bljk_DB_MT64x64x16_MI16x16x4x1_SN_1LDSB1_APM1_ABV0_ACED0_AF0EM2_AF1EM2_AMAS3_ASE_ASGT_ASLT_ASM_ASAE01_ASCE01_ASEM2_AAC0_BL1_BS1_CLR0_DTLA0_DTLB0_DTVA0_DTVB0_DVO0_ETSP_EPS1_ELFLR0_EMLL0_FSSC10_FL0_GLVWA2_GLVWB2_GRCGA1_GRCGB1_GRPM1_GRVW2_GSU1_GSUASB_GLS0_ISA942_IU1_K1_KLA_LBSPPA0_LBSPPB128_LPA0_LPB2_LDL1_LRVW1_LWPMn1_LDW0_FMA_MIAV1_MDA2_MO40_MMFSC_MKFGSU256_NTA0_NTB0_NTC3_NTD3_NEPBS4_NLCA1_NLCB1_ONLL1_OPLV0_PK0_PAP0_PGR2_PLR5_PKA0_SIA3_SLW1_SS1_SU0_SUM0_SUS0_SCIUI1_SPO1_SRVW0_SSO6_SVW2_SNLL0_TSGRA0_TSGRB0_TT2_32_TLDS1_UMLDSA0_UMLDSB1_U64SL1_USFGROn1_VAW1_VSn1_VW2_VWB1_VFLRP0_WSGRA0_WSGRB0_WS64_WG32_8_1_WGM6",23291,6448466096166611,6448466096172179,0,17408,256,1,1,1024,4,1
"KERNEL_DISPATCH",1,1,234619,54,78,"void rocsolver::v32802::getf2_npvt_small_kernel<16, double, int, int, double*>(int, double*, long, int, long, int*, int, int)",23294,6448466096178819,6448466096187192,0,136,240,1,1,240,1,1
"KERNEL_DISPATCH",1,1,234619,55,184,"void rocsolver::v32802::unit_forward_substitution_kernel<double, int, double*>(int, int, double*, int, int, long, long, double*, int, int, long, long)",23299,6448466096195295,6448466096204509,0,512,16,64,1,16,256,1
"KERNEL_DISPATCH",1,1,234619,56,874,"Cijk_Ailk_Bljk_DB_MT64x64x16_MI16x16x4x1_SN_1LDSB1_APM1_ABV0_ACED0_AF0EM2_AF1EM2_AMAS3_ASE_ASGT_ASLT_ASM_ASAE01_ASCE01_ASEM2_AAC0_BL1_BS1_CLR0_DTLA0_DTLB0_DTVA0_DTVB0_DVO0_ETSP_EPS1_ELFLR0_EMLL0_FSSC10_FL0_GLVWA2_GLVWB2_GRCGA1_GRCGB1_GRPM1_GRVW2_GSU1_GSUASB_GLS0_ISA942_IU1_K1_KLA_LBSPPA0_LBSPPB128_LPA0_LPB2_LDL1_LRVW1_LWPMn1_LDW0_FMA_MIAV1_MDA2_MO40_MMFSC_MKFGSU256_NTA0_NTB0_NTC3_NTD3_NEPBS4_NLCA1_NLCB1_ONLL1_OPLV0_PK0_PAP0_PGR2_PLR5_PKA0_SIA3_SLW1_SS1_SU0_SUM0_SUS0_SCIUI1_SPO1_SRVW0_SSO6_SVW2_SNLL0_TSGRA0_TSGRB0_TT2_32_TLDS1_UMLDSA0_UMLDSB1_U64SL1_USFGROn1_VAW1_VSn1_VW2_VWB1_VFLRP0_WSGRA0_WSGRB0_WS64_WG32_8_1_WGM6",23302,6448466096214324,6448466096219572,0,17408,256,1,1,1024,4,1
"KERNEL_DISPATCH",1,1,234619,57,78,"void rocsolver::v32802::getf2_npvt_small_kernel<16, double, int, int, double*>(int, double*, long, int, long, int*, int, int)",23305,6448466096227584,6448466096235877,0,136,224,1,1,224,1,1
"KERNEL_DISPATCH",1,1,234619,58,184,"void rocsolver::v32802::unit_forward_substitution_kernel<double, int, double*>(int, int, double*, int, int, long, long, double*, int, int, long, long)",23310,6448466096239383,6448466096248316,0,512,16,64,1,16,256,1
"KERNEL_DISPATCH",1,1,234619,59,874,"Cijk_Ailk_Bljk_DB_MT64x64x16_MI16x16x4x1_SN_1LDSB1_APM1_ABV0_ACED0_AF0EM2_AF1EM2_AMAS3_ASE_ASGT_ASLT_ASM_ASAE01_ASCE01_ASEM2_AAC0_BL1_BS1_CLR0_DTLA0_DTLB0_DTVA0_DTVB0_DVO0_ETSP_EPS1_ELFLR0_EMLL0_FSSC10_FL0_GLVWA2_GLVWB2_GRCGA1_GRCGB1_GRPM1_GRVW2_GSU1_GSUASB_GLS0_ISA942_IU1_K1_KLA_LBSPPA0_LBSPPB128_LPA0_LPB2_LDL1_LRVW1_LWPMn1_LDW0_FMA_MIAV1_MDA2_MO40_MMFSC_MKFGSU256_NTA0_NTB0_NTC3_NTD3_NEPBS4_NLCA1_NLCB1_ONLL1_OPLV0_PK0_PAP0_PGR2_PLR5_PKA0_SIA3_SLW1_SS1_SU0_SUM0_SUS0_SCIUI1_SPO1_SRVW0_SSO6_SVW2_SNLL0_TSGRA0_TSGRB0_TT2_32_TLDS1_UMLDSA0_UMLDSB1_U64SL1_USFGROn1_VAW1_VSn1_VW2_VWB1_VFLRP0_WSGRA0_WSGRB0_WS64_WG32_8_1_WGM6",23313,6448466096266083,6448466096271371,0,17408,256,1,1,1024,4,1
"KERNEL_DISPATCH",1,1,234619,60,78,"void rocsolver::v32802::getf2_npvt_small_kernel<16, double, int, int, double*>(int, double*, long, int, long, int*, int, int)",23316,6448466096275217,6448466096283510,0,136,208,1,1,208,1,1
"KERNEL_DISPATCH",1,1,234619,61,184,"void rocsolver::v32802::unit_forward_substitution_kernel<double, int, double*>(int, int, double*, int, int, long, long, double*, int, int, long, long)",23321,6448466096291081,6448466096300256,0,512,16,64,1,16,192,1
"KERNEL_DISPATCH",1,1,234619,62,874,"Cijk_Ailk_Bljk_DB_MT64x64x16_MI16x16x4x1_SN_1LDSB1_APM1_ABV0_ACED0_AF0EM2_AF1EM2_AMAS3_ASE_ASGT_ASLT_ASM_ASAE01_ASCE01_ASEM2_AAC0_BL1_BS1_CLR0_DTLA0_DTLB0_DTVA0_DTVB0_DVO0_ETSP_EPS1_ELFLR0_EMLL0_FSSC10_FL0_GLVWA2_GLVWB2_GRCGA1_GRCGB1_GRPM1_GRVW2_GSU1_GSUASB_GLS0_ISA942_IU1_K1_KLA_LBSPPA0_LBSPPB128_LPA0_LPB2_LDL1_LRVW1_LWPMn1_LDW0_FMA_MIAV1_MDA2_MO40_MMFSC_MKFGSU256_NTA0_NTB0_NTC3_NTD3_NEPBS4_NLCA1_NLCB1_ONLL1_OPLV0_PK0_PAP0_PGR2_PLR5_PKA0_SIA3_SLW1_SS1_SU0_SUM0_SUS0_SCIUI1_SPO1_SRVW0_SSO6_SVW2_SNLL0_TSGRA0_TSGRB0_TT2_32_TLDS1_UMLDSA0_UMLDSB1_U64SL1_USFGROn1_VAW1_VSn1_VW2_VWB1_VFLRP0_WSGRA0_WSGRB0_WS64_WG32_8_1_WGM6",23324,6448466096319645,6448466096324052,0,17408,256,1,1,768,3,1
"KERNEL_DISPATCH",1,1,234619,63,78,"void rocsolver::v32802::getf2_npvt_small_kernel<16, double, int, int, double*>(int, double*, long, int, long, int*, int, int)",23327,6448466096329941,6448466096337633,0,136,192,1,1,192,1,1
"KERNEL_DISPATCH",1,1,234619,64,184,"void rocsolver::v32802::unit_forward_substitution_kernel<double, int, double*>(int, int, double*, int, int, long, long, double*, int, int, long, long)",23332,6448466096347688,6448466096356181,0,512,16,64,1,16,192,1
"KERNEL_DISPATCH",1,1,234619,65,848,"Cijk_Ailk_Bljk_DB_MT128x64x16_MI16x16x4x1_SN_1LDSB1_APM1_ABV0_ACED0_AF0EM2_AF1EM2_AMAS3_ASE_ASGT_ASLT_ASM_ASAE01_ASCE01_ASEM2_AAC0_BL1_BS1_CLR0_DTLA0_DTLB0_DTVA1_DTVB0_DVO0_ETSP_EPS1_ELFLR0_EMLL0_FSSC10_FL0_GLVWA2_GLVWB2_GRCGA1_GRCGB1_GRPM1_GRVW2_GSU1_GSUASB_GLS0_ISA942_IU1_K1_KLA_LBSPPA0_LBSPPB0_LPA0_LPB2_LDL1_LRVW1_LWPMn1_LDW0_FMA_MIAV1_MDA2_MO40_MMFSC_MKFGSU256_NTA0_NTB0_NTC3_NTD3_NEPBS4_NLCA1_NLCB1_ONLL1_OPLV0_PK0_PAP0_PGR2_PLR5_PKA0_SIA3_SLW1_SS1_SU0_SUM0_SUS0_SCIUI1_SPO1_SRVW0_SSO6_SVW2_SNLL0_TSGRA0_TSGRB0_TT2_64_TLDS0_UMLDSA0_UMLDSB0_U64SL1_USFGROn1_VAW1_VSn1_VW2_VWB1_VFLRP0_WSGRA0_WSGRB0_WS64_WG64_4_1_WGM6",23335,6448466096367959,6448466096378576,0,8448,256,1,1,512,3,1
"KERNEL_DISPATCH",1,1,234619,66,78,"void rocsolver::v32802::getf2_npvt_small_kernel<16, double, int, int, double*>(int, double*, long, int, long, int*, int, int)",23338,6448466096380539,6448466096387189,0,136,176,1,1,176,1,1
"KERNEL_DISPATCH",1,1,234619,67,184,"void rocsolver::v32802::unit_forward_substitution_kernel<double, int, double*>(int, int, double*, int, int, long, long, double*, int, int, long, long)",23343,6448466096393238,6448466096401811,0,512,16,64,1,16,192,1
"KERNEL_DISPATCH",1,1,234619,68,848,"Cijk_Ailk_Bljk_DB_MT128x64x16_MI16x16x4x1_SN_1LDSB1_APM1_ABV0_ACED0_AF0EM2_AF1EM2_AMAS3_ASE_ASGT_ASLT_ASM_ASAE01_ASCE01_ASEM2_AAC0_BL1_BS1_CLR0_DTLA0_DTLB0_DTVA1_DTVB0_DVO0_ETSP_EPS1_ELFLR0_EMLL0_FSSC10_FL0_GLVWA2_GLVWB2_GRCGA1_GRCGB1_GRPM1_GRVW2_GSU1_GSUASB_GLS0_ISA942_IU1_K1_KLA_LBSPPA0_LBSPPB0_LPA0_LPB2_LDL1_LRVW1_LWPMn1_LDW0_FMA_MIAV1_MDA2_MO40_MMFSC_MKFGSU256_NTA0_NTB0_NTC3_NTD3_NEPBS4_NLCA1_NLCB1_ONLL1_OPLV0_PK0_PAP0_PGR2_PLR5_PKA0_SIA3_SLW1_SS1_SU0_SUM0_SUS0_SCIUI1_SPO1_SRVW0_SSO6_SVW2_SNLL0_TSGRA0_TSGRB0_TT2_64_TLDS0_UMLDSA0_UMLDSB0_U64SL1_USFGROn1_VAW1_VSn1_VW2_VWB1_VFLRP0_WSGRA0_WSGRB0_WS64_WG64_4_1_WGM6",23346,6448466096414110,6448466096421361,0,8448,256,1,1,512,3,1
"KERNEL_DISPATCH",1,1,234619,69,78,"void rocsolver::v32802::getf2_npvt_small_kernel<16, double, int, int, double*>(int, double*, long, int, long, int*, int, int)",23349,6448466096426449,6448466096434221,0,136,160,1,1,160,1,1
"KERNEL_DISPATCH",1,1,234619,70,184,"void rocsolver::v32802::unit_forward_substitution_kernel<double, int, double*>(int, int, double*, int, int, long, long, double*, int, int, long, long)",23354,6448466096445558,6448466096454051,0,512,16,64,1,16,192,1
"KERNEL_DISPATCH",1,1,234619,71,740,"Cijk_Ailk_Bljk_DB_MT128x64x16_MI16x16x4x1_SN_1LDSB1_APM1_ABV0_ACED0_AF0EM2_AF1EM2_AMAS3_ASE_ASGT_ASLT_ASM_ASAE01_ASCE01_ASEM2_AAC0_BL1_BS1_CLR0_DTLA0_DTLB0_DTVA0_DTVB0_DVO0_ETSP_EPS1_ELFLR0_EMLL0_FSSC10_FL0_GLVWA2_GLVWB2_GRCGA1_GRCGB1_GRPM1_GRVW2_GSU1_GSUASB_GLS0_ISA942_IU1_K1_KLA_LBSPPA0_LBSPPB0_LPA0_LPB2_LDL1_LRVW1_LWPMn1_LDW0_FMA_MIAV1_MDA2_MO40_MMFSC_MKFGSU256_NTA0_NTB0_NTC3_NTD3_NEPBS0_NLCA1_NLCB1_ONLL1_OPLV0_PK0_PAP0_PGR2_PLR5_PKA0_SIA3_SLW1_SS1_SU0_SUM0_SUS0_SCIUI1_SPO1_SRVW0_SSO6_SVW2_SNLL0_TSGRA0_TSGRB0_TT2_64_TLDS0_UMLDSA0_UMLDSB0_U64SL1_USFGROn1_VAW1_VSn1_VW2_VWB1_VFLRP0_WSGRA0_WSGRB0_WS64_WG64_4_1_WGM6",23357,6448466096464027,6448466096473121,0,24832,256,1,1,512,3,1
"KERNEL_DISPATCH",1,1,234619,72,78,"void rocsolver::v32802::getf2_npvt_small_kernel<16, double, int, int, double*>(int, double*, long, int, long, int*, int, int)",23360,6448466096477047,6448466096484778,0,136,144,1,1,144,1,1
"KERNEL_DISPATCH",1,1,234619,73,184,"void rocsolver::v32802::unit_forward_substitution_kernel<double, int, double*>(int, int, double*, int, int, long, long, double*, int, int, long, long)",23365,6448466096490677,6448466096499251,0,512,16,64,1,16,128,1
"KERNEL_DISPATCH",1,1,234619,74,740,"Cijk_Ailk_Bljk_DB_MT128x64x16_MI16x16x4x1_SN_1LDSB1_APM1_ABV0_ACED0_AF0EM2_AF1EM2_AMAS3_ASE_ASGT_ASLT_ASM_ASAE01_ASCE01_ASEM2_AAC0_BL1_BS1_CLR0_DTLA0_DTLB0_DTVA0_DTVB0_DVO0_ETSP_EPS1_ELFLR0_EMLL0_FSSC10_FL0_GLVWA2_GLVWB2_GRCGA1_GRCGB1_GRPM1_GRVW2_GSU1_GSUASB_GLS0_ISA942_IU1_K1_KLA_LBSPPA0_LBSPPB0_LPA0_LPB2_LDL1_LRVW1_LWPMn1_LDW0_FMA_MIAV1_MDA2_MO40_MMFSC_MKFGSU256_NTA0_NTB0_NTC3_NTD3_NEPBS0_NLCA1_NLCB1_ONLL1_OPLV0_PK0_PAP0_PGR2_PLR5_PKA0_SIA3_SLW1_SS1_SU0_SUM0_SUS0_SCIUI1_SPO1_SRVW0_SSO6_SVW2_SNLL0_TSGRA0_TSGRB0_TT2_64_TLDS0_UMLDSA0_UMLDSB0_U64SL1_USFGROn1_VAW1_VSn1_VW2_VWB1_VFLRP0_WSGRA0_WSGRB0_WS64_WG64_4_1_WGM6",23368,6448466096518751,6448466096524800,0,24832,256,1,1,256,2,1
"KERNEL_DISPATCH",1,1,234619,75,78,"void rocsolver::v32802::getf2_npvt_small_kernel<16, double, int, int, double*>(int, double*, long, int, long, int*, int, int)",23371,6448466096530609,6448466096538180,0,136,128,1,1,128,1,1
"KERNEL_DISPATCH",1,1,234619,76,184,"void rocsolver::v32802::unit_forward_substitution_kernel<double, int, double*>(int, int, double*, int, int, long, long, double*, int, int, long, long)",23376,6448466096546513,6448466096555567,0,512,16,64,1,16,128,1
"KERNEL_DISPATCH",1,1,234619,77,1000,"Cijk_Ailk_Bljk_DB_MT128x64x16_MI16x16x4x1_SN_1LDSB1_APM1_ABV0_ACED0_AF0EM2_AF1EM2_AMAS3_ASE_ASGT_ASLT_ASM_ASAE01_ASCE01_ASEM2_AAC0_BL1_BS1_CLR0_DTLA0_DTLB0_DTVA0_DTVB0_DVO0_ETSP_EPS1_ELFLR0_EMLL0_FSSC10_FL0_GLVWA2_GLVWB2_GRCGA1_GRCGB1_GRPM1_GRVW2_GSU1_GSUASB_GLS0_ISA942_IU1_K1_KLA_LBSPPA0_LBSPPB0_LPA0_LPB2_LDL1_LRVW1_LWPMn1_LDW0_FMA_MIAV1_MDA2_MO40_MMFSC_MKFGSU256_NTA0_NTB0_NTC3_NTD3_NEPBS0_NLCA1_NLCB1_ONLL1_OPLV0_PK0_PAP0_PGR2_PLR1_PKA0_SIA3_SLW1_SS1_SU0_SUM0_SUS0_SCIUI1_SPO1_SRVW0_SSO6_SVW2_SNLL0_TSGRA0_TSGRB0_TT2_64_TLDS0_UMLDSA0_UMLDSB0_U64SL1_USFGROn1_VAW1_VSn1_VW2_VWB1_VFLRP0_WSGRA0_WSGRB0_WS64_WG64_4_1_WGM6",23379,6448466096572914,6448466096582288,0,24832,256,1,1,256,2,1
"KERNEL_DISPATCH",1,1,234619,78,78,"void rocsolver::v32802::getf2_npvt_small_kernel<16, double, int, int, double*>(int, double*, long, int, long, int*, int, int)",23382,6448466096584211,6448466096590621,0,136,112,1,1,112,1,1
"KERNEL_DISPATCH",1,1,234619,79,184,"void rocsolver::v32802::unit_forward_substitution_kernel<double, int, double*>(int, int, double*, int, int, long, long, double*, int, int, long, long)",23387,6448466096595238,6448466096604532,0,512,16,64,1,16,128,1
"KERNEL_DISPATCH",1,1,234619,80,886,"Cijk_Ailk_Bljk_DB_MT128x64x16_MI16x16x4x1_SN_1LDSB1_APM1_ABV0_ACED0_AF0EM2_AF1EM2_AMAS3_ASE_ASGT_ASLT_ASM_ASAE01_ASCE01_ASEM2_AAC0_BL1_BS1_CLR0_DTLA0_DTLB0_DTVA1_DTVB0_DVO0_ETSP_EPS1_ELFLR0_EMLL0_FSSC10_FL0_GLVWA2_GLVWB2_GRCGA1_GRCGB1_GRPM1_GRVW2_GSU1_GSUASB_GLS0_ISA942_IU1_K1_KLA_LBSPPA0_LBSPPB0_LPA0_LPB2_LDL1_LRVW1_LWPMn1_LDW0_FMA_MIAV1_MDA2_MO40_MMFSC_MKFGSU256_NTA0_NTB0_NTC3_NTD3_NEPBS0_NLCA1_NLCB1_ONLL1_OPLV0_PK0_PAP0_PGR2_PLR5_PKA0_SIA3_SLW1_SS1_SU0_SUM0_SUS0_SCIUI1_SPO1_SRVW0_SSO6_SVW2_SNLL0_TSGRA0_TSGRB0_TT2_64_TLDS0_UMLDSA0_UMLDSB0_U64SL1_USFGROn1_VAW1_VSn1_VW2_VWB1_VFLRP0_WSGRA0_WSGRB0_WS64_WG64_4_1_WGM12",23390,6448466096619425,6448466096630722,0,8448,256,1,1,256,2,1
"KERNEL_DISPATCH",1,1,234619,81,78,"void rocsolver::v32802::getf2_npvt_small_kernel<16, double, int, int, double*>(int, double*, long, int, long, int*, int, int)",23393,6448466096630722,6448466096638094,0,136,96,1,1,96,1,1
"KERNEL_DISPATCH",1,1,234619,82,184,"void rocsolver::v32802::unit_forward_substitution_kernel<double, int, double*>(int, int, double*, int, int, long, long, double*, int, int, long, long)",23398,6448466096645705,6448466096655120,0,512,16,64,1,16,128,1
"KERNEL_DISPATCH",1,1,234619,83,742,"Cijk_Ailk_Bljk_DB_MT64x64x16_MI16x16x4x1_SN_1LDSB1_APM1_ABV0_ACED0_AF0EM2_AF1EM2_AMAS3_ASE_ASGT_ASLT_ASM_ASAE01_ASCE01_ASEM2_AAC0_BL1_BS1_CLR0_DTLA0_DTLB0_DTVA0_DTVB0_DVO0_ETSP_EPS1_ELFLR0_EMLL0_FSSC10_FL0_GLVWA2_GLVWB2_GRCGA1_GRCGB1_GRPM1_GRVW2_GSU1_GSUASB_GLS0_ISA942_IU1_K1_KLA_LBSPPA0_LBSPPB0_LPA0_LPB2_LDL1_LRVW1_LWPMn1_LDW0_FMA_MIAV1_MDA2_MO40_MMFSC_MKFGSU256_NTA0_NTB0_NTC3_NTD3_NEPBS4_NLCA1_NLCB1_ONLL1_OPLV0_PK0_PAP0_PGR2_PLR5_PKA0_SIA3_SLW1_SS1_SU0_SUM0_SUS0_SCIUI1_SPO1_SRVW0_SSO6_SVW2_SNLL0_TSGRA0_TSGRB0_TT2_32_TLDS0_UMLDSA0_UMLDSB0_U64SL1_USFGROn1_VAW1_VSn1_VW2_VWB1_VFLRP0_WSGRA0_WSGRB0_WS64_WG32_8_1_WGM6",23401,6448466096672266,6448466096678836,0,16640,256,1,1,512,2,1
"KERNEL_DISPATCH",1,1,234619,84,78,"void rocsolver::v32802::getf2_npvt_small_kernel<16, double, int, int, double*>(int, double*, long, int, long, int*, int, int)",23404,6448466096683243,6448466096690774,0,136,80,1,1,80,1,1
"KERNEL_DISPATCH",1,1,234619,85,184,"void rocsolver::v32802::unit_forward_substitution_kernel<double, int, double*>(int, int, double*, int, int, long, long, double*, int, int, long, long)",23409,6448466096694420,6448466096703594,0,512,16,64,1,16,64,1
"KERNEL_DISPATCH",1,1,234619,86,891,"Cijk_Ailk_Bljk_DB_MT64x64x16_MI16x16x4x1_SN_1LDSB1_APM1_ABV0_ACED0_AF0EM2_AF1EM2_AMAS0_ASE_ASGT_ASLT_ASM_ASAE01_ASCE01_ASEM2_AAC0_BL1_BS1_CLR0_DTLA0_DTLB0_DTVA1_DTVB0_DVO0_ETSP_EPS1_ELFLR0_EMLL0_FSSC10_FL0_GLVWA1_GLVWB1_GRCGA1_GRCGB1_GRPM1_GRVW1_GSU1_GSUASB_GLS0_ISA942_IU1_K1_KLA_LBSPPA0_LBSPPB128_LPA0_LPB4_LDL1_LRVW2_LWPMn1_LDW0_FMA_MIAV1_MDA2_MO40_MMFSC_MKFGSU256_NTA0_NTB0_NTC3_NTD3_NEPBS0_NLCA1_NLCB1_ONLL1_OPLV0_PK0_PAP0_PGR2_PLR5_PKA0_SIA3_SLW1_SS1_SU0_SUM0_SUS0_SCIUI1_SPO1_SRVW0_SSO6_SVW1_SNLL0_TSGRA0_TSGRB0_TT1_64_TLDS1_UMLDSA0_UMLDSB1_U64SL1_USFGROn1_VAW1_VSn1_VW1_VWB1_VFLRP0_WSGRA0_WSGRB0_WS64_WG64_4_1_WGM6",23412,6448466096723985,6448466096730475,0,10240,256,1,1,256,1,1
"KERNEL_DISPATCH",1,1,234619,87,78,"void rocsolver::v32802::getf2_npvt_small_kernel<16, double, int, int, double*>(int, double*, long, int, long, int*, int, int)",23415,6448466096734201,6448466096741572,0,136,64,1,1,64,1,1
"KERNEL_DISPATCH",1,1,234619,88,184,"void rocsolver::v32802::unit_forward_substitution_kernel<double, int, double*>(int, int, double*, int, int, long, long, double*, int, int, long, long)",23420,6448466096745298,6448466096754552,0,512,16,64,1,16,64,1
"KERNEL_DISPATCH",1,1,234619,89,751,"Cijk_Ailk_Bljk_DB_MT64x64x16_MI16x16x4x1_SN_1LDSB1_APM1_ABV0_ACED0_AF0EM2_AF1EM2_AMAS3_ASE_ASGT_ASLT_ASM_ASAE01_ASCE01_ASEM2_AAC0_BL1_BS1_CLR0_DTLA0_DTLB0_DTVA0_DTVB0_DVO0_ETSP_EPS1_ELFLR0_EMLL0_FSSC10_FL0_GLVWA2_GLVWB2_GRCGA1_GRCGB1_GRPM1_GRVW2_GSU1_GSUASB_GLS0_ISA942_IU1_K1_KLA_LBSPPA0_LBSPPB128_LPA0_LPB4_LDL1_LRVW2_LWPMn1_LDW0_FMA_MIAV1_MDA2_MO40_MMFSC_MKFGSU256_NTA0_NTB0_NTC3_NTD3_NEPBS0_NLCA1_NLCB1_ONLL1_OPLV0_PK0_PAP0_PGR2_PLR5_PKA0_SIA3_SLW1_SS1_SU0_SUM0_SUS0_SCIUI1_SPO1_SRVW0_SSO6_SVW2_SNLL0_TSGRA0_TSGRB0_TT2_32_TLDS1_UMLDSA0_UMLDSB1_U64SL1_USFGROn1_VAW1_VSn1_VW2_VWB1_VFLRP0_WSGRA0_WSGRB0_WS64_WG32_8_1_WGM6",23423,6448466096772900,6448466096780832,0,18432,256,1,1,256,1,1
"KERNEL_DISPATCH",1,1,234619,90,78,"void rocsolver::v32802::getf2_npvt_small_kernel<16, double, int, int, double*>(int, double*, long, int, long, int*, int, int)",23426,6448466096784358,6448466096791769,0,136,48,1,1,48,1,1
"KERNEL_DISPATCH",1,1,234619,91,184,"void rocsolver::v32802::unit_forward_substitution_kernel<double, int, double*>(int, int, double*, int, int, long, long, double*, int, int, long, long)",23431,6448466096798259,6448466096806832,0,512,16,64,1,16,64,1
"KERNEL_DISPATCH",1,1,234619,92,756,"Cijk_Ailk_Bljk_DB_MT32x64x32_MI16x16x4x1_SN_1LDSB1_APM1_ABV0_ACED0_AF0EM2_AF1EM2_AMAS3_ASE_ASGT_ASLT_ASM_ASAE01_ASCE01_ASEM2_AAC0_BL1_BS1_CLR0_DTLA0_DTLB0_DTVA0_DTVB0_DVO0_ETSP_EPS1_ELFLR0_EMLL0_FSSC10_FL0_GLVWA2_GLVWB2_GRCGA1_GRCGB1_GRPM1_GRVW2_GSU1_GSUASB_GLS0_ISA942_IU1_K1_KLA_LBSPPA0_LBSPPB256_LPA0_LPB4_LDL1_LRVW2_LWPMn1_LDW0_FMA_MIAV1_MDA2_MO40_MMFSC_MKFGSU256_NTA0_NTB0_NTC3_NTD3_NEPBS0_NLCA1_NLCB1_ONLL1_OPLV0_PK0_PAP0_PGR2_PLR9_PKA0_SIA3_SLW1_SS1_SU0_SUM0_SUS0_SCIUI1_SPO1_SRVW0_SSO6_SVW2_SNLL0_TSGRA0_TSGRB0_TT2_16_TLDS1_UMLDSA0_UMLDSB1_U64SL1_USFGROn1_VAW1_VSn1_VW2_VWB1_VFLRP0_WSGRA0_WSGRB0_WS64_WG16_16_1_WGM6",23434,6448466096819492,6448466096825781,0,26624,256,1,1,256,1,1
"KERNEL_DISPATCH",1,1,234619,93,78,"void rocsolver::v32802::getf2_npvt_small_kernel<16, double, int, int, double*>(int, double*, long, int, long, int*, int, int)",23437,6448466096837800,6448466096845331,0,136,32,1,1,32,1,1
"KERNEL_DISPATCH",1,1,234619,94,184,"void rocsolver::v32802::unit_forward_substitution_kernel<double, int, double*>(int, int, double*, int, int, long, long, double*, int, int, long, long)",23442,6448466096850880,6448466096858692,0,512,16,64,1,16,64,1
"KERNEL_DISPATCH",1,1,234619,95,756,"Cijk_Ailk_Bljk_DB_MT32x64x32_MI16x16x4x1_SN_1LDSB1_APM1_ABV0_ACED0_AF0EM2_AF1EM2_AMAS3_ASE_ASGT_ASLT_ASM_ASAE01_ASCE01_ASEM2_AAC0_BL1_BS1_CLR0_DTLA0_DTLB0_DTVA0_DTVB0_DVO0_ETSP_EPS1_ELFLR0_EMLL0_FSSC10_FL0_GLVWA2_GLVWB2_GRCGA1_GRCGB1_GRPM1_GRVW2_GSU1_GSUASB_GLS0_ISA942_IU1_K1_KLA_LBSPPA0_LBSPPB256_LPA0_LPB4_LDL1_LRVW2_LWPMn1_LDW0_FMA_MIAV1_MDA2_MO40_MMFSC_MKFGSU256_NTA0_NTB0_NTC3_NTD3_NEPBS0_NLCA1_NLCB1_ONLL1_OPLV0_PK0_PAP0_PGR2_PLR9_PKA0_SIA3_SLW1_SS1_SU0_SUM0_SUS0_SCIUI1_SPO1_SRVW0_SSO6_SVW2_SNLL0_TSGRA0_TSGRB0_TT2_16_TLDS1_UMLDSA0_UMLDSB1_U64SL1_USFGROn1_VAW1_VSn1_VW2_VWB1_VFLRP0_WSGRA0_WSGRB0_WS64_WG16_16_1_WGM6",23445,6448466096877701,6448466096881226,0,26624,256,1,1,256,1,1
"KERNEL_DISPATCH",1,1,234619,96,78,"void rocsolver::v32802::getf2_npvt_small_kernel<16, double, int, int, double*>(int, double*, long, int, long, int*, int, int)",23448,6448466096889479,6448466096897371,0,136,16,1,1,16,1,1
"KERNEL_DISPATCH",1,1,234619,97,1434,"void rocblas_trtri_trsm_kernel<128, 16, 8, double, double const*, double*>(rocblas_fill_, rocblas_diagonal_, double const*, long, int, long, double*, long, long, int)",23452,6448466096904863,6448466096933346,0,8192,256,1,1,4096,1,1
"KERNEL_DISPATCH",1,1,234619,98,1356,"void rocblas_trtri_fill<128, double, double*>(_rocblas_handle*, rocblas_fill_, int, long, int, long, double*, long, long, int, int)",23457,6448466096933346,6448466096935830,0,0,128,1,1,32512,1,1
"KERNEL_DISPATCH",1,1,234619,99,860,"Cijk_Ailk_Bljk_DB_MT64x32x16_MI16x16x4x1_SN_1LDSB1_APM1_ABV0_ACED0_AF0EM2_AF1EM2_AMAS0_ASE_ASGT_ASLT_ASM_ASAE01_ASCE01_ASEM2_AAC0_BL1_BS1_CLR0_DTLA0_DTLB0_DTVA1_DTVB0_DVO0_ETSP_EPS1_ELFLR0_EMLL0_FSSC10_FL0_GLVWA1_GLVWB1_GRCGA1_GRCGB1_GRPM1_GRVW1_GSU1_GSUASB_GLS0_ISA942_IU1_K1_KLA_LBSPPA0_LBSPPB128_LPA0_LPB4_LDL1_LRVW2_LWPMn1_LDW0_FMA_MIAV1_MDA2_MO40_MMFSC_MKFGSU256_NTA0_NTB0_NTC3_NTD3_NEPBS0_NLCA1_NLCB1_ONLL1_OPLV0_PK0_PAP0_PGR2_PLR5_PKA0_SIA3_SLW1_SS1_SU0_SUM0_SUS0_SCIUI1_SPO1_SRVW0_SSO6_SVW1_SNLL0_TSGRA0_TSGRB0_TT1_32_TLDS1_UMLDSA0_UMLDSB1_U64SL1_USFGROn1_VAW1_VSn1_VW1_VWB1_VFLRP0_WSGRA0_WSGRB0_WS64_WG64_4_1_WGM12",23461,6448466096937673,6448466096942400,0,5120,256,1,1,256,1,4
"KERNEL_DISPATCH",1,1,234619,100,860,"Cijk_Ailk_Bljk_DB_MT64x32x16_MI16x16x4x1_SN_1LDSB1_APM1_ABV0_ACED0_AF0EM2_AF1EM2_AMAS0_ASE_ASGT_ASLT_ASM_ASAE01_ASCE01_ASEM2_AAC0_BL1_BS1_CLR0_DTLA0_DTLB0_DTVA1_DTVB0_DVO0_ETSP_EPS1_ELFLR0_EMLL0_FSSC10_FL0_GLVWA1_GLVWB1_GRCGA1_GRCGB1_GRPM1_GRVW1_GSU1_GSUASB_GLS0_ISA942_IU1_K1_KLA_LBSPPA0_LBSPPB128_LPA0_LPB4_LDL1_LRVW2_LWPMn1_LDW0_FMA_MIAV1_MDA2_MO40_MMFSC_MKFGSU256_NTA0_NTB0_NTC3_NTD3_NEPBS0_NLCA1_NLCB1_ONLL1_OPLV0_PK0_PAP0_PGR2_PLR5_PKA0_SIA3_SLW1_SS1_SU0_SUM0_SUS0_SCIUI1_SPO1_SRVW0_SSO6_SVW1_SNLL0_TSGRA0_TSGRB0_TT1_32_TLDS1_UMLDSA0_UMLDSB1_U64SL1_USFGROn1_VAW1_VSn1_VW1_VWB1_VFLRP0_WSGRA0_WSGRB0_WS64_WG64_4_1_WGM12",23464,6448466096958264,6448466096964153,0,5120,256,1,1,256,1,4
"KERNEL_DISPATCH",1,1,234619,101,860,"Cijk_Ailk_Bljk_DB_MT64x32x16_MI16x16x4x1_SN_1LDSB1_APM1_ABV0_ACED0_AF0EM2_AF1EM2_AMAS0_ASE_ASGT_ASLT_ASM_ASAE01_ASCE01_ASEM2_AAC0_BL1_BS1_CLR0_DTLA0_DTLB0_DTVA1_DTVB0_DVO0_ETSP_EPS1_ELFLR0_EMLL0_FSSC10_FL0_GLVWA1_GLVWB1_GRCGA1_GRCGB1_GRPM1_GRVW1_GSU1_GSUASB_GLS0_ISA942_IU1_K1_KLA_LBSPPA0_LBSPPB128_LPA0_LPB4_LDL1_LRVW2_LWPMn1_LDW0_FMA_MIAV1_MDA2_MO40_MMFSC_MKFGSU256_NTA0_NTB0_NTC3_NTD3_NEPBS0_NLCA1_NLCB1_ONLL1_OPLV0_PK0_PAP0_PGR2_PLR5_PKA0_SIA3_SLW1_SS1_SU0_SUM0_SUS0_SCIUI1_SPO1_SRVW0_SSO6_SVW1_SNLL0_TSGRA0_TSGRB0_TT1_32_TLDS1_UMLDSA0_UMLDSB1_U64SL1_USFGROn1_VAW1_VSn1_VW1_VWB1_VFLRP0_WSGRA0_WSGRB0_WS64_WG64_4_1_WGM12",23467,6448466096976172,6448466096982301,0,5120,256,1,1,256,1,4
"KERNEL_DISPATCH",1,1,234619,102,860,"Cijk_Ailk_Bljk_DB_MT64x32x16_MI16x16x4x1_SN_1LDSB1_APM1_ABV0_ACED0_AF0EM2_AF1EM2_AMAS0_ASE_ASGT_ASLT_ASM_ASAE01_ASCE01_ASEM2_AAC0_BL1_BS1_CLR0_DTLA0_DTLB0_DTVA1_DTVB0_DVO0_ETSP_EPS1_ELFLR0_EMLL0_FSSC10_FL0_GLVWA1_GLVWB1_GRCGA1_GRCGB1_GRPM1_GRVW1_GSU1_GSUASB_GLS0_ISA942_IU1_K1_KLA_LBSPPA0_LBSPPB128_LPA0_LPB4_LDL1_LRVW2_LWPMn1_LDW0_FMA_MIAV1_MDA2_MO40_MMFSC_MKFGSU256_NTA0_NTB0_NTC3_NTD3_NEPBS0_NLCA1_NLCB1_ONLL1_OPLV0_PK0_PAP0_PGR2_PLR5_PKA0_SIA3_SLW1_SS1_SU0_SUM0_SUS0_SCIUI1_SPO1_SRVW0_SSO6_SVW1_SNLL0_TSGRA0_TSGRB0_TT1_32_TLDS1_UMLDSA0_UMLDSB1_U64SL1_USFGROn1_VAW1_VSn1_VW1_VWB1_VFLRP0_WSGRA0_WSGRB0_WS64_WG64_4_1_WGM12",23470,6448466096994760,6448466097001170,0,5120,256,1,1,256,1,4
"KERNEL_DISPATCH",1,1,234619,103,757,"Cijk_Ailk_Bljk_DB_MT64x64x32_MI16x16x4x1_SN_1LDSB1_APM1_ABV0_ACED0_AF0EM2_AF1EM2_AMAS0_ASE_ASGT_ASLT_ASM_ASAE01_ASCE01_ASEM2_AAC0_BL1_BS1_CLR0_DTLA0_DTLB0_DTVA0_DTVB0_DVO0_ETSP_EPS1_ELFLR0_EMLL0_FSSC10_FL0_GLVWA1_GLVWB1_GRCGA1_GRCGB1_GRPM1_GRVW1_GSU1_GSUASB_GLS0_ISA942_IU1_K1_KLA_LBSPPA0_LBSPPB0_LPA0_LPB1_LDL1_LRVW1_LWPMn1_LDW0_FMA_MIAV1_MDA2_MO40_MMFSC_MKFGSU256_NTA0_NTB0_NTC3_NTD3_NEPBS0_NLCA1_NLCB1_ONLL1_OPLV0_PK0_PAP0_PGR2_PLR9_PKA0_SIA3_SLW1_SS1_SU0_SUM0_SUS0_SCIUI1_SPO1_SRVW0_SSO6_SVW1_SNLL0_TSGRA0_TSGRB0_TT2_32_TLDS0_UMLDSA0_UMLDSB0_U64SL1_USFGROn1_VAW1_VSn1_VW1_VWB1_VFLRP0_WSGRA0_WSGRB0_WS64_WG32_8_1_WGM6",23473,6448466097021161,6448466097029574,0,33024,256,1,1,256,1,4
"KERNEL_DISPATCH",1,1,234619,104,757,"Cijk_Ailk_Bljk_DB_MT64x64x32_MI16x16x4x1_SN_1LDSB1_APM1_ABV0_ACED0_AF0EM2_AF1EM2_AMAS0_ASE_ASGT_ASLT_ASM_ASAE01_ASCE01_ASEM2_AAC0_BL1_BS1_CLR0_DTLA0_DTLB0_DTVA0_DTVB0_DVO0_ETSP_EPS1_ELFLR0_EMLL0_FSSC10_FL0_GLVWA1_GLVWB1_GRCGA1_GRCGB1_GRPM1_GRVW1_GSU1_GSUASB_GLS0_ISA942_IU1_K1_KLA_LBSPPA0_LBSPPB0_LPA0_LPB1_LDL1_LRVW1_LWPMn1_LDW0_FMA_MIAV1_MDA2_MO40_MMFSC_MKFGSU256_NTA0_NTB0_NTC3_NTD3_NEPBS0_NLCA1_NLCB1_ONLL1_OPLV0_PK0_PAP0_PGR2_PLR9_PKA0_SIA3_SLW1_SS1_SU0_SUM0_SUS0_SCIUI1_SPO1_SRVW0_SSO6_SVW1_SNLL0_TSGRA0_TSGRB0_TT2_32_TLDS0_UMLDSA0_UMLDSB0_U64SL1_USFGROn1_VAW1_VSn1_VW1_VWB1_VFLRP0_WSGRA0_WSGRB0_WS64_WG32_8_1_WGM6",23476,6448466097049925,6448466097058939,0,33024,256,1,1,256,1,4
"KERNEL_DISPATCH",1,1,234619,105,1435,"void rocblas_copy_matrix_trsm<128, 8, double, double*, double*>(int, int, int, double*, int, long, double*, int, long, long, long, int)",23480,6448466097061823,6448466097065028,0,0,128,8,1,1536,128,1
"KERNEL_DISPATCH",1,1,234619,106,1134,"Cijk_Ailk_Bljk_DB_MT64x96x32_MI16x16x4x1_SN_1LDSB1_APM1_ABV0_ACED0_AF0EM1_AF1EM1_AMAS3_ASE_ASGT_ASLT_ASM_ASAE01_ASCE01_ASEM1_AAC0_BL1_BS1_CLR0_DTLA0_DTLB0_DTVA0_DTVB0_DVO0_ETB_EPS1_ELFLR0_EMLL0_FSSC10_FL0_GLVWA2_GLVWB2_GRCGA1_GRCGB1_GRPM1_GRVWn1_GSU1_GSUASB_GLS0_ISA942_IU1_K1_KLA_LBSPPA0_LBSPPB256_LPA0_LPB4_LDL1_LRVW2_LWPMn1_LDW0_FMA_MIAV1_MDA2_MO40_MMFSC_MKFGSU256_NTA0_NTB0_NTC0_NTD0_NEPBS4_NLCA1_NLCB1_ONLL1_OPLV0_PK0_PAP0_PGR2_PLR9_PKA0_SIA3_SLW1_SS1_SU0_SUM0_SUS0_SCIUI1_SPO0_SRVW0_SSO0_SVW2_SNLL0_TSGRA0_TSGRB0_TT2_48_TLDS1_UMLDSA0_UMLDSB1_U64SL1_USFGROn1_VAW1_VSn1_VW2_VWB1_VFLRP0_WSGRA0_WSGRB0_WS64_WG32_8_1_WGM1",23484,6448466097086100,6448466097097318,0,44032,256,1,1,6144,2,1
"KERNEL_DISPATCH",1,1,234619,107,1134,"Cijk_Ailk_Bljk_DB_MT64x96x32_MI16x16x4x1_SN_1LDSB1_APM1_ABV0_ACED0_AF0EM1_AF1EM1_AMAS3_ASE_ASGT_ASLT_ASM_ASAE01_ASCE01_ASEM1_AAC0_BL1_BS1_CLR0_DTLA0_DTLB0_DTVA0_DTVB0_DVO0_ETB_EPS1_ELFLR0_EMLL0_FSSC10_FL0_GLVWA2_GLVWB2_GRCGA1_GRCGB1_GRPM1_GRVWn1_GSU1_GSUASB_GLS0_ISA942_IU1_K1_KLA_LBSPPA0_LBSPPB256_LPA0_LPB4_LDL1_LRVW2_LWPMn1_LDW0_FMA_MIAV1_MDA2_MO40_MMFSC_MKFGSU256_NTA0_NTB0_NTC0_NTD0_NEPBS4_NLCA1_NLCB1_ONLL1_OPLV0_PK0_PAP0_PGR2_PLR9_PKA0_SIA3_SLW1_SS1_SU0_SUM0_SUS0_SCIUI1_SPO0_SRVW0_SSO0_SVW2_SNLL0_TSGRA0_TSGRB0_TT2_48_TLDS1_UMLDSA0_UMLDSB1_U64SL1_USFGROn1_VAW1_VSn1_VW2_VWB1_VFLRP0_WSGRA0_WSGRB0_WS64_WG32_8_1_WGM1",23487,6448466097100603,6448466097111459,0,44032,256,1,1,6144,2,1
"KERNEL_DISPATCH",1,1,234619,108,1134,"Cijk_Ailk_Bljk_DB_MT64x96x32_MI16x16x4x1_SN_1LDSB1_APM1_ABV0_ACED0_AF0EM1_AF1EM1_AMAS3_ASE_ASGT_ASLT_ASM_ASAE01_ASCE01_ASEM1_AAC0_BL1_BS1_CLR0_DTLA0_DTLB0_DTVA0_DTVB0_DVO0_ETB_EPS1_ELFLR0_EMLL0_FSSC10_FL0_GLVWA2_GLVWB2_GRCGA1_GRCGB1_GRPM1_GRVWn1_GSU1_GSUASB_GLS0_ISA942_IU1_K1_KLA_LBSPPA0_LBSPPB256_LPA0_LPB4_LDL1_LRVW2_LWPMn1_LDW0_FMA_MIAV1_MDA2_MO40_MMFSC_MKFGSU256_NTA0_NTB0_NTC0_NTD0_NEPBS4_NLCA1_NLCB1_ONLL1_OPLV0_PK0_PAP0_PGR2_PLR9_PKA0_SIA3_SLW1_SS1_SU0_SUM0_SUS0_SCIUI1_SPO0_SRVW0_SSO0_SVW2_SNLL0_TSGRA0_TSGRB0_TT2_48_TLDS1_UMLDSA0_UMLDSB1_U64SL1_USFGROn1_VAW1_VSn1_VW2_VWB1_VFLRP0_WSGRA0_WSGRB0_WS64_WG32_8_1_WGM1",23490,6448466097117999,6448466097127013,0,44032,256,1,1,6144,2,1
"KERNEL_DISPATCH",1,1,234619,109,1134,"Cijk_Ailk_Bljk_DB_MT64x96x32_MI16x16x4x1_SN_1LDSB1_APM1_ABV0_ACED0_AF0EM1_AF1EM1_AMAS3_ASE_ASGT_ASLT_ASM_ASAE01_ASCE01_ASEM1_AAC0_BL1_BS1_CLR0_DTLA0_DTLB0_DTVA0_DTVB0_DVO0_ETB_EPS1_ELFLR0_EMLL0_FSSC10_FL0_GLVWA2_GLVWB2_GRCGA1_GRCGB1_GRPM1_GRVWn1_GSU1_GSUASB_GLS0_ISA942_IU1_K1_KLA_LBSPPA0_LBSPPB256_LPA0_LPB4_LDL1_LRVW2_LWPMn1_LDW0_FMA_MIAV1_MDA2_MO40_MMFSC_MKFGSU256_NTA0_NTB0_NTC0_NTD0_NEPBS4_NLCA1_NLCB1_ONLL1_OPLV0_PK0_PAP0_PGR2_PLR9_PKA0_SIA3_SLW1_SS1_SU0_SUM0_SUS0_SCIUI1_SPO0_SRVW0_SSO0_SVW2_SNLL0_TSGRA0_TSGRB0_TT2_48_TLDS1_UMLDSA0_UMLDSB1_U64SL1_USFGROn1_VAW1_VSn1_VW2_VWB1_VFLRP0_WSGRA0_WSGRB0_WS64_WG32_8_1_WGM1",23493,6448466097141385,6448466097154125,0,44032,256,1,1,6144,2,1
"KERNEL_DISPATCH",1,1,234619,110,1134,"Cijk_Ailk_Bljk_DB_MT64x96x32_MI16x16x4x1_SN_1LDSB1_APM1_ABV0_ACED0_AF0EM1_AF1EM1_AMAS3_ASE_ASGT_ASLT_ASM_ASAE01_ASCE01_ASEM1_AAC0_BL1_BS1_CLR0_DTLA0_DTLB0_DTVA0_DTVB0_DVO0_ETB_EPS1_ELFLR0_EMLL0_FSSC10_FL0_GLVWA2_GLVWB2_GRCGA1_GRCGB1_GRPM1_GRVWn1_GSU1_GSUASB_GLS0_ISA942_IU1_K1_KLA_LBSPPA0_LBSPPB256_LPA0_LPB4_LDL1_LRVW2_LWPMn1_LDW0_FMA_MIAV1_MDA2_MO40_MMFSC_MKFGSU256_NTA0_NTB0_NTC0_NTD0_NEPBS4_NLCA1_NLCB1_ONLL1_OPLV0_PK0_PAP0_PGR2_PLR9_PKA0_SIA3_SLW1_SS1_SU0_SUM0_SUS0_SCIUI1_SPO0_SRVW0_SSO0_SVW2_SNLL0_TSGRA0_TSGRB0_TT2_48_TLDS1_UMLDSA0_UMLDSB1_U64SL1_USFGROn1_VAW1_VSn1_VW2_VWB1_VFLRP0_WSGRA0_WSGRB0_WS64_WG32_8_1_WGM1",23496,6448466097158531,6448466097167185,0,44032,256,1,1,6144,2,1
"KERNEL_DISPATCH",1,1,234619,111,868,"Cijk_Ailk_Bljk_DB_MT32x32x64_MI16x16x4x1_SN_1LDSB1_APM1_ABV0_ACED0_AF0EM1_AF1EM1_AMAS3_ASE_ASGT_ASLT1129_ASM_ASAE01_ASCE01_ASEM1_AAC0_BL1_BS1_CLR0_DTLA0_DTLB0_DTVA1_DTVB0_DVO0_ETB_EPS1_ELFLR0_EMLL0_FSSC10_FL0_GLVWA2_GLVWB2_GRCGA1_GRCGB1_GRPM1_GRVWn1_GSU1_GSUASB_GLS0_ISA942_IU1_K1_KLA_LBSPPA0_LBSPPB512_LPA0_LPB2_LDL1_LRVW1_LWPMn1_LDW0_FMA_MIAV1_MDA2_MO40_MMFSC_MKFGSU256_NTA0_NTB0_NTC0_NTD0_NEPBS4_NLCA1_NLCB1_ONLL1_OPLV0_PK0_PAP0_PGR2_PLR5_PKA0_SIA3_SLW1_SS1_SU0_SUM0_SUS0_SCIUI1_SPO0_SRVW0_SSO0_SVW2_SNLL0_TSGRA0_TSGRB0_TT2_32_TLDS1_UMLDSA0_UMLDSB1_U64SL1_USFGROn1_VAW1_VSn1_VW2_VWB1_VFLRP0_WSGRA0_WSGRB0_WS64_WG16_4_4_WGM1",23499,6448466097178162,6448466097186014,0,32768,256,1,1,12288,4,1
"KERNEL_DISPATCH",1,1,234619,112,1134,"Cijk_Ailk_Bljk_DB_MT64x96x32_MI16x16x4x1_SN_1LDSB1_APM1_ABV0_ACED0_AF0EM1_AF1EM1_AMAS3_ASE_ASGT_ASLT_ASM_ASAE01_ASCE01_ASEM1_AAC0_BL1_BS1_CLR0_DTLA0_DTLB0_DTVA0_DTVB0_DVO0_ETB_EPS1_ELFLR0_EMLL0_FSSC10_FL0_GLVWA2_GLVWB2_GRCGA1_GRCGB1_GRPM1_GRVWn1_GSU1_GSUASB_GLS0_ISA942_IU1_K1_KLA_LBSPPA0_LBSPPB256_LPA0_LPB4_LDL1_LRVW2_LWPMn1_LDW0_FMA_MIAV1_MDA2_MO40_MMFSC_MKFGSU256_NTA0_NTB0_NTC0_NTD0_NEPBS4_NLCA1_NLCB1_ONLL1_OPLV0_PK0_PAP0_PGR2_PLR9_PKA0_SIA3_SLW1_SS1_SU0_SUM0_SUS0_SCIUI1_SPO0_SRVW0_SSO0_SVW2_SNLL0_TSGRA0_TSGRB0_TT2_48_TLDS1_UMLDSA0_UMLDSB1_U64SL1_USFGROn1_VAW1_VSn1_VW2_VWB1_VFLRP0_WSGRA0_WSGRB0_WS64_WG32_8_1_WGM1",23502,6448466097196109,6448466097203520,0,44032,256,1,1,6144,2,1
"KERNEL_DISPATCH",1,1,234619,113,1434,"void rocblas_trtri_trsm_kernel<128, 16, 8, double, double const*, double*>(rocblas_fill_, rocblas_diagonal_, double const*, long, int, long, double*, long, long, int)",23506,6448466097212694,6448466097241018,0,8192,256,1,1,4096,1,1
"KERNEL_DISPATCH",1,1,234619,114,1356,"void rocblas_trtri_fill<128, double, double*>(_rocblas_handle*, rocblas_fill_, int, long, int, long, double*, long, long, int, int)",23511,6448466097241018,6448466097243742,0,0,128,1,1,32512,1,1
"KERNEL_DISPATCH",1,1,234619,115,860,"Cijk_Ailk_Bljk_DB_MT64x32x16_MI16x16x4x1_SN_1LDSB1_APM1_ABV0_ACED0_AF0EM2_AF1EM2_AMAS0_ASE_ASGT_ASLT_ASM_ASAE01_ASCE01_ASEM2_AAC0_BL1_BS1_CLR0_DTLA0_DTLB0_DTVA1_DTVB0_DVO0_ETSP_EPS1_ELFLR0_EMLL0_FSSC10_FL0_GLVWA1_GLVWB1_GRCGA1_GRCGB1_GRPM1_GRVW1_GSU1_GSUASB_GLS0_ISA942_IU1_K1_KLA_LBSPPA0_LBSPPB128_LPA0_LPB4_LDL1_LRVW2_LWPMn1_LDW0_FMA_MIAV1_MDA2_MO40_MMFSC_MKFGSU256_NTA0_NTB0_NTC3_NTD3_NEPBS0_NLCA1_NLCB1_ONLL1_OPLV0_PK0_PAP0_PGR2_PLR5_PKA0_SIA3_SLW1_SS1_SU0_SUM0_SUS0_SCIUI1_SPO1_SRVW0_SSO6_SVW1_SNLL0_TSGRA0_TSGRB0_TT1_32_TLDS1_UMLDSA0_UMLDSB1_U64SL1_USFGROn1_VAW1_VSn1_VW1_VWB1_VFLRP0_WSGRA0_WSGRB0_WS64_WG64_4_1_WGM12",23515,6448466097245945,6448466097250913,0,5120,256,1,1,256,1,4
"KERNEL_DISPATCH",1,1,234619,116,860,"Cijk_Ailk_Bljk_DB_MT64x32x16_MI16x16x4x1_SN_1LDSB1_APM1_ABV0_ACED0_AF0EM2_AF1EM2_AMAS0_ASE_ASGT_ASLT_ASM_ASAE01_ASCE01_ASEM2_AAC0_BL1_BS1_CLR0_DTLA0_DTLB0_DTVA1_DTVB0_DVO0_ETSP_EPS1_ELFLR0_EMLL0_FSSC10_FL0_GLVWA1_GLVWB1_GRCGA1_GRCGB1_GRPM1_GRVW1_GSU1_GSUASB_GLS0_ISA942_IU1_K1_KLA_LBSPPA0_LBSPPB128_LPA0_LPB4_LDL1_LRVW2_LWPMn1_LDW0_FMA_MIAV1_MDA2_MO40_MMFSC_MKFGSU256_NTA0_NTB0_NTC3_NTD3_NEPBS0_NLCA1_NLCB1_ONLL1_OPLV0_PK0_PAP0_PGR2_PLR5_PKA0_SIA3_SLW1_SS1_SU0_SUM0_SUS0_SCIUI1_SPO1_SRVW0_SSO6_SVW1_SNLL0_TSGRA0_TSGRB0_TT1_32_TLDS1_UMLDSA0_UMLDSB1_U64SL1_USFGROn1_VAW1_VSn1_VW1_VWB1_VFLRP0_WSGRA0_WSGRB0_WS64_WG64_4_1_WGM12",23518,6448466097259967,6448466097264093,0,5120,256,1,1,256,1,4
"KERNEL_DISPATCH",1,1,234619,117,860,"Cijk_Ailk_Bljk_DB_MT64x32x16_MI16x16x4x1_SN_1LDSB1_APM1_ABV0_ACED0_AF0EM2_AF1EM2_AMAS0_ASE_ASGT_ASLT_ASM_ASAE01_ASCE01_ASEM2_AAC0_BL1_BS1_CLR0_DTLA0_DTLB0_DTVA1_DTVB0_DVO0_ETSP_EPS1_ELFLR0_EMLL0_FSSC10_FL0_GLVWA1_GLVWB1_GRCGA1_GRCGB1_GRPM1_GRVW1_GSU1_GSUASB_GLS0_ISA942_IU1_K1_KLA_LBSPPA0_LBSPPB128_LPA0_LPB4_LDL1_LRVW2_LWPMn1_LDW0_FMA_MIAV1_MDA2_MO40_MMFSC_MKFGSU256_NTA0_NTB0_NTC3_NTD3_NEPBS0_NLCA1_NLCB1_ONLL1_OPLV0_PK0_PAP0_PGR2_PLR5_PKA0_SIA3_SLW1_SS1_SU0_SUM0_SUS0_SCIUI1_SPO1_SRVW0_SSO6_SVW1_SNLL0_TSGRA0_TSGRB0_TT1_32_TLDS1_UMLDSA0_UMLDSB1_U64SL1_USFGROn1_VAW1_VSn1_VW1_VWB1_VFLRP0_WSGRA0_WSGRB0_WS64_WG64_4_1_WGM12",23521,6448466097284925,6448466097289693,0,5120,256,1,1,256,1,4
"KERNEL_DISPATCH",1,1,234619,118,860,"Cijk_Ailk_Bljk_DB_MT64x32x16_MI16x16x4x1_SN_1LDSB1_APM1_ABV0_ACED0_AF0EM2_AF1EM2_AMAS0_ASE_ASGT_ASLT_ASM_ASAE01_ASCE01_ASEM2_AAC0_BL1_BS1_CLR0_DTLA0_DTLB0_DTVA1_DTVB0_DVO0_ETSP_EPS1_ELFLR0_EMLL0_FSSC10_FL0_GLVWA1_GLVWB1_GRCGA1_GRCGB1_GRPM1_GRVW1_GSU1_GSUASB_GLS0_ISA942_IU1_K1_KLA_LBSPPA0_LBSPPB128_LPA0_LPB4_LDL1_LRVW2_LWPMn1_LDW0_FMA_MIAV1_MDA2_MO40_MMFSC_MKFGSU256_NTA0_NTB0_NTC3_NTD3_NEPBS0_NLCA1_NLCB1_ONLL1_OPLV0_PK0_PAP0_PGR2_PLR5_PKA0_SIA3_SLW1_SS1_SU0_SUM0_SUS0_SCIUI1_SPO1_SRVW0_SSO6_SVW1_SNLL0_TSGRA0_TSGRB0_TT1_32_TLDS1_UMLDSA0_UMLDSB1_U64SL1_USFGROn1_VAW1_VSn1_VW1_VWB1_VFLRP0_WSGRA0_WSGRB0_WS64_WG64_4_1_WGM12",23524,6448466097302192,6448466097306638,0,5120,256,1,1,256,1,4
"KERNEL_DISPATCH",1,1,234619,119,757,"Cijk_Ailk_Bljk_DB_MT64x64x32_MI16x16x4x1_SN_1LDSB1_APM1_ABV0_ACED0_AF0EM2_AF1EM2_AMAS0_ASE_ASGT_ASLT_ASM_ASAE01_ASCE01_ASEM2_AAC0_BL1_BS1_CLR0_DTLA0_DTLB0_DTVA0_DTVB0_DVO0_ETSP_EPS1_ELFLR0_EMLL0_FSSC10_FL0_GLVWA1_GLVWB1_GRCGA1_GRCGB1_GRPM1_GRVW1_GSU1_GSUASB_GLS0_ISA942_IU1_K1_KLA_LBSPPA0_LBSPPB0_LPA0_LPB1_LDL1_LRVW1_LWPMn1_LDW0_FMA_MIAV1_MDA2_MO40_MMFSC_MKFGSU256_NTA0_NTB0_NTC3_NTD3_NEPBS0_NLCA1_NLCB1_ONLL1_OPLV0_PK0_PAP0_PGR2_PLR9_PKA0_SIA3_SLW1_SS1_SU0_SUM0_SUS0_SCIUI1_SPO1_SRVW0_SSO6_SVW1_SNLL0_TSGRA0_TSGRB0_TT2_32_TLDS0_UMLDSA0_UMLDSB0_U64SL1_USFGROn1_VAW1_VSn1_VW1_VWB1_VFLRP0_WSGRA0_WSGRB0_WS64_WG32_8_1_WGM6",23527,6448466097318256,6448466097326148,0,33024,256,1,1,256,1,4
"KERNEL_DISPATCH",1,1,234619,120,757,"Cijk_Ailk_Bljk_DB_MT64x64x32_MI16x16x4x1_SN_1LDSB1_APM1_ABV0_ACED0_AF0EM2_AF1EM2_AMAS0_ASE_ASGT_ASLT_ASM_ASAE01_ASCE01_ASEM2_AAC0_BL1_BS1_CLR0_DTLA0_DTLB0_DTVA0_DTVB0_DVO0_ETSP_EPS1_ELFLR0_EMLL0_FSSC10_FL0_GLVWA1_GLVWB1_GRCGA1_GRCGB1_GRPM1_GRVW1_GSU1_GSUASB_GLS0_ISA942_IU1_K1_KLA_LBSPPA0_LBSPPB0_LPA0_LPB1_LDL1_LRVW1_LWPMn1_LDW0_FMA_MIAV1_MDA2_MO40_MMFSC_MKFGSU256_NTA0_NTB0_NTC3_NTD3_NEPBS0_NLCA1_NLCB1_ONLL1_OPLV0_PK0_PAP0_PGR2_PLR9_PKA0_SIA3_SLW1_SS1_SU0_SUM0_SUS0_SCIUI1_SPO1_SRVW0_SSO6_SVW1_SNLL0_TSGRA0_TSGRB0_TT2_32_TLDS0_UMLDSA0_UMLDSB0_U64SL1_USFGROn1_VAW1_VSn1_VW1_VWB1_VFLRP0_WSGRA0_WSGRB0_WS64_WG32_8_1_WGM6",23530,6448466097338447,6448466097345218,0,33024,256,1,1,256,1,4
"KERNEL_DISPATCH",1,1,234619,121,1435,"void rocblas_copy_matrix_trsm<128, 8, double, double*, double*>(int, int, int, double*, int, long, double*, int, long, long, long, int)",23534,6448466097351858,6448466097355704,0,0,128,8,1,128,1536,1
"KERNEL_DISPATCH",1,1,234619,122,638,"Cijk_Ailk_Bljk_DB_MT80x64x32_MI16x16x4x1_SN_1LDSB1_APM1_ABV0_ACED0_AF0EM1_AF1EM1_AMAS0_ASE_ASGT_ASLT_ASM_ASAE01_ASCE01_ASEM1_AAC0_BL1_BS1_CLR0_DTLA0_DTLB0_DTVA0_DTVB0_DVO0_ETB_EPS1_ELFLR0_EMLL0_FSSC10_FL0_GLVWA2_GLVWB2_GRCGA1_GRCGB1_GRPM1_GRVWn1_GSU1_GSUASB_GLS0_ISA942_IU1_K1_KLA_LBSPPA0_LBSPPB256_LPA0_LPB2_LDL1_LRVW1_LWPMn1_LDW0_FMA_MIAV1_MDA2_MO40_MMFSC_MKFGSU256_NTA0_NTB0_NTC3_NTD3_NEPBS4_NLCA5_NLCB1_ONLL1_OPLV0_PK0_PAP0_PGR2_PLR9_PKA0_SIA3_SLW1_SS1_SU0_SUM0_SUS0_SCIUI1_SPO0_SRVW0_SSO0_SVW1_SNLL0_TSGRA0_TSGRB0_TT5_16_TLDS1_UMLDSA0_UMLDSB1_U64SL1_USFGROn1_VAW1_VSn1_VW1_VWB1_VFLRP0_WSGRA0_WSGRB0_WS64_WG16_16_1_WGM12",23538,6448466097379070,6448466097389245,0,37888,256,1,1,512,24,1
"KERNEL_DISPATCH",1,1,234619,123,638,"Cijk_Ailk_Bljk_DB_MT80x64x32_MI16x16x4x1_SN_1LDSB1_APM1_ABV0_ACED0_AF0EM1_AF1EM1_AMAS0_ASE_ASGT_ASLT_ASM_ASAE01_ASCE01_ASEM1_AAC0_BL1_BS1_CLR0_DTLA0_DTLB0_DTVA0_DTVB0_DVO0_ETB_EPS1_ELFLR0_EMLL0_FSSC10_FL0_GLVWA2_GLVWB2_GRCGA1_GRCGB1_GRPM1_GRVWn1_GSU1_GSUASB_GLS0_ISA942_IU1_K1_KLA_LBSPPA0_LBSPPB256_LPA0_LPB2_LDL1_LRVW1_LWPMn1_LDW0_FMA_MIAV1_MDA2_MO40_MMFSC_MKFGSU256_NTA0_NTB0_NTC3_NTD3_NEPBS4_NLCA5_NLCB1_ONLL1_OPLV0_PK0_PAP0_PGR2_PLR9_PKA0_SIA3_SLW1_SS1_SU0_SUM0_SUS0_SCIUI1_SPO0_SRVW0_SSO0_SVW1_SNLL0_TSGRA0_TSGRB0_TT5_16_TLDS1_UMLDSA0_UMLDSB1_U64SL1_USFGROn1_VAW1_VSn1_VW1_VWB1_VFLRP0_WSGRA0_WSGRB0_WS64_WG16_16_1_WGM12",23541,6448466097392009,6448466097401424,0,37888,256,1,1,512,24,1
"KERNEL_DISPATCH",1,1,234619,124,638,"Cijk_Ailk_Bljk_DB_MT80x64x32_MI16x16x4x1_SN_1LDSB1_APM1_ABV0_ACED0_AF0EM1_AF1EM1_AMAS0_ASE_ASGT_ASLT_ASM_ASAE01_ASCE01_ASEM1_AAC0_BL1_BS1_CLR0_DTLA0_DTLB0_DTVA0_DTVB0_DVO0_ETB_EPS1_ELFLR0_EMLL0_FSSC10_FL0_GLVWA2_GLVWB2_GRCGA1_GRCGB1_GRPM1_GRVWn1_GSU1_GSUASB_GLS0_ISA942_IU1_K1_KLA_LBSPPA0_LBSPPB256_LPA0_LPB2_LDL1_LRVW1_LWPMn1_LDW0_FMA_MIAV1_MDA2_MO40_MMFSC_MKFGSU256_NTA0_NTB0_NTC3_NTD3_NEPBS4_NLCA5_NLCB1_ONLL1_OPLV0_PK0_PAP0_PGR2_PLR9_PKA0_SIA3_SLW1_SS1_SU0_SUM0_SUS0_SCIUI1_SPO0_SRVW0_SSO0_SVW1_SNLL0_TSGRA0_TSGRB0_TT5_16_TLDS1_UMLDSA0_UMLDSB1_U64SL1_USFGROn1_VAW1_VSn1_VW1_VWB1_VFLRP0_WSGRA0_WSGRB0_WS64_WG16_16_1_WGM12",23544,6448466097411760,6448466097419131,0,37888,256,1,1,512,24,1
"KERNEL_DISPATCH",1,1,234619,125,638,"Cijk_Ailk_Bljk_DB_MT80x64x32_MI16x16x4x1_SN_1LDSB1_APM1_ABV0_ACED0_AF0EM1_AF1EM1_AMAS0_ASE_ASGT_ASLT_ASM_ASAE01_ASCE01_ASEM1_AAC0_BL1_BS1_CLR0_DTLA0_DTLB0_DTVA0_DTVB0_DVO0_ETB_EPS1_ELFLR0_EMLL0_FSSC10_FL0_GLVWA2_GLVWB2_GRCGA1_GRCGB1_GRPM1_GRVWn1_GSU1_GSUASB_GLS0_ISA942_IU1_K1_KLA_LBSPPA0_LBSPPB256_LPA0_LPB2_LDL1_LRVW1_LWPMn1_LDW0_FMA_MIAV1_MDA2_MO40_MMFSC_MKFGSU256_NTA0_NTB0_NTC3_NTD3_NEPBS4_NLCA5_NLCB1_ONLL1_OPLV0_PK0_PAP0_PGR2_PLR9_PKA0_SIA3_SLW1_SS1_SU0_SUM0_SUS0_SCIUI1_SPO0_SRVW0_SSO0_SVW1_SNLL0_TSGRA0_TSGRB0_TT5_16_TLDS1_UMLDSA0_UMLDSB1_U64SL1_USFGROn1_VAW1_VSn1_VW1_VWB1_VFLRP0_WSGRA0_WSGRB0_WS64_WG16_16_1_WGM12",23547,6448466097429827,6448466097441806,0,37888,256,1,1,512,24,1
"KERNEL_DISPATCH",1,1,234619,126,638,"Cijk_Ailk_Bljk_DB_MT80x64x32_MI16x16x4x1_SN_1LDSB1_APM1_ABV0_ACED0_AF0EM1_AF1EM1_AMAS0_ASE_ASGT_ASLT_ASM_ASAE01_ASCE01_ASEM1_AAC0_BL1_BS1_CLR0_DTLA0_DTLB0_DTVA0_DTVB0_DVO0_ETB_EPS1_ELFLR0_EMLL0_FSSC10_FL0_GLVWA2_GLVWB2_GRCGA1_GRCGB1_GRPM1_GRVWn1_GSU1_GSUASB_GLS0_ISA942_IU1_K1_KLA_LBSPPA0_LBSPPB256_LPA0_LPB2_LDL1_LRVW1_LWPMn1_LDW0_FMA_MIAV1_MDA2_MO40_MMFSC_MKFGSU256_NTA0_NTB0_NTC3_NTD3_NEPBS4_NLCA5_NLCB1_ONLL1_OPLV0_PK0_PAP0_PGR2_PLR9_PKA0_SIA3_SLW1_SS1_SU0_SUM0_SUS0_SCIUI1_SPO0_SRVW0_SSO0_SVW1_SNLL0_TSGRA0_TSGRB0_TT5_16_TLDS1_UMLDSA0_UMLDSB1_U64SL1_USFGROn1_VAW1_VSn1_VW1_VWB1_VFLRP0_WSGRA0_WSGRB0_WS64_WG16_16_1_WGM12",23550,6448466097451220,6448466097458872,0,37888,256,1,1,512,24,1
"KERNEL_DISPATCH",1,1,234619,127,1108,"Cijk_Ailk_Bljk_DB_MT64x16x64_MI16x16x4x1_SN_1LDSB1_APM1_ABV0_ACED0_AF0EM1_AF1EM1_AMAS3_ASE_ASGT_ASLT0129_ASM_ASAE01_ASCE01_ASEM1_AAC0_BL1_BS1_CLR0_DTLA0_DTLB0_DTVA1_DTVB0_DVO0_ETB_EPS1_ELFLR0_EMLL0_FSSC10_FL0_GLVWA2_GLVWB2_GRCGA1_GRCGB1_GRPM1_GRVWn1_GSU1_GSUASB_GLS0_ISA942_IU1_K1_KLA_LBSPPA0_LBSPPB512_LPA0_LPB2_LDL1_LRVW1_LWPMn1_LDW0_FMA_MIAV1_MDA2_MO40_MMFSC_MKFGSU256_NTA0_NTB0_NTC0_NTD0_NEPBS4_NLCA2_NLCB1_ONLL1_OPLV0_PK0_PAP0_PGR2_PLR5_PKA0_SIA3_SLW1_SS1_SU0_SUM0_SUS0_SCIUI1_SPO0_SRVW0_SSO0_SVW2_SNLL0_TSGRA0_TSGRB0_TT4_16_TLDS1_UMLDSA0_UMLDSB1_U64SL1_USFGROn1_VAW1_VSn1_VW2_VWB1_VFLRP0_WSGRA0_WSGRB0_WS64_WG16_4_4_WGM1",23553,6448466097470610,6448466097479183,0,32768,256,1,1,512,96,1
"KERNEL_DISPATCH",1,1,234619,128,638,"Cijk_Ailk_Bljk_DB_MT80x64x32_MI16x16x4x1_SN_1LDSB1_APM1_ABV0_ACED0_AF0EM1_AF1EM1_AMAS0_ASE_ASGT_ASLT_ASM_ASAE01_ASCE01_ASEM1_AAC0_BL1_BS1_CLR0_DTLA0_DTLB0_DTVA0_DTVB0_DVO0_ETB_EPS1_ELFLR0_EMLL0_FSSC10_FL0_GLVWA2_GLVWB2_GRCGA1_GRCGB1_GRPM1_GRVWn1_GSU1_GSUASB_GLS0_ISA942_IU1_K1_KLA_LBSPPA0_LBSPPB256_LPA0_LPB2_LDL1_LRVW1_LWPMn1_LDW0_FMA_MIAV1_MDA2_MO40_MMFSC_MKFGSU256_NTA0_NTB0_NTC3_NTD3_NEPBS4_NLCA5_NLCB1_ONLL1_OPLV0_PK0_PAP0_PGR2_PLR9_PKA0_SIA3_SLW1_SS1_SU0_SUM0_SUS0_SCIUI1_SPO0_SRVW0_SSO0_SVW1_SNLL0_TSGRA0_TSGRB0_TT5_16_TLDS1_UMLDSA0_UMLDSB1_U64SL1_USFGROn1_VAW1_VSn1_VW1_VWB1_VFLRP0_WSGRA0_WSGRB0_WS64_WG16_16_1_WGM12",23556,6448466097489038,6448466097495969,0,37888,256,1,1,512,24,1
"KERNEL_DISPATCH",1,1,234619,129,462,"Cijk_Ailk_Bljk_DB_MT128x32x16_MI16x16x4x1_SN_1LDSB1_APM1_ABV0_ACED0_AF0EM1_AF1EM1_AMAS3_ASE_ASGT_ASLT_ASM_ASAE01_ASCE01_ASEM1_AAC0_BL1_BS1_CLR0_DTLA0_DTLB0_DTVA1_DTVB0_DVO0_ETSP_EPS1_ELFLR0_EMLL0_FSSC10_FL0_GLVWA2_GLVWB2_GRCGA1_GRCGB1_GRPM1_GRVWn1_GSU1_GSUASB_GLS0_ISA942_IU1_K1_KLA_LBSPPA0_LBSPPB256_LPA0_LPB4_LDL1_LRVW2_LWPMn1_LDW0_FMA_MIAV1_MDA2_MO40_MMFSC_MKFGSU256_NTA0_NTB0_NTC4_NTD4_NEPBS4_NLCA1_NLCB1_ONLL1_OPLV0_PK0_PAP0_PGR2_PLR5_PKA0_SIA3_SLW1_SS1_SU8_SUM0_SUS256_SCIUI1_SPO1_SRVW0_SSO4_SVW2_SNLL0_TSGRA0_TSGRB0_TT2_32_TLDS1_UMLDSA0_UMLDSB1_U64SL1_USFGROn1_VAW1_VSn1_VW2_VWB2_VFLRP0_WSGRA0_WSGRB0_WS64_WG64_4_1_WGM24",23559,6448466097512434,6448466097584805,0,4608,256,1,1,3072,48,1
"KERNEL_DISPATCH",1,1,234619,130,78,"void rocsolver::v32802::getf2_npvt_small_kernel<16, double, int, int, double*>(int, double*, long, int, long, int*, int, int)",23562,6448466097584805,6448466097598105,0,136,512,1,1,512,1,1
"KERNEL_DISPATCH",1,1,234619,132,880,"Cijk_Ailk_Bljk_DB_MT64x32x32_MI16x16x4x1_SN_1LDSB1_APM1_ABV0_ACED0_AF0EM2_AF1EM2_AMAS3_ASE_ASGT_ASLT_ASM_ASAE01_ASCE01_ASEM2_AAC0_BL1_BS1_CLR0_DTLA0_DTLB0_DTVA0_DTVB0_DVO0_ETSP_EPS1_ELFLR0_EMLL0_FSSC10_FL0_GLVWA2_GLVWB2_GRCGA1_GRCGB1_GRPM1_GRVW2_GSU1_GSUASB_GLS0_ISA942_IU1_K1_KLA_LBSPPA0_LBSPPB256_LPA0_LPB4_LDL1_LRVW2_LWPMn1_LDW0_FMA_MIAV1_MDA2_MO40_MMFSC_MKFGSU256_NTA0_NTB0_NTC3_NTD3_NEPBS0_NLCA1_NLCB1_ONLL1_OPLV0_PK0_PAP0_PGR2_PLR9_PKA0_SIA3_SLW1_SS1_SU0_SUM0_SUS0_SCIUI1_SPO1_SRVW0_SSO6_SVW2_SNLL0_TSGRA0_TSGRB0_TT2_16_TLDS1_UMLDSA0_UMLDSB1_U64SL1_USFGROn1_VAW1_VSn1_VW2_VWB1_VFLRP0_WSGRA0_WSGRB0_WS64_WG32_8_1_WGM6",23570,6448466097608802,6448466097613329,0,25600,256,1,1,2048,16,1
"KERNEL_DISPATCH",1,1,234619,131,184,"void rocsolver::v32802::unit_forward_substitution_kernel<double, int, double*>(int, int, double*, int, int, long, long, double*, int, int, long, long)",23567,6448466097598105,6448466097608802,0,512,16,64,1,16,512,1
"KERNEL_DISPATCH",1,1,234619,133,78,"void rocsolver::v32802::getf2_npvt_small_kernel<16, double, int, int, double*>(int, double*, long, int, long, int*, int, int)",23573,6448466097613329,6448466097622943,0,136,496,1,1,496,1,1
"KERNEL_DISPATCH",1,1,234619,136,78,"void rocsolver::v32802::getf2_npvt_small_kernel<16, double, int, int, double*>(int, double*, long, int, long, int*, int, int)",23584,6448466097635834,6448466097644847,0,136,480,1,1,480,1,1
"KERNEL_DISPATCH",1,1,234619,135,880,"Cijk_Ailk_Bljk_DB_MT64x32x32_MI16x16x4x1_SN_1LDSB1_APM1_ABV0_ACED0_AF0EM2_AF1EM2_AMAS3_ASE_ASGT_ASLT_ASM_ASAE01_ASCE01_ASEM2_AAC0_BL1_BS1_CLR0_DTLA0_DTLB0_DTVA0_DTVB0_DVO0_ETSP_EPS1_ELFLR0_EMLL0_FSSC10_FL0_GLVWA2_GLVWB2_GRCGA1_GRCGB1_GRPM1_GRVW2_GSU1_GSUASB_GLS0_ISA942_IU1_K1_KLA_LBSPPA0_LBSPPB256_LPA0_LPB4_LDL1_LRVW2_LWPMn1_LDW0_FMA_MIAV1_MDA2_MO40_MMFSC_MKFGSU256_NTA0_NTB0_NTC3_NTD3_NEPBS0_NLCA1_NLCB1_ONLL1_OPLV0_PK0_PAP0_PGR2_PLR9_PKA0_SIA3_SLW1_SS1_SU0_SUM0_SUS0_SCIUI1_SPO1_SRVW0_SSO6_SVW2_SNLL0_TSGRA0_TSGRB0_TT2_16_TLDS1_UMLDSA0_UMLDSB1_U64SL1_USFGROn1_VAW1_VSn1_VW2_VWB1_VFLRP0_WSGRA0_WSGRB0_WS64_WG32_8_1_WGM6",23581,6448466097632238,6448466097636805,0,25600,256,1,1,2048,15,1
"KERNEL_DISPATCH",1,1,234619,134,184,"void rocsolver::v32802::unit_forward_substitution_kernel<double, int, double*>(int, int, double*, int, int, long, long, double*, int, int, long, long)",23578,6448466097622943,6448466097632238,0,512,16,64,1,16,512,1
"KERNEL_DISPATCH",1,1,234619,137,184,"void rocsolver::v32802::unit_forward_substitution_kernel<double, int, double*>(int, int, double*, int, int, long, long, double*, int, int, long, long)",23589,6448466097651708,6448466097661603,0,512,16,64,1,16,512,1
"KERNEL_DISPATCH",1,1,234619,138,880,"Cijk_Ailk_Bljk_DB_MT64x32x32_MI16x16x4x1_SN_1LDSB1_APM1_ABV0_ACED0_AF0EM2_AF1EM2_AMAS3_ASE_ASGT_ASLT_ASM_ASAE01_ASCE01_ASEM2_AAC0_BL1_BS1_CLR0_DTLA0_DTLB0_DTVA0_DTVB0_DVO0_ETSP_EPS1_ELFLR0_EMLL0_FSSC10_FL0_GLVWA2_GLVWB2_GRCGA1_GRCGB1_GRPM1_GRVW2_GSU1_GSUASB_GLS0_ISA942_IU1_K1_KLA_LBSPPA0_LBSPPB256_LPA0_LPB4_LDL1_LRVW2_LWPMn1_LDW0_FMA_MIAV1_MDA2_MO40_MMFSC_MKFGSU256_NTA0_NTB0_NTC3_NTD3_NEPBS0_NLCA1_NLCB1_ONLL1_OPLV0_PK0_PAP0_PGR2_PLR9_PKA0_SIA3_SLW1_SS1_SU0_SUM0_SUS0_SCIUI1_SPO1_SRVW0_SSO6_SVW2_SNLL0_TSGRA0_TSGRB0_TT2_16_TLDS1_UMLDSA0_UMLDSB1_U64SL1_USFGROn1_VAW1_VSn1_VW2_VWB1_VFLRP0_WSGRA0_WSGRB0_WS64_WG32_8_1_WGM6",23592,6448466097677828,6448466097682435,0,25600,256,1,1,2048,15,1
"KERNEL_DISPATCH",1,1,234619,139,78,"void rocsolver::v32802::getf2_npvt_small_kernel<16, double, int, int, double*>(int, double*, long, int, long, int*, int, int)",23595,6448466097694333,6448466097704428,0,136,464,1,1,464,1,1
"KERNEL_DISPATCH",1,1,234619,140,184,"void rocsolver::v32802::unit_forward_substitution_kernel<double, int, double*>(int, int, double*, int, int, long, long, double*, int, int, long, long)",23600,6448466097712561,6448466097722336,0,512,16,64,1,16,448,1
"KERNEL_DISPATCH",1,1,234619,141,880,"Cijk_Ailk_Bljk_DB_MT64x32x32_MI16x16x4x1_SN_1LDSB1_APM1_ABV0_ACED0_AF0EM2_AF1EM2_AMAS3_ASE_ASGT_ASLT_ASM_ASAE01_ASCE01_ASEM2_AAC0_BL1_BS1_CLR0_DTLA0_DTLB0_DTVA0_DTVB0_DVO0_ETSP_EPS1_ELFLR0_EMLL0_FSSC10_FL0_GLVWA2_GLVWB2_GRCGA1_GRCGB1_GRPM1_GRVW2_GSU1_GSUASB_GLS0_ISA942_IU1_K1_KLA_LBSPPA0_LBSPPB256_LPA0_LPB4_LDL1_LRVW2_LWPMn1_LDW0_FMA_MIAV1_MDA2_MO40_MMFSC_MKFGSU256_NTA0_NTB0_NTC3_NTD3_NEPBS0_NLCA1_NLCB1_ONLL1_OPLV0_PK0_PAP0_PGR2_PLR9_PKA0_SIA3_SLW1_SS1_SU0_SUM0_SUS0_SCIUI1_SPO1_SRVW0_SSO6_SVW2_SNLL0_TSGRA0_TSGRB0_TT2_16_TLDS1_UMLDSA0_UMLDSB1_U64SL1_USFGROn1_VAW1_VSn1_VW2_VWB1_VFLRP0_WSGRA0_WSGRB0_WS64_WG32_8_1_WGM6",23603,6448466097731480,6448466097736608,0,25600,256,1,1,1792,14,1
"KERNEL_DISPATCH",1,1,234619,142,78,"void rocsolver::v32802::getf2_npvt_small_kernel<16, double, int, int, double*>(int, double*, long, int, long, int*, int, int)",23606,6448466097747855,6448466097757790,0,136,448,1,1,448,1,1
"KERNEL_DISPATCH",1,1,234619,143,184,"void rocsolver::v32802::unit_forward_substitution_kernel<double, int, double*>(int, int, double*, int, int, long, long, double*, int, int, long, long)",23611,6448466097761676,6448466097771451,0,512,16,64,1,16,448,1
"KERNEL_DISPATCH",1,1,234619,144,880,"Cijk_Ailk_Bljk_DB_MT64x32x32_MI16x16x4x1_SN_1LDSB1_APM1_ABV0_ACED0_AF0EM2_AF1EM2_AMAS3_ASE_ASGT_ASLT_ASM_ASAE01_ASCE01_ASEM2_AAC0_BL1_BS1_CLR0_DTLA0_DTLB0_DTVA0_DTVB0_DVO0_ETSP_EPS1_ELFLR0_EMLL0_FSSC10_FL0_GLVWA2_GLVWB2_GRCGA1_GRCGB1_GRPM1_GRVW2_GSU1_GSUASB_GLS0_ISA942_IU1_K1_KLA_LBSPPA0_LBSPPB256_LPA0_LPB4_LDL1_LRVW2_LWPMn1_LDW0_FMA_MIAV1_MDA2_MO40_MMFSC_MKFGSU256_NTA0_NTB0_NTC3_NTD3_NEPBS0_NLCA1_NLCB1_ONLL1_OPLV0_PK0_PAP0_PGR2_PLR9_PKA0_SIA3_SLW1_SS1_SU0_SUM0_SUS0_SCIUI1_SPO1_SRVW0_SSO6_SVW2_SNLL0_TSGRA0_TSGRB0_TT2_16_TLDS1_UMLDSA0_UMLDSB1_U64SL1_USFGROn1_VAW1_VSn1_VW2_VWB1_VFLRP0_WSGRA0_WSGRB0_WS64_WG32_8_1_WGM6",23614,6448466097781437,6448466097786284,0,25600,256,1,1,1792,14,1
"KERNEL_DISPATCH",1,1,234619,145,78,"void rocsolver::v32802::getf2_npvt_small_kernel<16, double, int, int, double*>(int, double*, long, int, long, int*, int, int)",23617,6448466097796329,6448466097806264,0,136,432,1,1,432,1,1
"KERNEL_DISPATCH",1,1,234619,146,184,"void rocsolver::v32802::unit_forward_substitution_kernel<double, int, double*>(int, int, double*, int, int, long, long, double*, int, int, long, long)",23622,6448466097808748,6448466097818443,0,512,16,64,1,16,448,1
"KERNEL_DISPATCH",1,1,234619,147,880,"Cijk_Ailk_Bljk_DB_MT64x32x32_MI16x16x4x1_SN_1LDSB1_APM1_ABV0_ACED0_AF0EM2_AF1EM2_AMAS3_ASE_ASGT_ASLT_ASM_ASAE01_ASCE01_ASEM2_AAC0_BL1_BS1_CLR0_DTLA0_DTLB0_DTVA0_DTVB0_DVO0_ETSP_EPS1_ELFLR0_EMLL0_FSSC10_FL0_GLVWA2_GLVWB2_GRCGA1_GRCGB1_GRPM1_GRVW2_GSU1_GSUASB_GLS0_ISA942_IU1_K1_KLA_LBSPPA0_LBSPPB256_LPA0_LPB4_LDL1_LRVW2_LWPMn1_LDW0_FMA_MIAV1_MDA2_MO40_MMFSC_MKFGSU256_NTA0_NTB0_NTC3_NTD3_NEPBS0_NLCA1_NLCB1_ONLL1_OPLV0_PK0_PAP0_PGR2_PLR9_PKA0_SIA3_SLW1_SS1_SU0_SUM0_SUS0_SCIUI1_SPO1_SRVW0_SSO6_SVW2_SNLL0_TSGRA0_TSGRB0_TT2_16_TLDS1_UMLDSA0_UMLDSB1_U64SL1_USFGROn1_VAW1_VSn1_VW2_VWB1_VFLRP0_WSGRA0_WSGRB0_WS64_WG32_8_1_WGM6",23625,6448466097833947,6448466097839355,0,25600,256,1,1,1792,13,1
"KERNEL_DISPATCH",1,1,234619,148,78,"void rocsolver::v32802::getf2_npvt_small_kernel<16, double, int, int, double*>(int, double*, long, int, long, int*, int, int)",23628,6448466097844483,6448466097854979,0,136,416,1,1,416,1,1
"KERNEL_DISPATCH",1,1,234619,149,184,"void rocsolver::v32802::unit_forward_substitution_kernel<double, int, double*>(int, int, double*, int, int, long, long, double*, int, int, long, long)",23633,6448466097856742,6448466097865796,0,512,16,64,1,16,448,1
"KERNEL_DISPATCH",1,1,234619,150,880,"Cijk_Ailk_Bljk_DB_MT64x32x32_MI16x16x4x1_SN_1LDSB1_APM1_ABV0_ACED0_AF0EM2_AF1EM2_AMAS3_ASE_ASGT_ASLT_ASM_ASAE01_ASCE01_ASEM2_AAC0_BL1_BS1_CLR0_DTLA0_DTLB0_DTVA0_DTVB0_DVO0_ETSP_EPS1_ELFLR0_EMLL0_FSSC10_FL0_GLVWA2_GLVWB2_GRCGA1_GRCGB1_GRPM1_GRVW2_GSU1_GSUASB_GLS0_ISA942_IU1_K1_KLA_LBSPPA0_LBSPPB256_LPA0_LPB4_LDL1_LRVW2_LWPMn1_LDW0_FMA_MIAV1_MDA2_MO40_MMFSC_MKFGSU256_NTA0_NTB0_NTC3_NTD3_NEPBS0_NLCA1_NLCB1_ONLL1_OPLV0_PK0_PAP0_PGR2_PLR9_PKA0_SIA3_SLW1_SS1_SU0_SUM0_SUS0_SCIUI1_SPO1_SRVW0_SSO6_SVW2_SNLL0_TSGRA0_TSGRB0_TT2_16_TLDS1_UMLDSA0_UMLDSB1_U64SL1_USFGROn1_VAW1_VSn1_VW2_VWB1_VFLRP0_WSGRA0_WSGRB0_WS64_WG32_8_1_WGM6",23636,6448466097881700,6448466097886988,0,25600,256,1,1,1792,13,1
"KERNEL_DISPATCH",1,1,234619,151,78,"void rocsolver::v32802::getf2_npvt_small_kernel<16, double, int, int, double*>(int, double*, long, int, long, int*, int, int)",23639,6448466097893238,6448466097902973,0,136,400,1,1,400,1,1
"KERNEL_DISPATCH",1,1,234619,152,184,"void rocsolver::v32802::unit_forward_substitution_kernel<double, int, double*>(int, int, double*, int, int, long, long, double*, int, int, long, long)",23644,6448466097906869,6448466097916724,0,512,16,64,1,16,384,1
"KERNEL_DISPATCH",1,1,234619,153,880,"Cijk_Ailk_Bljk_DB_MT64x32x32_MI16x16x4x1_SN_1LDSB1_APM1_ABV0_ACED0_AF0EM2_AF1EM2_AMAS3_ASE_ASGT_ASLT_ASM_ASAE01_ASCE01_ASEM2_AAC0_BL1_BS1_CLR0_DTLA0_DTLB0_DTVA0_DTVB0_DVO0_ETSP_EPS1_ELFLR0_EMLL0_FSSC10_FL0_GLVWA2_GLVWB2_GRCGA1_GRCGB1_GRPM1_GRVW2_GSU1_GSUASB_GLS0_ISA942_IU1_K1_KLA_LBSPPA0_LBSPPB256_LPA0_LPB4_LDL1_LRVW2_LWPMn1_LDW0_FMA_MIAV1_MDA2_MO40_MMFSC_MKFGSU256_NTA0_NTB0_NTC3_NTD3_NEPBS0_NLCA1_NLCB1_ONLL1_OPLV0_PK0_PAP0_PGR2_PLR9_PKA0_SIA3_SLW1_SS1_SU0_SUM0_SUS0_SCIUI1_SPO1_SRVW0_SSO6_SVW2_SNLL0_TSGRA0_TSGRB0_TT2_16_TLDS1_UMLDSA0_UMLDSB1_U64SL1_USFGROn1_VAW1_VSn1_VW2_VWB1_VFLRP0_WSGRA0_WSGRB0_WS64_WG32_8_1_WGM6",23647,6448466097930886,6448466097936094,0,25600,256,1,1,1536,12,1
"KERNEL_DISPATCH",1,1,234619,154,78,"void rocsolver::v32802::getf2_npvt_small_kernel<16, double, int, int, double*>(int, double*, long, int, long, int*, int, int)",23650,6448466097943595,6448466097953170,0,136,384,1,1,384,1,1
"KERNEL_DISPATCH",1,1,234619,155,184,"void rocsolver::v32802::unit_forward_substitution_kernel<double, int, double*>(int, int, double*, int, int, long, long, double*, int, int, long, long)",23655,6448466097957436,6448466097966971,0,512,16,64,1,16,384,1
"KERNEL_DISPATCH",1,1,234619,156,1221,"Cijk_Ailk_Bljk_DB_MT128x64x16_MI16x16x4x1_SN_1LDSB1_APM1_ABV0_ACED0_AF0EM2_AF1EM2_AMAS3_ASE_ASGT_ASLT_ASM_ASAE01_ASCE01_ASEM2_AAC0_BL1_BS1_CLR0_DTLA0_DTLB0_DTVA1_DTVB0_DVO0_ETSP_EPS1_ELFLR0_EMLL0_FSSC10_FL0_GLVWA2_GLVWB2_GRCGA1_GRCGB1_GRPM1_GRVW2_GSU1_GSUASB_GLS0_ISA942_IU1_K1_KLA_LBSPPA0_LBSPPB0_LPA0_LPB2_LDL1_LRVW1_LWPMn1_LDW0_FMA_MIAV1_MDA2_MO40_MMFSC_MKFGSU256_NTA0_NTB0_NTC3_NTD3_NEPBS4_NLCA1_NLCB1_ONLL1_OPLV0_PK0_PAP0_PGR2_PLR1_PKA0_SIA3_SLW1_SS1_SU0_SUM0_SUS0_SCIUI1_SPO1_SRVW0_SSO6_SVW2_SNLL0_TSGRA0_TSGRB0_TT2_64_TLDS0_UMLDSA0_UMLDSB0_U64SL1_USFGROn1_VAW1_VSn1_VW2_VWB1_VFLRP0_WSGRA0_WSGRB0_WS64_WG64_4_1_WGM12",23658,6448466097981653,6448466097989345,0,8448,256,1,1,768,6,1
"KERNEL_DISPATCH",1,1,234619,157,78,"void rocsolver::v32802::getf2_npvt_small_kernel<16, double, int, int, double*>(int, double*, long, int, long, int*, int, int)",23661,6448466097994032,6448466098004048,0,136,368,1,1,368,1,1
"KERNEL_DISPATCH",1,1,234619,158,184,"void rocsolver::v32802::unit_forward_substitution_kernel<double, int, double*>(int, int, double*, int, int, long, long, double*, int, int, long, long)",23666,6448466098011499,6448466098020994,0,512,16,64,1,16,384,1
"KERNEL_DISPATCH",1,1,234619,159,1221,"Cijk_Ailk_Bljk_DB_MT128x64x16_MI16x16x4x1_SN_1LDSB1_APM1_ABV0_ACED0_AF0EM2_AF1EM2_AMAS3_ASE_ASGT_ASLT_ASM_ASAE01_ASCE01_ASEM2_AAC0_BL1_BS1_CLR0_DTLA0_DTLB0_DTVA1_DTVB0_DVO0_ETSP_EPS1_ELFLR0_EMLL0_FSSC10_FL0_GLVWA2_GLVWB2_GRCGA1_GRCGB1_GRPM1_GRVW2_GSU1_GSUASB_GLS0_ISA942_IU1_K1_KLA_LBSPPA0_LBSPPB0_LPA0_LPB2_LDL1_LRVW1_LWPMn1_LDW0_FMA_MIAV1_MDA2_MO40_MMFSC_MKFGSU256_NTA0_NTB0_NTC3_NTD3_NEPBS4_NLCA1_NLCB1_ONLL1_OPLV0_PK0_PAP0_PGR2_PLR1_PKA0_SIA3_SLW1_SS1_SU0_SUM0_SUS0_SCIUI1_SPO1_SRVW0_SSO6_SVW2_SNLL0_TSGRA0_TSGRB0_TT2_64_TLDS0_UMLDSA0_UMLDSB0_U64SL1_USFGROn1_VAW1_VSn1_VW2_VWB1_VFLRP0_WSGRA0_WSGRB0_WS64_WG64_4_1_WGM12",23669,6448466098035256,6448466098041906,0,8448,256,1,1,768,6,1
"KERNEL_DISPATCH",1,1,234619,160,78,"void rocsolver::v32802::getf2_npvt_small_kernel<16, double, int, int, double*>(int, double*, long, int, long, int*, int, int)",23672,6448466098049477,6448466098058531,0,136,352,1,1,352,1,1
"KERNEL_DISPATCH",1,1,234619,161,184,"void rocsolver::v32802::unit_forward_substitution_kernel<double, int, double*>(int, int, double*, int, int, long, long, double*, int, int, long, long)",23677,6448466098060766,6448466098070420,0,512,16,64,1,16,384,1
"KERNEL_DISPATCH",1,1,234619,162,1221,"Cijk_Ailk_Bljk_DB_MT128x64x16_MI16x16x4x1_SN_1LDSB1_APM1_ABV0_ACED0_AF0EM2_AF1EM2_AMAS3_ASE_ASGT_ASLT_ASM_ASAE01_ASCE01_ASEM2_AAC0_BL1_BS1_CLR0_DTLA0_DTLB0_DTVA1_DTVB0_DVO0_ETSP_EPS1_ELFLR0_EMLL0_FSSC10_FL0_GLVWA2_GLVWB2_GRCGA1_GRCGB1_GRPM1_GRVW2_GSU1_GSUASB_GLS0_ISA942_IU1_K1_KLA_LBSPPA0_LBSPPB0_LPA0_LPB2_LDL1_LRVW1_LWPMn1_LDW0_FMA_MIAV1_MDA2_MO40_MMFSC_MKFGSU256_NTA0_NTB0_NTC3_NTD3_NEPBS4_NLCA1_NLCB1_ONLL1_OPLV0_PK0_PAP0_PGR2_PLR1_PKA0_SIA3_SLW1_SS1_SU0_SUM0_SUS0_SCIUI1_SPO1_SRVW0_SSO6_SVW2_SNLL0_TSGRA0_TSGRB0_TT2_64_TLDS0_UMLDSA0_UMLDSB0_U64SL1_USFGROn1_VAW1_VSn1_VW2_VWB1_VFLRP0_WSGRA0_WSGRB0_WS64_WG64_4_1_WGM12",23680,6448466098090460,6448466098098152,0,8448,256,1,1,768,6,1
"KERNEL_DISPATCH",1,1,234619,163,78,"void rocsolver::v32802::getf2_npvt_small_kernel<16, double, int, int, double*>(int, double*, long, int, long, int*, int, int)",23683,6448466098102719,6448466098111973,0,136,336,1,1,336,1,1
"KERNEL_DISPATCH",1,1,234619,164,184,"void rocsolver::v32802::unit_forward_substitution_kernel<double, int, double*>(int, int, double*, int, int, long, long, double*, int, int, long, long)",23688,6448466098117582,6448466098126996,0,512,16,64,1,16,320,1
"KERNEL_DISPATCH",1,1,234619,165,1221,"Cijk_Ailk_Bljk_DB_MT128x64x16_MI16x16x4x1_SN_1LDSB1_APM1_ABV0_ACED0_AF0EM2_AF1EM2_AMAS3_ASE_ASGT_ASLT_ASM_ASAE01_ASCE01_ASEM2_AAC0_BL1_BS1_CLR0_DTLA0_DTLB0_DTVA1_DTVB0_DVO0_ETSP_EPS1_ELFLR0_EMLL0_FSSC10_FL0_GLVWA2_GLVWB2_GRCGA1_GRCGB1_GRPM1_GRVW2_GSU1_GSUASB_GLS0_ISA942_IU1_K1_KLA_LBSPPA0_LBSPPB0_LPA0_LPB2_LDL1_LRVW1_LWPMn1_LDW0_FMA_MIAV1_MDA2_MO40_MMFSC_MKFGSU256_NTA0_NTB0_NTC3_NTD3_NEPBS4_NLCA1_NLCB1_ONLL1_OPLV0_PK0_PAP0_PGR2_PLR1_PKA0_SIA3_SLW1_SS1_SU0_SUM0_SUS0_SCIUI1_SPO1_SRVW0_SSO6_SVW2_SNLL0_TSGRA0_TSGRB0_TT2_64_TLDS0_UMLDSA0_UMLDSB0_U64SL1_USFGROn1_VAW1_VSn1_VW2_VWB1_VFLRP0_WSGRA0_WSGRB0_WS64_WG64_4_1_WGM12",23691,6448466098137492,6448466098144062,0,8448,256,1,1,768,5,1
"KERNEL_DISPATCH",1,1,234619,166,78,"void rocsolver::v32802::getf2_npvt_small_kernel<16, double, int, int, double*>(int, double*, long, int, long, int*, int, int)",23694,6448466098148670,6448466098157243,0,136,320,1,1,320,1,1
"KERNEL_DISPATCH",1,1,234619,167,184,"void rocsolver::v32802::unit_forward_substitution_kernel<double, int, double*>(int, int, double*, int, int, long, long, double*, int, int, long, long)",23699,6448466098162731,6448466098171745,0,512,16,64,1,16,320,1
"KERNEL_DISPATCH",1,1,234619,168,1221,"Cijk_Ailk_Bljk_DB_MT128x64x16_MI16x16x4x1_SN_1LDSB1_APM1_ABV0_ACED0_AF0EM2_AF1EM2_AMAS3_ASE_ASGT_ASLT_ASM_ASAE01_ASCE01_ASEM2_AAC0_BL1_BS1_CLR0_DTLA0_DTLB0_DTVA1_DTVB0_DVO0_ETSP_EPS1_ELFLR0_EMLL0_FSSC10_FL0_GLVWA2_GLVWB2_GRCGA1_GRCGB1_GRPM1_GRVW2_GSU1_GSUASB_GLS0_ISA942_IU1_K1_KLA_LBSPPA0_LBSPPB0_LPA0_LPB2_LDL1_LRVW1_LWPMn1_LDW0_FMA_MIAV1_MDA2_MO40_MMFSC_MKFGSU256_NTA0_NTB0_NTC3_NTD3_NEPBS4_NLCA1_NLCB1_ONLL1_OPLV0_PK0_PAP0_PGR2_PLR1_PKA0_SIA3_SLW1_SS1_SU0_SUM0_SUS0_SCIUI1_SPO1_SRVW0_SSO6_SVW2_SNLL0_TSGRA0_TSGRB0_TT2_64_TLDS0_UMLDSA0_UMLDSB0_U64SL1_USFGROn1_VAW1_VSn1_VW2_VWB1_VFLRP0_WSGRA0_WSGRB0_WS64_WG64_4_1_WGM12",23702,6448466098183923,6448466098191495,0,8448,256,1,1,768,5,1
"KERNEL_DISPATCH",1,1,234619,169,78,"void rocsolver::v32802::getf2_npvt_small_kernel<16, double, int, int, double*>(int, double*, long, int, long, int*, int, int)",23705,6448466098198306,6448466098206999,0,136,304,1,1,304,1,1
"KERNEL_DISPATCH",1,1,234619,170,184,"void rocsolver::v32802::unit_forward_substitution_kernel<double, int, double*>(int, int, double*, int, int, long, long, double*, int, int, long, long)",23710,6448466098220259,6448466098229353,0,512,16,64,1,16,320,1
"KERNEL_DISPATCH",1,1,234619,171,1221,"Cijk_Ailk_Bljk_DB_MT128x64x16_MI16x16x4x1_SN_1LDSB1_APM1_ABV0_ACED0_AF0EM2_AF1EM2_AMAS3_ASE_ASGT_ASLT_ASM_ASAE01_ASCE01_ASEM2_AAC0_BL1_BS1_CLR0_DTLA0_DTLB0_DTVA1_DTVB0_DVO0_ETSP_EPS1_ELFLR0_EMLL0_FSSC10_FL0_GLVWA2_GLVWB2_GRCGA1_GRCGB1_GRPM1_GRVW2_GSU1_GSUASB_GLS0_ISA942_IU1_K1_KLA_LBSPPA0_LBSPPB0_LPA0_LPB2_LDL1_LRVW1_LWPMn1_LDW0_FMA_MIAV1_MDA2_MO40_MMFSC_MKFGSU256_NTA0_NTB0_NTC3_NTD3_NEPBS4_NLCA1_NLCB1_ONLL1_OPLV0_PK0_PAP0_PGR2_PLR1_PKA0_SIA3_SLW1_SS1_SU0_SUM0_SUS0_SCIUI1_SPO1_SRVW0_SSO6_SVW2_SNLL0_TSGRA0_TSGRB0_TT2_64_TLDS0_UMLDSA0_UMLDSB0_U64SL1_USFGROn1_VAW1_VSn1_VW2_VWB1_VFLRP0_WSGRA0_WSGRB0_WS64_WG64_4_1_WGM12",23713,6448466098238367,6448466098244536,0,8448,256,1,1,768,5,1
"KERNEL_DISPATCH",1,1,234619,172,78,"void rocsolver::v32802::getf2_npvt_small_kernel<16, double, int, int, double*>(int, double*, long, int, long, int*, int, int)",23716,6448466098251788,6448466098260441,0,136,288,1,1,288,1,1
"KERNEL_DISPATCH",1,1,234619,173,184,"void rocsolver::v32802::unit_forward_substitution_kernel<double, int, double*>(int, int, double*, int, int, long, long, double*, int, int, long, long)",23721,6448466098267291,6448466098276105,0,512,16,64,1,16,320,1
"KERNEL_DISPATCH",1,1,234619,174,874,"Cijk_Ailk_Bljk_DB_MT64x64x16_MI16x16x4x1_SN_1LDSB1_APM1_ABV0_ACED0_AF0EM2_AF1EM2_AMAS3_ASE_ASGT_ASLT_ASM_ASAE01_ASCE01_ASEM2_AAC0_BL1_BS1_CLR0_DTLA0_DTLB0_DTVA0_DTVB0_DVO0_ETSP_EPS1_ELFLR0_EMLL0_FSSC10_FL0_GLVWA2_GLVWB2_GRCGA1_GRCGB1_GRPM1_GRVW2_GSU1_GSUASB_GLS0_ISA942_IU1_K1_KLA_LBSPPA0_LBSPPB128_LPA0_LPB2_LDL1_LRVW1_LWPMn1_LDW0_FMA_MIAV1_MDA2_MO40_MMFSC_MKFGSU256_NTA0_NTB0_NTC3_NTD3_NEPBS4_NLCA1_NLCB1_ONLL1_OPLV0_PK0_PAP0_PGR2_PLR5_PKA0_SIA3_SLW1_SS1_SU0_SUM0_SUS0_SCIUI1_SPO1_SRVW0_SSO6_SVW2_SNLL0_TSGRA0_TSGRB0_TT2_32_TLDS1_UMLDSA0_UMLDSB1_U64SL1_USFGROn1_VAW1_VSn1_VW2_VWB1_VFLRP0_WSGRA0_WSGRB0_WS64_WG32_8_1_WGM6",23724,6448466098288884,6448466098294653,0,17408,256,1,1,1280,5,1
"KERNEL_DISPATCH",1,1,234619,175,78,"void rocsolver::v32802::getf2_npvt_small_kernel<16, double, int, int, double*>(int, double*, long, int, long, int*, int, int)",23727,6448466098298099,6448466098307833,0,136,272,1,1,272,1,1
"KERNEL_DISPATCH",1,1,234619,176,184,"void rocsolver::v32802::unit_forward_substitution_kernel<double, int, double*>(int, int, double*, int, int, long, long, double*, int, int, long, long)",23732,6448466098315726,6448466098324659,0,512,16,64,1,16,256,1
"KERNEL_DISPATCH",1,1,234619,177,874,"Cijk_Ailk_Bljk_DB_MT64x64x16_MI16x16x4x1_SN_1LDSB1_APM1_ABV0_ACED0_AF0EM2_AF1EM2_AMAS3_ASE_ASGT_ASLT_ASM_ASAE01_ASCE01_ASEM2_AAC0_BL1_BS1_CLR0_DTLA0_DTLB0_DTVA0_DTVB0_DVO0_ETSP_EPS1_ELFLR0_EMLL0_FSSC10_FL0_GLVWA2_GLVWB2_GRCGA1_GRCGB1_GRPM1_GRVW2_GSU1_GSUASB_GLS0_ISA942_IU1_K1_KLA_LBSPPA0_LBSPPB128_LPA0_LPB2_LDL1_LRVW1_LWPMn1_LDW0_FMA_MIAV1_MDA2_MO40_MMFSC_MKFGSU256_NTA0_NTB0_NTC3_NTD3_NEPBS4_NLCA1_NLCB1_ONLL1_OPLV0_PK0_PAP0_PGR2_PLR5_PKA0_SIA3_SLW1_SS1_SU0_SUM0_SUS0_SCIUI1_SPO1_SRVW0_SSO6_SVW2_SNLL0_TSGRA0_TSGRB0_TT2_32_TLDS1_UMLDSA0_UMLDSB1_U64SL1_USFGROn1_VAW1_VSn1_VW2_VWB1_VFLRP0_WSGRA0_WSGRB0_WS64_WG32_8_1_WGM6",23735,6448466098333072,6448466098337719,0,17408,256,1,1,1024,4,1
"KERNEL_DISPATCH",1,1,234619,178,78,"void rocsolver::v32802::getf2_npvt_small_kernel<16, double, int, int, double*>(int, double*, long, int, long, int*, int, int)",23738,6448466098349377,6448466098357750,0,136,256,1,1,256,1,1
"KERNEL_DISPATCH",1,1,234619,179,184,"void rocsolver::v32802::unit_forward_substitution_kernel<double, int, double*>(int, int, double*, int, int, long, long, double*, int, int, long, long)",23743,6448466098364921,6448466098374736,0,512,16,64,1,16,256,1
"KERNEL_DISPATCH",1,1,234619,180,874,"Cijk_Ailk_Bljk_DB_MT64x64x16_MI16x16x4x1_SN_1LDSB1_APM1_ABV0_ACED0_AF0EM2_AF1EM2_AMAS3_ASE_ASGT_ASLT_ASM_ASAE01_ASCE01_ASEM2_AAC0_BL1_BS1_CLR0_DTLA0_DTLB0_DTVA0_DTVB0_DVO0_ETSP_EPS1_ELFLR0_EMLL0_FSSC10_FL0_GLVWA2_GLVWB2_GRCGA1_GRCGB1_GRPM1_GRVW2_GSU1_GSUASB_GLS0_ISA942_IU1_K1_KLA_LBSPPA0_LBSPPB128_LPA0_LPB2_LDL1_LRVW1_LWPMn1_LDW0_FMA_MIAV1_MDA2_MO40_MMFSC_MKFGSU256_NTA0_NTB0_NTC3_NTD3_NEPBS4_NLCA1_NLCB1_ONLL1_OPLV0_PK0_PAP0_PGR2_PLR5_PKA0_SIA3_SLW1_SS1_SU0_SUM0_SUS0_SCIUI1_SPO1_SRVW0_SSO6_SVW2_SNLL0_TSGRA0_TSGRB0_TT2_32_TLDS1_UMLDSA0_UMLDSB1_U64SL1_USFGROn1_VAW1_VSn1_VW2_VWB1_VFLRP0_WSGRA0_WSGRB0_WS64_WG32_8_1_WGM6",23746,6448466098389619,6448466098394466,0,17408,256,1,1,1024,4,1
"KERNEL_DISPATCH",1,1,234619,181,78,"void rocsolver::v32802::getf2_npvt_small_kernel<16, double, int, int, double*>(int, double*, long, int, long, int*, int, int)",23749,6448466098402779,6448466098410912,0,136,240,1,1,240,1,1
"KERNEL_DISPATCH",1,1,234619,182,184,"void rocsolver::v32802::unit_forward_substitution_kernel<double, int, double*>(int, int, double*, int, int, long, long, double*, int, int, long, long)",23754,6448466098418192,6448466098428048,0,512,16,64,1,16,256,1
"KERNEL_DISPATCH",1,1,234619,183,874,"Cijk_Ailk_Bljk_DB_MT64x64x16_MI16x16x4x1_SN_1LDSB1_APM1_ABV0_ACED0_AF0EM2_AF1EM2_AMAS3_ASE_ASGT_ASLT_ASM_ASAE01_ASCE01_ASEM2_AAC0_BL1_BS1_CLR0_DTLA0_DTLB0_DTVA0_DTVB0_DVO0_ETSP_EPS1_ELFLR0_EMLL0_FSSC10_FL0_GLVWA2_GLVWB2_GRCGA1_GRCGB1_GRPM1_GRVW2_GSU1_GSUASB_GLS0_ISA942_IU1_K1_KLA_LBSPPA0_LBSPPB128_LPA0_LPB2_LDL1_LRVW1_LWPMn1_LDW0_FMA_MIAV1_MDA2_MO40_MMFSC_MKFGSU256_NTA0_NTB0_NTC3_NTD3_NEPBS4_NLCA1_NLCB1_ONLL1_OPLV0_PK0_PAP0_PGR2_PLR5_PKA0_SIA3_SLW1_SS1_SU0_SUM0_SUS0_SCIUI1_SPO1_SRVW0_SSO6_SVW2_SNLL0_TSGRA0_TSGRB0_TT2_32_TLDS1_UMLDSA0_UMLDSB1_U64SL1_USFGROn1_VAW1_VSn1_VW2_VWB1_VFLRP0_WSGRA0_WSGRB0_WS64_WG32_8_1_WGM6",23757,6448466098442049,6448466098446977,0,17408,256,1,1,1024,4,1
"KERNEL_DISPATCH",1,1,234619,184,78,"void rocsolver::v32802::getf2_npvt_small_kernel<16, double, int, int, double*>(int, double*, long, int, long, int*, int, int)",23760,6448466098453577,6448466098461790,0,136,224,1,1,224,1,1
"KERNEL_DISPATCH",1,1,234619,185,184,"void rocsolver::v32802::unit_forward_substitution_kernel<double, int, double*>(int, int, double*, int, int, long, long, double*, int, int, long, long)",23765,6448466098471104,6448466098481079,0,512,16,64,1,16,256,1
"KERNEL_DISPATCH",1,1,234619,186,874,"Cijk_Ailk_Bljk_DB_MT64x64x16_MI16x16x4x1_SN_1LDSB1_APM1_ABV0_ACED0_AF0EM2_AF1EM2_AMAS3_ASE_ASGT_ASLT_ASM_ASAE01_ASCE01_ASEM2_AAC0_BL1_BS1_CLR0_DTLA0_DTLB0_DTVA0_DTVB0_DVO0_ETSP_EPS1_ELFLR0_EMLL0_FSSC10_FL0_GLVWA2_GLVWB2_GRCGA1_GRCGB1_GRPM1_GRVW2_GSU1_GSUASB_GLS0_ISA942_IU1_K1_KLA_LBSPPA0_LBSPPB128_LPA0_LPB2_LDL1_LRVW1_LWPMn1_LDW0_FMA_MIAV1_MDA2_MO40_MMFSC_MKFGSU256_NTA0_NTB0_NTC3_NTD3_NEPBS4_NLCA1_NLCB1_ONLL1_OPLV0_PK0_PAP0_PGR2_PLR5_PKA0_SIA3_SLW1_SS1_SU0_SUM0_SUS0_SCIUI1_SPO1_SRVW0_SSO6_SVW2_SNLL0_TSGRA0_TSGRB0_TT2_32_TLDS1_UMLDSA0_UMLDSB1_U64SL1_USFGROn1_VAW1_VSn1_VW2_VWB1_VFLRP0_WSGRA0_WSGRB0_WS64_WG32_8_1_WGM6",23768,6448466098496463,6448466098501270,0,17408,256,1,1,1024,4,1
"KERNEL_DISPATCH",1,1,234619,187,78,"void rocsolver::v32802::getf2_npvt_small_kernel<16, double, int, int, double*>(int, double*, long, int, long, int*, int, int)",23771,6448466098508461,6448466098516634,0,136,208,1,1,208,1,1
"KERNEL_DISPATCH",1,1,234619,188,184,"void rocsolver::v32802::unit_forward_substitution_kernel<double, int, double*>(int, int, double*, int, int, long, long, double*, int, int, long, long)",23776,6448466098525367,6448466098534862,0,512,16,64,1,16,192,1
"KERNEL_DISPATCH",1,1,234619,189,874,"Cijk_Ailk_Bljk_DB_MT64x64x16_MI16x16x4x1_SN_1LDSB1_APM1_ABV0_ACED0_AF0EM2_AF1EM2_AMAS3_ASE_ASGT_ASLT_ASM_ASAE01_ASCE01_ASEM2_AAC0_BL1_BS1_CLR0_DTLA0_DTLB0_DTVA0_DTVB0_DVO0_ETSP_EPS1_ELFLR0_EMLL0_FSSC10_FL0_GLVWA2_GLVWB2_GRCGA1_GRCGB1_GRPM1_GRVW2_GSU1_GSUASB_GLS0_ISA942_IU1_K1_KLA_LBSPPA0_LBSPPB128_LPA0_LPB2_LDL1_LRVW1_LWPMn1_LDW0_FMA_MIAV1_MDA2_MO40_MMFSC_MKFGSU256_NTA0_NTB0_NTC3_NTD3_NEPBS4_NLCA1_NLCB1_ONLL1_OPLV0_PK0_PAP0_PGR2_PLR5_PKA0_SIA3_SLW1_SS1_SU0_SUM0_SUS0_SCIUI1_SPO1_SRVW0_SSO6_SVW2_SNLL0_TSGRA0_TSGRB0_TT2_32_TLDS1_UMLDSA0_UMLDSB1_U64SL1_USFGROn1_VAW1_VSn1_VW2_VWB1_VFLRP0_WSGRA0_WSGRB0_WS64_WG32_8_1_WGM6",23779,6448466098551207,6448466098556134,0,17408,256,1,1,768,3,1
"KERNEL_DISPATCH",1,1,234619,190,78,"void rocsolver::v32802::getf2_npvt_small_kernel<16, double, int, int, double*>(int, double*, long, int, long, int*, int, int)",23782,6448466098561943,6448466098569675,0,136,192,1,1,192,1,1
"KERNEL_DISPATCH",1,1,234619,191,184,"void rocsolver::v32802::unit_forward_substitution_kernel<double, int, double*>(int, int, double*, int, int, long, long, double*, int, int, long, long)",23787,6448466098577206,6448466098586220,0,512,16,64,1,16,192,1
"KERNEL_DISPATCH",1,1,234619,192,848,"Cijk_Ailk_Bljk_DB_MT128x64x16_MI16x16x4x1_SN_1LDSB1_APM1_ABV0_ACED0_AF0EM2_AF1EM2_AMAS3_ASE_ASGT_ASLT_ASM_ASAE01_ASCE01_ASEM2_AAC0_BL1_BS1_CLR0_DTLA0_DTLB0_DTVA1_DTVB0_DVO0_ETSP_EPS1_ELFLR0_EMLL0_FSSC10_FL0_GLVWA2_GLVWB2_GRCGA1_GRCGB1_GRPM1_GRVW2_GSU1_GSUASB_GLS0_ISA942_IU1_K1_KLA_LBSPPA0_LBSPPB0_LPA0_LPB2_LDL1_LRVW1_LWPMn1_LDW0_FMA_MIAV1_MDA2_MO40_MMFSC_MKFGSU256_NTA0_NTB0_NTC3_NTD3_NEPBS4_NLCA1_NLCB1_ONLL1_OPLV0_PK0_PAP0_PGR2_PLR5_PKA0_SIA3_SLW1_SS1_SU0_SUM0_SUS0_SCIUI1_SPO1_SRVW0_SSO6_SVW2_SNLL0_TSGRA0_TSGRB0_TT2_64_TLDS0_UMLDSA0_UMLDSB0_U64SL1_USFGROn1_VAW1_VSn1_VW2_VWB1_VFLRP0_WSGRA0_WSGRB0_WS64_WG64_4_1_WGM6",23790,6448466098600682,6448466098611499,0,8448,256,1,1,512,3,1
"KERNEL_DISPATCH",1,1,234619,193,78,"void rocsolver::v32802::getf2_npvt_small_kernel<16, double, int, int, double*>(int, double*, long, int, long, int*, int, int)",23793,6448466098614023,6448466098621755,0,136,176,1,1,176,1,1
"KERNEL_DISPATCH",1,1,234619,194,184,"void rocsolver::v32802::unit_forward_substitution_kernel<double, int, double*>(int, int, double*, int, int, long, long, double*, int, int, long, long)",23798,6448466098629046,6448466098638060,0,512,16,64,1,16,192,1
"KERNEL_DISPATCH",1,1,234619,195,848,"Cijk_Ailk_Bljk_DB_MT128x64x16_MI16x16x4x1_SN_1LDSB1_APM1_ABV0_ACED0_AF0EM2_AF1EM2_AMAS3_ASE_ASGT_ASLT_ASM_ASAE01_ASCE01_ASEM2_AAC0_BL1_BS1_CLR0_DTLA0_DTLB0_DTVA1_DTVB0_DVO0_ETSP_EPS1_ELFLR0_EMLL0_FSSC10_FL0_GLVWA2_GLVWB2_GRCGA1_GRCGB1_GRPM1_GRVW2_GSU1_GSUASB_GLS0_ISA942_IU1_K1_KLA_LBSPPA0_LBSPPB0_LPA0_LPB2_LDL1_LRVW1_LWPMn1_LDW0_FMA_MIAV1_MDA2_MO40_MMFSC_MKFGSU256_NTA0_NTB0_NTC3_NTD3_NEPBS4_NLCA1_NLCB1_ONLL1_OPLV0_PK0_PAP0_PGR2_PLR5_PKA0_SIA3_SLW1_SS1_SU0_SUM0_SUS0_SCIUI1_SPO1_SRVW0_SSO6_SVW2_SNLL0_TSGRA0_TSGRB0_TT2_64_TLDS0_UMLDSA0_UMLDSB0_U64SL1_USFGROn1_VAW1_VSn1_VW2_VWB1_VFLRP0_WSGRA0_WSGRB0_WS64_WG64_4_1_WGM6",23801,6448466098648956,6448466098657570,0,8448,256,1,1,512,3,1
"KERNEL_DISPATCH",1,1,234619,196,78,"void rocsolver::v32802::getf2_npvt_small_kernel<16, double, int, int, double*>(int, double*, long, int, long, int*, int, int)",23804,6448466098664580,6448466098672913,0,136,160,1,1,160,1,1
"KERNEL_DISPATCH",1,1,234619,197,184,"void rocsolver::v32802::unit_forward_substitution_kernel<double, int, double*>(int, int, double*, int, int, long, long, double*, int, int, long, long)",23809,6448466098682248,6448466098691502,0,512,16,64,1,16,192,1
"KERNEL_DISPATCH",1,1,234619,198,740,"Cijk_Ailk_Bljk_DB_MT128x64x16_MI16x16x4x1_SN_1LDSB1_APM1_ABV0_ACED0_AF0EM2_AF1EM2_AMAS3_ASE_ASGT_ASLT_ASM_ASAE01_ASCE01_ASEM2_AAC0_BL1_BS1_CLR0_DTLA0_DTLB0_DTVA0_DTVB0_DVO0_ETSP_EPS1_ELFLR0_EMLL0_FSSC10_FL0_GLVWA2_GLVWB2_GRCGA1_GRCGB1_GRPM1_GRVW2_GSU1_GSUASB_GLS0_ISA942_IU1_K1_KLA_LBSPPA0_LBSPPB0_LPA0_LPB2_LDL1_LRVW1_LWPMn1_LDW0_FMA_MIAV1_MDA2_MO40_MMFSC_MKFGSU256_NTA0_NTB0_NTC3_NTD3_NEPBS0_NLCA1_NLCB1_ONLL1_OPLV0_PK0_PAP0_PGR2_PLR5_PKA0_SIA3_SLW1_SS1_SU0_SUM0_SUS0_SCIUI1_SPO1_SRVW0_SSO6_SVW2_SNLL0_TSGRA0_TSGRB0_TT2_64_TLDS0_UMLDSA0_UMLDSB0_U64SL1_USFGROn1_VAW1_VSn1_VW2_VWB1_VFLRP0_WSGRA0_WSGRB0_WS64_WG64_4_1_WGM6",23812,6448466098705723,6448466098715218,0,24832,256,1,1,512,3,1
"KERNEL_DISPATCH",1,1,234619,199,78,"void rocsolver::v32802::getf2_npvt_small_kernel<16, double, int, int, double*>(int, double*, long, int, long, int*, int, int)",23815,6448466098719545,6448466098727277,0,136,144,1,1,144,1,1
"KERNEL_DISPATCH",1,1,234619,200,184,"void rocsolver::v32802::unit_forward_substitution_kernel<double, int, double*>(int, int, double*, int, int, long, long, double*, int, int, long, long)",23820,6448466098735329,6448466098744423,0,512,16,64,1,16,128,1
"KERNEL_DISPATCH",1,1,234619,201,740,"Cijk_Ailk_Bljk_DB_MT128x64x16_MI16x16x4x1_SN_1LDSB1_APM1_ABV0_ACED0_AF0EM2_AF1EM2_AMAS3_ASE_ASGT_ASLT_ASM_ASAE01_ASCE01_ASEM2_AAC0_BL1_BS1_CLR0_DTLA0_DTLB0_DTVA0_DTVB0_DVO0_ETSP_EPS1_ELFLR0_EMLL0_FSSC10_FL0_GLVWA2_GLVWB2_GRCGA1_GRCGB1_GRPM1_GRVW2_GSU1_GSUASB_GLS0_ISA942_IU1_K1_KLA_LBSPPA0_LBSPPB0_LPA0_LPB2_LDL1_LRVW1_LWPMn1_LDW0_FMA_MIAV1_MDA2_MO40_MMFSC_MKFGSU256_NTA0_NTB0_NTC3_NTD3_NEPBS0_NLCA1_NLCB1_ONLL1_OPLV0_PK0_PAP0_PGR2_PLR5_PKA0_SIA3_SLW1_SS1_SU0_SUM0_SUS0_SCIUI1_SPO1_SRVW0_SSO6_SVW2_SNLL0_TSGRA0_TSGRB0_TT2_64_TLDS0_UMLDSA0_UMLDSB0_U64SL1_USFGROn1_VAW1_VSn1_VW2_VWB1_VFLRP0_WSGRA0_WSGRB0_WS64_WG64_4_1_WGM6",23823,6448466098772586,6448466098778996,0,24832,256,1,1,256,2,1
"KERNEL_DISPATCH",1,1,234619,203,184,"void rocsolver::v32802::unit_forward_substitution_kernel<double, int, double*>(int, int, double*, int, int, long, long, double*, int, int, long, long)",23831,6448466098787128,6448466098795301,0,512,16,64,1,16,128,1
"KERNEL_DISPATCH",1,1,234619,202,78,"void rocsolver::v32802::getf2_npvt_small_kernel<16, double, int, int, double*>(int, double*, long, int, long, int*, int, int)",23826,6448466098778996,6448466098787128,0,136,128,1,1,128,1,1
"KERNEL_DISPATCH",1,1,234619,204,1000,"Cijk_Ailk_Bljk_DB_MT128x64x16_MI16x16x4x1_SN_1LDSB1_APM1_ABV0_ACED0_AF0EM2_AF1EM2_AMAS3_ASE_ASGT_ASLT_ASM_ASAE01_ASCE01_ASEM2_AAC0_BL1_BS1_CLR0_DTLA0_DTLB0_DTVA0_DTVB0_DVO0_ETSP_EPS1_ELFLR0_EMLL0_FSSC10_FL0_GLVWA2_GLVWB2_GRCGA1_GRCGB1_GRPM1_GRVW2_GSU1_GSUASB_GLS0_ISA942_IU1_K1_KLA_LBSPPA0_LBSPPB0_LPA0_LPB2_LDL1_LRVW1_LWPMn1_LDW0_FMA_MIAV1_MDA2_MO40_MMFSC_MKFGSU256_NTA0_NTB0_NTC3_NTD3_NEPBS0_NLCA1_NLCB1_ONLL1_OPLV0_PK0_PAP0_PGR2_PLR1_PKA0_SIA3_SLW1_SS1_SU0_SUM0_SUS0_SCIUI1_SPO1_SRVW0_SSO6_SVW2_SNLL0_TSGRA0_TSGRB0_TT2_64_TLDS0_UMLDSA0_UMLDSB0_U64SL1_USFGROn1_VAW1_VSn1_VW2_VWB1_VFLRP0_WSGRA0_WSGRB0_WS64_WG64_4_1_WGM6",23834,6448466098807399,6448466098816253,0,24832,256,1,1,256,2,1
"KERNEL_DISPATCH",1,1,234619,205,78,"void rocsolver::v32802::getf2_npvt_small_kernel<16, double, int, int, double*>(int, double*, long, int, long, int*, int, int)",23837,6448466098826829,6448466098834281,0,136,112,1,1,112,1,1
"KERNEL_DISPATCH",1,1,234619,206,184,"void rocsolver::v32802::unit_forward_substitution_kernel<double, int, double*>(int, int, double*, int, int, long, long, double*, int, int, long, long)",23842,6448466098842854,6448466098850826,0,512,16,64,1,16,128,1
"KERNEL_DISPATCH",1,1,234619,207,886,"Cijk_Ailk_Bljk_DB_MT128x64x16_MI16x16x4x1_SN_1LDSB1_APM1_ABV0_ACED0_AF0EM2_AF1EM2_AMAS3_ASE_ASGT_ASLT_ASM_ASAE01_ASCE01_ASEM2_AAC0_BL1_BS1_CLR0_DTLA0_DTLB0_DTVA1_DTVB0_DVO0_ETSP_EPS1_ELFLR0_EMLL0_FSSC10_FL0_GLVWA2_GLVWB2_GRCGA1_GRCGB1_GRPM1_GRVW2_GSU1_GSUASB_GLS0_ISA942_IU1_K1_KLA_LBSPPA0_LBSPPB0_LPA0_LPB2_LDL1_LRVW1_LWPMn1_LDW0_FMA_MIAV1_MDA2_MO40_MMFSC_MKFGSU256_NTA0_NTB0_NTC3_NTD3_NEPBS0_NLCA1_NLCB1_ONLL1_OPLV0_PK0_PAP0_PGR2_PLR5_PKA0_SIA3_SLW1_SS1_SU0_SUM0_SUS0_SCIUI1_SPO1_SRVW0_SSO6_SVW2_SNLL0_TSGRA0_TSGRB0_TT2_64_TLDS0_UMLDSA0_UMLDSB0_U64SL1_USFGROn1_VAW1_VSn1_VW2_VWB1_VFLRP0_WSGRA0_WSGRB0_WS64_WG64_4_1_WGM12",23845,6448466098863886,6448466098873981,0,8448,256,1,1,256,2,1
"KERNEL_DISPATCH",1,1,234619,208,78,"void rocsolver::v32802::getf2_npvt_small_kernel<16, double, int, int, double*>(int, double*, long, int, long, int*, int, int)",23848,6448466098878068,6448466098885319,0,136,96,1,1,96,1,1
"KERNEL_DISPATCH",1,1,234619,209,184,"void rocsolver::v32802::unit_forward_substitution_kernel<double, int, double*>(int, int, double*, int, int, long, long, double*, int, int, long, long)",23853,6448466098899140,6448466098907513,0,512,16,64,1,16,128,1
"KERNEL_DISPATCH",1,1,234619,210,742,"Cijk_Ailk_Bljk_DB_MT64x64x16_MI16x16x4x1_SN_1LDSB1_APM1_ABV0_ACED0_AF0EM2_AF1EM2_AMAS3_ASE_ASGT_ASLT_ASM_ASAE01_ASCE01_ASEM2_AAC0_BL1_BS1_CLR0_DTLA0_DTLB0_DTVA0_DTVB0_DVO0_ETSP_EPS1_ELFLR0_EMLL0_FSSC10_FL0_GLVWA2_GLVWB2_GRCGA1_GRCGB1_GRPM1_GRVW2_GSU1_GSUASB_GLS0_ISA942_IU1_K1_KLA_LBSPPA0_LBSPPB0_LPA0_LPB2_LDL1_LRVW1_LWPMn1_LDW0_FMA_MIAV1_MDA2_MO40_MMFSC_MKFGSU256_NTA0_NTB0_NTC3_NTD3_NEPBS4_NLCA1_NLCB1_ONLL1_OPLV0_PK0_PAP0_PGR2_PLR5_PKA0_SIA3_SLW1_SS1_SU0_SUM0_SUS0_SCIUI1_SPO1_SRVW0_SSO6_SVW2_SNLL0_TSGRA0_TSGRB0_TT2_32_TLDS0_UMLDSA0_UMLDSB0_U64SL1_USFGROn1_VAW1_VSn1_VW2_VWB1_VFLRP0_WSGRA0_WSGRB0_WS64_WG32_8_1_WGM6",23856,6448466098919972,6448466098926582,0,16640,256,1,1,512,2,1
"KERNEL_DISPATCH",1,1,234619,211,78,"void rocsolver::v32802::getf2_npvt_small_kernel<16, double, int, int, double*>(int, double*, long, int, long, int*, int, int)",23859,6448466098933753,6448466098940924,0,136,80,1,1,80,1,1
"KERNEL_DISPATCH",1,1,234619,212,184,"void rocsolver::v32802::unit_forward_substitution_kernel<double, int, double*>(int, int, double*, int, int, long, long, double*, int, int, long, long)",23864,6448466098953203,6448466098961816,0,512,16,64,1,16,64,1
"KERNEL_DISPATCH",1,1,234619,213,891,"Cijk_Ailk_Bljk_DB_MT64x64x16_MI16x16x4x1_SN_1LDSB1_APM1_ABV0_ACED0_AF0EM2_AF1EM2_AMAS0_ASE_ASGT_ASLT_ASM_ASAE01_ASCE01_ASEM2_AAC0_BL1_BS1_CLR0_DTLA0_DTLB0_DTVA1_DTVB0_DVO0_ETSP_EPS1_ELFLR0_EMLL0_FSSC10_FL0_GLVWA1_GLVWB1_GRCGA1_GRCGB1_GRPM1_GRVW1_GSU1_GSUASB_GLS0_ISA942_IU1_K1_KLA_LBSPPA0_LBSPPB128_LPA0_LPB4_LDL1_LRVW2_LWPMn1_LDW0_FMA_MIAV1_MDA2_MO40_MMFSC_MKFGSU256_NTA0_NTB0_NTC3_NTD3_NEPBS0_NLCA1_NLCB1_ONLL1_OPLV0_PK0_PAP0_PGR2_PLR5_PKA0_SIA3_SLW1_SS1_SU0_SUM0_SUS0_SCIUI1_SPO1_SRVW0_SSO6_SVW1_SNLL0_TSGRA0_TSGRB0_TT1_64_TLDS1_UMLDSA0_UMLDSB1_U64SL1_USFGROn1_VAW1_VSn1_VW1_VWB1_VFLRP0_WSGRA0_WSGRB0_WS64_WG64_4_1_WGM6",23867,6448466098971010,6448466098977019,0,10240,256,1,1,256,1,1
"KERNEL_DISPATCH",1,1,234619,214,78,"void rocsolver::v32802::getf2_npvt_small_kernel<16, double, int, int, double*>(int, double*, long, int, long, int*, int, int)",23870,6448466098981546,6448466098988958,0,136,64,1,1,64,1,1
"KERNEL_DISPATCH",1,1,234619,215,184,"void rocsolver::v32802::unit_forward_substitution_kernel<double, int, double*>(int, int, double*, int, int, long, long, double*, int, int, long, long)",23875,6448466098992724,6448466099001176,0,512,16,64,1,16,64,1
"KERNEL_DISPATCH",1,1,234619,216,751,"Cijk_Ailk_Bljk_DB_MT64x64x16_MI16x16x4x1_SN_1LDSB1_APM1_ABV0_ACED0_AF0EM2_AF1EM2_AMAS3_ASE_ASGT_ASLT_ASM_ASAE01_ASCE01_ASEM2_AAC0_BL1_BS1_CLR0_DTLA0_DTLB0_DTVA0_DTVB0_DVO0_ETSP_EPS1_ELFLR0_EMLL0_FSSC10_FL0_GLVWA2_GLVWB2_GRCGA1_GRCGB1_GRPM1_GRVW2_GSU1_GSUASB_GLS0_ISA942_IU1_K1_KLA_LBSPPA0_LBSPPB128_LPA0_LPB4_LDL1_LRVW2_LWPMn1_LDW0_FMA_MIAV1_MDA2_MO40_MMFSC_MKFGSU256_NTA0_NTB0_NTC3_NTD3_NEPBS0_NLCA1_NLCB1_ONLL1_OPLV0_PK0_PAP0_PGR2_PLR5_PKA0_SIA3_SLW1_SS1_SU0_SUM0_SUS0_SCIUI1_SPO1_SRVW0_SSO6_SVW2_SNLL0_TSGRA0_TSGRB0_TT2_32_TLDS1_UMLDSA0_UMLDSB1_U64SL1_USFGROn1_VAW1_VSn1_VW2_VWB1_VFLRP0_WSGRA0_WSGRB0_WS64_WG32_8_1_WGM6",23878,6448466099026615,6448466099034147,0,18432,256,1,1,256,1,1
"KERNEL_DISPATCH",1,1,234619,217,78,"void rocsolver::v32802::getf2_npvt_small_kernel<16, double, int, int, double*>(int, double*, long, int, long, int*, int, int)",23881,6448466099038765,6448466099046136,0,136,48,1,1,48,1,1
"KERNEL_DISPATCH",1,1,234619,218,184,"void rocsolver::v32802::unit_forward_substitution_kernel<double, int, double*>(int, int, double*, int, int, long, long, double*, int, int, long, long)",23886,6448466099052175,6448466099059866,0,512,16,64,1,16,64,1
"KERNEL_DISPATCH",1,1,234619,219,756,"Cijk_Ailk_Bljk_DB_MT32x64x32_MI16x16x4x1_SN_1LDSB1_APM1_ABV0_ACED0_AF0EM2_AF1EM2_AMAS3_ASE_ASGT_ASLT_ASM_ASAE01_ASCE01_ASEM2_AAC0_BL1_BS1_CLR0_DTLA0_DTLB0_DTVA0_DTVB0_DVO0_ETSP_EPS1_ELFLR0_EMLL0_FSSC10_FL0_GLVWA2_GLVWB2_GRCGA1_GRCGB1_GRPM1_GRVW2_GSU1_GSUASB_GLS0_ISA942_IU1_K1_KLA_LBSPPA0_LBSPPB256_LPA0_LPB4_LDL1_LRVW2_LWPMn1_LDW0_FMA_MIAV1_MDA2_MO40_MMFSC_MKFGSU256_NTA0_NTB0_NTC3_NTD3_NEPBS0_NLCA1_NLCB1_ONLL1_OPLV0_PK0_PAP0_PGR2_PLR9_PKA0_SIA3_SLW1_SS1_SU0_SUM0_SUS0_SCIUI1_SPO1_SRVW0_SSO6_SVW2_SNLL0_TSGRA0_TSGRB0_TT2_16_TLDS1_UMLDSA0_UMLDSB1_U64SL1_USFGROn1_VAW1_VSn1_VW2_VWB1_VFLRP0_WSGRA0_WSGRB0_WS64_WG16_16_1_WGM6",23889,6448466099073808,6448466099079857,0,26624,256,1,1,256,1,1
"KERNEL_DISPATCH",1,1,234619,220,78,"void rocsolver::v32802::getf2_npvt_small_kernel<16, double, int, int, double*>(int, double*, long, int, long, int*, int, int)",23892,6448466099085847,6448466099093739,0,136,32,1,1,32,1,1
"KERNEL_DISPATCH",1,1,234619,221,184,"void rocsolver::v32802::unit_forward_substitution_kernel<double, int, double*>(int, int, double*, int, int, long, long, double*, int, int, long, long)",23897,6448466099104134,6448466099111145,0,512,16,64,1,16,64,1
"KERNEL_DISPATCH",1,1,234619,222,756,"Cijk_Ailk_Bljk_DB_MT32x64x32_MI16x16x4x1_SN_1LDSB1_APM1_ABV0_ACED0_AF0EM2_AF1EM2_AMAS3_ASE_ASGT_ASLT_ASM_ASAE01_ASCE01_ASEM2_AAC0_BL1_BS1_CLR0_DTLA0_DTLB0_DTVA0_DTVB0_DVO0_ETSP_EPS1_ELFLR0_EMLL0_FSSC10_FL0_GLVWA2_GLVWB2_GRCGA1_GRCGB1_GRPM1_GRVW2_GSU1_GSUASB_GLS0_ISA942_IU1_K1_KLA_LBSPPA0_LBSPPB256_LPA0_LPB4_LDL1_LRVW2_LWPMn1_LDW0_FMA_MIAV1_MDA2_MO40_MMFSC_MKFGSU256_NTA0_NTB0_NTC3_NTD3_NEPBS0_NLCA1_NLCB1_ONLL1_OPLV0_PK0_PAP0_PGR2_PLR9_PKA0_SIA3_SLW1_SS1_SU0_SUM0_SUS0_SCIUI1_SPO1_SRVW0_SSO6_SVW2_SNLL0_TSGRA0_TSGRB0_TT2_16_TLDS1_UMLDSA0_UMLDSB1_U64SL1_USFGROn1_VAW1_VSn1_VW2_VWB1_VFLRP0_WSGRA0_WSGRB0_WS64_WG16_16_1_WGM6",23900,6448466099125647,6448466099129734,0,26624,256,1,1,256,1,1
"KERNEL_DISPATCH",1,1,234619,223,78,"void rocsolver::v32802::getf2_npvt_small_kernel<16, double, int, int, double*>(int, double*, long, int, long, int*, int, int)",23903,6448466099138747,6448466099146639,0,136,16,1,1,16,1,1
"KERNEL_DISPATCH",1,1,234619,224,1434,"void rocblas_trtri_trsm_kernel<128, 16, 8, double, double const*, double*>(rocblas_fill_, rocblas_diagonal_, double const*, long, int, long, double*, long, long, int)",23907,6448466099150485,6448466099178809,0,8192,256,1,1,4096,1,1
"KERNEL_DISPATCH",1,1,234619,225,1356,"void rocblas_trtri_fill<128, double, double*>(_rocblas_handle*, rocblas_fill_, int, long, int, long, double*, long, long, int, int)",23912,6448466099178809,6448466099181453,0,0,128,1,1,32512,1,1
"KERNEL_DISPATCH",1,1,234619,226,860,"Cijk_Ailk_Bljk_DB_MT64x32x16_MI16x16x4x1_SN_1LDSB1_APM1_ABV0_ACED0_AF0EM2_AF1EM2_AMAS0_ASE_ASGT_ASLT_ASM_ASAE01_ASCE01_ASEM2_AAC0_BL1_BS1_CLR0_DTLA0_DTLB0_DTVA1_DTVB0_DVO0_ETSP_EPS1_ELFLR0_EMLL0_FSSC10_FL0_GLVWA1_GLVWB1_GRCGA1_GRCGB1_GRPM1_GRVW1_GSU1_GSUASB_GLS0_ISA942_IU1_K1_KLA_LBSPPA0_LBSPPB128_LPA0_LPB4_LDL1_LRVW2_LWPMn1_LDW0_FMA_MIAV1_MDA2_MO40_MMFSC_MKFGSU256_NTA0_NTB0_NTC3_NTD3_NEPBS0_NLCA1_NLCB1_ONLL1_OPLV0_PK0_PAP0_PGR2_PLR5_PKA0_SIA3_SLW1_SS1_SU0_SUM0_SUS0_SCIUI1_SPO1_SRVW0_SSO6_SVW1_SNLL0_TSGRA0_TSGRB0_TT1_32_TLDS1_UMLDSA0_UMLDSB1_U64SL1_USFGROn1_VAW1_VSn1_VW1_VWB1_VFLRP0_WSGRA0_WSGRB0_WS64_WG64_4_1_WGM12",23916,6448466099185339,6448466099192029,0,5120,256,1,1,256,1,4
"KERNEL_DISPATCH",1,1,234619,227,860,"Cijk_Ailk_Bljk_DB_MT64x32x16_MI16x16x4x1_SN_1LDSB1_APM1_ABV0_ACED0_AF0EM2_AF1EM2_AMAS0_ASE_ASGT_ASLT_ASM_ASAE01_ASCE01_ASEM2_AAC0_BL1_BS1_CLR0_DTLA0_DTLB0_DTVA1_DTVB0_DVO0_ETSP_EPS1_ELFLR0_EMLL0_FSSC10_FL0_GLVWA1_GLVWB1_GRCGA1_GRCGB1_GRPM1_GRVW1_GSU1_GSUASB_GLS0_ISA942_IU1_K1_KLA_LBSPPA0_LBSPPB128_LPA0_LPB4_LDL1_LRVW2_LWPMn1_LDW0_FMA_MIAV1_MDA2_MO40_MMFSC_MKFGSU256_NTA0_NTB0_NTC3_NTD3_NEPBS0_NLCA1_NLCB1_ONLL1_OPLV0_PK0_PAP0_PGR2_PLR5_PKA0_SIA3_SLW1_SS1_SU0_SUM0_SUS0_SCIUI1_SPO1_SRVW0_SSO6_SVW1_SNLL0_TSGRA0_TSGRB0_TT1_32_TLDS1_UMLDSA0_UMLDSB1_U64SL1_USFGROn1_VAW1_VSn1_VW1_VWB1_VFLRP0_WSGRA0_WSGRB0_WS64_WG64_4_1_WGM12",23919,6448466099197998,6448466099203527,0,5120,256,1,1,256,1,4
"KERNEL_DISPATCH",1,1,234619,228,860,"Cijk_Ailk_Bljk_DB_MT64x32x16_MI16x16x4x1_SN_1LDSB1_APM1_ABV0_ACED0_AF0EM2_AF1EM2_AMAS0_ASE_ASGT_ASLT_ASM_ASAE01_ASCE01_ASEM2_AAC0_BL1_BS1_CLR0_DTLA0_DTLB0_DTVA1_DTVB0_DVO0_ETSP_EPS1_ELFLR0_EMLL0_FSSC10_FL0_GLVWA1_GLVWB1_GRCGA1_GRCGB1_GRPM1_GRVW1_GSU1_GSUASB_GLS0_ISA942_IU1_K1_KLA_LBSPPA0_LBSPPB128_LPA0_LPB4_LDL1_LRVW2_LWPMn1_LDW0_FMA_MIAV1_MDA2_MO40_MMFSC_MKFGSU256_NTA0_NTB0_NTC3_NTD3_NEPBS0_NLCA1_NLCB1_ONLL1_OPLV0_PK0_PAP0_PGR2_PLR5_PKA0_SIA3_SLW1_SS1_SU0_SUM0_SUS0_SCIUI1_SPO1_SRVW0_SSO6_SVW1_SNLL0_TSGRA0_TSGRB0_TT1_32_TLDS1_UMLDSA0_UMLDSB1_U64SL1_USFGROn1_VAW1_VSn1_VW1_VWB1_VFLRP0_WSGRA0_WSGRB0_WS64_WG64_4_1_WGM12",23922,6448466099222316,6448466099226802,0,5120,256,1,1,256,1,4
"KERNEL_DISPATCH",1,1,234619,229,860,"Cijk_Ailk_Bljk_DB_MT64x32x16_MI16x16x4x1_SN_1LDSB1_APM1_ABV0_ACED0_AF0EM2_AF1EM2_AMAS0_ASE_ASGT_ASLT_ASM_ASAE01_ASCE01_ASEM2_AAC0_BL1_BS1_CLR0_DTLA0_DTLB0_DTVA1_DTVB0_DVO0_ETSP_EPS1_ELFLR0_EMLL0_FSSC10_FL0_GLVWA1_GLVWB1_GRCGA1_GRCGB1_GRPM1_GRVW1_GSU1_GSUASB_GLS0_ISA942_IU1_K1_KLA_LBSPPA0_LBSPPB128_LPA0_LPB4_LDL1_LRVW2_LWPMn1_LDW0_FMA_MIAV1_MDA2_MO40_MMFSC_MKFGSU256_NTA0_NTB0_NTC3_NTD3_NEPBS0_NLCA1_NLCB1_ONLL1_OPLV0_PK0_PAP0_PGR2_PLR5_PKA0_SIA3_SLW1_SS1_SU0_SUM0_SUS0_SCIUI1_SPO1_SRVW0_SSO6_SVW1_SNLL0_TSGRA0_TSGRB0_TT1_32_TLDS1_UMLDSA0_UMLDSB1_U64SL1_USFGROn1_VAW1_VSn1_VW1_VWB1_VFLRP0_WSGRA0_WSGRB0_WS64_WG64_4_1_WGM12",23925,6448466099247554,6448466099252161,0,5120,256,1,1,256,1,4
"KERNEL_DISPATCH",1,1,234619,230,757,"Cijk_Ailk_Bljk_DB_MT64x64x32_MI16x16x4x1_SN_1LDSB1_APM1_ABV0_ACED0_AF0EM2_AF1EM2_AMAS0_ASE_ASGT_ASLT_ASM_ASAE01_ASCE01_ASEM2_AAC0_BL1_BS1_CLR0_DTLA0_DTLB0_DTVA0_DTVB0_DVO0_ETSP_EPS1_ELFLR0_EMLL0_FSSC10_FL0_GLVWA1_GLVWB1_GRCGA1_GRCGB1_GRPM1_GRVW1_GSU1_GSUASB_GLS0_ISA942_IU1_K1_KLA_LBSPPA0_LBSPPB0_LPA0_LPB1_LDL1_LRVW1_LWPMn1_LDW0_FMA_MIAV1_MDA2_MO40_MMFSC_MKFGSU256_NTA0_NTB0_NTC3_NTD3_NEPBS0_NLCA1_NLCB1_ONLL1_OPLV0_PK0_PAP0_PGR2_PLR9_PKA0_SIA3_SLW1_SS1_SU0_SUM0_SUS0_SCIUI1_SPO1_SRVW0_SSO6_SVW1_SNLL0_TSGRA0_TSGRB0_TT2_32_TLDS0_UMLDSA0_UMLDSB0_U64SL1_USFGROn1_VAW1_VSn1_VW1_VWB1_VFLRP0_WSGRA0_WSGRB0_WS64_WG32_8_1_WGM6",23928,6448466099261525,6448466099270219,0,33024,256,1,1,256,1,4
"KERNEL_DISPATCH",1,1,234619,231,757,"Cijk_Ailk_Bljk_DB_MT64x64x32_MI16x16x4x1_SN_1LDSB1_APM1_ABV0_ACED0_AF0EM2_AF1EM2_AMAS0_ASE_ASGT_ASLT_ASM_ASAE01_ASCE01_ASEM2_AAC0_BL1_BS1_CLR0_DTLA0_DTLB0_DTVA0_DTVB0_DVO0_ETSP_EPS1_ELFLR0_EMLL0_FSSC10_FL0_GLVWA1_GLVWB1_GRCGA1_GRCGB1_GRPM1_GRVW1_GSU1_GSUASB_GLS0_ISA942_IU1_K1_KLA_LBSPPA0_LBSPPB0_LPA0_LPB1_LDL1_LRVW1_LWPMn1_LDW0_FMA_MIAV1_MDA2_MO40_MMFSC_MKFGSU256_NTA0_NTB0_NTC3_NTD3_NEPBS0_NLCA1_NLCB1_ONLL1_OPLV0_PK0_PAP0_PGR2_PLR9_PKA0_SIA3_SLW1_SS1_SU0_SUM0_SUS0_SCIUI1_SPO1_SRVW0_SSO6_SVW1_SNLL0_TSGRA0_TSGRB0_TT2_32_TLDS0_UMLDSA0_UMLDSB0_U64SL1_USFGROn1_VAW1_VSn1_VW1_VWB1_VFLRP0_WSGRA0_WSGRB0_WS64_WG32_8_1_WGM6",23931,6448466099286734,6448466099295508,0,33024,256,1,1,256,1,4
"KERNEL_DISPATCH",1,1,234619,232,1435,"void rocblas_copy_matrix_trsm<128, 8, double, double*, double*>(int, int, int, double*, int, long, double*, int, long, long, long, int)",23935,6448466099298312,6448466099301477,0,0,128,8,1,1024,128,1
"KERNEL_DISPATCH",1,1,234619,233,1148,"Cijk_Ailk_Bljk_DB_MT64x64x16_MI16x16x4x1_SN_1LDSB1_APM1_ABV0_ACED0_AF0EM2_AF1EM2_AMAS3_ASE_ASGT_ASLT_ASM_ASAE01_ASCE01_ASEM2_AAC0_BL1_BS1_CLR0_DTLA0_DTLB0_DTVA0_DTVB0_DVO0_ETSP_EPS1_ELFLR0_EMLL0_FSSC10_FL0_GLVWA2_GLVWB2_GRCGA1_GRCGB1_GRPM1_GRVW2_GSU1_GSUASB_GLS0_ISA942_IU1_K1_KLA_LBSPPA0_LBSPPB128_LPA0_LPB4_LDL1_LRVW2_LWPMn1_LDW0_FMA_MIAV1_MDA2_MO40_MMFSC_MKFGSU256_NTA0_NTB0_NTC3_NTD3_NEPBS4_NLCA1_NLCB1_ONLL1_OPLV0_PK0_PAP0_PGR2_PLR5_PKA0_SIA3_SLW1_SS1_SU0_SUM0_SUS0_SCIUI1_SPO1_SRVW0_SSO6_SVW2_SNLL0_TSGRA0_TSGRB0_TT2_32_TLDS1_UMLDSA0_UMLDSB1_U64SL1_USFGROn1_VAW1_VSn1_VW2_VWB1_VFLRP0_WSGRA0_WSGRB0_WS64_WG32_8_1_WGM6",23939,6448466099320065,6448466099328999,0,18432,256,1,1,4096,2,1
"KERNEL_DISPATCH",1,1,234619,234,1148,"Cijk_Ailk_Bljk_DB_MT64x64x16_MI16x16x4x1_SN_1LDSB1_APM1_ABV0_ACED0_AF0EM2_AF1EM2_AMAS3_ASE_ASGT_ASLT_ASM_ASAE01_ASCE01_ASEM2_AAC0_BL1_BS1_CLR0_DTLA0_DTLB0_DTVA0_DTVB0_DVO0_ETSP_EPS1_ELFLR0_EMLL0_FSSC10_FL0_GLVWA2_GLVWB2_GRCGA1_GRCGB1_GRPM1_GRVW2_GSU1_GSUASB_GLS0_ISA942_IU1_K1_KLA_LBSPPA0_LBSPPB128_LPA0_LPB4_LDL1_LRVW2_LWPMn1_LDW0_FMA_MIAV1_MDA2_MO40_MMFSC_MKFGSU256_NTA0_NTB0_NTC3_NTD3_NEPBS4_NLCA1_NLCB1_ONLL1_OPLV0_PK0_PAP0_PGR2_PLR5_PKA0_SIA3_SLW1_SS1_SU0_SUM0_SUS0_SCIUI1_SPO1_SRVW0_SSO6_SVW2_SNLL0_TSGRA0_TSGRB0_TT2_32_TLDS1_UMLDSA0_UMLDSB1_U64SL1_USFGROn1_VAW1_VSn1_VW2_VWB1_VFLRP0_WSGRA0_WSGRB0_WS64_WG32_8_1_WGM6",23942,6448466099339375,6448466099347948,0,18432,256,1,1,4096,2,1
"KERNEL_DISPATCH",1,1,234619,235,1148,"Cijk_Ailk_Bljk_DB_MT64x64x16_MI16x16x4x1_SN_1LDSB1_APM1_ABV0_ACED0_AF0EM2_AF1EM2_AMAS3_ASE_ASGT_ASLT_ASM_ASAE01_ASCE01_ASEM2_AAC0_BL1_BS1_CLR0_DTLA0_DTLB0_DTVA0_DTVB0_DVO0_ETSP_EPS1_ELFLR0_EMLL0_FSSC10_FL0_GLVWA2_GLVWB2_GRCGA1_GRCGB1_GRPM1_GRVW2_GSU1_GSUASB_GLS0_ISA942_IU1_K1_KLA_LBSPPA0_LBSPPB128_LPA0_LPB4_LDL1_LRVW2_LWPMn1_LDW0_FMA_MIAV1_MDA2_MO40_MMFSC_MKFGSU256_NTA0_NTB0_NTC3_NTD3_NEPBS4_NLCA1_NLCB1_ONLL1_OPLV0_PK0_PAP0_PGR2_PLR5_PKA0_SIA3_SLW1_SS1_SU0_SUM0_SUS0_SCIUI1_SPO1_SRVW0_SSO6_SVW2_SNLL0_TSGRA0_TSGRB0_TT2_32_TLDS1_UMLDSA0_UMLDSB1_U64SL1_USFGROn1_VAW1_VSn1_VW2_VWB1_VFLRP0_WSGRA0_WSGRB0_WS64_WG32_8_1_WGM6",23945,6448466099356873,6448466099363883,0,18432,256,1,1,4096,2,1
"KERNEL_DISPATCH",1,1,234619,236,1148,"Cijk_Ailk_Bljk_DB_MT64x64x16_MI16x16x4x1_SN_1LDSB1_APM1_ABV0_ACED0_AF0EM2_AF1EM2_AMAS3_ASE_ASGT_ASLT_ASM_ASAE01_ASCE01_ASEM2_AAC0_BL1_BS1_CLR0_DTLA0_DTLB0_DTVA0_DTVB0_DVO0_ETSP_EPS1_ELFLR0_EMLL0_FSSC10_FL0_GLVWA2_GLVWB2_GRCGA1_GRCGB1_GRPM1_GRVW2_GSU1_GSUASB_GLS0_ISA942_IU1_K1_KLA_LBSPPA0_LBSPPB128_LPA0_LPB4_LDL1_LRVW2_LWPMn1_LDW0_FMA_MIAV1_MDA2_MO40_MMFSC_MKFGSU256_NTA0_NTB0_NTC3_NTD3_NEPBS4_NLCA1_NLCB1_ONLL1_OPLV0_PK0_PAP0_PGR2_PLR5_PKA0_SIA3_SLW1_SS1_SU0_SUM0_SUS0_SCIUI1_SPO1_SRVW0_SSO6_SVW2_SNLL0_TSGRA0_TSGRB0_TT2_32_TLDS1_UMLDSA0_UMLDSB1_U64SL1_USFGROn1_VAW1_VSn1_VW2_VWB1_VFLRP0_WSGRA0_WSGRB0_WS64_WG32_8_1_WGM6",23948,6448466099381680,6448466099392857,0,18432,256,1,1,4096,2,1
"KERNEL_DISPATCH",1,1,234619,237,1148,"Cijk_Ailk_Bljk_DB_MT64x64x16_MI16x16x4x1_SN_1LDSB1_APM1_ABV0_ACED0_AF0EM2_AF1EM2_AMAS3_ASE_ASGT_ASLT_ASM_ASAE01_ASCE01_ASEM2_AAC0_BL1_BS1_CLR0_DTLA0_DTLB0_DTVA0_DTVB0_DVO0_ETSP_EPS1_ELFLR0_EMLL0_FSSC10_FL0_GLVWA2_GLVWB2_GRCGA1_GRCGB1_GRPM1_GRVW2_GSU1_GSUASB_GLS0_ISA942_IU1_K1_KLA_LBSPPA0_LBSPPB128_LPA0_LPB4_LDL1_LRVW2_LWPMn1_LDW0_FMA_MIAV1_MDA2_MO40_MMFSC_MKFGSU256_NTA0_NTB0_NTC3_NTD3_NEPBS4_NLCA1_NLCB1_ONLL1_OPLV0_PK0_PAP0_PGR2_PLR5_PKA0_SIA3_SLW1_SS1_SU0_SUM0_SUS0_SCIUI1_SPO1_SRVW0_SSO6_SVW2_SNLL0_TSGRA0_TSGRB0_TT2_32_TLDS1_UMLDSA0_UMLDSB1_U64SL1_USFGROn1_VAW1_VSn1_VW2_VWB1_VFLRP0_WSGRA0_WSGRB0_WS64_WG32_8_1_WGM6",23951,6448466099397544,6448466099404114,0,18432,256,1,1,4096,2,1
"KERNEL_DISPATCH",1,1,234619,238,978,"Cijk_Ailk_Bljk_DB_MT64x16x64_MI16x16x4x1_SN_1LDSB1_APM1_ABV0_ACED0_AF0EM1_AF1EM1_AMAS3_ASE_ASGT_ASLT1129_ASM_ASAE01_ASCE01_ASEM1_AAC0_BL1_BS1_CLR0_DTLA0_DTLB0_DTVA1_DTVB0_DVO0_ETB_EPS1_ELFLR0_EMLL0_FSSC10_FL0_GLVWA2_GLVWB2_GRCGA1_GRCGB1_GRPM1_GRVWn1_GSU1_GSUASB_GLS0_ISA942_IU1_K1_KLA_LBSPPA0_LBSPPB512_LPA0_LPB2_LDL1_LRVW1_LWPMn1_LDW0_FMA_MIAV1_MDA2_MO40_MMFSC_MKFGSU256_NTA0_NTB0_NTC0_NTD0_NEPBS4_NLCA2_NLCB1_ONLL1_OPLV0_PK0_PAP0_PGR2_PLR5_PKA0_SIA3_SLW1_SS1_SU0_SUM0_SUS0_SCIUI1_SPO0_SRVW0_SSO0_SVW2_SNLL0_TSGRA0_TSGRB0_TT4_16_TLDS1_UMLDSA0_UMLDSB1_U64SL1_USFGROn1_VAW1_VSn1_VW2_VWB1_VFLRP0_WSGRA0_WSGRB0_WS64_WG16_4_4_WGM1",23954,6448466099414530,6448466099423384,0,32768,256,1,1,4096,8,1
"KERNEL_DISPATCH",1,1,234619,239,1148,"Cijk_Ailk_Bljk_DB_MT64x64x16_MI16x16x4x1_SN_1LDSB1_APM1_ABV0_ACED0_AF0EM2_AF1EM2_AMAS3_ASE_ASGT_ASLT_ASM_ASAE01_ASCE01_ASEM2_AAC0_BL1_BS1_CLR0_DTLA0_DTLB0_DTVA0_DTVB0_DVO0_ETSP_EPS1_ELFLR0_EMLL0_FSSC10_FL0_GLVWA2_GLVWB2_GRCGA1_GRCGB1_GRPM1_GRVW2_GSU1_GSUASB_GLS0_ISA942_IU1_K1_KLA_LBSPPA0_LBSPPB128_LPA0_LPB4_LDL1_LRVW2_LWPMn1_LDW0_FMA_MIAV1_MDA2_MO40_MMFSC_MKFGSU256_NTA0_NTB0_NTC3_NTD3_NEPBS4_NLCA1_NLCB1_ONLL1_OPLV0_PK0_PAP0_PGR2_PLR5_PKA0_SIA3_SLW1_SS1_SU0_SUM0_SUS0_SCIUI1_SPO1_SRVW0_SSO6_SVW2_SNLL0_TSGRA0_TSGRB0_TT2_32_TLDS1_UMLDSA0_UMLDSB1_U64SL1_USFGROn1_VAW1_VSn1_VW2_VWB1_VFLRP0_WSGRA0_WSGRB0_WS64_WG32_8_1_WGM6",23957,6448466099439809,6448466099446539,0,18432,256,1,1,4096,2,1
"KERNEL_DISPATCH",1,1,234619,240,1434,"void rocblas_trtri_trsm_kernel<128, 16, 8, double, double const*, double*>(rocblas_fill_, rocblas_diagonal_, double const*, long, int, long, double*, long, long, int)",23961,6448466099450946,6448466099478669,0,8192,256,1,1,4096,1,1
"KERNEL_DISPATCH",1,1,234619,241,1356,"void rocblas_trtri_fill<128, double, double*>(_rocblas_handle*, rocblas_fill_, int, long, int, long, double*, long, long, int, int)",23966,6448466099478669,6448466099481914,0,0,128,1,1,32512,1,1
"KERNEL_DISPATCH",1,1,234619,242,860,"Cijk_Ailk_Bljk_DB_MT64x32x16_MI16x16x4x1_SN_1LDSB1_APM1_ABV0_ACED0_AF0EM2_AF1EM2_AMAS0_ASE_ASGT_ASLT_ASM_ASAE01_ASCE01_ASEM2_AAC0_BL1_BS1_CLR0_DTLA0_DTLB0_DTVA1_DTVB0_DVO0_ETSP_EPS1_ELFLR0_EMLL0_FSSC10_FL0_GLVWA1_GLVWB1_GRCGA1_GRCGB1_GRPM1_GRVW1_GSU1_GSUASB_GLS0_ISA942_IU1_K1_KLA_LBSPPA0_LBSPPB128_LPA0_LPB4_LDL1_LRVW2_LWPMn1_LDW0_FMA_MIAV1_MDA2_MO40_MMFSC_MKFGSU256_NTA0_NTB0_NTC3_NTD3_NEPBS0_NLCA1_NLCB1_ONLL1_OPLV0_PK0_PAP0_PGR2_PLR5_PKA0_SIA3_SLW1_SS1_SU0_SUM0_SUS0_SCIUI1_SPO1_SRVW0_SSO6_SVW1_SNLL0_TSGRA0_TSGRB0_TT1_32_TLDS1_UMLDSA0_UMLDSB1_U64SL1_USFGROn1_VAW1_VSn1_VW1_VWB1_VFLRP0_WSGRA0_WSGRB0_WS64_WG64_4_1_WGM12",23970,6448466099481914,6448466099486120,0,5120,256,1,1,256,1,4
"KERNEL_DISPATCH",1,1,234619,243,860,"Cijk_Ailk_Bljk_DB_MT64x32x16_MI16x16x4x1_SN_1LDSB1_APM1_ABV0_ACED0_AF0EM2_AF1EM2_AMAS0_ASE_ASGT_ASLT_ASM_ASAE01_ASCE01_ASEM2_AAC0_BL1_BS1_CLR0_DTLA0_DTLB0_DTVA1_DTVB0_DVO0_ETSP_EPS1_ELFLR0_EMLL0_FSSC10_FL0_GLVWA1_GLVWB1_GRCGA1_GRCGB1_GRPM1_GRVW1_GSU1_GSUASB_GLS0_ISA942_IU1_K1_KLA_LBSPPA0_LBSPPB128_LPA0_LPB4_LDL1_LRVW2_LWPMn1_LDW0_FMA_MIAV1_MDA2_MO40_MMFSC_MKFGSU256_NTA0_NTB0_NTC3_NTD3_NEPBS0_NLCA1_NLCB1_ONLL1_OPLV0_PK0_PAP0_PGR2_PLR5_PKA0_SIA3_SLW1_SS1_SU0_SUM0_SUS0_SCIUI1_SPO1_SRVW0_SSO6_SVW1_SNLL0_TSGRA0_TSGRB0_TT1_32_TLDS1_UMLDSA0_UMLDSB1_U64SL1_USFGROn1_VAW1_VSn1_VW1_VWB1_VFLRP0_WSGRA0_WSGRB0_WS64_WG64_4_1_WGM12",23973,6448466099494052,6448466099499541,0,5120,256,1,1,256,1,4
"KERNEL_DISPATCH",1,1,234619,244,860,"Cijk_Ailk_Bljk_DB_MT64x32x16_MI16x16x4x1_SN_1LDSB1_APM1_ABV0_ACED0_AF0EM2_AF1EM2_AMAS0_ASE_ASGT_ASLT_ASM_ASAE01_ASCE01_ASEM2_AAC0_BL1_BS1_CLR0_DTLA0_DTLB0_DTVA1_DTVB0_DVO0_ETSP_EPS1_ELFLR0_EMLL0_FSSC10_FL0_GLVWA1_GLVWB1_GRCGA1_GRCGB1_GRPM1_GRVW1_GSU1_GSUASB_GLS0_ISA942_IU1_K1_KLA_LBSPPA0_LBSPPB128_LPA0_LPB4_LDL1_LRVW2_LWPMn1_LDW0_FMA_MIAV1_MDA2_MO40_MMFSC_MKFGSU256_NTA0_NTB0_NTC3_NTD3_NEPBS0_NLCA1_NLCB1_ONLL1_OPLV0_PK0_PAP0_PGR2_PLR5_PKA0_SIA3_SLW1_SS1_SU0_SUM0_SUS0_SCIUI1_SPO1_SRVW0_SSO6_SVW1_SNLL0_TSGRA0_TSGRB0_TT1_32_TLDS1_UMLDSA0_UMLDSB1_U64SL1_USFGROn1_VAW1_VSn1_VW1_VWB1_VFLRP0_WSGRA0_WSGRB0_WS64_WG64_4_1_WGM12",23976,6448466099515846,6448466099520853,0,5120,256,1,1,256,1,4
"KERNEL_DISPATCH",1,1,234619,245,860,"Cijk_Ailk_Bljk_DB_MT64x32x16_MI16x16x4x1_SN_1LDSB1_APM1_ABV0_ACED0_AF0EM2_AF1EM2_AMAS0_ASE_ASGT_ASLT_ASM_ASAE01_ASCE01_ASEM2_AAC0_BL1_BS1_CLR0_DTLA0_DTLB0_DTVA1_DTVB0_DVO0_ETSP_EPS1_ELFLR0_EMLL0_FSSC10_FL0_GLVWA1_GLVWB1_GRCGA1_GRCGB1_GRPM1_GRVW1_GSU1_GSUASB_GLS0_ISA942_IU1_K1_KLA_LBSPPA0_LBSPPB128_LPA0_LPB4_LDL1_LRVW2_LWPMn1_LDW0_FMA_MIAV1_MDA2_MO40_MMFSC_MKFGSU256_NTA0_NTB0_NTC3_NTD3_NEPBS0_NLCA1_NLCB1_ONLL1_OPLV0_PK0_PAP0_PGR2_PLR5_PKA0_SIA3_SLW1_SS1_SU0_SUM0_SUS0_SCIUI1_SPO1_SRVW0_SSO6_SVW1_SNLL0_TSGRA0_TSGRB0_TT1_32_TLDS1_UMLDSA0_UMLDSB1_U64SL1_USFGROn1_VAW1_VSn1_VW1_VWB1_VFLRP0_WSGRA0_WSGRB0_WS64_WG64_4_1_WGM12",23979,6448466099545531,6448466099549737,0,5120,256,1,1,256,1,4
"KERNEL_DISPATCH",1,1,234619,246,757,"Cijk_Ailk_Bljk_DB_MT64x64x32_MI16x16x4x1_SN_1LDSB1_APM1_ABV0_ACED0_AF0EM2_AF1EM2_AMAS0_ASE_ASGT_ASLT_ASM_ASAE01_ASCE01_ASEM2_AAC0_BL1_BS1_CLR0_DTLA0_DTLB0_DTVA0_DTVB0_DVO0_ETSP_EPS1_ELFLR0_EMLL0_FSSC10_FL0_GLVWA1_GLVWB1_GRCGA1_GRCGB1_GRPM1_GRVW1_GSU1_GSUASB_GLS0_ISA942_IU1_K1_KLA_LBSPPA0_LBSPPB0_LPA0_LPB1_LDL1_LRVW1_LWPMn1_LDW0_FMA_MIAV1_MDA2_MO40_MMFSC_MKFGSU256_NTA0_NTB0_NTC3_NTD3_NEPBS0_NLCA1_NLCB1_ONLL1_OPLV0_PK0_PAP0_PGR2_PLR9_PKA0_SIA3_SLW1_SS1_SU0_SUM0_SUS0_SCIUI1_SPO1_SRVW0_SSO6_SVW1_SNLL0_TSGRA0_TSGRB0_TT2_32_TLDS0_UMLDSA0_UMLDSB0_U64SL1_USFGROn1_VAW1_VSn1_VW1_VWB1_VFLRP0_WSGRA0_WSGRB0_WS64_WG32_8_1_WGM6",23982,6448466099563158,6448466099569528,0,33024,256,1,1,256,1,4
"KERNEL_DISPATCH",1,1,234619,247,757,"Cijk_Ailk_Bljk_DB_MT64x64x32_MI16x16x4x1_SN_1LDSB1_APM1_ABV0_ACED0_AF0EM2_AF1EM2_AMAS0_ASE_ASGT_ASLT_ASM_ASAE01_ASCE01_ASEM2_AAC0_BL1_BS1_CLR0_DTLA0_DTLB0_DTVA0_DTVB0_DVO0_ETSP_EPS1_ELFLR0_EMLL0_FSSC10_FL0_GLVWA1_GLVWB1_GRCGA1_GRCGB1_GRPM1_GRVW1_GSU1_GSUASB_GLS0_ISA942_IU1_K1_KLA_LBSPPA0_LBSPPB0_LPA0_LPB1_LDL1_LRVW1_LWPMn1_LDW0_FMA_MIAV1_MDA2_MO40_MMFSC_MKFGSU256_NTA0_NTB0_NTC3_NTD3_NEPBS0_NLCA1_NLCB1_ONLL1_OPLV0_PK0_PAP0_PGR2_PLR9_PKA0_SIA3_SLW1_SS1_SU0_SUM0_SUS0_SCIUI1_SPO1_SRVW0_SSO6_SVW1_SNLL0_TSGRA0_TSGRB0_TT2_32_TLDS0_UMLDSA0_UMLDSB0_U64SL1_USFGROn1_VAW1_VSn1_VW1_VWB1_VFLRP0_WSGRA0_WSGRB0_WS64_WG32_8_1_WGM6",23985,6448466099581867,6448466099588717,0,33024,256,1,1,256,1,4
"KERNEL_DISPATCH",1,1,234619,248,1435,"void rocblas_copy_matrix_trsm<128, 8, double, double*, double*>(int, int, int, double*, int, long, double*, int, long, long, long, int)",23989,6448466099593645,6448466099597971,0,0,128,8,1,128,1024,1
"KERNEL_DISPATCH",1,1,234619,249,1148,"Cijk_Ailk_Bljk_DB_MT64x64x16_MI16x16x4x1_SN_1LDSB1_APM1_ABV0_ACED0_AF0EM2_AF1EM2_AMAS3_ASE_ASGT_ASLT_ASM_ASAE01_ASCE01_ASEM2_AAC0_BL1_BS1_CLR0_DTLA0_DTLB0_DTVA0_DTVB0_DVO0_ETSP_EPS1_ELFLR0_EMLL0_FSSC10_FL0_GLVWA2_GLVWB2_GRCGA1_GRCGB1_GRPM1_GRVW2_GSU1_GSUASB_GLS0_ISA942_IU1_K1_KLA_LBSPPA0_LBSPPB128_LPA0_LPB4_LDL1_LRVW2_LWPMn1_LDW0_FMA_MIAV1_MDA2_MO40_MMFSC_MKFGSU256_NTA0_NTB0_NTC3_NTD3_NEPBS4_NLCA1_NLCB1_ONLL1_OPLV0_PK0_PAP0_PGR2_PLR5_PKA0_SIA3_SLW1_SS1_SU0_SUM0_SUS0_SCIUI1_SPO1_SRVW0_SSO6_SVW2_SNLL0_TSGRA0_TSGRB0_TT2_32_TLDS1_UMLDSA0_UMLDSB1_U64SL1_USFGROn1_VAW1_VSn1_VW2_VWB1_VFLRP0_WSGRA0_WSGRB0_WS64_WG32_8_1_WGM6",23993,6448466099618483,6448466099625013,0,18432,256,1,1,512,16,1
"KERNEL_DISPATCH",1,1,234619,250,1148,"Cijk_Ailk_Bljk_DB_MT64x64x16_MI16x16x4x1_SN_1LDSB1_APM1_ABV0_ACED0_AF0EM2_AF1EM2_AMAS3_ASE_ASGT_ASLT_ASM_ASAE01_ASCE01_ASEM2_AAC0_BL1_BS1_CLR0_DTLA0_DTLB0_DTVA0_DTVB0_DVO0_ETSP_EPS1_ELFLR0_EMLL0_FSSC10_FL0_GLVWA2_GLVWB2_GRCGA1_GRCGB1_GRPM1_GRVW2_GSU1_GSUASB_GLS0_ISA942_IU1_K1_KLA_LBSPPA0_LBSPPB128_LPA0_LPB4_LDL1_LRVW2_LWPMn1_LDW0_FMA_MIAV1_MDA2_MO40_MMFSC_MKFGSU256_NTA0_NTB0_NTC3_NTD3_NEPBS4_NLCA1_NLCB1_ONLL1_OPLV0_PK0_PAP0_PGR2_PLR5_PKA0_SIA3_SLW1_SS1_SU0_SUM0_SUS0_SCIUI1_SPO1_SRVW0_SSO6_SVW2_SNLL0_TSGRA0_TSGRB0_TT2_32_TLDS1_UMLDSA0_UMLDSB1_U64SL1_USFGROn1_VAW1_VSn1_VW2_VWB1_VFLRP0_WSGRA0_WSGRB0_WS64_WG32_8_1_WGM6",23996,6448466099634187,6448466099641638,0,18432,256,1,1,512,16,1
"KERNEL_DISPATCH",1,1,234619,251,1148,"Cijk_Ailk_Bljk_DB_MT64x64x16_MI16x16x4x1_SN_1LDSB1_APM1_ABV0_ACED0_AF0EM2_AF1EM2_AMAS3_ASE_ASGT_ASLT_ASM_ASAE01_ASCE01_ASEM2_AAC0_BL1_BS1_CLR0_DTLA0_DTLB0_DTVA0_DTVB0_DVO0_ETSP_EPS1_ELFLR0_EMLL0_FSSC10_FL0_GLVWA2_GLVWB2_GRCGA1_GRCGB1_GRPM1_GRVW2_GSU1_GSUASB_GLS0_ISA942_IU1_K1_KLA_LBSPPA0_LBSPPB128_LPA0_LPB4_LDL1_LRVW2_LWPMn1_LDW0_FMA_MIAV1_MDA2_MO40_MMFSC_MKFGSU256_NTA0_NTB0_NTC3_NTD3_NEPBS4_NLCA1_NLCB1_ONLL1_OPLV0_PK0_PAP0_PGR2_PLR5_PKA0_SIA3_SLW1_SS1_SU0_SUM0_SUS0_SCIUI1_SPO1_SRVW0_SSO6_SVW2_SNLL0_TSGRA0_TSGRB0_TT2_32_TLDS1_UMLDSA0_UMLDSB1_U64SL1_USFGROn1_VAW1_VSn1_VW2_VWB1_VFLRP0_WSGRA0_WSGRB0_WS64_WG32_8_1_WGM6",23999,6448466099653497,6448466099660107,0,18432,256,1,1,512,16,1
"KERNEL_DISPATCH",1,1,234619,252,1148,"Cijk_Ailk_Bljk_DB_MT64x64x16_MI16x16x4x1_SN_1LDSB1_APM1_ABV0_ACED0_AF0EM2_AF1EM2_AMAS3_ASE_ASGT_ASLT_ASM_ASAE01_ASCE01_ASEM2_AAC0_BL1_BS1_CLR0_DTLA0_DTLB0_DTVA0_DTVB0_DVO0_ETSP_EPS1_ELFLR0_EMLL0_FSSC10_FL0_GLVWA2_GLVWB2_GRCGA1_GRCGB1_GRPM1_GRVW2_GSU1_GSUASB_GLS0_ISA942_IU1_K1_KLA_LBSPPA0_LBSPPB128_LPA0_LPB4_LDL1_LRVW2_LWPMn1_LDW0_FMA_MIAV1_MDA2_MO40_MMFSC_MKFGSU256_NTA0_NTB0_NTC3_NTD3_NEPBS4_NLCA1_NLCB1_ONLL1_OPLV0_PK0_PAP0_PGR2_PLR5_PKA0_SIA3_SLW1_SS1_SU0_SUM0_SUS0_SCIUI1_SPO1_SRVW0_SSO6_SVW2_SNLL0_TSGRA0_TSGRB0_TT2_32_TLDS1_UMLDSA0_UMLDSB1_U64SL1_USFGROn1_VAW1_VSn1_VW2_VWB1_VFLRP0_WSGRA0_WSGRB0_WS64_WG32_8_1_WGM6",24002,6448466099672726,6448466099683302,0,18432,256,1,1,512,16,1
"KERNEL_DISPATCH",1,1,234619,253,1148,"Cijk_Ailk_Bljk_DB_MT64x64x16_MI16x16x4x1_SN_1LDSB1_APM1_ABV0_ACED0_AF0EM2_AF1EM2_AMAS3_ASE_ASGT_ASLT_ASM_ASAE01_ASCE01_ASEM2_AAC0_BL1_BS1_CLR0_DTLA0_DTLB0_DTVA0_DTVB0_DVO0_ETSP_EPS1_ELFLR0_EMLL0_FSSC10_FL0_GLVWA2_GLVWB2_GRCGA1_GRCGB1_GRPM1_GRVW2_GSU1_GSUASB_GLS0_ISA942_IU1_K1_KLA_LBSPPA0_LBSPPB128_LPA0_LPB4_LDL1_LRVW2_LWPMn1_LDW0_FMA_MIAV1_MDA2_MO40_MMFSC_MKFGSU256_NTA0_NTB0_NTC3_NTD3_NEPBS4_NLCA1_NLCB1_ONLL1_OPLV0_PK0_PAP0_PGR2_PLR5_PKA0_SIA3_SLW1_SS1_SU0_SUM0_SUS0_SCIUI1_SPO1_SRVW0_SSO6_SVW2_SNLL0_TSGRA0_TSGRB0_TT2_32_TLDS1_UMLDSA0_UMLDSB1_U64SL1_USFGROn1_VAW1_VSn1_VW2_VWB1_VFLRP0_WSGRA0_WSGRB0_WS64_WG32_8_1_WGM6",24005,6448466099690634,6448466099697123,0,18432,256,1,1,512,16,1
"KERNEL_DISPATCH",1,1,234619,254,1108,"Cijk_Ailk_Bljk_DB_MT64x16x64_MI16x16x4x1_SN_1LDSB1_APM1_ABV0_ACED0_AF0EM1_AF1EM1_AMAS3_ASE_ASGT_ASLT0129_ASM_ASAE01_ASCE01_ASEM1_AAC0_BL1_BS1_CLR0_DTLA0_DTLB0_DTVA1_DTVB0_DVO0_ETB_EPS1_ELFLR0_EMLL0_FSSC10_FL0_GLVWA2_GLVWB2_GRCGA1_GRCGB1_GRPM1_GRVWn1_GSU1_GSUASB_GLS0_ISA942_IU1_K1_KLA_LBSPPA0_LBSPPB512_LPA0_LPB2_LDL1_LRVW1_LWPMn1_LDW0_FMA_MIAV1_MDA2_MO40_MMFSC_MKFGSU256_NTA0_NTB0_NTC0_NTD0_NEPBS4_NLCA2_NLCB1_ONLL1_OPLV0_PK0_PAP0_PGR2_PLR5_PKA0_SIA3_SLW1_SS1_SU0_SUM0_SUS0_SCIUI1_SPO0_SRVW0_SSO0_SVW2_SNLL0_TSGRA0_TSGRB0_TT4_16_TLDS1_UMLDSA0_UMLDSB1_U64SL1_USFGROn1_VAW1_VSn1_VW2_VWB1_VFLRP0_WSGRA0_WSGRB0_WS64_WG16_4_4_WGM1",24008,6448466099711265,6448466099719438,0,32768,256,1,1,512,64,1
"KERNEL_DISPATCH",1,1,234619,255,1148,"Cijk_Ailk_Bljk_DB_MT64x64x16_MI16x16x4x1_SN_1LDSB1_APM1_ABV0_ACED0_AF0EM2_AF1EM2_AMAS3_ASE_ASGT_ASLT_ASM_ASAE01_ASCE01_ASEM2_AAC0_BL1_BS1_CLR0_DTLA0_DTLB0_DTVA0_DTVB0_DVO0_ETSP_EPS1_ELFLR0_EMLL0_FSSC10_FL0_GLVWA2_GLVWB2_GRCGA1_GRCGB1_GRPM1_GRVW2_GSU1_GSUASB_GLS0_ISA942_IU1_K1_KLA_LBSPPA0_LBSPPB128_LPA0_LPB4_LDL1_LRVW2_LWPMn1_LDW0_FMA_MIAV1_MDA2_MO40_MMFSC_MKFGSU256_NTA0_NTB0_NTC3_NTD3_NEPBS4_NLCA1_NLCB1_ONLL1_OPLV0_PK0_PAP0_PGR2_PLR5_PKA0_SIA3_SLW1_SS1_SU0_SUM0_SUS0_SCIUI1_SPO1_SRVW0_SSO6_SVW2_SNLL0_TSGRA0_TSGRB0_TT2_32_TLDS1_UMLDSA0_UMLDSB1_U64SL1_USFGROn1_VAW1_VSn1_VW2_VWB1_VFLRP0_WSGRA0_WSGRB0_WS64_WG32_8_1_WGM6",24011,6448466099731536,6448466099738026,0,18432,256,1,1,512,16,1
"KERNEL_DISPATCH",1,1,234619,256,1220,"Cijk_Ailk_Bljk_DB_MT80x64x32_MI16x16x4x1_SN_1LDSB1_APM1_ABV0_ACED0_AF0EM1_AF1EM1_AMAS0_ASE_ASGT_ASLT_ASM_ASAE01_ASCE01_ASEM1_AAC0_BL1_BS1_CLR0_DTLA0_DTLB0_DTVA0_DTVB0_DVO0_ETB_EPS1_ELFLR0_EMLL0_FSSC10_FL0_GLVWA2_GLVWB2_GRCGA1_GRCGB1_GRPM1_GRVWn1_GSU1_GSUASB_GLS0_ISA942_IU1_K1_KLA_LBSPPA0_LBSPPB256_LPA0_LPB4_LDL1_LRVW2_LWPMn1_LDW0_FMA_MIAV1_MDA2_MO40_MMFSC_MKFGSU256_NTA0_NTB0_NTC0_NTD0_NEPBS4_NLCA5_NLCB1_ONLL1_OPLV0_PK0_PAP0_PGR2_PLR9_PKA0_SIA3_SLW1_SS1_SU0_SUM0_SUS0_SCIUI1_SPO0_SRVW0_SSO0_SVW1_SNLL0_TSGRA0_TSGRB0_TT5_16_TLDS1_UMLDSA0_UMLDSB1_U64SL1_USFGROn1_VAW1_VSn1_VW1_VWB1_VFLRP0_WSGRA0_WSGRB0_WS64_WG16_16_1_WGM1",24014,6448466099751727,6448466099780852,0,38912,256,1,1,3328,16,1
"KERNEL_DISPATCH",1,1,234619,257,78,"void rocsolver::v32802::getf2_npvt_small_kernel<16, double, int, int, double*>(int, double*, long, int, long, int*, int, int)",24017,6448466099780852,6448466099790106,0,136,512,1,1,512,1,1
"KERNEL_DISPATCH",1,1,234619,258,184,"void rocsolver::v32802::unit_forward_substitution_kernel<double, int, double*>(int, int, double*, int, int, long, long, double*, int, int, long, long)",24022,6448466099790106,6448466099799641,0,512,16,64,1,16,512,1
"KERNEL_DISPATCH",1,1,234619,260,78,"void rocsolver::v32802::getf2_npvt_small_kernel<16, double, int, int, double*>(int, double*, long, int, long, int*, int, int)",24028,6448466099805169,6448466099814784,0,136,496,1,1,496,1,1
"KERNEL_DISPATCH",1,1,234619,259,880,"Cijk_Ailk_Bljk_DB_MT64x32x32_MI16x16x4x1_SN_1LDSB1_APM1_ABV0_ACED0_AF0EM2_AF1EM2_AMAS3_ASE_ASGT_ASLT_ASM_ASAE01_ASCE01_ASEM2_AAC0_BL1_BS1_CLR0_DTLA0_DTLB0_DTVA0_DTVB0_DVO0_ETSP_EPS1_ELFLR0_EMLL0_FSSC10_FL0_GLVWA2_GLVWB2_GRCGA1_GRCGB1_GRPM1_GRVW2_GSU1_GSUASB_GLS0_ISA942_IU1_K1_KLA_LBSPPA0_LBSPPB256_LPA0_LPB4_LDL1_LRVW2_LWPMn1_LDW0_FMA_MIAV1_MDA2_MO40_MMFSC_MKFGSU256_NTA0_NTB0_NTC3_NTD3_NEPBS0_NLCA1_NLCB1_ONLL1_OPLV0_PK0_PAP0_PGR2_PLR9_PKA0_SIA3_SLW1_SS1_SU0_SUM0_SUS0_SCIUI1_SPO1_SRVW0_SSO6_SVW2_SNLL0_TSGRA0_TSGRB0_TT2_16_TLDS1_UMLDSA0_UMLDSB1_U64SL1_USFGROn1_VAW1_VSn1_VW2_VWB1_VFLRP0_WSGRA0_WSGRB0_WS64_WG32_8_1_WGM6",24025,6448466099799641,6448466099805169,0,25600,256,1,1,2048,16,1
"KERNEL_DISPATCH",1,1,234619,261,184,"void rocsolver::v32802::unit_forward_substitution_kernel<double, int, double*>(int, int, double*, int, int, long, long, double*, int, int, long, long)",24033,6448466099822275,6448466099832130,0,512,16,64,1,16,512,1
"KERNEL_DISPATCH",1,1,234619,262,880,"Cijk_Ailk_Bljk_DB_MT64x32x32_MI16x16x4x1_SN_1LDSB1_APM1_ABV0_ACED0_AF0EM2_AF1EM2_AMAS3_ASE_ASGT_ASLT_ASM_ASAE01_ASCE01_ASEM2_AAC0_BL1_BS1_CLR0_DTLA0_DTLB0_DTVA0_DTVB0_DVO0_ETSP_EPS1_ELFLR0_EMLL0_FSSC10_FL0_GLVWA2_GLVWB2_GRCGA1_GRCGB1_GRPM1_GRVW2_GSU1_GSUASB_GLS0_ISA942_IU1_K1_KLA_LBSPPA0_LBSPPB256_LPA0_LPB4_LDL1_LRVW2_LWPMn1_LDW0_FMA_MIAV1_MDA2_MO40_MMFSC_MKFGSU256_NTA0_NTB0_NTC3_NTD3_NEPBS0_NLCA1_NLCB1_ONLL1_OPLV0_PK0_PAP0_PGR2_PLR9_PKA0_SIA3_SLW1_SS1_SU0_SUM0_SUS0_SCIUI1_SPO1_SRVW0_SSO6_SVW2_SNLL0_TSGRA0_TSGRB0_TT2_16_TLDS1_UMLDSA0_UMLDSB1_U64SL1_USFGROn1_VAW1_VSn1_VW2_VWB1_VFLRP0_WSGRA0_WSGRB0_WS64_WG32_8_1_WGM6",24036,6448466099847794,6448466099852442,0,25600,256,1,1,2048,15,1
"KERNEL_DISPATCH",1,1,234619,263,78,"void rocsolver::v32802::getf2_npvt_small_kernel<16, double, int, int, double*>(int, double*, long, int, long, int*, int, int)",24039,6448466099858531,6448466099868827,0,136,480,1,1,480,1,1
"KERNEL_DISPATCH",1,1,234619,264,184,"void rocsolver::v32802::unit_forward_substitution_kernel<double, int, double*>(int, int, double*, int, int, long, long, double*, int, int, long, long)",24044,6448466099875437,6448466099885252,0,512,16,64,1,16,512,1
"KERNEL_DISPATCH",1,1,234619,265,880,"Cijk_Ailk_Bljk_DB_MT64x32x32_MI16x16x4x1_SN_1LDSB1_APM1_ABV0_ACED0_AF0EM2_AF1EM2_AMAS3_ASE_ASGT_ASLT_ASM_ASAE01_ASCE01_ASEM2_AAC0_BL1_BS1_CLR0_DTLA0_DTLB0_DTVA0_DTVB0_DVO0_ETSP_EPS1_ELFLR0_EMLL0_FSSC10_FL0_GLVWA2_GLVWB2_GRCGA1_GRCGB1_GRPM1_GRVW2_GSU1_GSUASB_GLS0_ISA942_IU1_K1_KLA_LBSPPA0_LBSPPB256_LPA0_LPB4_LDL1_LRVW2_LWPMn1_LDW0_FMA_MIAV1_MDA2_MO40_MMFSC_MKFGSU256_NTA0_NTB0_NTC3_NTD3_NEPBS0_NLCA1_NLCB1_ONLL1_OPLV0_PK0_PAP0_PGR2_PLR9_PKA0_SIA3_SLW1_SS1_SU0_SUM0_SUS0_SCIUI1_SPO1_SRVW0_SSO6_SVW2_SNLL0_TSGRA0_TSGRB0_TT2_16_TLDS1_UMLDSA0_UMLDSB1_U64SL1_USFGROn1_VAW1_VSn1_VW2_VWB1_VFLRP0_WSGRA0_WSGRB0_WS64_WG32_8_1_WGM6",24047,6448466099891301,6448466099895307,0,25600,256,1,1,2048,15,1
"KERNEL_DISPATCH",1,1,234619,266,78,"void rocsolver::v32802::getf2_npvt_small_kernel<16, double, int, int, double*>(int, double*, long, int, long, int*, int, int)",24050,6448466099904962,6448466099915258,0,136,464,1,1,464,1,1
"KERNEL_DISPATCH",1,1,234619,267,184,"void rocsolver::v32802::unit_forward_substitution_kernel<double, int, double*>(int, int, double*, int, int, long, long, double*, int, int, long, long)",24055,6448466099919725,6448466099929380,0,512,16,64,1,16,448,1
"KERNEL_DISPATCH",1,1,234619,268,880,"Cijk_Ailk_Bljk_DB_MT64x32x32_MI16x16x4x1_SN_1LDSB1_APM1_ABV0_ACED0_AF0EM2_AF1EM2_AMAS3_ASE_ASGT_ASLT_ASM_ASAE01_ASCE01_ASEM2_AAC0_BL1_BS1_CLR0_DTLA0_DTLB0_DTVA0_DTVB0_DVO0_ETSP_EPS1_ELFLR0_EMLL0_FSSC10_FL0_GLVWA2_GLVWB2_GRCGA1_GRCGB1_GRPM1_GRVW2_GSU1_GSUASB_GLS0_ISA942_IU1_K1_KLA_LBSPPA0_LBSPPB256_LPA0_LPB4_LDL1_LRVW2_LWPMn1_LDW0_FMA_MIAV1_MDA2_MO40_MMFSC_MKFGSU256_NTA0_NTB0_NTC3_NTD3_NEPBS0_NLCA1_NLCB1_ONLL1_OPLV0_PK0_PAP0_PGR2_PLR9_PKA0_SIA3_SLW1_SS1_SU0_SUM0_SUS0_SCIUI1_SPO1_SRVW0_SSO6_SVW2_SNLL0_TSGRA0_TSGRB0_TT2_16_TLDS1_UMLDSA0_UMLDSB1_U64SL1_USFGROn1_VAW1_VSn1_VW2_VWB1_VFLRP0_WSGRA0_WSGRB0_WS64_WG32_8_1_WGM6",24058,6448466099948108,6448466099952355,0,25600,256,1,1,1792,14,1
"KERNEL_DISPATCH",1,1,234619,269,78,"void rocsolver::v32802::getf2_npvt_small_kernel<16, double, int, int, double*>(int, double*, long, int, long, int*, int, int)",24061,6448466099958324,6448466099968059,0,136,448,1,1,448,1,1
"KERNEL_DISPATCH",1,1,234619,270,184,"void rocsolver::v32802::unit_forward_substitution_kernel<double, int, double*>(int, int, double*, int, int, long, long, double*, int, int, long, long)",24066,6448466099969852,6448466099979346,0,512,16,64,1,16,448,1
"KERNEL_DISPATCH",1,1,234619,271,880,"Cijk_Ailk_Bljk_DB_MT64x32x32_MI16x16x4x1_SN_1LDSB1_APM1_ABV0_ACED0_AF0EM2_AF1EM2_AMAS3_ASE_ASGT_ASLT_ASM_ASAE01_ASCE01_ASEM2_AAC0_BL1_BS1_CLR0_DTLA0_DTLB0_DTVA0_DTVB0_DVO0_ETSP_EPS1_ELFLR0_EMLL0_FSSC10_FL0_GLVWA2_GLVWB2_GRCGA1_GRCGB1_GRPM1_GRVW2_GSU1_GSUASB_GLS0_ISA942_IU1_K1_KLA_LBSPPA0_LBSPPB256_LPA0_LPB4_LDL1_LRVW2_LWPMn1_LDW0_FMA_MIAV1_MDA2_MO40_MMFSC_MKFGSU256_NTA0_NTB0_NTC3_NTD3_NEPBS0_NLCA1_NLCB1_ONLL1_OPLV0_PK0_PAP0_PGR2_PLR9_PKA0_SIA3_SLW1_SS1_SU0_SUM0_SUS0_SCIUI1_SPO1_SRVW0_SSO6_SVW2_SNLL0_TSGRA0_TSGRB0_TT2_16_TLDS1_UMLDSA0_UMLDSB1_U64SL1_USFGROn1_VAW1_VSn1_VW2_VWB1_VFLRP0_WSGRA0_WSGRB0_WS64_WG32_8_1_WGM6",24069,6448466099997103,6448466100001230,0,25600,256,1,1,1792,14,1
"KERNEL_DISPATCH",1,1,234619,272,78,"void rocsolver::v32802::getf2_npvt_small_kernel<16, double, int, int, double*>(int, double*, long, int, long, int*, int, int)",24072,6448466100013849,6448466100024145,0,136,432,1,1,432,1,1
"KERNEL_DISPATCH",1,1,234619,274,880,"Cijk_Ailk_Bljk_DB_MT64x32x32_MI16x16x4x1_SN_1LDSB1_APM1_ABV0_ACED0_AF0EM2_AF1EM2_AMAS3_ASE_ASGT_ASLT_ASM_ASAE01_ASCE01_ASEM2_AAC0_BL1_BS1_CLR0_DTLA0_DTLB0_DTVA0_DTVB0_DVO0_ETSP_EPS1_ELFLR0_EMLL0_FSSC10_FL0_GLVWA2_GLVWB2_GRCGA1_GRCGB1_GRPM1_GRVW2_GSU1_GSUASB_GLS0_ISA942_IU1_K1_KLA_LBSPPA0_LBSPPB256_LPA0_LPB4_LDL1_LRVW2_LWPMn1_LDW0_FMA_MIAV1_MDA2_MO40_MMFSC_MKFGSU256_NTA0_NTB0_NTC3_NTD3_NEPBS0_NLCA1_NLCB1_ONLL1_OPLV0_PK0_PAP0_PGR2_PLR9_PKA0_SIA3_SLW1_SS1_SU0_SUM0_SUS0_SCIUI1_SPO1_SRVW0_SSO6_SVW2_SNLL0_TSGRA0_TSGRB0_TT2_16_TLDS1_UMLDSA0_UMLDSB1_U64SL1_USFGROn1_VAW1_VSn1_VW2_VWB1_VFLRP0_WSGRA0_WSGRB0_WS64_WG32_8_1_WGM6",24080,6448466100042974,6448466100047100,0,25600,256,1,1,1792,13,1
"KERNEL_DISPATCH",1,1,234619,273,184,"void rocsolver::v32802::unit_forward_substitution_kernel<double, int, double*>(int, int, double*, int, int, long, long, double*, int, int, long, long)",24077,6448466100024145,6448466100033479,0,512,16,64,1,16,448,1
"KERNEL_DISPATCH",1,1,234619,275,78,"void rocsolver::v32802::getf2_npvt_small_kernel<16, double, int, int, double*>(int, double*, long, int, long, int*, int, int)",24083,6448466100058998,6448466100068733,0,136,416,1,1,416,1,1
"KERNEL_DISPATCH",1,1,234619,276,184,"void rocsolver::v32802::unit_forward_substitution_kernel<double, int, double*>(int, int, double*, int, int, long, long, double*, int, int, long, long)",24088,6448466100080351,6448466100089966,0,512,16,64,1,16,448,1
"KERNEL_DISPATCH",1,1,234619,277,880,"Cijk_Ailk_Bljk_DB_MT64x32x32_MI16x16x4x1_SN_1LDSB1_APM1_ABV0_ACED0_AF0EM2_AF1EM2_AMAS3_ASE_ASGT_ASLT_ASM_ASAE01_ASCE01_ASEM2_AAC0_BL1_BS1_CLR0_DTLA0_DTLB0_DTVA0_DTVB0_DVO0_ETSP_EPS1_ELFLR0_EMLL0_FSSC10_FL0_GLVWA2_GLVWB2_GRCGA1_GRCGB1_GRPM1_GRVW2_GSU1_GSUASB_GLS0_ISA942_IU1_K1_KLA_LBSPPA0_LBSPPB256_LPA0_LPB4_LDL1_LRVW2_LWPMn1_LDW0_FMA_MIAV1_MDA2_MO40_MMFSC_MKFGSU256_NTA0_NTB0_NTC3_NTD3_NEPBS0_NLCA1_NLCB1_ONLL1_OPLV0_PK0_PAP0_PGR2_PLR9_PKA0_SIA3_SLW1_SS1_SU0_SUM0_SUS0_SCIUI1_SPO1_SRVW0_SSO6_SVW2_SNLL0_TSGRA0_TSGRB0_TT2_16_TLDS1_UMLDSA0_UMLDSB1_U64SL1_USFGROn1_VAW1_VSn1_VW2_VWB1_VFLRP0_WSGRA0_WSGRB0_WS64_WG32_8_1_WGM6",24091,6448466100101423,6448466100105510,0,25600,256,1,1,1792,13,1
"KERNEL_DISPATCH",1,1,234619,278,78,"void rocsolver::v32802::getf2_npvt_small_kernel<16, double, int, int, double*>(int, double*, long, int, long, int*, int, int)",24094,6448466100114243,6448466100124459,0,136,400,1,1,400,1,1
"KERNEL_DISPATCH",1,1,234619,279,184,"void rocsolver::v32802::unit_forward_substitution_kernel<double, int, double*>(int, int, double*, int, int, long, long, double*, int, int, long, long)",24099,6448466100131990,6448466100141805,0,512,16,64,1,16,384,1
"KERNEL_DISPATCH",1,1,234619,280,880,"Cijk_Ailk_Bljk_DB_MT64x32x32_MI16x16x4x1_SN_1LDSB1_APM1_ABV0_ACED0_AF0EM2_AF1EM2_AMAS3_ASE_ASGT_ASLT_ASM_ASAE01_ASCE01_ASEM2_AAC0_BL1_BS1_CLR0_DTLA0_DTLB0_DTVA0_DTVB0_DVO0_ETSP_EPS1_ELFLR0_EMLL0_FSSC10_FL0_GLVWA2_GLVWB2_GRCGA1_GRCGB1_GRPM1_GRVW2_GSU1_GSUASB_GLS0_ISA942_IU1_K1_KLA_LBSPPA0_LBSPPB256_LPA0_LPB4_LDL1_LRVW2_LWPMn1_LDW0_FMA_MIAV1_MDA2_MO40_MMFSC_MKFGSU256_NTA0_NTB0_NTC3_NTD3_NEPBS0_NLCA1_NLCB1_ONLL1_OPLV0_PK0_PAP0_PGR2_PLR9_PKA0_SIA3_SLW1_SS1_SU0_SUM0_SUS0_SCIUI1_SPO1_SRVW0_SSO6_SVW2_SNLL0_TSGRA0_TSGRB0_TT2_16_TLDS1_UMLDSA0_UMLDSB1_U64SL1_USFGROn1_VAW1_VSn1_VW2_VWB1_VFLRP0_WSGRA0_WSGRB0_WS64_WG32_8_1_WGM6",24102,6448466100151260,6448466100155626,0,25600,256,1,1,1536,12,1
"KERNEL_DISPATCH",1,1,234619,281,78,"void rocsolver::v32802::getf2_npvt_small_kernel<16, double, int, int, double*>(int, double*, long, int, long, int*, int, int)",24105,6448466100163959,6448466100173133,0,136,384,1,1,384,1,1
"KERNEL_DISPATCH",1,1,234619,282,184,"void rocsolver::v32802::unit_forward_substitution_kernel<double, int, double*>(int, int, double*, int, int, long, long, double*, int, int, long, long)",24110,6448466100195447,6448466100204742,0,512,16,64,1,16,384,1
"KERNEL_DISPATCH",1,1,234619,283,1221,"Cijk_Ailk_Bljk_DB_MT128x64x16_MI16x16x4x1_SN_1LDSB1_APM1_ABV0_ACED0_AF0EM2_AF1EM2_AMAS3_ASE_ASGT_ASLT_ASM_ASAE01_ASCE01_ASEM2_AAC0_BL1_BS1_CLR0_DTLA0_DTLB0_DTVA1_DTVB0_DVO0_ETSP_EPS1_ELFLR0_EMLL0_FSSC10_FL0_GLVWA2_GLVWB2_GRCGA1_GRCGB1_GRPM1_GRVW2_GSU1_GSUASB_GLS0_ISA942_IU1_K1_KLA_LBSPPA0_LBSPPB0_LPA0_LPB2_LDL1_LRVW1_LWPMn1_LDW0_FMA_MIAV1_MDA2_MO40_MMFSC_MKFGSU256_NTA0_NTB0_NTC3_NTD3_NEPBS4_NLCA1_NLCB1_ONLL1_OPLV0_PK0_PAP0_PGR2_PLR1_PKA0_SIA3_SLW1_SS1_SU0_SUM0_SUS0_SCIUI1_SPO1_SRVW0_SSO6_SVW2_SNLL0_TSGRA0_TSGRB0_TT2_64_TLDS0_UMLDSA0_UMLDSB0_U64SL1_USFGROn1_VAW1_VSn1_VW2_VWB1_VFLRP0_WSGRA0_WSGRB0_WS64_WG64_4_1_WGM12",24113,6448466100212353,6448466100220366,0,8448,256,1,1,768,6,1
"KERNEL_DISPATCH",1,1,234619,284,78,"void rocsolver::v32802::getf2_npvt_small_kernel<16, double, int, int, double*>(int, double*, long, int, long, int*, int, int)",24116,6448466100221397,6448466100230331,0,136,368,1,1,368,1,1
"KERNEL_DISPATCH",1,1,234619,285,184,"void rocsolver::v32802::unit_forward_substitution_kernel<double, int, double*>(int, int, double*, int, int, long, long, double*, int, int, long, long)",24121,6448466100238674,6448466100248088,0,512,16,64,1,16,384,1
"KERNEL_DISPATCH",1,1,234619,286,1221,"Cijk_Ailk_Bljk_DB_MT128x64x16_MI16x16x4x1_SN_1LDSB1_APM1_ABV0_ACED0_AF0EM2_AF1EM2_AMAS3_ASE_ASGT_ASLT_ASM_ASAE01_ASCE01_ASEM2_AAC0_BL1_BS1_CLR0_DTLA0_DTLB0_DTVA1_DTVB0_DVO0_ETSP_EPS1_ELFLR0_EMLL0_FSSC10_FL0_GLVWA2_GLVWB2_GRCGA1_GRCGB1_GRPM1_GRVW2_GSU1_GSUASB_GLS0_ISA942_IU1_K1_KLA_LBSPPA0_LBSPPB0_LPA0_LPB2_LDL1_LRVW1_LWPMn1_LDW0_FMA_MIAV1_MDA2_MO40_MMFSC_MKFGSU256_NTA0_NTB0_NTC3_NTD3_NEPBS4_NLCA1_NLCB1_ONLL1_OPLV0_PK0_PAP0_PGR2_PLR1_PKA0_SIA3_SLW1_SS1_SU0_SUM0_SUS0_SCIUI1_SPO1_SRVW0_SSO6_SVW2_SNLL0_TSGRA0_TSGRB0_TT2_64_TLDS0_UMLDSA0_UMLDSB0_U64SL1_USFGROn1_VAW1_VSn1_VW2_VWB1_VFLRP0_WSGRA0_WSGRB0_WS64_WG64_4_1_WGM12",24124,6448466100256902,6448466100264513,0,8448,256,1,1,768,6,1
"KERNEL_DISPATCH",1,1,234619,287,78,"void rocsolver::v32802::getf2_npvt_small_kernel<16, double, int, int, double*>(int, double*, long, int, long, int*, int, int)",24127,6448466100265555,6448466100273728,0,136,352,1,1,352,1,1
"KERNEL_DISPATCH",1,1,234619,288,184,"void rocsolver::v32802::unit_forward_substitution_kernel<double, int, double*>(int, int, double*, int, int, long, long, double*, int, int, long, long)",24132,6448466100281620,6448466100290754,0,512,16,64,1,16,384,1
"KERNEL_DISPATCH",1,1,234619,289,1221,"Cijk_Ailk_Bljk_DB_MT128x64x16_MI16x16x4x1_SN_1LDSB1_APM1_ABV0_ACED0_AF0EM2_AF1EM2_AMAS3_ASE_ASGT_ASLT_ASM_ASAE01_ASCE01_ASEM2_AAC0_BL1_BS1_CLR0_DTLA0_DTLB0_DTVA1_DTVB0_DVO0_ETSP_EPS1_ELFLR0_EMLL0_FSSC10_FL0_GLVWA2_GLVWB2_GRCGA1_GRCGB1_GRPM1_GRVW2_GSU1_GSUASB_GLS0_ISA942_IU1_K1_KLA_LBSPPA0_LBSPPB0_LPA0_LPB2_LDL1_LRVW1_LWPMn1_LDW0_FMA_MIAV1_MDA2_MO40_MMFSC_MKFGSU256_NTA0_NTB0_NTC3_NTD3_NEPBS4_NLCA1_NLCB1_ONLL1_OPLV0_PK0_PAP0_PGR2_PLR1_PKA0_SIA3_SLW1_SS1_SU0_SUM0_SUS0_SCIUI1_SPO1_SRVW0_SSO6_SVW2_SNLL0_TSGRA0_TSGRB0_TT2_64_TLDS0_UMLDSA0_UMLDSB0_U64SL1_USFGROn1_VAW1_VSn1_VW2_VWB1_VFLRP0_WSGRA0_WSGRB0_WS64_WG64_4_1_WGM12",24135,6448466100303373,6448466100309703,0,8448,256,1,1,768,6,1
"KERNEL_DISPATCH",1,1,234619,290,78,"void rocsolver::v32802::getf2_npvt_small_kernel<16, double, int, int, double*>(int, double*, long, int, long, int*, int, int)",24138,6448466100314190,6448466100323444,0,136,336,1,1,336,1,1
"KERNEL_DISPATCH",1,1,234619,291,184,"void rocsolver::v32802::unit_forward_substitution_kernel<double, int, double*>(int, int, double*, int, int, long, long, double*, int, int, long, long)",24143,6448466100325517,6448466100334851,0,512,16,64,1,16,320,1
"KERNEL_DISPATCH",1,1,234619,292,1221,"Cijk_Ailk_Bljk_DB_MT128x64x16_MI16x16x4x1_SN_1LDSB1_APM1_ABV0_ACED0_AF0EM2_AF1EM2_AMAS3_ASE_ASGT_ASLT_ASM_ASAE01_ASCE01_ASEM2_AAC0_BL1_BS1_CLR0_DTLA0_DTLB0_DTVA1_DTVB0_DVO0_ETSP_EPS1_ELFLR0_EMLL0_FSSC10_FL0_GLVWA2_GLVWB2_GRCGA1_GRCGB1_GRPM1_GRVW2_GSU1_GSUASB_GLS0_ISA942_IU1_K1_KLA_LBSPPA0_LBSPPB0_LPA0_LPB2_LDL1_LRVW1_LWPMn1_LDW0_FMA_MIAV1_MDA2_MO40_MMFSC_MKFGSU256_NTA0_NTB0_NTC3_NTD3_NEPBS4_NLCA1_NLCB1_ONLL1_OPLV0_PK0_PAP0_PGR2_PLR1_PKA0_SIA3_SLW1_SS1_SU0_SUM0_SUS0_SCIUI1_SPO1_SRVW0_SSO6_SVW2_SNLL0_TSGRA0_TSGRB0_TT2_64_TLDS0_UMLDSA0_UMLDSB0_U64SL1_USFGROn1_VAW1_VSn1_VW2_VWB1_VFLRP0_WSGRA0_WSGRB0_WS64_WG64_4_1_WGM12",24146,6448466100356935,6448466100363585,0,8448,256,1,1,768,5,1
"KERNEL_DISPATCH",1,1,234619,293,78,"void rocsolver::v32802::getf2_npvt_small_kernel<16, double, int, int, double*>(int, double*, long, int, long, int*, int, int)",24149,6448466100365248,6448466100373861,0,136,320,1,1,320,1,1
"KERNEL_DISPATCH",1,1,234619,294,184,"void rocsolver::v32802::unit_forward_substitution_kernel<double, int, double*>(int, int, double*, int, int, long, long, double*, int, int, long, long)",24154,6448466100380010,6448466100388904,0,512,16,64,1,16,320,1
"KERNEL_DISPATCH",1,1,234619,295,1221,"Cijk_Ailk_Bljk_DB_MT128x64x16_MI16x16x4x1_SN_1LDSB1_APM1_ABV0_ACED0_AF0EM2_AF1EM2_AMAS3_ASE_ASGT_ASLT_ASM_ASAE01_ASCE01_ASEM2_AAC0_BL1_BS1_CLR0_DTLA0_DTLB0_DTVA1_DTVB0_DVO0_ETSP_EPS1_ELFLR0_EMLL0_FSSC10_FL0_GLVWA2_GLVWB2_GRCGA1_GRCGB1_GRPM1_GRVW2_GSU1_GSUASB_GLS0_ISA942_IU1_K1_KLA_LBSPPA0_LBSPPB0_LPA0_LPB2_LDL1_LRVW1_LWPMn1_LDW0_FMA_MIAV1_MDA2_MO40_MMFSC_MKFGSU256_NTA0_NTB0_NTC3_NTD3_NEPBS4_NLCA1_NLCB1_ONLL1_OPLV0_PK0_PAP0_PGR2_PLR1_PKA0_SIA3_SLW1_SS1_SU0_SUM0_SUS0_SCIUI1_SPO1_SRVW0_SSO6_SVW2_SNLL0_TSGRA0_TSGRB0_TT2_64_TLDS0_UMLDSA0_UMLDSB0_U64SL1_USFGROn1_VAW1_VSn1_VW2_VWB1_VFLRP0_WSGRA0_WSGRB0_WS64_WG64_4_1_WGM12",24157,6448466100399040,6448466100405369,0,8448,256,1,1,768,5,1
"KERNEL_DISPATCH",1,1,234619,296,78,"void rocsolver::v32802::getf2_npvt_small_kernel<16, double, int, int, double*>(int, double*, long, int, long, int*, int, int)",24160,6448466100414263,6448466100423157,0,136,304,1,1,304,1,1
"KERNEL_DISPATCH",1,1,234619,297,184,"void rocsolver::v32802::unit_forward_substitution_kernel<double, int, double*>(int, int, double*, int, int, long, long, double*, int, int, long, long)",24165,6448466100429086,6448466100438099,0,512,16,64,1,16,320,1
"KERNEL_DISPATCH",1,1,234619,298,1221,"Cijk_Ailk_Bljk_DB_MT128x64x16_MI16x16x4x1_SN_1LDSB1_APM1_ABV0_ACED0_AF0EM2_AF1EM2_AMAS3_ASE_ASGT_ASLT_ASM_ASAE01_ASCE01_ASEM2_AAC0_BL1_BS1_CLR0_DTLA0_DTLB0_DTVA1_DTVB0_DVO0_ETSP_EPS1_ELFLR0_EMLL0_FSSC10_FL0_GLVWA2_GLVWB2_GRCGA1_GRCGB1_GRPM1_GRVW2_GSU1_GSUASB_GLS0_ISA942_IU1_K1_KLA_LBSPPA0_LBSPPB0_LPA0_LPB2_LDL1_LRVW1_LWPMn1_LDW0_FMA_MIAV1_MDA2_MO40_MMFSC_MKFGSU256_NTA0_NTB0_NTC3_NTD3_NEPBS4_NLCA1_NLCB1_ONLL1_OPLV0_PK0_PAP0_PGR2_PLR1_PKA0_SIA3_SLW1_SS1_SU0_SUM0_SUS0_SCIUI1_SPO1_SRVW0_SSO6_SVW2_SNLL0_TSGRA0_TSGRB0_TT2_64_TLDS0_UMLDSA0_UMLDSB0_U64SL1_USFGROn1_VAW1_VSn1_VW2_VWB1_VFLRP0_WSGRA0_WSGRB0_WS64_WG64_4_1_WGM12",24168,6448466100470629,6448466100476999,0,8448,256,1,1,768,5,1
"KERNEL_DISPATCH",1,1,234619,299,78,"void rocsolver::v32802::getf2_npvt_small_kernel<16, double, int, int, double*>(int, double*, long, int, long, int*, int, int)",24171,6448466100479203,6448466100488457,0,136,288,1,1,288,1,1
"KERNEL_DISPATCH",1,1,234619,300,184,"void rocsolver::v32802::unit_forward_substitution_kernel<double, int, double*>(int, int, double*, int, int, long, long, double*, int, int, long, long)",24176,6448466100488457,6448466100497310,0,512,16,64,1,16,320,1
"KERNEL_DISPATCH",1,1,234619,301,874,"Cijk_Ailk_Bljk_DB_MT64x64x16_MI16x16x4x1_SN_1LDSB1_APM1_ABV0_ACED0_AF0EM2_AF1EM2_AMAS3_ASE_ASGT_ASLT_ASM_ASAE01_ASCE01_ASEM2_AAC0_BL1_BS1_CLR0_DTLA0_DTLB0_DTVA0_DTVB0_DVO0_ETSP_EPS1_ELFLR0_EMLL0_FSSC10_FL0_GLVWA2_GLVWB2_GRCGA1_GRCGB1_GRPM1_GRVW2_GSU1_GSUASB_GLS0_ISA942_IU1_K1_KLA_LBSPPA0_LBSPPB128_LPA0_LPB2_LDL1_LRVW1_LWPMn1_LDW0_FMA_MIAV1_MDA2_MO40_MMFSC_MKFGSU256_NTA0_NTB0_NTC3_NTD3_NEPBS4_NLCA1_NLCB1_ONLL1_OPLV0_PK0_PAP0_PGR2_PLR5_PKA0_SIA3_SLW1_SS1_SU0_SUM0_SUS0_SCIUI1_SPO1_SRVW0_SSO6_SVW2_SNLL0_TSGRA0_TSGRB0_TT2_32_TLDS1_UMLDSA0_UMLDSB1_U64SL1_USFGROn1_VAW1_VSn1_VW2_VWB1_VFLRP0_WSGRA0_WSGRB0_WS64_WG32_8_1_WGM6",24179,6448466100511732,6448466100516500,0,17408,256,1,1,1280,5,1
"KERNEL_DISPATCH",1,1,234619,302,78,"void rocsolver::v32802::getf2_npvt_small_kernel<16, double, int, int, double*>(int, double*, long, int, long, int*, int, int)",24182,6448466100524832,6448466100533486,0,136,272,1,1,272,1,1
"KERNEL_DISPATCH",1,1,234619,303,184,"void rocsolver::v32802::unit_forward_substitution_kernel<double, int, double*>(int, int, double*, int, int, long, long, double*, int, int, long, long)",24187,6448466100541979,6448466100551553,0,512,16,64,1,16,256,1
"KERNEL_DISPATCH",1,1,234619,304,874,"Cijk_Ailk_Bljk_DB_MT64x64x16_MI16x16x4x1_SN_1LDSB1_APM1_ABV0_ACED0_AF0EM2_AF1EM2_AMAS3_ASE_ASGT_ASLT_ASM_ASAE01_ASCE01_ASEM2_AAC0_BL1_BS1_CLR0_DTLA0_DTLB0_DTVA0_DTVB0_DVO0_ETSP_EPS1_ELFLR0_EMLL0_FSSC10_FL0_GLVWA2_GLVWB2_GRCGA1_GRCGB1_GRPM1_GRVW2_GSU1_GSUASB_GLS0_ISA942_IU1_K1_KLA_LBSPPA0_LBSPPB128_LPA0_LPB2_LDL1_LRVW1_LWPMn1_LDW0_FMA_MIAV1_MDA2_MO40_MMFSC_MKFGSU256_NTA0_NTB0_NTC3_NTD3_NEPBS4_NLCA1_NLCB1_ONLL1_OPLV0_PK0_PAP0_PGR2_PLR5_PKA0_SIA3_SLW1_SS1_SU0_SUM0_SUS0_SCIUI1_SPO1_SRVW0_SSO6_SVW2_SNLL0_TSGRA0_TSGRB0_TT2_32_TLDS1_UMLDSA0_UMLDSB1_U64SL1_USFGROn1_VAW1_VSn1_VW2_VWB1_VFLRP0_WSGRA0_WSGRB0_WS64_WG32_8_1_WGM6",24190,6448466100564814,6448466100569100,0,17408,256,1,1,1024,4,1
"KERNEL_DISPATCH",1,1,234619,305,78,"void rocsolver::v32802::getf2_npvt_small_kernel<16, double, int, int, double*>(int, double*, long, int, long, int*, int, int)",24193,6448466100576952,6448466100584965,0,136,256,1,1,256,1,1
"KERNEL_DISPATCH",1,1,234619,306,184,"void rocsolver::v32802::unit_forward_substitution_kernel<double, int, double*>(int, int, double*, int, int, long, long, double*, int, int, long, long)",24198,6448466100595821,6448466100604995,0,512,16,64,1,16,256,1
"KERNEL_DISPATCH",1,1,234619,307,874,"Cijk_Ailk_Bljk_DB_MT64x64x16_MI16x16x4x1_SN_1LDSB1_APM1_ABV0_ACED0_AF0EM2_AF1EM2_AMAS3_ASE_ASGT_ASLT_ASM_ASAE01_ASCE01_ASEM2_AAC0_BL1_BS1_CLR0_DTLA0_DTLB0_DTVA0_DTVB0_DVO0_ETSP_EPS1_ELFLR0_EMLL0_FSSC10_FL0_GLVWA2_GLVWB2_GRCGA1_GRCGB1_GRPM1_GRVW2_GSU1_GSUASB_GLS0_ISA942_IU1_K1_KLA_LBSPPA0_LBSPPB128_LPA0_LPB2_LDL1_LRVW1_LWPMn1_LDW0_FMA_MIAV1_MDA2_MO40_MMFSC_MKFGSU256_NTA0_NTB0_NTC3_NTD3_NEPBS4_NLCA1_NLCB1_ONLL1_OPLV0_PK0_PAP0_PGR2_PLR5_PKA0_SIA3_SLW1_SS1_SU0_SUM0_SUS0_SCIUI1_SPO1_SRVW0_SSO6_SVW2_SNLL0_TSGRA0_TSGRB0_TT2_32_TLDS1_UMLDSA0_UMLDSB1_U64SL1_USFGROn1_VAW1_VSn1_VW2_VWB1_VFLRP0_WSGRA0_WSGRB0_WS64_WG32_8_1_WGM6",24201,6448466100617014,6448466100623183,0,17408,256,1,1,1024,4,1
"KERNEL_DISPATCH",1,1,234619,308,78,"void rocsolver::v32802::getf2_npvt_small_kernel<16, double, int, int, double*>(int, double*, long, int, long, int*, int, int)",24204,6448466100629233,6448466100637365,0,136,240,1,1,240,1,1
"KERNEL_DISPATCH",1,1,234619,309,184,"void rocsolver::v32802::unit_forward_substitution_kernel<double, int, double*>(int, int, double*, int, int, long, long, double*, int, int, long, long)",24209,6448466100639248,6448466100647661,0,512,16,64,1,16,256,1
"KERNEL_DISPATCH",1,1,234619,310,874,"Cijk_Ailk_Bljk_DB_MT64x64x16_MI16x16x4x1_SN_1LDSB1_APM1_ABV0_ACED0_AF0EM2_AF1EM2_AMAS3_ASE_ASGT_ASLT_ASM_ASAE01_ASCE01_ASEM2_AAC0_BL1_BS1_CLR0_DTLA0_DTLB0_DTVA0_DTVB0_DVO0_ETSP_EPS1_ELFLR0_EMLL0_FSSC10_FL0_GLVWA2_GLVWB2_GRCGA1_GRCGB1_GRPM1_GRVW2_GSU1_GSUASB_GLS0_ISA942_IU1_K1_KLA_LBSPPA0_LBSPPB128_LPA0_LPB2_LDL1_LRVW1_LWPMn1_LDW0_FMA_MIAV1_MDA2_MO40_MMFSC_MKFGSU256_NTA0_NTB0_NTC3_NTD3_NEPBS4_NLCA1_NLCB1_ONLL1_OPLV0_PK0_PAP0_PGR2_PLR5_PKA0_SIA3_SLW1_SS1_SU0_SUM0_SUS0_SCIUI1_SPO1_SRVW0_SSO6_SVW2_SNLL0_TSGRA0_TSGRB0_TT2_32_TLDS1_UMLDSA0_UMLDSB1_U64SL1_USFGROn1_VAW1_VSn1_VW2_VWB1_VFLRP0_WSGRA0_WSGRB0_WS64_WG32_8_1_WGM6",24212,6448466100664727,6448466100669414,0,17408,256,1,1,1024,4,1
"KERNEL_DISPATCH",1,1,234619,311,78,"void rocsolver::v32802::getf2_npvt_small_kernel<16, double, int, int, double*>(int, double*, long, int, long, int*, int, int)",24215,6448466100678067,6448466100686200,0,136,224,1,1,224,1,1
"KERNEL_DISPATCH",1,1,234619,312,184,"void rocsolver::v32802::unit_forward_substitution_kernel<double, int, double*>(int, int, double*, int, int, long, long, double*, int, int, long, long)",24220,6448466100693010,6448466100702264,0,512,16,64,1,16,256,1
"KERNEL_DISPATCH",1,1,234619,313,874,"Cijk_Ailk_Bljk_DB_MT64x64x16_MI16x16x4x1_SN_1LDSB1_APM1_ABV0_ACED0_AF0EM2_AF1EM2_AMAS3_ASE_ASGT_ASLT_ASM_ASAE01_ASCE01_ASEM2_AAC0_BL1_BS1_CLR0_DTLA0_DTLB0_DTVA0_DTVB0_DVO0_ETSP_EPS1_ELFLR0_EMLL0_FSSC10_FL0_GLVWA2_GLVWB2_GRCGA1_GRCGB1_GRPM1_GRVW2_GSU1_GSUASB_GLS0_ISA942_IU1_K1_KLA_LBSPPA0_LBSPPB128_LPA0_LPB2_LDL1_LRVW1_LWPMn1_LDW0_FMA_MIAV1_MDA2_MO40_MMFSC_MKFGSU256_NTA0_NTB0_NTC3_NTD3_NEPBS4_NLCA1_NLCB1_ONLL1_OPLV0_PK0_PAP0_PGR2_PLR5_PKA0_SIA3_SLW1_SS1_SU0_SUM0_SUS0_SCIUI1_SPO1_SRVW0_SSO6_SVW2_SNLL0_TSGRA0_TSGRB0_TT2_32_TLDS1_UMLDSA0_UMLDSB1_U64SL1_USFGROn1_VAW1_VSn1_VW2_VWB1_VFLRP0_WSGRA0_WSGRB0_WS64_WG32_8_1_WGM6",24223,6448466100719090,6448466100724338,0,17408,256,1,1,1024,4,1
"KERNEL_DISPATCH",1,1,234619,314,78,"void rocsolver::v32802::getf2_npvt_small_kernel<16, double, int, int, double*>(int, double*, long, int, long, int*, int, int)",24226,6448466100729226,6448466100737519,0,136,208,1,1,208,1,1
"KERNEL_DISPATCH",1,1,234619,315,184,"void rocsolver::v32802::unit_forward_substitution_kernel<double, int, double*>(int, int, double*, int, int, long, long, double*, int, int, long, long)",24231,6448466100738539,6448466100747714,0,512,16,64,1,16,192,1
"KERNEL_DISPATCH",1,1,234619,316,874,"Cijk_Ailk_Bljk_DB_MT64x64x16_MI16x16x4x1_SN_1LDSB1_APM1_ABV0_ACED0_AF0EM2_AF1EM2_AMAS3_ASE_ASGT_ASLT_ASM_ASAE01_ASCE01_ASEM2_AAC0_BL1_BS1_CLR0_DTLA0_DTLB0_DTVA0_DTVB0_DVO0_ETSP_EPS1_ELFLR0_EMLL0_FSSC10_FL0_GLVWA2_GLVWB2_GRCGA1_GRCGB1_GRPM1_GRVW2_GSU1_GSUASB_GLS0_ISA942_IU1_K1_KLA_LBSPPA0_LBSPPB128_LPA0_LPB2_LDL1_LRVW1_LWPMn1_LDW0_FMA_MIAV1_MDA2_MO40_MMFSC_MKFGSU256_NTA0_NTB0_NTC3_NTD3_NEPBS4_NLCA1_NLCB1_ONLL1_OPLV0_PK0_PAP0_PGR2_PLR5_PKA0_SIA3_SLW1_SS1_SU0_SUM0_SUS0_SCIUI1_SPO1_SRVW0_SSO6_SVW2_SNLL0_TSGRA0_TSGRB0_TT2_32_TLDS1_UMLDSA0_UMLDSB1_U64SL1_USFGROn1_VAW1_VSn1_VW2_VWB1_VFLRP0_WSGRA0_WSGRB0_WS64_WG32_8_1_WGM6",24234,6448466100765161,6448466100769568,0,17408,256,1,1,768,3,1
"KERNEL_DISPATCH",1,1,234619,317,78,"void rocsolver::v32802::getf2_npvt_small_kernel<16, double, int, int, double*>(int, double*, long, int, long, int*, int, int)",24237,6448466100774615,6448466100782748,0,136,192,1,1,192,1,1
"KERNEL_DISPATCH",1,1,234619,318,184,"void rocsolver::v32802::unit_forward_substitution_kernel<double, int, double*>(int, int, double*, int, int, long, long, double*, int, int, long, long)",24242,6448466100784471,6448466100793645,0,512,16,64,1,16,192,1
"KERNEL_DISPATCH",1,1,234619,319,848,"Cijk_Ailk_Bljk_DB_MT128x64x16_MI16x16x4x1_SN_1LDSB1_APM1_ABV0_ACED0_AF0EM2_AF1EM2_AMAS3_ASE_ASGT_ASLT_ASM_ASAE01_ASCE01_ASEM2_AAC0_BL1_BS1_CLR0_DTLA0_DTLB0_DTVA1_DTVB0_DVO0_ETSP_EPS1_ELFLR0_EMLL0_FSSC10_FL0_GLVWA2_GLVWB2_GRCGA1_GRCGB1_GRPM1_GRVW2_GSU1_GSUASB_GLS0_ISA942_IU1_K1_KLA_LBSPPA0_LBSPPB0_LPA0_LPB2_LDL1_LRVW1_LWPMn1_LDW0_FMA_MIAV1_MDA2_MO40_MMFSC_MKFGSU256_NTA0_NTB0_NTC3_NTD3_NEPBS4_NLCA1_NLCB1_ONLL1_OPLV0_PK0_PAP0_PGR2_PLR5_PKA0_SIA3_SLW1_SS1_SU0_SUM0_SUS0_SCIUI1_SPO1_SRVW0_SSO6_SVW2_SNLL0_TSGRA0_TSGRB0_TT2_64_TLDS0_UMLDSA0_UMLDSB0_U64SL1_USFGROn1_VAW1_VSn1_VW2_VWB1_VFLRP0_WSGRA0_WSGRB0_WS64_WG64_4_1_WGM6",24245,6448466100809749,6448466100820045,0,8448,256,1,1,512,3,1
"KERNEL_DISPATCH",1,1,234619,320,78,"void rocsolver::v32802::getf2_npvt_small_kernel<16, double, int, int, double*>(int, double*, long, int, long, int*, int, int)",24248,6448466100821968,6448466100829900,0,136,176,1,1,176,1,1
"KERNEL_DISPATCH",1,1,234619,321,184,"void rocsolver::v32802::unit_forward_substitution_kernel<double, int, double*>(int, int, double*, int, int, long, long, double*, int, int, long, long)",24253,6448466100831823,6448466100840436,0,512,16,64,1,16,192,1
"KERNEL_DISPATCH",1,1,234619,322,848,"Cijk_Ailk_Bljk_DB_MT128x64x16_MI16x16x4x1_SN_1LDSB1_APM1_ABV0_ACED0_AF0EM2_AF1EM2_AMAS3_ASE_ASGT_ASLT_ASM_ASAE01_ASCE01_ASEM2_AAC0_BL1_BS1_CLR0_DTLA0_DTLB0_DTVA1_DTVB0_DVO0_ETSP_EPS1_ELFLR0_EMLL0_FSSC10_FL0_GLVWA2_GLVWB2_GRCGA1_GRCGB1_GRPM1_GRVW2_GSU1_GSUASB_GLS0_ISA942_IU1_K1_KLA_LBSPPA0_LBSPPB0_LPA0_LPB2_LDL1_LRVW1_LWPMn1_LDW0_FMA_MIAV1_MDA2_MO40_MMFSC_MKFGSU256_NTA0_NTB0_NTC3_NTD3_NEPBS4_NLCA1_NLCB1_ONLL1_OPLV0_PK0_PAP0_PGR2_PLR5_PKA0_SIA3_SLW1_SS1_SU0_SUM0_SUS0_SCIUI1_SPO1_SRVW0_SSO6_SVW2_SNLL0_TSGRA0_TSGRB0_TT2_64_TLDS0_UMLDSA0_UMLDSB0_U64SL1_USFGROn1_VAW1_VSn1_VW2_VWB1_VFLRP0_WSGRA0_WSGRB0_WS64_WG64_4_1_WGM6",24256,6448466100864644,6448466100872335,0,8448,256,1,1,512,3,1
"KERNEL_DISPATCH",1,1,234619,323,78,"void rocsolver::v32802::getf2_npvt_small_kernel<16, double, int, int, double*>(int, double*, long, int, long, int*, int, int)",24259,6448466100873086,6448466100880778,0,136,160,1,1,160,1,1
"KERNEL_DISPATCH",1,1,234619,324,184,"void rocsolver::v32802::unit_forward_substitution_kernel<double, int, double*>(int, int, double*, int, int, long, long, double*, int, int, long, long)",24264,6448466100884624,6448466100893878,0,512,16,64,1,16,192,1
"KERNEL_DISPATCH",1,1,234619,325,740,"Cijk_Ailk_Bljk_DB_MT128x64x16_MI16x16x4x1_SN_1LDSB1_APM1_ABV0_ACED0_AF0EM2_AF1EM2_AMAS3_ASE_ASGT_ASLT_ASM_ASAE01_ASCE01_ASEM2_AAC0_BL1_BS1_CLR0_DTLA0_DTLB0_DTVA0_DTVB0_DVO0_ETSP_EPS1_ELFLR0_EMLL0_FSSC10_FL0_GLVWA2_GLVWB2_GRCGA1_GRCGB1_GRPM1_GRVW2_GSU1_GSUASB_GLS0_ISA942_IU1_K1_KLA_LBSPPA0_LBSPPB0_LPA0_LPB2_LDL1_LRVW1_LWPMn1_LDW0_FMA_MIAV1_MDA2_MO40_MMFSC_MKFGSU256_NTA0_NTB0_NTC3_NTD3_NEPBS0_NLCA1_NLCB1_ONLL1_OPLV0_PK0_PAP0_PGR2_PLR5_PKA0_SIA3_SLW1_SS1_SU0_SUM0_SUS0_SCIUI1_SPO1_SRVW0_SSO6_SVW2_SNLL0_TSGRA0_TSGRB0_TT2_64_TLDS0_UMLDSA0_UMLDSB0_U64SL1_USFGROn1_VAW1_VSn1_VW2_VWB1_VFLRP0_WSGRA0_WSGRB0_WS64_WG64_4_1_WGM6",24267,6448466100921400,6448466100930975,0,24832,256,1,1,512,3,1
"KERNEL_DISPATCH",1,1,234619,326,78,"void rocsolver::v32802::getf2_npvt_small_kernel<16, double, int, int, double*>(int, double*, long, int, long, int*, int, int)",24270,6448466100930975,6448466100939027,0,136,144,1,1,144,1,1
"KERNEL_DISPATCH",1,1,234619,327,184,"void rocsolver::v32802::unit_forward_substitution_kernel<double, int, double*>(int, int, double*, int, int, long, long, double*, int, int, long, long)",24275,6448466100939027,6448466100947761,0,512,16,64,1,16,128,1
"KERNEL_DISPATCH",1,1,234619,328,740,"Cijk_Ailk_Bljk_DB_MT128x64x16_MI16x16x4x1_SN_1LDSB1_APM1_ABV0_ACED0_AF0EM2_AF1EM2_AMAS3_ASE_ASGT_ASLT_ASM_ASAE01_ASCE01_ASEM2_AAC0_BL1_BS1_CLR0_DTLA0_DTLB0_DTVA0_DTVB0_DVO0_ETSP_EPS1_ELFLR0_EMLL0_FSSC10_FL0_GLVWA2_GLVWB2_GRCGA1_GRCGB1_GRPM1_GRVW2_GSU1_GSUASB_GLS0_ISA942_IU1_K1_KLA_LBSPPA0_LBSPPB0_LPA0_LPB2_LDL1_LRVW1_LWPMn1_LDW0_FMA_MIAV1_MDA2_MO40_MMFSC_MKFGSU256_NTA0_NTB0_NTC3_NTD3_NEPBS0_NLCA1_NLCB1_ONLL1_OPLV0_PK0_PAP0_PGR2_PLR5_PKA0_SIA3_SLW1_SS1_SU0_SUM0_SUS0_SCIUI1_SPO1_SRVW0_SSO6_SVW2_SNLL0_TSGRA0_TSGRB0_TT2_64_TLDS0_UMLDSA0_UMLDSB0_U64SL1_USFGROn1_VAW1_VSn1_VW2_VWB1_VFLRP0_WSGRA0_WSGRB0_WS64_WG64_4_1_WGM6",24278,6448466100955693,6448466100961021,0,24832,256,1,1,256,2,1
"KERNEL_DISPATCH",1,1,234619,329,78,"void rocsolver::v32802::getf2_npvt_small_kernel<16, double, int, int, double*>(int, double*, long, int, long, int*, int, int)",24281,6448466100971597,6448466100979730,0,136,128,1,1,128,1,1
"KERNEL_DISPATCH",1,1,234619,330,184,"void rocsolver::v32802::unit_forward_substitution_kernel<double, int, double*>(int, int, double*, int, int, long, long, double*, int, int, long, long)",24286,6448466100986260,6448466100996275,0,512,16,64,1,16,128,1
"KERNEL_DISPATCH",1,1,234619,331,1000,"Cijk_Ailk_Bljk_DB_MT128x64x16_MI16x16x4x1_SN_1LDSB1_APM1_ABV0_ACED0_AF0EM2_AF1EM2_AMAS3_ASE_ASGT_ASLT_ASM_ASAE01_ASCE01_ASEM2_AAC0_BL1_BS1_CLR0_DTLA0_DTLB0_DTVA0_DTVB0_DVO0_ETSP_EPS1_ELFLR0_EMLL0_FSSC10_FL0_GLVWA2_GLVWB2_GRCGA1_GRCGB1_GRPM1_GRVW2_GSU1_GSUASB_GLS0_ISA942_IU1_K1_KLA_LBSPPA0_LBSPPB0_LPA0_LPB2_LDL1_LRVW1_LWPMn1_LDW0_FMA_MIAV1_MDA2_MO40_MMFSC_MKFGSU256_NTA0_NTB0_NTC3_NTD3_NEPBS0_NLCA1_NLCB1_ONLL1_OPLV0_PK0_PAP0_PGR2_PLR1_PKA0_SIA3_SLW1_SS1_SU0_SUM0_SUS0_SCIUI1_SPO1_SRVW0_SSO6_SVW2_SNLL0_TSGRA0_TSGRB0_TT2_64_TLDS0_UMLDSA0_UMLDSB0_U64SL1_USFGROn1_VAW1_VSn1_VW2_VWB1_VFLRP0_WSGRA0_WSGRB0_WS64_WG64_4_1_WGM6",24289,6448466101002725,6448466101012100,0,24832,256,1,1,256,2,1
"KERNEL_DISPATCH",1,1,234619,332,78,"void rocsolver::v32802::getf2_npvt_small_kernel<16, double, int, int, double*>(int, double*, long, int, long, int*, int, int)",24292,6448466101019190,6448466101027002,0,136,112,1,1,112,1,1
"KERNEL_DISPATCH",1,1,234619,333,184,"void rocsolver::v32802::unit_forward_substitution_kernel<double, int, double*>(int, int, double*, int, int, long, long, double*, int, int, long, long)",24297,6448466101036327,6448466101046262,0,512,16,64,1,16,128,1
"KERNEL_DISPATCH",1,1,234619,334,886,"Cijk_Ailk_Bljk_DB_MT128x64x16_MI16x16x4x1_SN_1LDSB1_APM1_ABV0_ACED0_AF0EM2_AF1EM2_AMAS3_ASE_ASGT_ASLT_ASM_ASAE01_ASCE01_ASEM2_AAC0_BL1_BS1_CLR0_DTLA0_DTLB0_DTVA1_DTVB0_DVO0_ETSP_EPS1_ELFLR0_EMLL0_FSSC10_FL0_GLVWA2_GLVWB2_GRCGA1_GRCGB1_GRPM1_GRVW2_GSU1_GSUASB_GLS0_ISA942_IU1_K1_KLA_LBSPPA0_LBSPPB0_LPA0_LPB2_LDL1_LRVW1_LWPMn1_LDW0_FMA_MIAV1_MDA2_MO40_MMFSC_MKFGSU256_NTA0_NTB0_NTC3_NTD3_NEPBS0_NLCA1_NLCB1_ONLL1_OPLV0_PK0_PAP0_PGR2_PLR5_PKA0_SIA3_SLW1_SS1_SU0_SUM0_SUS0_SCIUI1_SPO1_SRVW0_SSO6_SVW2_SNLL0_TSGRA0_TSGRB0_TT2_64_TLDS0_UMLDSA0_UMLDSB0_U64SL1_USFGROn1_VAW1_VSn1_VW2_VWB1_VFLRP0_WSGRA0_WSGRB0_WS64_WG64_4_1_WGM12",24300,6448466101065622,6448466101076038,0,8448,256,1,1,256,2,1
"KERNEL_DISPATCH",1,1,234619,335,78,"void rocsolver::v32802::getf2_npvt_small_kernel<16, double, int, int, double*>(int, double*, long, int, long, int*, int, int)",24303,6448466101076038,6448466101083449,0,136,96,1,1,96,1,1
"KERNEL_DISPATCH",1,1,234619,337,742,"Cijk_Ailk_Bljk_DB_MT64x64x16_MI16x16x4x1_SN_1LDSB1_APM1_ABV0_ACED0_AF0EM2_AF1EM2_AMAS3_ASE_ASGT_ASLT_ASM_ASAE01_ASCE01_ASEM2_AAC0_BL1_BS1_CLR0_DTLA0_DTLB0_DTVA0_DTVB0_DVO0_ETSP_EPS1_ELFLR0_EMLL0_FSSC10_FL0_GLVWA2_GLVWB2_GRCGA1_GRCGB1_GRPM1_GRVW2_GSU1_GSUASB_GLS0_ISA942_IU1_K1_KLA_LBSPPA0_LBSPPB0_LPA0_LPB2_LDL1_LRVW1_LWPMn1_LDW0_FMA_MIAV1_MDA2_MO40_MMFSC_MKFGSU256_NTA0_NTB0_NTC3_NTD3_NEPBS4_NLCA1_NLCB1_ONLL1_OPLV0_PK0_PAP0_PGR2_PLR5_PKA0_SIA3_SLW1_SS1_SU0_SUM0_SUS0_SCIUI1_SPO1_SRVW0_SSO6_SVW2_SNLL0_TSGRA0_TSGRB0_TT2_32_TLDS0_UMLDSA0_UMLDSB0_U64SL1_USFGROn1_VAW1_VSn1_VW2_VWB1_VFLRP0_WSGRA0_WSGRB0_WS64_WG32_8_1_WGM6",24311,6448466101102638,6448466101109128,0,16640,256,1,1,512,2,1
"KERNEL_DISPATCH",1,1,234619,336,184,"void rocsolver::v32802::unit_forward_substitution_kernel<double, int, double*>(int, int, double*, int, int, long, long, double*, int, int, long, long)",24308,6448466101083449,6448466101092583,0,512,16,64,1,16,128,1
"KERNEL_DISPATCH",1,1,234619,338,78,"void rocsolver::v32802::getf2_npvt_small_kernel<16, double, int, int, double*>(int, double*, long, int, long, int*, int, int)",24314,6448466101115378,6448466101123110,0,136,80,1,1,80,1,1
"KERNEL_DISPATCH",1,1,234619,339,184,"void rocsolver::v32802::unit_forward_substitution_kernel<double, int, double*>(int, int, double*, int, int, long, long, double*, int, int, long, long)",24319,6448466101137412,6448466101147107,0,512,16,64,1,16,64,1
"KERNEL_DISPATCH",1,1,234619,340,891,"Cijk_Ailk_Bljk_DB_MT64x64x16_MI16x16x4x1_SN_1LDSB1_APM1_ABV0_ACED0_AF0EM2_AF1EM2_AMAS0_ASE_ASGT_ASLT_ASM_ASAE01_ASCE01_ASEM2_AAC0_BL1_BS1_CLR0_DTLA0_DTLB0_DTVA1_DTVB0_DVO0_ETSP_EPS1_ELFLR0_EMLL0_FSSC10_FL0_GLVWA1_GLVWB1_GRCGA1_GRCGB1_GRPM1_GRVW1_GSU1_GSUASB_GLS0_ISA942_IU1_K1_KLA_LBSPPA0_LBSPPB128_LPA0_LPB4_LDL1_LRVW2_LWPMn1_LDW0_FMA_MIAV1_MDA2_MO40_MMFSC_MKFGSU256_NTA0_NTB0_NTC3_NTD3_NEPBS0_NLCA1_NLCB1_ONLL1_OPLV0_PK0_PAP0_PGR2_PLR5_PKA0_SIA3_SLW1_SS1_SU0_SUM0_SUS0_SCIUI1_SPO1_SRVW0_SSO6_SVW1_SNLL0_TSGRA0_TSGRB0_TT1_64_TLDS1_UMLDSA0_UMLDSB1_U64SL1_USFGROn1_VAW1_VSn1_VW1_VWB1_VFLRP0_WSGRA0_WSGRB0_WS64_WG64_4_1_WGM6",24322,6448466101159205,6448466101165415,0,10240,256,1,1,256,1,1
"KERNEL_DISPATCH",1,1,234619,341,78,"void rocsolver::v32802::getf2_npvt_small_kernel<16, double, int, int, double*>(int, double*, long, int, long, int*, int, int)",24325,6448466101176952,6448466101184484,0,136,64,1,1,64,1,1
"KERNEL_DISPATCH",1,1,234619,342,184,"void rocsolver::v32802::unit_forward_substitution_kernel<double, int, double*>(int, int, double*, int, int, long, long, double*, int, int, long, long)",24330,6448466101192536,6448466101201109,0,512,16,64,1,16,64,1
"KERNEL_DISPATCH",1,1,234619,343,751,"Cijk_Ailk_Bljk_DB_MT64x64x16_MI16x16x4x1_SN_1LDSB1_APM1_ABV0_ACED0_AF0EM2_AF1EM2_AMAS3_ASE_ASGT_ASLT_ASM_ASAE01_ASCE01_ASEM2_AAC0_BL1_BS1_CLR0_DTLA0_DTLB0_DTVA0_DTVB0_DVO0_ETSP_EPS1_ELFLR0_EMLL0_FSSC10_FL0_GLVWA2_GLVWB2_GRCGA1_GRCGB1_GRPM1_GRVW2_GSU1_GSUASB_GLS0_ISA942_IU1_K1_KLA_LBSPPA0_LBSPPB128_LPA0_LPB4_LDL1_LRVW2_LWPMn1_LDW0_FMA_MIAV1_MDA2_MO40_MMFSC_MKFGSU256_NTA0_NTB0_NTC3_NTD3_NEPBS0_NLCA1_NLCB1_ONLL1_OPLV0_PK0_PAP0_PGR2_PLR5_PKA0_SIA3_SLW1_SS1_SU0_SUM0_SUS0_SCIUI1_SPO1_SRVW0_SSO6_SVW2_SNLL0_TSGRA0_TSGRB0_TT2_32_TLDS1_UMLDSA0_UMLDSB1_U64SL1_USFGROn1_VAW1_VSn1_VW2_VWB1_VFLRP0_WSGRA0_WSGRB0_WS64_WG32_8_1_WGM6",24333,6448466101219188,6448466101226639,0,18432,256,1,1,256,1,1
"KERNEL_DISPATCH",1,1,234619,344,78,"void rocsolver::v32802::getf2_npvt_small_kernel<16, double, int, int, double*>(int, double*, long, int, long, int*, int, int)",24336,6448466101229553,6448466101237084,0,136,48,1,1,48,1,1
"KERNEL_DISPATCH",1,1,234619,345,184,"void rocsolver::v32802::unit_forward_substitution_kernel<double, int, double*>(int, int, double*, int, int, long, long, double*, int, int, long, long)",24341,6448466101241291,6448466101249143,0,512,16,64,1,16,64,1
"KERNEL_DISPATCH",1,1,234619,346,756,"Cijk_Ailk_Bljk_DB_MT32x64x32_MI16x16x4x1_SN_1LDSB1_APM1_ABV0_ACED0_AF0EM2_AF1EM2_AMAS3_ASE_ASGT_ASLT_ASM_ASAE01_ASCE01_ASEM2_AAC0_BL1_BS1_CLR0_DTLA0_DTLB0_DTVA0_DTVB0_DVO0_ETSP_EPS1_ELFLR0_EMLL0_FSSC10_FL0_GLVWA2_GLVWB2_GRCGA1_GRCGB1_GRPM1_GRVW2_GSU1_GSUASB_GLS0_ISA942_IU1_K1_KLA_LBSPPA0_LBSPPB256_LPA0_LPB4_LDL1_LRVW2_LWPMn1_LDW0_FMA_MIAV1_MDA2_MO40_MMFSC_MKFGSU256_NTA0_NTB0_NTC3_NTD3_NEPBS0_NLCA1_NLCB1_ONLL1_OPLV0_PK0_PAP0_PGR2_PLR9_PKA0_SIA3_SLW1_SS1_SU0_SUM0_SUS0_SCIUI1_SPO1_SRVW0_SSO6_SVW2_SNLL0_TSGRA0_TSGRB0_TT2_16_TLDS1_UMLDSA0_UMLDSB1_U64SL1_USFGROn1_VAW1_VSn1_VW2_VWB1_VFLRP0_WSGRA0_WSGRB0_WS64_WG16_16_1_WGM6",24344,6448466101262094,6448466101267822,0,26624,256,1,1,256,1,1
"KERNEL_DISPATCH",1,1,234619,347,78,"void rocsolver::v32802::getf2_npvt_small_kernel<16, double, int, int, double*>(int, double*, long, int, long, int*, int, int)",24347,6448466101278708,6448466101286160,0,136,32,1,1,32,1,1
"KERNEL_DISPATCH",1,1,234619,348,184,"void rocsolver::v32802::unit_forward_substitution_kernel<double, int, double*>(int, int, double*, int, int, long, long, double*, int, int, long, long)",24352,6448466101294613,6448466101301503,0,512,16,64,1,16,64,1
"KERNEL_DISPATCH",1,1,234619,349,756,"Cijk_Ailk_Bljk_DB_MT32x64x32_MI16x16x4x1_SN_1LDSB1_APM1_ABV0_ACED0_AF0EM2_AF1EM2_AMAS3_ASE_ASGT_ASLT_ASM_ASAE01_ASCE01_ASEM2_AAC0_BL1_BS1_CLR0_DTLA0_DTLB0_DTVA0_DTVB0_DVO0_ETSP_EPS1_ELFLR0_EMLL0_FSSC10_FL0_GLVWA2_GLVWB2_GRCGA1_GRCGB1_GRPM1_GRVW2_GSU1_GSUASB_GLS0_ISA942_IU1_K1_KLA_LBSPPA0_LBSPPB256_LPA0_LPB4_LDL1_LRVW2_LWPMn1_LDW0_FMA_MIAV1_MDA2_MO40_MMFSC_MKFGSU256_NTA0_NTB0_NTC3_NTD3_NEPBS0_NLCA1_NLCB1_ONLL1_OPLV0_PK0_PAP0_PGR2_PLR9_PKA0_SIA3_SLW1_SS1_SU0_SUM0_SUS0_SCIUI1_SPO1_SRVW0_SSO6_SVW2_SNLL0_TSGRA0_TSGRB0_TT2_16_TLDS1_UMLDSA0_UMLDSB1_U64SL1_USFGROn1_VAW1_VSn1_VW2_VWB1_VFLRP0_WSGRA0_WSGRB0_WS64_WG16_16_1_WGM6",24355,6448466101322535,6448466101326742,0,26624,256,1,1,256,1,1
"KERNEL_DISPATCH",1,1,234619,350,78,"void rocsolver::v32802::getf2_npvt_small_kernel<16, double, int, int, double*>(int, double*, long, int, long, int*, int, int)",24358,6448466101333503,6448466101340794,0,136,16,1,1,16,1,1
"KERNEL_DISPATCH",1,1,234619,351,1434,"void rocblas_trtri_trsm_kernel<128, 16, 8, double, double const*, double*>(rocblas_fill_, rocblas_diagonal_, double const*, long, int, long, double*, long, long, int)",24362,6448466101351420,6448466101380104,0,8192,256,1,1,4096,1,1
"KERNEL_DISPATCH",1,1,234619,352,1356,"void rocblas_trtri_fill<128, double, double*>(_rocblas_handle*, rocblas_fill_, int, long, int, long, double*, long, long, int, int)",24367,6448466101380104,6448466101383389,0,0,128,1,1,32512,1,1
"KERNEL_DISPATCH",1,1,234619,353,860,"Cijk_Ailk_Bljk_DB_MT64x32x16_MI16x16x4x1_SN_1LDSB1_APM1_ABV0_ACED0_AF0EM2_AF1EM2_AMAS0_ASE_ASGT_ASLT_ASM_ASAE01_ASCE01_ASEM2_AAC0_BL1_BS1_CLR0_DTLA0_DTLB0_DTVA1_DTVB0_DVO0_ETSP_EPS1_ELFLR0_EMLL0_FSSC10_FL0_GLVWA1_GLVWB1_GRCGA1_GRCGB1_GRPM1_GRVW1_GSU1_GSUASB_GLS0_ISA942_IU1_K1_KLA_LBSPPA0_LBSPPB128_LPA0_LPB4_LDL1_LRVW2_LWPMn1_LDW0_FMA_MIAV1_MDA2_MO40_MMFSC_MKFGSU256_NTA0_NTB0_NTC3_NTD3_NEPBS0_NLCA1_NLCB1_ONLL1_OPLV0_PK0_PAP0_PGR2_PLR5_PKA0_SIA3_SLW1_SS1_SU0_SUM0_SUS0_SCIUI1_SPO1_SRVW0_SSO6_SVW1_SNLL0_TSGRA0_TSGRB0_TT1_32_TLDS1_UMLDSA0_UMLDSB1_U64SL1_USFGROn1_VAW1_VSn1_VW1_VWB1_VFLRP0_WSGRA0_WSGRB0_WS64_WG64_4_1_WGM12",24371,6448466101383389,6448466101389238,0,5120,256,1,1,256,1,4
"KERNEL_DISPATCH",1,1,234619,354,860,"Cijk_Ailk_Bljk_DB_MT64x32x16_MI16x16x4x1_SN_1LDSB1_APM1_ABV0_ACED0_AF0EM2_AF1EM2_AMAS0_ASE_ASGT_ASLT_ASM_ASAE01_ASCE01_ASEM2_AAC0_BL1_BS1_CLR0_DTLA0_DTLB0_DTVA1_DTVB0_DVO0_ETSP_EPS1_ELFLR0_EMLL0_FSSC10_FL0_GLVWA1_GLVWB1_GRCGA1_GRCGB1_GRPM1_GRVW1_GSU1_GSUASB_GLS0_ISA942_IU1_K1_KLA_LBSPPA0_LBSPPB128_LPA0_LPB4_LDL1_LRVW2_LWPMn1_LDW0_FMA_MIAV1_MDA2_MO40_MMFSC_MKFGSU256_NTA0_NTB0_NTC3_NTD3_NEPBS0_NLCA1_NLCB1_ONLL1_OPLV0_PK0_PAP0_PGR2_PLR5_PKA0_SIA3_SLW1_SS1_SU0_SUM0_SUS0_SCIUI1_SPO1_SRVW0_SSO6_SVW1_SNLL0_TSGRA0_TSGRB0_TT1_32_TLDS1_UMLDSA0_UMLDSB1_U64SL1_USFGROn1_VAW1_VSn1_VW1_VWB1_VFLRP0_WSGRA0_WSGRB0_WS64_WG64_4_1_WGM12",24374,6448466101405102,6448466101410230,0,5120,256,1,1,256,1,4
"KERNEL_DISPATCH",1,1,234619,355,860,"Cijk_Ailk_Bljk_DB_MT64x32x16_MI16x16x4x1_SN_1LDSB1_APM1_ABV0_ACED0_AF0EM2_AF1EM2_AMAS0_ASE_ASGT_ASLT_ASM_ASAE01_ASCE01_ASEM2_AAC0_BL1_BS1_CLR0_DTLA0_DTLB0_DTVA1_DTVB0_DVO0_ETSP_EPS1_ELFLR0_EMLL0_FSSC10_FL0_GLVWA1_GLVWB1_GRCGA1_GRCGB1_GRPM1_GRVW1_GSU1_GSUASB_GLS0_ISA942_IU1_K1_KLA_LBSPPA0_LBSPPB128_LPA0_LPB4_LDL1_LRVW2_LWPMn1_LDW0_FMA_MIAV1_MDA2_MO40_MMFSC_MKFGSU256_NTA0_NTB0_NTC3_NTD3_NEPBS0_NLCA1_NLCB1_ONLL1_OPLV0_PK0_PAP0_PGR2_PLR5_PKA0_SIA3_SLW1_SS1_SU0_SUM0_SUS0_SCIUI1_SPO1_SRVW0_SSO6_SVW1_SNLL0_TSGRA0_TSGRB0_TT1_32_TLDS1_UMLDSA0_UMLDSB1_U64SL1_USFGROn1_VAW1_VSn1_VW1_VWB1_VFLRP0_WSGRA0_WSGRB0_WS64_WG64_4_1_WGM12",24377,6448466101432704,6448466101438914,0,5120,256,1,1,256,1,4
"KERNEL_DISPATCH",1,1,234619,356,860,"Cijk_Ailk_Bljk_DB_MT64x32x16_MI16x16x4x1_SN_1LDSB1_APM1_ABV0_ACED0_AF0EM2_AF1EM2_AMAS0_ASE_ASGT_ASLT_ASM_ASAE01_ASCE01_ASEM2_AAC0_BL1_BS1_CLR0_DTLA0_DTLB0_DTVA1_DTVB0_DVO0_ETSP_EPS1_ELFLR0_EMLL0_FSSC10_FL0_GLVWA1_GLVWB1_GRCGA1_GRCGB1_GRPM1_GRVW1_GSU1_GSUASB_GLS0_ISA942_IU1_K1_KLA_LBSPPA0_LBSPPB128_LPA0_LPB4_LDL1_LRVW2_LWPMn1_LDW0_FMA_MIAV1_MDA2_MO40_MMFSC_MKFGSU256_NTA0_NTB0_NTC3_NTD3_NEPBS0_NLCA1_NLCB1_ONLL1_OPLV0_PK0_PAP0_PGR2_PLR5_PKA0_SIA3_SLW1_SS1_SU0_SUM0_SUS0_SCIUI1_SPO1_SRVW0_SSO6_SVW1_SNLL0_TSGRA0_TSGRB0_TT1_32_TLDS1_UMLDSA0_UMLDSB1_U64SL1_USFGROn1_VAW1_VSn1_VW1_VWB1_VFLRP0_WSGRA0_WSGRB0_WS64_WG64_4_1_WGM12",24380,6448466101447447,6448466101451734,0,5120,256,1,1,256,1,4
"KERNEL_DISPATCH",1,1,234619,357,757,"Cijk_Ailk_Bljk_DB_MT64x64x32_MI16x16x4x1_SN_1LDSB1_APM1_ABV0_ACED0_AF0EM2_AF1EM2_AMAS0_ASE_ASGT_ASLT_ASM_ASAE01_ASCE01_ASEM2_AAC0_BL1_BS1_CLR0_DTLA0_DTLB0_DTVA0_DTVB0_DVO0_ETSP_EPS1_ELFLR0_EMLL0_FSSC10_FL0_GLVWA1_GLVWB1_GRCGA1_GRCGB1_GRPM1_GRVW1_GSU1_GSUASB_GLS0_ISA942_IU1_K1_KLA_LBSPPA0_LBSPPB0_LPA0_LPB1_LDL1_LRVW1_LWPMn1_LDW0_FMA_MIAV1_MDA2_MO40_MMFSC_MKFGSU256_NTA0_NTB0_NTC3_NTD3_NEPBS0_NLCA1_NLCB1_ONLL1_OPLV0_PK0_PAP0_PGR2_PLR9_PKA0_SIA3_SLW1_SS1_SU0_SUM0_SUS0_SCIUI1_SPO1_SRVW0_SSO6_SVW1_SNLL0_TSGRA0_TSGRB0_TT2_32_TLDS0_UMLDSA0_UMLDSB0_U64SL1_USFGROn1_VAW1_VSn1_VW1_VWB1_VFLRP0_WSGRA0_WSGRB0_WS64_WG32_8_1_WGM6",24383,6448466101470322,6448466101478615,0,33024,256,1,1,256,1,4
"KERNEL_DISPATCH",1,1,234619,358,757,"Cijk_Ailk_Bljk_DB_MT64x64x32_MI16x16x4x1_SN_1LDSB1_APM1_ABV0_ACED0_AF0EM2_AF1EM2_AMAS0_ASE_ASGT_ASLT_ASM_ASAE01_ASCE01_ASEM2_AAC0_BL1_BS1_CLR0_DTLA0_DTLB0_DTVA0_DTVB0_DVO0_ETSP_EPS1_ELFLR0_EMLL0_FSSC10_FL0_GLVWA1_GLVWB1_GRCGA1_GRCGB1_GRPM1_GRVW1_GSU1_GSUASB_GLS0_ISA942_IU1_K1_KLA_LBSPPA0_LBSPPB0_LPA0_LPB1_LDL1_LRVW1_LWPMn1_LDW0_FMA_MIAV1_MDA2_MO40_MMFSC_MKFGSU256_NTA0_NTB0_NTC3_NTD3_NEPBS0_NLCA1_NLCB1_ONLL1_OPLV0_PK0_PAP0_PGR2_PLR9_PKA0_SIA3_SLW1_SS1_SU0_SUM0_SUS0_SCIUI1_SPO1_SRVW0_SSO6_SVW1_SNLL0_TSGRA0_TSGRB0_TT2_32_TLDS0_UMLDSA0_UMLDSB0_U64SL1_USFGROn1_VAW1_VSn1_VW1_VWB1_VFLRP0_WSGRA0_WSGRB0_WS64_WG32_8_1_WGM6",24386,6448466101485245,6448466101492536,0,33024,256,1,1,256,1,4
"KERNEL_DISPATCH",1,1,234619,359,1435,"void rocblas_copy_matrix_trsm<128, 8, double, double*, double*>(int, int, int, double*, int, long, double*, int, long, long, long, int)",24390,6448466101499567,6448466101502251,0,0,128,8,1,512,128,1
"KERNEL_DISPATCH",1,1,234619,360,1014,"Cijk_Ailk_Bljk_DB_MT128x64x16_MI16x16x4x1_SN_1LDSB1_APM1_ABV0_ACED0_AF0EM2_AF1EM2_AMAS3_ASE_ASGT_ASLT_ASM_ASAE01_ASCE01_ASEM2_AAC0_BL1_BS1_CLR0_DTLA0_DTLB0_DTVA1_DTVB0_DVO0_ETSP_EPS1_ELFLR0_EMLL0_FSSC10_FL0_GLVWA2_GLVWB2_GRCGA1_GRCGB1_GRPM1_GRVW2_GSU1_GSUASB_GLS0_ISA942_IU1_K1_KLA_LBSPPA0_LBSPPB128_LPA0_LPB2_LDL1_LRVW1_LWPMn1_LDW0_FMA_MIAV1_MDA2_MO40_MMFSC_MKFGSU256_NTA0_NTB0_NTC3_NTD3_NEPBS0_NLCA1_NLCB1_ONLL1_OPLV0_PK0_PAP0_PGR2_PLR1_PKA0_SIA3_SLW1_SS1_SU0_SUM0_SUS0_SCIUI1_SPO1_SRVW0_SSO6_SVW2_SNLL0_TSGRA0_TSGRB0_TT2_64_TLDS1_UMLDSA0_UMLDSB1_U64SL1_USFGROn1_VAW1_VSn1_VW2_VWB1_VFLRP0_WSGRA0_WSGRB0_WS64_WG64_4_1_WGM6",24394,6448466101527169,6448466101538867,0,9216,256,1,1,1024,2,1
"KERNEL_DISPATCH",1,1,234619,361,1014,"Cijk_Ailk_Bljk_DB_MT128x64x16_MI16x16x4x1_SN_1LDSB1_APM1_ABV0_ACED0_AF0EM2_AF1EM2_AMAS3_ASE_ASGT_ASLT_ASM_ASAE01_ASCE01_ASEM2_AAC0_BL1_BS1_CLR0_DTLA0_DTLB0_DTVA1_DTVB0_DVO0_ETSP_EPS1_ELFLR0_EMLL0_FSSC10_FL0_GLVWA2_GLVWB2_GRCGA1_GRCGB1_GRPM1_GRVW2_GSU1_GSUASB_GLS0_ISA942_IU1_K1_KLA_LBSPPA0_LBSPPB128_LPA0_LPB2_LDL1_LRVW1_LWPMn1_LDW0_FMA_MIAV1_MDA2_MO40_MMFSC_MKFGSU256_NTA0_NTB0_NTC3_NTD3_NEPBS0_NLCA1_NLCB1_ONLL1_OPLV0_PK0_PAP0_PGR2_PLR1_PKA0_SIA3_SLW1_SS1_SU0_SUM0_SUS0_SCIUI1_SPO1_SRVW0_SSO6_SVW2_SNLL0_TSGRA0_TSGRB0_TT2_64_TLDS1_UMLDSA0_UMLDSB1_U64SL1_USFGROn1_VAW1_VSn1_VW2_VWB1_VFLRP0_WSGRA0_WSGRB0_WS64_WG64_4_1_WGM6",24397,6448466101540830,6448466101551967,0,9216,256,1,1,1024,2,1
"KERNEL_DISPATCH",1,1,234619,362,1014,"Cijk_Ailk_Bljk_DB_MT128x64x16_MI16x16x4x1_SN_1LDSB1_APM1_ABV0_ACED0_AF0EM2_AF1EM2_AMAS3_ASE_ASGT_ASLT_ASM_ASAE01_ASCE01_ASEM2_AAC0_BL1_BS1_CLR0_DTLA0_DTLB0_DTVA1_DTVB0_DVO0_ETSP_EPS1_ELFLR0_EMLL0_FSSC10_FL0_GLVWA2_GLVWB2_GRCGA1_GRCGB1_GRPM1_GRVW2_GSU1_GSUASB_GLS0_ISA942_IU1_K1_KLA_LBSPPA0_LBSPPB128_LPA0_LPB2_LDL1_LRVW1_LWPMn1_LDW0_FMA_MIAV1_MDA2_MO40_MMFSC_MKFGSU256_NTA0_NTB0_NTC3_NTD3_NEPBS0_NLCA1_NLCB1_ONLL1_OPLV0_PK0_PAP0_PGR2_PLR1_PKA0_SIA3_SLW1_SS1_SU0_SUM0_SUS0_SCIUI1_SPO1_SRVW0_SSO6_SVW2_SNLL0_TSGRA0_TSGRB0_TT2_64_TLDS1_UMLDSA0_UMLDSB1_U64SL1_USFGROn1_VAW1_VSn1_VW2_VWB1_VFLRP0_WSGRA0_WSGRB0_WS64_WG64_4_1_WGM6",24400,6448466101561141,6448466101569634,0,9216,256,1,1,1024,2,1
"KERNEL_DISPATCH",1,1,234619,363,880,"Cijk_Ailk_Bljk_DB_MT64x32x32_MI16x16x4x1_SN_1LDSB1_APM1_ABV0_ACED0_AF0EM2_AF1EM2_AMAS3_ASE_ASGT_ASLT_ASM_ASAE01_ASCE01_ASEM2_AAC0_BL1_BS1_CLR0_DTLA0_DTLB0_DTVA0_DTVB0_DVO0_ETSP_EPS1_ELFLR0_EMLL0_FSSC10_FL0_GLVWA2_GLVWB2_GRCGA1_GRCGB1_GRPM1_GRVW2_GSU1_GSUASB_GLS0_ISA942_IU1_K1_KLA_LBSPPA0_LBSPPB256_LPA0_LPB4_LDL1_LRVW2_LWPMn1_LDW0_FMA_MIAV1_MDA2_MO40_MMFSC_MKFGSU256_NTA0_NTB0_NTC3_NTD3_NEPBS0_NLCA1_NLCB1_ONLL1_OPLV0_PK0_PAP0_PGR2_PLR9_PKA0_SIA3_SLW1_SS1_SU0_SUM0_SUS0_SCIUI1_SPO1_SRVW0_SSO6_SVW2_SNLL0_TSGRA0_TSGRB0_TT2_16_TLDS1_UMLDSA0_UMLDSB1_U64SL1_USFGROn1_VAW1_VSn1_VW2_VWB1_VFLRP0_WSGRA0_WSGRB0_WS64_WG32_8_1_WGM6",24403,6448466101589385,6448466101597437,0,25600,256,1,1,2048,4,1
"KERNEL_DISPATCH",1,1,234619,364,1014,"Cijk_Ailk_Bljk_DB_MT128x64x16_MI16x16x4x1_SN_1LDSB1_APM1_ABV0_ACED0_AF0EM2_AF1EM2_AMAS3_ASE_ASGT_ASLT_ASM_ASAE01_ASCE01_ASEM2_AAC0_BL1_BS1_CLR0_DTLA0_DTLB0_DTVA1_DTVB0_DVO0_ETSP_EPS1_ELFLR0_EMLL0_FSSC10_FL0_GLVWA2_GLVWB2_GRCGA1_GRCGB1_GRPM1_GRVW2_GSU1_GSUASB_GLS0_ISA942_IU1_K1_KLA_LBSPPA0_LBSPPB128_LPA0_LPB2_LDL1_LRVW1_LWPMn1_LDW0_FMA_MIAV1_MDA2_MO40_MMFSC_MKFGSU256_NTA0_NTB0_NTC3_NTD3_NEPBS0_NLCA1_NLCB1_ONLL1_OPLV0_PK0_PAP0_PGR2_PLR1_PKA0_SIA3_SLW1_SS1_SU0_SUM0_SUS0_SCIUI1_SPO1_SRVW0_SSO6_SVW2_SNLL0_TSGRA0_TSGRB0_TT2_64_TLDS1_UMLDSA0_UMLDSB1_U64SL1_USFGROn1_VAW1_VSn1_VW2_VWB1_VFLRP0_WSGRA0_WSGRB0_WS64_WG64_4_1_WGM6",24406,6448466101604688,6448466101612941,0,9216,256,1,1,1024,2,1
"KERNEL_DISPATCH",1,1,234619,365,880,"Cijk_Ailk_Bljk_DB_MT64x32x32_MI16x16x4x1_SN_1LDSB1_APM1_ABV0_ACED0_AF0EM2_AF1EM2_AMAS3_ASE_ASGT_ASLT_ASM_ASAE01_ASCE01_ASEM2_AAC0_BL1_BS1_CLR0_DTLA0_DTLB0_DTVA0_DTVB0_DVO0_ETSP_EPS1_ELFLR0_EMLL0_FSSC10_FL0_GLVWA2_GLVWB2_GRCGA1_GRCGB1_GRPM1_GRVW2_GSU1_GSUASB_GLS0_ISA942_IU1_K1_KLA_LBSPPA0_LBSPPB256_LPA0_LPB4_LDL1_LRVW2_LWPMn1_LDW0_FMA_MIAV1_MDA2_MO40_MMFSC_MKFGSU256_NTA0_NTB0_NTC3_NTD3_NEPBS0_NLCA1_NLCB1_ONLL1_OPLV0_PK0_PAP0_PGR2_PLR9_PKA0_SIA3_SLW1_SS1_SU0_SUM0_SUS0_SCIUI1_SPO1_SRVW0_SSO6_SVW2_SNLL0_TSGRA0_TSGRB0_TT2_16_TLDS1_UMLDSA0_UMLDSB1_U64SL1_USFGROn1_VAW1_VSn1_VW2_VWB1_VFLRP0_WSGRA0_WSGRB0_WS64_WG32_8_1_WGM6",24409,6448466101642266,6448466101652081,0,25600,256,1,1,2048,4,1
"KERNEL_DISPATCH",1,1,234619,366,1014,"Cijk_Ailk_Bljk_DB_MT128x64x16_MI16x16x4x1_SN_1LDSB1_APM1_ABV0_ACED0_AF0EM2_AF1EM2_AMAS3_ASE_ASGT_ASLT_ASM_ASAE01_ASCE01_ASEM2_AAC0_BL1_BS1_CLR0_DTLA0_DTLB0_DTVA1_DTVB0_DVO0_ETSP_EPS1_ELFLR0_EMLL0_FSSC10_FL0_GLVWA2_GLVWB2_GRCGA1_GRCGB1_GRPM1_GRVW2_GSU1_GSUASB_GLS0_ISA942_IU1_K1_KLA_LBSPPA0_LBSPPB128_LPA0_LPB2_LDL1_LRVW1_LWPMn1_LDW0_FMA_MIAV1_MDA2_MO40_MMFSC_MKFGSU256_NTA0_NTB0_NTC3_NTD3_NEPBS0_NLCA1_NLCB1_ONLL1_OPLV0_PK0_PAP0_PGR2_PLR1_PKA0_SIA3_SLW1_SS1_SU0_SUM0_SUS0_SCIUI1_SPO1_SRVW0_SSO6_SVW2_SNLL0_TSGRA0_TSGRB0_TT2_64_TLDS1_UMLDSA0_UMLDSB1_U64SL1_USFGROn1_VAW1_VSn1_VW2_VWB1_VFLRP0_WSGRA0_WSGRB0_WS64_WG64_4_1_WGM6",24412,6448466101656968,6448466101666343,0,9216,256,1,1,1024,2,1
"KERNEL_DISPATCH",1,1,234619,367,1434,"void rocblas_trtri_trsm_kernel<128, 16, 8, double, double const*, double*>(rocblas_fill_, rocblas_diagonal_, double const*, long, int, long, double*, long, long, int)",24416,6448466101665742,6448466101692182,0,8192,256,1,1,4096,1,1
"KERNEL_DISPATCH",1,1,234619,368,1356,"void rocblas_trtri_fill<128, double, double*>(_rocblas_handle*, rocblas_fill_, int, long, int, long, double*, long, long, int, int)",24421,6448466101692783,6448466101695467,0,0,128,1,1,32512,1,1
"KERNEL_DISPATCH",1,1,234619,369,860,"Cijk_Ailk_Bljk_DB_MT64x32x16_MI16x16x4x1_SN_1LDSB1_APM1_ABV0_ACED0_AF0EM2_AF1EM2_AMAS0_ASE_ASGT_ASLT_ASM_ASAE01_ASCE01_ASEM2_AAC0_BL1_BS1_CLR0_DTLA0_DTLB0_DTVA1_DTVB0_DVO0_ETSP_EPS1_ELFLR0_EMLL0_FSSC10_FL0_GLVWA1_GLVWB1_GRCGA1_GRCGB1_GRPM1_GRVW1_GSU1_GSUASB_GLS0_ISA942_IU1_K1_KLA_LBSPPA0_LBSPPB128_LPA0_LPB4_LDL1_LRVW2_LWPMn1_LDW0_FMA_MIAV1_MDA2_MO40_MMFSC_MKFGSU256_NTA0_NTB0_NTC3_NTD3_NEPBS0_NLCA1_NLCB1_ONLL1_OPLV0_PK0_PAP0_PGR2_PLR5_PKA0_SIA3_SLW1_SS1_SU0_SUM0_SUS0_SCIUI1_SPO1_SRVW0_SSO6_SVW1_SNLL0_TSGRA0_TSGRB0_TT1_32_TLDS1_UMLDSA0_UMLDSB1_U64SL1_USFGROn1_VAW1_VSn1_VW1_VWB1_VFLRP0_WSGRA0_WSGRB0_WS64_WG64_4_1_WGM12",24425,6448466101701677,6448466101706124,0,5120,256,1,1,256,1,4
"KERNEL_DISPATCH",1,1,234619,370,860,"Cijk_Ailk_Bljk_DB_MT64x32x16_MI16x16x4x1_SN_1LDSB1_APM1_ABV0_ACED0_AF0EM2_AF1EM2_AMAS0_ASE_ASGT_ASLT_ASM_ASAE01_ASCE01_ASEM2_AAC0_BL1_BS1_CLR0_DTLA0_DTLB0_DTVA1_DTVB0_DVO0_ETSP_EPS1_ELFLR0_EMLL0_FSSC10_FL0_GLVWA1_GLVWB1_GRCGA1_GRCGB1_GRPM1_GRVW1_GSU1_GSUASB_GLS0_ISA942_IU1_K1_KLA_LBSPPA0_LBSPPB128_LPA0_LPB4_LDL1_LRVW2_LWPMn1_LDW0_FMA_MIAV1_MDA2_MO40_MMFSC_MKFGSU256_NTA0_NTB0_NTC3_NTD3_NEPBS0_NLCA1_NLCB1_ONLL1_OPLV0_PK0_PAP0_PGR2_PLR5_PKA0_SIA3_SLW1_SS1_SU0_SUM0_SUS0_SCIUI1_SPO1_SRVW0_SSO6_SVW1_SNLL0_TSGRA0_TSGRB0_TT1_32_TLDS1_UMLDSA0_UMLDSB1_U64SL1_USFGROn1_VAW1_VSn1_VW1_VWB1_VFLRP0_WSGRA0_WSGRB0_WS64_WG64_4_1_WGM12",24428,6448466101723871,6448466101728478,0,5120,256,1,1,256,1,4
"KERNEL_DISPATCH",1,1,234619,371,860,"Cijk_Ailk_Bljk_DB_MT64x32x16_MI16x16x4x1_SN_1LDSB1_APM1_ABV0_ACED0_AF0EM2_AF1EM2_AMAS0_ASE_ASGT_ASLT_ASM_ASAE01_ASCE01_ASEM2_AAC0_BL1_BS1_CLR0_DTLA0_DTLB0_DTVA1_DTVB0_DVO0_ETSP_EPS1_ELFLR0_EMLL0_FSSC10_FL0_GLVWA1_GLVWB1_GRCGA1_GRCGB1_GRPM1_GRVW1_GSU1_GSUASB_GLS0_ISA942_IU1_K1_KLA_LBSPPA0_LBSPPB128_LPA0_LPB4_LDL1_LRVW2_LWPMn1_LDW0_FMA_MIAV1_MDA2_MO40_MMFSC_MKFGSU256_NTA0_NTB0_NTC3_NTD3_NEPBS0_NLCA1_NLCB1_ONLL1_OPLV0_PK0_PAP0_PGR2_PLR5_PKA0_SIA3_SLW1_SS1_SU0_SUM0_SUS0_SCIUI1_SPO1_SRVW0_SSO6_SVW1_SNLL0_TSGRA0_TSGRB0_TT1_32_TLDS1_UMLDSA0_UMLDSB1_U64SL1_USFGROn1_VAW1_VSn1_VW1_VWB1_VFLRP0_WSGRA0_WSGRB0_WS64_WG64_4_1_WGM12",24431,6448466101758043,6448466101762049,0,5120,256,1,1,256,1,4
"KERNEL_DISPATCH",1,1,234619,372,860,"Cijk_Ailk_Bljk_DB_MT64x32x16_MI16x16x4x1_SN_1LDSB1_APM1_ABV0_ACED0_AF0EM2_AF1EM2_AMAS0_ASE_ASGT_ASLT_ASM_ASAE01_ASCE01_ASEM2_AAC0_BL1_BS1_CLR0_DTLA0_DTLB0_DTVA1_DTVB0_DVO0_ETSP_EPS1_ELFLR0_EMLL0_FSSC10_FL0_GLVWA1_GLVWB1_GRCGA1_GRCGB1_GRPM1_GRVW1_GSU1_GSUASB_GLS0_ISA942_IU1_K1_KLA_LBSPPA0_LBSPPB128_LPA0_LPB4_LDL1_LRVW2_LWPMn1_LDW0_FMA_MIAV1_MDA2_MO40_MMFSC_MKFGSU256_NTA0_NTB0_NTC3_NTD3_NEPBS0_NLCA1_NLCB1_ONLL1_OPLV0_PK0_PAP0_PGR2_PLR5_PKA0_SIA3_SLW1_SS1_SU0_SUM0_SUS0_SCIUI1_SPO1_SRVW0_SSO6_SVW1_SNLL0_TSGRA0_TSGRB0_TT1_32_TLDS1_UMLDSA0_UMLDSB1_U64SL1_USFGROn1_VAW1_VSn1_VW1_VWB1_VFLRP0_WSGRA0_WSGRB0_WS64_WG64_4_1_WGM12",24434,6448466101772445,6448466101776932,0,5120,256,1,1,256,1,4
"KERNEL_DISPATCH",1,1,234619,373,757,"Cijk_Ailk_Bljk_DB_MT64x64x32_MI16x16x4x1_SN_1LDSB1_APM1_ABV0_ACED0_AF0EM2_AF1EM2_AMAS0_ASE_ASGT_ASLT_ASM_ASAE01_ASCE01_ASEM2_AAC0_BL1_BS1_CLR0_DTLA0_DTLB0_DTVA0_DTVB0_DVO0_ETSP_EPS1_ELFLR0_EMLL0_FSSC10_FL0_GLVWA1_GLVWB1_GRCGA1_GRCGB1_GRPM1_GRVW1_GSU1_GSUASB_GLS0_ISA942_IU1_K1_KLA_LBSPPA0_LBSPPB0_LPA0_LPB1_LDL1_LRVW1_LWPMn1_LDW0_FMA_MIAV1_MDA2_MO40_MMFSC_MKFGSU256_NTA0_NTB0_NTC3_NTD3_NEPBS0_NLCA1_NLCB1_ONLL1_OPLV0_PK0_PAP0_PGR2_PLR9_PKA0_SIA3_SLW1_SS1_SU0_SUM0_SUS0_SCIUI1_SPO1_SRVW0_SSO6_SVW1_SNLL0_TSGRA0_TSGRB0_TT2_32_TLDS0_UMLDSA0_UMLDSB0_U64SL1_USFGROn1_VAW1_VSn1_VW1_VWB1_VFLRP0_WSGRA0_WSGRB0_WS64_WG32_8_1_WGM6",24437,6448466101797694,6448466101804024,0,33024,256,1,1,256,1,4
"KERNEL_DISPATCH",1,1,234619,374,757,"Cijk_Ailk_Bljk_DB_MT64x64x32_MI16x16x4x1_SN_1LDSB1_APM1_ABV0_ACED0_AF0EM2_AF1EM2_AMAS0_ASE_ASGT_ASLT_ASM_ASAE01_ASCE01_ASEM2_AAC0_BL1_BS1_CLR0_DTLA0_DTLB0_DTVA0_DTVB0_DVO0_ETSP_EPS1_ELFLR0_EMLL0_FSSC10_FL0_GLVWA1_GLVWB1_GRCGA1_GRCGB1_GRPM1_GRVW1_GSU1_GSUASB_GLS0_ISA942_IU1_K1_KLA_LBSPPA0_LBSPPB0_LPA0_LPB1_LDL1_LRVW1_LWPMn1_LDW0_FMA_MIAV1_MDA2_MO40_MMFSC_MKFGSU256_NTA0_NTB0_NTC3_NTD3_NEPBS0_NLCA1_NLCB1_ONLL1_OPLV0_PK0_PAP0_PGR2_PLR9_PKA0_SIA3_SLW1_SS1_SU0_SUM0_SUS0_SCIUI1_SPO1_SRVW0_SSO6_SVW1_SNLL0_TSGRA0_TSGRB0_TT2_32_TLDS0_UMLDSA0_UMLDSB0_U64SL1_USFGROn1_VAW1_VSn1_VW1_VWB1_VFLRP0_WSGRA0_WSGRB0_WS64_WG32_8_1_WGM6",24440,6448466101813448,6448466101819297,0,33024,256,1,1,256,1,4
"KERNEL_DISPATCH",1,1,234619,375,1435,"void rocblas_copy_matrix_trsm<128, 8, double, double*, double*>(int, int, int, double*, int, long, double*, int, long, long, long, int)",24444,6448466101828151,6448466101831035,0,0,128,8,1,128,512,1
"KERNEL_DISPATCH",1,1,234619,376,1014,"Cijk_Ailk_Bljk_DB_MT128x64x16_MI16x16x4x1_SN_1LDSB1_APM1_ABV0_ACED0_AF0EM2_AF1EM2_AMAS3_ASE_ASGT_ASLT_ASM_ASAE01_ASCE01_ASEM2_AAC0_BL1_BS1_CLR0_DTLA0_DTLB0_DTVA1_DTVB0_DVO0_ETSP_EPS1_ELFLR0_EMLL0_FSSC10_FL0_GLVWA2_GLVWB2_GRCGA1_GRCGB1_GRPM1_GRVW2_GSU1_GSUASB_GLS0_ISA942_IU1_K1_KLA_LBSPPA0_LBSPPB128_LPA0_LPB2_LDL1_LRVW1_LWPMn1_LDW0_FMA_MIAV1_MDA2_MO40_MMFSC_MKFGSU256_NTA0_NTB0_NTC3_NTD3_NEPBS0_NLCA1_NLCB1_ONLL1_OPLV0_PK0_PAP0_PGR2_PLR1_PKA0_SIA3_SLW1_SS1_SU0_SUM0_SUS0_SCIUI1_SPO1_SRVW0_SSO6_SVW2_SNLL0_TSGRA0_TSGRB0_TT2_64_TLDS1_UMLDSA0_UMLDSB1_U64SL1_USFGROn1_VAW1_VSn1_VW2_VWB1_VFLRP0_WSGRA0_WSGRB0_WS64_WG64_4_1_WGM6",24448,6448466101850745,6448466101859999,0,9216,256,1,1,256,8,1
"KERNEL_DISPATCH",1,1,234619,377,1014,"Cijk_Ailk_Bljk_DB_MT128x64x16_MI16x16x4x1_SN_1LDSB1_APM1_ABV0_ACED0_AF0EM2_AF1EM2_AMAS3_ASE_ASGT_ASLT_ASM_ASAE01_ASCE01_ASEM2_AAC0_BL1_BS1_CLR0_DTLA0_DTLB0_DTVA1_DTVB0_DVO0_ETSP_EPS1_ELFLR0_EMLL0_FSSC10_FL0_GLVWA2_GLVWB2_GRCGA1_GRCGB1_GRPM1_GRVW2_GSU1_GSUASB_GLS0_ISA942_IU1_K1_KLA_LBSPPA0_LBSPPB128_LPA0_LPB2_LDL1_LRVW1_LWPMn1_LDW0_FMA_MIAV1_MDA2_MO40_MMFSC_MKFGSU256_NTA0_NTB0_NTC3_NTD3_NEPBS0_NLCA1_NLCB1_ONLL1_OPLV0_PK0_PAP0_PGR2_PLR1_PKA0_SIA3_SLW1_SS1_SU0_SUM0_SUS0_SCIUI1_SPO1_SRVW0_SSO6_SVW2_SNLL0_TSGRA0_TSGRB0_TT2_64_TLDS1_UMLDSA0_UMLDSB1_U64SL1_USFGROn1_VAW1_VSn1_VW2_VWB1_VFLRP0_WSGRA0_WSGRB0_WS64_WG64_4_1_WGM6",24451,6448466101864607,6448466101874181,0,9216,256,1,1,256,8,1
"KERNEL_DISPATCH",1,1,234619,378,1014,"Cijk_Ailk_Bljk_DB_MT128x64x16_MI16x16x4x1_SN_1LDSB1_APM1_ABV0_ACED0_AF0EM2_AF1EM2_AMAS3_ASE_ASGT_ASLT_ASM_ASAE01_ASCE01_ASEM2_AAC0_BL1_BS1_CLR0_DTLA0_DTLB0_DTVA1_DTVB0_DVO0_ETSP_EPS1_ELFLR0_EMLL0_FSSC10_FL0_GLVWA2_GLVWB2_GRCGA1_GRCGB1_GRPM1_GRVW2_GSU1_GSUASB_GLS0_ISA942_IU1_K1_KLA_LBSPPA0_LBSPPB128_LPA0_LPB2_LDL1_LRVW1_LWPMn1_LDW0_FMA_MIAV1_MDA2_MO40_MMFSC_MKFGSU256_NTA0_NTB0_NTC3_NTD3_NEPBS0_NLCA1_NLCB1_ONLL1_OPLV0_PK0_PAP0_PGR2_PLR1_PKA0_SIA3_SLW1_SS1_SU0_SUM0_SUS0_SCIUI1_SPO1_SRVW0_SSO6_SVW2_SNLL0_TSGRA0_TSGRB0_TT2_64_TLDS1_UMLDSA0_UMLDSB1_U64SL1_USFGROn1_VAW1_VSn1_VW2_VWB1_VFLRP0_WSGRA0_WSGRB0_WS64_WG64_4_1_WGM6",24454,6448466101898859,6448466101906992,0,9216,256,1,1,256,8,1
"KERNEL_DISPATCH",1,1,234619,379,880,"Cijk_Ailk_Bljk_DB_MT64x32x32_MI16x16x4x1_SN_1LDSB1_APM1_ABV0_ACED0_AF0EM2_AF1EM2_AMAS3_ASE_ASGT_ASLT_ASM_ASAE01_ASCE01_ASEM2_AAC0_BL1_BS1_CLR0_DTLA0_DTLB0_DTVA0_DTVB0_DVO0_ETSP_EPS1_ELFLR0_EMLL0_FSSC10_FL0_GLVWA2_GLVWB2_GRCGA1_GRCGB1_GRPM1_GRVW2_GSU1_GSUASB_GLS0_ISA942_IU1_K1_KLA_LBSPPA0_LBSPPB256_LPA0_LPB4_LDL1_LRVW2_LWPMn1_LDW0_FMA_MIAV1_MDA2_MO40_MMFSC_MKFGSU256_NTA0_NTB0_NTC3_NTD3_NEPBS0_NLCA1_NLCB1_ONLL1_OPLV0_PK0_PAP0_PGR2_PLR9_PKA0_SIA3_SLW1_SS1_SU0_SUM0_SUS0_SCIUI1_SPO1_SRVW0_SSO6_SVW2_SNLL0_TSGRA0_TSGRB0_TT2_16_TLDS1_UMLDSA0_UMLDSB1_U64SL1_USFGROn1_VAW1_VSn1_VW2_VWB1_VFLRP0_WSGRA0_WSGRB0_WS64_WG32_8_1_WGM6",24457,6448466101911879,6448466101919250,0,25600,256,1,1,512,16,1
"KERNEL_DISPATCH",1,1,234619,380,1014,"Cijk_Ailk_Bljk_DB_MT128x64x16_MI16x16x4x1_SN_1LDSB1_APM1_ABV0_ACED0_AF0EM2_AF1EM2_AMAS3_ASE_ASGT_ASLT_ASM_ASAE01_ASCE01_ASEM2_AAC0_BL1_BS1_CLR0_DTLA0_DTLB0_DTVA1_DTVB0_DVO0_ETSP_EPS1_ELFLR0_EMLL0_FSSC10_FL0_GLVWA2_GLVWB2_GRCGA1_GRCGB1_GRPM1_GRVW2_GSU1_GSUASB_GLS0_ISA942_IU1_K1_KLA_LBSPPA0_LBSPPB128_LPA0_LPB2_LDL1_LRVW1_LWPMn1_LDW0_FMA_MIAV1_MDA2_MO40_MMFSC_MKFGSU256_NTA0_NTB0_NTC3_NTD3_NEPBS0_NLCA1_NLCB1_ONLL1_OPLV0_PK0_PAP0_PGR2_PLR1_PKA0_SIA3_SLW1_SS1_SU0_SUM0_SUS0_SCIUI1_SPO1_SRVW0_SSO6_SVW2_SNLL0_TSGRA0_TSGRB0_TT2_64_TLDS1_UMLDSA0_UMLDSB1_U64SL1_USFGROn1_VAW1_VSn1_VW2_VWB1_VFLRP0_WSGRA0_WSGRB0_WS64_WG64_4_1_WGM6",24460,6448466101928785,6448466101937278,0,9216,256,1,1,256,8,1
"KERNEL_DISPATCH",1,1,234619,381,880,"Cijk_Ailk_Bljk_DB_MT64x32x32_MI16x16x4x1_SN_1LDSB1_APM1_ABV0_ACED0_AF0EM2_AF1EM2_AMAS3_ASE_ASGT_ASLT_ASM_ASAE01_ASCE01_ASEM2_AAC0_BL1_BS1_CLR0_DTLA0_DTLB0_DTVA0_DTVB0_DVO0_ETSP_EPS1_ELFLR0_EMLL0_FSSC10_FL0_GLVWA2_GLVWB2_GRCGA1_GRCGB1_GRPM1_GRVW2_GSU1_GSUASB_GLS0_ISA942_IU1_K1_KLA_LBSPPA0_LBSPPB256_LPA0_LPB4_LDL1_LRVW2_LWPMn1_LDW0_FMA_MIAV1_MDA2_MO40_MMFSC_MKFGSU256_NTA0_NTB0_NTC3_NTD3_NEPBS0_NLCA1_NLCB1_ONLL1_OPLV0_PK0_PAP0_PGR2_PLR9_PKA0_SIA3_SLW1_SS1_SU0_SUM0_SUS0_SCIUI1_SPO1_SRVW0_SSO6_SVW2_SNLL0_TSGRA0_TSGRB0_TT2_16_TLDS1_UMLDSA0_UMLDSB1_U64SL1_USFGROn1_VAW1_VSn1_VW2_VWB1_VFLRP0_WSGRA0_WSGRB0_WS64_WG32_8_1_WGM6",24463,6448466101947413,6448466101956948,0,25600,256,1,1,512,16,1
"KERNEL_DISPATCH",1,1,234619,382,1014,"Cijk_Ailk_Bljk_DB_MT128x64x16_MI16x16x4x1_SN_1LDSB1_APM1_ABV0_ACED0_AF0EM2_AF1EM2_AMAS3_ASE_ASGT_ASLT_ASM_ASAE01_ASCE01_ASEM2_AAC0_BL1_BS1_CLR0_DTLA0_DTLB0_DTVA1_DTVB0_DVO0_ETSP_EPS1_ELFLR0_EMLL0_FSSC10_FL0_GLVWA2_GLVWB2_GRCGA1_GRCGB1_GRPM1_GRVW2_GSU1_GSUASB_GLS0_ISA942_IU1_K1_KLA_LBSPPA0_LBSPPB128_LPA0_LPB2_LDL1_LRVW1_LWPMn1_LDW0_FMA_MIAV1_MDA2_MO40_MMFSC_MKFGSU256_NTA0_NTB0_NTC3_NTD3_NEPBS0_NLCA1_NLCB1_ONLL1_OPLV0_PK0_PAP0_PGR2_PLR1_PKA0_SIA3_SLW1_SS1_SU0_SUM0_SUS0_SCIUI1_SPO1_SRVW0_SSO6_SVW2_SNLL0_TSGRA0_TSGRB0_TT2_64_TLDS1_UMLDSA0_UMLDSB1_U64SL1_USFGROn1_VAW1_VSn1_VW2_VWB1_VFLRP0_WSGRA0_WSGRB0_WS64_WG64_4_1_WGM6",24466,6448466101974876,6448466101983329,0,9216,256,1,1,256,8,1
"KERNEL_DISPATCH",1,1,234619,383,833,"Cijk_Ailk_Bljk_DB_MT32x64x32_MI16x16x4x1_SN_1LDSB1_APM1_ABV0_ACED0_AF0EM2_AF1EM2_AMAS0_ASE_ASGT_ASLT_ASM_ASAE01_ASCE01_ASEM2_AAC0_BL1_BS1_CLR0_DTLA0_DTLB0_DTVA0_DTVB0_DVO0_ETSP_EPS1_ELFLR0_EMLL0_FSSC10_FL0_GLVWA2_GLVWB2_GRCGA1_GRCGB1_GRPM1_GRVW2_GSU1_GSUASB_GLS0_ISA942_IU1_K1_KLA_LBSPPA0_LBSPPB256_LPA0_LPB4_LDL1_LRVW2_LWPMn1_LDW0_FMA_MIAV1_MDA2_MO40_MMFSC_MKFGSU256_NTA0_NTB0_NTC3_NTD3_NEPBS0_NLCA1_NLCB1_ONLL1_OPLV0_PK0_PAP0_PGR2_PLR9_PKA0_SIA3_SLW1_SS1_SU0_SUM0_SUS0_SCIUI1_SPO1_SRVW0_SSO6_SVW1_SNLL0_TSGRA0_TSGRB0_TT2_16_TLDS1_UMLDSA0_UMLDSB1_U64SL1_USFGROn1_VAW1_VSn1_VW1_VWB1_VFLRP0_WSGRA0_WSGRB0_WS64_WG16_16_1_WGM6",24469,6448466101989478,6448466102003740,0,26624,256,1,1,4096,8,1
"KERNEL_DISPATCH",1,1,234619,384,78,"void rocsolver::v32802::getf2_npvt_small_kernel<16, double, int, int, double*>(int, double*, long, int, long, int*, int, int)",24472,6448466102003740,6448466102013154,0,136,512,1,1,512,1,1
"KERNEL_DISPATCH",1,1,234619,385,184,"void rocsolver::v32802::unit_forward_substitution_kernel<double, int, double*>(int, int, double*, int, int, long, long, double*, int, int, long, long)",24477,6448466102017841,6448466102027136,0,512,16,64,1,16,512,1
"KERNEL_DISPATCH",1,1,234619,386,880,"Cijk_Ailk_Bljk_DB_MT64x32x32_MI16x16x4x1_SN_1LDSB1_APM1_ABV0_ACED0_AF0EM2_AF1EM2_AMAS3_ASE_ASGT_ASLT_ASM_ASAE01_ASCE01_ASEM2_AAC0_BL1_BS1_CLR0_DTLA0_DTLB0_DTVA0_DTVB0_DVO0_ETSP_EPS1_ELFLR0_EMLL0_FSSC10_FL0_GLVWA2_GLVWB2_GRCGA1_GRCGB1_GRPM1_GRVW2_GSU1_GSUASB_GLS0_ISA942_IU1_K1_KLA_LBSPPA0_LBSPPB256_LPA0_LPB4_LDL1_LRVW2_LWPMn1_LDW0_FMA_MIAV1_MDA2_MO40_MMFSC_MKFGSU256_NTA0_NTB0_NTC3_NTD3_NEPBS0_NLCA1_NLCB1_ONLL1_OPLV0_PK0_PAP0_PGR2_PLR9_PKA0_SIA3_SLW1_SS1_SU0_SUM0_SUS0_SCIUI1_SPO1_SRVW0_SSO6_SVW2_SNLL0_TSGRA0_TSGRB0_TT2_16_TLDS1_UMLDSA0_UMLDSB1_U64SL1_USFGROn1_VAW1_VSn1_VW2_VWB1_VFLRP0_WSGRA0_WSGRB0_WS64_WG32_8_1_WGM6",24480,6448466102040717,6448466102044843,0,25600,256,1,1,2048,16,1
"KERNEL_DISPATCH",1,1,234619,387,78,"void rocsolver::v32802::getf2_npvt_small_kernel<16, double, int, int, double*>(int, double*, long, int, long, int*, int, int)",24483,6448466102053176,6448466102063391,0,136,496,1,1,496,1,1
"KERNEL_DISPATCH",1,1,234619,388,184,"void rocsolver::v32802::unit_forward_substitution_kernel<double, int, double*>(int, int, double*, int, int, long, long, double*, int, int, long, long)",24488,6448466102066486,6448466102075941,0,512,16,64,1,16,512,1
"KERNEL_DISPATCH",1,1,234619,389,880,"Cijk_Ailk_Bljk_DB_MT64x32x32_MI16x16x4x1_SN_1LDSB1_APM1_ABV0_ACED0_AF0EM2_AF1EM2_AMAS3_ASE_ASGT_ASLT_ASM_ASAE01_ASCE01_ASEM2_AAC0_BL1_BS1_CLR0_DTLA0_DTLB0_DTVA0_DTVB0_DVO0_ETSP_EPS1_ELFLR0_EMLL0_FSSC10_FL0_GLVWA2_GLVWB2_GRCGA1_GRCGB1_GRPM1_GRVW2_GSU1_GSUASB_GLS0_ISA942_IU1_K1_KLA_LBSPPA0_LBSPPB256_LPA0_LPB4_LDL1_LRVW2_LWPMn1_LDW0_FMA_MIAV1_MDA2_MO40_MMFSC_MKFGSU256_NTA0_NTB0_NTC3_NTD3_NEPBS0_NLCA1_NLCB1_ONLL1_OPLV0_PK0_PAP0_PGR2_PLR9_PKA0_SIA3_SLW1_SS1_SU0_SUM0_SUS0_SCIUI1_SPO1_SRVW0_SSO6_SVW2_SNLL0_TSGRA0_TSGRB0_TT2_16_TLDS1_UMLDSA0_UMLDSB1_U64SL1_USFGROn1_VAW1_VSn1_VW2_VWB1_VFLRP0_WSGRA0_WSGRB0_WS64_WG32_8_1_WGM6",24491,6448466102094559,6448466102099286,0,25600,256,1,1,2048,15,1
"KERNEL_DISPATCH",1,1,234619,390,78,"void rocsolver::v32802::getf2_npvt_small_kernel<16, double, int, int, double*>(int, double*, long, int, long, int*, int, int)",24494,6448466102102792,6448466102115051,0,136,480,1,1,480,1,1
"KERNEL_DISPATCH",1,1,234619,391,184,"void rocsolver::v32802::unit_forward_substitution_kernel<double, int, double*>(int, int, double*, int, int, long, long, double*, int, int, long, long)",24499,6448466102115311,6448466102124124,0,512,16,64,1,16,512,1
"KERNEL_DISPATCH",1,1,234619,392,880,"Cijk_Ailk_Bljk_DB_MT64x32x32_MI16x16x4x1_SN_1LDSB1_APM1_ABV0_ACED0_AF0EM2_AF1EM2_AMAS3_ASE_ASGT_ASLT_ASM_ASAE01_ASCE01_ASEM2_AAC0_BL1_BS1_CLR0_DTLA0_DTLB0_DTVA0_DTVB0_DVO0_ETSP_EPS1_ELFLR0_EMLL0_FSSC10_FL0_GLVWA2_GLVWB2_GRCGA1_GRCGB1_GRPM1_GRVW2_GSU1_GSUASB_GLS0_ISA942_IU1_K1_KLA_LBSPPA0_LBSPPB256_LPA0_LPB4_LDL1_LRVW2_LWPMn1_LDW0_FMA_MIAV1_MDA2_MO40_MMFSC_MKFGSU256_NTA0_NTB0_NTC3_NTD3_NEPBS0_NLCA1_NLCB1_ONLL1_OPLV0_PK0_PAP0_PGR2_PLR9_PKA0_SIA3_SLW1_SS1_SU0_SUM0_SUS0_SCIUI1_SPO1_SRVW0_SSO6_SVW2_SNLL0_TSGRA0_TSGRB0_TT2_16_TLDS1_UMLDSA0_UMLDSB1_U64SL1_USFGROn1_VAW1_VSn1_VW2_VWB1_VFLRP0_WSGRA0_WSGRB0_WS64_WG32_8_1_WGM6",24502,6448466102137506,6448466102142353,0,25600,256,1,1,2048,15,1
"KERNEL_DISPATCH",1,1,234619,393,78,"void rocsolver::v32802::getf2_npvt_small_kernel<16, double, int, int, double*>(int, double*, long, int, long, int*, int, int)",24505,6448466102153209,6448466102162744,0,136,464,1,1,464,1,1
"KERNEL_DISPATCH",1,1,234619,394,184,"void rocsolver::v32802::unit_forward_substitution_kernel<double, int, double*>(int, int, double*, int, int, long, long, double*, int, int, long, long)",24510,6448466102166990,6448466102176164,0,512,16,64,1,16,448,1
"KERNEL_DISPATCH",1,1,234619,395,880,"Cijk_Ailk_Bljk_DB_MT64x32x32_MI16x16x4x1_SN_1LDSB1_APM1_ABV0_ACED0_AF0EM2_AF1EM2_AMAS3_ASE_ASGT_ASLT_ASM_ASAE01_ASCE01_ASEM2_AAC0_BL1_BS1_CLR0_DTLA0_DTLB0_DTVA0_DTVB0_DVO0_ETSP_EPS1_ELFLR0_EMLL0_FSSC10_FL0_GLVWA2_GLVWB2_GRCGA1_GRCGB1_GRPM1_GRVW2_GSU1_GSUASB_GLS0_ISA942_IU1_K1_KLA_LBSPPA0_LBSPPB256_LPA0_LPB4_LDL1_LRVW2_LWPMn1_LDW0_FMA_MIAV1_MDA2_MO40_MMFSC_MKFGSU256_NTA0_NTB0_NTC3_NTD3_NEPBS0_NLCA1_NLCB1_ONLL1_OPLV0_PK0_PAP0_PGR2_PLR9_PKA0_SIA3_SLW1_SS1_SU0_SUM0_SUS0_SCIUI1_SPO1_SRVW0_SSO6_SVW2_SNLL0_TSGRA0_TSGRB0_TT2_16_TLDS1_UMLDSA0_UMLDSB1_U64SL1_USFGROn1_VAW1_VSn1_VW2_VWB1_VFLRP0_WSGRA0_WSGRB0_WS64_WG32_8_1_WGM6",24513,6448466102185458,6448466102191227,0,25600,256,1,1,1792,14,1
"KERNEL_DISPATCH",1,1,234619,396,78,"void rocsolver::v32802::getf2_npvt_small_kernel<16, double, int, int, double*>(int, double*, long, int, long, int*, int, int)",24516,6448466102202284,6448466102213461,0,136,448,1,1,448,1,1
"KERNEL_DISPATCH",1,1,234619,397,184,"void rocsolver::v32802::unit_forward_substitution_kernel<double, int, double*>(int, int, double*, int, int, long, long, double*, int, int, long, long)",24521,6448466102216516,6448466102225891,0,512,16,64,1,16,448,1
"KERNEL_DISPATCH",1,1,234619,398,880,"Cijk_Ailk_Bljk_DB_MT64x32x32_MI16x16x4x1_SN_1LDSB1_APM1_ABV0_ACED0_AF0EM2_AF1EM2_AMAS3_ASE_ASGT_ASLT_ASM_ASAE01_ASCE01_ASEM2_AAC0_BL1_BS1_CLR0_DTLA0_DTLB0_DTVA0_DTVB0_DVO0_ETSP_EPS1_ELFLR0_EMLL0_FSSC10_FL0_GLVWA2_GLVWB2_GRCGA1_GRCGB1_GRPM1_GRVW2_GSU1_GSUASB_GLS0_ISA942_IU1_K1_KLA_LBSPPA0_LBSPPB256_LPA0_LPB4_LDL1_LRVW2_LWPMn1_LDW0_FMA_MIAV1_MDA2_MO40_MMFSC_MKFGSU256_NTA0_NTB0_NTC3_NTD3_NEPBS0_NLCA1_NLCB1_ONLL1_OPLV0_PK0_PAP0_PGR2_PLR9_PKA0_SIA3_SLW1_SS1_SU0_SUM0_SUS0_SCIUI1_SPO1_SRVW0_SSO6_SVW2_SNLL0_TSGRA0_TSGRB0_TT2_16_TLDS1_UMLDSA0_UMLDSB1_U64SL1_USFGROn1_VAW1_VSn1_VW2_VWB1_VFLRP0_WSGRA0_WSGRB0_WS64_WG32_8_1_WGM6",24524,6448466102247353,6448466102252481,0,25600,256,1,1,1792,14,1
"KERNEL_DISPATCH",1,1,234619,399,78,"void rocsolver::v32802::getf2_npvt_small_kernel<16, double, int, int, double*>(int, double*, long, int, long, int*, int, int)",24527,6448466102259131,6448466102268786,0,136,432,1,1,432,1,1
"KERNEL_DISPATCH",1,1,234619,400,184,"void rocsolver::v32802::unit_forward_substitution_kernel<double, int, double*>(int, int, double*, int, int, long, long, double*, int, int, long, long)",24532,6448466102271270,6448466102280684,0,512,16,64,1,16,448,1
"KERNEL_DISPATCH",1,1,234619,401,880,"Cijk_Ailk_Bljk_DB_MT64x32x32_MI16x16x4x1_SN_1LDSB1_APM1_ABV0_ACED0_AF0EM2_AF1EM2_AMAS3_ASE_ASGT_ASLT_ASM_ASAE01_ASCE01_ASEM2_AAC0_BL1_BS1_CLR0_DTLA0_DTLB0_DTVA0_DTVB0_DVO0_ETSP_EPS1_ELFLR0_EMLL0_FSSC10_FL0_GLVWA2_GLVWB2_GRCGA1_GRCGB1_GRPM1_GRVW2_GSU1_GSUASB_GLS0_ISA942_IU1_K1_KLA_LBSPPA0_LBSPPB256_LPA0_LPB4_LDL1_LRVW2_LWPMn1_LDW0_FMA_MIAV1_MDA2_MO40_MMFSC_MKFGSU256_NTA0_NTB0_NTC3_NTD3_NEPBS0_NLCA1_NLCB1_ONLL1_OPLV0_PK0_PAP0_PGR2_PLR9_PKA0_SIA3_SLW1_SS1_SU0_SUM0_SUS0_SCIUI1_SPO1_SRVW0_SSO6_SVW2_SNLL0_TSGRA0_TSGRB0_TT2_16_TLDS1_UMLDSA0_UMLDSB1_U64SL1_USFGROn1_VAW1_VSn1_VW2_VWB1_VFLRP0_WSGRA0_WSGRB0_WS64_WG32_8_1_WGM6",24535,6448466102295908,6448466102300595,0,25600,256,1,1,1792,13,1
"KERNEL_DISPATCH",1,1,234619,402,78,"void rocsolver::v32802::getf2_npvt_small_kernel<16, double, int, int, double*>(int, double*, long, int, long, int*, int, int)",24538,6448466102309128,6448466102318663,0,136,416,1,1,416,1,1
"KERNEL_DISPATCH",1,1,234619,403,184,"void rocsolver::v32802::unit_forward_substitution_kernel<double, int, double*>(int, int, double*, int, int, long, long, double*, int, int, long, long)",24543,6448466102322949,6448466102332203,0,512,16,64,1,16,448,1
"KERNEL_DISPATCH",1,1,234619,404,880,"Cijk_Ailk_Bljk_DB_MT64x32x32_MI16x16x4x1_SN_1LDSB1_APM1_ABV0_ACED0_AF0EM2_AF1EM2_AMAS3_ASE_ASGT_ASLT_ASM_ASAE01_ASCE01_ASEM2_AAC0_BL1_BS1_CLR0_DTLA0_DTLB0_DTVA0_DTVB0_DVO0_ETSP_EPS1_ELFLR0_EMLL0_FSSC10_FL0_GLVWA2_GLVWB2_GRCGA1_GRCGB1_GRPM1_GRVW2_GSU1_GSUASB_GLS0_ISA942_IU1_K1_KLA_LBSPPA0_LBSPPB256_LPA0_LPB4_LDL1_LRVW2_LWPMn1_LDW0_FMA_MIAV1_MDA2_MO40_MMFSC_MKFGSU256_NTA0_NTB0_NTC3_NTD3_NEPBS0_NLCA1_NLCB1_ONLL1_OPLV0_PK0_PAP0_PGR2_PLR9_PKA0_SIA3_SLW1_SS1_SU0_SUM0_SUS0_SCIUI1_SPO1_SRVW0_SSO6_SVW2_SNLL0_TSGRA0_TSGRB0_TT2_16_TLDS1_UMLDSA0_UMLDSB1_U64SL1_USFGROn1_VAW1_VSn1_VW2_VWB1_VFLRP0_WSGRA0_WSGRB0_WS64_WG32_8_1_WGM6",24546,6448466102342659,6448466102347106,0,25600,256,1,1,1792,13,1
"KERNEL_DISPATCH",1,1,234619,405,78,"void rocsolver::v32802::getf2_npvt_small_kernel<16, double, int, int, double*>(int, double*, long, int, long, int*, int, int)",24549,6448466102359605,6448466102369420,0,136,400,1,1,400,1,1
"KERNEL_DISPATCH",1,1,234619,406,184,"void rocsolver::v32802::unit_forward_substitution_kernel<double, int, double*>(int, int, double*, int, int, long, long, double*, int, int, long, long)",24554,6448466102372946,6448466102382320,0,512,16,64,1,16,384,1
"KERNEL_DISPATCH",1,1,234619,407,880,"Cijk_Ailk_Bljk_DB_MT64x32x32_MI16x16x4x1_SN_1LDSB1_APM1_ABV0_ACED0_AF0EM2_AF1EM2_AMAS3_ASE_ASGT_ASLT_ASM_ASAE01_ASCE01_ASEM2_AAC0_BL1_BS1_CLR0_DTLA0_DTLB0_DTVA0_DTVB0_DVO0_ETSP_EPS1_ELFLR0_EMLL0_FSSC10_FL0_GLVWA2_GLVWB2_GRCGA1_GRCGB1_GRPM1_GRVW2_GSU1_GSUASB_GLS0_ISA942_IU1_K1_KLA_LBSPPA0_LBSPPB256_LPA0_LPB4_LDL1_LRVW2_LWPMn1_LDW0_FMA_MIAV1_MDA2_MO40_MMFSC_MKFGSU256_NTA0_NTB0_NTC3_NTD3_NEPBS0_NLCA1_NLCB1_ONLL1_OPLV0_PK0_PAP0_PGR2_PLR9_PKA0_SIA3_SLW1_SS1_SU0_SUM0_SUS0_SCIUI1_SPO1_SRVW0_SSO6_SVW2_SNLL0_TSGRA0_TSGRB0_TT2_16_TLDS1_UMLDSA0_UMLDSB1_U64SL1_USFGROn1_VAW1_VSn1_VW2_VWB1_VFLRP0_WSGRA0_WSGRB0_WS64_WG32_8_1_WGM6",24557,6448466102394920,6448466102399607,0,25600,256,1,1,1536,12,1
"KERNEL_DISPATCH",1,1,234619,408,78,"void rocsolver::v32802::getf2_npvt_small_kernel<16, double, int, int, double*>(int, double*, long, int, long, int*, int, int)",24560,6448466102410163,6448466102419497,0,136,384,1,1,384,1,1
"KERNEL_DISPATCH",1,1,234619,409,184,"void rocsolver::v32802::unit_forward_substitution_kernel<double, int, double*>(int, int, double*, int, int, long, long, double*, int, int, long, long)",24565,6448466102424665,6448466102434640,0,512,16,64,1,16,384,1
"KERNEL_DISPATCH",1,1,234619,410,1221,"Cijk_Ailk_Bljk_DB_MT128x64x16_MI16x16x4x1_SN_1LDSB1_APM1_ABV0_ACED0_AF0EM2_AF1EM2_AMAS3_ASE_ASGT_ASLT_ASM_ASAE01_ASCE01_ASEM2_AAC0_BL1_BS1_CLR0_DTLA0_DTLB0_DTVA1_DTVB0_DVO0_ETSP_EPS1_ELFLR0_EMLL0_FSSC10_FL0_GLVWA2_GLVWB2_GRCGA1_GRCGB1_GRPM1_GRVW2_GSU1_GSUASB_GLS0_ISA942_IU1_K1_KLA_LBSPPA0_LBSPPB0_LPA0_LPB2_LDL1_LRVW1_LWPMn1_LDW0_FMA_MIAV1_MDA2_MO40_MMFSC_MKFGSU256_NTA0_NTB0_NTC3_NTD3_NEPBS4_NLCA1_NLCB1_ONLL1_OPLV0_PK0_PAP0_PGR2_PLR1_PKA0_SIA3_SLW1_SS1_SU0_SUM0_SUS0_SCIUI1_SPO1_SRVW0_SSO6_SVW2_SNLL0_TSGRA0_TSGRB0_TT2_64_TLDS0_UMLDSA0_UMLDSB0_U64SL1_USFGROn1_VAW1_VSn1_VW2_VWB1_VFLRP0_WSGRA0_WSGRB0_WS64_WG64_4_1_WGM12",24568,6448466102449023,6448466102456554,0,8448,256,1,1,768,6,1
"KERNEL_DISPATCH",1,1,234619,411,78,"void rocsolver::v32802::getf2_npvt_small_kernel<16, double, int, int, double*>(int, double*, long, int, long, int*, int, int)",24571,6448466102462523,6448466102472058,0,136,368,1,1,368,1,1
"KERNEL_DISPATCH",1,1,234619,412,184,"void rocsolver::v32802::unit_forward_substitution_kernel<double, int, double*>(int, int, double*, int, int, long, long, double*, int, int, long, long)",24576,6448466102475944,6448466102485799,0,512,16,64,1,16,384,1
"KERNEL_DISPATCH",1,1,234619,413,1221,"Cijk_Ailk_Bljk_DB_MT128x64x16_MI16x16x4x1_SN_1LDSB1_APM1_ABV0_ACED0_AF0EM2_AF1EM2_AMAS3_ASE_ASGT_ASLT_ASM_ASAE01_ASCE01_ASEM2_AAC0_BL1_BS1_CLR0_DTLA0_DTLB0_DTVA1_DTVB0_DVO0_ETSP_EPS1_ELFLR0_EMLL0_FSSC10_FL0_GLVWA2_GLVWB2_GRCGA1_GRCGB1_GRPM1_GRVW2_GSU1_GSUASB_GLS0_ISA942_IU1_K1_KLA_LBSPPA0_LBSPPB0_LPA0_LPB2_LDL1_LRVW1_LWPMn1_LDW0_FMA_MIAV1_MDA2_MO40_MMFSC_MKFGSU256_NTA0_NTB0_NTC3_NTD3_NEPBS4_NLCA1_NLCB1_ONLL1_OPLV0_PK0_PAP0_PGR2_PLR1_PKA0_SIA3_SLW1_SS1_SU0_SUM0_SUS0_SCIUI1_SPO1_SRVW0_SSO6_SVW2_SNLL0_TSGRA0_TSGRB0_TT2_64_TLDS0_UMLDSA0_UMLDSB0_U64SL1_USFGROn1_VAW1_VSn1_VW2_VWB1_VFLRP0_WSGRA0_WSGRB0_WS64_WG64_4_1_WGM12",24579,6448466102501864,6448466102508434,0,8448,256,1,1,768,6,1
"KERNEL_DISPATCH",1,1,234619,414,78,"void rocsolver::v32802::getf2_npvt_small_kernel<16, double, int, int, double*>(int, double*, long, int, long, int*, int, int)",24582,6448466102512119,6448466102521494,0,136,352,1,1,352,1,1
"KERNEL_DISPATCH",1,1,234619,415,184,"void rocsolver::v32802::unit_forward_substitution_kernel<double, int, double*>(int, int, double*, int, int, long, long, double*, int, int, long, long)",24587,6448466102523897,6448466102533712,0,512,16,64,1,16,384,1
"KERNEL_DISPATCH",1,1,234619,416,1221,"Cijk_Ailk_Bljk_DB_MT128x64x16_MI16x16x4x1_SN_1LDSB1_APM1_ABV0_ACED0_AF0EM2_AF1EM2_AMAS3_ASE_ASGT_ASLT_ASM_ASAE01_ASCE01_ASEM2_AAC0_BL1_BS1_CLR0_DTLA0_DTLB0_DTVA1_DTVB0_DVO0_ETSP_EPS1_ELFLR0_EMLL0_FSSC10_FL0_GLVWA2_GLVWB2_GRCGA1_GRCGB1_GRPM1_GRVW2_GSU1_GSUASB_GLS0_ISA942_IU1_K1_KLA_LBSPPA0_LBSPPB0_LPA0_LPB2_LDL1_LRVW1_LWPMn1_LDW0_FMA_MIAV1_MDA2_MO40_MMFSC_MKFGSU256_NTA0_NTB0_NTC3_NTD3_NEPBS4_NLCA1_NLCB1_ONLL1_OPLV0_PK0_PAP0_PGR2_PLR1_PKA0_SIA3_SLW1_SS1_SU0_SUM0_SUS0_SCIUI1_SPO1_SRVW0_SSO6_SVW2_SNLL0_TSGRA0_TSGRB0_TT2_64_TLDS0_UMLDSA0_UMLDSB0_U64SL1_USFGROn1_VAW1_VSn1_VW2_VWB1_VFLRP0_WSGRA0_WSGRB0_WS64_WG64_4_1_WGM12",24590,6448466102548655,6448466102555466,0,8448,256,1,1,768,6,1
"KERNEL_DISPATCH",1,1,234619,417,78,"void rocsolver::v32802::getf2_npvt_small_kernel<16, double, int, int, double*>(int, double*, long, int, long, int*, int, int)",24593,6448466102557429,6448466102566202,0,136,336,1,1,336,1,1
"KERNEL_DISPATCH",1,1,234619,418,184,"void rocsolver::v32802::unit_forward_substitution_kernel<double, int, double*>(int, int, double*, int, int, long, long, double*, int, int, long, long)",24598,6448466102570239,6448466102580054,0,512,16,64,1,16,320,1
"KERNEL_DISPATCH",1,1,234619,419,1221,"Cijk_Ailk_Bljk_DB_MT128x64x16_MI16x16x4x1_SN_1LDSB1_APM1_ABV0_ACED0_AF0EM2_AF1EM2_AMAS3_ASE_ASGT_ASLT_ASM_ASAE01_ASCE01_ASEM2_AAC0_BL1_BS1_CLR0_DTLA0_DTLB0_DTVA1_DTVB0_DVO0_ETSP_EPS1_ELFLR0_EMLL0_FSSC10_FL0_GLVWA2_GLVWB2_GRCGA1_GRCGB1_GRPM1_GRVW2_GSU1_GSUASB_GLS0_ISA942_IU1_K1_KLA_LBSPPA0_LBSPPB0_LPA0_LPB2_LDL1_LRVW1_LWPMn1_LDW0_FMA_MIAV1_MDA2_MO40_MMFSC_MKFGSU256_NTA0_NTB0_NTC3_NTD3_NEPBS4_NLCA1_NLCB1_ONLL1_OPLV0_PK0_PAP0_PGR2_PLR1_PKA0_SIA3_SLW1_SS1_SU0_SUM0_SUS0_SCIUI1_SPO1_SRVW0_SSO6_SVW2_SNLL0_TSGRA0_TSGRB0_TT2_64_TLDS0_UMLDSA0_UMLDSB0_U64SL1_USFGROn1_VAW1_VSn1_VW2_VWB1_VFLRP0_WSGRA0_WSGRB0_WS64_WG64_4_1_WGM12",24601,6448466102600154,6448466102607886,0,8448,256,1,1,768,5,1
"KERNEL_DISPATCH",1,1,234619,420,78,"void rocsolver::v32802::getf2_npvt_small_kernel<16, double, int, int, double*>(int, double*, long, int, long, int*, int, int)",24604,6448466102618402,6448466102627376,0,136,320,1,1,320,1,1
"KERNEL_DISPATCH",1,1,234619,421,184,"void rocsolver::v32802::unit_forward_substitution_kernel<double, int, double*>(int, int, double*, int, int, long, long, double*, int, int, long, long)",24609,6448466102630791,6448466102640606,0,512,16,64,1,16,320,1
"KERNEL_DISPATCH",1,1,234619,422,1221,"Cijk_Ailk_Bljk_DB_MT128x64x16_MI16x16x4x1_SN_1LDSB1_APM1_ABV0_ACED0_AF0EM2_AF1EM2_AMAS3_ASE_ASGT_ASLT_ASM_ASAE01_ASCE01_ASEM2_AAC0_BL1_BS1_CLR0_DTLA0_DTLB0_DTVA1_DTVB0_DVO0_ETSP_EPS1_ELFLR0_EMLL0_FSSC10_FL0_GLVWA2_GLVWB2_GRCGA1_GRCGB1_GRPM1_GRVW2_GSU1_GSUASB_GLS0_ISA942_IU1_K1_KLA_LBSPPA0_LBSPPB0_LPA0_LPB2_LDL1_LRVW1_LWPMn1_LDW0_FMA_MIAV1_MDA2_MO40_MMFSC_MKFGSU256_NTA0_NTB0_NTC3_NTD3_NEPBS4_NLCA1_NLCB1_ONLL1_OPLV0_PK0_PAP0_PGR2_PLR1_PKA0_SIA3_SLW1_SS1_SU0_SUM0_SUS0_SCIUI1_SPO1_SRVW0_SSO6_SVW2_SNLL0_TSGRA0_TSGRB0_TT2_64_TLDS0_UMLDSA0_UMLDSB0_U64SL1_USFGROn1_VAW1_VSn1_VW2_VWB1_VFLRP0_WSGRA0_WSGRB0_WS64_WG64_4_1_WGM12",24612,6448466102656180,6448466102662430,0,8448,256,1,1,768,5,1
"KERNEL_DISPATCH",1,1,234619,423,78,"void rocsolver::v32802::getf2_npvt_small_kernel<16, double, int, int, double*>(int, double*, long, int, long, int*, int, int)",24615,6448466102666917,6448466102676732,0,136,304,1,1,304,1,1
"KERNEL_DISPATCH",1,1,234619,424,184,"void rocsolver::v32802::unit_forward_substitution_kernel<double, int, double*>(int, int, double*, int, int, long, long, double*, int, int, long, long)",24620,6448466102676311,6448466102685605,0,512,16,64,1,16,320,1
"KERNEL_DISPATCH",1,1,234619,425,1221,"Cijk_Ailk_Bljk_DB_MT128x64x16_MI16x16x4x1_SN_1LDSB1_APM1_ABV0_ACED0_AF0EM2_AF1EM2_AMAS3_ASE_ASGT_ASLT_ASM_ASAE01_ASCE01_ASEM2_AAC0_BL1_BS1_CLR0_DTLA0_DTLB0_DTVA1_DTVB0_DVO0_ETSP_EPS1_ELFLR0_EMLL0_FSSC10_FL0_GLVWA2_GLVWB2_GRCGA1_GRCGB1_GRPM1_GRVW2_GSU1_GSUASB_GLS0_ISA942_IU1_K1_KLA_LBSPPA0_LBSPPB0_LPA0_LPB2_LDL1_LRVW1_LWPMn1_LDW0_FMA_MIAV1_MDA2_MO40_MMFSC_MKFGSU256_NTA0_NTB0_NTC3_NTD3_NEPBS4_NLCA1_NLCB1_ONLL1_OPLV0_PK0_PAP0_PGR2_PLR1_PKA0_SIA3_SLW1_SS1_SU0_SUM0_SUS0_SCIUI1_SPO1_SRVW0_SSO6_SVW2_SNLL0_TSGRA0_TSGRB0_TT2_64_TLDS0_UMLDSA0_UMLDSB0_U64SL1_USFGROn1_VAW1_VSn1_VW2_VWB1_VFLRP0_WSGRA0_WSGRB0_WS64_WG64_4_1_WGM12",24623,6448466102701409,6448466102708260,0,8448,256,1,1,768,5,1
"KERNEL_DISPATCH",1,1,234619,426,78,"void rocsolver::v32802::getf2_npvt_small_kernel<16, double, int, int, double*>(int, double*, long, int, long, int*, int, int)",24626,6448466102710944,6448466102721400,0,136,288,1,1,288,1,1
"KERNEL_DISPATCH",1,1,234619,427,184,"void rocsolver::v32802::unit_forward_substitution_kernel<double, int, double*>(int, int, double*, int, int, long, long, double*, int, int, long, long)",24631,6448466102721400,6448466102730895,0,512,16,64,1,16,320,1
"KERNEL_DISPATCH",1,1,234619,428,874,"Cijk_Ailk_Bljk_DB_MT64x64x16_MI16x16x4x1_SN_1LDSB1_APM1_ABV0_ACED0_AF0EM2_AF1EM2_AMAS3_ASE_ASGT_ASLT_ASM_ASAE01_ASCE01_ASEM2_AAC0_BL1_BS1_CLR0_DTLA0_DTLB0_DTVA0_DTVB0_DVO0_ETSP_EPS1_ELFLR0_EMLL0_FSSC10_FL0_GLVWA2_GLVWB2_GRCGA1_GRCGB1_GRPM1_GRVW2_GSU1_GSUASB_GLS0_ISA942_IU1_K1_KLA_LBSPPA0_LBSPPB128_LPA0_LPB2_LDL1_LRVW1_LWPMn1_LDW0_FMA_MIAV1_MDA2_MO40_MMFSC_MKFGSU256_NTA0_NTB0_NTC3_NTD3_NEPBS4_NLCA1_NLCB1_ONLL1_OPLV0_PK0_PAP0_PGR2_PLR5_PKA0_SIA3_SLW1_SS1_SU0_SUM0_SUS0_SCIUI1_SPO1_SRVW0_SSO6_SVW2_SNLL0_TSGRA0_TSGRB0_TT2_32_TLDS1_UMLDSA0_UMLDSB1_U64SL1_USFGROn1_VAW1_VSn1_VW2_VWB1_VFLRP0_WSGRA0_WSGRB0_WS64_WG32_8_1_WGM6",24634,6448466102749002,6448466102754411,0,17408,256,1,1,1280,5,1
"KERNEL_DISPATCH",1,1,234619,429,78,"void rocsolver::v32802::getf2_npvt_small_kernel<16, double, int, int, double*>(int, double*, long, int, long, int*, int, int)",24637,6448466102759579,6448466102768552,0,136,272,1,1,272,1,1
"KERNEL_DISPATCH",1,1,234619,430,184,"void rocsolver::v32802::unit_forward_substitution_kernel<double, int, double*>(int, int, double*, int, int, long, long, double*, int, int, long, long)",24642,6448466102770636,6448466102779890,0,512,16,64,1,16,256,1
"KERNEL_DISPATCH",1,1,234619,431,874,"Cijk_Ailk_Bljk_DB_MT64x64x16_MI16x16x4x1_SN_1LDSB1_APM1_ABV0_ACED0_AF0EM2_AF1EM2_AMAS3_ASE_ASGT_ASLT_ASM_ASAE01_ASCE01_ASEM2_AAC0_BL1_BS1_CLR0_DTLA0_DTLB0_DTVA0_DTVB0_DVO0_ETSP_EPS1_ELFLR0_EMLL0_FSSC10_FL0_GLVWA2_GLVWB2_GRCGA1_GRCGB1_GRPM1_GRVW2_GSU1_GSUASB_GLS0_ISA942_IU1_K1_KLA_LBSPPA0_LBSPPB128_LPA0_LPB2_LDL1_LRVW1_LWPMn1_LDW0_FMA_MIAV1_MDA2_MO40_MMFSC_MKFGSU256_NTA0_NTB0_NTC3_NTD3_NEPBS4_NLCA1_NLCB1_ONLL1_OPLV0_PK0_PAP0_PGR2_PLR5_PKA0_SIA3_SLW1_SS1_SU0_SUM0_SUS0_SCIUI1_SPO1_SRVW0_SSO6_SVW2_SNLL0_TSGRA0_TSGRB0_TT2_32_TLDS1_UMLDSA0_UMLDSB1_U64SL1_USFGROn1_VAW1_VSn1_VW2_VWB1_VFLRP0_WSGRA0_WSGRB0_WS64_WG32_8_1_WGM6",24645,6448466102792940,6448466102797307,0,17408,256,1,1,1024,4,1
"KERNEL_DISPATCH",1,1,234619,432,78,"void rocsolver::v32802::getf2_npvt_small_kernel<16, double, int, int, double*>(int, double*, long, int, long, int*, int, int)",24648,6448466102807773,6448466102816065,0,136,256,1,1,256,1,1
"KERNEL_DISPATCH",1,1,234619,433,184,"void rocsolver::v32802::unit_forward_substitution_kernel<double, int, double*>(int, int, double*, int, int, long, long, double*, int, int, long, long)",24653,6448466102818389,6448466102827282,0,512,16,64,1,16,256,1
"KERNEL_DISPATCH",1,1,234619,434,874,"Cijk_Ailk_Bljk_DB_MT64x64x16_MI16x16x4x1_SN_1LDSB1_APM1_ABV0_ACED0_AF0EM2_AF1EM2_AMAS3_ASE_ASGT_ASLT_ASM_ASAE01_ASCE01_ASEM2_AAC0_BL1_BS1_CLR0_DTLA0_DTLB0_DTVA0_DTVB0_DVO0_ETSP_EPS1_ELFLR0_EMLL0_FSSC10_FL0_GLVWA2_GLVWB2_GRCGA1_GRCGB1_GRPM1_GRVW2_GSU1_GSUASB_GLS0_ISA942_IU1_K1_KLA_LBSPPA0_LBSPPB128_LPA0_LPB2_LDL1_LRVW1_LWPMn1_LDW0_FMA_MIAV1_MDA2_MO40_MMFSC_MKFGSU256_NTA0_NTB0_NTC3_NTD3_NEPBS4_NLCA1_NLCB1_ONLL1_OPLV0_PK0_PAP0_PGR2_PLR5_PKA0_SIA3_SLW1_SS1_SU0_SUM0_SUS0_SCIUI1_SPO1_SRVW0_SSO6_SVW2_SNLL0_TSGRA0_TSGRB0_TT2_32_TLDS1_UMLDSA0_UMLDSB1_U64SL1_USFGROn1_VAW1_VSn1_VW2_VWB1_VFLRP0_WSGRA0_WSGRB0_WS64_WG32_8_1_WGM6",24656,6448466102838099,6448466102843307,0,17408,256,1,1,1024,4,1
"KERNEL_DISPATCH",1,1,234619,435,78,"void rocsolver::v32802::getf2_npvt_small_kernel<16, double, int, int, double*>(int, double*, long, int, long, int*, int, int)",24659,6448466102850879,6448466102859292,0,136,240,1,1,240,1,1
"KERNEL_DISPATCH",1,1,234619,436,184,"void rocsolver::v32802::unit_forward_substitution_kernel<double, int, double*>(int, int, double*, int, int, long, long, double*, int, int, long, long)",24664,6448466102864620,6448466102873313,0,512,16,64,1,16,256,1
"KERNEL_DISPATCH",1,1,234619,437,874,"Cijk_Ailk_Bljk_DB_MT64x64x16_MI16x16x4x1_SN_1LDSB1_APM1_ABV0_ACED0_AF0EM2_AF1EM2_AMAS3_ASE_ASGT_ASLT_ASM_ASAE01_ASCE01_ASEM2_AAC0_BL1_BS1_CLR0_DTLA0_DTLB0_DTVA0_DTVB0_DVO0_ETSP_EPS1_ELFLR0_EMLL0_FSSC10_FL0_GLVWA2_GLVWB2_GRCGA1_GRCGB1_GRPM1_GRVW2_GSU1_GSUASB_GLS0_ISA942_IU1_K1_KLA_LBSPPA0_LBSPPB128_LPA0_LPB2_LDL1_LRVW1_LWPMn1_LDW0_FMA_MIAV1_MDA2_MO40_MMFSC_MKFGSU256_NTA0_NTB0_NTC3_NTD3_NEPBS4_NLCA1_NLCB1_ONLL1_OPLV0_PK0_PAP0_PGR2_PLR5_PKA0_SIA3_SLW1_SS1_SU0_SUM0_SUS0_SCIUI1_SPO1_SRVW0_SSO6_SVW2_SNLL0_TSGRA0_TSGRB0_TT2_32_TLDS1_UMLDSA0_UMLDSB1_U64SL1_USFGROn1_VAW1_VSn1_VW2_VWB1_VFLRP0_WSGRA0_WSGRB0_WS64_WG32_8_1_WGM6",24667,6448466102890019,6448466102894626,0,17408,256,1,1,1024,4,1
"KERNEL_DISPATCH",1,1,234619,438,78,"void rocsolver::v32802::getf2_npvt_small_kernel<16, double, int, int, double*>(int, double*, long, int, long, int*, int, int)",24670,6448466102901516,6448466102909529,0,136,224,1,1,224,1,1
"KERNEL_DISPATCH",1,1,234619,439,184,"void rocsolver::v32802::unit_forward_substitution_kernel<double, int, double*>(int, int, double*, int, int, long, long, double*, int, int, long, long)",24675,6448466102910930,6448466102919824,0,512,16,64,1,16,256,1
"KERNEL_DISPATCH",1,1,234619,440,874,"Cijk_Ailk_Bljk_DB_MT64x64x16_MI16x16x4x1_SN_1LDSB1_APM1_ABV0_ACED0_AF0EM2_AF1EM2_AMAS3_ASE_ASGT_ASLT_ASM_ASAE01_ASCE01_ASEM2_AAC0_BL1_BS1_CLR0_DTLA0_DTLB0_DTVA0_DTVB0_DVO0_ETSP_EPS1_ELFLR0_EMLL0_FSSC10_FL0_GLVWA2_GLVWB2_GRCGA1_GRCGB1_GRPM1_GRVW2_GSU1_GSUASB_GLS0_ISA942_IU1_K1_KLA_LBSPPA0_LBSPPB128_LPA0_LPB2_LDL1_LRVW1_LWPMn1_LDW0_FMA_MIAV1_MDA2_MO40_MMFSC_MKFGSU256_NTA0_NTB0_NTC3_NTD3_NEPBS4_NLCA1_NLCB1_ONLL1_OPLV0_PK0_PAP0_PGR2_PLR5_PKA0_SIA3_SLW1_SS1_SU0_SUM0_SUS0_SCIUI1_SPO1_SRVW0_SSO6_SVW2_SNLL0_TSGRA0_TSGRB0_TT2_32_TLDS1_UMLDSA0_UMLDSB1_U64SL1_USFGROn1_VAW1_VSn1_VW2_VWB1_VFLRP0_WSGRA0_WSGRB0_WS64_WG32_8_1_WGM6",24678,6448466102935168,6448466102940776,0,17408,256,1,1,1024,4,1
"KERNEL_DISPATCH",1,1,234619,441,78,"void rocsolver::v32802::getf2_npvt_small_kernel<16, double, int, int, double*>(int, double*, long, int, long, int*, int, int)",24681,6448466102945464,6448466102953917,0,136,208,1,1,208,1,1
"KERNEL_DISPATCH",1,1,234619,442,184,"void rocsolver::v32802::unit_forward_substitution_kernel<double, int, double*>(int, int, double*, int, int, long, long, double*, int, int, long, long)",24686,6448466102953917,6448466102962410,0,512,16,64,1,16,192,1
"KERNEL_DISPATCH",1,1,234619,443,874,"Cijk_Ailk_Bljk_DB_MT64x64x16_MI16x16x4x1_SN_1LDSB1_APM1_ABV0_ACED0_AF0EM2_AF1EM2_AMAS3_ASE_ASGT_ASLT_ASM_ASAE01_ASCE01_ASEM2_AAC0_BL1_BS1_CLR0_DTLA0_DTLB0_DTVA0_DTVB0_DVO0_ETSP_EPS1_ELFLR0_EMLL0_FSSC10_FL0_GLVWA2_GLVWB2_GRCGA1_GRCGB1_GRPM1_GRVW2_GSU1_GSUASB_GLS0_ISA942_IU1_K1_KLA_LBSPPA0_LBSPPB128_LPA0_LPB2_LDL1_LRVW1_LWPMn1_LDW0_FMA_MIAV1_MDA2_MO40_MMFSC_MKFGSU256_NTA0_NTB0_NTC3_NTD3_NEPBS4_NLCA1_NLCB1_ONLL1_OPLV0_PK0_PAP0_PGR2_PLR5_PKA0_SIA3_SLW1_SS1_SU0_SUM0_SUS0_SCIUI1_SPO1_SRVW0_SSO6_SVW2_SNLL0_TSGRA0_TSGRB0_TT2_32_TLDS1_UMLDSA0_UMLDSB1_U64SL1_USFGROn1_VAW1_VSn1_VW2_VWB1_VFLRP0_WSGRA0_WSGRB0_WS64_WG32_8_1_WGM6",24689,6448466102977793,6448466102982160,0,17408,256,1,1,768,3,1
"KERNEL_DISPATCH",1,1,234619,444,78,"void rocsolver::v32802::getf2_npvt_small_kernel<16, double, int, int, double*>(int, double*, long, int, long, int*, int, int)",24692,6448466102991153,6448466102998685,0,136,192,1,1,192,1,1
"KERNEL_DISPATCH",1,1,234619,445,184,"void rocsolver::v32802::unit_forward_substitution_kernel<double, int, double*>(int, int, double*, int, int, long, long, double*, int, int, long, long)",24697,6448466103009462,6448466103017955,0,512,16,64,1,16,192,1
"KERNEL_DISPATCH",1,1,234619,446,848,"Cijk_Ailk_Bljk_DB_MT128x64x16_MI16x16x4x1_SN_1LDSB1_APM1_ABV0_ACED0_AF0EM2_AF1EM2_AMAS3_ASE_ASGT_ASLT_ASM_ASAE01_ASCE01_ASEM2_AAC0_BL1_BS1_CLR0_DTLA0_DTLB0_DTVA1_DTVB0_DVO0_ETSP_EPS1_ELFLR0_EMLL0_FSSC10_FL0_GLVWA2_GLVWB2_GRCGA1_GRCGB1_GRPM1_GRVW2_GSU1_GSUASB_GLS0_ISA942_IU1_K1_KLA_LBSPPA0_LBSPPB0_LPA0_LPB2_LDL1_LRVW1_LWPMn1_LDW0_FMA_MIAV1_MDA2_MO40_MMFSC_MKFGSU256_NTA0_NTB0_NTC3_NTD3_NEPBS4_NLCA1_NLCB1_ONLL1_OPLV0_PK0_PAP0_PGR2_PLR5_PKA0_SIA3_SLW1_SS1_SU0_SUM0_SUS0_SCIUI1_SPO1_SRVW0_SSO6_SVW2_SNLL0_TSGRA0_TSGRB0_TT2_64_TLDS0_UMLDSA0_UMLDSB0_U64SL1_USFGROn1_VAW1_VSn1_VW2_VWB1_VFLRP0_WSGRA0_WSGRB0_WS64_WG64_4_1_WGM6",24700,6448466103034640,6448466103043895,0,8448,256,1,1,512,3,1
"KERNEL_DISPATCH",1,1,234619,447,78,"void rocsolver::v32802::getf2_npvt_small_kernel<16, double, int, int, double*>(int, double*, long, int, long, int*, int, int)",24703,6448466103043895,6448466103051466,0,136,176,1,1,176,1,1
"KERNEL_DISPATCH",1,1,234619,448,184,"void rocsolver::v32802::unit_forward_substitution_kernel<double, int, double*>(int, int, double*, int, int, long, long, double*, int, int, long, long)",24708,6448466103051466,6448466103059278,0,512,16,64,1,16,192,1
"KERNEL_DISPATCH",1,1,234619,449,848,"Cijk_Ailk_Bljk_DB_MT128x64x16_MI16x16x4x1_SN_1LDSB1_APM1_ABV0_ACED0_AF0EM2_AF1EM2_AMAS3_ASE_ASGT_ASLT_ASM_ASAE01_ASCE01_ASEM2_AAC0_BL1_BS1_CLR0_DTLA0_DTLB0_DTVA1_DTVB0_DVO0_ETSP_EPS1_ELFLR0_EMLL0_FSSC10_FL0_GLVWA2_GLVWB2_GRCGA1_GRCGB1_GRPM1_GRVW2_GSU1_GSUASB_GLS0_ISA942_IU1_K1_KLA_LBSPPA0_LBSPPB0_LPA0_LPB2_LDL1_LRVW1_LWPMn1_LDW0_FMA_MIAV1_MDA2_MO40_MMFSC_MKFGSU256_NTA0_NTB0_NTC3_NTD3_NEPBS4_NLCA1_NLCB1_ONLL1_OPLV0_PK0_PAP0_PGR2_PLR5_PKA0_SIA3_SLW1_SS1_SU0_SUM0_SUS0_SCIUI1_SPO1_SRVW0_SSO6_SVW2_SNLL0_TSGRA0_TSGRB0_TT2_64_TLDS0_UMLDSA0_UMLDSB0_U64SL1_USFGROn1_VAW1_VSn1_VW2_VWB1_VFLRP0_WSGRA0_WSGRB0_WS64_WG64_4_1_WGM6",24711,6448466103075663,6448466103083115,0,8448,256,1,1,512,3,1
"KERNEL_DISPATCH",1,1,234619,450,78,"void rocsolver::v32802::getf2_npvt_small_kernel<16, double, int, int, double*>(int, double*, long, int, long, int*, int, int)",24714,6448466103087722,6448466103095133,0,136,160,1,1,160,1,1
"KERNEL_DISPATCH",1,1,234619,451,184,"void rocsolver::v32802::unit_forward_substitution_kernel<double, int, double*>(int, int, double*, int, int, long, long, double*, int, int, long, long)",24719,6448466103098138,6448466103106551,0,512,16,64,1,16,192,1
"KERNEL_DISPATCH",1,1,234619,452,740,"Cijk_Ailk_Bljk_DB_MT128x64x16_MI16x16x4x1_SN_1LDSB1_APM1_ABV0_ACED0_AF0EM2_AF1EM2_AMAS3_ASE_ASGT_ASLT_ASM_ASAE01_ASCE01_ASEM2_AAC0_BL1_BS1_CLR0_DTLA0_DTLB0_DTVA0_DTVB0_DVO0_ETSP_EPS1_ELFLR0_EMLL0_FSSC10_FL0_GLVWA2_GLVWB2_GRCGA1_GRCGB1_GRPM1_GRVW2_GSU1_GSUASB_GLS0_ISA942_IU1_K1_KLA_LBSPPA0_LBSPPB0_LPA0_LPB2_LDL1_LRVW1_LWPMn1_LDW0_FMA_MIAV1_MDA2_MO40_MMFSC_MKFGSU256_NTA0_NTB0_NTC3_NTD3_NEPBS0_NLCA1_NLCB1_ONLL1_OPLV0_PK0_PAP0_PGR2_PLR5_PKA0_SIA3_SLW1_SS1_SU0_SUM0_SUS0_SCIUI1_SPO1_SRVW0_SSO6_SVW2_SNLL0_TSGRA0_TSGRB0_TT2_64_TLDS0_UMLDSA0_UMLDSB0_U64SL1_USFGROn1_VAW1_VSn1_VW2_VWB1_VFLRP0_WSGRA0_WSGRB0_WS64_WG64_4_1_WGM6",24722,6448466103122695,6448466103132711,0,24832,256,1,1,512,3,1
"KERNEL_DISPATCH",1,1,234619,453,78,"void rocsolver::v32802::getf2_npvt_small_kernel<16, double, int, int, double*>(int, double*, long, int, long, int*, int, int)",24725,6448466103132711,6448466103140483,0,136,144,1,1,144,1,1
"KERNEL_DISPATCH",1,1,234619,454,184,"void rocsolver::v32802::unit_forward_substitution_kernel<double, int, double*>(int, int, double*, int, int, long, long, double*, int, int, long, long)",24730,6448466103140483,6448466103148495,0,512,16,64,1,16,128,1
"KERNEL_DISPATCH",1,1,234619,455,740,"Cijk_Ailk_Bljk_DB_MT128x64x16_MI16x16x4x1_SN_1LDSB1_APM1_ABV0_ACED0_AF0EM2_AF1EM2_AMAS3_ASE_ASGT_ASLT_ASM_ASAE01_ASCE01_ASEM2_AAC0_BL1_BS1_CLR0_DTLA0_DTLB0_DTVA0_DTVB0_DVO0_ETSP_EPS1_ELFLR0_EMLL0_FSSC10_FL0_GLVWA2_GLVWB2_GRCGA1_GRCGB1_GRPM1_GRVW2_GSU1_GSUASB_GLS0_ISA942_IU1_K1_KLA_LBSPPA0_LBSPPB0_LPA0_LPB2_LDL1_LRVW1_LWPMn1_LDW0_FMA_MIAV1_MDA2_MO40_MMFSC_MKFGSU256_NTA0_NTB0_NTC3_NTD3_NEPBS0_NLCA1_NLCB1_ONLL1_OPLV0_PK0_PAP0_PGR2_PLR5_PKA0_SIA3_SLW1_SS1_SU0_SUM0_SUS0_SCIUI1_SPO1_SRVW0_SSO6_SVW2_SNLL0_TSGRA0_TSGRB0_TT2_64_TLDS0_UMLDSA0_UMLDSB0_U64SL1_USFGROn1_VAW1_VSn1_VW2_VWB1_VFLRP0_WSGRA0_WSGRB0_WS64_WG64_4_1_WGM6",24733,6448466103162116,6448466103167564,0,24832,256,1,1,256,2,1
"KERNEL_DISPATCH",1,1,234619,456,78,"void rocsolver::v32802::getf2_npvt_small_kernel<16, double, int, int, double*>(int, double*, long, int, long, int*, int, int)",24736,6448466103174415,6448466103182066,0,136,128,1,1,128,1,1
"KERNEL_DISPATCH",1,1,234619,457,184,"void rocsolver::v32802::unit_forward_substitution_kernel<double, int, double*>(int, int, double*, int, int, long, long, double*, int, int, long, long)",24741,6448466103183889,6448466103193143,0,512,16,64,1,16,128,1
"KERNEL_DISPATCH",1,1,234619,458,1000,"Cijk_Ailk_Bljk_DB_MT128x64x16_MI16x16x4x1_SN_1LDSB1_APM1_ABV0_ACED0_AF0EM2_AF1EM2_AMAS3_ASE_ASGT_ASLT_ASM_ASAE01_ASCE01_ASEM2_AAC0_BL1_BS1_CLR0_DTLA0_DTLB0_DTVA0_DTVB0_DVO0_ETSP_EPS1_ELFLR0_EMLL0_FSSC10_FL0_GLVWA2_GLVWB2_GRCGA1_GRCGB1_GRPM1_GRVW2_GSU1_GSUASB_GLS0_ISA942_IU1_K1_KLA_LBSPPA0_LBSPPB0_LPA0_LPB2_LDL1_LRVW1_LWPMn1_LDW0_FMA_MIAV1_MDA2_MO40_MMFSC_MKFGSU256_NTA0_NTB0_NTC3_NTD3_NEPBS0_NLCA1_NLCB1_ONLL1_OPLV0_PK0_PAP0_PGR2_PLR1_PKA0_SIA3_SLW1_SS1_SU0_SUM0_SUS0_SCIUI1_SPO1_SRVW0_SSO6_SVW2_SNLL0_TSGRA0_TSGRB0_TT2_64_TLDS0_UMLDSA0_UMLDSB0_U64SL1_USFGROn1_VAW1_VSn1_VW2_VWB1_VFLRP0_WSGRA0_WSGRB0_WS64_WG64_4_1_WGM6",24744,6448466103208507,6448466103217681,0,24832,256,1,1,256,2,1
"KERNEL_DISPATCH",1,1,234619,459,78,"void rocsolver::v32802::getf2_npvt_small_kernel<16, double, int, int, double*>(int, double*, long, int, long, int*, int, int)",24747,6448466103219644,6448466103226815,0,136,112,1,1,112,1,1
"KERNEL_DISPATCH",1,1,234619,460,184,"void rocsolver::v32802::unit_forward_substitution_kernel<double, int, double*>(int, int, double*, int, int, long, long, double*, int, int, long, long)",24752,6448466103225072,6448466103233966,0,512,16,64,1,16,128,1
"KERNEL_DISPATCH",1,1,234619,461,886,"Cijk_Ailk_Bljk_DB_MT128x64x16_MI16x16x4x1_SN_1LDSB1_APM1_ABV0_ACED0_AF0EM2_AF1EM2_AMAS3_ASE_ASGT_ASLT_ASM_ASAE01_ASCE01_ASEM2_AAC0_BL1_BS1_CLR0_DTLA0_DTLB0_DTVA1_DTVB0_DVO0_ETSP_EPS1_ELFLR0_EMLL0_FSSC10_FL0_GLVWA2_GLVWB2_GRCGA1_GRCGB1_GRPM1_GRVW2_GSU1_GSUASB_GLS0_ISA942_IU1_K1_KLA_LBSPPA0_LBSPPB0_LPA0_LPB2_LDL1_LRVW1_LWPMn1_LDW0_FMA_MIAV1_MDA2_MO40_MMFSC_MKFGSU256_NTA0_NTB0_NTC3_NTD3_NEPBS0_NLCA1_NLCB1_ONLL1_OPLV0_PK0_PAP0_PGR2_PLR5_PKA0_SIA3_SLW1_SS1_SU0_SUM0_SUS0_SCIUI1_SPO1_SRVW0_SSO6_SVW2_SNLL0_TSGRA0_TSGRB0_TT2_64_TLDS0_UMLDSA0_UMLDSB0_U64SL1_USFGROn1_VAW1_VSn1_VW2_VWB1_VFLRP0_WSGRA0_WSGRB0_WS64_WG64_4_1_WGM12",24755,6448466103247447,6448466103258023,0,8448,256,1,1,256,2,1
"KERNEL_DISPATCH",1,1,234619,462,78,"void rocsolver::v32802::getf2_npvt_small_kernel<16, double, int, int, double*>(int, double*, long, int, long, int*, int, int)",24758,6448466103260026,6448466103266316,0,136,96,1,1,96,1,1
"KERNEL_DISPATCH",1,1,234619,463,184,"void rocsolver::v32802::unit_forward_substitution_kernel<double, int, double*>(int, int, double*, int, int, long, long, double*, int, int, long, long)",24763,6448466103267297,6448466103276872,0,512,16,64,1,16,128,1
"KERNEL_DISPATCH",1,1,234619,464,742,"Cijk_Ailk_Bljk_DB_MT64x64x16_MI16x16x4x1_SN_1LDSB1_APM1_ABV0_ACED0_AF0EM2_AF1EM2_AMAS3_ASE_ASGT_ASLT_ASM_ASAE01_ASCE01_ASEM2_AAC0_BL1_BS1_CLR0_DTLA0_DTLB0_DTVA0_DTVB0_DVO0_ETSP_EPS1_ELFLR0_EMLL0_FSSC10_FL0_GLVWA2_GLVWB2_GRCGA1_GRCGB1_GRPM1_GRVW2_GSU1_GSUASB_GLS0_ISA942_IU1_K1_KLA_LBSPPA0_LBSPPB0_LPA0_LPB2_LDL1_LRVW1_LWPMn1_LDW0_FMA_MIAV1_MDA2_MO40_MMFSC_MKFGSU256_NTA0_NTB0_NTC3_NTD3_NEPBS4_NLCA1_NLCB1_ONLL1_OPLV0_PK0_PAP0_PGR2_PLR5_PKA0_SIA3_SLW1_SS1_SU0_SUM0_SUS0_SCIUI1_SPO1_SRVW0_SSO6_SVW2_SNLL0_TSGRA0_TSGRB0_TT2_32_TLDS0_UMLDSA0_UMLDSB0_U64SL1_USFGROn1_VAW1_VSn1_VW2_VWB1_VFLRP0_WSGRA0_WSGRB0_WS64_WG32_8_1_WGM6",24766,6448466103291354,6448466103297644,0,16640,256,1,1,512,2,1
"KERNEL_DISPATCH",1,1,234619,465,78,"void rocsolver::v32802::getf2_npvt_small_kernel<16, double, int, int, double*>(int, double*, long, int, long, int*, int, int)",24769,6448466103301489,6448466103309502,0,136,80,1,1,80,1,1
"KERNEL_DISPATCH",1,1,234619,466,184,"void rocsolver::v32802::unit_forward_substitution_kernel<double, int, double*>(int, int, double*, int, int, long, long, double*, int, int, long, long)",24774,6448466103309502,6448466103318676,0,512,16,64,1,16,64,1
"KERNEL_DISPATCH",1,1,234619,467,891,"Cijk_Ailk_Bljk_DB_MT64x64x16_MI16x16x4x1_SN_1LDSB1_APM1_ABV0_ACED0_AF0EM2_AF1EM2_AMAS0_ASE_ASGT_ASLT_ASM_ASAE01_ASCE01_ASEM2_AAC0_BL1_BS1_CLR0_DTLA0_DTLB0_DTVA1_DTVB0_DVO0_ETSP_EPS1_ELFLR0_EMLL0_FSSC10_FL0_GLVWA1_GLVWB1_GRCGA1_GRCGB1_GRPM1_GRVW1_GSU1_GSUASB_GLS0_ISA942_IU1_K1_KLA_LBSPPA0_LBSPPB128_LPA0_LPB4_LDL1_LRVW2_LWPMn1_LDW0_FMA_MIAV1_MDA2_MO40_MMFSC_MKFGSU256_NTA0_NTB0_NTC3_NTD3_NEPBS0_NLCA1_NLCB1_ONLL1_OPLV0_PK0_PAP0_PGR2_PLR5_PKA0_SIA3_SLW1_SS1_SU0_SUM0_SUS0_SCIUI1_SPO1_SRVW0_SSO6_SVW1_SNLL0_TSGRA0_TSGRB0_TT1_64_TLDS1_UMLDSA0_UMLDSB1_U64SL1_USFGROn1_VAW1_VSn1_VW1_VWB1_VFLRP0_WSGRA0_WSGRB0_WS64_WG64_4_1_WGM6",24777,6448466103345637,6448466103352207,0,10240,256,1,1,256,1,1
"KERNEL_DISPATCH",1,1,234619,468,78,"void rocsolver::v32802::getf2_npvt_small_kernel<16, double, int, int, double*>(int, double*, long, int, long, int*, int, int)",24780,6448466103354371,6448466103362263,0,136,64,1,1,64,1,1
"KERNEL_DISPATCH",1,1,234619,469,184,"void rocsolver::v32802::unit_forward_substitution_kernel<double, int, double*>(int, int, double*, int, int, long, long, double*, int, int, long, long)",24785,6448466103367911,6448466103377085,0,512,16,64,1,16,64,1
"KERNEL_DISPATCH",1,1,234619,470,751,"Cijk_Ailk_Bljk_DB_MT64x64x16_MI16x16x4x1_SN_1LDSB1_APM1_ABV0_ACED0_AF0EM2_AF1EM2_AMAS3_ASE_ASGT_ASLT_ASM_ASAE01_ASCE01_ASEM2_AAC0_BL1_BS1_CLR0_DTLA0_DTLB0_DTVA0_DTVB0_DVO0_ETSP_EPS1_ELFLR0_EMLL0_FSSC10_FL0_GLVWA2_GLVWB2_GRCGA1_GRCGB1_GRPM1_GRVW2_GSU1_GSUASB_GLS0_ISA942_IU1_K1_KLA_LBSPPA0_LBSPPB128_LPA0_LPB4_LDL1_LRVW2_LWPMn1_LDW0_FMA_MIAV1_MDA2_MO40_MMFSC_MKFGSU256_NTA0_NTB0_NTC3_NTD3_NEPBS0_NLCA1_NLCB1_ONLL1_OPLV0_PK0_PAP0_PGR2_PLR5_PKA0_SIA3_SLW1_SS1_SU0_SUM0_SUS0_SCIUI1_SPO1_SRVW0_SSO6_SVW2_SNLL0_TSGRA0_TSGRB0_TT2_32_TLDS1_UMLDSA0_UMLDSB1_U64SL1_USFGROn1_VAW1_VSn1_VW2_VWB1_VFLRP0_WSGRA0_WSGRB0_WS64_WG32_8_1_WGM6",24788,6448466103391918,6448466103400171,0,18432,256,1,1,256,1,1
"KERNEL_DISPATCH",1,1,234619,471,78,"void rocsolver::v32802::getf2_npvt_small_kernel<16, double, int, int, double*>(int, double*, long, int, long, int*, int, int)",24791,6448466103401643,6448466103408534,0,136,48,1,1,48,1,1
"KERNEL_DISPATCH",1,1,234619,472,184,"void rocsolver::v32802::unit_forward_substitution_kernel<double, int, double*>(int, int, double*, int, int, long, long, double*, int, int, long, long)",24796,6448466103410677,6448466103419330,0,512,16,64,1,16,64,1
"KERNEL_DISPATCH",1,1,234619,473,756,"Cijk_Ailk_Bljk_DB_MT32x64x32_MI16x16x4x1_SN_1LDSB1_APM1_ABV0_ACED0_AF0EM2_AF1EM2_AMAS3_ASE_ASGT_ASLT_ASM_ASAE01_ASCE01_ASEM2_AAC0_BL1_BS1_CLR0_DTLA0_DTLB0_DTVA0_DTVB0_DVO0_ETSP_EPS1_ELFLR0_EMLL0_FSSC10_FL0_GLVWA2_GLVWB2_GRCGA1_GRCGB1_GRPM1_GRVW2_GSU1_GSUASB_GLS0_ISA942_IU1_K1_KLA_LBSPPA0_LBSPPB256_LPA0_LPB4_LDL1_LRVW2_LWPMn1_LDW0_FMA_MIAV1_MDA2_MO40_MMFSC_MKFGSU256_NTA0_NTB0_NTC3_NTD3_NEPBS0_NLCA1_NLCB1_ONLL1_OPLV0_PK0_PAP0_PGR2_PLR9_PKA0_SIA3_SLW1_SS1_SU0_SUM0_SUS0_SCIUI1_SPO1_SRVW0_SSO6_SVW2_SNLL0_TSGRA0_TSGRB0_TT2_16_TLDS1_UMLDSA0_UMLDSB1_U64SL1_USFGROn1_VAW1_VSn1_VW2_VWB1_VFLRP0_WSGRA0_WSGRB0_WS64_WG16_16_1_WGM6",24799,6448466103441704,6448466103447994,0,26624,256,1,1,256,1,1
"KERNEL_DISPATCH",1,1,234619,474,78,"void rocsolver::v32802::getf2_npvt_small_kernel<16, double, int, int, double*>(int, double*, long, int, long, int*, int, int)",24802,6448466103451079,6448466103458650,0,136,32,1,1,32,1,1
"KERNEL_DISPATCH",1,1,234619,475,184,"void rocsolver::v32802::unit_forward_substitution_kernel<double, int, double*>(int, int, double*, int, int, long, long, double*, int, int, long, long)",24807,6448466103460333,6448466103468385,0,512,16,64,1,16,64,1
"KERNEL_DISPATCH",1,1,234619,476,756,"Cijk_Ailk_Bljk_DB_MT32x64x32_MI16x16x4x1_SN_1LDSB1_APM1_ABV0_ACED0_AF0EM2_AF1EM2_AMAS3_ASE_ASGT_ASLT_ASM_ASAE01_ASCE01_ASEM2_AAC0_BL1_BS1_CLR0_DTLA0_DTLB0_DTVA0_DTVB0_DVO0_ETSP_EPS1_ELFLR0_EMLL0_FSSC10_FL0_GLVWA2_GLVWB2_GRCGA1_GRCGB1_GRPM1_GRVW2_GSU1_GSUASB_GLS0_ISA942_IU1_K1_KLA_LBSPPA0_LBSPPB256_LPA0_LPB4_LDL1_LRVW2_LWPMn1_LDW0_FMA_MIAV1_MDA2_MO40_MMFSC_MKFGSU256_NTA0_NTB0_NTC3_NTD3_NEPBS0_NLCA1_NLCB1_ONLL1_OPLV0_PK0_PAP0_PGR2_PLR9_PKA0_SIA3_SLW1_SS1_SU0_SUM0_SUS0_SCIUI1_SPO1_SRVW0_SSO6_SVW2_SNLL0_TSGRA0_TSGRB0_TT2_16_TLDS1_UMLDSA0_UMLDSB1_U64SL1_USFGROn1_VAW1_VSn1_VW2_VWB1_VFLRP0_WSGRA0_WSGRB0_WS64_WG16_16_1_WGM6",24810,6448466103485582,6448466103489708,0,26624,256,1,1,256,1,1
"KERNEL_DISPATCH",1,1,234619,477,78,"void rocsolver::v32802::getf2_npvt_small_kernel<16, double, int, int, double*>(int, double*, long, int, long, int*, int, int)",24813,6448466103494645,6448466103502217,0,136,16,1,1,16,1,1
"KERNEL_DISPATCH",1,1,234619,478,1434,"void rocblas_trtri_trsm_kernel<128, 16, 8, double, double const*, double*>(rocblas_fill_, rocblas_diagonal_, double const*, long, int, long, double*, long, long, int)",24817,6448466103511772,6448466103539615,0,8192,256,1,1,4096,1,1
"KERNEL_DISPATCH",1,1,234619,480,860,"Cijk_Ailk_Bljk_DB_MT64x32x16_MI16x16x4x1_SN_1LDSB1_APM1_ABV0_ACED0_AF0EM2_AF1EM2_AMAS0_ASE_ASGT_ASLT_ASM_ASAE01_ASCE01_ASEM2_AAC0_BL1_BS1_CLR0_DTLA0_DTLB0_DTVA1_DTVB0_DVO0_ETSP_EPS1_ELFLR0_EMLL0_FSSC10_FL0_GLVWA1_GLVWB1_GRCGA1_GRCGB1_GRPM1_GRVW1_GSU1_GSUASB_GLS0_ISA942_IU1_K1_KLA_LBSPPA0_LBSPPB128_LPA0_LPB4_LDL1_LRVW2_LWPMn1_LDW0_FMA_MIAV1_MDA2_MO40_MMFSC_MKFGSU256_NTA0_NTB0_NTC3_NTD3_NEPBS0_NLCA1_NLCB1_ONLL1_OPLV0_PK0_PAP0_PGR2_PLR5_PKA0_SIA3_SLW1_SS1_SU0_SUM0_SUS0_SCIUI1_SPO1_SRVW0_SSO6_SVW1_SNLL0_TSGRA0_TSGRB0_TT1_32_TLDS1_UMLDSA0_UMLDSB1_U64SL1_USFGROn1_VAW1_VSn1_VW1_VWB1_VFLRP0_WSGRA0_WSGRB0_WS64_WG64_4_1_WGM12",24826,6448466103542940,6448466103546545,0,5120,256,1,1,256,1,4
"KERNEL_DISPATCH",1,1,234619,479,1356,"void rocblas_trtri_fill<128, double, double*>(_rocblas_handle*, rocblas_fill_, int, long, int, long, double*, long, long, int, int)",24822,6448466103539615,6448466103542940,0,0,128,1,1,32512,1,1
"KERNEL_DISPATCH",1,1,234619,481,860,"Cijk_Ailk_Bljk_DB_MT64x32x16_MI16x16x4x1_SN_1LDSB1_APM1_ABV0_ACED0_AF0EM2_AF1EM2_AMAS0_ASE_ASGT_ASLT_ASM_ASAE01_ASCE01_ASEM2_AAC0_BL1_BS1_CLR0_DTLA0_DTLB0_DTVA1_DTVB0_DVO0_ETSP_EPS1_ELFLR0_EMLL0_FSSC10_FL0_GLVWA1_GLVWB1_GRCGA1_GRCGB1_GRPM1_GRVW1_GSU1_GSUASB_GLS0_ISA942_IU1_K1_KLA_LBSPPA0_LBSPPB128_LPA0_LPB4_LDL1_LRVW2_LWPMn1_LDW0_FMA_MIAV1_MDA2_MO40_MMFSC_MKFGSU256_NTA0_NTB0_NTC3_NTD3_NEPBS0_NLCA1_NLCB1_ONLL1_OPLV0_PK0_PAP0_PGR2_PLR5_PKA0_SIA3_SLW1_SS1_SU0_SUM0_SUS0_SCIUI1_SPO1_SRVW0_SSO6_SVW1_SNLL0_TSGRA0_TSGRB0_TT1_32_TLDS1_UMLDSA0_UMLDSB1_U64SL1_USFGROn1_VAW1_VSn1_VW1_VWB1_VFLRP0_WSGRA0_WSGRB0_WS64_WG64_4_1_WGM12",24829,6448466103549870,6448466103554037,0,5120,256,1,1,256,1,4
"KERNEL_DISPATCH",1,1,234619,482,860,"Cijk_Ailk_Bljk_DB_MT64x32x16_MI16x16x4x1_SN_1LDSB1_APM1_ABV0_ACED0_AF0EM2_AF1EM2_AMAS0_ASE_ASGT_ASLT_ASM_ASAE01_ASCE01_ASEM2_AAC0_BL1_BS1_CLR0_DTLA0_DTLB0_DTVA1_DTVB0_DVO0_ETSP_EPS1_ELFLR0_EMLL0_FSSC10_FL0_GLVWA1_GLVWB1_GRCGA1_GRCGB1_GRPM1_GRVW1_GSU1_GSUASB_GLS0_ISA942_IU1_K1_KLA_LBSPPA0_LBSPPB128_LPA0_LPB4_LDL1_LRVW2_LWPMn1_LDW0_FMA_MIAV1_MDA2_MO40_MMFSC_MKFGSU256_NTA0_NTB0_NTC3_NTD3_NEPBS0_NLCA1_NLCB1_ONLL1_OPLV0_PK0_PAP0_PGR2_PLR5_PKA0_SIA3_SLW1_SS1_SU0_SUM0_SUS0_SCIUI1_SPO1_SRVW0_SSO6_SVW1_SNLL0_TSGRA0_TSGRB0_TT1_32_TLDS1_UMLDSA0_UMLDSB1_U64SL1_USFGROn1_VAW1_VSn1_VW1_VWB1_VFLRP0_WSGRA0_WSGRB0_WS64_WG64_4_1_WGM12",24832,6448466103582160,6448466103586567,0,5120,256,1,1,256,1,4
"KERNEL_DISPATCH",1,1,234619,483,860,"Cijk_Ailk_Bljk_DB_MT64x32x16_MI16x16x4x1_SN_1LDSB1_APM1_ABV0_ACED0_AF0EM2_AF1EM2_AMAS0_ASE_ASGT_ASLT_ASM_ASAE01_ASCE01_ASEM2_AAC0_BL1_BS1_CLR0_DTLA0_DTLB0_DTVA1_DTVB0_DVO0_ETSP_EPS1_ELFLR0_EMLL0_FSSC10_FL0_GLVWA1_GLVWB1_GRCGA1_GRCGB1_GRPM1_GRVW1_GSU1_GSUASB_GLS0_ISA942_IU1_K1_KLA_LBSPPA0_LBSPPB128_LPA0_LPB4_LDL1_LRVW2_LWPMn1_LDW0_FMA_MIAV1_MDA2_MO40_MMFSC_MKFGSU256_NTA0_NTB0_NTC3_NTD3_NEPBS0_NLCA1_NLCB1_ONLL1_OPLV0_PK0_PAP0_PGR2_PLR5_PKA0_SIA3_SLW1_SS1_SU0_SUM0_SUS0_SCIUI1_SPO1_SRVW0_SSO6_SVW1_SNLL0_TSGRA0_TSGRB0_TT1_32_TLDS1_UMLDSA0_UMLDSB1_U64SL1_USFGROn1_VAW1_VSn1_VW1_VWB1_VFLRP0_WSGRA0_WSGRB0_WS64_WG64_4_1_WGM12",24835,6448466103600788,6448466103605476,0,5120,256,1,1,256,1,4
"KERNEL_DISPATCH",1,1,234619,484,757,"Cijk_Ailk_Bljk_DB_MT64x64x32_MI16x16x4x1_SN_1LDSB1_APM1_ABV0_ACED0_AF0EM2_AF1EM2_AMAS0_ASE_ASGT_ASLT_ASM_ASAE01_ASCE01_ASEM2_AAC0_BL1_BS1_CLR0_DTLA0_DTLB0_DTVA0_DTVB0_DVO0_ETSP_EPS1_ELFLR0_EMLL0_FSSC10_FL0_GLVWA1_GLVWB1_GRCGA1_GRCGB1_GRPM1_GRVW1_GSU1_GSUASB_GLS0_ISA942_IU1_K1_KLA_LBSPPA0_LBSPPB0_LPA0_LPB1_LDL1_LRVW1_LWPMn1_LDW0_FMA_MIAV1_MDA2_MO40_MMFSC_MKFGSU256_NTA0_NTB0_NTC3_NTD3_NEPBS0_NLCA1_NLCB1_ONLL1_OPLV0_PK0_PAP0_PGR2_PLR9_PKA0_SIA3_SLW1_SS1_SU0_SUM0_SUS0_SCIUI1_SPO1_SRVW0_SSO6_SVW1_SNLL0_TSGRA0_TSGRB0_TT2_32_TLDS0_UMLDSA0_UMLDSB0_U64SL1_USFGROn1_VAW1_VSn1_VW1_VWB1_VFLRP0_WSGRA0_WSGRB0_WS64_WG32_8_1_WGM6",24838,6448466103617454,6448466103624865,0,33024,256,1,1,256,1,4
"KERNEL_DISPATCH",1,1,234619,485,757,"Cijk_Ailk_Bljk_DB_MT64x64x32_MI16x16x4x1_SN_1LDSB1_APM1_ABV0_ACED0_AF0EM2_AF1EM2_AMAS0_ASE_ASGT_ASLT_ASM_ASAE01_ASCE01_ASEM2_AAC0_BL1_BS1_CLR0_DTLA0_DTLB0_DTVA0_DTVB0_DVO0_ETSP_EPS1_ELFLR0_EMLL0_FSSC10_FL0_GLVWA1_GLVWB1_GRCGA1_GRCGB1_GRPM1_GRVW1_GSU1_GSUASB_GLS0_ISA942_IU1_K1_KLA_LBSPPA0_LBSPPB0_LPA0_LPB1_LDL1_LRVW1_LWPMn1_LDW0_FMA_MIAV1_MDA2_MO40_MMFSC_MKFGSU256_NTA0_NTB0_NTC3_NTD3_NEPBS0_NLCA1_NLCB1_ONLL1_OPLV0_PK0_PAP0_PGR2_PLR9_PKA0_SIA3_SLW1_SS1_SU0_SUM0_SUS0_SCIUI1_SPO1_SRVW0_SSO6_SVW1_SNLL0_TSGRA0_TSGRB0_TT2_32_TLDS0_UMLDSA0_UMLDSB0_U64SL1_USFGROn1_VAW1_VSn1_VW1_VWB1_VFLRP0_WSGRA0_WSGRB0_WS64_WG32_8_1_WGM6",24841,6448466103633358,6448466103641210,0,33024,256,1,1,256,1,4
"KERNEL_DISPATCH",1,1,234619,486,1330,"void rocblas_copy_matrix_trsm<128, 8, double, double const*, double*>(int, int, int, double const*, int, long, double*, int, long, long, long, int)",24845,6448466103645417,6448466103647220,0,0,128,8,1,128,512,1
