Kind,Agent_Id,Queue_Id,Stream_Id,Thread_Id,Dispatch_Id,Kernel_Id,Kernel_Name,Correlation_Id,Start_Timestamp,End_Timestamp,LDS_Block_Size,Scratch_Size,VGPR_Count,Accum_VGPR_Count,SGPR_Count,Workgroup_Size_X,Workgroup_Size_Y,Workgroup_Size_Z,Grid_Size_X,Grid_Size_Y,Grid_Size_Z,backend,call_id,n,lda,sparse_call_id,cblk,input_file,input_sha256,submitting_api,api_start_ns,api_end_ns,marker,trace,submission_order,execution_start_order,kind,role
KERNEL_DISPATCH,Agent 4,1,1,2777509,1,10,__amd_rocclr_fillBufferAligned,23579,608222764469263,608222764471063,0,0,12,4,48,256,1,1,256,1,1,cdls,0,189,837,9521,9521,call9521-n189-lda837.bin,d47dd9521235ee7f0d6207b85b363a5ed237fd9cbe2b2cf07c6aa99587206ae4,hipMemsetAsync,608222764436513,608222764465423,GETRF|backend=cdls|call_id=0|n=189|lda=837,traces/cdls-n189-lda837/trace_kernel_trace.csv,1,1,initialization,reset_internal_info
KERNEL_DISPATCH,Agent 4,1,1,2777509,2,10,__amd_rocclr_fillBufferAligned,23580,608222764489823,608222764491503,0,0,12,4,48,256,1,1,256,1,1,cdls,0,189,837,9521,9521,call9521-n189-lda837.bin,d47dd9521235ee7f0d6207b85b363a5ed237fd9cbe2b2cf07c6aa99587206ae4,hipMemsetAsync,608222764481013,608222764488923,GETRF|backend=cdls|call_id=0|n=189|lda=837,traces/cdls-n189-lda837/trace_kernel_trace.csv,2,2,initialization,reset_task_workspace
KERNEL_DISPATCH,Agent 4,1,1,2777509,3,10,__amd_rocclr_fillBufferAligned,23580,608222764493063,608222764494543,0,0,12,4,48,256,1,1,256,1,1,cdls,0,189,837,9521,9521,call9521-n189-lda837.bin,d47dd9521235ee7f0d6207b85b363a5ed237fd9cbe2b2cf07c6aa99587206ae4,hipMemsetAsync,608222764481013,608222764488923,GETRF|backend=cdls|call_id=0|n=189|lda=837,traces/cdls-n189-lda837/trace_kernel_trace.csv,3,3,initialization,reset_task_workspace
KERNEL_DISPATCH,Agent 4,1,1,2777509,4,15,"void cdls::rocm_detail::getrf::(anonymous namespace)::getrf_kernel<512, true, false, false>(int, double*, long, int, int, int*, int*, int*, int, int*, double)",23583,608222764497903,608222764619104,50176,0,64,112,112,512,1,1,4608,1,1,cdls,0,189,837,9521,9521,call9521-n189-lda837.bin,d47dd9521235ee7f0d6207b85b363a5ed237fd9cbe2b2cf07c6aa99587206ae4,hipLaunchKernel,608222764490813,608222764495963,GETRF|backend=cdls|call_id=0|n=189|lda=837,traces/cdls-n189-lda837/trace_kernel_trace.csv,4,4,compute,fused_tiled_LU
KERNEL_DISPATCH,Agent 4,1,1,2777509,5,10,__amd_rocclr_fillBufferAligned,23589,608222764660685,608222764662685,0,0,12,4,48,256,1,1,256,1,1,cdls,1,189,837,9521,9521,call9521-n189-lda837.bin,d47dd9521235ee7f0d6207b85b363a5ed237fd9cbe2b2cf07c6aa99587206ae4,hipMemsetAsync,608222764653535,608222764658425,GETRF|backend=cdls|call_id=1|n=189|lda=837,traces/cdls-n189-lda837/trace_kernel_trace.csv,1,1,initialization,reset_internal_info
KERNEL_DISPATCH,Agent 4,1,1,2777509,6,10,__amd_rocclr_fillBufferAligned,23590,608222764665205,608222764667045,0,0,12,4,48,256,1,1,256,1,1,cdls,1,189,837,9521,9521,call9521-n189-lda837.bin,d47dd9521235ee7f0d6207b85b363a5ed237fd9cbe2b2cf07c6aa99587206ae4,hipMemsetAsync,608222764659065,608222764666495,GETRF|backend=cdls|call_id=1|n=189|lda=837,traces/cdls-n189-lda837/trace_kernel_trace.csv,2,2,initialization,reset_task_workspace
KERNEL_DISPATCH,Agent 4,1,1,2777509,7,10,__amd_rocclr_fillBufferAligned,23590,608222764669065,608222764670385,0,0,12,4,48,256,1,1,256,1,1,cdls,1,189,837,9521,9521,call9521-n189-lda837.bin,d47dd9521235ee7f0d6207b85b363a5ed237fd9cbe2b2cf07c6aa99587206ae4,hipMemsetAsync,608222764659065,608222764666495,GETRF|backend=cdls|call_id=1|n=189|lda=837,traces/cdls-n189-lda837/trace_kernel_trace.csv,3,3,initialization,reset_task_workspace
KERNEL_DISPATCH,Agent 4,1,1,2777509,8,15,"void cdls::rocm_detail::getrf::(anonymous namespace)::getrf_kernel<512, true, false, false>(int, double*, long, int, int, int*, int*, int*, int, int*, double)",23593,608222764674465,608222764792826,50176,0,64,112,112,512,1,1,4608,1,1,cdls,1,189,837,9521,9521,call9521-n189-lda837.bin,d47dd9521235ee7f0d6207b85b363a5ed237fd9cbe2b2cf07c6aa99587206ae4,hipLaunchKernel,608222764668645,608222764672565,GETRF|backend=cdls|call_id=1|n=189|lda=837,traces/cdls-n189-lda837/trace_kernel_trace.csv,4,4,compute,fused_tiled_LU
KERNEL_DISPATCH,Agent 4,1,1,2777509,9,10,__amd_rocclr_fillBufferAligned,23599,608222764825586,608222764827266,0,0,12,4,48,256,1,1,256,1,1,cdls,2,189,837,9521,9521,call9521-n189-lda837.bin,d47dd9521235ee7f0d6207b85b363a5ed237fd9cbe2b2cf07c6aa99587206ae4,hipMemsetAsync,608222764819206,608222764823436,GETRF|backend=cdls|call_id=2|n=189|lda=837,traces/cdls-n189-lda837/trace_kernel_trace.csv,1,1,initialization,reset_internal_info
KERNEL_DISPATCH,Agent 4,1,1,2777509,10,10,__amd_rocclr_fillBufferAligned,23600,608222764829976,608222764831776,0,0,12,4,48,256,1,1,256,1,1,cdls,2,189,837,9521,9521,call9521-n189-lda837.bin,d47dd9521235ee7f0d6207b85b363a5ed237fd9cbe2b2cf07c6aa99587206ae4,hipMemsetAsync,608222764824006,608222764831136,GETRF|backend=cdls|call_id=2|n=189|lda=837,traces/cdls-n189-lda837/trace_kernel_trace.csv,2,2,initialization,reset_task_workspace
KERNEL_DISPATCH,Agent 4,1,1,2777509,11,10,__amd_rocclr_fillBufferAligned,23600,608222764833706,608222764834906,0,0,12,4,48,256,1,1,256,1,1,cdls,2,189,837,9521,9521,call9521-n189-lda837.bin,d47dd9521235ee7f0d6207b85b363a5ed237fd9cbe2b2cf07c6aa99587206ae4,hipMemsetAsync,608222764824006,608222764831136,GETRF|backend=cdls|call_id=2|n=189|lda=837,traces/cdls-n189-lda837/trace_kernel_trace.csv,3,3,initialization,reset_task_workspace
KERNEL_DISPATCH,Agent 4,1,1,2777509,12,15,"void cdls::rocm_detail::getrf::(anonymous namespace)::getrf_kernel<512, true, false, false>(int, double*, long, int, int, int*, int*, int*, int, int*, double)",23603,608222764838927,608222764958968,50176,0,64,112,112,512,1,1,4608,1,1,cdls,2,189,837,9521,9521,call9521-n189-lda837.bin,d47dd9521235ee7f0d6207b85b363a5ed237fd9cbe2b2cf07c6aa99587206ae4,hipLaunchKernel,608222764832866,608222764836996,GETRF|backend=cdls|call_id=2|n=189|lda=837,traces/cdls-n189-lda837/trace_kernel_trace.csv,4,4,compute,fused_tiled_LU
KERNEL_DISPATCH,Agent 4,1,1,2777417,1,12,"void cdls::rocm_detail::getrf::(anonymous namespace)::getrf_small_kernel<true>(int, double*, long, int*, int)",23581,608220732499206,608220732511326,33280,0,52,124,112,512,1,1,512,1,1,cdls,0,27,201,137,137,call137-n27-lda201.bin,4cf17b148d8977f64361c866acac2683d795731b745b2af073bf811d2f68048f,hipLaunchKernel,608220732470666,608220732495526,GETRF|backend=cdls|call_id=0|n=27|lda=201,traces/cdls-n27-lda201/trace_kernel_trace.csv,1,1,compute,fused_small_with_info_reset
KERNEL_DISPATCH,Agent 4,1,1,2777417,2,12,"void cdls::rocm_detail::getrf::(anonymous namespace)::getrf_small_kernel<true>(int, double*, long, int*, int)",23589,608220732550806,608220732561846,33280,0,52,124,112,512,1,1,512,1,1,cdls,1,27,201,137,137,call137-n27-lda201.bin,4cf17b148d8977f64361c866acac2683d795731b745b2af073bf811d2f68048f,hipLaunchKernel,608220732544416,608220732548936,GETRF|backend=cdls|call_id=1|n=27|lda=201,traces/cdls-n27-lda201/trace_kernel_trace.csv,1,1,compute,fused_small_with_info_reset
KERNEL_DISPATCH,Agent 4,1,1,2777417,3,12,"void cdls::rocm_detail::getrf::(anonymous namespace)::getrf_small_kernel<true>(int, double*, long, int*, int)",23597,608220732595657,608220732606697,33280,0,52,124,112,512,1,1,512,1,1,cdls,2,27,201,137,137,call137-n27-lda201.bin,4cf17b148d8977f64361c866acac2683d795731b745b2af073bf811d2f68048f,hipLaunchKernel,608220732589727,608220732593697,GETRF|backend=cdls|call_id=2|n=27|lda=201,traces/cdls-n27-lda201/trace_kernel_trace.csv,1,1,compute,fused_small_with_info_reset
KERNEL_DISPATCH,Agent 4,1,1,2777528,1,10,__amd_rocclr_fillBufferAligned,23579,608225111303048,608225111304768,0,0,12,4,48,256,1,1,256,1,1,cdls,0,351,1914,10892,10892,call10892-n351-lda1914.bin,b1d133da1657fb88a1d4825deb0c93ad564fd8a0a85a891bd7685067aef3aed0,hipMemsetAsync,608225111272508,608225111299418,GETRF|backend=cdls|call_id=0|n=351|lda=1914,traces/cdls-n351-lda1914/trace_kernel_trace.csv,1,1,initialization,reset_internal_info
KERNEL_DISPATCH,Agent 4,1,1,2777528,2,10,__amd_rocclr_fillBufferAligned,23580,608225111312328,608225111314248,0,0,12,4,48,256,1,1,256,1,1,cdls,0,351,1914,10892,10892,call10892-n351-lda1914.bin,b1d133da1657fb88a1d4825deb0c93ad564fd8a0a85a891bd7685067aef3aed0,hipMemsetAsync,608225111303778,608225111311788,GETRF|backend=cdls|call_id=0|n=351|lda=1914,traces/cdls-n351-lda1914/trace_kernel_trace.csv,2,2,initialization,reset_task_workspace
KERNEL_DISPATCH,Agent 4,1,1,2777528,3,10,__amd_rocclr_fillBufferAligned,23580,608225111315768,608225111317168,0,0,12,4,48,256,1,1,256,1,1,cdls,0,351,1914,10892,10892,call10892-n351-lda1914.bin,b1d133da1657fb88a1d4825deb0c93ad564fd8a0a85a891bd7685067aef3aed0,hipMemsetAsync,608225111303778,608225111311788,GETRF|backend=cdls|call_id=0|n=351|lda=1914,traces/cdls-n351-lda1914/trace_kernel_trace.csv,3,3,initialization,reset_task_workspace
KERNEL_DISPATCH,Agent 4,1,1,2777528,4,14,"void cdls::rocm_detail::getrf::(anonymous namespace)::getrf_kernel<512, true, false, false>(int, double*, long, int, int, int*, int*, int*, int, int*, double)",23583,608225111321310,608225111576831,50176,0,64,112,112,512,1,1,18432,1,1,cdls,0,351,1914,10892,10892,call10892-n351-lda1914.bin,b1d133da1657fb88a1d4825deb0c93ad564fd8a0a85a891bd7685067aef3aed0,hipLaunchKernel,608225111314248,608225111319178,GETRF|backend=cdls|call_id=0|n=351|lda=1914,traces/cdls-n351-lda1914/trace_kernel_trace.csv,4,4,compute,fused_tiled_LU
KERNEL_DISPATCH,Agent 4,1,1,2777528,5,10,__amd_rocclr_fillBufferAligned,23589,608225111621681,608225111623321,0,0,12,4,48,256,1,1,256,1,1,cdls,1,351,1914,10892,10892,call10892-n351-lda1914.bin,b1d133da1657fb88a1d4825deb0c93ad564fd8a0a85a891bd7685067aef3aed0,hipMemsetAsync,608225111614691,608225111619161,GETRF|backend=cdls|call_id=1|n=351|lda=1914,traces/cdls-n351-lda1914/trace_kernel_trace.csv,1,1,initialization,reset_internal_info
KERNEL_DISPATCH,Agent 4,1,1,2777528,6,10,__amd_rocclr_fillBufferAligned,23590,608225111626321,608225111628041,0,0,12,4,48,256,1,1,256,1,1,cdls,1,351,1914,10892,10892,call10892-n351-lda1914.bin,b1d133da1657fb88a1d4825deb0c93ad564fd8a0a85a891bd7685067aef3aed0,hipMemsetAsync,608225111619801,608225111628101,GETRF|backend=cdls|call_id=1|n=351|lda=1914,traces/cdls-n351-lda1914/trace_kernel_trace.csv,2,2,initialization,reset_task_workspace
KERNEL_DISPATCH,Agent 4,1,1,2777528,7,10,__amd_rocclr_fillBufferAligned,23590,608225111630931,608225111632851,0,0,12,4,48,256,1,1,256,1,1,cdls,1,351,1914,10892,10892,call10892-n351-lda1914.bin,b1d133da1657fb88a1d4825deb0c93ad564fd8a0a85a891bd7685067aef3aed0,hipMemsetAsync,608225111619801,608225111628101,GETRF|backend=cdls|call_id=1|n=351|lda=1914,traces/cdls-n351-lda1914/trace_kernel_trace.csv,3,3,initialization,reset_task_workspace
KERNEL_DISPATCH,Agent 4,1,1,2777528,8,14,"void cdls::rocm_detail::getrf::(anonymous namespace)::getrf_kernel<512, true, false, false>(int, double*, long, int, int, int*, int*, int*, int, int*, double)",23593,608225111635863,608225111886384,50176,0,64,112,112,512,1,1,18432,1,1,cdls,1,351,1914,10892,10892,call10892-n351-lda1914.bin,b1d133da1657fb88a1d4825deb0c93ad564fd8a0a85a891bd7685067aef3aed0,hipLaunchKernel,608225111629911,608225111633831,GETRF|backend=cdls|call_id=1|n=351|lda=1914,traces/cdls-n351-lda1914/trace_kernel_trace.csv,4,4,compute,fused_tiled_LU
KERNEL_DISPATCH,Agent 4,1,1,2777528,9,10,__amd_rocclr_fillBufferAligned,23599,608225111921804,608225111923524,0,0,12,4,48,256,1,1,256,1,1,cdls,2,351,1914,10892,10892,call10892-n351-lda1914.bin,b1d133da1657fb88a1d4825deb0c93ad564fd8a0a85a891bd7685067aef3aed0,hipMemsetAsync,608225111915444,608225111919544,GETRF|backend=cdls|call_id=2|n=351|lda=1914,traces/cdls-n351-lda1914/trace_kernel_trace.csv,1,1,initialization,reset_internal_info
KERNEL_DISPATCH,Agent 4,1,1,2777528,10,10,__amd_rocclr_fillBufferAligned,23600,608225111926194,608225111928114,0,0,12,4,48,256,1,1,256,1,1,cdls,2,351,1914,10892,10892,call10892-n351-lda1914.bin,b1d133da1657fb88a1d4825deb0c93ad564fd8a0a85a891bd7685067aef3aed0,hipMemsetAsync,608225111920084,608225111927154,GETRF|backend=cdls|call_id=2|n=351|lda=1914,traces/cdls-n351-lda1914/trace_kernel_trace.csv,2,2,initialization,reset_task_workspace
KERNEL_DISPATCH,Agent 4,1,1,2777528,11,10,__amd_rocclr_fillBufferAligned,23600,608225111931214,608225111932174,0,0,12,4,48,256,1,1,256,1,1,cdls,2,351,1914,10892,10892,call10892-n351-lda1914.bin,b1d133da1657fb88a1d4825deb0c93ad564fd8a0a85a891bd7685067aef3aed0,hipMemsetAsync,608225111920084,608225111927154,GETRF|backend=cdls|call_id=2|n=351|lda=1914,traces/cdls-n351-lda1914/trace_kernel_trace.csv,3,3,initialization,reset_task_workspace
KERNEL_DISPATCH,Agent 4,1,1,2777528,12,14,"void cdls::rocm_detail::getrf::(anonymous namespace)::getrf_kernel<512, true, false, false>(int, double*, long, int, int, int*, int*, int*, int, int*, double)",23603,608225111937675,608225112187996,50176,0,64,112,112,512,1,1,18432,1,1,cdls,2,351,1914,10892,10892,call10892-n351-lda1914.bin,b1d133da1657fb88a1d4825deb0c93ad564fd8a0a85a891bd7685067aef3aed0,hipLaunchKernel,608225111930174,608225111935444,GETRF|backend=cdls|call_id=2|n=351|lda=1914,traces/cdls-n351-lda1914/trace_kernel_trace.csv,4,4,compute,fused_tiled_LU
KERNEL_DISPATCH,Agent 4,1,1,2777518,1,23,"void rocsolver::v33200::iota_n<double>(double*, unsigned int, double)",23581,608224105218981,608224105221381,0,0,4,4,16,32,1,1,32,1,1,rocsolver,0,189,837,9521,9521,call9521-n189-lda837.bin,d47dd9521235ee7f0d6207b85b363a5ed237fd9cbe2b2cf07c6aa99587206ae4,hipLaunchKernel,608224105171244,608224105209864,GETRF|backend=rocsolver|call_id=0|n=189|lda=837,traces/rocsolver-n189-lda837/trace_kernel_trace.csv,1,1,initialization,initialize_scalars
KERNEL_DISPATCH,Agent 4,1,1,2777518,2,44,"void rocsolver::v33200::reset_info<int, int, int>(int*, int, int, int)",23584,608224105226301,608224105228221,0,0,4,4,16,256,1,1,256,1,1,rocsolver,0,189,837,9521,9521,call9521-n189-lda837.bin,d47dd9521235ee7f0d6207b85b363a5ed237fd9cbe2b2cf07c6aa99587206ae4,hipLaunchKernel,608224105212764,608224105223104,GETRF|backend=rocsolver|call_id=0|n=189|lda=837,traces/rocsolver-n189-lda837/trace_kernel_trace.csv,2,2,initialization,reset_info
KERNEL_DISPATCH,Agent 4,1,1,2777518,3,83,"void rocsolver::v33200::getf2_npvt_small_kernel<16, double, int, int, double*>(int, double*, long, int, long, int*, int, int)",23587,608224105235061,608224105242981,0,0,4,132,48,189,1,1,189,1,1,rocsolver,0,189,837,9521,9521,call9521-n189-lda837.bin,d47dd9521235ee7f0d6207b85b363a5ed237fd9cbe2b2cf07c6aa99587206ae4,hipLaunchKernel,608224105225004,608224105231944,GETRF|backend=rocsolver|call_id=0|n=189|lda=837,traces/rocsolver-n189-lda837/trace_kernel_trace.csv,3,3,compute,panel_GETF2
KERNEL_DISPATCH,Agent 4,1,1,2777518,4,202,"void rocsolver::v33200::unit_forward_substitution_kernel<double, int, double*>(int, int, double*, int, int, long, long, double*, int, int, long, long)",23590,608224105245141,608224105254381,0,0,12,4,32,16,64,1,16,192,1,rocsolver,0,189,837,9521,9521,call9521-n189-lda837.bin,d47dd9521235ee7f0d6207b85b363a5ed237fd9cbe2b2cf07c6aa99587206ae4,hipLaunchKernel,608224105233724,608224105242124,GETRF|backend=rocsolver|call_id=0|n=189|lda=837,traces/rocsolver-n189-lda837/trace_kernel_trace.csv,4,4,compute,internal_TRSM
KERNEL_DISPATCH,Agent 4,1,1,2777518,5,861,Cijk_Ailk_Bljk_DB_MT128x64x16_MI16x16x4x1_SN_1LDSB1_APM1_ABV0_ACED0_AF0EM1_AF1EM1_AMAS0_ASE_ASGT_ASLT_ASM_ASAE01_ASCE01_ASEM1_AAC0_BL1_BS1_CLR0_DTLA0_DTLB0_DTVA0_DTVB0_DVO0_ETSP_EPS1_ELFLR0_EMLL0_FSSC10_FL0_GLVWA1_GLVWB1_GRCGA1_GRCGB1_GRPM1_GRVW1_GSU1_GSUASB_GLS0_ISA942_IU1_K1_KLA_LBSPPA0_LBSPPB128_LPA0_LPB1_LDL1_LRVW1_LWPMn1_LDW0_FMA_MIAV1_MDA2_MO40_MMFSC_MKFGSU256_NTA0_NTB0_NTC3_NTD3_NEPBS0_NLCA1_NLCB1_ONLL1_OPLV0_PK0_PAP0_PGR2_PLR5_PKA0_SIA3_SLW1_SS1_SU0_SUM0_SUS0_SCIUI1_SPO1_SRVW0_SSO6_SVW1_SNLL0_TSGRA0_TSGRB0_TT4_32_TLDS1_UMLDSA0_UMLDSB1_U64SL1_USFGROn1_VAW1_VSn1_VW1_VWB1_VFLRP0_WSGRA0_WSGRB0_WS64_WG32_8_1_WGM12,23593,608224105268705,608224105275345,25088,0,128,128,80,256,1,1,512,3,1,rocsolver,0,189,837,9521,9521,call9521-n189-lda837.bin,d47dd9521235ee7f0d6207b85b363a5ed237fd9cbe2b2cf07c6aa99587206ae4,hipExtModuleLaunchKernel,608224105254914,608224105266464,GETRF|backend=rocsolver|call_id=0|n=189|lda=837,traces/rocsolver-n189-lda837/trace_kernel_trace.csv,5,5,compute,internal_GEMM
KERNEL_DISPATCH,Agent 4,1,1,2777518,6,83,"void rocsolver::v33200::getf2_npvt_small_kernel<16, double, int, int, double*>(int, double*, long, int, long, int*, int, int)",23596,608224105288414,608224105296215,0,0,4,132,48,173,1,1,173,1,1,rocsolver,0,189,837,9521,9521,call9521-n189-lda837.bin,d47dd9521235ee7f0d6207b85b363a5ed237fd9cbe2b2cf07c6aa99587206ae4,hipLaunchKernel,608224105271695,608224105285725,GETRF|backend=rocsolver|call_id=0|n=189|lda=837,traces/rocsolver-n189-lda837/trace_kernel_trace.csv,6,6,compute,panel_GETF2
KERNEL_DISPATCH,Agent 4,1,1,2777518,7,202,"void rocsolver::v33200::unit_forward_substitution_kernel<double, int, double*>(int, int, double*, int, int, long, long, double*, int, int, long, long)",23599,608224105301825,608224105310945,0,0,12,4,32,16,64,1,16,192,1,rocsolver,0,189,837,9521,9521,call9521-n189-lda837.bin,d47dd9521235ee7f0d6207b85b363a5ed237fd9cbe2b2cf07c6aa99587206ae4,hipLaunchKernel,608224105289975,608224105299125,GETRF|backend=rocsolver|call_id=0|n=189|lda=837,traces/rocsolver-n189-lda837/trace_kernel_trace.csv,7,7,compute,internal_TRSM
KERNEL_DISPATCH,Agent 4,1,1,2777518,8,818,Cijk_Ailk_Bljk_DB_MT128x64x16_MI16x16x4x1_SN_1LDSB1_APM1_ABV0_ACED0_AF0EM1_AF1EM1_AMAS0_ASE_ASGT_ASLT_ASM_ASAE01_ASCE01_ASEM1_AAC0_BL1_BS1_CLR0_DTLA0_DTLB0_DTVA0_DTVB0_DVO0_ETSP_EPS1_ELFLR0_EMLL0_FSSC10_FL0_GLVWA1_GLVWB1_GRCGA1_GRCGB1_GRPM1_GRVW1_GSU1_GSUASB_GLS0_ISA942_IU1_K1_KLA_LBSPPA0_LBSPPB128_LPA0_LPB1_LDL1_LRVW1_LWPMn1_LDW0_FMA_MIAV1_MDA2_MO40_MMFSC_MKFGSU256_NTA0_NTB0_NTC3_NTD3_NEPBS0_NLCA1_NLCB1_ONLL1_OPLV0_PK0_PAP0_PGR2_PLR5_PKA0_SIA3_SLW1_SS1_SU0_SUM0_SUS0_SCIUI1_SPO1_SRVW0_SSO6_SVW1_SNLL0_TSGRA0_TSGRB0_TT4_32_TLDS1_UMLDSA0_UMLDSB1_U64SL1_USFGROn1_VAW1_VSn1_VW1_VWB1_VFLRP0_WSGRA0_WSGRB0_WS64_WG32_8_1_WGM6,23602,608224105322525,608224105329285,25088,0,128,128,80,256,1,1,512,3,1,rocsolver,0,189,837,9521,9521,call9521-n189-lda837.bin,d47dd9521235ee7f0d6207b85b363a5ed237fd9cbe2b2cf07c6aa99587206ae4,hipExtModuleLaunchKernel,608224105309025,608224105319605,GETRF|backend=rocsolver|call_id=0|n=189|lda=837,traces/rocsolver-n189-lda837/trace_kernel_trace.csv,8,8,compute,internal_GEMM
KERNEL_DISPATCH,Agent 4,1,1,2777518,9,83,"void rocsolver::v33200::getf2_npvt_small_kernel<16, double, int, int, double*>(int, double*, long, int, long, int*, int, int)",23605,608224105332955,608224105340715,0,0,4,132,48,157,1,1,157,1,1,rocsolver,0,189,837,9521,9521,call9521-n189-lda837.bin,d47dd9521235ee7f0d6207b85b363a5ed237fd9cbe2b2cf07c6aa99587206ae4,hipLaunchKernel,608224105322745,608224105330355,GETRF|backend=rocsolver|call_id=0|n=189|lda=837,traces/rocsolver-n189-lda837/trace_kernel_trace.csv,9,9,compute,panel_GETF2
KERNEL_DISPATCH,Agent 4,1,1,2777518,10,202,"void rocsolver::v33200::unit_forward_substitution_kernel<double, int, double*>(int, int, double*, int, int, long, long, double*, int, int, long, long)",23608,608224105346905,608224105356145,0,0,12,4,32,16,64,1,16,192,1,rocsolver,0,189,837,9521,9521,call9521-n189-lda837.bin,d47dd9521235ee7f0d6207b85b363a5ed237fd9cbe2b2cf07c6aa99587206ae4,hipLaunchKernel,608224105334965,608224105344135,GETRF|backend=rocsolver|call_id=0|n=189|lda=837,traces/rocsolver-n189-lda837/trace_kernel_trace.csv,10,10,compute,internal_TRSM
KERNEL_DISPATCH,Agent 4,1,1,2777518,11,818,Cijk_Ailk_Bljk_DB_MT128x64x16_MI16x16x4x1_SN_1LDSB1_APM1_ABV0_ACED0_AF0EM1_AF1EM1_AMAS0_ASE_ASGT_ASLT_ASM_ASAE01_ASCE01_ASEM1_AAC0_BL1_BS1_CLR0_DTLA0_DTLB0_DTVA0_DTVB0_DVO0_ETSP_EPS1_ELFLR0_EMLL0_FSSC10_FL0_GLVWA1_GLVWB1_GRCGA1_GRCGB1_GRPM1_GRVW1_GSU1_GSUASB_GLS0_ISA942_IU1_K1_KLA_LBSPPA0_LBSPPB128_LPA0_LPB1_LDL1_LRVW1_LWPMn1_LDW0_FMA_MIAV1_MDA2_MO40_MMFSC_MKFGSU256_NTA0_NTB0_NTC3_NTD3_NEPBS0_NLCA1_NLCB1_ONLL1_OPLV0_PK0_PAP0_PGR2_PLR5_PKA0_SIA3_SLW1_SS1_SU0_SUM0_SUS0_SCIUI1_SPO1_SRVW0_SSO6_SVW1_SNLL0_TSGRA0_TSGRB0_TT4_32_TLDS1_UMLDSA0_UMLDSB1_U64SL1_USFGROn1_VAW1_VSn1_VW1_VWB1_VFLRP0_WSGRA0_WSGRB0_WS64_WG32_8_1_WGM6,23611,608224105362555,608224105369435,25088,0,128,128,80,256,1,1,512,3,1,rocsolver,0,189,837,9521,9521,call9521-n189-lda837.bin,d47dd9521235ee7f0d6207b85b363a5ed237fd9cbe2b2cf07c6aa99587206ae4,hipExtModuleLaunchKernel,608224105352465,608224105360255,GETRF|backend=rocsolver|call_id=0|n=189|lda=837,traces/rocsolver-n189-lda837/trace_kernel_trace.csv,11,11,compute,internal_GEMM
KERNEL_DISPATCH,Agent 4,1,1,2777518,12,83,"void rocsolver::v33200::getf2_npvt_small_kernel<16, double, int, int, double*>(int, double*, long, int, long, int*, int, int)",23614,608224105374325,608224105382125,0,0,4,132,48,141,1,1,141,1,1,rocsolver,0,189,837,9521,9521,call9521-n189-lda837.bin,d47dd9521235ee7f0d6207b85b363a5ed237fd9cbe2b2cf07c6aa99587206ae4,hipLaunchKernel,608224105362785,608224105371945,GETRF|backend=rocsolver|call_id=0|n=189|lda=837,traces/rocsolver-n189-lda837/trace_kernel_trace.csv,12,12,compute,panel_GETF2
KERNEL_DISPATCH,Agent 4,1,1,2777518,13,202,"void rocsolver::v33200::unit_forward_substitution_kernel<double, int, double*>(int, int, double*, int, int, long, long, double*, int, int, long, long)",23617,608224105387566,608224105396686,0,0,12,4,32,16,64,1,16,128,1,rocsolver,0,189,837,9521,9521,call9521-n189-lda837.bin,d47dd9521235ee7f0d6207b85b363a5ed237fd9cbe2b2cf07c6aa99587206ae4,hipLaunchKernel,608224105375305,608224105385055,GETRF|backend=rocsolver|call_id=0|n=189|lda=837,traces/rocsolver-n189-lda837/trace_kernel_trace.csv,13,13,compute,internal_TRSM
KERNEL_DISPATCH,Agent 4,1,1,2777518,14,818,Cijk_Ailk_Bljk_DB_MT128x64x16_MI16x16x4x1_SN_1LDSB1_APM1_ABV0_ACED0_AF0EM1_AF1EM1_AMAS0_ASE_ASGT_ASLT_ASM_ASAE01_ASCE01_ASEM1_AAC0_BL1_BS1_CLR0_DTLA0_DTLB0_DTVA0_DTVB0_DVO0_ETSP_EPS1_ELFLR0_EMLL0_FSSC10_FL0_GLVWA1_GLVWB1_GRCGA1_GRCGB1_GRPM1_GRVW1_GSU1_GSUASB_GLS0_ISA942_IU1_K1_KLA_LBSPPA0_LBSPPB128_LPA0_LPB1_LDL1_LRVW1_LWPMn1_LDW0_FMA_MIAV1_MDA2_MO40_MMFSC_MKFGSU256_NTA0_NTB0_NTC3_NTD3_NEPBS0_NLCA1_NLCB1_ONLL1_OPLV0_PK0_PAP0_PGR2_PLR5_PKA0_SIA3_SLW1_SS1_SU0_SUM0_SUS0_SCIUI1_SPO1_SRVW0_SSO6_SVW1_SNLL0_TSGRA0_TSGRB0_TT4_32_TLDS1_UMLDSA0_UMLDSB1_U64SL1_USFGROn1_VAW1_VSn1_VW1_VWB1_VFLRP0_WSGRA0_WSGRB0_WS64_WG32_8_1_WGM6,23620,608224105404786,608224105411106,25088,0,128,128,80,256,1,1,256,2,1,rocsolver,0,189,837,9521,9521,call9521-n189-lda837.bin,d47dd9521235ee7f0d6207b85b363a5ed237fd9cbe2b2cf07c6aa99587206ae4,hipExtModuleLaunchKernel,608224105394086,608224105402386,GETRF|backend=rocsolver|call_id=0|n=189|lda=837,traces/rocsolver-n189-lda837/trace_kernel_trace.csv,14,14,compute,internal_GEMM
KERNEL_DISPATCH,Agent 4,1,1,2777518,15,83,"void rocsolver::v33200::getf2_npvt_small_kernel<16, double, int, int, double*>(int, double*, long, int, long, int*, int, int)",23623,608224105416665,608224105424266,0,0,4,132,48,125,1,1,125,1,1,rocsolver,0,189,837,9521,9521,call9521-n189-lda837.bin,d47dd9521235ee7f0d6207b85b363a5ed237fd9cbe2b2cf07c6aa99587206ae4,hipLaunchKernel,608224105405196,608224105414206,GETRF|backend=rocsolver|call_id=0|n=189|lda=837,traces/rocsolver-n189-lda837/trace_kernel_trace.csv,15,15,compute,panel_GETF2
KERNEL_DISPATCH,Agent 4,1,1,2777518,16,202,"void rocsolver::v33200::unit_forward_substitution_kernel<double, int, double*>(int, int, double*, int, int, long, long, double*, int, int, long, long)",23626,608224105428536,608224105437696,0,0,12,4,32,16,64,1,16,128,1,rocsolver,0,189,837,9521,9521,call9521-n189-lda837.bin,d47dd9521235ee7f0d6207b85b363a5ed237fd9cbe2b2cf07c6aa99587206ae4,hipLaunchKernel,608224105417936,608224105426226,GETRF|backend=rocsolver|call_id=0|n=189|lda=837,traces/rocsolver-n189-lda837/trace_kernel_trace.csv,16,16,compute,internal_TRSM
KERNEL_DISPATCH,Agent 4,1,1,2777518,17,933,Cijk_Ailk_Bljk_DB_MT128x64x16_MI16x16x4x1_SN_1LDSB1_APM1_ABV0_ACED0_AF0EM1_AF1EM1_AMAS0_ASE_ASGT_ASLT_ASM_ASAE01_ASCE01_ASEM1_AAC0_BL1_BS1_CLR0_DTLA0_DTLB0_DTVA1_DTVB0_DVO0_ETSP_EPS1_ELFLR0_EMLL0_FSSC10_FL0_GLVWA1_GLVWB1_GRCGA1_GRCGB1_GRPM1_GRVW1_GSU1_GSUASB_GLS0_ISA942_IU1_K1_KLA_LBSPPA0_LBSPPB128_LPA0_LPB1_LDL1_LRVW1_LWPMn1_LDW0_FMA_MIAV1_MDA2_MO40_MMFSC_MKFGSU256_NTA0_NTB0_NTC3_NTD3_NEPBS0_NLCA2_NLCB1_ONLL1_OPLV0_PK0_PAP0_PGR2_PLR1_PKA0_SIA3_SLW1_SS1_SU0_SUM0_SUS0_SCIUI1_SPO1_SRVW0_SSO6_SVW1_SNLL0_TSGRA0_TSGRB0_TT2_64_TLDS1_UMLDSA0_UMLDSB1_U64SL1_USFGROn1_VAW1_VSn1_VW1_VWB1_VFLRP0_WSGRA0_WSGRB0_WS64_WG64_4_1_WGM6,23629,608224105448306,608224105456186,8704,0,40,128,80,256,1,1,256,2,1,rocsolver,0,189,837,9521,9521,call9521-n189-lda837.bin,d47dd9521235ee7f0d6207b85b363a5ed237fd9cbe2b2cf07c6aa99587206ae4,hipExtModuleLaunchKernel,608224105435756,608224105445226,GETRF|backend=rocsolver|call_id=0|n=189|lda=837,traces/rocsolver-n189-lda837/trace_kernel_trace.csv,17,17,compute,internal_GEMM
KERNEL_DISPATCH,Agent 4,1,1,2777518,18,83,"void rocsolver::v33200::getf2_npvt_small_kernel<16, double, int, int, double*>(int, double*, long, int, long, int*, int, int)",23632,608224105459926,608224105467606,0,0,4,132,48,109,1,1,109,1,1,rocsolver,0,189,837,9521,9521,call9521-n189-lda837.bin,d47dd9521235ee7f0d6207b85b363a5ed237fd9cbe2b2cf07c6aa99587206ae4,hipLaunchKernel,608224105448876,608224105456856,GETRF|backend=rocsolver|call_id=0|n=189|lda=837,traces/rocsolver-n189-lda837/trace_kernel_trace.csv,18,18,compute,panel_GETF2
KERNEL_DISPATCH,Agent 4,1,1,2777518,19,202,"void rocsolver::v33200::unit_forward_substitution_kernel<double, int, double*>(int, int, double*, int, int, long, long, double*, int, int, long, long)",23635,608224105469746,608224105478826,0,0,12,4,32,16,64,1,16,128,1,rocsolver,0,189,837,9521,9521,call9521-n189-lda837.bin,d47dd9521235ee7f0d6207b85b363a5ed237fd9cbe2b2cf07c6aa99587206ae4,hipLaunchKernel,608224105459186,608224105467146,GETRF|backend=rocsolver|call_id=0|n=189|lda=837,traces/rocsolver-n189-lda837/trace_kernel_trace.csv,19,19,compute,internal_TRSM
KERNEL_DISPATCH,Agent 4,1,1,2777518,20,1018,Cijk_Ailk_Bljk_DB_MT64x64x16_MI16x16x4x1_SN_1LDSB1_APM1_ABV0_ACED0_AF0EM1_AF1EM1_AMAS3_ASE_ASGT_ASLT_ASM_ASAE01_ASCE01_ASEM1_AAC0_BL1_BS1_CLR0_DTLA0_DTLB0_DTVA0_DTVB0_DVO0_ETSP_EPS1_ELFLR0_EMLL0_FSSC10_FL0_GLVWA2_GLVWB2_GRCGA1_GRCGB1_GRPM1_GRVW2_GSU1_GSUASB_GLS0_ISA942_IU1_K1_KLA_LBSPPA0_LBSPPB128_LPA0_LPB4_LDL1_LRVW2_LWPMn1_LDW0_FMA_MIAV1_MDA2_MO40_MMFSC_MKFGSU256_NTA0_NTB0_NTC3_NTD3_NEPBS0_NLCA1_NLCB1_ONLL1_OPLV0_PK0_PAP0_PGR2_PLR5_PKA0_SIA3_SLW1_SS1_SU0_SUM0_SUS0_SCIUI1_SPO1_SRVW0_SSO6_SVW2_SNLL0_TSGRA0_TSGRB0_TT2_32_TLDS1_UMLDSA0_UMLDSB1_U64SL1_USFGROn1_VAW1_VSn1_VW2_VWB1_VFLRP0_WSGRA0_WSGRB0_WS64_WG32_8_1_WGM12,23638,608224105533057,608224105538217,18432,0,40,128,80,256,1,1,512,2,1,rocsolver,0,189,837,9521,9521,call9521-n189-lda837.bin,d47dd9521235ee7f0d6207b85b363a5ed237fd9cbe2b2cf07c6aa99587206ae4,hipExtModuleLaunchKernel,608224105478166,608224105529957,GETRF|backend=rocsolver|call_id=0|n=189|lda=837,traces/rocsolver-n189-lda837/trace_kernel_trace.csv,20,20,compute,internal_GEMM
KERNEL_DISPATCH,Agent 4,1,1,2777518,21,83,"void rocsolver::v33200::getf2_npvt_small_kernel<16, double, int, int, double*>(int, double*, long, int, long, int*, int, int)",23641,608224105541647,608224105549247,0,0,4,132,48,93,1,1,93,1,1,rocsolver,0,189,837,9521,9521,call9521-n189-lda837.bin,d47dd9521235ee7f0d6207b85b363a5ed237fd9cbe2b2cf07c6aa99587206ae4,hipLaunchKernel,608224105532377,608224105538647,GETRF|backend=rocsolver|call_id=0|n=189|lda=837,traces/rocsolver-n189-lda837/trace_kernel_trace.csv,21,21,compute,panel_GETF2
KERNEL_DISPATCH,Agent 4,1,1,2777518,22,202,"void rocsolver::v33200::unit_forward_substitution_kernel<double, int, double*>(int, int, double*, int, int, long, long, double*, int, int, long, long)",23644,608224105553617,608224105562777,0,0,12,4,32,16,64,1,16,128,1,rocsolver,0,189,837,9521,9521,call9521-n189-lda837.bin,d47dd9521235ee7f0d6207b85b363a5ed237fd9cbe2b2cf07c6aa99587206ae4,hipLaunchKernel,608224105541367,608224105551007,GETRF|backend=rocsolver|call_id=0|n=189|lda=837,traces/rocsolver-n189-lda837/trace_kernel_trace.csv,22,22,compute,internal_TRSM
KERNEL_DISPATCH,Agent 4,1,1,2777518,23,823,Cijk_Ailk_Bljk_DB_MT64x64x16_MI16x16x4x1_SN_1LDSB1_APM1_ABV0_ACED0_AF0EM1_AF1EM1_AMAS0_ASE_ASGT_ASLT_ASM_ASAE01_ASCE01_ASEM1_AAC0_BL1_BS1_CLR0_DTLA0_DTLB0_DTVA1_DTVB0_DVO0_ETSP_EPS1_ELFLR0_EMLL0_FSSC10_FL0_GLVWA1_GLVWB1_GRCGA1_GRCGB1_GRPM1_GRVW1_GSU1_GSUASB_GLS0_ISA942_IU1_K1_KLA_LBSPPA0_LBSPPB128_LPA0_LPB4_LDL1_LRVW2_LWPMn1_LDW0_FMA_MIAV1_MDA2_MO40_MMFSC_MKFGSU256_NTA0_NTB0_NTC3_NTD3_NEPBS0_NLCA1_NLCB1_ONLL1_OPLV0_PK0_PAP0_PGR2_PLR5_PKA0_SIA3_SLW1_SS1_SU0_SUM0_SUS0_SCIUI1_SPO1_SRVW0_SSO6_SVW1_SNLL0_TSGRA0_TSGRB0_TT1_64_TLDS1_UMLDSA0_UMLDSB1_U64SL1_USFGROn1_VAW1_VSn1_VW1_VWB1_VFLRP0_WSGRA0_WSGRB0_WS64_WG64_4_1_WGM6,23647,608224105573704,608224105579064,10240,0,128,0,80,256,1,1,512,2,1,rocsolver,0,189,837,9521,9521,call9521-n189-lda837.bin,d47dd9521235ee7f0d6207b85b363a5ed237fd9cbe2b2cf07c6aa99587206ae4,hipExtModuleLaunchKernel,608224105560767,608224105570637,GETRF|backend=rocsolver|call_id=0|n=189|lda=837,traces/rocsolver-n189-lda837/trace_kernel_trace.csv,23,23,compute,internal_GEMM
KERNEL_DISPATCH,Agent 4,1,1,2777518,24,83,"void rocsolver::v33200::getf2_npvt_small_kernel<16, double, int, int, double*>(int, double*, long, int, long, int*, int, int)",23650,608224105581987,608224105589667,0,0,4,132,48,77,1,1,77,1,1,rocsolver,0,189,837,9521,9521,call9521-n189-lda837.bin,d47dd9521235ee7f0d6207b85b363a5ed237fd9cbe2b2cf07c6aa99587206ae4,hipLaunchKernel,608224105572637,608224105579687,GETRF|backend=rocsolver|call_id=0|n=189|lda=837,traces/rocsolver-n189-lda837/trace_kernel_trace.csv,24,24,compute,panel_GETF2
KERNEL_DISPATCH,Agent 4,1,1,2777518,25,202,"void rocsolver::v33200::unit_forward_substitution_kernel<double, int, double*>(int, int, double*, int, int, long, long, double*, int, int, long, long)",23653,608224105591977,608224105601377,0,0,12,4,32,16,64,1,16,64,1,rocsolver,0,189,837,9521,9521,call9521-n189-lda837.bin,d47dd9521235ee7f0d6207b85b363a5ed237fd9cbe2b2cf07c6aa99587206ae4,hipLaunchKernel,608224105581387,608224105589447,GETRF|backend=rocsolver|call_id=0|n=189|lda=837,traces/rocsolver-n189-lda837/trace_kernel_trace.csv,25,25,compute,internal_TRSM
KERNEL_DISPATCH,Agent 4,1,1,2777518,26,1067,Cijk_Ailk_Bljk_DB_MT64x64x32_MI16x16x4x1_SN_1LDSB1_APM1_ABV0_ACED0_AF0EM1_AF1EM1_AMAS0_ASE_ASGT_ASLT_ASM_ASAE01_ASCE01_ASEM1_AAC0_BL1_BS1_CLR0_DTLA0_DTLB0_DTVA1_DTVB0_DVO0_ETSP_EPS1_ELFLR0_EMLL0_FSSC10_FL0_GLVWA1_GLVWB1_GRCGA1_GRCGB1_GRPM1_GRVW1_GSU1_GSUASB_GLS0_ISA942_IU1_K1_KLA_LBSPPA0_LBSPPB256_LPA0_LPB1_LDL1_LRVW1_LWPMn1_LDW0_FMA_MIAV1_MDA2_MO40_MMFSC_MKFGSU256_NTA0_NTB0_NTC3_NTD3_NEPBS0_NLCA1_NLCB1_ONLL1_OPLV0_PK0_PAP0_PGR2_PLR9_PKA0_SIA3_SLW1_SS1_SU0_SUM0_SUS0_SCIUI1_SPO1_SRVW0_SSO6_SVW1_SNLL0_TSGRA0_TSGRB0_TT1_64_TLDS1_UMLDSA0_UMLDSB1_U64SL1_USFGROn1_VAW1_VSn1_VW1_VWB1_VFLRP0_WSGRA0_WSGRB0_WS64_WG64_4_1_WGM12,23656,608224105617224,608224105623424,16896,0,40,128,80,256,1,1,256,1,1,rocsolver,0,189,837,9521,9521,call9521-n189-lda837.bin,d47dd9521235ee7f0d6207b85b363a5ed237fd9cbe2b2cf07c6aa99587206ae4,hipExtModuleLaunchKernel,608224105603617,608224105614157,GETRF|backend=rocsolver|call_id=0|n=189|lda=837,traces/rocsolver-n189-lda837/trace_kernel_trace.csv,26,26,compute,internal_GEMM
KERNEL_DISPATCH,Agent 4,1,1,2777518,27,83,"void rocsolver::v33200::getf2_npvt_small_kernel<16, double, int, int, double*>(int, double*, long, int, long, int*, int, int)",23659,608224105625668,608224105633188,0,0,4,132,48,61,1,1,61,1,1,rocsolver,0,189,837,9521,9521,call9521-n189-lda837.bin,d47dd9521235ee7f0d6207b85b363a5ed237fd9cbe2b2cf07c6aa99587206ae4,hipLaunchKernel,608224105616408,608224105622708,GETRF|backend=rocsolver|call_id=0|n=189|lda=837,traces/rocsolver-n189-lda837/trace_kernel_trace.csv,27,27,compute,panel_GETF2
KERNEL_DISPATCH,Agent 4,1,1,2777518,28,202,"void rocsolver::v33200::unit_forward_substitution_kernel<double, int, double*>(int, int, double*, int, int, long, long, double*, int, int, long, long)",23662,608224105635968,608224105644328,0,0,12,4,32,16,64,1,16,64,1,rocsolver,0,189,837,9521,9521,call9521-n189-lda837.bin,d47dd9521235ee7f0d6207b85b363a5ed237fd9cbe2b2cf07c6aa99587206ae4,hipLaunchKernel,608224105624208,608224105633318,GETRF|backend=rocsolver|call_id=0|n=189|lda=837,traces/rocsolver-n189-lda837/trace_kernel_trace.csv,28,28,compute,internal_TRSM
KERNEL_DISPATCH,Agent 4,1,1,2777518,29,927,Cijk_Ailk_Bljk_DB_MT64x64x16_MI16x16x4x1_SN_1LDSB1_APM1_ABV0_ACED0_AF0EM1_AF1EM1_AMAS0_ASE_ASGT_ASLT_ASM_ASAE01_ASCE01_ASEM1_AAC0_BL1_BS1_CLR0_DTLA0_DTLB0_DTVA0_DTVB0_DVO0_ETSP_EPS1_ELFLR0_EMLL0_FSSC10_FL0_GLVWA1_GLVWB1_GRCGA1_GRCGB1_GRPM1_GRVW1_GSU1_GSUASB_GLS0_ISA942_IU1_K1_KLA_LBSPPA0_LBSPPB128_LPA0_LPB1_LDL1_LRVW1_LWPMn1_LDW0_FMA_MIAV1_MDA2_MO40_MMFSC_MKFGSU256_NTA0_NTB0_NTC3_NTD3_NEPBS0_NLCA1_NLCB1_ONLL1_OPLV0_PK0_PAP0_PGR2_PLR5_PKA0_SIA3_SLW1_SS1_SU0_SUM0_SUS0_SCIUI1_SPO1_SRVW0_SSO6_SVW1_SNLL0_TSGRA0_TSGRB0_TT2_32_TLDS1_UMLDSA0_UMLDSB1_U64SL1_USFGROn1_VAW1_VSn1_VW1_VWB1_VFLRP0_WSGRA0_WSGRB0_WS64_WG32_8_1_WGM6,23665,608224105658118,608224105662598,16896,0,40,128,80,256,1,1,256,1,1,rocsolver,0,189,837,9521,9521,call9521-n189-lda837.bin,d47dd9521235ee7f0d6207b85b363a5ed237fd9cbe2b2cf07c6aa99587206ae4,hipExtModuleLaunchKernel,608224105644448,608224105655628,GETRF|backend=rocsolver|call_id=0|n=189|lda=837,traces/rocsolver-n189-lda837/trace_kernel_trace.csv,29,29,compute,internal_GEMM
KERNEL_DISPATCH,Agent 4,1,1,2777518,30,83,"void rocsolver::v33200::getf2_npvt_small_kernel<16, double, int, int, double*>(int, double*, long, int, long, int*, int, int)",23668,608224105668058,608224105675578,0,0,4,132,48,45,1,1,45,1,1,rocsolver,0,189,837,9521,9521,call9521-n189-lda837.bin,d47dd9521235ee7f0d6207b85b363a5ed237fd9cbe2b2cf07c6aa99587206ae4,hipLaunchKernel,608224105657718,608224105665598,GETRF|backend=rocsolver|call_id=0|n=189|lda=837,traces/rocsolver-n189-lda837/trace_kernel_trace.csv,30,30,compute,panel_GETF2
KERNEL_DISPATCH,Agent 4,1,1,2777518,31,202,"void rocsolver::v33200::unit_forward_substitution_kernel<double, int, double*>(int, int, double*, int, int, long, long, double*, int, int, long, long)",23671,608224105679297,608224105687058,0,0,12,4,32,16,64,1,16,64,1,rocsolver,0,189,837,9521,9521,call9521-n189-lda837.bin,d47dd9521235ee7f0d6207b85b363a5ed237fd9cbe2b2cf07c6aa99587206ae4,hipLaunchKernel,608224105668358,608224105676788,GETRF|backend=rocsolver|call_id=0|n=189|lda=837,traces/rocsolver-n189-lda837/trace_kernel_trace.csv,31,31,compute,internal_TRSM
KERNEL_DISPATCH,Agent 4,1,1,2777518,32,828,Cijk_Ailk_Bljk_DB_MT64x32x16_MI16x16x4x1_SN_1LDSB1_APM1_ABV0_ACED0_AF0EM1_AF1EM1_AMAS0_ASE_ASGT_ASLT_ASM_ASAE01_ASCE01_ASEM1_AAC0_BL1_BS1_CLR0_DTLA0_DTLB0_DTVA1_DTVB0_DVO0_ETSP_EPS1_ELFLR0_EMLL0_FSSC10_FL0_GLVWA1_GLVWB1_GRCGA1_GRCGB1_GRPM1_GRVW1_GSU1_GSUASB_GLS0_ISA942_IU1_K1_KLA_LBSPPA0_LBSPPB128_LPA0_LPB4_LDL1_LRVW2_LWPMn1_LDW0_FMA_MIAV1_MDA2_MO40_MMFSC_MKFGSU256_NTA0_NTB0_NTC3_NTD3_NEPBS4_NLCA1_NLCB1_ONLL1_OPLV0_PK0_PAP0_PGR2_PLR5_PKA0_SIA3_SLW1_SS1_SU0_SUM0_SUS0_SCIUI1_SPO1_SRVW0_SSO6_SVW1_SNLL0_TSGRA0_TSGRB0_TT1_32_TLDS1_UMLDSA0_UMLDSB1_U64SL1_USFGROn1_VAW1_VSn1_VW1_VWB1_VFLRP0_WSGRA0_WSGRB0_WS64_WG64_4_1_WGM12,23674,608224105711918,608224105716598,5120,0,64,0,80,256,1,1,256,1,1,rocsolver,0,189,837,9521,9521,call9521-n189-lda837.bin,d47dd9521235ee7f0d6207b85b363a5ed237fd9cbe2b2cf07c6aa99587206ae4,hipExtModuleLaunchKernel,608224105700838,608224105709518,GETRF|backend=rocsolver|call_id=0|n=189|lda=837,traces/rocsolver-n189-lda837/trace_kernel_trace.csv,32,32,compute,internal_GEMM
KERNEL_DISPATCH,Agent 4,1,1,2777518,33,83,"void rocsolver::v33200::getf2_npvt_small_kernel<16, double, int, int, double*>(int, double*, long, int, long, int*, int, int)",23677,608224105723905,608224105731305,0,0,4,132,48,29,1,1,29,1,1,rocsolver,0,189,837,9521,9521,call9521-n189-lda837.bin,d47dd9521235ee7f0d6207b85b363a5ed237fd9cbe2b2cf07c6aa99587206ae4,hipLaunchKernel,608224105712178,608224105720858,GETRF|backend=rocsolver|call_id=0|n=189|lda=837,traces/rocsolver-n189-lda837/trace_kernel_trace.csv,33,33,compute,panel_GETF2
KERNEL_DISPATCH,Agent 4,1,1,2777518,34,202,"void rocsolver::v33200::unit_forward_substitution_kernel<double, int, double*>(int, int, double*, int, int, long, long, double*, int, int, long, long)",23680,608224105735089,608224105742289,0,0,12,4,32,16,64,1,16,64,1,rocsolver,0,189,837,9521,9521,call9521-n189-lda837.bin,d47dd9521235ee7f0d6207b85b363a5ed237fd9cbe2b2cf07c6aa99587206ae4,hipLaunchKernel,608224105724318,608224105732629,GETRF|backend=rocsolver|call_id=0|n=189|lda=837,traces/rocsolver-n189-lda837/trace_kernel_trace.csv,34,34,compute,internal_TRSM
KERNEL_DISPATCH,Agent 4,1,1,2777518,35,828,Cijk_Ailk_Bljk_DB_MT64x32x16_MI16x16x4x1_SN_1LDSB1_APM1_ABV0_ACED0_AF0EM1_AF1EM1_AMAS0_ASE_ASGT_ASLT_ASM_ASAE01_ASCE01_ASEM1_AAC0_BL1_BS1_CLR0_DTLA0_DTLB0_DTVA1_DTVB0_DVO0_ETSP_EPS1_ELFLR0_EMLL0_FSSC10_FL0_GLVWA1_GLVWB1_GRCGA1_GRCGB1_GRPM1_GRVW1_GSU1_GSUASB_GLS0_ISA942_IU1_K1_KLA_LBSPPA0_LBSPPB128_LPA0_LPB4_LDL1_LRVW2_LWPMn1_LDW0_FMA_MIAV1_MDA2_MO40_MMFSC_MKFGSU256_NTA0_NTB0_NTC3_NTD3_NEPBS4_NLCA1_NLCB1_ONLL1_OPLV0_PK0_PAP0_PGR2_PLR5_PKA0_SIA3_SLW1_SS1_SU0_SUM0_SUS0_SCIUI1_SPO1_SRVW0_SSO6_SVW1_SNLL0_TSGRA0_TSGRB0_TT1_32_TLDS1_UMLDSA0_UMLDSB1_U64SL1_USFGROn1_VAW1_VSn1_VW1_VWB1_VFLRP0_WSGRA0_WSGRB0_WS64_WG64_4_1_WGM12,23683,608224105756099,608224105760539,5120,0,64,0,80,256,1,1,256,1,1,rocsolver,0,189,837,9521,9521,call9521-n189-lda837.bin,d47dd9521235ee7f0d6207b85b363a5ed237fd9cbe2b2cf07c6aa99587206ae4,hipExtModuleLaunchKernel,608224105744379,608224105753739,GETRF|backend=rocsolver|call_id=0|n=189|lda=837,traces/rocsolver-n189-lda837/trace_kernel_trace.csv,35,35,compute,internal_GEMM
KERNEL_DISPATCH,Agent 4,1,1,2777518,36,136,"void rocsolver::v33200::getf2_npvt_small_kernel<13, double, int, int, double*>(int, double*, long, int, long, int*, int, int)",23686,608224105767665,608224105773505,0,0,92,4,48,13,1,1,13,1,1,rocsolver,0,189,837,9521,9521,call9521-n189-lda837.bin,d47dd9521235ee7f0d6207b85b363a5ed237fd9cbe2b2cf07c6aa99587206ae4,hipLaunchKernel,608224105756149,608224105764639,GETRF|backend=rocsolver|call_id=0|n=189|lda=837,traces/rocsolver-n189-lda837/trace_kernel_trace.csv,36,36,compute,panel_GETF2
KERNEL_DISPATCH,Agent 4,1,1,2777518,37,23,"void rocsolver::v33200::iota_n<double>(double*, unsigned int, double)",23693,608224105845066,608224105846786,0,0,4,4,16,32,1,1,32,1,1,rocsolver,1,189,837,9521,9521,call9521-n189-lda837.bin,d47dd9521235ee7f0d6207b85b363a5ed237fd9cbe2b2cf07c6aa99587206ae4,hipLaunchKernel,608224105826309,608224105842029,GETRF|backend=rocsolver|call_id=1|n=189|lda=837,traces/rocsolver-n189-lda837/trace_kernel_trace.csv,1,1,initialization,initialize_scalars
KERNEL_DISPATCH,Agent 4,1,1,2777518,38,44,"void rocsolver::v33200::reset_info<int, int, int>(int*, int, int, int)",23696,608224105870106,608224105871946,0,0,4,4,16,256,1,1,256,1,1,rocsolver,1,189,837,9521,9521,call9521-n189-lda837.bin,d47dd9521235ee7f0d6207b85b363a5ed237fd9cbe2b2cf07c6aa99587206ae4,hipLaunchKernel,608224105858210,608224105867070,GETRF|backend=rocsolver|call_id=1|n=189|lda=837,traces/rocsolver-n189-lda837/trace_kernel_trace.csv,2,2,initialization,reset_info
KERNEL_DISPATCH,Agent 4,1,1,2777518,39,83,"void rocsolver::v33200::getf2_npvt_small_kernel<16, double, int, int, double*>(int, double*, long, int, long, int*, int, int)",23699,608224105884626,608224105892706,0,0,4,132,48,189,1,1,189,1,1,rocsolver,1,189,837,9521,9521,call9521-n189-lda837.bin,d47dd9521235ee7f0d6207b85b363a5ed237fd9cbe2b2cf07c6aa99587206ae4,hipLaunchKernel,608224105873580,608224105881630,GETRF|backend=rocsolver|call_id=1|n=189|lda=837,traces/rocsolver-n189-lda837/trace_kernel_trace.csv,3,3,compute,panel_GETF2
KERNEL_DISPATCH,Agent 4,1,1,2777518,40,202,"void rocsolver::v33200::unit_forward_substitution_kernel<double, int, double*>(int, int, double*, int, int, long, long, double*, int, int, long, long)",23702,608224105895100,608224105904380,0,0,12,4,32,16,64,1,16,192,1,rocsolver,1,189,837,9521,9521,call9521-n189-lda837.bin,d47dd9521235ee7f0d6207b85b363a5ed237fd9cbe2b2cf07c6aa99587206ae4,hipLaunchKernel,608224105884230,608224105892460,GETRF|backend=rocsolver|call_id=1|n=189|lda=837,traces/rocsolver-n189-lda837/trace_kernel_trace.csv,4,4,compute,internal_TRSM
KERNEL_DISPATCH,Agent 4,1,1,2777518,41,861,Cijk_Ailk_Bljk_DB_MT128x64x16_MI16x16x4x1_SN_1LDSB1_APM1_ABV0_ACED0_AF0EM1_AF1EM1_AMAS0_ASE_ASGT_ASLT_ASM_ASAE01_ASCE01_ASEM1_AAC0_BL1_BS1_CLR0_DTLA0_DTLB0_DTVA0_DTVB0_DVO0_ETSP_EPS1_ELFLR0_EMLL0_FSSC10_FL0_GLVWA1_GLVWB1_GRCGA1_GRCGB1_GRPM1_GRVW1_GSU1_GSUASB_GLS0_ISA942_IU1_K1_KLA_LBSPPA0_LBSPPB128_LPA0_LPB1_LDL1_LRVW1_LWPMn1_LDW0_FMA_MIAV1_MDA2_MO40_MMFSC_MKFGSU256_NTA0_NTB0_NTC3_NTD3_NEPBS0_NLCA1_NLCB1_ONLL1_OPLV0_PK0_PAP0_PGR2_PLR5_PKA0_SIA3_SLW1_SS1_SU0_SUM0_SUS0_SCIUI1_SPO1_SRVW0_SSO6_SVW1_SNLL0_TSGRA0_TSGRB0_TT4_32_TLDS1_UMLDSA0_UMLDSB1_U64SL1_USFGROn1_VAW1_VSn1_VW1_VWB1_VFLRP0_WSGRA0_WSGRB0_WS64_WG32_8_1_WGM12,23705,608224105922186,608224105929186,25088,0,128,128,80,256,1,1,512,3,1,rocsolver,1,189,837,9521,9521,call9521-n189-lda837.bin,d47dd9521235ee7f0d6207b85b363a5ed237fd9cbe2b2cf07c6aa99587206ae4,hipExtModuleLaunchKernel,608224105910110,608224105919140,GETRF|backend=rocsolver|call_id=1|n=189|lda=837,traces/rocsolver-n189-lda837/trace_kernel_trace.csv,5,5,compute,internal_GEMM
KERNEL_DISPATCH,Agent 4,1,1,2777518,42,83,"void rocsolver::v33200::getf2_npvt_small_kernel<16, double, int, int, double*>(int, double*, long, int, long, int*, int, int)",23708,608224105932950,608224105940710,0,0,4,132,48,173,1,1,173,1,1,rocsolver,1,189,837,9521,9521,call9521-n189-lda837.bin,d47dd9521235ee7f0d6207b85b363a5ed237fd9cbe2b2cf07c6aa99587206ae4,hipLaunchKernel,608224105921630,608224105930200,GETRF|backend=rocsolver|call_id=1|n=189|lda=837,traces/rocsolver-n189-lda837/trace_kernel_trace.csv,6,6,compute,panel_GETF2
KERNEL_DISPATCH,Agent 4,1,1,2777518,43,202,"void rocsolver::v33200::unit_forward_substitution_kernel<double, int, double*>(int, int, double*, int, int, long, long, double*, int, int, long, long)",23711,608224105945149,608224105954310,0,0,12,4,32,16,64,1,16,192,1,rocsolver,1,189,837,9521,9521,call9521-n189-lda837.bin,d47dd9521235ee7f0d6207b85b363a5ed237fd9cbe2b2cf07c6aa99587206ae4,hipLaunchKernel,608224105932770,608224105942660,GETRF|backend=rocsolver|call_id=1|n=189|lda=837,traces/rocsolver-n189-lda837/trace_kernel_trace.csv,7,7,compute,internal_TRSM
KERNEL_DISPATCH,Agent 4,1,1,2777518,44,818,Cijk_Ailk_Bljk_DB_MT128x64x16_MI16x16x4x1_SN_1LDSB1_APM1_ABV0_ACED0_AF0EM1_AF1EM1_AMAS0_ASE_ASGT_ASLT_ASM_ASAE01_ASCE01_ASEM1_AAC0_BL1_BS1_CLR0_DTLA0_DTLB0_DTVA0_DTVB0_DVO0_ETSP_EPS1_ELFLR0_EMLL0_FSSC10_FL0_GLVWA1_GLVWB1_GRCGA1_GRCGB1_GRPM1_GRVW1_GSU1_GSUASB_GLS0_ISA942_IU1_K1_KLA_LBSPPA0_LBSPPB128_LPA0_LPB1_LDL1_LRVW1_LWPMn1_LDW0_FMA_MIAV1_MDA2_MO40_MMFSC_MKFGSU256_NTA0_NTB0_NTC3_NTD3_NEPBS0_NLCA1_NLCB1_ONLL1_OPLV0_PK0_PAP0_PGR2_PLR5_PKA0_SIA3_SLW1_SS1_SU0_SUM0_SUS0_SCIUI1_SPO1_SRVW0_SSO6_SVW1_SNLL0_TSGRA0_TSGRB0_TT4_32_TLDS1_UMLDSA0_UMLDSB1_U64SL1_USFGROn1_VAW1_VSn1_VW1_VWB1_VFLRP0_WSGRA0_WSGRB0_WS64_WG32_8_1_WGM6,23714,608224105965827,608224105972107,25088,0,128,128,80,256,1,1,512,3,1,rocsolver,1,189,837,9521,9521,call9521-n189-lda837.bin,d47dd9521235ee7f0d6207b85b363a5ed237fd9cbe2b2cf07c6aa99587206ae4,hipExtModuleLaunchKernel,608224105952710,608224105962761,GETRF|backend=rocsolver|call_id=1|n=189|lda=837,traces/rocsolver-n189-lda837/trace_kernel_trace.csv,8,8,compute,internal_GEMM
KERNEL_DISPATCH,Agent 4,1,1,2777518,45,83,"void rocsolver::v33200::getf2_npvt_small_kernel<16, double, int, int, double*>(int, double*, long, int, long, int*, int, int)",23717,608224105974651,608224105982531,0,0,4,132,48,157,1,1,157,1,1,rocsolver,1,189,837,9521,9521,call9521-n189-lda837.bin,d47dd9521235ee7f0d6207b85b363a5ed237fd9cbe2b2cf07c6aa99587206ae4,hipLaunchKernel,608224105965371,608224105971931,GETRF|backend=rocsolver|call_id=1|n=189|lda=837,traces/rocsolver-n189-lda837/trace_kernel_trace.csv,9,9,compute,panel_GETF2
KERNEL_DISPATCH,Agent 4,1,1,2777518,46,202,"void rocsolver::v33200::unit_forward_substitution_kernel<double, int, double*>(int, int, double*, int, int, long, long, double*, int, int, long, long)",23720,608224105988971,608224105998291,0,0,12,4,32,16,64,1,16,192,1,rocsolver,1,189,837,9521,9521,call9521-n189-lda837.bin,d47dd9521235ee7f0d6207b85b363a5ed237fd9cbe2b2cf07c6aa99587206ae4,hipLaunchKernel,608224105976491,608224105986651,GETRF|backend=rocsolver|call_id=1|n=189|lda=837,traces/rocsolver-n189-lda837/trace_kernel_trace.csv,10,10,compute,internal_TRSM
KERNEL_DISPATCH,Agent 4,1,1,2777518,47,818,Cijk_Ailk_Bljk_DB_MT128x64x16_MI16x16x4x1_SN_1LDSB1_APM1_ABV0_ACED0_AF0EM1_AF1EM1_AMAS0_ASE_ASGT_ASLT_ASM_ASAE01_ASCE01_ASEM1_AAC0_BL1_BS1_CLR0_DTLA0_DTLB0_DTVA0_DTVB0_DVO0_ETSP_EPS1_ELFLR0_EMLL0_FSSC10_FL0_GLVWA1_GLVWB1_GRCGA1_GRCGB1_GRPM1_GRVW1_GSU1_GSUASB_GLS0_ISA942_IU1_K1_KLA_LBSPPA0_LBSPPB128_LPA0_LPB1_LDL1_LRVW1_LWPMn1_LDW0_FMA_MIAV1_MDA2_MO40_MMFSC_MKFGSU256_NTA0_NTB0_NTC3_NTD3_NEPBS0_NLCA1_NLCB1_ONLL1_OPLV0_PK0_PAP0_PGR2_PLR5_PKA0_SIA3_SLW1_SS1_SU0_SUM0_SUS0_SCIUI1_SPO1_SRVW0_SSO6_SVW1_SNLL0_TSGRA0_TSGRB0_TT4_32_TLDS1_UMLDSA0_UMLDSB1_U64SL1_USFGROn1_VAW1_VSn1_VW1_VWB1_VFLRP0_WSGRA0_WSGRB0_WS64_WG32_8_1_WGM6,23723,608224106015787,608224106022587,25088,0,128,128,80,256,1,1,512,3,1,rocsolver,1,189,837,9521,9521,call9521-n189-lda837.bin,d47dd9521235ee7f0d6207b85b363a5ed237fd9cbe2b2cf07c6aa99587206ae4,hipExtModuleLaunchKernel,608224105997161,608224106012721,GETRF|backend=rocsolver|call_id=1|n=189|lda=837,traces/rocsolver-n189-lda837/trace_kernel_trace.csv,11,11,compute,internal_GEMM
KERNEL_DISPATCH,Agent 4,1,1,2777518,48,83,"void rocsolver::v33200::getf2_npvt_small_kernel<16, double, int, int, double*>(int, double*, long, int, long, int*, int, int)",23726,608224106026071,608224106033831,0,0,4,132,48,141,1,1,141,1,1,rocsolver,1,189,837,9521,9521,call9521-n189-lda837.bin,d47dd9521235ee7f0d6207b85b363a5ed237fd9cbe2b2cf07c6aa99587206ae4,hipLaunchKernel,608224106015311,608224106023541,GETRF|backend=rocsolver|call_id=1|n=189|lda=837,traces/rocsolver-n189-lda837/trace_kernel_trace.csv,12,12,compute,panel_GETF2
KERNEL_DISPATCH,Agent 4,1,1,2777518,49,202,"void rocsolver::v33200::unit_forward_substitution_kernel<double, int, double*>(int, int, double*, int, int, long, long, double*, int, int, long, long)",23729,608224106039391,608224106048591,0,0,12,4,32,16,64,1,16,128,1,rocsolver,1,189,837,9521,9521,call9521-n189-lda837.bin,d47dd9521235ee7f0d6207b85b363a5ed237fd9cbe2b2cf07c6aa99587206ae4,hipLaunchKernel,608224106027601,608224106036891,GETRF|backend=rocsolver|call_id=1|n=189|lda=837,traces/rocsolver-n189-lda837/trace_kernel_trace.csv,13,13,compute,internal_TRSM
KERNEL_DISPATCH,Agent 4,1,1,2777518,50,818,Cijk_Ailk_Bljk_DB_MT128x64x16_MI16x16x4x1_SN_1LDSB1_APM1_ABV0_ACED0_AF0EM1_AF1EM1_AMAS0_ASE_ASGT_ASLT_ASM_ASAE01_ASCE01_ASEM1_AAC0_BL1_BS1_CLR0_DTLA0_DTLB0_DTVA0_DTVB0_DVO0_ETSP_EPS1_ELFLR0_EMLL0_FSSC10_FL0_GLVWA1_GLVWB1_GRCGA1_GRCGB1_GRPM1_GRVW1_GSU1_GSUASB_GLS0_ISA942_IU1_K1_KLA_LBSPPA0_LBSPPB128_LPA0_LPB1_LDL1_LRVW1_LWPMn1_LDW0_FMA_MIAV1_MDA2_MO40_MMFSC_MKFGSU256_NTA0_NTB0_NTC3_NTD3_NEPBS0_NLCA1_NLCB1_ONLL1_OPLV0_PK0_PAP0_PGR2_PLR5_PKA0_SIA3_SLW1_SS1_SU0_SUM0_SUS0_SCIUI1_SPO1_SRVW0_SSO6_SVW1_SNLL0_TSGRA0_TSGRB0_TT4_32_TLDS1_UMLDSA0_UMLDSB1_U64SL1_USFGROn1_VAW1_VSn1_VW1_VWB1_VFLRP0_WSGRA0_WSGRB0_WS64_WG32_8_1_WGM6,23732,608224106058671,608224106066071,25088,0,128,128,80,256,1,1,256,2,1,rocsolver,1,189,837,9521,9521,call9521-n189-lda837.bin,d47dd9521235ee7f0d6207b85b363a5ed237fd9cbe2b2cf07c6aa99587206ae4,hipExtModuleLaunchKernel,608224106046631,608224106056091,GETRF|backend=rocsolver|call_id=1|n=189|lda=837,traces/rocsolver-n189-lda837/trace_kernel_trace.csv,14,14,compute,internal_GEMM
KERNEL_DISPATCH,Agent 4,1,1,2777518,51,83,"void rocsolver::v33200::getf2_npvt_small_kernel<16, double, int, int, double*>(int, double*, long, int, long, int*, int, int)",23735,608224106078212,608224106085972,0,0,4,132,48,125,1,1,125,1,1,rocsolver,1,189,837,9521,9521,call9521-n189-lda837.bin,d47dd9521235ee7f0d6207b85b363a5ed237fd9cbe2b2cf07c6aa99587206ae4,hipLaunchKernel,608224106059121,608224106076082,GETRF|backend=rocsolver|call_id=1|n=189|lda=837,traces/rocsolver-n189-lda837/trace_kernel_trace.csv,15,15,compute,panel_GETF2
KERNEL_DISPATCH,Agent 4,1,1,2777518,52,202,"void rocsolver::v33200::unit_forward_substitution_kernel<double, int, double*>(int, int, double*, int, int, long, long, double*, int, int, long, long)",23738,608224106088292,608224106097372,0,0,12,4,32,16,64,1,16,128,1,rocsolver,1,189,837,9521,9521,call9521-n189-lda837.bin,d47dd9521235ee7f0d6207b85b363a5ed237fd9cbe2b2cf07c6aa99587206ae4,hipLaunchKernel,608224106078392,608224106085982,GETRF|backend=rocsolver|call_id=1|n=189|lda=837,traces/rocsolver-n189-lda837/trace_kernel_trace.csv,16,16,compute,internal_TRSM
KERNEL_DISPATCH,Agent 4,1,1,2777518,53,933,Cijk_Ailk_Bljk_DB_MT128x64x16_MI16x16x4x1_SN_1LDSB1_APM1_ABV0_ACED0_AF0EM1_AF1EM1_AMAS0_ASE_ASGT_ASLT_ASM_ASAE01_ASCE01_ASEM1_AAC0_BL1_BS1_CLR0_DTLA0_DTLB0_DTVA1_DTVB0_DVO0_ETSP_EPS1_ELFLR0_EMLL0_FSSC10_FL0_GLVWA1_GLVWB1_GRCGA1_GRCGB1_GRPM1_GRVW1_GSU1_GSUASB_GLS0_ISA942_IU1_K1_KLA_LBSPPA0_LBSPPB128_LPA0_LPB1_LDL1_LRVW1_LWPMn1_LDW0_FMA_MIAV1_MDA2_MO40_MMFSC_MKFGSU256_NTA0_NTB0_NTC3_NTD3_NEPBS0_NLCA2_NLCB1_ONLL1_OPLV0_PK0_PAP0_PGR2_PLR1_PKA0_SIA3_SLW1_SS1_SU0_SUM0_SUS0_SCIUI1_SPO1_SRVW0_SSO6_SVW1_SNLL0_TSGRA0_TSGRB0_TT2_64_TLDS1_UMLDSA0_UMLDSB1_U64SL1_USFGROn1_VAW1_VSn1_VW1_VWB1_VFLRP0_WSGRA0_WSGRB0_WS64_WG64_4_1_WGM6,23741,608224106109152,608224106116352,8704,0,40,128,80,256,1,1,256,2,1,rocsolver,1,189,837,9521,9521,call9521-n189-lda837.bin,d47dd9521235ee7f0d6207b85b363a5ed237fd9cbe2b2cf07c6aa99587206ae4,hipExtModuleLaunchKernel,608224106097572,608224106106672,GETRF|backend=rocsolver|call_id=1|n=189|lda=837,traces/rocsolver-n189-lda837/trace_kernel_trace.csv,17,17,compute,internal_GEMM
KERNEL_DISPATCH,Agent 4,1,1,2777518,54,83,"void rocsolver::v33200::getf2_npvt_small_kernel<16, double, int, int, double*>(int, double*, long, int, long, int*, int, int)",23744,608224106120122,608224106127762,0,0,4,132,48,109,1,1,109,1,1,rocsolver,1,189,837,9521,9521,call9521-n189-lda837.bin,d47dd9521235ee7f0d6207b85b363a5ed237fd9cbe2b2cf07c6aa99587206ae4,hipLaunchKernel,608224106109102,608224106118022,GETRF|backend=rocsolver|call_id=1|n=189|lda=837,traces/rocsolver-n189-lda837/trace_kernel_trace.csv,18,18,compute,panel_GETF2
KERNEL_DISPATCH,Agent 4,1,1,2777518,55,202,"void rocsolver::v33200::unit_forward_substitution_kernel<double, int, double*>(int, int, double*, int, int, long, long, double*, int, int, long, long)",23747,608224106130802,608224106140002,0,0,12,4,32,16,64,1,16,128,1,rocsolver,1,189,837,9521,9521,call9521-n189-lda837.bin,d47dd9521235ee7f0d6207b85b363a5ed237fd9cbe2b2cf07c6aa99587206ae4,hipLaunchKernel,608224106120672,608224106128662,GETRF|backend=rocsolver|call_id=1|n=189|lda=837,traces/rocsolver-n189-lda837/trace_kernel_trace.csv,19,19,compute,internal_TRSM
KERNEL_DISPATCH,Agent 4,1,1,2777518,56,1018,Cijk_Ailk_Bljk_DB_MT64x64x16_MI16x16x4x1_SN_1LDSB1_APM1_ABV0_ACED0_AF0EM1_AF1EM1_AMAS3_ASE_ASGT_ASLT_ASM_ASAE01_ASCE01_ASEM1_AAC0_BL1_BS1_CLR0_DTLA0_DTLB0_DTVA0_DTVB0_DVO0_ETSP_EPS1_ELFLR0_EMLL0_FSSC10_FL0_GLVWA2_GLVWB2_GRCGA1_GRCGB1_GRPM1_GRVW2_GSU1_GSUASB_GLS0_ISA942_IU1_K1_KLA_LBSPPA0_LBSPPB128_LPA0_LPB4_LDL1_LRVW2_LWPMn1_LDW0_FMA_MIAV1_MDA2_MO40_MMFSC_MKFGSU256_NTA0_NTB0_NTC3_NTD3_NEPBS0_NLCA1_NLCB1_ONLL1_OPLV0_PK0_PAP0_PGR2_PLR5_PKA0_SIA3_SLW1_SS1_SU0_SUM0_SUS0_SCIUI1_SPO1_SRVW0_SSO6_SVW2_SNLL0_TSGRA0_TSGRB0_TT2_32_TLDS1_UMLDSA0_UMLDSB1_U64SL1_USFGROn1_VAW1_VSn1_VW2_VWB1_VFLRP0_WSGRA0_WSGRB0_WS64_WG32_8_1_WGM12,23750,608224106156828,608224106162188,18432,0,40,128,80,256,1,1,512,2,1,rocsolver,1,189,837,9521,9521,call9521-n189-lda837.bin,d47dd9521235ee7f0d6207b85b363a5ed237fd9cbe2b2cf07c6aa99587206ae4,hipExtModuleLaunchKernel,608224106146022,608224106153772,GETRF|backend=rocsolver|call_id=1|n=189|lda=837,traces/rocsolver-n189-lda837/trace_kernel_trace.csv,20,20,compute,internal_GEMM
KERNEL_DISPATCH,Agent 4,1,1,2777518,57,83,"void rocsolver::v33200::getf2_npvt_small_kernel<16, double, int, int, double*>(int, double*, long, int, long, int*, int, int)",23753,608224106165342,608224106172782,0,0,4,132,48,93,1,1,93,1,1,rocsolver,1,189,837,9521,9521,call9521-n189-lda837.bin,d47dd9521235ee7f0d6207b85b363a5ed237fd9cbe2b2cf07c6aa99587206ae4,hipLaunchKernel,608224106156652,608224106162962,GETRF|backend=rocsolver|call_id=1|n=189|lda=837,traces/rocsolver-n189-lda837/trace_kernel_trace.csv,21,21,compute,panel_GETF2
KERNEL_DISPATCH,Agent 4,1,1,2777518,58,202,"void rocsolver::v33200::unit_forward_substitution_kernel<double, int, double*>(int, int, double*, int, int, long, long, double*, int, int, long, long)",23756,608224106178023,608224106187103,0,0,12,4,32,16,64,1,16,128,1,rocsolver,1,189,837,9521,9521,call9521-n189-lda837.bin,d47dd9521235ee7f0d6207b85b363a5ed237fd9cbe2b2cf07c6aa99587206ae4,hipLaunchKernel,608224106166932,608224106175572,GETRF|backend=rocsolver|call_id=1|n=189|lda=837,traces/rocsolver-n189-lda837/trace_kernel_trace.csv,22,22,compute,internal_TRSM
KERNEL_DISPATCH,Agent 4,1,1,2777518,59,823,Cijk_Ailk_Bljk_DB_MT64x64x16_MI16x16x4x1_SN_1LDSB1_APM1_ABV0_ACED0_AF0EM1_AF1EM1_AMAS0_ASE_ASGT_ASLT_ASM_ASAE01_ASCE01_ASEM1_AAC0_BL1_BS1_CLR0_DTLA0_DTLB0_DTVA1_DTVB0_DVO0_ETSP_EPS1_ELFLR0_EMLL0_FSSC10_FL0_GLVWA1_GLVWB1_GRCGA1_GRCGB1_GRPM1_GRVW1_GSU1_GSUASB_GLS0_ISA942_IU1_K1_KLA_LBSPPA0_LBSPPB128_LPA0_LPB4_LDL1_LRVW2_LWPMn1_LDW0_FMA_MIAV1_MDA2_MO40_MMFSC_MKFGSU256_NTA0_NTB0_NTC3_NTD3_NEPBS0_NLCA1_NLCB1_ONLL1_OPLV0_PK0_PAP0_PGR2_PLR5_PKA0_SIA3_SLW1_SS1_SU0_SUM0_SUS0_SCIUI1_SPO1_SRVW0_SSO6_SVW1_SNLL0_TSGRA0_TSGRB0_TT1_64_TLDS1_UMLDSA0_UMLDSB1_U64SL1_USFGROn1_VAW1_VSn1_VW1_VWB1_VFLRP0_WSGRA0_WSGRB0_WS64_WG64_4_1_WGM6,23759,608224106197423,608224106202583,10240,0,128,0,80,256,1,1,512,2,1,rocsolver,1,189,837,9521,9521,call9521-n189-lda837.bin,d47dd9521235ee7f0d6207b85b363a5ed237fd9cbe2b2cf07c6aa99587206ae4,hipExtModuleLaunchKernel,608224106184963,608224106194803,GETRF|backend=rocsolver|call_id=1|n=189|lda=837,traces/rocsolver-n189-lda837/trace_kernel_trace.csv,23,23,compute,internal_GEMM
KERNEL_DISPATCH,Agent 4,1,1,2777518,60,83,"void rocsolver::v33200::getf2_npvt_small_kernel<16, double, int, int, double*>(int, double*, long, int, long, int*, int, int)",23762,608224106208023,608224106215583,0,0,4,132,48,77,1,1,77,1,1,rocsolver,1,189,837,9521,9521,call9521-n189-lda837.bin,d47dd9521235ee7f0d6207b85b363a5ed237fd9cbe2b2cf07c6aa99587206ae4,hipLaunchKernel,608224106197493,608224106206023,GETRF|backend=rocsolver|call_id=1|n=189|lda=837,traces/rocsolver-n189-lda837/trace_kernel_trace.csv,24,24,compute,panel_GETF2
KERNEL_DISPATCH,Agent 4,1,1,2777518,61,202,"void rocsolver::v33200::unit_forward_substitution_kernel<double, int, double*>(int, int, double*, int, int, long, long, double*, int, int, long, long)",23765,608224106219833,608224106228713,0,0,12,4,32,16,64,1,16,64,1,rocsolver,1,189,837,9521,9521,call9521-n189-lda837.bin,d47dd9521235ee7f0d6207b85b363a5ed237fd9cbe2b2cf07c6aa99587206ae4,hipLaunchKernel,608224106208383,608224106216963,GETRF|backend=rocsolver|call_id=1|n=189|lda=837,traces/rocsolver-n189-lda837/trace_kernel_trace.csv,25,25,compute,internal_TRSM
KERNEL_DISPATCH,Agent 4,1,1,2777518,62,1067,Cijk_Ailk_Bljk_DB_MT64x64x32_MI16x16x4x1_SN_1LDSB1_APM1_ABV0_ACED0_AF0EM1_AF1EM1_AMAS0_ASE_ASGT_ASLT_ASM_ASAE01_ASCE01_ASEM1_AAC0_BL1_BS1_CLR0_DTLA0_DTLB0_DTVA1_DTVB0_DVO0_ETSP_EPS1_ELFLR0_EMLL0_FSSC10_FL0_GLVWA1_GLVWB1_GRCGA1_GRCGB1_GRPM1_GRVW1_GSU1_GSUASB_GLS0_ISA942_IU1_K1_KLA_LBSPPA0_LBSPPB256_LPA0_LPB1_LDL1_LRVW1_LWPMn1_LDW0_FMA_MIAV1_MDA2_MO40_MMFSC_MKFGSU256_NTA0_NTB0_NTC3_NTD3_NEPBS0_NLCA1_NLCB1_ONLL1_OPLV0_PK0_PAP0_PGR2_PLR9_PKA0_SIA3_SLW1_SS1_SU0_SUM0_SUS0_SCIUI1_SPO1_SRVW0_SSO6_SVW1_SNLL0_TSGRA0_TSGRB0_TT1_64_TLDS1_UMLDSA0_UMLDSB1_U64SL1_USFGROn1_VAW1_VSn1_VW1_VWB1_VFLRP0_WSGRA0_WSGRB0_WS64_WG64_4_1_WGM12,23768,608224106239583,608224106244783,16896,0,40,128,80,256,1,1,256,1,1,rocsolver,1,189,837,9521,9521,call9521-n189-lda837.bin,d47dd9521235ee7f0d6207b85b363a5ed237fd9cbe2b2cf07c6aa99587206ae4,hipExtModuleLaunchKernel,608224106226433,608224106236593,GETRF|backend=rocsolver|call_id=1|n=189|lda=837,traces/rocsolver-n189-lda837/trace_kernel_trace.csv,26,26,compute,internal_GEMM
KERNEL_DISPATCH,Agent 4,1,1,2777518,63,83,"void rocsolver::v33200::getf2_npvt_small_kernel<16, double, int, int, double*>(int, double*, long, int, long, int*, int, int)",23771,608224106247353,608224106254713,0,0,4,132,48,61,1,1,61,1,1,rocsolver,1,189,837,9521,9521,call9521-n189-lda837.bin,d47dd9521235ee7f0d6207b85b363a5ed237fd9cbe2b2cf07c6aa99587206ae4,hipLaunchKernel,608224106238323,608224106245053,GETRF|backend=rocsolver|call_id=1|n=189|lda=837,traces/rocsolver-n189-lda837/trace_kernel_trace.csv,27,27,compute,panel_GETF2
KERNEL_DISPATCH,Agent 4,1,1,2777518,64,202,"void rocsolver::v33200::unit_forward_substitution_kernel<double, int, double*>(int, int, double*, int, int, long, long, double*, int, int, long, long)",23774,608224106259713,608224106268233,0,0,12,4,32,16,64,1,16,64,1,rocsolver,1,189,837,9521,9521,call9521-n189-lda837.bin,d47dd9521235ee7f0d6207b85b363a5ed237fd9cbe2b2cf07c6aa99587206ae4,hipLaunchKernel,608224106248393,608224106256983,GETRF|backend=rocsolver|call_id=1|n=189|lda=837,traces/rocsolver-n189-lda837/trace_kernel_trace.csv,28,28,compute,internal_TRSM
KERNEL_DISPATCH,Agent 4,1,1,2777518,65,927,Cijk_Ailk_Bljk_DB_MT64x64x16_MI16x16x4x1_SN_1LDSB1_APM1_ABV0_ACED0_AF0EM1_AF1EM1_AMAS0_ASE_ASGT_ASLT_ASM_ASAE01_ASCE01_ASEM1_AAC0_BL1_BS1_CLR0_DTLA0_DTLB0_DTVA0_DTVB0_DVO0_ETSP_EPS1_ELFLR0_EMLL0_FSSC10_FL0_GLVWA1_GLVWB1_GRCGA1_GRCGB1_GRPM1_GRVW1_GSU1_GSUASB_GLS0_ISA942_IU1_K1_KLA_LBSPPA0_LBSPPB128_LPA0_LPB1_LDL1_LRVW1_LWPMn1_LDW0_FMA_MIAV1_MDA2_MO40_MMFSC_MKFGSU256_NTA0_NTB0_NTC3_NTD3_NEPBS0_NLCA1_NLCB1_ONLL1_OPLV0_PK0_PAP0_PGR2_PLR5_PKA0_SIA3_SLW1_SS1_SU0_SUM0_SUS0_SCIUI1_SPO1_SRVW0_SSO6_SVW1_SNLL0_TSGRA0_TSGRB0_TT2_32_TLDS1_UMLDSA0_UMLDSB1_U64SL1_USFGROn1_VAW1_VSn1_VW1_VWB1_VFLRP0_WSGRA0_WSGRB0_WS64_WG32_8_1_WGM6,23777,608224106281429,608224106286309,16896,0,40,128,80,256,1,1,256,1,1,rocsolver,1,189,837,9521,9521,call9521-n189-lda837.bin,d47dd9521235ee7f0d6207b85b363a5ed237fd9cbe2b2cf07c6aa99587206ae4,hipExtModuleLaunchKernel,608224106268013,608224106277923,GETRF|backend=rocsolver|call_id=1|n=189|lda=837,traces/rocsolver-n189-lda837/trace_kernel_trace.csv,29,29,compute,internal_GEMM
KERNEL_DISPATCH,Agent 4,1,1,2777518,66,83,"void rocsolver::v33200::getf2_npvt_small_kernel<16, double, int, int, double*>(int, double*, long, int, long, int*, int, int)",23780,608224106288334,608224106295654,0,0,4,132,48,45,1,1,45,1,1,rocsolver,1,189,837,9521,9521,call9521-n189-lda837.bin,d47dd9521235ee7f0d6207b85b363a5ed237fd9cbe2b2cf07c6aa99587206ae4,hipLaunchKernel,608224106280323,608224106286283,GETRF|backend=rocsolver|call_id=1|n=189|lda=837,traces/rocsolver-n189-lda837/trace_kernel_trace.csv,30,30,compute,panel_GETF2
KERNEL_DISPATCH,Agent 4,1,1,2777518,67,202,"void rocsolver::v33200::unit_forward_substitution_kernel<double, int, double*>(int, int, double*, int, int, long, long, double*, int, int, long, long)",23783,608224106302394,608224106310114,0,0,12,4,32,16,64,1,16,64,1,rocsolver,1,189,837,9521,9521,call9521-n189-lda837.bin,d47dd9521235ee7f0d6207b85b363a5ed237fd9cbe2b2cf07c6aa99587206ae4,hipLaunchKernel,608224106287993,608224106299694,GETRF|backend=rocsolver|call_id=1|n=189|lda=837,traces/rocsolver-n189-lda837/trace_kernel_trace.csv,31,31,compute,internal_TRSM
KERNEL_DISPATCH,Agent 4,1,1,2777518,68,828,Cijk_Ailk_Bljk_DB_MT64x32x16_MI16x16x4x1_SN_1LDSB1_APM1_ABV0_ACED0_AF0EM1_AF1EM1_AMAS0_ASE_ASGT_ASLT_ASM_ASAE01_ASCE01_ASEM1_AAC0_BL1_BS1_CLR0_DTLA0_DTLB0_DTVA1_DTVB0_DVO0_ETSP_EPS1_ELFLR0_EMLL0_FSSC10_FL0_GLVWA1_GLVWB1_GRCGA1_GRCGB1_GRPM1_GRVW1_GSU1_GSUASB_GLS0_ISA942_IU1_K1_KLA_LBSPPA0_LBSPPB128_LPA0_LPB4_LDL1_LRVW2_LWPMn1_LDW0_FMA_MIAV1_MDA2_MO40_MMFSC_MKFGSU256_NTA0_NTB0_NTC3_NTD3_NEPBS4_NLCA1_NLCB1_ONLL1_OPLV0_PK0_PAP0_PGR2_PLR5_PKA0_SIA3_SLW1_SS1_SU0_SUM0_SUS0_SCIUI1_SPO1_SRVW0_SSO6_SVW1_SNLL0_TSGRA0_TSGRB0_TT1_32_TLDS1_UMLDSA0_UMLDSB1_U64SL1_USFGROn1_VAW1_VSn1_VW1_VWB1_VFLRP0_WSGRA0_WSGRB0_WS64_WG64_4_1_WGM12,23786,608224106319734,608224106323854,5120,0,64,0,80,256,1,1,256,1,1,rocsolver,1,189,837,9521,9521,call9521-n189-lda837.bin,d47dd9521235ee7f0d6207b85b363a5ed237fd9cbe2b2cf07c6aa99587206ae4,hipExtModuleLaunchKernel,608224106308814,608224106317254,GETRF|backend=rocsolver|call_id=1|n=189|lda=837,traces/rocsolver-n189-lda837/trace_kernel_trace.csv,32,32,compute,internal_GEMM
KERNEL_DISPATCH,Agent 4,1,1,2777518,69,83,"void rocsolver::v33200::getf2_npvt_small_kernel<16, double, int, int, double*>(int, double*, long, int, long, int*, int, int)",23789,608224106330864,608224106337664,0,0,4,132,48,29,1,1,29,1,1,rocsolver,1,189,837,9521,9521,call9521-n189-lda837.bin,d47dd9521235ee7f0d6207b85b363a5ed237fd9cbe2b2cf07c6aa99587206ae4,hipLaunchKernel,608224106319784,608224106328074,GETRF|backend=rocsolver|call_id=1|n=189|lda=837,traces/rocsolver-n189-lda837/trace_kernel_trace.csv,33,33,compute,panel_GETF2
KERNEL_DISPATCH,Agent 4,1,1,2777518,70,202,"void rocsolver::v33200::unit_forward_substitution_kernel<double, int, double*>(int, int, double*, int, int, long, long, double*, int, int, long, long)",23792,608224106342164,608224106349324,0,0,12,4,32,16,64,1,16,64,1,rocsolver,1,189,837,9521,9521,call9521-n189-lda837.bin,d47dd9521235ee7f0d6207b85b363a5ed237fd9cbe2b2cf07c6aa99587206ae4,hipLaunchKernel,608224106330414,608224106339544,GETRF|backend=rocsolver|call_id=1|n=189|lda=837,traces/rocsolver-n189-lda837/trace_kernel_trace.csv,34,34,compute,internal_TRSM
KERNEL_DISPATCH,Agent 4,1,1,2777518,71,828,Cijk_Ailk_Bljk_DB_MT64x32x16_MI16x16x4x1_SN_1LDSB1_APM1_ABV0_ACED0_AF0EM1_AF1EM1_AMAS0_ASE_ASGT_ASLT_ASM_ASAE01_ASCE01_ASEM1_AAC0_BL1_BS1_CLR0_DTLA0_DTLB0_DTVA1_DTVB0_DVO0_ETSP_EPS1_ELFLR0_EMLL0_FSSC10_FL0_GLVWA1_GLVWB1_GRCGA1_GRCGB1_GRPM1_GRVW1_GSU1_GSUASB_GLS0_ISA942_IU1_K1_KLA_LBSPPA0_LBSPPB128_LPA0_LPB4_LDL1_LRVW2_LWPMn1_LDW0_FMA_MIAV1_MDA2_MO40_MMFSC_MKFGSU256_NTA0_NTB0_NTC3_NTD3_NEPBS4_NLCA1_NLCB1_ONLL1_OPLV0_PK0_PAP0_PGR2_PLR5_PKA0_SIA3_SLW1_SS1_SU0_SUM0_SUS0_SCIUI1_SPO1_SRVW0_SSO6_SVW1_SNLL0_TSGRA0_TSGRB0_TT1_32_TLDS1_UMLDSA0_UMLDSB1_U64SL1_USFGROn1_VAW1_VSn1_VW1_VWB1_VFLRP0_WSGRA0_WSGRB0_WS64_WG64_4_1_WGM12,23795,608224106359064,608224106363384,5120,0,64,0,80,256,1,1,256,1,1,rocsolver,1,189,837,9521,9521,call9521-n189-lda837.bin,d47dd9521235ee7f0d6207b85b363a5ed237fd9cbe2b2cf07c6aa99587206ae4,hipExtModuleLaunchKernel,608224106346474,608224106356774,GETRF|backend=rocsolver|call_id=1|n=189|lda=837,traces/rocsolver-n189-lda837/trace_kernel_trace.csv,35,35,compute,internal_GEMM
KERNEL_DISPATCH,Agent 4,1,1,2777518,72,136,"void rocsolver::v33200::getf2_npvt_small_kernel<13, double, int, int, double*>(int, double*, long, int, long, int*, int, int)",23798,608224106368034,608224106374434,0,0,92,4,48,13,1,1,13,1,1,rocsolver,1,189,837,9521,9521,call9521-n189-lda837.bin,d47dd9521235ee7f0d6207b85b363a5ed237fd9cbe2b2cf07c6aa99587206ae4,hipLaunchKernel,608224106359224,608224106365434,GETRF|backend=rocsolver|call_id=1|n=189|lda=837,traces/rocsolver-n189-lda837/trace_kernel_trace.csv,36,36,compute,panel_GETF2
KERNEL_DISPATCH,Agent 4,1,1,2777518,73,23,"void rocsolver::v33200::iota_n<double>(double*, unsigned int, double)",23805,608224106439790,608224106441550,0,0,4,4,16,32,1,1,32,1,1,rocsolver,2,189,837,9521,9521,call9521-n189-lda837.bin,d47dd9521235ee7f0d6207b85b363a5ed237fd9cbe2b2cf07c6aa99587206ae4,hipLaunchKernel,608224106428825,608224106436445,GETRF|backend=rocsolver|call_id=2|n=189|lda=837,traces/rocsolver-n189-lda837/trace_kernel_trace.csv,1,1,initialization,initialize_scalars
KERNEL_DISPATCH,Agent 4,1,1,2777518,74,44,"void rocsolver::v33200::reset_info<int, int, int>(int*, int, int, int)",23808,608224106456870,608224106458630,0,0,4,4,16,256,1,1,256,1,1,rocsolver,2,189,837,9521,9521,call9521-n189-lda837.bin,d47dd9521235ee7f0d6207b85b363a5ed237fd9cbe2b2cf07c6aa99587206ae4,hipLaunchKernel,608224106442895,608224106453405,GETRF|backend=rocsolver|call_id=2|n=189|lda=837,traces/rocsolver-n189-lda837/trace_kernel_trace.csv,2,2,initialization,reset_info
KERNEL_DISPATCH,Agent 4,1,1,2777518,75,83,"void rocsolver::v33200::getf2_npvt_small_kernel<16, double, int, int, double*>(int, double*, long, int, long, int*, int, int)",23811,608224106708767,608224106716487,0,0,4,132,48,189,1,1,189,1,1,rocsolver,2,189,837,9521,9521,call9521-n189-lda837.bin,d47dd9521235ee7f0d6207b85b363a5ed237fd9cbe2b2cf07c6aa99587206ae4,hipLaunchKernel,608224106683437,608224106699817,GETRF|backend=rocsolver|call_id=2|n=189|lda=837,traces/rocsolver-n189-lda837/trace_kernel_trace.csv,3,3,compute,panel_GETF2
KERNEL_DISPATCH,Agent 4,1,1,2777518,76,202,"void rocsolver::v33200::unit_forward_substitution_kernel<double, int, double*>(int, int, double*, int, int, long, long, double*, int, int, long, long)",23814,608224106715737,608224106723137,0,0,12,4,32,16,64,1,16,192,1,rocsolver,2,189,837,9521,9521,call9521-n189-lda837.bin,d47dd9521235ee7f0d6207b85b363a5ed237fd9cbe2b2cf07c6aa99587206ae4,hipLaunchKernel,608224106702197,608224106711337,GETRF|backend=rocsolver|call_id=2|n=189|lda=837,traces/rocsolver-n189-lda837/trace_kernel_trace.csv,4,4,compute,internal_TRSM
KERNEL_DISPATCH,Agent 4,1,1,2777518,77,861,Cijk_Ailk_Bljk_DB_MT128x64x16_MI16x16x4x1_SN_1LDSB1_APM1_ABV0_ACED0_AF0EM1_AF1EM1_AMAS0_ASE_ASGT_ASLT_ASM_ASAE01_ASCE01_ASEM1_AAC0_BL1_BS1_CLR0_DTLA0_DTLB0_DTVA0_DTVB0_DVO0_ETSP_EPS1_ELFLR0_EMLL0_FSSC10_FL0_GLVWA1_GLVWB1_GRCGA1_GRCGB1_GRPM1_GRVW1_GSU1_GSUASB_GLS0_ISA942_IU1_K1_KLA_LBSPPA0_LBSPPB128_LPA0_LPB1_LDL1_LRVW1_LWPMn1_LDW0_FMA_MIAV1_MDA2_MO40_MMFSC_MKFGSU256_NTA0_NTB0_NTC3_NTD3_NEPBS0_NLCA1_NLCB1_ONLL1_OPLV0_PK0_PAP0_PGR2_PLR5_PKA0_SIA3_SLW1_SS1_SU0_SUM0_SUS0_SCIUI1_SPO1_SRVW0_SSO6_SVW1_SNLL0_TSGRA0_TSGRB0_TT4_32_TLDS1_UMLDSA0_UMLDSB1_U64SL1_USFGROn1_VAW1_VSn1_VW1_VWB1_VFLRP0_WSGRA0_WSGRB0_WS64_WG32_8_1_WGM12,23817,608224106738528,608224106745608,25088,0,128,128,80,256,1,1,512,3,1,rocsolver,2,189,837,9521,9521,call9521-n189-lda837.bin,d47dd9521235ee7f0d6207b85b363a5ed237fd9cbe2b2cf07c6aa99587206ae4,hipExtModuleLaunchKernel,608224106728077,608224106735698,GETRF|backend=rocsolver|call_id=2|n=189|lda=837,traces/rocsolver-n189-lda837/trace_kernel_trace.csv,5,5,compute,internal_GEMM
KERNEL_DISPATCH,Agent 4,1,1,2777518,78,83,"void rocsolver::v33200::getf2_npvt_small_kernel<16, double, int, int, double*>(int, double*, long, int, long, int*, int, int)",23820,608224106748038,608224106755678,0,0,4,132,48,173,1,1,173,1,1,rocsolver,2,189,837,9521,9521,call9521-n189-lda837.bin,d47dd9521235ee7f0d6207b85b363a5ed237fd9cbe2b2cf07c6aa99587206ae4,hipLaunchKernel,608224106738718,608224106745558,GETRF|backend=rocsolver|call_id=2|n=189|lda=837,traces/rocsolver-n189-lda837/trace_kernel_trace.csv,6,6,compute,panel_GETF2
KERNEL_DISPATCH,Agent 4,1,1,2777518,79,202,"void rocsolver::v33200::unit_forward_substitution_kernel<double, int, double*>(int, int, double*, int, int, long, long, double*, int, int, long, long)",23823,608224106760728,608224106769768,0,0,12,4,32,16,64,1,16,192,1,rocsolver,2,189,837,9521,9521,call9521-n189-lda837.bin,d47dd9521235ee7f0d6207b85b363a5ed237fd9cbe2b2cf07c6aa99587206ae4,hipLaunchKernel,608224106749538,608224106758238,GETRF|backend=rocsolver|call_id=2|n=189|lda=837,traces/rocsolver-n189-lda837/trace_kernel_trace.csv,7,7,compute,internal_TRSM
KERNEL_DISPATCH,Agent 4,1,1,2777518,80,818,Cijk_Ailk_Bljk_DB_MT128x64x16_MI16x16x4x1_SN_1LDSB1_APM1_ABV0_ACED0_AF0EM1_AF1EM1_AMAS0_ASE_ASGT_ASLT_ASM_ASAE01_ASCE01_ASEM1_AAC0_BL1_BS1_CLR0_DTLA0_DTLB0_DTVA0_DTVB0_DVO0_ETSP_EPS1_ELFLR0_EMLL0_FSSC10_FL0_GLVWA1_GLVWB1_GRCGA1_GRCGB1_GRPM1_GRVW1_GSU1_GSUASB_GLS0_ISA942_IU1_K1_KLA_LBSPPA0_LBSPPB128_LPA0_LPB1_LDL1_LRVW1_LWPMn1_LDW0_FMA_MIAV1_MDA2_MO40_MMFSC_MKFGSU256_NTA0_NTB0_NTC3_NTD3_NEPBS0_NLCA1_NLCB1_ONLL1_OPLV0_PK0_PAP0_PGR2_PLR5_PKA0_SIA3_SLW1_SS1_SU0_SUM0_SUS0_SCIUI1_SPO1_SRVW0_SSO6_SVW1_SNLL0_TSGRA0_TSGRB0_TT4_32_TLDS1_UMLDSA0_UMLDSB1_U64SL1_USFGROn1_VAW1_VSn1_VW1_VWB1_VFLRP0_WSGRA0_WSGRB0_WS64_WG32_8_1_WGM6,23826,608224106776798,608224106782958,25088,0,128,128,80,256,1,1,512,3,1,rocsolver,2,189,837,9521,9521,call9521-n189-lda837.bin,d47dd9521235ee7f0d6207b85b363a5ed237fd9cbe2b2cf07c6aa99587206ae4,hipExtModuleLaunchKernel,608224106765818,608224106774218,GETRF|backend=rocsolver|call_id=2|n=189|lda=837,traces/rocsolver-n189-lda837/trace_kernel_trace.csv,8,8,compute,internal_GEMM
KERNEL_DISPATCH,Agent 4,1,1,2777518,81,83,"void rocsolver::v33200::getf2_npvt_small_kernel<16, double, int, int, double*>(int, double*, long, int, long, int*, int, int)",23829,608224106788548,608224106796268,0,0,4,132,48,157,1,1,157,1,1,rocsolver,2,189,837,9521,9521,call9521-n189-lda837.bin,d47dd9521235ee7f0d6207b85b363a5ed237fd9cbe2b2cf07c6aa99587206ae4,hipLaunchKernel,608224106777138,608224106786018,GETRF|backend=rocsolver|call_id=2|n=189|lda=837,traces/rocsolver-n189-lda837/trace_kernel_trace.csv,9,9,compute,panel_GETF2
KERNEL_DISPATCH,Agent 4,1,1,2777518,82,202,"void rocsolver::v33200::unit_forward_substitution_kernel<double, int, double*>(int, int, double*, int, int, long, long, double*, int, int, long, long)",23832,608224106810208,608224106819448,0,0,12,4,32,16,64,1,16,192,1,rocsolver,2,189,837,9521,9521,call9521-n189-lda837.bin,d47dd9521235ee7f0d6207b85b363a5ed237fd9cbe2b2cf07c6aa99587206ae4,hipLaunchKernel,608224106788628,608224106807658,GETRF|backend=rocsolver|call_id=2|n=189|lda=837,traces/rocsolver-n189-lda837/trace_kernel_trace.csv,10,10,compute,internal_TRSM
KERNEL_DISPATCH,Agent 4,1,1,2777518,83,818,Cijk_Ailk_Bljk_DB_MT128x64x16_MI16x16x4x1_SN_1LDSB1_APM1_ABV0_ACED0_AF0EM1_AF1EM1_AMAS0_ASE_ASGT_ASLT_ASM_ASAE01_ASCE01_ASEM1_AAC0_BL1_BS1_CLR0_DTLA0_DTLB0_DTVA0_DTVB0_DVO0_ETSP_EPS1_ELFLR0_EMLL0_FSSC10_FL0_GLVWA1_GLVWB1_GRCGA1_GRCGB1_GRPM1_GRVW1_GSU1_GSUASB_GLS0_ISA942_IU1_K1_KLA_LBSPPA0_LBSPPB128_LPA0_LPB1_LDL1_LRVW1_LWPMn1_LDW0_FMA_MIAV1_MDA2_MO40_MMFSC_MKFGSU256_NTA0_NTB0_NTC3_NTD3_NEPBS0_NLCA1_NLCB1_ONLL1_OPLV0_PK0_PAP0_PGR2_PLR5_PKA0_SIA3_SLW1_SS1_SU0_SUM0_SUS0_SCIUI1_SPO1_SRVW0_SSO6_SVW1_SNLL0_TSGRA0_TSGRB0_TT4_32_TLDS1_UMLDSA0_UMLDSB1_U64SL1_USFGROn1_VAW1_VSn1_VW1_VWB1_VFLRP0_WSGRA0_WSGRB0_WS64_WG32_8_1_WGM6,23835,608224106826018,608224106832458,25088,0,128,128,80,256,1,1,512,3,1,rocsolver,2,189,837,9521,9521,call9521-n189-lda837.bin,d47dd9521235ee7f0d6207b85b363a5ed237fd9cbe2b2cf07c6aa99587206ae4,hipExtModuleLaunchKernel,608224106815288,608224106823398,GETRF|backend=rocsolver|call_id=2|n=189|lda=837,traces/rocsolver-n189-lda837/trace_kernel_trace.csv,11,11,compute,internal_GEMM
KERNEL_DISPATCH,Agent 4,1,1,2777518,84,83,"void rocsolver::v33200::getf2_npvt_small_kernel<16, double, int, int, double*>(int, double*, long, int, long, int*, int, int)",23838,608224106839139,608224106846859,0,0,4,132,48,141,1,1,141,1,1,rocsolver,2,189,837,9521,9521,call9521-n189-lda837.bin,d47dd9521235ee7f0d6207b85b363a5ed237fd9cbe2b2cf07c6aa99587206ae4,hipLaunchKernel,608224106826628,608224106835748,GETRF|backend=rocsolver|call_id=2|n=189|lda=837,traces/rocsolver-n189-lda837/trace_kernel_trace.csv,12,12,compute,panel_GETF2
KERNEL_DISPATCH,Agent 4,1,1,2777518,85,202,"void rocsolver::v33200::unit_forward_substitution_kernel<double, int, double*>(int, int, double*, int, int, long, long, double*, int, int, long, long)",23841,608224106850309,608224106859389,0,0,12,4,32,16,64,1,16,128,1,rocsolver,2,189,837,9521,9521,call9521-n189-lda837.bin,d47dd9521235ee7f0d6207b85b363a5ed237fd9cbe2b2cf07c6aa99587206ae4,hipLaunchKernel,608224106838318,608224106847619,GETRF|backend=rocsolver|call_id=2|n=189|lda=837,traces/rocsolver-n189-lda837/trace_kernel_trace.csv,13,13,compute,internal_TRSM
KERNEL_DISPATCH,Agent 4,1,1,2777518,86,818,Cijk_Ailk_Bljk_DB_MT128x64x16_MI16x16x4x1_SN_1LDSB1_APM1_ABV0_ACED0_AF0EM1_AF1EM1_AMAS0_ASE_ASGT_ASLT_ASM_ASAE01_ASCE01_ASEM1_AAC0_BL1_BS1_CLR0_DTLA0_DTLB0_DTVA0_DTVB0_DVO0_ETSP_EPS1_ELFLR0_EMLL0_FSSC10_FL0_GLVWA1_GLVWB1_GRCGA1_GRCGB1_GRPM1_GRVW1_GSU1_GSUASB_GLS0_ISA942_IU1_K1_KLA_LBSPPA0_LBSPPB128_LPA0_LPB1_LDL1_LRVW1_LWPMn1_LDW0_FMA_MIAV1_MDA2_MO40_MMFSC_MKFGSU256_NTA0_NTB0_NTC3_NTD3_NEPBS0_NLCA1_NLCB1_ONLL1_OPLV0_PK0_PAP0_PGR2_PLR5_PKA0_SIA3_SLW1_SS1_SU0_SUM0_SUS0_SCIUI1_SPO1_SRVW0_SSO6_SVW1_SNLL0_TSGRA0_TSGRB0_TT4_32_TLDS1_UMLDSA0_UMLDSB1_U64SL1_USFGROn1_VAW1_VSn1_VW1_VWB1_VFLRP0_WSGRA0_WSGRB0_WS64_WG32_8_1_WGM6,23844,608224106869079,608224106875079,25088,0,128,128,80,256,1,1,256,2,1,rocsolver,2,189,837,9521,9521,call9521-n189-lda837.bin,d47dd9521235ee7f0d6207b85b363a5ed237fd9cbe2b2cf07c6aa99587206ae4,hipExtModuleLaunchKernel,608224106856899,608224106866199,GETRF|backend=rocsolver|call_id=2|n=189|lda=837,traces/rocsolver-n189-lda837/trace_kernel_trace.csv,14,14,compute,internal_GEMM
KERNEL_DISPATCH,Agent 4,1,1,2777518,87,83,"void rocsolver::v33200::getf2_npvt_small_kernel<16, double, int, int, double*>(int, double*, long, int, long, int*, int, int)",23847,608224106880994,608224106888514,0,0,4,132,48,125,1,1,125,1,1,rocsolver,2,189,837,9521,9521,call9521-n189-lda837.bin,d47dd9521235ee7f0d6207b85b363a5ed237fd9cbe2b2cf07c6aa99587206ae4,hipLaunchKernel,608224106869019,608224106877479,GETRF|backend=rocsolver|call_id=2|n=189|lda=837,traces/rocsolver-n189-lda837/trace_kernel_trace.csv,15,15,compute,panel_GETF2
KERNEL_DISPATCH,Agent 4,1,1,2777518,88,202,"void rocsolver::v33200::unit_forward_substitution_kernel<double, int, double*>(int, int, double*, int, int, long, long, double*, int, int, long, long)",23850,608224106892779,608224106901739,0,0,12,4,32,16,64,1,16,128,1,rocsolver,2,189,837,9521,9521,call9521-n189-lda837.bin,d47dd9521235ee7f0d6207b85b363a5ed237fd9cbe2b2cf07c6aa99587206ae4,hipLaunchKernel,608224106880229,608224106889849,GETRF|backend=rocsolver|call_id=2|n=189|lda=837,traces/rocsolver-n189-lda837/trace_kernel_trace.csv,16,16,compute,internal_TRSM
KERNEL_DISPATCH,Agent 4,1,1,2777518,89,933,Cijk_Ailk_Bljk_DB_MT128x64x16_MI16x16x4x1_SN_1LDSB1_APM1_ABV0_ACED0_AF0EM1_AF1EM1_AMAS0_ASE_ASGT_ASLT_ASM_ASAE01_ASCE01_ASEM1_AAC0_BL1_BS1_CLR0_DTLA0_DTLB0_DTVA1_DTVB0_DVO0_ETSP_EPS1_ELFLR0_EMLL0_FSSC10_FL0_GLVWA1_GLVWB1_GRCGA1_GRCGB1_GRPM1_GRVW1_GSU1_GSUASB_GLS0_ISA942_IU1_K1_KLA_LBSPPA0_LBSPPB128_LPA0_LPB1_LDL1_LRVW1_LWPMn1_LDW0_FMA_MIAV1_MDA2_MO40_MMFSC_MKFGSU256_NTA0_NTB0_NTC3_NTD3_NEPBS0_NLCA2_NLCB1_ONLL1_OPLV0_PK0_PAP0_PGR2_PLR1_PKA0_SIA3_SLW1_SS1_SU0_SUM0_SUS0_SCIUI1_SPO1_SRVW0_SSO6_SVW1_SNLL0_TSGRA0_TSGRB0_TT2_64_TLDS1_UMLDSA0_UMLDSB1_U64SL1_USFGROn1_VAW1_VSn1_VW1_VWB1_VFLRP0_WSGRA0_WSGRB0_WS64_WG64_4_1_WGM6,23853,608224106912159,608224106918679,8704,0,40,128,80,256,1,1,256,2,1,rocsolver,2,189,837,9521,9521,call9521-n189-lda837.bin,d47dd9521235ee7f0d6207b85b363a5ed237fd9cbe2b2cf07c6aa99587206ae4,hipExtModuleLaunchKernel,608224106900239,608224106909469,GETRF|backend=rocsolver|call_id=2|n=189|lda=837,traces/rocsolver-n189-lda837/trace_kernel_trace.csv,17,17,compute,internal_GEMM
KERNEL_DISPATCH,Agent 4,1,1,2777518,90,83,"void rocsolver::v33200::getf2_npvt_small_kernel<16, double, int, int, double*>(int, double*, long, int, long, int*, int, int)",23856,608224106923754,608224106930834,0,0,4,132,48,109,1,1,109,1,1,rocsolver,2,189,837,9521,9521,call9521-n189-lda837.bin,d47dd9521235ee7f0d6207b85b363a5ed237fd9cbe2b2cf07c6aa99587206ae4,hipLaunchKernel,608224106912159,608224106920209,GETRF|backend=rocsolver|call_id=2|n=189|lda=837,traces/rocsolver-n189-lda837/trace_kernel_trace.csv,18,18,compute,panel_GETF2
KERNEL_DISPATCH,Agent 4,1,1,2777518,91,202,"void rocsolver::v33200::unit_forward_substitution_kernel<double, int, double*>(int, int, double*, int, int, long, long, double*, int, int, long, long)",23859,608224106934919,608224106943879,0,0,12,4,32,16,64,1,16,128,1,rocsolver,2,189,837,9521,9521,call9521-n189-lda837.bin,d47dd9521235ee7f0d6207b85b363a5ed237fd9cbe2b2cf07c6aa99587206ae4,hipLaunchKernel,608224106923729,608224106932209,GETRF|backend=rocsolver|call_id=2|n=189|lda=837,traces/rocsolver-n189-lda837/trace_kernel_trace.csv,19,19,compute,internal_TRSM
KERNEL_DISPATCH,Agent 4,1,1,2777518,92,1018,Cijk_Ailk_Bljk_DB_MT64x64x16_MI16x16x4x1_SN_1LDSB1_APM1_ABV0_ACED0_AF0EM1_AF1EM1_AMAS3_ASE_ASGT_ASLT_ASM_ASAE01_ASCE01_ASEM1_AAC0_BL1_BS1_CLR0_DTLA0_DTLB0_DTVA0_DTVB0_DVO0_ETSP_EPS1_ELFLR0_EMLL0_FSSC10_FL0_GLVWA2_GLVWB2_GRCGA1_GRCGB1_GRPM1_GRVW2_GSU1_GSUASB_GLS0_ISA942_IU1_K1_KLA_LBSPPA0_LBSPPB128_LPA0_LPB4_LDL1_LRVW2_LWPMn1_LDW0_FMA_MIAV1_MDA2_MO40_MMFSC_MKFGSU256_NTA0_NTB0_NTC3_NTD3_NEPBS0_NLCA1_NLCB1_ONLL1_OPLV0_PK0_PAP0_PGR2_PLR5_PKA0_SIA3_SLW1_SS1_SU0_SUM0_SUS0_SCIUI1_SPO1_SRVW0_SSO6_SVW2_SNLL0_TSGRA0_TSGRB0_TT2_32_TLDS1_UMLDSA0_UMLDSB1_U64SL1_USFGROn1_VAW1_VSn1_VW2_VWB1_VFLRP0_WSGRA0_WSGRB0_WS64_WG32_8_1_WGM12,23862,608224106954590,608224106959710,18432,0,40,128,80,256,1,1,512,2,1,rocsolver,2,189,837,9521,9521,call9521-n189-lda837.bin,d47dd9521235ee7f0d6207b85b363a5ed237fd9cbe2b2cf07c6aa99587206ae4,hipExtModuleLaunchKernel,608224106943499,608224106951299,GETRF|backend=rocsolver|call_id=2|n=189|lda=837,traces/rocsolver-n189-lda837/trace_kernel_trace.csv,20,20,compute,internal_GEMM
KERNEL_DISPATCH,Agent 4,1,1,2777518,93,83,"void rocsolver::v33200::getf2_npvt_small_kernel<16, double, int, int, double*>(int, double*, long, int, long, int*, int, int)",23865,608224106963190,608224106970830,0,0,4,132,48,93,1,1,93,1,1,rocsolver,2,189,837,9521,9521,call9521-n189-lda837.bin,d47dd9521235ee7f0d6207b85b363a5ed237fd9cbe2b2cf07c6aa99587206ae4,hipLaunchKernel,608224106953550,608224106960520,GETRF|backend=rocsolver|call_id=2|n=189|lda=837,traces/rocsolver-n189-lda837/trace_kernel_trace.csv,21,21,compute,panel_GETF2
KERNEL_DISPATCH,Agent 4,1,1,2777518,94,202,"void rocsolver::v33200::unit_forward_substitution_kernel<double, int, double*>(int, int, double*, int, int, long, long, double*, int, int, long, long)",23868,608224106974980,608224106983580,0,0,12,4,32,16,64,1,16,128,1,rocsolver,2,189,837,9521,9521,call9521-n189-lda837.bin,d47dd9521235ee7f0d6207b85b363a5ed237fd9cbe2b2cf07c6aa99587206ae4,hipLaunchKernel,608224106963940,608224106972270,GETRF|backend=rocsolver|call_id=2|n=189|lda=837,traces/rocsolver-n189-lda837/trace_kernel_trace.csv,22,22,compute,internal_TRSM
KERNEL_DISPATCH,Agent 4,1,1,2777518,95,823,Cijk_Ailk_Bljk_DB_MT64x64x16_MI16x16x4x1_SN_1LDSB1_APM1_ABV0_ACED0_AF0EM1_AF1EM1_AMAS0_ASE_ASGT_ASLT_ASM_ASAE01_ASCE01_ASEM1_AAC0_BL1_BS1_CLR0_DTLA0_DTLB0_DTVA1_DTVB0_DVO0_ETSP_EPS1_ELFLR0_EMLL0_FSSC10_FL0_GLVWA1_GLVWB1_GRCGA1_GRCGB1_GRPM1_GRVW1_GSU1_GSUASB_GLS0_ISA942_IU1_K1_KLA_LBSPPA0_LBSPPB128_LPA0_LPB4_LDL1_LRVW2_LWPMn1_LDW0_FMA_MIAV1_MDA2_MO40_MMFSC_MKFGSU256_NTA0_NTB0_NTC3_NTD3_NEPBS0_NLCA1_NLCB1_ONLL1_OPLV0_PK0_PAP0_PGR2_PLR5_PKA0_SIA3_SLW1_SS1_SU0_SUM0_SUS0_SCIUI1_SPO1_SRVW0_SSO6_SVW1_SNLL0_TSGRA0_TSGRB0_TT1_64_TLDS1_UMLDSA0_UMLDSB1_U64SL1_USFGROn1_VAW1_VSn1_VW1_VWB1_VFLRP0_WSGRA0_WSGRB0_WS64_WG64_4_1_WGM6,23871,608224106996675,608224107001475,10240,0,128,0,80,256,1,1,512,2,1,rocsolver,2,189,837,9521,9521,call9521-n189-lda837.bin,d47dd9521235ee7f0d6207b85b363a5ed237fd9cbe2b2cf07c6aa99587206ae4,hipExtModuleLaunchKernel,608224106983710,608224106993440,GETRF|backend=rocsolver|call_id=2|n=189|lda=837,traces/rocsolver-n189-lda837/trace_kernel_trace.csv,23,23,compute,internal_GEMM
KERNEL_DISPATCH,Agent 4,1,1,2777518,96,83,"void rocsolver::v33200::getf2_npvt_small_kernel<16, double, int, int, double*>(int, double*, long, int, long, int*, int, int)",23874,608224107012475,608224107020035,0,0,4,132,48,77,1,1,77,1,1,rocsolver,2,189,837,9521,9521,call9521-n189-lda837.bin,d47dd9521235ee7f0d6207b85b363a5ed237fd9cbe2b2cf07c6aa99587206ae4,hipLaunchKernel,608224106995740,608224107009350,GETRF|backend=rocsolver|call_id=2|n=189|lda=837,traces/rocsolver-n189-lda837/trace_kernel_trace.csv,24,24,compute,panel_GETF2
KERNEL_DISPATCH,Agent 4,1,1,2777518,97,202,"void rocsolver::v33200::unit_forward_substitution_kernel<double, int, double*>(int, int, double*, int, int, long, long, double*, int, int, long, long)",23877,608224107023630,608224107032910,0,0,12,4,32,16,64,1,16,64,1,rocsolver,2,189,837,9521,9521,call9521-n189-lda837.bin,d47dd9521235ee7f0d6207b85b363a5ed237fd9cbe2b2cf07c6aa99587206ae4,hipLaunchKernel,608224107011530,608224107021060,GETRF|backend=rocsolver|call_id=2|n=189|lda=837,traces/rocsolver-n189-lda837/trace_kernel_trace.csv,25,25,compute,internal_TRSM
KERNEL_DISPATCH,Agent 4,1,1,2777518,98,1067,Cijk_Ailk_Bljk_DB_MT64x64x32_MI16x16x4x1_SN_1LDSB1_APM1_ABV0_ACED0_AF0EM1_AF1EM1_AMAS0_ASE_ASGT_ASLT_ASM_ASAE01_ASCE01_ASEM1_AAC0_BL1_BS1_CLR0_DTLA0_DTLB0_DTVA1_DTVB0_DVO0_ETSP_EPS1_ELFLR0_EMLL0_FSSC10_FL0_GLVWA1_GLVWB1_GRCGA1_GRCGB1_GRPM1_GRVW1_GSU1_GSUASB_GLS0_ISA942_IU1_K1_KLA_LBSPPA0_LBSPPB256_LPA0_LPB1_LDL1_LRVW1_LWPMn1_LDW0_FMA_MIAV1_MDA2_MO40_MMFSC_MKFGSU256_NTA0_NTB0_NTC3_NTD3_NEPBS0_NLCA1_NLCB1_ONLL1_OPLV0_PK0_PAP0_PGR2_PLR9_PKA0_SIA3_SLW1_SS1_SU0_SUM0_SUS0_SCIUI1_SPO1_SRVW0_SSO6_SVW1_SNLL0_TSGRA0_TSGRB0_TT1_64_TLDS1_UMLDSA0_UMLDSB1_U64SL1_USFGROn1_VAW1_VSn1_VW1_VWB1_VFLRP0_WSGRA0_WSGRB0_WS64_WG64_4_1_WGM12,23880,608224107046080,608224107050560,16896,0,40,128,80,256,1,1,256,1,1,rocsolver,2,189,837,9521,9521,call9521-n189-lda837.bin,d47dd9521235ee7f0d6207b85b363a5ed237fd9cbe2b2cf07c6aa99587206ae4,hipExtModuleLaunchKernel,608224107033040,608224107043130,GETRF|backend=rocsolver|call_id=2|n=189|lda=837,traces/rocsolver-n189-lda837/trace_kernel_trace.csv,26,26,compute,internal_GEMM
KERNEL_DISPATCH,Agent 4,1,1,2777518,99,83,"void rocsolver::v33200::getf2_npvt_small_kernel<16, double, int, int, double*>(int, double*, long, int, long, int*, int, int)",23883,608224107055771,608224107063051,0,0,4,132,48,61,1,1,61,1,1,rocsolver,2,189,837,9521,9521,call9521-n189-lda837.bin,d47dd9521235ee7f0d6207b85b363a5ed237fd9cbe2b2cf07c6aa99587206ae4,hipLaunchKernel,608224107045830,608224107053180,GETRF|backend=rocsolver|call_id=2|n=189|lda=837,traces/rocsolver-n189-lda837/trace_kernel_trace.csv,27,27,compute,panel_GETF2
KERNEL_DISPATCH,Agent 4,1,1,2777518,100,202,"void rocsolver::v33200::unit_forward_substitution_kernel<double, int, double*>(int, int, double*, int, int, long, long, double*, int, int, long, long)",23886,608224107069421,608224107077901,0,0,12,4,32,16,64,1,16,64,1,rocsolver,2,189,837,9521,9521,call9521-n189-lda837.bin,d47dd9521235ee7f0d6207b85b363a5ed237fd9cbe2b2cf07c6aa99587206ae4,hipLaunchKernel,608224107056820,608224107066971,GETRF|backend=rocsolver|call_id=2|n=189|lda=837,traces/rocsolver-n189-lda837/trace_kernel_trace.csv,28,28,compute,internal_TRSM
KERNEL_DISPATCH,Agent 4,1,1,2777518,101,927,Cijk_Ailk_Bljk_DB_MT64x64x16_MI16x16x4x1_SN_1LDSB1_APM1_ABV0_ACED0_AF0EM1_AF1EM1_AMAS0_ASE_ASGT_ASLT_ASM_ASAE01_ASCE01_ASEM1_AAC0_BL1_BS1_CLR0_DTLA0_DTLB0_DTVA0_DTVB0_DVO0_ETSP_EPS1_ELFLR0_EMLL0_FSSC10_FL0_GLVWA1_GLVWB1_GRCGA1_GRCGB1_GRPM1_GRVW1_GSU1_GSUASB_GLS0_ISA942_IU1_K1_KLA_LBSPPA0_LBSPPB128_LPA0_LPB1_LDL1_LRVW1_LWPMn1_LDW0_FMA_MIAV1_MDA2_MO40_MMFSC_MKFGSU256_NTA0_NTB0_NTC3_NTD3_NEPBS0_NLCA1_NLCB1_ONLL1_OPLV0_PK0_PAP0_PGR2_PLR5_PKA0_SIA3_SLW1_SS1_SU0_SUM0_SUS0_SCIUI1_SPO1_SRVW0_SSO6_SVW1_SNLL0_TSGRA0_TSGRB0_TT2_32_TLDS1_UMLDSA0_UMLDSB1_U64SL1_USFGROn1_VAW1_VSn1_VW1_VWB1_VFLRP0_WSGRA0_WSGRB0_WS64_WG32_8_1_WGM6,23889,608224107084641,608224107089641,16896,0,40,128,80,256,1,1,256,1,1,rocsolver,2,189,837,9521,9521,call9521-n189-lda837.bin,d47dd9521235ee7f0d6207b85b363a5ed237fd9cbe2b2cf07c6aa99587206ae4,hipExtModuleLaunchKernel,608224107075091,608224107082031,GETRF|backend=rocsolver|call_id=2|n=189|lda=837,traces/rocsolver-n189-lda837/trace_kernel_trace.csv,29,29,compute,internal_GEMM
KERNEL_DISPATCH,Agent 4,1,1,2777518,102,83,"void rocsolver::v33200::getf2_npvt_small_kernel<16, double, int, int, double*>(int, double*, long, int, long, int*, int, int)",23892,608224107098281,608224107104961,0,0,4,132,48,45,1,1,45,1,1,rocsolver,2,189,837,9521,9521,call9521-n189-lda837.bin,d47dd9521235ee7f0d6207b85b363a5ed237fd9cbe2b2cf07c6aa99587206ae4,hipLaunchKernel,608224107084611,608224107095221,GETRF|backend=rocsolver|call_id=2|n=189|lda=837,traces/rocsolver-n189-lda837/trace_kernel_trace.csv,30,30,compute,panel_GETF2
KERNEL_DISPATCH,Agent 4,1,1,2777518,103,202,"void rocsolver::v33200::unit_forward_substitution_kernel<double, int, double*>(int, int, double*, int, int, long, long, double*, int, int, long, long)",23895,608224107109761,608224107117481,0,0,12,4,32,16,64,1,16,64,1,rocsolver,2,189,837,9521,9521,call9521-n189-lda837.bin,d47dd9521235ee7f0d6207b85b363a5ed237fd9cbe2b2cf07c6aa99587206ae4,hipLaunchKernel,608224107097871,608224107106971,GETRF|backend=rocsolver|call_id=2|n=189|lda=837,traces/rocsolver-n189-lda837/trace_kernel_trace.csv,31,31,compute,internal_TRSM
KERNEL_DISPATCH,Agent 4,1,1,2777518,104,828,Cijk_Ailk_Bljk_DB_MT64x32x16_MI16x16x4x1_SN_1LDSB1_APM1_ABV0_ACED0_AF0EM1_AF1EM1_AMAS0_ASE_ASGT_ASLT_ASM_ASAE01_ASCE01_ASEM1_AAC0_BL1_BS1_CLR0_DTLA0_DTLB0_DTVA1_DTVB0_DVO0_ETSP_EPS1_ELFLR0_EMLL0_FSSC10_FL0_GLVWA1_GLVWB1_GRCGA1_GRCGB1_GRPM1_GRVW1_GSU1_GSUASB_GLS0_ISA942_IU1_K1_KLA_LBSPPA0_LBSPPB128_LPA0_LPB4_LDL1_LRVW2_LWPMn1_LDW0_FMA_MIAV1_MDA2_MO40_MMFSC_MKFGSU256_NTA0_NTB0_NTC3_NTD3_NEPBS4_NLCA1_NLCB1_ONLL1_OPLV0_PK0_PAP0_PGR2_PLR5_PKA0_SIA3_SLW1_SS1_SU0_SUM0_SUS0_SCIUI1_SPO1_SRVW0_SSO6_SVW1_SNLL0_TSGRA0_TSGRB0_TT1_32_TLDS1_UMLDSA0_UMLDSB1_U64SL1_USFGROn1_VAW1_VSn1_VW1_VWB1_VFLRP0_WSGRA0_WSGRB0_WS64_WG64_4_1_WGM12,23898,608224107128481,608224107133081,5120,0,64,0,80,256,1,1,256,1,1,rocsolver,2,189,837,9521,9521,call9521-n189-lda837.bin,d47dd9521235ee7f0d6207b85b363a5ed237fd9cbe2b2cf07c6aa99587206ae4,hipExtModuleLaunchKernel,608224107115511,608224107125911,GETRF|backend=rocsolver|call_id=2|n=189|lda=837,traces/rocsolver-n189-lda837/trace_kernel_trace.csv,32,32,compute,internal_GEMM
KERNEL_DISPATCH,Agent 4,1,1,2777518,105,83,"void rocsolver::v33200::getf2_npvt_small_kernel<16, double, int, int, double*>(int, double*, long, int, long, int*, int, int)",23901,608224107138921,608224107146201,0,0,4,132,48,29,1,1,29,1,1,rocsolver,2,189,837,9521,9521,call9521-n189-lda837.bin,d47dd9521235ee7f0d6207b85b363a5ed237fd9cbe2b2cf07c6aa99587206ae4,hipLaunchKernel,608224107127941,608224107135861,GETRF|backend=rocsolver|call_id=2|n=189|lda=837,traces/rocsolver-n189-lda837/trace_kernel_trace.csv,33,33,compute,panel_GETF2
KERNEL_DISPATCH,Agent 4,1,1,2777518,106,202,"void rocsolver::v33200::unit_forward_substitution_kernel<double, int, double*>(int, int, double*, int, int, long, long, double*, int, int, long, long)",23904,608224107150221,608224107156821,0,0,12,4,32,16,64,1,16,64,1,rocsolver,2,189,837,9521,9521,call9521-n189-lda837.bin,d47dd9521235ee7f0d6207b85b363a5ed237fd9cbe2b2cf07c6aa99587206ae4,hipLaunchKernel,608224107138401,608224107147041,GETRF|backend=rocsolver|call_id=2|n=189|lda=837,traces/rocsolver-n189-lda837/trace_kernel_trace.csv,34,34,compute,internal_TRSM
KERNEL_DISPATCH,Agent 4,1,1,2777518,107,828,Cijk_Ailk_Bljk_DB_MT64x32x16_MI16x16x4x1_SN_1LDSB1_APM1_ABV0_ACED0_AF0EM1_AF1EM1_AMAS0_ASE_ASGT_ASLT_ASM_ASAE01_ASCE01_ASEM1_AAC0_BL1_BS1_CLR0_DTLA0_DTLB0_DTVA1_DTVB0_DVO0_ETSP_EPS1_ELFLR0_EMLL0_FSSC10_FL0_GLVWA1_GLVWB1_GRCGA1_GRCGB1_GRPM1_GRVW1_GSU1_GSUASB_GLS0_ISA942_IU1_K1_KLA_LBSPPA0_LBSPPB128_LPA0_LPB4_LDL1_LRVW2_LWPMn1_LDW0_FMA_MIAV1_MDA2_MO40_MMFSC_MKFGSU256_NTA0_NTB0_NTC3_NTD3_NEPBS4_NLCA1_NLCB1_ONLL1_OPLV0_PK0_PAP0_PGR2_PLR5_PKA0_SIA3_SLW1_SS1_SU0_SUM0_SUS0_SCIUI1_SPO1_SRVW0_SSO6_SVW1_SNLL0_TSGRA0_TSGRB0_TT1_32_TLDS1_UMLDSA0_UMLDSB1_U64SL1_USFGROn1_VAW1_VSn1_VW1_VWB1_VFLRP0_WSGRA0_WSGRB0_WS64_WG64_4_1_WGM12,23907,608224107165721,608224107169441,5120,0,64,0,80,256,1,1,256,1,1,rocsolver,2,189,837,9521,9521,call9521-n189-lda837.bin,d47dd9521235ee7f0d6207b85b363a5ed237fd9cbe2b2cf07c6aa99587206ae4,hipExtModuleLaunchKernel,608224107155761,608224107162881,GETRF|backend=rocsolver|call_id=2|n=189|lda=837,traces/rocsolver-n189-lda837/trace_kernel_trace.csv,35,35,compute,internal_GEMM
KERNEL_DISPATCH,Agent 4,1,1,2777518,108,136,"void rocsolver::v33200::getf2_npvt_small_kernel<13, double, int, int, double*>(int, double*, long, int, long, int*, int, int)",23910,608224107177476,608224107183316,0,0,92,4,48,13,1,1,13,1,1,rocsolver,2,189,837,9521,9521,call9521-n189-lda837.bin,d47dd9521235ee7f0d6207b85b363a5ed237fd9cbe2b2cf07c6aa99587206ae4,hipLaunchKernel,608224107165841,608224107173872,GETRF|backend=rocsolver|call_id=2|n=189|lda=837,traces/rocsolver-n189-lda837/trace_kernel_trace.csv,36,36,compute,panel_GETF2
KERNEL_DISPATCH,Agent 4,1,1,2777453,1,23,"void rocsolver::v33200::reset_info<int, int, int>(int*, int, int, int)",23581,608221786873714,608221786875674,0,0,4,4,16,256,1,1,256,1,1,rocsolver,0,27,201,137,137,call137-n27-lda201.bin,4cf17b148d8977f64361c866acac2683d795731b745b2af073bf811d2f68048f,hipLaunchKernel,608221786839184,608221786870134,GETRF|backend=rocsolver|call_id=0|n=27|lda=201,traces/rocsolver-n27-lda201/trace_kernel_trace.csv,1,1,initialization,reset_info
KERNEL_DISPATCH,Agent 4,1,1,2777453,2,47,"void rocsolver::v33200::getf2_npvt_small_kernel<27, double, int, int, double*>(int, double*, long, int, long, int*, int, int)",23584,608221786893074,608221786908434,0,0,48,128,32,27,1,1,27,1,1,rocsolver,0,27,201,137,137,call137-n27-lda201.bin,4cf17b148d8977f64361c866acac2683d795731b745b2af073bf811d2f68048f,hipLaunchKernel,608221786885104,608221786889364,GETRF|backend=rocsolver|call_id=0|n=27|lda=201,traces/rocsolver-n27-lda201/trace_kernel_trace.csv,2,2,compute,panel_GETF2
KERNEL_DISPATCH,Agent 4,1,1,2777453,3,23,"void rocsolver::v33200::reset_info<int, int, int>(int*, int, int, int)",23591,608221786942545,608221786944385,0,0,4,4,16,256,1,1,256,1,1,rocsolver,1,27,201,137,137,call137-n27-lda201.bin,4cf17b148d8977f64361c866acac2683d795731b745b2af073bf811d2f68048f,hipLaunchKernel,608221786936404,608221786940604,GETRF|backend=rocsolver|call_id=1|n=27|lda=201,traces/rocsolver-n27-lda201/trace_kernel_trace.csv,1,1,initialization,reset_info
KERNEL_DISPATCH,Agent 4,1,1,2777453,4,47,"void rocsolver::v33200::getf2_npvt_small_kernel<27, double, int, int, double*>(int, double*, long, int, long, int*, int, int)",23594,608221786948265,608221786964065,0,0,48,128,32,27,1,1,27,1,1,rocsolver,1,27,201,137,137,call137-n27-lda201.bin,4cf17b148d8977f64361c866acac2683d795731b745b2af073bf811d2f68048f,hipLaunchKernel,608221786942184,608221786946355,GETRF|backend=rocsolver|call_id=1|n=27|lda=201,traces/rocsolver-n27-lda201/trace_kernel_trace.csv,2,2,compute,panel_GETF2
KERNEL_DISPATCH,Agent 4,1,1,2777453,5,23,"void rocsolver::v33200::reset_info<int, int, int>(int*, int, int, int)",23601,608221786990765,608221786992605,0,0,4,4,16,256,1,1,256,1,1,rocsolver,2,27,201,137,137,call137-n27-lda201.bin,4cf17b148d8977f64361c866acac2683d795731b745b2af073bf811d2f68048f,hipLaunchKernel,608221786984175,608221786988225,GETRF|backend=rocsolver|call_id=2|n=27|lda=201,traces/rocsolver-n27-lda201/trace_kernel_trace.csv,1,1,initialization,reset_info
KERNEL_DISPATCH,Agent 4,1,1,2777453,6,47,"void rocsolver::v33200::getf2_npvt_small_kernel<27, double, int, int, double*>(int, double*, long, int, long, int*, int, int)",23604,608221786995604,608221787010565,0,0,48,128,32,27,1,1,27,1,1,rocsolver,2,27,201,137,137,call137-n27-lda201.bin,4cf17b148d8977f64361c866acac2683d795731b745b2af073bf811d2f68048f,hipLaunchKernel,608221786989875,608221786993675,GETRF|backend=rocsolver|call_id=2|n=27|lda=201,traces/rocsolver-n27-lda201/trace_kernel_trace.csv,2,2,compute,panel_GETF2
KERNEL_DISPATCH,Agent 4,1,1,2777538,1,21,"void rocsolver::v33200::iota_n<double>(double*, unsigned int, double)",23581,608226398194528,608226398196928,0,0,4,4,16,32,1,1,32,1,1,rocsolver,0,351,1914,10892,10892,call10892-n351-lda1914.bin,b1d133da1657fb88a1d4825deb0c93ad564fd8a0a85a891bd7685067aef3aed0,hipLaunchKernel,608226398142739,608226398184989,GETRF|backend=rocsolver|call_id=0|n=351|lda=1914,traces/rocsolver-n351-lda1914/trace_kernel_trace.csv,1,1,initialization,initialize_scalars
KERNEL_DISPATCH,Agent 4,1,1,2777538,2,38,"void rocsolver::v33200::reset_info<int, int, int>(int*, int, int, int)",23584,608226398202448,608226398204208,0,0,4,4,16,256,1,1,256,1,1,rocsolver,0,351,1914,10892,10892,call10892-n351-lda1914.bin,b1d133da1657fb88a1d4825deb0c93ad564fd8a0a85a891bd7685067aef3aed0,hipLaunchKernel,608226398187879,608226398198809,GETRF|backend=rocsolver|call_id=0|n=351|lda=1914,traces/rocsolver-n351-lda1914/trace_kernel_trace.csv,2,2,initialization,reset_info
KERNEL_DISPATCH,Agent 4,1,1,2777538,3,87,"void rocsolver::v33200::getf2_npvt_small_kernel<16, double, int, int, double*>(int, double*, long, int, long, int*, int, int)",23587,608226398212248,608226398220968,0,0,4,132,48,351,1,1,351,1,1,rocsolver,0,351,1914,10892,10892,call10892-n351-lda1914.bin,b1d133da1657fb88a1d4825deb0c93ad564fd8a0a85a891bd7685067aef3aed0,hipLaunchKernel,608226398201109,608226398208759,GETRF|backend=rocsolver|call_id=0|n=351|lda=1914,traces/rocsolver-n351-lda1914/trace_kernel_trace.csv,3,3,compute,panel_GETF2
KERNEL_DISPATCH,Agent 4,1,1,2777538,4,204,"void rocsolver::v33200::unit_forward_substitution_kernel<double, int, double*>(int, int, double*, int, int, long, long, double*, int, int, long, long)",23590,608226398222528,608226398231768,0,0,12,4,32,16,64,1,16,384,1,rocsolver,0,351,1914,10892,10892,call10892-n351-lda1914.bin,b1d133da1657fb88a1d4825deb0c93ad564fd8a0a85a891bd7685067aef3aed0,hipLaunchKernel,608226398210999,608226398218869,GETRF|backend=rocsolver|call_id=0|n=351|lda=1914,traces/rocsolver-n351-lda1914/trace_kernel_trace.csv,4,4,compute,internal_TRSM
KERNEL_DISPATCH,Agent 4,1,1,2777538,5,761,Cijk_Ailk_Bljk_DB_MT128x64x16_MI16x16x4x1_SN_1LDSB1_APM1_ABV0_ACED0_AF0EM1_AF1EM1_AMAS0_ASE_ASGT_ASLT_ASM_ASAE01_ASCE01_ASEM1_AAC0_BL1_BS1_CLR0_DTLA0_DTLB0_DTVA1_DTVB0_DVO0_ETSP_EPS1_ELFLR0_EMLL0_FSSC10_FL0_GLVWA1_GLVWB1_GRCGA1_GRCGB1_GRPM1_GRVW1_GSU1_GSUASB_GLS0_ISA942_IU1_K1_KLA_LBSPPA0_LBSPPB128_LPA0_LPB1_LDL1_LRVW1_LWPMn1_LDW0_FMA_MIAV1_MDA2_MO40_MMFSC_MKFGSU256_NTA0_NTB0_NTC3_NTD3_NEPBS0_NLCA2_NLCB1_ONLL1_OPLV0_PK0_PAP0_PGR2_PLR5_PKA0_SIA3_SLW1_SS1_SU0_SUM0_SUS0_SCIUI1_SPO1_SRVW0_SSO6_SVW1_SNLL0_TSGRA0_TSGRB0_TT2_64_TLDS1_UMLDSA0_UMLDSB1_U64SL1_USFGROn1_VAW1_VSn1_VW1_VWB1_VFLRP0_WSGRA0_WSGRB0_WS64_WG64_4_1_WGM12,23593,608226398253500,608226398260380,8704,0,40,128,80,256,1,1,768,6,1,rocsolver,0,351,1914,10892,10892,call10892-n351-lda1914.bin,b1d133da1657fb88a1d4825deb0c93ad564fd8a0a85a891bd7685067aef3aed0,hipExtModuleLaunchKernel,608226398233229,608226398251009,GETRF|backend=rocsolver|call_id=0|n=351|lda=1914,traces/rocsolver-n351-lda1914/trace_kernel_trace.csv,5,5,compute,internal_GEMM
KERNEL_DISPATCH,Agent 4,1,1,2777538,6,87,"void rocsolver::v33200::getf2_npvt_small_kernel<16, double, int, int, double*>(int, double*, long, int, long, int*, int, int)",23596,608226398268729,608226398277489,0,0,4,132,48,335,1,1,335,1,1,rocsolver,0,351,1914,10892,10892,call10892-n351-lda1914.bin,b1d133da1657fb88a1d4825deb0c93ad564fd8a0a85a891bd7685067aef3aed0,hipLaunchKernel,608226398253739,608226398265050,GETRF|backend=rocsolver|call_id=0|n=351|lda=1914,traces/rocsolver-n351-lda1914/trace_kernel_trace.csv,6,6,compute,panel_GETF2
KERNEL_DISPATCH,Agent 4,1,1,2777538,7,204,"void rocsolver::v33200::unit_forward_substitution_kernel<double, int, double*>(int, int, double*, int, int, long, long, double*, int, int, long, long)",23599,608226398281700,608226398291020,0,0,12,4,32,16,64,1,16,320,1,rocsolver,0,351,1914,10892,10892,call10892-n351-lda1914.bin,b1d133da1657fb88a1d4825deb0c93ad564fd8a0a85a891bd7685067aef3aed0,hipLaunchKernel,608226398267950,608226398278850,GETRF|backend=rocsolver|call_id=0|n=351|lda=1914,traces/rocsolver-n351-lda1914/trace_kernel_trace.csv,7,7,compute,internal_TRSM
KERNEL_DISPATCH,Agent 4,1,1,2777538,8,761,Cijk_Ailk_Bljk_DB_MT128x64x16_MI16x16x4x1_SN_1LDSB1_APM1_ABV0_ACED0_AF0EM1_AF1EM1_AMAS0_ASE_ASGT_ASLT_ASM_ASAE01_ASCE01_ASEM1_AAC0_BL1_BS1_CLR0_DTLA0_DTLB0_DTVA1_DTVB0_DVO0_ETSP_EPS1_ELFLR0_EMLL0_FSSC10_FL0_GLVWA1_GLVWB1_GRCGA1_GRCGB1_GRPM1_GRVW1_GSU1_GSUASB_GLS0_ISA942_IU1_K1_KLA_LBSPPA0_LBSPPB128_LPA0_LPB1_LDL1_LRVW1_LWPMn1_LDW0_FMA_MIAV1_MDA2_MO40_MMFSC_MKFGSU256_NTA0_NTB0_NTC3_NTD3_NEPBS0_NLCA2_NLCB1_ONLL1_OPLV0_PK0_PAP0_PGR2_PLR5_PKA0_SIA3_SLW1_SS1_SU0_SUM0_SUS0_SCIUI1_SPO1_SRVW0_SSO6_SVW1_SNLL0_TSGRA0_TSGRB0_TT2_64_TLDS1_UMLDSA0_UMLDSB1_U64SL1_USFGROn1_VAW1_VSn1_VW1_VWB1_VFLRP0_WSGRA0_WSGRB0_WS64_WG64_4_1_WGM12,23602,608226398301220,608226398307780,8704,0,40,128,80,256,1,1,768,5,1,rocsolver,0,351,1914,10892,10892,call10892-n351-lda1914.bin,b1d133da1657fb88a1d4825deb0c93ad564fd8a0a85a891bd7685067aef3aed0,hipExtModuleLaunchKernel,608226398289870,608226398298420,GETRF|backend=rocsolver|call_id=0|n=351|lda=1914,traces/rocsolver-n351-lda1914/trace_kernel_trace.csv,8,8,compute,internal_GEMM
KERNEL_DISPATCH,Agent 4,1,1,2777538,9,87,"void rocsolver::v33200::getf2_npvt_small_kernel<16, double, int, int, double*>(int, double*, long, int, long, int*, int, int)",23605,608226398314729,608226398323209,0,0,4,132,48,319,1,1,319,1,1,rocsolver,0,351,1914,10892,10892,call10892-n351-lda1914.bin,b1d133da1657fb88a1d4825deb0c93ad564fd8a0a85a891bd7685067aef3aed0,hipLaunchKernel,608226398302170,608226398311130,GETRF|backend=rocsolver|call_id=0|n=351|lda=1914,traces/rocsolver-n351-lda1914/trace_kernel_trace.csv,9,9,compute,panel_GETF2
KERNEL_DISPATCH,Agent 4,1,1,2777538,10,204,"void rocsolver::v33200::unit_forward_substitution_kernel<double, int, double*>(int, int, double*, int, int, long, long, double*, int, int, long, long)",23608,608226398326660,608226398336100,0,0,12,4,32,16,64,1,16,320,1,rocsolver,0,351,1914,10892,10892,call10892-n351-lda1914.bin,b1d133da1657fb88a1d4825deb0c93ad564fd8a0a85a891bd7685067aef3aed0,hipLaunchKernel,608226398314290,608226398324230,GETRF|backend=rocsolver|call_id=0|n=351|lda=1914,traces/rocsolver-n351-lda1914/trace_kernel_trace.csv,10,10,compute,internal_TRSM
KERNEL_DISPATCH,Agent 4,1,1,2777538,11,761,Cijk_Ailk_Bljk_DB_MT128x64x16_MI16x16x4x1_SN_1LDSB1_APM1_ABV0_ACED0_AF0EM1_AF1EM1_AMAS0_ASE_ASGT_ASLT_ASM_ASAE01_ASCE01_ASEM1_AAC0_BL1_BS1_CLR0_DTLA0_DTLB0_DTVA1_DTVB0_DVO0_ETSP_EPS1_ELFLR0_EMLL0_FSSC10_FL0_GLVWA1_GLVWB1_GRCGA1_GRCGB1_GRPM1_GRVW1_GSU1_GSUASB_GLS0_ISA942_IU1_K1_KLA_LBSPPA0_LBSPPB128_LPA0_LPB1_LDL1_LRVW1_LWPMn1_LDW0_FMA_MIAV1_MDA2_MO40_MMFSC_MKFGSU256_NTA0_NTB0_NTC3_NTD3_NEPBS0_NLCA2_NLCB1_ONLL1_OPLV0_PK0_PAP0_PGR2_PLR5_PKA0_SIA3_SLW1_SS1_SU0_SUM0_SUS0_SCIUI1_SPO1_SRVW0_SSO6_SVW1_SNLL0_TSGRA0_TSGRB0_TT2_64_TLDS1_UMLDSA0_UMLDSB1_U64SL1_USFGROn1_VAW1_VSn1_VW1_VWB1_VFLRP0_WSGRA0_WSGRB0_WS64_WG64_4_1_WGM12,23611,608226398359520,608226398366000,8704,0,40,128,80,256,1,1,768,5,1,rocsolver,0,351,1914,10892,10892,call10892-n351-lda1914.bin,b1d133da1657fb88a1d4825deb0c93ad564fd8a0a85a891bd7685067aef3aed0,hipExtModuleLaunchKernel,608226398348460,608226398356780,GETRF|backend=rocsolver|call_id=0|n=351|lda=1914,traces/rocsolver-n351-lda1914/trace_kernel_trace.csv,11,11,compute,internal_GEMM
KERNEL_DISPATCH,Agent 4,1,1,2777538,12,87,"void rocsolver::v33200::getf2_npvt_small_kernel<16, double, int, int, double*>(int, double*, long, int, long, int*, int, int)",23614,608226398371550,608226398379951,0,0,4,132,48,303,1,1,303,1,1,rocsolver,0,351,1914,10892,10892,call10892-n351-lda1914.bin,b1d133da1657fb88a1d4825deb0c93ad564fd8a0a85a891bd7685067aef3aed0,hipLaunchKernel,608226398359650,608226398368790,GETRF|backend=rocsolver|call_id=0|n=351|lda=1914,traces/rocsolver-n351-lda1914/trace_kernel_trace.csv,12,12,compute,panel_GETF2
KERNEL_DISPATCH,Agent 4,1,1,2777538,13,204,"void rocsolver::v33200::unit_forward_substitution_kernel<double, int, double*>(int, int, double*, int, int, long, long, double*, int, int, long, long)",23617,608226398384741,608226398394101,0,0,12,4,32,16,64,1,16,320,1,rocsolver,0,351,1914,10892,10892,call10892-n351-lda1914.bin,b1d133da1657fb88a1d4825deb0c93ad564fd8a0a85a891bd7685067aef3aed0,hipLaunchKernel,608226398371881,608226398381911,GETRF|backend=rocsolver|call_id=0|n=351|lda=1914,traces/rocsolver-n351-lda1914/trace_kernel_trace.csv,13,13,compute,internal_TRSM
KERNEL_DISPATCH,Agent 4,1,1,2777538,14,761,Cijk_Ailk_Bljk_DB_MT128x64x16_MI16x16x4x1_SN_1LDSB1_APM1_ABV0_ACED0_AF0EM1_AF1EM1_AMAS0_ASE_ASGT_ASLT_ASM_ASAE01_ASCE01_ASEM1_AAC0_BL1_BS1_CLR0_DTLA0_DTLB0_DTVA1_DTVB0_DVO0_ETSP_EPS1_ELFLR0_EMLL0_FSSC10_FL0_GLVWA1_GLVWB1_GRCGA1_GRCGB1_GRPM1_GRVW1_GSU1_GSUASB_GLS0_ISA942_IU1_K1_KLA_LBSPPA0_LBSPPB128_LPA0_LPB1_LDL1_LRVW1_LWPMn1_LDW0_FMA_MIAV1_MDA2_MO40_MMFSC_MKFGSU256_NTA0_NTB0_NTC3_NTD3_NEPBS0_NLCA2_NLCB1_ONLL1_OPLV0_PK0_PAP0_PGR2_PLR5_PKA0_SIA3_SLW1_SS1_SU0_SUM0_SUS0_SCIUI1_SPO1_SRVW0_SSO6_SVW1_SNLL0_TSGRA0_TSGRB0_TT2_64_TLDS1_UMLDSA0_UMLDSB1_U64SL1_USFGROn1_VAW1_VSn1_VW1_VWB1_VFLRP0_WSGRA0_WSGRB0_WS64_WG64_4_1_WGM12,23620,608226398406770,608226398413290,8704,0,40,128,80,256,1,1,768,5,1,rocsolver,0,351,1914,10892,10892,call10892-n351-lda1914.bin,b1d133da1657fb88a1d4825deb0c93ad564fd8a0a85a891bd7685067aef3aed0,hipExtModuleLaunchKernel,608226398392771,608226398403131,GETRF|backend=rocsolver|call_id=0|n=351|lda=1914,traces/rocsolver-n351-lda1914/trace_kernel_trace.csv,14,14,compute,internal_GEMM
KERNEL_DISPATCH,Agent 4,1,1,2777538,15,87,"void rocsolver::v33200::getf2_npvt_small_kernel<16, double, int, int, double*>(int, double*, long, int, long, int*, int, int)",23623,608226398418330,608226398426850,0,0,4,132,48,287,1,1,287,1,1,rocsolver,0,351,1914,10892,10892,call10892-n351-lda1914.bin,b1d133da1657fb88a1d4825deb0c93ad564fd8a0a85a891bd7685067aef3aed0,hipLaunchKernel,608226398405661,608226398414721,GETRF|backend=rocsolver|call_id=0|n=351|lda=1914,traces/rocsolver-n351-lda1914/trace_kernel_trace.csv,15,15,compute,panel_GETF2
KERNEL_DISPATCH,Agent 4,1,1,2777538,16,204,"void rocsolver::v33200::unit_forward_substitution_kernel<double, int, double*>(int, int, double*, int, int, long, long, double*, int, int, long, long)",23626,608226398429411,608226398438771,0,0,12,4,32,16,64,1,16,320,1,rocsolver,0,351,1914,10892,10892,call10892-n351-lda1914.bin,b1d133da1657fb88a1d4825deb0c93ad564fd8a0a85a891bd7685067aef3aed0,hipLaunchKernel,608226398417311,608226398426641,GETRF|backend=rocsolver|call_id=0|n=351|lda=1914,traces/rocsolver-n351-lda1914/trace_kernel_trace.csv,16,16,compute,internal_TRSM
KERNEL_DISPATCH,Agent 4,1,1,2777538,17,841,Cijk_Ailk_Bljk_DB_MT64x64x16_MI16x16x4x1_SN_1LDSB1_APM1_ABV0_ACED0_AF0EM1_AF1EM1_AMAS3_ASE_ASGT_ASLT_ASM_ASAE01_ASCE01_ASEM1_AAC0_BL1_BS1_CLR0_DTLA0_DTLB0_DTVA0_DTVB0_DVO0_ETSP_EPS1_ELFLR0_EMLL0_FSSC10_FL0_GLVWA2_GLVWB2_GRCGA1_GRCGB1_GRPM1_GRVW2_GSU1_GSUASB_GLS0_ISA942_IU1_K1_KLA_LBSPPA0_LBSPPB128_LPA0_LPB4_LDL1_LRVW2_LWPMn1_LDW0_FMA_MIAV1_MDA2_MO40_MMFSC_MKFGSU256_NTA0_NTB0_NTC3_NTD3_NEPBS0_NLCA1_NLCB1_ONLL1_OPLV0_PK0_PAP0_PGR2_PLR5_PKA0_SIA3_SLW1_SS1_SU0_SUM0_SUS0_SCIUI1_SPO1_SRVW0_SSO6_SVW2_SNLL0_TSGRA0_TSGRB0_TT2_32_TLDS1_UMLDSA0_UMLDSB1_U64SL1_USFGROn1_VAW1_VSn1_VW2_VWB1_VFLRP0_WSGRA0_WSGRB0_WS64_WG32_8_1_WGM12,23629,608226398453001,608226398457601,18432,0,40,128,80,256,1,1,1280,5,1,rocsolver,0,351,1914,10892,10892,call10892-n351-lda1914.bin,b1d133da1657fb88a1d4825deb0c93ad564fd8a0a85a891bd7685067aef3aed0,hipExtModuleLaunchKernel,608226398438191,608226398450291,GETRF|backend=rocsolver|call_id=0|n=351|lda=1914,traces/rocsolver-n351-lda1914/trace_kernel_trace.csv,17,17,compute,internal_GEMM
KERNEL_DISPATCH,Agent 4,1,1,2777538,18,87,"void rocsolver::v33200::getf2_npvt_small_kernel<16, double, int, int, double*>(int, double*, long, int, long, int*, int, int)",23632,608226398465101,608226398473541,0,0,4,132,48,271,1,1,271,1,1,rocsolver,0,351,1914,10892,10892,call10892-n351-lda1914.bin,b1d133da1657fb88a1d4825deb0c93ad564fd8a0a85a891bd7685067aef3aed0,hipLaunchKernel,608226398452681,608226398461821,GETRF|backend=rocsolver|call_id=0|n=351|lda=1914,traces/rocsolver-n351-lda1914/trace_kernel_trace.csv,18,18,compute,panel_GETF2
KERNEL_DISPATCH,Agent 4,1,1,2777538,19,204,"void rocsolver::v33200::unit_forward_substitution_kernel<double, int, double*>(int, int, double*, int, int, long, long, double*, int, int, long, long)",23635,608226398480282,608226398489682,0,0,12,4,32,16,64,1,16,256,1,rocsolver,0,351,1914,10892,10892,call10892-n351-lda1914.bin,b1d133da1657fb88a1d4825deb0c93ad564fd8a0a85a891bd7685067aef3aed0,hipLaunchKernel,608226398464761,608226398477721,GETRF|backend=rocsolver|call_id=0|n=351|lda=1914,traces/rocsolver-n351-lda1914/trace_kernel_trace.csv,19,19,compute,internal_TRSM
KERNEL_DISPATCH,Agent 4,1,1,2777538,20,841,Cijk_Ailk_Bljk_DB_MT64x64x16_MI16x16x4x1_SN_1LDSB1_APM1_ABV0_ACED0_AF0EM1_AF1EM1_AMAS3_ASE_ASGT_ASLT_ASM_ASAE01_ASCE01_ASEM1_AAC0_BL1_BS1_CLR0_DTLA0_DTLB0_DTVA0_DTVB0_DVO0_ETSP_EPS1_ELFLR0_EMLL0_FSSC10_FL0_GLVWA2_GLVWB2_GRCGA1_GRCGB1_GRPM1_GRVW2_GSU1_GSUASB_GLS0_ISA942_IU1_K1_KLA_LBSPPA0_LBSPPB128_LPA0_LPB4_LDL1_LRVW2_LWPMn1_LDW0_FMA_MIAV1_MDA2_MO40_MMFSC_MKFGSU256_NTA0_NTB0_NTC3_NTD3_NEPBS0_NLCA1_NLCB1_ONLL1_OPLV0_PK0_PAP0_PGR2_PLR5_PKA0_SIA3_SLW1_SS1_SU0_SUM0_SUS0_SCIUI1_SPO1_SRVW0_SSO6_SVW2_SNLL0_TSGRA0_TSGRB0_TT2_32_TLDS1_UMLDSA0_UMLDSB1_U64SL1_USFGROn1_VAW1_VSn1_VW2_VWB1_VFLRP0_WSGRA0_WSGRB0_WS64_WG32_8_1_WGM12,23638,608226398542112,608226398547352,18432,0,40,128,80,256,1,1,1024,4,1,rocsolver,0,351,1914,10892,10892,call10892-n351-lda1914.bin,b1d133da1657fb88a1d4825deb0c93ad564fd8a0a85a891bd7685067aef3aed0,hipExtModuleLaunchKernel,608226398486561,608226398539462,GETRF|backend=rocsolver|call_id=0|n=351|lda=1914,traces/rocsolver-n351-lda1914/trace_kernel_trace.csv,20,20,compute,internal_GEMM
KERNEL_DISPATCH,Agent 4,1,1,2777538,21,87,"void rocsolver::v33200::getf2_npvt_small_kernel<16, double, int, int, double*>(int, double*, long, int, long, int*, int, int)",23641,608226398555082,608226398562962,0,0,4,132,48,255,1,1,255,1,1,rocsolver,0,351,1914,10892,10892,call10892-n351-lda1914.bin,b1d133da1657fb88a1d4825deb0c93ad564fd8a0a85a891bd7685067aef3aed0,hipLaunchKernel,608226398542582,608226398552492,GETRF|backend=rocsolver|call_id=0|n=351|lda=1914,traces/rocsolver-n351-lda1914/trace_kernel_trace.csv,21,21,compute,panel_GETF2
KERNEL_DISPATCH,Agent 4,1,1,2777538,22,204,"void rocsolver::v33200::unit_forward_substitution_kernel<double, int, double*>(int, int, double*, int, int, long, long, double*, int, int, long, long)",23644,608226398568442,608226398577882,0,0,12,4,32,16,64,1,16,256,1,rocsolver,0,351,1914,10892,10892,call10892-n351-lda1914.bin,b1d133da1657fb88a1d4825deb0c93ad564fd8a0a85a891bd7685067aef3aed0,hipLaunchKernel,608226398555482,608226398565972,GETRF|backend=rocsolver|call_id=0|n=351|lda=1914,traces/rocsolver-n351-lda1914/trace_kernel_trace.csv,22,22,compute,internal_TRSM
KERNEL_DISPATCH,Agent 4,1,1,2777538,23,841,Cijk_Ailk_Bljk_DB_MT64x64x16_MI16x16x4x1_SN_1LDSB1_APM1_ABV0_ACED0_AF0EM1_AF1EM1_AMAS3_ASE_ASGT_ASLT_ASM_ASAE01_ASCE01_ASEM1_AAC0_BL1_BS1_CLR0_DTLA0_DTLB0_DTVA0_DTVB0_DVO0_ETSP_EPS1_ELFLR0_EMLL0_FSSC10_FL0_GLVWA2_GLVWB2_GRCGA1_GRCGB1_GRPM1_GRVW2_GSU1_GSUASB_GLS0_ISA942_IU1_K1_KLA_LBSPPA0_LBSPPB128_LPA0_LPB4_LDL1_LRVW2_LWPMn1_LDW0_FMA_MIAV1_MDA2_MO40_MMFSC_MKFGSU256_NTA0_NTB0_NTC3_NTD3_NEPBS0_NLCA1_NLCB1_ONLL1_OPLV0_PK0_PAP0_PGR2_PLR5_PKA0_SIA3_SLW1_SS1_SU0_SUM0_SUS0_SCIUI1_SPO1_SRVW0_SSO6_SVW2_SNLL0_TSGRA0_TSGRB0_TT2_32_TLDS1_UMLDSA0_UMLDSB1_U64SL1_USFGROn1_VAW1_VSn1_VW2_VWB1_VFLRP0_WSGRA0_WSGRB0_WS64_WG32_8_1_WGM12,23647,608226398586012,608226398590932,18432,0,40,128,80,256,1,1,1024,4,1,rocsolver,0,351,1914,10892,10892,call10892-n351-lda1914.bin,b1d133da1657fb88a1d4825deb0c93ad564fd8a0a85a891bd7685067aef3aed0,hipExtModuleLaunchKernel,608226398575082,608226398583512,GETRF|backend=rocsolver|call_id=0|n=351|lda=1914,traces/rocsolver-n351-lda1914/trace_kernel_trace.csv,23,23,compute,internal_GEMM
KERNEL_DISPATCH,Agent 4,1,1,2777538,24,87,"void rocsolver::v33200::getf2_npvt_small_kernel<16, double, int, int, double*>(int, double*, long, int, long, int*, int, int)",23650,608226398598702,608226398606583,0,0,4,132,48,239,1,1,239,1,1,rocsolver,0,351,1914,10892,10892,call10892-n351-lda1914.bin,b1d133da1657fb88a1d4825deb0c93ad564fd8a0a85a891bd7685067aef3aed0,hipLaunchKernel,608226398586092,608226398596012,GETRF|backend=rocsolver|call_id=0|n=351|lda=1914,traces/rocsolver-n351-lda1914/trace_kernel_trace.csv,24,24,compute,panel_GETF2
KERNEL_DISPATCH,Agent 4,1,1,2777538,25,204,"void rocsolver::v33200::unit_forward_substitution_kernel<double, int, double*>(int, int, double*, int, int, long, long, double*, int, int, long, long)",23653,608226398612893,608226398622253,0,0,12,4,32,16,64,1,16,256,1,rocsolver,0,351,1914,10892,10892,call10892-n351-lda1914.bin,b1d133da1657fb88a1d4825deb0c93ad564fd8a0a85a891bd7685067aef3aed0,hipLaunchKernel,608226398600342,608226398610273,GETRF|backend=rocsolver|call_id=0|n=351|lda=1914,traces/rocsolver-n351-lda1914/trace_kernel_trace.csv,25,25,compute,internal_TRSM
KERNEL_DISPATCH,Agent 4,1,1,2777538,26,841,Cijk_Ailk_Bljk_DB_MT64x64x16_MI16x16x4x1_SN_1LDSB1_APM1_ABV0_ACED0_AF0EM1_AF1EM1_AMAS3_ASE_ASGT_ASLT_ASM_ASAE01_ASCE01_ASEM1_AAC0_BL1_BS1_CLR0_DTLA0_DTLB0_DTVA0_DTVB0_DVO0_ETSP_EPS1_ELFLR0_EMLL0_FSSC10_FL0_GLVWA2_GLVWB2_GRCGA1_GRCGB1_GRPM1_GRVW2_GSU1_GSUASB_GLS0_ISA942_IU1_K1_KLA_LBSPPA0_LBSPPB128_LPA0_LPB4_LDL1_LRVW2_LWPMn1_LDW0_FMA_MIAV1_MDA2_MO40_MMFSC_MKFGSU256_NTA0_NTB0_NTC3_NTD3_NEPBS0_NLCA1_NLCB1_ONLL1_OPLV0_PK0_PAP0_PGR2_PLR5_PKA0_SIA3_SLW1_SS1_SU0_SUM0_SUS0_SCIUI1_SPO1_SRVW0_SSO6_SVW2_SNLL0_TSGRA0_TSGRB0_TT2_32_TLDS1_UMLDSA0_UMLDSB1_U64SL1_USFGROn1_VAW1_VSn1_VW2_VWB1_VFLRP0_WSGRA0_WSGRB0_WS64_WG32_8_1_WGM12,23656,608226398632993,608226398637553,18432,0,40,128,80,256,1,1,1024,4,1,rocsolver,0,351,1914,10892,10892,call10892-n351-lda1914.bin,b1d133da1657fb88a1d4825deb0c93ad564fd8a0a85a891bd7685067aef3aed0,hipExtModuleLaunchKernel,608226398620493,608226398630383,GETRF|backend=rocsolver|call_id=0|n=351|lda=1914,traces/rocsolver-n351-lda1914/trace_kernel_trace.csv,26,26,compute,internal_GEMM
KERNEL_DISPATCH,Agent 4,1,1,2777538,27,87,"void rocsolver::v33200::getf2_npvt_small_kernel<16, double, int, int, double*>(int, double*, long, int, long, int*, int, int)",23659,608226398641123,608226398649003,0,0,4,132,48,223,1,1,223,1,1,rocsolver,0,351,1914,10892,10892,call10892-n351-lda1914.bin,b1d133da1657fb88a1d4825deb0c93ad564fd8a0a85a891bd7685067aef3aed0,hipLaunchKernel,608226398632513,608226398638663,GETRF|backend=rocsolver|call_id=0|n=351|lda=1914,traces/rocsolver-n351-lda1914/trace_kernel_trace.csv,27,27,compute,panel_GETF2
KERNEL_DISPATCH,Agent 4,1,1,2777538,28,204,"void rocsolver::v33200::unit_forward_substitution_kernel<double, int, double*>(int, int, double*, int, int, long, long, double*, int, int, long, long)",23662,608226398654023,608226398663543,0,0,12,4,32,16,64,1,16,256,1,rocsolver,0,351,1914,10892,10892,call10892-n351-lda1914.bin,b1d133da1657fb88a1d4825deb0c93ad564fd8a0a85a891bd7685067aef3aed0,hipLaunchKernel,608226398642063,608226398651383,GETRF|backend=rocsolver|call_id=0|n=351|lda=1914,traces/rocsolver-n351-lda1914/trace_kernel_trace.csv,28,28,compute,internal_TRSM
KERNEL_DISPATCH,Agent 4,1,1,2777538,29,841,Cijk_Ailk_Bljk_DB_MT64x64x16_MI16x16x4x1_SN_1LDSB1_APM1_ABV0_ACED0_AF0EM1_AF1EM1_AMAS3_ASE_ASGT_ASLT_ASM_ASAE01_ASCE01_ASEM1_AAC0_BL1_BS1_CLR0_DTLA0_DTLB0_DTVA0_DTVB0_DVO0_ETSP_EPS1_ELFLR0_EMLL0_FSSC10_FL0_GLVWA2_GLVWB2_GRCGA1_GRCGB1_GRPM1_GRVW2_GSU1_GSUASB_GLS0_ISA942_IU1_K1_KLA_LBSPPA0_LBSPPB128_LPA0_LPB4_LDL1_LRVW2_LWPMn1_LDW0_FMA_MIAV1_MDA2_MO40_MMFSC_MKFGSU256_NTA0_NTB0_NTC3_NTD3_NEPBS0_NLCA1_NLCB1_ONLL1_OPLV0_PK0_PAP0_PGR2_PLR5_PKA0_SIA3_SLW1_SS1_SU0_SUM0_SUS0_SCIUI1_SPO1_SRVW0_SSO6_SVW2_SNLL0_TSGRA0_TSGRB0_TT2_32_TLDS1_UMLDSA0_UMLDSB1_U64SL1_USFGROn1_VAW1_VSn1_VW2_VWB1_VFLRP0_WSGRA0_WSGRB0_WS64_WG32_8_1_WGM12,23665,608226398674523,608226398679123,18432,0,40,128,80,256,1,1,1024,4,1,rocsolver,0,351,1914,10892,10892,call10892-n351-lda1914.bin,b1d133da1657fb88a1d4825deb0c93ad564fd8a0a85a891bd7685067aef3aed0,hipExtModuleLaunchKernel,608226398661913,608226398671753,GETRF|backend=rocsolver|call_id=0|n=351|lda=1914,traces/rocsolver-n351-lda1914/trace_kernel_trace.csv,29,29,compute,internal_GEMM
KERNEL_DISPATCH,Agent 4,1,1,2777538,30,87,"void rocsolver::v33200::getf2_npvt_small_kernel<16, double, int, int, double*>(int, double*, long, int, long, int*, int, int)",23668,608226398686933,608226398694853,0,0,4,132,48,207,1,1,207,1,1,rocsolver,0,351,1914,10892,10892,call10892-n351-lda1914.bin,b1d133da1657fb88a1d4825deb0c93ad564fd8a0a85a891bd7685067aef3aed0,hipLaunchKernel,608226398674533,608226398683763,GETRF|backend=rocsolver|call_id=0|n=351|lda=1914,traces/rocsolver-n351-lda1914/trace_kernel_trace.csv,30,30,compute,panel_GETF2
KERNEL_DISPATCH,Agent 4,1,1,2777538,31,204,"void rocsolver::v33200::unit_forward_substitution_kernel<double, int, double*>(int, int, double*, int, int, long, long, double*, int, int, long, long)",23671,608226398697903,608226398707303,0,0,12,4,32,16,64,1,16,192,1,rocsolver,0,351,1914,10892,10892,call10892-n351-lda1914.bin,b1d133da1657fb88a1d4825deb0c93ad564fd8a0a85a891bd7685067aef3aed0,hipLaunchKernel,608226398686593,608226398695173,GETRF|backend=rocsolver|call_id=0|n=351|lda=1914,traces/rocsolver-n351-lda1914/trace_kernel_trace.csv,31,31,compute,internal_TRSM
KERNEL_DISPATCH,Agent 4,1,1,2777538,32,841,Cijk_Ailk_Bljk_DB_MT64x64x16_MI16x16x4x1_SN_1LDSB1_APM1_ABV0_ACED0_AF0EM1_AF1EM1_AMAS3_ASE_ASGT_ASLT_ASM_ASAE01_ASCE01_ASEM1_AAC0_BL1_BS1_CLR0_DTLA0_DTLB0_DTVA0_DTVB0_DVO0_ETSP_EPS1_ELFLR0_EMLL0_FSSC10_FL0_GLVWA2_GLVWB2_GRCGA1_GRCGB1_GRPM1_GRVW2_GSU1_GSUASB_GLS0_ISA942_IU1_K1_KLA_LBSPPA0_LBSPPB128_LPA0_LPB4_LDL1_LRVW2_LWPMn1_LDW0_FMA_MIAV1_MDA2_MO40_MMFSC_MKFGSU256_NTA0_NTB0_NTC3_NTD3_NEPBS0_NLCA1_NLCB1_ONLL1_OPLV0_PK0_PAP0_PGR2_PLR5_PKA0_SIA3_SLW1_SS1_SU0_SUM0_SUS0_SCIUI1_SPO1_SRVW0_SSO6_SVW2_SNLL0_TSGRA0_TSGRB0_TT2_32_TLDS1_UMLDSA0_UMLDSB1_U64SL1_USFGROn1_VAW1_VSn1_VW2_VWB1_VFLRP0_WSGRA0_WSGRB0_WS64_WG32_8_1_WGM12,23674,608226398716703,608226398721904,18432,0,40,128,80,256,1,1,768,3,1,rocsolver,0,351,1914,10892,10892,call10892-n351-lda1914.bin,b1d133da1657fb88a1d4825deb0c93ad564fd8a0a85a891bd7685067aef3aed0,hipExtModuleLaunchKernel,608226398704903,608226398714103,GETRF|backend=rocsolver|call_id=0|n=351|lda=1914,traces/rocsolver-n351-lda1914/trace_kernel_trace.csv,32,32,compute,internal_GEMM
KERNEL_DISPATCH,Agent 4,1,1,2777538,33,87,"void rocsolver::v33200::getf2_npvt_small_kernel<16, double, int, int, double*>(int, double*, long, int, long, int*, int, int)",23677,608226398728384,608226398736104,0,0,4,132,48,191,1,1,191,1,1,rocsolver,0,351,1914,10892,10892,call10892-n351-lda1914.bin,b1d133da1657fb88a1d4825deb0c93ad564fd8a0a85a891bd7685067aef3aed0,hipLaunchKernel,608226398716983,608226398725804,GETRF|backend=rocsolver|call_id=0|n=351|lda=1914,traces/rocsolver-n351-lda1914/trace_kernel_trace.csv,33,33,compute,panel_GETF2
KERNEL_DISPATCH,Agent 4,1,1,2777538,34,204,"void rocsolver::v33200::unit_forward_substitution_kernel<double, int, double*>(int, int, double*, int, int, long, long, double*, int, int, long, long)",23680,608226398738724,608226398748164,0,0,12,4,32,16,64,1,16,192,1,rocsolver,0,351,1914,10892,10892,call10892-n351-lda1914.bin,b1d133da1657fb88a1d4825deb0c93ad564fd8a0a85a891bd7685067aef3aed0,hipLaunchKernel,608226398728344,608226398736274,GETRF|backend=rocsolver|call_id=0|n=351|lda=1914,traces/rocsolver-n351-lda1914/trace_kernel_trace.csv,34,34,compute,internal_TRSM
KERNEL_DISPATCH,Agent 4,1,1,2777538,35,949,Cijk_Ailk_Bljk_DB_MT128x64x16_MI16x16x4x1_SN_1LDSB1_APM1_ABV0_ACED0_AF0EM1_AF1EM1_AMAS0_ASE_ASGT_ASLT_ASM_ASAE01_ASCE01_ASEM1_AAC0_BL1_BS1_CLR0_DTLA0_DTLB0_DTVA0_DTVB0_DVO0_ETSP_EPS1_ELFLR0_EMLL0_FSSC10_FL0_GLVWA1_GLVWB1_GRCGA1_GRCGB1_GRPM1_GRVW1_GSU1_GSUASB_GLS0_ISA942_IU1_K1_KLA_LBSPPA0_LBSPPB128_LPA0_LPB1_LDL1_LRVW1_LWPMn1_LDW0_FMA_MIAV1_MDA2_MO40_MMFSC_MKFGSU256_NTA0_NTB0_NTC3_NTD3_NEPBS0_NLCA1_NLCB1_ONLL1_OPLV0_PK0_PAP0_PGR2_PLR5_PKA0_SIA3_SLW1_SS1_SU0_SUM0_SUS0_SCIUI1_SPO1_SRVW0_SSO6_SVW1_SNLL0_TSGRA0_TSGRB0_TT4_32_TLDS1_UMLDSA0_UMLDSB1_U64SL1_USFGROn1_VAW1_VSn1_VW1_VWB1_VFLRP0_WSGRA0_WSGRB0_WS64_WG32_8_1_WGM12,23683,608226398762754,608226398769554,25088,0,128,128,80,256,1,1,512,3,1,rocsolver,0,351,1914,10892,10892,call10892-n351-lda1914.bin,b1d133da1657fb88a1d4825deb0c93ad564fd8a0a85a891bd7685067aef3aed0,hipExtModuleLaunchKernel,608226398747984,608226398759504,GETRF|backend=rocsolver|call_id=0|n=351|lda=1914,traces/rocsolver-n351-lda1914/trace_kernel_trace.csv,35,35,compute,internal_GEMM
KERNEL_DISPATCH,Agent 4,1,1,2777538,36,87,"void rocsolver::v33200::getf2_npvt_small_kernel<16, double, int, int, double*>(int, double*, long, int, long, int*, int, int)",23686,608226398772304,608226398779904,0,0,4,132,48,175,1,1,175,1,1,rocsolver,0,351,1914,10892,10892,call10892-n351-lda1914.bin,b1d133da1657fb88a1d4825deb0c93ad564fd8a0a85a891bd7685067aef3aed0,hipLaunchKernel,608226398761814,608226398769654,GETRF|backend=rocsolver|call_id=0|n=351|lda=1914,traces/rocsolver-n351-lda1914/trace_kernel_trace.csv,36,36,compute,panel_GETF2
KERNEL_DISPATCH,Agent 4,1,1,2777538,37,204,"void rocsolver::v33200::unit_forward_substitution_kernel<double, int, double*>(int, int, double*, int, int, long, long, double*, int, int, long, long)",23689,608226398785194,608226398794634,0,0,12,4,32,16,64,1,16,192,1,rocsolver,0,351,1914,10892,10892,call10892-n351-lda1914.bin,b1d133da1657fb88a1d4825deb0c93ad564fd8a0a85a891bd7685067aef3aed0,hipLaunchKernel,608226398774474,608226398782604,GETRF|backend=rocsolver|call_id=0|n=351|lda=1914,traces/rocsolver-n351-lda1914/trace_kernel_trace.csv,37,37,compute,internal_TRSM
KERNEL_DISPATCH,Agent 4,1,1,2777538,38,888,Cijk_Ailk_Bljk_DB_MT128x64x16_MI16x16x4x1_SN_1LDSB1_APM1_ABV0_ACED0_AF0EM1_AF1EM1_AMAS0_ASE_ASGT_ASLT_ASM_ASAE01_ASCE01_ASEM1_AAC0_BL1_BS1_CLR0_DTLA0_DTLB0_DTVA0_DTVB0_DVO0_ETSP_EPS1_ELFLR0_EMLL0_FSSC10_FL0_GLVWA1_GLVWB1_GRCGA1_GRCGB1_GRPM1_GRVW1_GSU1_GSUASB_GLS0_ISA942_IU1_K1_KLA_LBSPPA0_LBSPPB128_LPA0_LPB1_LDL1_LRVW1_LWPMn1_LDW0_FMA_MIAV1_MDA2_MO40_MMFSC_MKFGSU256_NTA0_NTB0_NTC3_NTD3_NEPBS0_NLCA1_NLCB1_ONLL1_OPLV0_PK0_PAP0_PGR2_PLR5_PKA0_SIA3_SLW1_SS1_SU0_SUM0_SUS0_SCIUI1_SPO1_SRVW0_SSO6_SVW1_SNLL0_TSGRA0_TSGRB0_TT4_32_TLDS1_UMLDSA0_UMLDSB1_U64SL1_USFGROn1_VAW1_VSn1_VW1_VWB1_VFLRP0_WSGRA0_WSGRB0_WS64_WG32_8_1_WGM6,23692,608226398806214,608226398812654,25088,0,128,128,80,256,1,1,512,3,1,rocsolver,0,351,1914,10892,10892,call10892-n351-lda1914.bin,b1d133da1657fb88a1d4825deb0c93ad564fd8a0a85a891bd7685067aef3aed0,hipExtModuleLaunchKernel,608226398793344,608226398803774,GETRF|backend=rocsolver|call_id=0|n=351|lda=1914,traces/rocsolver-n351-lda1914/trace_kernel_trace.csv,38,38,compute,internal_GEMM
KERNEL_DISPATCH,Agent 4,1,1,2777538,39,87,"void rocsolver::v33200::getf2_npvt_small_kernel<16, double, int, int, double*>(int, double*, long, int, long, int*, int, int)",23695,608226398815334,608226398823134,0,0,4,132,48,159,1,1,159,1,1,rocsolver,0,351,1914,10892,10892,call10892-n351-lda1914.bin,b1d133da1657fb88a1d4825deb0c93ad564fd8a0a85a891bd7685067aef3aed0,hipLaunchKernel,608226398806014,608226398812224,GETRF|backend=rocsolver|call_id=0|n=351|lda=1914,traces/rocsolver-n351-lda1914/trace_kernel_trace.csv,39,39,compute,panel_GETF2
KERNEL_DISPATCH,Agent 4,1,1,2777538,40,204,"void rocsolver::v33200::unit_forward_substitution_kernel<double, int, double*>(int, int, double*, int, int, long, long, double*, int, int, long, long)",23698,608226398825934,608226398835175,0,0,12,4,32,16,64,1,16,192,1,rocsolver,0,351,1914,10892,10892,call10892-n351-lda1914.bin,b1d133da1657fb88a1d4825deb0c93ad564fd8a0a85a891bd7685067aef3aed0,hipLaunchKernel,608226398813784,608226398823444,GETRF|backend=rocsolver|call_id=0|n=351|lda=1914,traces/rocsolver-n351-lda1914/trace_kernel_trace.csv,40,40,compute,internal_TRSM
KERNEL_DISPATCH,Agent 4,1,1,2777538,41,888,Cijk_Ailk_Bljk_DB_MT128x64x16_MI16x16x4x1_SN_1LDSB1_APM1_ABV0_ACED0_AF0EM1_AF1EM1_AMAS0_ASE_ASGT_ASLT_ASM_ASAE01_ASCE01_ASEM1_AAC0_BL1_BS1_CLR0_DTLA0_DTLB0_DTVA0_DTVB0_DVO0_ETSP_EPS1_ELFLR0_EMLL0_FSSC10_FL0_GLVWA1_GLVWB1_GRCGA1_GRCGB1_GRPM1_GRVW1_GSU1_GSUASB_GLS0_ISA942_IU1_K1_KLA_LBSPPA0_LBSPPB128_LPA0_LPB1_LDL1_LRVW1_LWPMn1_LDW0_FMA_MIAV1_MDA2_MO40_MMFSC_MKFGSU256_NTA0_NTB0_NTC3_NTD3_NEPBS0_NLCA1_NLCB1_ONLL1_OPLV0_PK0_PAP0_PGR2_PLR5_PKA0_SIA3_SLW1_SS1_SU0_SUM0_SUS0_SCIUI1_SPO1_SRVW0_SSO6_SVW1_SNLL0_TSGRA0_TSGRB0_TT4_32_TLDS1_UMLDSA0_UMLDSB1_U64SL1_USFGROn1_VAW1_VSn1_VW1_VWB1_VFLRP0_WSGRA0_WSGRB0_WS64_WG32_8_1_WGM6,23701,608226398844894,608226398851334,25088,0,128,128,80,256,1,1,512,3,1,rocsolver,0,351,1914,10892,10892,call10892-n351-lda1914.bin,b1d133da1657fb88a1d4825deb0c93ad564fd8a0a85a891bd7685067aef3aed0,hipExtModuleLaunchKernel,608226398832374,608226398841435,GETRF|backend=rocsolver|call_id=0|n=351|lda=1914,traces/rocsolver-n351-lda1914/trace_kernel_trace.csv,41,41,compute,internal_GEMM
KERNEL_DISPATCH,Agent 4,1,1,2777538,42,87,"void rocsolver::v33200::getf2_npvt_small_kernel<16, double, int, int, double*>(int, double*, long, int, long, int*, int, int)",23704,608226398853895,608226398861695,0,0,4,132,48,143,1,1,143,1,1,rocsolver,0,351,1914,10892,10892,call10892-n351-lda1914.bin,b1d133da1657fb88a1d4825deb0c93ad564fd8a0a85a891bd7685067aef3aed0,hipLaunchKernel,608226398843625,608226398851525,GETRF|backend=rocsolver|call_id=0|n=351|lda=1914,traces/rocsolver-n351-lda1914/trace_kernel_trace.csv,42,42,compute,panel_GETF2
KERNEL_DISPATCH,Agent 4,1,1,2777538,43,204,"void rocsolver::v33200::unit_forward_substitution_kernel<double, int, double*>(int, int, double*, int, int, long, long, double*, int, int, long, long)",23707,608226398866475,608226398875675,0,0,12,4,32,16,64,1,16,128,1,rocsolver,0,351,1914,10892,10892,call10892-n351-lda1914.bin,b1d133da1657fb88a1d4825deb0c93ad564fd8a0a85a891bd7685067aef3aed0,hipLaunchKernel,608226398854675,608226398863935,GETRF|backend=rocsolver|call_id=0|n=351|lda=1914,traces/rocsolver-n351-lda1914/trace_kernel_trace.csv,43,43,compute,internal_TRSM
KERNEL_DISPATCH,Agent 4,1,1,2777538,44,888,Cijk_Ailk_Bljk_DB_MT128x64x16_MI16x16x4x1_SN_1LDSB1_APM1_ABV0_ACED0_AF0EM1_AF1EM1_AMAS0_ASE_ASGT_ASLT_ASM_ASAE01_ASCE01_ASEM1_AAC0_BL1_BS1_CLR0_DTLA0_DTLB0_DTVA0_DTVB0_DVO0_ETSP_EPS1_ELFLR0_EMLL0_FSSC10_FL0_GLVWA1_GLVWB1_GRCGA1_GRCGB1_GRPM1_GRVW1_GSU1_GSUASB_GLS0_ISA942_IU1_K1_KLA_LBSPPA0_LBSPPB128_LPA0_LPB1_LDL1_LRVW1_LWPMn1_LDW0_FMA_MIAV1_MDA2_MO40_MMFSC_MKFGSU256_NTA0_NTB0_NTC3_NTD3_NEPBS0_NLCA1_NLCB1_ONLL1_OPLV0_PK0_PAP0_PGR2_PLR5_PKA0_SIA3_SLW1_SS1_SU0_SUM0_SUS0_SCIUI1_SPO1_SRVW0_SSO6_SVW1_SNLL0_TSGRA0_TSGRB0_TT4_32_TLDS1_UMLDSA0_UMLDSB1_U64SL1_USFGROn1_VAW1_VSn1_VW1_VWB1_VFLRP0_WSGRA0_WSGRB0_WS64_WG32_8_1_WGM6,23710,608226398888374,608226398895574,25088,0,128,128,80,256,1,1,256,2,1,rocsolver,0,351,1914,10892,10892,call10892-n351-lda1914.bin,b1d133da1657fb88a1d4825deb0c93ad564fd8a0a85a891bd7685067aef3aed0,hipExtModuleLaunchKernel,608226398874965,608226398884765,GETRF|backend=rocsolver|call_id=0|n=351|lda=1914,traces/rocsolver-n351-lda1914/trace_kernel_trace.csv,44,44,compute,internal_GEMM
KERNEL_DISPATCH,Agent 4,1,1,2777538,45,87,"void rocsolver::v33200::getf2_npvt_small_kernel<16, double, int, int, double*>(int, double*, long, int, long, int*, int, int)",23713,608226398897405,608226398904285,0,0,4,132,48,127,1,1,127,1,1,rocsolver,0,351,1914,10892,10892,call10892-n351-lda1914.bin,b1d133da1657fb88a1d4825deb0c93ad564fd8a0a85a891bd7685067aef3aed0,hipLaunchKernel,608226398887225,608226398893185,GETRF|backend=rocsolver|call_id=0|n=351|lda=1914,traces/rocsolver-n351-lda1914/trace_kernel_trace.csv,45,45,compute,panel_GETF2
KERNEL_DISPATCH,Agent 4,1,1,2777538,46,204,"void rocsolver::v33200::unit_forward_substitution_kernel<double, int, double*>(int, int, double*, int, int, long, long, double*, int, int, long, long)",23716,608226398908094,608226398917174,0,0,12,4,32,16,64,1,16,128,1,rocsolver,0,351,1914,10892,10892,call10892-n351-lda1914.bin,b1d133da1657fb88a1d4825deb0c93ad564fd8a0a85a891bd7685067aef3aed0,hipLaunchKernel,608226398895505,608226398904535,GETRF|backend=rocsolver|call_id=0|n=351|lda=1914,traces/rocsolver-n351-lda1914/trace_kernel_trace.csv,46,46,compute,internal_TRSM
KERNEL_DISPATCH,Agent 4,1,1,2777538,47,941,Cijk_Ailk_Bljk_DB_MT128x64x16_MI16x16x4x1_SN_1LDSB1_APM1_ABV0_ACED0_AF0EM1_AF1EM1_AMAS0_ASE_ASGT_ASLT_ASM_ASAE01_ASCE01_ASEM1_AAC0_BL1_BS1_CLR0_DTLA0_DTLB0_DTVA1_DTVB0_DVO0_ETSP_EPS1_ELFLR0_EMLL0_FSSC10_FL0_GLVWA1_GLVWB1_GRCGA1_GRCGB1_GRPM1_GRVW1_GSU1_GSUASB_GLS0_ISA942_IU1_K1_KLA_LBSPPA0_LBSPPB128_LPA0_LPB1_LDL1_LRVW1_LWPMn1_LDW0_FMA_MIAV1_MDA2_MO40_MMFSC_MKFGSU256_NTA0_NTB0_NTC3_NTD3_NEPBS0_NLCA2_NLCB1_ONLL1_OPLV0_PK0_PAP0_PGR2_PLR1_PKA0_SIA3_SLW1_SS1_SU0_SUM0_SUS0_SCIUI1_SPO1_SRVW0_SSO6_SVW1_SNLL0_TSGRA0_TSGRB0_TT2_64_TLDS1_UMLDSA0_UMLDSB1_U64SL1_USFGROn1_VAW1_VSn1_VW1_VWB1_VFLRP0_WSGRA0_WSGRB0_WS64_WG64_4_1_WGM6,23719,608226398930895,608226398938655,8704,0,40,128,80,256,1,1,256,2,1,rocsolver,0,351,1914,10892,10892,call10892-n351-lda1914.bin,b1d133da1657fb88a1d4825deb0c93ad564fd8a0a85a891bd7685067aef3aed0,hipExtModuleLaunchKernel,608226398917805,608226398928605,GETRF|backend=rocsolver|call_id=0|n=351|lda=1914,traces/rocsolver-n351-lda1914/trace_kernel_trace.csv,47,47,compute,internal_GEMM
KERNEL_DISPATCH,Agent 4,1,1,2777538,48,87,"void rocsolver::v33200::getf2_npvt_small_kernel<16, double, int, int, double*>(int, double*, long, int, long, int*, int, int)",23722,608226398945496,608226398953056,0,0,4,132,48,111,1,1,111,1,1,rocsolver,0,351,1914,10892,10892,call10892-n351-lda1914.bin,b1d133da1657fb88a1d4825deb0c93ad564fd8a0a85a891bd7685067aef3aed0,hipLaunchKernel,608226398931585,608226398942045,GETRF|backend=rocsolver|call_id=0|n=351|lda=1914,traces/rocsolver-n351-lda1914/trace_kernel_trace.csv,48,48,compute,panel_GETF2
KERNEL_DISPATCH,Agent 4,1,1,2777538,49,204,"void rocsolver::v33200::unit_forward_substitution_kernel<double, int, double*>(int, int, double*, int, int, long, long, double*, int, int, long, long)",23725,608226398955686,608226398965006,0,0,12,4,32,16,64,1,16,128,1,rocsolver,0,351,1914,10892,10892,call10892-n351-lda1914.bin,b1d133da1657fb88a1d4825deb0c93ad564fd8a0a85a891bd7685067aef3aed0,hipLaunchKernel,608226398944995,608226398953186,GETRF|backend=rocsolver|call_id=0|n=351|lda=1914,traces/rocsolver-n351-lda1914/trace_kernel_trace.csv,49,49,compute,internal_TRSM
KERNEL_DISPATCH,Agent 4,1,1,2777538,50,841,Cijk_Ailk_Bljk_DB_MT64x64x16_MI16x16x4x1_SN_1LDSB1_APM1_ABV0_ACED0_AF0EM1_AF1EM1_AMAS3_ASE_ASGT_ASLT_ASM_ASAE01_ASCE01_ASEM1_AAC0_BL1_BS1_CLR0_DTLA0_DTLB0_DTVA0_DTVB0_DVO0_ETSP_EPS1_ELFLR0_EMLL0_FSSC10_FL0_GLVWA2_GLVWB2_GRCGA1_GRCGB1_GRPM1_GRVW2_GSU1_GSUASB_GLS0_ISA942_IU1_K1_KLA_LBSPPA0_LBSPPB128_LPA0_LPB4_LDL1_LRVW2_LWPMn1_LDW0_FMA_MIAV1_MDA2_MO40_MMFSC_MKFGSU256_NTA0_NTB0_NTC3_NTD3_NEPBS0_NLCA1_NLCB1_ONLL1_OPLV0_PK0_PAP0_PGR2_PLR5_PKA0_SIA3_SLW1_SS1_SU0_SUM0_SUS0_SCIUI1_SPO1_SRVW0_SSO6_SVW2_SNLL0_TSGRA0_TSGRB0_TT2_32_TLDS1_UMLDSA0_UMLDSB1_U64SL1_USFGROn1_VAW1_VSn1_VW2_VWB1_VFLRP0_WSGRA0_WSGRB0_WS64_WG32_8_1_WGM12,23728,608226398975376,608226398979696,18432,0,40,128,80,256,1,1,512,2,1,rocsolver,0,351,1914,10892,10892,call10892-n351-lda1914.bin,b1d133da1657fb88a1d4825deb0c93ad564fd8a0a85a891bd7685067aef3aed0,hipExtModuleLaunchKernel,608226398963336,608226398972946,GETRF|backend=rocsolver|call_id=0|n=351|lda=1914,traces/rocsolver-n351-lda1914/trace_kernel_trace.csv,50,50,compute,internal_GEMM
KERNEL_DISPATCH,Agent 4,1,1,2777538,51,87,"void rocsolver::v33200::getf2_npvt_small_kernel<16, double, int, int, double*>(int, double*, long, int, long, int*, int, int)",23731,608226398983836,608226398991436,0,0,4,132,48,95,1,1,95,1,1,rocsolver,0,351,1914,10892,10892,call10892-n351-lda1914.bin,b1d133da1657fb88a1d4825deb0c93ad564fd8a0a85a891bd7685067aef3aed0,hipLaunchKernel,608226398975836,608226398981596,GETRF|backend=rocsolver|call_id=0|n=351|lda=1914,traces/rocsolver-n351-lda1914/trace_kernel_trace.csv,51,51,compute,panel_GETF2
KERNEL_DISPATCH,Agent 4,1,1,2777538,52,204,"void rocsolver::v33200::unit_forward_substitution_kernel<double, int, double*>(int, int, double*, int, int, long, long, double*, int, int, long, long)",23734,608226399011606,608226399021006,0,0,12,4,32,16,64,1,16,128,1,rocsolver,0,351,1914,10892,10892,call10892-n351-lda1914.bin,b1d133da1657fb88a1d4825deb0c93ad564fd8a0a85a891bd7685067aef3aed0,hipLaunchKernel,608226398984326,608226399009286,GETRF|backend=rocsolver|call_id=0|n=351|lda=1914,traces/rocsolver-n351-lda1914/trace_kernel_trace.csv,52,52,compute,internal_TRSM
KERNEL_DISPATCH,Agent 4,1,1,2777538,53,967,Cijk_Ailk_Bljk_DB_MT64x64x16_MI16x16x4x1_SN_1LDSB1_APM1_ABV0_ACED0_AF0EM1_AF1EM1_AMAS0_ASE_ASGT_ASLT_ASM_ASAE01_ASCE01_ASEM1_AAC0_BL1_BS1_CLR0_DTLA0_DTLB0_DTVA1_DTVB0_DVO0_ETSP_EPS1_ELFLR0_EMLL0_FSSC10_FL0_GLVWA1_GLVWB1_GRCGA1_GRCGB1_GRPM1_GRVW1_GSU1_GSUASB_GLS0_ISA942_IU1_K1_KLA_LBSPPA0_LBSPPB128_LPA0_LPB4_LDL1_LRVW2_LWPMn1_LDW0_FMA_MIAV1_MDA2_MO40_MMFSC_MKFGSU256_NTA0_NTB0_NTC3_NTD3_NEPBS0_NLCA1_NLCB1_ONLL1_OPLV0_PK0_PAP0_PGR2_PLR5_PKA0_SIA3_SLW1_SS1_SU0_SUM0_SUS0_SCIUI1_SPO1_SRVW0_SSO6_SVW1_SNLL0_TSGRA0_TSGRB0_TT1_64_TLDS1_UMLDSA0_UMLDSB1_U64SL1_USFGROn1_VAW1_VSn1_VW1_VWB1_VFLRP0_WSGRA0_WSGRB0_WS64_WG64_4_1_WGM6,23737,608226399026826,608226399031706,10240,0,128,0,80,256,1,1,512,2,1,rocsolver,0,351,1914,10892,10892,call10892-n351-lda1914.bin,b1d133da1657fb88a1d4825deb0c93ad564fd8a0a85a891bd7685067aef3aed0,hipExtModuleLaunchKernel,608226399016456,608226399024736,GETRF|backend=rocsolver|call_id=0|n=351|lda=1914,traces/rocsolver-n351-lda1914/trace_kernel_trace.csv,53,53,compute,internal_GEMM
KERNEL_DISPATCH,Agent 4,1,1,2777538,54,87,"void rocsolver::v33200::getf2_npvt_small_kernel<16, double, int, int, double*>(int, double*, long, int, long, int*, int, int)",23740,608226399039416,608226399046976,0,0,4,132,48,79,1,1,79,1,1,rocsolver,0,351,1914,10892,10892,call10892-n351-lda1914.bin,b1d133da1657fb88a1d4825deb0c93ad564fd8a0a85a891bd7685067aef3aed0,hipLaunchKernel,608226399027086,608226399037156,GETRF|backend=rocsolver|call_id=0|n=351|lda=1914,traces/rocsolver-n351-lda1914/trace_kernel_trace.csv,54,54,compute,panel_GETF2
KERNEL_DISPATCH,Agent 4,1,1,2777538,55,204,"void rocsolver::v33200::unit_forward_substitution_kernel<double, int, double*>(int, int, double*, int, int, long, long, double*, int, int, long, long)",23743,608226399051135,608226399060216,0,0,12,4,32,16,64,1,16,64,1,rocsolver,0,351,1914,10892,10892,call10892-n351-lda1914.bin,b1d133da1657fb88a1d4825deb0c93ad564fd8a0a85a891bd7685067aef3aed0,hipLaunchKernel,608226399039616,608226399049086,GETRF|backend=rocsolver|call_id=0|n=351|lda=1914,traces/rocsolver-n351-lda1914/trace_kernel_trace.csv,55,55,compute,internal_TRSM
KERNEL_DISPATCH,Agent 4,1,1,2777538,56,894,Cijk_Ailk_Bljk_DB_MT64x64x32_MI16x16x4x1_SN_1LDSB1_APM1_ABV0_ACED0_AF0EM1_AF1EM1_AMAS0_ASE_ASGT_ASLT_ASM_ASAE01_ASCE01_ASEM1_AAC0_BL1_BS1_CLR0_DTLA0_DTLB0_DTVA1_DTVB0_DVO0_ETSP_EPS1_ELFLR0_EMLL0_FSSC10_FL0_GLVWA1_GLVWB1_GRCGA1_GRCGB1_GRPM1_GRVW1_GSU1_GSUASB_GLS0_ISA942_IU1_K1_KLA_LBSPPA0_LBSPPB256_LPA0_LPB1_LDL1_LRVW1_LWPMn1_LDW0_FMA_MIAV1_MDA2_MO40_MMFSC_MKFGSU256_NTA0_NTB0_NTC3_NTD3_NEPBS0_NLCA1_NLCB1_ONLL1_OPLV0_PK0_PAP0_PGR2_PLR9_PKA0_SIA3_SLW1_SS1_SU0_SUM0_SUS0_SCIUI1_SPO1_SRVW0_SSO6_SVW1_SNLL0_TSGRA0_TSGRB0_TT1_64_TLDS1_UMLDSA0_UMLDSB1_U64SL1_USFGROn1_VAW1_VSn1_VW1_VWB1_VFLRP0_WSGRA0_WSGRB0_WS64_WG64_4_1_WGM12,23746,608226399072737,608226399078897,16896,0,40,128,80,256,1,1,256,1,1,rocsolver,0,351,1914,10892,10892,call10892-n351-lda1914.bin,b1d133da1657fb88a1d4825deb0c93ad564fd8a0a85a891bd7685067aef3aed0,hipExtModuleLaunchKernel,608226399058926,608226399069877,GETRF|backend=rocsolver|call_id=0|n=351|lda=1914,traces/rocsolver-n351-lda1914/trace_kernel_trace.csv,56,56,compute,internal_GEMM
KERNEL_DISPATCH,Agent 4,1,1,2777538,57,87,"void rocsolver::v33200::getf2_npvt_small_kernel<16, double, int, int, double*>(int, double*, long, int, long, int*, int, int)",23749,608226399080647,608226399088007,0,0,4,132,48,63,1,1,63,1,1,rocsolver,0,351,1914,10892,10892,call10892-n351-lda1914.bin,b1d133da1657fb88a1d4825deb0c93ad564fd8a0a85a891bd7685067aef3aed0,hipLaunchKernel,608226399072897,608226399078757,GETRF|backend=rocsolver|call_id=0|n=351|lda=1914,traces/rocsolver-n351-lda1914/trace_kernel_trace.csv,57,57,compute,panel_GETF2
KERNEL_DISPATCH,Agent 4,1,1,2777538,58,204,"void rocsolver::v33200::unit_forward_substitution_kernel<double, int, double*>(int, int, double*, int, int, long, long, double*, int, int, long, long)",23752,608226399093887,608226399102367,0,0,12,4,32,16,64,1,16,64,1,rocsolver,0,351,1914,10892,10892,call10892-n351-lda1914.bin,b1d133da1657fb88a1d4825deb0c93ad564fd8a0a85a891bd7685067aef3aed0,hipLaunchKernel,608226399080357,608226399091687,GETRF|backend=rocsolver|call_id=0|n=351|lda=1914,traces/rocsolver-n351-lda1914/trace_kernel_trace.csv,58,58,compute,internal_TRSM
KERNEL_DISPATCH,Agent 4,1,1,2777538,59,936,Cijk_Ailk_Bljk_DB_MT64x64x16_MI16x16x4x1_SN_1LDSB1_APM1_ABV0_ACED0_AF0EM1_AF1EM1_AMAS0_ASE_ASGT_ASLT_ASM_ASAE01_ASCE01_ASEM1_AAC0_BL1_BS1_CLR0_DTLA0_DTLB0_DTVA0_DTVB0_DVO0_ETSP_EPS1_ELFLR0_EMLL0_FSSC10_FL0_GLVWA1_GLVWB1_GRCGA1_GRCGB1_GRPM1_GRVW1_GSU1_GSUASB_GLS0_ISA942_IU1_K1_KLA_LBSPPA0_LBSPPB128_LPA0_LPB1_LDL1_LRVW1_LWPMn1_LDW0_FMA_MIAV1_MDA2_MO40_MMFSC_MKFGSU256_NTA0_NTB0_NTC3_NTD3_NEPBS0_NLCA1_NLCB1_ONLL1_OPLV0_PK0_PAP0_PGR2_PLR5_PKA0_SIA3_SLW1_SS1_SU0_SUM0_SUS0_SCIUI1_SPO1_SRVW0_SSO6_SVW1_SNLL0_TSGRA0_TSGRB0_TT2_32_TLDS1_UMLDSA0_UMLDSB1_U64SL1_USFGROn1_VAW1_VSn1_VW1_VWB1_VFLRP0_WSGRA0_WSGRB0_WS64_WG32_8_1_WGM6,23755,608226399118987,608226399123907,16896,0,40,128,80,256,1,1,256,1,1,rocsolver,0,351,1914,10892,10892,call10892-n351-lda1914.bin,b1d133da1657fb88a1d4825deb0c93ad564fd8a0a85a891bd7685067aef3aed0,hipExtModuleLaunchKernel,608226399106767,608226399117097,GETRF|backend=rocsolver|call_id=0|n=351|lda=1914,traces/rocsolver-n351-lda1914/trace_kernel_trace.csv,59,59,compute,internal_GEMM
KERNEL_DISPATCH,Agent 4,1,1,2777538,60,87,"void rocsolver::v33200::getf2_npvt_small_kernel<16, double, int, int, double*>(int, double*, long, int, long, int*, int, int)",23758,608226399130207,608226399137647,0,0,4,132,48,47,1,1,47,1,1,rocsolver,0,351,1914,10892,10892,call10892-n351-lda1914.bin,b1d133da1657fb88a1d4825deb0c93ad564fd8a0a85a891bd7685067aef3aed0,hipLaunchKernel,608226399119397,608226399126917,GETRF|backend=rocsolver|call_id=0|n=351|lda=1914,traces/rocsolver-n351-lda1914/trace_kernel_trace.csv,60,60,compute,panel_GETF2
KERNEL_DISPATCH,Agent 4,1,1,2777538,61,204,"void rocsolver::v33200::unit_forward_substitution_kernel<double, int, double*>(int, int, double*, int, int, long, long, double*, int, int, long, long)",23761,608226399139917,608226399147877,0,0,12,4,32,16,64,1,16,64,1,rocsolver,0,351,1914,10892,10892,call10892-n351-lda1914.bin,b1d133da1657fb88a1d4825deb0c93ad564fd8a0a85a891bd7685067aef3aed0,hipLaunchKernel,608226399129607,608226399137857,GETRF|backend=rocsolver|call_id=0|n=351|lda=1914,traces/rocsolver-n351-lda1914/trace_kernel_trace.csv,61,61,compute,internal_TRSM
KERNEL_DISPATCH,Agent 4,1,1,2777538,62,934,Cijk_Ailk_Bljk_DB_MT64x32x16_MI16x16x4x1_SN_1LDSB1_APM1_ABV0_ACED0_AF0EM1_AF1EM1_AMAS0_ASE_ASGT_ASLT_ASM_ASAE01_ASCE01_ASEM1_AAC0_BL1_BS1_CLR0_DTLA0_DTLB0_DTVA1_DTVB0_DVO0_ETSP_EPS1_ELFLR0_EMLL0_FSSC10_FL0_GLVWA1_GLVWB1_GRCGA1_GRCGB1_GRPM1_GRVW1_GSU1_GSUASB_GLS0_ISA942_IU1_K1_KLA_LBSPPA0_LBSPPB128_LPA0_LPB4_LDL1_LRVW2_LWPMn1_LDW0_FMA_MIAV1_MDA2_MO40_MMFSC_MKFGSU256_NTA0_NTB0_NTC3_NTD3_NEPBS4_NLCA1_NLCB1_ONLL1_OPLV0_PK0_PAP0_PGR2_PLR5_PKA0_SIA3_SLW1_SS1_SU0_SUM0_SUS0_SCIUI1_SPO1_SRVW0_SSO6_SVW1_SNLL0_TSGRA0_TSGRB0_TT1_32_TLDS1_UMLDSA0_UMLDSB1_U64SL1_USFGROn1_VAW1_VSn1_VW1_VWB1_VFLRP0_WSGRA0_WSGRB0_WS64_WG64_4_1_WGM12,23764,608226399158477,608226399162997,5120,0,64,0,80,256,1,1,256,1,1,rocsolver,0,351,1914,10892,10892,call10892-n351-lda1914.bin,b1d133da1657fb88a1d4825deb0c93ad564fd8a0a85a891bd7685067aef3aed0,hipExtModuleLaunchKernel,608226399147167,608226399156417,GETRF|backend=rocsolver|call_id=0|n=351|lda=1914,traces/rocsolver-n351-lda1914/trace_kernel_trace.csv,62,62,compute,internal_GEMM
KERNEL_DISPATCH,Agent 4,1,1,2777538,63,87,"void rocsolver::v33200::getf2_npvt_small_kernel<16, double, int, int, double*>(int, double*, long, int, long, int*, int, int)",23767,608226399168538,608226399175818,0,0,4,132,48,31,1,1,31,1,1,rocsolver,0,351,1914,10892,10892,call10892-n351-lda1914.bin,b1d133da1657fb88a1d4825deb0c93ad564fd8a0a85a891bd7685067aef3aed0,hipLaunchKernel,608226399159677,608226399166537,GETRF|backend=rocsolver|call_id=0|n=351|lda=1914,traces/rocsolver-n351-lda1914/trace_kernel_trace.csv,63,63,compute,panel_GETF2
KERNEL_DISPATCH,Agent 4,1,1,2777538,64,204,"void rocsolver::v33200::unit_forward_substitution_kernel<double, int, double*>(int, int, double*, int, int, long, long, double*, int, int, long, long)",23770,608226399180038,608226399187038,0,0,12,4,32,16,64,1,16,64,1,rocsolver,0,351,1914,10892,10892,call10892-n351-lda1914.bin,b1d133da1657fb88a1d4825deb0c93ad564fd8a0a85a891bd7685067aef3aed0,hipLaunchKernel,608226399168617,608226399177878,GETRF|backend=rocsolver|call_id=0|n=351|lda=1914,traces/rocsolver-n351-lda1914/trace_kernel_trace.csv,64,64,compute,internal_TRSM
KERNEL_DISPATCH,Agent 4,1,1,2777538,65,934,Cijk_Ailk_Bljk_DB_MT64x32x16_MI16x16x4x1_SN_1LDSB1_APM1_ABV0_ACED0_AF0EM1_AF1EM1_AMAS0_ASE_ASGT_ASLT_ASM_ASAE01_ASCE01_ASEM1_AAC0_BL1_BS1_CLR0_DTLA0_DTLB0_DTVA1_DTVB0_DVO0_ETSP_EPS1_ELFLR0_EMLL0_FSSC10_FL0_GLVWA1_GLVWB1_GRCGA1_GRCGB1_GRPM1_GRVW1_GSU1_GSUASB_GLS0_ISA942_IU1_K1_KLA_LBSPPA0_LBSPPB128_LPA0_LPB4_LDL1_LRVW2_LWPMn1_LDW0_FMA_MIAV1_MDA2_MO40_MMFSC_MKFGSU256_NTA0_NTB0_NTC3_NTD3_NEPBS4_NLCA1_NLCB1_ONLL1_OPLV0_PK0_PAP0_PGR2_PLR5_PKA0_SIA3_SLW1_SS1_SU0_SUM0_SUS0_SCIUI1_SPO1_SRVW0_SSO6_SVW1_SNLL0_TSGRA0_TSGRB0_TT1_32_TLDS1_UMLDSA0_UMLDSB1_U64SL1_USFGROn1_VAW1_VSn1_VW1_VWB1_VFLRP0_WSGRA0_WSGRB0_WS64_WG64_4_1_WGM12,23773,608226399197938,608226399202338,5120,0,64,0,80,256,1,1,256,1,1,rocsolver,0,351,1914,10892,10892,call10892-n351-lda1914.bin,b1d133da1657fb88a1d4825deb0c93ad564fd8a0a85a891bd7685067aef3aed0,hipExtModuleLaunchKernel,608226399186058,608226399195748,GETRF|backend=rocsolver|call_id=0|n=351|lda=1914,traces/rocsolver-n351-lda1914/trace_kernel_trace.csv,65,65,compute,internal_GEMM
KERNEL_DISPATCH,Agent 4,1,1,2777538,66,88,"void rocsolver::v33200::getf2_npvt_small_kernel<15, double, int, int, double*>(int, double*, long, int, long, int*, int, int)",23776,608226399210248,608226399216648,0,0,104,0,48,15,1,1,15,1,1,rocsolver,0,351,1914,10892,10892,call10892-n351-lda1914.bin,b1d133da1657fb88a1d4825deb0c93ad564fd8a0a85a891bd7685067aef3aed0,hipLaunchKernel,608226399197908,608226399207088,GETRF|backend=rocsolver|call_id=0|n=351|lda=1914,traces/rocsolver-n351-lda1914/trace_kernel_trace.csv,66,66,compute,panel_GETF2
KERNEL_DISPATCH,Agent 4,1,1,2777538,67,21,"void rocsolver::v33200::iota_n<double>(double*, unsigned int, double)",23783,608226399292658,608226399294418,0,0,4,4,16,32,1,1,32,1,1,rocsolver,1,351,1914,10892,10892,call10892-n351-lda1914.bin,b1d133da1657fb88a1d4825deb0c93ad564fd8a0a85a891bd7685067aef3aed0,hipLaunchKernel,608226399278198,608226399289029,GETRF|backend=rocsolver|call_id=1|n=351|lda=1914,traces/rocsolver-n351-lda1914/trace_kernel_trace.csv,1,1,initialization,initialize_scalars
KERNEL_DISPATCH,Agent 4,1,1,2777538,68,38,"void rocsolver::v33200::reset_info<int, int, int>(int*, int, int, int)",23786,608226399307098,608226399308738,0,0,4,4,16,256,1,1,256,1,1,rocsolver,1,351,1914,10892,10892,call10892-n351-lda1914.bin,b1d133da1657fb88a1d4825deb0c93ad564fd8a0a85a891bd7685067aef3aed0,hipLaunchKernel,608226399294399,608226399303469,GETRF|backend=rocsolver|call_id=1|n=351|lda=1914,traces/rocsolver-n351-lda1914/trace_kernel_trace.csv,2,2,initialization,reset_info
KERNEL_DISPATCH,Agent 4,1,1,2777538,69,87,"void rocsolver::v33200::getf2_npvt_small_kernel<16, double, int, int, double*>(int, double*, long, int, long, int*, int, int)",23789,608226399322378,608226399331058,0,0,4,132,48,351,1,1,351,1,1,rocsolver,1,351,1914,10892,10892,call10892-n351-lda1914.bin,b1d133da1657fb88a1d4825deb0c93ad564fd8a0a85a891bd7685067aef3aed0,hipLaunchKernel,608226399309399,608226399318769,GETRF|backend=rocsolver|call_id=1|n=351|lda=1914,traces/rocsolver-n351-lda1914/trace_kernel_trace.csv,3,3,compute,panel_GETF2
KERNEL_DISPATCH,Agent 4,1,1,2777538,70,204,"void rocsolver::v33200::unit_forward_substitution_kernel<double, int, double*>(int, int, double*, int, int, long, long, double*, int, int, long, long)",23792,608226399340058,608226399349218,0,0,12,4,32,16,64,1,16,384,1,rocsolver,1,351,1914,10892,10892,call10892-n351-lda1914.bin,b1d133da1657fb88a1d4825deb0c93ad564fd8a0a85a891bd7685067aef3aed0,hipLaunchKernel,608226399323779,608226399336439,GETRF|backend=rocsolver|call_id=1|n=351|lda=1914,traces/rocsolver-n351-lda1914/trace_kernel_trace.csv,4,4,compute,internal_TRSM
KERNEL_DISPATCH,Agent 4,1,1,2777538,71,761,Cijk_Ailk_Bljk_DB_MT128x64x16_MI16x16x4x1_SN_1LDSB1_APM1_ABV0_ACED0_AF0EM1_AF1EM1_AMAS0_ASE_ASGT_ASLT_ASM_ASAE01_ASCE01_ASEM1_AAC0_BL1_BS1_CLR0_DTLA0_DTLB0_DTVA1_DTVB0_DVO0_ETSP_EPS1_ELFLR0_EMLL0_FSSC10_FL0_GLVWA1_GLVWB1_GRCGA1_GRCGB1_GRPM1_GRVW1_GSU1_GSUASB_GLS0_ISA942_IU1_K1_KLA_LBSPPA0_LBSPPB128_LPA0_LPB1_LDL1_LRVW1_LWPMn1_LDW0_FMA_MIAV1_MDA2_MO40_MMFSC_MKFGSU256_NTA0_NTB0_NTC3_NTD3_NEPBS0_NLCA2_NLCB1_ONLL1_OPLV0_PK0_PAP0_PGR2_PLR5_PKA0_SIA3_SLW1_SS1_SU0_SUM0_SUS0_SCIUI1_SPO1_SRVW0_SSO6_SVW1_SNLL0_TSGRA0_TSGRB0_TT2_64_TLDS1_UMLDSA0_UMLDSB1_U64SL1_USFGROn1_VAW1_VSn1_VW1_VWB1_VFLRP0_WSGRA0_WSGRB0_WS64_WG64_4_1_WGM12,23795,608226399366418,608226399372858,8704,0,40,128,80,256,1,1,768,6,1,rocsolver,1,351,1914,10892,10892,call10892-n351-lda1914.bin,b1d133da1657fb88a1d4825deb0c93ad564fd8a0a85a891bd7685067aef3aed0,hipExtModuleLaunchKernel,608226399356949,608226399362819,GETRF|backend=rocsolver|call_id=1|n=351|lda=1914,traces/rocsolver-n351-lda1914/trace_kernel_trace.csv,5,5,compute,internal_GEMM
KERNEL_DISPATCH,Agent 4,1,1,2777538,72,87,"void rocsolver::v33200::getf2_npvt_small_kernel<16, double, int, int, double*>(int, double*, long, int, long, int*, int, int)",23798,608226399381778,608226399391418,0,0,4,132,48,335,1,1,335,1,1,rocsolver,1,351,1914,10892,10892,call10892-n351-lda1914.bin,b1d133da1657fb88a1d4825deb0c93ad564fd8a0a85a891bd7685067aef3aed0,hipLaunchKernel,608226399368089,608226399378189,GETRF|backend=rocsolver|call_id=1|n=351|lda=1914,traces/rocsolver-n351-lda1914/trace_kernel_trace.csv,6,6,compute,panel_GETF2
KERNEL_DISPATCH,Agent 4,1,1,2777538,73,204,"void rocsolver::v33200::unit_forward_substitution_kernel<double, int, double*>(int, int, double*, int, int, long, long, double*, int, int, long, long)",23801,608226399393779,608226399402779,0,0,12,4,32,16,64,1,16,320,1,rocsolver,1,351,1914,10892,10892,call10892-n351-lda1914.bin,b1d133da1657fb88a1d4825deb0c93ad564fd8a0a85a891bd7685067aef3aed0,hipLaunchKernel,608226399384099,608226399390130,GETRF|backend=rocsolver|call_id=1|n=351|lda=1914,traces/rocsolver-n351-lda1914/trace_kernel_trace.csv,7,7,compute,internal_TRSM
KERNEL_DISPATCH,Agent 4,1,1,2777538,74,761,Cijk_Ailk_Bljk_DB_MT128x64x16_MI16x16x4x1_SN_1LDSB1_APM1_ABV0_ACED0_AF0EM1_AF1EM1_AMAS0_ASE_ASGT_ASLT_ASM_ASAE01_ASCE01_ASEM1_AAC0_BL1_BS1_CLR0_DTLA0_DTLB0_DTVA1_DTVB0_DVO0_ETSP_EPS1_ELFLR0_EMLL0_FSSC10_FL0_GLVWA1_GLVWB1_GRCGA1_GRCGB1_GRPM1_GRVW1_GSU1_GSUASB_GLS0_ISA942_IU1_K1_KLA_LBSPPA0_LBSPPB128_LPA0_LPB1_LDL1_LRVW1_LWPMn1_LDW0_FMA_MIAV1_MDA2_MO40_MMFSC_MKFGSU256_NTA0_NTB0_NTC3_NTD3_NEPBS0_NLCA2_NLCB1_ONLL1_OPLV0_PK0_PAP0_PGR2_PLR5_PKA0_SIA3_SLW1_SS1_SU0_SUM0_SUS0_SCIUI1_SPO1_SRVW0_SSO6_SVW1_SNLL0_TSGRA0_TSGRB0_TT2_64_TLDS1_UMLDSA0_UMLDSB1_U64SL1_USFGROn1_VAW1_VSn1_VW1_VWB1_VFLRP0_WSGRA0_WSGRB0_WS64_WG64_4_1_WGM12,23804,608226399430099,608226399437499,8704,0,40,128,80,256,1,1,768,5,1,rocsolver,1,351,1914,10892,10892,call10892-n351-lda1914.bin,b1d133da1657fb88a1d4825deb0c93ad564fd8a0a85a891bd7685067aef3aed0,hipExtModuleLaunchKernel,608226399407090,608226399426410,GETRF|backend=rocsolver|call_id=1|n=351|lda=1914,traces/rocsolver-n351-lda1914/trace_kernel_trace.csv,8,8,compute,internal_GEMM
KERNEL_DISPATCH,Agent 4,1,1,2777538,75,87,"void rocsolver::v33200::getf2_npvt_small_kernel<16, double, int, int, double*>(int, double*, long, int, long, int*, int, int)",23807,608226399452979,608226399461539,0,0,4,132,48,319,1,1,319,1,1,rocsolver,1,351,1914,10892,10892,call10892-n351-lda1914.bin,b1d133da1657fb88a1d4825deb0c93ad564fd8a0a85a891bd7685067aef3aed0,hipLaunchKernel,608226399439660,608226399449360,GETRF|backend=rocsolver|call_id=1|n=351|lda=1914,traces/rocsolver-n351-lda1914/trace_kernel_trace.csv,9,9,compute,panel_GETF2
KERNEL_DISPATCH,Agent 4,1,1,2777538,76,204,"void rocsolver::v33200::unit_forward_substitution_kernel<double, int, double*>(int, int, double*, int, int, long, long, double*, int, int, long, long)",23810,608226399616661,608226399627062,0,0,12,4,32,16,64,1,16,320,1,rocsolver,1,351,1914,10892,10892,call10892-n351-lda1914.bin,b1d133da1657fb88a1d4825deb0c93ad564fd8a0a85a891bd7685067aef3aed0,hipLaunchKernel,608226399592471,608226399607681,GETRF|backend=rocsolver|call_id=1|n=351|lda=1914,traces/rocsolver-n351-lda1914/trace_kernel_trace.csv,10,10,compute,internal_TRSM
KERNEL_DISPATCH,Agent 4,1,1,2777538,77,761,Cijk_Ailk_Bljk_DB_MT128x64x16_MI16x16x4x1_SN_1LDSB1_APM1_ABV0_ACED0_AF0EM1_AF1EM1_AMAS0_ASE_ASGT_ASLT_ASM_ASAE01_ASCE01_ASEM1_AAC0_BL1_BS1_CLR0_DTLA0_DTLB0_DTVA1_DTVB0_DVO0_ETSP_EPS1_ELFLR0_EMLL0_FSSC10_FL0_GLVWA1_GLVWB1_GRCGA1_GRCGB1_GRPM1_GRVW1_GSU1_GSUASB_GLS0_ISA942_IU1_K1_KLA_LBSPPA0_LBSPPB128_LPA0_LPB1_LDL1_LRVW1_LWPMn1_LDW0_FMA_MIAV1_MDA2_MO40_MMFSC_MKFGSU256_NTA0_NTB0_NTC3_NTD3_NEPBS0_NLCA2_NLCB1_ONLL1_OPLV0_PK0_PAP0_PGR2_PLR5_PKA0_SIA3_SLW1_SS1_SU0_SUM0_SUS0_SCIUI1_SPO1_SRVW0_SSO6_SVW1_SNLL0_TSGRA0_TSGRB0_TT2_64_TLDS1_UMLDSA0_UMLDSB1_U64SL1_USFGROn1_VAW1_VSn1_VW1_VWB1_VFLRP0_WSGRA0_WSGRB0_WS64_WG64_4_1_WGM12,23813,608226399630052,608226399636092,8704,0,40,128,80,256,1,1,768,5,1,rocsolver,1,351,1914,10892,10892,call10892-n351-lda1914.bin,b1d133da1657fb88a1d4825deb0c93ad564fd8a0a85a891bd7685067aef3aed0,hipExtModuleLaunchKernel,608226399616952,608226399623932,GETRF|backend=rocsolver|call_id=1|n=351|lda=1914,traces/rocsolver-n351-lda1914/trace_kernel_trace.csv,11,11,compute,internal_GEMM
KERNEL_DISPATCH,Agent 4,1,1,2777538,78,87,"void rocsolver::v33200::getf2_npvt_small_kernel<16, double, int, int, double*>(int, double*, long, int, long, int*, int, int)",23816,608226399638472,608226399646992,0,0,4,132,48,303,1,1,303,1,1,rocsolver,1,351,1914,10892,10892,call10892-n351-lda1914.bin,b1d133da1657fb88a1d4825deb0c93ad564fd8a0a85a891bd7685067aef3aed0,hipLaunchKernel,608226399626552,608226399636412,GETRF|backend=rocsolver|call_id=1|n=351|lda=1914,traces/rocsolver-n351-lda1914/trace_kernel_trace.csv,12,12,compute,panel_GETF2
KERNEL_DISPATCH,Agent 4,1,1,2777538,79,204,"void rocsolver::v33200::unit_forward_substitution_kernel<double, int, double*>(int, int, double*, int, int, long, long, double*, int, int, long, long)",23819,608226399652672,608226399661712,0,0,12,4,32,16,64,1,16,320,1,rocsolver,1,351,1914,10892,10892,call10892-n351-lda1914.bin,b1d133da1657fb88a1d4825deb0c93ad564fd8a0a85a891bd7685067aef3aed0,hipLaunchKernel,608226399640202,608226399650362,GETRF|backend=rocsolver|call_id=1|n=351|lda=1914,traces/rocsolver-n351-lda1914/trace_kernel_trace.csv,13,13,compute,internal_TRSM
KERNEL_DISPATCH,Agent 4,1,1,2777538,80,761,Cijk_Ailk_Bljk_DB_MT128x64x16_MI16x16x4x1_SN_1LDSB1_APM1_ABV0_ACED0_AF0EM1_AF1EM1_AMAS0_ASE_ASGT_ASLT_ASM_ASAE01_ASCE01_ASEM1_AAC0_BL1_BS1_CLR0_DTLA0_DTLB0_DTVA1_DTVB0_DVO0_ETSP_EPS1_ELFLR0_EMLL0_FSSC10_FL0_GLVWA1_GLVWB1_GRCGA1_GRCGB1_GRPM1_GRVW1_GSU1_GSUASB_GLS0_ISA942_IU1_K1_KLA_LBSPPA0_LBSPPB128_LPA0_LPB1_LDL1_LRVW1_LWPMn1_LDW0_FMA_MIAV1_MDA2_MO40_MMFSC_MKFGSU256_NTA0_NTB0_NTC3_NTD3_NEPBS0_NLCA2_NLCB1_ONLL1_OPLV0_PK0_PAP0_PGR2_PLR5_PKA0_SIA3_SLW1_SS1_SU0_SUM0_SUS0_SCIUI1_SPO1_SRVW0_SSO6_SVW1_SNLL0_TSGRA0_TSGRB0_TT2_64_TLDS1_UMLDSA0_UMLDSB1_U64SL1_USFGROn1_VAW1_VSn1_VW1_VWB1_VFLRP0_WSGRA0_WSGRB0_WS64_WG64_4_1_WGM12,23822,608226399668402,608226399675122,8704,0,40,128,80,256,1,1,768,5,1,rocsolver,1,351,1914,10892,10892,call10892-n351-lda1914.bin,b1d133da1657fb88a1d4825deb0c93ad564fd8a0a85a891bd7685067aef3aed0,hipExtModuleLaunchKernel,608226399658152,608226399666162,GETRF|backend=rocsolver|call_id=1|n=351|lda=1914,traces/rocsolver-n351-lda1914/trace_kernel_trace.csv,14,14,compute,internal_GEMM
KERNEL_DISPATCH,Agent 4,1,1,2777538,81,87,"void rocsolver::v33200::getf2_npvt_small_kernel<16, double, int, int, double*>(int, double*, long, int, long, int*, int, int)",23825,608226399680612,608226399689092,0,0,4,132,48,287,1,1,287,1,1,rocsolver,1,351,1914,10892,10892,call10892-n351-lda1914.bin,b1d133da1657fb88a1d4825deb0c93ad564fd8a0a85a891bd7685067aef3aed0,hipLaunchKernel,608226399668722,608226399677922,GETRF|backend=rocsolver|call_id=1|n=351|lda=1914,traces/rocsolver-n351-lda1914/trace_kernel_trace.csv,15,15,compute,panel_GETF2
KERNEL_DISPATCH,Agent 4,1,1,2777538,82,204,"void rocsolver::v33200::unit_forward_substitution_kernel<double, int, double*>(int, int, double*, int, int, long, long, double*, int, int, long, long)",23828,608226399691412,608226399700492,0,0,12,4,32,16,64,1,16,320,1,rocsolver,1,351,1914,10892,10892,call10892-n351-lda1914.bin,b1d133da1657fb88a1d4825deb0c93ad564fd8a0a85a891bd7685067aef3aed0,hipLaunchKernel,608226399680302,608226399689372,GETRF|backend=rocsolver|call_id=1|n=351|lda=1914,traces/rocsolver-n351-lda1914/trace_kernel_trace.csv,16,16,compute,internal_TRSM
KERNEL_DISPATCH,Agent 4,1,1,2777538,83,841,Cijk_Ailk_Bljk_DB_MT64x64x16_MI16x16x4x1_SN_1LDSB1_APM1_ABV0_ACED0_AF0EM1_AF1EM1_AMAS3_ASE_ASGT_ASLT_ASM_ASAE01_ASCE01_ASEM1_AAC0_BL1_BS1_CLR0_DTLA0_DTLB0_DTVA0_DTVB0_DVO0_ETSP_EPS1_ELFLR0_EMLL0_FSSC10_FL0_GLVWA2_GLVWB2_GRCGA1_GRCGB1_GRPM1_GRVW2_GSU1_GSUASB_GLS0_ISA942_IU1_K1_KLA_LBSPPA0_LBSPPB128_LPA0_LPB4_LDL1_LRVW2_LWPMn1_LDW0_FMA_MIAV1_MDA2_MO40_MMFSC_MKFGSU256_NTA0_NTB0_NTC3_NTD3_NEPBS0_NLCA1_NLCB1_ONLL1_OPLV0_PK0_PAP0_PGR2_PLR5_PKA0_SIA3_SLW1_SS1_SU0_SUM0_SUS0_SCIUI1_SPO1_SRVW0_SSO6_SVW2_SNLL0_TSGRA0_TSGRB0_TT2_32_TLDS1_UMLDSA0_UMLDSB1_U64SL1_USFGROn1_VAW1_VSn1_VW2_VWB1_VFLRP0_WSGRA0_WSGRB0_WS64_WG32_8_1_WGM12,23831,608226399720033,608226399724353,18432,0,40,128,80,256,1,1,1280,5,1,rocsolver,1,351,1914,10892,10892,call10892-n351-lda1914.bin,b1d133da1657fb88a1d4825deb0c93ad564fd8a0a85a891bd7685067aef3aed0,hipExtModuleLaunchKernel,608226399699032,608226399717912,GETRF|backend=rocsolver|call_id=1|n=351|lda=1914,traces/rocsolver-n351-lda1914/trace_kernel_trace.csv,17,17,compute,internal_GEMM
KERNEL_DISPATCH,Agent 4,1,1,2777538,84,87,"void rocsolver::v33200::getf2_npvt_small_kernel<16, double, int, int, double*>(int, double*, long, int, long, int*, int, int)",23834,608226399730743,608226399739223,0,0,4,132,48,271,1,1,271,1,1,rocsolver,1,351,1914,10892,10892,call10892-n351-lda1914.bin,b1d133da1657fb88a1d4825deb0c93ad564fd8a0a85a891bd7685067aef3aed0,hipLaunchKernel,608226399720223,608226399728543,GETRF|backend=rocsolver|call_id=1|n=351|lda=1914,traces/rocsolver-n351-lda1914/trace_kernel_trace.csv,18,18,compute,panel_GETF2
KERNEL_DISPATCH,Agent 4,1,1,2777538,85,204,"void rocsolver::v33200::unit_forward_substitution_kernel<double, int, double*>(int, int, double*, int, int, long, long, double*, int, int, long, long)",23837,608226399743443,608226399752443,0,0,12,4,32,16,64,1,16,256,1,rocsolver,1,351,1914,10892,10892,call10892-n351-lda1914.bin,b1d133da1657fb88a1d4825deb0c93ad564fd8a0a85a891bd7685067aef3aed0,hipLaunchKernel,608226399731573,608226399741273,GETRF|backend=rocsolver|call_id=1|n=351|lda=1914,traces/rocsolver-n351-lda1914/trace_kernel_trace.csv,19,19,compute,internal_TRSM
KERNEL_DISPATCH,Agent 4,1,1,2777538,86,841,Cijk_Ailk_Bljk_DB_MT64x64x16_MI16x16x4x1_SN_1LDSB1_APM1_ABV0_ACED0_AF0EM1_AF1EM1_AMAS3_ASE_ASGT_ASLT_ASM_ASAE01_ASCE01_ASEM1_AAC0_BL1_BS1_CLR0_DTLA0_DTLB0_DTVA0_DTVB0_DVO0_ETSP_EPS1_ELFLR0_EMLL0_FSSC10_FL0_GLVWA2_GLVWB2_GRCGA1_GRCGB1_GRPM1_GRVW2_GSU1_GSUASB_GLS0_ISA942_IU1_K1_KLA_LBSPPA0_LBSPPB128_LPA0_LPB4_LDL1_LRVW2_LWPMn1_LDW0_FMA_MIAV1_MDA2_MO40_MMFSC_MKFGSU256_NTA0_NTB0_NTC3_NTD3_NEPBS0_NLCA1_NLCB1_ONLL1_OPLV0_PK0_PAP0_PGR2_PLR5_PKA0_SIA3_SLW1_SS1_SU0_SUM0_SUS0_SCIUI1_SPO1_SRVW0_SSO6_SVW2_SNLL0_TSGRA0_TSGRB0_TT2_32_TLDS1_UMLDSA0_UMLDSB1_U64SL1_USFGROn1_VAW1_VSn1_VW2_VWB1_VFLRP0_WSGRA0_WSGRB0_WS64_WG32_8_1_WGM12,23840,608226399760883,608226399765883,18432,0,40,128,80,256,1,1,1024,4,1,rocsolver,1,351,1914,10892,10892,call10892-n351-lda1914.bin,b1d133da1657fb88a1d4825deb0c93ad564fd8a0a85a891bd7685067aef3aed0,hipExtModuleLaunchKernel,608226399750023,608226399758603,GETRF|backend=rocsolver|call_id=1|n=351|lda=1914,traces/rocsolver-n351-lda1914/trace_kernel_trace.csv,20,20,compute,internal_GEMM
KERNEL_DISPATCH,Agent 4,1,1,2777538,87,87,"void rocsolver::v33200::getf2_npvt_small_kernel<16, double, int, int, double*>(int, double*, long, int, long, int*, int, int)",23843,608226399771323,608226399779243,0,0,4,132,48,255,1,1,255,1,1,rocsolver,1,351,1914,10892,10892,call10892-n351-lda1914.bin,b1d133da1657fb88a1d4825deb0c93ad564fd8a0a85a891bd7685067aef3aed0,hipLaunchKernel,608226399761033,608226399769403,GETRF|backend=rocsolver|call_id=1|n=351|lda=1914,traces/rocsolver-n351-lda1914/trace_kernel_trace.csv,21,21,compute,panel_GETF2
KERNEL_DISPATCH,Agent 4,1,1,2777538,88,204,"void rocsolver::v33200::unit_forward_substitution_kernel<double, int, double*>(int, int, double*, int, int, long, long, double*, int, int, long, long)",23846,608226399784023,608226399793063,0,0,12,4,32,16,64,1,16,256,1,rocsolver,1,351,1914,10892,10892,call10892-n351-lda1914.bin,b1d133da1657fb88a1d4825deb0c93ad564fd8a0a85a891bd7685067aef3aed0,hipLaunchKernel,608226399772013,608226399781753,GETRF|backend=rocsolver|call_id=1|n=351|lda=1914,traces/rocsolver-n351-lda1914/trace_kernel_trace.csv,22,22,compute,internal_TRSM
KERNEL_DISPATCH,Agent 4,1,1,2777538,89,841,Cijk_Ailk_Bljk_DB_MT64x64x16_MI16x16x4x1_SN_1LDSB1_APM1_ABV0_ACED0_AF0EM1_AF1EM1_AMAS3_ASE_ASGT_ASLT_ASM_ASAE01_ASCE01_ASEM1_AAC0_BL1_BS1_CLR0_DTLA0_DTLB0_DTVA0_DTVB0_DVO0_ETSP_EPS1_ELFLR0_EMLL0_FSSC10_FL0_GLVWA2_GLVWB2_GRCGA1_GRCGB1_GRPM1_GRVW2_GSU1_GSUASB_GLS0_ISA942_IU1_K1_KLA_LBSPPA0_LBSPPB128_LPA0_LPB4_LDL1_LRVW2_LWPMn1_LDW0_FMA_MIAV1_MDA2_MO40_MMFSC_MKFGSU256_NTA0_NTB0_NTC3_NTD3_NEPBS0_NLCA1_NLCB1_ONLL1_OPLV0_PK0_PAP0_PGR2_PLR5_PKA0_SIA3_SLW1_SS1_SU0_SUM0_SUS0_SCIUI1_SPO1_SRVW0_SSO6_SVW2_SNLL0_TSGRA0_TSGRB0_TT2_32_TLDS1_UMLDSA0_UMLDSB1_U64SL1_USFGROn1_VAW1_VSn1_VW2_VWB1_VFLRP0_WSGRA0_WSGRB0_WS64_WG32_8_1_WGM12,23849,608226399799683,608226399804363,18432,0,40,128,80,256,1,1,1024,4,1,rocsolver,1,351,1914,10892,10892,call10892-n351-lda1914.bin,b1d133da1657fb88a1d4825deb0c93ad564fd8a0a85a891bd7685067aef3aed0,hipExtModuleLaunchKernel,608226399789483,608226399797633,GETRF|backend=rocsolver|call_id=1|n=351|lda=1914,traces/rocsolver-n351-lda1914/trace_kernel_trace.csv,23,23,compute,internal_GEMM
KERNEL_DISPATCH,Agent 4,1,1,2777538,90,87,"void rocsolver::v33200::getf2_npvt_small_kernel<16, double, int, int, double*>(int, double*, long, int, long, int*, int, int)",23852,608226399813333,608226399821333,0,0,4,132,48,239,1,1,239,1,1,rocsolver,1,351,1914,10892,10892,call10892-n351-lda1914.bin,b1d133da1657fb88a1d4825deb0c93ad564fd8a0a85a891bd7685067aef3aed0,hipLaunchKernel,608226399799863,608226399811053,GETRF|backend=rocsolver|call_id=1|n=351|lda=1914,traces/rocsolver-n351-lda1914/trace_kernel_trace.csv,24,24,compute,panel_GETF2
KERNEL_DISPATCH,Agent 4,1,1,2777538,91,204,"void rocsolver::v33200::unit_forward_substitution_kernel<double, int, double*>(int, int, double*, int, int, long, long, double*, int, int, long, long)",23855,608226399824734,608226399833854,0,0,12,4,32,16,64,1,16,256,1,rocsolver,1,351,1914,10892,10892,call10892-n351-lda1914.bin,b1d133da1657fb88a1d4825deb0c93ad564fd8a0a85a891bd7685067aef3aed0,hipLaunchKernel,608226399813483,608226399822813,GETRF|backend=rocsolver|call_id=1|n=351|lda=1914,traces/rocsolver-n351-lda1914/trace_kernel_trace.csv,25,25,compute,internal_TRSM
KERNEL_DISPATCH,Agent 4,1,1,2777538,92,841,Cijk_Ailk_Bljk_DB_MT64x64x16_MI16x16x4x1_SN_1LDSB1_APM1_ABV0_ACED0_AF0EM1_AF1EM1_AMAS3_ASE_ASGT_ASLT_ASM_ASAE01_ASCE01_ASEM1_AAC0_BL1_BS1_CLR0_DTLA0_DTLB0_DTVA0_DTVB0_DVO0_ETSP_EPS1_ELFLR0_EMLL0_FSSC10_FL0_GLVWA2_GLVWB2_GRCGA1_GRCGB1_GRPM1_GRVW2_GSU1_GSUASB_GLS0_ISA942_IU1_K1_KLA_LBSPPA0_LBSPPB128_LPA0_LPB4_LDL1_LRVW2_LWPMn1_LDW0_FMA_MIAV1_MDA2_MO40_MMFSC_MKFGSU256_NTA0_NTB0_NTC3_NTD3_NEPBS0_NLCA1_NLCB1_ONLL1_OPLV0_PK0_PAP0_PGR2_PLR5_PKA0_SIA3_SLW1_SS1_SU0_SUM0_SUS0_SCIUI1_SPO1_SRVW0_SSO6_SVW2_SNLL0_TSGRA0_TSGRB0_TT2_32_TLDS1_UMLDSA0_UMLDSB1_U64SL1_USFGROn1_VAW1_VSn1_VW2_VWB1_VFLRP0_WSGRA0_WSGRB0_WS64_WG32_8_1_WGM12,23858,608226399843804,608226399848284,18432,0,40,128,80,256,1,1,1024,4,1,rocsolver,1,351,1914,10892,10892,call10892-n351-lda1914.bin,b1d133da1657fb88a1d4825deb0c93ad564fd8a0a85a891bd7685067aef3aed0,hipExtModuleLaunchKernel,608226399831594,608226399841694,GETRF|backend=rocsolver|call_id=1|n=351|lda=1914,traces/rocsolver-n351-lda1914/trace_kernel_trace.csv,26,26,compute,internal_GEMM
KERNEL_DISPATCH,Agent 4,1,1,2777538,93,87,"void rocsolver::v33200::getf2_npvt_small_kernel<16, double, int, int, double*>(int, double*, long, int, long, int*, int, int)",23861,608226399853904,608226399861824,0,0,4,132,48,223,1,1,223,1,1,rocsolver,1,351,1914,10892,10892,call10892-n351-lda1914.bin,b1d133da1657fb88a1d4825deb0c93ad564fd8a0a85a891bd7685067aef3aed0,hipLaunchKernel,608226399843804,608226399851744,GETRF|backend=rocsolver|call_id=1|n=351|lda=1914,traces/rocsolver-n351-lda1914/trace_kernel_trace.csv,27,27,compute,panel_GETF2
KERNEL_DISPATCH,Agent 4,1,1,2777538,94,204,"void rocsolver::v33200::unit_forward_substitution_kernel<double, int, double*>(int, int, double*, int, int, long, long, double*, int, int, long, long)",23864,608226399866334,608226399875614,0,0,12,4,32,16,64,1,16,256,1,rocsolver,1,351,1914,10892,10892,call10892-n351-lda1914.bin,b1d133da1657fb88a1d4825deb0c93ad564fd8a0a85a891bd7685067aef3aed0,hipLaunchKernel,608226399854024,608226399864354,GETRF|backend=rocsolver|call_id=1|n=351|lda=1914,traces/rocsolver-n351-lda1914/trace_kernel_trace.csv,28,28,compute,internal_TRSM
KERNEL_DISPATCH,Agent 4,1,1,2777538,95,841,Cijk_Ailk_Bljk_DB_MT64x64x16_MI16x16x4x1_SN_1LDSB1_APM1_ABV0_ACED0_AF0EM1_AF1EM1_AMAS3_ASE_ASGT_ASLT_ASM_ASAE01_ASCE01_ASEM1_AAC0_BL1_BS1_CLR0_DTLA0_DTLB0_DTVA0_DTVB0_DVO0_ETSP_EPS1_ELFLR0_EMLL0_FSSC10_FL0_GLVWA2_GLVWB2_GRCGA1_GRCGB1_GRPM1_GRVW2_GSU1_GSUASB_GLS0_ISA942_IU1_K1_KLA_LBSPPA0_LBSPPB128_LPA0_LPB4_LDL1_LRVW2_LWPMn1_LDW0_FMA_MIAV1_MDA2_MO40_MMFSC_MKFGSU256_NTA0_NTB0_NTC3_NTD3_NEPBS0_NLCA1_NLCB1_ONLL1_OPLV0_PK0_PAP0_PGR2_PLR5_PKA0_SIA3_SLW1_SS1_SU0_SUM0_SUS0_SCIUI1_SPO1_SRVW0_SSO6_SVW2_SNLL0_TSGRA0_TSGRB0_TT2_32_TLDS1_UMLDSA0_UMLDSB1_U64SL1_USFGROn1_VAW1_VSn1_VW2_VWB1_VFLRP0_WSGRA0_WSGRB0_WS64_WG32_8_1_WGM12,23867,608226399882244,608226399886804,18432,0,40,128,80,256,1,1,1024,4,1,rocsolver,1,351,1914,10892,10892,call10892-n351-lda1914.bin,b1d133da1657fb88a1d4825deb0c93ad564fd8a0a85a891bd7685067aef3aed0,hipExtModuleLaunchKernel,608226399872114,608226399879984,GETRF|backend=rocsolver|call_id=1|n=351|lda=1914,traces/rocsolver-n351-lda1914/trace_kernel_trace.csv,29,29,compute,internal_GEMM
KERNEL_DISPATCH,Agent 4,1,1,2777538,96,87,"void rocsolver::v33200::getf2_npvt_small_kernel<16, double, int, int, double*>(int, double*, long, int, long, int*, int, int)",23870,608226399894704,608226399902704,0,0,4,132,48,207,1,1,207,1,1,rocsolver,1,351,1914,10892,10892,call10892-n351-lda1914.bin,b1d133da1657fb88a1d4825deb0c93ad564fd8a0a85a891bd7685067aef3aed0,hipLaunchKernel,608226399882464,608226399891314,GETRF|backend=rocsolver|call_id=1|n=351|lda=1914,traces/rocsolver-n351-lda1914/trace_kernel_trace.csv,30,30,compute,panel_GETF2
KERNEL_DISPATCH,Agent 4,1,1,2777538,97,204,"void rocsolver::v33200::unit_forward_substitution_kernel<double, int, double*>(int, int, double*, int, int, long, long, double*, int, int, long, long)",23873,608226399905324,608226399914484,0,0,12,4,32,16,64,1,16,192,1,rocsolver,1,351,1914,10892,10892,call10892-n351-lda1914.bin,b1d133da1657fb88a1d4825deb0c93ad564fd8a0a85a891bd7685067aef3aed0,hipLaunchKernel,608226399895184,608226399903134,GETRF|backend=rocsolver|call_id=1|n=351|lda=1914,traces/rocsolver-n351-lda1914/trace_kernel_trace.csv,31,31,compute,internal_TRSM
KERNEL_DISPATCH,Agent 4,1,1,2777538,98,841,Cijk_Ailk_Bljk_DB_MT64x64x16_MI16x16x4x1_SN_1LDSB1_APM1_ABV0_ACED0_AF0EM1_AF1EM1_AMAS3_ASE_ASGT_ASLT_ASM_ASAE01_ASCE01_ASEM1_AAC0_BL1_BS1_CLR0_DTLA0_DTLB0_DTVA0_DTVB0_DVO0_ETSP_EPS1_ELFLR0_EMLL0_FSSC10_FL0_GLVWA2_GLVWB2_GRCGA1_GRCGB1_GRPM1_GRVW2_GSU1_GSUASB_GLS0_ISA942_IU1_K1_KLA_LBSPPA0_LBSPPB128_LPA0_LPB4_LDL1_LRVW2_LWPMn1_LDW0_FMA_MIAV1_MDA2_MO40_MMFSC_MKFGSU256_NTA0_NTB0_NTC3_NTD3_NEPBS0_NLCA1_NLCB1_ONLL1_OPLV0_PK0_PAP0_PGR2_PLR5_PKA0_SIA3_SLW1_SS1_SU0_SUM0_SUS0_SCIUI1_SPO1_SRVW0_SSO6_SVW2_SNLL0_TSGRA0_TSGRB0_TT2_32_TLDS1_UMLDSA0_UMLDSB1_U64SL1_USFGROn1_VAW1_VSn1_VW2_VWB1_VFLRP0_WSGRA0_WSGRB0_WS64_WG32_8_1_WGM12,23876,608226399924544,608226399929584,18432,0,40,128,80,256,1,1,768,3,1,rocsolver,1,351,1914,10892,10892,call10892-n351-lda1914.bin,b1d133da1657fb88a1d4825deb0c93ad564fd8a0a85a891bd7685067aef3aed0,hipExtModuleLaunchKernel,608226399911574,608226399922294,GETRF|backend=rocsolver|call_id=1|n=351|lda=1914,traces/rocsolver-n351-lda1914/trace_kernel_trace.csv,32,32,compute,internal_GEMM
KERNEL_DISPATCH,Agent 4,1,1,2777538,99,87,"void rocsolver::v33200::getf2_npvt_small_kernel<16, double, int, int, double*>(int, double*, long, int, long, int*, int, int)",23879,608226399938183,608226399945823,0,0,4,132,48,191,1,1,191,1,1,rocsolver,1,351,1914,10892,10892,call10892-n351-lda1914.bin,b1d133da1657fb88a1d4825deb0c93ad564fd8a0a85a891bd7685067aef3aed0,hipLaunchKernel,608226399924824,608226399934354,GETRF|backend=rocsolver|call_id=1|n=351|lda=1914,traces/rocsolver-n351-lda1914/trace_kernel_trace.csv,33,33,compute,panel_GETF2
KERNEL_DISPATCH,Agent 4,1,1,2777538,100,204,"void rocsolver::v33200::unit_forward_substitution_kernel<double, int, double*>(int, int, double*, int, int, long, long, double*, int, int, long, long)",23882,608226399946394,608226399955555,0,0,12,4,32,16,64,1,16,192,1,rocsolver,1,351,1914,10892,10892,call10892-n351-lda1914.bin,b1d133da1657fb88a1d4825deb0c93ad564fd8a0a85a891bd7685067aef3aed0,hipLaunchKernel,608226399936734,608226399943975,GETRF|backend=rocsolver|call_id=1|n=351|lda=1914,traces/rocsolver-n351-lda1914/trace_kernel_trace.csv,34,34,compute,internal_TRSM
KERNEL_DISPATCH,Agent 4,1,1,2777538,101,949,Cijk_Ailk_Bljk_DB_MT128x64x16_MI16x16x4x1_SN_1LDSB1_APM1_ABV0_ACED0_AF0EM1_AF1EM1_AMAS0_ASE_ASGT_ASLT_ASM_ASAE01_ASCE01_ASEM1_AAC0_BL1_BS1_CLR0_DTLA0_DTLB0_DTVA0_DTVB0_DVO0_ETSP_EPS1_ELFLR0_EMLL0_FSSC10_FL0_GLVWA1_GLVWB1_GRCGA1_GRCGB1_GRPM1_GRVW1_GSU1_GSUASB_GLS0_ISA942_IU1_K1_KLA_LBSPPA0_LBSPPB128_LPA0_LPB1_LDL1_LRVW1_LWPMn1_LDW0_FMA_MIAV1_MDA2_MO40_MMFSC_MKFGSU256_NTA0_NTB0_NTC3_NTD3_NEPBS0_NLCA1_NLCB1_ONLL1_OPLV0_PK0_PAP0_PGR2_PLR5_PKA0_SIA3_SLW1_SS1_SU0_SUM0_SUS0_SCIUI1_SPO1_SRVW0_SSO6_SVW1_SNLL0_TSGRA0_TSGRB0_TT4_32_TLDS1_UMLDSA0_UMLDSB1_U64SL1_USFGROn1_VAW1_VSn1_VW1_VWB1_VFLRP0_WSGRA0_WSGRB0_WS64_WG32_8_1_WGM12,23885,608226399966665,608226399972505,25088,0,128,128,80,256,1,1,512,3,1,rocsolver,1,351,1914,10892,10892,call10892-n351-lda1914.bin,b1d133da1657fb88a1d4825deb0c93ad564fd8a0a85a891bd7685067aef3aed0,hipExtModuleLaunchKernel,608226399953195,608226399964155,GETRF|backend=rocsolver|call_id=1|n=351|lda=1914,traces/rocsolver-n351-lda1914/trace_kernel_trace.csv,35,35,compute,internal_GEMM
KERNEL_DISPATCH,Agent 4,1,1,2777538,102,87,"void rocsolver::v33200::getf2_npvt_small_kernel<16, double, int, int, double*>(int, double*, long, int, long, int*, int, int)",23888,608226399978424,608226399986144,0,0,4,132,48,175,1,1,175,1,1,rocsolver,1,351,1914,10892,10892,call10892-n351-lda1914.bin,b1d133da1657fb88a1d4825deb0c93ad564fd8a0a85a891bd7685067aef3aed0,hipLaunchKernel,608226399966585,608226399974575,GETRF|backend=rocsolver|call_id=1|n=351|lda=1914,traces/rocsolver-n351-lda1914/trace_kernel_trace.csv,36,36,compute,panel_GETF2
KERNEL_DISPATCH,Agent 4,1,1,2777538,103,204,"void rocsolver::v33200::unit_forward_substitution_kernel<double, int, double*>(int, int, double*, int, int, long, long, double*, int, int, long, long)",23891,608226399987965,608226399997045,0,0,12,4,32,16,64,1,16,192,1,rocsolver,1,351,1914,10892,10892,call10892-n351-lda1914.bin,b1d133da1657fb88a1d4825deb0c93ad564fd8a0a85a891bd7685067aef3aed0,hipLaunchKernel,608226399977505,608226399985365,GETRF|backend=rocsolver|call_id=1|n=351|lda=1914,traces/rocsolver-n351-lda1914/trace_kernel_trace.csv,37,37,compute,internal_TRSM
KERNEL_DISPATCH,Agent 4,1,1,2777538,104,888,Cijk_Ailk_Bljk_DB_MT128x64x16_MI16x16x4x1_SN_1LDSB1_APM1_ABV0_ACED0_AF0EM1_AF1EM1_AMAS0_ASE_ASGT_ASLT_ASM_ASAE01_ASCE01_ASEM1_AAC0_BL1_BS1_CLR0_DTLA0_DTLB0_DTVA0_DTVB0_DVO0_ETSP_EPS1_ELFLR0_EMLL0_FSSC10_FL0_GLVWA1_GLVWB1_GRCGA1_GRCGB1_GRPM1_GRVW1_GSU1_GSUASB_GLS0_ISA942_IU1_K1_KLA_LBSPPA0_LBSPPB128_LPA0_LPB1_LDL1_LRVW1_LWPMn1_LDW0_FMA_MIAV1_MDA2_MO40_MMFSC_MKFGSU256_NTA0_NTB0_NTC3_NTD3_NEPBS0_NLCA1_NLCB1_ONLL1_OPLV0_PK0_PAP0_PGR2_PLR5_PKA0_SIA3_SLW1_SS1_SU0_SUM0_SUS0_SCIUI1_SPO1_SRVW0_SSO6_SVW1_SNLL0_TSGRA0_TSGRB0_TT4_32_TLDS1_UMLDSA0_UMLDSB1_U64SL1_USFGROn1_VAW1_VSn1_VW1_VWB1_VFLRP0_WSGRA0_WSGRB0_WS64_WG32_8_1_WGM6,23894,608226400017005,608226400023685,25088,0,128,128,80,256,1,1,512,3,1,rocsolver,1,351,1914,10892,10892,call10892-n351-lda1914.bin,b1d133da1657fb88a1d4825deb0c93ad564fd8a0a85a891bd7685067aef3aed0,hipExtModuleLaunchKernel,608226399993975,608226400014285,GETRF|backend=rocsolver|call_id=1|n=351|lda=1914,traces/rocsolver-n351-lda1914/trace_kernel_trace.csv,38,38,compute,internal_GEMM
KERNEL_DISPATCH,Agent 4,1,1,2777538,105,87,"void rocsolver::v33200::getf2_npvt_small_kernel<16, double, int, int, double*>(int, double*, long, int, long, int*, int, int)",23897,608226400028605,608226400036325,0,0,4,132,48,159,1,1,159,1,1,rocsolver,1,351,1914,10892,10892,call10892-n351-lda1914.bin,b1d133da1657fb88a1d4825deb0c93ad564fd8a0a85a891bd7685067aef3aed0,hipLaunchKernel,608226400016485,608226400025935,GETRF|backend=rocsolver|call_id=1|n=351|lda=1914,traces/rocsolver-n351-lda1914/trace_kernel_trace.csv,39,39,compute,panel_GETF2
KERNEL_DISPATCH,Agent 4,1,1,2777538,106,204,"void rocsolver::v33200::unit_forward_substitution_kernel<double, int, double*>(int, int, double*, int, int, long, long, double*, int, int, long, long)",23900,608226400039815,608226400048855,0,0,12,4,32,16,64,1,16,192,1,rocsolver,1,351,1914,10892,10892,call10892-n351-lda1914.bin,b1d133da1657fb88a1d4825deb0c93ad564fd8a0a85a891bd7685067aef3aed0,hipLaunchKernel,608226400028735,608226400037415,GETRF|backend=rocsolver|call_id=1|n=351|lda=1914,traces/rocsolver-n351-lda1914/trace_kernel_trace.csv,40,40,compute,internal_TRSM
KERNEL_DISPATCH,Agent 4,1,1,2777538,107,888,Cijk_Ailk_Bljk_DB_MT128x64x16_MI16x16x4x1_SN_1LDSB1_APM1_ABV0_ACED0_AF0EM1_AF1EM1_AMAS0_ASE_ASGT_ASLT_ASM_ASAE01_ASCE01_ASEM1_AAC0_BL1_BS1_CLR0_DTLA0_DTLB0_DTVA0_DTVB0_DVO0_ETSP_EPS1_ELFLR0_EMLL0_FSSC10_FL0_GLVWA1_GLVWB1_GRCGA1_GRCGB1_GRPM1_GRVW1_GSU1_GSUASB_GLS0_ISA942_IU1_K1_KLA_LBSPPA0_LBSPPB128_LPA0_LPB1_LDL1_LRVW1_LWPMn1_LDW0_FMA_MIAV1_MDA2_MO40_MMFSC_MKFGSU256_NTA0_NTB0_NTC3_NTD3_NEPBS0_NLCA1_NLCB1_ONLL1_OPLV0_PK0_PAP0_PGR2_PLR5_PKA0_SIA3_SLW1_SS1_SU0_SUM0_SUS0_SCIUI1_SPO1_SRVW0_SSO6_SVW1_SNLL0_TSGRA0_TSGRB0_TT4_32_TLDS1_UMLDSA0_UMLDSB1_U64SL1_USFGROn1_VAW1_VSn1_VW1_VWB1_VFLRP0_WSGRA0_WSGRB0_WS64_WG32_8_1_WGM6,23903,608226400060126,608226400065646,25088,0,128,128,80,256,1,1,512,3,1,rocsolver,1,351,1914,10892,10892,call10892-n351-lda1914.bin,b1d133da1657fb88a1d4825deb0c93ad564fd8a0a85a891bd7685067aef3aed0,hipExtModuleLaunchKernel,608226400048165,608226400057296,GETRF|backend=rocsolver|call_id=1|n=351|lda=1914,traces/rocsolver-n351-lda1914/trace_kernel_trace.csv,41,41,compute,internal_GEMM
KERNEL_DISPATCH,Agent 4,1,1,2777538,108,87,"void rocsolver::v33200::getf2_npvt_small_kernel<16, double, int, int, double*>(int, double*, long, int, long, int*, int, int)",23906,608226400069456,608226400077216,0,0,4,132,48,143,1,1,143,1,1,rocsolver,1,351,1914,10892,10892,call10892-n351-lda1914.bin,b1d133da1657fb88a1d4825deb0c93ad564fd8a0a85a891bd7685067aef3aed0,hipLaunchKernel,608226400059446,608226400066826,GETRF|backend=rocsolver|call_id=1|n=351|lda=1914,traces/rocsolver-n351-lda1914/trace_kernel_trace.csv,42,42,compute,panel_GETF2
KERNEL_DISPATCH,Agent 4,1,1,2777538,109,204,"void rocsolver::v33200::unit_forward_substitution_kernel<double, int, double*>(int, int, double*, int, int, long, long, double*, int, int, long, long)",23909,608226400080966,608226400089846,0,0,12,4,32,16,64,1,16,128,1,rocsolver,1,351,1914,10892,10892,call10892-n351-lda1914.bin,b1d133da1657fb88a1d4825deb0c93ad564fd8a0a85a891bd7685067aef3aed0,hipLaunchKernel,608226400070976,608226400078466,GETRF|backend=rocsolver|call_id=1|n=351|lda=1914,traces/rocsolver-n351-lda1914/trace_kernel_trace.csv,43,43,compute,internal_TRSM
KERNEL_DISPATCH,Agent 4,1,1,2777538,110,888,Cijk_Ailk_Bljk_DB_MT128x64x16_MI16x16x4x1_SN_1LDSB1_APM1_ABV0_ACED0_AF0EM1_AF1EM1_AMAS0_ASE_ASGT_ASLT_ASM_ASAE01_ASCE01_ASEM1_AAC0_BL1_BS1_CLR0_DTLA0_DTLB0_DTVA0_DTVB0_DVO0_ETSP_EPS1_ELFLR0_EMLL0_FSSC10_FL0_GLVWA1_GLVWB1_GRCGA1_GRCGB1_GRPM1_GRVW1_GSU1_GSUASB_GLS0_ISA942_IU1_K1_KLA_LBSPPA0_LBSPPB128_LPA0_LPB1_LDL1_LRVW1_LWPMn1_LDW0_FMA_MIAV1_MDA2_MO40_MMFSC_MKFGSU256_NTA0_NTB0_NTC3_NTD3_NEPBS0_NLCA1_NLCB1_ONLL1_OPLV0_PK0_PAP0_PGR2_PLR5_PKA0_SIA3_SLW1_SS1_SU0_SUM0_SUS0_SCIUI1_SPO1_SRVW0_SSO6_SVW1_SNLL0_TSGRA0_TSGRB0_TT4_32_TLDS1_UMLDSA0_UMLDSB1_U64SL1_USFGROn1_VAW1_VSn1_VW1_VWB1_VFLRP0_WSGRA0_WSGRB0_WS64_WG32_8_1_WGM6,23912,608226400104336,608226400111416,25088,0,128,128,80,256,1,1,256,2,1,rocsolver,1,351,1914,10892,10892,call10892-n351-lda1914.bin,b1d133da1657fb88a1d4825deb0c93ad564fd8a0a85a891bd7685067aef3aed0,hipExtModuleLaunchKernel,608226400090246,608226400101036,GETRF|backend=rocsolver|call_id=1|n=351|lda=1914,traces/rocsolver-n351-lda1914/trace_kernel_trace.csv,44,44,compute,internal_GEMM
KERNEL_DISPATCH,Agent 4,1,1,2777538,111,87,"void rocsolver::v33200::getf2_npvt_small_kernel<16, double, int, int, double*>(int, double*, long, int, long, int*, int, int)",23915,608226400113846,608226400121046,0,0,4,132,48,127,1,1,127,1,1,rocsolver,1,351,1914,10892,10892,call10892-n351-lda1914.bin,b1d133da1657fb88a1d4825deb0c93ad564fd8a0a85a891bd7685067aef3aed0,hipLaunchKernel,608226400103356,608226400111186,GETRF|backend=rocsolver|call_id=1|n=351|lda=1914,traces/rocsolver-n351-lda1914/trace_kernel_trace.csv,45,45,compute,panel_GETF2
KERNEL_DISPATCH,Agent 4,1,1,2777538,112,204,"void rocsolver::v33200::unit_forward_substitution_kernel<double, int, double*>(int, int, double*, int, int, long, long, double*, int, int, long, long)",23918,608226400126066,608226400135106,0,0,12,4,32,16,64,1,16,128,1,rocsolver,1,351,1914,10892,10892,call10892-n351-lda1914.bin,b1d133da1657fb88a1d4825deb0c93ad564fd8a0a85a891bd7685067aef3aed0,hipLaunchKernel,608226400115756,608226400123626,GETRF|backend=rocsolver|call_id=1|n=351|lda=1914,traces/rocsolver-n351-lda1914/trace_kernel_trace.csv,46,46,compute,internal_TRSM
KERNEL_DISPATCH,Agent 4,1,1,2777538,113,941,Cijk_Ailk_Bljk_DB_MT128x64x16_MI16x16x4x1_SN_1LDSB1_APM1_ABV0_ACED0_AF0EM1_AF1EM1_AMAS0_ASE_ASGT_ASLT_ASM_ASAE01_ASCE01_ASEM1_AAC0_BL1_BS1_CLR0_DTLA0_DTLB0_DTVA1_DTVB0_DVO0_ETSP_EPS1_ELFLR0_EMLL0_FSSC10_FL0_GLVWA1_GLVWB1_GRCGA1_GRCGB1_GRPM1_GRVW1_GSU1_GSUASB_GLS0_ISA942_IU1_K1_KLA_LBSPPA0_LBSPPB128_LPA0_LPB1_LDL1_LRVW1_LWPMn1_LDW0_FMA_MIAV1_MDA2_MO40_MMFSC_MKFGSU256_NTA0_NTB0_NTC3_NTD3_NEPBS0_NLCA2_NLCB1_ONLL1_OPLV0_PK0_PAP0_PGR2_PLR1_PKA0_SIA3_SLW1_SS1_SU0_SUM0_SUS0_SCIUI1_SPO1_SRVW0_SSO6_SVW1_SNLL0_TSGRA0_TSGRB0_TT2_64_TLDS1_UMLDSA0_UMLDSB1_U64SL1_USFGROn1_VAW1_VSn1_VW1_VWB1_VFLRP0_WSGRA0_WSGRB0_WS64_WG64_4_1_WGM6,23921,608226400143016,608226400150456,8704,0,40,128,80,256,1,1,256,2,1,rocsolver,1,351,1914,10892,10892,call10892-n351-lda1914.bin,b1d133da1657fb88a1d4825deb0c93ad564fd8a0a85a891bd7685067aef3aed0,hipExtModuleLaunchKernel,608226400132386,608226400140566,GETRF|backend=rocsolver|call_id=1|n=351|lda=1914,traces/rocsolver-n351-lda1914/trace_kernel_trace.csv,47,47,compute,internal_GEMM
KERNEL_DISPATCH,Agent 4,1,1,2777538,114,87,"void rocsolver::v33200::getf2_npvt_small_kernel<16, double, int, int, double*>(int, double*, long, int, long, int*, int, int)",23924,608226400155717,608226400163357,0,0,4,132,48,111,1,1,111,1,1,rocsolver,1,351,1914,10892,10892,call10892-n351-lda1914.bin,b1d133da1657fb88a1d4825deb0c93ad564fd8a0a85a891bd7685067aef3aed0,hipLaunchKernel,608226400143506,608226400153456,GETRF|backend=rocsolver|call_id=1|n=351|lda=1914,traces/rocsolver-n351-lda1914/trace_kernel_trace.csv,48,48,compute,panel_GETF2
KERNEL_DISPATCH,Agent 4,1,1,2777538,115,204,"void rocsolver::v33200::unit_forward_substitution_kernel<double, int, double*>(int, int, double*, int, int, long, long, double*, int, int, long, long)",23927,608226400174526,608226400183687,0,0,12,4,32,16,64,1,16,128,1,rocsolver,1,351,1914,10892,10892,call10892-n351-lda1914.bin,b1d133da1657fb88a1d4825deb0c93ad564fd8a0a85a891bd7685067aef3aed0,hipLaunchKernel,608226400155846,608226400172177,GETRF|backend=rocsolver|call_id=1|n=351|lda=1914,traces/rocsolver-n351-lda1914/trace_kernel_trace.csv,49,49,compute,internal_TRSM
KERNEL_DISPATCH,Agent 4,1,1,2777538,116,841,Cijk_Ailk_Bljk_DB_MT64x64x16_MI16x16x4x1_SN_1LDSB1_APM1_ABV0_ACED0_AF0EM1_AF1EM1_AMAS3_ASE_ASGT_ASLT_ASM_ASAE01_ASCE01_ASEM1_AAC0_BL1_BS1_CLR0_DTLA0_DTLB0_DTVA0_DTVB0_DVO0_ETSP_EPS1_ELFLR0_EMLL0_FSSC10_FL0_GLVWA2_GLVWB2_GRCGA1_GRCGB1_GRPM1_GRVW2_GSU1_GSUASB_GLS0_ISA942_IU1_K1_KLA_LBSPPA0_LBSPPB128_LPA0_LPB4_LDL1_LRVW2_LWPMn1_LDW0_FMA_MIAV1_MDA2_MO40_MMFSC_MKFGSU256_NTA0_NTB0_NTC3_NTD3_NEPBS0_NLCA1_NLCB1_ONLL1_OPLV0_PK0_PAP0_PGR2_PLR5_PKA0_SIA3_SLW1_SS1_SU0_SUM0_SUS0_SCIUI1_SPO1_SRVW0_SSO6_SVW2_SNLL0_TSGRA0_TSGRB0_TT2_32_TLDS1_UMLDSA0_UMLDSB1_U64SL1_USFGROn1_VAW1_VSn1_VW2_VWB1_VFLRP0_WSGRA0_WSGRB0_WS64_WG32_8_1_WGM12,23930,608226400193987,608226400198107,18432,0,40,128,80,256,1,1,512,2,1,rocsolver,1,351,1914,10892,10892,call10892-n351-lda1914.bin,b1d133da1657fb88a1d4825deb0c93ad564fd8a0a85a891bd7685067aef3aed0,hipExtModuleLaunchKernel,608226400183107,608226400191407,GETRF|backend=rocsolver|call_id=1|n=351|lda=1914,traces/rocsolver-n351-lda1914/trace_kernel_trace.csv,50,50,compute,internal_GEMM
KERNEL_DISPATCH,Agent 4,1,1,2777538,117,87,"void rocsolver::v33200::getf2_npvt_small_kernel<16, double, int, int, double*>(int, double*, long, int, long, int*, int, int)",23933,608226400202167,608226400209687,0,0,4,132,48,95,1,1,95,1,1,rocsolver,1,351,1914,10892,10892,call10892-n351-lda1914.bin,b1d133da1657fb88a1d4825deb0c93ad564fd8a0a85a891bd7685067aef3aed0,hipLaunchKernel,608226400193537,608226400199637,GETRF|backend=rocsolver|call_id=1|n=351|lda=1914,traces/rocsolver-n351-lda1914/trace_kernel_trace.csv,51,51,compute,panel_GETF2
KERNEL_DISPATCH,Agent 4,1,1,2777538,118,204,"void rocsolver::v33200::unit_forward_substitution_kernel<double, int, double*>(int, int, double*, int, int, long, long, double*, int, int, long, long)",23936,608226400212297,608226400221697,0,0,12,4,32,16,64,1,16,128,1,rocsolver,1,351,1914,10892,10892,call10892-n351-lda1914.bin,b1d133da1657fb88a1d4825deb0c93ad564fd8a0a85a891bd7685067aef3aed0,hipLaunchKernel,608226400202437,608226400209907,GETRF|backend=rocsolver|call_id=1|n=351|lda=1914,traces/rocsolver-n351-lda1914/trace_kernel_trace.csv,52,52,compute,internal_TRSM
KERNEL_DISPATCH,Agent 4,1,1,2777538,119,967,Cijk_Ailk_Bljk_DB_MT64x64x16_MI16x16x4x1_SN_1LDSB1_APM1_ABV0_ACED0_AF0EM1_AF1EM1_AMAS0_ASE_ASGT_ASLT_ASM_ASAE01_ASCE01_ASEM1_AAC0_BL1_BS1_CLR0_DTLA0_DTLB0_DTVA1_DTVB0_DVO0_ETSP_EPS1_ELFLR0_EMLL0_FSSC10_FL0_GLVWA1_GLVWB1_GRCGA1_GRCGB1_GRPM1_GRVW1_GSU1_GSUASB_GLS0_ISA942_IU1_K1_KLA_LBSPPA0_LBSPPB128_LPA0_LPB4_LDL1_LRVW2_LWPMn1_LDW0_FMA_MIAV1_MDA2_MO40_MMFSC_MKFGSU256_NTA0_NTB0_NTC3_NTD3_NEPBS0_NLCA1_NLCB1_ONLL1_OPLV0_PK0_PAP0_PGR2_PLR5_PKA0_SIA3_SLW1_SS1_SU0_SUM0_SUS0_SCIUI1_SPO1_SRVW0_SSO6_SVW1_SNLL0_TSGRA0_TSGRB0_TT1_64_TLDS1_UMLDSA0_UMLDSB1_U64SL1_USFGROn1_VAW1_VSn1_VW1_VWB1_VFLRP0_WSGRA0_WSGRB0_WS64_WG64_4_1_WGM6,23939,608226400232357,608226400236677,10240,0,128,0,80,256,1,1,512,2,1,rocsolver,1,351,1914,10892,10892,call10892-n351-lda1914.bin,b1d133da1657fb88a1d4825deb0c93ad564fd8a0a85a891bd7685067aef3aed0,hipExtModuleLaunchKernel,608226400219577,608226400229497,GETRF|backend=rocsolver|call_id=1|n=351|lda=1914,traces/rocsolver-n351-lda1914/trace_kernel_trace.csv,53,53,compute,internal_GEMM
KERNEL_DISPATCH,Agent 4,1,1,2777538,120,87,"void rocsolver::v33200::getf2_npvt_small_kernel<16, double, int, int, double*>(int, double*, long, int, long, int*, int, int)",23942,608226400241237,608226400248597,0,0,4,132,48,79,1,1,79,1,1,rocsolver,1,351,1914,10892,10892,call10892-n351-lda1914.bin,b1d133da1657fb88a1d4825deb0c93ad564fd8a0a85a891bd7685067aef3aed0,hipLaunchKernel,608226400231697,608226400238417,GETRF|backend=rocsolver|call_id=1|n=351|lda=1914,traces/rocsolver-n351-lda1914/trace_kernel_trace.csv,54,54,compute,panel_GETF2
KERNEL_DISPATCH,Agent 4,1,1,2777538,121,204,"void rocsolver::v33200::unit_forward_substitution_kernel<double, int, double*>(int, int, double*, int, int, long, long, double*, int, int, long, long)",23945,608226400253487,608226400262607,0,0,12,4,32,16,64,1,16,64,1,rocsolver,1,351,1914,10892,10892,call10892-n351-lda1914.bin,b1d133da1657fb88a1d4825deb0c93ad564fd8a0a85a891bd7685067aef3aed0,hipLaunchKernel,608226400240947,608226400250777,GETRF|backend=rocsolver|call_id=1|n=351|lda=1914,traces/rocsolver-n351-lda1914/trace_kernel_trace.csv,55,55,compute,internal_TRSM
KERNEL_DISPATCH,Agent 4,1,1,2777538,122,894,Cijk_Ailk_Bljk_DB_MT64x64x32_MI16x16x4x1_SN_1LDSB1_APM1_ABV0_ACED0_AF0EM1_AF1EM1_AMAS0_ASE_ASGT_ASLT_ASM_ASAE01_ASCE01_ASEM1_AAC0_BL1_BS1_CLR0_DTLA0_DTLB0_DTVA1_DTVB0_DVO0_ETSP_EPS1_ELFLR0_EMLL0_FSSC10_FL0_GLVWA1_GLVWB1_GRCGA1_GRCGB1_GRPM1_GRVW1_GSU1_GSUASB_GLS0_ISA942_IU1_K1_KLA_LBSPPA0_LBSPPB256_LPA0_LPB1_LDL1_LRVW1_LWPMn1_LDW0_FMA_MIAV1_MDA2_MO40_MMFSC_MKFGSU256_NTA0_NTB0_NTC3_NTD3_NEPBS0_NLCA1_NLCB1_ONLL1_OPLV0_PK0_PAP0_PGR2_PLR9_PKA0_SIA3_SLW1_SS1_SU0_SUM0_SUS0_SCIUI1_SPO1_SRVW0_SSO6_SVW1_SNLL0_TSGRA0_TSGRB0_TT1_64_TLDS1_UMLDSA0_UMLDSB1_U64SL1_USFGROn1_VAW1_VSn1_VW1_VWB1_VFLRP0_WSGRA0_WSGRB0_WS64_WG64_4_1_WGM12,23948,608226400270688,608226400277008,16896,0,40,128,80,256,1,1,256,1,1,rocsolver,1,351,1914,10892,10892,call10892-n351-lda1914.bin,b1d133da1657fb88a1d4825deb0c93ad564fd8a0a85a891bd7685067aef3aed0,hipExtModuleLaunchKernel,608226400261007,608226400268377,GETRF|backend=rocsolver|call_id=1|n=351|lda=1914,traces/rocsolver-n351-lda1914/trace_kernel_trace.csv,56,56,compute,internal_GEMM
KERNEL_DISPATCH,Agent 4,1,1,2777538,123,87,"void rocsolver::v33200::getf2_npvt_small_kernel<16, double, int, int, double*>(int, double*, long, int, long, int*, int, int)",23951,608226400283478,608226400290358,0,0,4,132,48,63,1,1,63,1,1,rocsolver,1,351,1914,10892,10892,call10892-n351-lda1914.bin,b1d133da1657fb88a1d4825deb0c93ad564fd8a0a85a891bd7685067aef3aed0,hipLaunchKernel,608226400271458,608226400279478,GETRF|backend=rocsolver|call_id=1|n=351|lda=1914,traces/rocsolver-n351-lda1914/trace_kernel_trace.csv,57,57,compute,panel_GETF2
KERNEL_DISPATCH,Agent 4,1,1,2777538,124,204,"void rocsolver::v33200::unit_forward_substitution_kernel<double, int, double*>(int, int, double*, int, int, long, long, double*, int, int, long, long)",23954,608226400293208,608226400301688,0,0,12,4,32,16,64,1,16,64,1,rocsolver,1,351,1914,10892,10892,call10892-n351-lda1914.bin,b1d133da1657fb88a1d4825deb0c93ad564fd8a0a85a891bd7685067aef3aed0,hipLaunchKernel,608226400282028,608226400290548,GETRF|backend=rocsolver|call_id=1|n=351|lda=1914,traces/rocsolver-n351-lda1914/trace_kernel_trace.csv,58,58,compute,internal_TRSM
KERNEL_DISPATCH,Agent 4,1,1,2777538,125,936,Cijk_Ailk_Bljk_DB_MT64x64x16_MI16x16x4x1_SN_1LDSB1_APM1_ABV0_ACED0_AF0EM1_AF1EM1_AMAS0_ASE_ASGT_ASLT_ASM_ASAE01_ASCE01_ASEM1_AAC0_BL1_BS1_CLR0_DTLA0_DTLB0_DTVA0_DTVB0_DVO0_ETSP_EPS1_ELFLR0_EMLL0_FSSC10_FL0_GLVWA1_GLVWB1_GRCGA1_GRCGB1_GRPM1_GRVW1_GSU1_GSUASB_GLS0_ISA942_IU1_K1_KLA_LBSPPA0_LBSPPB128_LPA0_LPB1_LDL1_LRVW1_LWPMn1_LDW0_FMA_MIAV1_MDA2_MO40_MMFSC_MKFGSU256_NTA0_NTB0_NTC3_NTD3_NEPBS0_NLCA1_NLCB1_ONLL1_OPLV0_PK0_PAP0_PGR2_PLR5_PKA0_SIA3_SLW1_SS1_SU0_SUM0_SUS0_SCIUI1_SPO1_SRVW0_SSO6_SVW1_SNLL0_TSGRA0_TSGRB0_TT2_32_TLDS1_UMLDSA0_UMLDSB1_U64SL1_USFGROn1_VAW1_VSn1_VW1_VWB1_VFLRP0_WSGRA0_WSGRB0_WS64_WG32_8_1_WGM6,23957,608226400316538,608226400321218,16896,0,40,128,80,256,1,1,256,1,1,rocsolver,1,351,1914,10892,10892,call10892-n351-lda1914.bin,b1d133da1657fb88a1d4825deb0c93ad564fd8a0a85a891bd7685067aef3aed0,hipExtModuleLaunchKernel,608226400303508,608226400313928,GETRF|backend=rocsolver|call_id=1|n=351|lda=1914,traces/rocsolver-n351-lda1914/trace_kernel_trace.csv,59,59,compute,internal_GEMM
KERNEL_DISPATCH,Agent 4,1,1,2777538,126,87,"void rocsolver::v33200::getf2_npvt_small_kernel<16, double, int, int, double*>(int, double*, long, int, long, int*, int, int)",23960,608226400324888,608226400332168,0,0,4,132,48,47,1,1,47,1,1,rocsolver,1,351,1914,10892,10892,call10892-n351-lda1914.bin,b1d133da1657fb88a1d4825deb0c93ad564fd8a0a85a891bd7685067aef3aed0,hipLaunchKernel,608226400316368,608226400322478,GETRF|backend=rocsolver|call_id=1|n=351|lda=1914,traces/rocsolver-n351-lda1914/trace_kernel_trace.csv,60,60,compute,panel_GETF2
KERNEL_DISPATCH,Agent 4,1,1,2777538,127,204,"void rocsolver::v33200::unit_forward_substitution_kernel<double, int, double*>(int, int, double*, int, int, long, long, double*, int, int, long, long)",23963,608226400336908,608226400344308,0,0,12,4,32,16,64,1,16,64,1,rocsolver,1,351,1914,10892,10892,call10892-n351-lda1914.bin,b1d133da1657fb88a1d4825deb0c93ad564fd8a0a85a891bd7685067aef3aed0,hipLaunchKernel,608226400326278,608226400334308,GETRF|backend=rocsolver|call_id=1|n=351|lda=1914,traces/rocsolver-n351-lda1914/trace_kernel_trace.csv,61,61,compute,internal_TRSM
KERNEL_DISPATCH,Agent 4,1,1,2777538,128,934,Cijk_Ailk_Bljk_DB_MT64x32x16_MI16x16x4x1_SN_1LDSB1_APM1_ABV0_ACED0_AF0EM1_AF1EM1_AMAS0_ASE_ASGT_ASLT_ASM_ASAE01_ASCE01_ASEM1_AAC0_BL1_BS1_CLR0_DTLA0_DTLB0_DTVA1_DTVB0_DVO0_ETSP_EPS1_ELFLR0_EMLL0_FSSC10_FL0_GLVWA1_GLVWB1_GRCGA1_GRCGB1_GRPM1_GRVW1_GSU1_GSUASB_GLS0_ISA942_IU1_K1_KLA_LBSPPA0_LBSPPB128_LPA0_LPB4_LDL1_LRVW2_LWPMn1_LDW0_FMA_MIAV1_MDA2_MO40_MMFSC_MKFGSU256_NTA0_NTB0_NTC3_NTD3_NEPBS4_NLCA1_NLCB1_ONLL1_OPLV0_PK0_PAP0_PGR2_PLR5_PKA0_SIA3_SLW1_SS1_SU0_SUM0_SUS0_SCIUI1_SPO1_SRVW0_SSO6_SVW1_SNLL0_TSGRA0_TSGRB0_TT1_32_TLDS1_UMLDSA0_UMLDSB1_U64SL1_USFGROn1_VAW1_VSn1_VW1_VWB1_VFLRP0_WSGRA0_WSGRB0_WS64_WG64_4_1_WGM12,23966,608226400354048,608226400358008,5120,0,64,0,80,256,1,1,256,1,1,rocsolver,1,351,1914,10892,10892,call10892-n351-lda1914.bin,b1d133da1657fb88a1d4825deb0c93ad564fd8a0a85a891bd7685067aef3aed0,hipExtModuleLaunchKernel,608226400342658,608226400351798,GETRF|backend=rocsolver|call_id=1|n=351|lda=1914,traces/rocsolver-n351-lda1914/trace_kernel_trace.csv,62,62,compute,internal_GEMM
KERNEL_DISPATCH,Agent 4,1,1,2777538,129,87,"void rocsolver::v33200::getf2_npvt_small_kernel<16, double, int, int, double*>(int, double*, long, int, long, int*, int, int)",23969,608226400363418,608226400370738,0,0,4,132,48,31,1,1,31,1,1,rocsolver,1,351,1914,10892,10892,call10892-n351-lda1914.bin,b1d133da1657fb88a1d4825deb0c93ad564fd8a0a85a891bd7685067aef3aed0,hipLaunchKernel,608226400354078,608226400360948,GETRF|backend=rocsolver|call_id=1|n=351|lda=1914,traces/rocsolver-n351-lda1914/trace_kernel_trace.csv,63,63,compute,panel_GETF2
KERNEL_DISPATCH,Agent 4,1,1,2777538,130,204,"void rocsolver::v33200::unit_forward_substitution_kernel<double, int, double*>(int, int, double*, int, int, long, long, double*, int, int, long, long)",23972,608226400374699,608226400381699,0,0,12,4,32,16,64,1,16,64,1,rocsolver,1,351,1914,10892,10892,call10892-n351-lda1914.bin,b1d133da1657fb88a1d4825deb0c93ad564fd8a0a85a891bd7685067aef3aed0,hipLaunchKernel,608226400362678,608226400372088,GETRF|backend=rocsolver|call_id=1|n=351|lda=1914,traces/rocsolver-n351-lda1914/trace_kernel_trace.csv,64,64,compute,internal_TRSM
KERNEL_DISPATCH,Agent 4,1,1,2777538,131,934,Cijk_Ailk_Bljk_DB_MT64x32x16_MI16x16x4x1_SN_1LDSB1_APM1_ABV0_ACED0_AF0EM1_AF1EM1_AMAS0_ASE_ASGT_ASLT_ASM_ASAE01_ASCE01_ASEM1_AAC0_BL1_BS1_CLR0_DTLA0_DTLB0_DTVA1_DTVB0_DVO0_ETSP_EPS1_ELFLR0_EMLL0_FSSC10_FL0_GLVWA1_GLVWB1_GRCGA1_GRCGB1_GRPM1_GRVW1_GSU1_GSUASB_GLS0_ISA942_IU1_K1_KLA_LBSPPA0_LBSPPB128_LPA0_LPB4_LDL1_LRVW2_LWPMn1_LDW0_FMA_MIAV1_MDA2_MO40_MMFSC_MKFGSU256_NTA0_NTB0_NTC3_NTD3_NEPBS4_NLCA1_NLCB1_ONLL1_OPLV0_PK0_PAP0_PGR2_PLR5_PKA0_SIA3_SLW1_SS1_SU0_SUM0_SUS0_SCIUI1_SPO1_SRVW0_SSO6_SVW1_SNLL0_TSGRA0_TSGRB0_TT1_32_TLDS1_UMLDSA0_UMLDSB1_U64SL1_USFGROn1_VAW1_VSn1_VW1_VWB1_VFLRP0_WSGRA0_WSGRB0_WS64_WG64_4_1_WGM12,23975,608226400397759,608226400401519,5120,0,64,0,80,256,1,1,256,1,1,rocsolver,1,351,1914,10892,10892,call10892-n351-lda1914.bin,b1d133da1657fb88a1d4825deb0c93ad564fd8a0a85a891bd7685067aef3aed0,hipExtModuleLaunchKernel,608226400387889,608226400395309,GETRF|backend=rocsolver|call_id=1|n=351|lda=1914,traces/rocsolver-n351-lda1914/trace_kernel_trace.csv,65,65,compute,internal_GEMM
KERNEL_DISPATCH,Agent 4,1,1,2777538,132,88,"void rocsolver::v33200::getf2_npvt_small_kernel<15, double, int, int, double*>(int, double*, long, int, long, int*, int, int)",23978,608226400409049,608226400417129,0,0,104,0,48,15,1,1,15,1,1,rocsolver,1,351,1914,10892,10892,call10892-n351-lda1914.bin,b1d133da1657fb88a1d4825deb0c93ad564fd8a0a85a891bd7685067aef3aed0,hipLaunchKernel,608226400398479,608226400406519,GETRF|backend=rocsolver|call_id=1|n=351|lda=1914,traces/rocsolver-n351-lda1914/trace_kernel_trace.csv,66,66,compute,panel_GETF2
KERNEL_DISPATCH,Agent 4,1,1,2777538,133,21,"void rocsolver::v33200::iota_n<double>(double*, unsigned int, double)",23985,608226400477428,608226400478988,0,0,4,4,16,32,1,1,32,1,1,rocsolver,2,351,1914,10892,10892,call10892-n351-lda1914.bin,b1d133da1657fb88a1d4825deb0c93ad564fd8a0a85a891bd7685067aef3aed0,hipLaunchKernel,608226400459169,608226400473379,GETRF|backend=rocsolver|call_id=2|n=351|lda=1914,traces/rocsolver-n351-lda1914/trace_kernel_trace.csv,1,1,initialization,initialize_scalars
KERNEL_DISPATCH,Agent 4,1,1,2777538,134,38,"void rocsolver::v33200::reset_info<int, int, int>(int*, int, int, int)",23988,608226400491988,608226400493468,0,0,4,4,16,256,1,1,256,1,1,rocsolver,2,351,1914,10892,10892,call10892-n351-lda1914.bin,b1d133da1657fb88a1d4825deb0c93ad564fd8a0a85a891bd7685067aef3aed0,hipLaunchKernel,608226400478579,608226400487979,GETRF|backend=rocsolver|call_id=2|n=351|lda=1914,traces/rocsolver-n351-lda1914/trace_kernel_trace.csv,2,2,initialization,reset_info
KERNEL_DISPATCH,Agent 4,1,1,2777538,135,87,"void rocsolver::v33200::getf2_npvt_small_kernel<16, double, int, int, double*>(int, double*, long, int, long, int*, int, int)",23991,608226400521869,608226400530589,0,0,4,132,48,351,1,1,351,1,1,rocsolver,2,351,1914,10892,10892,call10892-n351-lda1914.bin,b1d133da1657fb88a1d4825deb0c93ad564fd8a0a85a891bd7685067aef3aed0,hipLaunchKernel,608226400506570,608226400517860,GETRF|backend=rocsolver|call_id=2|n=351|lda=1914,traces/rocsolver-n351-lda1914/trace_kernel_trace.csv,3,3,compute,panel_GETF2
KERNEL_DISPATCH,Agent 4,1,1,2777538,136,204,"void rocsolver::v33200::unit_forward_substitution_kernel<double, int, double*>(int, int, double*, int, int, long, long, double*, int, int, long, long)",23994,608226400533909,608226400542869,0,0,12,4,32,16,64,1,16,384,1,rocsolver,2,351,1914,10892,10892,call10892-n351-lda1914.bin,b1d133da1657fb88a1d4825deb0c93ad564fd8a0a85a891bd7685067aef3aed0,hipLaunchKernel,608226400524270,608226400529810,GETRF|backend=rocsolver|call_id=2|n=351|lda=1914,traces/rocsolver-n351-lda1914/trace_kernel_trace.csv,4,4,compute,internal_TRSM
KERNEL_DISPATCH,Agent 4,1,1,2777538,137,761,Cijk_Ailk_Bljk_DB_MT128x64x16_MI16x16x4x1_SN_1LDSB1_APM1_ABV0_ACED0_AF0EM1_AF1EM1_AMAS0_ASE_ASGT_ASLT_ASM_ASAE01_ASCE01_ASEM1_AAC0_BL1_BS1_CLR0_DTLA0_DTLB0_DTVA1_DTVB0_DVO0_ETSP_EPS1_ELFLR0_EMLL0_FSSC10_FL0_GLVWA1_GLVWB1_GRCGA1_GRCGB1_GRPM1_GRVW1_GSU1_GSUASB_GLS0_ISA942_IU1_K1_KLA_LBSPPA0_LBSPPB128_LPA0_LPB1_LDL1_LRVW1_LWPMn1_LDW0_FMA_MIAV1_MDA2_MO40_MMFSC_MKFGSU256_NTA0_NTB0_NTC3_NTD3_NEPBS0_NLCA2_NLCB1_ONLL1_OPLV0_PK0_PAP0_PGR2_PLR5_PKA0_SIA3_SLW1_SS1_SU0_SUM0_SUS0_SCIUI1_SPO1_SRVW0_SSO6_SVW1_SNLL0_TSGRA0_TSGRB0_TT2_64_TLDS1_UMLDSA0_UMLDSB1_U64SL1_USFGROn1_VAW1_VSn1_VW1_VWB1_VFLRP0_WSGRA0_WSGRB0_WS64_WG64_4_1_WGM12,23997,608226400577149,608226400583629,8704,0,40,128,80,256,1,1,768,6,1,rocsolver,2,351,1914,10892,10892,call10892-n351-lda1914.bin,b1d133da1657fb88a1d4825deb0c93ad564fd8a0a85a891bd7685067aef3aed0,hipExtModuleLaunchKernel,608226400565830,608226400573200,GETRF|backend=rocsolver|call_id=2|n=351|lda=1914,traces/rocsolver-n351-lda1914/trace_kernel_trace.csv,5,5,compute,internal_GEMM
KERNEL_DISPATCH,Agent 4,1,1,2777538,138,87,"void rocsolver::v33200::getf2_npvt_small_kernel<16, double, int, int, double*>(int, double*, long, int, long, int*, int, int)",24000,608226400589189,608226400598829,0,0,4,132,48,335,1,1,335,1,1,rocsolver,2,351,1914,10892,10892,call10892-n351-lda1914.bin,b1d133da1657fb88a1d4825deb0c93ad564fd8a0a85a891bd7685067aef3aed0,hipLaunchKernel,608226400576500,608226400585180,GETRF|backend=rocsolver|call_id=2|n=351|lda=1914,traces/rocsolver-n351-lda1914/trace_kernel_trace.csv,6,6,compute,panel_GETF2
KERNEL_DISPATCH,Agent 4,1,1,2777538,139,204,"void rocsolver::v33200::unit_forward_substitution_kernel<double, int, double*>(int, int, double*, int, int, long, long, double*, int, int, long, long)",24003,608226400598829,608226400607549,0,0,12,4,32,16,64,1,16,320,1,rocsolver,2,351,1914,10892,10892,call10892-n351-lda1914.bin,b1d133da1657fb88a1d4825deb0c93ad564fd8a0a85a891bd7685067aef3aed0,hipLaunchKernel,608226400586970,608226400593620,GETRF|backend=rocsolver|call_id=2|n=351|lda=1914,traces/rocsolver-n351-lda1914/trace_kernel_trace.csv,7,7,compute,internal_TRSM
KERNEL_DISPATCH,Agent 4,1,1,2777538,140,761,Cijk_Ailk_Bljk_DB_MT128x64x16_MI16x16x4x1_SN_1LDSB1_APM1_ABV0_ACED0_AF0EM1_AF1EM1_AMAS0_ASE_ASGT_ASLT_ASM_ASAE01_ASCE01_ASEM1_AAC0_BL1_BS1_CLR0_DTLA0_DTLB0_DTVA1_DTVB0_DVO0_ETSP_EPS1_ELFLR0_EMLL0_FSSC10_FL0_GLVWA1_GLVWB1_GRCGA1_GRCGB1_GRPM1_GRVW1_GSU1_GSUASB_GLS0_ISA942_IU1_K1_KLA_LBSPPA0_LBSPPB128_LPA0_LPB1_LDL1_LRVW1_LWPMn1_LDW0_FMA_MIAV1_MDA2_MO40_MMFSC_MKFGSU256_NTA0_NTB0_NTC3_NTD3_NEPBS0_NLCA2_NLCB1_ONLL1_OPLV0_PK0_PAP0_PGR2_PLR5_PKA0_SIA3_SLW1_SS1_SU0_SUM0_SUS0_SCIUI1_SPO1_SRVW0_SSO6_SVW1_SNLL0_TSGRA0_TSGRB0_TT2_64_TLDS1_UMLDSA0_UMLDSB1_U64SL1_USFGROn1_VAW1_VSn1_VW1_VWB1_VFLRP0_WSGRA0_WSGRB0_WS64_WG64_4_1_WGM12,24006,608226400623229,608226400629749,8704,0,40,128,80,256,1,1,768,5,1,rocsolver,2,351,1914,10892,10892,call10892-n351-lda1914.bin,b1d133da1657fb88a1d4825deb0c93ad564fd8a0a85a891bd7685067aef3aed0,hipExtModuleLaunchKernel,608226400612571,608226400619121,GETRF|backend=rocsolver|call_id=2|n=351|lda=1914,traces/rocsolver-n351-lda1914/trace_kernel_trace.csv,8,8,compute,internal_GEMM
KERNEL_DISPATCH,Agent 4,1,1,2777538,141,87,"void rocsolver::v33200::getf2_npvt_small_kernel<16, double, int, int, double*>(int, double*, long, int, long, int*, int, int)",24009,608226400636150,608226400644630,0,0,4,132,48,319,1,1,319,1,1,rocsolver,2,351,1914,10892,10892,call10892-n351-lda1914.bin,b1d133da1657fb88a1d4825deb0c93ad564fd8a0a85a891bd7685067aef3aed0,hipLaunchKernel,608226400623041,608226400632041,GETRF|backend=rocsolver|call_id=2|n=351|lda=1914,traces/rocsolver-n351-lda1914/trace_kernel_trace.csv,9,9,compute,panel_GETF2
KERNEL_DISPATCH,Agent 4,1,1,2777538,142,204,"void rocsolver::v33200::unit_forward_substitution_kernel<double, int, double*>(int, int, double*, int, int, long, long, double*, int, int, long, long)",24012,608226400649750,608226400658710,0,0,12,4,32,16,64,1,16,320,1,rocsolver,2,351,1914,10892,10892,call10892-n351-lda1914.bin,b1d133da1657fb88a1d4825deb0c93ad564fd8a0a85a891bd7685067aef3aed0,hipLaunchKernel,608226400636461,608226400645701,GETRF|backend=rocsolver|call_id=2|n=351|lda=1914,traces/rocsolver-n351-lda1914/trace_kernel_trace.csv,10,10,compute,internal_TRSM
KERNEL_DISPATCH,Agent 4,1,1,2777538,143,761,Cijk_Ailk_Bljk_DB_MT128x64x16_MI16x16x4x1_SN_1LDSB1_APM1_ABV0_ACED0_AF0EM1_AF1EM1_AMAS0_ASE_ASGT_ASLT_ASM_ASAE01_ASCE01_ASEM1_AAC0_BL1_BS1_CLR0_DTLA0_DTLB0_DTVA1_DTVB0_DVO0_ETSP_EPS1_ELFLR0_EMLL0_FSSC10_FL0_GLVWA1_GLVWB1_GRCGA1_GRCGB1_GRPM1_GRVW1_GSU1_GSUASB_GLS0_ISA942_IU1_K1_KLA_LBSPPA0_LBSPPB128_LPA0_LPB1_LDL1_LRVW1_LWPMn1_LDW0_FMA_MIAV1_MDA2_MO40_MMFSC_MKFGSU256_NTA0_NTB0_NTC3_NTD3_NEPBS0_NLCA2_NLCB1_ONLL1_OPLV0_PK0_PAP0_PGR2_PLR5_PKA0_SIA3_SLW1_SS1_SU0_SUM0_SUS0_SCIUI1_SPO1_SRVW0_SSO6_SVW1_SNLL0_TSGRA0_TSGRB0_TT2_64_TLDS1_UMLDSA0_UMLDSB1_U64SL1_USFGROn1_VAW1_VSn1_VW1_VWB1_VFLRP0_WSGRA0_WSGRB0_WS64_WG64_4_1_WGM12,24015,608226400674350,608226400681070,8704,0,40,128,80,256,1,1,768,5,1,rocsolver,2,351,1914,10892,10892,call10892-n351-lda1914.bin,b1d133da1657fb88a1d4825deb0c93ad564fd8a0a85a891bd7685067aef3aed0,hipExtModuleLaunchKernel,608226400665411,608226400670611,GETRF|backend=rocsolver|call_id=2|n=351|lda=1914,traces/rocsolver-n351-lda1914/trace_kernel_trace.csv,11,11,compute,internal_GEMM
KERNEL_DISPATCH,Agent 4,1,1,2777538,144,87,"void rocsolver::v33200::getf2_npvt_small_kernel<16, double, int, int, double*>(int, double*, long, int, long, int*, int, int)",24018,608226400687870,608226400696230,0,0,4,132,48,303,1,1,303,1,1,rocsolver,2,351,1914,10892,10892,call10892-n351-lda1914.bin,b1d133da1657fb88a1d4825deb0c93ad564fd8a0a85a891bd7685067aef3aed0,hipLaunchKernel,608226400673021,608226400683891,GETRF|backend=rocsolver|call_id=2|n=351|lda=1914,traces/rocsolver-n351-lda1914/trace_kernel_trace.csv,12,12,compute,panel_GETF2
KERNEL_DISPATCH,Agent 4,1,1,2777538,145,204,"void rocsolver::v33200::unit_forward_substitution_kernel<double, int, double*>(int, int, double*, int, int, long, long, double*, int, int, long, long)",24021,608226400704550,608226400713550,0,0,12,4,32,16,64,1,16,320,1,rocsolver,2,351,1914,10892,10892,call10892-n351-lda1914.bin,b1d133da1657fb88a1d4825deb0c93ad564fd8a0a85a891bd7685067aef3aed0,hipLaunchKernel,608226400686541,608226400700771,GETRF|backend=rocsolver|call_id=2|n=351|lda=1914,traces/rocsolver-n351-lda1914/trace_kernel_trace.csv,13,13,compute,internal_TRSM
KERNEL_DISPATCH,Agent 4,1,1,2777538,146,761,Cijk_Ailk_Bljk_DB_MT128x64x16_MI16x16x4x1_SN_1LDSB1_APM1_ABV0_ACED0_AF0EM1_AF1EM1_AMAS0_ASE_ASGT_ASLT_ASM_ASAE01_ASCE01_ASEM1_AAC0_BL1_BS1_CLR0_DTLA0_DTLB0_DTVA1_DTVB0_DVO0_ETSP_EPS1_ELFLR0_EMLL0_FSSC10_FL0_GLVWA1_GLVWB1_GRCGA1_GRCGB1_GRPM1_GRVW1_GSU1_GSUASB_GLS0_ISA942_IU1_K1_KLA_LBSPPA0_LBSPPB128_LPA0_LPB1_LDL1_LRVW1_LWPMn1_LDW0_FMA_MIAV1_MDA2_MO40_MMFSC_MKFGSU256_NTA0_NTB0_NTC3_NTD3_NEPBS0_NLCA2_NLCB1_ONLL1_OPLV0_PK0_PAP0_PGR2_PLR5_PKA0_SIA3_SLW1_SS1_SU0_SUM0_SUS0_SCIUI1_SPO1_SRVW0_SSO6_SVW1_SNLL0_TSGRA0_TSGRB0_TT2_64_TLDS1_UMLDSA0_UMLDSB1_U64SL1_USFGROn1_VAW1_VSn1_VW1_VWB1_VFLRP0_WSGRA0_WSGRB0_WS64_WG64_4_1_WGM12,24024,608226400741221,608226400747622,8704,0,40,128,80,256,1,1,768,5,1,rocsolver,2,351,1914,10892,10892,call10892-n351-lda1914.bin,b1d133da1657fb88a1d4825deb0c93ad564fd8a0a85a891bd7685067aef3aed0,hipExtModuleLaunchKernel,608226400722482,608226400738402,GETRF|backend=rocsolver|call_id=2|n=351|lda=1914,traces/rocsolver-n351-lda1914/trace_kernel_trace.csv,14,14,compute,internal_GEMM
KERNEL_DISPATCH,Agent 4,1,1,2777538,147,87,"void rocsolver::v33200::getf2_npvt_small_kernel<16, double, int, int, double*>(int, double*, long, int, long, int*, int, int)",24027,608226400756002,608226400764442,0,0,4,132,48,287,1,1,287,1,1,rocsolver,2,351,1914,10892,10892,call10892-n351-lda1914.bin,b1d133da1657fb88a1d4825deb0c93ad564fd8a0a85a891bd7685067aef3aed0,hipLaunchKernel,608226400742852,608226400752672,GETRF|backend=rocsolver|call_id=2|n=351|lda=1914,traces/rocsolver-n351-lda1914/trace_kernel_trace.csv,15,15,compute,panel_GETF2
KERNEL_DISPATCH,Agent 4,1,1,2777538,148,204,"void rocsolver::v33200::unit_forward_substitution_kernel<double, int, double*>(int, int, double*, int, int, long, long, double*, int, int, long, long)",24030,608226400767332,608226400776052,0,0,12,4,32,16,64,1,16,320,1,rocsolver,2,351,1914,10892,10892,call10892-n351-lda1914.bin,b1d133da1657fb88a1d4825deb0c93ad564fd8a0a85a891bd7685067aef3aed0,hipLaunchKernel,608226400754992,608226400764492,GETRF|backend=rocsolver|call_id=2|n=351|lda=1914,traces/rocsolver-n351-lda1914/trace_kernel_trace.csv,16,16,compute,internal_TRSM
KERNEL_DISPATCH,Agent 4,1,1,2777538,149,841,Cijk_Ailk_Bljk_DB_MT64x64x16_MI16x16x4x1_SN_1LDSB1_APM1_ABV0_ACED0_AF0EM1_AF1EM1_AMAS3_ASE_ASGT_ASLT_ASM_ASAE01_ASCE01_ASEM1_AAC0_BL1_BS1_CLR0_DTLA0_DTLB0_DTVA0_DTVB0_DVO0_ETSP_EPS1_ELFLR0_EMLL0_FSSC10_FL0_GLVWA2_GLVWB2_GRCGA1_GRCGB1_GRPM1_GRVW2_GSU1_GSUASB_GLS0_ISA942_IU1_K1_KLA_LBSPPA0_LBSPPB128_LPA0_LPB4_LDL1_LRVW2_LWPMn1_LDW0_FMA_MIAV1_MDA2_MO40_MMFSC_MKFGSU256_NTA0_NTB0_NTC3_NTD3_NEPBS0_NLCA1_NLCB1_ONLL1_OPLV0_PK0_PAP0_PGR2_PLR5_PKA0_SIA3_SLW1_SS1_SU0_SUM0_SUS0_SCIUI1_SPO1_SRVW0_SSO6_SVW2_SNLL0_TSGRA0_TSGRB0_TT2_32_TLDS1_UMLDSA0_UMLDSB1_U64SL1_USFGROn1_VAW1_VSn1_VW2_VWB1_VFLRP0_WSGRA0_WSGRB0_WS64_WG32_8_1_WGM12,24033,608226400783532,608226400787612,18432,0,40,128,80,256,1,1,1280,5,1,rocsolver,2,351,1914,10892,10892,call10892-n351-lda1914.bin,b1d133da1657fb88a1d4825deb0c93ad564fd8a0a85a891bd7685067aef3aed0,hipExtModuleLaunchKernel,608226400772762,608226400780532,GETRF|backend=rocsolver|call_id=2|n=351|lda=1914,traces/rocsolver-n351-lda1914/trace_kernel_trace.csv,17,17,compute,internal_GEMM
KERNEL_DISPATCH,Agent 4,1,1,2777538,150,87,"void rocsolver::v33200::getf2_npvt_small_kernel<16, double, int, int, double*>(int, double*, long, int, long, int*, int, int)",24036,608226400795482,608226400803922,0,0,4,132,48,271,1,1,271,1,1,rocsolver,2,351,1914,10892,10892,call10892-n351-lda1914.bin,b1d133da1657fb88a1d4825deb0c93ad564fd8a0a85a891bd7685067aef3aed0,hipLaunchKernel,608226400782592,608226400792232,GETRF|backend=rocsolver|call_id=2|n=351|lda=1914,traces/rocsolver-n351-lda1914/trace_kernel_trace.csv,18,18,compute,panel_GETF2
KERNEL_DISPATCH,Agent 4,1,1,2777538,151,204,"void rocsolver::v33200::unit_forward_substitution_kernel<double, int, double*>(int, int, double*, int, int, long, long, double*, int, int, long, long)",24039,608226400807402,608226400816242,0,0,12,4,32,16,64,1,16,256,1,rocsolver,2,351,1914,10892,10892,call10892-n351-lda1914.bin,b1d133da1657fb88a1d4825deb0c93ad564fd8a0a85a891bd7685067aef3aed0,hipLaunchKernel,608226400794432,608226400804432,GETRF|backend=rocsolver|call_id=2|n=351|lda=1914,traces/rocsolver-n351-lda1914/trace_kernel_trace.csv,19,19,compute,internal_TRSM
KERNEL_DISPATCH,Agent 4,1,1,2777538,152,841,Cijk_Ailk_Bljk_DB_MT64x64x16_MI16x16x4x1_SN_1LDSB1_APM1_ABV0_ACED0_AF0EM1_AF1EM1_AMAS3_ASE_ASGT_ASLT_ASM_ASAE01_ASCE01_ASEM1_AAC0_BL1_BS1_CLR0_DTLA0_DTLB0_DTVA0_DTVB0_DVO0_ETSP_EPS1_ELFLR0_EMLL0_FSSC10_FL0_GLVWA2_GLVWB2_GRCGA1_GRCGB1_GRPM1_GRVW2_GSU1_GSUASB_GLS0_ISA942_IU1_K1_KLA_LBSPPA0_LBSPPB128_LPA0_LPB4_LDL1_LRVW2_LWPMn1_LDW0_FMA_MIAV1_MDA2_MO40_MMFSC_MKFGSU256_NTA0_NTB0_NTC3_NTD3_NEPBS0_NLCA1_NLCB1_ONLL1_OPLV0_PK0_PAP0_PGR2_PLR5_PKA0_SIA3_SLW1_SS1_SU0_SUM0_SUS0_SCIUI1_SPO1_SRVW0_SSO6_SVW2_SNLL0_TSGRA0_TSGRB0_TT2_32_TLDS1_UMLDSA0_UMLDSB1_U64SL1_USFGROn1_VAW1_VSn1_VW2_VWB1_VFLRP0_WSGRA0_WSGRB0_WS64_WG32_8_1_WGM12,24042,608226400826583,608226400831463,18432,0,40,128,80,256,1,1,1024,4,1,rocsolver,2,351,1914,10892,10892,call10892-n351-lda1914.bin,b1d133da1657fb88a1d4825deb0c93ad564fd8a0a85a891bd7685067aef3aed0,hipExtModuleLaunchKernel,608226400813392,608226400823723,GETRF|backend=rocsolver|call_id=2|n=351|lda=1914,traces/rocsolver-n351-lda1914/trace_kernel_trace.csv,20,20,compute,internal_GEMM
KERNEL_DISPATCH,Agent 4,1,1,2777538,153,87,"void rocsolver::v33200::getf2_npvt_small_kernel<16, double, int, int, double*>(int, double*, long, int, long, int*, int, int)",24045,608226400838543,608226400846423,0,0,4,132,48,255,1,1,255,1,1,rocsolver,2,351,1914,10892,10892,call10892-n351-lda1914.bin,b1d133da1657fb88a1d4825deb0c93ad564fd8a0a85a891bd7685067aef3aed0,hipLaunchKernel,608226400826723,608226400834943,GETRF|backend=rocsolver|call_id=2|n=351|lda=1914,traces/rocsolver-n351-lda1914/trace_kernel_trace.csv,21,21,compute,panel_GETF2
KERNEL_DISPATCH,Agent 4,1,1,2777538,154,204,"void rocsolver::v33200::unit_forward_substitution_kernel<double, int, double*>(int, int, double*, int, int, long, long, double*, int, int, long, long)",24048,608226400849992,608226400858873,0,0,12,4,32,16,64,1,16,256,1,rocsolver,2,351,1914,10892,10892,call10892-n351-lda1914.bin,b1d133da1657fb88a1d4825deb0c93ad564fd8a0a85a891bd7685067aef3aed0,hipLaunchKernel,608226400837143,608226400847033,GETRF|backend=rocsolver|call_id=2|n=351|lda=1914,traces/rocsolver-n351-lda1914/trace_kernel_trace.csv,22,22,compute,internal_TRSM
KERNEL_DISPATCH,Agent 4,1,1,2777538,155,841,Cijk_Ailk_Bljk_DB_MT64x64x16_MI16x16x4x1_SN_1LDSB1_APM1_ABV0_ACED0_AF0EM1_AF1EM1_AMAS3_ASE_ASGT_ASLT_ASM_ASAE01_ASCE01_ASEM1_AAC0_BL1_BS1_CLR0_DTLA0_DTLB0_DTVA0_DTVB0_DVO0_ETSP_EPS1_ELFLR0_EMLL0_FSSC10_FL0_GLVWA2_GLVWB2_GRCGA1_GRCGB1_GRPM1_GRVW2_GSU1_GSUASB_GLS0_ISA942_IU1_K1_KLA_LBSPPA0_LBSPPB128_LPA0_LPB4_LDL1_LRVW2_LWPMn1_LDW0_FMA_MIAV1_MDA2_MO40_MMFSC_MKFGSU256_NTA0_NTB0_NTC3_NTD3_NEPBS0_NLCA1_NLCB1_ONLL1_OPLV0_PK0_PAP0_PGR2_PLR5_PKA0_SIA3_SLW1_SS1_SU0_SUM0_SUS0_SCIUI1_SPO1_SRVW0_SSO6_SVW2_SNLL0_TSGRA0_TSGRB0_TT2_32_TLDS1_UMLDSA0_UMLDSB1_U64SL1_USFGROn1_VAW1_VSn1_VW2_VWB1_VFLRP0_WSGRA0_WSGRB0_WS64_WG32_8_1_WGM12,24051,608226400867613,608226400872173,18432,0,40,128,80,256,1,1,1024,4,1,rocsolver,2,351,1914,10892,10892,call10892-n351-lda1914.bin,b1d133da1657fb88a1d4825deb0c93ad564fd8a0a85a891bd7685067aef3aed0,hipExtModuleLaunchKernel,608226400855783,608226400865053,GETRF|backend=rocsolver|call_id=2|n=351|lda=1914,traces/rocsolver-n351-lda1914/trace_kernel_trace.csv,23,23,compute,internal_GEMM
KERNEL_DISPATCH,Agent 4,1,1,2777538,156,87,"void rocsolver::v33200::getf2_npvt_small_kernel<16, double, int, int, double*>(int, double*, long, int, long, int*, int, int)",24054,608226400880043,608226400888003,0,0,4,132,48,239,1,1,239,1,1,rocsolver,2,351,1914,10892,10892,call10892-n351-lda1914.bin,b1d133da1657fb88a1d4825deb0c93ad564fd8a0a85a891bd7685067aef3aed0,hipLaunchKernel,608226400868143,608226400876333,GETRF|backend=rocsolver|call_id=2|n=351|lda=1914,traces/rocsolver-n351-lda1914/trace_kernel_trace.csv,24,24,compute,panel_GETF2
KERNEL_DISPATCH,Agent 4,1,1,2777538,157,204,"void rocsolver::v33200::unit_forward_substitution_kernel<double, int, double*>(int, int, double*, int, int, long, long, double*, int, int, long, long)",24057,608226400890993,608226400899993,0,0,12,4,32,16,64,1,16,256,1,rocsolver,2,351,1914,10892,10892,call10892-n351-lda1914.bin,b1d133da1657fb88a1d4825deb0c93ad564fd8a0a85a891bd7685067aef3aed0,hipLaunchKernel,608226400878523,608226400888213,GETRF|backend=rocsolver|call_id=2|n=351|lda=1914,traces/rocsolver-n351-lda1914/trace_kernel_trace.csv,25,25,compute,internal_TRSM
KERNEL_DISPATCH,Agent 4,1,1,2777538,158,841,Cijk_Ailk_Bljk_DB_MT64x64x16_MI16x16x4x1_SN_1LDSB1_APM1_ABV0_ACED0_AF0EM1_AF1EM1_AMAS3_ASE_ASGT_ASLT_ASM_ASAE01_ASCE01_ASEM1_AAC0_BL1_BS1_CLR0_DTLA0_DTLB0_DTVA0_DTVB0_DVO0_ETSP_EPS1_ELFLR0_EMLL0_FSSC10_FL0_GLVWA2_GLVWB2_GRCGA1_GRCGB1_GRPM1_GRVW2_GSU1_GSUASB_GLS0_ISA942_IU1_K1_KLA_LBSPPA0_LBSPPB128_LPA0_LPB4_LDL1_LRVW2_LWPMn1_LDW0_FMA_MIAV1_MDA2_MO40_MMFSC_MKFGSU256_NTA0_NTB0_NTC3_NTD3_NEPBS0_NLCA1_NLCB1_ONLL1_OPLV0_PK0_PAP0_PGR2_PLR5_PKA0_SIA3_SLW1_SS1_SU0_SUM0_SUS0_SCIUI1_SPO1_SRVW0_SSO6_SVW2_SNLL0_TSGRA0_TSGRB0_TT2_32_TLDS1_UMLDSA0_UMLDSB1_U64SL1_USFGROn1_VAW1_VSn1_VW2_VWB1_VFLRP0_WSGRA0_WSGRB0_WS64_WG32_8_1_WGM12,24060,608226400913733,608226400918093,18432,0,40,128,80,256,1,1,1024,4,1,rocsolver,2,351,1914,10892,10892,call10892-n351-lda1914.bin,b1d133da1657fb88a1d4825deb0c93ad564fd8a0a85a891bd7685067aef3aed0,hipExtModuleLaunchKernel,608226400899763,608226400911043,GETRF|backend=rocsolver|call_id=2|n=351|lda=1914,traces/rocsolver-n351-lda1914/trace_kernel_trace.csv,26,26,compute,internal_GEMM
KERNEL_DISPATCH,Agent 4,1,1,2777538,159,87,"void rocsolver::v33200::getf2_npvt_small_kernel<16, double, int, int, double*>(int, double*, long, int, long, int*, int, int)",24063,608226400923624,608226400931624,0,0,4,132,48,223,1,1,223,1,1,rocsolver,2,351,1914,10892,10892,call10892-n351-lda1914.bin,b1d133da1657fb88a1d4825deb0c93ad564fd8a0a85a891bd7685067aef3aed0,hipLaunchKernel,608226400913223,608226400920773,GETRF|backend=rocsolver|call_id=2|n=351|lda=1914,traces/rocsolver-n351-lda1914/trace_kernel_trace.csv,27,27,compute,panel_GETF2
KERNEL_DISPATCH,Agent 4,1,1,2777538,160,204,"void rocsolver::v33200::unit_forward_substitution_kernel<double, int, double*>(int, int, double*, int, int, long, long, double*, int, int, long, long)",24066,608226400936674,608226400946074,0,0,12,4,32,16,64,1,16,256,1,rocsolver,2,351,1914,10892,10892,call10892-n351-lda1914.bin,b1d133da1657fb88a1d4825deb0c93ad564fd8a0a85a891bd7685067aef3aed0,hipLaunchKernel,608226400923543,608226400933834,GETRF|backend=rocsolver|call_id=2|n=351|lda=1914,traces/rocsolver-n351-lda1914/trace_kernel_trace.csv,28,28,compute,internal_TRSM
KERNEL_DISPATCH,Agent 4,1,1,2777538,161,841,Cijk_Ailk_Bljk_DB_MT64x64x16_MI16x16x4x1_SN_1LDSB1_APM1_ABV0_ACED0_AF0EM1_AF1EM1_AMAS3_ASE_ASGT_ASLT_ASM_ASAE01_ASCE01_ASEM1_AAC0_BL1_BS1_CLR0_DTLA0_DTLB0_DTVA0_DTVB0_DVO0_ETSP_EPS1_ELFLR0_EMLL0_FSSC10_FL0_GLVWA2_GLVWB2_GRCGA1_GRCGB1_GRPM1_GRVW2_GSU1_GSUASB_GLS0_ISA942_IU1_K1_KLA_LBSPPA0_LBSPPB128_LPA0_LPB4_LDL1_LRVW2_LWPMn1_LDW0_FMA_MIAV1_MDA2_MO40_MMFSC_MKFGSU256_NTA0_NTB0_NTC3_NTD3_NEPBS0_NLCA1_NLCB1_ONLL1_OPLV0_PK0_PAP0_PGR2_PLR5_PKA0_SIA3_SLW1_SS1_SU0_SUM0_SUS0_SCIUI1_SPO1_SRVW0_SSO6_SVW2_SNLL0_TSGRA0_TSGRB0_TT2_32_TLDS1_UMLDSA0_UMLDSB1_U64SL1_USFGROn1_VAW1_VSn1_VW2_VWB1_VFLRP0_WSGRA0_WSGRB0_WS64_WG32_8_1_WGM12,24069,608226400956704,608226400961264,18432,0,40,128,80,256,1,1,1024,4,1,rocsolver,2,351,1914,10892,10892,call10892-n351-lda1914.bin,b1d133da1657fb88a1d4825deb0c93ad564fd8a0a85a891bd7685067aef3aed0,hipExtModuleLaunchKernel,608226400944564,608226400954054,GETRF|backend=rocsolver|call_id=2|n=351|lda=1914,traces/rocsolver-n351-lda1914/trace_kernel_trace.csv,29,29,compute,internal_GEMM
KERNEL_DISPATCH,Agent 4,1,1,2777538,162,87,"void rocsolver::v33200::getf2_npvt_small_kernel<16, double, int, int, double*>(int, double*, long, int, long, int*, int, int)",24072,608226400966023,608226400973904,0,0,4,132,48,207,1,1,207,1,1,rocsolver,2,351,1914,10892,10892,call10892-n351-lda1914.bin,b1d133da1657fb88a1d4825deb0c93ad564fd8a0a85a891bd7685067aef3aed0,hipLaunchKernel,608226400956454,608226400963404,GETRF|backend=rocsolver|call_id=2|n=351|lda=1914,traces/rocsolver-n351-lda1914/trace_kernel_trace.csv,30,30,compute,panel_GETF2
KERNEL_DISPATCH,Agent 4,1,1,2777538,163,204,"void rocsolver::v33200::unit_forward_substitution_kernel<double, int, double*>(int, int, double*, int, int, long, long, double*, int, int, long, long)",24075,608226400977244,608226400986964,0,0,12,4,32,16,64,1,16,192,1,rocsolver,2,351,1914,10892,10892,call10892-n351-lda1914.bin,b1d133da1657fb88a1d4825deb0c93ad564fd8a0a85a891bd7685067aef3aed0,hipLaunchKernel,608226400965554,608226400974754,GETRF|backend=rocsolver|call_id=2|n=351|lda=1914,traces/rocsolver-n351-lda1914/trace_kernel_trace.csv,31,31,compute,internal_TRSM
KERNEL_DISPATCH,Agent 4,1,1,2777538,164,841,Cijk_Ailk_Bljk_DB_MT64x64x16_MI16x16x4x1_SN_1LDSB1_APM1_ABV0_ACED0_AF0EM1_AF1EM1_AMAS3_ASE_ASGT_ASLT_ASM_ASAE01_ASCE01_ASEM1_AAC0_BL1_BS1_CLR0_DTLA0_DTLB0_DTVA0_DTVB0_DVO0_ETSP_EPS1_ELFLR0_EMLL0_FSSC10_FL0_GLVWA2_GLVWB2_GRCGA1_GRCGB1_GRPM1_GRVW2_GSU1_GSUASB_GLS0_ISA942_IU1_K1_KLA_LBSPPA0_LBSPPB128_LPA0_LPB4_LDL1_LRVW2_LWPMn1_LDW0_FMA_MIAV1_MDA2_MO40_MMFSC_MKFGSU256_NTA0_NTB0_NTC3_NTD3_NEPBS0_NLCA1_NLCB1_ONLL1_OPLV0_PK0_PAP0_PGR2_PLR5_PKA0_SIA3_SLW1_SS1_SU0_SUM0_SUS0_SCIUI1_SPO1_SRVW0_SSO6_SVW2_SNLL0_TSGRA0_TSGRB0_TT2_32_TLDS1_UMLDSA0_UMLDSB1_U64SL1_USFGROn1_VAW1_VSn1_VW2_VWB1_VFLRP0_WSGRA0_WSGRB0_WS64_WG32_8_1_WGM12,24078,608226400999753,608226401005193,18432,0,40,128,80,256,1,1,768,3,1,rocsolver,2,351,1914,10892,10892,call10892-n351-lda1914.bin,b1d133da1657fb88a1d4825deb0c93ad564fd8a0a85a891bd7685067aef3aed0,hipExtModuleLaunchKernel,608226400987064,608226400996144,GETRF|backend=rocsolver|call_id=2|n=351|lda=1914,traces/rocsolver-n351-lda1914/trace_kernel_trace.csv,32,32,compute,internal_GEMM
KERNEL_DISPATCH,Agent 4,1,1,2777538,165,87,"void rocsolver::v33200::getf2_npvt_small_kernel<16, double, int, int, double*>(int, double*, long, int, long, int*, int, int)",24081,608226401020004,608226401027884,0,0,4,132,48,191,1,1,191,1,1,rocsolver,2,351,1914,10892,10892,call10892-n351-lda1914.bin,b1d133da1657fb88a1d4825deb0c93ad564fd8a0a85a891bd7685067aef3aed0,hipLaunchKernel,608226400998204,608226401017234,GETRF|backend=rocsolver|call_id=2|n=351|lda=1914,traces/rocsolver-n351-lda1914/trace_kernel_trace.csv,33,33,compute,panel_GETF2
KERNEL_DISPATCH,Agent 4,1,1,2777538,166,204,"void rocsolver::v33200::unit_forward_substitution_kernel<double, int, double*>(int, int, double*, int, int, long, long, double*, int, int, long, long)",24084,608226401031155,608226401040915,0,0,12,4,32,16,64,1,16,192,1,rocsolver,2,351,1914,10892,10892,call10892-n351-lda1914.bin,b1d133da1657fb88a1d4825deb0c93ad564fd8a0a85a891bd7685067aef3aed0,hipLaunchKernel,608226401019614,608226401028894,GETRF|backend=rocsolver|call_id=2|n=351|lda=1914,traces/rocsolver-n351-lda1914/trace_kernel_trace.csv,34,34,compute,internal_TRSM
KERNEL_DISPATCH,Agent 4,1,1,2777538,167,949,Cijk_Ailk_Bljk_DB_MT128x64x16_MI16x16x4x1_SN_1LDSB1_APM1_ABV0_ACED0_AF0EM1_AF1EM1_AMAS0_ASE_ASGT_ASLT_ASM_ASAE01_ASCE01_ASEM1_AAC0_BL1_BS1_CLR0_DTLA0_DTLB0_DTVA0_DTVB0_DVO0_ETSP_EPS1_ELFLR0_EMLL0_FSSC10_FL0_GLVWA1_GLVWB1_GRCGA1_GRCGB1_GRPM1_GRVW1_GSU1_GSUASB_GLS0_ISA942_IU1_K1_KLA_LBSPPA0_LBSPPB128_LPA0_LPB1_LDL1_LRVW1_LWPMn1_LDW0_FMA_MIAV1_MDA2_MO40_MMFSC_MKFGSU256_NTA0_NTB0_NTC3_NTD3_NEPBS0_NLCA1_NLCB1_ONLL1_OPLV0_PK0_PAP0_PGR2_PLR5_PKA0_SIA3_SLW1_SS1_SU0_SUM0_SUS0_SCIUI1_SPO1_SRVW0_SSO6_SVW1_SNLL0_TSGRA0_TSGRB0_TT4_32_TLDS1_UMLDSA0_UMLDSB1_U64SL1_USFGROn1_VAW1_VSn1_VW1_VWB1_VFLRP0_WSGRA0_WSGRB0_WS64_WG32_8_1_WGM12,24087,608226401049955,608226401055995,25088,0,128,128,80,256,1,1,512,3,1,rocsolver,2,351,1914,10892,10892,call10892-n351-lda1914.bin,b1d133da1657fb88a1d4825deb0c93ad564fd8a0a85a891bd7685067aef3aed0,hipExtModuleLaunchKernel,608226401038414,608226401047455,GETRF|backend=rocsolver|call_id=2|n=351|lda=1914,traces/rocsolver-n351-lda1914/trace_kernel_trace.csv,35,35,compute,internal_GEMM
KERNEL_DISPATCH,Agent 4,1,1,2777538,168,87,"void rocsolver::v33200::getf2_npvt_small_kernel<16, double, int, int, double*>(int, double*, long, int, long, int*, int, int)",24090,608226401060325,608226401068125,0,0,4,132,48,175,1,1,175,1,1,rocsolver,2,351,1914,10892,10892,call10892-n351-lda1914.bin,b1d133da1657fb88a1d4825deb0c93ad564fd8a0a85a891bd7685067aef3aed0,hipLaunchKernel,608226401049695,608226401058455,GETRF|backend=rocsolver|call_id=2|n=351|lda=1914,traces/rocsolver-n351-lda1914/trace_kernel_trace.csv,36,36,compute,panel_GETF2
KERNEL_DISPATCH,Agent 4,1,1,2777538,169,204,"void rocsolver::v33200::unit_forward_substitution_kernel<double, int, double*>(int, int, double*, int, int, long, long, double*, int, int, long, long)",24093,608226401071684,608226401081565,0,0,12,4,32,16,64,1,16,192,1,rocsolver,2,351,1914,10892,10892,call10892-n351-lda1914.bin,b1d133da1657fb88a1d4825deb0c93ad564fd8a0a85a891bd7685067aef3aed0,hipLaunchKernel,608226401060945,608226401069215,GETRF|backend=rocsolver|call_id=2|n=351|lda=1914,traces/rocsolver-n351-lda1914/trace_kernel_trace.csv,37,37,compute,internal_TRSM
KERNEL_DISPATCH,Agent 4,1,1,2777538,170,888,Cijk_Ailk_Bljk_DB_MT128x64x16_MI16x16x4x1_SN_1LDSB1_APM1_ABV0_ACED0_AF0EM1_AF1EM1_AMAS0_ASE_ASGT_ASLT_ASM_ASAE01_ASCE01_ASEM1_AAC0_BL1_BS1_CLR0_DTLA0_DTLB0_DTVA0_DTVB0_DVO0_ETSP_EPS1_ELFLR0_EMLL0_FSSC10_FL0_GLVWA1_GLVWB1_GRCGA1_GRCGB1_GRPM1_GRVW1_GSU1_GSUASB_GLS0_ISA942_IU1_K1_KLA_LBSPPA0_LBSPPB128_LPA0_LPB1_LDL1_LRVW1_LWPMn1_LDW0_FMA_MIAV1_MDA2_MO40_MMFSC_MKFGSU256_NTA0_NTB0_NTC3_NTD3_NEPBS0_NLCA1_NLCB1_ONLL1_OPLV0_PK0_PAP0_PGR2_PLR5_PKA0_SIA3_SLW1_SS1_SU0_SUM0_SUS0_SCIUI1_SPO1_SRVW0_SSO6_SVW1_SNLL0_TSGRA0_TSGRB0_TT4_32_TLDS1_UMLDSA0_UMLDSB1_U64SL1_USFGROn1_VAW1_VSn1_VW1_VWB1_VFLRP0_WSGRA0_WSGRB0_WS64_WG32_8_1_WGM6,24096,608226401092115,608226401098475,25088,0,128,128,80,256,1,1,512,3,1,rocsolver,2,351,1914,10892,10892,call10892-n351-lda1914.bin,b1d133da1657fb88a1d4825deb0c93ad564fd8a0a85a891bd7685067aef3aed0,hipExtModuleLaunchKernel,608226401078455,608226401089495,GETRF|backend=rocsolver|call_id=2|n=351|lda=1914,traces/rocsolver-n351-lda1914/trace_kernel_trace.csv,38,38,compute,internal_GEMM
KERNEL_DISPATCH,Agent 4,1,1,2777538,171,87,"void rocsolver::v33200::getf2_npvt_small_kernel<16, double, int, int, double*>(int, double*, long, int, long, int*, int, int)",24099,608226401103465,608226401111265,0,0,4,132,48,159,1,1,159,1,1,rocsolver,2,351,1914,10892,10892,call10892-n351-lda1914.bin,b1d133da1657fb88a1d4825deb0c93ad564fd8a0a85a891bd7685067aef3aed0,hipLaunchKernel,608226401092395,608226401101025,GETRF|backend=rocsolver|call_id=2|n=351|lda=1914,traces/rocsolver-n351-lda1914/trace_kernel_trace.csv,39,39,compute,panel_GETF2
KERNEL_DISPATCH,Agent 4,1,1,2777538,172,204,"void rocsolver::v33200::unit_forward_substitution_kernel<double, int, double*>(int, int, double*, int, int, long, long, double*, int, int, long, long)",24102,608226401115225,608226401124465,0,0,12,4,32,16,64,1,16,192,1,rocsolver,2,351,1914,10892,10892,call10892-n351-lda1914.bin,b1d133da1657fb88a1d4825deb0c93ad564fd8a0a85a891bd7685067aef3aed0,hipLaunchKernel,608226401103665,608226401112455,GETRF|backend=rocsolver|call_id=2|n=351|lda=1914,traces/rocsolver-n351-lda1914/trace_kernel_trace.csv,40,40,compute,internal_TRSM
KERNEL_DISPATCH,Agent 4,1,1,2777538,173,888,Cijk_Ailk_Bljk_DB_MT128x64x16_MI16x16x4x1_SN_1LDSB1_APM1_ABV0_ACED0_AF0EM1_AF1EM1_AMAS0_ASE_ASGT_ASLT_ASM_ASAE01_ASCE01_ASEM1_AAC0_BL1_BS1_CLR0_DTLA0_DTLB0_DTVA0_DTVB0_DVO0_ETSP_EPS1_ELFLR0_EMLL0_FSSC10_FL0_GLVWA1_GLVWB1_GRCGA1_GRCGB1_GRPM1_GRVW1_GSU1_GSUASB_GLS0_ISA942_IU1_K1_KLA_LBSPPA0_LBSPPB128_LPA0_LPB1_LDL1_LRVW1_LWPMn1_LDW0_FMA_MIAV1_MDA2_MO40_MMFSC_MKFGSU256_NTA0_NTB0_NTC3_NTD3_NEPBS0_NLCA1_NLCB1_ONLL1_OPLV0_PK0_PAP0_PGR2_PLR5_PKA0_SIA3_SLW1_SS1_SU0_SUM0_SUS0_SCIUI1_SPO1_SRVW0_SSO6_SVW1_SNLL0_TSGRA0_TSGRB0_TT4_32_TLDS1_UMLDSA0_UMLDSB1_U64SL1_USFGROn1_VAW1_VSn1_VW1_VWB1_VFLRP0_WSGRA0_WSGRB0_WS64_WG32_8_1_WGM6,24105,608226401136735,608226401143735,25088,0,128,128,80,256,1,1,512,3,1,rocsolver,2,351,1914,10892,10892,call10892-n351-lda1914.bin,b1d133da1657fb88a1d4825deb0c93ad564fd8a0a85a891bd7685067aef3aed0,hipExtModuleLaunchKernel,608226401125115,608226401133975,GETRF|backend=rocsolver|call_id=2|n=351|lda=1914,traces/rocsolver-n351-lda1914/trace_kernel_trace.csv,41,41,compute,internal_GEMM
KERNEL_DISPATCH,Agent 4,1,1,2777538,174,87,"void rocsolver::v33200::getf2_npvt_small_kernel<16, double, int, int, double*>(int, double*, long, int, long, int*, int, int)",24108,608226401146546,608226401154426,0,0,4,132,48,143,1,1,143,1,1,rocsolver,2,351,1914,10892,10892,call10892-n351-lda1914.bin,b1d133da1657fb88a1d4825deb0c93ad564fd8a0a85a891bd7685067aef3aed0,hipLaunchKernel,608226401136015,608226401144615,GETRF|backend=rocsolver|call_id=2|n=351|lda=1914,traces/rocsolver-n351-lda1914/trace_kernel_trace.csv,42,42,compute,panel_GETF2
KERNEL_DISPATCH,Agent 4,1,1,2777538,175,204,"void rocsolver::v33200::unit_forward_substitution_kernel<double, int, double*>(int, int, double*, int, int, long, long, double*, int, int, long, long)",24111,608226401156956,608226401166756,0,0,12,4,32,16,64,1,16,128,1,rocsolver,2,351,1914,10892,10892,call10892-n351-lda1914.bin,b1d133da1657fb88a1d4825deb0c93ad564fd8a0a85a891bd7685067aef3aed0,hipLaunchKernel,608226401146745,608226401154446,GETRF|backend=rocsolver|call_id=2|n=351|lda=1914,traces/rocsolver-n351-lda1914/trace_kernel_trace.csv,43,43,compute,internal_TRSM
KERNEL_DISPATCH,Agent 4,1,1,2777538,176,888,Cijk_Ailk_Bljk_DB_MT128x64x16_MI16x16x4x1_SN_1LDSB1_APM1_ABV0_ACED0_AF0EM1_AF1EM1_AMAS0_ASE_ASGT_ASLT_ASM_ASAE01_ASCE01_ASEM1_AAC0_BL1_BS1_CLR0_DTLA0_DTLB0_DTVA0_DTVB0_DVO0_ETSP_EPS1_ELFLR0_EMLL0_FSSC10_FL0_GLVWA1_GLVWB1_GRCGA1_GRCGB1_GRPM1_GRVW1_GSU1_GSUASB_GLS0_ISA942_IU1_K1_KLA_LBSPPA0_LBSPPB128_LPA0_LPB1_LDL1_LRVW1_LWPMn1_LDW0_FMA_MIAV1_MDA2_MO40_MMFSC_MKFGSU256_NTA0_NTB0_NTC3_NTD3_NEPBS0_NLCA1_NLCB1_ONLL1_OPLV0_PK0_PAP0_PGR2_PLR5_PKA0_SIA3_SLW1_SS1_SU0_SUM0_SUS0_SCIUI1_SPO1_SRVW0_SSO6_SVW1_SNLL0_TSGRA0_TSGRB0_TT4_32_TLDS1_UMLDSA0_UMLDSB1_U64SL1_USFGROn1_VAW1_VSn1_VW1_VWB1_VFLRP0_WSGRA0_WSGRB0_WS64_WG32_8_1_WGM6,24114,608226401178194,608226401185234,25088,0,128,128,80,256,1,1,256,2,1,rocsolver,2,351,1914,10892,10892,call10892-n351-lda1914.bin,b1d133da1657fb88a1d4825deb0c93ad564fd8a0a85a891bd7685067aef3aed0,hipExtModuleLaunchKernel,608226401164866,608226401174396,GETRF|backend=rocsolver|call_id=2|n=351|lda=1914,traces/rocsolver-n351-lda1914/trace_kernel_trace.csv,44,44,compute,internal_GEMM
KERNEL_DISPATCH,Agent 4,1,1,2777538,177,87,"void rocsolver::v33200::getf2_npvt_small_kernel<16, double, int, int, double*>(int, double*, long, int, long, int*, int, int)",24117,608226401187155,608226401194756,0,0,4,132,48,127,1,1,127,1,1,rocsolver,2,351,1914,10892,10892,call10892-n351-lda1914.bin,b1d133da1657fb88a1d4825deb0c93ad564fd8a0a85a891bd7685067aef3aed0,hipLaunchKernel,608226401176436,608226401184706,GETRF|backend=rocsolver|call_id=2|n=351|lda=1914,traces/rocsolver-n351-lda1914/trace_kernel_trace.csv,45,45,compute,panel_GETF2
KERNEL_DISPATCH,Agent 4,1,1,2777538,178,204,"void rocsolver::v33200::unit_forward_substitution_kernel<double, int, double*>(int, int, double*, int, int, long, long, double*, int, int, long, long)",24120,608226401213056,608226401222536,0,0,12,4,32,16,64,1,16,128,1,rocsolver,2,351,1914,10892,10892,call10892-n351-lda1914.bin,b1d133da1657fb88a1d4825deb0c93ad564fd8a0a85a891bd7685067aef3aed0,hipLaunchKernel,608226401186226,608226401210776,GETRF|backend=rocsolver|call_id=2|n=351|lda=1914,traces/rocsolver-n351-lda1914/trace_kernel_trace.csv,46,46,compute,internal_TRSM
KERNEL_DISPATCH,Agent 4,1,1,2777538,179,941,Cijk_Ailk_Bljk_DB_MT128x64x16_MI16x16x4x1_SN_1LDSB1_APM1_ABV0_ACED0_AF0EM1_AF1EM1_AMAS0_ASE_ASGT_ASLT_ASM_ASAE01_ASCE01_ASEM1_AAC0_BL1_BS1_CLR0_DTLA0_DTLB0_DTVA1_DTVB0_DVO0_ETSP_EPS1_ELFLR0_EMLL0_FSSC10_FL0_GLVWA1_GLVWB1_GRCGA1_GRCGB1_GRPM1_GRVW1_GSU1_GSUASB_GLS0_ISA942_IU1_K1_KLA_LBSPPA0_LBSPPB128_LPA0_LPB1_LDL1_LRVW1_LWPMn1_LDW0_FMA_MIAV1_MDA2_MO40_MMFSC_MKFGSU256_NTA0_NTB0_NTC3_NTD3_NEPBS0_NLCA2_NLCB1_ONLL1_OPLV0_PK0_PAP0_PGR2_PLR1_PKA0_SIA3_SLW1_SS1_SU0_SUM0_SUS0_SCIUI1_SPO1_SRVW0_SSO6_SVW1_SNLL0_TSGRA0_TSGRB0_TT2_64_TLDS1_UMLDSA0_UMLDSB1_U64SL1_USFGROn1_VAW1_VSn1_VW1_VWB1_VFLRP0_WSGRA0_WSGRB0_WS64_WG64_4_1_WGM6,24123,608226401231776,608226401239136,8704,0,40,128,80,256,1,1,256,2,1,rocsolver,2,351,1914,10892,10892,call10892-n351-lda1914.bin,b1d133da1657fb88a1d4825deb0c93ad564fd8a0a85a891bd7685067aef3aed0,hipExtModuleLaunchKernel,608226401219776,608226401228836,GETRF|backend=rocsolver|call_id=2|n=351|lda=1914,traces/rocsolver-n351-lda1914/trace_kernel_trace.csv,47,47,compute,internal_GEMM
KERNEL_DISPATCH,Agent 4,1,1,2777538,180,87,"void rocsolver::v33200::getf2_npvt_small_kernel<16, double, int, int, double*>(int, double*, long, int, long, int*, int, int)",24126,608226401241336,608226401248416,0,0,4,132,48,111,1,1,111,1,1,rocsolver,2,351,1914,10892,10892,call10892-n351-lda1914.bin,b1d133da1657fb88a1d4825deb0c93ad564fd8a0a85a891bd7685067aef3aed0,hipLaunchKernel,608226401231466,608226401238926,GETRF|backend=rocsolver|call_id=2|n=351|lda=1914,traces/rocsolver-n351-lda1914/trace_kernel_trace.csv,48,48,compute,panel_GETF2
KERNEL_DISPATCH,Agent 4,1,1,2777538,181,204,"void rocsolver::v33200::unit_forward_substitution_kernel<double, int, double*>(int, int, double*, int, int, long, long, double*, int, int, long, long)",24129,608226401253106,608226401262386,0,0,12,4,32,16,64,1,16,128,1,rocsolver,2,351,1914,10892,10892,call10892-n351-lda1914.bin,b1d133da1657fb88a1d4825deb0c93ad564fd8a0a85a891bd7685067aef3aed0,hipLaunchKernel,608226401240696,608226401251016,GETRF|backend=rocsolver|call_id=2|n=351|lda=1914,traces/rocsolver-n351-lda1914/trace_kernel_trace.csv,49,49,compute,internal_TRSM
KERNEL_DISPATCH,Agent 4,1,1,2777538,182,841,Cijk_Ailk_Bljk_DB_MT64x64x16_MI16x16x4x1_SN_1LDSB1_APM1_ABV0_ACED0_AF0EM1_AF1EM1_AMAS3_ASE_ASGT_ASLT_ASM_ASAE01_ASCE01_ASEM1_AAC0_BL1_BS1_CLR0_DTLA0_DTLB0_DTVA0_DTVB0_DVO0_ETSP_EPS1_ELFLR0_EMLL0_FSSC10_FL0_GLVWA2_GLVWB2_GRCGA1_GRCGB1_GRPM1_GRVW2_GSU1_GSUASB_GLS0_ISA942_IU1_K1_KLA_LBSPPA0_LBSPPB128_LPA0_LPB4_LDL1_LRVW2_LWPMn1_LDW0_FMA_MIAV1_MDA2_MO40_MMFSC_MKFGSU256_NTA0_NTB0_NTC3_NTD3_NEPBS0_NLCA1_NLCB1_ONLL1_OPLV0_PK0_PAP0_PGR2_PLR5_PKA0_SIA3_SLW1_SS1_SU0_SUM0_SUS0_SCIUI1_SPO1_SRVW0_SSO6_SVW2_SNLL0_TSGRA0_TSGRB0_TT2_32_TLDS1_UMLDSA0_UMLDSB1_U64SL1_USFGROn1_VAW1_VSn1_VW2_VWB1_VFLRP0_WSGRA0_WSGRB0_WS64_WG32_8_1_WGM12,24132,608226401276247,608226401281047,18432,0,40,128,80,256,1,1,512,2,1,rocsolver,2,351,1914,10892,10892,call10892-n351-lda1914.bin,b1d133da1657fb88a1d4825deb0c93ad564fd8a0a85a891bd7685067aef3aed0,hipExtModuleLaunchKernel,608226401262176,608226401273307,GETRF|backend=rocsolver|call_id=2|n=351|lda=1914,traces/rocsolver-n351-lda1914/trace_kernel_trace.csv,50,50,compute,internal_GEMM
KERNEL_DISPATCH,Agent 4,1,1,2777538,183,87,"void rocsolver::v33200::getf2_npvt_small_kernel<16, double, int, int, double*>(int, double*, long, int, long, int*, int, int)",24135,608226401283327,608226401290887,0,0,4,132,48,95,1,1,95,1,1,rocsolver,2,351,1914,10892,10892,call10892-n351-lda1914.bin,b1d133da1657fb88a1d4825deb0c93ad564fd8a0a85a891bd7685067aef3aed0,hipLaunchKernel,608226401275557,608226401281057,GETRF|backend=rocsolver|call_id=2|n=351|lda=1914,traces/rocsolver-n351-lda1914/trace_kernel_trace.csv,51,51,compute,panel_GETF2
KERNEL_DISPATCH,Agent 4,1,1,2777538,184,204,"void rocsolver::v33200::unit_forward_substitution_kernel<double, int, double*>(int, int, double*, int, int, long, long, double*, int, int, long, long)",24138,608226401296996,608226401305517,0,0,12,4,32,16,64,1,16,128,1,rocsolver,2,351,1914,10892,10892,call10892-n351-lda1914.bin,b1d133da1657fb88a1d4825deb0c93ad564fd8a0a85a891bd7685067aef3aed0,hipLaunchKernel,608226401285117,608226401294367,GETRF|backend=rocsolver|call_id=2|n=351|lda=1914,traces/rocsolver-n351-lda1914/trace_kernel_trace.csv,52,52,compute,internal_TRSM
KERNEL_DISPATCH,Agent 4,1,1,2777538,185,967,Cijk_Ailk_Bljk_DB_MT64x64x16_MI16x16x4x1_SN_1LDSB1_APM1_ABV0_ACED0_AF0EM1_AF1EM1_AMAS0_ASE_ASGT_ASLT_ASM_ASAE01_ASCE01_ASEM1_AAC0_BL1_BS1_CLR0_DTLA0_DTLB0_DTVA1_DTVB0_DVO0_ETSP_EPS1_ELFLR0_EMLL0_FSSC10_FL0_GLVWA1_GLVWB1_GRCGA1_GRCGB1_GRPM1_GRVW1_GSU1_GSUASB_GLS0_ISA942_IU1_K1_KLA_LBSPPA0_LBSPPB128_LPA0_LPB4_LDL1_LRVW2_LWPMn1_LDW0_FMA_MIAV1_MDA2_MO40_MMFSC_MKFGSU256_NTA0_NTB0_NTC3_NTD3_NEPBS0_NLCA1_NLCB1_ONLL1_OPLV0_PK0_PAP0_PGR2_PLR5_PKA0_SIA3_SLW1_SS1_SU0_SUM0_SUS0_SCIUI1_SPO1_SRVW0_SSO6_SVW1_SNLL0_TSGRA0_TSGRB0_TT1_64_TLDS1_UMLDSA0_UMLDSB1_U64SL1_USFGROn1_VAW1_VSn1_VW1_VWB1_VFLRP0_WSGRA0_WSGRB0_WS64_WG64_4_1_WGM6,24141,608226401316667,608226401321707,10240,0,128,0,80,256,1,1,512,2,1,rocsolver,2,351,1914,10892,10892,call10892-n351-lda1914.bin,b1d133da1657fb88a1d4825deb0c93ad564fd8a0a85a891bd7685067aef3aed0,hipExtModuleLaunchKernel,608226401304817,608226401314417,GETRF|backend=rocsolver|call_id=2|n=351|lda=1914,traces/rocsolver-n351-lda1914/trace_kernel_trace.csv,53,53,compute,internal_GEMM
KERNEL_DISPATCH,Agent 4,1,1,2777538,186,87,"void rocsolver::v33200::getf2_npvt_small_kernel<16, double, int, int, double*>(int, double*, long, int, long, int*, int, int)",24144,608226401325267,608226401332907,0,0,4,132,48,79,1,1,79,1,1,rocsolver,2,351,1914,10892,10892,call10892-n351-lda1914.bin,b1d133da1657fb88a1d4825deb0c93ad564fd8a0a85a891bd7685067aef3aed0,hipLaunchKernel,608226401316877,608226401323187,GETRF|backend=rocsolver|call_id=2|n=351|lda=1914,traces/rocsolver-n351-lda1914/trace_kernel_trace.csv,54,54,compute,panel_GETF2
KERNEL_DISPATCH,Agent 4,1,1,2777538,187,204,"void rocsolver::v33200::unit_forward_substitution_kernel<double, int, double*>(int, int, double*, int, int, long, long, double*, int, int, long, long)",24147,608226401337477,608226401346757,0,0,12,4,32,16,64,1,16,64,1,rocsolver,2,351,1914,10892,10892,call10892-n351-lda1914.bin,b1d133da1657fb88a1d4825deb0c93ad564fd8a0a85a891bd7685067aef3aed0,hipLaunchKernel,608226401325577,608226401335167,GETRF|backend=rocsolver|call_id=2|n=351|lda=1914,traces/rocsolver-n351-lda1914/trace_kernel_trace.csv,55,55,compute,internal_TRSM
KERNEL_DISPATCH,Agent 4,1,1,2777538,188,894,Cijk_Ailk_Bljk_DB_MT64x64x32_MI16x16x4x1_SN_1LDSB1_APM1_ABV0_ACED0_AF0EM1_AF1EM1_AMAS0_ASE_ASGT_ASLT_ASM_ASAE01_ASCE01_ASEM1_AAC0_BL1_BS1_CLR0_DTLA0_DTLB0_DTVA1_DTVB0_DVO0_ETSP_EPS1_ELFLR0_EMLL0_FSSC10_FL0_GLVWA1_GLVWB1_GRCGA1_GRCGB1_GRPM1_GRVW1_GSU1_GSUASB_GLS0_ISA942_IU1_K1_KLA_LBSPPA0_LBSPPB256_LPA0_LPB1_LDL1_LRVW1_LWPMn1_LDW0_FMA_MIAV1_MDA2_MO40_MMFSC_MKFGSU256_NTA0_NTB0_NTC3_NTD3_NEPBS0_NLCA1_NLCB1_ONLL1_OPLV0_PK0_PAP0_PGR2_PLR9_PKA0_SIA3_SLW1_SS1_SU0_SUM0_SUS0_SCIUI1_SPO1_SRVW0_SSO6_SVW1_SNLL0_TSGRA0_TSGRB0_TT1_64_TLDS1_UMLDSA0_UMLDSB1_U64SL1_USFGROn1_VAW1_VSn1_VW1_VWB1_VFLRP0_WSGRA0_WSGRB0_WS64_WG64_4_1_WGM12,24150,608226401353727,608226401359167,16896,0,40,128,80,256,1,1,256,1,1,rocsolver,2,351,1914,10892,10892,call10892-n351-lda1914.bin,b1d133da1657fb88a1d4825deb0c93ad564fd8a0a85a891bd7685067aef3aed0,hipExtModuleLaunchKernel,608226401342657,608226401351327,GETRF|backend=rocsolver|call_id=2|n=351|lda=1914,traces/rocsolver-n351-lda1914/trace_kernel_trace.csv,56,56,compute,internal_GEMM
KERNEL_DISPATCH,Agent 4,1,1,2777538,189,87,"void rocsolver::v33200::getf2_npvt_small_kernel<16, double, int, int, double*>(int, double*, long, int, long, int*, int, int)",24153,608226401365796,608226401373156,0,0,4,132,48,63,1,1,63,1,1,rocsolver,2,351,1914,10892,10892,call10892-n351-lda1914.bin,b1d133da1657fb88a1d4825deb0c93ad564fd8a0a85a891bd7685067aef3aed0,hipLaunchKernel,608226401353487,608226401362187,GETRF|backend=rocsolver|call_id=2|n=351|lda=1914,traces/rocsolver-n351-lda1914/trace_kernel_trace.csv,57,57,compute,panel_GETF2
KERNEL_DISPATCH,Agent 4,1,1,2777538,190,204,"void rocsolver::v33200::unit_forward_substitution_kernel<double, int, double*>(int, int, double*, int, int, long, long, double*, int, int, long, long)",24156,608226401376017,608226401384617,0,0,12,4,32,16,64,1,16,64,1,rocsolver,2,351,1914,10892,10892,call10892-n351-lda1914.bin,b1d133da1657fb88a1d4825deb0c93ad564fd8a0a85a891bd7685067aef3aed0,hipLaunchKernel,608226401364587,608226401373797,GETRF|backend=rocsolver|call_id=2|n=351|lda=1914,traces/rocsolver-n351-lda1914/trace_kernel_trace.csv,58,58,compute,internal_TRSM
KERNEL_DISPATCH,Agent 4,1,1,2777538,191,936,Cijk_Ailk_Bljk_DB_MT64x64x16_MI16x16x4x1_SN_1LDSB1_APM1_ABV0_ACED0_AF0EM1_AF1EM1_AMAS0_ASE_ASGT_ASLT_ASM_ASAE01_ASCE01_ASEM1_AAC0_BL1_BS1_CLR0_DTLA0_DTLB0_DTVA0_DTVB0_DVO0_ETSP_EPS1_ELFLR0_EMLL0_FSSC10_FL0_GLVWA1_GLVWB1_GRCGA1_GRCGB1_GRPM1_GRVW1_GSU1_GSUASB_GLS0_ISA942_IU1_K1_KLA_LBSPPA0_LBSPPB128_LPA0_LPB1_LDL1_LRVW1_LWPMn1_LDW0_FMA_MIAV1_MDA2_MO40_MMFSC_MKFGSU256_NTA0_NTB0_NTC3_NTD3_NEPBS0_NLCA1_NLCB1_ONLL1_OPLV0_PK0_PAP0_PGR2_PLR5_PKA0_SIA3_SLW1_SS1_SU0_SUM0_SUS0_SCIUI1_SPO1_SRVW0_SSO6_SVW1_SNLL0_TSGRA0_TSGRB0_TT2_32_TLDS1_UMLDSA0_UMLDSB1_U64SL1_USFGROn1_VAW1_VSn1_VW1_VWB1_VFLRP0_WSGRA0_WSGRB0_WS64_WG32_8_1_WGM6,24159,608226401395038,608226401399518,16896,0,40,128,80,256,1,1,256,1,1,rocsolver,2,351,1914,10892,10892,call10892-n351-lda1914.bin,b1d133da1657fb88a1d4825deb0c93ad564fd8a0a85a891bd7685067aef3aed0,hipExtModuleLaunchKernel,608226401383027,608226401392728,GETRF|backend=rocsolver|call_id=2|n=351|lda=1914,traces/rocsolver-n351-lda1914/trace_kernel_trace.csv,59,59,compute,internal_GEMM
KERNEL_DISPATCH,Agent 4,1,1,2777538,192,87,"void rocsolver::v33200::getf2_npvt_small_kernel<16, double, int, int, double*>(int, double*, long, int, long, int*, int, int)",24162,608226401488018,608226401495778,0,0,4,132,48,47,1,1,47,1,1,rocsolver,2,351,1914,10892,10892,call10892-n351-lda1914.bin,b1d133da1657fb88a1d4825deb0c93ad564fd8a0a85a891bd7685067aef3aed0,hipLaunchKernel,608226401466798,608226401484908,GETRF|backend=rocsolver|call_id=2|n=351|lda=1914,traces/rocsolver-n351-lda1914/trace_kernel_trace.csv,60,60,compute,panel_GETF2
KERNEL_DISPATCH,Agent 4,1,1,2777538,193,204,"void rocsolver::v33200::unit_forward_substitution_kernel<double, int, double*>(int, int, double*, int, int, long, long, double*, int, int, long, long)",24165,608226401495839,608226401504359,0,0,12,4,32,16,64,1,16,64,1,rocsolver,2,351,1914,10892,10892,call10892-n351-lda1914.bin,b1d133da1657fb88a1d4825deb0c93ad564fd8a0a85a891bd7685067aef3aed0,hipLaunchKernel,608226401486988,608226401493938,GETRF|backend=rocsolver|call_id=2|n=351|lda=1914,traces/rocsolver-n351-lda1914/trace_kernel_trace.csv,61,61,compute,internal_TRSM
KERNEL_DISPATCH,Agent 4,1,1,2777538,194,934,Cijk_Ailk_Bljk_DB_MT64x32x16_MI16x16x4x1_SN_1LDSB1_APM1_ABV0_ACED0_AF0EM1_AF1EM1_AMAS0_ASE_ASGT_ASLT_ASM_ASAE01_ASCE01_ASEM1_AAC0_BL1_BS1_CLR0_DTLA0_DTLB0_DTVA1_DTVB0_DVO0_ETSP_EPS1_ELFLR0_EMLL0_FSSC10_FL0_GLVWA1_GLVWB1_GRCGA1_GRCGB1_GRPM1_GRVW1_GSU1_GSUASB_GLS0_ISA942_IU1_K1_KLA_LBSPPA0_LBSPPB128_LPA0_LPB4_LDL1_LRVW2_LWPMn1_LDW0_FMA_MIAV1_MDA2_MO40_MMFSC_MKFGSU256_NTA0_NTB0_NTC3_NTD3_NEPBS4_NLCA1_NLCB1_ONLL1_OPLV0_PK0_PAP0_PGR2_PLR5_PKA0_SIA3_SLW1_SS1_SU0_SUM0_SUS0_SCIUI1_SPO1_SRVW0_SSO6_SVW1_SNLL0_TSGRA0_TSGRB0_TT1_32_TLDS1_UMLDSA0_UMLDSB1_U64SL1_USFGROn1_VAW1_VSn1_VW1_VWB1_VFLRP0_WSGRA0_WSGRB0_WS64_WG64_4_1_WGM12,24168,608226401518409,608226401522169,5120,0,64,0,80,256,1,1,256,1,1,rocsolver,2,351,1914,10892,10892,call10892-n351-lda1914.bin,b1d133da1657fb88a1d4825deb0c93ad564fd8a0a85a891bd7685067aef3aed0,hipExtModuleLaunchKernel,608226401504749,608226401516379,GETRF|backend=rocsolver|call_id=2|n=351|lda=1914,traces/rocsolver-n351-lda1914/trace_kernel_trace.csv,62,62,compute,internal_GEMM
KERNEL_DISPATCH,Agent 4,1,1,2777538,195,87,"void rocsolver::v33200::getf2_npvt_small_kernel<16, double, int, int, double*>(int, double*, long, int, long, int*, int, int)",24171,608226401529318,608226401536679,0,0,4,132,48,31,1,1,31,1,1,rocsolver,2,351,1914,10892,10892,call10892-n351-lda1914.bin,b1d133da1657fb88a1d4825deb0c93ad564fd8a0a85a891bd7685067aef3aed0,hipLaunchKernel,608226401518869,608226401525809,GETRF|backend=rocsolver|call_id=2|n=351|lda=1914,traces/rocsolver-n351-lda1914/trace_kernel_trace.csv,63,63,compute,panel_GETF2
KERNEL_DISPATCH,Agent 4,1,1,2777538,196,204,"void rocsolver::v33200::unit_forward_substitution_kernel<double, int, double*>(int, int, double*, int, int, long, long, double*, int, int, long, long)",24174,608226401539249,608226401545649,0,0,12,4,32,16,64,1,16,64,1,rocsolver,2,351,1914,10892,10892,call10892-n351-lda1914.bin,b1d133da1657fb88a1d4825deb0c93ad564fd8a0a85a891bd7685067aef3aed0,hipLaunchKernel,608226401527999,608226401536889,GETRF|backend=rocsolver|call_id=2|n=351|lda=1914,traces/rocsolver-n351-lda1914/trace_kernel_trace.csv,64,64,compute,internal_TRSM
KERNEL_DISPATCH,Agent 4,1,1,2777538,197,934,Cijk_Ailk_Bljk_DB_MT64x32x16_MI16x16x4x1_SN_1LDSB1_APM1_ABV0_ACED0_AF0EM1_AF1EM1_AMAS0_ASE_ASGT_ASLT_ASM_ASAE01_ASCE01_ASEM1_AAC0_BL1_BS1_CLR0_DTLA0_DTLB0_DTVA1_DTVB0_DVO0_ETSP_EPS1_ELFLR0_EMLL0_FSSC10_FL0_GLVWA1_GLVWB1_GRCGA1_GRCGB1_GRPM1_GRVW1_GSU1_GSUASB_GLS0_ISA942_IU1_K1_KLA_LBSPPA0_LBSPPB128_LPA0_LPB4_LDL1_LRVW2_LWPMn1_LDW0_FMA_MIAV1_MDA2_MO40_MMFSC_MKFGSU256_NTA0_NTB0_NTC3_NTD3_NEPBS4_NLCA1_NLCB1_ONLL1_OPLV0_PK0_PAP0_PGR2_PLR5_PKA0_SIA3_SLW1_SS1_SU0_SUM0_SUS0_SCIUI1_SPO1_SRVW0_SSO6_SVW1_SNLL0_TSGRA0_TSGRB0_TT1_32_TLDS1_UMLDSA0_UMLDSB1_U64SL1_USFGROn1_VAW1_VSn1_VW1_VWB1_VFLRP0_WSGRA0_WSGRB0_WS64_WG64_4_1_WGM12,24177,608226401561319,608226401565359,5120,0,64,0,80,256,1,1,256,1,1,rocsolver,2,351,1914,10892,10892,call10892-n351-lda1914.bin,b1d133da1657fb88a1d4825deb0c93ad564fd8a0a85a891bd7685067aef3aed0,hipExtModuleLaunchKernel,608226401550049,608226401558759,GETRF|backend=rocsolver|call_id=2|n=351|lda=1914,traces/rocsolver-n351-lda1914/trace_kernel_trace.csv,65,65,compute,internal_GEMM
KERNEL_DISPATCH,Agent 4,1,1,2777538,198,88,"void rocsolver::v33200::getf2_npvt_small_kernel<15, double, int, int, double*>(int, double*, long, int, long, int*, int, int)",24180,608226401570879,608226401578039,0,0,104,0,48,15,1,1,15,1,1,rocsolver,2,351,1914,10892,10892,call10892-n351-lda1914.bin,b1d133da1657fb88a1d4825deb0c93ad564fd8a0a85a891bd7685067aef3aed0,hipLaunchKernel,608226401561539,608226401568699,GETRF|backend=rocsolver|call_id=2|n=351|lda=1914,traces/rocsolver-n351-lda1914/trace_kernel_trace.csv,66,66,compute,panel_GETF2
