"Kind","Agent_Id","Queue_Id","Thread_Id","Dispatch_Id","Kernel_Id","Kernel_Name","Correlation_Id","Start_Timestamp","End_Timestamp","Private_Segment_Size","Group_Segment_Size","Workgroup_Size_X","Workgroup_Size_Y","Workgroup_Size_Z","Grid_Size_X","Grid_Size_Y","Grid_Size_Z"
"KERNEL_DISPATCH",1,1,234821,41,629,"Cijk_Ailk_Bljk_DB_MT128x64x16_MI16x16x4x1_SN_1LDSB1_APM1_ABV0_ACED0_AF0EM2_AF1EM2_AMAS3_ASE_ASGT_ASLT_ASM_ASAE01_ASCE01_ASEM2_AAC0_BL1_BS1_CLR0_DTLA0_DTLB0_DTVA1_DTVB0_DVO0_ETSP_EPS1_ELFLR0_EMLL0_FSSC10_FL0_GLVWA2_GLVWB2_GRCGA1_GRCGB1_GRPM1_GRVW2_GSU1_GSUASB_GLS0_ISA942_IU1_K1_KLA_LBSPPA0_LBSPPB0_LPA0_LPB2_LDL1_LRVW1_LWPMn1_LDW0_FMA_MIAV1_MDA2_MO40_MMFSC_MKFGSU256_NTA0_NTB0_NTC3_NTD3_NEPBS4_NLCA1_NLCB1_ONLL1_OPLV0_PK0_PAP0_PGR2_PLR1_PKA0_SIA3_SLW1_SS1_SU0_SUM0_SUS0_SCIUI1_SPO1_SRVW0_SSO6_SVW2_SNLL0_TSGRA0_TSGRB0_TT2_64_TLDS0_UMLDSA0_UMLDSB0_U64SL1_USFGROn1_VAW1_VSn1_VW2_VWB1_VFLRP0_WSGRA0_WSGRB0_WS64_WG64_4_1_WGM12",23247,6448475853476086,6448475853486182,0,8448,256,1,1,768,5,1
"KERNEL_DISPATCH",1,1,234821,40,203,"void rocsolver::v32802::unit_forward_substitution_kernel<double, int, double*>(int, int, double*, int, int, long, long, double*, int, int, long, long)",23244,6448475853366238,6448475853375452,0,512,16,64,1,16,320,1
"KERNEL_DISPATCH",1,1,234821,39,151,"void rocsolver::v32802::getf2_npvt_small_kernel<16, double, int, int, double*>(int, double*, long, int, long, int*, int, int)",23239,6448475853285554,6448475853292885,0,136,320,1,1,320,1,1
"KERNEL_DISPATCH",1,1,234821,38,629,"Cijk_Ailk_Bljk_DB_MT128x64x16_MI16x16x4x1_SN_1LDSB1_APM1_ABV0_ACED0_AF0EM2_AF1EM2_AMAS3_ASE_ASGT_ASLT_ASM_ASAE01_ASCE01_ASEM2_AAC0_BL1_BS1_CLR0_DTLA0_DTLB0_DTVA1_DTVB0_DVO0_ETSP_EPS1_ELFLR0_EMLL0_FSSC10_FL0_GLVWA2_GLVWB2_GRCGA1_GRCGB1_GRPM1_GRVW2_GSU1_GSUASB_GLS0_ISA942_IU1_K1_KLA_LBSPPA0_LBSPPB0_LPA0_LPB2_LDL1_LRVW1_LWPMn1_LDW0_FMA_MIAV1_MDA2_MO40_MMFSC_MKFGSU256_NTA0_NTB0_NTC3_NTD3_NEPBS4_NLCA1_NLCB1_ONLL1_OPLV0_PK0_PAP0_PGR2_PLR1_PKA0_SIA3_SLW1_SS1_SU0_SUM0_SUS0_SCIUI1_SPO1_SRVW0_SSO6_SVW2_SNLL0_TSGRA0_TSGRB0_TT2_64_TLDS0_UMLDSA0_UMLDSB0_U64SL1_USFGROn1_VAW1_VSn1_VW2_VWB1_VFLRP0_WSGRA0_WSGRB0_WS64_WG64_4_1_WGM12",23236,6448475853165490,6448475853172501,0,8448,256,1,1,768,5,1
"KERNEL_DISPATCH",1,1,234821,37,203,"void rocsolver::v32802::unit_forward_substitution_kernel<double, int, double*>(int, int, double*, int, int, long, long, double*, int, int, long, long)",23233,6448475853027479,6448475853037254,0,512,16,64,1,16,320,1
"KERNEL_DISPATCH",1,1,234821,36,151,"void rocsolver::v32802::getf2_npvt_small_kernel<16, double, int, int, double*>(int, double*, long, int, long, int*, int, int)",23228,6448475852947676,6448475852956930,0,136,336,1,1,336,1,1
"KERNEL_DISPATCH",1,1,234821,35,629,"Cijk_Ailk_Bljk_DB_MT128x64x16_MI16x16x4x1_SN_1LDSB1_APM1_ABV0_ACED0_AF0EM2_AF1EM2_AMAS3_ASE_ASGT_ASLT_ASM_ASAE01_ASCE01_ASEM2_AAC0_BL1_BS1_CLR0_DTLA0_DTLB0_DTVA1_DTVB0_DVO0_ETSP_EPS1_ELFLR0_EMLL0_FSSC10_FL0_GLVWA2_GLVWB2_GRCGA1_GRCGB1_GRPM1_GRVW2_GSU1_GSUASB_GLS0_ISA942_IU1_K1_KLA_LBSPPA0_LBSPPB0_LPA0_LPB2_LDL1_LRVW1_LWPMn1_LDW0_FMA_MIAV1_MDA2_MO40_MMFSC_MKFGSU256_NTA0_NTB0_NTC3_NTD3_NEPBS4_NLCA1_NLCB1_ONLL1_OPLV0_PK0_PAP0_PGR2_PLR1_PKA0_SIA3_SLW1_SS1_SU0_SUM0_SUS0_SCIUI1_SPO1_SRVW0_SSO6_SVW2_SNLL0_TSGRA0_TSGRB0_TT2_64_TLDS0_UMLDSA0_UMLDSB0_U64SL1_USFGROn1_VAW1_VSn1_VW2_VWB1_VFLRP0_WSGRA0_WSGRB0_WS64_WG64_4_1_WGM12",23225,6448475852869797,6448475852877008,0,8448,256,1,1,768,6,1
"KERNEL_DISPATCH",1,1,234821,34,203,"void rocsolver::v32802::unit_forward_substitution_kernel<double, int, double*>(int, int, double*, int, int, long, long, double*, int, int, long, long)",23222,6448475852728460,6448475852737955,0,512,16,64,1,16,384,1
"KERNEL_DISPATCH",1,1,234821,33,151,"void rocsolver::v32802::getf2_npvt_small_kernel<16, double, int, int, double*>(int, double*, long, int, long, int*, int, int)",23217,6448475852643610,6448475852652664,0,136,352,1,1,352,1,1
"KERNEL_DISPATCH",1,1,234821,32,629,"Cijk_Ailk_Bljk_DB_MT128x64x16_MI16x16x4x1_SN_1LDSB1_APM1_ABV0_ACED0_AF0EM2_AF1EM2_AMAS3_ASE_ASGT_ASLT_ASM_ASAE01_ASCE01_ASEM2_AAC0_BL1_BS1_CLR0_DTLA0_DTLB0_DTVA1_DTVB0_DVO0_ETSP_EPS1_ELFLR0_EMLL0_FSSC10_FL0_GLVWA2_GLVWB2_GRCGA1_GRCGB1_GRPM1_GRVW2_GSU1_GSUASB_GLS0_ISA942_IU1_K1_KLA_LBSPPA0_LBSPPB0_LPA0_LPB2_LDL1_LRVW1_LWPMn1_LDW0_FMA_MIAV1_MDA2_MO40_MMFSC_MKFGSU256_NTA0_NTB0_NTC3_NTD3_NEPBS4_NLCA1_NLCB1_ONLL1_OPLV0_PK0_PAP0_PGR2_PLR1_PKA0_SIA3_SLW1_SS1_SU0_SUM0_SUS0_SCIUI1_SPO1_SRVW0_SSO6_SVW2_SNLL0_TSGRA0_TSGRB0_TT2_64_TLDS0_UMLDSA0_UMLDSB0_U64SL1_USFGROn1_VAW1_VSn1_VW2_VWB1_VFLRP0_WSGRA0_WSGRB0_WS64_WG64_4_1_WGM12",23214,6448475852564809,6448475852573623,0,8448,256,1,1,768,6,1
"KERNEL_DISPATCH",1,1,234821,31,203,"void rocsolver::v32802::unit_forward_substitution_kernel<double, int, double*>(int, int, double*, int, int, long, long, double*, int, int, long, long)",23211,6448475852423472,6448475852433848,0,512,16,64,1,16,384,1
"KERNEL_DISPATCH",1,1,234821,30,151,"void rocsolver::v32802::getf2_npvt_small_kernel<16, double, int, int, double*>(int, double*, long, int, long, int*, int, int)",23206,6448475852324801,6448475852333695,0,136,368,1,1,368,1,1
"KERNEL_DISPATCH",1,1,234821,29,629,"Cijk_Ailk_Bljk_DB_MT128x64x16_MI16x16x4x1_SN_1LDSB1_APM1_ABV0_ACED0_AF0EM2_AF1EM2_AMAS3_ASE_ASGT_ASLT_ASM_ASAE01_ASCE01_ASEM2_AAC0_BL1_BS1_CLR0_DTLA0_DTLB0_DTVA1_DTVB0_DVO0_ETSP_EPS1_ELFLR0_EMLL0_FSSC10_FL0_GLVWA2_GLVWB2_GRCGA1_GRCGB1_GRPM1_GRVW2_GSU1_GSUASB_GLS0_ISA942_IU1_K1_KLA_LBSPPA0_LBSPPB0_LPA0_LPB2_LDL1_LRVW1_LWPMn1_LDW0_FMA_MIAV1_MDA2_MO40_MMFSC_MKFGSU256_NTA0_NTB0_NTC3_NTD3_NEPBS4_NLCA1_NLCB1_ONLL1_OPLV0_PK0_PAP0_PGR2_PLR1_PKA0_SIA3_SLW1_SS1_SU0_SUM0_SUS0_SCIUI1_SPO1_SRVW0_SSO6_SVW2_SNLL0_TSGRA0_TSGRB0_TT2_64_TLDS0_UMLDSA0_UMLDSB0_U64SL1_USFGROn1_VAW1_VSn1_VW2_VWB1_VFLRP0_WSGRA0_WSGRB0_WS64_WG64_4_1_WGM12",23203,6448475852250447,6448475852259942,0,8448,256,1,1,768,6,1
"KERNEL_DISPATCH",1,1,234821,28,203,"void rocsolver::v32802::unit_forward_substitution_kernel<double, int, double*>(int, int, double*, int, int, long, long, double*, int, int, long, long)",23200,6448475852119326,6448475852132627,0,512,16,64,1,16,384,1
"KERNEL_DISPATCH",1,1,234821,27,151,"void rocsolver::v32802::getf2_npvt_small_kernel<16, double, int, int, double*>(int, double*, long, int, long, int*, int, int)",23195,6448475852015968,6448475852024981,0,136,384,1,1,384,1,1
"KERNEL_DISPATCH",1,1,234821,26,859,"Cijk_Ailk_Bljk_DB_MT64x32x32_MI16x16x4x1_SN_1LDSB1_APM1_ABV0_ACED0_AF0EM2_AF1EM2_AMAS3_ASE_ASGT_ASLT_ASM_ASAE01_ASCE01_ASEM2_AAC0_BL1_BS1_CLR0_DTLA0_DTLB0_DTVA0_DTVB0_DVO0_ETSP_EPS1_ELFLR0_EMLL0_FSSC10_FL0_GLVWA2_GLVWB2_GRCGA1_GRCGB1_GRPM1_GRVW2_GSU1_GSUASB_GLS0_ISA942_IU1_K1_KLA_LBSPPA0_LBSPPB256_LPA0_LPB4_LDL1_LRVW2_LWPMn1_LDW0_FMA_MIAV1_MDA2_MO40_MMFSC_MKFGSU256_NTA0_NTB0_NTC3_NTD3_NEPBS0_NLCA1_NLCB1_ONLL1_OPLV0_PK0_PAP0_PGR2_PLR9_PKA0_SIA3_SLW1_SS1_SU0_SUM0_SUS0_SCIUI1_SPO1_SRVW0_SSO6_SVW2_SNLL0_TSGRA0_TSGRB0_TT2_16_TLDS1_UMLDSA0_UMLDSB1_U64SL1_USFGROn1_VAW1_VSn1_VW2_VWB1_VFLRP0_WSGRA0_WSGRB0_WS64_WG32_8_1_WGM6",23192,6448475851994695,6448475851999302,0,25600,256,1,1,1536,12,1
"KERNEL_DISPATCH",1,1,234821,25,203,"void rocsolver::v32802::unit_forward_substitution_kernel<double, int, double*>(int, int, double*, int, int, long, long, double*, int, int, long, long)",23189,6448475851860009,6448475851869904,0,512,16,64,1,16,384,1
"KERNEL_DISPATCH",1,1,234821,24,151,"void rocsolver::v32802::getf2_npvt_small_kernel<16, double, int, int, double*>(int, double*, long, int, long, int*, int, int)",23184,6448475851771072,6448475851780687,0,136,400,1,1,400,1,1
"KERNEL_DISPATCH",1,1,234821,23,859,"Cijk_Ailk_Bljk_DB_MT64x32x32_MI16x16x4x1_SN_1LDSB1_APM1_ABV0_ACED0_AF0EM2_AF1EM2_AMAS3_ASE_ASGT_ASLT_ASM_ASAE01_ASCE01_ASEM2_AAC0_BL1_BS1_CLR0_DTLA0_DTLB0_DTVA0_DTVB0_DVO0_ETSP_EPS1_ELFLR0_EMLL0_FSSC10_FL0_GLVWA2_GLVWB2_GRCGA1_GRCGB1_GRPM1_GRVW2_GSU1_GSUASB_GLS0_ISA942_IU1_K1_KLA_LBSPPA0_LBSPPB256_LPA0_LPB4_LDL1_LRVW2_LWPMn1_LDW0_FMA_MIAV1_MDA2_MO40_MMFSC_MKFGSU256_NTA0_NTB0_NTC3_NTD3_NEPBS0_NLCA1_NLCB1_ONLL1_OPLV0_PK0_PAP0_PGR2_PLR9_PKA0_SIA3_SLW1_SS1_SU0_SUM0_SUS0_SCIUI1_SPO1_SRVW0_SSO6_SVW2_SNLL0_TSGRA0_TSGRB0_TT2_16_TLDS1_UMLDSA0_UMLDSB1_U64SL1_USFGROn1_VAW1_VSn1_VW2_VWB1_VFLRP0_WSGRA0_WSGRB0_WS64_WG32_8_1_WGM6",23181,6448475851694194,6448475851699002,0,25600,256,1,1,1792,13,1
"KERNEL_DISPATCH",1,1,234821,22,203,"void rocsolver::v32802::unit_forward_substitution_kernel<double, int, double*>(int, int, double*, int, int, long, long, double*, int, int, long, long)",23178,6448475851556944,6448475851566519,0,512,16,64,1,16,448,1
"KERNEL_DISPATCH",1,1,234821,21,151,"void rocsolver::v32802::getf2_npvt_small_kernel<16, double, int, int, double*>(int, double*, long, int, long, int*, int, int)",23173,6448475851470251,6448475851480066,0,136,416,1,1,416,1,1
"KERNEL_DISPATCH",1,1,234821,20,859,"Cijk_Ailk_Bljk_DB_MT64x32x32_MI16x16x4x1_SN_1LDSB1_APM1_ABV0_ACED0_AF0EM2_AF1EM2_AMAS3_ASE_ASGT_ASLT_ASM_ASAE01_ASCE01_ASEM2_AAC0_BL1_BS1_CLR0_DTLA0_DTLB0_DTVA0_DTVB0_DVO0_ETSP_EPS1_ELFLR0_EMLL0_FSSC10_FL0_GLVWA2_GLVWB2_GRCGA1_GRCGB1_GRPM1_GRVW2_GSU1_GSUASB_GLS0_ISA942_IU1_K1_KLA_LBSPPA0_LBSPPB256_LPA0_LPB4_LDL1_LRVW2_LWPMn1_LDW0_FMA_MIAV1_MDA2_MO40_MMFSC_MKFGSU256_NTA0_NTB0_NTC3_NTD3_NEPBS0_NLCA1_NLCB1_ONLL1_OPLV0_PK0_PAP0_PGR2_PLR9_PKA0_SIA3_SLW1_SS1_SU0_SUM0_SUS0_SCIUI1_SPO1_SRVW0_SSO6_SVW2_SNLL0_TSGRA0_TSGRB0_TT2_16_TLDS1_UMLDSA0_UMLDSB1_U64SL1_USFGROn1_VAW1_VSn1_VW2_VWB1_VFLRP0_WSGRA0_WSGRB0_WS64_WG32_8_1_WGM6",23170,6448475851390769,6448475851395937,0,25600,256,1,1,1792,13,1
"KERNEL_DISPATCH",1,1,234821,19,203,"void rocsolver::v32802::unit_forward_substitution_kernel<double, int, double*>(int, int, double*, int, int, long, long, double*, int, int, long, long)",23167,6448475851248431,6448475851258606,0,512,16,64,1,16,448,1
"KERNEL_DISPATCH",1,1,234821,18,151,"void rocsolver::v32802::getf2_npvt_small_kernel<16, double, int, int, double*>(int, double*, long, int, long, int*, int, int)",23162,6448475851149639,6448475851159094,0,136,432,1,1,432,1,1
"KERNEL_DISPATCH",1,1,234821,17,859,"Cijk_Ailk_Bljk_DB_MT64x32x32_MI16x16x4x1_SN_1LDSB1_APM1_ABV0_ACED0_AF0EM2_AF1EM2_AMAS3_ASE_ASGT_ASLT_ASM_ASAE01_ASCE01_ASEM2_AAC0_BL1_BS1_CLR0_DTLA0_DTLB0_DTVA0_DTVB0_DVO0_ETSP_EPS1_ELFLR0_EMLL0_FSSC10_FL0_GLVWA2_GLVWB2_GRCGA1_GRCGB1_GRPM1_GRVW2_GSU1_GSUASB_GLS0_ISA942_IU1_K1_KLA_LBSPPA0_LBSPPB256_LPA0_LPB4_LDL1_LRVW2_LWPMn1_LDW0_FMA_MIAV1_MDA2_MO40_MMFSC_MKFGSU256_NTA0_NTB0_NTC3_NTD3_NEPBS0_NLCA1_NLCB1_ONLL1_OPLV0_PK0_PAP0_PGR2_PLR9_PKA0_SIA3_SLW1_SS1_SU0_SUM0_SUS0_SCIUI1_SPO1_SRVW0_SSO6_SVW2_SNLL0_TSGRA0_TSGRB0_TT2_16_TLDS1_UMLDSA0_UMLDSB1_U64SL1_USFGROn1_VAW1_VSn1_VW2_VWB1_VFLRP0_WSGRA0_WSGRB0_WS64_WG32_8_1_WGM6",23159,6448475851070999,6448475851076888,0,25600,256,1,1,1792,14,1
"KERNEL_DISPATCH",1,1,234821,16,203,"void rocsolver::v32802::unit_forward_substitution_kernel<double, int, double*>(int, int, double*, int, int, long, long, double*, int, int, long, long)",23156,6448475850915040,6448475850925055,0,512,16,64,1,16,448,1
"KERNEL_DISPATCH",1,1,234821,15,151,"void rocsolver::v32802::getf2_npvt_small_kernel<16, double, int, int, double*>(int, double*, long, int, long, int*, int, int)",23151,6448475850896932,6448475850906266,0,136,448,1,1,448,1,1
"KERNEL_DISPATCH",1,1,234821,14,859,"Cijk_Ailk_Bljk_DB_MT64x32x32_MI16x16x4x1_SN_1LDSB1_APM1_ABV0_ACED0_AF0EM2_AF1EM2_AMAS3_ASE_ASGT_ASLT_ASM_ASAE01_ASCE01_ASEM2_AAC0_BL1_BS1_CLR0_DTLA0_DTLB0_DTVA0_DTVB0_DVO0_ETSP_EPS1_ELFLR0_EMLL0_FSSC10_FL0_GLVWA2_GLVWB2_GRCGA1_GRCGB1_GRPM1_GRVW2_GSU1_GSUASB_GLS0_ISA942_IU1_K1_KLA_LBSPPA0_LBSPPB256_LPA0_LPB4_LDL1_LRVW2_LWPMn1_LDW0_FMA_MIAV1_MDA2_MO40_MMFSC_MKFGSU256_NTA0_NTB0_NTC3_NTD3_NEPBS0_NLCA1_NLCB1_ONLL1_OPLV0_PK0_PAP0_PGR2_PLR9_PKA0_SIA3_SLW1_SS1_SU0_SUM0_SUS0_SCIUI1_SPO1_SRVW0_SSO6_SVW2_SNLL0_TSGRA0_TSGRB0_TT2_16_TLDS1_UMLDSA0_UMLDSB1_U64SL1_USFGROn1_VAW1_VSn1_VW2_VWB1_VFLRP0_WSGRA0_WSGRB0_WS64_WG32_8_1_WGM6",23148,6448475850881909,6448475850887157,0,25600,256,1,1,1792,14,1
"KERNEL_DISPATCH",1,1,234821,13,203,"void rocsolver::v32802::unit_forward_substitution_kernel<double, int, double*>(int, int, double*, int, int, long, long, double*, int, int, long, long)",23145,6448475850863080,6448475850872414,0,512,16,64,1,16,448,1
"KERNEL_DISPATCH",1,1,234821,12,151,"void rocsolver::v32802::getf2_npvt_small_kernel<16, double, int, int, double*>(int, double*, long, int, long, int*, int, int)",23140,6448475850846094,6448475850855629,0,136,464,1,1,464,1,1
"KERNEL_DISPATCH",1,1,234821,11,859,"Cijk_Ailk_Bljk_DB_MT64x32x32_MI16x16x4x1_SN_1LDSB1_APM1_ABV0_ACED0_AF0EM2_AF1EM2_AMAS3_ASE_ASGT_ASLT_ASM_ASAE01_ASCE01_ASEM2_AAC0_BL1_BS1_CLR0_DTLA0_DTLB0_DTVA0_DTVB0_DVO0_ETSP_EPS1_ELFLR0_EMLL0_FSSC10_FL0_GLVWA2_GLVWB2_GRCGA1_GRCGB1_GRPM1_GRVW2_GSU1_GSUASB_GLS0_ISA942_IU1_K1_KLA_LBSPPA0_LBSPPB256_LPA0_LPB4_LDL1_LRVW2_LWPMn1_LDW0_FMA_MIAV1_MDA2_MO40_MMFSC_MKFGSU256_NTA0_NTB0_NTC3_NTD3_NEPBS0_NLCA1_NLCB1_ONLL1_OPLV0_PK0_PAP0_PGR2_PLR9_PKA0_SIA3_SLW1_SS1_SU0_SUM0_SUS0_SCIUI1_SPO1_SRVW0_SSO6_SVW2_SNLL0_TSGRA0_TSGRB0_TT2_16_TLDS1_UMLDSA0_UMLDSB1_U64SL1_USFGROn1_VAW1_VSn1_VW2_VWB1_VFLRP0_WSGRA0_WSGRB0_WS64_WG32_8_1_WGM6",23137,6448475850835277,6448475850839844,0,25600,256,1,1,2048,15,1
"KERNEL_DISPATCH",1,1,234821,10,203,"void rocsolver::v32802::unit_forward_substitution_kernel<double, int, double*>(int, int, double*, int, int, long, long, double*, int, int, long, long)",23134,6448475850814846,6448475850823700,0,512,16,64,1,16,512,1
"KERNEL_DISPATCH",1,1,234821,9,151,"void rocsolver::v32802::getf2_npvt_small_kernel<16, double, int, int, double*>(int, double*, long, int, long, int*, int, int)",23129,6448475850803228,6448475850812803,0,136,480,1,1,480,1,1
"KERNEL_DISPATCH",1,1,234821,8,859,"Cijk_Ailk_Bljk_DB_MT64x32x32_MI16x16x4x1_SN_1LDSB1_APM1_ABV0_ACED0_AF0EM2_AF1EM2_AMAS3_ASE_ASGT_ASLT_ASM_ASAE01_ASCE01_ASEM2_AAC0_BL1_BS1_CLR0_DTLA0_DTLB0_DTVA0_DTVB0_DVO0_ETSP_EPS1_ELFLR0_EMLL0_FSSC10_FL0_GLVWA2_GLVWB2_GRCGA1_GRCGB1_GRPM1_GRVW2_GSU1_GSUASB_GLS0_ISA942_IU1_K1_KLA_LBSPPA0_LBSPPB256_LPA0_LPB4_LDL1_LRVW2_LWPMn1_LDW0_FMA_MIAV1_MDA2_MO40_MMFSC_MKFGSU256_NTA0_NTB0_NTC3_NTD3_NEPBS0_NLCA1_NLCB1_ONLL1_OPLV0_PK0_PAP0_PGR2_PLR9_PKA0_SIA3_SLW1_SS1_SU0_SUM0_SUS0_SCIUI1_SPO1_SRVW0_SSO6_SVW2_SNLL0_TSGRA0_TSGRB0_TT2_16_TLDS1_UMLDSA0_UMLDSB1_U64SL1_USFGROn1_VAW1_VSn1_VW2_VWB1_VFLRP0_WSGRA0_WSGRB0_WS64_WG32_8_1_WGM6",23126,6448475850786643,6448475850791450,0,25600,256,1,1,2048,15,1
"KERNEL_DISPATCH",1,1,234821,7,203,"void rocsolver::v32802::unit_forward_substitution_kernel<double, int, double*>(int, int, double*, int, int, long, long, double*, int, int, long, long)",23123,6448475850762285,6448475850771980,0,512,16,64,1,16,512,1
"KERNEL_DISPATCH",1,1,234821,6,151,"void rocsolver::v32802::getf2_npvt_small_kernel<16, double, int, int, double*>(int, double*, long, int, long, int*, int, int)",23118,6448475850750507,6448475850760242,0,136,496,1,1,496,1,1
"KERNEL_DISPATCH",1,1,234821,5,859,"Cijk_Ailk_Bljk_DB_MT64x32x32_MI16x16x4x1_SN_1LDSB1_APM1_ABV0_ACED0_AF0EM2_AF1EM2_AMAS3_ASE_ASGT_ASLT_ASM_ASAE01_ASCE01_ASEM2_AAC0_BL1_BS1_CLR0_DTLA0_DTLB0_DTVA0_DTVB0_DVO0_ETSP_EPS1_ELFLR0_EMLL0_FSSC10_FL0_GLVWA2_GLVWB2_GRCGA1_GRCGB1_GRPM1_GRVW2_GSU1_GSUASB_GLS0_ISA942_IU1_K1_KLA_LBSPPA0_LBSPPB256_LPA0_LPB4_LDL1_LRVW2_LWPMn1_LDW0_FMA_MIAV1_MDA2_MO40_MMFSC_MKFGSU256_NTA0_NTB0_NTC3_NTD3_NEPBS0_NLCA1_NLCB1_ONLL1_OPLV0_PK0_PAP0_PGR2_PLR9_PKA0_SIA3_SLW1_SS1_SU0_SUM0_SUS0_SCIUI1_SPO1_SRVW0_SSO6_SVW2_SNLL0_TSGRA0_TSGRB0_TT2_16_TLDS1_UMLDSA0_UMLDSB1_U64SL1_USFGROn1_VAW1_VSn1_VW2_VWB1_VFLRP0_WSGRA0_WSGRB0_WS64_WG32_8_1_WGM6",23115,6448475850734924,6448475850739571,0,25600,256,1,1,2048,16,1
"KERNEL_DISPATCH",1,1,234821,4,203,"void rocsolver::v32802::unit_forward_substitution_kernel<double, int, double*>(int, int, double*, int, int, long, long, double*, int, int, long, long)",23112,6448475850702834,6448475850712970,0,512,16,64,1,16,512,1
"KERNEL_DISPATCH",1,1,234821,3,151,"void rocsolver::v32802::getf2_npvt_small_kernel<16, double, int, int, double*>(int, double*, long, int, long, int*, int, int)",23107,6448475850679398,6448475850690215,0,136,512,1,1,512,1,1
"KERNEL_DISPATCH",1,1,234821,2,32,"void rocsolver::v32802::reset_info<int, int, int>(int*, int, int, int)",23104,6448475850659288,6448475850661090,0,0,256,1,1,256,1,1
"KERNEL_DISPATCH",1,1,234821,1,12,"void rocsolver::v32802::iota_n<double>(double*, unsigned int, double)",23101,6448475850636813,6448475850638736,0,0,32,1,1,32,1,1
"KERNEL_DISPATCH",1,1,234821,42,151,"void rocsolver::v32802::getf2_npvt_small_kernel<16, double, int, int, double*>(int, double*, long, int, long, int*, int, int)",23250,6448475853553205,6448475853562178,0,136,304,1,1,304,1,1
"KERNEL_DISPATCH",1,1,234821,46,203,"void rocsolver::v32802::unit_forward_substitution_kernel<double, int, double*>(int, int, double*, int, int, long, long, double*, int, int, long, long)",23266,6448475853821415,6448475853830629,0,512,16,64,1,16,320,1
"KERNEL_DISPATCH",1,1,234821,45,151,"void rocsolver::v32802::getf2_npvt_small_kernel<16, double, int, int, double*>(int, double*, long, int, long, int*, int, int)",23261,6448475853804549,6448475853813643,0,136,288,1,1,288,1,1
"KERNEL_DISPATCH",1,1,234821,44,629,"Cijk_Ailk_Bljk_DB_MT128x64x16_MI16x16x4x1_SN_1LDSB1_APM1_ABV0_ACED0_AF0EM2_AF1EM2_AMAS3_ASE_ASGT_ASLT_ASM_ASAE01_ASCE01_ASEM2_AAC0_BL1_BS1_CLR0_DTLA0_DTLB0_DTVA1_DTVB0_DVO0_ETSP_EPS1_ELFLR0_EMLL0_FSSC10_FL0_GLVWA2_GLVWB2_GRCGA1_GRCGB1_GRPM1_GRVW2_GSU1_GSUASB_GLS0_ISA942_IU1_K1_KLA_LBSPPA0_LBSPPB0_LPA0_LPB2_LDL1_LRVW1_LWPMn1_LDW0_FMA_MIAV1_MDA2_MO40_MMFSC_MKFGSU256_NTA0_NTB0_NTC3_NTD3_NEPBS4_NLCA1_NLCB1_ONLL1_OPLV0_PK0_PAP0_PGR2_PLR1_PKA0_SIA3_SLW1_SS1_SU0_SUM0_SUS0_SCIUI1_SPO1_SRVW0_SSO6_SVW2_SNLL0_TSGRA0_TSGRB0_TT2_64_TLDS0_UMLDSA0_UMLDSB0_U64SL1_USFGROn1_VAW1_VSn1_VW2_VWB1_VFLRP0_WSGRA0_WSGRB0_WS64_WG64_4_1_WGM12",23258,6448475853735483,6448475853745458,0,8448,256,1,1,768,5,1
"KERNEL_DISPATCH",1,1,234821,43,203,"void rocsolver::v32802::unit_forward_substitution_kernel<double, int, double*>(int, int, double*, int, int, long, long, double*, int, int, long, long)",23255,6448475853624353,6448475853633527,0,512,16,64,1,16,320,1
"KERNEL_DISPATCH",1,1,234821,47,753,"Cijk_Ailk_Bljk_DB_MT64x64x16_MI16x16x4x1_SN_1LDSB1_APM1_ABV0_ACED0_AF0EM2_AF1EM2_AMAS3_ASE_ASGT_ASLT_ASM_ASAE01_ASCE01_ASEM2_AAC0_BL1_BS1_CLR0_DTLA0_DTLB0_DTVA0_DTVB0_DVO0_ETSP_EPS1_ELFLR0_EMLL0_FSSC10_FL0_GLVWA2_GLVWB2_GRCGA1_GRCGB1_GRPM1_GRVW2_GSU1_GSUASB_GLS0_ISA942_IU1_K1_KLA_LBSPPA0_LBSPPB128_LPA0_LPB2_LDL1_LRVW1_LWPMn1_LDW0_FMA_MIAV1_MDA2_MO40_MMFSC_MKFGSU256_NTA0_NTB0_NTC3_NTD3_NEPBS4_NLCA1_NLCB1_ONLL1_OPLV0_PK0_PAP0_PGR2_PLR5_PKA0_SIA3_SLW1_SS1_SU0_SUM0_SUS0_SCIUI1_SPO1_SRVW0_SSO6_SVW2_SNLL0_TSGRA0_TSGRB0_TT2_32_TLDS1_UMLDSA0_UMLDSB1_U64SL1_USFGROn1_VAW1_VSn1_VW2_VWB1_VFLRP0_WSGRA0_WSGRB0_WS64_WG32_8_1_WGM6",23269,6448475853884311,6448475853891122,0,17408,256,1,1,1280,5,1
"KERNEL_DISPATCH",1,1,234821,49,203,"void rocsolver::v32802::unit_forward_substitution_kernel<double, int, double*>(int, int, double*, int, int, long, long, double*, int, int, long, long)",23277,6448475853917923,6448475853927217,0,512,16,64,1,16,256,1
"KERNEL_DISPATCH",1,1,234821,48,151,"void rocsolver::v32802::getf2_npvt_small_kernel<16, double, int, int, double*>(int, double*, long, int, long, int*, int, int)",23272,6448475853899094,6448475853907867,0,136,272,1,1,272,1,1
"KERNEL_DISPATCH",1,1,234821,50,753,"Cijk_Ailk_Bljk_DB_MT64x64x16_MI16x16x4x1_SN_1LDSB1_APM1_ABV0_ACED0_AF0EM2_AF1EM2_AMAS3_ASE_ASGT_ASLT_ASM_ASAE01_ASCE01_ASEM2_AAC0_BL1_BS1_CLR0_DTLA0_DTLB0_DTVA0_DTVB0_DVO0_ETSP_EPS1_ELFLR0_EMLL0_FSSC10_FL0_GLVWA2_GLVWB2_GRCGA1_GRCGB1_GRPM1_GRVW2_GSU1_GSUASB_GLS0_ISA942_IU1_K1_KLA_LBSPPA0_LBSPPB128_LPA0_LPB2_LDL1_LRVW1_LWPMn1_LDW0_FMA_MIAV1_MDA2_MO40_MMFSC_MKFGSU256_NTA0_NTB0_NTC3_NTD3_NEPBS4_NLCA1_NLCB1_ONLL1_OPLV0_PK0_PAP0_PGR2_PLR5_PKA0_SIA3_SLW1_SS1_SU0_SUM0_SUS0_SCIUI1_SPO1_SRVW0_SSO6_SVW2_SNLL0_TSGRA0_TSGRB0_TT2_32_TLDS1_UMLDSA0_UMLDSB1_U64SL1_USFGROn1_VAW1_VSn1_VW2_VWB1_VFLRP0_WSGRA0_WSGRB0_WS64_WG32_8_1_WGM6",23280,6448475853939235,6448475853943682,0,17408,256,1,1,1024,4,1
"KERNEL_DISPATCH",1,1,234821,51,151,"void rocsolver::v32802::getf2_npvt_small_kernel<16, double, int, int, double*>(int, double*, long, int, long, int*, int, int)",23283,6448475853950212,6448475853958225,0,136,256,1,1,256,1,1
"KERNEL_DISPATCH",1,1,234821,52,203,"void rocsolver::v32802::unit_forward_substitution_kernel<double, int, double*>(int, int, double*, int, int, long, long, double*, int, int, long, long)",23288,6448475853966557,6448475853975972,0,512,16,64,1,16,256,1
"KERNEL_DISPATCH",1,1,234821,53,753,"Cijk_Ailk_Bljk_DB_MT64x64x16_MI16x16x4x1_SN_1LDSB1_APM1_ABV0_ACED0_AF0EM2_AF1EM2_AMAS3_ASE_ASGT_ASLT_ASM_ASAE01_ASCE01_ASEM2_AAC0_BL1_BS1_CLR0_DTLA0_DTLB0_DTVA0_DTVB0_DVO0_ETSP_EPS1_ELFLR0_EMLL0_FSSC10_FL0_GLVWA2_GLVWB2_GRCGA1_GRCGB1_GRPM1_GRVW2_GSU1_GSUASB_GLS0_ISA942_IU1_K1_KLA_LBSPPA0_LBSPPB128_LPA0_LPB2_LDL1_LRVW1_LWPMn1_LDW0_FMA_MIAV1_MDA2_MO40_MMFSC_MKFGSU256_NTA0_NTB0_NTC3_NTD3_NEPBS4_NLCA1_NLCB1_ONLL1_OPLV0_PK0_PAP0_PGR2_PLR5_PKA0_SIA3_SLW1_SS1_SU0_SUM0_SUS0_SCIUI1_SPO1_SRVW0_SSO6_SVW2_SNLL0_TSGRA0_TSGRB0_TT2_32_TLDS1_UMLDSA0_UMLDSB1_U64SL1_USFGROn1_VAW1_VSn1_VW2_VWB1_VFLRP0_WSGRA0_WSGRB0_WS64_WG32_8_1_WGM6",23291,6448475853984756,6448475853990685,0,17408,256,1,1,1024,4,1
"KERNEL_DISPATCH",1,1,234821,54,151,"void rocsolver::v32802::getf2_npvt_small_kernel<16, double, int, int, double*>(int, double*, long, int, long, int*, int, int)",23294,6448475853996884,6448475854004896,0,136,240,1,1,240,1,1
"KERNEL_DISPATCH",1,1,234821,55,203,"void rocsolver::v32802::unit_forward_substitution_kernel<double, int, double*>(int, int, double*, int, int, long, long, double*, int, int, long, long)",23299,6448475854015352,6448475854024727,0,512,16,64,1,16,256,1
"KERNEL_DISPATCH",1,1,234821,58,203,"void rocsolver::v32802::unit_forward_substitution_kernel<double, int, double*>(int, int, double*, int, int, long, long, double*, int, int, long, long)",23310,6448475854054813,6448475854063947,0,512,16,64,1,16,256,1
"KERNEL_DISPATCH",1,1,234821,57,151,"void rocsolver::v32802::getf2_npvt_small_kernel<16, double, int, int, double*>(int, double*, long, int, long, int*, int, int)",23305,6448475854045919,6448475854054813,0,136,224,1,1,224,1,1
"KERNEL_DISPATCH",1,1,234821,56,753,"Cijk_Ailk_Bljk_DB_MT64x64x16_MI16x16x4x1_SN_1LDSB1_APM1_ABV0_ACED0_AF0EM2_AF1EM2_AMAS3_ASE_ASGT_ASLT_ASM_ASAE01_ASCE01_ASEM2_AAC0_BL1_BS1_CLR0_DTLA0_DTLB0_DTVA0_DTVB0_DVO0_ETSP_EPS1_ELFLR0_EMLL0_FSSC10_FL0_GLVWA2_GLVWB2_GRCGA1_GRCGB1_GRPM1_GRVW2_GSU1_GSUASB_GLS0_ISA942_IU1_K1_KLA_LBSPPA0_LBSPPB128_LPA0_LPB2_LDL1_LRVW1_LWPMn1_LDW0_FMA_MIAV1_MDA2_MO40_MMFSC_MKFGSU256_NTA0_NTB0_NTC3_NTD3_NEPBS4_NLCA1_NLCB1_ONLL1_OPLV0_PK0_PAP0_PGR2_PLR5_PKA0_SIA3_SLW1_SS1_SU0_SUM0_SUS0_SCIUI1_SPO1_SRVW0_SSO6_SVW2_SNLL0_TSGRA0_TSGRB0_TT2_32_TLDS1_UMLDSA0_UMLDSB1_U64SL1_USFGROn1_VAW1_VSn1_VW2_VWB1_VFLRP0_WSGRA0_WSGRB0_WS64_WG32_8_1_WGM6",23302,6448475854034341,6448475854039149,0,17408,256,1,1,1024,4,1
"KERNEL_DISPATCH",1,1,234821,59,753,"Cijk_Ailk_Bljk_DB_MT64x64x16_MI16x16x4x1_SN_1LDSB1_APM1_ABV0_ACED0_AF0EM2_AF1EM2_AMAS3_ASE_ASGT_ASLT_ASM_ASAE01_ASCE01_ASEM2_AAC0_BL1_BS1_CLR0_DTLA0_DTLB0_DTVA0_DTVB0_DVO0_ETSP_EPS1_ELFLR0_EMLL0_FSSC10_FL0_GLVWA2_GLVWB2_GRCGA1_GRCGB1_GRPM1_GRVW2_GSU1_GSUASB_GLS0_ISA942_IU1_K1_KLA_LBSPPA0_LBSPPB128_LPA0_LPB2_LDL1_LRVW1_LWPMn1_LDW0_FMA_MIAV1_MDA2_MO40_MMFSC_MKFGSU256_NTA0_NTB0_NTC3_NTD3_NEPBS4_NLCA1_NLCB1_ONLL1_OPLV0_PK0_PAP0_PGR2_PLR5_PKA0_SIA3_SLW1_SS1_SU0_SUM0_SUS0_SCIUI1_SPO1_SRVW0_SSO6_SVW2_SNLL0_TSGRA0_TSGRB0_TT2_32_TLDS1_UMLDSA0_UMLDSB1_U64SL1_USFGROn1_VAW1_VSn1_VW2_VWB1_VFLRP0_WSGRA0_WSGRB0_WS64_WG32_8_1_WGM6",23313,6448475854076326,6448475854080893,0,17408,256,1,1,1024,4,1
"KERNEL_DISPATCH",1,1,234821,60,151,"void rocsolver::v32802::getf2_npvt_small_kernel<16, double, int, int, double*>(int, double*, long, int, long, int*, int, int)",23316,6448475854087463,6448475854095755,0,136,208,1,1,208,1,1
"KERNEL_DISPATCH",1,1,234821,61,203,"void rocsolver::v32802::unit_forward_substitution_kernel<double, int, double*>(int, int, double*, int, int, long, long, double*, int, int, long, long)",23321,6448475854115466,6448475854124600,0,512,16,64,1,16,192,1
"KERNEL_DISPATCH",1,1,234821,62,753,"Cijk_Ailk_Bljk_DB_MT64x64x16_MI16x16x4x1_SN_1LDSB1_APM1_ABV0_ACED0_AF0EM2_AF1EM2_AMAS3_ASE_ASGT_ASLT_ASM_ASAE01_ASCE01_ASEM2_AAC0_BL1_BS1_CLR0_DTLA0_DTLB0_DTVA0_DTVB0_DVO0_ETSP_EPS1_ELFLR0_EMLL0_FSSC10_FL0_GLVWA2_GLVWB2_GRCGA1_GRCGB1_GRPM1_GRVW2_GSU1_GSUASB_GLS0_ISA942_IU1_K1_KLA_LBSPPA0_LBSPPB128_LPA0_LPB2_LDL1_LRVW1_LWPMn1_LDW0_FMA_MIAV1_MDA2_MO40_MMFSC_MKFGSU256_NTA0_NTB0_NTC3_NTD3_NEPBS4_NLCA1_NLCB1_ONLL1_OPLV0_PK0_PAP0_PGR2_PLR5_PKA0_SIA3_SLW1_SS1_SU0_SUM0_SUS0_SCIUI1_SPO1_SRVW0_SSO6_SVW2_SNLL0_TSGRA0_TSGRB0_TT2_32_TLDS1_UMLDSA0_UMLDSB1_U64SL1_USFGROn1_VAW1_VSn1_VW2_VWB1_VFLRP0_WSGRA0_WSGRB0_WS64_WG32_8_1_WGM6",23324,6448475854136458,6448475854140985,0,17408,256,1,1,768,3,1
"KERNEL_DISPATCH",1,1,234821,63,151,"void rocsolver::v32802::getf2_npvt_small_kernel<16, double, int, int, double*>(int, double*, long, int, long, int*, int, int)",23327,6448475854146273,6448475854154445,0,136,192,1,1,192,1,1
"KERNEL_DISPATCH",1,1,234821,64,203,"void rocsolver::v32802::unit_forward_substitution_kernel<double, int, double*>(int, int, double*, int, int, long, long, double*, int, int, long, long)",23332,6448475854156288,6448475854166544,0,512,16,64,1,16,192,1
"KERNEL_DISPATCH",1,1,234821,65,1057,"Cijk_Ailk_Bljk_DB_MT128x64x16_MI16x16x4x1_SN_1LDSB1_APM1_ABV0_ACED0_AF0EM2_AF1EM2_AMAS3_ASE_ASGT_ASLT_ASM_ASAE01_ASCE01_ASEM2_AAC0_BL1_BS1_CLR0_DTLA0_DTLB0_DTVA1_DTVB0_DVO0_ETSP_EPS1_ELFLR0_EMLL0_FSSC10_FL0_GLVWA2_GLVWB2_GRCGA1_GRCGB1_GRPM1_GRVW2_GSU1_GSUASB_GLS0_ISA942_IU1_K1_KLA_LBSPPA0_LBSPPB0_LPA0_LPB2_LDL1_LRVW1_LWPMn1_LDW0_FMA_MIAV1_MDA2_MO40_MMFSC_MKFGSU256_NTA0_NTB0_NTC3_NTD3_NEPBS4_NLCA1_NLCB1_ONLL1_OPLV0_PK0_PAP0_PGR2_PLR5_PKA0_SIA3_SLW1_SS1_SU0_SUM0_SUS0_SCIUI1_SPO1_SRVW0_SSO6_SVW2_SNLL0_TSGRA0_TSGRB0_TT2_64_TLDS0_UMLDSA0_UMLDSB0_U64SL1_USFGROn1_VAW1_VSn1_VW2_VWB1_VFLRP0_WSGRA0_WSGRB0_WS64_WG64_4_1_WGM6",23335,6448475854179284,6448475854189699,0,8448,256,1,1,512,3,1
"KERNEL_DISPATCH",1,1,234821,66,151,"void rocsolver::v32802::getf2_npvt_small_kernel<16, double, int, int, double*>(int, double*, long, int, long, int*, int, int)",23338,6448475854192544,6448475854200516,0,136,176,1,1,176,1,1
"KERNEL_DISPATCH",1,1,234821,67,203,"void rocsolver::v32802::unit_forward_substitution_kernel<double, int, double*>(int, int, double*, int, int, long, long, double*, int, int, long, long)",23343,6448475854207327,6448475854217182,0,512,16,64,1,16,192,1
"KERNEL_DISPATCH",1,1,234821,68,1057,"Cijk_Ailk_Bljk_DB_MT128x64x16_MI16x16x4x1_SN_1LDSB1_APM1_ABV0_ACED0_AF0EM2_AF1EM2_AMAS3_ASE_ASGT_ASLT_ASM_ASAE01_ASCE01_ASEM2_AAC0_BL1_BS1_CLR0_DTLA0_DTLB0_DTVA1_DTVB0_DVO0_ETSP_EPS1_ELFLR0_EMLL0_FSSC10_FL0_GLVWA2_GLVWB2_GRCGA1_GRCGB1_GRPM1_GRVW2_GSU1_GSUASB_GLS0_ISA942_IU1_K1_KLA_LBSPPA0_LBSPPB0_LPA0_LPB2_LDL1_LRVW1_LWPMn1_LDW0_FMA_MIAV1_MDA2_MO40_MMFSC_MKFGSU256_NTA0_NTB0_NTC3_NTD3_NEPBS4_NLCA1_NLCB1_ONLL1_OPLV0_PK0_PAP0_PGR2_PLR5_PKA0_SIA3_SLW1_SS1_SU0_SUM0_SUS0_SCIUI1_SPO1_SRVW0_SSO6_SVW2_SNLL0_TSGRA0_TSGRB0_TT2_64_TLDS0_UMLDSA0_UMLDSB0_U64SL1_USFGROn1_VAW1_VSn1_VW2_VWB1_VFLRP0_WSGRA0_WSGRB0_WS64_WG64_4_1_WGM6",23346,6448475854231564,6448475854238695,0,8448,256,1,1,512,3,1
"KERNEL_DISPATCH",1,1,234821,69,151,"void rocsolver::v32802::getf2_npvt_small_kernel<16, double, int, int, double*>(int, double*, long, int, long, int*, int, int)",23349,6448475854240528,6448475854248179,0,136,160,1,1,160,1,1
"KERNEL_DISPATCH",1,1,234821,70,203,"void rocsolver::v32802::unit_forward_substitution_kernel<double, int, double*>(int, int, double*, int, int, long, long, double*, int, int, long, long)",23354,6448475854256442,6448475854265976,0,512,16,64,1,16,192,1
"KERNEL_DISPATCH",1,1,234821,71,1235,"Cijk_Ailk_Bljk_DB_MT128x64x16_MI16x16x4x1_SN_1LDSB1_APM1_ABV0_ACED0_AF0EM2_AF1EM2_AMAS3_ASE_ASGT_ASLT_ASM_ASAE01_ASCE01_ASEM2_AAC0_BL1_BS1_CLR0_DTLA0_DTLB0_DTVA0_DTVB0_DVO0_ETSP_EPS1_ELFLR0_EMLL0_FSSC10_FL0_GLVWA2_GLVWB2_GRCGA1_GRCGB1_GRPM1_GRVW2_GSU1_GSUASB_GLS0_ISA942_IU1_K1_KLA_LBSPPA0_LBSPPB0_LPA0_LPB2_LDL1_LRVW1_LWPMn1_LDW0_FMA_MIAV1_MDA2_MO40_MMFSC_MKFGSU256_NTA0_NTB0_NTC3_NTD3_NEPBS0_NLCA1_NLCB1_ONLL1_OPLV0_PK0_PAP0_PGR2_PLR5_PKA0_SIA3_SLW1_SS1_SU0_SUM0_SUS0_SCIUI1_SPO1_SRVW0_SSO6_SVW2_SNLL0_TSGRA0_TSGRB0_TT2_64_TLDS0_UMLDSA0_UMLDSB0_U64SL1_USFGROn1_VAW1_VSn1_VW2_VWB1_VFLRP0_WSGRA0_WSGRB0_WS64_WG64_4_1_WGM6",23357,6448475854276232,6448475854285526,0,24832,256,1,1,512,3,1
"KERNEL_DISPATCH",1,1,234821,72,151,"void rocsolver::v32802::getf2_npvt_small_kernel<16, double, int, int, double*>(int, double*, long, int, long, int*, int, int)",23360,6448475854287289,6448475854295221,0,136,144,1,1,144,1,1
"KERNEL_DISPATCH",1,1,234821,73,203,"void rocsolver::v32802::unit_forward_substitution_kernel<double, int, double*>(int, int, double*, int, int, long, long, double*, int, int, long, long)",23365,6448475854304235,6448475854313289,0,512,16,64,1,16,128,1
"KERNEL_DISPATCH",1,1,234821,74,1235,"Cijk_Ailk_Bljk_DB_MT128x64x16_MI16x16x4x1_SN_1LDSB1_APM1_ABV0_ACED0_AF0EM2_AF1EM2_AMAS3_ASE_ASGT_ASLT_ASM_ASAE01_ASCE01_ASEM2_AAC0_BL1_BS1_CLR0_DTLA0_DTLB0_DTVA0_DTVB0_DVO0_ETSP_EPS1_ELFLR0_EMLL0_FSSC10_FL0_GLVWA2_GLVWB2_GRCGA1_GRCGB1_GRPM1_GRVW2_GSU1_GSUASB_GLS0_ISA942_IU1_K1_KLA_LBSPPA0_LBSPPB0_LPA0_LPB2_LDL1_LRVW1_LWPMn1_LDW0_FMA_MIAV1_MDA2_MO40_MMFSC_MKFGSU256_NTA0_NTB0_NTC3_NTD3_NEPBS0_NLCA1_NLCB1_ONLL1_OPLV0_PK0_PAP0_PGR2_PLR5_PKA0_SIA3_SLW1_SS1_SU0_SUM0_SUS0_SCIUI1_SPO1_SRVW0_SSO6_SVW2_SNLL0_TSGRA0_TSGRB0_TT2_64_TLDS0_UMLDSA0_UMLDSB0_U64SL1_USFGROn1_VAW1_VSn1_VW2_VWB1_VFLRP0_WSGRA0_WSGRB0_WS64_WG64_4_1_WGM6",23368,6448475854322944,6448475854328272,0,24832,256,1,1,256,2,1
"KERNEL_DISPATCH",1,1,234821,75,151,"void rocsolver::v32802::getf2_npvt_small_kernel<16, double, int, int, double*>(int, double*, long, int, long, int*, int, int)",23371,6448475854332879,6448475854340651,0,136,128,1,1,128,1,1
"KERNEL_DISPATCH",1,1,234821,76,203,"void rocsolver::v32802::unit_forward_substitution_kernel<double, int, double*>(int, int, double*, int, int, long, long, double*, int, int, long, long)",23376,6448475854346901,6448475854356916,0,512,16,64,1,16,128,1
"KERNEL_DISPATCH",1,1,234821,77,716,"Cijk_Ailk_Bljk_DB_MT128x64x16_MI16x16x4x1_SN_1LDSB1_APM1_ABV0_ACED0_AF0EM2_AF1EM2_AMAS3_ASE_ASGT_ASLT_ASM_ASAE01_ASCE01_ASEM2_AAC0_BL1_BS1_CLR0_DTLA0_DTLB0_DTVA0_DTVB0_DVO0_ETSP_EPS1_ELFLR0_EMLL0_FSSC10_FL0_GLVWA2_GLVWB2_GRCGA1_GRCGB1_GRPM1_GRVW2_GSU1_GSUASB_GLS0_ISA942_IU1_K1_KLA_LBSPPA0_LBSPPB0_LPA0_LPB2_LDL1_LRVW1_LWPMn1_LDW0_FMA_MIAV1_MDA2_MO40_MMFSC_MKFGSU256_NTA0_NTB0_NTC3_NTD3_NEPBS0_NLCA1_NLCB1_ONLL1_OPLV0_PK0_PAP0_PGR2_PLR1_PKA0_SIA3_SLW1_SS1_SU0_SUM0_SUS0_SCIUI1_SPO1_SRVW0_SSO6_SVW2_SNLL0_TSGRA0_TSGRB0_TT2_64_TLDS0_UMLDSA0_UMLDSB0_U64SL1_USFGROn1_VAW1_VSn1_VW2_VWB1_VFLRP0_WSGRA0_WSGRB0_WS64_WG64_4_1_WGM6",23379,6448475854368013,6448475854377467,0,24832,256,1,1,256,2,1
"KERNEL_DISPATCH",1,1,234821,78,151,"void rocsolver::v32802::getf2_npvt_small_kernel<16, double, int, int, double*>(int, double*, long, int, long, int*, int, int)",23382,6448475854379751,6448475854387403,0,136,112,1,1,112,1,1
"KERNEL_DISPATCH",1,1,234821,79,203,"void rocsolver::v32802::unit_forward_substitution_kernel<double, int, double*>(int, int, double*, int, int, long, long, double*, int, int, long, long)",23387,6448475854391729,6448475854401384,0,512,16,64,1,16,128,1
"KERNEL_DISPATCH",1,1,234821,80,1112,"Cijk_Ailk_Bljk_DB_MT128x64x16_MI16x16x4x1_SN_1LDSB1_APM1_ABV0_ACED0_AF0EM2_AF1EM2_AMAS3_ASE_ASGT_ASLT_ASM_ASAE01_ASCE01_ASEM2_AAC0_BL1_BS1_CLR0_DTLA0_DTLB0_DTVA1_DTVB0_DVO0_ETSP_EPS1_ELFLR0_EMLL0_FSSC10_FL0_GLVWA2_GLVWB2_GRCGA1_GRCGB1_GRPM1_GRVW2_GSU1_GSUASB_GLS0_ISA942_IU1_K1_KLA_LBSPPA0_LBSPPB0_LPA0_LPB2_LDL1_LRVW1_LWPMn1_LDW0_FMA_MIAV1_MDA2_MO40_MMFSC_MKFGSU256_NTA0_NTB0_NTC3_NTD3_NEPBS0_NLCA1_NLCB1_ONLL1_OPLV0_PK0_PAP0_PGR2_PLR5_PKA0_SIA3_SLW1_SS1_SU0_SUM0_SUS0_SCIUI1_SPO1_SRVW0_SSO6_SVW2_SNLL0_TSGRA0_TSGRB0_TT2_64_TLDS0_UMLDSA0_UMLDSB0_U64SL1_USFGROn1_VAW1_VSn1_VW2_VWB1_VFLRP0_WSGRA0_WSGRB0_WS64_WG64_4_1_WGM12",23390,6448475854410568,6448475854419542,0,8448,256,1,1,256,2,1
"KERNEL_DISPATCH",1,1,234821,81,151,"void rocsolver::v32802::getf2_npvt_small_kernel<16, double, int, int, double*>(int, double*, long, int, long, int*, int, int)",23393,6448475854425031,6448475854432722,0,136,96,1,1,96,1,1
"KERNEL_DISPATCH",1,1,234821,82,203,"void rocsolver::v32802::unit_forward_substitution_kernel<double, int, double*>(int, int, double*, int, int, long, long, double*, int, int, long, long)",23398,6448475854441686,6448475854450780,0,512,16,64,1,16,128,1
"KERNEL_DISPATCH",1,1,234821,83,948,"Cijk_Ailk_Bljk_DB_MT64x64x16_MI16x16x4x1_SN_1LDSB1_APM1_ABV0_ACED0_AF0EM2_AF1EM2_AMAS3_ASE_ASGT_ASLT_ASM_ASAE01_ASCE01_ASEM2_AAC0_BL1_BS1_CLR0_DTLA0_DTLB0_DTVA0_DTVB0_DVO0_ETSP_EPS1_ELFLR0_EMLL0_FSSC10_FL0_GLVWA2_GLVWB2_GRCGA1_GRCGB1_GRPM1_GRVW2_GSU1_GSUASB_GLS0_ISA942_IU1_K1_KLA_LBSPPA0_LBSPPB0_LPA0_LPB2_LDL1_LRVW1_LWPMn1_LDW0_FMA_MIAV1_MDA2_MO40_MMFSC_MKFGSU256_NTA0_NTB0_NTC3_NTD3_NEPBS4_NLCA1_NLCB1_ONLL1_OPLV0_PK0_PAP0_PGR2_PLR5_PKA0_SIA3_SLW1_SS1_SU0_SUM0_SUS0_SCIUI1_SPO1_SRVW0_SSO6_SVW2_SNLL0_TSGRA0_TSGRB0_TT2_32_TLDS0_UMLDSA0_UMLDSB0_U64SL1_USFGROn1_VAW1_VSn1_VW2_VWB1_VFLRP0_WSGRA0_WSGRB0_WS64_WG32_8_1_WGM6",23401,6448475854461116,6448475854467566,0,16640,256,1,1,512,2,1
"KERNEL_DISPATCH",1,1,234821,84,151,"void rocsolver::v32802::getf2_npvt_small_kernel<16, double, int, int, double*>(int, double*, long, int, long, int*, int, int)",23404,6448475854470650,6448475854478102,0,136,80,1,1,80,1,1
"KERNEL_DISPATCH",1,1,234821,85,203,"void rocsolver::v32802::unit_forward_substitution_kernel<double, int, double*>(int, int, double*, int, int, long, long, double*, int, int, long, long)",23409,6448475854483149,6448475854492203,0,512,16,64,1,16,64,1
"KERNEL_DISPATCH",1,1,234821,86,838,"Cijk_Ailk_Bljk_DB_MT64x64x16_MI16x16x4x1_SN_1LDSB1_APM1_ABV0_ACED0_AF0EM2_AF1EM2_AMAS0_ASE_ASGT_ASLT_ASM_ASAE01_ASCE01_ASEM2_AAC0_BL1_BS1_CLR0_DTLA0_DTLB0_DTVA1_DTVB0_DVO0_ETSP_EPS1_ELFLR0_EMLL0_FSSC10_FL0_GLVWA1_GLVWB1_GRCGA1_GRCGB1_GRPM1_GRVW1_GSU1_GSUASB_GLS0_ISA942_IU1_K1_KLA_LBSPPA0_LBSPPB128_LPA0_LPB4_LDL1_LRVW2_LWPMn1_LDW0_FMA_MIAV1_MDA2_MO40_MMFSC_MKFGSU256_NTA0_NTB0_NTC3_NTD3_NEPBS0_NLCA1_NLCB1_ONLL1_OPLV0_PK0_PAP0_PGR2_PLR5_PKA0_SIA3_SLW1_SS1_SU0_SUM0_SUS0_SCIUI1_SPO1_SRVW0_SSO6_SVW1_SNLL0_TSGRA0_TSGRB0_TT1_64_TLDS1_UMLDSA0_UMLDSB1_U64SL1_USFGROn1_VAW1_VSn1_VW1_VWB1_VFLRP0_WSGRA0_WSGRB0_WS64_WG64_4_1_WGM6",23412,6448475854504903,6448475854508989,0,10240,256,1,1,256,1,1
"KERNEL_DISPATCH",1,1,234821,87,151,"void rocsolver::v32802::getf2_npvt_small_kernel<16, double, int, int, double*>(int, double*, long, int, long, int*, int, int)",23415,6448475854515399,6448475854522690,0,136,64,1,1,64,1,1
"KERNEL_DISPATCH",1,1,234821,88,203,"void rocsolver::v32802::unit_forward_substitution_kernel<double, int, double*>(int, int, double*, int, int, long, long, double*, int, int, long, long)",23420,6448475854526736,6448475854534508,0,512,16,64,1,16,64,1
"KERNEL_DISPATCH",1,1,234821,89,1153,"Cijk_Ailk_Bljk_DB_MT64x64x16_MI16x16x4x1_SN_1LDSB1_APM1_ABV0_ACED0_AF0EM2_AF1EM2_AMAS3_ASE_ASGT_ASLT_ASM_ASAE01_ASCE01_ASEM2_AAC0_BL1_BS1_CLR0_DTLA0_DTLB0_DTVA0_DTVB0_DVO0_ETSP_EPS1_ELFLR0_EMLL0_FSSC10_FL0_GLVWA2_GLVWB2_GRCGA1_GRCGB1_GRPM1_GRVW2_GSU1_GSUASB_GLS0_ISA942_IU1_K1_KLA_LBSPPA0_LBSPPB128_LPA0_LPB4_LDL1_LRVW2_LWPMn1_LDW0_FMA_MIAV1_MDA2_MO40_MMFSC_MKFGSU256_NTA0_NTB0_NTC3_NTD3_NEPBS0_NLCA1_NLCB1_ONLL1_OPLV0_PK0_PAP0_PGR2_PLR5_PKA0_SIA3_SLW1_SS1_SU0_SUM0_SUS0_SCIUI1_SPO1_SRVW0_SSO6_SVW2_SNLL0_TSGRA0_TSGRB0_TT2_32_TLDS1_UMLDSA0_UMLDSB1_U64SL1_USFGROn1_VAW1_VSn1_VW2_VWB1_VFLRP0_WSGRA0_WSGRB0_WS64_WG32_8_1_WGM6",23423,6448475854561670,6448475854565355,0,18432,256,1,1,256,1,1
"KERNEL_DISPATCH",1,1,234821,90,151,"void rocsolver::v32802::getf2_npvt_small_kernel<16, double, int, int, double*>(int, double*, long, int, long, int*, int, int)",23426,6448475854575451,6448475854582822,0,136,48,1,1,48,1,1
"KERNEL_DISPATCH",1,1,234821,91,203,"void rocsolver::v32802::unit_forward_substitution_kernel<double, int, double*>(int, int, double*, int, int, long, long, double*, int, int, long, long)",23431,6448475854591676,6448475854598646,0,512,16,64,1,16,64,1
"KERNEL_DISPATCH",1,1,234821,92,788,"Cijk_Ailk_Bljk_DB_MT32x64x32_MI16x16x4x1_SN_1LDSB1_APM1_ABV0_ACED0_AF0EM2_AF1EM2_AMAS3_ASE_ASGT_ASLT_ASM_ASAE01_ASCE01_ASEM2_AAC0_BL1_BS1_CLR0_DTLA0_DTLB0_DTVA0_DTVB0_DVO0_ETSP_EPS1_ELFLR0_EMLL0_FSSC10_FL0_GLVWA2_GLVWB2_GRCGA1_GRCGB1_GRPM1_GRVW2_GSU1_GSUASB_GLS0_ISA942_IU1_K1_KLA_LBSPPA0_LBSPPB256_LPA0_LPB4_LDL1_LRVW2_LWPMn1_LDW0_FMA_MIAV1_MDA2_MO40_MMFSC_MKFGSU256_NTA0_NTB0_NTC3_NTD3_NEPBS0_NLCA1_NLCB1_ONLL1_OPLV0_PK0_PAP0_PGR2_PLR9_PKA0_SIA3_SLW1_SS1_SU0_SUM0_SUS0_SCIUI1_SPO1_SRVW0_SSO6_SVW2_SNLL0_TSGRA0_TSGRB0_TT2_16_TLDS1_UMLDSA0_UMLDSB1_U64SL1_USFGROn1_VAW1_VSn1_VW2_VWB1_VFLRP0_WSGRA0_WSGRB0_WS64_WG16_16_1_WGM6",23434,6448475854611666,6448475854614911,0,26624,256,1,1,256,1,1
"KERNEL_DISPATCH",1,1,234821,93,151,"void rocsolver::v32802::getf2_npvt_small_kernel<16, double, int, int, double*>(int, double*, long, int, long, int*, int, int)",23437,6448475854624406,6448475854631657,0,136,32,1,1,32,1,1
"KERNEL_DISPATCH",1,1,234821,94,203,"void rocsolver::v32802::unit_forward_substitution_kernel<double, int, double*>(int, int, double*, int, int, long, long, double*, int, int, long, long)",23442,6448475854641472,6448475854648643,0,512,16,64,1,16,64,1
"KERNEL_DISPATCH",1,1,234821,95,788,"Cijk_Ailk_Bljk_DB_MT32x64x32_MI16x16x4x1_SN_1LDSB1_APM1_ABV0_ACED0_AF0EM2_AF1EM2_AMAS3_ASE_ASGT_ASLT_ASM_ASAE01_ASCE01_ASEM2_AAC0_BL1_BS1_CLR0_DTLA0_DTLB0_DTVA0_DTVB0_DVO0_ETSP_EPS1_ELFLR0_EMLL0_FSSC10_FL0_GLVWA2_GLVWB2_GRCGA1_GRCGB1_GRPM1_GRVW2_GSU1_GSUASB_GLS0_ISA942_IU1_K1_KLA_LBSPPA0_LBSPPB256_LPA0_LPB4_LDL1_LRVW2_LWPMn1_LDW0_FMA_MIAV1_MDA2_MO40_MMFSC_MKFGSU256_NTA0_NTB0_NTC3_NTD3_NEPBS0_NLCA1_NLCB1_ONLL1_OPLV0_PK0_PAP0_PGR2_PLR9_PKA0_SIA3_SLW1_SS1_SU0_SUM0_SUS0_SCIUI1_SPO1_SRVW0_SSO6_SVW2_SNLL0_TSGRA0_TSGRB0_TT2_16_TLDS1_UMLDSA0_UMLDSB1_U64SL1_USFGROn1_VAW1_VSn1_VW2_VWB1_VFLRP0_WSGRA0_WSGRB0_WS64_WG16_16_1_WGM6",23445,6448475854659981,6448475854663426,0,26624,256,1,1,256,1,1
"KERNEL_DISPATCH",1,1,234821,96,151,"void rocsolver::v32802::getf2_npvt_small_kernel<16, double, int, int, double*>(int, double*, long, int, long, int*, int, int)",23448,6448475854669876,6448475854677327,0,136,16,1,1,16,1,1
"KERNEL_DISPATCH",1,1,234821,97,1437,"void rocblas_trtri_trsm_kernel<128, 16, 8, double, double const*, double*>(rocblas_fill_, rocblas_diagonal_, double const*, long, int, long, double*, long, long, int)",23452,6448475854686301,6448475854714104,0,8192,256,1,1,4096,1,1
"KERNEL_DISPATCH",1,1,234821,98,1433,"void rocblas_trtri_fill<128, double, double*>(_rocblas_handle*, rocblas_fill_, int, long, int, long, double*, long, long, int, int)",23457,6448475854714104,6448475854716547,0,0,128,1,1,32512,1,1
"KERNEL_DISPATCH",1,1,234821,99,787,"Cijk_Ailk_Bljk_DB_MT64x32x16_MI16x16x4x1_SN_1LDSB1_APM1_ABV0_ACED0_AF0EM2_AF1EM2_AMAS0_ASE_ASGT_ASLT_ASM_ASAE01_ASCE01_ASEM2_AAC0_BL1_BS1_CLR0_DTLA0_DTLB0_DTVA1_DTVB0_DVO0_ETSP_EPS1_ELFLR0_EMLL0_FSSC10_FL0_GLVWA1_GLVWB1_GRCGA1_GRCGB1_GRPM1_GRVW1_GSU1_GSUASB_GLS0_ISA942_IU1_K1_KLA_LBSPPA0_LBSPPB128_LPA0_LPB4_LDL1_LRVW2_LWPMn1_LDW0_FMA_MIAV1_MDA2_MO40_MMFSC_MKFGSU256_NTA0_NTB0_NTC3_NTD3_NEPBS0_NLCA1_NLCB1_ONLL1_OPLV0_PK0_PAP0_PGR2_PLR5_PKA0_SIA3_SLW1_SS1_SU0_SUM0_SUS0_SCIUI1_SPO1_SRVW0_SSO6_SVW1_SNLL0_TSGRA0_TSGRB0_TT1_32_TLDS1_UMLDSA0_UMLDSB1_U64SL1_USFGROn1_VAW1_VSn1_VW1_VWB1_VFLRP0_WSGRA0_WSGRB0_WS64_WG64_4_1_WGM12",23461,6448475854718470,6448475854724760,0,5120,256,1,1,256,1,4
"KERNEL_DISPATCH",1,1,234821,101,787,"Cijk_Ailk_Bljk_DB_MT64x32x16_MI16x16x4x1_SN_1LDSB1_APM1_ABV0_ACED0_AF0EM2_AF1EM2_AMAS0_ASE_ASGT_ASLT_ASM_ASAE01_ASCE01_ASEM2_AAC0_BL1_BS1_CLR0_DTLA0_DTLB0_DTVA1_DTVB0_DVO0_ETSP_EPS1_ELFLR0_EMLL0_FSSC10_FL0_GLVWA1_GLVWB1_GRCGA1_GRCGB1_GRPM1_GRVW1_GSU1_GSUASB_GLS0_ISA942_IU1_K1_KLA_LBSPPA0_LBSPPB128_LPA0_LPB4_LDL1_LRVW2_LWPMn1_LDW0_FMA_MIAV1_MDA2_MO40_MMFSC_MKFGSU256_NTA0_NTB0_NTC3_NTD3_NEPBS0_NLCA1_NLCB1_ONLL1_OPLV0_PK0_PAP0_PGR2_PLR5_PKA0_SIA3_SLW1_SS1_SU0_SUM0_SUS0_SCIUI1_SPO1_SRVW0_SSO6_SVW1_SNLL0_TSGRA0_TSGRB0_TT1_32_TLDS1_UMLDSA0_UMLDSB1_U64SL1_USFGROn1_VAW1_VSn1_VW1_VWB1_VFLRP0_WSGRA0_WSGRB0_WS64_WG64_4_1_WGM12",23467,6448475854752002,6448475854756649,0,5120,256,1,1,256,1,4
"KERNEL_DISPATCH",1,1,234821,100,787,"Cijk_Ailk_Bljk_DB_MT64x32x16_MI16x16x4x1_SN_1LDSB1_APM1_ABV0_ACED0_AF0EM2_AF1EM2_AMAS0_ASE_ASGT_ASLT_ASM_ASAE01_ASCE01_ASEM2_AAC0_BL1_BS1_CLR0_DTLA0_DTLB0_DTVA1_DTVB0_DVO0_ETSP_EPS1_ELFLR0_EMLL0_FSSC10_FL0_GLVWA1_GLVWB1_GRCGA1_GRCGB1_GRPM1_GRVW1_GSU1_GSUASB_GLS0_ISA942_IU1_K1_KLA_LBSPPA0_LBSPPB128_LPA0_LPB4_LDL1_LRVW2_LWPMn1_LDW0_FMA_MIAV1_MDA2_MO40_MMFSC_MKFGSU256_NTA0_NTB0_NTC3_NTD3_NEPBS0_NLCA1_NLCB1_ONLL1_OPLV0_PK0_PAP0_PGR2_PLR5_PKA0_SIA3_SLW1_SS1_SU0_SUM0_SUS0_SCIUI1_SPO1_SRVW0_SSO6_SVW1_SNLL0_TSGRA0_TSGRB0_TT1_32_TLDS1_UMLDSA0_UMLDSB1_U64SL1_USFGROn1_VAW1_VSn1_VW1_VWB1_VFLRP0_WSGRA0_WSGRB0_WS64_WG64_4_1_WGM12",23464,6448475854733493,6448475854740143,0,5120,256,1,1,256,1,4
"KERNEL_DISPATCH",1,1,234821,102,787,"Cijk_Ailk_Bljk_DB_MT64x32x16_MI16x16x4x1_SN_1LDSB1_APM1_ABV0_ACED0_AF0EM2_AF1EM2_AMAS0_ASE_ASGT_ASLT_ASM_ASAE01_ASCE01_ASEM2_AAC0_BL1_BS1_CLR0_DTLA0_DTLB0_DTVA1_DTVB0_DVO0_ETSP_EPS1_ELFLR0_EMLL0_FSSC10_FL0_GLVWA1_GLVWB1_GRCGA1_GRCGB1_GRPM1_GRVW1_GSU1_GSUASB_GLS0_ISA942_IU1_K1_KLA_LBSPPA0_LBSPPB128_LPA0_LPB4_LDL1_LRVW2_LWPMn1_LDW0_FMA_MIAV1_MDA2_MO40_MMFSC_MKFGSU256_NTA0_NTB0_NTC3_NTD3_NEPBS0_NLCA1_NLCB1_ONLL1_OPLV0_PK0_PAP0_PGR2_PLR5_PKA0_SIA3_SLW1_SS1_SU0_SUM0_SUS0_SCIUI1_SPO1_SRVW0_SSO6_SVW1_SNLL0_TSGRA0_TSGRB0_TT1_32_TLDS1_UMLDSA0_UMLDSB1_U64SL1_USFGROn1_VAW1_VSn1_VW1_VWB1_VFLRP0_WSGRA0_WSGRB0_WS64_WG64_4_1_WGM12",23470,6448475854767465,6448475854771632,0,5120,256,1,1,256,1,4
"KERNEL_DISPATCH",1,1,234821,103,632,"Cijk_Ailk_Bljk_DB_MT64x64x32_MI16x16x4x1_SN_1LDSB1_APM1_ABV0_ACED0_AF0EM2_AF1EM2_AMAS0_ASE_ASGT_ASLT_ASM_ASAE01_ASCE01_ASEM2_AAC0_BL1_BS1_CLR0_DTLA0_DTLB0_DTVA0_DTVB0_DVO0_ETSP_EPS1_ELFLR0_EMLL0_FSSC10_FL0_GLVWA1_GLVWB1_GRCGA1_GRCGB1_GRPM1_GRVW1_GSU1_GSUASB_GLS0_ISA942_IU1_K1_KLA_LBSPPA0_LBSPPB0_LPA0_LPB1_LDL1_LRVW1_LWPMn1_LDW0_FMA_MIAV1_MDA2_MO40_MMFSC_MKFGSU256_NTA0_NTB0_NTC3_NTD3_NEPBS0_NLCA1_NLCB1_ONLL1_OPLV0_PK0_PAP0_PGR2_PLR9_PKA0_SIA3_SLW1_SS1_SU0_SUM0_SUS0_SCIUI1_SPO1_SRVW0_SSO6_SVW1_SNLL0_TSGRA0_TSGRB0_TT2_32_TLDS0_UMLDSA0_UMLDSB0_U64SL1_USFGROn1_VAW1_VSn1_VW1_VWB1_VFLRP0_WSGRA0_WSGRB0_WS64_WG32_8_1_WGM6",23473,6448475854793585,6448475854803721,0,33024,256,1,1,256,1,4
"KERNEL_DISPATCH",1,1,234821,104,632,"Cijk_Ailk_Bljk_DB_MT64x64x32_MI16x16x4x1_SN_1LDSB1_APM1_ABV0_ACED0_AF0EM2_AF1EM2_AMAS0_ASE_ASGT_ASLT_ASM_ASAE01_ASCE01_ASEM2_AAC0_BL1_BS1_CLR0_DTLA0_DTLB0_DTVA0_DTVB0_DVO0_ETSP_EPS1_ELFLR0_EMLL0_FSSC10_FL0_GLVWA1_GLVWB1_GRCGA1_GRCGB1_GRPM1_GRVW1_GSU1_GSUASB_GLS0_ISA942_IU1_K1_KLA_LBSPPA0_LBSPPB0_LPA0_LPB1_LDL1_LRVW1_LWPMn1_LDW0_FMA_MIAV1_MDA2_MO40_MMFSC_MKFGSU256_NTA0_NTB0_NTC3_NTD3_NEPBS0_NLCA1_NLCB1_ONLL1_OPLV0_PK0_PAP0_PGR2_PLR9_PKA0_SIA3_SLW1_SS1_SU0_SUM0_SUS0_SCIUI1_SPO1_SRVW0_SSO6_SVW1_SNLL0_TSGRA0_TSGRB0_TT2_32_TLDS0_UMLDSA0_UMLDSB0_U64SL1_USFGROn1_VAW1_VSn1_VW1_VWB1_VFLRP0_WSGRA0_WSGRB0_WS64_WG32_8_1_WGM6",23476,6448475854814087,6448475854824383,0,33024,256,1,1,256,1,4
"KERNEL_DISPATCH",1,1,234821,105,1435,"void rocblas_copy_matrix_trsm<128, 8, double, double*, double*>(int, int, int, double*, int, long, double*, int, long, long, long, int)",23480,6448475854829080,6448475854833567,0,0,128,8,1,3584,128,1
"KERNEL_DISPATCH",1,1,234821,106,1099,"Cijk_Ailk_Bljk_DB_MT80x64x32_MI16x16x4x1_SN_1LDSB1_APM1_ABV0_ACED0_AF0EM1_AF1EM1_AMAS0_ASE_ASGT_ASLT1257_ASM_ASAE01_ASCE01_ASEM1_AAC0_BL1_BS1_CLR0_DTLA0_DTLB0_DTVA0_DTVB0_DVO0_ETB_EPS1_ELFLR0_EMLL0_FSSC10_FL0_GLVWA2_GLVWB2_GRCGA1_GRCGB1_GRPM1_GRVWn1_GSU1_GSUASB_GLS0_ISA942_IU1_K1_KLA_LBSPPA0_LBSPPB256_LPA0_LPB4_LDL1_LRVW2_LWPMn1_LDW0_FMA_MIAV1_MDA2_MO40_MMFSC_MKFGSU256_NTA0_NTB0_NTC0_NTD0_NEPBS4_NLCA5_NLCB1_ONLL1_OPLV0_PK0_PAP0_PGR2_PLR9_PKA0_SIA3_SLW1_SS1_SU0_SUM0_SUS0_SCIUI1_SPO0_SRVW0_SSO0_SVW1_SNLL0_TSGRA0_TSGRB0_TT5_16_TLDS1_UMLDSA0_UMLDSB1_U64SL1_USFGROn1_VAW1_VSn1_VW1_VWB1_VFLRP0_WSGRA0_WSGRB0_WS64_WG16_16_1_WGM1",23484,6448475854850433,6448475854869662,0,38912,256,1,1,11520,2,1
"KERNEL_DISPATCH",1,1,234821,107,1099,"Cijk_Ailk_Bljk_DB_MT80x64x32_MI16x16x4x1_SN_1LDSB1_APM1_ABV0_ACED0_AF0EM1_AF1EM1_AMAS0_ASE_ASGT_ASLT1257_ASM_ASAE01_ASCE01_ASEM1_AAC0_BL1_BS1_CLR0_DTLA0_DTLB0_DTVA0_DTVB0_DVO0_ETB_EPS1_ELFLR0_EMLL0_FSSC10_FL0_GLVWA2_GLVWB2_GRCGA1_GRCGB1_GRPM1_GRVWn1_GSU1_GSUASB_GLS0_ISA942_IU1_K1_KLA_LBSPPA0_LBSPPB256_LPA0_LPB4_LDL1_LRVW2_LWPMn1_LDW0_FMA_MIAV1_MDA2_MO40_MMFSC_MKFGSU256_NTA0_NTB0_NTC0_NTD0_NEPBS4_NLCA5_NLCB1_ONLL1_OPLV0_PK0_PAP0_PGR2_PLR9_PKA0_SIA3_SLW1_SS1_SU0_SUM0_SUS0_SCIUI1_SPO0_SRVW0_SSO0_SVW1_SNLL0_TSGRA0_TSGRB0_TT5_16_TLDS1_UMLDSA0_UMLDSB1_U64SL1_USFGROn1_VAW1_VSn1_VW1_VWB1_VFLRP0_WSGRA0_WSGRB0_WS64_WG16_16_1_WGM1",23487,6448475854869662,6448475854889613,0,38912,256,1,1,11520,2,1
"KERNEL_DISPATCH",1,1,234821,108,1099,"Cijk_Ailk_Bljk_DB_MT80x64x32_MI16x16x4x1_SN_1LDSB1_APM1_ABV0_ACED0_AF0EM1_AF1EM1_AMAS0_ASE_ASGT_ASLT1257_ASM_ASAE01_ASCE01_ASEM1_AAC0_BL1_BS1_CLR0_DTLA0_DTLB0_DTVA0_DTVB0_DVO0_ETB_EPS1_ELFLR0_EMLL0_FSSC10_FL0_GLVWA2_GLVWB2_GRCGA1_GRCGB1_GRPM1_GRVWn1_GSU1_GSUASB_GLS0_ISA942_IU1_K1_KLA_LBSPPA0_LBSPPB256_LPA0_LPB4_LDL1_LRVW2_LWPMn1_LDW0_FMA_MIAV1_MDA2_MO40_MMFSC_MKFGSU256_NTA0_NTB0_NTC0_NTD0_NEPBS4_NLCA5_NLCB1_ONLL1_OPLV0_PK0_PAP0_PGR2_PLR9_PKA0_SIA3_SLW1_SS1_SU0_SUM0_SUS0_SCIUI1_SPO0_SRVW0_SSO0_SVW1_SNLL0_TSGRA0_TSGRB0_TT5_16_TLDS1_UMLDSA0_UMLDSB1_U64SL1_USFGROn1_VAW1_VSn1_VW1_VWB1_VFLRP0_WSGRA0_WSGRB0_WS64_WG16_16_1_WGM1",23490,6448475854895662,6448475854905677,0,38912,256,1,1,11520,2,1
"KERNEL_DISPATCH",1,1,234821,109,766,"Cijk_Ailk_Bljk_DB_MT128x64x16_MI16x16x4x1_SN_1LDSB1_APM1_ABV0_ACED0_AF0EM1_AF1EM1_AMAS3_ASE_ASGT_ASLT_ASM_ASAE01_ASCE01_ASEM1_AAC0_BL1_BS1_CLR0_DTLA0_DTLB0_DTVA1_DTVB0_DVO0_ETSP_EPS1_ELFLR0_EMLL0_FSSC10_FL0_GLVWA2_GLVWB2_GRCGA1_GRCGB1_GRPM1_GRVWn1_GSU1_GSUASB_GLS0_ISA942_IU1_K1_KLA_LBSPPA0_LBSPPB256_LPA0_LPB4_LDL1_LRVW2_LWPMn1_LDW0_FMA_MIAV0_MDA2_MO40_MMFSC_MKFGSU256_NTA0_NTB0_NTC4_NTD4_NEPBS4_NLCA1_NLCB1_ONLL1_OPLV0_PK0_PAP0_PGR2_PLR5_PKA0_SIA3_SLW1_SS1_SU0_SUM0_SUS0_SCIUI1_SPO1_SRVW0_SSO4_SVW2_SNLL0_TSGRA0_TSGRB0_TT2_64_TLDS1_UMLDSA0_UMLDSB1_U64SL1_USFGROn1_VAW1_VSn1_VW2_VWB2_VFLRP0_WSGRA0_WSGRB0_WS64_WG64_4_1_WGM1",23493,6448475854910645,6448475854929794,0,9216,256,1,1,7168,2,1
"KERNEL_DISPATCH",1,1,234821,110,1099,"Cijk_Ailk_Bljk_DB_MT80x64x32_MI16x16x4x1_SN_1LDSB1_APM1_ABV0_ACED0_AF0EM1_AF1EM1_AMAS0_ASE_ASGT_ASLT1257_ASM_ASAE01_ASCE01_ASEM1_AAC0_BL1_BS1_CLR0_DTLA0_DTLB0_DTVA0_DTVB0_DVO0_ETB_EPS1_ELFLR0_EMLL0_FSSC10_FL0_GLVWA2_GLVWB2_GRCGA1_GRCGB1_GRPM1_GRVWn1_GSU1_GSUASB_GLS0_ISA942_IU1_K1_KLA_LBSPPA0_LBSPPB256_LPA0_LPB4_LDL1_LRVW2_LWPMn1_LDW0_FMA_MIAV1_MDA2_MO40_MMFSC_MKFGSU256_NTA0_NTB0_NTC0_NTD0_NEPBS4_NLCA5_NLCB1_ONLL1_OPLV0_PK0_PAP0_PGR2_PLR9_PKA0_SIA3_SLW1_SS1_SU0_SUM0_SUS0_SCIUI1_SPO0_SRVW0_SSO0_SVW1_SNLL0_TSGRA0_TSGRB0_TT5_16_TLDS1_UMLDSA0_UMLDSB1_U64SL1_USFGROn1_VAW1_VSn1_VW1_VWB1_VFLRP0_WSGRA0_WSGRB0_WS64_WG16_16_1_WGM1",23496,6448475854929794,6448475854938127,0,38912,256,1,1,11520,2,1
"KERNEL_DISPATCH",1,1,234821,111,766,"Cijk_Ailk_Bljk_DB_MT128x64x16_MI16x16x4x1_SN_1LDSB1_APM1_ABV0_ACED0_AF0EM1_AF1EM1_AMAS3_ASE_ASGT_ASLT_ASM_ASAE01_ASCE01_ASEM1_AAC0_BL1_BS1_CLR0_DTLA0_DTLB0_DTVA1_DTVB0_DVO0_ETSP_EPS1_ELFLR0_EMLL0_FSSC10_FL0_GLVWA2_GLVWB2_GRCGA1_GRCGB1_GRPM1_GRVWn1_GSU1_GSUASB_GLS0_ISA942_IU1_K1_KLA_LBSPPA0_LBSPPB256_LPA0_LPB4_LDL1_LRVW2_LWPMn1_LDW0_FMA_MIAV0_MDA2_MO40_MMFSC_MKFGSU256_NTA0_NTB0_NTC4_NTD4_NEPBS4_NLCA1_NLCB1_ONLL1_OPLV0_PK0_PAP0_PGR2_PLR5_PKA0_SIA3_SLW1_SS1_SU0_SUM0_SUS0_SCIUI1_SPO1_SRVW0_SSO4_SVW2_SNLL0_TSGRA0_TSGRB0_TT2_64_TLDS1_UMLDSA0_UMLDSB1_U64SL1_USFGROn1_VAW1_VSn1_VW2_VWB2_VFLRP0_WSGRA0_WSGRB0_WS64_WG64_4_1_WGM1",23499,6448475854940502,6448475854961894,0,9216,256,1,1,7168,2,1
"KERNEL_DISPATCH",1,1,234821,112,1099,"Cijk_Ailk_Bljk_DB_MT80x64x32_MI16x16x4x1_SN_1LDSB1_APM1_ABV0_ACED0_AF0EM1_AF1EM1_AMAS0_ASE_ASGT_ASLT1257_ASM_ASAE01_ASCE01_ASEM1_AAC0_BL1_BS1_CLR0_DTLA0_DTLB0_DTVA0_DTVB0_DVO0_ETB_EPS1_ELFLR0_EMLL0_FSSC10_FL0_GLVWA2_GLVWB2_GRCGA1_GRCGB1_GRPM1_GRVWn1_GSU1_GSUASB_GLS0_ISA942_IU1_K1_KLA_LBSPPA0_LBSPPB256_LPA0_LPB4_LDL1_LRVW2_LWPMn1_LDW0_FMA_MIAV1_MDA2_MO40_MMFSC_MKFGSU256_NTA0_NTB0_NTC0_NTD0_NEPBS4_NLCA5_NLCB1_ONLL1_OPLV0_PK0_PAP0_PGR2_PLR9_PKA0_SIA3_SLW1_SS1_SU0_SUM0_SUS0_SCIUI1_SPO0_SRVW0_SSO0_SVW1_SNLL0_TSGRA0_TSGRB0_TT5_16_TLDS1_UMLDSA0_UMLDSB1_U64SL1_USFGROn1_VAW1_VSn1_VW1_VWB1_VFLRP0_WSGRA0_WSGRB0_WS64_WG16_16_1_WGM1",23502,6448475854962484,6448475854972460,0,38912,256,1,1,11520,2,1
"KERNEL_DISPATCH",1,1,234821,113,1437,"void rocblas_trtri_trsm_kernel<128, 16, 8, double, double const*, double*>(rocblas_fill_, rocblas_diagonal_, double const*, long, int, long, double*, long, long, int)",23506,6448475854972460,6448475855000863,0,8192,256,1,1,4096,1,1
"KERNEL_DISPATCH",1,1,234821,114,1433,"void rocblas_trtri_fill<128, double, double*>(_rocblas_handle*, rocblas_fill_, int, long, int, long, double*, long, long, int, int)",23511,6448475855000863,6448475855003427,0,0,128,1,1,32512,1,1
"KERNEL_DISPATCH",1,1,234821,115,787,"Cijk_Ailk_Bljk_DB_MT64x32x16_MI16x16x4x1_SN_1LDSB1_APM1_ABV0_ACED0_AF0EM2_AF1EM2_AMAS0_ASE_ASGT_ASLT_ASM_ASAE01_ASCE01_ASEM2_AAC0_BL1_BS1_CLR0_DTLA0_DTLB0_DTVA1_DTVB0_DVO0_ETSP_EPS1_ELFLR0_EMLL0_FSSC10_FL0_GLVWA1_GLVWB1_GRCGA1_GRCGB1_GRPM1_GRVW1_GSU1_GSUASB_GLS0_ISA942_IU1_K1_KLA_LBSPPA0_LBSPPB128_LPA0_LPB4_LDL1_LRVW2_LWPMn1_LDW0_FMA_MIAV1_MDA2_MO40_MMFSC_MKFGSU256_NTA0_NTB0_NTC3_NTD3_NEPBS0_NLCA1_NLCB1_ONLL1_OPLV0_PK0_PAP0_PGR2_PLR5_PKA0_SIA3_SLW1_SS1_SU0_SUM0_SUS0_SCIUI1_SPO1_SRVW0_SSO6_SVW1_SNLL0_TSGRA0_TSGRB0_TT1_32_TLDS1_UMLDSA0_UMLDSB1_U64SL1_USFGROn1_VAW1_VSn1_VW1_VWB1_VFLRP0_WSGRA0_WSGRB0_WS64_WG64_4_1_WGM12",23515,6448475855013603,6448475855019772,0,5120,256,1,1,256,1,4
"KERNEL_DISPATCH",1,1,234821,116,787,"Cijk_Ailk_Bljk_DB_MT64x32x16_MI16x16x4x1_SN_1LDSB1_APM1_ABV0_ACED0_AF0EM2_AF1EM2_AMAS0_ASE_ASGT_ASLT_ASM_ASAE01_ASCE01_ASEM2_AAC0_BL1_BS1_CLR0_DTLA0_DTLB0_DTVA1_DTVB0_DVO0_ETSP_EPS1_ELFLR0_EMLL0_FSSC10_FL0_GLVWA1_GLVWB1_GRCGA1_GRCGB1_GRPM1_GRVW1_GSU1_GSUASB_GLS0_ISA942_IU1_K1_KLA_LBSPPA0_LBSPPB128_LPA0_LPB4_LDL1_LRVW2_LWPMn1_LDW0_FMA_MIAV1_MDA2_MO40_MMFSC_MKFGSU256_NTA0_NTB0_NTC3_NTD3_NEPBS0_NLCA1_NLCB1_ONLL1_OPLV0_PK0_PAP0_PGR2_PLR5_PKA0_SIA3_SLW1_SS1_SU0_SUM0_SUS0_SCIUI1_SPO1_SRVW0_SSO6_SVW1_SNLL0_TSGRA0_TSGRB0_TT1_32_TLDS1_UMLDSA0_UMLDSB1_U64SL1_USFGROn1_VAW1_VSn1_VW1_VWB1_VFLRP0_WSGRA0_WSGRB0_WS64_WG64_4_1_WGM12",23518,6448475855032271,6448475855037519,0,5120,256,1,1,256,1,4
"KERNEL_DISPATCH",1,1,234821,117,787,"Cijk_Ailk_Bljk_DB_MT64x32x16_MI16x16x4x1_SN_1LDSB1_APM1_ABV0_ACED0_AF0EM2_AF1EM2_AMAS0_ASE_ASGT_ASLT_ASM_ASAE01_ASCE01_ASEM2_AAC0_BL1_BS1_CLR0_DTLA0_DTLB0_DTVA1_DTVB0_DVO0_ETSP_EPS1_ELFLR0_EMLL0_FSSC10_FL0_GLVWA1_GLVWB1_GRCGA1_GRCGB1_GRPM1_GRVW1_GSU1_GSUASB_GLS0_ISA942_IU1_K1_KLA_LBSPPA0_LBSPPB128_LPA0_LPB4_LDL1_LRVW2_LWPMn1_LDW0_FMA_MIAV1_MDA2_MO40_MMFSC_MKFGSU256_NTA0_NTB0_NTC3_NTD3_NEPBS0_NLCA1_NLCB1_ONLL1_OPLV0_PK0_PAP0_PGR2_PLR5_PKA0_SIA3_SLW1_SS1_SU0_SUM0_SUS0_SCIUI1_SPO1_SRVW0_SSO6_SVW1_SNLL0_TSGRA0_TSGRB0_TT1_32_TLDS1_UMLDSA0_UMLDSB1_U64SL1_USFGROn1_VAW1_VSn1_VW1_VWB1_VFLRP0_WSGRA0_WSGRB0_WS64_WG64_4_1_WGM12",23521,6448475855052422,6448475855056909,0,5120,256,1,1,256,1,4
"KERNEL_DISPATCH",1,1,234821,118,787,"Cijk_Ailk_Bljk_DB_MT64x32x16_MI16x16x4x1_SN_1LDSB1_APM1_ABV0_ACED0_AF0EM2_AF1EM2_AMAS0_ASE_ASGT_ASLT_ASM_ASAE01_ASCE01_ASEM2_AAC0_BL1_BS1_CLR0_DTLA0_DTLB0_DTVA1_DTVB0_DVO0_ETSP_EPS1_ELFLR0_EMLL0_FSSC10_FL0_GLVWA1_GLVWB1_GRCGA1_GRCGB1_GRPM1_GRVW1_GSU1_GSUASB_GLS0_ISA942_IU1_K1_KLA_LBSPPA0_LBSPPB128_LPA0_LPB4_LDL1_LRVW2_LWPMn1_LDW0_FMA_MIAV1_MDA2_MO40_MMFSC_MKFGSU256_NTA0_NTB0_NTC3_NTD3_NEPBS0_NLCA1_NLCB1_ONLL1_OPLV0_PK0_PAP0_PGR2_PLR5_PKA0_SIA3_SLW1_SS1_SU0_SUM0_SUS0_SCIUI1_SPO1_SRVW0_SSO6_SVW1_SNLL0_TSGRA0_TSGRB0_TT1_32_TLDS1_UMLDSA0_UMLDSB1_U64SL1_USFGROn1_VAW1_VSn1_VW1_VWB1_VFLRP0_WSGRA0_WSGRB0_WS64_WG64_4_1_WGM12",23524,6448475855076459,6448475855081226,0,5120,256,1,1,256,1,4
"KERNEL_DISPATCH",1,1,234821,119,632,"Cijk_Ailk_Bljk_DB_MT64x64x32_MI16x16x4x1_SN_1LDSB1_APM1_ABV0_ACED0_AF0EM2_AF1EM2_AMAS0_ASE_ASGT_ASLT_ASM_ASAE01_ASCE01_ASEM2_AAC0_BL1_BS1_CLR0_DTLA0_DTLB0_DTVA0_DTVB0_DVO0_ETSP_EPS1_ELFLR0_EMLL0_FSSC10_FL0_GLVWA1_GLVWB1_GRCGA1_GRCGB1_GRPM1_GRVW1_GSU1_GSUASB_GLS0_ISA942_IU1_K1_KLA_LBSPPA0_LBSPPB0_LPA0_LPB1_LDL1_LRVW1_LWPMn1_LDW0_FMA_MIAV1_MDA2_MO40_MMFSC_MKFGSU256_NTA0_NTB0_NTC3_NTD3_NEPBS0_NLCA1_NLCB1_ONLL1_OPLV0_PK0_PAP0_PGR2_PLR9_PKA0_SIA3_SLW1_SS1_SU0_SUM0_SUS0_SCIUI1_SPO1_SRVW0_SSO6_SVW1_SNLL0_TSGRA0_TSGRB0_TT2_32_TLDS0_UMLDSA0_UMLDSB0_U64SL1_USFGROn1_VAW1_VSn1_VW1_VWB1_VFLRP0_WSGRA0_WSGRB0_WS64_WG32_8_1_WGM6",23527,6448475855089319,6448475855098533,0,33024,256,1,1,256,1,4
"KERNEL_DISPATCH",1,1,234821,120,632,"Cijk_Ailk_Bljk_DB_MT64x64x32_MI16x16x4x1_SN_1LDSB1_APM1_ABV0_ACED0_AF0EM2_AF1EM2_AMAS0_ASE_ASGT_ASLT_ASM_ASAE01_ASCE01_ASEM2_AAC0_BL1_BS1_CLR0_DTLA0_DTLB0_DTVA0_DTVB0_DVO0_ETSP_EPS1_ELFLR0_EMLL0_FSSC10_FL0_GLVWA1_GLVWB1_GRCGA1_GRCGB1_GRPM1_GRVW1_GSU1_GSUASB_GLS0_ISA942_IU1_K1_KLA_LBSPPA0_LBSPPB0_LPA0_LPB1_LDL1_LRVW1_LWPMn1_LDW0_FMA_MIAV1_MDA2_MO40_MMFSC_MKFGSU256_NTA0_NTB0_NTC3_NTD3_NEPBS0_NLCA1_NLCB1_ONLL1_OPLV0_PK0_PAP0_PGR2_PLR9_PKA0_SIA3_SLW1_SS1_SU0_SUM0_SUS0_SCIUI1_SPO1_SRVW0_SSO6_SVW1_SNLL0_TSGRA0_TSGRB0_TT2_32_TLDS0_UMLDSA0_UMLDSB0_U64SL1_USFGROn1_VAW1_VSn1_VW1_VWB1_VFLRP0_WSGRA0_WSGRB0_WS64_WG32_8_1_WGM6",23530,6448475855104021,6448475855111633,0,33024,256,1,1,256,1,4
"KERNEL_DISPATCH",1,1,234821,121,1435,"void rocblas_copy_matrix_trsm<128, 8, double, double*, double*>(int, int, int, double*, int, long, double*, int, long, long, long, int)",23534,6448475855118684,6448475855130622,0,0,128,8,1,128,3584,1
"KERNEL_DISPATCH",1,1,234821,122,1254,"Cijk_Ailk_Bljk_DB_MT128x32x16_MI16x16x4x1_SN_1LDSB1_APM1_ABV0_ACED0_AF0EM1_AF1EM1_AMAS3_ASE_ASGT_ASLT0257_ASM_ASAE01_ASCE01_ASEM1_AAC0_BL1_BS1_CLR0_DTLA0_DTLB0_DTVA1_DTVB0_DVO0_ETB_EPS1_ELFLR0_EMLL0_FSSC10_FL0_GLVWA2_GLVWB1_GRCGA1_GRCGB1_GRPM1_GRVWn1_GSU1_GSUASB_GLS0_ISA942_IU1_K1_KLA_LBSPPA0_LBSPPB128_LPA0_LPB4_LDL1_LRVW2_LWPMn1_LDW0_FMA_MIAV1_MDA2_MO40_MMFSC_MKFGSU256_NTA0_NTB0_NTC0_NTD0_NEPBS4_NLCA1_NLCB1_ONLL1_OPLV0_PK0_PAP0_PGR2_PLR5_PKA0_SIA3_SLW1_SS1_SU0_SUM0_SUS0_SCIUI1_SPO0_SRVW0_SSO0_SVW2_SNLL0_TSGRA0_TSGRB0_TT2_32_TLDS1_UMLDSA0_UMLDSB1_U64SL1_USFGROn1_VAW1_VSn1_VW2_VWB1_VFLRP0_WSGRA0_WSGRB0_WS64_WG64_4_1_WGM1",23538,6448475855149731,6448475855163633,0,5120,256,1,1,256,112,1
"KERNEL_DISPATCH",1,1,234821,123,1254,"Cijk_Ailk_Bljk_DB_MT128x32x16_MI16x16x4x1_SN_1LDSB1_APM1_ABV0_ACED0_AF0EM1_AF1EM1_AMAS3_ASE_ASGT_ASLT0257_ASM_ASAE01_ASCE01_ASEM1_AAC0_BL1_BS1_CLR0_DTLA0_DTLB0_DTVA1_DTVB0_DVO0_ETB_EPS1_ELFLR0_EMLL0_FSSC10_FL0_GLVWA2_GLVWB1_GRCGA1_GRCGB1_GRPM1_GRVWn1_GSU1_GSUASB_GLS0_ISA942_IU1_K1_KLA_LBSPPA0_LBSPPB128_LPA0_LPB4_LDL1_LRVW2_LWPMn1_LDW0_FMA_MIAV1_MDA2_MO40_MMFSC_MKFGSU256_NTA0_NTB0_NTC0_NTD0_NEPBS4_NLCA1_NLCB1_ONLL1_OPLV0_PK0_PAP0_PGR2_PLR5_PKA0_SIA3_SLW1_SS1_SU0_SUM0_SUS0_SCIUI1_SPO0_SRVW0_SSO0_SVW2_SNLL0_TSGRA0_TSGRB0_TT2_32_TLDS1_UMLDSA0_UMLDSB1_U64SL1_USFGROn1_VAW1_VSn1_VW2_VWB1_VFLRP0_WSGRA0_WSGRB0_WS64_WG64_4_1_WGM1",23541,6448475855167118,6448475855177774,0,5120,256,1,1,256,112,1
"KERNEL_DISPATCH",1,1,234821,124,1254,"Cijk_Ailk_Bljk_DB_MT128x32x16_MI16x16x4x1_SN_1LDSB1_APM1_ABV0_ACED0_AF0EM1_AF1EM1_AMAS3_ASE_ASGT_ASLT0257_ASM_ASAE01_ASCE01_ASEM1_AAC0_BL1_BS1_CLR0_DTLA0_DTLB0_DTVA1_DTVB0_DVO0_ETB_EPS1_ELFLR0_EMLL0_FSSC10_FL0_GLVWA2_GLVWB1_GRCGA1_GRCGB1_GRPM1_GRVWn1_GSU1_GSUASB_GLS0_ISA942_IU1_K1_KLA_LBSPPA0_LBSPPB128_LPA0_LPB4_LDL1_LRVW2_LWPMn1_LDW0_FMA_MIAV1_MDA2_MO40_MMFSC_MKFGSU256_NTA0_NTB0_NTC0_NTD0_NEPBS4_NLCA1_NLCB1_ONLL1_OPLV0_PK0_PAP0_PGR2_PLR5_PKA0_SIA3_SLW1_SS1_SU0_SUM0_SUS0_SCIUI1_SPO0_SRVW0_SSO0_SVW2_SNLL0_TSGRA0_TSGRB0_TT2_32_TLDS1_UMLDSA0_UMLDSB1_U64SL1_USFGROn1_VAW1_VSn1_VW2_VWB1_VFLRP0_WSGRA0_WSGRB0_WS64_WG64_4_1_WGM1",23544,6448475855181260,6448475855190193,0,5120,256,1,1,256,112,1
"KERNEL_DISPATCH",1,1,234821,125,1254,"Cijk_Ailk_Bljk_DB_MT128x32x16_MI16x16x4x1_SN_1LDSB1_APM1_ABV0_ACED0_AF0EM1_AF1EM1_AMAS3_ASE_ASGT_ASLT0257_ASM_ASAE01_ASCE01_ASEM1_AAC0_BL1_BS1_CLR0_DTLA0_DTLB0_DTVA1_DTVB0_DVO0_ETB_EPS1_ELFLR0_EMLL0_FSSC10_FL0_GLVWA2_GLVWB1_GRCGA1_GRCGB1_GRPM1_GRVWn1_GSU1_GSUASB_GLS0_ISA942_IU1_K1_KLA_LBSPPA0_LBSPPB128_LPA0_LPB4_LDL1_LRVW2_LWPMn1_LDW0_FMA_MIAV1_MDA2_MO40_MMFSC_MKFGSU256_NTA0_NTB0_NTC0_NTD0_NEPBS4_NLCA1_NLCB1_ONLL1_OPLV0_PK0_PAP0_PGR2_PLR5_PKA0_SIA3_SLW1_SS1_SU0_SUM0_SUS0_SCIUI1_SPO0_SRVW0_SSO0_SVW2_SNLL0_TSGRA0_TSGRB0_TT2_32_TLDS1_UMLDSA0_UMLDSB1_U64SL1_USFGROn1_VAW1_VSn1_VW2_VWB1_VFLRP0_WSGRA0_WSGRB0_WS64_WG64_4_1_WGM1",23547,6448475855202212,6448475855212988,0,5120,256,1,1,256,112,1
"KERNEL_DISPATCH",1,1,234821,126,1254,"Cijk_Ailk_Bljk_DB_MT128x32x16_MI16x16x4x1_SN_1LDSB1_APM1_ABV0_ACED0_AF0EM1_AF1EM1_AMAS3_ASE_ASGT_ASLT0257_ASM_ASAE01_ASCE01_ASEM1_AAC0_BL1_BS1_CLR0_DTLA0_DTLB0_DTVA1_DTVB0_DVO0_ETB_EPS1_ELFLR0_EMLL0_FSSC10_FL0_GLVWA2_GLVWB1_GRCGA1_GRCGB1_GRPM1_GRVWn1_GSU1_GSUASB_GLS0_ISA942_IU1_K1_KLA_LBSPPA0_LBSPPB128_LPA0_LPB4_LDL1_LRVW2_LWPMn1_LDW0_FMA_MIAV1_MDA2_MO40_MMFSC_MKFGSU256_NTA0_NTB0_NTC0_NTD0_NEPBS4_NLCA1_NLCB1_ONLL1_OPLV0_PK0_PAP0_PGR2_PLR5_PKA0_SIA3_SLW1_SS1_SU0_SUM0_SUS0_SCIUI1_SPO0_SRVW0_SSO0_SVW2_SNLL0_TSGRA0_TSGRB0_TT2_32_TLDS1_UMLDSA0_UMLDSB1_U64SL1_USFGROn1_VAW1_VSn1_VW2_VWB1_VFLRP0_WSGRA0_WSGRB0_WS64_WG64_4_1_WGM1",23550,6448475855219278,6448475855228452,0,5120,256,1,1,256,112,1
"KERNEL_DISPATCH",1,1,234821,127,1254,"Cijk_Ailk_Bljk_DB_MT128x32x16_MI16x16x4x1_SN_1LDSB1_APM1_ABV0_ACED0_AF0EM1_AF1EM1_AMAS3_ASE_ASGT_ASLT0257_ASM_ASAE01_ASCE01_ASEM1_AAC0_BL1_BS1_CLR0_DTLA0_DTLB0_DTVA1_DTVB0_DVO0_ETB_EPS1_ELFLR0_EMLL0_FSSC10_FL0_GLVWA2_GLVWB1_GRCGA1_GRCGB1_GRPM1_GRVWn1_GSU1_GSUASB_GLS0_ISA942_IU1_K1_KLA_LBSPPA0_LBSPPB128_LPA0_LPB4_LDL1_LRVW2_LWPMn1_LDW0_FMA_MIAV1_MDA2_MO40_MMFSC_MKFGSU256_NTA0_NTB0_NTC0_NTD0_NEPBS4_NLCA1_NLCB1_ONLL1_OPLV0_PK0_PAP0_PGR2_PLR5_PKA0_SIA3_SLW1_SS1_SU0_SUM0_SUS0_SCIUI1_SPO0_SRVW0_SSO0_SVW2_SNLL0_TSGRA0_TSGRB0_TT2_32_TLDS1_UMLDSA0_UMLDSB1_U64SL1_USFGROn1_VAW1_VSn1_VW2_VWB1_VFLRP0_WSGRA0_WSGRB0_WS64_WG64_4_1_WGM1",23553,6448475855239108,6448475855252329,0,5120,256,1,1,256,112,1
"KERNEL_DISPATCH",1,1,234821,128,1254,"Cijk_Ailk_Bljk_DB_MT128x32x16_MI16x16x4x1_SN_1LDSB1_APM1_ABV0_ACED0_AF0EM1_AF1EM1_AMAS3_ASE_ASGT_ASLT0257_ASM_ASAE01_ASCE01_ASEM1_AAC0_BL1_BS1_CLR0_DTLA0_DTLB0_DTVA1_DTVB0_DVO0_ETB_EPS1_ELFLR0_EMLL0_FSSC10_FL0_GLVWA2_GLVWB1_GRCGA1_GRCGB1_GRPM1_GRVWn1_GSU1_GSUASB_GLS0_ISA942_IU1_K1_KLA_LBSPPA0_LBSPPB128_LPA0_LPB4_LDL1_LRVW2_LWPMn1_LDW0_FMA_MIAV1_MDA2_MO40_MMFSC_MKFGSU256_NTA0_NTB0_NTC0_NTD0_NEPBS4_NLCA1_NLCB1_ONLL1_OPLV0_PK0_PAP0_PGR2_PLR5_PKA0_SIA3_SLW1_SS1_SU0_SUM0_SUS0_SCIUI1_SPO0_SRVW0_SSO0_SVW2_SNLL0_TSGRA0_TSGRB0_TT2_32_TLDS1_UMLDSA0_UMLDSB1_U64SL1_USFGROn1_VAW1_VSn1_VW2_VWB1_VFLRP0_WSGRA0_WSGRB0_WS64_WG64_4_1_WGM1",23556,6448475855260141,6448475855270156,0,5120,256,1,1,256,112,1
"KERNEL_DISPATCH",1,1,234821,129,1249,"Cijk_Ailk_Bljk_DB_MT128x96x16_MI16x16x4x1_SN_1LDSB1_APM1_ABV0_ACED0_AF0EM1_AF1EM1_AMAS3_ASE_ASGT_ASLT_ASM_ASAE01_ASCE01_ASEM1_AAC0_BL1_BS1_CLR0_DTLA0_DTLB0_DTVA1_DTVB0_DVO0_ETSP_EPS1_ELFLR0_EMLL0_FSSC10_FL0_GLVWA2_GLVWB2_GRCGA1_GRCGB1_GRPM1_GRVWn1_GSU1_GSUASB_GLS0_ISA942_IU1_K1_KLA_LBSPPA0_LBSPPB128_LPA0_LPB2_LDL1_LRVW1_LWPMn1_LDW0_FMA_MIAV1_MDA2_MO40_MMFSC_MKFGSU256_NTA0_NTB0_NTC4_NTD4_NEPBS4_NLCA1_NLCB1_ONLL1_OPLV0_PK0_PAP0_PGR2_PLR1_PKA0_SIA3_SLW1_SS1_SU0_SUM0_SUS0_SCIUI1_SPO1_SRVW0_SSO4_SVW2_SNLL0_TSGRA0_TSGRB0_TT2_96_TLDS1_UMLDSA0_UMLDSB1_U64SL1_USFGROn1_VAW1_VSn1_VW2_VWB1_VFLRP0_WSGRA0_WSGRB0_WS64_WG64_4_1_WGM36",23559,6448475855281253,6448475855617559,0,13824,256,1,1,7168,38,1
"KERNEL_DISPATCH",1,1,234821,130,151,"void rocsolver::v32802::getf2_npvt_small_kernel<16, double, int, int, double*>(int, double*, long, int, long, int*, int, int)",23562,6448475855617559,6448475855630218,0,136,512,1,1,512,1,1
"KERNEL_DISPATCH",1,1,234821,131,203,"void rocsolver::v32802::unit_forward_substitution_kernel<double, int, double*>(int, int, double*, int, int, long, long, double*, int, int, long, long)",23567,6448475855630218,6448475855640714,0,512,16,64,1,16,512,1
"KERNEL_DISPATCH",1,1,234821,132,859,"Cijk_Ailk_Bljk_DB_MT64x32x32_MI16x16x4x1_SN_1LDSB1_APM1_ABV0_ACED0_AF0EM2_AF1EM2_AMAS3_ASE_ASGT_ASLT_ASM_ASAE01_ASCE01_ASEM2_AAC0_BL1_BS1_CLR0_DTLA0_DTLB0_DTVA0_DTVB0_DVO0_ETSP_EPS1_ELFLR0_EMLL0_FSSC10_FL0_GLVWA2_GLVWB2_GRCGA1_GRCGB1_GRPM1_GRVW2_GSU1_GSUASB_GLS0_ISA942_IU1_K1_KLA_LBSPPA0_LBSPPB256_LPA0_LPB4_LDL1_LRVW2_LWPMn1_LDW0_FMA_MIAV1_MDA2_MO40_MMFSC_MKFGSU256_NTA0_NTB0_NTC3_NTD3_NEPBS0_NLCA1_NLCB1_ONLL1_OPLV0_PK0_PAP0_PGR2_PLR9_PKA0_SIA3_SLW1_SS1_SU0_SUM0_SUS0_SCIUI1_SPO1_SRVW0_SSO6_SVW2_SNLL0_TSGRA0_TSGRB0_TT2_16_TLDS1_UMLDSA0_UMLDSB1_U64SL1_USFGROn1_VAW1_VSn1_VW2_VWB1_VFLRP0_WSGRA0_WSGRB0_WS64_WG32_8_1_WGM6",23570,6448475855640714,6448475855646563,0,25600,256,1,1,2048,16,1
"KERNEL_DISPATCH",1,1,234821,133,151,"void rocsolver::v32802::getf2_npvt_small_kernel<16, double, int, int, double*>(int, double*, long, int, long, int*, int, int)",23573,6448475855644620,6448475855654195,0,136,496,1,1,496,1,1
"KERNEL_DISPATCH",1,1,234821,134,203,"void rocsolver::v32802::unit_forward_substitution_kernel<double, int, double*>(int, int, double*, int, int, long, long, double*, int, int, long, long)",23578,6448475855656138,6448475855665632,0,512,16,64,1,16,512,1
"KERNEL_DISPATCH",1,1,234821,135,859,"Cijk_Ailk_Bljk_DB_MT64x32x32_MI16x16x4x1_SN_1LDSB1_APM1_ABV0_ACED0_AF0EM2_AF1EM2_AMAS3_ASE_ASGT_ASLT_ASM_ASAE01_ASCE01_ASEM2_AAC0_BL1_BS1_CLR0_DTLA0_DTLB0_DTVA0_DTVB0_DVO0_ETSP_EPS1_ELFLR0_EMLL0_FSSC10_FL0_GLVWA2_GLVWB2_GRCGA1_GRCGB1_GRPM1_GRVW2_GSU1_GSUASB_GLS0_ISA942_IU1_K1_KLA_LBSPPA0_LBSPPB256_LPA0_LPB4_LDL1_LRVW2_LWPMn1_LDW0_FMA_MIAV1_MDA2_MO40_MMFSC_MKFGSU256_NTA0_NTB0_NTC3_NTD3_NEPBS0_NLCA1_NLCB1_ONLL1_OPLV0_PK0_PAP0_PGR2_PLR9_PKA0_SIA3_SLW1_SS1_SU0_SUM0_SUS0_SCIUI1_SPO1_SRVW0_SSO6_SVW2_SNLL0_TSGRA0_TSGRB0_TT2_16_TLDS1_UMLDSA0_UMLDSB1_U64SL1_USFGROn1_VAW1_VSn1_VW2_VWB1_VFLRP0_WSGRA0_WSGRB0_WS64_WG32_8_1_WGM6",23581,6448475855665632,6448475855671361,0,25600,256,1,1,2048,15,1
"KERNEL_DISPATCH",1,1,234821,136,151,"void rocsolver::v32802::getf2_npvt_small_kernel<16, double, int, int, double*>(int, double*, long, int, long, int*, int, int)",23584,6448475855671361,6448475855681377,0,136,480,1,1,480,1,1
"KERNEL_DISPATCH",1,1,234821,137,203,"void rocsolver::v32802::unit_forward_substitution_kernel<double, int, double*>(int, int, double*, int, int, long, long, double*, int, int, long, long)",23589,6448475855681377,6448475855690511,0,512,16,64,1,16,512,1
"KERNEL_DISPATCH",1,1,234821,138,859,"Cijk_Ailk_Bljk_DB_MT64x32x32_MI16x16x4x1_SN_1LDSB1_APM1_ABV0_ACED0_AF0EM2_AF1EM2_AMAS3_ASE_ASGT_ASLT_ASM_ASAE01_ASCE01_ASEM2_AAC0_BL1_BS1_CLR0_DTLA0_DTLB0_DTVA0_DTVB0_DVO0_ETSP_EPS1_ELFLR0_EMLL0_FSSC10_FL0_GLVWA2_GLVWB2_GRCGA1_GRCGB1_GRPM1_GRVW2_GSU1_GSUASB_GLS0_ISA942_IU1_K1_KLA_LBSPPA0_LBSPPB256_LPA0_LPB4_LDL1_LRVW2_LWPMn1_LDW0_FMA_MIAV1_MDA2_MO40_MMFSC_MKFGSU256_NTA0_NTB0_NTC3_NTD3_NEPBS0_NLCA1_NLCB1_ONLL1_OPLV0_PK0_PAP0_PGR2_PLR9_PKA0_SIA3_SLW1_SS1_SU0_SUM0_SUS0_SCIUI1_SPO1_SRVW0_SSO6_SVW2_SNLL0_TSGRA0_TSGRB0_TT2_16_TLDS1_UMLDSA0_UMLDSB1_U64SL1_USFGROn1_VAW1_VSn1_VW2_VWB1_VFLRP0_WSGRA0_WSGRB0_WS64_WG32_8_1_WGM6",23592,6448475855690511,6448475855695799,0,25600,256,1,1,2048,15,1
"KERNEL_DISPATCH",1,1,234821,141,859,"Cijk_Ailk_Bljk_DB_MT64x32x32_MI16x16x4x1_SN_1LDSB1_APM1_ABV0_ACED0_AF0EM2_AF1EM2_AMAS3_ASE_ASGT_ASLT_ASM_ASAE01_ASCE01_ASEM2_AAC0_BL1_BS1_CLR0_DTLA0_DTLB0_DTVA0_DTVB0_DVO0_ETSP_EPS1_ELFLR0_EMLL0_FSSC10_FL0_GLVWA2_GLVWB2_GRCGA1_GRCGB1_GRPM1_GRVW2_GSU1_GSUASB_GLS0_ISA942_IU1_K1_KLA_LBSPPA0_LBSPPB256_LPA0_LPB4_LDL1_LRVW2_LWPMn1_LDW0_FMA_MIAV1_MDA2_MO40_MMFSC_MKFGSU256_NTA0_NTB0_NTC3_NTD3_NEPBS0_NLCA1_NLCB1_ONLL1_OPLV0_PK0_PAP0_PGR2_PLR9_PKA0_SIA3_SLW1_SS1_SU0_SUM0_SUS0_SCIUI1_SPO1_SRVW0_SSO6_SVW2_SNLL0_TSGRA0_TSGRB0_TT2_16_TLDS1_UMLDSA0_UMLDSB1_U64SL1_USFGROn1_VAW1_VSn1_VW2_VWB1_VFLRP0_WSGRA0_WSGRB0_WS64_WG32_8_1_WGM6",23603,6448475855714267,6448475855719555,0,25600,256,1,1,1792,14,1
"KERNEL_DISPATCH",1,1,234821,140,203,"void rocsolver::v32802::unit_forward_substitution_kernel<double, int, double*>(int, int, double*, int, int, long, long, double*, int, int, long, long)",23600,6448475855705093,6448475855714267,0,512,16,64,1,16,448,1
"KERNEL_DISPATCH",1,1,234821,139,151,"void rocsolver::v32802::getf2_npvt_small_kernel<16, double, int, int, double*>(int, double*, long, int, long, int*, int, int)",23595,6448475855695799,6448475855705093,0,136,464,1,1,464,1,1
"KERNEL_DISPATCH",1,1,234821,145,151,"void rocsolver::v32802::getf2_npvt_small_kernel<16, double, int, int, double*>(int, double*, long, int, long, int*, int, int)",23617,6448475855741278,6448475855750332,0,136,432,1,1,432,1,1
"KERNEL_DISPATCH",1,1,234821,144,859,"Cijk_Ailk_Bljk_DB_MT64x32x32_MI16x16x4x1_SN_1LDSB1_APM1_ABV0_ACED0_AF0EM2_AF1EM2_AMAS3_ASE_ASGT_ASLT_ASM_ASAE01_ASCE01_ASEM2_AAC0_BL1_BS1_CLR0_DTLA0_DTLB0_DTVA0_DTVB0_DVO0_ETSP_EPS1_ELFLR0_EMLL0_FSSC10_FL0_GLVWA2_GLVWB2_GRCGA1_GRCGB1_GRPM1_GRVW2_GSU1_GSUASB_GLS0_ISA942_IU1_K1_KLA_LBSPPA0_LBSPPB256_LPA0_LPB4_LDL1_LRVW2_LWPMn1_LDW0_FMA_MIAV1_MDA2_MO40_MMFSC_MKFGSU256_NTA0_NTB0_NTC3_NTD3_NEPBS0_NLCA1_NLCB1_ONLL1_OPLV0_PK0_PAP0_PGR2_PLR9_PKA0_SIA3_SLW1_SS1_SU0_SUM0_SUS0_SCIUI1_SPO1_SRVW0_SSO6_SVW2_SNLL0_TSGRA0_TSGRB0_TT2_16_TLDS1_UMLDSA0_UMLDSB1_U64SL1_USFGROn1_VAW1_VSn1_VW2_VWB1_VFLRP0_WSGRA0_WSGRB0_WS64_WG32_8_1_WGM6",23614,6448475855738544,6448475855742270,0,25600,256,1,1,1792,14,1
"KERNEL_DISPATCH",1,1,234821,143,203,"void rocsolver::v32802::unit_forward_substitution_kernel<double, int, double*>(int, int, double*, int, int, long, long, double*, int, int, long, long)",23611,6448475855728689,6448475855738544,0,512,16,64,1,16,448,1
"KERNEL_DISPATCH",1,1,234821,147,859,"Cijk_Ailk_Bljk_DB_MT64x32x32_MI16x16x4x1_SN_1LDSB1_APM1_ABV0_ACED0_AF0EM2_AF1EM2_AMAS3_ASE_ASGT_ASLT_ASM_ASAE01_ASCE01_ASEM2_AAC0_BL1_BS1_CLR0_DTLA0_DTLB0_DTVA0_DTVB0_DVO0_ETSP_EPS1_ELFLR0_EMLL0_FSSC10_FL0_GLVWA2_GLVWB2_GRCGA1_GRCGB1_GRPM1_GRVW2_GSU1_GSUASB_GLS0_ISA942_IU1_K1_KLA_LBSPPA0_LBSPPB256_LPA0_LPB4_LDL1_LRVW2_LWPMn1_LDW0_FMA_MIAV1_MDA2_MO40_MMFSC_MKFGSU256_NTA0_NTB0_NTC3_NTD3_NEPBS0_NLCA1_NLCB1_ONLL1_OPLV0_PK0_PAP0_PGR2_PLR9_PKA0_SIA3_SLW1_SS1_SU0_SUM0_SUS0_SCIUI1_SPO1_SRVW0_SSO6_SVW2_SNLL0_TSGRA0_TSGRB0_TT2_16_TLDS1_UMLDSA0_UMLDSB1_U64SL1_USFGROn1_VAW1_VSn1_VW2_VWB1_VFLRP0_WSGRA0_WSGRB0_WS64_WG32_8_1_WGM6",23625,6448475855760939,6448475855764664,0,25600,256,1,1,1792,13,1
"KERNEL_DISPATCH",1,1,234821,148,151,"void rocsolver::v32802::getf2_npvt_small_kernel<16, double, int, int, double*>(int, double*, long, int, long, int*, int, int)",23628,6448475855764664,6448475855774920,0,136,416,1,1,416,1,1
"KERNEL_DISPATCH",1,1,234821,146,203,"void rocsolver::v32802::unit_forward_substitution_kernel<double, int, double*>(int, int, double*, int, int, long, long, double*, int, int, long, long)",23622,6448475855751324,6448475855760939,0,512,16,64,1,16,448,1
"KERNEL_DISPATCH",1,1,234821,149,203,"void rocsolver::v32802::unit_forward_substitution_kernel<double, int, double*>(int, int, double*, int, int, long, long, double*, int, int, long, long)",23633,6448475855774920,6448475855784535,0,512,16,64,1,16,448,1
"KERNEL_DISPATCH",1,1,234821,142,151,"void rocsolver::v32802::getf2_npvt_small_kernel<16, double, int, int, double*>(int, double*, long, int, long, int*, int, int)",23606,6448475855719555,6448475855728689,0,136,448,1,1,448,1,1
"KERNEL_DISPATCH",1,1,234821,151,151,"void rocsolver::v32802::getf2_npvt_small_kernel<16, double, int, int, double*>(int, double*, long, int, long, int*, int, int)",23639,6448475855788260,6448475855797755,0,136,400,1,1,400,1,1
"KERNEL_DISPATCH",1,1,234821,155,203,"void rocsolver::v32802::unit_forward_substitution_kernel<double, int, double*>(int, int, double*, int, int, long, long, double*, int, int, long, long)",23655,6448475855821391,6448475855829844,0,512,16,64,1,16,384,1
"KERNEL_DISPATCH",1,1,234821,154,151,"void rocsolver::v32802::getf2_npvt_small_kernel<16, double, int, int, double*>(int, double*, long, int, long, int*, int, int)",23650,6448475855811136,6448475855819548,0,136,384,1,1,384,1,1
"KERNEL_DISPATCH",1,1,234821,153,859,"Cijk_Ailk_Bljk_DB_MT64x32x32_MI16x16x4x1_SN_1LDSB1_APM1_ABV0_ACED0_AF0EM2_AF1EM2_AMAS3_ASE_ASGT_ASLT_ASM_ASAE01_ASCE01_ASEM2_AAC0_BL1_BS1_CLR0_DTLA0_DTLB0_DTVA0_DTVB0_DVO0_ETSP_EPS1_ELFLR0_EMLL0_FSSC10_FL0_GLVWA2_GLVWB2_GRCGA1_GRCGB1_GRPM1_GRVW2_GSU1_GSUASB_GLS0_ISA942_IU1_K1_KLA_LBSPPA0_LBSPPB256_LPA0_LPB4_LDL1_LRVW2_LWPMn1_LDW0_FMA_MIAV1_MDA2_MO40_MMFSC_MKFGSU256_NTA0_NTB0_NTC3_NTD3_NEPBS0_NLCA1_NLCB1_ONLL1_OPLV0_PK0_PAP0_PGR2_PLR9_PKA0_SIA3_SLW1_SS1_SU0_SUM0_SUS0_SCIUI1_SPO1_SRVW0_SSO6_SVW2_SNLL0_TSGRA0_TSGRB0_TT2_16_TLDS1_UMLDSA0_UMLDSB1_U64SL1_USFGROn1_VAW1_VSn1_VW2_VWB1_VFLRP0_WSGRA0_WSGRB0_WS64_WG32_8_1_WGM6",23647,6448475855807049,6448475855811136,0,25600,256,1,1,1536,12,1
"KERNEL_DISPATCH",1,1,234821,152,203,"void rocsolver::v32802::unit_forward_substitution_kernel<double, int, double*>(int, int, double*, int, int, long, long, double*, int, int, long, long)",23644,6448475855797755,6448475855807049,0,512,16,64,1,16,384,1
"KERNEL_DISPATCH",1,1,234821,150,859,"Cijk_Ailk_Bljk_DB_MT64x32x32_MI16x16x4x1_SN_1LDSB1_APM1_ABV0_ACED0_AF0EM2_AF1EM2_AMAS3_ASE_ASGT_ASLT_ASM_ASAE01_ASCE01_ASEM2_AAC0_BL1_BS1_CLR0_DTLA0_DTLB0_DTVA0_DTVB0_DVO0_ETSP_EPS1_ELFLR0_EMLL0_FSSC10_FL0_GLVWA2_GLVWB2_GRCGA1_GRCGB1_GRPM1_GRVW2_GSU1_GSUASB_GLS0_ISA942_IU1_K1_KLA_LBSPPA0_LBSPPB256_LPA0_LPB4_LDL1_LRVW2_LWPMn1_LDW0_FMA_MIAV1_MDA2_MO40_MMFSC_MKFGSU256_NTA0_NTB0_NTC3_NTD3_NEPBS0_NLCA1_NLCB1_ONLL1_OPLV0_PK0_PAP0_PGR2_PLR9_PKA0_SIA3_SLW1_SS1_SU0_SUM0_SUS0_SCIUI1_SPO1_SRVW0_SSO6_SVW2_SNLL0_TSGRA0_TSGRB0_TT2_16_TLDS1_UMLDSA0_UMLDSB1_U64SL1_USFGROn1_VAW1_VSn1_VW2_VWB1_VFLRP0_WSGRA0_WSGRB0_WS64_WG32_8_1_WGM6",23636,6448475855784535,6448475855788260,0,25600,256,1,1,1792,13,1
"KERNEL_DISPATCH",1,1,234821,156,629,"Cijk_Ailk_Bljk_DB_MT128x64x16_MI16x16x4x1_SN_1LDSB1_APM1_ABV0_ACED0_AF0EM2_AF1EM2_AMAS3_ASE_ASGT_ASLT_ASM_ASAE01_ASCE01_ASEM2_AAC0_BL1_BS1_CLR0_DTLA0_DTLB0_DTVA1_DTVB0_DVO0_ETSP_EPS1_ELFLR0_EMLL0_FSSC10_FL0_GLVWA2_GLVWB2_GRCGA1_GRCGB1_GRPM1_GRVW2_GSU1_GSUASB_GLS0_ISA942_IU1_K1_KLA_LBSPPA0_LBSPPB0_LPA0_LPB2_LDL1_LRVW1_LWPMn1_LDW0_FMA_MIAV1_MDA2_MO40_MMFSC_MKFGSU256_NTA0_NTB0_NTC3_NTD3_NEPBS4_NLCA1_NLCB1_ONLL1_OPLV0_PK0_PAP0_PGR2_PLR1_PKA0_SIA3_SLW1_SS1_SU0_SUM0_SUS0_SCIUI1_SPO1_SRVW0_SSO6_SVW2_SNLL0_TSGRA0_TSGRB0_TT2_64_TLDS0_UMLDSA0_UMLDSB0_U64SL1_USFGROn1_VAW1_VSn1_VW2_VWB1_VFLRP0_WSGRA0_WSGRB0_WS64_WG64_4_1_WGM12",23658,6448475855844066,6448475855851998,0,8448,256,1,1,768,6,1
"KERNEL_DISPATCH",1,1,234821,159,629,"Cijk_Ailk_Bljk_DB_MT128x64x16_MI16x16x4x1_SN_1LDSB1_APM1_ABV0_ACED0_AF0EM2_AF1EM2_AMAS3_ASE_ASGT_ASLT_ASM_ASAE01_ASCE01_ASEM2_AAC0_BL1_BS1_CLR0_DTLA0_DTLB0_DTVA1_DTVB0_DVO0_ETSP_EPS1_ELFLR0_EMLL0_FSSC10_FL0_GLVWA2_GLVWB2_GRCGA1_GRCGB1_GRPM1_GRVW2_GSU1_GSUASB_GLS0_ISA942_IU1_K1_KLA_LBSPPA0_LBSPPB0_LPA0_LPB2_LDL1_LRVW1_LWPMn1_LDW0_FMA_MIAV1_MDA2_MO40_MMFSC_MKFGSU256_NTA0_NTB0_NTC3_NTD3_NEPBS4_NLCA1_NLCB1_ONLL1_OPLV0_PK0_PAP0_PGR2_PLR1_PKA0_SIA3_SLW1_SS1_SU0_SUM0_SUS0_SCIUI1_SPO1_SRVW0_SSO6_SVW2_SNLL0_TSGRA0_TSGRB0_TT2_64_TLDS0_UMLDSA0_UMLDSB0_U64SL1_USFGROn1_VAW1_VSn1_VW2_VWB1_VFLRP0_WSGRA0_WSGRB0_WS64_WG64_4_1_WGM12",23669,6448475855895946,6448475855903517,0,8448,256,1,1,768,6,1
"KERNEL_DISPATCH",1,1,234821,158,203,"void rocsolver::v32802::unit_forward_substitution_kernel<double, int, double*>(int, int, double*, int, int, long, long, double*, int, int, long, long)",23666,6448475855876956,6448475855886131,0,512,16,64,1,16,384,1
"KERNEL_DISPATCH",1,1,234821,157,151,"void rocsolver::v32802::getf2_npvt_small_kernel<16, double, int, int, double*>(int, double*, long, int, long, int*, int, int)",23661,6448475855858448,6448475855867422,0,136,368,1,1,368,1,1
"KERNEL_DISPATCH",1,1,234821,160,151,"void rocsolver::v32802::getf2_npvt_small_kernel<16, double, int, int, double*>(int, double*, long, int, long, int*, int, int)",23672,6448475855918500,6448475855928435,0,136,352,1,1,352,1,1
"KERNEL_DISPATCH",1,1,234821,162,629,"Cijk_Ailk_Bljk_DB_MT128x64x16_MI16x16x4x1_SN_1LDSB1_APM1_ABV0_ACED0_AF0EM2_AF1EM2_AMAS3_ASE_ASGT_ASLT_ASM_ASAE01_ASCE01_ASEM2_AAC0_BL1_BS1_CLR0_DTLA0_DTLB0_DTVA1_DTVB0_DVO0_ETSP_EPS1_ELFLR0_EMLL0_FSSC10_FL0_GLVWA2_GLVWB2_GRCGA1_GRCGB1_GRPM1_GRVW2_GSU1_GSUASB_GLS0_ISA942_IU1_K1_KLA_LBSPPA0_LBSPPB0_LPA0_LPB2_LDL1_LRVW1_LWPMn1_LDW0_FMA_MIAV1_MDA2_MO40_MMFSC_MKFGSU256_NTA0_NTB0_NTC3_NTD3_NEPBS4_NLCA1_NLCB1_ONLL1_OPLV0_PK0_PAP0_PGR2_PLR1_PKA0_SIA3_SLW1_SS1_SU0_SUM0_SUS0_SCIUI1_SPO1_SRVW0_SSO6_SVW2_SNLL0_TSGRA0_TSGRB0_TT2_64_TLDS0_UMLDSA0_UMLDSB0_U64SL1_USFGROn1_VAW1_VSn1_VW2_VWB1_VFLRP0_WSGRA0_WSGRB0_WS64_WG64_4_1_WGM12",23680,6448475855952032,6448475855959323,0,8448,256,1,1,768,6,1
"KERNEL_DISPATCH",1,1,234821,161,203,"void rocsolver::v32802::unit_forward_substitution_kernel<double, int, double*>(int, int, double*, int, int, long, long, double*, int, int, long, long)",23677,6448475855928435,6448475855937690,0,512,16,64,1,16,384,1
"KERNEL_DISPATCH",1,1,234821,163,151,"void rocsolver::v32802::getf2_npvt_small_kernel<16, double, int, int, double*>(int, double*, long, int, long, int*, int, int)",23683,6448475855966894,6448475855975988,0,136,336,1,1,336,1,1
"KERNEL_DISPATCH",1,1,234821,164,203,"void rocsolver::v32802::unit_forward_substitution_kernel<double, int, double*>(int, int, double*, int, int, long, long, double*, int, int, long, long)",23688,6448475855980756,6448475855990370,0,512,16,64,1,16,320,1
"KERNEL_DISPATCH",1,1,234821,165,629,"Cijk_Ailk_Bljk_DB_MT128x64x16_MI16x16x4x1_SN_1LDSB1_APM1_ABV0_ACED0_AF0EM2_AF1EM2_AMAS3_ASE_ASGT_ASLT_ASM_ASAE01_ASCE01_ASEM2_AAC0_BL1_BS1_CLR0_DTLA0_DTLB0_DTVA1_DTVB0_DVO0_ETSP_EPS1_ELFLR0_EMLL0_FSSC10_FL0_GLVWA2_GLVWB2_GRCGA1_GRCGB1_GRPM1_GRVW2_GSU1_GSUASB_GLS0_ISA942_IU1_K1_KLA_LBSPPA0_LBSPPB0_LPA0_LPB2_LDL1_LRVW1_LWPMn1_LDW0_FMA_MIAV1_MDA2_MO40_MMFSC_MKFGSU256_NTA0_NTB0_NTC3_NTD3_NEPBS4_NLCA1_NLCB1_ONLL1_OPLV0_PK0_PAP0_PGR2_PLR1_PKA0_SIA3_SLW1_SS1_SU0_SUM0_SUS0_SCIUI1_SPO1_SRVW0_SSO6_SVW2_SNLL0_TSGRA0_TSGRB0_TT2_64_TLDS0_UMLDSA0_UMLDSB0_U64SL1_USFGROn1_VAW1_VSn1_VW2_VWB1_VFLRP0_WSGRA0_WSGRB0_WS64_WG64_4_1_WGM12",23691,6448475856012965,6448475856020456,0,8448,256,1,1,768,5,1
"KERNEL_DISPATCH",1,1,234821,166,151,"void rocsolver::v32802::getf2_npvt_small_kernel<16, double, int, int, double*>(int, double*, long, int, long, int*, int, int)",23694,6448475856026826,6448475856035880,0,136,320,1,1,320,1,1
"KERNEL_DISPATCH",1,1,234821,167,203,"void rocsolver::v32802::unit_forward_substitution_kernel<double, int, double*>(int, int, double*, int, int, long, long, double*, int, int, long, long)",23699,6448475856040738,6448475856050513,0,512,16,64,1,16,320,1
"KERNEL_DISPATCH",1,1,234821,168,629,"Cijk_Ailk_Bljk_DB_MT128x64x16_MI16x16x4x1_SN_1LDSB1_APM1_ABV0_ACED0_AF0EM2_AF1EM2_AMAS3_ASE_ASGT_ASLT_ASM_ASAE01_ASCE01_ASEM2_AAC0_BL1_BS1_CLR0_DTLA0_DTLB0_DTVA1_DTVB0_DVO0_ETSP_EPS1_ELFLR0_EMLL0_FSSC10_FL0_GLVWA2_GLVWB2_GRCGA1_GRCGB1_GRPM1_GRVW2_GSU1_GSUASB_GLS0_ISA942_IU1_K1_KLA_LBSPPA0_LBSPPB0_LPA0_LPB2_LDL1_LRVW1_LWPMn1_LDW0_FMA_MIAV1_MDA2_MO40_MMFSC_MKFGSU256_NTA0_NTB0_NTC3_NTD3_NEPBS4_NLCA1_NLCB1_ONLL1_OPLV0_PK0_PAP0_PGR2_PLR1_PKA0_SIA3_SLW1_SS1_SU0_SUM0_SUS0_SCIUI1_SPO1_SRVW0_SSO6_SVW2_SNLL0_TSGRA0_TSGRB0_TT2_64_TLDS0_UMLDSA0_UMLDSB0_U64SL1_USFGROn1_VAW1_VSn1_VW2_VWB1_VFLRP0_WSGRA0_WSGRB0_WS64_WG64_4_1_WGM12",23702,6448475856061279,6448475856067689,0,8448,256,1,1,768,5,1
"KERNEL_DISPATCH",1,1,234821,169,151,"void rocsolver::v32802::getf2_npvt_small_kernel<16, double, int, int, double*>(int, double*, long, int, long, int*, int, int)",23705,6448475856073378,6448475856082472,0,136,304,1,1,304,1,1
"KERNEL_DISPATCH",1,1,234821,171,629,"Cijk_Ailk_Bljk_DB_MT128x64x16_MI16x16x4x1_SN_1LDSB1_APM1_ABV0_ACED0_AF0EM2_AF1EM2_AMAS3_ASE_ASGT_ASLT_ASM_ASAE01_ASCE01_ASEM2_AAC0_BL1_BS1_CLR0_DTLA0_DTLB0_DTVA1_DTVB0_DVO0_ETSP_EPS1_ELFLR0_EMLL0_FSSC10_FL0_GLVWA2_GLVWB2_GRCGA1_GRCGB1_GRPM1_GRVW2_GSU1_GSUASB_GLS0_ISA942_IU1_K1_KLA_LBSPPA0_LBSPPB0_LPA0_LPB2_LDL1_LRVW1_LWPMn1_LDW0_FMA_MIAV1_MDA2_MO40_MMFSC_MKFGSU256_NTA0_NTB0_NTC3_NTD3_NEPBS4_NLCA1_NLCB1_ONLL1_OPLV0_PK0_PAP0_PGR2_PLR1_PKA0_SIA3_SLW1_SS1_SU0_SUM0_SUS0_SCIUI1_SPO1_SRVW0_SSO6_SVW2_SNLL0_TSGRA0_TSGRB0_TT2_64_TLDS0_UMLDSA0_UMLDSB0_U64SL1_USFGROn1_VAW1_VSn1_VW2_VWB1_VFLRP0_WSGRA0_WSGRB0_WS64_WG64_4_1_WGM12",23713,6448475856100139,6448475856106548,0,8448,256,1,1,768,5,1
"KERNEL_DISPATCH",1,1,234821,170,203,"void rocsolver::v32802::unit_forward_substitution_kernel<double, int, double*>(int, int, double*, int, int, long, long, double*, int, int, long, long)",23710,6448475856084435,6448475856093809,0,512,16,64,1,16,320,1
"KERNEL_DISPATCH",1,1,234821,172,151,"void rocsolver::v32802::getf2_npvt_small_kernel<16, double, int, int, double*>(int, double*, long, int, long, int*, int, int)",23716,6448475856111837,6448475856122172,0,136,288,1,1,288,1,1
"KERNEL_DISPATCH",1,1,234821,173,203,"void rocsolver::v32802::unit_forward_substitution_kernel<double, int, double*>(int, int, double*, int, int, long, long, double*, int, int, long, long)",23721,6448475856122172,6448475856131707,0,512,16,64,1,16,320,1
"KERNEL_DISPATCH",1,1,234821,174,753,"Cijk_Ailk_Bljk_DB_MT64x64x16_MI16x16x4x1_SN_1LDSB1_APM1_ABV0_ACED0_AF0EM2_AF1EM2_AMAS3_ASE_ASGT_ASLT_ASM_ASAE01_ASCE01_ASEM2_AAC0_BL1_BS1_CLR0_DTLA0_DTLB0_DTVA0_DTVB0_DVO0_ETSP_EPS1_ELFLR0_EMLL0_FSSC10_FL0_GLVWA2_GLVWB2_GRCGA1_GRCGB1_GRPM1_GRVW2_GSU1_GSUASB_GLS0_ISA942_IU1_K1_KLA_LBSPPA0_LBSPPB128_LPA0_LPB2_LDL1_LRVW1_LWPMn1_LDW0_FMA_MIAV1_MDA2_MO40_MMFSC_MKFGSU256_NTA0_NTB0_NTC3_NTD3_NEPBS4_NLCA1_NLCB1_ONLL1_OPLV0_PK0_PAP0_PGR2_PLR5_PKA0_SIA3_SLW1_SS1_SU0_SUM0_SUS0_SCIUI1_SPO1_SRVW0_SSO6_SVW2_SNLL0_TSGRA0_TSGRB0_TT2_32_TLDS1_UMLDSA0_UMLDSB1_U64SL1_USFGROn1_VAW1_VSn1_VW2_VWB1_VFLRP0_WSGRA0_WSGRB0_WS64_WG32_8_1_WGM6",23724,6448475856142644,6448475856148693,0,17408,256,1,1,1280,5,1
"KERNEL_DISPATCH",1,1,234821,177,753,"Cijk_Ailk_Bljk_DB_MT64x64x16_MI16x16x4x1_SN_1LDSB1_APM1_ABV0_ACED0_AF0EM2_AF1EM2_AMAS3_ASE_ASGT_ASLT_ASM_ASAE01_ASCE01_ASEM2_AAC0_BL1_BS1_CLR0_DTLA0_DTLB0_DTVA0_DTVB0_DVO0_ETSP_EPS1_ELFLR0_EMLL0_FSSC10_FL0_GLVWA2_GLVWB2_GRCGA1_GRCGB1_GRPM1_GRVW2_GSU1_GSUASB_GLS0_ISA942_IU1_K1_KLA_LBSPPA0_LBSPPB128_LPA0_LPB2_LDL1_LRVW1_LWPMn1_LDW0_FMA_MIAV1_MDA2_MO40_MMFSC_MKFGSU256_NTA0_NTB0_NTC3_NTD3_NEPBS4_NLCA1_NLCB1_ONLL1_OPLV0_PK0_PAP0_PGR2_PLR5_PKA0_SIA3_SLW1_SS1_SU0_SUM0_SUS0_SCIUI1_SPO1_SRVW0_SSO6_SVW2_SNLL0_TSGRA0_TSGRB0_TT2_32_TLDS1_UMLDSA0_UMLDSB1_U64SL1_USFGROn1_VAW1_VSn1_VW2_VWB1_VFLRP0_WSGRA0_WSGRB0_WS64_WG32_8_1_WGM6",23735,6448475856180061,6448475856184308,0,17408,256,1,1,1024,4,1
"KERNEL_DISPATCH",1,1,234821,176,203,"void rocsolver::v32802::unit_forward_substitution_kernel<double, int, double*>(int, int, double*, int, int, long, long, double*, int, int, long, long)",23732,6448475856166360,6448475856176295,0,512,16,64,1,16,256,1
"KERNEL_DISPATCH",1,1,234821,175,151,"void rocsolver::v32802::getf2_npvt_small_kernel<16, double, int, int, double*>(int, double*, long, int, long, int*, int, int)",23727,6448475856154622,6448475856163356,0,136,272,1,1,272,1,1
"KERNEL_DISPATCH",1,1,234821,178,151,"void rocsolver::v32802::getf2_npvt_small_kernel<16, double, int, int, double*>(int, double*, long, int, long, int*, int, int)",23738,6448475856194123,6448475856202496,0,136,256,1,1,256,1,1
"KERNEL_DISPATCH",1,1,234821,180,753,"Cijk_Ailk_Bljk_DB_MT64x64x16_MI16x16x4x1_SN_1LDSB1_APM1_ABV0_ACED0_AF0EM2_AF1EM2_AMAS3_ASE_ASGT_ASLT_ASM_ASAE01_ASCE01_ASEM2_AAC0_BL1_BS1_CLR0_DTLA0_DTLB0_DTVA0_DTVB0_DVO0_ETSP_EPS1_ELFLR0_EMLL0_FSSC10_FL0_GLVWA2_GLVWB2_GRCGA1_GRCGB1_GRPM1_GRVW2_GSU1_GSUASB_GLS0_ISA942_IU1_K1_KLA_LBSPPA0_LBSPPB128_LPA0_LPB2_LDL1_LRVW1_LWPMn1_LDW0_FMA_MIAV1_MDA2_MO40_MMFSC_MKFGSU256_NTA0_NTB0_NTC3_NTD3_NEPBS4_NLCA1_NLCB1_ONLL1_OPLV0_PK0_PAP0_PGR2_PLR5_PKA0_SIA3_SLW1_SS1_SU0_SUM0_SUS0_SCIUI1_SPO1_SRVW0_SSO6_SVW2_SNLL0_TSGRA0_TSGRB0_TT2_32_TLDS1_UMLDSA0_UMLDSB1_U64SL1_USFGROn1_VAW1_VSn1_VW2_VWB1_VFLRP0_WSGRA0_WSGRB0_WS64_WG32_8_1_WGM6",23746,6448475856230859,6448475856235747,0,17408,256,1,1,1024,4,1
"KERNEL_DISPATCH",1,1,234821,179,203,"void rocsolver::v32802::unit_forward_substitution_kernel<double, int, double*>(int, int, double*, int, int, long, long, double*, int, int, long, long)",23743,6448475856204579,6448475856214354,0,512,16,64,1,16,256,1
"KERNEL_DISPATCH",1,1,234821,181,151,"void rocsolver::v32802::getf2_npvt_small_kernel<16, double, int, int, double*>(int, double*, long, int, long, int*, int, int)",23749,6448475856242717,6448475856251090,0,136,240,1,1,240,1,1
"KERNEL_DISPATCH",1,1,234821,182,203,"void rocsolver::v32802::unit_forward_substitution_kernel<double, int, double*>(int, int, double*, int, int, long, long, double*, int, int, long, long)",23754,6448475856257981,6448475856267836,0,512,16,64,1,16,256,1
"KERNEL_DISPATCH",1,1,234821,183,753,"Cijk_Ailk_Bljk_DB_MT64x64x16_MI16x16x4x1_SN_1LDSB1_APM1_ABV0_ACED0_AF0EM2_AF1EM2_AMAS3_ASE_ASGT_ASLT_ASM_ASAE01_ASCE01_ASEM2_AAC0_BL1_BS1_CLR0_DTLA0_DTLB0_DTVA0_DTVB0_DVO0_ETSP_EPS1_ELFLR0_EMLL0_FSSC10_FL0_GLVWA2_GLVWB2_GRCGA1_GRCGB1_GRPM1_GRVW2_GSU1_GSUASB_GLS0_ISA942_IU1_K1_KLA_LBSPPA0_LBSPPB128_LPA0_LPB2_LDL1_LRVW1_LWPMn1_LDW0_FMA_MIAV1_MDA2_MO40_MMFSC_MKFGSU256_NTA0_NTB0_NTC3_NTD3_NEPBS4_NLCA1_NLCB1_ONLL1_OPLV0_PK0_PAP0_PGR2_PLR5_PKA0_SIA3_SLW1_SS1_SU0_SUM0_SUS0_SCIUI1_SPO1_SRVW0_SSO6_SVW2_SNLL0_TSGRA0_TSGRB0_TT2_32_TLDS1_UMLDSA0_UMLDSB1_U64SL1_USFGROn1_VAW1_VSn1_VW2_VWB1_VFLRP0_WSGRA0_WSGRB0_WS64_WG32_8_1_WGM6",23757,6448475856277401,6448475856282128,0,17408,256,1,1,1024,4,1
"KERNEL_DISPATCH",1,1,234821,184,151,"void rocsolver::v32802::getf2_npvt_small_kernel<16, double, int, int, double*>(int, double*, long, int, long, int*, int, int)",23760,6448475856293796,6448475856301888,0,136,224,1,1,224,1,1
"KERNEL_DISPATCH",1,1,234821,185,203,"void rocsolver::v32802::unit_forward_substitution_kernel<double, int, double*>(int, int, double*, int, int, long, long, double*, int, int, long, long)",23765,6448475856305614,6448475856315789,0,512,16,64,1,16,256,1
"KERNEL_DISPATCH",1,1,234821,186,753,"Cijk_Ailk_Bljk_DB_MT64x64x16_MI16x16x4x1_SN_1LDSB1_APM1_ABV0_ACED0_AF0EM2_AF1EM2_AMAS3_ASE_ASGT_ASLT_ASM_ASAE01_ASCE01_ASEM2_AAC0_BL1_BS1_CLR0_DTLA0_DTLB0_DTVA0_DTVB0_DVO0_ETSP_EPS1_ELFLR0_EMLL0_FSSC10_FL0_GLVWA2_GLVWB2_GRCGA1_GRCGB1_GRPM1_GRVW2_GSU1_GSUASB_GLS0_ISA942_IU1_K1_KLA_LBSPPA0_LBSPPB128_LPA0_LPB2_LDL1_LRVW1_LWPMn1_LDW0_FMA_MIAV1_MDA2_MO40_MMFSC_MKFGSU256_NTA0_NTB0_NTC3_NTD3_NEPBS4_NLCA1_NLCB1_ONLL1_OPLV0_PK0_PAP0_PGR2_PLR5_PKA0_SIA3_SLW1_SS1_SU0_SUM0_SUS0_SCIUI1_SPO1_SRVW0_SSO6_SVW2_SNLL0_TSGRA0_TSGRB0_TT2_32_TLDS1_UMLDSA0_UMLDSB1_U64SL1_USFGROn1_VAW1_VSn1_VW2_VWB1_VFLRP0_WSGRA0_WSGRB0_WS64_WG32_8_1_WGM6",23768,6448475856322960,6448475856327768,0,17408,256,1,1,1024,4,1
"KERNEL_DISPATCH",1,1,234821,187,151,"void rocsolver::v32802::getf2_npvt_small_kernel<16, double, int, int, double*>(int, double*, long, int, long, int*, int, int)",23771,6448475856335379,6448475856344433,0,136,208,1,1,208,1,1
"KERNEL_DISPATCH",1,1,234821,188,203,"void rocsolver::v32802::unit_forward_substitution_kernel<double, int, double*>(int, int, double*, int, int, long, long, double*, int, int, long, long)",23776,6448475856349491,6448475856359026,0,512,16,64,1,16,192,1
"KERNEL_DISPATCH",1,1,234821,189,753,"Cijk_Ailk_Bljk_DB_MT64x64x16_MI16x16x4x1_SN_1LDSB1_APM1_ABV0_ACED0_AF0EM2_AF1EM2_AMAS3_ASE_ASGT_ASLT_ASM_ASAE01_ASCE01_ASEM2_AAC0_BL1_BS1_CLR0_DTLA0_DTLB0_DTVA0_DTVB0_DVO0_ETSP_EPS1_ELFLR0_EMLL0_FSSC10_FL0_GLVWA2_GLVWB2_GRCGA1_GRCGB1_GRPM1_GRVW2_GSU1_GSUASB_GLS0_ISA942_IU1_K1_KLA_LBSPPA0_LBSPPB128_LPA0_LPB2_LDL1_LRVW1_LWPMn1_LDW0_FMA_MIAV1_MDA2_MO40_MMFSC_MKFGSU256_NTA0_NTB0_NTC3_NTD3_NEPBS4_NLCA1_NLCB1_ONLL1_OPLV0_PK0_PAP0_PGR2_PLR5_PKA0_SIA3_SLW1_SS1_SU0_SUM0_SUS0_SCIUI1_SPO1_SRVW0_SSO6_SVW2_SNLL0_TSGRA0_TSGRB0_TT2_32_TLDS1_UMLDSA0_UMLDSB1_U64SL1_USFGROn1_VAW1_VSn1_VW2_VWB1_VFLRP0_WSGRA0_WSGRB0_WS64_WG32_8_1_WGM6",23779,6448475856370573,6448475856374780,0,17408,256,1,1,768,3,1
"KERNEL_DISPATCH",1,1,234821,190,151,"void rocsolver::v32802::getf2_npvt_small_kernel<16, double, int, int, double*>(int, double*, long, int, long, int*, int, int)",23782,6448475856384495,6448475856392186,0,136,192,1,1,192,1,1
"KERNEL_DISPATCH",1,1,234821,191,203,"void rocsolver::v32802::unit_forward_substitution_kernel<double, int, double*>(int, int, double*, int, int, long, long, double*, int, int, long, long)",23787,6448475856398276,6448475856406889,0,512,16,64,1,16,192,1
"KERNEL_DISPATCH",1,1,234821,192,1057,"Cijk_Ailk_Bljk_DB_MT128x64x16_MI16x16x4x1_SN_1LDSB1_APM1_ABV0_ACED0_AF0EM2_AF1EM2_AMAS3_ASE_ASGT_ASLT_ASM_ASAE01_ASCE01_ASEM2_AAC0_BL1_BS1_CLR0_DTLA0_DTLB0_DTVA1_DTVB0_DVO0_ETSP_EPS1_ELFLR0_EMLL0_FSSC10_FL0_GLVWA2_GLVWB2_GRCGA1_GRCGB1_GRPM1_GRVW2_GSU1_GSUASB_GLS0_ISA942_IU1_K1_KLA_LBSPPA0_LBSPPB0_LPA0_LPB2_LDL1_LRVW1_LWPMn1_LDW0_FMA_MIAV1_MDA2_MO40_MMFSC_MKFGSU256_NTA0_NTB0_NTC3_NTD3_NEPBS4_NLCA1_NLCB1_ONLL1_OPLV0_PK0_PAP0_PGR2_PLR5_PKA0_SIA3_SLW1_SS1_SU0_SUM0_SUS0_SCIUI1_SPO1_SRVW0_SSO6_SVW2_SNLL0_TSGRA0_TSGRB0_TT2_64_TLDS0_UMLDSA0_UMLDSB0_U64SL1_USFGROn1_VAW1_VSn1_VW2_VWB1_VFLRP0_WSGRA0_WSGRB0_WS64_WG64_4_1_WGM6",23790,6448475856413539,6448475856421952,0,8448,256,1,1,512,3,1
"KERNEL_DISPATCH",1,1,234821,193,151,"void rocsolver::v32802::getf2_npvt_small_kernel<16, double, int, int, double*>(int, double*, long, int, long, int*, int, int)",23793,6448475856426399,6448475856434571,0,136,176,1,1,176,1,1
"KERNEL_DISPATCH",1,1,234821,194,203,"void rocsolver::v32802::unit_forward_substitution_kernel<double, int, double*>(int, int, double*, int, int, long, long, double*, int, int, long, long)",23798,6448475856452759,6448475856461092,0,512,16,64,1,16,192,1
"KERNEL_DISPATCH",1,1,234821,195,1057,"Cijk_Ailk_Bljk_DB_MT128x64x16_MI16x16x4x1_SN_1LDSB1_APM1_ABV0_ACED0_AF0EM2_AF1EM2_AMAS3_ASE_ASGT_ASLT_ASM_ASAE01_ASCE01_ASEM2_AAC0_BL1_BS1_CLR0_DTLA0_DTLB0_DTVA1_DTVB0_DVO0_ETSP_EPS1_ELFLR0_EMLL0_FSSC10_FL0_GLVWA2_GLVWB2_GRCGA1_GRCGB1_GRPM1_GRVW2_GSU1_GSUASB_GLS0_ISA942_IU1_K1_KLA_LBSPPA0_LBSPPB0_LPA0_LPB2_LDL1_LRVW1_LWPMn1_LDW0_FMA_MIAV1_MDA2_MO40_MMFSC_MKFGSU256_NTA0_NTB0_NTC3_NTD3_NEPBS4_NLCA1_NLCB1_ONLL1_OPLV0_PK0_PAP0_PGR2_PLR5_PKA0_SIA3_SLW1_SS1_SU0_SUM0_SUS0_SCIUI1_SPO1_SRVW0_SSO6_SVW2_SNLL0_TSGRA0_TSGRB0_TT2_64_TLDS0_UMLDSA0_UMLDSB0_U64SL1_USFGROn1_VAW1_VSn1_VW2_VWB1_VFLRP0_WSGRA0_WSGRB0_WS64_WG64_4_1_WGM6",23801,6448475856471147,6448475856479480,0,8448,256,1,1,512,3,1
"KERNEL_DISPATCH",1,1,234821,196,151,"void rocsolver::v32802::getf2_npvt_small_kernel<16, double, int, int, double*>(int, double*, long, int, long, int*, int, int)",23804,6448475856485970,6448475856493902,0,136,160,1,1,160,1,1
"KERNEL_DISPATCH",1,1,234821,197,203,"void rocsolver::v32802::unit_forward_substitution_kernel<double, int, double*>(int, int, double*, int, int, long, long, double*, int, int, long, long)",23809,6448475856498349,6448475856506922,0,512,16,64,1,16,192,1
"KERNEL_DISPATCH",1,1,234821,198,1235,"Cijk_Ailk_Bljk_DB_MT128x64x16_MI16x16x4x1_SN_1LDSB1_APM1_ABV0_ACED0_AF0EM2_AF1EM2_AMAS3_ASE_ASGT_ASLT_ASM_ASAE01_ASCE01_ASEM2_AAC0_BL1_BS1_CLR0_DTLA0_DTLB0_DTVA0_DTVB0_DVO0_ETSP_EPS1_ELFLR0_EMLL0_FSSC10_FL0_GLVWA2_GLVWB2_GRCGA1_GRCGB1_GRPM1_GRVW2_GSU1_GSUASB_GLS0_ISA942_IU1_K1_KLA_LBSPPA0_LBSPPB0_LPA0_LPB2_LDL1_LRVW1_LWPMn1_LDW0_FMA_MIAV1_MDA2_MO40_MMFSC_MKFGSU256_NTA0_NTB0_NTC3_NTD3_NEPBS0_NLCA1_NLCB1_ONLL1_OPLV0_PK0_PAP0_PGR2_PLR5_PKA0_SIA3_SLW1_SS1_SU0_SUM0_SUS0_SCIUI1_SPO1_SRVW0_SSO6_SVW2_SNLL0_TSGRA0_TSGRB0_TT2_64_TLDS0_UMLDSA0_UMLDSB0_U64SL1_USFGROn1_VAW1_VSn1_VW2_VWB1_VFLRP0_WSGRA0_WSGRB0_WS64_WG64_4_1_WGM6",23812,6448475856516457,6448475856524429,0,24832,256,1,1,512,3,1
"KERNEL_DISPATCH",1,1,234821,199,151,"void rocsolver::v32802::getf2_npvt_small_kernel<16, double, int, int, double*>(int, double*, long, int, long, int*, int, int)",23815,6448475856531360,6448475856539292,0,136,144,1,1,144,1,1
"KERNEL_DISPATCH",1,1,234821,200,203,"void rocsolver::v32802::unit_forward_substitution_kernel<double, int, double*>(int, int, double*, int, int, long, long, double*, int, int, long, long)",23820,6448475856545341,6448475856554555,0,512,16,64,1,16,128,1
"KERNEL_DISPATCH",1,1,234821,201,1235,"Cijk_Ailk_Bljk_DB_MT128x64x16_MI16x16x4x1_SN_1LDSB1_APM1_ABV0_ACED0_AF0EM2_AF1EM2_AMAS3_ASE_ASGT_ASLT_ASM_ASAE01_ASCE01_ASEM2_AAC0_BL1_BS1_CLR0_DTLA0_DTLB0_DTVA0_DTVB0_DVO0_ETSP_EPS1_ELFLR0_EMLL0_FSSC10_FL0_GLVWA2_GLVWB2_GRCGA1_GRCGB1_GRPM1_GRVW2_GSU1_GSUASB_GLS0_ISA942_IU1_K1_KLA_LBSPPA0_LBSPPB0_LPA0_LPB2_LDL1_LRVW1_LWPMn1_LDW0_FMA_MIAV1_MDA2_MO40_MMFSC_MKFGSU256_NTA0_NTB0_NTC3_NTD3_NEPBS0_NLCA1_NLCB1_ONLL1_OPLV0_PK0_PAP0_PGR2_PLR5_PKA0_SIA3_SLW1_SS1_SU0_SUM0_SUS0_SCIUI1_SPO1_SRVW0_SSO6_SVW2_SNLL0_TSGRA0_TSGRB0_TT2_64_TLDS0_UMLDSA0_UMLDSB0_U64SL1_USFGROn1_VAW1_VSn1_VW2_VWB1_VFLRP0_WSGRA0_WSGRB0_WS64_WG64_4_1_WGM6",23823,6448475856566934,6448475856571662,0,24832,256,1,1,256,2,1
"KERNEL_DISPATCH",1,1,234821,202,151,"void rocsolver::v32802::getf2_npvt_small_kernel<16, double, int, int, double*>(int, double*, long, int, long, int*, int, int)",23826,6448475856578071,6448475856585923,0,136,128,1,1,128,1,1
"KERNEL_DISPATCH",1,1,234821,204,716,"Cijk_Ailk_Bljk_DB_MT128x64x16_MI16x16x4x1_SN_1LDSB1_APM1_ABV0_ACED0_AF0EM2_AF1EM2_AMAS3_ASE_ASGT_ASLT_ASM_ASAE01_ASCE01_ASEM2_AAC0_BL1_BS1_CLR0_DTLA0_DTLB0_DTVA0_DTVB0_DVO0_ETSP_EPS1_ELFLR0_EMLL0_FSSC10_FL0_GLVWA2_GLVWB2_GRCGA1_GRCGB1_GRPM1_GRVW2_GSU1_GSUASB_GLS0_ISA942_IU1_K1_KLA_LBSPPA0_LBSPPB0_LPA0_LPB2_LDL1_LRVW1_LWPMn1_LDW0_FMA_MIAV1_MDA2_MO40_MMFSC_MKFGSU256_NTA0_NTB0_NTC3_NTD3_NEPBS0_NLCA1_NLCB1_ONLL1_OPLV0_PK0_PAP0_PGR2_PLR1_PKA0_SIA3_SLW1_SS1_SU0_SUM0_SUS0_SCIUI1_SPO1_SRVW0_SSO6_SVW2_SNLL0_TSGRA0_TSGRB0_TT2_64_TLDS0_UMLDSA0_UMLDSB0_U64SL1_USFGROn1_VAW1_VSn1_VW2_VWB1_VFLRP0_WSGRA0_WSGRB0_WS64_WG64_4_1_WGM6",23834,6448475856607957,6448475856618373,0,24832,256,1,1,256,2,1
"KERNEL_DISPATCH",1,1,234821,203,203,"void rocsolver::v32802::unit_forward_substitution_kernel<double, int, double*>(int, int, double*, int, int, long, long, double*, int, int, long, long)",23831,6448475856588768,6448475856598463,0,512,16,64,1,16,128,1
"KERNEL_DISPATCH",1,1,234821,205,151,"void rocsolver::v32802::getf2_npvt_small_kernel<16, double, int, int, double*>(int, double*, long, int, long, int*, int, int)",23837,6448475856624743,6448475856631914,0,136,112,1,1,112,1,1
"KERNEL_DISPATCH",1,1,234821,206,203,"void rocsolver::v32802::unit_forward_substitution_kernel<double, int, double*>(int, int, double*, int, int, long, long, double*, int, int, long, long)",23842,6448475856640247,6448475856650502,0,512,16,64,1,16,128,1
"KERNEL_DISPATCH",1,1,234821,207,1112,"Cijk_Ailk_Bljk_DB_MT128x64x16_MI16x16x4x1_SN_1LDSB1_APM1_ABV0_ACED0_AF0EM2_AF1EM2_AMAS3_ASE_ASGT_ASLT_ASM_ASAE01_ASCE01_ASEM2_AAC0_BL1_BS1_CLR0_DTLA0_DTLB0_DTVA1_DTVB0_DVO0_ETSP_EPS1_ELFLR0_EMLL0_FSSC10_FL0_GLVWA2_GLVWB2_GRCGA1_GRCGB1_GRPM1_GRVW2_GSU1_GSUASB_GLS0_ISA942_IU1_K1_KLA_LBSPPA0_LBSPPB0_LPA0_LPB2_LDL1_LRVW1_LWPMn1_LDW0_FMA_MIAV1_MDA2_MO40_MMFSC_MKFGSU256_NTA0_NTB0_NTC3_NTD3_NEPBS0_NLCA1_NLCB1_ONLL1_OPLV0_PK0_PAP0_PGR2_PLR5_PKA0_SIA3_SLW1_SS1_SU0_SUM0_SUS0_SCIUI1_SPO1_SRVW0_SSO6_SVW2_SNLL0_TSGRA0_TSGRB0_TT2_64_TLDS0_UMLDSA0_UMLDSB0_U64SL1_USFGROn1_VAW1_VSn1_VW2_VWB1_VFLRP0_WSGRA0_WSGRB0_WS64_WG64_4_1_WGM12",23845,6448475856662922,6448475856672256,0,8448,256,1,1,256,2,1
"KERNEL_DISPATCH",1,1,234821,208,151,"void rocsolver::v32802::getf2_npvt_small_kernel<16, double, int, int, double*>(int, double*, long, int, long, int*, int, int)",23848,6448475856678465,6448475856686317,0,136,96,1,1,96,1,1
"KERNEL_DISPATCH",1,1,234821,209,203,"void rocsolver::v32802::unit_forward_substitution_kernel<double, int, double*>(int, int, double*, int, int, long, long, double*, int, int, long, long)",23853,6448475856691846,6448475856700259,0,512,16,64,1,16,128,1
"KERNEL_DISPATCH",1,1,234821,210,948,"Cijk_Ailk_Bljk_DB_MT64x64x16_MI16x16x4x1_SN_1LDSB1_APM1_ABV0_ACED0_AF0EM2_AF1EM2_AMAS3_ASE_ASGT_ASLT_ASM_ASAE01_ASCE01_ASEM2_AAC0_BL1_BS1_CLR0_DTLA0_DTLB0_DTVA0_DTVB0_DVO0_ETSP_EPS1_ELFLR0_EMLL0_FSSC10_FL0_GLVWA2_GLVWB2_GRCGA1_GRCGB1_GRPM1_GRVW2_GSU1_GSUASB_GLS0_ISA942_IU1_K1_KLA_LBSPPA0_LBSPPB0_LPA0_LPB2_LDL1_LRVW1_LWPMn1_LDW0_FMA_MIAV1_MDA2_MO40_MMFSC_MKFGSU256_NTA0_NTB0_NTC3_NTD3_NEPBS4_NLCA1_NLCB1_ONLL1_OPLV0_PK0_PAP0_PGR2_PLR5_PKA0_SIA3_SLW1_SS1_SU0_SUM0_SUS0_SCIUI1_SPO1_SRVW0_SSO6_SVW2_SNLL0_TSGRA0_TSGRB0_TT2_32_TLDS0_UMLDSA0_UMLDSB0_U64SL1_USFGROn1_VAW1_VSn1_VW2_VWB1_VFLRP0_WSGRA0_WSGRB0_WS64_WG32_8_1_WGM6",23856,6448475856725738,6448475856731867,0,16640,256,1,1,512,2,1
"KERNEL_DISPATCH",1,1,234821,211,151,"void rocsolver::v32802::getf2_npvt_small_kernel<16, double, int, int, double*>(int, double*, long, int, long, int*, int, int)",23859,6448475856737476,6448475856745047,0,136,80,1,1,80,1,1
"KERNEL_DISPATCH",1,1,234821,212,203,"void rocsolver::v32802::unit_forward_substitution_kernel<double, int, double*>(int, int, double*, int, int, long, long, double*, int, int, long, long)",23864,6448475856754862,6448475856764357,0,512,16,64,1,16,64,1
"KERNEL_DISPATCH",1,1,234821,213,838,"Cijk_Ailk_Bljk_DB_MT64x64x16_MI16x16x4x1_SN_1LDSB1_APM1_ABV0_ACED0_AF0EM2_AF1EM2_AMAS0_ASE_ASGT_ASLT_ASM_ASAE01_ASCE01_ASEM2_AAC0_BL1_BS1_CLR0_DTLA0_DTLB0_DTVA1_DTVB0_DVO0_ETSP_EPS1_ELFLR0_EMLL0_FSSC10_FL0_GLVWA1_GLVWB1_GRCGA1_GRCGB1_GRPM1_GRVW1_GSU1_GSUASB_GLS0_ISA942_IU1_K1_KLA_LBSPPA0_LBSPPB128_LPA0_LPB4_LDL1_LRVW2_LWPMn1_LDW0_FMA_MIAV1_MDA2_MO40_MMFSC_MKFGSU256_NTA0_NTB0_NTC3_NTD3_NEPBS0_NLCA1_NLCB1_ONLL1_OPLV0_PK0_PAP0_PGR2_PLR5_PKA0_SIA3_SLW1_SS1_SU0_SUM0_SUS0_SCIUI1_SPO1_SRVW0_SSO6_SVW1_SNLL0_TSGRA0_TSGRB0_TT1_64_TLDS1_UMLDSA0_UMLDSB1_U64SL1_USFGROn1_VAW1_VSn1_VW1_VWB1_VFLRP0_WSGRA0_WSGRB0_WS64_WG64_4_1_WGM6",23867,6448475856772770,6448475856779580,0,10240,256,1,1,256,1,1
"KERNEL_DISPATCH",1,1,234821,214,151,"void rocsolver::v32802::getf2_npvt_small_kernel<16, double, int, int, double*>(int, double*, long, int, long, int*, int, int)",23870,6448475856783787,6448475856791118,0,136,64,1,1,64,1,1
"KERNEL_DISPATCH",1,1,234821,215,203,"void rocsolver::v32802::unit_forward_substitution_kernel<double, int, double*>(int, int, double*, int, int, long, long, double*, int, int, long, long)",23875,6448475856799491,6448475856807703,0,512,16,64,1,16,64,1
"KERNEL_DISPATCH",1,1,234821,216,1153,"Cijk_Ailk_Bljk_DB_MT64x64x16_MI16x16x4x1_SN_1LDSB1_APM1_ABV0_ACED0_AF0EM2_AF1EM2_AMAS3_ASE_ASGT_ASLT_ASM_ASAE01_ASCE01_ASEM2_AAC0_BL1_BS1_CLR0_DTLA0_DTLB0_DTVA0_DTVB0_DVO0_ETSP_EPS1_ELFLR0_EMLL0_FSSC10_FL0_GLVWA2_GLVWB2_GRCGA1_GRCGB1_GRPM1_GRVW2_GSU1_GSUASB_GLS0_ISA942_IU1_K1_KLA_LBSPPA0_LBSPPB128_LPA0_LPB4_LDL1_LRVW2_LWPMn1_LDW0_FMA_MIAV1_MDA2_MO40_MMFSC_MKFGSU256_NTA0_NTB0_NTC3_NTD3_NEPBS0_NLCA1_NLCB1_ONLL1_OPLV0_PK0_PAP0_PGR2_PLR5_PKA0_SIA3_SLW1_SS1_SU0_SUM0_SUS0_SCIUI1_SPO1_SRVW0_SSO6_SVW2_SNLL0_TSGRA0_TSGRB0_TT2_32_TLDS1_UMLDSA0_UMLDSB1_U64SL1_USFGROn1_VAW1_VSn1_VW2_VWB1_VFLRP0_WSGRA0_WSGRB0_WS64_WG32_8_1_WGM6",23878,6448475856825791,6448475856836167,0,18432,256,1,1,256,1,1
"KERNEL_DISPATCH",1,1,234821,217,151,"void rocsolver::v32802::getf2_npvt_small_kernel<16, double, int, int, double*>(int, double*, long, int, long, int*, int, int)",23881,6448475856837419,6448475856844230,0,136,48,1,1,48,1,1
"KERNEL_DISPATCH",1,1,234821,218,203,"void rocsolver::v32802::unit_forward_substitution_kernel<double, int, double*>(int, int, double*, int, int, long, long, double*, int, int, long, long)",23886,6448475856847124,6448475856854215,0,512,16,64,1,16,64,1
"KERNEL_DISPATCH",1,1,234821,219,788,"Cijk_Ailk_Bljk_DB_MT32x64x32_MI16x16x4x1_SN_1LDSB1_APM1_ABV0_ACED0_AF0EM2_AF1EM2_AMAS3_ASE_ASGT_ASLT_ASM_ASAE01_ASCE01_ASEM2_AAC0_BL1_BS1_CLR0_DTLA0_DTLB0_DTVA0_DTVB0_DVO0_ETSP_EPS1_ELFLR0_EMLL0_FSSC10_FL0_GLVWA2_GLVWB2_GRCGA1_GRCGB1_GRPM1_GRVW2_GSU1_GSUASB_GLS0_ISA942_IU1_K1_KLA_LBSPPA0_LBSPPB256_LPA0_LPB4_LDL1_LRVW2_LWPMn1_LDW0_FMA_MIAV1_MDA2_MO40_MMFSC_MKFGSU256_NTA0_NTB0_NTC3_NTD3_NEPBS0_NLCA1_NLCB1_ONLL1_OPLV0_PK0_PAP0_PGR2_PLR9_PKA0_SIA3_SLW1_SS1_SU0_SUM0_SUS0_SCIUI1_SPO1_SRVW0_SSO6_SVW2_SNLL0_TSGRA0_TSGRB0_TT2_16_TLDS1_UMLDSA0_UMLDSB1_U64SL1_USFGROn1_VAW1_VSn1_VW2_VWB1_VFLRP0_WSGRA0_WSGRB0_WS64_WG16_16_1_WGM6",23889,6448475856869518,6448475856874246,0,26624,256,1,1,256,1,1
"KERNEL_DISPATCH",1,1,234821,220,151,"void rocsolver::v32802::getf2_npvt_small_kernel<16, double, int, int, double*>(int, double*, long, int, long, int*, int, int)",23892,6448475856877490,6448475856885222,0,136,32,1,1,32,1,1
"KERNEL_DISPATCH",1,1,234821,221,203,"void rocsolver::v32802::unit_forward_substitution_kernel<double, int, double*>(int, int, double*, int, int, long, long, double*, int, int, long, long)",23897,6448475856891552,6448475856898282,0,512,16,64,1,16,64,1
"KERNEL_DISPATCH",1,1,234821,222,788,"Cijk_Ailk_Bljk_DB_MT32x64x32_MI16x16x4x1_SN_1LDSB1_APM1_ABV0_ACED0_AF0EM2_AF1EM2_AMAS3_ASE_ASGT_ASLT_ASM_ASAE01_ASCE01_ASEM2_AAC0_BL1_BS1_CLR0_DTLA0_DTLB0_DTVA0_DTVB0_DVO0_ETSP_EPS1_ELFLR0_EMLL0_FSSC10_FL0_GLVWA2_GLVWB2_GRCGA1_GRCGB1_GRPM1_GRVW2_GSU1_GSUASB_GLS0_ISA942_IU1_K1_KLA_LBSPPA0_LBSPPB256_LPA0_LPB4_LDL1_LRVW2_LWPMn1_LDW0_FMA_MIAV1_MDA2_MO40_MMFSC_MKFGSU256_NTA0_NTB0_NTC3_NTD3_NEPBS0_NLCA1_NLCB1_ONLL1_OPLV0_PK0_PAP0_PGR2_PLR9_PKA0_SIA3_SLW1_SS1_SU0_SUM0_SUS0_SCIUI1_SPO1_SRVW0_SSO6_SVW2_SNLL0_TSGRA0_TSGRB0_TT2_16_TLDS1_UMLDSA0_UMLDSB1_U64SL1_USFGROn1_VAW1_VSn1_VW2_VWB1_VFLRP0_WSGRA0_WSGRB0_WS64_WG16_16_1_WGM6",23900,6448475856910541,6448475856914868,0,26624,256,1,1,256,1,1
"KERNEL_DISPATCH",1,1,234821,223,151,"void rocsolver::v32802::getf2_npvt_small_kernel<16, double, int, int, double*>(int, double*, long, int, long, int*, int, int)",23903,6448475856923651,6448475856931143,0,136,16,1,1,16,1,1
"KERNEL_DISPATCH",1,1,234821,224,1437,"void rocblas_trtri_trsm_kernel<128, 16, 8, double, double const*, double*>(rocblas_fill_, rocblas_diagonal_, double const*, long, int, long, double*, long, long, int)",23907,6448475856939946,6448475856968510,0,8192,256,1,1,4096,1,1
"KERNEL_DISPATCH",1,1,234821,225,1433,"void rocblas_trtri_fill<128, double, double*>(_rocblas_handle*, rocblas_fill_, int, long, int, long, double*, long, long, int, int)",23912,6448475856968510,6448475856972156,0,0,128,1,1,32512,1,1
"KERNEL_DISPATCH",1,1,234821,226,787,"Cijk_Ailk_Bljk_DB_MT64x32x16_MI16x16x4x1_SN_1LDSB1_APM1_ABV0_ACED0_AF0EM2_AF1EM2_AMAS0_ASE_ASGT_ASLT_ASM_ASAE01_ASCE01_ASEM2_AAC0_BL1_BS1_CLR0_DTLA0_DTLB0_DTVA1_DTVB0_DVO0_ETSP_EPS1_ELFLR0_EMLL0_FSSC10_FL0_GLVWA1_GLVWB1_GRCGA1_GRCGB1_GRPM1_GRVW1_GSU1_GSUASB_GLS0_ISA942_IU1_K1_KLA_LBSPPA0_LBSPPB128_LPA0_LPB4_LDL1_LRVW2_LWPMn1_LDW0_FMA_MIAV1_MDA2_MO40_MMFSC_MKFGSU256_NTA0_NTB0_NTC3_NTD3_NEPBS0_NLCA1_NLCB1_ONLL1_OPLV0_PK0_PAP0_PGR2_PLR5_PKA0_SIA3_SLW1_SS1_SU0_SUM0_SUS0_SCIUI1_SPO1_SRVW0_SSO6_SVW1_SNLL0_TSGRA0_TSGRB0_TT1_32_TLDS1_UMLDSA0_UMLDSB1_U64SL1_USFGROn1_VAW1_VSn1_VW1_VWB1_VFLRP0_WSGRA0_WSGRB0_WS64_WG64_4_1_WGM12",23916,6448475856972156,6448475856977924,0,5120,256,1,1,256,1,4
"KERNEL_DISPATCH",1,1,234821,227,787,"Cijk_Ailk_Bljk_DB_MT64x32x16_MI16x16x4x1_SN_1LDSB1_APM1_ABV0_ACED0_AF0EM2_AF1EM2_AMAS0_ASE_ASGT_ASLT_ASM_ASAE01_ASCE01_ASEM2_AAC0_BL1_BS1_CLR0_DTLA0_DTLB0_DTVA1_DTVB0_DVO0_ETSP_EPS1_ELFLR0_EMLL0_FSSC10_FL0_GLVWA1_GLVWB1_GRCGA1_GRCGB1_GRPM1_GRVW1_GSU1_GSUASB_GLS0_ISA942_IU1_K1_KLA_LBSPPA0_LBSPPB128_LPA0_LPB4_LDL1_LRVW2_LWPMn1_LDW0_FMA_MIAV1_MDA2_MO40_MMFSC_MKFGSU256_NTA0_NTB0_NTC3_NTD3_NEPBS0_NLCA1_NLCB1_ONLL1_OPLV0_PK0_PAP0_PGR2_PLR5_PKA0_SIA3_SLW1_SS1_SU0_SUM0_SUS0_SCIUI1_SPO1_SRVW0_SSO6_SVW1_SNLL0_TSGRA0_TSGRB0_TT1_32_TLDS1_UMLDSA0_UMLDSB1_U64SL1_USFGROn1_VAW1_VSn1_VW1_VWB1_VFLRP0_WSGRA0_WSGRB0_WS64_WG64_4_1_WGM12",23919,6448475856988180,6448475856993188,0,5120,256,1,1,256,1,4
"KERNEL_DISPATCH",1,1,234821,228,787,"Cijk_Ailk_Bljk_DB_MT64x32x16_MI16x16x4x1_SN_1LDSB1_APM1_ABV0_ACED0_AF0EM2_AF1EM2_AMAS0_ASE_ASGT_ASLT_ASM_ASAE01_ASCE01_ASEM2_AAC0_BL1_BS1_CLR0_DTLA0_DTLB0_DTVA1_DTVB0_DVO0_ETSP_EPS1_ELFLR0_EMLL0_FSSC10_FL0_GLVWA1_GLVWB1_GRCGA1_GRCGB1_GRPM1_GRVW1_GSU1_GSUASB_GLS0_ISA942_IU1_K1_KLA_LBSPPA0_LBSPPB128_LPA0_LPB4_LDL1_LRVW2_LWPMn1_LDW0_FMA_MIAV1_MDA2_MO40_MMFSC_MKFGSU256_NTA0_NTB0_NTC3_NTD3_NEPBS0_NLCA1_NLCB1_ONLL1_OPLV0_PK0_PAP0_PGR2_PLR5_PKA0_SIA3_SLW1_SS1_SU0_SUM0_SUS0_SCIUI1_SPO1_SRVW0_SSO6_SVW1_SNLL0_TSGRA0_TSGRB0_TT1_32_TLDS1_UMLDSA0_UMLDSB1_U64SL1_USFGROn1_VAW1_VSn1_VW1_VWB1_VFLRP0_WSGRA0_WSGRB0_WS64_WG64_4_1_WGM12",23922,6448475857016263,6448475857020510,0,5120,256,1,1,256,1,4
"KERNEL_DISPATCH",1,1,234821,229,787,"Cijk_Ailk_Bljk_DB_MT64x32x16_MI16x16x4x1_SN_1LDSB1_APM1_ABV0_ACED0_AF0EM2_AF1EM2_AMAS0_ASE_ASGT_ASLT_ASM_ASAE01_ASCE01_ASEM2_AAC0_BL1_BS1_CLR0_DTLA0_DTLB0_DTVA1_DTVB0_DVO0_ETSP_EPS1_ELFLR0_EMLL0_FSSC10_FL0_GLVWA1_GLVWB1_GRCGA1_GRCGB1_GRPM1_GRVW1_GSU1_GSUASB_GLS0_ISA942_IU1_K1_KLA_LBSPPA0_LBSPPB128_LPA0_LPB4_LDL1_LRVW2_LWPMn1_LDW0_FMA_MIAV1_MDA2_MO40_MMFSC_MKFGSU256_NTA0_NTB0_NTC3_NTD3_NEPBS0_NLCA1_NLCB1_ONLL1_OPLV0_PK0_PAP0_PGR2_PLR5_PKA0_SIA3_SLW1_SS1_SU0_SUM0_SUS0_SCIUI1_SPO1_SRVW0_SSO6_SVW1_SNLL0_TSGRA0_TSGRB0_TT1_32_TLDS1_UMLDSA0_UMLDSB1_U64SL1_USFGROn1_VAW1_VSn1_VW1_VWB1_VFLRP0_WSGRA0_WSGRB0_WS64_WG64_4_1_WGM12",23925,6448475857034481,6448475857038287,0,5120,256,1,1,256,1,4
"KERNEL_DISPATCH",1,1,234821,230,632,"Cijk_Ailk_Bljk_DB_MT64x64x32_MI16x16x4x1_SN_1LDSB1_APM1_ABV0_ACED0_AF0EM2_AF1EM2_AMAS0_ASE_ASGT_ASLT_ASM_ASAE01_ASCE01_ASEM2_AAC0_BL1_BS1_CLR0_DTLA0_DTLB0_DTVA0_DTVB0_DVO0_ETSP_EPS1_ELFLR0_EMLL0_FSSC10_FL0_GLVWA1_GLVWB1_GRCGA1_GRCGB1_GRPM1_GRVW1_GSU1_GSUASB_GLS0_ISA942_IU1_K1_KLA_LBSPPA0_LBSPPB0_LPA0_LPB1_LDL1_LRVW1_LWPMn1_LDW0_FMA_MIAV1_MDA2_MO40_MMFSC_MKFGSU256_NTA0_NTB0_NTC3_NTD3_NEPBS0_NLCA1_NLCB1_ONLL1_OPLV0_PK0_PAP0_PGR2_PLR9_PKA0_SIA3_SLW1_SS1_SU0_SUM0_SUS0_SCIUI1_SPO1_SRVW0_SSO6_SVW1_SNLL0_TSGRA0_TSGRB0_TT2_32_TLDS0_UMLDSA0_UMLDSB0_U64SL1_USFGROn1_VAW1_VSn1_VW1_VWB1_VFLRP0_WSGRA0_WSGRB0_WS64_WG32_8_1_WGM6",23928,6448475857054322,6448475857063496,0,33024,256,1,1,256,1,4
"KERNEL_DISPATCH",1,1,234821,231,632,"Cijk_Ailk_Bljk_DB_MT64x64x32_MI16x16x4x1_SN_1LDSB1_APM1_ABV0_ACED0_AF0EM2_AF1EM2_AMAS0_ASE_ASGT_ASLT_ASM_ASAE01_ASCE01_ASEM2_AAC0_BL1_BS1_CLR0_DTLA0_DTLB0_DTVA0_DTVB0_DVO0_ETSP_EPS1_ELFLR0_EMLL0_FSSC10_FL0_GLVWA1_GLVWB1_GRCGA1_GRCGB1_GRPM1_GRVW1_GSU1_GSUASB_GLS0_ISA942_IU1_K1_KLA_LBSPPA0_LBSPPB0_LPA0_LPB1_LDL1_LRVW1_LWPMn1_LDW0_FMA_MIAV1_MDA2_MO40_MMFSC_MKFGSU256_NTA0_NTB0_NTC3_NTD3_NEPBS0_NLCA1_NLCB1_ONLL1_OPLV0_PK0_PAP0_PGR2_PLR9_PKA0_SIA3_SLW1_SS1_SU0_SUM0_SUS0_SCIUI1_SPO1_SRVW0_SSO6_SVW1_SNLL0_TSGRA0_TSGRB0_TT2_32_TLDS0_UMLDSA0_UMLDSB0_U64SL1_USFGROn1_VAW1_VSn1_VW1_VWB1_VFLRP0_WSGRA0_WSGRB0_WS64_WG32_8_1_WGM6",23931,6448475857068463,6448475857075394,0,33024,256,1,1,256,1,4
"KERNEL_DISPATCH",1,1,234821,232,1435,"void rocblas_copy_matrix_trsm<128, 8, double, double*, double*>(int, int, int, double*, int, long, double*, int, long, long, long, int)",23935,6448475857079040,6448475857082765,0,0,128,8,1,3072,128,1
"KERNEL_DISPATCH",1,1,234821,233,904,"Cijk_Ailk_Bljk_DB_MT128x32x16_MI16x16x4x1_SN_1LDSB1_APM1_ABV0_ACED0_AF0EM1_AF1EM1_AMAS3_ASE_ASGT_ASLT_ASM_ASAE01_ASCE01_ASEM1_AAC0_BL1_BS1_CLR0_DTLA0_DTLB0_DTVA1_DTVB0_DVO0_ETB_EPS1_ELFLR0_EMLL0_FSSC10_FL0_GLVWA2_GLVWB1_GRCGA1_GRCGB1_GRPM1_GRVWn1_GSU1_GSUASB_GLS0_ISA942_IU1_K1_KLA_LBSPPA0_LBSPPB128_LPA0_LPB1_LDL1_LRVW1_LWPMn1_LDW0_FMA_MIAV1_MDA2_MO40_MMFSC_MKFGSU256_NTA0_NTB0_NTC3_NTD3_NEPBS4_NLCA1_NLCB1_ONLL1_OPLV0_PK0_PAP0_PGR2_PLR1_PKA0_SIA3_SLW1_SS1_SU0_SUM0_SUS0_SCIUI1_SPO0_SRVW0_SSO0_SVW2_SNLL0_TSGRA0_TSGRB0_TT2_32_TLDS1_UMLDSA0_UMLDSB1_U64SL1_USFGROn1_VAW1_VSn1_VW2_VWB1_VFLRP0_WSGRA0_WSGRB0_WS64_WG64_4_1_WGMn12",23939,6448475857099961,6448475857111219,0,4352,256,1,1,6144,4,1
"KERNEL_DISPATCH",1,1,234821,234,904,"Cijk_Ailk_Bljk_DB_MT128x32x16_MI16x16x4x1_SN_1LDSB1_APM1_ABV0_ACED0_AF0EM1_AF1EM1_AMAS3_ASE_ASGT_ASLT_ASM_ASAE01_ASCE01_ASEM1_AAC0_BL1_BS1_CLR0_DTLA0_DTLB0_DTVA1_DTVB0_DVO0_ETB_EPS1_ELFLR0_EMLL0_FSSC10_FL0_GLVWA2_GLVWB1_GRCGA1_GRCGB1_GRPM1_GRVWn1_GSU1_GSUASB_GLS0_ISA942_IU1_K1_KLA_LBSPPA0_LBSPPB128_LPA0_LPB1_LDL1_LRVW1_LWPMn1_LDW0_FMA_MIAV1_MDA2_MO40_MMFSC_MKFGSU256_NTA0_NTB0_NTC3_NTD3_NEPBS4_NLCA1_NLCB1_ONLL1_OPLV0_PK0_PAP0_PGR2_PLR1_PKA0_SIA3_SLW1_SS1_SU0_SUM0_SUS0_SCIUI1_SPO0_SRVW0_SSO0_SVW2_SNLL0_TSGRA0_TSGRB0_TT2_32_TLDS1_UMLDSA0_UMLDSB1_U64SL1_USFGROn1_VAW1_VSn1_VW2_VWB1_VFLRP0_WSGRA0_WSGRB0_WS64_WG64_4_1_WGMn12",23942,6448475857122025,6448475857130559,0,4352,256,1,1,6144,4,1
"KERNEL_DISPATCH",1,1,234821,235,904,"Cijk_Ailk_Bljk_DB_MT128x32x16_MI16x16x4x1_SN_1LDSB1_APM1_ABV0_ACED0_AF0EM1_AF1EM1_AMAS3_ASE_ASGT_ASLT_ASM_ASAE01_ASCE01_ASEM1_AAC0_BL1_BS1_CLR0_DTLA0_DTLB0_DTVA1_DTVB0_DVO0_ETB_EPS1_ELFLR0_EMLL0_FSSC10_FL0_GLVWA2_GLVWB1_GRCGA1_GRCGB1_GRPM1_GRVWn1_GSU1_GSUASB_GLS0_ISA942_IU1_K1_KLA_LBSPPA0_LBSPPB128_LPA0_LPB1_LDL1_LRVW1_LWPMn1_LDW0_FMA_MIAV1_MDA2_MO40_MMFSC_MKFGSU256_NTA0_NTB0_NTC3_NTD3_NEPBS4_NLCA1_NLCB1_ONLL1_OPLV0_PK0_PAP0_PGR2_PLR1_PKA0_SIA3_SLW1_SS1_SU0_SUM0_SUS0_SCIUI1_SPO0_SRVW0_SSO0_SVW2_SNLL0_TSGRA0_TSGRB0_TT2_32_TLDS1_UMLDSA0_UMLDSB1_U64SL1_USFGROn1_VAW1_VSn1_VW2_VWB1_VFLRP0_WSGRA0_WSGRB0_WS64_WG64_4_1_WGMn12",23945,6448475857137850,6448475857144780,0,4352,256,1,1,6144,4,1
"KERNEL_DISPATCH",1,1,234821,236,904,"Cijk_Ailk_Bljk_DB_MT128x32x16_MI16x16x4x1_SN_1LDSB1_APM1_ABV0_ACED0_AF0EM1_AF1EM1_AMAS3_ASE_ASGT_ASLT_ASM_ASAE01_ASCE01_ASEM1_AAC0_BL1_BS1_CLR0_DTLA0_DTLB0_DTVA1_DTVB0_DVO0_ETB_EPS1_ELFLR0_EMLL0_FSSC10_FL0_GLVWA2_GLVWB1_GRCGA1_GRCGB1_GRPM1_GRVWn1_GSU1_GSUASB_GLS0_ISA942_IU1_K1_KLA_LBSPPA0_LBSPPB128_LPA0_LPB1_LDL1_LRVW1_LWPMn1_LDW0_FMA_MIAV1_MDA2_MO40_MMFSC_MKFGSU256_NTA0_NTB0_NTC3_NTD3_NEPBS4_NLCA1_NLCB1_ONLL1_OPLV0_PK0_PAP0_PGR2_PLR1_PKA0_SIA3_SLW1_SS1_SU0_SUM0_SUS0_SCIUI1_SPO0_SRVW0_SSO0_SVW2_SNLL0_TSGRA0_TSGRB0_TT2_32_TLDS1_UMLDSA0_UMLDSB1_U64SL1_USFGROn1_VAW1_VSn1_VW2_VWB1_VFLRP0_WSGRA0_WSGRB0_WS64_WG64_4_1_WGMn12",23948,6448475857153073,6448475857162528,0,4352,256,1,1,6144,4,1
"KERNEL_DISPATCH",1,1,234821,237,904,"Cijk_Ailk_Bljk_DB_MT128x32x16_MI16x16x4x1_SN_1LDSB1_APM1_ABV0_ACED0_AF0EM1_AF1EM1_AMAS3_ASE_ASGT_ASLT_ASM_ASAE01_ASCE01_ASEM1_AAC0_BL1_BS1_CLR0_DTLA0_DTLB0_DTVA1_DTVB0_DVO0_ETB_EPS1_ELFLR0_EMLL0_FSSC10_FL0_GLVWA2_GLVWB1_GRCGA1_GRCGB1_GRPM1_GRVWn1_GSU1_GSUASB_GLS0_ISA942_IU1_K1_KLA_LBSPPA0_LBSPPB128_LPA0_LPB1_LDL1_LRVW1_LWPMn1_LDW0_FMA_MIAV1_MDA2_MO40_MMFSC_MKFGSU256_NTA0_NTB0_NTC3_NTD3_NEPBS4_NLCA1_NLCB1_ONLL1_OPLV0_PK0_PAP0_PGR2_PLR1_PKA0_SIA3_SLW1_SS1_SU0_SUM0_SUS0_SCIUI1_SPO0_SRVW0_SSO0_SVW2_SNLL0_TSGRA0_TSGRB0_TT2_32_TLDS1_UMLDSA0_UMLDSB1_U64SL1_USFGROn1_VAW1_VSn1_VW2_VWB1_VFLRP0_WSGRA0_WSGRB0_WS64_WG64_4_1_WGMn12",23951,6448475857171381,6448475857178592,0,4352,256,1,1,6144,4,1
"KERNEL_DISPATCH",1,1,234821,238,904,"Cijk_Ailk_Bljk_DB_MT128x32x16_MI16x16x4x1_SN_1LDSB1_APM1_ABV0_ACED0_AF0EM1_AF1EM1_AMAS3_ASE_ASGT_ASLT_ASM_ASAE01_ASCE01_ASEM1_AAC0_BL1_BS1_CLR0_DTLA0_DTLB0_DTVA1_DTVB0_DVO0_ETB_EPS1_ELFLR0_EMLL0_FSSC10_FL0_GLVWA2_GLVWB1_GRCGA1_GRCGB1_GRPM1_GRVWn1_GSU1_GSUASB_GLS0_ISA942_IU1_K1_KLA_LBSPPA0_LBSPPB128_LPA0_LPB1_LDL1_LRVW1_LWPMn1_LDW0_FMA_MIAV1_MDA2_MO40_MMFSC_MKFGSU256_NTA0_NTB0_NTC3_NTD3_NEPBS4_NLCA1_NLCB1_ONLL1_OPLV0_PK0_PAP0_PGR2_PLR1_PKA0_SIA3_SLW1_SS1_SU0_SUM0_SUS0_SCIUI1_SPO0_SRVW0_SSO0_SVW2_SNLL0_TSGRA0_TSGRB0_TT2_32_TLDS1_UMLDSA0_UMLDSB1_U64SL1_USFGROn1_VAW1_VSn1_VW2_VWB1_VFLRP0_WSGRA0_WSGRB0_WS64_WG64_4_1_WGMn12",23954,6448475857187296,6448475857199715,0,4352,256,1,1,6144,4,1
"KERNEL_DISPATCH",1,1,234821,239,904,"Cijk_Ailk_Bljk_DB_MT128x32x16_MI16x16x4x1_SN_1LDSB1_APM1_ABV0_ACED0_AF0EM1_AF1EM1_AMAS3_ASE_ASGT_ASLT_ASM_ASAE01_ASCE01_ASEM1_AAC0_BL1_BS1_CLR0_DTLA0_DTLB0_DTVA1_DTVB0_DVO0_ETB_EPS1_ELFLR0_EMLL0_FSSC10_FL0_GLVWA2_GLVWB1_GRCGA1_GRCGB1_GRPM1_GRVWn1_GSU1_GSUASB_GLS0_ISA942_IU1_K1_KLA_LBSPPA0_LBSPPB128_LPA0_LPB1_LDL1_LRVW1_LWPMn1_LDW0_FMA_MIAV1_MDA2_MO40_MMFSC_MKFGSU256_NTA0_NTB0_NTC3_NTD3_NEPBS4_NLCA1_NLCB1_ONLL1_OPLV0_PK0_PAP0_PGR2_PLR1_PKA0_SIA3_SLW1_SS1_SU0_SUM0_SUS0_SCIUI1_SPO0_SRVW0_SSO0_SVW2_SNLL0_TSGRA0_TSGRB0_TT2_32_TLDS1_UMLDSA0_UMLDSB1_U64SL1_USFGROn1_VAW1_VSn1_VW2_VWB1_VFLRP0_WSGRA0_WSGRB0_WS64_WG64_4_1_WGMn12",23957,6448475857209520,6448475857216771,0,4352,256,1,1,6144,4,1
"KERNEL_DISPATCH",1,1,234821,240,1437,"void rocblas_trtri_trsm_kernel<128, 16, 8, double, double const*, double*>(rocblas_fill_, rocblas_diagonal_, double const*, long, int, long, double*, long, long, int)",23961,6448475857222900,6448475857251063,0,8192,256,1,1,4096,1,1
"KERNEL_DISPATCH",1,1,234821,241,1433,"void rocblas_trtri_fill<128, double, double*>(_rocblas_handle*, rocblas_fill_, int, long, int, long, double*, long, long, int, int)",23966,6448475857251063,6448475857253747,0,0,128,1,1,32512,1,1
"KERNEL_DISPATCH",1,1,234821,242,787,"Cijk_Ailk_Bljk_DB_MT64x32x16_MI16x16x4x1_SN_1LDSB1_APM1_ABV0_ACED0_AF0EM2_AF1EM2_AMAS0_ASE_ASGT_ASLT_ASM_ASAE01_ASCE01_ASEM2_AAC0_BL1_BS1_CLR0_DTLA0_DTLB0_DTVA1_DTVB0_DVO0_ETSP_EPS1_ELFLR0_EMLL0_FSSC10_FL0_GLVWA1_GLVWB1_GRCGA1_GRCGB1_GRPM1_GRVW1_GSU1_GSUASB_GLS0_ISA942_IU1_K1_KLA_LBSPPA0_LBSPPB128_LPA0_LPB4_LDL1_LRVW2_LWPMn1_LDW0_FMA_MIAV1_MDA2_MO40_MMFSC_MKFGSU256_NTA0_NTB0_NTC3_NTD3_NEPBS0_NLCA1_NLCB1_ONLL1_OPLV0_PK0_PAP0_PGR2_PLR5_PKA0_SIA3_SLW1_SS1_SU0_SUM0_SUS0_SCIUI1_SPO1_SRVW0_SSO6_SVW1_SNLL0_TSGRA0_TSGRB0_TT1_32_TLDS1_UMLDSA0_UMLDSB1_U64SL1_USFGROn1_VAW1_VSn1_VW1_VWB1_VFLRP0_WSGRA0_WSGRB0_WS64_WG64_4_1_WGM12",23970,6448475857255670,6448475857260438,0,5120,256,1,1,256,1,4
"KERNEL_DISPATCH",1,1,234821,243,787,"Cijk_Ailk_Bljk_DB_MT64x32x16_MI16x16x4x1_SN_1LDSB1_APM1_ABV0_ACED0_AF0EM2_AF1EM2_AMAS0_ASE_ASGT_ASLT_ASM_ASAE01_ASCE01_ASEM2_AAC0_BL1_BS1_CLR0_DTLA0_DTLB0_DTVA1_DTVB0_DVO0_ETSP_EPS1_ELFLR0_EMLL0_FSSC10_FL0_GLVWA1_GLVWB1_GRCGA1_GRCGB1_GRPM1_GRVW1_GSU1_GSUASB_GLS0_ISA942_IU1_K1_KLA_LBSPPA0_LBSPPB128_LPA0_LPB4_LDL1_LRVW2_LWPMn1_LDW0_FMA_MIAV1_MDA2_MO40_MMFSC_MKFGSU256_NTA0_NTB0_NTC3_NTD3_NEPBS0_NLCA1_NLCB1_ONLL1_OPLV0_PK0_PAP0_PGR2_PLR5_PKA0_SIA3_SLW1_SS1_SU0_SUM0_SUS0_SCIUI1_SPO1_SRVW0_SSO6_SVW1_SNLL0_TSGRA0_TSGRB0_TT1_32_TLDS1_UMLDSA0_UMLDSB1_U64SL1_USFGROn1_VAW1_VSn1_VW1_VWB1_VFLRP0_WSGRA0_WSGRB0_WS64_WG64_4_1_WGM12",23973,6448475857269892,6448475857274539,0,5120,256,1,1,256,1,4
"KERNEL_DISPATCH",1,1,234821,244,787,"Cijk_Ailk_Bljk_DB_MT64x32x16_MI16x16x4x1_SN_1LDSB1_APM1_ABV0_ACED0_AF0EM2_AF1EM2_AMAS0_ASE_ASGT_ASLT_ASM_ASAE01_ASCE01_ASEM2_AAC0_BL1_BS1_CLR0_DTLA0_DTLB0_DTVA1_DTVB0_DVO0_ETSP_EPS1_ELFLR0_EMLL0_FSSC10_FL0_GLVWA1_GLVWB1_GRCGA1_GRCGB1_GRPM1_GRVW1_GSU1_GSUASB_GLS0_ISA942_IU1_K1_KLA_LBSPPA0_LBSPPB128_LPA0_LPB4_LDL1_LRVW2_LWPMn1_LDW0_FMA_MIAV1_MDA2_MO40_MMFSC_MKFGSU256_NTA0_NTB0_NTC3_NTD3_NEPBS0_NLCA1_NLCB1_ONLL1_OPLV0_PK0_PAP0_PGR2_PLR5_PKA0_SIA3_SLW1_SS1_SU0_SUM0_SUS0_SCIUI1_SPO1_SRVW0_SSO6_SVW1_SNLL0_TSGRA0_TSGRB0_TT1_32_TLDS1_UMLDSA0_UMLDSB1_U64SL1_USFGROn1_VAW1_VSn1_VW1_VWB1_VFLRP0_WSGRA0_WSGRB0_WS64_WG64_4_1_WGM12",23976,6448475857291085,6448475857295491,0,5120,256,1,1,256,1,4
"KERNEL_DISPATCH",1,1,234821,245,787,"Cijk_Ailk_Bljk_DB_MT64x32x16_MI16x16x4x1_SN_1LDSB1_APM1_ABV0_ACED0_AF0EM2_AF1EM2_AMAS0_ASE_ASGT_ASLT_ASM_ASAE01_ASCE01_ASEM2_AAC0_BL1_BS1_CLR0_DTLA0_DTLB0_DTVA1_DTVB0_DVO0_ETSP_EPS1_ELFLR0_EMLL0_FSSC10_FL0_GLVWA1_GLVWB1_GRCGA1_GRCGB1_GRPM1_GRVW1_GSU1_GSUASB_GLS0_ISA942_IU1_K1_KLA_LBSPPA0_LBSPPB128_LPA0_LPB4_LDL1_LRVW2_LWPMn1_LDW0_FMA_MIAV1_MDA2_MO40_MMFSC_MKFGSU256_NTA0_NTB0_NTC3_NTD3_NEPBS0_NLCA1_NLCB1_ONLL1_OPLV0_PK0_PAP0_PGR2_PLR5_PKA0_SIA3_SLW1_SS1_SU0_SUM0_SUS0_SCIUI1_SPO1_SRVW0_SSO6_SVW1_SNLL0_TSGRA0_TSGRB0_TT1_32_TLDS1_UMLDSA0_UMLDSB1_U64SL1_USFGROn1_VAW1_VSn1_VW1_VWB1_VFLRP0_WSGRA0_WSGRB0_WS64_WG64_4_1_WGM12",23979,6448475857313439,6448475857317926,0,5120,256,1,1,256,1,4
"KERNEL_DISPATCH",1,1,234821,246,632,"Cijk_Ailk_Bljk_DB_MT64x64x32_MI16x16x4x1_SN_1LDSB1_APM1_ABV0_ACED0_AF0EM2_AF1EM2_AMAS0_ASE_ASGT_ASLT_ASM_ASAE01_ASCE01_ASEM2_AAC0_BL1_BS1_CLR0_DTLA0_DTLB0_DTVA0_DTVB0_DVO0_ETSP_EPS1_ELFLR0_EMLL0_FSSC10_FL0_GLVWA1_GLVWB1_GRCGA1_GRCGB1_GRPM1_GRVW1_GSU1_GSUASB_GLS0_ISA942_IU1_K1_KLA_LBSPPA0_LBSPPB0_LPA0_LPB1_LDL1_LRVW1_LWPMn1_LDW0_FMA_MIAV1_MDA2_MO40_MMFSC_MKFGSU256_NTA0_NTB0_NTC3_NTD3_NEPBS0_NLCA1_NLCB1_ONLL1_OPLV0_PK0_PAP0_PGR2_PLR9_PKA0_SIA3_SLW1_SS1_SU0_SUM0_SUS0_SCIUI1_SPO1_SRVW0_SSO6_SVW1_SNLL0_TSGRA0_TSGRB0_TT2_32_TLDS0_UMLDSA0_UMLDSB0_U64SL1_USFGROn1_VAW1_VSn1_VW1_VWB1_VFLRP0_WSGRA0_WSGRB0_WS64_WG32_8_1_WGM6",23982,6448475857335953,6448475857343886,0,33024,256,1,1,256,1,4
"KERNEL_DISPATCH",1,1,234821,247,632,"Cijk_Ailk_Bljk_DB_MT64x64x32_MI16x16x4x1_SN_1LDSB1_APM1_ABV0_ACED0_AF0EM2_AF1EM2_AMAS0_ASE_ASGT_ASLT_ASM_ASAE01_ASCE01_ASEM2_AAC0_BL1_BS1_CLR0_DTLA0_DTLB0_DTVA0_DTVB0_DVO0_ETSP_EPS1_ELFLR0_EMLL0_FSSC10_FL0_GLVWA1_GLVWB1_GRCGA1_GRCGB1_GRPM1_GRVW1_GSU1_GSUASB_GLS0_ISA942_IU1_K1_KLA_LBSPPA0_LBSPPB0_LPA0_LPB1_LDL1_LRVW1_LWPMn1_LDW0_FMA_MIAV1_MDA2_MO40_MMFSC_MKFGSU256_NTA0_NTB0_NTC3_NTD3_NEPBS0_NLCA1_NLCB1_ONLL1_OPLV0_PK0_PAP0_PGR2_PLR9_PKA0_SIA3_SLW1_SS1_SU0_SUM0_SUS0_SCIUI1_SPO1_SRVW0_SSO6_SVW1_SNLL0_TSGRA0_TSGRB0_TT2_32_TLDS0_UMLDSA0_UMLDSB0_U64SL1_USFGROn1_VAW1_VSn1_VW1_VWB1_VFLRP0_WSGRA0_WSGRB0_WS64_WG32_8_1_WGM6",23985,6448475857351377,6448475857358067,0,33024,256,1,1,256,1,4
"KERNEL_DISPATCH",1,1,234821,248,1435,"void rocblas_copy_matrix_trsm<128, 8, double, double*, double*>(int, int, int, double*, int, long, double*, int, long, long, long, int)",23989,6448475857364958,6448475857371047,0,0,128,8,1,128,3072,1
"KERNEL_DISPATCH",1,1,234821,249,1084,"Cijk_Ailk_Bljk_DB_MT128x32x16_MI16x16x4x1_SN_1LDSB1_APM1_ABV0_ACED0_AF0EM1_AF1EM1_AMAS3_ASE_ASGT_ASLT_ASM_ASAE01_ASCE01_ASEM1_AAC0_BL1_BS1_CLR0_DTLA0_DTLB0_DTVA1_DTVB0_DVO0_ETB_EPS1_ELFLR0_EMLL0_FSSC10_FL0_GLVWA2_GLVWB2_GRCGA1_GRCGB1_GRPM1_GRVWn1_GSU1_GSUASB_GLS0_ISA942_IU1_K1_KLA_LBSPPA0_LBSPPB128_LPA0_LPB4_LDL1_LRVW2_LWPMn1_LDW0_FMA_MIAV1_MDA2_MO40_MMFSC_MKFGSU256_NTA0_NTB0_NTC3_NTD3_NEPBS4_NLCA1_NLCB1_ONLL1_OPLV0_PK0_PAP0_PGR2_PLR5_PKA0_SIA3_SLW1_SS1_SU0_SUM0_SUS0_SCIUI1_SPO0_SRVW0_SSO0_SVW2_SNLL0_TSGRA0_TSGRB0_TT2_32_TLDS1_UMLDSA0_UMLDSB1_U64SL1_USFGROn1_VAW1_VSn1_VW2_VWB1_VFLRP0_WSGRA0_WSGRB0_WS64_WG64_4_1_WGM12",23993,6448475857387163,6448475857399181,0,5120,256,1,1,256,96,1
"KERNEL_DISPATCH",1,1,234821,250,1084,"Cijk_Ailk_Bljk_DB_MT128x32x16_MI16x16x4x1_SN_1LDSB1_APM1_ABV0_ACED0_AF0EM1_AF1EM1_AMAS3_ASE_ASGT_ASLT_ASM_ASAE01_ASCE01_ASEM1_AAC0_BL1_BS1_CLR0_DTLA0_DTLB0_DTVA1_DTVB0_DVO0_ETB_EPS1_ELFLR0_EMLL0_FSSC10_FL0_GLVWA2_GLVWB2_GRCGA1_GRCGB1_GRPM1_GRVWn1_GSU1_GSUASB_GLS0_ISA942_IU1_K1_KLA_LBSPPA0_LBSPPB128_LPA0_LPB4_LDL1_LRVW2_LWPMn1_LDW0_FMA_MIAV1_MDA2_MO40_MMFSC_MKFGSU256_NTA0_NTB0_NTC3_NTD3_NEPBS4_NLCA1_NLCB1_ONLL1_OPLV0_PK0_PAP0_PGR2_PLR5_PKA0_SIA3_SLW1_SS1_SU0_SUM0_SUS0_SCIUI1_SPO0_SRVW0_SSO0_SVW2_SNLL0_TSGRA0_TSGRB0_TT2_32_TLDS1_UMLDSA0_UMLDSB1_U64SL1_USFGROn1_VAW1_VSn1_VW2_VWB1_VFLRP0_WSGRA0_WSGRB0_WS64_WG64_4_1_WGM12",23996,6448475857408184,6448475857416156,0,5120,256,1,1,256,96,1
"KERNEL_DISPATCH",1,1,234821,251,1084,"Cijk_Ailk_Bljk_DB_MT128x32x16_MI16x16x4x1_SN_1LDSB1_APM1_ABV0_ACED0_AF0EM1_AF1EM1_AMAS3_ASE_ASGT_ASLT_ASM_ASAE01_ASCE01_ASEM1_AAC0_BL1_BS1_CLR0_DTLA0_DTLB0_DTVA1_DTVB0_DVO0_ETB_EPS1_ELFLR0_EMLL0_FSSC10_FL0_GLVWA2_GLVWB2_GRCGA1_GRCGB1_GRPM1_GRVWn1_GSU1_GSUASB_GLS0_ISA942_IU1_K1_KLA_LBSPPA0_LBSPPB128_LPA0_LPB4_LDL1_LRVW2_LWPMn1_LDW0_FMA_MIAV1_MDA2_MO40_MMFSC_MKFGSU256_NTA0_NTB0_NTC3_NTD3_NEPBS4_NLCA1_NLCB1_ONLL1_OPLV0_PK0_PAP0_PGR2_PLR5_PKA0_SIA3_SLW1_SS1_SU0_SUM0_SUS0_SCIUI1_SPO0_SRVW0_SSO0_SVW2_SNLL0_TSGRA0_TSGRB0_TT2_32_TLDS1_UMLDSA0_UMLDSB1_U64SL1_USFGROn1_VAW1_VSn1_VW2_VWB1_VFLRP0_WSGRA0_WSGRB0_WS64_WG64_4_1_WGM12",23999,6448475857426933,6448475857434104,0,5120,256,1,1,256,96,1
"KERNEL_DISPATCH",1,1,234821,252,1084,"Cijk_Ailk_Bljk_DB_MT128x32x16_MI16x16x4x1_SN_1LDSB1_APM1_ABV0_ACED0_AF0EM1_AF1EM1_AMAS3_ASE_ASGT_ASLT_ASM_ASAE01_ASCE01_ASEM1_AAC0_BL1_BS1_CLR0_DTLA0_DTLB0_DTVA1_DTVB0_DVO0_ETB_EPS1_ELFLR0_EMLL0_FSSC10_FL0_GLVWA2_GLVWB2_GRCGA1_GRCGB1_GRPM1_GRVWn1_GSU1_GSUASB_GLS0_ISA942_IU1_K1_KLA_LBSPPA0_LBSPPB128_LPA0_LPB4_LDL1_LRVW2_LWPMn1_LDW0_FMA_MIAV1_MDA2_MO40_MMFSC_MKFGSU256_NTA0_NTB0_NTC3_NTD3_NEPBS4_NLCA1_NLCB1_ONLL1_OPLV0_PK0_PAP0_PGR2_PLR5_PKA0_SIA3_SLW1_SS1_SU0_SUM0_SUS0_SCIUI1_SPO0_SRVW0_SSO0_SVW2_SNLL0_TSGRA0_TSGRB0_TT2_32_TLDS1_UMLDSA0_UMLDSB1_U64SL1_USFGROn1_VAW1_VSn1_VW2_VWB1_VFLRP0_WSGRA0_WSGRB0_WS64_WG64_4_1_WGM12",24002,6448475857447364,6448475857456618,0,5120,256,1,1,256,96,1
"KERNEL_DISPATCH",1,1,234821,253,1084,"Cijk_Ailk_Bljk_DB_MT128x32x16_MI16x16x4x1_SN_1LDSB1_APM1_ABV0_ACED0_AF0EM1_AF1EM1_AMAS3_ASE_ASGT_ASLT_ASM_ASAE01_ASCE01_ASEM1_AAC0_BL1_BS1_CLR0_DTLA0_DTLB0_DTVA1_DTVB0_DVO0_ETB_EPS1_ELFLR0_EMLL0_FSSC10_FL0_GLVWA2_GLVWB2_GRCGA1_GRCGB1_GRPM1_GRVWn1_GSU1_GSUASB_GLS0_ISA942_IU1_K1_KLA_LBSPPA0_LBSPPB128_LPA0_LPB4_LDL1_LRVW2_LWPMn1_LDW0_FMA_MIAV1_MDA2_MO40_MMFSC_MKFGSU256_NTA0_NTB0_NTC3_NTD3_NEPBS4_NLCA1_NLCB1_ONLL1_OPLV0_PK0_PAP0_PGR2_PLR5_PKA0_SIA3_SLW1_SS1_SU0_SUM0_SUS0_SCIUI1_SPO0_SRVW0_SSO0_SVW2_SNLL0_TSGRA0_TSGRB0_TT2_32_TLDS1_UMLDSA0_UMLDSB1_U64SL1_USFGROn1_VAW1_VSn1_VW2_VWB1_VFLRP0_WSGRA0_WSGRB0_WS64_WG64_4_1_WGM12",24005,6448475857466433,6448475857473444,0,5120,256,1,1,256,96,1
"KERNEL_DISPATCH",1,1,234821,254,1084,"Cijk_Ailk_Bljk_DB_MT128x32x16_MI16x16x4x1_SN_1LDSB1_APM1_ABV0_ACED0_AF0EM1_AF1EM1_AMAS3_ASE_ASGT_ASLT_ASM_ASAE01_ASCE01_ASEM1_AAC0_BL1_BS1_CLR0_DTLA0_DTLB0_DTVA1_DTVB0_DVO0_ETB_EPS1_ELFLR0_EMLL0_FSSC10_FL0_GLVWA2_GLVWB2_GRCGA1_GRCGB1_GRPM1_GRVWn1_GSU1_GSUASB_GLS0_ISA942_IU1_K1_KLA_LBSPPA0_LBSPPB128_LPA0_LPB4_LDL1_LRVW2_LWPMn1_LDW0_FMA_MIAV1_MDA2_MO40_MMFSC_MKFGSU256_NTA0_NTB0_NTC3_NTD3_NEPBS4_NLCA1_NLCB1_ONLL1_OPLV0_PK0_PAP0_PGR2_PLR5_PKA0_SIA3_SLW1_SS1_SU0_SUM0_SUS0_SCIUI1_SPO0_SRVW0_SSO0_SVW2_SNLL0_TSGRA0_TSGRB0_TT2_32_TLDS1_UMLDSA0_UMLDSB1_U64SL1_USFGROn1_VAW1_VSn1_VW2_VWB1_VFLRP0_WSGRA0_WSGRB0_WS64_WG64_4_1_WGM12",24008,6448475857482218,6448475857493395,0,5120,256,1,1,256,96,1
"KERNEL_DISPATCH",1,1,234821,255,1084,"Cijk_Ailk_Bljk_DB_MT128x32x16_MI16x16x4x1_SN_1LDSB1_APM1_ABV0_ACED0_AF0EM1_AF1EM1_AMAS3_ASE_ASGT_ASLT_ASM_ASAE01_ASCE01_ASEM1_AAC0_BL1_BS1_CLR0_DTLA0_DTLB0_DTVA1_DTVB0_DVO0_ETB_EPS1_ELFLR0_EMLL0_FSSC10_FL0_GLVWA2_GLVWB2_GRCGA1_GRCGB1_GRPM1_GRVWn1_GSU1_GSUASB_GLS0_ISA942_IU1_K1_KLA_LBSPPA0_LBSPPB128_LPA0_LPB4_LDL1_LRVW2_LWPMn1_LDW0_FMA_MIAV1_MDA2_MO40_MMFSC_MKFGSU256_NTA0_NTB0_NTC3_NTD3_NEPBS4_NLCA1_NLCB1_ONLL1_OPLV0_PK0_PAP0_PGR2_PLR5_PKA0_SIA3_SLW1_SS1_SU0_SUM0_SUS0_SCIUI1_SPO0_SRVW0_SSO0_SVW2_SNLL0_TSGRA0_TSGRB0_TT2_32_TLDS1_UMLDSA0_UMLDSB1_U64SL1_USFGROn1_VAW1_VSn1_VW2_VWB1_VFLRP0_WSGRA0_WSGRB0_WS64_WG64_4_1_WGM12",24011,6448475857504492,6448475857512264,0,5120,256,1,1,256,96,1
"KERNEL_DISPATCH",1,1,234821,256,608,"Cijk_Ailk_Bljk_DB_MT128x192x32_MI16x16x4x1_SN_1LDSB1_APM1_ABV0_ACED0_AF0EM1_AF1EM1_AMAS3_ASE_ASGT_ASLT_ASM_ASAE01_ASCE01_ASEM1_AAC0_BL1_BS1_CLR0_DTLA0_DTLB0_DTVA1_DTVB0_DVO0_ETB_EPS1_ELFLR0_EMLL0_FSSC10_FL0_GLVWA2_GLVWB1_GRCGA1_GRCGB1_GRPM1_GRVWn1_GSU1_GSUASB_GLS0_ISA942_IU1_K1_KLA_LBSPPA0_LBSPPB256_LPA0_LPB1_LDL1_LRVW1_LWPMn1_LDW0_FMA_MIAV0_MDA2_MO40_MMFSC_MKFGSU256_NTA0_NTB0_NTC4_NTD4_NEPBS4_NLCA1_NLCB1_ONLL1_OPLV0_PK0_PAP0_PGR2_PLR1_PKA0_SIA3_SLW1_SS1_SU8_SUM0_SUS256_SCIUI1_SPO1_SRVW0_SSO4_SVW2_SNLL0_TSGRA0_TSGRB0_TT2_192_TLDS1_UMLDSA0_UMLDSB1_U64SL1_USFGROn1_VAW1_VSn1_VW2_VWB1_VFLRP0_WSGRA0_WSGRB0_WS64_WG64_4_1_WGM12",24014,6448475857522319,6448475857799604,0,50688,256,1,1,6144,16,1
"KERNEL_DISPATCH",1,1,234821,257,151,"void rocsolver::v32802::getf2_npvt_small_kernel<16, double, int, int, double*>(int, double*, long, int, long, int*, int, int)",24017,6448475857798623,6448475857813326,0,136,512,1,1,512,1,1
"KERNEL_DISPATCH",1,1,234821,258,203,"void rocsolver::v32802::unit_forward_substitution_kernel<double, int, double*>(int, int, double*, int, int, long, long, double*, int, int, long, long)",24022,6448475857814307,6448475857824202,0,512,16,64,1,16,512,1
"KERNEL_DISPATCH",1,1,234821,259,859,"Cijk_Ailk_Bljk_DB_MT64x32x32_MI16x16x4x1_SN_1LDSB1_APM1_ABV0_ACED0_AF0EM2_AF1EM2_AMAS3_ASE_ASGT_ASLT_ASM_ASAE01_ASCE01_ASEM2_AAC0_BL1_BS1_CLR0_DTLA0_DTLB0_DTVA0_DTVB0_DVO0_ETSP_EPS1_ELFLR0_EMLL0_FSSC10_FL0_GLVWA2_GLVWB2_GRCGA1_GRCGB1_GRPM1_GRVW2_GSU1_GSUASB_GLS0_ISA942_IU1_K1_KLA_LBSPPA0_LBSPPB256_LPA0_LPB4_LDL1_LRVW2_LWPMn1_LDW0_FMA_MIAV1_MDA2_MO40_MMFSC_MKFGSU256_NTA0_NTB0_NTC3_NTD3_NEPBS0_NLCA1_NLCB1_ONLL1_OPLV0_PK0_PAP0_PGR2_PLR9_PKA0_SIA3_SLW1_SS1_SU0_SUM0_SUS0_SCIUI1_SPO1_SRVW0_SSO6_SVW2_SNLL0_TSGRA0_TSGRB0_TT2_16_TLDS1_UMLDSA0_UMLDSB1_U64SL1_USFGROn1_VAW1_VSn1_VW2_VWB1_VFLRP0_WSGRA0_WSGRB0_WS64_WG32_8_1_WGM6",24025,6448475857824202,6448475857829330,0,25600,256,1,1,2048,16,1
"KERNEL_DISPATCH",1,1,234821,260,151,"void rocsolver::v32802::getf2_npvt_small_kernel<16, double, int, int, double*>(int, double*, long, int, long, int*, int, int)",24028,6448475857829330,6448475857839225,0,136,496,1,1,496,1,1
"KERNEL_DISPATCH",1,1,234821,261,203,"void rocsolver::v32802::unit_forward_substitution_kernel<double, int, double*>(int, int, double*, int, int, long, long, double*, int, int, long, long)",24033,6448475857839225,6448475857849200,0,512,16,64,1,16,512,1
"KERNEL_DISPATCH",1,1,234821,262,859,"Cijk_Ailk_Bljk_DB_MT64x32x32_MI16x16x4x1_SN_1LDSB1_APM1_ABV0_ACED0_AF0EM2_AF1EM2_AMAS3_ASE_ASGT_ASLT_ASM_ASAE01_ASCE01_ASEM2_AAC0_BL1_BS1_CLR0_DTLA0_DTLB0_DTVA0_DTVB0_DVO0_ETSP_EPS1_ELFLR0_EMLL0_FSSC10_FL0_GLVWA2_GLVWB2_GRCGA1_GRCGB1_GRPM1_GRVW2_GSU1_GSUASB_GLS0_ISA942_IU1_K1_KLA_LBSPPA0_LBSPPB256_LPA0_LPB4_LDL1_LRVW2_LWPMn1_LDW0_FMA_MIAV1_MDA2_MO40_MMFSC_MKFGSU256_NTA0_NTB0_NTC3_NTD3_NEPBS0_NLCA1_NLCB1_ONLL1_OPLV0_PK0_PAP0_PGR2_PLR9_PKA0_SIA3_SLW1_SS1_SU0_SUM0_SUS0_SCIUI1_SPO1_SRVW0_SSO6_SVW2_SNLL0_TSGRA0_TSGRB0_TT2_16_TLDS1_UMLDSA0_UMLDSB1_U64SL1_USFGROn1_VAW1_VSn1_VW2_VWB1_VFLRP0_WSGRA0_WSGRB0_WS64_WG32_8_1_WGM6",24036,6448475857849200,6448475857855250,0,25600,256,1,1,2048,15,1
"KERNEL_DISPATCH",1,1,234821,266,151,"void rocsolver::v32802::getf2_npvt_small_kernel<16, double, int, int, double*>(int, double*, long, int, long, int*, int, int)",24050,6448475857880168,6448475857889863,0,136,464,1,1,464,1,1
"KERNEL_DISPATCH",1,1,234821,265,859,"Cijk_Ailk_Bljk_DB_MT64x32x32_MI16x16x4x1_SN_1LDSB1_APM1_ABV0_ACED0_AF0EM2_AF1EM2_AMAS3_ASE_ASGT_ASLT_ASM_ASAE01_ASCE01_ASEM2_AAC0_BL1_BS1_CLR0_DTLA0_DTLB0_DTVA0_DTVB0_DVO0_ETSP_EPS1_ELFLR0_EMLL0_FSSC10_FL0_GLVWA2_GLVWB2_GRCGA1_GRCGB1_GRPM1_GRVW2_GSU1_GSUASB_GLS0_ISA942_IU1_K1_KLA_LBSPPA0_LBSPPB256_LPA0_LPB4_LDL1_LRVW2_LWPMn1_LDW0_FMA_MIAV1_MDA2_MO40_MMFSC_MKFGSU256_NTA0_NTB0_NTC3_NTD3_NEPBS0_NLCA1_NLCB1_ONLL1_OPLV0_PK0_PAP0_PGR2_PLR9_PKA0_SIA3_SLW1_SS1_SU0_SUM0_SUS0_SCIUI1_SPO1_SRVW0_SSO6_SVW2_SNLL0_TSGRA0_TSGRB0_TT2_16_TLDS1_UMLDSA0_UMLDSB1_U64SL1_USFGROn1_VAW1_VSn1_VW2_VWB1_VFLRP0_WSGRA0_WSGRB0_WS64_WG32_8_1_WGM6",24047,6448475857874319,6448475857880168,0,25600,256,1,1,2048,15,1
"KERNEL_DISPATCH",1,1,234821,264,203,"void rocsolver::v32802::unit_forward_substitution_kernel<double, int, double*>(int, int, double*, int, int, long, long, double*, int, int, long, long)",24044,6448475857864944,6448475857874319,0,512,16,64,1,16,512,1
"KERNEL_DISPATCH",1,1,234821,263,151,"void rocsolver::v32802::getf2_npvt_small_kernel<16, double, int, int, double*>(int, double*, long, int, long, int*, int, int)",24039,6448475857855250,6448475857864944,0,136,480,1,1,480,1,1
"KERNEL_DISPATCH",1,1,234821,271,859,"Cijk_Ailk_Bljk_DB_MT64x32x32_MI16x16x4x1_SN_1LDSB1_APM1_ABV0_ACED0_AF0EM2_AF1EM2_AMAS3_ASE_ASGT_ASLT_ASM_ASAE01_ASCE01_ASEM2_AAC0_BL1_BS1_CLR0_DTLA0_DTLB0_DTVA0_DTVB0_DVO0_ETSP_EPS1_ELFLR0_EMLL0_FSSC10_FL0_GLVWA2_GLVWB2_GRCGA1_GRCGB1_GRPM1_GRVW2_GSU1_GSUASB_GLS0_ISA942_IU1_K1_KLA_LBSPPA0_LBSPPB256_LPA0_LPB4_LDL1_LRVW2_LWPMn1_LDW0_FMA_MIAV1_MDA2_MO40_MMFSC_MKFGSU256_NTA0_NTB0_NTC3_NTD3_NEPBS0_NLCA1_NLCB1_ONLL1_OPLV0_PK0_PAP0_PGR2_PLR9_PKA0_SIA3_SLW1_SS1_SU0_SUM0_SUS0_SCIUI1_SPO1_SRVW0_SSO6_SVW2_SNLL0_TSGRA0_TSGRB0_TT2_16_TLDS1_UMLDSA0_UMLDSB1_U64SL1_USFGROn1_VAW1_VSn1_VW2_VWB1_VFLRP0_WSGRA0_WSGRB0_WS64_WG32_8_1_WGM6",24069,6448475857923314,6448475857927280,0,25600,256,1,1,1792,14,1
"KERNEL_DISPATCH",1,1,234821,272,151,"void rocsolver::v32802::getf2_npvt_small_kernel<16, double, int, int, double*>(int, double*, long, int, long, int*, int, int)",24072,6448475857927280,6448475857937015,0,136,432,1,1,432,1,1
"KERNEL_DISPATCH",1,1,234821,270,203,"void rocsolver::v32802::unit_forward_substitution_kernel<double, int, double*>(int, int, double*, int, int, long, long, double*, int, int, long, long)",24066,6448475857913619,6448475857923314,0,512,16,64,1,16,448,1
"KERNEL_DISPATCH",1,1,234821,274,859,"Cijk_Ailk_Bljk_DB_MT64x32x32_MI16x16x4x1_SN_1LDSB1_APM1_ABV0_ACED0_AF0EM2_AF1EM2_AMAS3_ASE_ASGT_ASLT_ASM_ASAE01_ASCE01_ASEM2_AAC0_BL1_BS1_CLR0_DTLA0_DTLB0_DTVA0_DTVB0_DVO0_ETSP_EPS1_ELFLR0_EMLL0_FSSC10_FL0_GLVWA2_GLVWB2_GRCGA1_GRCGB1_GRPM1_GRVW2_GSU1_GSUASB_GLS0_ISA942_IU1_K1_KLA_LBSPPA0_LBSPPB256_LPA0_LPB4_LDL1_LRVW2_LWPMn1_LDW0_FMA_MIAV1_MDA2_MO40_MMFSC_MKFGSU256_NTA0_NTB0_NTC3_NTD3_NEPBS0_NLCA1_NLCB1_ONLL1_OPLV0_PK0_PAP0_PGR2_PLR9_PKA0_SIA3_SLW1_SS1_SU0_SUM0_SUS0_SCIUI1_SPO1_SRVW0_SSO6_SVW2_SNLL0_TSGRA0_TSGRB0_TT2_16_TLDS1_UMLDSA0_UMLDSB1_U64SL1_USFGROn1_VAW1_VSn1_VW2_VWB1_VFLRP0_WSGRA0_WSGRB0_WS64_WG32_8_1_WGM6",24080,6448475857946830,6448475857951036,0,25600,256,1,1,1792,13,1
"KERNEL_DISPATCH",1,1,234821,273,203,"void rocsolver::v32802::unit_forward_substitution_kernel<double, int, double*>(int, int, double*, int, int, long, long, double*, int, int, long, long)",24077,6448475857937015,6448475857946830,0,512,16,64,1,16,448,1
"KERNEL_DISPATCH",1,1,234821,267,203,"void rocsolver::v32802::unit_forward_substitution_kernel<double, int, double*>(int, int, double*, int, int, long, long, double*, int, int, long, long)",24055,6448475857889863,6448475857899357,0,512,16,64,1,16,448,1
"KERNEL_DISPATCH",1,1,234821,268,859,"Cijk_Ailk_Bljk_DB_MT64x32x32_MI16x16x4x1_SN_1LDSB1_APM1_ABV0_ACED0_AF0EM2_AF1EM2_AMAS3_ASE_ASGT_ASLT_ASM_ASAE01_ASCE01_ASEM2_AAC0_BL1_BS1_CLR0_DTLA0_DTLB0_DTVA0_DTVB0_DVO0_ETSP_EPS1_ELFLR0_EMLL0_FSSC10_FL0_GLVWA2_GLVWB2_GRCGA1_GRCGB1_GRPM1_GRVW2_GSU1_GSUASB_GLS0_ISA942_IU1_K1_KLA_LBSPPA0_LBSPPB256_LPA0_LPB4_LDL1_LRVW2_LWPMn1_LDW0_FMA_MIAV1_MDA2_MO40_MMFSC_MKFGSU256_NTA0_NTB0_NTC3_NTD3_NEPBS0_NLCA1_NLCB1_ONLL1_OPLV0_PK0_PAP0_PGR2_PLR9_PKA0_SIA3_SLW1_SS1_SU0_SUM0_SUS0_SCIUI1_SPO1_SRVW0_SSO6_SVW2_SNLL0_TSGRA0_TSGRB0_TT2_16_TLDS1_UMLDSA0_UMLDSB1_U64SL1_USFGROn1_VAW1_VSn1_VW2_VWB1_VFLRP0_WSGRA0_WSGRB0_WS64_WG32_8_1_WGM6",24058,6448475857899357,6448475857904365,0,25600,256,1,1,1792,14,1
"KERNEL_DISPATCH",1,1,234821,269,151,"void rocsolver::v32802::getf2_npvt_small_kernel<16, double, int, int, double*>(int, double*, long, int, long, int*, int, int)",24061,6448475857904365,6448475857913619,0,136,448,1,1,448,1,1
"KERNEL_DISPATCH",1,1,234821,276,203,"void rocsolver::v32802::unit_forward_substitution_kernel<double, int, double*>(int, int, double*, int, int, long, long, double*, int, int, long, long)",24088,6448475857960090,6448475857969064,0,512,16,64,1,16,448,1
"KERNEL_DISPATCH",1,1,234821,280,859,"Cijk_Ailk_Bljk_DB_MT64x32x32_MI16x16x4x1_SN_1LDSB1_APM1_ABV0_ACED0_AF0EM2_AF1EM2_AMAS3_ASE_ASGT_ASLT_ASM_ASAE01_ASCE01_ASEM2_AAC0_BL1_BS1_CLR0_DTLA0_DTLB0_DTVA0_DTVB0_DVO0_ETSP_EPS1_ELFLR0_EMLL0_FSSC10_FL0_GLVWA2_GLVWB2_GRCGA1_GRCGB1_GRPM1_GRVW2_GSU1_GSUASB_GLS0_ISA942_IU1_K1_KLA_LBSPPA0_LBSPPB256_LPA0_LPB4_LDL1_LRVW2_LWPMn1_LDW0_FMA_MIAV1_MDA2_MO40_MMFSC_MKFGSU256_NTA0_NTB0_NTC3_NTD3_NEPBS0_NLCA1_NLCB1_ONLL1_OPLV0_PK0_PAP0_PGR2_PLR9_PKA0_SIA3_SLW1_SS1_SU0_SUM0_SUS0_SCIUI1_SPO1_SRVW0_SSO6_SVW2_SNLL0_TSGRA0_TSGRB0_TT2_16_TLDS1_UMLDSA0_UMLDSB1_U64SL1_USFGROn1_VAW1_VSn1_VW2_VWB1_VFLRP0_WSGRA0_WSGRB0_WS64_WG32_8_1_WGM6",24102,6448475858018219,6448475858021705,0,25600,256,1,1,1536,12,1
"KERNEL_DISPATCH",1,1,234821,279,203,"void rocsolver::v32802::unit_forward_substitution_kernel<double, int, double*>(int, int, double*, int, int, long, long, double*, int, int, long, long)",24099,6448475857981964,6448475857990697,0,512,16,64,1,16,384,1
"KERNEL_DISPATCH",1,1,234821,278,151,"void rocsolver::v32802::getf2_npvt_small_kernel<16, double, int, int, double*>(int, double*, long, int, long, int*, int, int)",24094,6448475857972830,6448475857981964,0,136,400,1,1,400,1,1
"KERNEL_DISPATCH",1,1,234821,277,859,"Cijk_Ailk_Bljk_DB_MT64x32x32_MI16x16x4x1_SN_1LDSB1_APM1_ABV0_ACED0_AF0EM2_AF1EM2_AMAS3_ASE_ASGT_ASLT_ASM_ASAE01_ASCE01_ASEM2_AAC0_BL1_BS1_CLR0_DTLA0_DTLB0_DTVA0_DTVB0_DVO0_ETSP_EPS1_ELFLR0_EMLL0_FSSC10_FL0_GLVWA2_GLVWB2_GRCGA1_GRCGB1_GRPM1_GRVW2_GSU1_GSUASB_GLS0_ISA942_IU1_K1_KLA_LBSPPA0_LBSPPB256_LPA0_LPB4_LDL1_LRVW2_LWPMn1_LDW0_FMA_MIAV1_MDA2_MO40_MMFSC_MKFGSU256_NTA0_NTB0_NTC3_NTD3_NEPBS0_NLCA1_NLCB1_ONLL1_OPLV0_PK0_PAP0_PGR2_PLR9_PKA0_SIA3_SLW1_SS1_SU0_SUM0_SUS0_SCIUI1_SPO1_SRVW0_SSO6_SVW2_SNLL0_TSGRA0_TSGRB0_TT2_16_TLDS1_UMLDSA0_UMLDSB1_U64SL1_USFGROn1_VAW1_VSn1_VW2_VWB1_VFLRP0_WSGRA0_WSGRB0_WS64_WG32_8_1_WGM6",24091,6448475857969064,6448475857972830,0,25600,256,1,1,1792,13,1
"KERNEL_DISPATCH",1,1,234821,275,151,"void rocsolver::v32802::getf2_npvt_small_kernel<16, double, int, int, double*>(int, double*, long, int, long, int*, int, int)",24083,6448475857951036,6448475857960090,0,136,416,1,1,416,1,1
"KERNEL_DISPATCH",1,1,234821,281,151,"void rocsolver::v32802::getf2_npvt_small_kernel<16, double, int, int, double*>(int, double*, long, int, long, int*, int, int)",24105,6448475858032281,6448475858041335,0,136,384,1,1,384,1,1
"KERNEL_DISPATCH",1,1,234821,284,151,"void rocsolver::v32802::getf2_npvt_small_kernel<16, double, int, int, double*>(int, double*, long, int, long, int*, int, int)",24116,6448475858084321,6448475858093174,0,136,368,1,1,368,1,1
"KERNEL_DISPATCH",1,1,234821,283,629,"Cijk_Ailk_Bljk_DB_MT128x64x16_MI16x16x4x1_SN_1LDSB1_APM1_ABV0_ACED0_AF0EM2_AF1EM2_AMAS3_ASE_ASGT_ASLT_ASM_ASAE01_ASCE01_ASEM2_AAC0_BL1_BS1_CLR0_DTLA0_DTLB0_DTVA1_DTVB0_DVO0_ETSP_EPS1_ELFLR0_EMLL0_FSSC10_FL0_GLVWA2_GLVWB2_GRCGA1_GRCGB1_GRPM1_GRVW2_GSU1_GSUASB_GLS0_ISA942_IU1_K1_KLA_LBSPPA0_LBSPPB0_LPA0_LPB2_LDL1_LRVW1_LWPMn1_LDW0_FMA_MIAV1_MDA2_MO40_MMFSC_MKFGSU256_NTA0_NTB0_NTC3_NTD3_NEPBS4_NLCA1_NLCB1_ONLL1_OPLV0_PK0_PAP0_PGR2_PLR1_PKA0_SIA3_SLW1_SS1_SU0_SUM0_SUS0_SCIUI1_SPO1_SRVW0_SSO6_SVW2_SNLL0_TSGRA0_TSGRB0_TT2_64_TLDS0_UMLDSA0_UMLDSB0_U64SL1_USFGROn1_VAW1_VSn1_VW2_VWB1_VFLRP0_WSGRA0_WSGRB0_WS64_WG64_4_1_WGM12",24113,6448475858071020,6448475858079473,0,8448,256,1,1,768,6,1
"KERNEL_DISPATCH",1,1,234821,282,203,"void rocsolver::v32802::unit_forward_substitution_kernel<double, int, double*>(int, int, double*, int, int, long, long, double*, int, int, long, long)",24110,6448475858046022,6448475858055477,0,512,16,64,1,16,384,1
"KERNEL_DISPATCH",1,1,234821,285,203,"void rocsolver::v32802::unit_forward_substitution_kernel<double, int, double*>(int, int, double*, int, int, long, long, double*, int, int, long, long)",24121,6448475858098022,6448475858107476,0,512,16,64,1,16,384,1
"KERNEL_DISPATCH",1,1,234821,286,629,"Cijk_Ailk_Bljk_DB_MT128x64x16_MI16x16x4x1_SN_1LDSB1_APM1_ABV0_ACED0_AF0EM2_AF1EM2_AMAS3_ASE_ASGT_ASLT_ASM_ASAE01_ASCE01_ASEM2_AAC0_BL1_BS1_CLR0_DTLA0_DTLB0_DTVA1_DTVB0_DVO0_ETSP_EPS1_ELFLR0_EMLL0_FSSC10_FL0_GLVWA2_GLVWB2_GRCGA1_GRCGB1_GRPM1_GRVW2_GSU1_GSUASB_GLS0_ISA942_IU1_K1_KLA_LBSPPA0_LBSPPB0_LPA0_LPB2_LDL1_LRVW1_LWPMn1_LDW0_FMA_MIAV1_MDA2_MO40_MMFSC_MKFGSU256_NTA0_NTB0_NTC3_NTD3_NEPBS4_NLCA1_NLCB1_ONLL1_OPLV0_PK0_PAP0_PGR2_PLR1_PKA0_SIA3_SLW1_SS1_SU0_SUM0_SUS0_SCIUI1_SPO1_SRVW0_SSO6_SVW2_SNLL0_TSGRA0_TSGRB0_TT2_64_TLDS0_UMLDSA0_UMLDSB0_U64SL1_USFGROn1_VAW1_VSn1_VW2_VWB1_VFLRP0_WSGRA0_WSGRB0_WS64_WG64_4_1_WGM12",24124,6448475858125183,6448475858132074,0,8448,256,1,1,768,6,1
"KERNEL_DISPATCH",1,1,234821,287,151,"void rocsolver::v32802::getf2_npvt_small_kernel<16, double, int, int, double*>(int, double*, long, int, long, int*, int, int)",24127,6448475858137723,6448475858146416,0,136,352,1,1,352,1,1
"KERNEL_DISPATCH",1,1,234821,289,629,"Cijk_Ailk_Bljk_DB_MT128x64x16_MI16x16x4x1_SN_1LDSB1_APM1_ABV0_ACED0_AF0EM2_AF1EM2_AMAS3_ASE_ASGT_ASLT_ASM_ASAE01_ASCE01_ASEM2_AAC0_BL1_BS1_CLR0_DTLA0_DTLB0_DTVA1_DTVB0_DVO0_ETSP_EPS1_ELFLR0_EMLL0_FSSC10_FL0_GLVWA2_GLVWB2_GRCGA1_GRCGB1_GRPM1_GRVW2_GSU1_GSUASB_GLS0_ISA942_IU1_K1_KLA_LBSPPA0_LBSPPB0_LPA0_LPB2_LDL1_LRVW1_LWPMn1_LDW0_FMA_MIAV1_MDA2_MO40_MMFSC_MKFGSU256_NTA0_NTB0_NTC3_NTD3_NEPBS4_NLCA1_NLCB1_ONLL1_OPLV0_PK0_PAP0_PGR2_PLR1_PKA0_SIA3_SLW1_SS1_SU0_SUM0_SUS0_SCIUI1_SPO1_SRVW0_SSO6_SVW2_SNLL0_TSGRA0_TSGRB0_TT2_64_TLDS0_UMLDSA0_UMLDSB0_U64SL1_USFGROn1_VAW1_VSn1_VW2_VWB1_VFLRP0_WSGRA0_WSGRB0_WS64_WG64_4_1_WGM12",24135,6448475858169812,6448475858175781,0,8448,256,1,1,768,6,1
"KERNEL_DISPATCH",1,1,234821,288,203,"void rocsolver::v32802::unit_forward_substitution_kernel<double, int, double*>(int, int, double*, int, int, long, long, double*, int, int, long, long)",24132,6448475858151304,6448475858159957,0,512,16,64,1,16,384,1
"KERNEL_DISPATCH",1,1,234821,290,151,"void rocsolver::v32802::getf2_npvt_small_kernel<16, double, int, int, double*>(int, double*, long, int, long, int*, int, int)",24138,6448475858180629,6448475858189522,0,136,336,1,1,336,1,1
"KERNEL_DISPATCH",1,1,234821,293,151,"void rocsolver::v32802::getf2_npvt_small_kernel<16, double, int, int, double*>(int, double*, long, int, long, int*, int, int)",24149,6448475858227580,6448475858236554,0,136,320,1,1,320,1,1
"KERNEL_DISPATCH",1,1,234821,292,629,"Cijk_Ailk_Bljk_DB_MT128x64x16_MI16x16x4x1_SN_1LDSB1_APM1_ABV0_ACED0_AF0EM2_AF1EM2_AMAS3_ASE_ASGT_ASLT_ASM_ASAE01_ASCE01_ASEM2_AAC0_BL1_BS1_CLR0_DTLA0_DTLB0_DTVA1_DTVB0_DVO0_ETSP_EPS1_ELFLR0_EMLL0_FSSC10_FL0_GLVWA2_GLVWB2_GRCGA1_GRCGB1_GRPM1_GRVW2_GSU1_GSUASB_GLS0_ISA942_IU1_K1_KLA_LBSPPA0_LBSPPB0_LPA0_LPB2_LDL1_LRVW1_LWPMn1_LDW0_FMA_MIAV1_MDA2_MO40_MMFSC_MKFGSU256_NTA0_NTB0_NTC3_NTD3_NEPBS4_NLCA1_NLCB1_ONLL1_OPLV0_PK0_PAP0_PGR2_PLR1_PKA0_SIA3_SLW1_SS1_SU0_SUM0_SUS0_SCIUI1_SPO1_SRVW0_SSO6_SVW2_SNLL0_TSGRA0_TSGRB0_TT2_64_TLDS0_UMLDSA0_UMLDSB0_U64SL1_USFGROn1_VAW1_VSn1_VW2_VWB1_VFLRP0_WSGRA0_WSGRB0_WS64_WG64_4_1_WGM12",24146,6448475858218647,6448475858224896,0,8448,256,1,1,768,5,1
"KERNEL_DISPATCH",1,1,234821,291,203,"void rocsolver::v32802::unit_forward_substitution_kernel<double, int, double*>(int, int, double*, int, int, long, long, double*, int, int, long, long)",24143,6448475858195051,6448475858203544,0,512,16,64,1,16,320,1
"KERNEL_DISPATCH",1,1,234821,294,203,"void rocsolver::v32802::unit_forward_substitution_kernel<double, int, double*>(int, int, double*, int, int, long, long, double*, int, int, long, long)",24154,6448475858241762,6448475858251257,0,512,16,64,1,16,320,1
"KERNEL_DISPATCH",1,1,234821,295,629,"Cijk_Ailk_Bljk_DB_MT128x64x16_MI16x16x4x1_SN_1LDSB1_APM1_ABV0_ACED0_AF0EM2_AF1EM2_AMAS3_ASE_ASGT_ASLT_ASM_ASAE01_ASCE01_ASEM2_AAC0_BL1_BS1_CLR0_DTLA0_DTLB0_DTVA1_DTVB0_DVO0_ETSP_EPS1_ELFLR0_EMLL0_FSSC10_FL0_GLVWA2_GLVWB2_GRCGA1_GRCGB1_GRPM1_GRVW2_GSU1_GSUASB_GLS0_ISA942_IU1_K1_KLA_LBSPPA0_LBSPPB0_LPA0_LPB2_LDL1_LRVW1_LWPMn1_LDW0_FMA_MIAV1_MDA2_MO40_MMFSC_MKFGSU256_NTA0_NTB0_NTC3_NTD3_NEPBS4_NLCA1_NLCB1_ONLL1_OPLV0_PK0_PAP0_PGR2_PLR1_PKA0_SIA3_SLW1_SS1_SU0_SUM0_SUS0_SCIUI1_SPO1_SRVW0_SSO6_SVW2_SNLL0_TSGRA0_TSGRB0_TT2_64_TLDS0_UMLDSA0_UMLDSB0_U64SL1_USFGROn1_VAW1_VSn1_VW2_VWB1_VFLRP0_WSGRA0_WSGRB0_WS64_WG64_4_1_WGM12",24157,6448475858265358,6448475858272489,0,8448,256,1,1,768,5,1
"KERNEL_DISPATCH",1,1,234821,296,151,"void rocsolver::v32802::getf2_npvt_small_kernel<16, double, int, int, double*>(int, double*, long, int, long, int*, int, int)",24160,6448475858277277,6448475858286210,0,136,304,1,1,304,1,1
"KERNEL_DISPATCH",1,1,234821,297,203,"void rocsolver::v32802::unit_forward_substitution_kernel<double, int, double*>(int, int, double*, int, int, long, long, double*, int, int, long, long)",24165,6448475858293441,6448475858302575,0,512,16,64,1,16,320,1
"KERNEL_DISPATCH",1,1,234821,298,629,"Cijk_Ailk_Bljk_DB_MT128x64x16_MI16x16x4x1_SN_1LDSB1_APM1_ABV0_ACED0_AF0EM2_AF1EM2_AMAS3_ASE_ASGT_ASLT_ASM_ASAE01_ASCE01_ASEM2_AAC0_BL1_BS1_CLR0_DTLA0_DTLB0_DTVA1_DTVB0_DVO0_ETSP_EPS1_ELFLR0_EMLL0_FSSC10_FL0_GLVWA2_GLVWB2_GRCGA1_GRCGB1_GRPM1_GRVW2_GSU1_GSUASB_GLS0_ISA942_IU1_K1_KLA_LBSPPA0_LBSPPB0_LPA0_LPB2_LDL1_LRVW1_LWPMn1_LDW0_FMA_MIAV1_MDA2_MO40_MMFSC_MKFGSU256_NTA0_NTB0_NTC3_NTD3_NEPBS4_NLCA1_NLCB1_ONLL1_OPLV0_PK0_PAP0_PGR2_PLR1_PKA0_SIA3_SLW1_SS1_SU0_SUM0_SUS0_SCIUI1_SPO1_SRVW0_SSO6_SVW2_SNLL0_TSGRA0_TSGRB0_TT2_64_TLDS0_UMLDSA0_UMLDSB0_U64SL1_USFGROn1_VAW1_VSn1_VW2_VWB1_VFLRP0_WSGRA0_WSGRB0_WS64_WG64_4_1_WGM12",24168,6448475858311990,6448475858318119,0,8448,256,1,1,768,5,1
"KERNEL_DISPATCH",1,1,234821,299,151,"void rocsolver::v32802::getf2_npvt_small_kernel<16, double, int, int, double*>(int, double*, long, int, long, int*, int, int)",24171,6448475858324409,6448475858333543,0,136,288,1,1,288,1,1
"KERNEL_DISPATCH",1,1,234821,300,203,"void rocsolver::v32802::unit_forward_substitution_kernel<double, int, double*>(int, int, double*, int, int, long, long, double*, int, int, long, long)",24176,6448475858336347,6448475858346603,0,512,16,64,1,16,320,1
"KERNEL_DISPATCH",1,1,234821,301,753,"Cijk_Ailk_Bljk_DB_MT64x64x16_MI16x16x4x1_SN_1LDSB1_APM1_ABV0_ACED0_AF0EM2_AF1EM2_AMAS3_ASE_ASGT_ASLT_ASM_ASAE01_ASCE01_ASEM2_AAC0_BL1_BS1_CLR0_DTLA0_DTLB0_DTVA0_DTVB0_DVO0_ETSP_EPS1_ELFLR0_EMLL0_FSSC10_FL0_GLVWA2_GLVWB2_GRCGA1_GRCGB1_GRPM1_GRVW2_GSU1_GSUASB_GLS0_ISA942_IU1_K1_KLA_LBSPPA0_LBSPPB128_LPA0_LPB2_LDL1_LRVW1_LWPMn1_LDW0_FMA_MIAV1_MDA2_MO40_MMFSC_MKFGSU256_NTA0_NTB0_NTC3_NTD3_NEPBS4_NLCA1_NLCB1_ONLL1_OPLV0_PK0_PAP0_PGR2_PLR5_PKA0_SIA3_SLW1_SS1_SU0_SUM0_SUS0_SCIUI1_SPO1_SRVW0_SSO6_SVW2_SNLL0_TSGRA0_TSGRB0_TT2_32_TLDS1_UMLDSA0_UMLDSB1_U64SL1_USFGROn1_VAW1_VSn1_VW2_VWB1_VFLRP0_WSGRA0_WSGRB0_WS64_WG32_8_1_WGM6",24179,6448475858357900,6448475858364430,0,17408,256,1,1,1280,5,1
"KERNEL_DISPATCH",1,1,234821,302,151,"void rocsolver::v32802::getf2_npvt_small_kernel<16, double, int, int, double*>(int, double*, long, int, long, int*, int, int)",24182,6448475858372102,6448475858381076,0,136,272,1,1,272,1,1
"KERNEL_DISPATCH",1,1,234821,303,203,"void rocsolver::v32802::unit_forward_substitution_kernel<double, int, double*>(int, int, double*, int, int, long, long, double*, int, int, long, long)",24187,6448475858390390,6448475858400205,0,512,16,64,1,16,256,1
"KERNEL_DISPATCH",1,1,234821,304,753,"Cijk_Ailk_Bljk_DB_MT64x64x16_MI16x16x4x1_SN_1LDSB1_APM1_ABV0_ACED0_AF0EM2_AF1EM2_AMAS3_ASE_ASGT_ASLT_ASM_ASAE01_ASCE01_ASEM2_AAC0_BL1_BS1_CLR0_DTLA0_DTLB0_DTVA0_DTVB0_DVO0_ETSP_EPS1_ELFLR0_EMLL0_FSSC10_FL0_GLVWA2_GLVWB2_GRCGA1_GRCGB1_GRPM1_GRVW2_GSU1_GSUASB_GLS0_ISA942_IU1_K1_KLA_LBSPPA0_LBSPPB128_LPA0_LPB2_LDL1_LRVW1_LWPMn1_LDW0_FMA_MIAV1_MDA2_MO40_MMFSC_MKFGSU256_NTA0_NTB0_NTC3_NTD3_NEPBS4_NLCA1_NLCB1_ONLL1_OPLV0_PK0_PAP0_PGR2_PLR5_PKA0_SIA3_SLW1_SS1_SU0_SUM0_SUS0_SCIUI1_SPO1_SRVW0_SSO6_SVW2_SNLL0_TSGRA0_TSGRB0_TT2_32_TLDS1_UMLDSA0_UMLDSB1_U64SL1_USFGROn1_VAW1_VSn1_VW2_VWB1_VFLRP0_WSGRA0_WSGRB0_WS64_WG32_8_1_WGM6",24190,6448475858409259,6448475858413666,0,17408,256,1,1,1024,4,1
"KERNEL_DISPATCH",1,1,234821,305,151,"void rocsolver::v32802::getf2_npvt_small_kernel<16, double, int, int, double*>(int, double*, long, int, long, int*, int, int)",24193,6448475858422720,6448475858431052,0,136,256,1,1,256,1,1
"KERNEL_DISPATCH",1,1,234821,306,203,"void rocsolver::v32802::unit_forward_substitution_kernel<double, int, double*>(int, int, double*, int, int, long, long, double*, int, int, long, long)",24198,6448475858435620,6448475858445515,0,512,16,64,1,16,256,1
"KERNEL_DISPATCH",1,1,234821,307,753,"Cijk_Ailk_Bljk_DB_MT64x64x16_MI16x16x4x1_SN_1LDSB1_APM1_ABV0_ACED0_AF0EM2_AF1EM2_AMAS3_ASE_ASGT_ASLT_ASM_ASAE01_ASCE01_ASEM2_AAC0_BL1_BS1_CLR0_DTLA0_DTLB0_DTVA0_DTVB0_DVO0_ETSP_EPS1_ELFLR0_EMLL0_FSSC10_FL0_GLVWA2_GLVWB2_GRCGA1_GRCGB1_GRPM1_GRVW2_GSU1_GSUASB_GLS0_ISA942_IU1_K1_KLA_LBSPPA0_LBSPPB128_LPA0_LPB2_LDL1_LRVW1_LWPMn1_LDW0_FMA_MIAV1_MDA2_MO40_MMFSC_MKFGSU256_NTA0_NTB0_NTC3_NTD3_NEPBS4_NLCA1_NLCB1_ONLL1_OPLV0_PK0_PAP0_PGR2_PLR5_PKA0_SIA3_SLW1_SS1_SU0_SUM0_SUS0_SCIUI1_SPO1_SRVW0_SSO6_SVW2_SNLL0_TSGRA0_TSGRB0_TT2_32_TLDS1_UMLDSA0_UMLDSB1_U64SL1_USFGROn1_VAW1_VSn1_VW2_VWB1_VFLRP0_WSGRA0_WSGRB0_WS64_WG32_8_1_WGM6",24201,6448475858461459,6448475858466186,0,17408,256,1,1,1024,4,1
"KERNEL_DISPATCH",1,1,234821,308,151,"void rocsolver::v32802::getf2_npvt_small_kernel<16, double, int, int, double*>(int, double*, long, int, long, int*, int, int)",24204,6448475858471314,6448475858479767,0,136,240,1,1,240,1,1
"KERNEL_DISPATCH",1,1,234821,309,203,"void rocsolver::v32802::unit_forward_substitution_kernel<double, int, double*>(int, int, double*, int, int, long, long, double*, int, int, long, long)",24209,6448475858483012,6448475858492547,0,512,16,64,1,16,256,1
"KERNEL_DISPATCH",1,1,234821,310,753,"Cijk_Ailk_Bljk_DB_MT64x64x16_MI16x16x4x1_SN_1LDSB1_APM1_ABV0_ACED0_AF0EM2_AF1EM2_AMAS3_ASE_ASGT_ASLT_ASM_ASAE01_ASCE01_ASEM2_AAC0_BL1_BS1_CLR0_DTLA0_DTLB0_DTVA0_DTVB0_DVO0_ETSP_EPS1_ELFLR0_EMLL0_FSSC10_FL0_GLVWA2_GLVWB2_GRCGA1_GRCGB1_GRPM1_GRVW2_GSU1_GSUASB_GLS0_ISA942_IU1_K1_KLA_LBSPPA0_LBSPPB128_LPA0_LPB2_LDL1_LRVW1_LWPMn1_LDW0_FMA_MIAV1_MDA2_MO40_MMFSC_MKFGSU256_NTA0_NTB0_NTC3_NTD3_NEPBS4_NLCA1_NLCB1_ONLL1_OPLV0_PK0_PAP0_PGR2_PLR5_PKA0_SIA3_SLW1_SS1_SU0_SUM0_SUS0_SCIUI1_SPO1_SRVW0_SSO6_SVW2_SNLL0_TSGRA0_TSGRB0_TT2_32_TLDS1_UMLDSA0_UMLDSB1_U64SL1_USFGROn1_VAW1_VSn1_VW2_VWB1_VFLRP0_WSGRA0_WSGRB0_WS64_WG32_8_1_WGM6",24212,6448475858504365,6448475858508892,0,17408,256,1,1,1024,4,1
"KERNEL_DISPATCH",1,1,234821,311,151,"void rocsolver::v32802::getf2_npvt_small_kernel<16, double, int, int, double*>(int, double*, long, int, long, int*, int, int)",24215,6448475858514300,6448475858522513,0,136,224,1,1,224,1,1
"KERNEL_DISPATCH",1,1,234821,312,203,"void rocsolver::v32802::unit_forward_substitution_kernel<double, int, double*>(int, int, double*, int, int, long, long, double*, int, int, long, long)",24220,6448475858531967,6448475858541742,0,512,16,64,1,16,256,1
"KERNEL_DISPATCH",1,1,234821,313,753,"Cijk_Ailk_Bljk_DB_MT64x64x16_MI16x16x4x1_SN_1LDSB1_APM1_ABV0_ACED0_AF0EM2_AF1EM2_AMAS3_ASE_ASGT_ASLT_ASM_ASAE01_ASCE01_ASEM2_AAC0_BL1_BS1_CLR0_DTLA0_DTLB0_DTVA0_DTVB0_DVO0_ETSP_EPS1_ELFLR0_EMLL0_FSSC10_FL0_GLVWA2_GLVWB2_GRCGA1_GRCGB1_GRPM1_GRVW2_GSU1_GSUASB_GLS0_ISA942_IU1_K1_KLA_LBSPPA0_LBSPPB128_LPA0_LPB2_LDL1_LRVW1_LWPMn1_LDW0_FMA_MIAV1_MDA2_MO40_MMFSC_MKFGSU256_NTA0_NTB0_NTC3_NTD3_NEPBS4_NLCA1_NLCB1_ONLL1_OPLV0_PK0_PAP0_PGR2_PLR5_PKA0_SIA3_SLW1_SS1_SU0_SUM0_SUS0_SCIUI1_SPO1_SRVW0_SSO6_SVW2_SNLL0_TSGRA0_TSGRB0_TT2_32_TLDS1_UMLDSA0_UMLDSB1_U64SL1_USFGROn1_VAW1_VSn1_VW2_VWB1_VFLRP0_WSGRA0_WSGRB0_WS64_WG32_8_1_WGM6",24223,6448475858551918,6448475858556204,0,17408,256,1,1,1024,4,1
"KERNEL_DISPATCH",1,1,234821,314,151,"void rocsolver::v32802::getf2_npvt_small_kernel<16, double, int, int, double*>(int, double*, long, int, long, int*, int, int)",24226,6448475858563656,6448475858572429,0,136,208,1,1,208,1,1
"KERNEL_DISPATCH",1,1,234821,315,203,"void rocsolver::v32802::unit_forward_substitution_kernel<double, int, double*>(int, int, double*, int, int, long, long, double*, int, int, long, long)",24231,6448475858581323,6448475858590817,0,512,16,64,1,16,192,1
"KERNEL_DISPATCH",1,1,234821,316,753,"Cijk_Ailk_Bljk_DB_MT64x64x16_MI16x16x4x1_SN_1LDSB1_APM1_ABV0_ACED0_AF0EM2_AF1EM2_AMAS3_ASE_ASGT_ASLT_ASM_ASAE01_ASCE01_ASEM2_AAC0_BL1_BS1_CLR0_DTLA0_DTLB0_DTVA0_DTVB0_DVO0_ETSP_EPS1_ELFLR0_EMLL0_FSSC10_FL0_GLVWA2_GLVWB2_GRCGA1_GRCGB1_GRPM1_GRVW2_GSU1_GSUASB_GLS0_ISA942_IU1_K1_KLA_LBSPPA0_LBSPPB128_LPA0_LPB2_LDL1_LRVW1_LWPMn1_LDW0_FMA_MIAV1_MDA2_MO40_MMFSC_MKFGSU256_NTA0_NTB0_NTC3_NTD3_NEPBS4_NLCA1_NLCB1_ONLL1_OPLV0_PK0_PAP0_PGR2_PLR5_PKA0_SIA3_SLW1_SS1_SU0_SUM0_SUS0_SCIUI1_SPO1_SRVW0_SSO6_SVW2_SNLL0_TSGRA0_TSGRB0_TT2_32_TLDS1_UMLDSA0_UMLDSB1_U64SL1_USFGROn1_VAW1_VSn1_VW2_VWB1_VFLRP0_WSGRA0_WSGRB0_WS64_WG32_8_1_WGM6",24234,6448475858615696,6448475858619742,0,17408,256,1,1,768,3,1
"KERNEL_DISPATCH",1,1,234821,317,151,"void rocsolver::v32802::getf2_npvt_small_kernel<16, double, int, int, double*>(int, double*, long, int, long, int*, int, int)",24237,6448475858625390,6448475858633122,0,136,192,1,1,192,1,1
"KERNEL_DISPATCH",1,1,234821,318,203,"void rocsolver::v32802::unit_forward_substitution_kernel<double, int, double*>(int, int, double*, int, int, long, long, double*, int, int, long, long)",24242,6448475858635806,6448475858644219,0,512,16,64,1,16,192,1
"KERNEL_DISPATCH",1,1,234821,319,1057,"Cijk_Ailk_Bljk_DB_MT128x64x16_MI16x16x4x1_SN_1LDSB1_APM1_ABV0_ACED0_AF0EM2_AF1EM2_AMAS3_ASE_ASGT_ASLT_ASM_ASAE01_ASCE01_ASEM2_AAC0_BL1_BS1_CLR0_DTLA0_DTLB0_DTVA1_DTVB0_DVO0_ETSP_EPS1_ELFLR0_EMLL0_FSSC10_FL0_GLVWA2_GLVWB2_GRCGA1_GRCGB1_GRPM1_GRVW2_GSU1_GSUASB_GLS0_ISA942_IU1_K1_KLA_LBSPPA0_LBSPPB0_LPA0_LPB2_LDL1_LRVW1_LWPMn1_LDW0_FMA_MIAV1_MDA2_MO40_MMFSC_MKFGSU256_NTA0_NTB0_NTC3_NTD3_NEPBS4_NLCA1_NLCB1_ONLL1_OPLV0_PK0_PAP0_PGR2_PLR5_PKA0_SIA3_SLW1_SS1_SU0_SUM0_SUS0_SCIUI1_SPO1_SRVW0_SSO6_SVW2_SNLL0_TSGRA0_TSGRB0_TT2_64_TLDS0_UMLDSA0_UMLDSB0_U64SL1_USFGROn1_VAW1_VSn1_VW2_VWB1_VFLRP0_WSGRA0_WSGRB0_WS64_WG64_4_1_WGM6",24245,6448475858652953,6448475858662407,0,8448,256,1,1,512,3,1
"KERNEL_DISPATCH",1,1,234821,320,151,"void rocsolver::v32802::getf2_npvt_small_kernel<16, double, int, int, double*>(int, double*, long, int, long, int*, int, int)",24248,6448475858664691,6448475858672783,0,136,176,1,1,176,1,1
"KERNEL_DISPATCH",1,1,234821,321,203,"void rocsolver::v32802::unit_forward_substitution_kernel<double, int, double*>(int, int, double*, int, int, long, long, double*, int, int, long, long)",24253,6448475858674706,6448475858682839,0,512,16,64,1,16,192,1
"KERNEL_DISPATCH",1,1,234821,322,1057,"Cijk_Ailk_Bljk_DB_MT128x64x16_MI16x16x4x1_SN_1LDSB1_APM1_ABV0_ACED0_AF0EM2_AF1EM2_AMAS3_ASE_ASGT_ASLT_ASM_ASAE01_ASCE01_ASEM2_AAC0_BL1_BS1_CLR0_DTLA0_DTLB0_DTVA1_DTVB0_DVO0_ETSP_EPS1_ELFLR0_EMLL0_FSSC10_FL0_GLVWA2_GLVWB2_GRCGA1_GRCGB1_GRPM1_GRVW2_GSU1_GSUASB_GLS0_ISA942_IU1_K1_KLA_LBSPPA0_LBSPPB0_LPA0_LPB2_LDL1_LRVW1_LWPMn1_LDW0_FMA_MIAV1_MDA2_MO40_MMFSC_MKFGSU256_NTA0_NTB0_NTC3_NTD3_NEPBS4_NLCA1_NLCB1_ONLL1_OPLV0_PK0_PAP0_PGR2_PLR5_PKA0_SIA3_SLW1_SS1_SU0_SUM0_SUS0_SCIUI1_SPO1_SRVW0_SSO6_SVW2_SNLL0_TSGRA0_TSGRB0_TT2_64_TLDS0_UMLDSA0_UMLDSB0_U64SL1_USFGROn1_VAW1_VSn1_VW2_VWB1_VFLRP0_WSGRA0_WSGRB0_WS64_WG64_4_1_WGM6",24256,6448475858691772,6448475858700145,0,8448,256,1,1,512,3,1
"KERNEL_DISPATCH",1,1,234821,323,151,"void rocsolver::v32802::getf2_npvt_small_kernel<16, double, int, int, double*>(int, double*, long, int, long, int*, int, int)",24259,6448475858707105,6448475858715438,0,136,160,1,1,160,1,1
"KERNEL_DISPATCH",1,1,234821,324,203,"void rocsolver::v32802::unit_forward_substitution_kernel<double, int, double*>(int, int, double*, int, int, long, long, double*, int, int, long, long)",24264,6448475858723060,6448475858732194,0,512,16,64,1,16,192,1
"KERNEL_DISPATCH",1,1,234821,325,1235,"Cijk_Ailk_Bljk_DB_MT128x64x16_MI16x16x4x1_SN_1LDSB1_APM1_ABV0_ACED0_AF0EM2_AF1EM2_AMAS3_ASE_ASGT_ASLT_ASM_ASAE01_ASCE01_ASEM2_AAC0_BL1_BS1_CLR0_DTLA0_DTLB0_DTVA0_DTVB0_DVO0_ETSP_EPS1_ELFLR0_EMLL0_FSSC10_FL0_GLVWA2_GLVWB2_GRCGA1_GRCGB1_GRPM1_GRVW2_GSU1_GSUASB_GLS0_ISA942_IU1_K1_KLA_LBSPPA0_LBSPPB0_LPA0_LPB2_LDL1_LRVW1_LWPMn1_LDW0_FMA_MIAV1_MDA2_MO40_MMFSC_MKFGSU256_NTA0_NTB0_NTC3_NTD3_NEPBS0_NLCA1_NLCB1_ONLL1_OPLV0_PK0_PAP0_PGR2_PLR5_PKA0_SIA3_SLW1_SS1_SU0_SUM0_SUS0_SCIUI1_SPO1_SRVW0_SSO6_SVW2_SNLL0_TSGRA0_TSGRB0_TT2_64_TLDS0_UMLDSA0_UMLDSB0_U64SL1_USFGROn1_VAW1_VSn1_VW2_VWB1_VFLRP0_WSGRA0_WSGRB0_WS64_WG64_4_1_WGM6",24267,6448475858740527,6448475858749781,0,24832,256,1,1,512,3,1
"KERNEL_DISPATCH",1,1,234821,326,151,"void rocsolver::v32802::getf2_npvt_small_kernel<16, double, int, int, double*>(int, double*, long, int, long, int*, int, int)",24270,6448475858753266,6448475858761559,0,136,144,1,1,144,1,1
"KERNEL_DISPATCH",1,1,234821,327,203,"void rocsolver::v32802::unit_forward_substitution_kernel<double, int, double*>(int, int, double*, int, int, long, long, double*, int, int, long, long)",24275,6448475858767408,6448475858776582,0,512,16,64,1,16,128,1
"KERNEL_DISPATCH",1,1,234821,328,1235,"Cijk_Ailk_Bljk_DB_MT128x64x16_MI16x16x4x1_SN_1LDSB1_APM1_ABV0_ACED0_AF0EM2_AF1EM2_AMAS3_ASE_ASGT_ASLT_ASM_ASAE01_ASCE01_ASEM2_AAC0_BL1_BS1_CLR0_DTLA0_DTLB0_DTVA0_DTVB0_DVO0_ETSP_EPS1_ELFLR0_EMLL0_FSSC10_FL0_GLVWA2_GLVWB2_GRCGA1_GRCGB1_GRPM1_GRVW2_GSU1_GSUASB_GLS0_ISA942_IU1_K1_KLA_LBSPPA0_LBSPPB0_LPA0_LPB2_LDL1_LRVW1_LWPMn1_LDW0_FMA_MIAV1_MDA2_MO40_MMFSC_MKFGSU256_NTA0_NTB0_NTC3_NTD3_NEPBS0_NLCA1_NLCB1_ONLL1_OPLV0_PK0_PAP0_PGR2_PLR5_PKA0_SIA3_SLW1_SS1_SU0_SUM0_SUS0_SCIUI1_SPO1_SRVW0_SSO6_SVW2_SNLL0_TSGRA0_TSGRB0_TT2_64_TLDS0_UMLDSA0_UMLDSB0_U64SL1_USFGROn1_VAW1_VSn1_VW2_VWB1_VFLRP0_WSGRA0_WSGRB0_WS64_WG64_4_1_WGM6",24278,6448475858785196,6448475858790524,0,24832,256,1,1,256,2,1
"KERNEL_DISPATCH",1,1,234821,329,151,"void rocsolver::v32802::getf2_npvt_small_kernel<16, double, int, int, double*>(int, double*, long, int, long, int*, int, int)",24281,6448475858797815,6448475858805827,0,136,128,1,1,128,1,1
"KERNEL_DISPATCH",1,1,234821,330,203,"void rocsolver::v32802::unit_forward_substitution_kernel<double, int, double*>(int, int, double*, int, int, long, long, double*, int, int, long, long)",24286,6448475858813319,6448475858822372,0,512,16,64,1,16,128,1
"KERNEL_DISPATCH",1,1,234821,331,716,"Cijk_Ailk_Bljk_DB_MT128x64x16_MI16x16x4x1_SN_1LDSB1_APM1_ABV0_ACED0_AF0EM2_AF1EM2_AMAS3_ASE_ASGT_ASLT_ASM_ASAE01_ASCE01_ASEM2_AAC0_BL1_BS1_CLR0_DTLA0_DTLB0_DTVA0_DTVB0_DVO0_ETSP_EPS1_ELFLR0_EMLL0_FSSC10_FL0_GLVWA2_GLVWB2_GRCGA1_GRCGB1_GRPM1_GRVW2_GSU1_GSUASB_GLS0_ISA942_IU1_K1_KLA_LBSPPA0_LBSPPB0_LPA0_LPB2_LDL1_LRVW1_LWPMn1_LDW0_FMA_MIAV1_MDA2_MO40_MMFSC_MKFGSU256_NTA0_NTB0_NTC3_NTD3_NEPBS0_NLCA1_NLCB1_ONLL1_OPLV0_PK0_PAP0_PGR2_PLR1_PKA0_SIA3_SLW1_SS1_SU0_SUM0_SUS0_SCIUI1_SPO1_SRVW0_SSO6_SVW2_SNLL0_TSGRA0_TSGRB0_TT2_64_TLDS0_UMLDSA0_UMLDSB0_U64SL1_USFGROn1_VAW1_VSn1_VW2_VWB1_VFLRP0_WSGRA0_WSGRB0_WS64_WG64_4_1_WGM6",24289,6448475858828903,6448475858838357,0,24832,256,1,1,256,2,1
"KERNEL_DISPATCH",1,1,234821,332,151,"void rocsolver::v32802::getf2_npvt_small_kernel<16, double, int, int, double*>(int, double*, long, int, long, int*, int, int)",24292,6448475858841682,6448475858850055,0,136,112,1,1,112,1,1
"KERNEL_DISPATCH",1,1,234821,333,203,"void rocsolver::v32802::unit_forward_substitution_kernel<double, int, double*>(int, int, double*, int, int, long, long, double*, int, int, long, long)",24297,6448475858859349,6448475858868363,0,512,16,64,1,16,128,1
"KERNEL_DISPATCH",1,1,234821,334,1112,"Cijk_Ailk_Bljk_DB_MT128x64x16_MI16x16x4x1_SN_1LDSB1_APM1_ABV0_ACED0_AF0EM2_AF1EM2_AMAS3_ASE_ASGT_ASLT_ASM_ASAE01_ASCE01_ASEM2_AAC0_BL1_BS1_CLR0_DTLA0_DTLB0_DTVA1_DTVB0_DVO0_ETSP_EPS1_ELFLR0_EMLL0_FSSC10_FL0_GLVWA2_GLVWB2_GRCGA1_GRCGB1_GRPM1_GRVW2_GSU1_GSUASB_GLS0_ISA942_IU1_K1_KLA_LBSPPA0_LBSPPB0_LPA0_LPB2_LDL1_LRVW1_LWPMn1_LDW0_FMA_MIAV1_MDA2_MO40_MMFSC_MKFGSU256_NTA0_NTB0_NTC3_NTD3_NEPBS0_NLCA1_NLCB1_ONLL1_OPLV0_PK0_PAP0_PGR2_PLR5_PKA0_SIA3_SLW1_SS1_SU0_SUM0_SUS0_SCIUI1_SPO1_SRVW0_SSO6_SVW2_SNLL0_TSGRA0_TSGRB0_TT2_64_TLDS0_UMLDSA0_UMLDSB0_U64SL1_USFGROn1_VAW1_VSn1_VW2_VWB1_VFLRP0_WSGRA0_WSGRB0_WS64_WG64_4_1_WGM12",24300,6448475858877096,6448475858887272,0,8448,256,1,1,256,2,1
"KERNEL_DISPATCH",1,1,234821,335,151,"void rocsolver::v32802::getf2_npvt_small_kernel<16, double, int, int, double*>(int, double*, long, int, long, int*, int, int)",24303,6448475858887272,6448475858895044,0,136,96,1,1,96,1,1
"KERNEL_DISPATCH",1,1,234821,336,203,"void rocsolver::v32802::unit_forward_substitution_kernel<double, int, double*>(int, int, double*, int, int, long, long, double*, int, int, long, long)",24308,6448475858901945,6448475858910397,0,512,16,64,1,16,128,1
"KERNEL_DISPATCH",1,1,234821,337,948,"Cijk_Ailk_Bljk_DB_MT64x64x16_MI16x16x4x1_SN_1LDSB1_APM1_ABV0_ACED0_AF0EM2_AF1EM2_AMAS3_ASE_ASGT_ASLT_ASM_ASAE01_ASCE01_ASEM2_AAC0_BL1_BS1_CLR0_DTLA0_DTLB0_DTVA0_DTVB0_DVO0_ETSP_EPS1_ELFLR0_EMLL0_FSSC10_FL0_GLVWA2_GLVWB2_GRCGA1_GRCGB1_GRPM1_GRVW2_GSU1_GSUASB_GLS0_ISA942_IU1_K1_KLA_LBSPPA0_LBSPPB0_LPA0_LPB2_LDL1_LRVW1_LWPMn1_LDW0_FMA_MIAV1_MDA2_MO40_MMFSC_MKFGSU256_NTA0_NTB0_NTC3_NTD3_NEPBS4_NLCA1_NLCB1_ONLL1_OPLV0_PK0_PAP0_PGR2_PLR5_PKA0_SIA3_SLW1_SS1_SU0_SUM0_SUS0_SCIUI1_SPO1_SRVW0_SSO6_SVW2_SNLL0_TSGRA0_TSGRB0_TT2_32_TLDS0_UMLDSA0_UMLDSB0_U64SL1_USFGROn1_VAW1_VSn1_VW2_VWB1_VFLRP0_WSGRA0_WSGRB0_WS64_WG32_8_1_WGM6",24311,6448475858928856,6448475858934985,0,16640,256,1,1,512,2,1
"KERNEL_DISPATCH",1,1,234821,338,151,"void rocsolver::v32802::getf2_npvt_small_kernel<16, double, int, int, double*>(int, double*, long, int, long, int*, int, int)",24314,6448475858937749,6448475858945081,0,136,80,1,1,80,1,1
"KERNEL_DISPATCH",1,1,234821,339,203,"void rocsolver::v32802::unit_forward_substitution_kernel<double, int, double*>(int, int, double*, int, int, long, long, double*, int, int, long, long)",24319,6448475858948776,6448475858957309,0,512,16,64,1,16,64,1
"KERNEL_DISPATCH",1,1,234821,340,838,"Cijk_Ailk_Bljk_DB_MT64x64x16_MI16x16x4x1_SN_1LDSB1_APM1_ABV0_ACED0_AF0EM2_AF1EM2_AMAS0_ASE_ASGT_ASLT_ASM_ASAE01_ASCE01_ASEM2_AAC0_BL1_BS1_CLR0_DTLA0_DTLB0_DTVA1_DTVB0_DVO0_ETSP_EPS1_ELFLR0_EMLL0_FSSC10_FL0_GLVWA1_GLVWB1_GRCGA1_GRCGB1_GRPM1_GRVW1_GSU1_GSUASB_GLS0_ISA942_IU1_K1_KLA_LBSPPA0_LBSPPB128_LPA0_LPB4_LDL1_LRVW2_LWPMn1_LDW0_FMA_MIAV1_MDA2_MO40_MMFSC_MKFGSU256_NTA0_NTB0_NTC3_NTD3_NEPBS0_NLCA1_NLCB1_ONLL1_OPLV0_PK0_PAP0_PGR2_PLR5_PKA0_SIA3_SLW1_SS1_SU0_SUM0_SUS0_SCIUI1_SPO1_SRVW0_SSO6_SVW1_SNLL0_TSGRA0_TSGRB0_TT1_64_TLDS1_UMLDSA0_UMLDSB1_U64SL1_USFGROn1_VAW1_VSn1_VW1_VWB1_VFLRP0_WSGRA0_WSGRB0_WS64_WG64_4_1_WGM6",24322,6448475858981697,6448475858988467,0,10240,256,1,1,256,1,1
"KERNEL_DISPATCH",1,1,234821,341,151,"void rocsolver::v32802::getf2_npvt_small_kernel<16, double, int, int, double*>(int, double*, long, int, long, int*, int, int)",24325,6448475858991912,6448475858999324,0,136,64,1,1,64,1,1
"KERNEL_DISPATCH",1,1,234821,342,203,"void rocsolver::v32802::unit_forward_substitution_kernel<double, int, double*>(int, int, double*, int, int, long, long, double*, int, int, long, long)",24330,6448475859001727,6448475859010261,0,512,16,64,1,16,64,1
"KERNEL_DISPATCH",1,1,234821,343,1153,"Cijk_Ailk_Bljk_DB_MT64x64x16_MI16x16x4x1_SN_1LDSB1_APM1_ABV0_ACED0_AF0EM2_AF1EM2_AMAS3_ASE_ASGT_ASLT_ASM_ASAE01_ASCE01_ASEM2_AAC0_BL1_BS1_CLR0_DTLA0_DTLB0_DTVA0_DTVB0_DVO0_ETSP_EPS1_ELFLR0_EMLL0_FSSC10_FL0_GLVWA2_GLVWB2_GRCGA1_GRCGB1_GRPM1_GRVW2_GSU1_GSUASB_GLS0_ISA942_IU1_K1_KLA_LBSPPA0_LBSPPB128_LPA0_LPB4_LDL1_LRVW2_LWPMn1_LDW0_FMA_MIAV1_MDA2_MO40_MMFSC_MKFGSU256_NTA0_NTB0_NTC3_NTD3_NEPBS0_NLCA1_NLCB1_ONLL1_OPLV0_PK0_PAP0_PGR2_PLR5_PKA0_SIA3_SLW1_SS1_SU0_SUM0_SUS0_SCIUI1_SPO1_SRVW0_SSO6_SVW2_SNLL0_TSGRA0_TSGRB0_TT2_32_TLDS1_UMLDSA0_UMLDSB1_U64SL1_USFGROn1_VAW1_VSn1_VW2_VWB1_VFLRP0_WSGRA0_WSGRB0_WS64_WG32_8_1_WGM6",24333,6448475859023361,6448475859030091,0,18432,256,1,1,256,1,1
"KERNEL_DISPATCH",1,1,234821,344,151,"void rocsolver::v32802::getf2_npvt_small_kernel<16, double, int, int, double*>(int, double*, long, int, long, int*, int, int)",24336,6448475859035419,6448475859043031,0,136,48,1,1,48,1,1
"KERNEL_DISPATCH",1,1,234821,345,203,"void rocsolver::v32802::unit_forward_substitution_kernel<double, int, double*>(int, int, double*, int, int, long, long, double*, int, int, long, long)",24341,6448475859048079,6448475859056091,0,512,16,64,1,16,64,1
"KERNEL_DISPATCH",1,1,234821,346,788,"Cijk_Ailk_Bljk_DB_MT32x64x32_MI16x16x4x1_SN_1LDSB1_APM1_ABV0_ACED0_AF0EM2_AF1EM2_AMAS3_ASE_ASGT_ASLT_ASM_ASAE01_ASCE01_ASEM2_AAC0_BL1_BS1_CLR0_DTLA0_DTLB0_DTVA0_DTVB0_DVO0_ETSP_EPS1_ELFLR0_EMLL0_FSSC10_FL0_GLVWA2_GLVWB2_GRCGA1_GRCGB1_GRPM1_GRVW2_GSU1_GSUASB_GLS0_ISA942_IU1_K1_KLA_LBSPPA0_LBSPPB256_LPA0_LPB4_LDL1_LRVW2_LWPMn1_LDW0_FMA_MIAV1_MDA2_MO40_MMFSC_MKFGSU256_NTA0_NTB0_NTC3_NTD3_NEPBS0_NLCA1_NLCB1_ONLL1_OPLV0_PK0_PAP0_PGR2_PLR9_PKA0_SIA3_SLW1_SS1_SU0_SUM0_SUS0_SCIUI1_SPO1_SRVW0_SSO6_SVW2_SNLL0_TSGRA0_TSGRB0_TT2_16_TLDS1_UMLDSA0_UMLDSB1_U64SL1_USFGROn1_VAW1_VSn1_VW2_VWB1_VFLRP0_WSGRA0_WSGRB0_WS64_WG16_16_1_WGM6",24344,6448475859073357,6448475859079286,0,26624,256,1,1,256,1,1
"KERNEL_DISPATCH",1,1,234821,347,151,"void rocsolver::v32802::getf2_npvt_small_kernel<16, double, int, int, double*>(int, double*, long, int, long, int*, int, int)",24347,6448475859083893,6448475859091425,0,136,32,1,1,32,1,1
"KERNEL_DISPATCH",1,1,234821,348,203,"void rocsolver::v32802::unit_forward_substitution_kernel<double, int, double*>(int, int, double*, int, int, long, long, double*, int, int, long, long)",24352,6448475859093348,6448475859100399,0,512,16,64,1,16,64,1
"KERNEL_DISPATCH",1,1,234821,349,788,"Cijk_Ailk_Bljk_DB_MT32x64x32_MI16x16x4x1_SN_1LDSB1_APM1_ABV0_ACED0_AF0EM2_AF1EM2_AMAS3_ASE_ASGT_ASLT_ASM_ASAE01_ASCE01_ASEM2_AAC0_BL1_BS1_CLR0_DTLA0_DTLB0_DTVA0_DTVB0_DVO0_ETSP_EPS1_ELFLR0_EMLL0_FSSC10_FL0_GLVWA2_GLVWB2_GRCGA1_GRCGB1_GRPM1_GRVW2_GSU1_GSUASB_GLS0_ISA942_IU1_K1_KLA_LBSPPA0_LBSPPB256_LPA0_LPB4_LDL1_LRVW2_LWPMn1_LDW0_FMA_MIAV1_MDA2_MO40_MMFSC_MKFGSU256_NTA0_NTB0_NTC3_NTD3_NEPBS0_NLCA1_NLCB1_ONLL1_OPLV0_PK0_PAP0_PGR2_PLR9_PKA0_SIA3_SLW1_SS1_SU0_SUM0_SUS0_SCIUI1_SPO1_SRVW0_SSO6_SVW2_SNLL0_TSGRA0_TSGRB0_TT2_16_TLDS1_UMLDSA0_UMLDSB1_U64SL1_USFGROn1_VAW1_VSn1_VW2_VWB1_VFLRP0_WSGRA0_WSGRB0_WS64_WG16_16_1_WGM6",24355,6448475859112177,6448475859116463,0,26624,256,1,1,256,1,1
"KERNEL_DISPATCH",1,1,234821,350,151,"void rocsolver::v32802::getf2_npvt_small_kernel<16, double, int, int, double*>(int, double*, long, int, long, int*, int, int)",24358,6448475859121912,6448475859129563,0,136,16,1,1,16,1,1
"KERNEL_DISPATCH",1,1,234821,351,1437,"void rocblas_trtri_trsm_kernel<128, 16, 8, double, double const*, double*>(rocblas_fill_, rocblas_diagonal_, double const*, long, int, long, double*, long, long, int)",24362,6448475859136935,6448475859165338,0,8192,256,1,1,4096,1,1
"KERNEL_DISPATCH",1,1,234821,352,1433,"void rocblas_trtri_fill<128, double, double*>(_rocblas_handle*, rocblas_fill_, int, long, int, long, double*, long, long, int, int)",24367,6448475859165338,6448475859167782,0,0,128,1,1,32512,1,1
"KERNEL_DISPATCH",1,1,234821,353,787,"Cijk_Ailk_Bljk_DB_MT64x32x16_MI16x16x4x1_SN_1LDSB1_APM1_ABV0_ACED0_AF0EM2_AF1EM2_AMAS0_ASE_ASGT_ASLT_ASM_ASAE01_ASCE01_ASEM2_AAC0_BL1_BS1_CLR0_DTLA0_DTLB0_DTVA1_DTVB0_DVO0_ETSP_EPS1_ELFLR0_EMLL0_FSSC10_FL0_GLVWA1_GLVWB1_GRCGA1_GRCGB1_GRPM1_GRVW1_GSU1_GSUASB_GLS0_ISA942_IU1_K1_KLA_LBSPPA0_LBSPPB128_LPA0_LPB4_LDL1_LRVW2_LWPMn1_LDW0_FMA_MIAV1_MDA2_MO40_MMFSC_MKFGSU256_NTA0_NTB0_NTC3_NTD3_NEPBS0_NLCA1_NLCB1_ONLL1_OPLV0_PK0_PAP0_PGR2_PLR5_PKA0_SIA3_SLW1_SS1_SU0_SUM0_SUS0_SCIUI1_SPO1_SRVW0_SSO6_SVW1_SNLL0_TSGRA0_TSGRB0_TT1_32_TLDS1_UMLDSA0_UMLDSB1_U64SL1_USFGROn1_VAW1_VSn1_VW1_VWB1_VFLRP0_WSGRA0_WSGRB0_WS64_WG64_4_1_WGM12",24371,6448475859169785,6448475859175594,0,5120,256,1,1,256,1,4
"KERNEL_DISPATCH",1,1,234821,354,787,"Cijk_Ailk_Bljk_DB_MT64x32x16_MI16x16x4x1_SN_1LDSB1_APM1_ABV0_ACED0_AF0EM2_AF1EM2_AMAS0_ASE_ASGT_ASLT_ASM_ASAE01_ASCE01_ASEM2_AAC0_BL1_BS1_CLR0_DTLA0_DTLB0_DTVA1_DTVB0_DVO0_ETSP_EPS1_ELFLR0_EMLL0_FSSC10_FL0_GLVWA1_GLVWB1_GRCGA1_GRCGB1_GRPM1_GRVW1_GSU1_GSUASB_GLS0_ISA942_IU1_K1_KLA_LBSPPA0_LBSPPB128_LPA0_LPB4_LDL1_LRVW2_LWPMn1_LDW0_FMA_MIAV1_MDA2_MO40_MMFSC_MKFGSU256_NTA0_NTB0_NTC3_NTD3_NEPBS0_NLCA1_NLCB1_ONLL1_OPLV0_PK0_PAP0_PGR2_PLR5_PKA0_SIA3_SLW1_SS1_SU0_SUM0_SUS0_SCIUI1_SPO1_SRVW0_SSO6_SVW1_SNLL0_TSGRA0_TSGRB0_TT1_32_TLDS1_UMLDSA0_UMLDSB1_U64SL1_USFGROn1_VAW1_VSn1_VW1_VWB1_VFLRP0_WSGRA0_WSGRB0_WS64_WG64_4_1_WGM12",24374,6448475859183446,6448475859189175,0,5120,256,1,1,256,1,4
"KERNEL_DISPATCH",1,1,234821,355,787,"Cijk_Ailk_Bljk_DB_MT64x32x16_MI16x16x4x1_SN_1LDSB1_APM1_ABV0_ACED0_AF0EM2_AF1EM2_AMAS0_ASE_ASGT_ASLT_ASM_ASAE01_ASCE01_ASEM2_AAC0_BL1_BS1_CLR0_DTLA0_DTLB0_DTVA1_DTVB0_DVO0_ETSP_EPS1_ELFLR0_EMLL0_FSSC10_FL0_GLVWA1_GLVWB1_GRCGA1_GRCGB1_GRPM1_GRVW1_GSU1_GSUASB_GLS0_ISA942_IU1_K1_KLA_LBSPPA0_LBSPPB128_LPA0_LPB4_LDL1_LRVW2_LWPMn1_LDW0_FMA_MIAV1_MDA2_MO40_MMFSC_MKFGSU256_NTA0_NTB0_NTC3_NTD3_NEPBS0_NLCA1_NLCB1_ONLL1_OPLV0_PK0_PAP0_PGR2_PLR5_PKA0_SIA3_SLW1_SS1_SU0_SUM0_SUS0_SCIUI1_SPO1_SRVW0_SSO6_SVW1_SNLL0_TSGRA0_TSGRB0_TT1_32_TLDS1_UMLDSA0_UMLDSB1_U64SL1_USFGROn1_VAW1_VSn1_VW1_VWB1_VFLRP0_WSGRA0_WSGRB0_WS64_WG64_4_1_WGM12",24377,6448475859205600,6448475859209927,0,5120,256,1,1,256,1,4
"KERNEL_DISPATCH",1,1,234821,356,787,"Cijk_Ailk_Bljk_DB_MT64x32x16_MI16x16x4x1_SN_1LDSB1_APM1_ABV0_ACED0_AF0EM2_AF1EM2_AMAS0_ASE_ASGT_ASLT_ASM_ASAE01_ASCE01_ASEM2_AAC0_BL1_BS1_CLR0_DTLA0_DTLB0_DTVA1_DTVB0_DVO0_ETSP_EPS1_ELFLR0_EMLL0_FSSC10_FL0_GLVWA1_GLVWB1_GRCGA1_GRCGB1_GRPM1_GRVW1_GSU1_GSUASB_GLS0_ISA942_IU1_K1_KLA_LBSPPA0_LBSPPB128_LPA0_LPB4_LDL1_LRVW2_LWPMn1_LDW0_FMA_MIAV1_MDA2_MO40_MMFSC_MKFGSU256_NTA0_NTB0_NTC3_NTD3_NEPBS0_NLCA1_NLCB1_ONLL1_OPLV0_PK0_PAP0_PGR2_PLR5_PKA0_SIA3_SLW1_SS1_SU0_SUM0_SUS0_SCIUI1_SPO1_SRVW0_SSO6_SVW1_SNLL0_TSGRA0_TSGRB0_TT1_32_TLDS1_UMLDSA0_UMLDSB1_U64SL1_USFGROn1_VAW1_VSn1_VW1_VWB1_VFLRP0_WSGRA0_WSGRB0_WS64_WG64_4_1_WGM12",24380,6448475859226712,6448475859230719,0,5120,256,1,1,256,1,4
"KERNEL_DISPATCH",1,1,234821,357,632,"Cijk_Ailk_Bljk_DB_MT64x64x32_MI16x16x4x1_SN_1LDSB1_APM1_ABV0_ACED0_AF0EM2_AF1EM2_AMAS0_ASE_ASGT_ASLT_ASM_ASAE01_ASCE01_ASEM2_AAC0_BL1_BS1_CLR0_DTLA0_DTLB0_DTVA0_DTVB0_DVO0_ETSP_EPS1_ELFLR0_EMLL0_FSSC10_FL0_GLVWA1_GLVWB1_GRCGA1_GRCGB1_GRPM1_GRVW1_GSU1_GSUASB_GLS0_ISA942_IU1_K1_KLA_LBSPPA0_LBSPPB0_LPA0_LPB1_LDL1_LRVW1_LWPMn1_LDW0_FMA_MIAV1_MDA2_MO40_MMFSC_MKFGSU256_NTA0_NTB0_NTC3_NTD3_NEPBS0_NLCA1_NLCB1_ONLL1_OPLV0_PK0_PAP0_PGR2_PLR9_PKA0_SIA3_SLW1_SS1_SU0_SUM0_SUS0_SCIUI1_SPO1_SRVW0_SSO6_SVW1_SNLL0_TSGRA0_TSGRB0_TT2_32_TLDS0_UMLDSA0_UMLDSB0_U64SL1_USFGROn1_VAW1_VSn1_VW1_VWB1_VFLRP0_WSGRA0_WSGRB0_WS64_WG32_8_1_WGM6",24383,6448475859244379,6448475859253594,0,33024,256,1,1,256,1,4
"KERNEL_DISPATCH",1,1,234821,358,632,"Cijk_Ailk_Bljk_DB_MT64x64x32_MI16x16x4x1_SN_1LDSB1_APM1_ABV0_ACED0_AF0EM2_AF1EM2_AMAS0_ASE_ASGT_ASLT_ASM_ASAE01_ASCE01_ASEM2_AAC0_BL1_BS1_CLR0_DTLA0_DTLB0_DTVA0_DTVB0_DVO0_ETSP_EPS1_ELFLR0_EMLL0_FSSC10_FL0_GLVWA1_GLVWB1_GRCGA1_GRCGB1_GRPM1_GRVW1_GSU1_GSUASB_GLS0_ISA942_IU1_K1_KLA_LBSPPA0_LBSPPB0_LPA0_LPB1_LDL1_LRVW1_LWPMn1_LDW0_FMA_MIAV1_MDA2_MO40_MMFSC_MKFGSU256_NTA0_NTB0_NTC3_NTD3_NEPBS0_NLCA1_NLCB1_ONLL1_OPLV0_PK0_PAP0_PGR2_PLR9_PKA0_SIA3_SLW1_SS1_SU0_SUM0_SUS0_SCIUI1_SPO1_SRVW0_SSO6_SVW1_SNLL0_TSGRA0_TSGRB0_TT2_32_TLDS0_UMLDSA0_UMLDSB0_U64SL1_USFGROn1_VAW1_VSn1_VW1_VWB1_VFLRP0_WSGRA0_WSGRB0_WS64_WG32_8_1_WGM6",24386,6448475859261446,6448475859268537,0,33024,256,1,1,256,1,4
"KERNEL_DISPATCH",1,1,234821,359,1435,"void rocblas_copy_matrix_trsm<128, 8, double, double*, double*>(int, int, int, double*, int, long, double*, int, long, long, long, int)",24390,6448475859274826,6448475859278752,0,0,128,8,1,2560,128,1
"KERNEL_DISPATCH",1,1,234821,360,904,"Cijk_Ailk_Bljk_DB_MT128x32x16_MI16x16x4x1_SN_1LDSB1_APM1_ABV0_ACED0_AF0EM1_AF1EM1_AMAS3_ASE_ASGT_ASLT_ASM_ASAE01_ASCE01_ASEM1_AAC0_BL1_BS1_CLR0_DTLA0_DTLB0_DTVA1_DTVB0_DVO0_ETB_EPS1_ELFLR0_EMLL0_FSSC10_FL0_GLVWA2_GLVWB1_GRCGA1_GRCGB1_GRPM1_GRVWn1_GSU1_GSUASB_GLS0_ISA942_IU1_K1_KLA_LBSPPA0_LBSPPB128_LPA0_LPB1_LDL1_LRVW1_LWPMn1_LDW0_FMA_MIAV1_MDA2_MO40_MMFSC_MKFGSU256_NTA0_NTB0_NTC3_NTD3_NEPBS4_NLCA1_NLCB1_ONLL1_OPLV0_PK0_PAP0_PGR2_PLR1_PKA0_SIA3_SLW1_SS1_SU0_SUM0_SUS0_SCIUI1_SPO0_SRVW0_SSO0_SVW2_SNLL0_TSGRA0_TSGRB0_TT2_32_TLDS1_UMLDSA0_UMLDSB1_U64SL1_USFGROn1_VAW1_VSn1_VW2_VWB1_VFLRP0_WSGRA0_WSGRB0_WS64_WG64_4_1_WGMn12",24394,6448475859296059,6448475859302749,0,4352,256,1,1,5120,4,1
"KERNEL_DISPATCH",1,1,234821,361,904,"Cijk_Ailk_Bljk_DB_MT128x32x16_MI16x16x4x1_SN_1LDSB1_APM1_ABV0_ACED0_AF0EM1_AF1EM1_AMAS3_ASE_ASGT_ASLT_ASM_ASAE01_ASCE01_ASEM1_AAC0_BL1_BS1_CLR0_DTLA0_DTLB0_DTVA1_DTVB0_DVO0_ETB_EPS1_ELFLR0_EMLL0_FSSC10_FL0_GLVWA2_GLVWB1_GRCGA1_GRCGB1_GRPM1_GRVWn1_GSU1_GSUASB_GLS0_ISA942_IU1_K1_KLA_LBSPPA0_LBSPPB128_LPA0_LPB1_LDL1_LRVW1_LWPMn1_LDW0_FMA_MIAV1_MDA2_MO40_MMFSC_MKFGSU256_NTA0_NTB0_NTC3_NTD3_NEPBS4_NLCA1_NLCB1_ONLL1_OPLV0_PK0_PAP0_PGR2_PLR1_PKA0_SIA3_SLW1_SS1_SU0_SUM0_SUS0_SCIUI1_SPO0_SRVW0_SSO0_SVW2_SNLL0_TSGRA0_TSGRB0_TT2_32_TLDS1_UMLDSA0_UMLDSB1_U64SL1_USFGROn1_VAW1_VSn1_VW2_VWB1_VFLRP0_WSGRA0_WSGRB0_WS64_WG64_4_1_WGMn12",24397,6448475859312203,6448475859319615,0,4352,256,1,1,5120,4,1
"KERNEL_DISPATCH",1,1,234821,362,904,"Cijk_Ailk_Bljk_DB_MT128x32x16_MI16x16x4x1_SN_1LDSB1_APM1_ABV0_ACED0_AF0EM1_AF1EM1_AMAS3_ASE_ASGT_ASLT_ASM_ASAE01_ASCE01_ASEM1_AAC0_BL1_BS1_CLR0_DTLA0_DTLB0_DTVA1_DTVB0_DVO0_ETB_EPS1_ELFLR0_EMLL0_FSSC10_FL0_GLVWA2_GLVWB1_GRCGA1_GRCGB1_GRPM1_GRVWn1_GSU1_GSUASB_GLS0_ISA942_IU1_K1_KLA_LBSPPA0_LBSPPB128_LPA0_LPB1_LDL1_LRVW1_LWPMn1_LDW0_FMA_MIAV1_MDA2_MO40_MMFSC_MKFGSU256_NTA0_NTB0_NTC3_NTD3_NEPBS4_NLCA1_NLCB1_ONLL1_OPLV0_PK0_PAP0_PGR2_PLR1_PKA0_SIA3_SLW1_SS1_SU0_SUM0_SUS0_SCIUI1_SPO0_SRVW0_SSO0_SVW2_SNLL0_TSGRA0_TSGRB0_TT2_32_TLDS1_UMLDSA0_UMLDSB1_U64SL1_USFGROn1_VAW1_VSn1_VW2_VWB1_VFLRP0_WSGRA0_WSGRB0_WS64_WG64_4_1_WGMn12",24400,6448475859325664,6448475859332354,0,4352,256,1,1,5120,4,1
"KERNEL_DISPATCH",1,1,234821,363,904,"Cijk_Ailk_Bljk_DB_MT128x32x16_MI16x16x4x1_SN_1LDSB1_APM1_ABV0_ACED0_AF0EM1_AF1EM1_AMAS3_ASE_ASGT_ASLT_ASM_ASAE01_ASCE01_ASEM1_AAC0_BL1_BS1_CLR0_DTLA0_DTLB0_DTVA1_DTVB0_DVO0_ETB_EPS1_ELFLR0_EMLL0_FSSC10_FL0_GLVWA2_GLVWB1_GRCGA1_GRCGB1_GRPM1_GRVWn1_GSU1_GSUASB_GLS0_ISA942_IU1_K1_KLA_LBSPPA0_LBSPPB128_LPA0_LPB1_LDL1_LRVW1_LWPMn1_LDW0_FMA_MIAV1_MDA2_MO40_MMFSC_MKFGSU256_NTA0_NTB0_NTC3_NTD3_NEPBS4_NLCA1_NLCB1_ONLL1_OPLV0_PK0_PAP0_PGR2_PLR1_PKA0_SIA3_SLW1_SS1_SU0_SUM0_SUS0_SCIUI1_SPO0_SRVW0_SSO0_SVW2_SNLL0_TSGRA0_TSGRB0_TT2_32_TLDS1_UMLDSA0_UMLDSB1_U64SL1_USFGROn1_VAW1_VSn1_VW2_VWB1_VFLRP0_WSGRA0_WSGRB0_WS64_WG64_4_1_WGMn12",24403,6448475859353026,6448475859362841,0,4352,256,1,1,5120,4,1
"KERNEL_DISPATCH",1,1,234821,364,904,"Cijk_Ailk_Bljk_DB_MT128x32x16_MI16x16x4x1_SN_1LDSB1_APM1_ABV0_ACED0_AF0EM1_AF1EM1_AMAS3_ASE_ASGT_ASLT_ASM_ASAE01_ASCE01_ASEM1_AAC0_BL1_BS1_CLR0_DTLA0_DTLB0_DTVA1_DTVB0_DVO0_ETB_EPS1_ELFLR0_EMLL0_FSSC10_FL0_GLVWA2_GLVWB1_GRCGA1_GRCGB1_GRPM1_GRVWn1_GSU1_GSUASB_GLS0_ISA942_IU1_K1_KLA_LBSPPA0_LBSPPB128_LPA0_LPB1_LDL1_LRVW1_LWPMn1_LDW0_FMA_MIAV1_MDA2_MO40_MMFSC_MKFGSU256_NTA0_NTB0_NTC3_NTD3_NEPBS4_NLCA1_NLCB1_ONLL1_OPLV0_PK0_PAP0_PGR2_PLR1_PKA0_SIA3_SLW1_SS1_SU0_SUM0_SUS0_SCIUI1_SPO0_SRVW0_SSO0_SVW2_SNLL0_TSGRA0_TSGRB0_TT2_32_TLDS1_UMLDSA0_UMLDSB1_U64SL1_USFGROn1_VAW1_VSn1_VW2_VWB1_VFLRP0_WSGRA0_WSGRB0_WS64_WG64_4_1_WGMn12",24406,6448475859365085,6448475859371294,0,4352,256,1,1,5120,4,1
"KERNEL_DISPATCH",1,1,234821,365,904,"Cijk_Ailk_Bljk_DB_MT128x32x16_MI16x16x4x1_SN_1LDSB1_APM1_ABV0_ACED0_AF0EM1_AF1EM1_AMAS3_ASE_ASGT_ASLT_ASM_ASAE01_ASCE01_ASEM1_AAC0_BL1_BS1_CLR0_DTLA0_DTLB0_DTVA1_DTVB0_DVO0_ETB_EPS1_ELFLR0_EMLL0_FSSC10_FL0_GLVWA2_GLVWB1_GRCGA1_GRCGB1_GRPM1_GRVWn1_GSU1_GSUASB_GLS0_ISA942_IU1_K1_KLA_LBSPPA0_LBSPPB128_LPA0_LPB1_LDL1_LRVW1_LWPMn1_LDW0_FMA_MIAV1_MDA2_MO40_MMFSC_MKFGSU256_NTA0_NTB0_NTC3_NTD3_NEPBS4_NLCA1_NLCB1_ONLL1_OPLV0_PK0_PAP0_PGR2_PLR1_PKA0_SIA3_SLW1_SS1_SU0_SUM0_SUS0_SCIUI1_SPO0_SRVW0_SSO0_SVW2_SNLL0_TSGRA0_TSGRB0_TT2_32_TLDS1_UMLDSA0_UMLDSB1_U64SL1_USFGROn1_VAW1_VSn1_VW2_VWB1_VFLRP0_WSGRA0_WSGRB0_WS64_WG64_4_1_WGMn12",24409,6448475859376352,6448475859388771,0,4352,256,1,1,5120,4,1
"KERNEL_DISPATCH",1,1,234821,366,904,"Cijk_Ailk_Bljk_DB_MT128x32x16_MI16x16x4x1_SN_1LDSB1_APM1_ABV0_ACED0_AF0EM1_AF1EM1_AMAS3_ASE_ASGT_ASLT_ASM_ASAE01_ASCE01_ASEM1_AAC0_BL1_BS1_CLR0_DTLA0_DTLB0_DTVA1_DTVB0_DVO0_ETB_EPS1_ELFLR0_EMLL0_FSSC10_FL0_GLVWA2_GLVWB1_GRCGA1_GRCGB1_GRPM1_GRVWn1_GSU1_GSUASB_GLS0_ISA942_IU1_K1_KLA_LBSPPA0_LBSPPB128_LPA0_LPB1_LDL1_LRVW1_LWPMn1_LDW0_FMA_MIAV1_MDA2_MO40_MMFSC_MKFGSU256_NTA0_NTB0_NTC3_NTD3_NEPBS4_NLCA1_NLCB1_ONLL1_OPLV0_PK0_PAP0_PGR2_PLR1_PKA0_SIA3_SLW1_SS1_SU0_SUM0_SUS0_SCIUI1_SPO0_SRVW0_SSO0_SVW2_SNLL0_TSGRA0_TSGRB0_TT2_32_TLDS1_UMLDSA0_UMLDSB1_U64SL1_USFGROn1_VAW1_VSn1_VW2_VWB1_VFLRP0_WSGRA0_WSGRB0_WS64_WG64_4_1_WGMn12",24412,6448475859398295,6448475859404665,0,4352,256,1,1,5120,4,1
"KERNEL_DISPATCH",1,1,234821,367,1437,"void rocblas_trtri_trsm_kernel<128, 16, 8, double, double const*, double*>(rocblas_fill_, rocblas_diagonal_, double const*, long, int, long, double*, long, long, int)",24416,6448475859410223,6448475859438467,0,8192,256,1,1,4096,1,1
"KERNEL_DISPATCH",1,1,234821,369,787,"Cijk_Ailk_Bljk_DB_MT64x32x16_MI16x16x4x1_SN_1LDSB1_APM1_ABV0_ACED0_AF0EM2_AF1EM2_AMAS0_ASE_ASGT_ASLT_ASM_ASAE01_ASCE01_ASEM2_AAC0_BL1_BS1_CLR0_DTLA0_DTLB0_DTVA1_DTVB0_DVO0_ETSP_EPS1_ELFLR0_EMLL0_FSSC10_FL0_GLVWA1_GLVWB1_GRCGA1_GRCGB1_GRPM1_GRVW1_GSU1_GSUASB_GLS0_ISA942_IU1_K1_KLA_LBSPPA0_LBSPPB128_LPA0_LPB4_LDL1_LRVW2_LWPMn1_LDW0_FMA_MIAV1_MDA2_MO40_MMFSC_MKFGSU256_NTA0_NTB0_NTC3_NTD3_NEPBS0_NLCA1_NLCB1_ONLL1_OPLV0_PK0_PAP0_PGR2_PLR5_PKA0_SIA3_SLW1_SS1_SU0_SUM0_SUS0_SCIUI1_SPO1_SRVW0_SSO6_SVW1_SNLL0_TSGRA0_TSGRB0_TT1_32_TLDS1_UMLDSA0_UMLDSB1_U64SL1_USFGROn1_VAW1_VSn1_VW1_VWB1_VFLRP0_WSGRA0_WSGRB0_WS64_WG64_4_1_WGM12",24425,6448475859442163,6448475859446930,0,5120,256,1,1,256,1,4
"KERNEL_DISPATCH",1,1,234821,368,1433,"void rocblas_trtri_fill<128, double, double*>(_rocblas_handle*, rocblas_fill_, int, long, int, long, double*, long, long, int, int)",24421,6448475859438878,6448475859442163,0,0,128,1,1,32512,1,1
"KERNEL_DISPATCH",1,1,234821,370,787,"Cijk_Ailk_Bljk_DB_MT64x32x16_MI16x16x4x1_SN_1LDSB1_APM1_ABV0_ACED0_AF0EM2_AF1EM2_AMAS0_ASE_ASGT_ASLT_ASM_ASAE01_ASCE01_ASEM2_AAC0_BL1_BS1_CLR0_DTLA0_DTLB0_DTVA1_DTVB0_DVO0_ETSP_EPS1_ELFLR0_EMLL0_FSSC10_FL0_GLVWA1_GLVWB1_GRCGA1_GRCGB1_GRPM1_GRVW1_GSU1_GSUASB_GLS0_ISA942_IU1_K1_KLA_LBSPPA0_LBSPPB128_LPA0_LPB4_LDL1_LRVW2_LWPMn1_LDW0_FMA_MIAV1_MDA2_MO40_MMFSC_MKFGSU256_NTA0_NTB0_NTC3_NTD3_NEPBS0_NLCA1_NLCB1_ONLL1_OPLV0_PK0_PAP0_PGR2_PLR5_PKA0_SIA3_SLW1_SS1_SU0_SUM0_SUS0_SCIUI1_SPO1_SRVW0_SSO6_SVW1_SNLL0_TSGRA0_TSGRB0_TT1_32_TLDS1_UMLDSA0_UMLDSB1_U64SL1_USFGROn1_VAW1_VSn1_VW1_VWB1_VFLRP0_WSGRA0_WSGRB0_WS64_WG64_4_1_WGM12",24428,6448475859451697,6448475859456344,0,5120,256,1,1,256,1,4
"KERNEL_DISPATCH",1,1,234821,371,787,"Cijk_Ailk_Bljk_DB_MT64x32x16_MI16x16x4x1_SN_1LDSB1_APM1_ABV0_ACED0_AF0EM2_AF1EM2_AMAS0_ASE_ASGT_ASLT_ASM_ASAE01_ASCE01_ASEM2_AAC0_BL1_BS1_CLR0_DTLA0_DTLB0_DTVA1_DTVB0_DVO0_ETSP_EPS1_ELFLR0_EMLL0_FSSC10_FL0_GLVWA1_GLVWB1_GRCGA1_GRCGB1_GRPM1_GRVW1_GSU1_GSUASB_GLS0_ISA942_IU1_K1_KLA_LBSPPA0_LBSPPB128_LPA0_LPB4_LDL1_LRVW2_LWPMn1_LDW0_FMA_MIAV1_MDA2_MO40_MMFSC_MKFGSU256_NTA0_NTB0_NTC3_NTD3_NEPBS0_NLCA1_NLCB1_ONLL1_OPLV0_PK0_PAP0_PGR2_PLR5_PKA0_SIA3_SLW1_SS1_SU0_SUM0_SUS0_SCIUI1_SPO1_SRVW0_SSO6_SVW1_SNLL0_TSGRA0_TSGRB0_TT1_32_TLDS1_UMLDSA0_UMLDSB1_U64SL1_USFGROn1_VAW1_VSn1_VW1_VWB1_VFLRP0_WSGRA0_WSGRB0_WS64_WG64_4_1_WGM12",24431,6448475859475915,6448475859480602,0,5120,256,1,1,256,1,4
"KERNEL_DISPATCH",1,1,234821,372,787,"Cijk_Ailk_Bljk_DB_MT64x32x16_MI16x16x4x1_SN_1LDSB1_APM1_ABV0_ACED0_AF0EM2_AF1EM2_AMAS0_ASE_ASGT_ASLT_ASM_ASAE01_ASCE01_ASEM2_AAC0_BL1_BS1_CLR0_DTLA0_DTLB0_DTVA1_DTVB0_DVO0_ETSP_EPS1_ELFLR0_EMLL0_FSSC10_FL0_GLVWA1_GLVWB1_GRCGA1_GRCGB1_GRPM1_GRVW1_GSU1_GSUASB_GLS0_ISA942_IU1_K1_KLA_LBSPPA0_LBSPPB128_LPA0_LPB4_LDL1_LRVW2_LWPMn1_LDW0_FMA_MIAV1_MDA2_MO40_MMFSC_MKFGSU256_NTA0_NTB0_NTC3_NTD3_NEPBS0_NLCA1_NLCB1_ONLL1_OPLV0_PK0_PAP0_PGR2_PLR5_PKA0_SIA3_SLW1_SS1_SU0_SUM0_SUS0_SCIUI1_SPO1_SRVW0_SSO6_SVW1_SNLL0_TSGRA0_TSGRB0_TT1_32_TLDS1_UMLDSA0_UMLDSB1_U64SL1_USFGROn1_VAW1_VSn1_VW1_VWB1_VFLRP0_WSGRA0_WSGRB0_WS64_WG64_4_1_WGM12",24434,6448475859494243,6448475859498770,0,5120,256,1,1,256,1,4
"KERNEL_DISPATCH",1,1,234821,373,632,"Cijk_Ailk_Bljk_DB_MT64x64x32_MI16x16x4x1_SN_1LDSB1_APM1_ABV0_ACED0_AF0EM2_AF1EM2_AMAS0_ASE_ASGT_ASLT_ASM_ASAE01_ASCE01_ASEM2_AAC0_BL1_BS1_CLR0_DTLA0_DTLB0_DTVA0_DTVB0_DVO0_ETSP_EPS1_ELFLR0_EMLL0_FSSC10_FL0_GLVWA1_GLVWB1_GRCGA1_GRCGB1_GRPM1_GRVW1_GSU1_GSUASB_GLS0_ISA942_IU1_K1_KLA_LBSPPA0_LBSPPB0_LPA0_LPB1_LDL1_LRVW1_LWPMn1_LDW0_FMA_MIAV1_MDA2_MO40_MMFSC_MKFGSU256_NTA0_NTB0_NTC3_NTD3_NEPBS0_NLCA1_NLCB1_ONLL1_OPLV0_PK0_PAP0_PGR2_PLR9_PKA0_SIA3_SLW1_SS1_SU0_SUM0_SUS0_SCIUI1_SPO1_SRVW0_SSO6_SVW1_SNLL0_TSGRA0_TSGRB0_TT2_32_TLDS0_UMLDSA0_UMLDSB0_U64SL1_USFGROn1_VAW1_VSn1_VW1_VWB1_VFLRP0_WSGRA0_WSGRB0_WS64_WG32_8_1_WGM6",24437,6448475859508344,6448475859517318,0,33024,256,1,1,256,1,4
"KERNEL_DISPATCH",1,1,234821,374,632,"Cijk_Ailk_Bljk_DB_MT64x64x32_MI16x16x4x1_SN_1LDSB1_APM1_ABV0_ACED0_AF0EM2_AF1EM2_AMAS0_ASE_ASGT_ASLT_ASM_ASAE01_ASCE01_ASEM2_AAC0_BL1_BS1_CLR0_DTLA0_DTLB0_DTVA0_DTVB0_DVO0_ETSP_EPS1_ELFLR0_EMLL0_FSSC10_FL0_GLVWA1_GLVWB1_GRCGA1_GRCGB1_GRPM1_GRVW1_GSU1_GSUASB_GLS0_ISA942_IU1_K1_KLA_LBSPPA0_LBSPPB0_LPA0_LPB1_LDL1_LRVW1_LWPMn1_LDW0_FMA_MIAV1_MDA2_MO40_MMFSC_MKFGSU256_NTA0_NTB0_NTC3_NTD3_NEPBS0_NLCA1_NLCB1_ONLL1_OPLV0_PK0_PAP0_PGR2_PLR9_PKA0_SIA3_SLW1_SS1_SU0_SUM0_SUS0_SCIUI1_SPO1_SRVW0_SSO6_SVW1_SNLL0_TSGRA0_TSGRB0_TT2_32_TLDS0_UMLDSA0_UMLDSB0_U64SL1_USFGROn1_VAW1_VSn1_VW1_VWB1_VFLRP0_WSGRA0_WSGRB0_WS64_WG32_8_1_WGM6",24440,6448475859523687,6448475859531179,0,33024,256,1,1,256,1,4
"KERNEL_DISPATCH",1,1,234821,375,1435,"void rocblas_copy_matrix_trsm<128, 8, double, double*, double*>(int, int, int, double*, int, long, double*, int, long, long, long, int)",24444,6448475859536427,6448475859549888,0,0,128,8,1,128,2560,1
"KERNEL_DISPATCH",1,1,234821,376,1201,"Cijk_Ailk_Bljk_DB_MT80x64x32_MI16x16x4x1_SN_1LDSB1_APM1_ABV0_ACED0_AF0EM1_AF1EM1_AMAS0_ASE_ASGT_ASLT_ASM_ASAE01_ASCE01_ASEM1_AAC0_BL1_BS1_CLR0_DTLA0_DTLB0_DTVA0_DTVB0_DVO0_ETB_EPS1_ELFLR0_EMLL0_FSSC10_FL0_GLVWA2_GLVWB2_GRCGA1_GRCGB1_GRPM1_GRVWn1_GSU1_GSUASB_GLS0_ISA942_IU1_K1_KLA_LBSPPA0_LBSPPB256_LPA0_LPB2_LDL1_LRVW1_LWPMn1_LDW0_FMA_MIAV1_MDA2_MO40_MMFSC_MKFGSU256_NTA0_NTB0_NTC3_NTD3_NEPBS4_NLCA5_NLCB1_ONLL1_OPLV0_PK0_PAP0_PGR2_PLR9_PKA0_SIA3_SLW1_SS1_SU0_SUM0_SUS0_SCIUI1_SPO0_SRVW0_SSO0_SVW1_SNLL0_TSGRA0_TSGRB0_TT5_16_TLDS1_UMLDSA0_UMLDSB1_U64SL1_USFGROn1_VAW1_VSn1_VW1_VWB1_VFLRP0_WSGRA0_WSGRB0_WS64_WG16_16_1_WGM12",24448,6448475859570349,6448475859585212,0,37888,256,1,1,512,40,1
"KERNEL_DISPATCH",1,1,234821,377,1201,"Cijk_Ailk_Bljk_DB_MT80x64x32_MI16x16x4x1_SN_1LDSB1_APM1_ABV0_ACED0_AF0EM1_AF1EM1_AMAS0_ASE_ASGT_ASLT_ASM_ASAE01_ASCE01_ASEM1_AAC0_BL1_BS1_CLR0_DTLA0_DTLB0_DTVA0_DTVB0_DVO0_ETB_EPS1_ELFLR0_EMLL0_FSSC10_FL0_GLVWA2_GLVWB2_GRCGA1_GRCGB1_GRPM1_GRVWn1_GSU1_GSUASB_GLS0_ISA942_IU1_K1_KLA_LBSPPA0_LBSPPB256_LPA0_LPB2_LDL1_LRVW1_LWPMn1_LDW0_FMA_MIAV1_MDA2_MO40_MMFSC_MKFGSU256_NTA0_NTB0_NTC3_NTD3_NEPBS4_NLCA5_NLCB1_ONLL1_OPLV0_PK0_PAP0_PGR2_PLR9_PKA0_SIA3_SLW1_SS1_SU0_SUM0_SUS0_SCIUI1_SPO0_SRVW0_SSO0_SVW1_SNLL0_TSGRA0_TSGRB0_TT5_16_TLDS1_UMLDSA0_UMLDSB1_U64SL1_USFGROn1_VAW1_VSn1_VW1_VWB1_VFLRP0_WSGRA0_WSGRB0_WS64_WG16_16_1_WGM12",24451,6448475859585703,6448475859596039,0,37888,256,1,1,512,40,1
"KERNEL_DISPATCH",1,1,234821,378,1201,"Cijk_Ailk_Bljk_DB_MT80x64x32_MI16x16x4x1_SN_1LDSB1_APM1_ABV0_ACED0_AF0EM1_AF1EM1_AMAS0_ASE_ASGT_ASLT_ASM_ASAE01_ASCE01_ASEM1_AAC0_BL1_BS1_CLR0_DTLA0_DTLB0_DTVA0_DTVB0_DVO0_ETB_EPS1_ELFLR0_EMLL0_FSSC10_FL0_GLVWA2_GLVWB2_GRCGA1_GRCGB1_GRPM1_GRVWn1_GSU1_GSUASB_GLS0_ISA942_IU1_K1_KLA_LBSPPA0_LBSPPB256_LPA0_LPB2_LDL1_LRVW1_LWPMn1_LDW0_FMA_MIAV1_MDA2_MO40_MMFSC_MKFGSU256_NTA0_NTB0_NTC3_NTD3_NEPBS4_NLCA5_NLCB1_ONLL1_OPLV0_PK0_PAP0_PGR2_PLR9_PKA0_SIA3_SLW1_SS1_SU0_SUM0_SUS0_SCIUI1_SPO0_SRVW0_SSO0_SVW1_SNLL0_TSGRA0_TSGRB0_TT5_16_TLDS1_UMLDSA0_UMLDSB1_U64SL1_USFGROn1_VAW1_VSn1_VW1_VWB1_VFLRP0_WSGRA0_WSGRB0_WS64_WG16_16_1_WGM12",24454,6448475859600085,6448475859607977,0,37888,256,1,1,512,40,1
"KERNEL_DISPATCH",1,1,234821,379,1201,"Cijk_Ailk_Bljk_DB_MT80x64x32_MI16x16x4x1_SN_1LDSB1_APM1_ABV0_ACED0_AF0EM1_AF1EM1_AMAS0_ASE_ASGT_ASLT_ASM_ASAE01_ASCE01_ASEM1_AAC0_BL1_BS1_CLR0_DTLA0_DTLB0_DTVA0_DTVB0_DVO0_ETB_EPS1_ELFLR0_EMLL0_FSSC10_FL0_GLVWA2_GLVWB2_GRCGA1_GRCGB1_GRPM1_GRVWn1_GSU1_GSUASB_GLS0_ISA942_IU1_K1_KLA_LBSPPA0_LBSPPB256_LPA0_LPB2_LDL1_LRVW1_LWPMn1_LDW0_FMA_MIAV1_MDA2_MO40_MMFSC_MKFGSU256_NTA0_NTB0_NTC3_NTD3_NEPBS4_NLCA5_NLCB1_ONLL1_OPLV0_PK0_PAP0_PGR2_PLR9_PKA0_SIA3_SLW1_SS1_SU0_SUM0_SUS0_SCIUI1_SPO0_SRVW0_SSO0_SVW1_SNLL0_TSGRA0_TSGRB0_TT5_16_TLDS1_UMLDSA0_UMLDSB1_U64SL1_USFGROn1_VAW1_VSn1_VW1_VWB1_VFLRP0_WSGRA0_WSGRB0_WS64_WG16_16_1_WGM12",24457,6448475859612063,6448475859624763,0,37888,256,1,1,512,40,1
"KERNEL_DISPATCH",1,1,234821,380,1201,"Cijk_Ailk_Bljk_DB_MT80x64x32_MI16x16x4x1_SN_1LDSB1_APM1_ABV0_ACED0_AF0EM1_AF1EM1_AMAS0_ASE_ASGT_ASLT_ASM_ASAE01_ASCE01_ASEM1_AAC0_BL1_BS1_CLR0_DTLA0_DTLB0_DTVA0_DTVB0_DVO0_ETB_EPS1_ELFLR0_EMLL0_FSSC10_FL0_GLVWA2_GLVWB2_GRCGA1_GRCGB1_GRPM1_GRVWn1_GSU1_GSUASB_GLS0_ISA942_IU1_K1_KLA_LBSPPA0_LBSPPB256_LPA0_LPB2_LDL1_LRVW1_LWPMn1_LDW0_FMA_MIAV1_MDA2_MO40_MMFSC_MKFGSU256_NTA0_NTB0_NTC3_NTD3_NEPBS4_NLCA5_NLCB1_ONLL1_OPLV0_PK0_PAP0_PGR2_PLR9_PKA0_SIA3_SLW1_SS1_SU0_SUM0_SUS0_SCIUI1_SPO0_SRVW0_SSO0_SVW1_SNLL0_TSGRA0_TSGRB0_TT5_16_TLDS1_UMLDSA0_UMLDSB1_U64SL1_USFGROn1_VAW1_VSn1_VW1_VWB1_VFLRP0_WSGRA0_WSGRB0_WS64_WG16_16_1_WGM12",24460,6448475859630652,6448475859638464,0,37888,256,1,1,512,40,1
"KERNEL_DISPATCH",1,1,234821,381,1201,"Cijk_Ailk_Bljk_DB_MT80x64x32_MI16x16x4x1_SN_1LDSB1_APM1_ABV0_ACED0_AF0EM1_AF1EM1_AMAS0_ASE_ASGT_ASLT_ASM_ASAE01_ASCE01_ASEM1_AAC0_BL1_BS1_CLR0_DTLA0_DTLB0_DTVA0_DTVB0_DVO0_ETB_EPS1_ELFLR0_EMLL0_FSSC10_FL0_GLVWA2_GLVWB2_GRCGA1_GRCGB1_GRPM1_GRVWn1_GSU1_GSUASB_GLS0_ISA942_IU1_K1_KLA_LBSPPA0_LBSPPB256_LPA0_LPB2_LDL1_LRVW1_LWPMn1_LDW0_FMA_MIAV1_MDA2_MO40_MMFSC_MKFGSU256_NTA0_NTB0_NTC3_NTD3_NEPBS4_NLCA5_NLCB1_ONLL1_OPLV0_PK0_PAP0_PGR2_PLR9_PKA0_SIA3_SLW1_SS1_SU0_SUM0_SUS0_SCIUI1_SPO0_SRVW0_SSO0_SVW1_SNLL0_TSGRA0_TSGRB0_TT5_16_TLDS1_UMLDSA0_UMLDSB1_U64SL1_USFGROn1_VAW1_VSn1_VW1_VWB1_VFLRP0_WSGRA0_WSGRB0_WS64_WG16_16_1_WGM12",24463,6448475859652926,6448475859669071,0,37888,256,1,1,512,40,1
"KERNEL_DISPATCH",1,1,234821,382,1201,"Cijk_Ailk_Bljk_DB_MT80x64x32_MI16x16x4x1_SN_1LDSB1_APM1_ABV0_ACED0_AF0EM1_AF1EM1_AMAS0_ASE_ASGT_ASLT_ASM_ASAE01_ASCE01_ASEM1_AAC0_BL1_BS1_CLR0_DTLA0_DTLB0_DTVA0_DTVB0_DVO0_ETB_EPS1_ELFLR0_EMLL0_FSSC10_FL0_GLVWA2_GLVWB2_GRCGA1_GRCGB1_GRPM1_GRVWn1_GSU1_GSUASB_GLS0_ISA942_IU1_K1_KLA_LBSPPA0_LBSPPB256_LPA0_LPB2_LDL1_LRVW1_LWPMn1_LDW0_FMA_MIAV1_MDA2_MO40_MMFSC_MKFGSU256_NTA0_NTB0_NTC3_NTD3_NEPBS4_NLCA5_NLCB1_ONLL1_OPLV0_PK0_PAP0_PGR2_PLR9_PKA0_SIA3_SLW1_SS1_SU0_SUM0_SUS0_SCIUI1_SPO0_SRVW0_SSO0_SVW1_SNLL0_TSGRA0_TSGRB0_TT5_16_TLDS1_UMLDSA0_UMLDSB1_U64SL1_USFGROn1_VAW1_VSn1_VW1_VWB1_VFLRP0_WSGRA0_WSGRB0_WS64_WG16_16_1_WGM12",24466,6448475859671154,6448475859678325,0,37888,256,1,1,512,40,1
"KERNEL_DISPATCH",1,1,234821,383,1104,"Cijk_Ailk_Bljk_DB_MT128x128x16_MI16x16x4x1_SN_1LDSB1_APM1_ABV0_ACED0_AF0EM1_AF1EM1_AMAS3_ASE_ASGT_ASLT_ASM_ASAE01_ASCE01_ASEM1_AAC0_BL1_BS1_CLR0_DTLA0_DTLB0_DTVA1_DTVB0_DVO0_ETSP_EPS1_ELFLR0_EMLL0_FSSC10_FL0_GLVWA2_GLVWB2_GRCGA1_GRCGB1_GRPM1_GRVWn1_GSU1_GSUASB_GLS0_ISA942_IU1_K1_KLA_LBSPPA0_LBSPPB128_LPA0_LPB2_LDL1_LRVW1_LWPMn1_LDW0_FMA_MIAV1_MDA2_MO40_MMFSC_MKFGSU256_NTA0_NTB0_NTC4_NTD4_NEPBS4_NLCA1_NLCB1_ONLL1_OPLV0_PK0_PAP0_PGR2_PLR1_PKA0_SIA3_SLW1_SS1_SU0_SUM0_SUS0_SCIUI1_SPO1_SRVW0_SSO4_SVW2_SNLL0_TSGRA0_TSGRB0_TT2_128_TLDS1_UMLDSA0_UMLDSB1_U64SL1_USFGROn1_VAW1_VSn1_VW2_VWB1_VFLRP0_WSGRA0_WSGRB0_WS64_WG64_4_1_WGM1",24469,6448475859684254,6448475859864691,0,18432,256,1,1,5120,20,1
"KERNEL_DISPATCH",1,1,234821,384,151,"void rocsolver::v32802::getf2_npvt_small_kernel<16, double, int, int, double*>(int, double*, long, int, long, int*, int, int)",24472,6448475859864691,6448475859876148,0,136,512,1,1,512,1,1
"KERNEL_DISPATCH",1,1,234821,385,203,"void rocsolver::v32802::unit_forward_substitution_kernel<double, int, double*>(int, int, double*, int, int, long, long, double*, int, int, long, long)",24477,6448475859876148,6448475859886244,0,512,16,64,1,16,512,1
"KERNEL_DISPATCH",1,1,234821,386,859,"Cijk_Ailk_Bljk_DB_MT64x32x32_MI16x16x4x1_SN_1LDSB1_APM1_ABV0_ACED0_AF0EM2_AF1EM2_AMAS3_ASE_ASGT_ASLT_ASM_ASAE01_ASCE01_ASEM2_AAC0_BL1_BS1_CLR0_DTLA0_DTLB0_DTVA0_DTVB0_DVO0_ETSP_EPS1_ELFLR0_EMLL0_FSSC10_FL0_GLVWA2_GLVWB2_GRCGA1_GRCGB1_GRPM1_GRVW2_GSU1_GSUASB_GLS0_ISA942_IU1_K1_KLA_LBSPPA0_LBSPPB256_LPA0_LPB4_LDL1_LRVW2_LWPMn1_LDW0_FMA_MIAV1_MDA2_MO40_MMFSC_MKFGSU256_NTA0_NTB0_NTC3_NTD3_NEPBS0_NLCA1_NLCB1_ONLL1_OPLV0_PK0_PAP0_PGR2_PLR9_PKA0_SIA3_SLW1_SS1_SU0_SUM0_SUS0_SCIUI1_SPO1_SRVW0_SSO6_SVW2_SNLL0_TSGRA0_TSGRB0_TT2_16_TLDS1_UMLDSA0_UMLDSB1_U64SL1_USFGROn1_VAW1_VSn1_VW2_VWB1_VFLRP0_WSGRA0_WSGRB0_WS64_WG32_8_1_WGM6",24480,6448475859886244,6448475859891051,0,25600,256,1,1,2048,16,1
"KERNEL_DISPATCH",1,1,234821,387,151,"void rocsolver::v32802::getf2_npvt_small_kernel<16, double, int, int, double*>(int, double*, long, int, long, int*, int, int)",24483,6448475859891051,6448475859900505,0,136,496,1,1,496,1,1
"KERNEL_DISPATCH",1,1,234821,388,203,"void rocsolver::v32802::unit_forward_substitution_kernel<double, int, double*>(int, int, double*, int, int, long, long, double*, int, int, long, long)",24488,6448475859900505,6448475859910561,0,512,16,64,1,16,512,1
"KERNEL_DISPATCH",1,1,234821,389,859,"Cijk_Ailk_Bljk_DB_MT64x32x32_MI16x16x4x1_SN_1LDSB1_APM1_ABV0_ACED0_AF0EM2_AF1EM2_AMAS3_ASE_ASGT_ASLT_ASM_ASAE01_ASCE01_ASEM2_AAC0_BL1_BS1_CLR0_DTLA0_DTLB0_DTVA0_DTVB0_DVO0_ETSP_EPS1_ELFLR0_EMLL0_FSSC10_FL0_GLVWA2_GLVWB2_GRCGA1_GRCGB1_GRPM1_GRVW2_GSU1_GSUASB_GLS0_ISA942_IU1_K1_KLA_LBSPPA0_LBSPPB256_LPA0_LPB4_LDL1_LRVW2_LWPMn1_LDW0_FMA_MIAV1_MDA2_MO40_MMFSC_MKFGSU256_NTA0_NTB0_NTC3_NTD3_NEPBS0_NLCA1_NLCB1_ONLL1_OPLV0_PK0_PAP0_PGR2_PLR9_PKA0_SIA3_SLW1_SS1_SU0_SUM0_SUS0_SCIUI1_SPO1_SRVW0_SSO6_SVW2_SNLL0_TSGRA0_TSGRB0_TT2_16_TLDS1_UMLDSA0_UMLDSB1_U64SL1_USFGROn1_VAW1_VSn1_VW2_VWB1_VFLRP0_WSGRA0_WSGRB0_WS64_WG32_8_1_WGM6",24491,6448475859910561,6448475859915769,0,25600,256,1,1,2048,15,1
"KERNEL_DISPATCH",1,1,234821,392,859,"Cijk_Ailk_Bljk_DB_MT64x32x32_MI16x16x4x1_SN_1LDSB1_APM1_ABV0_ACED0_AF0EM2_AF1EM2_AMAS3_ASE_ASGT_ASLT_ASM_ASAE01_ASCE01_ASEM2_AAC0_BL1_BS1_CLR0_DTLA0_DTLB0_DTVA0_DTVB0_DVO0_ETSP_EPS1_ELFLR0_EMLL0_FSSC10_FL0_GLVWA2_GLVWB2_GRCGA1_GRCGB1_GRPM1_GRVW2_GSU1_GSUASB_GLS0_ISA942_IU1_K1_KLA_LBSPPA0_LBSPPB256_LPA0_LPB4_LDL1_LRVW2_LWPMn1_LDW0_FMA_MIAV1_MDA2_MO40_MMFSC_MKFGSU256_NTA0_NTB0_NTC3_NTD3_NEPBS0_NLCA1_NLCB1_ONLL1_OPLV0_PK0_PAP0_PGR2_PLR9_PKA0_SIA3_SLW1_SS1_SU0_SUM0_SUS0_SCIUI1_SPO1_SRVW0_SSO6_SVW2_SNLL0_TSGRA0_TSGRB0_TT2_16_TLDS1_UMLDSA0_UMLDSB1_U64SL1_USFGROn1_VAW1_VSn1_VW2_VWB1_VFLRP0_WSGRA0_WSGRB0_WS64_WG32_8_1_WGM6",24502,6448475859935559,6448475859940527,0,25600,256,1,1,2048,15,1
"KERNEL_DISPATCH",1,1,234821,391,203,"void rocsolver::v32802::unit_forward_substitution_kernel<double, int, double*>(int, int, double*, int, int, long, long, double*, int, int, long, long)",24499,6448475859926105,6448475859935559,0,512,16,64,1,16,512,1
"KERNEL_DISPATCH",1,1,234821,390,151,"void rocsolver::v32802::getf2_npvt_small_kernel<16, double, int, int, double*>(int, double*, long, int, long, int*, int, int)",24494,6448475859915769,6448475859926105,0,136,480,1,1,480,1,1
"KERNEL_DISPATCH",1,1,234821,395,859,"Cijk_Ailk_Bljk_DB_MT64x32x32_MI16x16x4x1_SN_1LDSB1_APM1_ABV0_ACED0_AF0EM2_AF1EM2_AMAS3_ASE_ASGT_ASLT_ASM_ASAE01_ASCE01_ASEM2_AAC0_BL1_BS1_CLR0_DTLA0_DTLB0_DTVA0_DTVB0_DVO0_ETSP_EPS1_ELFLR0_EMLL0_FSSC10_FL0_GLVWA2_GLVWB2_GRCGA1_GRCGB1_GRPM1_GRVW2_GSU1_GSUASB_GLS0_ISA942_IU1_K1_KLA_LBSPPA0_LBSPPB256_LPA0_LPB4_LDL1_LRVW2_LWPMn1_LDW0_FMA_MIAV1_MDA2_MO40_MMFSC_MKFGSU256_NTA0_NTB0_NTC3_NTD3_NEPBS0_NLCA1_NLCB1_ONLL1_OPLV0_PK0_PAP0_PGR2_PLR9_PKA0_SIA3_SLW1_SS1_SU0_SUM0_SUS0_SCIUI1_SPO1_SRVW0_SSO6_SVW2_SNLL0_TSGRA0_TSGRB0_TT2_16_TLDS1_UMLDSA0_UMLDSB1_U64SL1_USFGROn1_VAW1_VSn1_VW2_VWB1_VFLRP0_WSGRA0_WSGRB0_WS64_WG32_8_1_WGM6",24513,6448475859958113,6448475859964283,0,25600,256,1,1,1792,14,1
"KERNEL_DISPATCH",1,1,234821,394,203,"void rocsolver::v32802::unit_forward_substitution_kernel<double, int, double*>(int, int, double*, int, int, long, long, double*, int, int, long, long)",24510,6448475859950142,6448475859959836,0,512,16,64,1,16,448,1
"KERNEL_DISPATCH",1,1,234821,393,151,"void rocsolver::v32802::getf2_npvt_small_kernel<16, double, int, int, double*>(int, double*, long, int, long, int*, int, int)",24505,6448475859940527,6448475859950142,0,136,464,1,1,464,1,1
"KERNEL_DISPATCH",1,1,234821,398,859,"Cijk_Ailk_Bljk_DB_MT64x32x32_MI16x16x4x1_SN_1LDSB1_APM1_ABV0_ACED0_AF0EM2_AF1EM2_AMAS3_ASE_ASGT_ASLT_ASM_ASAE01_ASCE01_ASEM2_AAC0_BL1_BS1_CLR0_DTLA0_DTLB0_DTVA0_DTVB0_DVO0_ETSP_EPS1_ELFLR0_EMLL0_FSSC10_FL0_GLVWA2_GLVWB2_GRCGA1_GRCGB1_GRPM1_GRVW2_GSU1_GSUASB_GLS0_ISA942_IU1_K1_KLA_LBSPPA0_LBSPPB256_LPA0_LPB4_LDL1_LRVW2_LWPMn1_LDW0_FMA_MIAV1_MDA2_MO40_MMFSC_MKFGSU256_NTA0_NTB0_NTC3_NTD3_NEPBS0_NLCA1_NLCB1_ONLL1_OPLV0_PK0_PAP0_PGR2_PLR9_PKA0_SIA3_SLW1_SS1_SU0_SUM0_SUS0_SCIUI1_SPO1_SRVW0_SSO6_SVW2_SNLL0_TSGRA0_TSGRB0_TT2_16_TLDS1_UMLDSA0_UMLDSB1_U64SL1_USFGROn1_VAW1_VSn1_VW2_VWB1_VFLRP0_WSGRA0_WSGRB0_WS64_WG32_8_1_WGM6",24524,6448475859988560,6448475859993448,0,25600,256,1,1,1792,14,1
"KERNEL_DISPATCH",1,1,234821,396,151,"void rocsolver::v32802::getf2_npvt_small_kernel<16, double, int, int, double*>(int, double*, long, int, long, int*, int, int)",24516,6448475859966006,6448475859979066,0,136,448,1,1,448,1,1
"KERNEL_DISPATCH",1,1,234821,397,203,"void rocsolver::v32802::unit_forward_substitution_kernel<double, int, double*>(int, int, double*, int, int, long, long, double*, int, int, long, long)",24521,6448475859979066,6448475859988560,0,512,16,64,1,16,448,1
"KERNEL_DISPATCH",1,1,234821,402,151,"void rocsolver::v32802::getf2_npvt_small_kernel<16, double, int, int, double*>(int, double*, long, int, long, int*, int, int)",24538,6448475860019047,6448475860028341,0,136,416,1,1,416,1,1
"KERNEL_DISPATCH",1,1,234821,401,859,"Cijk_Ailk_Bljk_DB_MT64x32x32_MI16x16x4x1_SN_1LDSB1_APM1_ABV0_ACED0_AF0EM2_AF1EM2_AMAS3_ASE_ASGT_ASLT_ASM_ASAE01_ASCE01_ASEM2_AAC0_BL1_BS1_CLR0_DTLA0_DTLB0_DTVA0_DTVB0_DVO0_ETSP_EPS1_ELFLR0_EMLL0_FSSC10_FL0_GLVWA2_GLVWB2_GRCGA1_GRCGB1_GRPM1_GRVW2_GSU1_GSUASB_GLS0_ISA942_IU1_K1_KLA_LBSPPA0_LBSPPB256_LPA0_LPB4_LDL1_LRVW2_LWPMn1_LDW0_FMA_MIAV1_MDA2_MO40_MMFSC_MKFGSU256_NTA0_NTB0_NTC3_NTD3_NEPBS0_NLCA1_NLCB1_ONLL1_OPLV0_PK0_PAP0_PGR2_PLR9_PKA0_SIA3_SLW1_SS1_SU0_SUM0_SUS0_SCIUI1_SPO1_SRVW0_SSO6_SVW2_SNLL0_TSGRA0_TSGRB0_TT2_16_TLDS1_UMLDSA0_UMLDSB1_U64SL1_USFGROn1_VAW1_VSn1_VW2_VWB1_VFLRP0_WSGRA0_WSGRB0_WS64_WG32_8_1_WGM6",24535,6448475860012597,6448475860019047,0,25600,256,1,1,1792,13,1
"KERNEL_DISPATCH",1,1,234821,404,859,"Cijk_Ailk_Bljk_DB_MT64x32x32_MI16x16x4x1_SN_1LDSB1_APM1_ABV0_ACED0_AF0EM2_AF1EM2_AMAS3_ASE_ASGT_ASLT_ASM_ASAE01_ASCE01_ASEM2_AAC0_BL1_BS1_CLR0_DTLA0_DTLB0_DTVA0_DTVB0_DVO0_ETSP_EPS1_ELFLR0_EMLL0_FSSC10_FL0_GLVWA2_GLVWB2_GRCGA1_GRCGB1_GRPM1_GRVW2_GSU1_GSUASB_GLS0_ISA942_IU1_K1_KLA_LBSPPA0_LBSPPB256_LPA0_LPB4_LDL1_LRVW2_LWPMn1_LDW0_FMA_MIAV1_MDA2_MO40_MMFSC_MKFGSU256_NTA0_NTB0_NTC3_NTD3_NEPBS0_NLCA1_NLCB1_ONLL1_OPLV0_PK0_PAP0_PGR2_PLR9_PKA0_SIA3_SLW1_SS1_SU0_SUM0_SUS0_SCIUI1_SPO1_SRVW0_SSO6_SVW2_SNLL0_TSGRA0_TSGRB0_TT2_16_TLDS1_UMLDSA0_UMLDSB1_U64SL1_USFGROn1_VAW1_VSn1_VW2_VWB1_VFLRP0_WSGRA0_WSGRB0_WS64_WG32_8_1_WGM6",24546,6448475860037315,6448475860041562,0,25600,256,1,1,1792,13,1
"KERNEL_DISPATCH",1,1,234821,403,203,"void rocsolver::v32802::unit_forward_substitution_kernel<double, int, double*>(int, int, double*, int, int, long, long, double*, int, int, long, long)",24543,6448475860028341,6448475860037315,0,512,16,64,1,16,448,1
"KERNEL_DISPATCH",1,1,234821,399,151,"void rocsolver::v32802::getf2_npvt_small_kernel<16, double, int, int, double*>(int, double*, long, int, long, int*, int, int)",24527,6448475859993448,6448475860002822,0,136,432,1,1,432,1,1
"KERNEL_DISPATCH",1,1,234821,400,203,"void rocsolver::v32802::unit_forward_substitution_kernel<double, int, double*>(int, int, double*, int, int, long, long, double*, int, int, long, long)",24532,6448475860002822,6448475860012597,0,512,16,64,1,16,448,1
"KERNEL_DISPATCH",1,1,234821,405,151,"void rocsolver::v32802::getf2_npvt_small_kernel<16, double, int, int, double*>(int, double*, long, int, long, int*, int, int)",24549,6448475860041562,6448475860050616,0,136,400,1,1,400,1,1
"KERNEL_DISPATCH",1,1,234821,408,151,"void rocsolver::v32802::getf2_npvt_small_kernel<16, double, int, int, double*>(int, double*, long, int, long, int*, int, int)",24560,6448475860083386,6448475860092720,0,136,384,1,1,384,1,1
"KERNEL_DISPATCH",1,1,234821,407,859,"Cijk_Ailk_Bljk_DB_MT64x32x32_MI16x16x4x1_SN_1LDSB1_APM1_ABV0_ACED0_AF0EM2_AF1EM2_AMAS3_ASE_ASGT_ASLT_ASM_ASAE01_ASCE01_ASEM2_AAC0_BL1_BS1_CLR0_DTLA0_DTLB0_DTVA0_DTVB0_DVO0_ETSP_EPS1_ELFLR0_EMLL0_FSSC10_FL0_GLVWA2_GLVWB2_GRCGA1_GRCGB1_GRPM1_GRVW2_GSU1_GSUASB_GLS0_ISA942_IU1_K1_KLA_LBSPPA0_LBSPPB256_LPA0_LPB4_LDL1_LRVW2_LWPMn1_LDW0_FMA_MIAV1_MDA2_MO40_MMFSC_MKFGSU256_NTA0_NTB0_NTC3_NTD3_NEPBS0_NLCA1_NLCB1_ONLL1_OPLV0_PK0_PAP0_PGR2_PLR9_PKA0_SIA3_SLW1_SS1_SU0_SUM0_SUS0_SCIUI1_SPO1_SRVW0_SSO6_SVW2_SNLL0_TSGRA0_TSGRB0_TT2_16_TLDS1_UMLDSA0_UMLDSB1_U64SL1_USFGROn1_VAW1_VSn1_VW2_VWB1_VFLRP0_WSGRA0_WSGRB0_WS64_WG32_8_1_WGM6",24557,6448475860071768,6448475860076215,0,25600,256,1,1,1536,12,1
"KERNEL_DISPATCH",1,1,234821,406,203,"void rocsolver::v32802::unit_forward_substitution_kernel<double, int, double*>(int, int, double*, int, int, long, long, double*, int, int, long, long)",24554,6448475860050616,6448475860059349,0,512,16,64,1,16,384,1
"KERNEL_DISPATCH",1,1,234821,409,203,"void rocsolver::v32802::unit_forward_substitution_kernel<double, int, double*>(int, int, double*, int, int, long, long, double*, int, int, long, long)",24565,6448475860102175,6448475860112190,0,512,16,64,1,16,384,1
"KERNEL_DISPATCH",1,1,234821,410,629,"Cijk_Ailk_Bljk_DB_MT128x64x16_MI16x16x4x1_SN_1LDSB1_APM1_ABV0_ACED0_AF0EM2_AF1EM2_AMAS3_ASE_ASGT_ASLT_ASM_ASAE01_ASCE01_ASEM2_AAC0_BL1_BS1_CLR0_DTLA0_DTLB0_DTVA1_DTVB0_DVO0_ETSP_EPS1_ELFLR0_EMLL0_FSSC10_FL0_GLVWA2_GLVWB2_GRCGA1_GRCGB1_GRPM1_GRVW2_GSU1_GSUASB_GLS0_ISA942_IU1_K1_KLA_LBSPPA0_LBSPPB0_LPA0_LPB2_LDL1_LRVW1_LWPMn1_LDW0_FMA_MIAV1_MDA2_MO40_MMFSC_MKFGSU256_NTA0_NTB0_NTC3_NTD3_NEPBS4_NLCA1_NLCB1_ONLL1_OPLV0_PK0_PAP0_PGR2_PLR1_PKA0_SIA3_SLW1_SS1_SU0_SUM0_SUS0_SCIUI1_SPO1_SRVW0_SSO6_SVW2_SNLL0_TSGRA0_TSGRB0_TT2_64_TLDS0_UMLDSA0_UMLDSB0_U64SL1_USFGROn1_VAW1_VSn1_VW2_VWB1_VFLRP0_WSGRA0_WSGRB0_WS64_WG64_4_1_WGM12",24568,6448475860128435,6448475860137649,0,8448,256,1,1,768,6,1
"KERNEL_DISPATCH",1,1,234821,411,151,"void rocsolver::v32802::getf2_npvt_small_kernel<16, double, int, int, double*>(int, double*, long, int, long, int*, int, int)",24571,6448475860140594,6448475860149808,0,136,368,1,1,368,1,1
"KERNEL_DISPATCH",1,1,234821,412,203,"void rocsolver::v32802::unit_forward_substitution_kernel<double, int, double*>(int, int, double*, int, int, long, long, double*, int, int, long, long)",24576,6448475860159663,6448475860169598,0,512,16,64,1,16,384,1
"KERNEL_DISPATCH",1,1,234821,413,629,"Cijk_Ailk_Bljk_DB_MT128x64x16_MI16x16x4x1_SN_1LDSB1_APM1_ABV0_ACED0_AF0EM2_AF1EM2_AMAS3_ASE_ASGT_ASLT_ASM_ASAE01_ASCE01_ASEM2_AAC0_BL1_BS1_CLR0_DTLA0_DTLB0_DTVA1_DTVB0_DVO0_ETSP_EPS1_ELFLR0_EMLL0_FSSC10_FL0_GLVWA2_GLVWB2_GRCGA1_GRCGB1_GRPM1_GRVW2_GSU1_GSUASB_GLS0_ISA942_IU1_K1_KLA_LBSPPA0_LBSPPB0_LPA0_LPB2_LDL1_LRVW1_LWPMn1_LDW0_FMA_MIAV1_MDA2_MO40_MMFSC_MKFGSU256_NTA0_NTB0_NTC3_NTD3_NEPBS4_NLCA1_NLCB1_ONLL1_OPLV0_PK0_PAP0_PGR2_PLR1_PKA0_SIA3_SLW1_SS1_SU0_SUM0_SUS0_SCIUI1_SPO1_SRVW0_SSO6_SVW2_SNLL0_TSGRA0_TSGRB0_TT2_64_TLDS0_UMLDSA0_UMLDSB0_U64SL1_USFGROn1_VAW1_VSn1_VW2_VWB1_VFLRP0_WSGRA0_WSGRB0_WS64_WG64_4_1_WGM12",24579,6448475860179173,6448475860187145,0,8448,256,1,1,768,6,1
"KERNEL_DISPATCH",1,1,234821,414,151,"void rocsolver::v32802::getf2_npvt_small_kernel<16, double, int, int, double*>(int, double*, long, int, long, int*, int, int)",24582,6448475860189749,6448475860198723,0,136,352,1,1,352,1,1
"KERNEL_DISPATCH",1,1,234821,415,203,"void rocsolver::v32802::unit_forward_substitution_kernel<double, int, double*>(int, int, double*, int, int, long, long, double*, int, int, long, long)",24587,6448475860200606,6448475860210180,0,512,16,64,1,16,384,1
"KERNEL_DISPATCH",1,1,234821,416,629,"Cijk_Ailk_Bljk_DB_MT128x64x16_MI16x16x4x1_SN_1LDSB1_APM1_ABV0_ACED0_AF0EM2_AF1EM2_AMAS3_ASE_ASGT_ASLT_ASM_ASAE01_ASCE01_ASEM2_AAC0_BL1_BS1_CLR0_DTLA0_DTLB0_DTVA1_DTVB0_DVO0_ETSP_EPS1_ELFLR0_EMLL0_FSSC10_FL0_GLVWA2_GLVWB2_GRCGA1_GRCGB1_GRPM1_GRVW2_GSU1_GSUASB_GLS0_ISA942_IU1_K1_KLA_LBSPPA0_LBSPPB0_LPA0_LPB2_LDL1_LRVW1_LWPMn1_LDW0_FMA_MIAV1_MDA2_MO40_MMFSC_MKFGSU256_NTA0_NTB0_NTC3_NTD3_NEPBS4_NLCA1_NLCB1_ONLL1_OPLV0_PK0_PAP0_PGR2_PLR1_PKA0_SIA3_SLW1_SS1_SU0_SUM0_SUS0_SCIUI1_SPO1_SRVW0_SSO6_SVW2_SNLL0_TSGRA0_TSGRB0_TT2_64_TLDS0_UMLDSA0_UMLDSB0_U64SL1_USFGROn1_VAW1_VSn1_VW2_VWB1_VFLRP0_WSGRA0_WSGRB0_WS64_WG64_4_1_WGM12",24590,6448475860221277,6448475860227807,0,8448,256,1,1,768,6,1
"KERNEL_DISPATCH",1,1,234821,417,151,"void rocsolver::v32802::getf2_npvt_small_kernel<16, double, int, int, double*>(int, double*, long, int, long, int*, int, int)",24593,6448475860232014,6448475860241068,0,136,336,1,1,336,1,1
"KERNEL_DISPATCH",1,1,234821,418,203,"void rocsolver::v32802::unit_forward_substitution_kernel<double, int, double*>(int, int, double*, int, int, long, long, double*, int, int, long, long)",24598,6448475860245234,6448475860255209,0,512,16,64,1,16,320,1
"KERNEL_DISPATCH",1,1,234821,419,629,"Cijk_Ailk_Bljk_DB_MT128x64x16_MI16x16x4x1_SN_1LDSB1_APM1_ABV0_ACED0_AF0EM2_AF1EM2_AMAS3_ASE_ASGT_ASLT_ASM_ASAE01_ASCE01_ASEM2_AAC0_BL1_BS1_CLR0_DTLA0_DTLB0_DTVA1_DTVB0_DVO0_ETSP_EPS1_ELFLR0_EMLL0_FSSC10_FL0_GLVWA2_GLVWB2_GRCGA1_GRCGB1_GRPM1_GRVW2_GSU1_GSUASB_GLS0_ISA942_IU1_K1_KLA_LBSPPA0_LBSPPB0_LPA0_LPB2_LDL1_LRVW1_LWPMn1_LDW0_FMA_MIAV1_MDA2_MO40_MMFSC_MKFGSU256_NTA0_NTB0_NTC3_NTD3_NEPBS4_NLCA1_NLCB1_ONLL1_OPLV0_PK0_PAP0_PGR2_PLR1_PKA0_SIA3_SLW1_SS1_SU0_SUM0_SUS0_SCIUI1_SPO1_SRVW0_SSO6_SVW2_SNLL0_TSGRA0_TSGRB0_TT2_64_TLDS0_UMLDSA0_UMLDSB0_U64SL1_USFGROn1_VAW1_VSn1_VW2_VWB1_VFLRP0_WSGRA0_WSGRB0_WS64_WG64_4_1_WGM12",24601,6448475860270072,6448475860276482,0,8448,256,1,1,768,5,1
"KERNEL_DISPATCH",1,1,234821,420,151,"void rocsolver::v32802::getf2_npvt_small_kernel<16, double, int, int, double*>(int, double*, long, int, long, int*, int, int)",24604,6448475860278344,6448475860286597,0,136,320,1,1,320,1,1
"KERNEL_DISPATCH",1,1,234821,421,203,"void rocsolver::v32802::unit_forward_substitution_kernel<double, int, double*>(int, int, double*, int, int, long, long, double*, int, int, long, long)",24609,6448475860288540,6448475860296913,0,512,16,64,1,16,320,1
"KERNEL_DISPATCH",1,1,234821,422,629,"Cijk_Ailk_Bljk_DB_MT128x64x16_MI16x16x4x1_SN_1LDSB1_APM1_ABV0_ACED0_AF0EM2_AF1EM2_AMAS3_ASE_ASGT_ASLT_ASM_ASAE01_ASCE01_ASEM2_AAC0_BL1_BS1_CLR0_DTLA0_DTLB0_DTVA1_DTVB0_DVO0_ETSP_EPS1_ELFLR0_EMLL0_FSSC10_FL0_GLVWA2_GLVWB2_GRCGA1_GRCGB1_GRPM1_GRVW2_GSU1_GSUASB_GLS0_ISA942_IU1_K1_KLA_LBSPPA0_LBSPPB0_LPA0_LPB2_LDL1_LRVW1_LWPMn1_LDW0_FMA_MIAV1_MDA2_MO40_MMFSC_MKFGSU256_NTA0_NTB0_NTC3_NTD3_NEPBS4_NLCA1_NLCB1_ONLL1_OPLV0_PK0_PAP0_PGR2_PLR1_PKA0_SIA3_SLW1_SS1_SU0_SUM0_SUS0_SCIUI1_SPO1_SRVW0_SSO6_SVW2_SNLL0_TSGRA0_TSGRB0_TT2_64_TLDS0_UMLDSA0_UMLDSB0_U64SL1_USFGROn1_VAW1_VSn1_VW2_VWB1_VFLRP0_WSGRA0_WSGRB0_WS64_WG64_4_1_WGM12",24612,6448475860310374,6448475860317665,0,8448,256,1,1,768,5,1
"KERNEL_DISPATCH",1,1,234821,423,151,"void rocsolver::v32802::getf2_npvt_small_kernel<16, double, int, int, double*>(int, double*, long, int, long, int*, int, int)",24615,6448475860321671,6448475860330605,0,136,304,1,1,304,1,1
"KERNEL_DISPATCH",1,1,234821,424,203,"void rocsolver::v32802::unit_forward_substitution_kernel<double, int, double*>(int, int, double*, int, int, long, long, double*, int, int, long, long)",24620,6448475860330605,6448475860339258,0,512,16,64,1,16,320,1
"KERNEL_DISPATCH",1,1,234821,425,629,"Cijk_Ailk_Bljk_DB_MT128x64x16_MI16x16x4x1_SN_1LDSB1_APM1_ABV0_ACED0_AF0EM2_AF1EM2_AMAS3_ASE_ASGT_ASLT_ASM_ASAE01_ASCE01_ASEM2_AAC0_BL1_BS1_CLR0_DTLA0_DTLB0_DTVA1_DTVB0_DVO0_ETSP_EPS1_ELFLR0_EMLL0_FSSC10_FL0_GLVWA2_GLVWB2_GRCGA1_GRCGB1_GRPM1_GRVW2_GSU1_GSUASB_GLS0_ISA942_IU1_K1_KLA_LBSPPA0_LBSPPB0_LPA0_LPB2_LDL1_LRVW1_LWPMn1_LDW0_FMA_MIAV1_MDA2_MO40_MMFSC_MKFGSU256_NTA0_NTB0_NTC3_NTD3_NEPBS4_NLCA1_NLCB1_ONLL1_OPLV0_PK0_PAP0_PGR2_PLR1_PKA0_SIA3_SLW1_SS1_SU0_SUM0_SUS0_SCIUI1_SPO1_SRVW0_SSO6_SVW2_SNLL0_TSGRA0_TSGRB0_TT2_64_TLDS0_UMLDSA0_UMLDSB0_U64SL1_USFGROn1_VAW1_VSn1_VW2_VWB1_VFLRP0_WSGRA0_WSGRB0_WS64_WG64_4_1_WGM12",24623,6448475860351757,6448475860358007,0,8448,256,1,1,768,5,1
"KERNEL_DISPATCH",1,1,234821,426,151,"void rocsolver::v32802::getf2_npvt_small_kernel<16, double, int, int, double*>(int, double*, long, int, long, int*, int, int)",24626,6448475860366740,6448475860375634,0,136,288,1,1,288,1,1
"KERNEL_DISPATCH",1,1,234821,427,203,"void rocsolver::v32802::unit_forward_substitution_kernel<double, int, double*>(int, int, double*, int, int, long, long, double*, int, int, long, long)",24631,6448475860379389,6448475860388323,0,512,16,64,1,16,320,1
"KERNEL_DISPATCH",1,1,234821,428,753,"Cijk_Ailk_Bljk_DB_MT64x64x16_MI16x16x4x1_SN_1LDSB1_APM1_ABV0_ACED0_AF0EM2_AF1EM2_AMAS3_ASE_ASGT_ASLT_ASM_ASAE01_ASCE01_ASEM2_AAC0_BL1_BS1_CLR0_DTLA0_DTLB0_DTVA0_DTVB0_DVO0_ETSP_EPS1_ELFLR0_EMLL0_FSSC10_FL0_GLVWA2_GLVWB2_GRCGA1_GRCGB1_GRPM1_GRVW2_GSU1_GSUASB_GLS0_ISA942_IU1_K1_KLA_LBSPPA0_LBSPPB128_LPA0_LPB2_LDL1_LRVW1_LWPMn1_LDW0_FMA_MIAV1_MDA2_MO40_MMFSC_MKFGSU256_NTA0_NTB0_NTC3_NTD3_NEPBS4_NLCA1_NLCB1_ONLL1_OPLV0_PK0_PAP0_PGR2_PLR5_PKA0_SIA3_SLW1_SS1_SU0_SUM0_SUS0_SCIUI1_SPO1_SRVW0_SSO6_SVW2_SNLL0_TSGRA0_TSGRB0_TT2_32_TLDS1_UMLDSA0_UMLDSB1_U64SL1_USFGROn1_VAW1_VSn1_VW2_VWB1_VFLRP0_WSGRA0_WSGRB0_WS64_WG32_8_1_WGM6",24634,6448475860402675,6448475860409005,0,17408,256,1,1,1280,5,1
"KERNEL_DISPATCH",1,1,234821,429,151,"void rocsolver::v32802::getf2_npvt_small_kernel<16, double, int, int, double*>(int, double*, long, int, long, int*, int, int)",24637,6448475860410928,6448475860418820,0,136,272,1,1,272,1,1
"KERNEL_DISPATCH",1,1,234821,430,203,"void rocsolver::v32802::unit_forward_substitution_kernel<double, int, double*>(int, int, double*, int, int, long, long, double*, int, int, long, long)",24642,6448475860420462,6448475860429717,0,512,16,64,1,16,256,1
"KERNEL_DISPATCH",1,1,234821,431,753,"Cijk_Ailk_Bljk_DB_MT64x64x16_MI16x16x4x1_SN_1LDSB1_APM1_ABV0_ACED0_AF0EM2_AF1EM2_AMAS3_ASE_ASGT_ASLT_ASM_ASAE01_ASCE01_ASEM2_AAC0_BL1_BS1_CLR0_DTLA0_DTLB0_DTVA0_DTVB0_DVO0_ETSP_EPS1_ELFLR0_EMLL0_FSSC10_FL0_GLVWA2_GLVWB2_GRCGA1_GRCGB1_GRPM1_GRVW2_GSU1_GSUASB_GLS0_ISA942_IU1_K1_KLA_LBSPPA0_LBSPPB128_LPA0_LPB2_LDL1_LRVW1_LWPMn1_LDW0_FMA_MIAV1_MDA2_MO40_MMFSC_MKFGSU256_NTA0_NTB0_NTC3_NTD3_NEPBS4_NLCA1_NLCB1_ONLL1_OPLV0_PK0_PAP0_PGR2_PLR5_PKA0_SIA3_SLW1_SS1_SU0_SUM0_SUS0_SCIUI1_SPO1_SRVW0_SSO6_SVW2_SNLL0_TSGRA0_TSGRB0_TT2_32_TLDS1_UMLDSA0_UMLDSB1_U64SL1_USFGROn1_VAW1_VSn1_VW2_VWB1_VFLRP0_WSGRA0_WSGRB0_WS64_WG32_8_1_WGM6",24645,6448475860440574,6448475860445100,0,17408,256,1,1,1024,4,1
"KERNEL_DISPATCH",1,1,234821,432,151,"void rocsolver::v32802::getf2_npvt_small_kernel<16, double, int, int, double*>(int, double*, long, int, long, int*, int, int)",24648,6448475860452151,6448475860460564,0,136,256,1,1,256,1,1
"KERNEL_DISPATCH",1,1,234821,433,203,"void rocsolver::v32802::unit_forward_substitution_kernel<double, int, double*>(int, int, double*, int, int, long, long, double*, int, int, long, long)",24653,6448475860460564,6448475860470019,0,512,16,64,1,16,256,1
"KERNEL_DISPATCH",1,1,234821,434,753,"Cijk_Ailk_Bljk_DB_MT64x64x16_MI16x16x4x1_SN_1LDSB1_APM1_ABV0_ACED0_AF0EM2_AF1EM2_AMAS3_ASE_ASGT_ASLT_ASM_ASAE01_ASCE01_ASEM2_AAC0_BL1_BS1_CLR0_DTLA0_DTLB0_DTVA0_DTVB0_DVO0_ETSP_EPS1_ELFLR0_EMLL0_FSSC10_FL0_GLVWA2_GLVWB2_GRCGA1_GRCGB1_GRPM1_GRVW2_GSU1_GSUASB_GLS0_ISA942_IU1_K1_KLA_LBSPPA0_LBSPPB128_LPA0_LPB2_LDL1_LRVW1_LWPMn1_LDW0_FMA_MIAV1_MDA2_MO40_MMFSC_MKFGSU256_NTA0_NTB0_NTC3_NTD3_NEPBS4_NLCA1_NLCB1_ONLL1_OPLV0_PK0_PAP0_PGR2_PLR5_PKA0_SIA3_SLW1_SS1_SU0_SUM0_SUS0_SCIUI1_SPO1_SRVW0_SSO6_SVW2_SNLL0_TSGRA0_TSGRB0_TT2_32_TLDS1_UMLDSA0_UMLDSB1_U64SL1_USFGROn1_VAW1_VSn1_VW2_VWB1_VFLRP0_WSGRA0_WSGRB0_WS64_WG32_8_1_WGM6",24656,6448475860479633,6448475860484561,0,17408,256,1,1,1024,4,1
"KERNEL_DISPATCH",1,1,234821,435,151,"void rocsolver::v32802::getf2_npvt_small_kernel<16, double, int, int, double*>(int, double*, long, int, long, int*, int, int)",24659,6448475860491131,6448475860499063,0,136,240,1,1,240,1,1
"KERNEL_DISPATCH",1,1,234821,436,203,"void rocsolver::v32802::unit_forward_substitution_kernel<double, int, double*>(int, int, double*, int, int, long, long, double*, int, int, long, long)",24664,6448475860501737,6448475860511392,0,512,16,64,1,16,256,1
"KERNEL_DISPATCH",1,1,234821,437,753,"Cijk_Ailk_Bljk_DB_MT64x64x16_MI16x16x4x1_SN_1LDSB1_APM1_ABV0_ACED0_AF0EM2_AF1EM2_AMAS3_ASE_ASGT_ASLT_ASM_ASAE01_ASCE01_ASEM2_AAC0_BL1_BS1_CLR0_DTLA0_DTLB0_DTVA0_DTVB0_DVO0_ETSP_EPS1_ELFLR0_EMLL0_FSSC10_FL0_GLVWA2_GLVWB2_GRCGA1_GRCGB1_GRPM1_GRVW2_GSU1_GSUASB_GLS0_ISA942_IU1_K1_KLA_LBSPPA0_LBSPPB128_LPA0_LPB2_LDL1_LRVW1_LWPMn1_LDW0_FMA_MIAV1_MDA2_MO40_MMFSC_MKFGSU256_NTA0_NTB0_NTC3_NTD3_NEPBS4_NLCA1_NLCB1_ONLL1_OPLV0_PK0_PAP0_PGR2_PLR5_PKA0_SIA3_SLW1_SS1_SU0_SUM0_SUS0_SCIUI1_SPO1_SRVW0_SSO6_SVW2_SNLL0_TSGRA0_TSGRB0_TT2_32_TLDS1_UMLDSA0_UMLDSB1_U64SL1_USFGROn1_VAW1_VSn1_VW2_VWB1_VFLRP0_WSGRA0_WSGRB0_WS64_WG32_8_1_WGM6",24667,6448475860525904,6448475860530712,0,17408,256,1,1,1024,4,1
"KERNEL_DISPATCH",1,1,234821,438,151,"void rocsolver::v32802::getf2_npvt_small_kernel<16, double, int, int, double*>(int, double*, long, int, long, int*, int, int)",24670,6448475860536240,6448475860544533,0,136,224,1,1,224,1,1
"KERNEL_DISPATCH",1,1,234821,439,203,"void rocsolver::v32802::unit_forward_substitution_kernel<double, int, double*>(int, int, double*, int, int, long, long, double*, int, int, long, long)",24675,6448475860546456,6448475860556631,0,512,16,64,1,16,256,1
"KERNEL_DISPATCH",1,1,234821,440,753,"Cijk_Ailk_Bljk_DB_MT64x64x16_MI16x16x4x1_SN_1LDSB1_APM1_ABV0_ACED0_AF0EM2_AF1EM2_AMAS3_ASE_ASGT_ASLT_ASM_ASAE01_ASCE01_ASEM2_AAC0_BL1_BS1_CLR0_DTLA0_DTLB0_DTVA0_DTVB0_DVO0_ETSP_EPS1_ELFLR0_EMLL0_FSSC10_FL0_GLVWA2_GLVWB2_GRCGA1_GRCGB1_GRPM1_GRVW2_GSU1_GSUASB_GLS0_ISA942_IU1_K1_KLA_LBSPPA0_LBSPPB128_LPA0_LPB2_LDL1_LRVW1_LWPMn1_LDW0_FMA_MIAV1_MDA2_MO40_MMFSC_MKFGSU256_NTA0_NTB0_NTC3_NTD3_NEPBS4_NLCA1_NLCB1_ONLL1_OPLV0_PK0_PAP0_PGR2_PLR5_PKA0_SIA3_SLW1_SS1_SU0_SUM0_SUS0_SCIUI1_SPO1_SRVW0_SSO6_SVW2_SNLL0_TSGRA0_TSGRB0_TT2_32_TLDS1_UMLDSA0_UMLDSB1_U64SL1_USFGROn1_VAW1_VSn1_VW2_VWB1_VFLRP0_WSGRA0_WSGRB0_WS64_WG32_8_1_WGM6",24678,6448475860568289,6448475860573177,0,17408,256,1,1,1024,4,1
"KERNEL_DISPATCH",1,1,234821,441,151,"void rocsolver::v32802::getf2_npvt_small_kernel<16, double, int, int, double*>(int, double*, long, int, long, int*, int, int)",24681,6448475860579587,6448475860587679,0,136,208,1,1,208,1,1
"KERNEL_DISPATCH",1,1,234821,442,203,"void rocsolver::v32802::unit_forward_substitution_kernel<double, int, double*>(int, int, double*, int, int, long, long, double*, int, int, long, long)",24686,6448475860589522,6448475860598215,0,512,16,64,1,16,192,1
"KERNEL_DISPATCH",1,1,234821,443,753,"Cijk_Ailk_Bljk_DB_MT64x64x16_MI16x16x4x1_SN_1LDSB1_APM1_ABV0_ACED0_AF0EM2_AF1EM2_AMAS3_ASE_ASGT_ASLT_ASM_ASAE01_ASCE01_ASEM2_AAC0_BL1_BS1_CLR0_DTLA0_DTLB0_DTVA0_DTVB0_DVO0_ETSP_EPS1_ELFLR0_EMLL0_FSSC10_FL0_GLVWA2_GLVWB2_GRCGA1_GRCGB1_GRPM1_GRVW2_GSU1_GSUASB_GLS0_ISA942_IU1_K1_KLA_LBSPPA0_LBSPPB128_LPA0_LPB2_LDL1_LRVW1_LWPMn1_LDW0_FMA_MIAV1_MDA2_MO40_MMFSC_MKFGSU256_NTA0_NTB0_NTC3_NTD3_NEPBS4_NLCA1_NLCB1_ONLL1_OPLV0_PK0_PAP0_PGR2_PLR5_PKA0_SIA3_SLW1_SS1_SU0_SUM0_SUS0_SCIUI1_SPO1_SRVW0_SSO6_SVW2_SNLL0_TSGRA0_TSGRB0_TT2_32_TLDS1_UMLDSA0_UMLDSB1_U64SL1_USFGROn1_VAW1_VSn1_VW2_VWB1_VFLRP0_WSGRA0_WSGRB0_WS64_WG32_8_1_WGM6",24689,6448475860611355,6448475860615762,0,17408,256,1,1,768,3,1
"KERNEL_DISPATCH",1,1,234821,444,151,"void rocsolver::v32802::getf2_npvt_small_kernel<16, double, int, int, double*>(int, double*, long, int, long, int*, int, int)",24692,6448475860624656,6448475860632267,0,136,192,1,1,192,1,1
"KERNEL_DISPATCH",1,1,234821,445,203,"void rocsolver::v32802::unit_forward_substitution_kernel<double, int, double*>(int, int, double*, int, int, long, long, double*, int, int, long, long)",24697,6448475860651417,6448475860660591,0,512,16,64,1,16,192,1
"KERNEL_DISPATCH",1,1,234821,446,1057,"Cijk_Ailk_Bljk_DB_MT128x64x16_MI16x16x4x1_SN_1LDSB1_APM1_ABV0_ACED0_AF0EM2_AF1EM2_AMAS3_ASE_ASGT_ASLT_ASM_ASAE01_ASCE01_ASEM2_AAC0_BL1_BS1_CLR0_DTLA0_DTLB0_DTVA1_DTVB0_DVO0_ETSP_EPS1_ELFLR0_EMLL0_FSSC10_FL0_GLVWA2_GLVWB2_GRCGA1_GRCGB1_GRPM1_GRVW2_GSU1_GSUASB_GLS0_ISA942_IU1_K1_KLA_LBSPPA0_LBSPPB0_LPA0_LPB2_LDL1_LRVW1_LWPMn1_LDW0_FMA_MIAV1_MDA2_MO40_MMFSC_MKFGSU256_NTA0_NTB0_NTC3_NTD3_NEPBS4_NLCA1_NLCB1_ONLL1_OPLV0_PK0_PAP0_PGR2_PLR5_PKA0_SIA3_SLW1_SS1_SU0_SUM0_SUS0_SCIUI1_SPO1_SRVW0_SSO6_SVW2_SNLL0_TSGRA0_TSGRB0_TT2_64_TLDS0_UMLDSA0_UMLDSB0_U64SL1_USFGROn1_VAW1_VSn1_VW2_VWB1_VFLRP0_WSGRA0_WSGRB0_WS64_WG64_4_1_WGM6",24700,6448475860668603,6448475860679139,0,8448,256,1,1,512,3,1
"KERNEL_DISPATCH",1,1,234821,447,151,"void rocsolver::v32802::getf2_npvt_small_kernel<16, double, int, int, double*>(int, double*, long, int, long, int*, int, int)",24703,6448475860679139,6448475860686511,0,136,176,1,1,176,1,1
"KERNEL_DISPATCH",1,1,234821,448,203,"void rocsolver::v32802::unit_forward_substitution_kernel<double, int, double*>(int, int, double*, int, int, long, long, double*, int, int, long, long)",24708,6448475860691118,6448475860700292,0,512,16,64,1,16,192,1
"KERNEL_DISPATCH",1,1,234821,449,1057,"Cijk_Ailk_Bljk_DB_MT128x64x16_MI16x16x4x1_SN_1LDSB1_APM1_ABV0_ACED0_AF0EM2_AF1EM2_AMAS3_ASE_ASGT_ASLT_ASM_ASAE01_ASCE01_ASEM2_AAC0_BL1_BS1_CLR0_DTLA0_DTLB0_DTVA1_DTVB0_DVO0_ETSP_EPS1_ELFLR0_EMLL0_FSSC10_FL0_GLVWA2_GLVWB2_GRCGA1_GRCGB1_GRPM1_GRVW2_GSU1_GSUASB_GLS0_ISA942_IU1_K1_KLA_LBSPPA0_LBSPPB0_LPA0_LPB2_LDL1_LRVW1_LWPMn1_LDW0_FMA_MIAV1_MDA2_MO40_MMFSC_MKFGSU256_NTA0_NTB0_NTC3_NTD3_NEPBS4_NLCA1_NLCB1_ONLL1_OPLV0_PK0_PAP0_PGR2_PLR5_PKA0_SIA3_SLW1_SS1_SU0_SUM0_SUS0_SCIUI1_SPO1_SRVW0_SSO6_SVW2_SNLL0_TSGRA0_TSGRB0_TT2_64_TLDS0_UMLDSA0_UMLDSB0_U64SL1_USFGROn1_VAW1_VSn1_VW2_VWB1_VFLRP0_WSGRA0_WSGRB0_WS64_WG64_4_1_WGM6",24711,6448475860718720,6448475860726732,0,8448,256,1,1,512,3,1
"KERNEL_DISPATCH",1,1,234821,450,151,"void rocsolver::v32802::getf2_npvt_small_kernel<16, double, int, int, double*>(int, double*, long, int, long, int*, int, int)",24714,6448475860728936,6448475860737308,0,136,160,1,1,160,1,1
"KERNEL_DISPATCH",1,1,234821,451,203,"void rocsolver::v32802::unit_forward_substitution_kernel<double, int, double*>(int, int, double*, int, int, long, long, double*, int, int, long, long)",24719,6448475860737308,6448475860745481,0,512,16,64,1,16,192,1
"KERNEL_DISPATCH",1,1,234821,452,1235,"Cijk_Ailk_Bljk_DB_MT128x64x16_MI16x16x4x1_SN_1LDSB1_APM1_ABV0_ACED0_AF0EM2_AF1EM2_AMAS3_ASE_ASGT_ASLT_ASM_ASAE01_ASCE01_ASEM2_AAC0_BL1_BS1_CLR0_DTLA0_DTLB0_DTVA0_DTVB0_DVO0_ETSP_EPS1_ELFLR0_EMLL0_FSSC10_FL0_GLVWA2_GLVWB2_GRCGA1_GRCGB1_GRPM1_GRVW2_GSU1_GSUASB_GLS0_ISA942_IU1_K1_KLA_LBSPPA0_LBSPPB0_LPA0_LPB2_LDL1_LRVW1_LWPMn1_LDW0_FMA_MIAV1_MDA2_MO40_MMFSC_MKFGSU256_NTA0_NTB0_NTC3_NTD3_NEPBS0_NLCA1_NLCB1_ONLL1_OPLV0_PK0_PAP0_PGR2_PLR5_PKA0_SIA3_SLW1_SS1_SU0_SUM0_SUS0_SCIUI1_SPO1_SRVW0_SSO6_SVW2_SNLL0_TSGRA0_TSGRB0_TT2_64_TLDS0_UMLDSA0_UMLDSB0_U64SL1_USFGROn1_VAW1_VSn1_VW2_VWB1_VFLRP0_WSGRA0_WSGRB0_WS64_WG64_4_1_WGM6",24722,6448475860760053,6448475860769387,0,24832,256,1,1,512,3,1
"KERNEL_DISPATCH",1,1,234821,453,151,"void rocsolver::v32802::getf2_npvt_small_kernel<16, double, int, int, double*>(int, double*, long, int, long, int*, int, int)",24725,6448475860775046,6448475860782858,0,136,144,1,1,144,1,1
"KERNEL_DISPATCH",1,1,234821,454,203,"void rocsolver::v32802::unit_forward_substitution_kernel<double, int, double*>(int, int, double*, int, int, long, long, double*, int, int, long, long)",24730,6448475860790790,6448475860799484,0,512,16,64,1,16,128,1
"KERNEL_DISPATCH",1,1,234821,456,151,"void rocsolver::v32802::getf2_npvt_small_kernel<16, double, int, int, double*>(int, double*, long, int, long, int*, int, int)",24736,6448475860818954,6448475860826605,0,136,128,1,1,128,1,1
"KERNEL_DISPATCH",1,1,234821,455,1235,"Cijk_Ailk_Bljk_DB_MT128x64x16_MI16x16x4x1_SN_1LDSB1_APM1_ABV0_ACED0_AF0EM2_AF1EM2_AMAS3_ASE_ASGT_ASLT_ASM_ASAE01_ASCE01_ASEM2_AAC0_BL1_BS1_CLR0_DTLA0_DTLB0_DTVA0_DTVB0_DVO0_ETSP_EPS1_ELFLR0_EMLL0_FSSC10_FL0_GLVWA2_GLVWB2_GRCGA1_GRCGB1_GRPM1_GRVW2_GSU1_GSUASB_GLS0_ISA942_IU1_K1_KLA_LBSPPA0_LBSPPB0_LPA0_LPB2_LDL1_LRVW1_LWPMn1_LDW0_FMA_MIAV1_MDA2_MO40_MMFSC_MKFGSU256_NTA0_NTB0_NTC3_NTD3_NEPBS0_NLCA1_NLCB1_ONLL1_OPLV0_PK0_PAP0_PGR2_PLR5_PKA0_SIA3_SLW1_SS1_SU0_SUM0_SUS0_SCIUI1_SPO1_SRVW0_SSO6_SVW2_SNLL0_TSGRA0_TSGRB0_TT2_64_TLDS0_UMLDSA0_UMLDSB0_U64SL1_USFGROn1_VAW1_VSn1_VW2_VWB1_VFLRP0_WSGRA0_WSGRB0_WS64_WG64_4_1_WGM6",24733,6448475860808377,6448475860815028,0,24832,256,1,1,256,2,1
"KERNEL_DISPATCH",1,1,234821,457,203,"void rocsolver::v32802::unit_forward_substitution_kernel<double, int, double*>(int, int, double*, int, int, long, long, double*, int, int, long, long)",24741,6448475860829169,6448475860838424,0,512,16,64,1,16,128,1
"KERNEL_DISPATCH",1,1,234821,458,716,"Cijk_Ailk_Bljk_DB_MT128x64x16_MI16x16x4x1_SN_1LDSB1_APM1_ABV0_ACED0_AF0EM2_AF1EM2_AMAS3_ASE_ASGT_ASLT_ASM_ASAE01_ASCE01_ASEM2_AAC0_BL1_BS1_CLR0_DTLA0_DTLB0_DTVA0_DTVB0_DVO0_ETSP_EPS1_ELFLR0_EMLL0_FSSC10_FL0_GLVWA2_GLVWB2_GRCGA1_GRCGB1_GRPM1_GRVW2_GSU1_GSUASB_GLS0_ISA942_IU1_K1_KLA_LBSPPA0_LBSPPB0_LPA0_LPB2_LDL1_LRVW1_LWPMn1_LDW0_FMA_MIAV1_MDA2_MO40_MMFSC_MKFGSU256_NTA0_NTB0_NTC3_NTD3_NEPBS0_NLCA1_NLCB1_ONLL1_OPLV0_PK0_PAP0_PGR2_PLR1_PKA0_SIA3_SLW1_SS1_SU0_SUM0_SUS0_SCIUI1_SPO1_SRVW0_SSO6_SVW2_SNLL0_TSGRA0_TSGRB0_TT2_64_TLDS0_UMLDSA0_UMLDSB0_U64SL1_USFGROn1_VAW1_VSn1_VW2_VWB1_VFLRP0_WSGRA0_WSGRB0_WS64_WG64_4_1_WGM6",24744,6448475860850602,6448475860860457,0,24832,256,1,1,256,2,1
"KERNEL_DISPATCH",1,1,234821,459,151,"void rocsolver::v32802::getf2_npvt_small_kernel<16, double, int, int, double*>(int, double*, long, int, long, int*, int, int)",24747,6448475860862019,6448475860870272,0,136,112,1,1,112,1,1
"KERNEL_DISPATCH",1,1,234821,460,203,"void rocsolver::v32802::unit_forward_substitution_kernel<double, int, double*>(int, int, double*, int, int, long, long, double*, int, int, long, long)",24752,6448475860878325,6448475860887499,0,512,16,64,1,16,128,1
"KERNEL_DISPATCH",1,1,234821,461,1112,"Cijk_Ailk_Bljk_DB_MT128x64x16_MI16x16x4x1_SN_1LDSB1_APM1_ABV0_ACED0_AF0EM2_AF1EM2_AMAS3_ASE_ASGT_ASLT_ASM_ASAE01_ASCE01_ASEM2_AAC0_BL1_BS1_CLR0_DTLA0_DTLB0_DTVA1_DTVB0_DVO0_ETSP_EPS1_ELFLR0_EMLL0_FSSC10_FL0_GLVWA2_GLVWB2_GRCGA1_GRCGB1_GRPM1_GRVW2_GSU1_GSUASB_GLS0_ISA942_IU1_K1_KLA_LBSPPA0_LBSPPB0_LPA0_LPB2_LDL1_LRVW1_LWPMn1_LDW0_FMA_MIAV1_MDA2_MO40_MMFSC_MKFGSU256_NTA0_NTB0_NTC3_NTD3_NEPBS0_NLCA1_NLCB1_ONLL1_OPLV0_PK0_PAP0_PGR2_PLR5_PKA0_SIA3_SLW1_SS1_SU0_SUM0_SUS0_SCIUI1_SPO1_SRVW0_SSO6_SVW2_SNLL0_TSGRA0_TSGRB0_TT2_64_TLDS0_UMLDSA0_UMLDSB0_U64SL1_USFGROn1_VAW1_VSn1_VW2_VWB1_VFLRP0_WSGRA0_WSGRB0_WS64_WG64_4_1_WGM12",24755,6448475860899597,6448475860908211,0,8448,256,1,1,256,2,1
"KERNEL_DISPATCH",1,1,234821,462,151,"void rocsolver::v32802::getf2_npvt_small_kernel<16, double, int, int, double*>(int, double*, long, int, long, int*, int, int)",24758,6448475860912577,6448475860920269,0,136,96,1,1,96,1,1
"KERNEL_DISPATCH",1,1,234821,463,203,"void rocsolver::v32802::unit_forward_substitution_kernel<double, int, double*>(int, int, double*, int, int, long, long, double*, int, int, long, long)",24763,6448475860927120,6448475860937175,0,512,16,64,1,16,128,1
"KERNEL_DISPATCH",1,1,234821,464,948,"Cijk_Ailk_Bljk_DB_MT64x64x16_MI16x16x4x1_SN_1LDSB1_APM1_ABV0_ACED0_AF0EM2_AF1EM2_AMAS3_ASE_ASGT_ASLT_ASM_ASAE01_ASCE01_ASEM2_AAC0_BL1_BS1_CLR0_DTLA0_DTLB0_DTVA0_DTVB0_DVO0_ETSP_EPS1_ELFLR0_EMLL0_FSSC10_FL0_GLVWA2_GLVWB2_GRCGA1_GRCGB1_GRPM1_GRVW2_GSU1_GSUASB_GLS0_ISA942_IU1_K1_KLA_LBSPPA0_LBSPPB0_LPA0_LPB2_LDL1_LRVW1_LWPMn1_LDW0_FMA_MIAV1_MDA2_MO40_MMFSC_MKFGSU256_NTA0_NTB0_NTC3_NTD3_NEPBS4_NLCA1_NLCB1_ONLL1_OPLV0_PK0_PAP0_PGR2_PLR5_PKA0_SIA3_SLW1_SS1_SU0_SUM0_SUS0_SCIUI1_SPO1_SRVW0_SSO6_SVW2_SNLL0_TSGRA0_TSGRB0_TT2_32_TLDS0_UMLDSA0_UMLDSB0_U64SL1_USFGROn1_VAW1_VSn1_VW2_VWB1_VFLRP0_WSGRA0_WSGRB0_WS64_WG32_8_1_WGM6",24766,6448475860946509,6448475860952719,0,16640,256,1,1,512,2,1
"KERNEL_DISPATCH",1,1,234821,465,151,"void rocsolver::v32802::getf2_npvt_small_kernel<16, double, int, int, double*>(int, double*, long, int, long, int*, int, int)",24769,6448475860955283,6448475860962374,0,136,80,1,1,80,1,1
"KERNEL_DISPATCH",1,1,234821,466,203,"void rocsolver::v32802::unit_forward_substitution_kernel<double, int, double*>(int, int, double*, int, int, long, long, double*, int, int, long, long)",24774,6448475860970947,6448475860980802,0,512,16,64,1,16,64,1
"KERNEL_DISPATCH",1,1,234821,467,838,"Cijk_Ailk_Bljk_DB_MT64x64x16_MI16x16x4x1_SN_1LDSB1_APM1_ABV0_ACED0_AF0EM2_AF1EM2_AMAS0_ASE_ASGT_ASLT_ASM_ASAE01_ASCE01_ASEM2_AAC0_BL1_BS1_CLR0_DTLA0_DTLB0_DTVA1_DTVB0_DVO0_ETSP_EPS1_ELFLR0_EMLL0_FSSC10_FL0_GLVWA1_GLVWB1_GRCGA1_GRCGB1_GRPM1_GRVW1_GSU1_GSUASB_GLS0_ISA942_IU1_K1_KLA_LBSPPA0_LBSPPB128_LPA0_LPB4_LDL1_LRVW2_LWPMn1_LDW0_FMA_MIAV1_MDA2_MO40_MMFSC_MKFGSU256_NTA0_NTB0_NTC3_NTD3_NEPBS0_NLCA1_NLCB1_ONLL1_OPLV0_PK0_PAP0_PGR2_PLR5_PKA0_SIA3_SLW1_SS1_SU0_SUM0_SUS0_SCIUI1_SPO1_SRVW0_SSO6_SVW1_SNLL0_TSGRA0_TSGRB0_TT1_64_TLDS1_UMLDSA0_UMLDSB1_U64SL1_USFGROn1_VAW1_VSn1_VW1_VWB1_VFLRP0_WSGRA0_WSGRB0_WS64_WG64_4_1_WGM6",24777,6448475860993782,6448475861000352,0,10240,256,1,1,256,1,1
"KERNEL_DISPATCH",1,1,234821,468,151,"void rocsolver::v32802::getf2_npvt_small_kernel<16, double, int, int, double*>(int, double*, long, int, long, int*, int, int)",24780,6448475861009806,6448475861018540,0,136,64,1,1,64,1,1
"KERNEL_DISPATCH",1,1,234821,469,203,"void rocsolver::v32802::unit_forward_substitution_kernel<double, int, double*>(int, int, double*, int, int, long, long, double*, int, int, long, long)",24785,6448475861018540,6448475861026151,0,512,16,64,1,16,64,1
"KERNEL_DISPATCH",1,1,234821,470,1153,"Cijk_Ailk_Bljk_DB_MT64x64x16_MI16x16x4x1_SN_1LDSB1_APM1_ABV0_ACED0_AF0EM2_AF1EM2_AMAS3_ASE_ASGT_ASLT_ASM_ASAE01_ASCE01_ASEM2_AAC0_BL1_BS1_CLR0_DTLA0_DTLB0_DTVA0_DTVB0_DVO0_ETSP_EPS1_ELFLR0_EMLL0_FSSC10_FL0_GLVWA2_GLVWB2_GRCGA1_GRCGB1_GRPM1_GRVW2_GSU1_GSUASB_GLS0_ISA942_IU1_K1_KLA_LBSPPA0_LBSPPB128_LPA0_LPB4_LDL1_LRVW2_LWPMn1_LDW0_FMA_MIAV1_MDA2_MO40_MMFSC_MKFGSU256_NTA0_NTB0_NTC3_NTD3_NEPBS0_NLCA1_NLCB1_ONLL1_OPLV0_PK0_PAP0_PGR2_PLR5_PKA0_SIA3_SLW1_SS1_SU0_SUM0_SUS0_SCIUI1_SPO1_SRVW0_SSO6_SVW2_SNLL0_TSGRA0_TSGRB0_TT2_32_TLDS1_UMLDSA0_UMLDSB1_U64SL1_USFGROn1_VAW1_VSn1_VW2_VWB1_VFLRP0_WSGRA0_WSGRB0_WS64_WG32_8_1_WGM6",24788,6448475861035926,6448475861042737,0,18432,256,1,1,256,1,1
"KERNEL_DISPATCH",1,1,234821,471,151,"void rocsolver::v32802::getf2_npvt_small_kernel<16, double, int, int, double*>(int, double*, long, int, long, int*, int, int)",24791,6448475861051470,6448475861059082,0,136,48,1,1,48,1,1
"KERNEL_DISPATCH",1,1,234821,472,203,"void rocsolver::v32802::unit_forward_substitution_kernel<double, int, double*>(int, int, double*, int, int, long, long, double*, int, int, long, long)",24796,6448475861065772,6448475861073504,0,512,16,64,1,16,64,1
"KERNEL_DISPATCH",1,1,234821,474,151,"void rocsolver::v32802::getf2_npvt_small_kernel<16, double, int, int, double*>(int, double*, long, int, long, int*, int, int)",24802,6448475861091532,6448475861098903,0,136,32,1,1,32,1,1
"KERNEL_DISPATCH",1,1,234821,473,788,"Cijk_Ailk_Bljk_DB_MT32x64x32_MI16x16x4x1_SN_1LDSB1_APM1_ABV0_ACED0_AF0EM2_AF1EM2_AMAS3_ASE_ASGT_ASLT_ASM_ASAE01_ASCE01_ASEM2_AAC0_BL1_BS1_CLR0_DTLA0_DTLB0_DTVA0_DTVB0_DVO0_ETSP_EPS1_ELFLR0_EMLL0_FSSC10_FL0_GLVWA2_GLVWB2_GRCGA1_GRCGB1_GRPM1_GRVW2_GSU1_GSUASB_GLS0_ISA942_IU1_K1_KLA_LBSPPA0_LBSPPB256_LPA0_LPB4_LDL1_LRVW2_LWPMn1_LDW0_FMA_MIAV1_MDA2_MO40_MMFSC_MKFGSU256_NTA0_NTB0_NTC3_NTD3_NEPBS0_NLCA1_NLCB1_ONLL1_OPLV0_PK0_PAP0_PGR2_PLR9_PKA0_SIA3_SLW1_SS1_SU0_SUM0_SUS0_SCIUI1_SPO1_SRVW0_SSO6_SVW2_SNLL0_TSGRA0_TSGRB0_TT2_16_TLDS1_UMLDSA0_UMLDSB1_U64SL1_USFGROn1_VAW1_VSn1_VW2_VWB1_VFLRP0_WSGRA0_WSGRB0_WS64_WG16_16_1_WGM6",24799,6448475861084801,6448475861089328,0,26624,256,1,1,256,1,1
"KERNEL_DISPATCH",1,1,234821,475,203,"void rocsolver::v32802::unit_forward_substitution_kernel<double, int, double*>(int, int, double*, int, int, long, long, double*, int, int, long, long)",24807,6448475861104271,6448475861110881,0,512,16,64,1,16,64,1
"KERNEL_DISPATCH",1,1,234821,476,788,"Cijk_Ailk_Bljk_DB_MT32x64x32_MI16x16x4x1_SN_1LDSB1_APM1_ABV0_ACED0_AF0EM2_AF1EM2_AMAS3_ASE_ASGT_ASLT_ASM_ASAE01_ASCE01_ASEM2_AAC0_BL1_BS1_CLR0_DTLA0_DTLB0_DTVA0_DTVB0_DVO0_ETSP_EPS1_ELFLR0_EMLL0_FSSC10_FL0_GLVWA2_GLVWB2_GRCGA1_GRCGB1_GRPM1_GRVW2_GSU1_GSUASB_GLS0_ISA942_IU1_K1_KLA_LBSPPA0_LBSPPB256_LPA0_LPB4_LDL1_LRVW2_LWPMn1_LDW0_FMA_MIAV1_MDA2_MO40_MMFSC_MKFGSU256_NTA0_NTB0_NTC3_NTD3_NEPBS0_NLCA1_NLCB1_ONLL1_OPLV0_PK0_PAP0_PGR2_PLR9_PKA0_SIA3_SLW1_SS1_SU0_SUM0_SUS0_SCIUI1_SPO1_SRVW0_SSO6_SVW2_SNLL0_TSGRA0_TSGRB0_TT2_16_TLDS1_UMLDSA0_UMLDSB1_U64SL1_USFGROn1_VAW1_VSn1_VW2_VWB1_VFLRP0_WSGRA0_WSGRB0_WS64_WG16_16_1_WGM6",24810,6448475861121137,6448475861125063,0,26624,256,1,1,256,1,1
"KERNEL_DISPATCH",1,1,234821,477,151,"void rocsolver::v32802::getf2_npvt_small_kernel<16, double, int, int, double*>(int, double*, long, int, long, int*, int, int)",24813,6448475861128308,6448475861135359,0,136,16,1,1,16,1,1
"KERNEL_DISPATCH",1,1,234821,478,1437,"void rocblas_trtri_trsm_kernel<128, 16, 8, double, double const*, double*>(rocblas_fill_, rocblas_diagonal_, double const*, long, int, long, double*, long, long, int)",24817,6448475861140967,6448475861169611,0,8192,256,1,1,4096,1,1
"KERNEL_DISPATCH",1,1,234821,480,787,"Cijk_Ailk_Bljk_DB_MT64x32x16_MI16x16x4x1_SN_1LDSB1_APM1_ABV0_ACED0_AF0EM2_AF1EM2_AMAS0_ASE_ASGT_ASLT_ASM_ASAE01_ASCE01_ASEM2_AAC0_BL1_BS1_CLR0_DTLA0_DTLB0_DTVA1_DTVB0_DVO0_ETSP_EPS1_ELFLR0_EMLL0_FSSC10_FL0_GLVWA1_GLVWB1_GRCGA1_GRCGB1_GRPM1_GRVW1_GSU1_GSUASB_GLS0_ISA942_IU1_K1_KLA_LBSPPA0_LBSPPB128_LPA0_LPB4_LDL1_LRVW2_LWPMn1_LDW0_FMA_MIAV1_MDA2_MO40_MMFSC_MKFGSU256_NTA0_NTB0_NTC3_NTD3_NEPBS0_NLCA1_NLCB1_ONLL1_OPLV0_PK0_PAP0_PGR2_PLR5_PKA0_SIA3_SLW1_SS1_SU0_SUM0_SUS0_SCIUI1_SPO1_SRVW0_SSO6_SVW1_SNLL0_TSGRA0_TSGRB0_TT1_32_TLDS1_UMLDSA0_UMLDSB1_U64SL1_USFGROn1_VAW1_VSn1_VW1_VWB1_VFLRP0_WSGRA0_WSGRB0_WS64_WG64_4_1_WGM12",24826,6448475861181029,6448475861186918,0,5120,256,1,1,256,1,4
"KERNEL_DISPATCH",1,1,234821,479,1433,"void rocblas_trtri_fill<128, double, double*>(_rocblas_handle*, rocblas_fill_, int, long, int, long, double*, long, long, int, int)",24822,6448475861169611,6448475861172255,0,0,128,1,1,32512,1,1
"KERNEL_DISPATCH",1,1,234821,481,787,"Cijk_Ailk_Bljk_DB_MT64x32x16_MI16x16x4x1_SN_1LDSB1_APM1_ABV0_ACED0_AF0EM2_AF1EM2_AMAS0_ASE_ASGT_ASLT_ASM_ASAE01_ASCE01_ASEM2_AAC0_BL1_BS1_CLR0_DTLA0_DTLB0_DTVA1_DTVB0_DVO0_ETSP_EPS1_ELFLR0_EMLL0_FSSC10_FL0_GLVWA1_GLVWB1_GRCGA1_GRCGB1_GRPM1_GRVW1_GSU1_GSUASB_GLS0_ISA942_IU1_K1_KLA_LBSPPA0_LBSPPB128_LPA0_LPB4_LDL1_LRVW2_LWPMn1_LDW0_FMA_MIAV1_MDA2_MO40_MMFSC_MKFGSU256_NTA0_NTB0_NTC3_NTD3_NEPBS0_NLCA1_NLCB1_ONLL1_OPLV0_PK0_PAP0_PGR2_PLR5_PKA0_SIA3_SLW1_SS1_SU0_SUM0_SUS0_SCIUI1_SPO1_SRVW0_SSO6_SVW1_SNLL0_TSGRA0_TSGRB0_TT1_32_TLDS1_UMLDSA0_UMLDSB1_U64SL1_USFGROn1_VAW1_VSn1_VW1_VWB1_VFLRP0_WSGRA0_WSGRB0_WS64_WG64_4_1_WGM12",24829,6448475861202181,6448475861208070,0,5120,256,1,1,256,1,4
"KERNEL_DISPATCH",1,1,234821,482,787,"Cijk_Ailk_Bljk_DB_MT64x32x16_MI16x16x4x1_SN_1LDSB1_APM1_ABV0_ACED0_AF0EM2_AF1EM2_AMAS0_ASE_ASGT_ASLT_ASM_ASAE01_ASCE01_ASEM2_AAC0_BL1_BS1_CLR0_DTLA0_DTLB0_DTVA1_DTVB0_DVO0_ETSP_EPS1_ELFLR0_EMLL0_FSSC10_FL0_GLVWA1_GLVWB1_GRCGA1_GRCGB1_GRPM1_GRVW1_GSU1_GSUASB_GLS0_ISA942_IU1_K1_KLA_LBSPPA0_LBSPPB128_LPA0_LPB4_LDL1_LRVW2_LWPMn1_LDW0_FMA_MIAV1_MDA2_MO40_MMFSC_MKFGSU256_NTA0_NTB0_NTC3_NTD3_NEPBS0_NLCA1_NLCB1_ONLL1_OPLV0_PK0_PAP0_PGR2_PLR5_PKA0_SIA3_SLW1_SS1_SU0_SUM0_SUS0_SCIUI1_SPO1_SRVW0_SSO6_SVW1_SNLL0_TSGRA0_TSGRB0_TT1_32_TLDS1_UMLDSA0_UMLDSB1_U64SL1_USFGROn1_VAW1_VSn1_VW1_VWB1_VFLRP0_WSGRA0_WSGRB0_WS64_WG64_4_1_WGM12",24832,6448475861240320,6448475861244686,0,5120,256,1,1,256,1,4
"KERNEL_DISPATCH",1,1,234821,483,787,"Cijk_Ailk_Bljk_DB_MT64x32x16_MI16x16x4x1_SN_1LDSB1_APM1_ABV0_ACED0_AF0EM2_AF1EM2_AMAS0_ASE_ASGT_ASLT_ASM_ASAE01_ASCE01_ASEM2_AAC0_BL1_BS1_CLR0_DTLA0_DTLB0_DTVA1_DTVB0_DVO0_ETSP_EPS1_ELFLR0_EMLL0_FSSC10_FL0_GLVWA1_GLVWB1_GRCGA1_GRCGB1_GRPM1_GRVW1_GSU1_GSUASB_GLS0_ISA942_IU1_K1_KLA_LBSPPA0_LBSPPB128_LPA0_LPB4_LDL1_LRVW2_LWPMn1_LDW0_FMA_MIAV1_MDA2_MO40_MMFSC_MKFGSU256_NTA0_NTB0_NTC3_NTD3_NEPBS0_NLCA1_NLCB1_ONLL1_OPLV0_PK0_PAP0_PGR2_PLR5_PKA0_SIA3_SLW1_SS1_SU0_SUM0_SUS0_SCIUI1_SPO1_SRVW0_SSO6_SVW1_SNLL0_TSGRA0_TSGRB0_TT1_32_TLDS1_UMLDSA0_UMLDSB1_U64SL1_USFGROn1_VAW1_VSn1_VW1_VWB1_VFLRP0_WSGRA0_WSGRB0_WS64_WG64_4_1_WGM12",24835,6448475861256704,6448475861261031,0,5120,256,1,1,256,1,4
"KERNEL_DISPATCH",1,1,234821,484,632,"Cijk_Ailk_Bljk_DB_MT64x64x32_MI16x16x4x1_SN_1LDSB1_APM1_ABV0_ACED0_AF0EM2_AF1EM2_AMAS0_ASE_ASGT_ASLT_ASM_ASAE01_ASCE01_ASEM2_AAC0_BL1_BS1_CLR0_DTLA0_DTLB0_DTVA0_DTVB0_DVO0_ETSP_EPS1_ELFLR0_EMLL0_FSSC10_FL0_GLVWA1_GLVWB1_GRCGA1_GRCGB1_GRPM1_GRVW1_GSU1_GSUASB_GLS0_ISA942_IU1_K1_KLA_LBSPPA0_LBSPPB0_LPA0_LPB1_LDL1_LRVW1_LWPMn1_LDW0_FMA_MIAV1_MDA2_MO40_MMFSC_MKFGSU256_NTA0_NTB0_NTC3_NTD3_NEPBS0_NLCA1_NLCB1_ONLL1_OPLV0_PK0_PAP0_PGR2_PLR9_PKA0_SIA3_SLW1_SS1_SU0_SUM0_SUS0_SCIUI1_SPO1_SRVW0_SSO6_SVW1_SNLL0_TSGRA0_TSGRB0_TT2_32_TLDS0_UMLDSA0_UMLDSB0_U64SL1_USFGROn1_VAW1_VSn1_VW1_VWB1_VFLRP0_WSGRA0_WSGRB0_WS64_WG32_8_1_WGM6",24838,6448475861278058,6448475861287312,0,33024,256,1,1,256,1,4
"KERNEL_DISPATCH",1,1,234821,485,632,"Cijk_Ailk_Bljk_DB_MT64x64x32_MI16x16x4x1_SN_1LDSB1_APM1_ABV0_ACED0_AF0EM2_AF1EM2_AMAS0_ASE_ASGT_ASLT_ASM_ASAE01_ASCE01_ASEM2_AAC0_BL1_BS1_CLR0_DTLA0_DTLB0_DTVA0_DTVB0_DVO0_ETSP_EPS1_ELFLR0_EMLL0_FSSC10_FL0_GLVWA1_GLVWB1_GRCGA1_GRCGB1_GRPM1_GRVW1_GSU1_GSUASB_GLS0_ISA942_IU1_K1_KLA_LBSPPA0_LBSPPB0_LPA0_LPB1_LDL1_LRVW1_LWPMn1_LDW0_FMA_MIAV1_MDA2_MO40_MMFSC_MKFGSU256_NTA0_NTB0_NTC3_NTD3_NEPBS0_NLCA1_NLCB1_ONLL1_OPLV0_PK0_PAP0_PGR2_PLR9_PKA0_SIA3_SLW1_SS1_SU0_SUM0_SUS0_SCIUI1_SPO1_SRVW0_SSO6_SVW1_SNLL0_TSGRA0_TSGRB0_TT2_32_TLDS0_UMLDSA0_UMLDSB0_U64SL1_USFGROn1_VAW1_VSn1_VW1_VWB1_VFLRP0_WSGRA0_WSGRB0_WS64_WG32_8_1_WGM6",24841,6448475861293241,6448475861300011,0,33024,256,1,1,256,1,4
"KERNEL_DISPATCH",1,1,234821,486,1435,"void rocblas_copy_matrix_trsm<128, 8, double, double*, double*>(int, int, int, double*, int, long, double*, int, long, long, long, int)",24845,6448475861304138,6448475861307423,0,0,128,8,1,2048,128,1
"KERNEL_DISPATCH",1,1,234821,487,1067,"Cijk_Ailk_Bljk_DB_MT80x64x32_MI16x16x4x1_SN_1LDSB1_APM1_ABV0_ACED0_AF0EM1_AF1EM1_AMAS0_ASE_ASGT_ASLT_ASM_ASAE01_ASCE01_ASEM1_AAC0_BL1_BS1_CLR0_DTLA0_DTLB0_DTVA0_DTVB0_DVO0_ETB_EPS1_ELFLR0_EMLL0_FSSC10_FL0_GLVWA2_GLVWB2_GRCGA1_GRCGB1_GRPM1_GRVWn1_GSU1_GSUASB_GLS0_ISA942_IU1_K1_KLA_LBSPPA0_LBSPPB256_LPA0_LPB4_LDL1_LRVW2_LWPMn1_LDW0_FMA_MIAV1_MDA2_MO40_MMFSC_MKFGSU256_NTA0_NTB0_NTC3_NTD3_NEPBS4_NLCA5_NLCB1_ONLL1_OPLV0_PK0_PAP0_PGR2_PLR9_PKA0_SIA3_SLW1_SS1_SU0_SUM0_SUS0_SCIUI1_SPO0_SRVW0_SSO0_SVW1_SNLL0_TSGRA0_TSGRB0_TT5_16_TLDS1_UMLDSA0_UMLDSB1_U64SL1_USFGROn1_VAW1_VSn1_VW1_VWB1_VFLRP0_WSGRA0_WSGRB0_WS64_WG16_16_1_WGM1",24849,6448475861328375,6448475861344640,0,38912,256,1,1,6656,2,1
"KERNEL_DISPATCH",1,1,234821,488,1067,"Cijk_Ailk_Bljk_DB_MT80x64x32_MI16x16x4x1_SN_1LDSB1_APM1_ABV0_ACED0_AF0EM1_AF1EM1_AMAS0_ASE_ASGT_ASLT_ASM_ASAE01_ASCE01_ASEM1_AAC0_BL1_BS1_CLR0_DTLA0_DTLB0_DTVA0_DTVB0_DVO0_ETB_EPS1_ELFLR0_EMLL0_FSSC10_FL0_GLVWA2_GLVWB2_GRCGA1_GRCGB1_GRPM1_GRVWn1_GSU1_GSUASB_GLS0_ISA942_IU1_K1_KLA_LBSPPA0_LBSPPB256_LPA0_LPB4_LDL1_LRVW2_LWPMn1_LDW0_FMA_MIAV1_MDA2_MO40_MMFSC_MKFGSU256_NTA0_NTB0_NTC3_NTD3_NEPBS4_NLCA5_NLCB1_ONLL1_OPLV0_PK0_PAP0_PGR2_PLR9_PKA0_SIA3_SLW1_SS1_SU0_SUM0_SUS0_SCIUI1_SPO0_SRVW0_SSO0_SVW1_SNLL0_TSGRA0_TSGRB0_TT5_16_TLDS1_UMLDSA0_UMLDSB1_U64SL1_USFGROn1_VAW1_VSn1_VW1_VWB1_VFLRP0_WSGRA0_WSGRB0_WS64_WG16_16_1_WGM1",24852,6448475861346643,6448475861357259,0,38912,256,1,1,6656,2,1
"KERNEL_DISPATCH",1,1,234821,489,1067,"Cijk_Ailk_Bljk_DB_MT80x64x32_MI16x16x4x1_SN_1LDSB1_APM1_ABV0_ACED0_AF0EM1_AF1EM1_AMAS0_ASE_ASGT_ASLT_ASM_ASAE01_ASCE01_ASEM1_AAC0_BL1_BS1_CLR0_DTLA0_DTLB0_DTVA0_DTVB0_DVO0_ETB_EPS1_ELFLR0_EMLL0_FSSC10_FL0_GLVWA2_GLVWB2_GRCGA1_GRCGB1_GRPM1_GRVWn1_GSU1_GSUASB_GLS0_ISA942_IU1_K1_KLA_LBSPPA0_LBSPPB256_LPA0_LPB4_LDL1_LRVW2_LWPMn1_LDW0_FMA_MIAV1_MDA2_MO40_MMFSC_MKFGSU256_NTA0_NTB0_NTC3_NTD3_NEPBS4_NLCA5_NLCB1_ONLL1_OPLV0_PK0_PAP0_PGR2_PLR9_PKA0_SIA3_SLW1_SS1_SU0_SUM0_SUS0_SCIUI1_SPO0_SRVW0_SSO0_SVW1_SNLL0_TSGRA0_TSGRB0_TT5_16_TLDS1_UMLDSA0_UMLDSB1_U64SL1_USFGROn1_VAW1_VSn1_VW1_VWB1_VFLRP0_WSGRA0_WSGRB0_WS64_WG16_16_1_WGM1",24855,6448475861362227,6448475861369398,0,38912,256,1,1,6656,2,1
"KERNEL_DISPATCH",1,1,234821,490,1067,"Cijk_Ailk_Bljk_DB_MT80x64x32_MI16x16x4x1_SN_1LDSB1_APM1_ABV0_ACED0_AF0EM1_AF1EM1_AMAS0_ASE_ASGT_ASLT_ASM_ASAE01_ASCE01_ASEM1_AAC0_BL1_BS1_CLR0_DTLA0_DTLB0_DTVA0_DTVB0_DVO0_ETB_EPS1_ELFLR0_EMLL0_FSSC10_FL0_GLVWA2_GLVWB2_GRCGA1_GRCGB1_GRPM1_GRVWn1_GSU1_GSUASB_GLS0_ISA942_IU1_K1_KLA_LBSPPA0_LBSPPB256_LPA0_LPB4_LDL1_LRVW2_LWPMn1_LDW0_FMA_MIAV1_MDA2_MO40_MMFSC_MKFGSU256_NTA0_NTB0_NTC3_NTD3_NEPBS4_NLCA5_NLCB1_ONLL1_OPLV0_PK0_PAP0_PGR2_PLR9_PKA0_SIA3_SLW1_SS1_SU0_SUM0_SUS0_SCIUI1_SPO0_SRVW0_SSO0_SVW1_SNLL0_TSGRA0_TSGRB0_TT5_16_TLDS1_UMLDSA0_UMLDSB1_U64SL1_USFGROn1_VAW1_VSn1_VW1_VWB1_VFLRP0_WSGRA0_WSGRB0_WS64_WG16_16_1_WGM1",24858,6448475861381817,6448475861394356,0,38912,256,1,1,6656,2,1
"KERNEL_DISPATCH",1,1,234821,491,1067,"Cijk_Ailk_Bljk_DB_MT80x64x32_MI16x16x4x1_SN_1LDSB1_APM1_ABV0_ACED0_AF0EM1_AF1EM1_AMAS0_ASE_ASGT_ASLT_ASM_ASAE01_ASCE01_ASEM1_AAC0_BL1_BS1_CLR0_DTLA0_DTLB0_DTVA0_DTVB0_DVO0_ETB_EPS1_ELFLR0_EMLL0_FSSC10_FL0_GLVWA2_GLVWB2_GRCGA1_GRCGB1_GRPM1_GRVWn1_GSU1_GSUASB_GLS0_ISA942_IU1_K1_KLA_LBSPPA0_LBSPPB256_LPA0_LPB4_LDL1_LRVW2_LWPMn1_LDW0_FMA_MIAV1_MDA2_MO40_MMFSC_MKFGSU256_NTA0_NTB0_NTC3_NTD3_NEPBS4_NLCA5_NLCB1_ONLL1_OPLV0_PK0_PAP0_PGR2_PLR9_PKA0_SIA3_SLW1_SS1_SU0_SUM0_SUS0_SCIUI1_SPO0_SRVW0_SSO0_SVW1_SNLL0_TSGRA0_TSGRB0_TT5_16_TLDS1_UMLDSA0_UMLDSB1_U64SL1_USFGROn1_VAW1_VSn1_VW1_VWB1_VFLRP0_WSGRA0_WSGRB0_WS64_WG16_16_1_WGM1",24861,6448475861399644,6448475861406254,0,38912,256,1,1,6656,2,1
"KERNEL_DISPATCH",1,1,234821,492,1067,"Cijk_Ailk_Bljk_DB_MT80x64x32_MI16x16x4x1_SN_1LDSB1_APM1_ABV0_ACED0_AF0EM1_AF1EM1_AMAS0_ASE_ASGT_ASLT_ASM_ASAE01_ASCE01_ASEM1_AAC0_BL1_BS1_CLR0_DTLA0_DTLB0_DTVA0_DTVB0_DVO0_ETB_EPS1_ELFLR0_EMLL0_FSSC10_FL0_GLVWA2_GLVWB2_GRCGA1_GRCGB1_GRPM1_GRVWn1_GSU1_GSUASB_GLS0_ISA942_IU1_K1_KLA_LBSPPA0_LBSPPB256_LPA0_LPB4_LDL1_LRVW2_LWPMn1_LDW0_FMA_MIAV1_MDA2_MO40_MMFSC_MKFGSU256_NTA0_NTB0_NTC3_NTD3_NEPBS4_NLCA5_NLCB1_ONLL1_OPLV0_PK0_PAP0_PGR2_PLR9_PKA0_SIA3_SLW1_SS1_SU0_SUM0_SUS0_SCIUI1_SPO0_SRVW0_SSO0_SVW1_SNLL0_TSGRA0_TSGRB0_TT5_16_TLDS1_UMLDSA0_UMLDSB1_U64SL1_USFGROn1_VAW1_VSn1_VW1_VWB1_VFLRP0_WSGRA0_WSGRB0_WS64_WG16_16_1_WGM1",24864,6448475861423841,6448475861439145,0,38912,256,1,1,6656,2,1
"KERNEL_DISPATCH",1,1,234821,493,1067,"Cijk_Ailk_Bljk_DB_MT80x64x32_MI16x16x4x1_SN_1LDSB1_APM1_ABV0_ACED0_AF0EM1_AF1EM1_AMAS0_ASE_ASGT_ASLT_ASM_ASAE01_ASCE01_ASEM1_AAC0_BL1_BS1_CLR0_DTLA0_DTLB0_DTVA0_DTVB0_DVO0_ETB_EPS1_ELFLR0_EMLL0_FSSC10_FL0_GLVWA2_GLVWB2_GRCGA1_GRCGB1_GRPM1_GRVWn1_GSU1_GSUASB_GLS0_ISA942_IU1_K1_KLA_LBSPPA0_LBSPPB256_LPA0_LPB4_LDL1_LRVW2_LWPMn1_LDW0_FMA_MIAV1_MDA2_MO40_MMFSC_MKFGSU256_NTA0_NTB0_NTC3_NTD3_NEPBS4_NLCA5_NLCB1_ONLL1_OPLV0_PK0_PAP0_PGR2_PLR9_PKA0_SIA3_SLW1_SS1_SU0_SUM0_SUS0_SCIUI1_SPO0_SRVW0_SSO0_SVW1_SNLL0_TSGRA0_TSGRB0_TT5_16_TLDS1_UMLDSA0_UMLDSB1_U64SL1_USFGROn1_VAW1_VSn1_VW1_VWB1_VFLRP0_WSGRA0_WSGRB0_WS64_WG16_16_1_WGM1",24867,6448475861441428,6448475861448158,0,38912,256,1,1,6656,2,1
"KERNEL_DISPATCH",1,1,234821,495,1433,"void rocblas_trtri_fill<128, double, double*>(_rocblas_handle*, rocblas_fill_, int, long, int, long, double*, long, long, int, int)",24876,6448475861478004,6448475861480568,0,0,128,1,1,32512,1,1
"KERNEL_DISPATCH",1,1,234821,494,1437,"void rocblas_trtri_trsm_kernel<128, 16, 8, double, double const*, double*>(rocblas_fill_, rocblas_diagonal_, double const*, long, int, long, double*, long, long, int)",24871,6448475861450001,6448475861478004,0,8192,256,1,1,4096,1,1
"KERNEL_DISPATCH",1,1,234821,496,787,"Cijk_Ailk_Bljk_DB_MT64x32x16_MI16x16x4x1_SN_1LDSB1_APM1_ABV0_ACED0_AF0EM2_AF1EM2_AMAS0_ASE_ASGT_ASLT_ASM_ASAE01_ASCE01_ASEM2_AAC0_BL1_BS1_CLR0_DTLA0_DTLB0_DTVA1_DTVB0_DVO0_ETSP_EPS1_ELFLR0_EMLL0_FSSC10_FL0_GLVWA1_GLVWB1_GRCGA1_GRCGB1_GRPM1_GRVW1_GSU1_GSUASB_GLS0_ISA942_IU1_K1_KLA_LBSPPA0_LBSPPB128_LPA0_LPB4_LDL1_LRVW2_LWPMn1_LDW0_FMA_MIAV1_MDA2_MO40_MMFSC_MKFGSU256_NTA0_NTB0_NTC3_NTD3_NEPBS0_NLCA1_NLCB1_ONLL1_OPLV0_PK0_PAP0_PGR2_PLR5_PKA0_SIA3_SLW1_SS1_SU0_SUM0_SUS0_SCIUI1_SPO1_SRVW0_SSO6_SVW1_SNLL0_TSGRA0_TSGRB0_TT1_32_TLDS1_UMLDSA0_UMLDSB1_U64SL1_USFGROn1_VAW1_VSn1_VW1_VWB1_VFLRP0_WSGRA0_WSGRB0_WS64_WG64_4_1_WGM12",24880,6448475861485135,6448475861490063,0,5120,256,1,1,256,1,4
"KERNEL_DISPATCH",1,1,234821,497,787,"Cijk_Ailk_Bljk_DB_MT64x32x16_MI16x16x4x1_SN_1LDSB1_APM1_ABV0_ACED0_AF0EM2_AF1EM2_AMAS0_ASE_ASGT_ASLT_ASM_ASAE01_ASCE01_ASEM2_AAC0_BL1_BS1_CLR0_DTLA0_DTLB0_DTVA1_DTVB0_DVO0_ETSP_EPS1_ELFLR0_EMLL0_FSSC10_FL0_GLVWA1_GLVWB1_GRCGA1_GRCGB1_GRPM1_GRVW1_GSU1_GSUASB_GLS0_ISA942_IU1_K1_KLA_LBSPPA0_LBSPPB128_LPA0_LPB4_LDL1_LRVW2_LWPMn1_LDW0_FMA_MIAV1_MDA2_MO40_MMFSC_MKFGSU256_NTA0_NTB0_NTC3_NTD3_NEPBS0_NLCA1_NLCB1_ONLL1_OPLV0_PK0_PAP0_PGR2_PLR5_PKA0_SIA3_SLW1_SS1_SU0_SUM0_SUS0_SCIUI1_SPO1_SRVW0_SSO6_SVW1_SNLL0_TSGRA0_TSGRB0_TT1_32_TLDS1_UMLDSA0_UMLDSB1_U64SL1_USFGROn1_VAW1_VSn1_VW1_VWB1_VFLRP0_WSGRA0_WSGRB0_WS64_WG64_4_1_WGM12",24883,6448475861502762,6448475861507529,0,5120,256,1,1,256,1,4
"KERNEL_DISPATCH",1,1,234821,498,787,"Cijk_Ailk_Bljk_DB_MT64x32x16_MI16x16x4x1_SN_1LDSB1_APM1_ABV0_ACED0_AF0EM2_AF1EM2_AMAS0_ASE_ASGT_ASLT_ASM_ASAE01_ASCE01_ASEM2_AAC0_BL1_BS1_CLR0_DTLA0_DTLB0_DTVA1_DTVB0_DVO0_ETSP_EPS1_ELFLR0_EMLL0_FSSC10_FL0_GLVWA1_GLVWB1_GRCGA1_GRCGB1_GRPM1_GRVW1_GSU1_GSUASB_GLS0_ISA942_IU1_K1_KLA_LBSPPA0_LBSPPB128_LPA0_LPB4_LDL1_LRVW2_LWPMn1_LDW0_FMA_MIAV1_MDA2_MO40_MMFSC_MKFGSU256_NTA0_NTB0_NTC3_NTD3_NEPBS0_NLCA1_NLCB1_ONLL1_OPLV0_PK0_PAP0_PGR2_PLR5_PKA0_SIA3_SLW1_SS1_SU0_SUM0_SUS0_SCIUI1_SPO1_SRVW0_SSO6_SVW1_SNLL0_TSGRA0_TSGRB0_TT1_32_TLDS1_UMLDSA0_UMLDSB1_U64SL1_USFGROn1_VAW1_VSn1_VW1_VWB1_VFLRP0_WSGRA0_WSGRB0_WS64_WG64_4_1_WGM12",24886,6448475861527440,6448475861531526,0,5120,256,1,1,256,1,4
"KERNEL_DISPATCH",1,1,234821,499,787,"Cijk_Ailk_Bljk_DB_MT64x32x16_MI16x16x4x1_SN_1LDSB1_APM1_ABV0_ACED0_AF0EM2_AF1EM2_AMAS0_ASE_ASGT_ASLT_ASM_ASAE01_ASCE01_ASEM2_AAC0_BL1_BS1_CLR0_DTLA0_DTLB0_DTVA1_DTVB0_DVO0_ETSP_EPS1_ELFLR0_EMLL0_FSSC10_FL0_GLVWA1_GLVWB1_GRCGA1_GRCGB1_GRPM1_GRVW1_GSU1_GSUASB_GLS0_ISA942_IU1_K1_KLA_LBSPPA0_LBSPPB128_LPA0_LPB4_LDL1_LRVW2_LWPMn1_LDW0_FMA_MIAV1_MDA2_MO40_MMFSC_MKFGSU256_NTA0_NTB0_NTC3_NTD3_NEPBS0_NLCA1_NLCB1_ONLL1_OPLV0_PK0_PAP0_PGR2_PLR5_PKA0_SIA3_SLW1_SS1_SU0_SUM0_SUS0_SCIUI1_SPO1_SRVW0_SSO6_SVW1_SNLL0_TSGRA0_TSGRB0_TT1_32_TLDS1_UMLDSA0_UMLDSB1_U64SL1_USFGROn1_VAW1_VSn1_VW1_VWB1_VFLRP0_WSGRA0_WSGRB0_WS64_WG64_4_1_WGM12",24889,6448475861542944,6448475861547911,0,5120,256,1,1,256,1,4
"KERNEL_DISPATCH",1,1,234821,500,632,"Cijk_Ailk_Bljk_DB_MT64x64x32_MI16x16x4x1_SN_1LDSB1_APM1_ABV0_ACED0_AF0EM2_AF1EM2_AMAS0_ASE_ASGT_ASLT_ASM_ASAE01_ASCE01_ASEM2_AAC0_BL1_BS1_CLR0_DTLA0_DTLB0_DTVA0_DTVB0_DVO0_ETSP_EPS1_ELFLR0_EMLL0_FSSC10_FL0_GLVWA1_GLVWB1_GRCGA1_GRCGB1_GRPM1_GRVW1_GSU1_GSUASB_GLS0_ISA942_IU1_K1_KLA_LBSPPA0_LBSPPB0_LPA0_LPB1_LDL1_LRVW1_LWPMn1_LDW0_FMA_MIAV1_MDA2_MO40_MMFSC_MKFGSU256_NTA0_NTB0_NTC3_NTD3_NEPBS0_NLCA1_NLCB1_ONLL1_OPLV0_PK0_PAP0_PGR2_PLR9_PKA0_SIA3_SLW1_SS1_SU0_SUM0_SUS0_SCIUI1_SPO1_SRVW0_SSO6_SVW1_SNLL0_TSGRA0_TSGRB0_TT2_32_TLDS0_UMLDSA0_UMLDSB0_U64SL1_USFGROn1_VAW1_VSn1_VW1_VWB1_VFLRP0_WSGRA0_WSGRB0_WS64_WG32_8_1_WGM6",24892,6448475861558247,6448475861566420,0,33024,256,1,1,256,1,4
"KERNEL_DISPATCH",1,1,234821,501,632,"Cijk_Ailk_Bljk_DB_MT64x64x32_MI16x16x4x1_SN_1LDSB1_APM1_ABV0_ACED0_AF0EM2_AF1EM2_AMAS0_ASE_ASGT_ASLT_ASM_ASAE01_ASCE01_ASEM2_AAC0_BL1_BS1_CLR0_DTLA0_DTLB0_DTVA0_DTVB0_DVO0_ETSP_EPS1_ELFLR0_EMLL0_FSSC10_FL0_GLVWA1_GLVWB1_GRCGA1_GRCGB1_GRPM1_GRVW1_GSU1_GSUASB_GLS0_ISA942_IU1_K1_KLA_LBSPPA0_LBSPPB0_LPA0_LPB1_LDL1_LRVW1_LWPMn1_LDW0_FMA_MIAV1_MDA2_MO40_MMFSC_MKFGSU256_NTA0_NTB0_NTC3_NTD3_NEPBS0_NLCA1_NLCB1_ONLL1_OPLV0_PK0_PAP0_PGR2_PLR9_PKA0_SIA3_SLW1_SS1_SU0_SUM0_SUS0_SCIUI1_SPO1_SRVW0_SSO6_SVW1_SNLL0_TSGRA0_TSGRB0_TT2_32_TLDS0_UMLDSA0_UMLDSB0_U64SL1_USFGROn1_VAW1_VSn1_VW1_VWB1_VFLRP0_WSGRA0_WSGRB0_WS64_WG32_8_1_WGM6",24895,6448475861572880,6448475861581052,0,33024,256,1,1,256,1,4
"KERNEL_DISPATCH",1,1,234821,502,1435,"void rocblas_copy_matrix_trsm<128, 8, double, double*, double*>(int, int, int, double*, int, long, double*, int, long, long, long, int)",24899,6448475861586611,6448475861595144,0,0,128,8,1,128,2048,1
"KERNEL_DISPATCH",1,1,234821,503,1201,"Cijk_Ailk_Bljk_DB_MT80x64x32_MI16x16x4x1_SN_1LDSB1_APM1_ABV0_ACED0_AF0EM1_AF1EM1_AMAS0_ASE_ASGT_ASLT_ASM_ASAE01_ASCE01_ASEM1_AAC0_BL1_BS1_CLR0_DTLA0_DTLB0_DTVA0_DTVB0_DVO0_ETB_EPS1_ELFLR0_EMLL0_FSSC10_FL0_GLVWA2_GLVWB2_GRCGA1_GRCGB1_GRPM1_GRVWn1_GSU1_GSUASB_GLS0_ISA942_IU1_K1_KLA_LBSPPA0_LBSPPB256_LPA0_LPB2_LDL1_LRVW1_LWPMn1_LDW0_FMA_MIAV1_MDA2_MO40_MMFSC_MKFGSU256_NTA0_NTB0_NTC3_NTD3_NEPBS4_NLCA5_NLCB1_ONLL1_OPLV0_PK0_PAP0_PGR2_PLR9_PKA0_SIA3_SLW1_SS1_SU0_SUM0_SUS0_SCIUI1_SPO0_SRVW0_SSO0_SVW1_SNLL0_TSGRA0_TSGRB0_TT5_16_TLDS1_UMLDSA0_UMLDSB1_U64SL1_USFGROn1_VAW1_VSn1_VW1_VWB1_VFLRP0_WSGRA0_WSGRB0_WS64_WG16_16_1_WGM12",24903,6448475861613131,6448475861621504,0,37888,256,1,1,512,32,1
"KERNEL_DISPATCH",1,1,234821,504,1201,"Cijk_Ailk_Bljk_DB_MT80x64x32_MI16x16x4x1_SN_1LDSB1_APM1_ABV0_ACED0_AF0EM1_AF1EM1_AMAS0_ASE_ASGT_ASLT_ASM_ASAE01_ASCE01_ASEM1_AAC0_BL1_BS1_CLR0_DTLA0_DTLB0_DTVA0_DTVB0_DVO0_ETB_EPS1_ELFLR0_EMLL0_FSSC10_FL0_GLVWA2_GLVWB2_GRCGA1_GRCGB1_GRPM1_GRVWn1_GSU1_GSUASB_GLS0_ISA942_IU1_K1_KLA_LBSPPA0_LBSPPB256_LPA0_LPB2_LDL1_LRVW1_LWPMn1_LDW0_FMA_MIAV1_MDA2_MO40_MMFSC_MKFGSU256_NTA0_NTB0_NTC3_NTD3_NEPBS4_NLCA5_NLCB1_ONLL1_OPLV0_PK0_PAP0_PGR2_PLR9_PKA0_SIA3_SLW1_SS1_SU0_SUM0_SUS0_SCIUI1_SPO0_SRVW0_SSO0_SVW1_SNLL0_TSGRA0_TSGRB0_TT5_16_TLDS1_UMLDSA0_UMLDSB1_U64SL1_USFGROn1_VAW1_VSn1_VW1_VWB1_VFLRP0_WSGRA0_WSGRB0_WS64_WG16_16_1_WGM12",24906,6448475861627714,6448475861638851,0,37888,256,1,1,512,32,1
"KERNEL_DISPATCH",1,1,234821,505,1201,"Cijk_Ailk_Bljk_DB_MT80x64x32_MI16x16x4x1_SN_1LDSB1_APM1_ABV0_ACED0_AF0EM1_AF1EM1_AMAS0_ASE_ASGT_ASLT_ASM_ASAE01_ASCE01_ASEM1_AAC0_BL1_BS1_CLR0_DTLA0_DTLB0_DTVA0_DTVB0_DVO0_ETB_EPS1_ELFLR0_EMLL0_FSSC10_FL0_GLVWA2_GLVWB2_GRCGA1_GRCGB1_GRPM1_GRVWn1_GSU1_GSUASB_GLS0_ISA942_IU1_K1_KLA_LBSPPA0_LBSPPB256_LPA0_LPB2_LDL1_LRVW1_LWPMn1_LDW0_FMA_MIAV1_MDA2_MO40_MMFSC_MKFGSU256_NTA0_NTB0_NTC3_NTD3_NEPBS4_NLCA5_NLCB1_ONLL1_OPLV0_PK0_PAP0_PGR2_PLR9_PKA0_SIA3_SLW1_SS1_SU0_SUM0_SUS0_SCIUI1_SPO0_SRVW0_SSO0_SVW1_SNLL0_TSGRA0_TSGRB0_TT5_16_TLDS1_UMLDSA0_UMLDSB1_U64SL1_USFGROn1_VAW1_VSn1_VW1_VWB1_VFLRP0_WSGRA0_WSGRB0_WS64_WG16_16_1_WGM12",24909,6448475861641655,6448475861648626,0,37888,256,1,1,512,32,1
"KERNEL_DISPATCH",1,1,234821,506,1201,"Cijk_Ailk_Bljk_DB_MT80x64x32_MI16x16x4x1_SN_1LDSB1_APM1_ABV0_ACED0_AF0EM1_AF1EM1_AMAS0_ASE_ASGT_ASLT_ASM_ASAE01_ASCE01_ASEM1_AAC0_BL1_BS1_CLR0_DTLA0_DTLB0_DTVA0_DTVB0_DVO0_ETB_EPS1_ELFLR0_EMLL0_FSSC10_FL0_GLVWA2_GLVWB2_GRCGA1_GRCGB1_GRPM1_GRVWn1_GSU1_GSUASB_GLS0_ISA942_IU1_K1_KLA_LBSPPA0_LBSPPB256_LPA0_LPB2_LDL1_LRVW1_LWPMn1_LDW0_FMA_MIAV1_MDA2_MO40_MMFSC_MKFGSU256_NTA0_NTB0_NTC3_NTD3_NEPBS4_NLCA5_NLCB1_ONLL1_OPLV0_PK0_PAP0_PGR2_PLR9_PKA0_SIA3_SLW1_SS1_SU0_SUM0_SUS0_SCIUI1_SPO0_SRVW0_SSO0_SVW1_SNLL0_TSGRA0_TSGRB0_TT5_16_TLDS1_UMLDSA0_UMLDSB1_U64SL1_USFGROn1_VAW1_VSn1_VW1_VWB1_VFLRP0_WSGRA0_WSGRB0_WS64_WG16_16_1_WGM12",24912,6448475861664170,6448475861676709,0,37888,256,1,1,512,32,1
"KERNEL_DISPATCH",1,1,234821,507,1201,"Cijk_Ailk_Bljk_DB_MT80x64x32_MI16x16x4x1_SN_1LDSB1_APM1_ABV0_ACED0_AF0EM1_AF1EM1_AMAS0_ASE_ASGT_ASLT_ASM_ASAE01_ASCE01_ASEM1_AAC0_BL1_BS1_CLR0_DTLA0_DTLB0_DTVA0_DTVB0_DVO0_ETB_EPS1_ELFLR0_EMLL0_FSSC10_FL0_GLVWA2_GLVWB2_GRCGA1_GRCGB1_GRPM1_GRVWn1_GSU1_GSUASB_GLS0_ISA942_IU1_K1_KLA_LBSPPA0_LBSPPB256_LPA0_LPB2_LDL1_LRVW1_LWPMn1_LDW0_FMA_MIAV1_MDA2_MO40_MMFSC_MKFGSU256_NTA0_NTB0_NTC3_NTD3_NEPBS4_NLCA5_NLCB1_ONLL1_OPLV0_PK0_PAP0_PGR2_PLR9_PKA0_SIA3_SLW1_SS1_SU0_SUM0_SUS0_SCIUI1_SPO0_SRVW0_SSO0_SVW1_SNLL0_TSGRA0_TSGRB0_TT5_16_TLDS1_UMLDSA0_UMLDSB1_U64SL1_USFGROn1_VAW1_VSn1_VW1_VWB1_VFLRP0_WSGRA0_WSGRB0_WS64_WG16_16_1_WGM12",24915,6448475861681917,6448475861689048,0,37888,256,1,1,512,32,1
"KERNEL_DISPATCH",1,1,234821,508,1201,"Cijk_Ailk_Bljk_DB_MT80x64x32_MI16x16x4x1_SN_1LDSB1_APM1_ABV0_ACED0_AF0EM1_AF1EM1_AMAS0_ASE_ASGT_ASLT_ASM_ASAE01_ASCE01_ASEM1_AAC0_BL1_BS1_CLR0_DTLA0_DTLB0_DTVA0_DTVB0_DVO0_ETB_EPS1_ELFLR0_EMLL0_FSSC10_FL0_GLVWA2_GLVWB2_GRCGA1_GRCGB1_GRPM1_GRVWn1_GSU1_GSUASB_GLS0_ISA942_IU1_K1_KLA_LBSPPA0_LBSPPB256_LPA0_LPB2_LDL1_LRVW1_LWPMn1_LDW0_FMA_MIAV1_MDA2_MO40_MMFSC_MKFGSU256_NTA0_NTB0_NTC3_NTD3_NEPBS4_NLCA5_NLCB1_ONLL1_OPLV0_PK0_PAP0_PGR2_PLR9_PKA0_SIA3_SLW1_SS1_SU0_SUM0_SUS0_SCIUI1_SPO0_SRVW0_SSO0_SVW1_SNLL0_TSGRA0_TSGRB0_TT5_16_TLDS1_UMLDSA0_UMLDSB1_U64SL1_USFGROn1_VAW1_VSn1_VW1_VWB1_VFLRP0_WSGRA0_WSGRB0_WS64_WG16_16_1_WGM12",24918,6448475861694416,6448475861709880,0,37888,256,1,1,512,32,1
"KERNEL_DISPATCH",1,1,234821,509,1201,"Cijk_Ailk_Bljk_DB_MT80x64x32_MI16x16x4x1_SN_1LDSB1_APM1_ABV0_ACED0_AF0EM1_AF1EM1_AMAS0_ASE_ASGT_ASLT_ASM_ASAE01_ASCE01_ASEM1_AAC0_BL1_BS1_CLR0_DTLA0_DTLB0_DTVA0_DTVB0_DVO0_ETB_EPS1_ELFLR0_EMLL0_FSSC10_FL0_GLVWA2_GLVWB2_GRCGA1_GRCGB1_GRPM1_GRVWn1_GSU1_GSUASB_GLS0_ISA942_IU1_K1_KLA_LBSPPA0_LBSPPB256_LPA0_LPB2_LDL1_LRVW1_LWPMn1_LDW0_FMA_MIAV1_MDA2_MO40_MMFSC_MKFGSU256_NTA0_NTB0_NTC3_NTD3_NEPBS4_NLCA5_NLCB1_ONLL1_OPLV0_PK0_PAP0_PGR2_PLR9_PKA0_SIA3_SLW1_SS1_SU0_SUM0_SUS0_SCIUI1_SPO0_SRVW0_SSO0_SVW1_SNLL0_TSGRA0_TSGRB0_TT5_16_TLDS1_UMLDSA0_UMLDSB1_U64SL1_USFGROn1_VAW1_VSn1_VW1_VWB1_VFLRP0_WSGRA0_WSGRB0_WS64_WG16_16_1_WGM12",24921,6448475861714006,6448475861720977,0,37888,256,1,1,512,32,1
"KERNEL_DISPATCH",1,1,234821,510,548,"Cijk_Ailk_Bljk_DB_MT128x32x32_MI16x16x4x1_SN_1LDSB1_APM1_ABV0_ACED0_AF0EM1_AF1EM1_AMAS3_ASE_ASGT_ASLT_ASM_ASAE01_ASCE01_ASEM1_AAC0_BL1_BS1_CLR0_DTLA0_DTLB0_DTVA1_DTVB0_DVO0_ETSP_EPS1_ELFLR0_EMLL0_FSSC10_FL0_GLVWA2_GLVWB2_GRCGA1_GRCGB1_GRPM1_GRVWn1_GSU1_GSUASB_GLS0_ISA942_IU1_K1_KLA_LBSPPA0_LBSPPB512_LPA0_LPB2_LDL1_LRVW1_LWPMn1_LDW0_FMA_MIAV0_MDA2_MO40_MMFSC_MKFGSU256_NTA0_NTB0_NTC4_NTD4_NEPBS4_NLCA1_NLCB1_ONLL1_OPLV0_PK0_PAP0_PGR2_PLR9_PKA0_SIA3_SLW1_SS1_SU0_SUM0_SUS0_SCIUI1_SPO1_SRVW0_SSO4_SVW2_SNLL0_TSGRA0_TSGRB0_TT2_32_TLDS1_UMLDSA0_UMLDSB1_U64SL1_USFGROn1_VAW1_VSn1_VW2_VWB2_VFLRP0_WSGRA0_WSGRB0_WS64_WG64_4_1_WGMn8",24924,6448475861729309,6448475861857025,0,8448,256,1,1,4096,64,1
"KERNEL_DISPATCH",1,1,234821,511,151,"void rocsolver::v32802::getf2_npvt_small_kernel<16, double, int, int, double*>(int, double*, long, int, long, int*, int, int)",24927,6448475861857025,6448475861868603,0,136,512,1,1,512,1,1
"KERNEL_DISPATCH",1,1,234821,512,203,"void rocsolver::v32802::unit_forward_substitution_kernel<double, int, double*>(int, int, double*, int, int, long, long, double*, int, int, long, long)",24932,6448475861868603,6448475861878979,0,512,16,64,1,16,512,1
"KERNEL_DISPATCH",1,1,234821,513,859,"Cijk_Ailk_Bljk_DB_MT64x32x32_MI16x16x4x1_SN_1LDSB1_APM1_ABV0_ACED0_AF0EM2_AF1EM2_AMAS3_ASE_ASGT_ASLT_ASM_ASAE01_ASCE01_ASEM2_AAC0_BL1_BS1_CLR0_DTLA0_DTLB0_DTVA0_DTVB0_DVO0_ETSP_EPS1_ELFLR0_EMLL0_FSSC10_FL0_GLVWA2_GLVWB2_GRCGA1_GRCGB1_GRPM1_GRVW2_GSU1_GSUASB_GLS0_ISA942_IU1_K1_KLA_LBSPPA0_LBSPPB256_LPA0_LPB4_LDL1_LRVW2_LWPMn1_LDW0_FMA_MIAV1_MDA2_MO40_MMFSC_MKFGSU256_NTA0_NTB0_NTC3_NTD3_NEPBS0_NLCA1_NLCB1_ONLL1_OPLV0_PK0_PAP0_PGR2_PLR9_PKA0_SIA3_SLW1_SS1_SU0_SUM0_SUS0_SCIUI1_SPO1_SRVW0_SSO6_SVW2_SNLL0_TSGRA0_TSGRB0_TT2_16_TLDS1_UMLDSA0_UMLDSB1_U64SL1_USFGROn1_VAW1_VSn1_VW2_VWB1_VFLRP0_WSGRA0_WSGRB0_WS64_WG32_8_1_WGM6",24935,6448475861878979,6448475861884107,0,25600,256,1,1,2048,16,1
"KERNEL_DISPATCH",1,1,234821,514,151,"void rocsolver::v32802::getf2_npvt_small_kernel<16, double, int, int, double*>(int, double*, long, int, long, int*, int, int)",24938,6448475861884107,6448475861896125,0,136,496,1,1,496,1,1
"KERNEL_DISPATCH",1,1,234821,515,203,"void rocsolver::v32802::unit_forward_substitution_kernel<double, int, double*>(int, int, double*, int, int, long, long, double*, int, int, long, long)",24943,6448475861896125,6448475861906020,0,512,16,64,1,16,512,1
"KERNEL_DISPATCH",1,1,234821,516,859,"Cijk_Ailk_Bljk_DB_MT64x32x32_MI16x16x4x1_SN_1LDSB1_APM1_ABV0_ACED0_AF0EM2_AF1EM2_AMAS3_ASE_ASGT_ASLT_ASM_ASAE01_ASCE01_ASEM2_AAC0_BL1_BS1_CLR0_DTLA0_DTLB0_DTVA0_DTVB0_DVO0_ETSP_EPS1_ELFLR0_EMLL0_FSSC10_FL0_GLVWA2_GLVWB2_GRCGA1_GRCGB1_GRPM1_GRVW2_GSU1_GSUASB_GLS0_ISA942_IU1_K1_KLA_LBSPPA0_LBSPPB256_LPA0_LPB4_LDL1_LRVW2_LWPMn1_LDW0_FMA_MIAV1_MDA2_MO40_MMFSC_MKFGSU256_NTA0_NTB0_NTC3_NTD3_NEPBS0_NLCA1_NLCB1_ONLL1_OPLV0_PK0_PAP0_PGR2_PLR9_PKA0_SIA3_SLW1_SS1_SU0_SUM0_SUS0_SCIUI1_SPO1_SRVW0_SSO6_SVW2_SNLL0_TSGRA0_TSGRB0_TT2_16_TLDS1_UMLDSA0_UMLDSB1_U64SL1_USFGROn1_VAW1_VSn1_VW2_VWB1_VFLRP0_WSGRA0_WSGRB0_WS64_WG32_8_1_WGM6",24946,6448475861906020,6448475861910668,0,25600,256,1,1,2048,15,1
"KERNEL_DISPATCH",1,1,234821,517,151,"void rocsolver::v32802::getf2_npvt_small_kernel<16, double, int, int, double*>(int, double*, long, int, long, int*, int, int)",24949,6448475861910668,6448475861920002,0,136,480,1,1,480,1,1
"KERNEL_DISPATCH",1,1,234821,519,859,"Cijk_Ailk_Bljk_DB_MT64x32x32_MI16x16x4x1_SN_1LDSB1_APM1_ABV0_ACED0_AF0EM2_AF1EM2_AMAS3_ASE_ASGT_ASLT_ASM_ASAE01_ASCE01_ASEM2_AAC0_BL1_BS1_CLR0_DTLA0_DTLB0_DTVA0_DTVB0_DVO0_ETSP_EPS1_ELFLR0_EMLL0_FSSC10_FL0_GLVWA2_GLVWB2_GRCGA1_GRCGB1_GRPM1_GRVW2_GSU1_GSUASB_GLS0_ISA942_IU1_K1_KLA_LBSPPA0_LBSPPB256_LPA0_LPB4_LDL1_LRVW2_LWPMn1_LDW0_FMA_MIAV1_MDA2_MO40_MMFSC_MKFGSU256_NTA0_NTB0_NTC3_NTD3_NEPBS0_NLCA1_NLCB1_ONLL1_OPLV0_PK0_PAP0_PGR2_PLR9_PKA0_SIA3_SLW1_SS1_SU0_SUM0_SUS0_SCIUI1_SPO1_SRVW0_SSO6_SVW2_SNLL0_TSGRA0_TSGRB0_TT2_16_TLDS1_UMLDSA0_UMLDSB1_U64SL1_USFGROn1_VAW1_VSn1_VW2_VWB1_VFLRP0_WSGRA0_WSGRB0_WS64_WG32_8_1_WGM6",24957,6448475861929176,6448475861933583,0,25600,256,1,1,2048,15,1
"KERNEL_DISPATCH",1,1,234821,518,203,"void rocsolver::v32802::unit_forward_substitution_kernel<double, int, double*>(int, int, double*, int, int, long, long, double*, int, int, long, long)",24954,6448475861920002,6448475861929176,0,512,16,64,1,16,512,1
"KERNEL_DISPATCH",1,1,234821,522,859,"Cijk_Ailk_Bljk_DB_MT64x32x32_MI16x16x4x1_SN_1LDSB1_APM1_ABV0_ACED0_AF0EM2_AF1EM2_AMAS3_ASE_ASGT_ASLT_ASM_ASAE01_ASCE01_ASEM2_AAC0_BL1_BS1_CLR0_DTLA0_DTLB0_DTVA0_DTVB0_DVO0_ETSP_EPS1_ELFLR0_EMLL0_FSSC10_FL0_GLVWA2_GLVWB2_GRCGA1_GRCGB1_GRPM1_GRVW2_GSU1_GSUASB_GLS0_ISA942_IU1_K1_KLA_LBSPPA0_LBSPPB256_LPA0_LPB4_LDL1_LRVW2_LWPMn1_LDW0_FMA_MIAV1_MDA2_MO40_MMFSC_MKFGSU256_NTA0_NTB0_NTC3_NTD3_NEPBS0_NLCA1_NLCB1_ONLL1_OPLV0_PK0_PAP0_PGR2_PLR9_PKA0_SIA3_SLW1_SS1_SU0_SUM0_SUS0_SCIUI1_SPO1_SRVW0_SSO6_SVW2_SNLL0_TSGRA0_TSGRB0_TT2_16_TLDS1_UMLDSA0_UMLDSB1_U64SL1_USFGROn1_VAW1_VSn1_VW2_VWB1_VFLRP0_WSGRA0_WSGRB0_WS64_WG32_8_1_WGM6",24968,6448475861951851,6448475861956217,0,25600,256,1,1,1792,14,1
"KERNEL_DISPATCH",1,1,234821,520,151,"void rocsolver::v32802::getf2_npvt_small_kernel<16, double, int, int, double*>(int, double*, long, int, long, int*, int, int)",24960,6448475861933583,6448475861942837,0,136,464,1,1,464,1,1
"KERNEL_DISPATCH",1,1,234821,521,203,"void rocsolver::v32802::unit_forward_substitution_kernel<double, int, double*>(int, int, double*, int, int, long, long, double*, int, int, long, long)",24965,6448475861942837,6448475861951851,0,512,16,64,1,16,448,1
"KERNEL_DISPATCH",1,1,234821,524,203,"void rocsolver::v32802::unit_forward_substitution_kernel<double, int, double*>(int, int, double*, int, int, long, long, double*, int, int, long, long)",24976,6448475861965512,6448475861975126,0,512,16,64,1,16,448,1
"KERNEL_DISPATCH",1,1,234821,523,151,"void rocsolver::v32802::getf2_npvt_small_kernel<16, double, int, int, double*>(int, double*, long, int, long, int*, int, int)",24971,6448475861956217,6448475861965512,0,136,448,1,1,448,1,1
"KERNEL_DISPATCH",1,1,234821,525,859,"Cijk_Ailk_Bljk_DB_MT64x32x32_MI16x16x4x1_SN_1LDSB1_APM1_ABV0_ACED0_AF0EM2_AF1EM2_AMAS3_ASE_ASGT_ASLT_ASM_ASAE01_ASCE01_ASEM2_AAC0_BL1_BS1_CLR0_DTLA0_DTLB0_DTVA0_DTVB0_DVO0_ETSP_EPS1_ELFLR0_EMLL0_FSSC10_FL0_GLVWA2_GLVWB2_GRCGA1_GRCGB1_GRPM1_GRVW2_GSU1_GSUASB_GLS0_ISA942_IU1_K1_KLA_LBSPPA0_LBSPPB256_LPA0_LPB4_LDL1_LRVW2_LWPMn1_LDW0_FMA_MIAV1_MDA2_MO40_MMFSC_MKFGSU256_NTA0_NTB0_NTC3_NTD3_NEPBS0_NLCA1_NLCB1_ONLL1_OPLV0_PK0_PAP0_PGR2_PLR9_PKA0_SIA3_SLW1_SS1_SU0_SUM0_SUS0_SCIUI1_SPO1_SRVW0_SSO6_SVW2_SNLL0_TSGRA0_TSGRB0_TT2_16_TLDS1_UMLDSA0_UMLDSB1_U64SL1_USFGROn1_VAW1_VSn1_VW2_VWB1_VFLRP0_WSGRA0_WSGRB0_WS64_WG32_8_1_WGM6",24979,6448475861985262,6448475861989388,0,25600,256,1,1,1792,14,1
"KERNEL_DISPATCH",1,1,234821,527,203,"void rocsolver::v32802::unit_forward_substitution_kernel<double, int, double*>(int, int, double*, int, int, long, long, double*, int, int, long, long)",24987,6448475862017551,6448475862026966,0,512,16,64,1,16,448,1
"KERNEL_DISPATCH",1,1,234821,526,151,"void rocsolver::v32802::getf2_npvt_small_kernel<16, double, int, int, double*>(int, double*, long, int, long, int*, int, int)",24982,6448475861996800,6448475862007296,0,136,432,1,1,432,1,1
"KERNEL_DISPATCH",1,1,234821,528,859,"Cijk_Ailk_Bljk_DB_MT64x32x32_MI16x16x4x1_SN_1LDSB1_APM1_ABV0_ACED0_AF0EM2_AF1EM2_AMAS3_ASE_ASGT_ASLT_ASM_ASAE01_ASCE01_ASEM2_AAC0_BL1_BS1_CLR0_DTLA0_DTLB0_DTVA0_DTVB0_DVO0_ETSP_EPS1_ELFLR0_EMLL0_FSSC10_FL0_GLVWA2_GLVWB2_GRCGA1_GRCGB1_GRPM1_GRVW2_GSU1_GSUASB_GLS0_ISA942_IU1_K1_KLA_LBSPPA0_LBSPPB256_LPA0_LPB4_LDL1_LRVW2_LWPMn1_LDW0_FMA_MIAV1_MDA2_MO40_MMFSC_MKFGSU256_NTA0_NTB0_NTC3_NTD3_NEPBS0_NLCA1_NLCB1_ONLL1_OPLV0_PK0_PAP0_PGR2_PLR9_PKA0_SIA3_SLW1_SS1_SU0_SUM0_SUS0_SCIUI1_SPO1_SRVW0_SSO6_SVW2_SNLL0_TSGRA0_TSGRB0_TT2_16_TLDS1_UMLDSA0_UMLDSB1_U64SL1_USFGROn1_VAW1_VSn1_VW2_VWB1_VFLRP0_WSGRA0_WSGRB0_WS64_WG32_8_1_WGM6",24990,6448475862039064,6448475862043231,0,25600,256,1,1,1792,13,1
"KERNEL_DISPATCH",1,1,234821,529,151,"void rocsolver::v32802::getf2_npvt_small_kernel<16, double, int, int, double*>(int, double*, long, int, long, int*, int, int)",24993,6448475862048799,6448475862058534,0,136,416,1,1,416,1,1
"KERNEL_DISPATCH",1,1,234821,530,203,"void rocsolver::v32802::unit_forward_substitution_kernel<double, int, double*>(int, int, double*, int, int, long, long, double*, int, int, long, long)",24998,6448475862064503,6448475862074318,0,512,16,64,1,16,448,1
"KERNEL_DISPATCH",1,1,234821,531,859,"Cijk_Ailk_Bljk_DB_MT64x32x32_MI16x16x4x1_SN_1LDSB1_APM1_ABV0_ACED0_AF0EM2_AF1EM2_AMAS3_ASE_ASGT_ASLT_ASM_ASAE01_ASCE01_ASEM2_AAC0_BL1_BS1_CLR0_DTLA0_DTLB0_DTVA0_DTVB0_DVO0_ETSP_EPS1_ELFLR0_EMLL0_FSSC10_FL0_GLVWA2_GLVWB2_GRCGA1_GRCGB1_GRPM1_GRVW2_GSU1_GSUASB_GLS0_ISA942_IU1_K1_KLA_LBSPPA0_LBSPPB256_LPA0_LPB4_LDL1_LRVW2_LWPMn1_LDW0_FMA_MIAV1_MDA2_MO40_MMFSC_MKFGSU256_NTA0_NTB0_NTC3_NTD3_NEPBS0_NLCA1_NLCB1_ONLL1_OPLV0_PK0_PAP0_PGR2_PLR9_PKA0_SIA3_SLW1_SS1_SU0_SUM0_SUS0_SCIUI1_SPO1_SRVW0_SSO6_SVW2_SNLL0_TSGRA0_TSGRB0_TT2_16_TLDS1_UMLDSA0_UMLDSB1_U64SL1_USFGROn1_VAW1_VSn1_VW2_VWB1_VFLRP0_WSGRA0_WSGRB0_WS64_WG32_8_1_WGM6",25001,6448475862090704,6448475862094910,0,25600,256,1,1,1792,13,1
"KERNEL_DISPATCH",1,1,234821,532,151,"void rocsolver::v32802::getf2_npvt_small_kernel<16, double, int, int, double*>(int, double*, long, int, long, int*, int, int)",25004,6448475862102762,6448475862113458,0,136,400,1,1,400,1,1
"KERNEL_DISPATCH",1,1,234821,533,203,"void rocsolver::v32802::unit_forward_substitution_kernel<double, int, double*>(int, int, double*, int, int, long, long, double*, int, int, long, long)",25009,6448475862113458,6448475862122753,0,512,16,64,1,16,384,1
"KERNEL_DISPATCH",1,1,234821,534,859,"Cijk_Ailk_Bljk_DB_MT64x32x32_MI16x16x4x1_SN_1LDSB1_APM1_ABV0_ACED0_AF0EM2_AF1EM2_AMAS3_ASE_ASGT_ASLT_ASM_ASAE01_ASCE01_ASEM2_AAC0_BL1_BS1_CLR0_DTLA0_DTLB0_DTVA0_DTVB0_DVO0_ETSP_EPS1_ELFLR0_EMLL0_FSSC10_FL0_GLVWA2_GLVWB2_GRCGA1_GRCGB1_GRPM1_GRVW2_GSU1_GSUASB_GLS0_ISA942_IU1_K1_KLA_LBSPPA0_LBSPPB256_LPA0_LPB4_LDL1_LRVW2_LWPMn1_LDW0_FMA_MIAV1_MDA2_MO40_MMFSC_MKFGSU256_NTA0_NTB0_NTC3_NTD3_NEPBS0_NLCA1_NLCB1_ONLL1_OPLV0_PK0_PAP0_PGR2_PLR9_PKA0_SIA3_SLW1_SS1_SU0_SUM0_SUS0_SCIUI1_SPO1_SRVW0_SSO6_SVW2_SNLL0_TSGRA0_TSGRB0_TT2_16_TLDS1_UMLDSA0_UMLDSB1_U64SL1_USFGROn1_VAW1_VSn1_VW2_VWB1_VFLRP0_WSGRA0_WSGRB0_WS64_WG32_8_1_WGM6",25012,6448475862133538,6448475862137184,0,25600,256,1,1,1536,12,1
"KERNEL_DISPATCH",1,1,234821,535,151,"void rocsolver::v32802::getf2_npvt_small_kernel<16, double, int, int, double*>(int, double*, long, int, long, int*, int, int)",25015,6448475862150235,6448475862159169,0,136,384,1,1,384,1,1
"KERNEL_DISPATCH",1,1,234821,536,203,"void rocsolver::v32802::unit_forward_substitution_kernel<double, int, double*>(int, int, double*, int, int, long, long, double*, int, int, long, long)",25020,6448475862163054,6448475862172549,0,512,16,64,1,16,384,1
"KERNEL_DISPATCH",1,1,234821,537,629,"Cijk_Ailk_Bljk_DB_MT128x64x16_MI16x16x4x1_SN_1LDSB1_APM1_ABV0_ACED0_AF0EM2_AF1EM2_AMAS3_ASE_ASGT_ASLT_ASM_ASAE01_ASCE01_ASEM2_AAC0_BL1_BS1_CLR0_DTLA0_DTLB0_DTVA1_DTVB0_DVO0_ETSP_EPS1_ELFLR0_EMLL0_FSSC10_FL0_GLVWA2_GLVWB2_GRCGA1_GRCGB1_GRPM1_GRVW2_GSU1_GSUASB_GLS0_ISA942_IU1_K1_KLA_LBSPPA0_LBSPPB0_LPA0_LPB2_LDL1_LRVW1_LWPMn1_LDW0_FMA_MIAV1_MDA2_MO40_MMFSC_MKFGSU256_NTA0_NTB0_NTC3_NTD3_NEPBS4_NLCA1_NLCB1_ONLL1_OPLV0_PK0_PAP0_PGR2_PLR1_PKA0_SIA3_SLW1_SS1_SU0_SUM0_SUS0_SCIUI1_SPO1_SRVW0_SSO6_SVW2_SNLL0_TSGRA0_TSGRB0_TT2_64_TLDS0_UMLDSA0_UMLDSB0_U64SL1_USFGROn1_VAW1_VSn1_VW2_VWB1_VFLRP0_WSGRA0_WSGRB0_WS64_WG64_4_1_WGM12",25023,6448475862181964,6448475862190336,0,8448,256,1,1,768,6,1
"KERNEL_DISPATCH",1,1,234821,538,151,"void rocsolver::v32802::getf2_npvt_small_kernel<16, double, int, int, double*>(int, double*, long, int, long, int*, int, int)",25026,6448475862194954,6448475862203727,0,136,368,1,1,368,1,1
"KERNEL_DISPATCH",1,1,234821,539,203,"void rocsolver::v32802::unit_forward_substitution_kernel<double, int, double*>(int, int, double*, int, int, long, long, double*, int, int, long, long)",25031,6448475862212410,6448475862221744,0,512,16,64,1,16,384,1
"KERNEL_DISPATCH",1,1,234821,540,629,"Cijk_Ailk_Bljk_DB_MT128x64x16_MI16x16x4x1_SN_1LDSB1_APM1_ABV0_ACED0_AF0EM2_AF1EM2_AMAS3_ASE_ASGT_ASLT_ASM_ASAE01_ASCE01_ASEM2_AAC0_BL1_BS1_CLR0_DTLA0_DTLB0_DTVA1_DTVB0_DVO0_ETSP_EPS1_ELFLR0_EMLL0_FSSC10_FL0_GLVWA2_GLVWB2_GRCGA1_GRCGB1_GRPM1_GRVW2_GSU1_GSUASB_GLS0_ISA942_IU1_K1_KLA_LBSPPA0_LBSPPB0_LPA0_LPB2_LDL1_LRVW1_LWPMn1_LDW0_FMA_MIAV1_MDA2_MO40_MMFSC_MKFGSU256_NTA0_NTB0_NTC3_NTD3_NEPBS4_NLCA1_NLCB1_ONLL1_OPLV0_PK0_PAP0_PGR2_PLR1_PKA0_SIA3_SLW1_SS1_SU0_SUM0_SUS0_SCIUI1_SPO1_SRVW0_SSO6_SVW2_SNLL0_TSGRA0_TSGRB0_TT2_64_TLDS0_UMLDSA0_UMLDSB0_U64SL1_USFGROn1_VAW1_VSn1_VW2_VWB1_VFLRP0_WSGRA0_WSGRB0_WS64_WG64_4_1_WGM12",25034,6448475862231399,6448475862237208,0,8448,256,1,1,768,6,1
"KERNEL_DISPATCH",1,1,234821,541,151,"void rocsolver::v32802::getf2_npvt_small_kernel<16, double, int, int, double*>(int, double*, long, int, long, int*, int, int)",25037,6448475862240012,6448475862249066,0,136,352,1,1,352,1,1
"KERNEL_DISPATCH",1,1,234821,542,203,"void rocsolver::v32802::unit_forward_substitution_kernel<double, int, double*>(int, int, double*, int, int, long, long, double*, int, int, long, long)",25042,6448475862252341,6448475862262316,0,512,16,64,1,16,384,1
"KERNEL_DISPATCH",1,1,234821,543,629,"Cijk_Ailk_Bljk_DB_MT128x64x16_MI16x16x4x1_SN_1LDSB1_APM1_ABV0_ACED0_AF0EM2_AF1EM2_AMAS3_ASE_ASGT_ASLT_ASM_ASAE01_ASCE01_ASEM2_AAC0_BL1_BS1_CLR0_DTLA0_DTLB0_DTVA1_DTVB0_DVO0_ETSP_EPS1_ELFLR0_EMLL0_FSSC10_FL0_GLVWA2_GLVWB2_GRCGA1_GRCGB1_GRPM1_GRVW2_GSU1_GSUASB_GLS0_ISA942_IU1_K1_KLA_LBSPPA0_LBSPPB0_LPA0_LPB2_LDL1_LRVW1_LWPMn1_LDW0_FMA_MIAV1_MDA2_MO40_MMFSC_MKFGSU256_NTA0_NTB0_NTC3_NTD3_NEPBS4_NLCA1_NLCB1_ONLL1_OPLV0_PK0_PAP0_PGR2_PLR1_PKA0_SIA3_SLW1_SS1_SU0_SUM0_SUS0_SCIUI1_SPO1_SRVW0_SSO6_SVW2_SNLL0_TSGRA0_TSGRB0_TT2_64_TLDS0_UMLDSA0_UMLDSB0_U64SL1_USFGROn1_VAW1_VSn1_VW2_VWB1_VFLRP0_WSGRA0_WSGRB0_WS64_WG64_4_1_WGM12",25045,6448475862276388,6448475862282638,0,8448,256,1,1,768,6,1
"KERNEL_DISPATCH",1,1,234821,544,151,"void rocsolver::v32802::getf2_npvt_small_kernel<16, double, int, int, double*>(int, double*, long, int, long, int*, int, int)",25048,6448475862287565,6448475862296619,0,136,336,1,1,336,1,1
"KERNEL_DISPATCH",1,1,234821,545,203,"void rocsolver::v32802::unit_forward_substitution_kernel<double, int, double*>(int, int, double*, int, int, long, long, double*, int, int, long, long)",25053,6448475862299664,6448475862309559,0,512,16,64,1,16,320,1
"KERNEL_DISPATCH",1,1,234821,546,629,"Cijk_Ailk_Bljk_DB_MT128x64x16_MI16x16x4x1_SN_1LDSB1_APM1_ABV0_ACED0_AF0EM2_AF1EM2_AMAS3_ASE_ASGT_ASLT_ASM_ASAE01_ASCE01_ASEM2_AAC0_BL1_BS1_CLR0_DTLA0_DTLB0_DTVA1_DTVB0_DVO0_ETSP_EPS1_ELFLR0_EMLL0_FSSC10_FL0_GLVWA2_GLVWB2_GRCGA1_GRCGB1_GRPM1_GRVW2_GSU1_GSUASB_GLS0_ISA942_IU1_K1_KLA_LBSPPA0_LBSPPB0_LPA0_LPB2_LDL1_LRVW1_LWPMn1_LDW0_FMA_MIAV1_MDA2_MO40_MMFSC_MKFGSU256_NTA0_NTB0_NTC3_NTD3_NEPBS4_NLCA1_NLCB1_ONLL1_OPLV0_PK0_PAP0_PGR2_PLR1_PKA0_SIA3_SLW1_SS1_SU0_SUM0_SUS0_SCIUI1_SPO1_SRVW0_SSO6_SVW2_SNLL0_TSGRA0_TSGRB0_TT2_64_TLDS0_UMLDSA0_UMLDSB0_U64SL1_USFGROn1_VAW1_VSn1_VW2_VWB1_VFLRP0_WSGRA0_WSGRB0_WS64_WG64_4_1_WGM12",25056,6448475862322860,6448475862329550,0,8448,256,1,1,768,5,1
"KERNEL_DISPATCH",1,1,234821,547,151,"void rocsolver::v32802::getf2_npvt_small_kernel<16, double, int, int, double*>(int, double*, long, int, long, int*, int, int)",25059,6448475862334678,6448475862344012,0,136,320,1,1,320,1,1
"KERNEL_DISPATCH",1,1,234821,548,203,"void rocsolver::v32802::unit_forward_substitution_kernel<double, int, double*>(int, int, double*, int, int, long, long, double*, int, int, long, long)",25064,6448475862344012,6448475862352866,0,512,16,64,1,16,320,1
"KERNEL_DISPATCH",1,1,234821,549,629,"Cijk_Ailk_Bljk_DB_MT128x64x16_MI16x16x4x1_SN_1LDSB1_APM1_ABV0_ACED0_AF0EM2_AF1EM2_AMAS3_ASE_ASGT_ASLT_ASM_ASAE01_ASCE01_ASEM2_AAC0_BL1_BS1_CLR0_DTLA0_DTLB0_DTVA1_DTVB0_DVO0_ETSP_EPS1_ELFLR0_EMLL0_FSSC10_FL0_GLVWA2_GLVWB2_GRCGA1_GRCGB1_GRPM1_GRVW2_GSU1_GSUASB_GLS0_ISA942_IU1_K1_KLA_LBSPPA0_LBSPPB0_LPA0_LPB2_LDL1_LRVW1_LWPMn1_LDW0_FMA_MIAV1_MDA2_MO40_MMFSC_MKFGSU256_NTA0_NTB0_NTC3_NTD3_NEPBS4_NLCA1_NLCB1_ONLL1_OPLV0_PK0_PAP0_PGR2_PLR1_PKA0_SIA3_SLW1_SS1_SU0_SUM0_SUS0_SCIUI1_SPO1_SRVW0_SSO6_SVW2_SNLL0_TSGRA0_TSGRB0_TT2_64_TLDS0_UMLDSA0_UMLDSB0_U64SL1_USFGROn1_VAW1_VSn1_VW2_VWB1_VFLRP0_WSGRA0_WSGRB0_WS64_WG64_4_1_WGM12",25067,6448475862367328,6448475862373297,0,8448,256,1,1,768,5,1
"KERNEL_DISPATCH",1,1,234821,550,151,"void rocsolver::v32802::getf2_npvt_small_kernel<16, double, int, int, double*>(int, double*, long, int, long, int*, int, int)",25070,6448475862381349,6448475862390363,0,136,304,1,1,304,1,1
"KERNEL_DISPATCH",1,1,234821,551,203,"void rocsolver::v32802::unit_forward_substitution_kernel<double, int, double*>(int, int, double*, int, int, long, long, double*, int, int, long, long)",25075,6448475862394009,6448475862403062,0,512,16,64,1,16,320,1
"KERNEL_DISPATCH",1,1,234821,552,629,"Cijk_Ailk_Bljk_DB_MT128x64x16_MI16x16x4x1_SN_1LDSB1_APM1_ABV0_ACED0_AF0EM2_AF1EM2_AMAS3_ASE_ASGT_ASLT_ASM_ASAE01_ASCE01_ASEM2_AAC0_BL1_BS1_CLR0_DTLA0_DTLB0_DTVA1_DTVB0_DVO0_ETSP_EPS1_ELFLR0_EMLL0_FSSC10_FL0_GLVWA2_GLVWB2_GRCGA1_GRCGB1_GRPM1_GRVW2_GSU1_GSUASB_GLS0_ISA942_IU1_K1_KLA_LBSPPA0_LBSPPB0_LPA0_LPB2_LDL1_LRVW1_LWPMn1_LDW0_FMA_MIAV1_MDA2_MO40_MMFSC_MKFGSU256_NTA0_NTB0_NTC3_NTD3_NEPBS4_NLCA1_NLCB1_ONLL1_OPLV0_PK0_PAP0_PGR2_PLR1_PKA0_SIA3_SLW1_SS1_SU0_SUM0_SUS0_SCIUI1_SPO1_SRVW0_SSO6_SVW2_SNLL0_TSGRA0_TSGRB0_TT2_64_TLDS0_UMLDSA0_UMLDSB0_U64SL1_USFGROn1_VAW1_VSn1_VW2_VWB1_VFLRP0_WSGRA0_WSGRB0_WS64_WG64_4_1_WGM12",25078,6448475862417765,6448475862423694,0,8448,256,1,1,768,5,1
"KERNEL_DISPATCH",1,1,234821,553,151,"void rocsolver::v32802::getf2_npvt_small_kernel<16, double, int, int, double*>(int, double*, long, int, long, int*, int, int)",25081,6448475862431306,6448475862439999,0,136,288,1,1,288,1,1
"KERNEL_DISPATCH",1,1,234821,554,203,"void rocsolver::v32802::unit_forward_substitution_kernel<double, int, double*>(int, int, double*, int, int, long, long, double*, int, int, long, long)",25086,6448475862442603,6448475862451136,0,512,16,64,1,16,320,1
"KERNEL_DISPATCH",1,1,234821,555,753,"Cijk_Ailk_Bljk_DB_MT64x64x16_MI16x16x4x1_SN_1LDSB1_APM1_ABV0_ACED0_AF0EM2_AF1EM2_AMAS3_ASE_ASGT_ASLT_ASM_ASAE01_ASCE01_ASEM2_AAC0_BL1_BS1_CLR0_DTLA0_DTLB0_DTVA0_DTVB0_DVO0_ETSP_EPS1_ELFLR0_EMLL0_FSSC10_FL0_GLVWA2_GLVWB2_GRCGA1_GRCGB1_GRPM1_GRVW2_GSU1_GSUASB_GLS0_ISA942_IU1_K1_KLA_LBSPPA0_LBSPPB128_LPA0_LPB2_LDL1_LRVW1_LWPMn1_LDW0_FMA_MIAV1_MDA2_MO40_MMFSC_MKFGSU256_NTA0_NTB0_NTC3_NTD3_NEPBS4_NLCA1_NLCB1_ONLL1_OPLV0_PK0_PAP0_PGR2_PLR5_PKA0_SIA3_SLW1_SS1_SU0_SUM0_SUS0_SCIUI1_SPO1_SRVW0_SSO6_SVW2_SNLL0_TSGRA0_TSGRB0_TT2_32_TLDS1_UMLDSA0_UMLDSB1_U64SL1_USFGROn1_VAW1_VSn1_VW2_VWB1_VFLRP0_WSGRA0_WSGRB0_WS64_WG32_8_1_WGM6",25089,6448475862461512,6448475862468082,0,17408,256,1,1,1280,5,1
"KERNEL_DISPATCH",1,1,234821,556,151,"void rocsolver::v32802::getf2_npvt_small_kernel<16, double, int, int, double*>(int, double*, long, int, long, int*, int, int)",25092,6448475862473050,6448475862483145,0,136,272,1,1,272,1,1
"KERNEL_DISPATCH",1,1,234821,557,203,"void rocsolver::v32802::unit_forward_substitution_kernel<double, int, double*>(int, int, double*, int, int, long, long, double*, int, int, long, long)",25097,6448475862483145,6448475862491198,0,512,16,64,1,16,256,1
"KERNEL_DISPATCH",1,1,234821,558,753,"Cijk_Ailk_Bljk_DB_MT64x64x16_MI16x16x4x1_SN_1LDSB1_APM1_ABV0_ACED0_AF0EM2_AF1EM2_AMAS3_ASE_ASGT_ASLT_ASM_ASAE01_ASCE01_ASEM2_AAC0_BL1_BS1_CLR0_DTLA0_DTLB0_DTVA0_DTVB0_DVO0_ETSP_EPS1_ELFLR0_EMLL0_FSSC10_FL0_GLVWA2_GLVWB2_GRCGA1_GRCGB1_GRPM1_GRVW2_GSU1_GSUASB_GLS0_ISA942_IU1_K1_KLA_LBSPPA0_LBSPPB128_LPA0_LPB2_LDL1_LRVW1_LWPMn1_LDW0_FMA_MIAV1_MDA2_MO40_MMFSC_MKFGSU256_NTA0_NTB0_NTC3_NTD3_NEPBS4_NLCA1_NLCB1_ONLL1_OPLV0_PK0_PAP0_PGR2_PLR5_PKA0_SIA3_SLW1_SS1_SU0_SUM0_SUS0_SCIUI1_SPO1_SRVW0_SSO6_SVW2_SNLL0_TSGRA0_TSGRB0_TT2_32_TLDS1_UMLDSA0_UMLDSB1_U64SL1_USFGROn1_VAW1_VSn1_VW2_VWB1_VFLRP0_WSGRA0_WSGRB0_WS64_WG32_8_1_WGM6",25100,6448475862503697,6448475862508304,0,17408,256,1,1,1024,4,1
"KERNEL_DISPATCH",1,1,234821,559,151,"void rocsolver::v32802::getf2_npvt_small_kernel<16, double, int, int, double*>(int, double*, long, int, long, int*, int, int)",25103,6448475862516997,6448475862525090,0,136,256,1,1,256,1,1
"KERNEL_DISPATCH",1,1,234821,560,203,"void rocsolver::v32802::unit_forward_substitution_kernel<double, int, double*>(int, int, double*, int, int, long, long, double*, int, int, long, long)",25108,6448475862532301,6448475862541635,0,512,16,64,1,16,256,1
"KERNEL_DISPATCH",1,1,234821,562,151,"void rocsolver::v32802::getf2_npvt_small_kernel<16, double, int, int, double*>(int, double*, long, int, long, int*, int, int)",25114,6448475862557499,6448475862565471,0,136,240,1,1,240,1,1
"KERNEL_DISPATCH",1,1,234821,561,753,"Cijk_Ailk_Bljk_DB_MT64x64x16_MI16x16x4x1_SN_1LDSB1_APM1_ABV0_ACED0_AF0EM2_AF1EM2_AMAS3_ASE_ASGT_ASLT_ASM_ASAE01_ASCE01_ASEM2_AAC0_BL1_BS1_CLR0_DTLA0_DTLB0_DTVA0_DTVB0_DVO0_ETSP_EPS1_ELFLR0_EMLL0_FSSC10_FL0_GLVWA2_GLVWB2_GRCGA1_GRCGB1_GRPM1_GRVW2_GSU1_GSUASB_GLS0_ISA942_IU1_K1_KLA_LBSPPA0_LBSPPB128_LPA0_LPB2_LDL1_LRVW1_LWPMn1_LDW0_FMA_MIAV1_MDA2_MO40_MMFSC_MKFGSU256_NTA0_NTB0_NTC3_NTD3_NEPBS4_NLCA1_NLCB1_ONLL1_OPLV0_PK0_PAP0_PGR2_PLR5_PKA0_SIA3_SLW1_SS1_SU0_SUM0_SUS0_SCIUI1_SPO1_SRVW0_SSO6_SVW2_SNLL0_TSGRA0_TSGRB0_TT2_32_TLDS1_UMLDSA0_UMLDSB1_U64SL1_USFGROn1_VAW1_VSn1_VW2_VWB1_VFLRP0_WSGRA0_WSGRB0_WS64_WG32_8_1_WGM6",25111,6448475862551410,6448475862557499,0,17408,256,1,1,1024,4,1
"KERNEL_DISPATCH",1,1,234821,563,203,"void rocsolver::v32802::unit_forward_substitution_kernel<double, int, double*>(int, int, double*, int, int, long, long, double*, int, int, long, long)",25119,6448475862574405,6448475862584060,0,512,16,64,1,16,256,1
"KERNEL_DISPATCH",1,1,234821,565,151,"void rocsolver::v32802::getf2_npvt_small_kernel<16, double, int, int, double*>(int, double*, long, int, long, int*, int, int)",25125,6448475862606735,6448475862615148,0,136,224,1,1,224,1,1
"KERNEL_DISPATCH",1,1,234821,564,753,"Cijk_Ailk_Bljk_DB_MT64x64x16_MI16x16x4x1_SN_1LDSB1_APM1_ABV0_ACED0_AF0EM2_AF1EM2_AMAS3_ASE_ASGT_ASLT_ASM_ASAE01_ASCE01_ASEM2_AAC0_BL1_BS1_CLR0_DTLA0_DTLB0_DTVA0_DTVB0_DVO0_ETSP_EPS1_ELFLR0_EMLL0_FSSC10_FL0_GLVWA2_GLVWB2_GRCGA1_GRCGB1_GRPM1_GRVW2_GSU1_GSUASB_GLS0_ISA942_IU1_K1_KLA_LBSPPA0_LBSPPB128_LPA0_LPB2_LDL1_LRVW1_LWPMn1_LDW0_FMA_MIAV1_MDA2_MO40_MMFSC_MKFGSU256_NTA0_NTB0_NTC3_NTD3_NEPBS4_NLCA1_NLCB1_ONLL1_OPLV0_PK0_PAP0_PGR2_PLR5_PKA0_SIA3_SLW1_SS1_SU0_SUM0_SUS0_SCIUI1_SPO1_SRVW0_SSO6_SVW2_SNLL0_TSGRA0_TSGRB0_TT2_32_TLDS1_UMLDSA0_UMLDSB1_U64SL1_USFGROn1_VAW1_VSn1_VW2_VWB1_VFLRP0_WSGRA0_WSGRB0_WS64_WG32_8_1_WGM6",25122,6448475862596920,6448475862601967,0,17408,256,1,1,1024,4,1
"KERNEL_DISPATCH",1,1,234821,566,203,"void rocsolver::v32802::unit_forward_substitution_kernel<double, int, double*>(int, int, double*, int, int, long, long, double*, int, int, long, long)",25130,6448475862622439,6448475862632574,0,512,16,64,1,16,256,1
"KERNEL_DISPATCH",1,1,234821,567,753,"Cijk_Ailk_Bljk_DB_MT64x64x16_MI16x16x4x1_SN_1LDSB1_APM1_ABV0_ACED0_AF0EM2_AF1EM2_AMAS3_ASE_ASGT_ASLT_ASM_ASAE01_ASCE01_ASEM2_AAC0_BL1_BS1_CLR0_DTLA0_DTLB0_DTVA0_DTVB0_DVO0_ETSP_EPS1_ELFLR0_EMLL0_FSSC10_FL0_GLVWA2_GLVWB2_GRCGA1_GRCGB1_GRPM1_GRVW2_GSU1_GSUASB_GLS0_ISA942_IU1_K1_KLA_LBSPPA0_LBSPPB128_LPA0_LPB2_LDL1_LRVW1_LWPMn1_LDW0_FMA_MIAV1_MDA2_MO40_MMFSC_MKFGSU256_NTA0_NTB0_NTC3_NTD3_NEPBS4_NLCA1_NLCB1_ONLL1_OPLV0_PK0_PAP0_PGR2_PLR5_PKA0_SIA3_SLW1_SS1_SU0_SUM0_SUS0_SCIUI1_SPO1_SRVW0_SSO6_SVW2_SNLL0_TSGRA0_TSGRB0_TT2_32_TLDS1_UMLDSA0_UMLDSB1_U64SL1_USFGROn1_VAW1_VSn1_VW2_VWB1_VFLRP0_WSGRA0_WSGRB0_WS64_WG32_8_1_WGM6",25133,6448475862646436,6448475862651043,0,17408,256,1,1,1024,4,1
"KERNEL_DISPATCH",1,1,234821,568,151,"void rocsolver::v32802::getf2_npvt_small_kernel<16, double, int, int, double*>(int, double*, long, int, long, int*, int, int)",25136,6448475862658414,6448475862666787,0,136,208,1,1,208,1,1
"KERNEL_DISPATCH",1,1,234821,569,203,"void rocsolver::v32802::unit_forward_substitution_kernel<double, int, double*>(int, int, double*, int, int, long, long, double*, int, int, long, long)",25141,6448475862670943,6448475862680317,0,512,16,64,1,16,192,1
"KERNEL_DISPATCH",1,1,234821,570,753,"Cijk_Ailk_Bljk_DB_MT64x64x16_MI16x16x4x1_SN_1LDSB1_APM1_ABV0_ACED0_AF0EM2_AF1EM2_AMAS3_ASE_ASGT_ASLT_ASM_ASAE01_ASCE01_ASEM2_AAC0_BL1_BS1_CLR0_DTLA0_DTLB0_DTVA0_DTVB0_DVO0_ETSP_EPS1_ELFLR0_EMLL0_FSSC10_FL0_GLVWA2_GLVWB2_GRCGA1_GRCGB1_GRPM1_GRVW2_GSU1_GSUASB_GLS0_ISA942_IU1_K1_KLA_LBSPPA0_LBSPPB128_LPA0_LPB2_LDL1_LRVW1_LWPMn1_LDW0_FMA_MIAV1_MDA2_MO40_MMFSC_MKFGSU256_NTA0_NTB0_NTC3_NTD3_NEPBS4_NLCA1_NLCB1_ONLL1_OPLV0_PK0_PAP0_PGR2_PLR5_PKA0_SIA3_SLW1_SS1_SU0_SUM0_SUS0_SCIUI1_SPO1_SRVW0_SSO6_SVW2_SNLL0_TSGRA0_TSGRB0_TT2_32_TLDS1_UMLDSA0_UMLDSB1_U64SL1_USFGROn1_VAW1_VSn1_VW2_VWB1_VFLRP0_WSGRA0_WSGRB0_WS64_WG32_8_1_WGM6",25144,6448475862697113,6448475862701200,0,17408,256,1,1,768,3,1
"KERNEL_DISPATCH",1,1,234821,571,151,"void rocsolver::v32802::getf2_npvt_small_kernel<16, double, int, int, double*>(int, double*, long, int, long, int*, int, int)",25147,6448475862705256,6448475862713228,0,136,192,1,1,192,1,1
"KERNEL_DISPATCH",1,1,234821,572,203,"void rocsolver::v32802::unit_forward_substitution_kernel<double, int, double*>(int, int, double*, int, int, long, long, double*, int, int, long, long)",25152,6448475862716343,6448475862725357,0,512,16,64,1,16,192,1
"KERNEL_DISPATCH",1,1,234821,573,1057,"Cijk_Ailk_Bljk_DB_MT128x64x16_MI16x16x4x1_SN_1LDSB1_APM1_ABV0_ACED0_AF0EM2_AF1EM2_AMAS3_ASE_ASGT_ASLT_ASM_ASAE01_ASCE01_ASEM2_AAC0_BL1_BS1_CLR0_DTLA0_DTLB0_DTVA1_DTVB0_DVO0_ETSP_EPS1_ELFLR0_EMLL0_FSSC10_FL0_GLVWA2_GLVWB2_GRCGA1_GRCGB1_GRPM1_GRVW2_GSU1_GSUASB_GLS0_ISA942_IU1_K1_KLA_LBSPPA0_LBSPPB0_LPA0_LPB2_LDL1_LRVW1_LWPMn1_LDW0_FMA_MIAV1_MDA2_MO40_MMFSC_MKFGSU256_NTA0_NTB0_NTC3_NTD3_NEPBS4_NLCA1_NLCB1_ONLL1_OPLV0_PK0_PAP0_PGR2_PLR5_PKA0_SIA3_SLW1_SS1_SU0_SUM0_SUS0_SCIUI1_SPO1_SRVW0_SSO6_SVW2_SNLL0_TSGRA0_TSGRB0_TT2_64_TLDS0_UMLDSA0_UMLDSB0_U64SL1_USFGROn1_VAW1_VSn1_VW2_VWB1_VFLRP0_WSGRA0_WSGRB0_WS64_WG64_4_1_WGM6",25155,6448475862741902,6448475862752398,0,8448,256,1,1,512,3,1
"KERNEL_DISPATCH",1,1,234821,574,151,"void rocsolver::v32802::getf2_npvt_small_kernel<16, double, int, int, double*>(int, double*, long, int, long, int*, int, int)",25158,6448475862752398,6448475862760290,0,136,176,1,1,176,1,1
"KERNEL_DISPATCH",1,1,234821,575,203,"void rocsolver::v32802::unit_forward_substitution_kernel<double, int, double*>(int, int, double*, int, int, long, long, double*, int, int, long, long)",25163,6448475862760290,6448475862768743,0,512,16,64,1,16,192,1
"KERNEL_DISPATCH",1,1,234821,576,1057,"Cijk_Ailk_Bljk_DB_MT128x64x16_MI16x16x4x1_SN_1LDSB1_APM1_ABV0_ACED0_AF0EM2_AF1EM2_AMAS3_ASE_ASGT_ASLT_ASM_ASAE01_ASCE01_ASEM2_AAC0_BL1_BS1_CLR0_DTLA0_DTLB0_DTVA1_DTVB0_DVO0_ETSP_EPS1_ELFLR0_EMLL0_FSSC10_FL0_GLVWA2_GLVWB2_GRCGA1_GRCGB1_GRPM1_GRVW2_GSU1_GSUASB_GLS0_ISA942_IU1_K1_KLA_LBSPPA0_LBSPPB0_LPA0_LPB2_LDL1_LRVW1_LWPMn1_LDW0_FMA_MIAV1_MDA2_MO40_MMFSC_MKFGSU256_NTA0_NTB0_NTC3_NTD3_NEPBS4_NLCA1_NLCB1_ONLL1_OPLV0_PK0_PAP0_PGR2_PLR5_PKA0_SIA3_SLW1_SS1_SU0_SUM0_SUS0_SCIUI1_SPO1_SRVW0_SSO6_SVW2_SNLL0_TSGRA0_TSGRB0_TT2_64_TLDS0_UMLDSA0_UMLDSB0_U64SL1_USFGROn1_VAW1_VSn1_VW2_VWB1_VFLRP0_WSGRA0_WSGRB0_WS64_WG64_4_1_WGM6",25166,6448475862773671,6448475862779840,0,8448,256,1,1,512,3,1
"KERNEL_DISPATCH",1,1,234821,577,151,"void rocsolver::v32802::getf2_npvt_small_kernel<16, double, int, int, double*>(int, double*, long, int, long, int*, int, int)",25169,6448475862789575,6448475862797868,0,136,160,1,1,160,1,1
"KERNEL_DISPATCH",1,1,234821,578,203,"void rocsolver::v32802::unit_forward_substitution_kernel<double, int, double*>(int, int, double*, int, int, long, long, double*, int, int, long, long)",25174,6448475862803316,6448475862811809,0,512,16,64,1,16,192,1
"KERNEL_DISPATCH",1,1,234821,579,1235,"Cijk_Ailk_Bljk_DB_MT128x64x16_MI16x16x4x1_SN_1LDSB1_APM1_ABV0_ACED0_AF0EM2_AF1EM2_AMAS3_ASE_ASGT_ASLT_ASM_ASAE01_ASCE01_ASEM2_AAC0_BL1_BS1_CLR0_DTLA0_DTLB0_DTVA0_DTVB0_DVO0_ETSP_EPS1_ELFLR0_EMLL0_FSSC10_FL0_GLVWA2_GLVWB2_GRCGA1_GRCGB1_GRPM1_GRVW2_GSU1_GSUASB_GLS0_ISA942_IU1_K1_KLA_LBSPPA0_LBSPPB0_LPA0_LPB2_LDL1_LRVW1_LWPMn1_LDW0_FMA_MIAV1_MDA2_MO40_MMFSC_MKFGSU256_NTA0_NTB0_NTC3_NTD3_NEPBS0_NLCA1_NLCB1_ONLL1_OPLV0_PK0_PAP0_PGR2_PLR5_PKA0_SIA3_SLW1_SS1_SU0_SUM0_SUS0_SCIUI1_SPO1_SRVW0_SSO6_SVW2_SNLL0_TSGRA0_TSGRB0_TT2_64_TLDS0_UMLDSA0_UMLDSB0_U64SL1_USFGROn1_VAW1_VSn1_VW2_VWB1_VFLRP0_WSGRA0_WSGRB0_WS64_WG64_4_1_WGM6",25177,6448475862822856,6448475862832390,0,24832,256,1,1,512,3,1
"KERNEL_DISPATCH",1,1,234821,580,151,"void rocsolver::v32802::getf2_npvt_small_kernel<16, double, int, int, double*>(int, double*, long, int, long, int*, int, int)",25180,6448475862847704,6448475862855917,0,136,144,1,1,144,1,1
"KERNEL_DISPATCH",1,1,234821,581,203,"void rocsolver::v32802::unit_forward_substitution_kernel<double, int, double*>(int, int, double*, int, int, long, long, double*, int, int, long, long)",25185,6448475862857880,6448475862865572,0,512,16,64,1,16,128,1
"KERNEL_DISPATCH",1,1,234821,582,1235,"Cijk_Ailk_Bljk_DB_MT128x64x16_MI16x16x4x1_SN_1LDSB1_APM1_ABV0_ACED0_AF0EM2_AF1EM2_AMAS3_ASE_ASGT_ASLT_ASM_ASAE01_ASCE01_ASEM2_AAC0_BL1_BS1_CLR0_DTLA0_DTLB0_DTVA0_DTVB0_DVO0_ETSP_EPS1_ELFLR0_EMLL0_FSSC10_FL0_GLVWA2_GLVWB2_GRCGA1_GRCGB1_GRPM1_GRVW2_GSU1_GSUASB_GLS0_ISA942_IU1_K1_KLA_LBSPPA0_LBSPPB0_LPA0_LPB2_LDL1_LRVW1_LWPMn1_LDW0_FMA_MIAV1_MDA2_MO40_MMFSC_MKFGSU256_NTA0_NTB0_NTC3_NTD3_NEPBS0_NLCA1_NLCB1_ONLL1_OPLV0_PK0_PAP0_PGR2_PLR5_PKA0_SIA3_SLW1_SS1_SU0_SUM0_SUS0_SCIUI1_SPO1_SRVW0_SSO6_SVW2_SNLL0_TSGRA0_TSGRB0_TT2_64_TLDS0_UMLDSA0_UMLDSB0_U64SL1_USFGROn1_VAW1_VSn1_VW2_VWB1_VFLRP0_WSGRA0_WSGRB0_WS64_WG64_4_1_WGM6",25188,6448475862874425,6448475862879713,0,24832,256,1,1,256,2,1
"KERNEL_DISPATCH",1,1,234821,583,151,"void rocsolver::v32802::getf2_npvt_small_kernel<16, double, int, int, double*>(int, double*, long, int, long, int*, int, int)",25191,6448475862890049,6448475862897340,0,136,128,1,1,128,1,1
"KERNEL_DISPATCH",1,1,234821,584,203,"void rocsolver::v32802::unit_forward_substitution_kernel<double, int, double*>(int, int, double*, int, int, long, long, double*, int, int, long, long)",25196,6448475862905713,6448475862913966,0,512,16,64,1,16,128,1
"KERNEL_DISPATCH",1,1,234821,585,716,"Cijk_Ailk_Bljk_DB_MT128x64x16_MI16x16x4x1_SN_1LDSB1_APM1_ABV0_ACED0_AF0EM2_AF1EM2_AMAS3_ASE_ASGT_ASLT_ASM_ASAE01_ASCE01_ASEM2_AAC0_BL1_BS1_CLR0_DTLA0_DTLB0_DTVA0_DTVB0_DVO0_ETSP_EPS1_ELFLR0_EMLL0_FSSC10_FL0_GLVWA2_GLVWB2_GRCGA1_GRCGB1_GRPM1_GRVW2_GSU1_GSUASB_GLS0_ISA942_IU1_K1_KLA_LBSPPA0_LBSPPB0_LPA0_LPB2_LDL1_LRVW1_LWPMn1_LDW0_FMA_MIAV1_MDA2_MO40_MMFSC_MKFGSU256_NTA0_NTB0_NTC3_NTD3_NEPBS0_NLCA1_NLCB1_ONLL1_OPLV0_PK0_PAP0_PGR2_PLR1_PKA0_SIA3_SLW1_SS1_SU0_SUM0_SUS0_SCIUI1_SPO1_SRVW0_SSO6_SVW2_SNLL0_TSGRA0_TSGRB0_TT2_64_TLDS0_UMLDSA0_UMLDSB0_U64SL1_USFGROn1_VAW1_VSn1_VW2_VWB1_VFLRP0_WSGRA0_WSGRB0_WS64_WG64_4_1_WGM6",25199,6448475862925504,6448475862935359,0,24832,256,1,1,256,2,1
"KERNEL_DISPATCH",1,1,234821,586,151,"void rocsolver::v32802::getf2_npvt_small_kernel<16, double, int, int, double*>(int, double*, long, int, long, int*, int, int)",25202,6448475862935359,6448475862942409,0,136,112,1,1,112,1,1
"KERNEL_DISPATCH",1,1,234821,587,203,"void rocsolver::v32802::unit_forward_substitution_kernel<double, int, double*>(int, int, double*, int, int, long, long, double*, int, int, long, long)",25207,6448475862947687,6448475862956020,0,512,16,64,1,16,128,1
"KERNEL_DISPATCH",1,1,234821,588,1112,"Cijk_Ailk_Bljk_DB_MT128x64x16_MI16x16x4x1_SN_1LDSB1_APM1_ABV0_ACED0_AF0EM2_AF1EM2_AMAS3_ASE_ASGT_ASLT_ASM_ASAE01_ASCE01_ASEM2_AAC0_BL1_BS1_CLR0_DTLA0_DTLB0_DTVA1_DTVB0_DVO0_ETSP_EPS1_ELFLR0_EMLL0_FSSC10_FL0_GLVWA2_GLVWB2_GRCGA1_GRCGB1_GRPM1_GRVW2_GSU1_GSUASB_GLS0_ISA942_IU1_K1_KLA_LBSPPA0_LBSPPB0_LPA0_LPB2_LDL1_LRVW1_LWPMn1_LDW0_FMA_MIAV1_MDA2_MO40_MMFSC_MKFGSU256_NTA0_NTB0_NTC3_NTD3_NEPBS0_NLCA1_NLCB1_ONLL1_OPLV0_PK0_PAP0_PGR2_PLR5_PKA0_SIA3_SLW1_SS1_SU0_SUM0_SUS0_SCIUI1_SPO1_SRVW0_SSO6_SVW2_SNLL0_TSGRA0_TSGRB0_TT2_64_TLDS0_UMLDSA0_UMLDSB0_U64SL1_USFGROn1_VAW1_VSn1_VW2_VWB1_VFLRP0_WSGRA0_WSGRB0_WS64_WG64_4_1_WGM12",25210,6448475862971794,6448475862982170,0,8448,256,1,1,256,2,1
"KERNEL_DISPATCH",1,1,234821,589,151,"void rocsolver::v32802::getf2_npvt_small_kernel<16, double, int, int, double*>(int, double*, long, int, long, int*, int, int)",25213,6448475862983352,6448475862990243,0,136,96,1,1,96,1,1
"KERNEL_DISPATCH",1,1,234821,590,203,"void rocsolver::v32802::unit_forward_substitution_kernel<double, int, double*>(int, int, double*, int, int, long, long, double*, int, int, long, long)",25218,6448475862993848,6448475863002662,0,512,16,64,1,16,128,1
"KERNEL_DISPATCH",1,1,234821,591,948,"Cijk_Ailk_Bljk_DB_MT64x64x16_MI16x16x4x1_SN_1LDSB1_APM1_ABV0_ACED0_AF0EM2_AF1EM2_AMAS3_ASE_ASGT_ASLT_ASM_ASAE01_ASCE01_ASEM2_AAC0_BL1_BS1_CLR0_DTLA0_DTLB0_DTVA0_DTVB0_DVO0_ETSP_EPS1_ELFLR0_EMLL0_FSSC10_FL0_GLVWA2_GLVWB2_GRCGA1_GRCGB1_GRPM1_GRVW2_GSU1_GSUASB_GLS0_ISA942_IU1_K1_KLA_LBSPPA0_LBSPPB0_LPA0_LPB2_LDL1_LRVW1_LWPMn1_LDW0_FMA_MIAV1_MDA2_MO40_MMFSC_MKFGSU256_NTA0_NTB0_NTC3_NTD3_NEPBS4_NLCA1_NLCB1_ONLL1_OPLV0_PK0_PAP0_PGR2_PLR5_PKA0_SIA3_SLW1_SS1_SU0_SUM0_SUS0_SCIUI1_SPO1_SRVW0_SSO6_SVW2_SNLL0_TSGRA0_TSGRB0_TT2_32_TLDS0_UMLDSA0_UMLDSB0_U64SL1_USFGROn1_VAW1_VSn1_VW2_VWB1_VFLRP0_WSGRA0_WSGRB0_WS64_WG32_8_1_WGM6",25221,6448475863019037,6448475863025246,0,16640,256,1,1,512,2,1
"KERNEL_DISPATCH",1,1,234821,592,151,"void rocsolver::v32802::getf2_npvt_small_kernel<16, double, int, int, double*>(int, double*, long, int, long, int*, int, int)",25224,6448475863034390,6448475863041762,0,136,80,1,1,80,1,1
"KERNEL_DISPATCH",1,1,234821,593,203,"void rocsolver::v32802::unit_forward_substitution_kernel<double, int, double*>(int, int, double*, int, int, long, long, double*, int, int, long, long)",25229,6448475863050375,6448475863059068,0,512,16,64,1,16,64,1
"KERNEL_DISPATCH",1,1,234821,594,838,"Cijk_Ailk_Bljk_DB_MT64x64x16_MI16x16x4x1_SN_1LDSB1_APM1_ABV0_ACED0_AF0EM2_AF1EM2_AMAS0_ASE_ASGT_ASLT_ASM_ASAE01_ASCE01_ASEM2_AAC0_BL1_BS1_CLR0_DTLA0_DTLB0_DTVA1_DTVB0_DVO0_ETSP_EPS1_ELFLR0_EMLL0_FSSC10_FL0_GLVWA1_GLVWB1_GRCGA1_GRCGB1_GRPM1_GRVW1_GSU1_GSUASB_GLS0_ISA942_IU1_K1_KLA_LBSPPA0_LBSPPB128_LPA0_LPB4_LDL1_LRVW2_LWPMn1_LDW0_FMA_MIAV1_MDA2_MO40_MMFSC_MKFGSU256_NTA0_NTB0_NTC3_NTD3_NEPBS0_NLCA1_NLCB1_ONLL1_OPLV0_PK0_PAP0_PGR2_PLR5_PKA0_SIA3_SLW1_SS1_SU0_SUM0_SUS0_SCIUI1_SPO1_SRVW0_SSO6_SVW1_SNLL0_TSGRA0_TSGRB0_TT1_64_TLDS1_UMLDSA0_UMLDSB1_U64SL1_USFGROn1_VAW1_VSn1_VW1_VWB1_VFLRP0_WSGRA0_WSGRB0_WS64_WG64_4_1_WGM6",25232,6448475863069524,6448475863075854,0,10240,256,1,1,256,1,1
"KERNEL_DISPATCH",1,1,234821,595,151,"void rocsolver::v32802::getf2_npvt_small_kernel<16, double, int, int, double*>(int, double*, long, int, long, int*, int, int)",25235,6448475863081062,6448475863088433,0,136,64,1,1,64,1,1
"KERNEL_DISPATCH",1,1,234821,596,203,"void rocsolver::v32802::unit_forward_substitution_kernel<double, int, double*>(int, int, double*, int, int, long, long, double*, int, int, long, long)",25240,6448475863090396,6448475863099490,0,512,16,64,1,16,64,1
"KERNEL_DISPATCH",1,1,234821,597,1153,"Cijk_Ailk_Bljk_DB_MT64x64x16_MI16x16x4x1_SN_1LDSB1_APM1_ABV0_ACED0_AF0EM2_AF1EM2_AMAS3_ASE_ASGT_ASLT_ASM_ASAE01_ASCE01_ASEM2_AAC0_BL1_BS1_CLR0_DTLA0_DTLB0_DTVA0_DTVB0_DVO0_ETSP_EPS1_ELFLR0_EMLL0_FSSC10_FL0_GLVWA2_GLVWB2_GRCGA1_GRCGB1_GRPM1_GRVW2_GSU1_GSUASB_GLS0_ISA942_IU1_K1_KLA_LBSPPA0_LBSPPB128_LPA0_LPB4_LDL1_LRVW2_LWPMn1_LDW0_FMA_MIAV1_MDA2_MO40_MMFSC_MKFGSU256_NTA0_NTB0_NTC3_NTD3_NEPBS0_NLCA1_NLCB1_ONLL1_OPLV0_PK0_PAP0_PGR2_PLR5_PKA0_SIA3_SLW1_SS1_SU0_SUM0_SUS0_SCIUI1_SPO1_SRVW0_SSO6_SVW2_SNLL0_TSGRA0_TSGRB0_TT2_32_TLDS1_UMLDSA0_UMLDSB1_U64SL1_USFGROn1_VAW1_VSn1_VW2_VWB1_VFLRP0_WSGRA0_WSGRB0_WS64_WG32_8_1_WGM6",25243,6448475863113912,6448475863120242,0,18432,256,1,1,256,1,1
"KERNEL_DISPATCH",1,1,234821,598,151,"void rocsolver::v32802::getf2_npvt_small_kernel<16, double, int, int, double*>(int, double*, long, int, long, int*, int, int)",25246,6448475863129096,6448475863136507,0,136,48,1,1,48,1,1
"KERNEL_DISPATCH",1,1,234821,599,203,"void rocsolver::v32802::unit_forward_substitution_kernel<double, int, double*>(int, int, double*, int, int, long, long, double*, int, int, long, long)",25251,6448475863141795,6448475863150168,0,512,16,64,1,16,64,1
"KERNEL_DISPATCH",1,1,234821,600,788,"Cijk_Ailk_Bljk_DB_MT32x64x32_MI16x16x4x1_SN_1LDSB1_APM1_ABV0_ACED0_AF0EM2_AF1EM2_AMAS3_ASE_ASGT_ASLT_ASM_ASAE01_ASCE01_ASEM2_AAC0_BL1_BS1_CLR0_DTLA0_DTLB0_DTVA0_DTVB0_DVO0_ETSP_EPS1_ELFLR0_EMLL0_FSSC10_FL0_GLVWA2_GLVWB2_GRCGA1_GRCGB1_GRPM1_GRVW2_GSU1_GSUASB_GLS0_ISA942_IU1_K1_KLA_LBSPPA0_LBSPPB256_LPA0_LPB4_LDL1_LRVW2_LWPMn1_LDW0_FMA_MIAV1_MDA2_MO40_MMFSC_MKFGSU256_NTA0_NTB0_NTC3_NTD3_NEPBS0_NLCA1_NLCB1_ONLL1_OPLV0_PK0_PAP0_PGR2_PLR9_PKA0_SIA3_SLW1_SS1_SU0_SUM0_SUS0_SCIUI1_SPO1_SRVW0_SSO6_SVW2_SNLL0_TSGRA0_TSGRB0_TT2_16_TLDS1_UMLDSA0_UMLDSB1_U64SL1_USFGROn1_VAW1_VSn1_VW2_VWB1_VFLRP0_WSGRA0_WSGRB0_WS64_WG16_16_1_WGM6",25254,6448475863167674,6448475863172802,0,26624,256,1,1,256,1,1
"KERNEL_DISPATCH",1,1,234821,601,151,"void rocsolver::v32802::getf2_npvt_small_kernel<16, double, int, int, double*>(int, double*, long, int, long, int*, int, int)",25257,6448475863178451,6448475863185222,0,136,32,1,1,32,1,1
"KERNEL_DISPATCH",1,1,234821,602,203,"void rocsolver::v32802::unit_forward_substitution_kernel<double, int, double*>(int, int, double*, int, int, long, long, double*, int, int, long, long)",25262,6448475863193074,6448475863199964,0,512,16,64,1,16,64,1
"KERNEL_DISPATCH",1,1,234821,603,788,"Cijk_Ailk_Bljk_DB_MT32x64x32_MI16x16x4x1_SN_1LDSB1_APM1_ABV0_ACED0_AF0EM2_AF1EM2_AMAS3_ASE_ASGT_ASLT_ASM_ASAE01_ASCE01_ASEM2_AAC0_BL1_BS1_CLR0_DTLA0_DTLB0_DTVA0_DTVB0_DVO0_ETSP_EPS1_ELFLR0_EMLL0_FSSC10_FL0_GLVWA2_GLVWB2_GRCGA1_GRCGB1_GRPM1_GRVW2_GSU1_GSUASB_GLS0_ISA942_IU1_K1_KLA_LBSPPA0_LBSPPB256_LPA0_LPB4_LDL1_LRVW2_LWPMn1_LDW0_FMA_MIAV1_MDA2_MO40_MMFSC_MKFGSU256_NTA0_NTB0_NTC3_NTD3_NEPBS0_NLCA1_NLCB1_ONLL1_OPLV0_PK0_PAP0_PGR2_PLR9_PKA0_SIA3_SLW1_SS1_SU0_SUM0_SUS0_SCIUI1_SPO1_SRVW0_SSO6_SVW2_SNLL0_TSGRA0_TSGRB0_TT2_16_TLDS1_UMLDSA0_UMLDSB1_U64SL1_USFGROn1_VAW1_VSn1_VW2_VWB1_VFLRP0_WSGRA0_WSGRB0_WS64_WG16_16_1_WGM6",25265,6448475863219675,6448475863223921,0,26624,256,1,1,256,1,1
"KERNEL_DISPATCH",1,1,234821,604,151,"void rocsolver::v32802::getf2_npvt_small_kernel<16, double, int, int, double*>(int, double*, long, int, long, int*, int, int)",25268,6448475863228969,6448475863236140,0,136,16,1,1,16,1,1
"KERNEL_DISPATCH",1,1,234821,605,1437,"void rocblas_trtri_trsm_kernel<128, 16, 8, double, double const*, double*>(rocblas_fill_, rocblas_diagonal_, double const*, long, int, long, double*, long, long, int)",25272,6448475863240667,6448475863268750,0,8192,256,1,1,4096,1,1
"KERNEL_DISPATCH",1,1,234821,606,1433,"void rocblas_trtri_fill<128, double, double*>(_rocblas_handle*, rocblas_fill_, int, long, int, long, double*, long, long, int, int)",25277,6448475863268750,6448475863271354,0,0,128,1,1,32512,1,1
"KERNEL_DISPATCH",1,1,234821,607,787,"Cijk_Ailk_Bljk_DB_MT64x32x16_MI16x16x4x1_SN_1LDSB1_APM1_ABV0_ACED0_AF0EM2_AF1EM2_AMAS0_ASE_ASGT_ASLT_ASM_ASAE01_ASCE01_ASEM2_AAC0_BL1_BS1_CLR0_DTLA0_DTLB0_DTVA1_DTVB0_DVO0_ETSP_EPS1_ELFLR0_EMLL0_FSSC10_FL0_GLVWA1_GLVWB1_GRCGA1_GRCGB1_GRPM1_GRVW1_GSU1_GSUASB_GLS0_ISA942_IU1_K1_KLA_LBSPPA0_LBSPPB128_LPA0_LPB4_LDL1_LRVW2_LWPMn1_LDW0_FMA_MIAV1_MDA2_MO40_MMFSC_MKFGSU256_NTA0_NTB0_NTC3_NTD3_NEPBS0_NLCA1_NLCB1_ONLL1_OPLV0_PK0_PAP0_PGR2_PLR5_PKA0_SIA3_SLW1_SS1_SU0_SUM0_SUS0_SCIUI1_SPO1_SRVW0_SSO6_SVW1_SNLL0_TSGRA0_TSGRB0_TT1_32_TLDS1_UMLDSA0_UMLDSB1_U64SL1_USFGROn1_VAW1_VSn1_VW1_VWB1_VFLRP0_WSGRA0_WSGRB0_WS64_WG64_4_1_WGM12",25281,6448475863275761,6448475863281770,0,5120,256,1,1,256,1,4
"KERNEL_DISPATCH",1,1,234821,608,787,"Cijk_Ailk_Bljk_DB_MT64x32x16_MI16x16x4x1_SN_1LDSB1_APM1_ABV0_ACED0_AF0EM2_AF1EM2_AMAS0_ASE_ASGT_ASLT_ASM_ASAE01_ASCE01_ASEM2_AAC0_BL1_BS1_CLR0_DTLA0_DTLB0_DTVA1_DTVB0_DVO0_ETSP_EPS1_ELFLR0_EMLL0_FSSC10_FL0_GLVWA1_GLVWB1_GRCGA1_GRCGB1_GRPM1_GRVW1_GSU1_GSUASB_GLS0_ISA942_IU1_K1_KLA_LBSPPA0_LBSPPB128_LPA0_LPB4_LDL1_LRVW2_LWPMn1_LDW0_FMA_MIAV1_MDA2_MO40_MMFSC_MKFGSU256_NTA0_NTB0_NTC3_NTD3_NEPBS0_NLCA1_NLCB1_ONLL1_OPLV0_PK0_PAP0_PGR2_PLR5_PKA0_SIA3_SLW1_SS1_SU0_SUM0_SUS0_SCIUI1_SPO1_SRVW0_SSO6_SVW1_SNLL0_TSGRA0_TSGRB0_TT1_32_TLDS1_UMLDSA0_UMLDSB1_U64SL1_USFGROn1_VAW1_VSn1_VW1_VWB1_VFLRP0_WSGRA0_WSGRB0_WS64_WG64_4_1_WGM12",25284,6448475863295270,6448475863299116,0,5120,256,1,1,256,1,4
"KERNEL_DISPATCH",1,1,234821,609,787,"Cijk_Ailk_Bljk_DB_MT64x32x16_MI16x16x4x1_SN_1LDSB1_APM1_ABV0_ACED0_AF0EM2_AF1EM2_AMAS0_ASE_ASGT_ASLT_ASM_ASAE01_ASCE01_ASEM2_AAC0_BL1_BS1_CLR0_DTLA0_DTLB0_DTVA1_DTVB0_DVO0_ETSP_EPS1_ELFLR0_EMLL0_FSSC10_FL0_GLVWA1_GLVWB1_GRCGA1_GRCGB1_GRPM1_GRVW1_GSU1_GSUASB_GLS0_ISA942_IU1_K1_KLA_LBSPPA0_LBSPPB128_LPA0_LPB4_LDL1_LRVW2_LWPMn1_LDW0_FMA_MIAV1_MDA2_MO40_MMFSC_MKFGSU256_NTA0_NTB0_NTC3_NTD3_NEPBS0_NLCA1_NLCB1_ONLL1_OPLV0_PK0_PAP0_PGR2_PLR5_PKA0_SIA3_SLW1_SS1_SU0_SUM0_SUS0_SCIUI1_SPO1_SRVW0_SSO6_SVW1_SNLL0_TSGRA0_TSGRB0_TT1_32_TLDS1_UMLDSA0_UMLDSB1_U64SL1_USFGROn1_VAW1_VSn1_VW1_VWB1_VFLRP0_WSGRA0_WSGRB0_WS64_WG64_4_1_WGM12",25287,6448475863329683,6448475863333609,0,5120,256,1,1,256,1,4
"KERNEL_DISPATCH",1,1,234821,610,787,"Cijk_Ailk_Bljk_DB_MT64x32x16_MI16x16x4x1_SN_1LDSB1_APM1_ABV0_ACED0_AF0EM2_AF1EM2_AMAS0_ASE_ASGT_ASLT_ASM_ASAE01_ASCE01_ASEM2_AAC0_BL1_BS1_CLR0_DTLA0_DTLB0_DTVA1_DTVB0_DVO0_ETSP_EPS1_ELFLR0_EMLL0_FSSC10_FL0_GLVWA1_GLVWB1_GRCGA1_GRCGB1_GRPM1_GRVW1_GSU1_GSUASB_GLS0_ISA942_IU1_K1_KLA_LBSPPA0_LBSPPB128_LPA0_LPB4_LDL1_LRVW2_LWPMn1_LDW0_FMA_MIAV1_MDA2_MO40_MMFSC_MKFGSU256_NTA0_NTB0_NTC3_NTD3_NEPBS0_NLCA1_NLCB1_ONLL1_OPLV0_PK0_PAP0_PGR2_PLR5_PKA0_SIA3_SLW1_SS1_SU0_SUM0_SUS0_SCIUI1_SPO1_SRVW0_SSO6_SVW1_SNLL0_TSGRA0_TSGRB0_TT1_32_TLDS1_UMLDSA0_UMLDSB1_U64SL1_USFGROn1_VAW1_VSn1_VW1_VWB1_VFLRP0_WSGRA0_WSGRB0_WS64_WG64_4_1_WGM12",25290,6448475863342623,6448475863346509,0,5120,256,1,1,256,1,4
"KERNEL_DISPATCH",1,1,234821,611,632,"Cijk_Ailk_Bljk_DB_MT64x64x32_MI16x16x4x1_SN_1LDSB1_APM1_ABV0_ACED0_AF0EM2_AF1EM2_AMAS0_ASE_ASGT_ASLT_ASM_ASAE01_ASCE01_ASEM2_AAC0_BL1_BS1_CLR0_DTLA0_DTLB0_DTVA0_DTVB0_DVO0_ETSP_EPS1_ELFLR0_EMLL0_FSSC10_FL0_GLVWA1_GLVWB1_GRCGA1_GRCGB1_GRPM1_GRVW1_GSU1_GSUASB_GLS0_ISA942_IU1_K1_KLA_LBSPPA0_LBSPPB0_LPA0_LPB1_LDL1_LRVW1_LWPMn1_LDW0_FMA_MIAV1_MDA2_MO40_MMFSC_MKFGSU256_NTA0_NTB0_NTC3_NTD3_NEPBS0_NLCA1_NLCB1_ONLL1_OPLV0_PK0_PAP0_PGR2_PLR9_PKA0_SIA3_SLW1_SS1_SU0_SUM0_SUS0_SCIUI1_SPO1_SRVW0_SSO6_SVW1_SNLL0_TSGRA0_TSGRB0_TT2_32_TLDS0_UMLDSA0_UMLDSB0_U64SL1_USFGROn1_VAW1_VSn1_VW1_VWB1_VFLRP0_WSGRA0_WSGRB0_WS64_WG32_8_1_WGM6",25293,6448475863365738,6448475863374352,0,33024,256,1,1,256,1,4
"KERNEL_DISPATCH",1,1,234821,612,632,"Cijk_Ailk_Bljk_DB_MT64x64x32_MI16x16x4x1_SN_1LDSB1_APM1_ABV0_ACED0_AF0EM2_AF1EM2_AMAS0_ASE_ASGT_ASLT_ASM_ASAE01_ASCE01_ASEM2_AAC0_BL1_BS1_CLR0_DTLA0_DTLB0_DTVA0_DTVB0_DVO0_ETSP_EPS1_ELFLR0_EMLL0_FSSC10_FL0_GLVWA1_GLVWB1_GRCGA1_GRCGB1_GRPM1_GRVW1_GSU1_GSUASB_GLS0_ISA942_IU1_K1_KLA_LBSPPA0_LBSPPB0_LPA0_LPB1_LDL1_LRVW1_LWPMn1_LDW0_FMA_MIAV1_MDA2_MO40_MMFSC_MKFGSU256_NTA0_NTB0_NTC3_NTD3_NEPBS0_NLCA1_NLCB1_ONLL1_OPLV0_PK0_PAP0_PGR2_PLR9_PKA0_SIA3_SLW1_SS1_SU0_SUM0_SUS0_SCIUI1_SPO1_SRVW0_SSO6_SVW1_SNLL0_TSGRA0_TSGRB0_TT2_32_TLDS0_UMLDSA0_UMLDSB0_U64SL1_USFGROn1_VAW1_VSn1_VW1_VWB1_VFLRP0_WSGRA0_WSGRB0_WS64_WG32_8_1_WGM6",25296,6448475863379119,6448475863387292,0,33024,256,1,1,256,1,4
"KERNEL_DISPATCH",1,1,234821,613,1435,"void rocblas_copy_matrix_trsm<128, 8, double, double*, double*>(int, int, int, double*, int, long, double*, int, long, long, long, int)",25300,6448475863387292,6448475863390136,0,0,128,8,1,1536,128,1
"KERNEL_DISPATCH",1,1,234821,614,1162,"Cijk_Ailk_Bljk_DB_MT64x96x32_MI16x16x4x1_SN_1LDSB1_APM1_ABV0_ACED0_AF0EM1_AF1EM1_AMAS3_ASE_ASGT_ASLT_ASM_ASAE01_ASCE01_ASEM1_AAC0_BL1_BS1_CLR0_DTLA0_DTLB0_DTVA0_DTVB0_DVO0_ETB_EPS1_ELFLR0_EMLL0_FSSC10_FL0_GLVWA2_GLVWB2_GRCGA1_GRCGB1_GRPM1_GRVWn1_GSU1_GSUASB_GLS0_ISA942_IU1_K1_KLA_LBSPPA0_LBSPPB256_LPA0_LPB4_LDL1_LRVW2_LWPMn1_LDW0_FMA_MIAV1_MDA2_MO40_MMFSC_MKFGSU256_NTA0_NTB0_NTC0_NTD0_NEPBS4_NLCA1_NLCB1_ONLL1_OPLV0_PK0_PAP0_PGR2_PLR9_PKA0_SIA3_SLW1_SS1_SU0_SUM0_SUS0_SCIUI1_SPO0_SRVW0_SSO0_SVW2_SNLL0_TSGRA0_TSGRB0_TT2_48_TLDS1_UMLDSA0_UMLDSB1_U64SL1_USFGROn1_VAW1_VSn1_VW2_VWB1_VFLRP0_WSGRA0_WSGRB0_WS64_WG32_8_1_WGM1",25304,6448475863406361,6448475863422826,0,44032,256,1,1,6144,2,1
"KERNEL_DISPATCH",1,1,234821,615,1162,"Cijk_Ailk_Bljk_DB_MT64x96x32_MI16x16x4x1_SN_1LDSB1_APM1_ABV0_ACED0_AF0EM1_AF1EM1_AMAS3_ASE_ASGT_ASLT_ASM_ASAE01_ASCE01_ASEM1_AAC0_BL1_BS1_CLR0_DTLA0_DTLB0_DTVA0_DTVB0_DVO0_ETB_EPS1_ELFLR0_EMLL0_FSSC10_FL0_GLVWA2_GLVWB2_GRCGA1_GRCGB1_GRPM1_GRVWn1_GSU1_GSUASB_GLS0_ISA942_IU1_K1_KLA_LBSPPA0_LBSPPB256_LPA0_LPB4_LDL1_LRVW2_LWPMn1_LDW0_FMA_MIAV1_MDA2_MO40_MMFSC_MKFGSU256_NTA0_NTB0_NTC0_NTD0_NEPBS4_NLCA1_NLCB1_ONLL1_OPLV0_PK0_PAP0_PGR2_PLR9_PKA0_SIA3_SLW1_SS1_SU0_SUM0_SUS0_SCIUI1_SPO0_SRVW0_SSO0_SVW2_SNLL0_TSGRA0_TSGRB0_TT2_48_TLDS1_UMLDSA0_UMLDSB1_U64SL1_USFGROn1_VAW1_VSn1_VW2_VWB1_VFLRP0_WSGRA0_WSGRB0_WS64_WG32_8_1_WGM1",25307,6448475863426912,6448475863440613,0,44032,256,1,1,6144,2,1
"KERNEL_DISPATCH",1,1,234821,616,1162,"Cijk_Ailk_Bljk_DB_MT64x96x32_MI16x16x4x1_SN_1LDSB1_APM1_ABV0_ACED0_AF0EM1_AF1EM1_AMAS3_ASE_ASGT_ASLT_ASM_ASAE01_ASCE01_ASEM1_AAC0_BL1_BS1_CLR0_DTLA0_DTLB0_DTVA0_DTVB0_DVO0_ETB_EPS1_ELFLR0_EMLL0_FSSC10_FL0_GLVWA2_GLVWB2_GRCGA1_GRCGB1_GRPM1_GRVWn1_GSU1_GSUASB_GLS0_ISA942_IU1_K1_KLA_LBSPPA0_LBSPPB256_LPA0_LPB4_LDL1_LRVW2_LWPMn1_LDW0_FMA_MIAV1_MDA2_MO40_MMFSC_MKFGSU256_NTA0_NTB0_NTC0_NTD0_NEPBS4_NLCA1_NLCB1_ONLL1_OPLV0_PK0_PAP0_PGR2_PLR9_PKA0_SIA3_SLW1_SS1_SU0_SUM0_SUS0_SCIUI1_SPO0_SRVW0_SSO0_SVW2_SNLL0_TSGRA0_TSGRB0_TT2_48_TLDS1_UMLDSA0_UMLDSB1_U64SL1_USFGROn1_VAW1_VSn1_VW2_VWB1_VFLRP0_WSGRA0_WSGRB0_WS64_WG32_8_1_WGM1",25310,6448475863442576,6448475863450869,0,44032,256,1,1,6144,2,1
"KERNEL_DISPATCH",1,1,234821,617,1162,"Cijk_Ailk_Bljk_DB_MT64x96x32_MI16x16x4x1_SN_1LDSB1_APM1_ABV0_ACED0_AF0EM1_AF1EM1_AMAS3_ASE_ASGT_ASLT_ASM_ASAE01_ASCE01_ASEM1_AAC0_BL1_BS1_CLR0_DTLA0_DTLB0_DTVA0_DTVB0_DVO0_ETB_EPS1_ELFLR0_EMLL0_FSSC10_FL0_GLVWA2_GLVWB2_GRCGA1_GRCGB1_GRPM1_GRVWn1_GSU1_GSUASB_GLS0_ISA942_IU1_K1_KLA_LBSPPA0_LBSPPB256_LPA0_LPB4_LDL1_LRVW2_LWPMn1_LDW0_FMA_MIAV1_MDA2_MO40_MMFSC_MKFGSU256_NTA0_NTB0_NTC0_NTD0_NEPBS4_NLCA1_NLCB1_ONLL1_OPLV0_PK0_PAP0_PGR2_PLR9_PKA0_SIA3_SLW1_SS1_SU0_SUM0_SUS0_SCIUI1_SPO0_SRVW0_SSO0_SVW2_SNLL0_TSGRA0_TSGRB0_TT2_48_TLDS1_UMLDSA0_UMLDSB1_U64SL1_USFGROn1_VAW1_VSn1_VW2_VWB1_VFLRP0_WSGRA0_WSGRB0_WS64_WG32_8_1_WGM1",25313,6448475863463769,6448475863477350,0,44032,256,1,1,6144,2,1
"KERNEL_DISPATCH",1,1,234821,618,1162,"Cijk_Ailk_Bljk_DB_MT64x96x32_MI16x16x4x1_SN_1LDSB1_APM1_ABV0_ACED0_AF0EM1_AF1EM1_AMAS3_ASE_ASGT_ASLT_ASM_ASAE01_ASCE01_ASEM1_AAC0_BL1_BS1_CLR0_DTLA0_DTLB0_DTVA0_DTVB0_DVO0_ETB_EPS1_ELFLR0_EMLL0_FSSC10_FL0_GLVWA2_GLVWB2_GRCGA1_GRCGB1_GRPM1_GRVWn1_GSU1_GSUASB_GLS0_ISA942_IU1_K1_KLA_LBSPPA0_LBSPPB256_LPA0_LPB4_LDL1_LRVW2_LWPMn1_LDW0_FMA_MIAV1_MDA2_MO40_MMFSC_MKFGSU256_NTA0_NTB0_NTC0_NTD0_NEPBS4_NLCA1_NLCB1_ONLL1_OPLV0_PK0_PAP0_PGR2_PLR9_PKA0_SIA3_SLW1_SS1_SU0_SUM0_SUS0_SCIUI1_SPO0_SRVW0_SSO0_SVW2_SNLL0_TSGRA0_TSGRB0_TT2_48_TLDS1_UMLDSA0_UMLDSB1_U64SL1_USFGROn1_VAW1_VSn1_VW2_VWB1_VFLRP0_WSGRA0_WSGRB0_WS64_WG32_8_1_WGM1",25316,6448475863481756,6448475863490249,0,44032,256,1,1,6144,2,1
"KERNEL_DISPATCH",1,1,234821,619,883,"Cijk_Ailk_Bljk_DB_MT32x32x64_MI16x16x4x1_SN_1LDSB1_APM1_ABV0_ACED0_AF0EM1_AF1EM1_AMAS3_ASE_ASGT_ASLT1129_ASM_ASAE01_ASCE01_ASEM1_AAC0_BL1_BS1_CLR0_DTLA0_DTLB0_DTVA1_DTVB0_DVO0_ETB_EPS1_ELFLR0_EMLL0_FSSC10_FL0_GLVWA2_GLVWB2_GRCGA1_GRCGB1_GRPM1_GRVWn1_GSU1_GSUASB_GLS0_ISA942_IU1_K1_KLA_LBSPPA0_LBSPPB512_LPA0_LPB2_LDL1_LRVW1_LWPMn1_LDW0_FMA_MIAV1_MDA2_MO40_MMFSC_MKFGSU256_NTA0_NTB0_NTC0_NTD0_NEPBS4_NLCA1_NLCB1_ONLL1_OPLV0_PK0_PAP0_PGR2_PLR5_PKA0_SIA3_SLW1_SS1_SU0_SUM0_SUS0_SCIUI1_SPO0_SRVW0_SSO0_SVW2_SNLL0_TSGRA0_TSGRB0_TT2_32_TLDS1_UMLDSA0_UMLDSB1_U64SL1_USFGROn1_VAW1_VSn1_VW2_VWB1_VFLRP0_WSGRA0_WSGRB0_WS64_WG16_4_4_WGM1",25319,6448475863499704,6448475863512724,0,32768,256,1,1,12288,4,1
"KERNEL_DISPATCH",1,1,234821,620,1162,"Cijk_Ailk_Bljk_DB_MT64x96x32_MI16x16x4x1_SN_1LDSB1_APM1_ABV0_ACED0_AF0EM1_AF1EM1_AMAS3_ASE_ASGT_ASLT_ASM_ASAE01_ASCE01_ASEM1_AAC0_BL1_BS1_CLR0_DTLA0_DTLB0_DTVA0_DTVB0_DVO0_ETB_EPS1_ELFLR0_EMLL0_FSSC10_FL0_GLVWA2_GLVWB2_GRCGA1_GRCGB1_GRPM1_GRVWn1_GSU1_GSUASB_GLS0_ISA942_IU1_K1_KLA_LBSPPA0_LBSPPB256_LPA0_LPB4_LDL1_LRVW2_LWPMn1_LDW0_FMA_MIAV1_MDA2_MO40_MMFSC_MKFGSU256_NTA0_NTB0_NTC0_NTD0_NEPBS4_NLCA1_NLCB1_ONLL1_OPLV0_PK0_PAP0_PGR2_PLR9_PKA0_SIA3_SLW1_SS1_SU0_SUM0_SUS0_SCIUI1_SPO0_SRVW0_SSO0_SVW2_SNLL0_TSGRA0_TSGRB0_TT2_48_TLDS1_UMLDSA0_UMLDSB1_U64SL1_USFGROn1_VAW1_VSn1_VW2_VWB1_VFLRP0_WSGRA0_WSGRB0_WS64_WG32_8_1_WGM1",25322,6448475863527747,6448475863535278,0,44032,256,1,1,6144,2,1
"KERNEL_DISPATCH",1,1,234821,621,1437,"void rocblas_trtri_trsm_kernel<128, 16, 8, double, double const*, double*>(rocblas_fill_, rocblas_diagonal_, double const*, long, int, long, double*, long, long, int)",25326,6448475863539985,6448475863568589,0,8192,256,1,1,4096,1,1
"KERNEL_DISPATCH",1,1,234821,623,787,"Cijk_Ailk_Bljk_DB_MT64x32x16_MI16x16x4x1_SN_1LDSB1_APM1_ABV0_ACED0_AF0EM2_AF1EM2_AMAS0_ASE_ASGT_ASLT_ASM_ASAE01_ASCE01_ASEM2_AAC0_BL1_BS1_CLR0_DTLA0_DTLB0_DTVA1_DTVB0_DVO0_ETSP_EPS1_ELFLR0_EMLL0_FSSC10_FL0_GLVWA1_GLVWB1_GRCGA1_GRCGB1_GRPM1_GRVW1_GSU1_GSUASB_GLS0_ISA942_IU1_K1_KLA_LBSPPA0_LBSPPB128_LPA0_LPB4_LDL1_LRVW2_LWPMn1_LDW0_FMA_MIAV1_MDA2_MO40_MMFSC_MKFGSU256_NTA0_NTB0_NTC3_NTD3_NEPBS0_NLCA1_NLCB1_ONLL1_OPLV0_PK0_PAP0_PGR2_PLR5_PKA0_SIA3_SLW1_SS1_SU0_SUM0_SUS0_SCIUI1_SPO1_SRVW0_SSO6_SVW1_SNLL0_TSGRA0_TSGRB0_TT1_32_TLDS1_UMLDSA0_UMLDSB1_U64SL1_USFGROn1_VAW1_VSn1_VW1_VWB1_VFLRP0_WSGRA0_WSGRB0_WS64_WG64_4_1_WGM12",25335,6448475863572576,6448475863577343,0,5120,256,1,1,256,1,4
"KERNEL_DISPATCH",1,1,234821,622,1433,"void rocblas_trtri_fill<128, double, double*>(_rocblas_handle*, rocblas_fill_, int, long, int, long, double*, long, long, int, int)",25331,6448475863569411,6448475863572576,0,0,128,1,1,32512,1,1
"KERNEL_DISPATCH",1,1,234821,624,787,"Cijk_Ailk_Bljk_DB_MT64x32x16_MI16x16x4x1_SN_1LDSB1_APM1_ABV0_ACED0_AF0EM2_AF1EM2_AMAS0_ASE_ASGT_ASLT_ASM_ASAE01_ASCE01_ASEM2_AAC0_BL1_BS1_CLR0_DTLA0_DTLB0_DTVA1_DTVB0_DVO0_ETSP_EPS1_ELFLR0_EMLL0_FSSC10_FL0_GLVWA1_GLVWB1_GRCGA1_GRCGB1_GRPM1_GRVW1_GSU1_GSUASB_GLS0_ISA942_IU1_K1_KLA_LBSPPA0_LBSPPB128_LPA0_LPB4_LDL1_LRVW2_LWPMn1_LDW0_FMA_MIAV1_MDA2_MO40_MMFSC_MKFGSU256_NTA0_NTB0_NTC3_NTD3_NEPBS0_NLCA1_NLCB1_ONLL1_OPLV0_PK0_PAP0_PGR2_PLR5_PKA0_SIA3_SLW1_SS1_SU0_SUM0_SUS0_SCIUI1_SPO1_SRVW0_SSO6_SVW1_SNLL0_TSGRA0_TSGRB0_TT1_32_TLDS1_UMLDSA0_UMLDSB1_U64SL1_USFGROn1_VAW1_VSn1_VW1_VWB1_VFLRP0_WSGRA0_WSGRB0_WS64_WG64_4_1_WGM12",25338,6448475863587278,6448475863591645,0,5120,256,1,1,256,1,4
"KERNEL_DISPATCH",1,1,234821,625,787,"Cijk_Ailk_Bljk_DB_MT64x32x16_MI16x16x4x1_SN_1LDSB1_APM1_ABV0_ACED0_AF0EM2_AF1EM2_AMAS0_ASE_ASGT_ASLT_ASM_ASAE01_ASCE01_ASEM2_AAC0_BL1_BS1_CLR0_DTLA0_DTLB0_DTVA1_DTVB0_DVO0_ETSP_EPS1_ELFLR0_EMLL0_FSSC10_FL0_GLVWA1_GLVWB1_GRCGA1_GRCGB1_GRPM1_GRVW1_GSU1_GSUASB_GLS0_ISA942_IU1_K1_KLA_LBSPPA0_LBSPPB128_LPA0_LPB4_LDL1_LRVW2_LWPMn1_LDW0_FMA_MIAV1_MDA2_MO40_MMFSC_MKFGSU256_NTA0_NTB0_NTC3_NTD3_NEPBS0_NLCA1_NLCB1_ONLL1_OPLV0_PK0_PAP0_PGR2_PLR5_PKA0_SIA3_SLW1_SS1_SU0_SUM0_SUS0_SCIUI1_SPO1_SRVW0_SSO6_SVW1_SNLL0_TSGRA0_TSGRB0_TT1_32_TLDS1_UMLDSA0_UMLDSB1_U64SL1_USFGROn1_VAW1_VSn1_VW1_VWB1_VFLRP0_WSGRA0_WSGRB0_WS64_WG64_4_1_WGM12",25341,6448475863611355,6448475863615682,0,5120,256,1,1,256,1,4
"KERNEL_DISPATCH",1,1,234821,626,787,"Cijk_Ailk_Bljk_DB_MT64x32x16_MI16x16x4x1_SN_1LDSB1_APM1_ABV0_ACED0_AF0EM2_AF1EM2_AMAS0_ASE_ASGT_ASLT_ASM_ASAE01_ASCE01_ASEM2_AAC0_BL1_BS1_CLR0_DTLA0_DTLB0_DTVA1_DTVB0_DVO0_ETSP_EPS1_ELFLR0_EMLL0_FSSC10_FL0_GLVWA1_GLVWB1_GRCGA1_GRCGB1_GRPM1_GRVW1_GSU1_GSUASB_GLS0_ISA942_IU1_K1_KLA_LBSPPA0_LBSPPB128_LPA0_LPB4_LDL1_LRVW2_LWPMn1_LDW0_FMA_MIAV1_MDA2_MO40_MMFSC_MKFGSU256_NTA0_NTB0_NTC3_NTD3_NEPBS0_NLCA1_NLCB1_ONLL1_OPLV0_PK0_PAP0_PGR2_PLR5_PKA0_SIA3_SLW1_SS1_SU0_SUM0_SUS0_SCIUI1_SPO1_SRVW0_SSO6_SVW1_SNLL0_TSGRA0_TSGRB0_TT1_32_TLDS1_UMLDSA0_UMLDSB1_U64SL1_USFGROn1_VAW1_VSn1_VW1_VWB1_VFLRP0_WSGRA0_WSGRB0_WS64_WG64_4_1_WGM12",25344,6448475863626618,6448475863631506,0,5120,256,1,1,256,1,4
"KERNEL_DISPATCH",1,1,234821,627,632,"Cijk_Ailk_Bljk_DB_MT64x64x32_MI16x16x4x1_SN_1LDSB1_APM1_ABV0_ACED0_AF0EM2_AF1EM2_AMAS0_ASE_ASGT_ASLT_ASM_ASAE01_ASCE01_ASEM2_AAC0_BL1_BS1_CLR0_DTLA0_DTLB0_DTVA0_DTVB0_DVO0_ETSP_EPS1_ELFLR0_EMLL0_FSSC10_FL0_GLVWA1_GLVWB1_GRCGA1_GRCGB1_GRPM1_GRVW1_GSU1_GSUASB_GLS0_ISA942_IU1_K1_KLA_LBSPPA0_LBSPPB0_LPA0_LPB1_LDL1_LRVW1_LWPMn1_LDW0_FMA_MIAV1_MDA2_MO40_MMFSC_MKFGSU256_NTA0_NTB0_NTC3_NTD3_NEPBS0_NLCA1_NLCB1_ONLL1_OPLV0_PK0_PAP0_PGR2_PLR9_PKA0_SIA3_SLW1_SS1_SU0_SUM0_SUS0_SCIUI1_SPO1_SRVW0_SSO6_SVW1_SNLL0_TSGRA0_TSGRB0_TT2_32_TLDS0_UMLDSA0_UMLDSB0_U64SL1_USFGROn1_VAW1_VSn1_VW1_VWB1_VFLRP0_WSGRA0_WSGRB0_WS64_WG32_8_1_WGM6",25347,6448475863648893,6448475863657225,0,33024,256,1,1,256,1,4
"KERNEL_DISPATCH",1,1,234821,628,632,"Cijk_Ailk_Bljk_DB_MT64x64x32_MI16x16x4x1_SN_1LDSB1_APM1_ABV0_ACED0_AF0EM2_AF1EM2_AMAS0_ASE_ASGT_ASLT_ASM_ASAE01_ASCE01_ASEM2_AAC0_BL1_BS1_CLR0_DTLA0_DTLB0_DTVA0_DTVB0_DVO0_ETSP_EPS1_ELFLR0_EMLL0_FSSC10_FL0_GLVWA1_GLVWB1_GRCGA1_GRCGB1_GRPM1_GRVW1_GSU1_GSUASB_GLS0_ISA942_IU1_K1_KLA_LBSPPA0_LBSPPB0_LPA0_LPB1_LDL1_LRVW1_LWPMn1_LDW0_FMA_MIAV1_MDA2_MO40_MMFSC_MKFGSU256_NTA0_NTB0_NTC3_NTD3_NEPBS0_NLCA1_NLCB1_ONLL1_OPLV0_PK0_PAP0_PGR2_PLR9_PKA0_SIA3_SLW1_SS1_SU0_SUM0_SUS0_SCIUI1_SPO1_SRVW0_SSO6_SVW1_SNLL0_TSGRA0_TSGRB0_TT2_32_TLDS0_UMLDSA0_UMLDSB0_U64SL1_USFGROn1_VAW1_VSn1_VW1_VWB1_VFLRP0_WSGRA0_WSGRB0_WS64_WG32_8_1_WGM6",25350,6448475863662754,6448475863670165,0,33024,256,1,1,256,1,4
"KERNEL_DISPATCH",1,1,234821,629,1435,"void rocblas_copy_matrix_trsm<128, 8, double, double*, double*>(int, int, int, double*, int, long, double*, int, long, long, long, int)",25354,6448475863670165,6448475863673891,0,0,128,8,1,128,1536,1
"KERNEL_DISPATCH",1,1,234821,630,1201,"Cijk_Ailk_Bljk_DB_MT80x64x32_MI16x16x4x1_SN_1LDSB1_APM1_ABV0_ACED0_AF0EM1_AF1EM1_AMAS0_ASE_ASGT_ASLT_ASM_ASAE01_ASCE01_ASEM1_AAC0_BL1_BS1_CLR0_DTLA0_DTLB0_DTVA0_DTVB0_DVO0_ETB_EPS1_ELFLR0_EMLL0_FSSC10_FL0_GLVWA2_GLVWB2_GRCGA1_GRCGB1_GRPM1_GRVWn1_GSU1_GSUASB_GLS0_ISA942_IU1_K1_KLA_LBSPPA0_LBSPPB256_LPA0_LPB2_LDL1_LRVW1_LWPMn1_LDW0_FMA_MIAV1_MDA2_MO40_MMFSC_MKFGSU256_NTA0_NTB0_NTC3_NTD3_NEPBS4_NLCA5_NLCB1_ONLL1_OPLV0_PK0_PAP0_PGR2_PLR9_PKA0_SIA3_SLW1_SS1_SU0_SUM0_SUS0_SCIUI1_SPO0_SRVW0_SSO0_SVW1_SNLL0_TSGRA0_TSGRB0_TT5_16_TLDS1_UMLDSA0_UMLDSB1_U64SL1_USFGROn1_VAW1_VSn1_VW1_VWB1_VFLRP0_WSGRA0_WSGRB0_WS64_WG16_16_1_WGM12",25358,6448475863692520,6448475863700812,0,37888,256,1,1,512,24,1
"KERNEL_DISPATCH",1,1,234821,631,1201,"Cijk_Ailk_Bljk_DB_MT80x64x32_MI16x16x4x1_SN_1LDSB1_APM1_ABV0_ACED0_AF0EM1_AF1EM1_AMAS0_ASE_ASGT_ASLT_ASM_ASAE01_ASCE01_ASEM1_AAC0_BL1_BS1_CLR0_DTLA0_DTLB0_DTVA0_DTVB0_DVO0_ETB_EPS1_ELFLR0_EMLL0_FSSC10_FL0_GLVWA2_GLVWB2_GRCGA1_GRCGB1_GRPM1_GRVWn1_GSU1_GSUASB_GLS0_ISA942_IU1_K1_KLA_LBSPPA0_LBSPPB256_LPA0_LPB2_LDL1_LRVW1_LWPMn1_LDW0_FMA_MIAV1_MDA2_MO40_MMFSC_MKFGSU256_NTA0_NTB0_NTC3_NTD3_NEPBS4_NLCA5_NLCB1_ONLL1_OPLV0_PK0_PAP0_PGR2_PLR9_PKA0_SIA3_SLW1_SS1_SU0_SUM0_SUS0_SCIUI1_SPO0_SRVW0_SSO0_SVW1_SNLL0_TSGRA0_TSGRB0_TT5_16_TLDS1_UMLDSA0_UMLDSB1_U64SL1_USFGROn1_VAW1_VSn1_VW1_VWB1_VFLRP0_WSGRA0_WSGRB0_WS64_WG16_16_1_WGM12",25361,6448475863717959,6448475863727533,0,37888,256,1,1,512,24,1
"KERNEL_DISPATCH",1,1,234821,632,1201,"Cijk_Ailk_Bljk_DB_MT80x64x32_MI16x16x4x1_SN_1LDSB1_APM1_ABV0_ACED0_AF0EM1_AF1EM1_AMAS0_ASE_ASGT_ASLT_ASM_ASAE01_ASCE01_ASEM1_AAC0_BL1_BS1_CLR0_DTLA0_DTLB0_DTVA0_DTVB0_DVO0_ETB_EPS1_ELFLR0_EMLL0_FSSC10_FL0_GLVWA2_GLVWB2_GRCGA1_GRCGB1_GRPM1_GRVWn1_GSU1_GSUASB_GLS0_ISA942_IU1_K1_KLA_LBSPPA0_LBSPPB256_LPA0_LPB2_LDL1_LRVW1_LWPMn1_LDW0_FMA_MIAV1_MDA2_MO40_MMFSC_MKFGSU256_NTA0_NTB0_NTC3_NTD3_NEPBS4_NLCA5_NLCB1_ONLL1_OPLV0_PK0_PAP0_PGR2_PLR9_PKA0_SIA3_SLW1_SS1_SU0_SUM0_SUS0_SCIUI1_SPO0_SRVW0_SSO0_SVW1_SNLL0_TSGRA0_TSGRB0_TT5_16_TLDS1_UMLDSA0_UMLDSB1_U64SL1_USFGROn1_VAW1_VSn1_VW1_VWB1_VFLRP0_WSGRA0_WSGRB0_WS64_WG16_16_1_WGM12",25364,6448475863732220,6448475863739912,0,37888,256,1,1,512,24,1
"KERNEL_DISPATCH",1,1,234821,633,1201,"Cijk_Ailk_Bljk_DB_MT80x64x32_MI16x16x4x1_SN_1LDSB1_APM1_ABV0_ACED0_AF0EM1_AF1EM1_AMAS0_ASE_ASGT_ASLT_ASM_ASAE01_ASCE01_ASEM1_AAC0_BL1_BS1_CLR0_DTLA0_DTLB0_DTVA0_DTVB0_DVO0_ETB_EPS1_ELFLR0_EMLL0_FSSC10_FL0_GLVWA2_GLVWB2_GRCGA1_GRCGB1_GRPM1_GRVWn1_GSU1_GSUASB_GLS0_ISA942_IU1_K1_KLA_LBSPPA0_LBSPPB256_LPA0_LPB2_LDL1_LRVW1_LWPMn1_LDW0_FMA_MIAV1_MDA2_MO40_MMFSC_MKFGSU256_NTA0_NTB0_NTC3_NTD3_NEPBS4_NLCA5_NLCB1_ONLL1_OPLV0_PK0_PAP0_PGR2_PLR9_PKA0_SIA3_SLW1_SS1_SU0_SUM0_SUS0_SCIUI1_SPO0_SRVW0_SSO0_SVW1_SNLL0_TSGRA0_TSGRB0_TT5_16_TLDS1_UMLDSA0_UMLDSB1_U64SL1_USFGROn1_VAW1_VSn1_VW1_VWB1_VFLRP0_WSGRA0_WSGRB0_WS64_WG16_16_1_WGM12",25367,6448475863746731,6448475863759391,0,37888,256,1,1,512,24,1
"KERNEL_DISPATCH",1,1,234821,634,1201,"Cijk_Ailk_Bljk_DB_MT80x64x32_MI16x16x4x1_SN_1LDSB1_APM1_ABV0_ACED0_AF0EM1_AF1EM1_AMAS0_ASE_ASGT_ASLT_ASM_ASAE01_ASCE01_ASEM1_AAC0_BL1_BS1_CLR0_DTLA0_DTLB0_DTVA0_DTVB0_DVO0_ETB_EPS1_ELFLR0_EMLL0_FSSC10_FL0_GLVWA2_GLVWB2_GRCGA1_GRCGB1_GRPM1_GRVWn1_GSU1_GSUASB_GLS0_ISA942_IU1_K1_KLA_LBSPPA0_LBSPPB256_LPA0_LPB2_LDL1_LRVW1_LWPMn1_LDW0_FMA_MIAV1_MDA2_MO40_MMFSC_MKFGSU256_NTA0_NTB0_NTC3_NTD3_NEPBS4_NLCA5_NLCB1_ONLL1_OPLV0_PK0_PAP0_PGR2_PLR9_PKA0_SIA3_SLW1_SS1_SU0_SUM0_SUS0_SCIUI1_SPO0_SRVW0_SSO0_SVW1_SNLL0_TSGRA0_TSGRB0_TT5_16_TLDS1_UMLDSA0_UMLDSB1_U64SL1_USFGROn1_VAW1_VSn1_VW1_VWB1_VFLRP0_WSGRA0_WSGRB0_WS64_WG16_16_1_WGM12",25370,6448475863770800,6448475863777570,0,37888,256,1,1,512,24,1
"KERNEL_DISPATCH",1,1,234821,635,799,"Cijk_Ailk_Bljk_DB_MT64x16x64_MI16x16x4x1_SN_1LDSB1_APM1_ABV0_ACED0_AF0EM1_AF1EM1_AMAS3_ASE_ASGT_ASLT0129_ASM_ASAE01_ASCE01_ASEM1_AAC0_BL1_BS1_CLR0_DTLA0_DTLB0_DTVA1_DTVB0_DVO0_ETB_EPS1_ELFLR0_EMLL0_FSSC10_FL0_GLVWA2_GLVWB2_GRCGA1_GRCGB1_GRPM1_GRVWn1_GSU1_GSUASB_GLS0_ISA942_IU1_K1_KLA_LBSPPA0_LBSPPB512_LPA0_LPB2_LDL1_LRVW1_LWPMn1_LDW0_FMA_MIAV1_MDA2_MO40_MMFSC_MKFGSU256_NTA0_NTB0_NTC0_NTD0_NEPBS4_NLCA2_NLCB1_ONLL1_OPLV0_PK0_PAP0_PGR2_PLR5_PKA0_SIA3_SLW1_SS1_SU0_SUM0_SUS0_SCIUI1_SPO0_SRVW0_SSO0_SVW2_SNLL0_TSGRA0_TSGRB0_TT4_16_TLDS1_UMLDSA0_UMLDSB1_U64SL1_USFGROn1_VAW1_VSn1_VW2_VWB1_VFLRP0_WSGRA0_WSGRB0_WS64_WG16_4_4_WGM1",25373,6448475863789548,6448475863801126,0,32768,256,1,1,512,96,1
"KERNEL_DISPATCH",1,1,234821,636,1201,"Cijk_Ailk_Bljk_DB_MT80x64x32_MI16x16x4x1_SN_1LDSB1_APM1_ABV0_ACED0_AF0EM1_AF1EM1_AMAS0_ASE_ASGT_ASLT_ASM_ASAE01_ASCE01_ASEM1_AAC0_BL1_BS1_CLR0_DTLA0_DTLB0_DTVA0_DTVB0_DVO0_ETB_EPS1_ELFLR0_EMLL0_FSSC10_FL0_GLVWA2_GLVWB2_GRCGA1_GRCGB1_GRPM1_GRVWn1_GSU1_GSUASB_GLS0_ISA942_IU1_K1_KLA_LBSPPA0_LBSPPB256_LPA0_LPB2_LDL1_LRVW1_LWPMn1_LDW0_FMA_MIAV1_MDA2_MO40_MMFSC_MKFGSU256_NTA0_NTB0_NTC3_NTD3_NEPBS4_NLCA5_NLCB1_ONLL1_OPLV0_PK0_PAP0_PGR2_PLR9_PKA0_SIA3_SLW1_SS1_SU0_SUM0_SUS0_SCIUI1_SPO0_SRVW0_SSO0_SVW1_SNLL0_TSGRA0_TSGRB0_TT5_16_TLDS1_UMLDSA0_UMLDSB1_U64SL1_USFGROn1_VAW1_VSn1_VW1_VWB1_VFLRP0_WSGRA0_WSGRB0_WS64_WG16_16_1_WGM12",25376,6448475863808898,6448475863815789,0,37888,256,1,1,512,24,1
"KERNEL_DISPATCH",1,1,234821,637,458,"Cijk_Ailk_Bljk_DB_MT128x32x16_MI16x16x4x1_SN_1LDSB1_APM1_ABV0_ACED0_AF0EM1_AF1EM1_AMAS3_ASE_ASGT_ASLT_ASM_ASAE01_ASCE01_ASEM1_AAC0_BL1_BS1_CLR0_DTLA0_DTLB0_DTVA1_DTVB0_DVO0_ETSP_EPS1_ELFLR0_EMLL0_FSSC10_FL0_GLVWA2_GLVWB2_GRCGA1_GRCGB1_GRPM1_GRVWn1_GSU1_GSUASB_GLS0_ISA942_IU1_K1_KLA_LBSPPA0_LBSPPB256_LPA0_LPB4_LDL1_LRVW2_LWPMn1_LDW0_FMA_MIAV1_MDA2_MO40_MMFSC_MKFGSU256_NTA0_NTB0_NTC4_NTD4_NEPBS4_NLCA1_NLCB1_ONLL1_OPLV0_PK0_PAP0_PGR2_PLR5_PKA0_SIA3_SLW1_SS1_SU8_SUM0_SUS256_SCIUI1_SPO1_SRVW0_SSO4_SVW2_SNLL0_TSGRA0_TSGRB0_TT2_32_TLDS1_UMLDSA0_UMLDSB1_U64SL1_USFGROn1_VAW1_VSn1_VW2_VWB2_VFLRP0_WSGRA0_WSGRB0_WS64_WG64_4_1_WGM24",25379,6448475863826525,6448475863902091,0,4608,256,1,1,3072,48,1
"KERNEL_DISPATCH",1,1,234821,638,151,"void rocsolver::v32802::getf2_npvt_small_kernel<16, double, int, int, double*>(int, double*, long, int, long, int*, int, int)",25382,6448475863902091,6448475863914750,0,136,512,1,1,512,1,1
"KERNEL_DISPATCH",1,1,234821,639,203,"void rocsolver::v32802::unit_forward_substitution_kernel<double, int, double*>(int, int, double*, int, int, long, long, double*, int, int, long, long)",25387,6448475863914750,6448475863925847,0,512,16,64,1,16,512,1
"KERNEL_DISPATCH",1,1,234821,641,151,"void rocsolver::v32802::getf2_npvt_small_kernel<16, double, int, int, double*>(int, double*, long, int, long, int*, int, int)",25393,6448475863931256,6448475863941431,0,136,496,1,1,496,1,1
"KERNEL_DISPATCH",1,1,234821,644,151,"void rocsolver::v32802::getf2_npvt_small_kernel<16, double, int, int, double*>(int, double*, long, int, long, int*, int, int)",25404,6448475863956614,6448475863966830,0,136,480,1,1,480,1,1
"KERNEL_DISPATCH",1,1,234821,643,859,"Cijk_Ailk_Bljk_DB_MT64x32x32_MI16x16x4x1_SN_1LDSB1_APM1_ABV0_ACED0_AF0EM2_AF1EM2_AMAS3_ASE_ASGT_ASLT_ASM_ASAE01_ASCE01_ASEM2_AAC0_BL1_BS1_CLR0_DTLA0_DTLB0_DTVA0_DTVB0_DVO0_ETSP_EPS1_ELFLR0_EMLL0_FSSC10_FL0_GLVWA2_GLVWB2_GRCGA1_GRCGB1_GRPM1_GRVW2_GSU1_GSUASB_GLS0_ISA942_IU1_K1_KLA_LBSPPA0_LBSPPB256_LPA0_LPB4_LDL1_LRVW2_LWPMn1_LDW0_FMA_MIAV1_MDA2_MO40_MMFSC_MKFGSU256_NTA0_NTB0_NTC3_NTD3_NEPBS0_NLCA1_NLCB1_ONLL1_OPLV0_PK0_PAP0_PGR2_PLR9_PKA0_SIA3_SLW1_SS1_SU0_SUM0_SUS0_SCIUI1_SPO1_SRVW0_SSO6_SVW2_SNLL0_TSGRA0_TSGRB0_TT2_16_TLDS1_UMLDSA0_UMLDSB1_U64SL1_USFGROn1_VAW1_VSn1_VW2_VWB1_VFLRP0_WSGRA0_WSGRB0_WS64_WG32_8_1_WGM6",25401,6448475863950966,6448475863956614,0,25600,256,1,1,2048,15,1
"KERNEL_DISPATCH",1,1,234821,642,203,"void rocsolver::v32802::unit_forward_substitution_kernel<double, int, double*>(int, int, double*, int, int, long, long, double*, int, int, long, long)",25398,6448475863941431,6448475863950966,0,512,16,64,1,16,512,1
"KERNEL_DISPATCH",1,1,234821,640,859,"Cijk_Ailk_Bljk_DB_MT64x32x32_MI16x16x4x1_SN_1LDSB1_APM1_ABV0_ACED0_AF0EM2_AF1EM2_AMAS3_ASE_ASGT_ASLT_ASM_ASAE01_ASCE01_ASEM2_AAC0_BL1_BS1_CLR0_DTLA0_DTLB0_DTVA0_DTVB0_DVO0_ETSP_EPS1_ELFLR0_EMLL0_FSSC10_FL0_GLVWA2_GLVWB2_GRCGA1_GRCGB1_GRPM1_GRVW2_GSU1_GSUASB_GLS0_ISA942_IU1_K1_KLA_LBSPPA0_LBSPPB256_LPA0_LPB4_LDL1_LRVW2_LWPMn1_LDW0_FMA_MIAV1_MDA2_MO40_MMFSC_MKFGSU256_NTA0_NTB0_NTC3_NTD3_NEPBS0_NLCA1_NLCB1_ONLL1_OPLV0_PK0_PAP0_PGR2_PLR9_PKA0_SIA3_SLW1_SS1_SU0_SUM0_SUS0_SCIUI1_SPO1_SRVW0_SSO6_SVW2_SNLL0_TSGRA0_TSGRB0_TT2_16_TLDS1_UMLDSA0_UMLDSB1_U64SL1_USFGROn1_VAW1_VSn1_VW2_VWB1_VFLRP0_WSGRA0_WSGRB0_WS64_WG32_8_1_WGM6",25390,6448475863925847,6448475863931256,0,25600,256,1,1,2048,16,1
"KERNEL_DISPATCH",1,1,234821,645,203,"void rocsolver::v32802::unit_forward_substitution_kernel<double, int, double*>(int, int, double*, int, int, long, long, double*, int, int, long, long)",25409,6448475863966830,6448475863976245,0,512,16,64,1,16,512,1
"KERNEL_DISPATCH",1,1,234821,648,203,"void rocsolver::v32802::unit_forward_substitution_kernel<double, int, double*>(int, int, double*, int, int, long, long, double*, int, int, long, long)",25420,6448475863995835,6448475864005449,0,512,16,64,1,16,448,1
"KERNEL_DISPATCH",1,1,234821,647,151,"void rocsolver::v32802::getf2_npvt_small_kernel<16, double, int, int, double*>(int, double*, long, int, long, int*, int, int)",25415,6448475863981493,6448475863991428,0,136,464,1,1,464,1,1
"KERNEL_DISPATCH",1,1,234821,646,859,"Cijk_Ailk_Bljk_DB_MT64x32x32_MI16x16x4x1_SN_1LDSB1_APM1_ABV0_ACED0_AF0EM2_AF1EM2_AMAS3_ASE_ASGT_ASLT_ASM_ASAE01_ASCE01_ASEM2_AAC0_BL1_BS1_CLR0_DTLA0_DTLB0_DTVA0_DTVB0_DVO0_ETSP_EPS1_ELFLR0_EMLL0_FSSC10_FL0_GLVWA2_GLVWB2_GRCGA1_GRCGB1_GRPM1_GRVW2_GSU1_GSUASB_GLS0_ISA942_IU1_K1_KLA_LBSPPA0_LBSPPB256_LPA0_LPB4_LDL1_LRVW2_LWPMn1_LDW0_FMA_MIAV1_MDA2_MO40_MMFSC_MKFGSU256_NTA0_NTB0_NTC3_NTD3_NEPBS0_NLCA1_NLCB1_ONLL1_OPLV0_PK0_PAP0_PGR2_PLR9_PKA0_SIA3_SLW1_SS1_SU0_SUM0_SUS0_SCIUI1_SPO1_SRVW0_SSO6_SVW2_SNLL0_TSGRA0_TSGRB0_TT2_16_TLDS1_UMLDSA0_UMLDSB1_U64SL1_USFGROn1_VAW1_VSn1_VW2_VWB1_VFLRP0_WSGRA0_WSGRB0_WS64_WG32_8_1_WGM6",25412,6448475863976245,6448475863981493,0,25600,256,1,1,2048,15,1
"KERNEL_DISPATCH",1,1,234821,649,859,"Cijk_Ailk_Bljk_DB_MT64x32x32_MI16x16x4x1_SN_1LDSB1_APM1_ABV0_ACED0_AF0EM2_AF1EM2_AMAS3_ASE_ASGT_ASLT_ASM_ASAE01_ASCE01_ASEM2_AAC0_BL1_BS1_CLR0_DTLA0_DTLB0_DTVA0_DTVB0_DVO0_ETSP_EPS1_ELFLR0_EMLL0_FSSC10_FL0_GLVWA2_GLVWB2_GRCGA1_GRCGB1_GRPM1_GRVW2_GSU1_GSUASB_GLS0_ISA942_IU1_K1_KLA_LBSPPA0_LBSPPB256_LPA0_LPB4_LDL1_LRVW2_LWPMn1_LDW0_FMA_MIAV1_MDA2_MO40_MMFSC_MKFGSU256_NTA0_NTB0_NTC3_NTD3_NEPBS0_NLCA1_NLCB1_ONLL1_OPLV0_PK0_PAP0_PGR2_PLR9_PKA0_SIA3_SLW1_SS1_SU0_SUM0_SUS0_SCIUI1_SPO1_SRVW0_SSO6_SVW2_SNLL0_TSGRA0_TSGRB0_TT2_16_TLDS1_UMLDSA0_UMLDSB1_U64SL1_USFGROn1_VAW1_VSn1_VW2_VWB1_VFLRP0_WSGRA0_WSGRB0_WS64_WG32_8_1_WGM6",25423,6448475864025881,6448475864031049,0,25600,256,1,1,1792,14,1
"KERNEL_DISPATCH",1,1,234821,651,203,"void rocsolver::v32802::unit_forward_substitution_kernel<double, int, double*>(int, int, double*, int, int, long, long, double*, int, int, long, long)",25431,6448475864054645,6448475864065181,0,512,16,64,1,16,448,1
"KERNEL_DISPATCH",1,1,234821,650,151,"void rocsolver::v32802::getf2_npvt_small_kernel<16, double, int, int, double*>(int, double*, long, int, long, int*, int, int)",25426,6448475864038780,6448475864048115,0,136,448,1,1,448,1,1
"KERNEL_DISPATCH",1,1,234821,652,859,"Cijk_Ailk_Bljk_DB_MT64x32x32_MI16x16x4x1_SN_1LDSB1_APM1_ABV0_ACED0_AF0EM2_AF1EM2_AMAS3_ASE_ASGT_ASLT_ASM_ASAE01_ASCE01_ASEM2_AAC0_BL1_BS1_CLR0_DTLA0_DTLB0_DTVA0_DTVB0_DVO0_ETSP_EPS1_ELFLR0_EMLL0_FSSC10_FL0_GLVWA2_GLVWB2_GRCGA1_GRCGB1_GRPM1_GRVW2_GSU1_GSUASB_GLS0_ISA942_IU1_K1_KLA_LBSPPA0_LBSPPB256_LPA0_LPB4_LDL1_LRVW2_LWPMn1_LDW0_FMA_MIAV1_MDA2_MO40_MMFSC_MKFGSU256_NTA0_NTB0_NTC3_NTD3_NEPBS0_NLCA1_NLCB1_ONLL1_OPLV0_PK0_PAP0_PGR2_PLR9_PKA0_SIA3_SLW1_SS1_SU0_SUM0_SUS0_SCIUI1_SPO1_SRVW0_SSO6_SVW2_SNLL0_TSGRA0_TSGRB0_TT2_16_TLDS1_UMLDSA0_UMLDSB1_U64SL1_USFGROn1_VAW1_VSn1_VW2_VWB1_VFLRP0_WSGRA0_WSGRB0_WS64_WG32_8_1_WGM6",25434,6448475864078041,6448475864082167,0,25600,256,1,1,1792,14,1
"KERNEL_DISPATCH",1,1,234821,653,151,"void rocsolver::v32802::getf2_npvt_small_kernel<16, double, int, int, double*>(int, double*, long, int, long, int*, int, int)",25437,6448475864093264,6448475864102598,0,136,432,1,1,432,1,1
"KERNEL_DISPATCH",1,1,234821,654,203,"void rocsolver::v32802::unit_forward_substitution_kernel<double, int, double*>(int, int, double*, int, int, long, long, double*, int, int, long, long)",25442,6448475864107446,6448475864118102,0,512,16,64,1,16,448,1
"KERNEL_DISPATCH",1,1,234821,655,859,"Cijk_Ailk_Bljk_DB_MT64x32x32_MI16x16x4x1_SN_1LDSB1_APM1_ABV0_ACED0_AF0EM2_AF1EM2_AMAS3_ASE_ASGT_ASLT_ASM_ASAE01_ASCE01_ASEM2_AAC0_BL1_BS1_CLR0_DTLA0_DTLB0_DTVA0_DTVB0_DVO0_ETSP_EPS1_ELFLR0_EMLL0_FSSC10_FL0_GLVWA2_GLVWB2_GRCGA1_GRCGB1_GRPM1_GRVW2_GSU1_GSUASB_GLS0_ISA942_IU1_K1_KLA_LBSPPA0_LBSPPB256_LPA0_LPB4_LDL1_LRVW2_LWPMn1_LDW0_FMA_MIAV1_MDA2_MO40_MMFSC_MKFGSU256_NTA0_NTB0_NTC3_NTD3_NEPBS0_NLCA1_NLCB1_ONLL1_OPLV0_PK0_PAP0_PGR2_PLR9_PKA0_SIA3_SLW1_SS1_SU0_SUM0_SUS0_SCIUI1_SPO1_SRVW0_SSO6_SVW2_SNLL0_TSGRA0_TSGRB0_TT2_16_TLDS1_UMLDSA0_UMLDSB1_U64SL1_USFGROn1_VAW1_VSn1_VW2_VWB1_VFLRP0_WSGRA0_WSGRB0_WS64_WG32_8_1_WGM6",25445,6448475864122749,6448475864126835,0,25600,256,1,1,1792,13,1
"KERNEL_DISPATCH",1,1,234821,656,151,"void rocsolver::v32802::getf2_npvt_small_kernel<16, double, int, int, double*>(int, double*, long, int, long, int*, int, int)",25448,6448475864134848,6448475864144743,0,136,416,1,1,416,1,1
"KERNEL_DISPATCH",1,1,234821,657,203,"void rocsolver::v32802::unit_forward_substitution_kernel<double, int, double*>(int, int, double*, int, int, long, long, double*, int, int, long, long)",25453,6448475864151323,6448475864161258,0,512,16,64,1,16,448,1
"KERNEL_DISPATCH",1,1,234821,658,859,"Cijk_Ailk_Bljk_DB_MT64x32x32_MI16x16x4x1_SN_1LDSB1_APM1_ABV0_ACED0_AF0EM2_AF1EM2_AMAS3_ASE_ASGT_ASLT_ASM_ASAE01_ASCE01_ASEM2_AAC0_BL1_BS1_CLR0_DTLA0_DTLB0_DTVA0_DTVB0_DVO0_ETSP_EPS1_ELFLR0_EMLL0_FSSC10_FL0_GLVWA2_GLVWB2_GRCGA1_GRCGB1_GRPM1_GRVW2_GSU1_GSUASB_GLS0_ISA942_IU1_K1_KLA_LBSPPA0_LBSPPB256_LPA0_LPB4_LDL1_LRVW2_LWPMn1_LDW0_FMA_MIAV1_MDA2_MO40_MMFSC_MKFGSU256_NTA0_NTB0_NTC3_NTD3_NEPBS0_NLCA1_NLCB1_ONLL1_OPLV0_PK0_PAP0_PGR2_PLR9_PKA0_SIA3_SLW1_SS1_SU0_SUM0_SUS0_SCIUI1_SPO1_SRVW0_SSO6_SVW2_SNLL0_TSGRA0_TSGRB0_TT2_16_TLDS1_UMLDSA0_UMLDSB1_U64SL1_USFGROn1_VAW1_VSn1_VW2_VWB1_VFLRP0_WSGRA0_WSGRB0_WS64_WG32_8_1_WGM6",25456,6448475864173387,6448475864177433,0,25600,256,1,1,1792,13,1
"KERNEL_DISPATCH",1,1,234821,659,151,"void rocsolver::v32802::getf2_npvt_small_kernel<16, double, int, int, double*>(int, double*, long, int, long, int*, int, int)",25459,6448475864181880,6448475864192136,0,136,400,1,1,400,1,1
"KERNEL_DISPATCH",1,1,234821,660,203,"void rocsolver::v32802::unit_forward_substitution_kernel<double, int, double*>(int, int, double*, int, int, long, long, double*, int, int, long, long)",25464,6448475864192136,6448475864201350,0,512,16,64,1,16,384,1
"KERNEL_DISPATCH",1,1,234821,661,859,"Cijk_Ailk_Bljk_DB_MT64x32x32_MI16x16x4x1_SN_1LDSB1_APM1_ABV0_ACED0_AF0EM2_AF1EM2_AMAS3_ASE_ASGT_ASLT_ASM_ASAE01_ASCE01_ASEM2_AAC0_BL1_BS1_CLR0_DTLA0_DTLB0_DTVA0_DTVB0_DVO0_ETSP_EPS1_ELFLR0_EMLL0_FSSC10_FL0_GLVWA2_GLVWB2_GRCGA1_GRCGB1_GRPM1_GRVW2_GSU1_GSUASB_GLS0_ISA942_IU1_K1_KLA_LBSPPA0_LBSPPB256_LPA0_LPB4_LDL1_LRVW2_LWPMn1_LDW0_FMA_MIAV1_MDA2_MO40_MMFSC_MKFGSU256_NTA0_NTB0_NTC3_NTD3_NEPBS0_NLCA1_NLCB1_ONLL1_OPLV0_PK0_PAP0_PGR2_PLR9_PKA0_SIA3_SLW1_SS1_SU0_SUM0_SUS0_SCIUI1_SPO1_SRVW0_SSO6_SVW2_SNLL0_TSGRA0_TSGRB0_TT2_16_TLDS1_UMLDSA0_UMLDSB1_U64SL1_USFGROn1_VAW1_VSn1_VW2_VWB1_VFLRP0_WSGRA0_WSGRB0_WS64_WG32_8_1_WGM6",25467,6448475864210924,6448475864215571,0,25600,256,1,1,1536,12,1
"KERNEL_DISPATCH",1,1,234821,662,151,"void rocsolver::v32802::getf2_npvt_small_kernel<16, double, int, int, double*>(int, double*, long, int, long, int*, int, int)",25470,6448475864222502,6448475864231276,0,136,384,1,1,384,1,1
"KERNEL_DISPATCH",1,1,234821,663,203,"void rocsolver::v32802::unit_forward_substitution_kernel<double, int, double*>(int, int, double*, int, int, long, long, double*, int, int, long, long)",25475,6448475864233279,6448475864242373,0,512,16,64,1,16,384,1
"KERNEL_DISPATCH",1,1,234821,664,629,"Cijk_Ailk_Bljk_DB_MT128x64x16_MI16x16x4x1_SN_1LDSB1_APM1_ABV0_ACED0_AF0EM2_AF1EM2_AMAS3_ASE_ASGT_ASLT_ASM_ASAE01_ASCE01_ASEM2_AAC0_BL1_BS1_CLR0_DTLA0_DTLB0_DTVA1_DTVB0_DVO0_ETSP_EPS1_ELFLR0_EMLL0_FSSC10_FL0_GLVWA2_GLVWB2_GRCGA1_GRCGB1_GRPM1_GRVW2_GSU1_GSUASB_GLS0_ISA942_IU1_K1_KLA_LBSPPA0_LBSPPB0_LPA0_LPB2_LDL1_LRVW1_LWPMn1_LDW0_FMA_MIAV1_MDA2_MO40_MMFSC_MKFGSU256_NTA0_NTB0_NTC3_NTD3_NEPBS4_NLCA1_NLCB1_ONLL1_OPLV0_PK0_PAP0_PGR2_PLR1_PKA0_SIA3_SLW1_SS1_SU0_SUM0_SUS0_SCIUI1_SPO1_SRVW0_SSO6_SVW2_SNLL0_TSGRA0_TSGRB0_TT2_64_TLDS0_UMLDSA0_UMLDSB0_U64SL1_USFGROn1_VAW1_VSn1_VW2_VWB1_VFLRP0_WSGRA0_WSGRB0_WS64_WG64_4_1_WGM12",25478,6448475864257155,6448475864266850,0,8448,256,1,1,768,6,1
"KERNEL_DISPATCH",1,1,234821,665,151,"void rocsolver::v32802::getf2_npvt_small_kernel<16, double, int, int, double*>(int, double*, long, int, long, int*, int, int)",25481,6448475864266850,6448475864275063,0,136,368,1,1,368,1,1
"KERNEL_DISPATCH",1,1,234821,666,203,"void rocsolver::v32802::unit_forward_substitution_kernel<double, int, double*>(int, int, double*, int, int, long, long, double*, int, int, long, long)",25486,6448475864280191,6448475864289645,0,512,16,64,1,16,384,1
"KERNEL_DISPATCH",1,1,234821,667,629,"Cijk_Ailk_Bljk_DB_MT128x64x16_MI16x16x4x1_SN_1LDSB1_APM1_ABV0_ACED0_AF0EM2_AF1EM2_AMAS3_ASE_ASGT_ASLT_ASM_ASAE01_ASCE01_ASEM2_AAC0_BL1_BS1_CLR0_DTLA0_DTLB0_DTVA1_DTVB0_DVO0_ETSP_EPS1_ELFLR0_EMLL0_FSSC10_FL0_GLVWA2_GLVWB2_GRCGA1_GRCGB1_GRPM1_GRVW2_GSU1_GSUASB_GLS0_ISA942_IU1_K1_KLA_LBSPPA0_LBSPPB0_LPA0_LPB2_LDL1_LRVW1_LWPMn1_LDW0_FMA_MIAV1_MDA2_MO40_MMFSC_MKFGSU256_NTA0_NTB0_NTC3_NTD3_NEPBS4_NLCA1_NLCB1_ONLL1_OPLV0_PK0_PAP0_PGR2_PLR1_PKA0_SIA3_SLW1_SS1_SU0_SUM0_SUS0_SCIUI1_SPO1_SRVW0_SSO6_SVW2_SNLL0_TSGRA0_TSGRB0_TT2_64_TLDS0_UMLDSA0_UMLDSB0_U64SL1_USFGROn1_VAW1_VSn1_VW2_VWB1_VFLRP0_WSGRA0_WSGRB0_WS64_WG64_4_1_WGM12",25489,6448475864307913,6448475864315645,0,8448,256,1,1,768,6,1
"KERNEL_DISPATCH",1,1,234821,668,151,"void rocsolver::v32802::getf2_npvt_small_kernel<16, double, int, int, double*>(int, double*, long, int, long, int*, int, int)",25492,6448475864319931,6448475864329186,0,136,352,1,1,352,1,1
"KERNEL_DISPATCH",1,1,234821,669,203,"void rocsolver::v32802::unit_forward_substitution_kernel<double, int, double*>(int, int, double*, int, int, long, long, double*, int, int, long, long)",25497,6448475864329186,6448475864338240,0,512,16,64,1,16,384,1
"KERNEL_DISPATCH",1,1,234821,670,629,"Cijk_Ailk_Bljk_DB_MT128x64x16_MI16x16x4x1_SN_1LDSB1_APM1_ABV0_ACED0_AF0EM2_AF1EM2_AMAS3_ASE_ASGT_ASLT_ASM_ASAE01_ASCE01_ASEM2_AAC0_BL1_BS1_CLR0_DTLA0_DTLB0_DTVA1_DTVB0_DVO0_ETSP_EPS1_ELFLR0_EMLL0_FSSC10_FL0_GLVWA2_GLVWB2_GRCGA1_GRCGB1_GRPM1_GRVW2_GSU1_GSUASB_GLS0_ISA942_IU1_K1_KLA_LBSPPA0_LBSPPB0_LPA0_LPB2_LDL1_LRVW1_LWPMn1_LDW0_FMA_MIAV1_MDA2_MO40_MMFSC_MKFGSU256_NTA0_NTB0_NTC3_NTD3_NEPBS4_NLCA1_NLCB1_ONLL1_OPLV0_PK0_PAP0_PGR2_PLR1_PKA0_SIA3_SLW1_SS1_SU0_SUM0_SUS0_SCIUI1_SPO1_SRVW0_SSO6_SVW2_SNLL0_TSGRA0_TSGRB0_TT2_64_TLDS0_UMLDSA0_UMLDSB0_U64SL1_USFGROn1_VAW1_VSn1_VW2_VWB1_VFLRP0_WSGRA0_WSGRB0_WS64_WG64_4_1_WGM12",25500,6448475864352582,6448475864359192,0,8448,256,1,1,768,6,1
"KERNEL_DISPATCH",1,1,234821,671,151,"void rocsolver::v32802::getf2_npvt_small_kernel<16, double, int, int, double*>(int, double*, long, int, long, int*, int, int)",25503,6448475864370569,6448475864379423,0,136,336,1,1,336,1,1
"KERNEL_DISPATCH",1,1,234821,672,203,"void rocsolver::v32802::unit_forward_substitution_kernel<double, int, double*>(int, int, double*, int, int, long, long, double*, int, int, long, long)",25508,6448475864384070,6448475864393805,0,512,16,64,1,16,320,1
"KERNEL_DISPATCH",1,1,234821,673,629,"Cijk_Ailk_Bljk_DB_MT128x64x16_MI16x16x4x1_SN_1LDSB1_APM1_ABV0_ACED0_AF0EM2_AF1EM2_AMAS3_ASE_ASGT_ASLT_ASM_ASAE01_ASCE01_ASEM2_AAC0_BL1_BS1_CLR0_DTLA0_DTLB0_DTVA1_DTVB0_DVO0_ETSP_EPS1_ELFLR0_EMLL0_FSSC10_FL0_GLVWA2_GLVWB2_GRCGA1_GRCGB1_GRPM1_GRVW2_GSU1_GSUASB_GLS0_ISA942_IU1_K1_KLA_LBSPPA0_LBSPPB0_LPA0_LPB2_LDL1_LRVW1_LWPMn1_LDW0_FMA_MIAV1_MDA2_MO40_MMFSC_MKFGSU256_NTA0_NTB0_NTC3_NTD3_NEPBS4_NLCA1_NLCB1_ONLL1_OPLV0_PK0_PAP0_PGR2_PLR1_PKA0_SIA3_SLW1_SS1_SU0_SUM0_SUS0_SCIUI1_SPO1_SRVW0_SSO6_SVW2_SNLL0_TSGRA0_TSGRB0_TT2_64_TLDS0_UMLDSA0_UMLDSB0_U64SL1_USFGROn1_VAW1_VSn1_VW2_VWB1_VFLRP0_WSGRA0_WSGRB0_WS64_WG64_4_1_WGM12",25511,6448475864405382,6448475864411712,0,8448,256,1,1,768,5,1
"KERNEL_DISPATCH",1,1,234821,674,151,"void rocsolver::v32802::getf2_npvt_small_kernel<16, double, int, int, double*>(int, double*, long, int, long, int*, int, int)",25514,6448475864418042,6448475864426815,0,136,320,1,1,320,1,1
"KERNEL_DISPATCH",1,1,234821,675,203,"void rocsolver::v32802::unit_forward_substitution_kernel<double, int, double*>(int, int, double*, int, int, long, long, double*, int, int, long, long)",25519,6448475864439114,6448475864448969,0,512,16,64,1,16,320,1
"KERNEL_DISPATCH",1,1,234821,676,629,"Cijk_Ailk_Bljk_DB_MT128x64x16_MI16x16x4x1_SN_1LDSB1_APM1_ABV0_ACED0_AF0EM2_AF1EM2_AMAS3_ASE_ASGT_ASLT_ASM_ASAE01_ASCE01_ASEM2_AAC0_BL1_BS1_CLR0_DTLA0_DTLB0_DTVA1_DTVB0_DVO0_ETSP_EPS1_ELFLR0_EMLL0_FSSC10_FL0_GLVWA2_GLVWB2_GRCGA1_GRCGB1_GRPM1_GRVW2_GSU1_GSUASB_GLS0_ISA942_IU1_K1_KLA_LBSPPA0_LBSPPB0_LPA0_LPB2_LDL1_LRVW1_LWPMn1_LDW0_FMA_MIAV1_MDA2_MO40_MMFSC_MKFGSU256_NTA0_NTB0_NTC3_NTD3_NEPBS4_NLCA1_NLCB1_ONLL1_OPLV0_PK0_PAP0_PGR2_PLR1_PKA0_SIA3_SLW1_SS1_SU0_SUM0_SUS0_SCIUI1_SPO1_SRVW0_SSO6_SVW2_SNLL0_TSGRA0_TSGRB0_TT2_64_TLDS0_UMLDSA0_UMLDSB0_U64SL1_USFGROn1_VAW1_VSn1_VW2_VWB1_VFLRP0_WSGRA0_WSGRB0_WS64_WG64_4_1_WGM12",25522,6448475864457663,6448475864463952,0,8448,256,1,1,768,5,1
"KERNEL_DISPATCH",1,1,234821,677,151,"void rocsolver::v32802::getf2_npvt_small_kernel<16, double, int, int, double*>(int, double*, long, int, long, int*, int, int)",25525,6448475864464412,6448475864475469,0,136,304,1,1,304,1,1
"KERNEL_DISPATCH",1,1,234821,678,203,"void rocsolver::v32802::unit_forward_substitution_kernel<double, int, double*>(int, int, double*, int, int, long, long, double*, int, int, long, long)",25530,6448475864477723,6448475864488139,0,512,16,64,1,16,320,1
"KERNEL_DISPATCH",1,1,234821,679,629,"Cijk_Ailk_Bljk_DB_MT128x64x16_MI16x16x4x1_SN_1LDSB1_APM1_ABV0_ACED0_AF0EM2_AF1EM2_AMAS3_ASE_ASGT_ASLT_ASM_ASAE01_ASCE01_ASEM2_AAC0_BL1_BS1_CLR0_DTLA0_DTLB0_DTVA1_DTVB0_DVO0_ETSP_EPS1_ELFLR0_EMLL0_FSSC10_FL0_GLVWA2_GLVWB2_GRCGA1_GRCGB1_GRPM1_GRVW2_GSU1_GSUASB_GLS0_ISA942_IU1_K1_KLA_LBSPPA0_LBSPPB0_LPA0_LPB2_LDL1_LRVW1_LWPMn1_LDW0_FMA_MIAV1_MDA2_MO40_MMFSC_MKFGSU256_NTA0_NTB0_NTC3_NTD3_NEPBS4_NLCA1_NLCB1_ONLL1_OPLV0_PK0_PAP0_PGR2_PLR1_PKA0_SIA3_SLW1_SS1_SU0_SUM0_SUS0_SCIUI1_SPO1_SRVW0_SSO6_SVW2_SNLL0_TSGRA0_TSGRB0_TT2_64_TLDS0_UMLDSA0_UMLDSB0_U64SL1_USFGROn1_VAW1_VSn1_VW2_VWB1_VFLRP0_WSGRA0_WSGRB0_WS64_WG64_4_1_WGM12",25533,6448475864502932,6448475864509863,0,8448,256,1,1,768,5,1
"KERNEL_DISPATCH",1,1,234821,680,151,"void rocsolver::v32802::getf2_npvt_small_kernel<16, double, int, int, double*>(int, double*, long, int, long, int*, int, int)",25536,6448475864513127,6448475864522542,0,136,288,1,1,288,1,1
"KERNEL_DISPATCH",1,1,234821,681,203,"void rocsolver::v32802::unit_forward_substitution_kernel<double, int, double*>(int, int, double*, int, int, long, long, double*, int, int, long, long)",25541,6448475864529653,6448475864539749,0,512,16,64,1,16,320,1
"KERNEL_DISPATCH",1,1,234821,683,151,"void rocsolver::v32802::getf2_npvt_small_kernel<16, double, int, int, double*>(int, double*, long, int, long, int*, int, int)",25547,6448475864555413,6448475864563745,0,136,272,1,1,272,1,1
"KERNEL_DISPATCH",1,1,234821,682,753,"Cijk_Ailk_Bljk_DB_MT64x64x16_MI16x16x4x1_SN_1LDSB1_APM1_ABV0_ACED0_AF0EM2_AF1EM2_AMAS3_ASE_ASGT_ASLT_ASM_ASAE01_ASCE01_ASEM2_AAC0_BL1_BS1_CLR0_DTLA0_DTLB0_DTVA0_DTVB0_DVO0_ETSP_EPS1_ELFLR0_EMLL0_FSSC10_FL0_GLVWA2_GLVWB2_GRCGA1_GRCGB1_GRPM1_GRVW2_GSU1_GSUASB_GLS0_ISA942_IU1_K1_KLA_LBSPPA0_LBSPPB128_LPA0_LPB2_LDL1_LRVW1_LWPMn1_LDW0_FMA_MIAV1_MDA2_MO40_MMFSC_MKFGSU256_NTA0_NTB0_NTC3_NTD3_NEPBS4_NLCA1_NLCB1_ONLL1_OPLV0_PK0_PAP0_PGR2_PLR5_PKA0_SIA3_SLW1_SS1_SU0_SUM0_SUS0_SCIUI1_SPO1_SRVW0_SSO6_SVW2_SNLL0_TSGRA0_TSGRB0_TT2_32_TLDS1_UMLDSA0_UMLDSB1_U64SL1_USFGROn1_VAW1_VSn1_VW2_VWB1_VFLRP0_WSGRA0_WSGRB0_WS64_WG32_8_1_WGM6",25544,6448475864547921,6448475864555413,0,17408,256,1,1,1280,5,1
"KERNEL_DISPATCH",1,1,234821,684,203,"void rocsolver::v32802::unit_forward_substitution_kernel<double, int, double*>(int, int, double*, int, int, long, long, double*, int, int, long, long)",25552,6448475864565668,6448475864576044,0,512,16,64,1,16,256,1
"KERNEL_DISPATCH",1,1,234821,685,753,"Cijk_Ailk_Bljk_DB_MT64x64x16_MI16x16x4x1_SN_1LDSB1_APM1_ABV0_ACED0_AF0EM2_AF1EM2_AMAS3_ASE_ASGT_ASLT_ASM_ASAE01_ASCE01_ASEM2_AAC0_BL1_BS1_CLR0_DTLA0_DTLB0_DTVA0_DTVB0_DVO0_ETSP_EPS1_ELFLR0_EMLL0_FSSC10_FL0_GLVWA2_GLVWB2_GRCGA1_GRCGB1_GRPM1_GRVW2_GSU1_GSUASB_GLS0_ISA942_IU1_K1_KLA_LBSPPA0_LBSPPB128_LPA0_LPB2_LDL1_LRVW1_LWPMn1_LDW0_FMA_MIAV1_MDA2_MO40_MMFSC_MKFGSU256_NTA0_NTB0_NTC3_NTD3_NEPBS4_NLCA1_NLCB1_ONLL1_OPLV0_PK0_PAP0_PGR2_PLR5_PKA0_SIA3_SLW1_SS1_SU0_SUM0_SUS0_SCIUI1_SPO1_SRVW0_SSO6_SVW2_SNLL0_TSGRA0_TSGRB0_TT2_32_TLDS1_UMLDSA0_UMLDSB1_U64SL1_USFGROn1_VAW1_VSn1_VW2_VWB1_VFLRP0_WSGRA0_WSGRB0_WS64_WG32_8_1_WGM6",25555,6448475864591628,6448475864596315,0,17408,256,1,1,1024,4,1
"KERNEL_DISPATCH",1,1,234821,686,151,"void rocsolver::v32802::getf2_npvt_small_kernel<16, double, int, int, double*>(int, double*, long, int, long, int*, int, int)",25558,6448475864604528,6448475864613061,0,136,256,1,1,256,1,1
"KERNEL_DISPATCH",1,1,234821,687,203,"void rocsolver::v32802::unit_forward_substitution_kernel<double, int, double*>(int, int, double*, int, int, long, long, double*, int, int, long, long)",25563,6448475864620432,6448475864630768,0,512,16,64,1,16,256,1
"KERNEL_DISPATCH",1,1,234821,689,151,"void rocsolver::v32802::getf2_npvt_small_kernel<16, double, int, int, double*>(int, double*, long, int, long, int*, int, int)",25569,6448475864644910,6448475864652922,0,136,240,1,1,240,1,1
"KERNEL_DISPATCH",1,1,234821,688,753,"Cijk_Ailk_Bljk_DB_MT64x64x16_MI16x16x4x1_SN_1LDSB1_APM1_ABV0_ACED0_AF0EM2_AF1EM2_AMAS3_ASE_ASGT_ASLT_ASM_ASAE01_ASCE01_ASEM2_AAC0_BL1_BS1_CLR0_DTLA0_DTLB0_DTVA0_DTVB0_DVO0_ETSP_EPS1_ELFLR0_EMLL0_FSSC10_FL0_GLVWA2_GLVWB2_GRCGA1_GRCGB1_GRPM1_GRVW2_GSU1_GSUASB_GLS0_ISA942_IU1_K1_KLA_LBSPPA0_LBSPPB128_LPA0_LPB2_LDL1_LRVW1_LWPMn1_LDW0_FMA_MIAV1_MDA2_MO40_MMFSC_MKFGSU256_NTA0_NTB0_NTC3_NTD3_NEPBS4_NLCA1_NLCB1_ONLL1_OPLV0_PK0_PAP0_PGR2_PLR5_PKA0_SIA3_SLW1_SS1_SU0_SUM0_SUS0_SCIUI1_SPO1_SRVW0_SSO6_SVW2_SNLL0_TSGRA0_TSGRB0_TT2_32_TLDS1_UMLDSA0_UMLDSB1_U64SL1_USFGROn1_VAW1_VSn1_VW2_VWB1_VFLRP0_WSGRA0_WSGRB0_WS64_WG32_8_1_WGM6",25566,6448475864638219,6448475864642947,0,17408,256,1,1,1024,4,1
"KERNEL_DISPATCH",1,1,234821,690,203,"void rocsolver::v32802::unit_forward_substitution_kernel<double, int, double*>(int, int, double*, int, int, long, long, double*, int, int, long, long)",25574,6448475864656087,6448475864665862,0,512,16,64,1,16,256,1
"KERNEL_DISPATCH",1,1,234821,695,151,"void rocsolver::v32802::getf2_npvt_small_kernel<16, double, int, int, double*>(int, double*, long, int, long, int*, int, int)",25591,6448475864721065,6448475864729879,0,136,208,1,1,208,1,1
"KERNEL_DISPATCH",1,1,234821,694,753,"Cijk_Ailk_Bljk_DB_MT64x64x16_MI16x16x4x1_SN_1LDSB1_APM1_ABV0_ACED0_AF0EM2_AF1EM2_AMAS3_ASE_ASGT_ASLT_ASM_ASAE01_ASCE01_ASEM2_AAC0_BL1_BS1_CLR0_DTLA0_DTLB0_DTVA0_DTVB0_DVO0_ETSP_EPS1_ELFLR0_EMLL0_FSSC10_FL0_GLVWA2_GLVWB2_GRCGA1_GRCGB1_GRPM1_GRVW2_GSU1_GSUASB_GLS0_ISA942_IU1_K1_KLA_LBSPPA0_LBSPPB128_LPA0_LPB2_LDL1_LRVW1_LWPMn1_LDW0_FMA_MIAV1_MDA2_MO40_MMFSC_MKFGSU256_NTA0_NTB0_NTC3_NTD3_NEPBS4_NLCA1_NLCB1_ONLL1_OPLV0_PK0_PAP0_PGR2_PLR5_PKA0_SIA3_SLW1_SS1_SU0_SUM0_SUS0_SCIUI1_SPO1_SRVW0_SSO6_SVW2_SNLL0_TSGRA0_TSGRB0_TT2_32_TLDS1_UMLDSA0_UMLDSB1_U64SL1_USFGROn1_VAW1_VSn1_VW2_VWB1_VFLRP0_WSGRA0_WSGRB0_WS64_WG32_8_1_WGM6",25588,6448475864711332,6448475864717381,0,17408,256,1,1,1024,4,1
"KERNEL_DISPATCH",1,1,234821,693,203,"void rocsolver::v32802::unit_forward_substitution_kernel<double, int, double*>(int, int, double*, int, int, long, long, double*, int, int, long, long)",25585,6448475864693745,6448475864704441,0,512,16,64,1,16,256,1
"KERNEL_DISPATCH",1,1,234821,692,151,"void rocsolver::v32802::getf2_npvt_small_kernel<16, double, int, int, double*>(int, double*, long, int, long, int*, int, int)",25580,6448475864679563,6448475864687495,0,136,224,1,1,224,1,1
"KERNEL_DISPATCH",1,1,234821,691,753,"Cijk_Ailk_Bljk_DB_MT64x64x16_MI16x16x4x1_SN_1LDSB1_APM1_ABV0_ACED0_AF0EM2_AF1EM2_AMAS3_ASE_ASGT_ASLT_ASM_ASAE01_ASCE01_ASEM2_AAC0_BL1_BS1_CLR0_DTLA0_DTLB0_DTVA0_DTVB0_DVO0_ETSP_EPS1_ELFLR0_EMLL0_FSSC10_FL0_GLVWA2_GLVWB2_GRCGA1_GRCGB1_GRPM1_GRVW2_GSU1_GSUASB_GLS0_ISA942_IU1_K1_KLA_LBSPPA0_LBSPPB128_LPA0_LPB2_LDL1_LRVW1_LWPMn1_LDW0_FMA_MIAV1_MDA2_MO40_MMFSC_MKFGSU256_NTA0_NTB0_NTC3_NTD3_NEPBS4_NLCA1_NLCB1_ONLL1_OPLV0_PK0_PAP0_PGR2_PLR5_PKA0_SIA3_SLW1_SS1_SU0_SUM0_SUS0_SCIUI1_SPO1_SRVW0_SSO6_SVW2_SNLL0_TSGRA0_TSGRB0_TT2_32_TLDS1_UMLDSA0_UMLDSB1_U64SL1_USFGROn1_VAW1_VSn1_VW2_VWB1_VFLRP0_WSGRA0_WSGRB0_WS64_WG32_8_1_WGM6",25577,6448475864674315,6448475864679563,0,17408,256,1,1,1024,4,1
"KERNEL_DISPATCH",1,1,234821,696,203,"void rocsolver::v32802::unit_forward_substitution_kernel<double, int, double*>(int, int, double*, int, int, long, long, double*, int, int, long, long)",25596,6448475864732204,6448475864741738,0,512,16,64,1,16,192,1
"KERNEL_DISPATCH",1,1,234821,698,151,"void rocsolver::v32802::getf2_npvt_small_kernel<16, double, int, int, double*>(int, double*, long, int, long, int*, int, int)",25602,6448475864764653,6448475864772626,0,136,192,1,1,192,1,1
"KERNEL_DISPATCH",1,1,234821,697,753,"Cijk_Ailk_Bljk_DB_MT64x64x16_MI16x16x4x1_SN_1LDSB1_APM1_ABV0_ACED0_AF0EM2_AF1EM2_AMAS3_ASE_ASGT_ASLT_ASM_ASAE01_ASCE01_ASEM2_AAC0_BL1_BS1_CLR0_DTLA0_DTLB0_DTVA0_DTVB0_DVO0_ETSP_EPS1_ELFLR0_EMLL0_FSSC10_FL0_GLVWA2_GLVWB2_GRCGA1_GRCGB1_GRPM1_GRVW2_GSU1_GSUASB_GLS0_ISA942_IU1_K1_KLA_LBSPPA0_LBSPPB128_LPA0_LPB2_LDL1_LRVW1_LWPMn1_LDW0_FMA_MIAV1_MDA2_MO40_MMFSC_MKFGSU256_NTA0_NTB0_NTC3_NTD3_NEPBS4_NLCA1_NLCB1_ONLL1_OPLV0_PK0_PAP0_PGR2_PLR5_PKA0_SIA3_SLW1_SS1_SU0_SUM0_SUS0_SCIUI1_SPO1_SRVW0_SSO6_SVW2_SNLL0_TSGRA0_TSGRB0_TT2_32_TLDS1_UMLDSA0_UMLDSB1_U64SL1_USFGROn1_VAW1_VSn1_VW2_VWB1_VFLRP0_WSGRA0_WSGRB0_WS64_WG32_8_1_WGM6",25599,6448475864751874,6448475864755880,0,17408,256,1,1,768,3,1
"KERNEL_DISPATCH",1,1,234821,699,203,"void rocsolver::v32802::unit_forward_substitution_kernel<double, int, double*>(int, int, double*, int, int, long, long, double*, int, int, long, long)",25607,6448475864782280,6448475864790974,0,512,16,64,1,16,192,1
"KERNEL_DISPATCH",1,1,234821,700,1057,"Cijk_Ailk_Bljk_DB_MT128x64x16_MI16x16x4x1_SN_1LDSB1_APM1_ABV0_ACED0_AF0EM2_AF1EM2_AMAS3_ASE_ASGT_ASLT_ASM_ASAE01_ASCE01_ASEM2_AAC0_BL1_BS1_CLR0_DTLA0_DTLB0_DTVA1_DTVB0_DVO0_ETSP_EPS1_ELFLR0_EMLL0_FSSC10_FL0_GLVWA2_GLVWB2_GRCGA1_GRCGB1_GRPM1_GRVW2_GSU1_GSUASB_GLS0_ISA942_IU1_K1_KLA_LBSPPA0_LBSPPB0_LPA0_LPB2_LDL1_LRVW1_LWPMn1_LDW0_FMA_MIAV1_MDA2_MO40_MMFSC_MKFGSU256_NTA0_NTB0_NTC3_NTD3_NEPBS4_NLCA1_NLCB1_ONLL1_OPLV0_PK0_PAP0_PGR2_PLR5_PKA0_SIA3_SLW1_SS1_SU0_SUM0_SUS0_SCIUI1_SPO1_SRVW0_SSO6_SVW2_SNLL0_TSGRA0_TSGRB0_TT2_64_TLDS0_UMLDSA0_UMLDSB0_U64SL1_USFGROn1_VAW1_VSn1_VW2_VWB1_VFLRP0_WSGRA0_WSGRB0_WS64_WG64_4_1_WGM6",25610,6448475864808601,6448475864819017,0,8448,256,1,1,512,3,1
"KERNEL_DISPATCH",1,1,234821,701,151,"void rocsolver::v32802::getf2_npvt_small_kernel<16, double, int, int, double*>(int, double*, long, int, long, int*, int, int)",25613,6448475864822542,6448475864831195,0,136,176,1,1,176,1,1
"KERNEL_DISPATCH",1,1,234821,702,203,"void rocsolver::v32802::unit_forward_substitution_kernel<double, int, double*>(int, int, double*, int, int, long, long, double*, int, int, long, long)",25618,6448475864836834,6448475864845647,0,512,16,64,1,16,192,1
"KERNEL_DISPATCH",1,1,234821,703,1057,"Cijk_Ailk_Bljk_DB_MT128x64x16_MI16x16x4x1_SN_1LDSB1_APM1_ABV0_ACED0_AF0EM2_AF1EM2_AMAS3_ASE_ASGT_ASLT_ASM_ASAE01_ASCE01_ASEM2_AAC0_BL1_BS1_CLR0_DTLA0_DTLB0_DTVA1_DTVB0_DVO0_ETSP_EPS1_ELFLR0_EMLL0_FSSC10_FL0_GLVWA2_GLVWB2_GRCGA1_GRCGB1_GRPM1_GRVW2_GSU1_GSUASB_GLS0_ISA942_IU1_K1_KLA_LBSPPA0_LBSPPB0_LPA0_LPB2_LDL1_LRVW1_LWPMn1_LDW0_FMA_MIAV1_MDA2_MO40_MMFSC_MKFGSU256_NTA0_NTB0_NTC3_NTD3_NEPBS4_NLCA1_NLCB1_ONLL1_OPLV0_PK0_PAP0_PGR2_PLR5_PKA0_SIA3_SLW1_SS1_SU0_SUM0_SUS0_SCIUI1_SPO1_SRVW0_SSO6_SVW2_SNLL0_TSGRA0_TSGRB0_TT2_64_TLDS0_UMLDSA0_UMLDSB0_U64SL1_USFGROn1_VAW1_VSn1_VW2_VWB1_VFLRP0_WSGRA0_WSGRB0_WS64_WG64_4_1_WGM6",25621,6448475864859988,6448475864869203,0,8448,256,1,1,512,3,1
"KERNEL_DISPATCH",1,1,234821,704,151,"void rocsolver::v32802::getf2_npvt_small_kernel<16, double, int, int, double*>(int, double*, long, int, long, int*, int, int)",25624,6448475864870496,6448475864878147,0,136,160,1,1,160,1,1
"KERNEL_DISPATCH",1,1,234821,705,203,"void rocsolver::v32802::unit_forward_substitution_kernel<double, int, double*>(int, int, double*, int, int, long, long, double*, int, int, long, long)",25629,6448475864879669,6448475864888042,0,512,16,64,1,16,192,1
"KERNEL_DISPATCH",1,1,234821,706,1235,"Cijk_Ailk_Bljk_DB_MT128x64x16_MI16x16x4x1_SN_1LDSB1_APM1_ABV0_ACED0_AF0EM2_AF1EM2_AMAS3_ASE_ASGT_ASLT_ASM_ASAE01_ASCE01_ASEM2_AAC0_BL1_BS1_CLR0_DTLA0_DTLB0_DTVA0_DTVB0_DVO0_ETSP_EPS1_ELFLR0_EMLL0_FSSC10_FL0_GLVWA2_GLVWB2_GRCGA1_GRCGB1_GRPM1_GRVW2_GSU1_GSUASB_GLS0_ISA942_IU1_K1_KLA_LBSPPA0_LBSPPB0_LPA0_LPB2_LDL1_LRVW1_LWPMn1_LDW0_FMA_MIAV1_MDA2_MO40_MMFSC_MKFGSU256_NTA0_NTB0_NTC3_NTD3_NEPBS0_NLCA1_NLCB1_ONLL1_OPLV0_PK0_PAP0_PGR2_PLR5_PKA0_SIA3_SLW1_SS1_SU0_SUM0_SUS0_SCIUI1_SPO1_SRVW0_SSO6_SVW2_SNLL0_TSGRA0_TSGRB0_TT2_64_TLDS0_UMLDSA0_UMLDSB0_U64SL1_USFGROn1_VAW1_VSn1_VW2_VWB1_VFLRP0_WSGRA0_WSGRB0_WS64_WG64_4_1_WGM6",25632,6448475864899420,6448475864909315,0,24832,256,1,1,512,3,1
"KERNEL_DISPATCH",1,1,234821,707,151,"void rocsolver::v32802::getf2_npvt_small_kernel<16, double, int, int, double*>(int, double*, long, int, long, int*, int, int)",25635,6448475864911398,6448475864918649,0,136,144,1,1,144,1,1
"KERNEL_DISPATCH",1,1,234821,708,203,"void rocsolver::v32802::unit_forward_substitution_kernel<double, int, double*>(int, int, double*, int, int, long, long, double*, int, int, long, long)",25640,6448475864920372,6448475864929706,0,512,16,64,1,16,128,1
"KERNEL_DISPATCH",1,1,234821,709,1235,"Cijk_Ailk_Bljk_DB_MT128x64x16_MI16x16x4x1_SN_1LDSB1_APM1_ABV0_ACED0_AF0EM2_AF1EM2_AMAS3_ASE_ASGT_ASLT_ASM_ASAE01_ASCE01_ASEM2_AAC0_BL1_BS1_CLR0_DTLA0_DTLB0_DTVA0_DTVB0_DVO0_ETSP_EPS1_ELFLR0_EMLL0_FSSC10_FL0_GLVWA2_GLVWB2_GRCGA1_GRCGB1_GRPM1_GRVW2_GSU1_GSUASB_GLS0_ISA942_IU1_K1_KLA_LBSPPA0_LBSPPB0_LPA0_LPB2_LDL1_LRVW1_LWPMn1_LDW0_FMA_MIAV1_MDA2_MO40_MMFSC_MKFGSU256_NTA0_NTB0_NTC3_NTD3_NEPBS0_NLCA1_NLCB1_ONLL1_OPLV0_PK0_PAP0_PGR2_PLR5_PKA0_SIA3_SLW1_SS1_SU0_SUM0_SUS0_SCIUI1_SPO1_SRVW0_SSO6_SVW2_SNLL0_TSGRA0_TSGRB0_TT2_64_TLDS0_UMLDSA0_UMLDSB0_U64SL1_USFGROn1_VAW1_VSn1_VW2_VWB1_VFLRP0_WSGRA0_WSGRB0_WS64_WG64_4_1_WGM6",25643,6448475864940442,6448475864945770,0,24832,256,1,1,256,2,1
"KERNEL_DISPATCH",1,1,234821,710,151,"void rocsolver::v32802::getf2_npvt_small_kernel<16, double, int, int, double*>(int, double*, long, int, long, int*, int, int)",25646,6448475864954264,6448475864962076,0,136,128,1,1,128,1,1
"KERNEL_DISPATCH",1,1,234821,711,203,"void rocsolver::v32802::unit_forward_substitution_kernel<double, int, double*>(int, int, double*, int, int, long, long, double*, int, int, long, long)",25651,6448475864967084,6448475864976819,0,512,16,64,1,16,128,1
"KERNEL_DISPATCH",1,1,234821,712,716,"Cijk_Ailk_Bljk_DB_MT128x64x16_MI16x16x4x1_SN_1LDSB1_APM1_ABV0_ACED0_AF0EM2_AF1EM2_AMAS3_ASE_ASGT_ASLT_ASM_ASAE01_ASCE01_ASEM2_AAC0_BL1_BS1_CLR0_DTLA0_DTLB0_DTVA0_DTVB0_DVO0_ETSP_EPS1_ELFLR0_EMLL0_FSSC10_FL0_GLVWA2_GLVWB2_GRCGA1_GRCGB1_GRPM1_GRVW2_GSU1_GSUASB_GLS0_ISA942_IU1_K1_KLA_LBSPPA0_LBSPPB0_LPA0_LPB2_LDL1_LRVW1_LWPMn1_LDW0_FMA_MIAV1_MDA2_MO40_MMFSC_MKFGSU256_NTA0_NTB0_NTC3_NTD3_NEPBS0_NLCA1_NLCB1_ONLL1_OPLV0_PK0_PAP0_PGR2_PLR1_PKA0_SIA3_SLW1_SS1_SU0_SUM0_SUS0_SCIUI1_SPO1_SRVW0_SSO6_SVW2_SNLL0_TSGRA0_TSGRB0_TT2_64_TLDS0_UMLDSA0_UMLDSB0_U64SL1_USFGROn1_VAW1_VSn1_VW2_VWB1_VFLRP0_WSGRA0_WSGRB0_WS64_WG64_4_1_WGM6",25654,6448475864986514,6448475864996168,0,24832,256,1,1,256,2,1
"KERNEL_DISPATCH",1,1,234821,713,151,"void rocsolver::v32802::getf2_npvt_small_kernel<16, double, int, int, double*>(int, double*, long, int, long, int*, int, int)",25657,6448475864998051,6448475865005342,0,136,112,1,1,112,1,1
"KERNEL_DISPATCH",1,1,234821,714,203,"void rocsolver::v32802::unit_forward_substitution_kernel<double, int, double*>(int, int, double*, int, int, long, long, double*, int, int, long, long)",25662,6448475865016850,6448475865026905,0,512,16,64,1,16,128,1
"KERNEL_DISPATCH",1,1,234821,715,1112,"Cijk_Ailk_Bljk_DB_MT128x64x16_MI16x16x4x1_SN_1LDSB1_APM1_ABV0_ACED0_AF0EM2_AF1EM2_AMAS3_ASE_ASGT_ASLT_ASM_ASAE01_ASCE01_ASEM2_AAC0_BL1_BS1_CLR0_DTLA0_DTLB0_DTVA1_DTVB0_DVO0_ETSP_EPS1_ELFLR0_EMLL0_FSSC10_FL0_GLVWA2_GLVWB2_GRCGA1_GRCGB1_GRPM1_GRVW2_GSU1_GSUASB_GLS0_ISA942_IU1_K1_KLA_LBSPPA0_LBSPPB0_LPA0_LPB2_LDL1_LRVW1_LWPMn1_LDW0_FMA_MIAV1_MDA2_MO40_MMFSC_MKFGSU256_NTA0_NTB0_NTC3_NTD3_NEPBS0_NLCA1_NLCB1_ONLL1_OPLV0_PK0_PAP0_PGR2_PLR5_PKA0_SIA3_SLW1_SS1_SU0_SUM0_SUS0_SCIUI1_SPO1_SRVW0_SSO6_SVW2_SNLL0_TSGRA0_TSGRB0_TT2_64_TLDS0_UMLDSA0_UMLDSB0_U64SL1_USFGROn1_VAW1_VSn1_VW2_VWB1_VFLRP0_WSGRA0_WSGRB0_WS64_WG64_4_1_WGM12",25665,6448475865044232,6448475865053886,0,8448,256,1,1,256,2,1
"KERNEL_DISPATCH",1,1,234821,716,151,"void rocsolver::v32802::getf2_npvt_small_kernel<16, double, int, int, double*>(int, double*, long, int, long, int*, int, int)",25668,6448475865054257,6448475865061268,0,136,96,1,1,96,1,1
"KERNEL_DISPATCH",1,1,234821,717,203,"void rocsolver::v32802::unit_forward_substitution_kernel<double, int, double*>(int, int, double*, int, int, long, long, double*, int, int, long, long)",25673,6448475865064874,6448475865073767,0,512,16,64,1,16,128,1
"KERNEL_DISPATCH",1,1,234821,718,948,"Cijk_Ailk_Bljk_DB_MT64x64x16_MI16x16x4x1_SN_1LDSB1_APM1_ABV0_ACED0_AF0EM2_AF1EM2_AMAS3_ASE_ASGT_ASLT_ASM_ASAE01_ASCE01_ASEM2_AAC0_BL1_BS1_CLR0_DTLA0_DTLB0_DTVA0_DTVB0_DVO0_ETSP_EPS1_ELFLR0_EMLL0_FSSC10_FL0_GLVWA2_GLVWB2_GRCGA1_GRCGB1_GRPM1_GRVW2_GSU1_GSUASB_GLS0_ISA942_IU1_K1_KLA_LBSPPA0_LBSPPB0_LPA0_LPB2_LDL1_LRVW1_LWPMn1_LDW0_FMA_MIAV1_MDA2_MO40_MMFSC_MKFGSU256_NTA0_NTB0_NTC3_NTD3_NEPBS4_NLCA1_NLCB1_ONLL1_OPLV0_PK0_PAP0_PGR2_PLR5_PKA0_SIA3_SLW1_SS1_SU0_SUM0_SUS0_SCIUI1_SPO1_SRVW0_SSO6_SVW2_SNLL0_TSGRA0_TSGRB0_TT2_32_TLDS0_UMLDSA0_UMLDSB0_U64SL1_USFGROn1_VAW1_VSn1_VW2_VWB1_VFLRP0_WSGRA0_WSGRB0_WS64_WG32_8_1_WGM6",25676,6448475865089031,6448475865095240,0,16640,256,1,1,512,2,1
"KERNEL_DISPATCH",1,1,234821,719,151,"void rocsolver::v32802::getf2_npvt_small_kernel<16, double, int, int, double*>(int, double*, long, int, long, int*, int, int)",25679,6448475865101089,6448475865108821,0,136,80,1,1,80,1,1
"KERNEL_DISPATCH",1,1,234821,720,203,"void rocsolver::v32802::unit_forward_substitution_kernel<double, int, double*>(int, int, double*, int, int, long, long, double*, int, int, long, long)",25684,6448475865110504,6448475865119598,0,512,16,64,1,16,64,1
"KERNEL_DISPATCH",1,1,234821,721,838,"Cijk_Ailk_Bljk_DB_MT64x64x16_MI16x16x4x1_SN_1LDSB1_APM1_ABV0_ACED0_AF0EM2_AF1EM2_AMAS0_ASE_ASGT_ASLT_ASM_ASAE01_ASCE01_ASEM2_AAC0_BL1_BS1_CLR0_DTLA0_DTLB0_DTVA1_DTVB0_DVO0_ETSP_EPS1_ELFLR0_EMLL0_FSSC10_FL0_GLVWA1_GLVWB1_GRCGA1_GRCGB1_GRPM1_GRVW1_GSU1_GSUASB_GLS0_ISA942_IU1_K1_KLA_LBSPPA0_LBSPPB128_LPA0_LPB4_LDL1_LRVW2_LWPMn1_LDW0_FMA_MIAV1_MDA2_MO40_MMFSC_MKFGSU256_NTA0_NTB0_NTC3_NTD3_NEPBS0_NLCA1_NLCB1_ONLL1_OPLV0_PK0_PAP0_PGR2_PLR5_PKA0_SIA3_SLW1_SS1_SU0_SUM0_SUS0_SCIUI1_SPO1_SRVW0_SSO6_SVW1_SNLL0_TSGRA0_TSGRB0_TT1_64_TLDS1_UMLDSA0_UMLDSB1_U64SL1_USFGROn1_VAW1_VSn1_VW1_VWB1_VFLRP0_WSGRA0_WSGRB0_WS64_WG64_4_1_WGM6",25687,6448475865137024,6448475865143514,0,10240,256,1,1,256,1,1
"KERNEL_DISPATCH",1,1,234821,722,151,"void rocsolver::v32802::getf2_npvt_small_kernel<16, double, int, int, double*>(int, double*, long, int, long, int*, int, int)",25690,6448475865147961,6448475865155332,0,136,64,1,1,64,1,1
"KERNEL_DISPATCH",1,1,234821,723,203,"void rocsolver::v32802::unit_forward_substitution_kernel<double, int, double*>(int, int, double*, int, int, long, long, double*, int, int, long, long)",25695,6448475865157335,6448475865165067,0,512,16,64,1,16,64,1
"KERNEL_DISPATCH",1,1,234821,724,1153,"Cijk_Ailk_Bljk_DB_MT64x64x16_MI16x16x4x1_SN_1LDSB1_APM1_ABV0_ACED0_AF0EM2_AF1EM2_AMAS3_ASE_ASGT_ASLT_ASM_ASAE01_ASCE01_ASEM2_AAC0_BL1_BS1_CLR0_DTLA0_DTLB0_DTVA0_DTVB0_DVO0_ETSP_EPS1_ELFLR0_EMLL0_FSSC10_FL0_GLVWA2_GLVWB2_GRCGA1_GRCGB1_GRPM1_GRVW2_GSU1_GSUASB_GLS0_ISA942_IU1_K1_KLA_LBSPPA0_LBSPPB128_LPA0_LPB4_LDL1_LRVW2_LWPMn1_LDW0_FMA_MIAV1_MDA2_MO40_MMFSC_MKFGSU256_NTA0_NTB0_NTC3_NTD3_NEPBS0_NLCA1_NLCB1_ONLL1_OPLV0_PK0_PAP0_PGR2_PLR5_PKA0_SIA3_SLW1_SS1_SU0_SUM0_SUS0_SCIUI1_SPO1_SRVW0_SSO6_SVW2_SNLL0_TSGRA0_TSGRB0_TT2_32_TLDS1_UMLDSA0_UMLDSB1_U64SL1_USFGROn1_VAW1_VSn1_VW2_VWB1_VFLRP0_WSGRA0_WSGRB0_WS64_WG32_8_1_WGM6",25698,6448475865176474,6448475865183164,0,18432,256,1,1,256,1,1
"KERNEL_DISPATCH",1,1,234821,725,151,"void rocsolver::v32802::getf2_npvt_small_kernel<16, double, int, int, double*>(int, double*, long, int, long, int*, int, int)",25701,6448475865189805,6448475865197176,0,136,48,1,1,48,1,1
"KERNEL_DISPATCH",1,1,234821,726,203,"void rocsolver::v32802::unit_forward_substitution_kernel<double, int, double*>(int, int, double*, int, int, long, long, double*, int, int, long, long)",25706,6448475865206290,6448475865213421,0,512,16,64,1,16,64,1
"KERNEL_DISPATCH",1,1,234821,727,788,"Cijk_Ailk_Bljk_DB_MT32x64x32_MI16x16x4x1_SN_1LDSB1_APM1_ABV0_ACED0_AF0EM2_AF1EM2_AMAS3_ASE_ASGT_ASLT_ASM_ASAE01_ASCE01_ASEM2_AAC0_BL1_BS1_CLR0_DTLA0_DTLB0_DTVA0_DTVB0_DVO0_ETSP_EPS1_ELFLR0_EMLL0_FSSC10_FL0_GLVWA2_GLVWB2_GRCGA1_GRCGB1_GRPM1_GRVW2_GSU1_GSUASB_GLS0_ISA942_IU1_K1_KLA_LBSPPA0_LBSPPB256_LPA0_LPB4_LDL1_LRVW2_LWPMn1_LDW0_FMA_MIAV1_MDA2_MO40_MMFSC_MKFGSU256_NTA0_NTB0_NTC3_NTD3_NEPBS0_NLCA1_NLCB1_ONLL1_OPLV0_PK0_PAP0_PGR2_PLR9_PKA0_SIA3_SLW1_SS1_SU0_SUM0_SUS0_SCIUI1_SPO1_SRVW0_SSO6_SVW2_SNLL0_TSGRA0_TSGRB0_TT2_16_TLDS1_UMLDSA0_UMLDSB1_U64SL1_USFGROn1_VAW1_VSn1_VW2_VWB1_VFLRP0_WSGRA0_WSGRB0_WS64_WG16_16_1_WGM6",25709,6448475865228102,6448475865233391,0,26624,256,1,1,256,1,1
"KERNEL_DISPATCH",1,1,234821,728,151,"void rocsolver::v32802::getf2_npvt_small_kernel<16, double, int, int, double*>(int, double*, long, int, long, int*, int, int)",25712,6448475865239080,6448475865246652,0,136,32,1,1,32,1,1
"KERNEL_DISPATCH",1,1,234821,729,203,"void rocsolver::v32802::unit_forward_substitution_kernel<double, int, double*>(int, int, double*, int, int, long, long, double*, int, int, long, long)",25717,6448475865259732,6448475865266823,0,512,16,64,1,16,64,1
"KERNEL_DISPATCH",1,1,234821,730,788,"Cijk_Ailk_Bljk_DB_MT32x64x32_MI16x16x4x1_SN_1LDSB1_APM1_ABV0_ACED0_AF0EM2_AF1EM2_AMAS3_ASE_ASGT_ASLT_ASM_ASAE01_ASCE01_ASEM2_AAC0_BL1_BS1_CLR0_DTLA0_DTLB0_DTVA0_DTVB0_DVO0_ETSP_EPS1_ELFLR0_EMLL0_FSSC10_FL0_GLVWA2_GLVWB2_GRCGA1_GRCGB1_GRPM1_GRVW2_GSU1_GSUASB_GLS0_ISA942_IU1_K1_KLA_LBSPPA0_LBSPPB256_LPA0_LPB4_LDL1_LRVW2_LWPMn1_LDW0_FMA_MIAV1_MDA2_MO40_MMFSC_MKFGSU256_NTA0_NTB0_NTC3_NTD3_NEPBS0_NLCA1_NLCB1_ONLL1_OPLV0_PK0_PAP0_PGR2_PLR9_PKA0_SIA3_SLW1_SS1_SU0_SUM0_SUS0_SCIUI1_SPO1_SRVW0_SSO6_SVW2_SNLL0_TSGRA0_TSGRB0_TT2_16_TLDS1_UMLDSA0_UMLDSB1_U64SL1_USFGROn1_VAW1_VSn1_VW2_VWB1_VFLRP0_WSGRA0_WSGRB0_WS64_WG16_16_1_WGM6",25720,6448475865277319,6448475865281406,0,26624,256,1,1,256,1,1
"KERNEL_DISPATCH",1,1,234821,731,151,"void rocsolver::v32802::getf2_npvt_small_kernel<16, double, int, int, double*>(int, double*, long, int, long, int*, int, int)",25723,6448475865285652,6448475865293304,0,136,16,1,1,16,1,1
"KERNEL_DISPATCH",1,1,234821,732,1437,"void rocblas_trtri_trsm_kernel<128, 16, 8, double, double const*, double*>(rocblas_fill_, rocblas_diagonal_, double const*, long, int, long, double*, long, long, int)",25727,6448475865296429,6448475865324752,0,8192,256,1,1,4096,1,1
"KERNEL_DISPATCH",1,1,234821,733,1433,"void rocblas_trtri_fill<128, double, double*>(_rocblas_handle*, rocblas_fill_, int, long, int, long, double*, long, long, int, int)",25732,6448475865324752,6448475865327276,0,0,128,1,1,32512,1,1
"KERNEL_DISPATCH",1,1,234821,734,787,"Cijk_Ailk_Bljk_DB_MT64x32x16_MI16x16x4x1_SN_1LDSB1_APM1_ABV0_ACED0_AF0EM2_AF1EM2_AMAS0_ASE_ASGT_ASLT_ASM_ASAE01_ASCE01_ASEM2_AAC0_BL1_BS1_CLR0_DTLA0_DTLB0_DTVA1_DTVB0_DVO0_ETSP_EPS1_ELFLR0_EMLL0_FSSC10_FL0_GLVWA1_GLVWB1_GRCGA1_GRCGB1_GRPM1_GRVW1_GSU1_GSUASB_GLS0_ISA942_IU1_K1_KLA_LBSPPA0_LBSPPB128_LPA0_LPB4_LDL1_LRVW2_LWPMn1_LDW0_FMA_MIAV1_MDA2_MO40_MMFSC_MKFGSU256_NTA0_NTB0_NTC3_NTD3_NEPBS0_NLCA1_NLCB1_ONLL1_OPLV0_PK0_PAP0_PGR2_PLR5_PKA0_SIA3_SLW1_SS1_SU0_SUM0_SUS0_SCIUI1_SPO1_SRVW0_SSO6_SVW1_SNLL0_TSGRA0_TSGRB0_TT1_32_TLDS1_UMLDSA0_UMLDSB1_U64SL1_USFGROn1_VAW1_VSn1_VW1_VWB1_VFLRP0_WSGRA0_WSGRB0_WS64_WG64_4_1_WGM12",25736,6448475865329559,6448475865335248,0,5120,256,1,1,256,1,4
"KERNEL_DISPATCH",1,1,234821,735,787,"Cijk_Ailk_Bljk_DB_MT64x32x16_MI16x16x4x1_SN_1LDSB1_APM1_ABV0_ACED0_AF0EM2_AF1EM2_AMAS0_ASE_ASGT_ASLT_ASM_ASAE01_ASCE01_ASEM2_AAC0_BL1_BS1_CLR0_DTLA0_DTLB0_DTVA1_DTVB0_DVO0_ETSP_EPS1_ELFLR0_EMLL0_FSSC10_FL0_GLVWA1_GLVWB1_GRCGA1_GRCGB1_GRPM1_GRVW1_GSU1_GSUASB_GLS0_ISA942_IU1_K1_KLA_LBSPPA0_LBSPPB128_LPA0_LPB4_LDL1_LRVW2_LWPMn1_LDW0_FMA_MIAV1_MDA2_MO40_MMFSC_MKFGSU256_NTA0_NTB0_NTC3_NTD3_NEPBS0_NLCA1_NLCB1_ONLL1_OPLV0_PK0_PAP0_PGR2_PLR5_PKA0_SIA3_SLW1_SS1_SU0_SUM0_SUS0_SCIUI1_SPO1_SRVW0_SSO6_SVW1_SNLL0_TSGRA0_TSGRB0_TT1_32_TLDS1_UMLDSA0_UMLDSB1_U64SL1_USFGROn1_VAW1_VSn1_VW1_VWB1_VFLRP0_WSGRA0_WSGRB0_WS64_WG64_4_1_WGM12",25739,6448475865341498,6448475865347507,0,5120,256,1,1,256,1,4
"KERNEL_DISPATCH",1,1,234821,736,787,"Cijk_Ailk_Bljk_DB_MT64x32x16_MI16x16x4x1_SN_1LDSB1_APM1_ABV0_ACED0_AF0EM2_AF1EM2_AMAS0_ASE_ASGT_ASLT_ASM_ASAE01_ASCE01_ASEM2_AAC0_BL1_BS1_CLR0_DTLA0_DTLB0_DTVA1_DTVB0_DVO0_ETSP_EPS1_ELFLR0_EMLL0_FSSC10_FL0_GLVWA1_GLVWB1_GRCGA1_GRCGB1_GRPM1_GRVW1_GSU1_GSUASB_GLS0_ISA942_IU1_K1_KLA_LBSPPA0_LBSPPB128_LPA0_LPB4_LDL1_LRVW2_LWPMn1_LDW0_FMA_MIAV1_MDA2_MO40_MMFSC_MKFGSU256_NTA0_NTB0_NTC3_NTD3_NEPBS0_NLCA1_NLCB1_ONLL1_OPLV0_PK0_PAP0_PGR2_PLR5_PKA0_SIA3_SLW1_SS1_SU0_SUM0_SUS0_SCIUI1_SPO1_SRVW0_SSO6_SVW1_SNLL0_TSGRA0_TSGRB0_TT1_32_TLDS1_UMLDSA0_UMLDSB1_U64SL1_USFGROn1_VAW1_VSn1_VW1_VWB1_VFLRP0_WSGRA0_WSGRB0_WS64_WG64_4_1_WGM12",25742,6448475865364253,6448475865368699,0,5120,256,1,1,256,1,4
"KERNEL_DISPATCH",1,1,234821,737,787,"Cijk_Ailk_Bljk_DB_MT64x32x16_MI16x16x4x1_SN_1LDSB1_APM1_ABV0_ACED0_AF0EM2_AF1EM2_AMAS0_ASE_ASGT_ASLT_ASM_ASAE01_ASCE01_ASEM2_AAC0_BL1_BS1_CLR0_DTLA0_DTLB0_DTVA1_DTVB0_DVO0_ETSP_EPS1_ELFLR0_EMLL0_FSSC10_FL0_GLVWA1_GLVWB1_GRCGA1_GRCGB1_GRPM1_GRVW1_GSU1_GSUASB_GLS0_ISA942_IU1_K1_KLA_LBSPPA0_LBSPPB128_LPA0_LPB4_LDL1_LRVW2_LWPMn1_LDW0_FMA_MIAV1_MDA2_MO40_MMFSC_MKFGSU256_NTA0_NTB0_NTC3_NTD3_NEPBS0_NLCA1_NLCB1_ONLL1_OPLV0_PK0_PAP0_PGR2_PLR5_PKA0_SIA3_SLW1_SS1_SU0_SUM0_SUS0_SCIUI1_SPO1_SRVW0_SSO6_SVW1_SNLL0_TSGRA0_TSGRB0_TT1_32_TLDS1_UMLDSA0_UMLDSB1_U64SL1_USFGROn1_VAW1_VSn1_VW1_VWB1_VFLRP0_WSGRA0_WSGRB0_WS64_WG64_4_1_WGM12",25745,6448475865389491,6448475865394299,0,5120,256,1,1,256,1,4
"KERNEL_DISPATCH",1,1,234821,738,632,"Cijk_Ailk_Bljk_DB_MT64x64x32_MI16x16x4x1_SN_1LDSB1_APM1_ABV0_ACED0_AF0EM2_AF1EM2_AMAS0_ASE_ASGT_ASLT_ASM_ASAE01_ASCE01_ASEM2_AAC0_BL1_BS1_CLR0_DTLA0_DTLB0_DTVA0_DTVB0_DVO0_ETSP_EPS1_ELFLR0_EMLL0_FSSC10_FL0_GLVWA1_GLVWB1_GRCGA1_GRCGB1_GRPM1_GRVW1_GSU1_GSUASB_GLS0_ISA942_IU1_K1_KLA_LBSPPA0_LBSPPB0_LPA0_LPB1_LDL1_LRVW1_LWPMn1_LDW0_FMA_MIAV1_MDA2_MO40_MMFSC_MKFGSU256_NTA0_NTB0_NTC3_NTD3_NEPBS0_NLCA1_NLCB1_ONLL1_OPLV0_PK0_PAP0_PGR2_PLR9_PKA0_SIA3_SLW1_SS1_SU0_SUM0_SUS0_SCIUI1_SPO1_SRVW0_SSO6_SVW1_SNLL0_TSGRA0_TSGRB0_TT2_32_TLDS0_UMLDSA0_UMLDSB0_U64SL1_USFGROn1_VAW1_VSn1_VW1_VWB1_VFLRP0_WSGRA0_WSGRB0_WS64_WG32_8_1_WGM6",25748,6448475865403152,6448475865412407,0,33024,256,1,1,256,1,4
"KERNEL_DISPATCH",1,1,234821,739,632,"Cijk_Ailk_Bljk_DB_MT64x64x32_MI16x16x4x1_SN_1LDSB1_APM1_ABV0_ACED0_AF0EM2_AF1EM2_AMAS0_ASE_ASGT_ASLT_ASM_ASAE01_ASCE01_ASEM2_AAC0_BL1_BS1_CLR0_DTLA0_DTLB0_DTVA0_DTVB0_DVO0_ETSP_EPS1_ELFLR0_EMLL0_FSSC10_FL0_GLVWA1_GLVWB1_GRCGA1_GRCGB1_GRPM1_GRVW1_GSU1_GSUASB_GLS0_ISA942_IU1_K1_KLA_LBSPPA0_LBSPPB0_LPA0_LPB1_LDL1_LRVW1_LWPMn1_LDW0_FMA_MIAV1_MDA2_MO40_MMFSC_MKFGSU256_NTA0_NTB0_NTC3_NTD3_NEPBS0_NLCA1_NLCB1_ONLL1_OPLV0_PK0_PAP0_PGR2_PLR9_PKA0_SIA3_SLW1_SS1_SU0_SUM0_SUS0_SCIUI1_SPO1_SRVW0_SSO6_SVW1_SNLL0_TSGRA0_TSGRB0_TT2_32_TLDS0_UMLDSA0_UMLDSB0_U64SL1_USFGROn1_VAW1_VSn1_VW1_VWB1_VFLRP0_WSGRA0_WSGRB0_WS64_WG32_8_1_WGM6",25751,6448475865419137,6448475865426789,0,33024,256,1,1,256,1,4
"KERNEL_DISPATCH",1,1,234821,740,1435,"void rocblas_copy_matrix_trsm<128, 8, double, double*, double*>(int, int, int, double*, int, long, double*, int, long, long, long, int)",25755,6448475865426789,6448475865429393,0,0,128,8,1,1024,128,1
"KERNEL_DISPATCH",1,1,234821,741,746,"Cijk_Ailk_Bljk_DB_MT64x64x16_MI16x16x4x1_SN_1LDSB1_APM1_ABV0_ACED0_AF0EM2_AF1EM2_AMAS3_ASE_ASGT_ASLT_ASM_ASAE01_ASCE01_ASEM2_AAC0_BL1_BS1_CLR0_DTLA0_DTLB0_DTVA0_DTVB0_DVO0_ETSP_EPS1_ELFLR0_EMLL0_FSSC10_FL0_GLVWA2_GLVWB2_GRCGA1_GRCGB1_GRPM1_GRVW2_GSU1_GSUASB_GLS0_ISA942_IU1_K1_KLA_LBSPPA0_LBSPPB128_LPA0_LPB4_LDL1_LRVW2_LWPMn1_LDW0_FMA_MIAV1_MDA2_MO40_MMFSC_MKFGSU256_NTA0_NTB0_NTC3_NTD3_NEPBS4_NLCA1_NLCB1_ONLL1_OPLV0_PK0_PAP0_PGR2_PLR5_PKA0_SIA3_SLW1_SS1_SU0_SUM0_SUS0_SCIUI1_SPO1_SRVW0_SSO6_SVW2_SNLL0_TSGRA0_TSGRB0_TT2_32_TLDS1_UMLDSA0_UMLDSB1_U64SL1_USFGROn1_VAW1_VSn1_VW2_VWB1_VFLRP0_WSGRA0_WSGRB0_WS64_WG32_8_1_WGM6",25759,6448475865449503,6448475865459679,0,18432,256,1,1,4096,2,1
"KERNEL_DISPATCH",1,1,234821,742,746,"Cijk_Ailk_Bljk_DB_MT64x64x16_MI16x16x4x1_SN_1LDSB1_APM1_ABV0_ACED0_AF0EM2_AF1EM2_AMAS3_ASE_ASGT_ASLT_ASM_ASAE01_ASCE01_ASEM2_AAC0_BL1_BS1_CLR0_DTLA0_DTLB0_DTVA0_DTVB0_DVO0_ETSP_EPS1_ELFLR0_EMLL0_FSSC10_FL0_GLVWA2_GLVWB2_GRCGA1_GRCGB1_GRPM1_GRVW2_GSU1_GSUASB_GLS0_ISA942_IU1_K1_KLA_LBSPPA0_LBSPPB128_LPA0_LPB4_LDL1_LRVW2_LWPMn1_LDW0_FMA_MIAV1_MDA2_MO40_MMFSC_MKFGSU256_NTA0_NTB0_NTC3_NTD3_NEPBS4_NLCA1_NLCB1_ONLL1_OPLV0_PK0_PAP0_PGR2_PLR5_PKA0_SIA3_SLW1_SS1_SU0_SUM0_SUS0_SCIUI1_SPO1_SRVW0_SSO6_SVW2_SNLL0_TSGRA0_TSGRB0_TT2_32_TLDS1_UMLDSA0_UMLDSB1_U64SL1_USFGROn1_VAW1_VSn1_VW2_VWB1_VFLRP0_WSGRA0_WSGRB0_WS64_WG32_8_1_WGM6",25762,6448475865469774,6448475865478388,0,18432,256,1,1,4096,2,1
"KERNEL_DISPATCH",1,1,234821,743,746,"Cijk_Ailk_Bljk_DB_MT64x64x16_MI16x16x4x1_SN_1LDSB1_APM1_ABV0_ACED0_AF0EM2_AF1EM2_AMAS3_ASE_ASGT_ASLT_ASM_ASAE01_ASCE01_ASEM2_AAC0_BL1_BS1_CLR0_DTLA0_DTLB0_DTVA0_DTVB0_DVO0_ETSP_EPS1_ELFLR0_EMLL0_FSSC10_FL0_GLVWA2_GLVWB2_GRCGA1_GRCGB1_GRPM1_GRVW2_GSU1_GSUASB_GLS0_ISA942_IU1_K1_KLA_LBSPPA0_LBSPPB128_LPA0_LPB4_LDL1_LRVW2_LWPMn1_LDW0_FMA_MIAV1_MDA2_MO40_MMFSC_MKFGSU256_NTA0_NTB0_NTC3_NTD3_NEPBS4_NLCA1_NLCB1_ONLL1_OPLV0_PK0_PAP0_PGR2_PLR5_PKA0_SIA3_SLW1_SS1_SU0_SUM0_SUS0_SCIUI1_SPO1_SRVW0_SSO6_SVW2_SNLL0_TSGRA0_TSGRB0_TT2_32_TLDS1_UMLDSA0_UMLDSB1_U64SL1_USFGROn1_VAW1_VSn1_VW2_VWB1_VFLRP0_WSGRA0_WSGRB0_WS64_WG32_8_1_WGM6",25765,6448475865486720,6448475865493210,0,18432,256,1,1,4096,2,1
"KERNEL_DISPATCH",1,1,234821,744,746,"Cijk_Ailk_Bljk_DB_MT64x64x16_MI16x16x4x1_SN_1LDSB1_APM1_ABV0_ACED0_AF0EM2_AF1EM2_AMAS3_ASE_ASGT_ASLT_ASM_ASAE01_ASCE01_ASEM2_AAC0_BL1_BS1_CLR0_DTLA0_DTLB0_DTVA0_DTVB0_DVO0_ETSP_EPS1_ELFLR0_EMLL0_FSSC10_FL0_GLVWA2_GLVWB2_GRCGA1_GRCGB1_GRPM1_GRVW2_GSU1_GSUASB_GLS0_ISA942_IU1_K1_KLA_LBSPPA0_LBSPPB128_LPA0_LPB4_LDL1_LRVW2_LWPMn1_LDW0_FMA_MIAV1_MDA2_MO40_MMFSC_MKFGSU256_NTA0_NTB0_NTC3_NTD3_NEPBS4_NLCA1_NLCB1_ONLL1_OPLV0_PK0_PAP0_PGR2_PLR5_PKA0_SIA3_SLW1_SS1_SU0_SUM0_SUS0_SCIUI1_SPO1_SRVW0_SSO6_SVW2_SNLL0_TSGRA0_TSGRB0_TT2_32_TLDS1_UMLDSA0_UMLDSB1_U64SL1_USFGROn1_VAW1_VSn1_VW2_VWB1_VFLRP0_WSGRA0_WSGRB0_WS64_WG32_8_1_WGM6",25768,6448475865505750,6448475865516686,0,18432,256,1,1,4096,2,1
"KERNEL_DISPATCH",1,1,234821,745,746,"Cijk_Ailk_Bljk_DB_MT64x64x16_MI16x16x4x1_SN_1LDSB1_APM1_ABV0_ACED0_AF0EM2_AF1EM2_AMAS3_ASE_ASGT_ASLT_ASM_ASAE01_ASCE01_ASEM2_AAC0_BL1_BS1_CLR0_DTLA0_DTLB0_DTVA0_DTVB0_DVO0_ETSP_EPS1_ELFLR0_EMLL0_FSSC10_FL0_GLVWA2_GLVWB2_GRCGA1_GRCGB1_GRPM1_GRVW2_GSU1_GSUASB_GLS0_ISA942_IU1_K1_KLA_LBSPPA0_LBSPPB128_LPA0_LPB4_LDL1_LRVW2_LWPMn1_LDW0_FMA_MIAV1_MDA2_MO40_MMFSC_MKFGSU256_NTA0_NTB0_NTC3_NTD3_NEPBS4_NLCA1_NLCB1_ONLL1_OPLV0_PK0_PAP0_PGR2_PLR5_PKA0_SIA3_SLW1_SS1_SU0_SUM0_SUS0_SCIUI1_SPO1_SRVW0_SSO6_SVW2_SNLL0_TSGRA0_TSGRB0_TT2_32_TLDS1_UMLDSA0_UMLDSB1_U64SL1_USFGROn1_VAW1_VSn1_VW2_VWB1_VFLRP0_WSGRA0_WSGRB0_WS64_WG32_8_1_WGM6",25771,6448475865523297,6448475865529786,0,18432,256,1,1,4096,2,1
"KERNEL_DISPATCH",1,1,234821,746,652,"Cijk_Ailk_Bljk_DB_MT64x16x64_MI16x16x4x1_SN_1LDSB1_APM1_ABV0_ACED0_AF0EM1_AF1EM1_AMAS3_ASE_ASGT_ASLT1129_ASM_ASAE01_ASCE01_ASEM1_AAC0_BL1_BS1_CLR0_DTLA0_DTLB0_DTVA1_DTVB0_DVO0_ETB_EPS1_ELFLR0_EMLL0_FSSC10_FL0_GLVWA2_GLVWB2_GRCGA1_GRCGB1_GRPM1_GRVWn1_GSU1_GSUASB_GLS0_ISA942_IU1_K1_KLA_LBSPPA0_LBSPPB512_LPA0_LPB2_LDL1_LRVW1_LWPMn1_LDW0_FMA_MIAV1_MDA2_MO40_MMFSC_MKFGSU256_NTA0_NTB0_NTC0_NTD0_NEPBS4_NLCA2_NLCB1_ONLL1_OPLV0_PK0_PAP0_PGR2_PLR5_PKA0_SIA3_SLW1_SS1_SU0_SUM0_SUS0_SCIUI1_SPO0_SRVW0_SSO0_SVW2_SNLL0_TSGRA0_TSGRB0_TT4_16_TLDS1_UMLDSA0_UMLDSB1_U64SL1_USFGROn1_VAW1_VSn1_VW2_VWB1_VFLRP0_WSGRA0_WSGRB0_WS64_WG16_4_4_WGM1",25774,6448475865540513,6448475865552451,0,32768,256,1,1,4096,8,1
"KERNEL_DISPATCH",1,1,234821,747,746,"Cijk_Ailk_Bljk_DB_MT64x64x16_MI16x16x4x1_SN_1LDSB1_APM1_ABV0_ACED0_AF0EM2_AF1EM2_AMAS3_ASE_ASGT_ASLT_ASM_ASAE01_ASCE01_ASEM2_AAC0_BL1_BS1_CLR0_DTLA0_DTLB0_DTVA0_DTVB0_DVO0_ETSP_EPS1_ELFLR0_EMLL0_FSSC10_FL0_GLVWA2_GLVWB2_GRCGA1_GRCGB1_GRPM1_GRVW2_GSU1_GSUASB_GLS0_ISA942_IU1_K1_KLA_LBSPPA0_LBSPPB128_LPA0_LPB4_LDL1_LRVW2_LWPMn1_LDW0_FMA_MIAV1_MDA2_MO40_MMFSC_MKFGSU256_NTA0_NTB0_NTC3_NTD3_NEPBS4_NLCA1_NLCB1_ONLL1_OPLV0_PK0_PAP0_PGR2_PLR5_PKA0_SIA3_SLW1_SS1_SU0_SUM0_SUS0_SCIUI1_SPO1_SRVW0_SSO6_SVW2_SNLL0_TSGRA0_TSGRB0_TT2_32_TLDS1_UMLDSA0_UMLDSB1_U64SL1_USFGROn1_VAW1_VSn1_VW2_VWB1_VFLRP0_WSGRA0_WSGRB0_WS64_WG32_8_1_WGM6",25777,6448475865563518,6448475865570128,0,18432,256,1,1,4096,2,1
"KERNEL_DISPATCH",1,1,234821,748,1437,"void rocblas_trtri_trsm_kernel<128, 16, 8, double, double const*, double*>(rocblas_fill_, rocblas_diagonal_, double const*, long, int, long, double*, long, long, int)",25781,6448475865573933,6448475865602457,0,8192,256,1,1,4096,1,1
"KERNEL_DISPATCH",1,1,234821,749,1433,"void rocblas_trtri_fill<128, double, double*>(_rocblas_handle*, rocblas_fill_, int, long, int, long, double*, long, long, int, int)",25786,6448475865603179,6448475865606504,0,0,128,1,1,32512,1,1
"KERNEL_DISPATCH",1,1,234821,750,787,"Cijk_Ailk_Bljk_DB_MT64x32x16_MI16x16x4x1_SN_1LDSB1_APM1_ABV0_ACED0_AF0EM2_AF1EM2_AMAS0_ASE_ASGT_ASLT_ASM_ASAE01_ASCE01_ASEM2_AAC0_BL1_BS1_CLR0_DTLA0_DTLB0_DTVA1_DTVB0_DVO0_ETSP_EPS1_ELFLR0_EMLL0_FSSC10_FL0_GLVWA1_GLVWB1_GRCGA1_GRCGB1_GRPM1_GRVW1_GSU1_GSUASB_GLS0_ISA942_IU1_K1_KLA_LBSPPA0_LBSPPB128_LPA0_LPB4_LDL1_LRVW2_LWPMn1_LDW0_FMA_MIAV1_MDA2_MO40_MMFSC_MKFGSU256_NTA0_NTB0_NTC3_NTD3_NEPBS0_NLCA1_NLCB1_ONLL1_OPLV0_PK0_PAP0_PGR2_PLR5_PKA0_SIA3_SLW1_SS1_SU0_SUM0_SUS0_SCIUI1_SPO1_SRVW0_SSO6_SVW1_SNLL0_TSGRA0_TSGRB0_TT1_32_TLDS1_UMLDSA0_UMLDSB1_U64SL1_USFGROn1_VAW1_VSn1_VW1_VWB1_VFLRP0_WSGRA0_WSGRB0_WS64_WG64_4_1_WGM12",25790,6448475865606504,6448475865611231,0,5120,256,1,1,256,1,4
"KERNEL_DISPATCH",1,1,234821,751,787,"Cijk_Ailk_Bljk_DB_MT64x32x16_MI16x16x4x1_SN_1LDSB1_APM1_ABV0_ACED0_AF0EM2_AF1EM2_AMAS0_ASE_ASGT_ASLT_ASM_ASAE01_ASCE01_ASEM2_AAC0_BL1_BS1_CLR0_DTLA0_DTLB0_DTVA1_DTVB0_DVO0_ETSP_EPS1_ELFLR0_EMLL0_FSSC10_FL0_GLVWA1_GLVWB1_GRCGA1_GRCGB1_GRPM1_GRVW1_GSU1_GSUASB_GLS0_ISA942_IU1_K1_KLA_LBSPPA0_LBSPPB128_LPA0_LPB4_LDL1_LRVW2_LWPMn1_LDW0_FMA_MIAV1_MDA2_MO40_MMFSC_MKFGSU256_NTA0_NTB0_NTC3_NTD3_NEPBS0_NLCA1_NLCB1_ONLL1_OPLV0_PK0_PAP0_PGR2_PLR5_PKA0_SIA3_SLW1_SS1_SU0_SUM0_SUS0_SCIUI1_SPO1_SRVW0_SSO6_SVW1_SNLL0_TSGRA0_TSGRB0_TT1_32_TLDS1_UMLDSA0_UMLDSB1_U64SL1_USFGROn1_VAW1_VSn1_VW1_VWB1_VFLRP0_WSGRA0_WSGRB0_WS64_WG64_4_1_WGM12",25793,6448475865619644,6448475865624291,0,5120,256,1,1,256,1,4
"KERNEL_DISPATCH",1,1,234821,752,787,"Cijk_Ailk_Bljk_DB_MT64x32x16_MI16x16x4x1_SN_1LDSB1_APM1_ABV0_ACED0_AF0EM2_AF1EM2_AMAS0_ASE_ASGT_ASLT_ASM_ASAE01_ASCE01_ASEM2_AAC0_BL1_BS1_CLR0_DTLA0_DTLB0_DTVA1_DTVB0_DVO0_ETSP_EPS1_ELFLR0_EMLL0_FSSC10_FL0_GLVWA1_GLVWB1_GRCGA1_GRCGB1_GRPM1_GRVW1_GSU1_GSUASB_GLS0_ISA942_IU1_K1_KLA_LBSPPA0_LBSPPB128_LPA0_LPB4_LDL1_LRVW2_LWPMn1_LDW0_FMA_MIAV1_MDA2_MO40_MMFSC_MKFGSU256_NTA0_NTB0_NTC3_NTD3_NEPBS0_NLCA1_NLCB1_ONLL1_OPLV0_PK0_PAP0_PGR2_PLR5_PKA0_SIA3_SLW1_SS1_SU0_SUM0_SUS0_SCIUI1_SPO1_SRVW0_SSO6_SVW1_SNLL0_TSGRA0_TSGRB0_TT1_32_TLDS1_UMLDSA0_UMLDSB1_U64SL1_USFGROn1_VAW1_VSn1_VW1_VWB1_VFLRP0_WSGRA0_WSGRB0_WS64_WG64_4_1_WGM12",25796,6448475865638573,6448475865642779,0,5120,256,1,1,256,1,4
"KERNEL_DISPATCH",1,1,234821,753,787,"Cijk_Ailk_Bljk_DB_MT64x32x16_MI16x16x4x1_SN_1LDSB1_APM1_ABV0_ACED0_AF0EM2_AF1EM2_AMAS0_ASE_ASGT_ASLT_ASM_ASAE01_ASCE01_ASEM2_AAC0_BL1_BS1_CLR0_DTLA0_DTLB0_DTVA1_DTVB0_DVO0_ETSP_EPS1_ELFLR0_EMLL0_FSSC10_FL0_GLVWA1_GLVWB1_GRCGA1_GRCGB1_GRPM1_GRVW1_GSU1_GSUASB_GLS0_ISA942_IU1_K1_KLA_LBSPPA0_LBSPPB128_LPA0_LPB4_LDL1_LRVW2_LWPMn1_LDW0_FMA_MIAV1_MDA2_MO40_MMFSC_MKFGSU256_NTA0_NTB0_NTC3_NTD3_NEPBS0_NLCA1_NLCB1_ONLL1_OPLV0_PK0_PAP0_PGR2_PLR5_PKA0_SIA3_SLW1_SS1_SU0_SUM0_SUS0_SCIUI1_SPO1_SRVW0_SSO6_SVW1_SNLL0_TSGRA0_TSGRB0_TT1_32_TLDS1_UMLDSA0_UMLDSB1_U64SL1_USFGROn1_VAW1_VSn1_VW1_VWB1_VFLRP0_WSGRA0_WSGRB0_WS64_WG64_4_1_WGM12",25799,6448475865659775,6448475865664222,0,5120,256,1,1,256,1,4
"KERNEL_DISPATCH",1,1,234821,754,632,"Cijk_Ailk_Bljk_DB_MT64x64x32_MI16x16x4x1_SN_1LDSB1_APM1_ABV0_ACED0_AF0EM2_AF1EM2_AMAS0_ASE_ASGT_ASLT_ASM_ASAE01_ASCE01_ASEM2_AAC0_BL1_BS1_CLR0_DTLA0_DTLB0_DTVA0_DTVB0_DVO0_ETSP_EPS1_ELFLR0_EMLL0_FSSC10_FL0_GLVWA1_GLVWB1_GRCGA1_GRCGB1_GRPM1_GRVW1_GSU1_GSUASB_GLS0_ISA942_IU1_K1_KLA_LBSPPA0_LBSPPB0_LPA0_LPB1_LDL1_LRVW1_LWPMn1_LDW0_FMA_MIAV1_MDA2_MO40_MMFSC_MKFGSU256_NTA0_NTB0_NTC3_NTD3_NEPBS0_NLCA1_NLCB1_ONLL1_OPLV0_PK0_PAP0_PGR2_PLR9_PKA0_SIA3_SLW1_SS1_SU0_SUM0_SUS0_SCIUI1_SPO1_SRVW0_SSO6_SVW1_SNLL0_TSGRA0_TSGRB0_TT2_32_TLDS0_UMLDSA0_UMLDSB0_U64SL1_USFGROn1_VAW1_VSn1_VW1_VWB1_VFLRP0_WSGRA0_WSGRB0_WS64_WG32_8_1_WGM6",25802,6448475865673407,6448475865680698,0,33024,256,1,1,256,1,4
"KERNEL_DISPATCH",1,1,234821,755,632,"Cijk_Ailk_Bljk_DB_MT64x64x32_MI16x16x4x1_SN_1LDSB1_APM1_ABV0_ACED0_AF0EM2_AF1EM2_AMAS0_ASE_ASGT_ASLT_ASM_ASAE01_ASCE01_ASEM2_AAC0_BL1_BS1_CLR0_DTLA0_DTLB0_DTVA0_DTVB0_DVO0_ETSP_EPS1_ELFLR0_EMLL0_FSSC10_FL0_GLVWA1_GLVWB1_GRCGA1_GRCGB1_GRPM1_GRVW1_GSU1_GSUASB_GLS0_ISA942_IU1_K1_KLA_LBSPPA0_LBSPPB0_LPA0_LPB1_LDL1_LRVW1_LWPMn1_LDW0_FMA_MIAV1_MDA2_MO40_MMFSC_MKFGSU256_NTA0_NTB0_NTC3_NTD3_NEPBS0_NLCA1_NLCB1_ONLL1_OPLV0_PK0_PAP0_PGR2_PLR9_PKA0_SIA3_SLW1_SS1_SU0_SUM0_SUS0_SCIUI1_SPO1_SRVW0_SSO6_SVW1_SNLL0_TSGRA0_TSGRB0_TT2_32_TLDS0_UMLDSA0_UMLDSB0_U64SL1_USFGROn1_VAW1_VSn1_VW1_VWB1_VFLRP0_WSGRA0_WSGRB0_WS64_WG32_8_1_WGM6",25805,6448475865689311,6448475865697524,0,33024,256,1,1,256,1,4
"KERNEL_DISPATCH",1,1,234821,756,1435,"void rocblas_copy_matrix_trsm<128, 8, double, double*, double*>(int, int, int, double*, int, long, double*, int, long, long, long, int)",25809,6448475865697524,6448475865701970,0,0,128,8,1,128,1024,1
"KERNEL_DISPATCH",1,1,234821,757,746,"Cijk_Ailk_Bljk_DB_MT64x64x16_MI16x16x4x1_SN_1LDSB1_APM1_ABV0_ACED0_AF0EM2_AF1EM2_AMAS3_ASE_ASGT_ASLT_ASM_ASAE01_ASCE01_ASEM2_AAC0_BL1_BS1_CLR0_DTLA0_DTLB0_DTVA0_DTVB0_DVO0_ETSP_EPS1_ELFLR0_EMLL0_FSSC10_FL0_GLVWA2_GLVWB2_GRCGA1_GRCGB1_GRPM1_GRVW2_GSU1_GSUASB_GLS0_ISA942_IU1_K1_KLA_LBSPPA0_LBSPPB128_LPA0_LPB4_LDL1_LRVW2_LWPMn1_LDW0_FMA_MIAV1_MDA2_MO40_MMFSC_MKFGSU256_NTA0_NTB0_NTC3_NTD3_NEPBS4_NLCA1_NLCB1_ONLL1_OPLV0_PK0_PAP0_PGR2_PLR5_PKA0_SIA3_SLW1_SS1_SU0_SUM0_SUS0_SCIUI1_SPO1_SRVW0_SSO6_SVW2_SNLL0_TSGRA0_TSGRB0_TT2_32_TLDS1_UMLDSA0_UMLDSB1_U64SL1_USFGROn1_VAW1_VSn1_VW2_VWB1_VFLRP0_WSGRA0_WSGRB0_WS64_WG32_8_1_WGM6",25813,6448475865717394,6448475865724124,0,18432,256,1,1,512,16,1
"KERNEL_DISPATCH",1,1,234821,758,746,"Cijk_Ailk_Bljk_DB_MT64x64x16_MI16x16x4x1_SN_1LDSB1_APM1_ABV0_ACED0_AF0EM2_AF1EM2_AMAS3_ASE_ASGT_ASLT_ASM_ASAE01_ASCE01_ASEM2_AAC0_BL1_BS1_CLR0_DTLA0_DTLB0_DTVA0_DTVB0_DVO0_ETSP_EPS1_ELFLR0_EMLL0_FSSC10_FL0_GLVWA2_GLVWB2_GRCGA1_GRCGB1_GRPM1_GRVW2_GSU1_GSUASB_GLS0_ISA942_IU1_K1_KLA_LBSPPA0_LBSPPB128_LPA0_LPB4_LDL1_LRVW2_LWPMn1_LDW0_FMA_MIAV1_MDA2_MO40_MMFSC_MKFGSU256_NTA0_NTB0_NTC3_NTD3_NEPBS4_NLCA1_NLCB1_ONLL1_OPLV0_PK0_PAP0_PGR2_PLR5_PKA0_SIA3_SLW1_SS1_SU0_SUM0_SUS0_SCIUI1_SPO1_SRVW0_SSO6_SVW2_SNLL0_TSGRA0_TSGRB0_TT2_32_TLDS1_UMLDSA0_UMLDSB1_U64SL1_USFGROn1_VAW1_VSn1_VW2_VWB1_VFLRP0_WSGRA0_WSGRB0_WS64_WG32_8_1_WGM6",25816,6448475865737225,6448475865745197,0,18432,256,1,1,512,16,1
"KERNEL_DISPATCH",1,1,234821,759,746,"Cijk_Ailk_Bljk_DB_MT64x64x16_MI16x16x4x1_SN_1LDSB1_APM1_ABV0_ACED0_AF0EM2_AF1EM2_AMAS3_ASE_ASGT_ASLT_ASM_ASAE01_ASCE01_ASEM2_AAC0_BL1_BS1_CLR0_DTLA0_DTLB0_DTVA0_DTVB0_DVO0_ETSP_EPS1_ELFLR0_EMLL0_FSSC10_FL0_GLVWA2_GLVWB2_GRCGA1_GRCGB1_GRPM1_GRVW2_GSU1_GSUASB_GLS0_ISA942_IU1_K1_KLA_LBSPPA0_LBSPPB128_LPA0_LPB4_LDL1_LRVW2_LWPMn1_LDW0_FMA_MIAV1_MDA2_MO40_MMFSC_MKFGSU256_NTA0_NTB0_NTC3_NTD3_NEPBS4_NLCA1_NLCB1_ONLL1_OPLV0_PK0_PAP0_PGR2_PLR5_PKA0_SIA3_SLW1_SS1_SU0_SUM0_SUS0_SCIUI1_SPO1_SRVW0_SSO6_SVW2_SNLL0_TSGRA0_TSGRB0_TT2_32_TLDS1_UMLDSA0_UMLDSB1_U64SL1_USFGROn1_VAW1_VSn1_VW2_VWB1_VFLRP0_WSGRA0_WSGRB0_WS64_WG32_8_1_WGM6",25819,6448475865754211,6448475865761422,0,18432,256,1,1,512,16,1
"KERNEL_DISPATCH",1,1,234821,760,746,"Cijk_Ailk_Bljk_DB_MT64x64x16_MI16x16x4x1_SN_1LDSB1_APM1_ABV0_ACED0_AF0EM2_AF1EM2_AMAS3_ASE_ASGT_ASLT_ASM_ASAE01_ASCE01_ASEM2_AAC0_BL1_BS1_CLR0_DTLA0_DTLB0_DTVA0_DTVB0_DVO0_ETSP_EPS1_ELFLR0_EMLL0_FSSC10_FL0_GLVWA2_GLVWB2_GRCGA1_GRCGB1_GRPM1_GRVW2_GSU1_GSUASB_GLS0_ISA942_IU1_K1_KLA_LBSPPA0_LBSPPB128_LPA0_LPB4_LDL1_LRVW2_LWPMn1_LDW0_FMA_MIAV1_MDA2_MO40_MMFSC_MKFGSU256_NTA0_NTB0_NTC3_NTD3_NEPBS4_NLCA1_NLCB1_ONLL1_OPLV0_PK0_PAP0_PGR2_PLR5_PKA0_SIA3_SLW1_SS1_SU0_SUM0_SUS0_SCIUI1_SPO1_SRVW0_SSO6_SVW2_SNLL0_TSGRA0_TSGRB0_TT2_32_TLDS1_UMLDSA0_UMLDSB1_U64SL1_USFGROn1_VAW1_VSn1_VW2_VWB1_VFLRP0_WSGRA0_WSGRB0_WS64_WG32_8_1_WGM6",25822,6448475865778568,6448475865790266,0,18432,256,1,1,512,16,1
"KERNEL_DISPATCH",1,1,234821,761,746,"Cijk_Ailk_Bljk_DB_MT64x64x16_MI16x16x4x1_SN_1LDSB1_APM1_ABV0_ACED0_AF0EM2_AF1EM2_AMAS3_ASE_ASGT_ASLT_ASM_ASAE01_ASCE01_ASEM2_AAC0_BL1_BS1_CLR0_DTLA0_DTLB0_DTVA0_DTVB0_DVO0_ETSP_EPS1_ELFLR0_EMLL0_FSSC10_FL0_GLVWA2_GLVWB2_GRCGA1_GRCGB1_GRPM1_GRVW2_GSU1_GSUASB_GLS0_ISA942_IU1_K1_KLA_LBSPPA0_LBSPPB128_LPA0_LPB4_LDL1_LRVW2_LWPMn1_LDW0_FMA_MIAV1_MDA2_MO40_MMFSC_MKFGSU256_NTA0_NTB0_NTC3_NTD3_NEPBS4_NLCA1_NLCB1_ONLL1_OPLV0_PK0_PAP0_PGR2_PLR5_PKA0_SIA3_SLW1_SS1_SU0_SUM0_SUS0_SCIUI1_SPO1_SRVW0_SSO6_SVW2_SNLL0_TSGRA0_TSGRB0_TT2_32_TLDS1_UMLDSA0_UMLDSB1_U64SL1_USFGROn1_VAW1_VSn1_VW2_VWB1_VFLRP0_WSGRA0_WSGRB0_WS64_WG32_8_1_WGM6",25825,6448475865798559,6448475865805089,0,18432,256,1,1,512,16,1
"KERNEL_DISPATCH",1,1,234821,762,799,"Cijk_Ailk_Bljk_DB_MT64x16x64_MI16x16x4x1_SN_1LDSB1_APM1_ABV0_ACED0_AF0EM1_AF1EM1_AMAS3_ASE_ASGT_ASLT0129_ASM_ASAE01_ASCE01_ASEM1_AAC0_BL1_BS1_CLR0_DTLA0_DTLB0_DTVA1_DTVB0_DVO0_ETB_EPS1_ELFLR0_EMLL0_FSSC10_FL0_GLVWA2_GLVWB2_GRCGA1_GRCGB1_GRPM1_GRVWn1_GSU1_GSUASB_GLS0_ISA942_IU1_K1_KLA_LBSPPA0_LBSPPB512_LPA0_LPB2_LDL1_LRVW1_LWPMn1_LDW0_FMA_MIAV1_MDA2_MO40_MMFSC_MKFGSU256_NTA0_NTB0_NTC0_NTD0_NEPBS4_NLCA2_NLCB1_ONLL1_OPLV0_PK0_PAP0_PGR2_PLR5_PKA0_SIA3_SLW1_SS1_SU0_SUM0_SUS0_SCIUI1_SPO0_SRVW0_SSO0_SVW2_SNLL0_TSGRA0_TSGRB0_TT4_16_TLDS1_UMLDSA0_UMLDSB1_U64SL1_USFGROn1_VAW1_VSn1_VW2_VWB1_VFLRP0_WSGRA0_WSGRB0_WS64_WG16_4_4_WGM1",25828,6448475865814183,6448475865823397,0,32768,256,1,1,512,64,1
"KERNEL_DISPATCH",1,1,234821,763,746,"Cijk_Ailk_Bljk_DB_MT64x64x16_MI16x16x4x1_SN_1LDSB1_APM1_ABV0_ACED0_AF0EM2_AF1EM2_AMAS3_ASE_ASGT_ASLT_ASM_ASAE01_ASCE01_ASEM2_AAC0_BL1_BS1_CLR0_DTLA0_DTLB0_DTVA0_DTVB0_DVO0_ETSP_EPS1_ELFLR0_EMLL0_FSSC10_FL0_GLVWA2_GLVWB2_GRCGA1_GRCGB1_GRPM1_GRVW2_GSU1_GSUASB_GLS0_ISA942_IU1_K1_KLA_LBSPPA0_LBSPPB128_LPA0_LPB4_LDL1_LRVW2_LWPMn1_LDW0_FMA_MIAV1_MDA2_MO40_MMFSC_MKFGSU256_NTA0_NTB0_NTC3_NTD3_NEPBS4_NLCA1_NLCB1_ONLL1_OPLV0_PK0_PAP0_PGR2_PLR5_PKA0_SIA3_SLW1_SS1_SU0_SUM0_SUS0_SCIUI1_SPO1_SRVW0_SSO6_SVW2_SNLL0_TSGRA0_TSGRB0_TT2_32_TLDS1_UMLDSA0_UMLDSB1_U64SL1_USFGROn1_VAW1_VSn1_VW2_VWB1_VFLRP0_WSGRA0_WSGRB0_WS64_WG32_8_1_WGM6",25831,6448475865831649,6448475865838019,0,18432,256,1,1,512,16,1
"KERNEL_DISPATCH",1,1,234821,764,1165,"Cijk_Ailk_Bljk_DB_MT80x64x32_MI16x16x4x1_SN_1LDSB1_APM1_ABV0_ACED0_AF0EM1_AF1EM1_AMAS0_ASE_ASGT_ASLT_ASM_ASAE01_ASCE01_ASEM1_AAC0_BL1_BS1_CLR0_DTLA0_DTLB0_DTVA0_DTVB0_DVO0_ETB_EPS1_ELFLR0_EMLL0_FSSC10_FL0_GLVWA2_GLVWB2_GRCGA1_GRCGB1_GRPM1_GRVWn1_GSU1_GSUASB_GLS0_ISA942_IU1_K1_KLA_LBSPPA0_LBSPPB256_LPA0_LPB4_LDL1_LRVW2_LWPMn1_LDW0_FMA_MIAV1_MDA2_MO40_MMFSC_MKFGSU256_NTA0_NTB0_NTC0_NTD0_NEPBS4_NLCA5_NLCB1_ONLL1_OPLV0_PK0_PAP0_PGR2_PLR9_PKA0_SIA3_SLW1_SS1_SU0_SUM0_SUS0_SCIUI1_SPO0_SRVW0_SSO0_SVW1_SNLL0_TSGRA0_TSGRB0_TT5_16_TLDS1_UMLDSA0_UMLDSB1_U64SL1_USFGROn1_VAW1_VSn1_VW1_VWB1_VFLRP0_WSGRA0_WSGRB0_WS64_WG16_16_1_WGM1",25834,6448475865849156,6448475865883809,0,38912,256,1,1,3328,16,1
"KERNEL_DISPATCH",1,1,234821,766,203,"void rocsolver::v32802::unit_forward_substitution_kernel<double, int, double*>(int, int, double*, int, int, long, long, double*, int, int, long, long)",25842,6448475865893464,6448475865903159,0,512,16,64,1,16,512,1
"KERNEL_DISPATCH",1,1,234821,765,151,"void rocsolver::v32802::getf2_npvt_small_kernel<16, double, int, int, double*>(int, double*, long, int, long, int*, int, int)",25837,6448475865883809,6448475865893464,0,136,512,1,1,512,1,1
"KERNEL_DISPATCH",1,1,234821,767,859,"Cijk_Ailk_Bljk_DB_MT64x32x32_MI16x16x4x1_SN_1LDSB1_APM1_ABV0_ACED0_AF0EM2_AF1EM2_AMAS3_ASE_ASGT_ASLT_ASM_ASAE01_ASCE01_ASEM2_AAC0_BL1_BS1_CLR0_DTLA0_DTLB0_DTVA0_DTVB0_DVO0_ETSP_EPS1_ELFLR0_EMLL0_FSSC10_FL0_GLVWA2_GLVWB2_GRCGA1_GRCGB1_GRPM1_GRVW2_GSU1_GSUASB_GLS0_ISA942_IU1_K1_KLA_LBSPPA0_LBSPPB256_LPA0_LPB4_LDL1_LRVW2_LWPMn1_LDW0_FMA_MIAV1_MDA2_MO40_MMFSC_MKFGSU256_NTA0_NTB0_NTC3_NTD3_NEPBS0_NLCA1_NLCB1_ONLL1_OPLV0_PK0_PAP0_PGR2_PLR9_PKA0_SIA3_SLW1_SS1_SU0_SUM0_SUS0_SCIUI1_SPO1_SRVW0_SSO6_SVW2_SNLL0_TSGRA0_TSGRB0_TT2_16_TLDS1_UMLDSA0_UMLDSB1_U64SL1_USFGROn1_VAW1_VSn1_VW2_VWB1_VFLRP0_WSGRA0_WSGRB0_WS64_WG32_8_1_WGM6",25845,6448475865903159,6448475865907566,0,25600,256,1,1,2048,16,1
"KERNEL_DISPATCH",1,1,234821,769,203,"void rocsolver::v32802::unit_forward_substitution_kernel<double, int, double*>(int, int, double*, int, int, long, long, double*, int, int, long, long)",25853,6448475865920706,6448475865930000,0,512,16,64,1,16,512,1
"KERNEL_DISPATCH",1,1,234821,768,151,"void rocsolver::v32802::getf2_npvt_small_kernel<16, double, int, int, double*>(int, double*, long, int, long, int*, int, int)",25848,6448475865907566,6448475865920706,0,136,496,1,1,496,1,1
"KERNEL_DISPATCH",1,1,234821,770,859,"Cijk_Ailk_Bljk_DB_MT64x32x32_MI16x16x4x1_SN_1LDSB1_APM1_ABV0_ACED0_AF0EM2_AF1EM2_AMAS3_ASE_ASGT_ASLT_ASM_ASAE01_ASCE01_ASEM2_AAC0_BL1_BS1_CLR0_DTLA0_DTLB0_DTVA0_DTVB0_DVO0_ETSP_EPS1_ELFLR0_EMLL0_FSSC10_FL0_GLVWA2_GLVWB2_GRCGA1_GRCGB1_GRPM1_GRVW2_GSU1_GSUASB_GLS0_ISA942_IU1_K1_KLA_LBSPPA0_LBSPPB256_LPA0_LPB4_LDL1_LRVW2_LWPMn1_LDW0_FMA_MIAV1_MDA2_MO40_MMFSC_MKFGSU256_NTA0_NTB0_NTC3_NTD3_NEPBS0_NLCA1_NLCB1_ONLL1_OPLV0_PK0_PAP0_PGR2_PLR9_PKA0_SIA3_SLW1_SS1_SU0_SUM0_SUS0_SCIUI1_SPO1_SRVW0_SSO6_SVW2_SNLL0_TSGRA0_TSGRB0_TT2_16_TLDS1_UMLDSA0_UMLDSB1_U64SL1_USFGROn1_VAW1_VSn1_VW2_VWB1_VFLRP0_WSGRA0_WSGRB0_WS64_WG32_8_1_WGM6",25856,6448475865940256,6448475865944382,0,25600,256,1,1,2048,15,1
"KERNEL_DISPATCH",1,1,234821,771,151,"void rocsolver::v32802::getf2_npvt_small_kernel<16, double, int, int, double*>(int, double*, long, int, long, int*, int, int)",25859,6448475865957282,6448475865966897,0,136,480,1,1,480,1,1
"KERNEL_DISPATCH",1,1,234821,772,203,"void rocsolver::v32802::unit_forward_substitution_kernel<double, int, double*>(int, int, double*, int, int, long, long, double*, int, int, long, long)",25864,6448475865967046,6448475865975980,0,512,16,64,1,16,512,1
"KERNEL_DISPATCH",1,1,234821,773,859,"Cijk_Ailk_Bljk_DB_MT64x32x32_MI16x16x4x1_SN_1LDSB1_APM1_ABV0_ACED0_AF0EM2_AF1EM2_AMAS3_ASE_ASGT_ASLT_ASM_ASAE01_ASCE01_ASEM2_AAC0_BL1_BS1_CLR0_DTLA0_DTLB0_DTVA0_DTVB0_DVO0_ETSP_EPS1_ELFLR0_EMLL0_FSSC10_FL0_GLVWA2_GLVWB2_GRCGA1_GRCGB1_GRPM1_GRVW2_GSU1_GSUASB_GLS0_ISA942_IU1_K1_KLA_LBSPPA0_LBSPPB256_LPA0_LPB4_LDL1_LRVW2_LWPMn1_LDW0_FMA_MIAV1_MDA2_MO40_MMFSC_MKFGSU256_NTA0_NTB0_NTC3_NTD3_NEPBS0_NLCA1_NLCB1_ONLL1_OPLV0_PK0_PAP0_PGR2_PLR9_PKA0_SIA3_SLW1_SS1_SU0_SUM0_SUS0_SCIUI1_SPO1_SRVW0_SSO6_SVW2_SNLL0_TSGRA0_TSGRB0_TT2_16_TLDS1_UMLDSA0_UMLDSB1_U64SL1_USFGROn1_VAW1_VSn1_VW2_VWB1_VFLRP0_WSGRA0_WSGRB0_WS64_WG32_8_1_WGM6",25867,6448475865990613,6448475865994980,0,25600,256,1,1,2048,15,1
"KERNEL_DISPATCH",1,1,234821,774,151,"void rocsolver::v32802::getf2_npvt_small_kernel<16, double, int, int, double*>(int, double*, long, int, long, int*, int, int)",25870,6448475866001590,6448475866011205,0,136,464,1,1,464,1,1
"KERNEL_DISPATCH",1,1,234821,775,203,"void rocsolver::v32802::unit_forward_substitution_kernel<double, int, double*>(int, int, double*, int, int, long, long, double*, int, int, long, long)",25875,6448475866015251,6448475866024505,0,512,16,64,1,16,448,1
"KERNEL_DISPATCH",1,1,234821,776,859,"Cijk_Ailk_Bljk_DB_MT64x32x32_MI16x16x4x1_SN_1LDSB1_APM1_ABV0_ACED0_AF0EM2_AF1EM2_AMAS3_ASE_ASGT_ASLT_ASM_ASAE01_ASCE01_ASEM2_AAC0_BL1_BS1_CLR0_DTLA0_DTLB0_DTVA0_DTVB0_DVO0_ETSP_EPS1_ELFLR0_EMLL0_FSSC10_FL0_GLVWA2_GLVWB2_GRCGA1_GRCGB1_GRPM1_GRVW2_GSU1_GSUASB_GLS0_ISA942_IU1_K1_KLA_LBSPPA0_LBSPPB256_LPA0_LPB4_LDL1_LRVW2_LWPMn1_LDW0_FMA_MIAV1_MDA2_MO40_MMFSC_MKFGSU256_NTA0_NTB0_NTC3_NTD3_NEPBS0_NLCA1_NLCB1_ONLL1_OPLV0_PK0_PAP0_PGR2_PLR9_PKA0_SIA3_SLW1_SS1_SU0_SUM0_SUS0_SCIUI1_SPO1_SRVW0_SSO6_SVW2_SNLL0_TSGRA0_TSGRB0_TT2_16_TLDS1_UMLDSA0_UMLDSB1_U64SL1_USFGROn1_VAW1_VSn1_VW2_VWB1_VFLRP0_WSGRA0_WSGRB0_WS64_WG32_8_1_WGM6",25878,6448475866038206,6448475866042973,0,25600,256,1,1,1792,14,1
"KERNEL_DISPATCH",1,1,234821,777,151,"void rocsolver::v32802::getf2_npvt_small_kernel<16, double, int, int, double*>(int, double*, long, int, long, int*, int, int)",25881,6448475866052577,6448475866062152,0,136,448,1,1,448,1,1
"KERNEL_DISPATCH",1,1,234821,778,203,"void rocsolver::v32802::unit_forward_substitution_kernel<double, int, double*>(int, int, double*, int, int, long, long, double*, int, int, long, long)",25886,6448475866069614,6448475866079790,0,512,16,64,1,16,448,1
"KERNEL_DISPATCH",1,1,234821,779,859,"Cijk_Ailk_Bljk_DB_MT64x32x32_MI16x16x4x1_SN_1LDSB1_APM1_ABV0_ACED0_AF0EM2_AF1EM2_AMAS3_ASE_ASGT_ASLT_ASM_ASAE01_ASCE01_ASEM2_AAC0_BL1_BS1_CLR0_DTLA0_DTLB0_DTVA0_DTVB0_DVO0_ETSP_EPS1_ELFLR0_EMLL0_FSSC10_FL0_GLVWA2_GLVWB2_GRCGA1_GRCGB1_GRPM1_GRVW2_GSU1_GSUASB_GLS0_ISA942_IU1_K1_KLA_LBSPPA0_LBSPPB256_LPA0_LPB4_LDL1_LRVW2_LWPMn1_LDW0_FMA_MIAV1_MDA2_MO40_MMFSC_MKFGSU256_NTA0_NTB0_NTC3_NTD3_NEPBS0_NLCA1_NLCB1_ONLL1_OPLV0_PK0_PAP0_PGR2_PLR9_PKA0_SIA3_SLW1_SS1_SU0_SUM0_SUS0_SCIUI1_SPO1_SRVW0_SSO6_SVW2_SNLL0_TSGRA0_TSGRB0_TT2_16_TLDS1_UMLDSA0_UMLDSB1_U64SL1_USFGROn1_VAW1_VSn1_VW2_VWB1_VFLRP0_WSGRA0_WSGRB0_WS64_WG32_8_1_WGM6",25889,6448475866091688,6448475866096175,0,25600,256,1,1,1792,14,1
"KERNEL_DISPATCH",1,1,234821,780,151,"void rocsolver::v32802::getf2_npvt_small_kernel<16, double, int, int, double*>(int, double*, long, int, long, int*, int, int)",25892,6448475866113241,6448475866122776,0,136,432,1,1,432,1,1
"KERNEL_DISPATCH",1,1,234821,781,203,"void rocsolver::v32802::unit_forward_substitution_kernel<double, int, double*>(int, int, double*, int, int, long, long, double*, int, int, long, long)",25897,6448475866128504,6448475866138400,0,512,16,64,1,16,448,1
"KERNEL_DISPATCH",1,1,234821,782,859,"Cijk_Ailk_Bljk_DB_MT64x32x32_MI16x16x4x1_SN_1LDSB1_APM1_ABV0_ACED0_AF0EM2_AF1EM2_AMAS3_ASE_ASGT_ASLT_ASM_ASAE01_ASCE01_ASEM2_AAC0_BL1_BS1_CLR0_DTLA0_DTLB0_DTVA0_DTVB0_DVO0_ETSP_EPS1_ELFLR0_EMLL0_FSSC10_FL0_GLVWA2_GLVWB2_GRCGA1_GRCGB1_GRPM1_GRVW2_GSU1_GSUASB_GLS0_ISA942_IU1_K1_KLA_LBSPPA0_LBSPPB256_LPA0_LPB4_LDL1_LRVW2_LWPMn1_LDW0_FMA_MIAV1_MDA2_MO40_MMFSC_MKFGSU256_NTA0_NTB0_NTC3_NTD3_NEPBS0_NLCA1_NLCB1_ONLL1_OPLV0_PK0_PAP0_PGR2_PLR9_PKA0_SIA3_SLW1_SS1_SU0_SUM0_SUS0_SCIUI1_SPO1_SRVW0_SSO6_SVW2_SNLL0_TSGRA0_TSGRB0_TT2_16_TLDS1_UMLDSA0_UMLDSB1_U64SL1_USFGROn1_VAW1_VSn1_VW2_VWB1_VFLRP0_WSGRA0_WSGRB0_WS64_WG32_8_1_WGM6",25900,6448475866151860,6448475866157188,0,25600,256,1,1,1792,13,1
"KERNEL_DISPATCH",1,1,234821,783,151,"void rocsolver::v32802::getf2_npvt_small_kernel<16, double, int, int, double*>(int, double*, long, int, long, int*, int, int)",25903,6448475866167204,6448475866177099,0,136,416,1,1,416,1,1
"KERNEL_DISPATCH",1,1,234821,784,203,"void rocsolver::v32802::unit_forward_substitution_kernel<double, int, double*>(int, int, double*, int, int, long, long, double*, int, int, long, long)",25908,6448475866179963,6448475866189818,0,512,16,64,1,16,448,1
"KERNEL_DISPATCH",1,1,234821,785,859,"Cijk_Ailk_Bljk_DB_MT64x32x32_MI16x16x4x1_SN_1LDSB1_APM1_ABV0_ACED0_AF0EM2_AF1EM2_AMAS3_ASE_ASGT_ASLT_ASM_ASAE01_ASCE01_ASEM2_AAC0_BL1_BS1_CLR0_DTLA0_DTLB0_DTVA0_DTVB0_DVO0_ETSP_EPS1_ELFLR0_EMLL0_FSSC10_FL0_GLVWA2_GLVWB2_GRCGA1_GRCGB1_GRPM1_GRVW2_GSU1_GSUASB_GLS0_ISA942_IU1_K1_KLA_LBSPPA0_LBSPPB256_LPA0_LPB4_LDL1_LRVW2_LWPMn1_LDW0_FMA_MIAV1_MDA2_MO40_MMFSC_MKFGSU256_NTA0_NTB0_NTC3_NTD3_NEPBS0_NLCA1_NLCB1_ONLL1_OPLV0_PK0_PAP0_PGR2_PLR9_PKA0_SIA3_SLW1_SS1_SU0_SUM0_SUS0_SCIUI1_SPO1_SRVW0_SSO6_SVW2_SNLL0_TSGRA0_TSGRB0_TT2_16_TLDS1_UMLDSA0_UMLDSB1_U64SL1_USFGROn1_VAW1_VSn1_VW2_VWB1_VFLRP0_WSGRA0_WSGRB0_WS64_WG32_8_1_WGM6",25911,6448475866203379,6448475866207906,0,25600,256,1,1,1792,13,1
"KERNEL_DISPATCH",1,1,234821,786,151,"void rocsolver::v32802::getf2_npvt_small_kernel<16, double, int, int, double*>(int, double*, long, int, long, int*, int, int)",25914,6448475866215358,6448475866225333,0,136,400,1,1,400,1,1
"KERNEL_DISPATCH",1,1,234821,788,859,"Cijk_Ailk_Bljk_DB_MT64x32x32_MI16x16x4x1_SN_1LDSB1_APM1_ABV0_ACED0_AF0EM2_AF1EM2_AMAS3_ASE_ASGT_ASLT_ASM_ASAE01_ASCE01_ASEM2_AAC0_BL1_BS1_CLR0_DTLA0_DTLB0_DTVA0_DTVB0_DVO0_ETSP_EPS1_ELFLR0_EMLL0_FSSC10_FL0_GLVWA2_GLVWB2_GRCGA1_GRCGB1_GRPM1_GRVW2_GSU1_GSUASB_GLS0_ISA942_IU1_K1_KLA_LBSPPA0_LBSPPB256_LPA0_LPB4_LDL1_LRVW2_LWPMn1_LDW0_FMA_MIAV1_MDA2_MO40_MMFSC_MKFGSU256_NTA0_NTB0_NTC3_NTD3_NEPBS0_NLCA1_NLCB1_ONLL1_OPLV0_PK0_PAP0_PGR2_PLR9_PKA0_SIA3_SLW1_SS1_SU0_SUM0_SUS0_SCIUI1_SPO1_SRVW0_SSO6_SVW2_SNLL0_TSGRA0_TSGRB0_TT2_16_TLDS1_UMLDSA0_UMLDSB1_U64SL1_USFGROn1_VAW1_VSn1_VW2_VWB1_VFLRP0_WSGRA0_WSGRB0_WS64_WG32_8_1_WGM6",25922,6448475866242880,6448475866247247,0,25600,256,1,1,1536,12,1
"KERNEL_DISPATCH",1,1,234821,787,203,"void rocsolver::v32802::unit_forward_substitution_kernel<double, int, double*>(int, int, double*, int, int, long, long, double*, int, int, long, long)",25919,6448475866225333,6448475866234707,0,512,16,64,1,16,384,1
"KERNEL_DISPATCH",1,1,234821,789,151,"void rocsolver::v32802::getf2_npvt_small_kernel<16, double, int, int, double*>(int, double*, long, int, long, int*, int, int)",25925,6448475866261949,6448475866271484,0,136,384,1,1,384,1,1
"KERNEL_DISPATCH",1,1,234821,790,203,"void rocsolver::v32802::unit_forward_substitution_kernel<double, int, double*>(int, int, double*, int, int, long, long, double*, int, int, long, long)",25930,6448475866275589,6448475866285324,0,512,16,64,1,16,384,1
"KERNEL_DISPATCH",1,1,234821,791,629,"Cijk_Ailk_Bljk_DB_MT128x64x16_MI16x16x4x1_SN_1LDSB1_APM1_ABV0_ACED0_AF0EM2_AF1EM2_AMAS3_ASE_ASGT_ASLT_ASM_ASAE01_ASCE01_ASEM2_AAC0_BL1_BS1_CLR0_DTLA0_DTLB0_DTVA1_DTVB0_DVO0_ETSP_EPS1_ELFLR0_EMLL0_FSSC10_FL0_GLVWA2_GLVWB2_GRCGA1_GRCGB1_GRPM1_GRVW2_GSU1_GSUASB_GLS0_ISA942_IU1_K1_KLA_LBSPPA0_LBSPPB0_LPA0_LPB2_LDL1_LRVW1_LWPMn1_LDW0_FMA_MIAV1_MDA2_MO40_MMFSC_MKFGSU256_NTA0_NTB0_NTC3_NTD3_NEPBS4_NLCA1_NLCB1_ONLL1_OPLV0_PK0_PAP0_PGR2_PLR1_PKA0_SIA3_SLW1_SS1_SU0_SUM0_SUS0_SCIUI1_SPO1_SRVW0_SSO6_SVW2_SNLL0_TSGRA0_TSGRB0_TT2_64_TLDS0_UMLDSA0_UMLDSB0_U64SL1_USFGROn1_VAW1_VSn1_VW2_VWB1_VFLRP0_WSGRA0_WSGRB0_WS64_WG64_4_1_WGM12",25933,6448475866302350,6448475866310683,0,8448,256,1,1,768,6,1
"KERNEL_DISPATCH",1,1,234821,792,151,"void rocsolver::v32802::getf2_npvt_small_kernel<16, double, int, int, double*>(int, double*, long, int, long, int*, int, int)",25936,6448475866312627,6448475866322682,0,136,368,1,1,368,1,1
"KERNEL_DISPATCH",1,1,234821,793,203,"void rocsolver::v32802::unit_forward_substitution_kernel<double, int, double*>(int, int, double*, int, int, long, long, double*, int, int, long, long)",25941,6448475866322682,6448475866332217,0,512,16,64,1,16,384,1
"KERNEL_DISPATCH",1,1,234821,794,629,"Cijk_Ailk_Bljk_DB_MT128x64x16_MI16x16x4x1_SN_1LDSB1_APM1_ABV0_ACED0_AF0EM2_AF1EM2_AMAS3_ASE_ASGT_ASLT_ASM_ASAE01_ASCE01_ASEM2_AAC0_BL1_BS1_CLR0_DTLA0_DTLB0_DTVA1_DTVB0_DVO0_ETSP_EPS1_ELFLR0_EMLL0_FSSC10_FL0_GLVWA2_GLVWB2_GRCGA1_GRCGB1_GRPM1_GRVW2_GSU1_GSUASB_GLS0_ISA942_IU1_K1_KLA_LBSPPA0_LBSPPB0_LPA0_LPB2_LDL1_LRVW1_LWPMn1_LDW0_FMA_MIAV1_MDA2_MO40_MMFSC_MKFGSU256_NTA0_NTB0_NTC3_NTD3_NEPBS4_NLCA1_NLCB1_ONLL1_OPLV0_PK0_PAP0_PGR2_PLR1_PKA0_SIA3_SLW1_SS1_SU0_SUM0_SUS0_SCIUI1_SPO1_SRVW0_SSO6_SVW2_SNLL0_TSGRA0_TSGRB0_TT2_64_TLDS0_UMLDSA0_UMLDSB0_U64SL1_USFGROn1_VAW1_VSn1_VW2_VWB1_VFLRP0_WSGRA0_WSGRB0_WS64_WG64_4_1_WGM12",25944,6448475866343194,6448475866352288,0,8448,256,1,1,768,6,1
"KERNEL_DISPATCH",1,1,234821,795,151,"void rocsolver::v32802::getf2_npvt_small_kernel<16, double, int, int, double*>(int, double*, long, int, long, int*, int, int)",25947,6448475866354371,6448475866362543,0,136,352,1,1,352,1,1
"KERNEL_DISPATCH",1,1,234821,796,203,"void rocsolver::v32802::unit_forward_substitution_kernel<double, int, double*>(int, int, double*, int, int, long, long, double*, int, int, long, long)",25952,6448475866364306,6448475866374041,0,512,16,64,1,16,384,1
"KERNEL_DISPATCH",1,1,234821,797,629,"Cijk_Ailk_Bljk_DB_MT128x64x16_MI16x16x4x1_SN_1LDSB1_APM1_ABV0_ACED0_AF0EM2_AF1EM2_AMAS3_ASE_ASGT_ASLT_ASM_ASAE01_ASCE01_ASEM2_AAC0_BL1_BS1_CLR0_DTLA0_DTLB0_DTVA1_DTVB0_DVO0_ETSP_EPS1_ELFLR0_EMLL0_FSSC10_FL0_GLVWA2_GLVWB2_GRCGA1_GRCGB1_GRPM1_GRVW2_GSU1_GSUASB_GLS0_ISA942_IU1_K1_KLA_LBSPPA0_LBSPPB0_LPA0_LPB2_LDL1_LRVW1_LWPMn1_LDW0_FMA_MIAV1_MDA2_MO40_MMFSC_MKFGSU256_NTA0_NTB0_NTC3_NTD3_NEPBS4_NLCA1_NLCB1_ONLL1_OPLV0_PK0_PAP0_PGR2_PLR1_PKA0_SIA3_SLW1_SS1_SU0_SUM0_SUS0_SCIUI1_SPO1_SRVW0_SSO6_SVW2_SNLL0_TSGRA0_TSGRB0_TT2_64_TLDS0_UMLDSA0_UMLDSB0_U64SL1_USFGROn1_VAW1_VSn1_VW2_VWB1_VFLRP0_WSGRA0_WSGRB0_WS64_WG64_4_1_WGM12",25955,6448475866383204,6448475866389734,0,8448,256,1,1,768,6,1
"KERNEL_DISPATCH",1,1,234821,798,151,"void rocsolver::v32802::getf2_npvt_small_kernel<16, double, int, int, double*>(int, double*, long, int, long, int*, int, int)",25958,6448475866395314,6448475866404407,0,136,336,1,1,336,1,1
"KERNEL_DISPATCH",1,1,234821,799,203,"void rocsolver::v32802::unit_forward_substitution_kernel<double, int, double*>(int, int, double*, int, int, long, long, double*, int, int, long, long)",25963,6448475866407401,6448475866417857,0,512,16,64,1,16,320,1
"KERNEL_DISPATCH",1,1,234821,800,629,"Cijk_Ailk_Bljk_DB_MT128x64x16_MI16x16x4x1_SN_1LDSB1_APM1_ABV0_ACED0_AF0EM2_AF1EM2_AMAS3_ASE_ASGT_ASLT_ASM_ASAE01_ASCE01_ASEM2_AAC0_BL1_BS1_CLR0_DTLA0_DTLB0_DTVA1_DTVB0_DVO0_ETSP_EPS1_ELFLR0_EMLL0_FSSC10_FL0_GLVWA2_GLVWB2_GRCGA1_GRCGB1_GRPM1_GRVW2_GSU1_GSUASB_GLS0_ISA942_IU1_K1_KLA_LBSPPA0_LBSPPB0_LPA0_LPB2_LDL1_LRVW1_LWPMn1_LDW0_FMA_MIAV1_MDA2_MO40_MMFSC_MKFGSU256_NTA0_NTB0_NTC3_NTD3_NEPBS4_NLCA1_NLCB1_ONLL1_OPLV0_PK0_PAP0_PGR2_PLR1_PKA0_SIA3_SLW1_SS1_SU0_SUM0_SUS0_SCIUI1_SPO1_SRVW0_SSO6_SVW2_SNLL0_TSGRA0_TSGRB0_TT2_64_TLDS0_UMLDSA0_UMLDSB0_U64SL1_USFGROn1_VAW1_VSn1_VW2_VWB1_VFLRP0_WSGRA0_WSGRB0_WS64_WG64_4_1_WGM12",25966,6448475866428084,6448475866435135,0,8448,256,1,1,768,5,1
"KERNEL_DISPATCH",1,1,234821,801,151,"void rocsolver::v32802::getf2_npvt_small_kernel<16, double, int, int, double*>(int, double*, long, int, long, int*, int, int)",25969,6448475866439101,6448475866448114,0,136,320,1,1,320,1,1
"KERNEL_DISPATCH",1,1,234821,802,203,"void rocsolver::v32802::unit_forward_substitution_kernel<double, int, double*>(int, int, double*, int, int, long, long, double*, int, int, long, long)",25974,6448475866448114,6448475866456928,0,512,16,64,1,16,320,1
"KERNEL_DISPATCH",1,1,234821,803,629,"Cijk_Ailk_Bljk_DB_MT128x64x16_MI16x16x4x1_SN_1LDSB1_APM1_ABV0_ACED0_AF0EM2_AF1EM2_AMAS3_ASE_ASGT_ASLT_ASM_ASAE01_ASCE01_ASEM2_AAC0_BL1_BS1_CLR0_DTLA0_DTLB0_DTVA1_DTVB0_DVO0_ETSP_EPS1_ELFLR0_EMLL0_FSSC10_FL0_GLVWA2_GLVWB2_GRCGA1_GRCGB1_GRPM1_GRVW2_GSU1_GSUASB_GLS0_ISA942_IU1_K1_KLA_LBSPPA0_LBSPPB0_LPA0_LPB2_LDL1_LRVW1_LWPMn1_LDW0_FMA_MIAV1_MDA2_MO40_MMFSC_MKFGSU256_NTA0_NTB0_NTC3_NTD3_NEPBS4_NLCA1_NLCB1_ONLL1_OPLV0_PK0_PAP0_PGR2_PLR1_PKA0_SIA3_SLW1_SS1_SU0_SUM0_SUS0_SCIUI1_SPO1_SRVW0_SSO6_SVW2_SNLL0_TSGRA0_TSGRB0_TT2_64_TLDS0_UMLDSA0_UMLDSB0_U64SL1_USFGROn1_VAW1_VSn1_VW2_VWB1_VFLRP0_WSGRA0_WSGRB0_WS64_WG64_4_1_WGM12",25977,6448475866472632,6448475866479763,0,8448,256,1,1,768,5,1
"KERNEL_DISPATCH",1,1,234821,804,151,"void rocsolver::v32802::getf2_npvt_small_kernel<16, double, int, int, double*>(int, double*, long, int, long, int*, int, int)",25980,6448475866487735,6448475866496228,0,136,304,1,1,304,1,1
"KERNEL_DISPATCH",1,1,234821,805,203,"void rocsolver::v32802::unit_forward_substitution_kernel<double, int, double*>(int, int, double*, int, int, long, long, double*, int, int, long, long)",25985,6448475866504882,6448475866514657,0,512,16,64,1,16,320,1
"KERNEL_DISPATCH",1,1,234821,806,629,"Cijk_Ailk_Bljk_DB_MT128x64x16_MI16x16x4x1_SN_1LDSB1_APM1_ABV0_ACED0_AF0EM2_AF1EM2_AMAS3_ASE_ASGT_ASLT_ASM_ASAE01_ASCE01_ASEM2_AAC0_BL1_BS1_CLR0_DTLA0_DTLB0_DTVA1_DTVB0_DVO0_ETSP_EPS1_ELFLR0_EMLL0_FSSC10_FL0_GLVWA2_GLVWB2_GRCGA1_GRCGB1_GRPM1_GRVW2_GSU1_GSUASB_GLS0_ISA942_IU1_K1_KLA_LBSPPA0_LBSPPB0_LPA0_LPB2_LDL1_LRVW1_LWPMn1_LDW0_FMA_MIAV1_MDA2_MO40_MMFSC_MKFGSU256_NTA0_NTB0_NTC3_NTD3_NEPBS4_NLCA1_NLCB1_ONLL1_OPLV0_PK0_PAP0_PGR2_PLR1_PKA0_SIA3_SLW1_SS1_SU0_SUM0_SUS0_SCIUI1_SPO1_SRVW0_SSO6_SVW2_SNLL0_TSGRA0_TSGRB0_TT2_64_TLDS0_UMLDSA0_UMLDSB0_U64SL1_USFGROn1_VAW1_VSn1_VW2_VWB1_VFLRP0_WSGRA0_WSGRB0_WS64_WG64_4_1_WGM12",25988,6448475866525713,6448475866532123,0,8448,256,1,1,768,5,1
"KERNEL_DISPATCH",1,1,234821,807,151,"void rocsolver::v32802::getf2_npvt_small_kernel<16, double, int, int, double*>(int, double*, long, int, long, int*, int, int)",25991,6448475866535368,6448475866544142,0,136,288,1,1,288,1,1
"KERNEL_DISPATCH",1,1,234821,808,203,"void rocsolver::v32802::unit_forward_substitution_kernel<double, int, double*>(int, int, double*, int, int, long, long, double*, int, int, long, long)",25996,6448475866549168,6448475866558583,0,512,16,64,1,16,320,1
"KERNEL_DISPATCH",1,1,234821,809,753,"Cijk_Ailk_Bljk_DB_MT64x64x16_MI16x16x4x1_SN_1LDSB1_APM1_ABV0_ACED0_AF0EM2_AF1EM2_AMAS3_ASE_ASGT_ASLT_ASM_ASAE01_ASCE01_ASEM2_AAC0_BL1_BS1_CLR0_DTLA0_DTLB0_DTVA0_DTVB0_DVO0_ETSP_EPS1_ELFLR0_EMLL0_FSSC10_FL0_GLVWA2_GLVWB2_GRCGA1_GRCGB1_GRPM1_GRVW2_GSU1_GSUASB_GLS0_ISA942_IU1_K1_KLA_LBSPPA0_LBSPPB128_LPA0_LPB2_LDL1_LRVW1_LWPMn1_LDW0_FMA_MIAV1_MDA2_MO40_MMFSC_MKFGSU256_NTA0_NTB0_NTC3_NTD3_NEPBS4_NLCA1_NLCB1_ONLL1_OPLV0_PK0_PAP0_PGR2_PLR5_PKA0_SIA3_SLW1_SS1_SU0_SUM0_SUS0_SCIUI1_SPO1_SRVW0_SSO6_SVW2_SNLL0_TSGRA0_TSGRB0_TT2_32_TLDS1_UMLDSA0_UMLDSB1_U64SL1_USFGROn1_VAW1_VSn1_VW2_VWB1_VFLRP0_WSGRA0_WSGRB0_WS64_WG32_8_1_WGM6",25999,6448475866572665,6448475866578434,0,17408,256,1,1,1280,5,1
"KERNEL_DISPATCH",1,1,234821,810,151,"void rocsolver::v32802::getf2_npvt_small_kernel<16, double, int, int, double*>(int, double*, long, int, long, int*, int, int)",26002,6448475866584724,6448475866593257,0,136,272,1,1,272,1,1
"KERNEL_DISPATCH",1,1,234821,811,203,"void rocsolver::v32802::unit_forward_substitution_kernel<double, int, double*>(int, int, double*, int, int, long, long, double*, int, int, long, long)",26007,6448475866595300,6448475866603032,0,512,16,64,1,16,256,1
"KERNEL_DISPATCH",1,1,234821,812,753,"Cijk_Ailk_Bljk_DB_MT64x64x16_MI16x16x4x1_SN_1LDSB1_APM1_ABV0_ACED0_AF0EM2_AF1EM2_AMAS3_ASE_ASGT_ASLT_ASM_ASAE01_ASCE01_ASEM2_AAC0_BL1_BS1_CLR0_DTLA0_DTLB0_DTVA0_DTVB0_DVO0_ETSP_EPS1_ELFLR0_EMLL0_FSSC10_FL0_GLVWA2_GLVWB2_GRCGA1_GRCGB1_GRPM1_GRVW2_GSU1_GSUASB_GLS0_ISA942_IU1_K1_KLA_LBSPPA0_LBSPPB128_LPA0_LPB2_LDL1_LRVW1_LWPMn1_LDW0_FMA_MIAV1_MDA2_MO40_MMFSC_MKFGSU256_NTA0_NTB0_NTC3_NTD3_NEPBS4_NLCA1_NLCB1_ONLL1_OPLV0_PK0_PAP0_PGR2_PLR5_PKA0_SIA3_SLW1_SS1_SU0_SUM0_SUS0_SCIUI1_SPO1_SRVW0_SSO6_SVW2_SNLL0_TSGRA0_TSGRB0_TT2_32_TLDS1_UMLDSA0_UMLDSB1_U64SL1_USFGROn1_VAW1_VSn1_VW2_VWB1_VFLRP0_WSGRA0_WSGRB0_WS64_WG32_8_1_WGM6",26010,6448475866619017,6448475866624745,0,17408,256,1,1,1024,4,1
"KERNEL_DISPATCH",1,1,234821,813,151,"void rocsolver::v32802::getf2_npvt_small_kernel<16, double, int, int, double*>(int, double*, long, int, long, int*, int, int)",26013,6448475866631716,6448475866639648,0,136,256,1,1,256,1,1
"KERNEL_DISPATCH",1,1,234821,814,203,"void rocsolver::v32802::unit_forward_substitution_kernel<double, int, double*>(int, int, double*, int, int, long, long, double*, int, int, long, long)",26018,6448475866641411,6448475866650385,0,512,16,64,1,16,256,1
"KERNEL_DISPATCH",1,1,234821,815,753,"Cijk_Ailk_Bljk_DB_MT64x64x16_MI16x16x4x1_SN_1LDSB1_APM1_ABV0_ACED0_AF0EM2_AF1EM2_AMAS3_ASE_ASGT_ASLT_ASM_ASAE01_ASCE01_ASEM2_AAC0_BL1_BS1_CLR0_DTLA0_DTLB0_DTVA0_DTVB0_DVO0_ETSP_EPS1_ELFLR0_EMLL0_FSSC10_FL0_GLVWA2_GLVWB2_GRCGA1_GRCGB1_GRPM1_GRVW2_GSU1_GSUASB_GLS0_ISA942_IU1_K1_KLA_LBSPPA0_LBSPPB128_LPA0_LPB2_LDL1_LRVW1_LWPMn1_LDW0_FMA_MIAV1_MDA2_MO40_MMFSC_MKFGSU256_NTA0_NTB0_NTC3_NTD3_NEPBS4_NLCA1_NLCB1_ONLL1_OPLV0_PK0_PAP0_PGR2_PLR5_PKA0_SIA3_SLW1_SS1_SU0_SUM0_SUS0_SCIUI1_SPO1_SRVW0_SSO6_SVW2_SNLL0_TSGRA0_TSGRB0_TT2_32_TLDS1_UMLDSA0_UMLDSB1_U64SL1_USFGROn1_VAW1_VSn1_VW2_VWB1_VFLRP0_WSGRA0_WSGRB0_WS64_WG32_8_1_WGM6",26021,6448475866663685,6448475866669093,0,17408,256,1,1,1024,4,1
"KERNEL_DISPATCH",1,1,234821,816,151,"void rocsolver::v32802::getf2_npvt_small_kernel<16, double, int, int, double*>(int, double*, long, int, long, int*, int, int)",26024,6448475866675663,6448475866683355,0,136,240,1,1,240,1,1
"KERNEL_DISPATCH",1,1,234821,817,203,"void rocsolver::v32802::unit_forward_substitution_kernel<double, int, double*>(int, int, double*, int, int, long, long, double*, int, int, long, long)",26029,6448475866690967,6448475866700141,0,512,16,64,1,16,256,1
"KERNEL_DISPATCH",1,1,234821,818,753,"Cijk_Ailk_Bljk_DB_MT64x64x16_MI16x16x4x1_SN_1LDSB1_APM1_ABV0_ACED0_AF0EM2_AF1EM2_AMAS3_ASE_ASGT_ASLT_ASM_ASAE01_ASCE01_ASEM2_AAC0_BL1_BS1_CLR0_DTLA0_DTLB0_DTVA0_DTVB0_DVO0_ETSP_EPS1_ELFLR0_EMLL0_FSSC10_FL0_GLVWA2_GLVWB2_GRCGA1_GRCGB1_GRPM1_GRVW2_GSU1_GSUASB_GLS0_ISA942_IU1_K1_KLA_LBSPPA0_LBSPPB128_LPA0_LPB2_LDL1_LRVW1_LWPMn1_LDW0_FMA_MIAV1_MDA2_MO40_MMFSC_MKFGSU256_NTA0_NTB0_NTC3_NTD3_NEPBS4_NLCA1_NLCB1_ONLL1_OPLV0_PK0_PAP0_PGR2_PLR5_PKA0_SIA3_SLW1_SS1_SU0_SUM0_SUS0_SCIUI1_SPO1_SRVW0_SSO6_SVW2_SNLL0_TSGRA0_TSGRB0_TT2_32_TLDS1_UMLDSA0_UMLDSB1_U64SL1_USFGROn1_VAW1_VSn1_VW2_VWB1_VFLRP0_WSGRA0_WSGRB0_WS64_WG32_8_1_WGM6",26032,6448475866717568,6448475866723016,0,17408,256,1,1,1024,4,1
"KERNEL_DISPATCH",1,1,234821,819,151,"void rocsolver::v32802::getf2_npvt_small_kernel<16, double, int, int, double*>(int, double*, long, int, long, int*, int, int)",26035,6448475866726841,6448475866736055,0,136,224,1,1,224,1,1
"KERNEL_DISPATCH",1,1,234821,820,203,"void rocsolver::v32802::unit_forward_substitution_kernel<double, int, double*>(int, int, double*, int, int, long, long, double*, int, int, long, long)",26040,6448475866736236,6448475866745170,0,512,16,64,1,16,256,1
"KERNEL_DISPATCH",1,1,234821,821,753,"Cijk_Ailk_Bljk_DB_MT64x64x16_MI16x16x4x1_SN_1LDSB1_APM1_ABV0_ACED0_AF0EM2_AF1EM2_AMAS3_ASE_ASGT_ASLT_ASM_ASAE01_ASCE01_ASEM2_AAC0_BL1_BS1_CLR0_DTLA0_DTLB0_DTVA0_DTVB0_DVO0_ETSP_EPS1_ELFLR0_EMLL0_FSSC10_FL0_GLVWA2_GLVWB2_GRCGA1_GRCGB1_GRPM1_GRVW2_GSU1_GSUASB_GLS0_ISA942_IU1_K1_KLA_LBSPPA0_LBSPPB128_LPA0_LPB2_LDL1_LRVW1_LWPMn1_LDW0_FMA_MIAV1_MDA2_MO40_MMFSC_MKFGSU256_NTA0_NTB0_NTC3_NTD3_NEPBS4_NLCA1_NLCB1_ONLL1_OPLV0_PK0_PAP0_PGR2_PLR5_PKA0_SIA3_SLW1_SS1_SU0_SUM0_SUS0_SCIUI1_SPO1_SRVW0_SSO6_SVW2_SNLL0_TSGRA0_TSGRB0_TT2_32_TLDS1_UMLDSA0_UMLDSB1_U64SL1_USFGROn1_VAW1_VSn1_VW2_VWB1_VFLRP0_WSGRA0_WSGRB0_WS64_WG32_8_1_WGM6",26043,6448475866759832,6448475866764640,0,17408,256,1,1,1024,4,1
"KERNEL_DISPATCH",1,1,234821,822,151,"void rocsolver::v32802::getf2_npvt_small_kernel<16, double, int, int, double*>(int, double*, long, int, long, int*, int, int)",26046,6448475866770329,6448475866778341,0,136,208,1,1,208,1,1
"KERNEL_DISPATCH",1,1,234821,823,203,"void rocsolver::v32802::unit_forward_substitution_kernel<double, int, double*>(int, int, double*, int, int, long, long, double*, int, int, long, long)",26051,6448475866780704,6448475866790279,0,512,16,64,1,16,192,1
"KERNEL_DISPATCH",1,1,234821,824,753,"Cijk_Ailk_Bljk_DB_MT64x64x16_MI16x16x4x1_SN_1LDSB1_APM1_ABV0_ACED0_AF0EM2_AF1EM2_AMAS3_ASE_ASGT_ASLT_ASM_ASAE01_ASCE01_ASEM2_AAC0_BL1_BS1_CLR0_DTLA0_DTLB0_DTVA0_DTVB0_DVO0_ETSP_EPS1_ELFLR0_EMLL0_FSSC10_FL0_GLVWA2_GLVWB2_GRCGA1_GRCGB1_GRPM1_GRVW2_GSU1_GSUASB_GLS0_ISA942_IU1_K1_KLA_LBSPPA0_LBSPPB128_LPA0_LPB2_LDL1_LRVW1_LWPMn1_LDW0_FMA_MIAV1_MDA2_MO40_MMFSC_MKFGSU256_NTA0_NTB0_NTC3_NTD3_NEPBS4_NLCA1_NLCB1_ONLL1_OPLV0_PK0_PAP0_PGR2_PLR5_PKA0_SIA3_SLW1_SS1_SU0_SUM0_SUS0_SCIUI1_SPO1_SRVW0_SSO6_SVW2_SNLL0_TSGRA0_TSGRB0_TT2_32_TLDS1_UMLDSA0_UMLDSB1_U64SL1_USFGROn1_VAW1_VSn1_VW2_VWB1_VFLRP0_WSGRA0_WSGRB0_WS64_WG32_8_1_WGM6",26054,6448475866800724,6448475866805412,0,17408,256,1,1,768,3,1
"KERNEL_DISPATCH",1,1,234821,825,151,"void rocsolver::v32802::getf2_npvt_small_kernel<16, double, int, int, double*>(int, double*, long, int, long, int*, int, int)",26057,6448475866810960,6448475866818932,0,136,192,1,1,192,1,1
"KERNEL_DISPATCH",1,1,234821,826,203,"void rocsolver::v32802::unit_forward_substitution_kernel<double, int, double*>(int, int, double*, int, int, long, long, double*, int, int, long, long)",26062,6448475866827216,6448475866837071,0,512,16,64,1,16,192,1
"KERNEL_DISPATCH",1,1,234821,827,1057,"Cijk_Ailk_Bljk_DB_MT128x64x16_MI16x16x4x1_SN_1LDSB1_APM1_ABV0_ACED0_AF0EM2_AF1EM2_AMAS3_ASE_ASGT_ASLT_ASM_ASAE01_ASCE01_ASEM2_AAC0_BL1_BS1_CLR0_DTLA0_DTLB0_DTVA1_DTVB0_DVO0_ETSP_EPS1_ELFLR0_EMLL0_FSSC10_FL0_GLVWA2_GLVWB2_GRCGA1_GRCGB1_GRPM1_GRVW2_GSU1_GSUASB_GLS0_ISA942_IU1_K1_KLA_LBSPPA0_LBSPPB0_LPA0_LPB2_LDL1_LRVW1_LWPMn1_LDW0_FMA_MIAV1_MDA2_MO40_MMFSC_MKFGSU256_NTA0_NTB0_NTC3_NTD3_NEPBS4_NLCA1_NLCB1_ONLL1_OPLV0_PK0_PAP0_PGR2_PLR5_PKA0_SIA3_SLW1_SS1_SU0_SUM0_SUS0_SCIUI1_SPO1_SRVW0_SSO6_SVW2_SNLL0_TSGRA0_TSGRB0_TT2_64_TLDS0_UMLDSA0_UMLDSB0_U64SL1_USFGROn1_VAW1_VSn1_VW2_VWB1_VFLRP0_WSGRA0_WSGRB0_WS64_WG64_4_1_WGM6",26065,6448475866846005,6448475866856380,0,8448,256,1,1,512,3,1
"KERNEL_DISPATCH",1,1,234821,828,151,"void rocsolver::v32802::getf2_npvt_small_kernel<16, double, int, int, double*>(int, double*, long, int, long, int*, int, int)",26068,6448475866856380,6448475866863952,0,136,176,1,1,176,1,1
"KERNEL_DISPATCH",1,1,234821,829,203,"void rocsolver::v32802::unit_forward_substitution_kernel<double, int, double*>(int, int, double*, int, int, long, long, double*, int, int, long, long)",26073,6448475866866075,6448475866875890,0,512,16,64,1,16,192,1
"KERNEL_DISPATCH",1,1,234821,831,151,"void rocsolver::v32802::getf2_npvt_small_kernel<16, double, int, int, double*>(int, double*, long, int, long, int*, int, int)",26079,6448475866896242,6448475866904294,0,136,160,1,1,160,1,1
"KERNEL_DISPATCH",1,1,234821,830,1057,"Cijk_Ailk_Bljk_DB_MT128x64x16_MI16x16x4x1_SN_1LDSB1_APM1_ABV0_ACED0_AF0EM2_AF1EM2_AMAS3_ASE_ASGT_ASLT_ASM_ASAE01_ASCE01_ASEM2_AAC0_BL1_BS1_CLR0_DTLA0_DTLB0_DTVA1_DTVB0_DVO0_ETSP_EPS1_ELFLR0_EMLL0_FSSC10_FL0_GLVWA2_GLVWB2_GRCGA1_GRCGB1_GRPM1_GRVW2_GSU1_GSUASB_GLS0_ISA942_IU1_K1_KLA_LBSPPA0_LBSPPB0_LPA0_LPB2_LDL1_LRVW1_LWPMn1_LDW0_FMA_MIAV1_MDA2_MO40_MMFSC_MKFGSU256_NTA0_NTB0_NTC3_NTD3_NEPBS4_NLCA1_NLCB1_ONLL1_OPLV0_PK0_PAP0_PGR2_PLR5_PKA0_SIA3_SLW1_SS1_SU0_SUM0_SUS0_SCIUI1_SPO1_SRVW0_SSO6_SVW2_SNLL0_TSGRA0_TSGRB0_TT2_64_TLDS0_UMLDSA0_UMLDSB0_U64SL1_USFGROn1_VAW1_VSn1_VW2_VWB1_VFLRP0_WSGRA0_WSGRB0_WS64_WG64_4_1_WGM6",26076,6448475866888390,6448475866896242,0,8448,256,1,1,512,3,1
"KERNEL_DISPATCH",1,1,234821,832,203,"void rocsolver::v32802::unit_forward_substitution_kernel<double, int, double*>(int, int, double*, int, int, long, long, double*, int, int, long, long)",26084,6448475866907258,6448475866916513,0,512,16,64,1,16,192,1
"KERNEL_DISPATCH",1,1,234821,833,1235,"Cijk_Ailk_Bljk_DB_MT128x64x16_MI16x16x4x1_SN_1LDSB1_APM1_ABV0_ACED0_AF0EM2_AF1EM2_AMAS3_ASE_ASGT_ASLT_ASM_ASAE01_ASCE01_ASEM2_AAC0_BL1_BS1_CLR0_DTLA0_DTLB0_DTVA0_DTVB0_DVO0_ETSP_EPS1_ELFLR0_EMLL0_FSSC10_FL0_GLVWA2_GLVWB2_GRCGA1_GRCGB1_GRPM1_GRVW2_GSU1_GSUASB_GLS0_ISA942_IU1_K1_KLA_LBSPPA0_LBSPPB0_LPA0_LPB2_LDL1_LRVW1_LWPMn1_LDW0_FMA_MIAV1_MDA2_MO40_MMFSC_MKFGSU256_NTA0_NTB0_NTC3_NTD3_NEPBS0_NLCA1_NLCB1_ONLL1_OPLV0_PK0_PAP0_PGR2_PLR5_PKA0_SIA3_SLW1_SS1_SU0_SUM0_SUS0_SCIUI1_SPO1_SRVW0_SSO6_SVW2_SNLL0_TSGRA0_TSGRB0_TT2_64_TLDS0_UMLDSA0_UMLDSB0_U64SL1_USFGROn1_VAW1_VSn1_VW2_VWB1_VFLRP0_WSGRA0_WSGRB0_WS64_WG64_4_1_WGM6",26087,6448475866933819,6448475866943194,0,24832,256,1,1,512,3,1
"KERNEL_DISPATCH",1,1,234821,834,151,"void rocsolver::v32802::getf2_npvt_small_kernel<16, double, int, int, double*>(int, double*, long, int, long, int*, int, int)",26090,6448475866947480,6448475866955172,0,136,144,1,1,144,1,1
"KERNEL_DISPATCH",1,1,234821,835,203,"void rocsolver::v32802::unit_forward_substitution_kernel<double, int, double*>(int, int, double*, int, int, long, long, double*, int, int, long, long)",26095,6448475866963905,6448475866972959,0,512,16,64,1,16,128,1
"KERNEL_DISPATCH",1,1,234821,836,1235,"Cijk_Ailk_Bljk_DB_MT128x64x16_MI16x16x4x1_SN_1LDSB1_APM1_ABV0_ACED0_AF0EM2_AF1EM2_AMAS3_ASE_ASGT_ASLT_ASM_ASAE01_ASCE01_ASEM2_AAC0_BL1_BS1_CLR0_DTLA0_DTLB0_DTVA0_DTVB0_DVO0_ETSP_EPS1_ELFLR0_EMLL0_FSSC10_FL0_GLVWA2_GLVWB2_GRCGA1_GRCGB1_GRPM1_GRVW2_GSU1_GSUASB_GLS0_ISA942_IU1_K1_KLA_LBSPPA0_LBSPPB0_LPA0_LPB2_LDL1_LRVW1_LWPMn1_LDW0_FMA_MIAV1_MDA2_MO40_MMFSC_MKFGSU256_NTA0_NTB0_NTC3_NTD3_NEPBS0_NLCA1_NLCB1_ONLL1_OPLV0_PK0_PAP0_PGR2_PLR5_PKA0_SIA3_SLW1_SS1_SU0_SUM0_SUS0_SCIUI1_SPO1_SRVW0_SSO6_SVW2_SNLL0_TSGRA0_TSGRB0_TT2_64_TLDS0_UMLDSA0_UMLDSB0_U64SL1_USFGROn1_VAW1_VSn1_VW2_VWB1_VFLRP0_WSGRA0_WSGRB0_WS64_WG64_4_1_WGM6",26098,6448475866984056,6448475866989184,0,24832,256,1,1,256,2,1
"KERNEL_DISPATCH",1,1,234821,837,151,"void rocsolver::v32802::getf2_npvt_small_kernel<16, double, int, int, double*>(int, double*, long, int, long, int*, int, int)",26101,6448475866996035,6448475867003566,0,136,128,1,1,128,1,1
"KERNEL_DISPATCH",1,1,234821,838,203,"void rocsolver::v32802::unit_forward_substitution_kernel<double, int, double*>(int, int, double*, int, int, long, long, double*, int, int, long, long)",26106,6448475867019691,6448475867029826,0,512,16,64,1,16,128,1
"KERNEL_DISPATCH",1,1,234821,839,716,"Cijk_Ailk_Bljk_DB_MT128x64x16_MI16x16x4x1_SN_1LDSB1_APM1_ABV0_ACED0_AF0EM2_AF1EM2_AMAS3_ASE_ASGT_ASLT_ASM_ASAE01_ASCE01_ASEM2_AAC0_BL1_BS1_CLR0_DTLA0_DTLB0_DTVA0_DTVB0_DVO0_ETSP_EPS1_ELFLR0_EMLL0_FSSC10_FL0_GLVWA2_GLVWB2_GRCGA1_GRCGB1_GRPM1_GRVW2_GSU1_GSUASB_GLS0_ISA942_IU1_K1_KLA_LBSPPA0_LBSPPB0_LPA0_LPB2_LDL1_LRVW1_LWPMn1_LDW0_FMA_MIAV1_MDA2_MO40_MMFSC_MKFGSU256_NTA0_NTB0_NTC3_NTD3_NEPBS0_NLCA1_NLCB1_ONLL1_OPLV0_PK0_PAP0_PGR2_PLR1_PKA0_SIA3_SLW1_SS1_SU0_SUM0_SUS0_SCIUI1_SPO1_SRVW0_SSO6_SVW2_SNLL0_TSGRA0_TSGRB0_TT2_64_TLDS0_UMLDSA0_UMLDSB0_U64SL1_USFGROn1_VAW1_VSn1_VW2_VWB1_VFLRP0_WSGRA0_WSGRB0_WS64_WG64_4_1_WGM6",26109,6448475867043187,6448475867052321,0,24832,256,1,1,256,2,1
"KERNEL_DISPATCH",1,1,234821,840,151,"void rocsolver::v32802::getf2_npvt_small_kernel<16, double, int, int, double*>(int, double*, long, int, long, int*, int, int)",26112,6448475867054103,6448475867061154,0,136,112,1,1,112,1,1
"KERNEL_DISPATCH",1,1,234821,841,203,"void rocsolver::v32802::unit_forward_substitution_kernel<double, int, double*>(int, int, double*, int, int, long, long, double*, int, int, long, long)",26117,6448475867064638,6448475867074093,0,512,16,64,1,16,128,1
"KERNEL_DISPATCH",1,1,234821,842,1112,"Cijk_Ailk_Bljk_DB_MT128x64x16_MI16x16x4x1_SN_1LDSB1_APM1_ABV0_ACED0_AF0EM2_AF1EM2_AMAS3_ASE_ASGT_ASLT_ASM_ASAE01_ASCE01_ASEM2_AAC0_BL1_BS1_CLR0_DTLA0_DTLB0_DTVA1_DTVB0_DVO0_ETSP_EPS1_ELFLR0_EMLL0_FSSC10_FL0_GLVWA2_GLVWB2_GRCGA1_GRCGB1_GRPM1_GRVW2_GSU1_GSUASB_GLS0_ISA942_IU1_K1_KLA_LBSPPA0_LBSPPB0_LPA0_LPB2_LDL1_LRVW1_LWPMn1_LDW0_FMA_MIAV1_MDA2_MO40_MMFSC_MKFGSU256_NTA0_NTB0_NTC3_NTD3_NEPBS0_NLCA1_NLCB1_ONLL1_OPLV0_PK0_PAP0_PGR2_PLR5_PKA0_SIA3_SLW1_SS1_SU0_SUM0_SUS0_SCIUI1_SPO1_SRVW0_SSO6_SVW2_SNLL0_TSGRA0_TSGRB0_TT2_64_TLDS0_UMLDSA0_UMLDSB0_U64SL1_USFGROn1_VAW1_VSn1_VW2_VWB1_VFLRP0_WSGRA0_WSGRB0_WS64_WG64_4_1_WGM12",26120,6448475867088216,6448475867097510,0,8448,256,1,1,256,2,1
"KERNEL_DISPATCH",1,1,234821,843,151,"void rocsolver::v32802::getf2_npvt_small_kernel<16, double, int, int, double*>(int, double*, long, int, long, int*, int, int)",26123,6448475867098351,6448475867105602,0,136,96,1,1,96,1,1
"KERNEL_DISPATCH",1,1,234821,844,203,"void rocsolver::v32802::unit_forward_substitution_kernel<double, int, double*>(int, int, double*, int, int, long, long, double*, int, int, long, long)",26128,6448475867108407,6448475867117100,0,512,16,64,1,16,128,1
"KERNEL_DISPATCH",1,1,234821,845,948,"Cijk_Ailk_Bljk_DB_MT64x64x16_MI16x16x4x1_SN_1LDSB1_APM1_ABV0_ACED0_AF0EM2_AF1EM2_AMAS3_ASE_ASGT_ASLT_ASM_ASAE01_ASCE01_ASEM2_AAC0_BL1_BS1_CLR0_DTLA0_DTLB0_DTVA0_DTVB0_DVO0_ETSP_EPS1_ELFLR0_EMLL0_FSSC10_FL0_GLVWA2_GLVWB2_GRCGA1_GRCGB1_GRPM1_GRVW2_GSU1_GSUASB_GLS0_ISA942_IU1_K1_KLA_LBSPPA0_LBSPPB0_LPA0_LPB2_LDL1_LRVW1_LWPMn1_LDW0_FMA_MIAV1_MDA2_MO40_MMFSC_MKFGSU256_NTA0_NTB0_NTC3_NTD3_NEPBS4_NLCA1_NLCB1_ONLL1_OPLV0_PK0_PAP0_PGR2_PLR5_PKA0_SIA3_SLW1_SS1_SU0_SUM0_SUS0_SCIUI1_SPO1_SRVW0_SSO6_SVW2_SNLL0_TSGRA0_TSGRB0_TT2_32_TLDS0_UMLDSA0_UMLDSB0_U64SL1_USFGROn1_VAW1_VSn1_VW2_VWB1_VFLRP0_WSGRA0_WSGRB0_WS64_WG32_8_1_WGM6",26131,6448475867128718,6448475867135208,0,16640,256,1,1,512,2,1
"KERNEL_DISPATCH",1,1,234821,846,151,"void rocsolver::v32802::getf2_npvt_small_kernel<16, double, int, int, double*>(int, double*, long, int, long, int*, int, int)",26134,6448475867141297,6448475867148508,0,136,80,1,1,80,1,1
"KERNEL_DISPATCH",1,1,234821,847,203,"void rocsolver::v32802::unit_forward_substitution_kernel<double, int, double*>(int, int, double*, int, int, long, long, double*, int, int, long, long)",26139,6448475867150431,6448475867159605,0,512,16,64,1,16,64,1
"KERNEL_DISPATCH",1,1,234821,848,838,"Cijk_Ailk_Bljk_DB_MT64x64x16_MI16x16x4x1_SN_1LDSB1_APM1_ABV0_ACED0_AF0EM2_AF1EM2_AMAS0_ASE_ASGT_ASLT_ASM_ASAE01_ASCE01_ASEM2_AAC0_BL1_BS1_CLR0_DTLA0_DTLB0_DTVA1_DTVB0_DVO0_ETSP_EPS1_ELFLR0_EMLL0_FSSC10_FL0_GLVWA1_GLVWB1_GRCGA1_GRCGB1_GRPM1_GRVW1_GSU1_GSUASB_GLS0_ISA942_IU1_K1_KLA_LBSPPA0_LBSPPB128_LPA0_LPB4_LDL1_LRVW2_LWPMn1_LDW0_FMA_MIAV1_MDA2_MO40_MMFSC_MKFGSU256_NTA0_NTB0_NTC3_NTD3_NEPBS0_NLCA1_NLCB1_ONLL1_OPLV0_PK0_PAP0_PGR2_PLR5_PKA0_SIA3_SLW1_SS1_SU0_SUM0_SUS0_SCIUI1_SPO1_SRVW0_SSO6_SVW1_SNLL0_TSGRA0_TSGRB0_TT1_64_TLDS1_UMLDSA0_UMLDSB1_U64SL1_USFGROn1_VAW1_VSn1_VW1_VWB1_VFLRP0_WSGRA0_WSGRB0_WS64_WG64_4_1_WGM6",26142,6448475867170863,6448475867176591,0,10240,256,1,1,256,1,1
"KERNEL_DISPATCH",1,1,234821,849,151,"void rocsolver::v32802::getf2_npvt_small_kernel<16, double, int, int, double*>(int, double*, long, int, long, int*, int, int)",26145,6448475867185365,6448475867192536,0,136,64,1,1,64,1,1
"KERNEL_DISPATCH",1,1,234821,850,203,"void rocsolver::v32802::unit_forward_substitution_kernel<double, int, double*>(int, int, double*, int, int, long, long, double*, int, int, long, long)",26150,6448475867194339,6448475867201870,0,512,16,64,1,16,64,1
"KERNEL_DISPATCH",1,1,234821,851,1153,"Cijk_Ailk_Bljk_DB_MT64x64x16_MI16x16x4x1_SN_1LDSB1_APM1_ABV0_ACED0_AF0EM2_AF1EM2_AMAS3_ASE_ASGT_ASLT_ASM_ASAE01_ASCE01_ASEM2_AAC0_BL1_BS1_CLR0_DTLA0_DTLB0_DTVA0_DTVB0_DVO0_ETSP_EPS1_ELFLR0_EMLL0_FSSC10_FL0_GLVWA2_GLVWB2_GRCGA1_GRCGB1_GRPM1_GRVW2_GSU1_GSUASB_GLS0_ISA942_IU1_K1_KLA_LBSPPA0_LBSPPB128_LPA0_LPB4_LDL1_LRVW2_LWPMn1_LDW0_FMA_MIAV1_MDA2_MO40_MMFSC_MKFGSU256_NTA0_NTB0_NTC3_NTD3_NEPBS0_NLCA1_NLCB1_ONLL1_OPLV0_PK0_PAP0_PGR2_PLR5_PKA0_SIA3_SLW1_SS1_SU0_SUM0_SUS0_SCIUI1_SPO1_SRVW0_SSO6_SVW2_SNLL0_TSGRA0_TSGRB0_TT2_32_TLDS1_UMLDSA0_UMLDSB1_U64SL1_USFGROn1_VAW1_VSn1_VW2_VWB1_VFLRP0_WSGRA0_WSGRB0_WS64_WG32_8_1_WGM6",26153,6448475867212205,6448475867218855,0,18432,256,1,1,256,1,1
"KERNEL_DISPATCH",1,1,234821,852,151,"void rocsolver::v32802::getf2_npvt_small_kernel<16, double, int, int, double*>(int, double*, long, int, long, int*, int, int)",26156,6448475867226828,6448475867233879,0,136,48,1,1,48,1,1
"KERNEL_DISPATCH",1,1,234821,853,203,"void rocsolver::v32802::unit_forward_substitution_kernel<double, int, double*>(int, int, double*, int, int, long, long, double*, int, int, long, long)",26161,6448475867241731,6448475867248622,0,512,16,64,1,16,64,1
"KERNEL_DISPATCH",1,1,234821,854,788,"Cijk_Ailk_Bljk_DB_MT32x64x32_MI16x16x4x1_SN_1LDSB1_APM1_ABV0_ACED0_AF0EM2_AF1EM2_AMAS3_ASE_ASGT_ASLT_ASM_ASAE01_ASCE01_ASEM2_AAC0_BL1_BS1_CLR0_DTLA0_DTLB0_DTVA0_DTVB0_DVO0_ETSP_EPS1_ELFLR0_EMLL0_FSSC10_FL0_GLVWA2_GLVWB2_GRCGA1_GRCGB1_GRPM1_GRVW2_GSU1_GSUASB_GLS0_ISA942_IU1_K1_KLA_LBSPPA0_LBSPPB256_LPA0_LPB4_LDL1_LRVW2_LWPMn1_LDW0_FMA_MIAV1_MDA2_MO40_MMFSC_MKFGSU256_NTA0_NTB0_NTC3_NTD3_NEPBS0_NLCA1_NLCB1_ONLL1_OPLV0_PK0_PAP0_PGR2_PLR9_PKA0_SIA3_SLW1_SS1_SU0_SUM0_SUS0_SCIUI1_SPO1_SRVW0_SSO6_SVW2_SNLL0_TSGRA0_TSGRB0_TT2_16_TLDS1_UMLDSA0_UMLDSB1_U64SL1_USFGROn1_VAW1_VSn1_VW2_VWB1_VFLRP0_WSGRA0_WSGRB0_WS64_WG16_16_1_WGM6",26164,6448475867256674,6448475867261642,0,26624,256,1,1,256,1,1
"KERNEL_DISPATCH",1,1,234821,855,151,"void rocsolver::v32802::getf2_npvt_small_kernel<16, double, int, int, double*>(int, double*, long, int, long, int*, int, int)",26167,6448475867268452,6448475867275783,0,136,32,1,1,32,1,1
"KERNEL_DISPATCH",1,1,234821,856,203,"void rocsolver::v32802::unit_forward_substitution_kernel<double, int, double*>(int, int, double*, int, int, long, long, double*, int, int, long, long)",26172,6448475867285879,6448475867292850,0,512,16,64,1,16,64,1
"KERNEL_DISPATCH",1,1,234821,858,151,"void rocsolver::v32802::getf2_npvt_small_kernel<16, double, int, int, double*>(int, double*, long, int, long, int*, int, int)",26178,6448475867309876,6448475867317527,0,136,16,1,1,16,1,1
"KERNEL_DISPATCH",1,1,234821,857,788,"Cijk_Ailk_Bljk_DB_MT32x64x32_MI16x16x4x1_SN_1LDSB1_APM1_ABV0_ACED0_AF0EM2_AF1EM2_AMAS3_ASE_ASGT_ASLT_ASM_ASAE01_ASCE01_ASEM2_AAC0_BL1_BS1_CLR0_DTLA0_DTLB0_DTVA0_DTVB0_DVO0_ETSP_EPS1_ELFLR0_EMLL0_FSSC10_FL0_GLVWA2_GLVWB2_GRCGA1_GRCGB1_GRPM1_GRVW2_GSU1_GSUASB_GLS0_ISA942_IU1_K1_KLA_LBSPPA0_LBSPPB256_LPA0_LPB4_LDL1_LRVW2_LWPMn1_LDW0_FMA_MIAV1_MDA2_MO40_MMFSC_MKFGSU256_NTA0_NTB0_NTC3_NTD3_NEPBS0_NLCA1_NLCB1_ONLL1_OPLV0_PK0_PAP0_PGR2_PLR9_PKA0_SIA3_SLW1_SS1_SU0_SUM0_SUS0_SCIUI1_SPO1_SRVW0_SSO6_SVW2_SNLL0_TSGRA0_TSGRB0_TT2_16_TLDS1_UMLDSA0_UMLDSB1_U64SL1_USFGROn1_VAW1_VSn1_VW2_VWB1_VFLRP0_WSGRA0_WSGRB0_WS64_WG16_16_1_WGM6",26175,6448475867304027,6448475867307753,0,26624,256,1,1,256,1,1
"KERNEL_DISPATCH",1,1,234821,859,1437,"void rocblas_trtri_trsm_kernel<128, 16, 8, double, double const*, double*>(rocblas_fill_, rocblas_diagonal_, double const*, long, int, long, double*, long, long, int)",26182,6448475867322054,6448475867349777,0,8192,256,1,1,4096,1,1
"KERNEL_DISPATCH",1,1,234821,860,1433,"void rocblas_trtri_fill<128, double, double*>(_rocblas_handle*, rocblas_fill_, int, long, int, long, double*, long, long, int, int)",26187,6448475867349777,6448475867352301,0,0,128,1,1,32512,1,1
"KERNEL_DISPATCH",1,1,234821,861,787,"Cijk_Ailk_Bljk_DB_MT64x32x16_MI16x16x4x1_SN_1LDSB1_APM1_ABV0_ACED0_AF0EM2_AF1EM2_AMAS0_ASE_ASGT_ASLT_ASM_ASAE01_ASCE01_ASEM2_AAC0_BL1_BS1_CLR0_DTLA0_DTLB0_DTVA1_DTVB0_DVO0_ETSP_EPS1_ELFLR0_EMLL0_FSSC10_FL0_GLVWA1_GLVWB1_GRCGA1_GRCGB1_GRPM1_GRVW1_GSU1_GSUASB_GLS0_ISA942_IU1_K1_KLA_LBSPPA0_LBSPPB128_LPA0_LPB4_LDL1_LRVW2_LWPMn1_LDW0_FMA_MIAV1_MDA2_MO40_MMFSC_MKFGSU256_NTA0_NTB0_NTC3_NTD3_NEPBS0_NLCA1_NLCB1_ONLL1_OPLV0_PK0_PAP0_PGR2_PLR5_PKA0_SIA3_SLW1_SS1_SU0_SUM0_SUS0_SCIUI1_SPO1_SRVW0_SSO6_SVW1_SNLL0_TSGRA0_TSGRB0_TT1_32_TLDS1_UMLDSA0_UMLDSB1_U64SL1_USFGROn1_VAW1_VSn1_VW1_VWB1_VFLRP0_WSGRA0_WSGRB0_WS64_WG64_4_1_WGM12",26191,6448475867360714,6448475867366603,0,5120,256,1,1,256,1,4
"KERNEL_DISPATCH",1,1,234821,862,787,"Cijk_Ailk_Bljk_DB_MT64x32x16_MI16x16x4x1_SN_1LDSB1_APM1_ABV0_ACED0_AF0EM2_AF1EM2_AMAS0_ASE_ASGT_ASLT_ASM_ASAE01_ASCE01_ASEM2_AAC0_BL1_BS1_CLR0_DTLA0_DTLB0_DTVA1_DTVB0_DVO0_ETSP_EPS1_ELFLR0_EMLL0_FSSC10_FL0_GLVWA1_GLVWB1_GRCGA1_GRCGB1_GRPM1_GRVW1_GSU1_GSUASB_GLS0_ISA942_IU1_K1_KLA_LBSPPA0_LBSPPB128_LPA0_LPB4_LDL1_LRVW2_LWPMn1_LDW0_FMA_MIAV1_MDA2_MO40_MMFSC_MKFGSU256_NTA0_NTB0_NTC3_NTD3_NEPBS0_NLCA1_NLCB1_ONLL1_OPLV0_PK0_PAP0_PGR2_PLR5_PKA0_SIA3_SLW1_SS1_SU0_SUM0_SUS0_SCIUI1_SPO1_SRVW0_SSO6_SVW1_SNLL0_TSGRA0_TSGRB0_TT1_32_TLDS1_UMLDSA0_UMLDSB1_U64SL1_USFGROn1_VAW1_VSn1_VW1_VWB1_VFLRP0_WSGRA0_WSGRB0_WS64_WG64_4_1_WGM12",26194,6448475867376298,6448475867382667,0,5120,256,1,1,256,1,4
"KERNEL_DISPATCH",1,1,234821,863,787,"Cijk_Ailk_Bljk_DB_MT64x32x16_MI16x16x4x1_SN_1LDSB1_APM1_ABV0_ACED0_AF0EM2_AF1EM2_AMAS0_ASE_ASGT_ASLT_ASM_ASAE01_ASCE01_ASEM2_AAC0_BL1_BS1_CLR0_DTLA0_DTLB0_DTVA1_DTVB0_DVO0_ETSP_EPS1_ELFLR0_EMLL0_FSSC10_FL0_GLVWA1_GLVWB1_GRCGA1_GRCGB1_GRPM1_GRVW1_GSU1_GSUASB_GLS0_ISA942_IU1_K1_KLA_LBSPPA0_LBSPPB128_LPA0_LPB4_LDL1_LRVW2_LWPMn1_LDW0_FMA_MIAV1_MDA2_MO40_MMFSC_MKFGSU256_NTA0_NTB0_NTC3_NTD3_NEPBS0_NLCA1_NLCB1_ONLL1_OPLV0_PK0_PAP0_PGR2_PLR5_PKA0_SIA3_SLW1_SS1_SU0_SUM0_SUS0_SCIUI1_SPO1_SRVW0_SSO6_SVW1_SNLL0_TSGRA0_TSGRB0_TT1_32_TLDS1_UMLDSA0_UMLDSB1_U64SL1_USFGROn1_VAW1_VSn1_VW1_VWB1_VFLRP0_WSGRA0_WSGRB0_WS64_WG64_4_1_WGM12",26197,6448475867395327,6448475867400375,0,5120,256,1,1,256,1,4
"KERNEL_DISPATCH",1,1,234821,864,787,"Cijk_Ailk_Bljk_DB_MT64x32x16_MI16x16x4x1_SN_1LDSB1_APM1_ABV0_ACED0_AF0EM2_AF1EM2_AMAS0_ASE_ASGT_ASLT_ASM_ASAE01_ASCE01_ASEM2_AAC0_BL1_BS1_CLR0_DTLA0_DTLB0_DTVA1_DTVB0_DVO0_ETSP_EPS1_ELFLR0_EMLL0_FSSC10_FL0_GLVWA1_GLVWB1_GRCGA1_GRCGB1_GRPM1_GRVW1_GSU1_GSUASB_GLS0_ISA942_IU1_K1_KLA_LBSPPA0_LBSPPB128_LPA0_LPB4_LDL1_LRVW2_LWPMn1_LDW0_FMA_MIAV1_MDA2_MO40_MMFSC_MKFGSU256_NTA0_NTB0_NTC3_NTD3_NEPBS0_NLCA1_NLCB1_ONLL1_OPLV0_PK0_PAP0_PGR2_PLR5_PKA0_SIA3_SLW1_SS1_SU0_SUM0_SUS0_SCIUI1_SPO1_SRVW0_SSO6_SVW1_SNLL0_TSGRA0_TSGRB0_TT1_32_TLDS1_UMLDSA0_UMLDSB1_U64SL1_USFGROn1_VAW1_VSn1_VW1_VWB1_VFLRP0_WSGRA0_WSGRB0_WS64_WG64_4_1_WGM12",26200,6448475867419013,6448475867423499,0,5120,256,1,1,256,1,4
"KERNEL_DISPATCH",1,1,234821,865,632,"Cijk_Ailk_Bljk_DB_MT64x64x32_MI16x16x4x1_SN_1LDSB1_APM1_ABV0_ACED0_AF0EM2_AF1EM2_AMAS0_ASE_ASGT_ASLT_ASM_ASAE01_ASCE01_ASEM2_AAC0_BL1_BS1_CLR0_DTLA0_DTLB0_DTVA0_DTVB0_DVO0_ETSP_EPS1_ELFLR0_EMLL0_FSSC10_FL0_GLVWA1_GLVWB1_GRCGA1_GRCGB1_GRPM1_GRVW1_GSU1_GSUASB_GLS0_ISA942_IU1_K1_KLA_LBSPPA0_LBSPPB0_LPA0_LPB1_LDL1_LRVW1_LWPMn1_LDW0_FMA_MIAV1_MDA2_MO40_MMFSC_MKFGSU256_NTA0_NTB0_NTC3_NTD3_NEPBS0_NLCA1_NLCB1_ONLL1_OPLV0_PK0_PAP0_PGR2_PLR9_PKA0_SIA3_SLW1_SS1_SU0_SUM0_SUS0_SCIUI1_SPO1_SRVW0_SSO6_SVW1_SNLL0_TSGRA0_TSGRB0_TT2_32_TLDS0_UMLDSA0_UMLDSB0_U64SL1_USFGROn1_VAW1_VSn1_VW1_VWB1_VFLRP0_WSGRA0_WSGRB0_WS64_WG32_8_1_WGM6",26203,6448475867433625,6448475867442840,0,33024,256,1,1,256,1,4
"KERNEL_DISPATCH",1,1,234821,866,632,"Cijk_Ailk_Bljk_DB_MT64x64x32_MI16x16x4x1_SN_1LDSB1_APM1_ABV0_ACED0_AF0EM2_AF1EM2_AMAS0_ASE_ASGT_ASLT_ASM_ASAE01_ASCE01_ASEM2_AAC0_BL1_BS1_CLR0_DTLA0_DTLB0_DTVA0_DTVB0_DVO0_ETSP_EPS1_ELFLR0_EMLL0_FSSC10_FL0_GLVWA1_GLVWB1_GRCGA1_GRCGB1_GRPM1_GRVW1_GSU1_GSUASB_GLS0_ISA942_IU1_K1_KLA_LBSPPA0_LBSPPB0_LPA0_LPB1_LDL1_LRVW1_LWPMn1_LDW0_FMA_MIAV1_MDA2_MO40_MMFSC_MKFGSU256_NTA0_NTB0_NTC3_NTD3_NEPBS0_NLCA1_NLCB1_ONLL1_OPLV0_PK0_PAP0_PGR2_PLR9_PKA0_SIA3_SLW1_SS1_SU0_SUM0_SUS0_SCIUI1_SPO1_SRVW0_SSO6_SVW1_SNLL0_TSGRA0_TSGRB0_TT2_32_TLDS0_UMLDSA0_UMLDSB0_U64SL1_USFGROn1_VAW1_VSn1_VW1_VWB1_VFLRP0_WSGRA0_WSGRB0_WS64_WG32_8_1_WGM6",26206,6448475867448088,6448475867455259,0,33024,256,1,1,256,1,4
"KERNEL_DISPATCH",1,1,234821,867,1435,"void rocblas_copy_matrix_trsm<128, 8, double, double*, double*>(int, int, int, double*, int, long, double*, int, long, long, long, int)",26210,6448475867458223,6448475867461188,0,0,128,8,1,512,128,1
"KERNEL_DISPATCH",1,1,234821,868,931,"Cijk_Ailk_Bljk_DB_MT128x64x16_MI16x16x4x1_SN_1LDSB1_APM1_ABV0_ACED0_AF0EM2_AF1EM2_AMAS3_ASE_ASGT_ASLT_ASM_ASAE01_ASCE01_ASEM2_AAC0_BL1_BS1_CLR0_DTLA0_DTLB0_DTVA1_DTVB0_DVO0_ETSP_EPS1_ELFLR0_EMLL0_FSSC10_FL0_GLVWA2_GLVWB2_GRCGA1_GRCGB1_GRPM1_GRVW2_GSU1_GSUASB_GLS0_ISA942_IU1_K1_KLA_LBSPPA0_LBSPPB128_LPA0_LPB2_LDL1_LRVW1_LWPMn1_LDW0_FMA_MIAV1_MDA2_MO40_MMFSC_MKFGSU256_NTA0_NTB0_NTC3_NTD3_NEPBS0_NLCA1_NLCB1_ONLL1_OPLV0_PK0_PAP0_PGR2_PLR1_PKA0_SIA3_SLW1_SS1_SU0_SUM0_SUS0_SCIUI1_SPO1_SRVW0_SSO6_SVW2_SNLL0_TSGRA0_TSGRB0_TT2_64_TLDS1_UMLDSA0_UMLDSB1_U64SL1_USFGROn1_VAW1_VSn1_VW2_VWB1_VFLRP0_WSGRA0_WSGRB0_WS64_WG64_4_1_WGM6",26214,6448475867478294,6448475867494118,0,9216,256,1,1,1024,2,1
"KERNEL_DISPATCH",1,1,234821,869,931,"Cijk_Ailk_Bljk_DB_MT128x64x16_MI16x16x4x1_SN_1LDSB1_APM1_ABV0_ACED0_AF0EM2_AF1EM2_AMAS3_ASE_ASGT_ASLT_ASM_ASAE01_ASCE01_ASEM2_AAC0_BL1_BS1_CLR0_DTLA0_DTLB0_DTVA1_DTVB0_DVO0_ETSP_EPS1_ELFLR0_EMLL0_FSSC10_FL0_GLVWA2_GLVWB2_GRCGA1_GRCGB1_GRPM1_GRVW2_GSU1_GSUASB_GLS0_ISA942_IU1_K1_KLA_LBSPPA0_LBSPPB128_LPA0_LPB2_LDL1_LRVW1_LWPMn1_LDW0_FMA_MIAV1_MDA2_MO40_MMFSC_MKFGSU256_NTA0_NTB0_NTC3_NTD3_NEPBS0_NLCA1_NLCB1_ONLL1_OPLV0_PK0_PAP0_PGR2_PLR1_PKA0_SIA3_SLW1_SS1_SU0_SUM0_SUS0_SCIUI1_SPO1_SRVW0_SSO6_SVW2_SNLL0_TSGRA0_TSGRB0_TT2_64_TLDS1_UMLDSA0_UMLDSB1_U64SL1_USFGROn1_VAW1_VSn1_VW2_VWB1_VFLRP0_WSGRA0_WSGRB0_WS64_WG64_4_1_WGM6",26217,6448475867496942,6448475867509641,0,9216,256,1,1,1024,2,1
"KERNEL_DISPATCH",1,1,234821,870,931,"Cijk_Ailk_Bljk_DB_MT128x64x16_MI16x16x4x1_SN_1LDSB1_APM1_ABV0_ACED0_AF0EM2_AF1EM2_AMAS3_ASE_ASGT_ASLT_ASM_ASAE01_ASCE01_ASEM2_AAC0_BL1_BS1_CLR0_DTLA0_DTLB0_DTVA1_DTVB0_DVO0_ETSP_EPS1_ELFLR0_EMLL0_FSSC10_FL0_GLVWA2_GLVWB2_GRCGA1_GRCGB1_GRPM1_GRVW2_GSU1_GSUASB_GLS0_ISA942_IU1_K1_KLA_LBSPPA0_LBSPPB128_LPA0_LPB2_LDL1_LRVW1_LWPMn1_LDW0_FMA_MIAV1_MDA2_MO40_MMFSC_MKFGSU256_NTA0_NTB0_NTC3_NTD3_NEPBS0_NLCA1_NLCB1_ONLL1_OPLV0_PK0_PAP0_PGR2_PLR1_PKA0_SIA3_SLW1_SS1_SU0_SUM0_SUS0_SCIUI1_SPO1_SRVW0_SSO6_SVW2_SNLL0_TSGRA0_TSGRB0_TT2_64_TLDS1_UMLDSA0_UMLDSB1_U64SL1_USFGROn1_VAW1_VSn1_VW2_VWB1_VFLRP0_WSGRA0_WSGRB0_WS64_WG64_4_1_WGM6",26220,6448475867516232,6448475867525046,0,9216,256,1,1,1024,2,1
"KERNEL_DISPATCH",1,1,234821,871,859,"Cijk_Ailk_Bljk_DB_MT64x32x32_MI16x16x4x1_SN_1LDSB1_APM1_ABV0_ACED0_AF0EM2_AF1EM2_AMAS3_ASE_ASGT_ASLT_ASM_ASAE01_ASCE01_ASEM2_AAC0_BL1_BS1_CLR0_DTLA0_DTLB0_DTVA0_DTVB0_DVO0_ETSP_EPS1_ELFLR0_EMLL0_FSSC10_FL0_GLVWA2_GLVWB2_GRCGA1_GRCGB1_GRPM1_GRVW2_GSU1_GSUASB_GLS0_ISA942_IU1_K1_KLA_LBSPPA0_LBSPPB256_LPA0_LPB4_LDL1_LRVW2_LWPMn1_LDW0_FMA_MIAV1_MDA2_MO40_MMFSC_MKFGSU256_NTA0_NTB0_NTC3_NTD3_NEPBS0_NLCA1_NLCB1_ONLL1_OPLV0_PK0_PAP0_PGR2_PLR9_PKA0_SIA3_SLW1_SS1_SU0_SUM0_SUS0_SCIUI1_SPO1_SRVW0_SSO6_SVW2_SNLL0_TSGRA0_TSGRB0_TT2_16_TLDS1_UMLDSA0_UMLDSB1_U64SL1_USFGROn1_VAW1_VSn1_VW2_VWB1_VFLRP0_WSGRA0_WSGRB0_WS64_WG32_8_1_WGM6",26223,6448475867539428,6448475867549203,0,25600,256,1,1,2048,4,1
"KERNEL_DISPATCH",1,1,234821,872,931,"Cijk_Ailk_Bljk_DB_MT128x64x16_MI16x16x4x1_SN_1LDSB1_APM1_ABV0_ACED0_AF0EM2_AF1EM2_AMAS3_ASE_ASGT_ASLT_ASM_ASAE01_ASCE01_ASEM2_AAC0_BL1_BS1_CLR0_DTLA0_DTLB0_DTVA1_DTVB0_DVO0_ETSP_EPS1_ELFLR0_EMLL0_FSSC10_FL0_GLVWA2_GLVWB2_GRCGA1_GRCGB1_GRPM1_GRVW2_GSU1_GSUASB_GLS0_ISA942_IU1_K1_KLA_LBSPPA0_LBSPPB128_LPA0_LPB2_LDL1_LRVW1_LWPMn1_LDW0_FMA_MIAV1_MDA2_MO40_MMFSC_MKFGSU256_NTA0_NTB0_NTC3_NTD3_NEPBS0_NLCA1_NLCB1_ONLL1_OPLV0_PK0_PAP0_PGR2_PLR1_PKA0_SIA3_SLW1_SS1_SU0_SUM0_SUS0_SCIUI1_SPO1_SRVW0_SSO6_SVW2_SNLL0_TSGRA0_TSGRB0_TT2_64_TLDS1_UMLDSA0_UMLDSB1_U64SL1_USFGROn1_VAW1_VSn1_VW2_VWB1_VFLRP0_WSGRA0_WSGRB0_WS64_WG64_4_1_WGM6",26226,6448475867553930,6448475867562623,0,9216,256,1,1,1024,2,1
"KERNEL_DISPATCH",1,1,234821,873,859,"Cijk_Ailk_Bljk_DB_MT64x32x32_MI16x16x4x1_SN_1LDSB1_APM1_ABV0_ACED0_AF0EM2_AF1EM2_AMAS3_ASE_ASGT_ASLT_ASM_ASAE01_ASCE01_ASEM2_AAC0_BL1_BS1_CLR0_DTLA0_DTLB0_DTVA0_DTVB0_DVO0_ETSP_EPS1_ELFLR0_EMLL0_FSSC10_FL0_GLVWA2_GLVWB2_GRCGA1_GRCGB1_GRPM1_GRVW2_GSU1_GSUASB_GLS0_ISA942_IU1_K1_KLA_LBSPPA0_LBSPPB256_LPA0_LPB4_LDL1_LRVW2_LWPMn1_LDW0_FMA_MIAV1_MDA2_MO40_MMFSC_MKFGSU256_NTA0_NTB0_NTC3_NTD3_NEPBS0_NLCA1_NLCB1_ONLL1_OPLV0_PK0_PAP0_PGR2_PLR9_PKA0_SIA3_SLW1_SS1_SU0_SUM0_SUS0_SCIUI1_SPO1_SRVW0_SSO6_SVW2_SNLL0_TSGRA0_TSGRB0_TT2_16_TLDS1_UMLDSA0_UMLDSB1_U64SL1_USFGROn1_VAW1_VSn1_VW2_VWB1_VFLRP0_WSGRA0_WSGRB0_WS64_WG32_8_1_WGM6",26229,6448475867571998,6448475867582093,0,25600,256,1,1,2048,4,1
"KERNEL_DISPATCH",1,1,234821,874,931,"Cijk_Ailk_Bljk_DB_MT128x64x16_MI16x16x4x1_SN_1LDSB1_APM1_ABV0_ACED0_AF0EM2_AF1EM2_AMAS3_ASE_ASGT_ASLT_ASM_ASAE01_ASCE01_ASEM2_AAC0_BL1_BS1_CLR0_DTLA0_DTLB0_DTVA1_DTVB0_DVO0_ETSP_EPS1_ELFLR0_EMLL0_FSSC10_FL0_GLVWA2_GLVWB2_GRCGA1_GRCGB1_GRPM1_GRVW2_GSU1_GSUASB_GLS0_ISA942_IU1_K1_KLA_LBSPPA0_LBSPPB128_LPA0_LPB2_LDL1_LRVW1_LWPMn1_LDW0_FMA_MIAV1_MDA2_MO40_MMFSC_MKFGSU256_NTA0_NTB0_NTC3_NTD3_NEPBS0_NLCA1_NLCB1_ONLL1_OPLV0_PK0_PAP0_PGR2_PLR1_PKA0_SIA3_SLW1_SS1_SU0_SUM0_SUS0_SCIUI1_SPO1_SRVW0_SSO6_SVW2_SNLL0_TSGRA0_TSGRB0_TT2_64_TLDS1_UMLDSA0_UMLDSB1_U64SL1_USFGROn1_VAW1_VSn1_VW2_VWB1_VFLRP0_WSGRA0_WSGRB0_WS64_WG64_4_1_WGM6",26232,6448475867590706,6448475867600201,0,9216,256,1,1,1024,2,1
"KERNEL_DISPATCH",1,1,234821,875,1437,"void rocblas_trtri_trsm_kernel<128, 16, 8, double, double const*, double*>(rocblas_fill_, rocblas_diagonal_, double const*, long, int, long, double*, long, long, int)",26236,6448475867600201,6448475867626081,0,8192,256,1,1,4096,1,1
"KERNEL_DISPATCH",1,1,234821,876,1433,"void rocblas_trtri_fill<128, double, double*>(_rocblas_handle*, rocblas_fill_, int, long, int, long, double*, long, long, int, int)",26241,6448475867626081,6448475867628685,0,0,128,1,1,32512,1,1
"KERNEL_DISPATCH",1,1,234821,877,787,"Cijk_Ailk_Bljk_DB_MT64x32x16_MI16x16x4x1_SN_1LDSB1_APM1_ABV0_ACED0_AF0EM2_AF1EM2_AMAS0_ASE_ASGT_ASLT_ASM_ASAE01_ASCE01_ASEM2_AAC0_BL1_BS1_CLR0_DTLA0_DTLB0_DTVA1_DTVB0_DVO0_ETSP_EPS1_ELFLR0_EMLL0_FSSC10_FL0_GLVWA1_GLVWB1_GRCGA1_GRCGB1_GRPM1_GRVW1_GSU1_GSUASB_GLS0_ISA942_IU1_K1_KLA_LBSPPA0_LBSPPB128_LPA0_LPB4_LDL1_LRVW2_LWPMn1_LDW0_FMA_MIAV1_MDA2_MO40_MMFSC_MKFGSU256_NTA0_NTB0_NTC3_NTD3_NEPBS0_NLCA1_NLCB1_ONLL1_OPLV0_PK0_PAP0_PGR2_PLR5_PKA0_SIA3_SLW1_SS1_SU0_SUM0_SUS0_SCIUI1_SPO1_SRVW0_SSO6_SVW1_SNLL0_TSGRA0_TSGRB0_TT1_32_TLDS1_UMLDSA0_UMLDSB1_U64SL1_USFGROn1_VAW1_VSn1_VW1_VWB1_VFLRP0_WSGRA0_WSGRB0_WS64_WG64_4_1_WGM12",26245,6448475867631849,6448475867635936,0,5120,256,1,1,256,1,4
"KERNEL_DISPATCH",1,1,234821,878,787,"Cijk_Ailk_Bljk_DB_MT64x32x16_MI16x16x4x1_SN_1LDSB1_APM1_ABV0_ACED0_AF0EM2_AF1EM2_AMAS0_ASE_ASGT_ASLT_ASM_ASAE01_ASCE01_ASEM2_AAC0_BL1_BS1_CLR0_DTLA0_DTLB0_DTVA1_DTVB0_DVO0_ETSP_EPS1_ELFLR0_EMLL0_FSSC10_FL0_GLVWA1_GLVWB1_GRCGA1_GRCGB1_GRPM1_GRVW1_GSU1_GSUASB_GLS0_ISA942_IU1_K1_KLA_LBSPPA0_LBSPPB128_LPA0_LPB4_LDL1_LRVW2_LWPMn1_LDW0_FMA_MIAV1_MDA2_MO40_MMFSC_MKFGSU256_NTA0_NTB0_NTC3_NTD3_NEPBS0_NLCA1_NLCB1_ONLL1_OPLV0_PK0_PAP0_PGR2_PLR5_PKA0_SIA3_SLW1_SS1_SU0_SUM0_SUS0_SCIUI1_SPO1_SRVW0_SSO6_SVW1_SNLL0_TSGRA0_TSGRB0_TT1_32_TLDS1_UMLDSA0_UMLDSB1_U64SL1_USFGROn1_VAW1_VSn1_VW1_VWB1_VFLRP0_WSGRA0_WSGRB0_WS64_WG64_4_1_WGM12",26248,6448475867643067,6448475867647473,0,5120,256,1,1,256,1,4
"KERNEL_DISPATCH",1,1,234821,879,787,"Cijk_Ailk_Bljk_DB_MT64x32x16_MI16x16x4x1_SN_1LDSB1_APM1_ABV0_ACED0_AF0EM2_AF1EM2_AMAS0_ASE_ASGT_ASLT_ASM_ASAE01_ASCE01_ASEM2_AAC0_BL1_BS1_CLR0_DTLA0_DTLB0_DTVA1_DTVB0_DVO0_ETSP_EPS1_ELFLR0_EMLL0_FSSC10_FL0_GLVWA1_GLVWB1_GRCGA1_GRCGB1_GRPM1_GRVW1_GSU1_GSUASB_GLS0_ISA942_IU1_K1_KLA_LBSPPA0_LBSPPB128_LPA0_LPB4_LDL1_LRVW2_LWPMn1_LDW0_FMA_MIAV1_MDA2_MO40_MMFSC_MKFGSU256_NTA0_NTB0_NTC3_NTD3_NEPBS0_NLCA1_NLCB1_ONLL1_OPLV0_PK0_PAP0_PGR2_PLR5_PKA0_SIA3_SLW1_SS1_SU0_SUM0_SUS0_SCIUI1_SPO1_SRVW0_SSO6_SVW1_SNLL0_TSGRA0_TSGRB0_TT1_32_TLDS1_UMLDSA0_UMLDSB1_U64SL1_USFGROn1_VAW1_VSn1_VW1_VWB1_VFLRP0_WSGRA0_WSGRB0_WS64_WG64_4_1_WGM12",26251,6448475867666943,6448475867671350,0,5120,256,1,1,256,1,4
"KERNEL_DISPATCH",1,1,234821,880,787,"Cijk_Ailk_Bljk_DB_MT64x32x16_MI16x16x4x1_SN_1LDSB1_APM1_ABV0_ACED0_AF0EM2_AF1EM2_AMAS0_ASE_ASGT_ASLT_ASM_ASAE01_ASCE01_ASEM2_AAC0_BL1_BS1_CLR0_DTLA0_DTLB0_DTVA1_DTVB0_DVO0_ETSP_EPS1_ELFLR0_EMLL0_FSSC10_FL0_GLVWA1_GLVWB1_GRCGA1_GRCGB1_GRPM1_GRVW1_GSU1_GSUASB_GLS0_ISA942_IU1_K1_KLA_LBSPPA0_LBSPPB128_LPA0_LPB4_LDL1_LRVW2_LWPMn1_LDW0_FMA_MIAV1_MDA2_MO40_MMFSC_MKFGSU256_NTA0_NTB0_NTC3_NTD3_NEPBS0_NLCA1_NLCB1_ONLL1_OPLV0_PK0_PAP0_PGR2_PLR5_PKA0_SIA3_SLW1_SS1_SU0_SUM0_SUS0_SCIUI1_SPO1_SRVW0_SSO6_SVW1_SNLL0_TSGRA0_TSGRB0_TT1_32_TLDS1_UMLDSA0_UMLDSB1_U64SL1_USFGROn1_VAW1_VSn1_VW1_VWB1_VFLRP0_WSGRA0_WSGRB0_WS64_WG64_4_1_WGM12",26254,6448475867692783,6448475867697190,0,5120,256,1,1,256,1,4
"KERNEL_DISPATCH",1,1,234821,881,632,"Cijk_Ailk_Bljk_DB_MT64x64x32_MI16x16x4x1_SN_1LDSB1_APM1_ABV0_ACED0_AF0EM2_AF1EM2_AMAS0_ASE_ASGT_ASLT_ASM_ASAE01_ASCE01_ASEM2_AAC0_BL1_BS1_CLR0_DTLA0_DTLB0_DTVA0_DTVB0_DVO0_ETSP_EPS1_ELFLR0_EMLL0_FSSC10_FL0_GLVWA1_GLVWB1_GRCGA1_GRCGB1_GRPM1_GRVW1_GSU1_GSUASB_GLS0_ISA942_IU1_K1_KLA_LBSPPA0_LBSPPB0_LPA0_LPB1_LDL1_LRVW1_LWPMn1_LDW0_FMA_MIAV1_MDA2_MO40_MMFSC_MKFGSU256_NTA0_NTB0_NTC3_NTD3_NEPBS0_NLCA1_NLCB1_ONLL1_OPLV0_PK0_PAP0_PGR2_PLR9_PKA0_SIA3_SLW1_SS1_SU0_SUM0_SUS0_SCIUI1_SPO1_SRVW0_SSO6_SVW1_SNLL0_TSGRA0_TSGRB0_TT2_32_TLDS0_UMLDSA0_UMLDSB0_U64SL1_USFGROn1_VAW1_VSn1_VW1_VWB1_VFLRP0_WSGRA0_WSGRB0_WS64_WG32_8_1_WGM6",26257,6448475867708046,6448475867714416,0,33024,256,1,1,256,1,4
"KERNEL_DISPATCH",1,1,234821,882,632,"Cijk_Ailk_Bljk_DB_MT64x64x32_MI16x16x4x1_SN_1LDSB1_APM1_ABV0_ACED0_AF0EM2_AF1EM2_AMAS0_ASE_ASGT_ASLT_ASM_ASAE01_ASCE01_ASEM2_AAC0_BL1_BS1_CLR0_DTLA0_DTLB0_DTVA0_DTVB0_DVO0_ETSP_EPS1_ELFLR0_EMLL0_FSSC10_FL0_GLVWA1_GLVWB1_GRCGA1_GRCGB1_GRPM1_GRVW1_GSU1_GSUASB_GLS0_ISA942_IU1_K1_KLA_LBSPPA0_LBSPPB0_LPA0_LPB1_LDL1_LRVW1_LWPMn1_LDW0_FMA_MIAV1_MDA2_MO40_MMFSC_MKFGSU256_NTA0_NTB0_NTC3_NTD3_NEPBS0_NLCA1_NLCB1_ONLL1_OPLV0_PK0_PAP0_PGR2_PLR9_PKA0_SIA3_SLW1_SS1_SU0_SUM0_SUS0_SCIUI1_SPO1_SRVW0_SSO6_SVW1_SNLL0_TSGRA0_TSGRB0_TT2_32_TLDS0_UMLDSA0_UMLDSB0_U64SL1_USFGROn1_VAW1_VSn1_VW1_VWB1_VFLRP0_WSGRA0_WSGRB0_WS64_WG32_8_1_WGM6",26260,6448475867725152,6448475867731161,0,33024,256,1,1,256,1,4
"KERNEL_DISPATCH",1,1,234821,883,1435,"void rocblas_copy_matrix_trsm<128, 8, double, double*, double*>(int, int, int, double*, int, long, double*, int, long, long, long, int)",26264,6448475867739014,6448475867741938,0,0,128,8,1,128,512,1
"KERNEL_DISPATCH",1,1,234821,884,931,"Cijk_Ailk_Bljk_DB_MT128x64x16_MI16x16x4x1_SN_1LDSB1_APM1_ABV0_ACED0_AF0EM2_AF1EM2_AMAS3_ASE_ASGT_ASLT_ASM_ASAE01_ASCE01_ASEM2_AAC0_BL1_BS1_CLR0_DTLA0_DTLB0_DTVA1_DTVB0_DVO0_ETSP_EPS1_ELFLR0_EMLL0_FSSC10_FL0_GLVWA2_GLVWB2_GRCGA1_GRCGB1_GRPM1_GRVW2_GSU1_GSUASB_GLS0_ISA942_IU1_K1_KLA_LBSPPA0_LBSPPB128_LPA0_LPB2_LDL1_LRVW1_LWPMn1_LDW0_FMA_MIAV1_MDA2_MO40_MMFSC_MKFGSU256_NTA0_NTB0_NTC3_NTD3_NEPBS0_NLCA1_NLCB1_ONLL1_OPLV0_PK0_PAP0_PGR2_PLR1_PKA0_SIA3_SLW1_SS1_SU0_SUM0_SUS0_SCIUI1_SPO1_SRVW0_SSO6_SVW2_SNLL0_TSGRA0_TSGRB0_TT2_64_TLDS1_UMLDSA0_UMLDSB1_U64SL1_USFGROn1_VAW1_VSn1_VW2_VWB1_VFLRP0_WSGRA0_WSGRB0_WS64_WG64_4_1_WGM6",26268,6448475867779065,6448475867787758,0,9216,256,1,1,256,8,1
"KERNEL_DISPATCH",1,1,234821,885,931,"Cijk_Ailk_Bljk_DB_MT128x64x16_MI16x16x4x1_SN_1LDSB1_APM1_ABV0_ACED0_AF0EM2_AF1EM2_AMAS3_ASE_ASGT_ASLT_ASM_ASAE01_ASCE01_ASEM2_AAC0_BL1_BS1_CLR0_DTLA0_DTLB0_DTVA1_DTVB0_DVO0_ETSP_EPS1_ELFLR0_EMLL0_FSSC10_FL0_GLVWA2_GLVWB2_GRCGA1_GRCGB1_GRPM1_GRVW2_GSU1_GSUASB_GLS0_ISA942_IU1_K1_KLA_LBSPPA0_LBSPPB128_LPA0_LPB2_LDL1_LRVW1_LWPMn1_LDW0_FMA_MIAV1_MDA2_MO40_MMFSC_MKFGSU256_NTA0_NTB0_NTC3_NTD3_NEPBS0_NLCA1_NLCB1_ONLL1_OPLV0_PK0_PAP0_PGR2_PLR1_PKA0_SIA3_SLW1_SS1_SU0_SUM0_SUS0_SCIUI1_SPO1_SRVW0_SSO6_SVW2_SNLL0_TSGRA0_TSGRB0_TT2_64_TLDS1_UMLDSA0_UMLDSB1_U64SL1_USFGROn1_VAW1_VSn1_VW2_VWB1_VFLRP0_WSGRA0_WSGRB0_WS64_WG64_4_1_WGM6",26271,6448475867794339,6448475867804514,0,9216,256,1,1,256,8,1
"KERNEL_DISPATCH",1,1,234821,886,931,"Cijk_Ailk_Bljk_DB_MT128x64x16_MI16x16x4x1_SN_1LDSB1_APM1_ABV0_ACED0_AF0EM2_AF1EM2_AMAS3_ASE_ASGT_ASLT_ASM_ASAE01_ASCE01_ASEM2_AAC0_BL1_BS1_CLR0_DTLA0_DTLB0_DTVA1_DTVB0_DVO0_ETSP_EPS1_ELFLR0_EMLL0_FSSC10_FL0_GLVWA2_GLVWB2_GRCGA1_GRCGB1_GRPM1_GRVW2_GSU1_GSUASB_GLS0_ISA942_IU1_K1_KLA_LBSPPA0_LBSPPB128_LPA0_LPB2_LDL1_LRVW1_LWPMn1_LDW0_FMA_MIAV1_MDA2_MO40_MMFSC_MKFGSU256_NTA0_NTB0_NTC3_NTD3_NEPBS0_NLCA1_NLCB1_ONLL1_OPLV0_PK0_PAP0_PGR2_PLR1_PKA0_SIA3_SLW1_SS1_SU0_SUM0_SUS0_SCIUI1_SPO1_SRVW0_SSO6_SVW2_SNLL0_TSGRA0_TSGRB0_TT2_64_TLDS1_UMLDSA0_UMLDSB1_U64SL1_USFGROn1_VAW1_VSn1_VW2_VWB1_VFLRP0_WSGRA0_WSGRB0_WS64_WG64_4_1_WGM6",26274,6448475867813047,6448475867821741,0,9216,256,1,1,256,8,1
"KERNEL_DISPATCH",1,1,234821,887,859,"Cijk_Ailk_Bljk_DB_MT64x32x32_MI16x16x4x1_SN_1LDSB1_APM1_ABV0_ACED0_AF0EM2_AF1EM2_AMAS3_ASE_ASGT_ASLT_ASM_ASAE01_ASCE01_ASEM2_AAC0_BL1_BS1_CLR0_DTLA0_DTLB0_DTVA0_DTVB0_DVO0_ETSP_EPS1_ELFLR0_EMLL0_FSSC10_FL0_GLVWA2_GLVWB2_GRCGA1_GRCGB1_GRPM1_GRVW2_GSU1_GSUASB_GLS0_ISA942_IU1_K1_KLA_LBSPPA0_LBSPPB256_LPA0_LPB4_LDL1_LRVW2_LWPMn1_LDW0_FMA_MIAV1_MDA2_MO40_MMFSC_MKFGSU256_NTA0_NTB0_NTC3_NTD3_NEPBS0_NLCA1_NLCB1_ONLL1_OPLV0_PK0_PAP0_PGR2_PLR9_PKA0_SIA3_SLW1_SS1_SU0_SUM0_SUS0_SCIUI1_SPO1_SRVW0_SSO6_SVW2_SNLL0_TSGRA0_TSGRB0_TT2_16_TLDS1_UMLDSA0_UMLDSB1_U64SL1_USFGROn1_VAW1_VSn1_VW2_VWB1_VFLRP0_WSGRA0_WSGRB0_WS64_WG32_8_1_WGM6",26277,6448475867823864,6448475867831636,0,25600,256,1,1,512,16,1
"KERNEL_DISPATCH",1,1,234821,888,931,"Cijk_Ailk_Bljk_DB_MT128x64x16_MI16x16x4x1_SN_1LDSB1_APM1_ABV0_ACED0_AF0EM2_AF1EM2_AMAS3_ASE_ASGT_ASLT_ASM_ASAE01_ASCE01_ASEM2_AAC0_BL1_BS1_CLR0_DTLA0_DTLB0_DTVA1_DTVB0_DVO0_ETSP_EPS1_ELFLR0_EMLL0_FSSC10_FL0_GLVWA2_GLVWB2_GRCGA1_GRCGB1_GRPM1_GRVW2_GSU1_GSUASB_GLS0_ISA942_IU1_K1_KLA_LBSPPA0_LBSPPB128_LPA0_LPB2_LDL1_LRVW1_LWPMn1_LDW0_FMA_MIAV1_MDA2_MO40_MMFSC_MKFGSU256_NTA0_NTB0_NTC3_NTD3_NEPBS0_NLCA1_NLCB1_ONLL1_OPLV0_PK0_PAP0_PGR2_PLR1_PKA0_SIA3_SLW1_SS1_SU0_SUM0_SUS0_SCIUI1_SPO1_SRVW0_SSO6_SVW2_SNLL0_TSGRA0_TSGRB0_TT2_64_TLDS1_UMLDSA0_UMLDSB1_U64SL1_USFGROn1_VAW1_VSn1_VW2_VWB1_VFLRP0_WSGRA0_WSGRB0_WS64_WG64_4_1_WGM6",26280,6448475867841250,6448475867850024,0,9216,256,1,1,256,8,1
"KERNEL_DISPATCH",1,1,234821,889,859,"Cijk_Ailk_Bljk_DB_MT64x32x32_MI16x16x4x1_SN_1LDSB1_APM1_ABV0_ACED0_AF0EM2_AF1EM2_AMAS3_ASE_ASGT_ASLT_ASM_ASAE01_ASCE01_ASEM2_AAC0_BL1_BS1_CLR0_DTLA0_DTLB0_DTVA0_DTVB0_DVO0_ETSP_EPS1_ELFLR0_EMLL0_FSSC10_FL0_GLVWA2_GLVWB2_GRCGA1_GRCGB1_GRPM1_GRVW2_GSU1_GSUASB_GLS0_ISA942_IU1_K1_KLA_LBSPPA0_LBSPPB256_LPA0_LPB4_LDL1_LRVW2_LWPMn1_LDW0_FMA_MIAV1_MDA2_MO40_MMFSC_MKFGSU256_NTA0_NTB0_NTC3_NTD3_NEPBS0_NLCA1_NLCB1_ONLL1_OPLV0_PK0_PAP0_PGR2_PLR9_PKA0_SIA3_SLW1_SS1_SU0_SUM0_SUS0_SCIUI1_SPO1_SRVW0_SSO6_SVW2_SNLL0_TSGRA0_TSGRB0_TT2_16_TLDS1_UMLDSA0_UMLDSB1_U64SL1_USFGROn1_VAW1_VSn1_VW2_VWB1_VFLRP0_WSGRA0_WSGRB0_WS64_WG32_8_1_WGM6",26283,6448475867861802,6448475867871657,0,25600,256,1,1,512,16,1
"KERNEL_DISPATCH",1,1,234821,890,931,"Cijk_Ailk_Bljk_DB_MT128x64x16_MI16x16x4x1_SN_1LDSB1_APM1_ABV0_ACED0_AF0EM2_AF1EM2_AMAS3_ASE_ASGT_ASLT_ASM_ASAE01_ASCE01_ASEM2_AAC0_BL1_BS1_CLR0_DTLA0_DTLB0_DTVA1_DTVB0_DVO0_ETSP_EPS1_ELFLR0_EMLL0_FSSC10_FL0_GLVWA2_GLVWB2_GRCGA1_GRCGB1_GRPM1_GRVW2_GSU1_GSUASB_GLS0_ISA942_IU1_K1_KLA_LBSPPA0_LBSPPB128_LPA0_LPB2_LDL1_LRVW1_LWPMn1_LDW0_FMA_MIAV1_MDA2_MO40_MMFSC_MKFGSU256_NTA0_NTB0_NTC3_NTD3_NEPBS0_NLCA1_NLCB1_ONLL1_OPLV0_PK0_PAP0_PGR2_PLR1_PKA0_SIA3_SLW1_SS1_SU0_SUM0_SUS0_SCIUI1_SPO1_SRVW0_SSO6_SVW2_SNLL0_TSGRA0_TSGRB0_TT2_64_TLDS1_UMLDSA0_UMLDSB1_U64SL1_USFGROn1_VAW1_VSn1_VW2_VWB1_VFLRP0_WSGRA0_WSGRB0_WS64_WG64_4_1_WGM6",26286,6448475867878347,6448475867887041,0,9216,256,1,1,256,8,1
"KERNEL_DISPATCH",1,1,234821,891,910,"Cijk_Ailk_Bljk_DB_MT32x64x32_MI16x16x4x1_SN_1LDSB1_APM1_ABV0_ACED0_AF0EM2_AF1EM2_AMAS0_ASE_ASGT_ASLT_ASM_ASAE01_ASCE01_ASEM2_AAC0_BL1_BS1_CLR0_DTLA0_DTLB0_DTVA0_DTVB0_DVO0_ETSP_EPS1_ELFLR0_EMLL0_FSSC10_FL0_GLVWA2_GLVWB2_GRCGA1_GRCGB1_GRPM1_GRVW2_GSU1_GSUASB_GLS0_ISA942_IU1_K1_KLA_LBSPPA0_LBSPPB256_LPA0_LPB4_LDL1_LRVW2_LWPMn1_LDW0_FMA_MIAV1_MDA2_MO40_MMFSC_MKFGSU256_NTA0_NTB0_NTC3_NTD3_NEPBS0_NLCA1_NLCB1_ONLL1_OPLV0_PK0_PAP0_PGR2_PLR9_PKA0_SIA3_SLW1_SS1_SU0_SUM0_SUS0_SCIUI1_SPO1_SRVW0_SSO6_SVW1_SNLL0_TSGRA0_TSGRB0_TT2_16_TLDS1_UMLDSA0_UMLDSB1_U64SL1_USFGROn1_VAW1_VSn1_VW1_VWB1_VFLRP0_WSGRA0_WSGRB0_WS64_WG16_16_1_WGM6",26289,6448475867890475,6448475867908062,0,26624,256,1,1,4096,8,1
"KERNEL_DISPATCH",1,1,234821,892,151,"void rocsolver::v32802::getf2_npvt_small_kernel<16, double, int, int, double*>(int, double*, long, int, long, int*, int, int)",26292,6448475867909155,6448475867919571,0,136,512,1,1,512,1,1
"KERNEL_DISPATCH",1,1,234821,893,203,"void rocsolver::v32802::unit_forward_substitution_kernel<double, int, double*>(int, int, double*, int, int, long, long, double*, int, int, long, long)",26297,6448475867918779,6448475867928033,0,512,16,64,1,16,512,1
"KERNEL_DISPATCH",1,1,234821,894,859,"Cijk_Ailk_Bljk_DB_MT64x32x32_MI16x16x4x1_SN_1LDSB1_APM1_ABV0_ACED0_AF0EM2_AF1EM2_AMAS3_ASE_ASGT_ASLT_ASM_ASAE01_ASCE01_ASEM2_AAC0_BL1_BS1_CLR0_DTLA0_DTLB0_DTVA0_DTVB0_DVO0_ETSP_EPS1_ELFLR0_EMLL0_FSSC10_FL0_GLVWA2_GLVWB2_GRCGA1_GRCGB1_GRPM1_GRVW2_GSU1_GSUASB_GLS0_ISA942_IU1_K1_KLA_LBSPPA0_LBSPPB256_LPA0_LPB4_LDL1_LRVW2_LWPMn1_LDW0_FMA_MIAV1_MDA2_MO40_MMFSC_MKFGSU256_NTA0_NTB0_NTC3_NTD3_NEPBS0_NLCA1_NLCB1_ONLL1_OPLV0_PK0_PAP0_PGR2_PLR9_PKA0_SIA3_SLW1_SS1_SU0_SUM0_SUS0_SCIUI1_SPO1_SRVW0_SSO6_SVW2_SNLL0_TSGRA0_TSGRB0_TT2_16_TLDS1_UMLDSA0_UMLDSB1_U64SL1_USFGROn1_VAW1_VSn1_VW2_VWB1_VFLRP0_WSGRA0_WSGRB0_WS64_WG32_8_1_WGM6",26300,6448475867936055,6448475867940822,0,25600,256,1,1,2048,16,1
"KERNEL_DISPATCH",1,1,234821,895,151,"void rocsolver::v32802::getf2_npvt_small_kernel<16, double, int, int, double*>(int, double*, long, int, long, int*, int, int)",26303,6448475867949175,6448475867959431,0,136,496,1,1,496,1,1
"KERNEL_DISPATCH",1,1,234821,896,203,"void rocsolver::v32802::unit_forward_substitution_kernel<double, int, double*>(int, int, double*, int, int, long, long, double*, int, int, long, long)",26308,6448475867966202,6448475867976097,0,512,16,64,1,16,512,1
"KERNEL_DISPATCH",1,1,234821,898,151,"void rocsolver::v32802::getf2_npvt_small_kernel<16, double, int, int, double*>(int, double*, long, int, long, int*, int, int)",26314,6448475867988196,6448475867997811,0,136,480,1,1,480,1,1
"KERNEL_DISPATCH",1,1,234821,897,859,"Cijk_Ailk_Bljk_DB_MT64x32x32_MI16x16x4x1_SN_1LDSB1_APM1_ABV0_ACED0_AF0EM2_AF1EM2_AMAS3_ASE_ASGT_ASLT_ASM_ASAE01_ASCE01_ASEM2_AAC0_BL1_BS1_CLR0_DTLA0_DTLB0_DTVA0_DTVB0_DVO0_ETSP_EPS1_ELFLR0_EMLL0_FSSC10_FL0_GLVWA2_GLVWB2_GRCGA1_GRCGB1_GRPM1_GRVW2_GSU1_GSUASB_GLS0_ISA942_IU1_K1_KLA_LBSPPA0_LBSPPB256_LPA0_LPB4_LDL1_LRVW2_LWPMn1_LDW0_FMA_MIAV1_MDA2_MO40_MMFSC_MKFGSU256_NTA0_NTB0_NTC3_NTD3_NEPBS0_NLCA1_NLCB1_ONLL1_OPLV0_PK0_PAP0_PGR2_PLR9_PKA0_SIA3_SLW1_SS1_SU0_SUM0_SUS0_SCIUI1_SPO1_SRVW0_SSO6_SVW2_SNLL0_TSGRA0_TSGRB0_TT2_16_TLDS1_UMLDSA0_UMLDSB1_U64SL1_USFGROn1_VAW1_VSn1_VW2_VWB1_VFLRP0_WSGRA0_WSGRB0_WS64_WG32_8_1_WGM6",26311,6448475867982948,6448475867988196,0,25600,256,1,1,2048,15,1
"KERNEL_DISPATCH",1,1,234821,899,203,"void rocsolver::v32802::unit_forward_substitution_kernel<double, int, double*>(int, int, double*, int, int, long, long, double*, int, int, long, long)",26319,6448475868000495,6448475868010710,0,512,16,64,1,16,512,1
"KERNEL_DISPATCH",1,1,234821,900,859,"Cijk_Ailk_Bljk_DB_MT64x32x32_MI16x16x4x1_SN_1LDSB1_APM1_ABV0_ACED0_AF0EM2_AF1EM2_AMAS3_ASE_ASGT_ASLT_ASM_ASAE01_ASCE01_ASEM2_AAC0_BL1_BS1_CLR0_DTLA0_DTLB0_DTVA0_DTVB0_DVO0_ETSP_EPS1_ELFLR0_EMLL0_FSSC10_FL0_GLVWA2_GLVWB2_GRCGA1_GRCGB1_GRPM1_GRVW2_GSU1_GSUASB_GLS0_ISA942_IU1_K1_KLA_LBSPPA0_LBSPPB256_LPA0_LPB4_LDL1_LRVW2_LWPMn1_LDW0_FMA_MIAV1_MDA2_MO40_MMFSC_MKFGSU256_NTA0_NTB0_NTC3_NTD3_NEPBS0_NLCA1_NLCB1_ONLL1_OPLV0_PK0_PAP0_PGR2_PLR9_PKA0_SIA3_SLW1_SS1_SU0_SUM0_SUS0_SCIUI1_SPO1_SRVW0_SSO6_SVW2_SNLL0_TSGRA0_TSGRB0_TT2_16_TLDS1_UMLDSA0_UMLDSB1_U64SL1_USFGROn1_VAW1_VSn1_VW2_VWB1_VFLRP0_WSGRA0_WSGRB0_WS64_WG32_8_1_WGM6",26322,6448475868028898,6448475868033065,0,25600,256,1,1,2048,15,1
"KERNEL_DISPATCH",1,1,234821,901,151,"void rocsolver::v32802::getf2_npvt_small_kernel<16, double, int, int, double*>(int, double*, long, int, long, int*, int, int)",26325,6448475868043120,6448475868052935,0,136,464,1,1,464,1,1
"KERNEL_DISPATCH",1,1,234821,902,203,"void rocsolver::v32802::unit_forward_substitution_kernel<double, int, double*>(int, int, double*, int, int, long, long, double*, int, int, long, long)",26330,6448475868059345,6448475868069280,0,512,16,64,1,16,448,1
"KERNEL_DISPATCH",1,1,234821,903,859,"Cijk_Ailk_Bljk_DB_MT64x32x32_MI16x16x4x1_SN_1LDSB1_APM1_ABV0_ACED0_AF0EM2_AF1EM2_AMAS3_ASE_ASGT_ASLT_ASM_ASAE01_ASCE01_ASEM2_AAC0_BL1_BS1_CLR0_DTLA0_DTLB0_DTVA0_DTVB0_DVO0_ETSP_EPS1_ELFLR0_EMLL0_FSSC10_FL0_GLVWA2_GLVWB2_GRCGA1_GRCGB1_GRPM1_GRVW2_GSU1_GSUASB_GLS0_ISA942_IU1_K1_KLA_LBSPPA0_LBSPPB256_LPA0_LPB4_LDL1_LRVW2_LWPMn1_LDW0_FMA_MIAV1_MDA2_MO40_MMFSC_MKFGSU256_NTA0_NTB0_NTC3_NTD3_NEPBS0_NLCA1_NLCB1_ONLL1_OPLV0_PK0_PAP0_PGR2_PLR9_PKA0_SIA3_SLW1_SS1_SU0_SUM0_SUS0_SCIUI1_SPO1_SRVW0_SSO6_SVW2_SNLL0_TSGRA0_TSGRB0_TT2_16_TLDS1_UMLDSA0_UMLDSB1_U64SL1_USFGROn1_VAW1_VSn1_VW2_VWB1_VFLRP0_WSGRA0_WSGRB0_WS64_WG32_8_1_WGM6",26333,6448475868074328,6448475868078735,0,25600,256,1,1,1792,14,1
"KERNEL_DISPATCH",1,1,234821,904,151,"void rocsolver::v32802::getf2_npvt_small_kernel<16, double, int, int, double*>(int, double*, long, int, long, int*, int, int)",26336,6448475868086867,6448475868096322,0,136,448,1,1,448,1,1
"KERNEL_DISPATCH",1,1,234821,905,203,"void rocsolver::v32802::unit_forward_substitution_kernel<double, int, double*>(int, int, double*, int, int, long, long, double*, int, int, long, long)",26341,6448475868105175,6448475868114309,0,512,16,64,1,16,448,1
"KERNEL_DISPATCH",1,1,234821,906,859,"Cijk_Ailk_Bljk_DB_MT64x32x32_MI16x16x4x1_SN_1LDSB1_APM1_ABV0_ACED0_AF0EM2_AF1EM2_AMAS3_ASE_ASGT_ASLT_ASM_ASAE01_ASCE01_ASEM2_AAC0_BL1_BS1_CLR0_DTLA0_DTLB0_DTVA0_DTVB0_DVO0_ETSP_EPS1_ELFLR0_EMLL0_FSSC10_FL0_GLVWA2_GLVWB2_GRCGA1_GRCGB1_GRPM1_GRVW2_GSU1_GSUASB_GLS0_ISA942_IU1_K1_KLA_LBSPPA0_LBSPPB256_LPA0_LPB4_LDL1_LRVW2_LWPMn1_LDW0_FMA_MIAV1_MDA2_MO40_MMFSC_MKFGSU256_NTA0_NTB0_NTC3_NTD3_NEPBS0_NLCA1_NLCB1_ONLL1_OPLV0_PK0_PAP0_PGR2_PLR9_PKA0_SIA3_SLW1_SS1_SU0_SUM0_SUS0_SCIUI1_SPO1_SRVW0_SSO6_SVW2_SNLL0_TSGRA0_TSGRB0_TT2_16_TLDS1_UMLDSA0_UMLDSB1_U64SL1_USFGROn1_VAW1_VSn1_VW2_VWB1_VFLRP0_WSGRA0_WSGRB0_WS64_WG32_8_1_WGM6",26344,6448475868123643,6448475868127850,0,25600,256,1,1,1792,14,1
"KERNEL_DISPATCH",1,1,234821,907,151,"void rocsolver::v32802::getf2_npvt_small_kernel<16, double, int, int, double*>(int, double*, long, int, long, int*, int, int)",26347,6448475868134781,6448475868143995,0,136,432,1,1,432,1,1
"KERNEL_DISPATCH",1,1,234821,910,151,"void rocsolver::v32802::getf2_npvt_small_kernel<16, double, int, int, double*>(int, double*, long, int, long, int*, int, int)",26358,6448475868175243,6448475868184296,0,136,416,1,1,416,1,1
"KERNEL_DISPATCH",1,1,234821,909,859,"Cijk_Ailk_Bljk_DB_MT64x32x32_MI16x16x4x1_SN_1LDSB1_APM1_ABV0_ACED0_AF0EM2_AF1EM2_AMAS3_ASE_ASGT_ASLT_ASM_ASAE01_ASCE01_ASEM2_AAC0_BL1_BS1_CLR0_DTLA0_DTLB0_DTVA0_DTVB0_DVO0_ETSP_EPS1_ELFLR0_EMLL0_FSSC10_FL0_GLVWA2_GLVWB2_GRCGA1_GRCGB1_GRPM1_GRVW2_GSU1_GSUASB_GLS0_ISA942_IU1_K1_KLA_LBSPPA0_LBSPPB256_LPA0_LPB4_LDL1_LRVW2_LWPMn1_LDW0_FMA_MIAV1_MDA2_MO40_MMFSC_MKFGSU256_NTA0_NTB0_NTC3_NTD3_NEPBS0_NLCA1_NLCB1_ONLL1_OPLV0_PK0_PAP0_PGR2_PLR9_PKA0_SIA3_SLW1_SS1_SU0_SUM0_SUS0_SCIUI1_SPO1_SRVW0_SSO6_SVW2_SNLL0_TSGRA0_TSGRB0_TT2_16_TLDS1_UMLDSA0_UMLDSB1_U64SL1_USFGROn1_VAW1_VSn1_VW2_VWB1_VFLRP0_WSGRA0_WSGRB0_WS64_WG32_8_1_WGM6",26355,6448475868168833,6448475868173320,0,25600,256,1,1,1792,13,1
"KERNEL_DISPATCH",1,1,234821,908,203,"void rocsolver::v32802::unit_forward_substitution_kernel<double, int, double*>(int, int, double*, int, int, long, long, double*, int, int, long, long)",26352,6448475868146198,6448475868155092,0,512,16,64,1,16,448,1
"KERNEL_DISPATCH",1,1,234821,911,203,"void rocsolver::v32802::unit_forward_substitution_kernel<double, int, double*>(int, int, double*, int, int, long, long, double*, int, int, long, long)",26363,6448475868186380,6448475868195634,0,512,16,64,1,16,448,1
"KERNEL_DISPATCH",1,1,234821,912,859,"Cijk_Ailk_Bljk_DB_MT64x32x32_MI16x16x4x1_SN_1LDSB1_APM1_ABV0_ACED0_AF0EM2_AF1EM2_AMAS3_ASE_ASGT_ASLT_ASM_ASAE01_ASCE01_ASEM2_AAC0_BL1_BS1_CLR0_DTLA0_DTLB0_DTVA0_DTVB0_DVO0_ETSP_EPS1_ELFLR0_EMLL0_FSSC10_FL0_GLVWA2_GLVWB2_GRCGA1_GRCGB1_GRPM1_GRVW2_GSU1_GSUASB_GLS0_ISA942_IU1_K1_KLA_LBSPPA0_LBSPPB256_LPA0_LPB4_LDL1_LRVW2_LWPMn1_LDW0_FMA_MIAV1_MDA2_MO40_MMFSC_MKFGSU256_NTA0_NTB0_NTC3_NTD3_NEPBS0_NLCA1_NLCB1_ONLL1_OPLV0_PK0_PAP0_PGR2_PLR9_PKA0_SIA3_SLW1_SS1_SU0_SUM0_SUS0_SCIUI1_SPO1_SRVW0_SSO6_SVW2_SNLL0_TSGRA0_TSGRB0_TT2_16_TLDS1_UMLDSA0_UMLDSB1_U64SL1_USFGROn1_VAW1_VSn1_VW2_VWB1_VFLRP0_WSGRA0_WSGRB0_WS64_WG32_8_1_WGM6",26366,6448475868206731,6448475868210817,0,25600,256,1,1,1792,13,1
"KERNEL_DISPATCH",1,1,234821,913,151,"void rocsolver::v32802::getf2_npvt_small_kernel<16, double, int, int, double*>(int, double*, long, int, long, int*, int, int)",26369,6448475868220432,6448475868229926,0,136,400,1,1,400,1,1
"KERNEL_DISPATCH",1,1,234821,914,203,"void rocsolver::v32802::unit_forward_substitution_kernel<double, int, double*>(int, int, double*, int, int, long, long, double*, int, int, long, long)",26374,6448475868232410,6448475868241905,0,512,16,64,1,16,384,1
"KERNEL_DISPATCH",1,1,234821,915,859,"Cijk_Ailk_Bljk_DB_MT64x32x32_MI16x16x4x1_SN_1LDSB1_APM1_ABV0_ACED0_AF0EM2_AF1EM2_AMAS3_ASE_ASGT_ASLT_ASM_ASAE01_ASCE01_ASEM2_AAC0_BL1_BS1_CLR0_DTLA0_DTLB0_DTVA0_DTVB0_DVO0_ETSP_EPS1_ELFLR0_EMLL0_FSSC10_FL0_GLVWA2_GLVWB2_GRCGA1_GRCGB1_GRPM1_GRVW2_GSU1_GSUASB_GLS0_ISA942_IU1_K1_KLA_LBSPPA0_LBSPPB256_LPA0_LPB4_LDL1_LRVW2_LWPMn1_LDW0_FMA_MIAV1_MDA2_MO40_MMFSC_MKFGSU256_NTA0_NTB0_NTC3_NTD3_NEPBS0_NLCA1_NLCB1_ONLL1_OPLV0_PK0_PAP0_PGR2_PLR9_PKA0_SIA3_SLW1_SS1_SU0_SUM0_SUS0_SCIUI1_SPO1_SRVW0_SSO6_SVW2_SNLL0_TSGRA0_TSGRB0_TT2_16_TLDS1_UMLDSA0_UMLDSB1_U64SL1_USFGROn1_VAW1_VSn1_VW2_VWB1_VFLRP0_WSGRA0_WSGRB0_WS64_WG32_8_1_WGM6",26377,6448475868264619,6448475868268825,0,25600,256,1,1,1536,12,1
"KERNEL_DISPATCH",1,1,234821,916,151,"void rocsolver::v32802::getf2_npvt_small_kernel<16, double, int, int, double*>(int, double*, long, int, long, int*, int, int)",26380,6448475868278441,6448475868287374,0,136,384,1,1,384,1,1
"KERNEL_DISPATCH",1,1,234821,917,203,"void rocsolver::v32802::unit_forward_substitution_kernel<double, int, double*>(int, int, double*, int, int, long, long, double*, int, int, long, long)",26385,6448475868290780,6448475868300394,0,512,16,64,1,16,384,1
"KERNEL_DISPATCH",1,1,234821,918,629,"Cijk_Ailk_Bljk_DB_MT128x64x16_MI16x16x4x1_SN_1LDSB1_APM1_ABV0_ACED0_AF0EM2_AF1EM2_AMAS3_ASE_ASGT_ASLT_ASM_ASAE01_ASCE01_ASEM2_AAC0_BL1_BS1_CLR0_DTLA0_DTLB0_DTVA1_DTVB0_DVO0_ETSP_EPS1_ELFLR0_EMLL0_FSSC10_FL0_GLVWA2_GLVWB2_GRCGA1_GRCGB1_GRPM1_GRVW2_GSU1_GSUASB_GLS0_ISA942_IU1_K1_KLA_LBSPPA0_LBSPPB0_LPA0_LPB2_LDL1_LRVW1_LWPMn1_LDW0_FMA_MIAV1_MDA2_MO40_MMFSC_MKFGSU256_NTA0_NTB0_NTC3_NTD3_NEPBS4_NLCA1_NLCB1_ONLL1_OPLV0_PK0_PAP0_PGR2_PLR1_PKA0_SIA3_SLW1_SS1_SU0_SUM0_SUS0_SCIUI1_SPO1_SRVW0_SSO6_SVW2_SNLL0_TSGRA0_TSGRB0_TT2_64_TLDS0_UMLDSA0_UMLDSB0_U64SL1_USFGROn1_VAW1_VSn1_VW2_VWB1_VFLRP0_WSGRA0_WSGRB0_WS64_WG64_4_1_WGM12",26388,6448475868304361,6448475868312493,0,8448,256,1,1,768,6,1
"KERNEL_DISPATCH",1,1,234821,919,151,"void rocsolver::v32802::getf2_npvt_small_kernel<16, double, int, int, double*>(int, double*, long, int, long, int*, int, int)",26391,6448475868316219,6448475868325273,0,136,368,1,1,368,1,1
"KERNEL_DISPATCH",1,1,234821,920,203,"void rocsolver::v32802::unit_forward_substitution_kernel<double, int, double*>(int, int, double*, int, int, long, long, double*, int, int, long, long)",26396,6448475868334166,6448475868343981,0,512,16,64,1,16,384,1
"KERNEL_DISPATCH",1,1,234821,921,629,"Cijk_Ailk_Bljk_DB_MT128x64x16_MI16x16x4x1_SN_1LDSB1_APM1_ABV0_ACED0_AF0EM2_AF1EM2_AMAS3_ASE_ASGT_ASLT_ASM_ASAE01_ASCE01_ASEM2_AAC0_BL1_BS1_CLR0_DTLA0_DTLB0_DTVA1_DTVB0_DVO0_ETSP_EPS1_ELFLR0_EMLL0_FSSC10_FL0_GLVWA2_GLVWB2_GRCGA1_GRCGB1_GRPM1_GRVW2_GSU1_GSUASB_GLS0_ISA942_IU1_K1_KLA_LBSPPA0_LBSPPB0_LPA0_LPB2_LDL1_LRVW1_LWPMn1_LDW0_FMA_MIAV1_MDA2_MO40_MMFSC_MKFGSU256_NTA0_NTB0_NTC3_NTD3_NEPBS4_NLCA1_NLCB1_ONLL1_OPLV0_PK0_PAP0_PGR2_PLR1_PKA0_SIA3_SLW1_SS1_SU0_SUM0_SUS0_SCIUI1_SPO1_SRVW0_SSO6_SVW2_SNLL0_TSGRA0_TSGRB0_TT2_64_TLDS0_UMLDSA0_UMLDSB0_U64SL1_USFGROn1_VAW1_VSn1_VW2_VWB1_VFLRP0_WSGRA0_WSGRB0_WS64_WG64_4_1_WGM12",26399,6448475868354998,6448475868360527,0,8448,256,1,1,768,6,1
"KERNEL_DISPATCH",1,1,234821,922,151,"void rocsolver::v32802::getf2_npvt_small_kernel<16, double, int, int, double*>(int, double*, long, int, long, int*, int, int)",26402,6448475868363852,6448475868372505,0,136,352,1,1,352,1,1
"KERNEL_DISPATCH",1,1,234821,923,203,"void rocsolver::v32802::unit_forward_substitution_kernel<double, int, double*>(int, int, double*, int, int, long, long, double*, int, int, long, long)",26407,6448475868380678,6448475868390212,0,512,16,64,1,16,384,1
"KERNEL_DISPATCH",1,1,234821,924,629,"Cijk_Ailk_Bljk_DB_MT128x64x16_MI16x16x4x1_SN_1LDSB1_APM1_ABV0_ACED0_AF0EM2_AF1EM2_AMAS3_ASE_ASGT_ASLT_ASM_ASAE01_ASCE01_ASEM2_AAC0_BL1_BS1_CLR0_DTLA0_DTLB0_DTVA1_DTVB0_DVO0_ETSP_EPS1_ELFLR0_EMLL0_FSSC10_FL0_GLVWA2_GLVWB2_GRCGA1_GRCGB1_GRPM1_GRVW2_GSU1_GSUASB_GLS0_ISA942_IU1_K1_KLA_LBSPPA0_LBSPPB0_LPA0_LPB2_LDL1_LRVW1_LWPMn1_LDW0_FMA_MIAV1_MDA2_MO40_MMFSC_MKFGSU256_NTA0_NTB0_NTC3_NTD3_NEPBS4_NLCA1_NLCB1_ONLL1_OPLV0_PK0_PAP0_PGR2_PLR1_PKA0_SIA3_SLW1_SS1_SU0_SUM0_SUS0_SCIUI1_SPO1_SRVW0_SSO6_SVW2_SNLL0_TSGRA0_TSGRB0_TT2_64_TLDS0_UMLDSA0_UMLDSB0_U64SL1_USFGROn1_VAW1_VSn1_VW2_VWB1_VFLRP0_WSGRA0_WSGRB0_WS64_WG64_4_1_WGM12",26410,6448475868404033,6448475868410684,0,8448,256,1,1,768,6,1
"KERNEL_DISPATCH",1,1,234821,925,151,"void rocsolver::v32802::getf2_npvt_small_kernel<16, double, int, int, double*>(int, double*, long, int, long, int*, int, int)",26413,6448475868416533,6448475868425546,0,136,336,1,1,336,1,1
"KERNEL_DISPATCH",1,1,234821,926,203,"void rocsolver::v32802::unit_forward_substitution_kernel<double, int, double*>(int, int, double*, int, int, long, long, double*, int, int, long, long)",26418,6448475868425546,6448475868435001,0,512,16,64,1,16,320,1
"KERNEL_DISPATCH",1,1,234821,927,629,"Cijk_Ailk_Bljk_DB_MT128x64x16_MI16x16x4x1_SN_1LDSB1_APM1_ABV0_ACED0_AF0EM2_AF1EM2_AMAS3_ASE_ASGT_ASLT_ASM_ASAE01_ASCE01_ASEM2_AAC0_BL1_BS1_CLR0_DTLA0_DTLB0_DTVA1_DTVB0_DVO0_ETSP_EPS1_ELFLR0_EMLL0_FSSC10_FL0_GLVWA2_GLVWB2_GRCGA1_GRCGB1_GRPM1_GRVW2_GSU1_GSUASB_GLS0_ISA942_IU1_K1_KLA_LBSPPA0_LBSPPB0_LPA0_LPB2_LDL1_LRVW1_LWPMn1_LDW0_FMA_MIAV1_MDA2_MO40_MMFSC_MKFGSU256_NTA0_NTB0_NTC3_NTD3_NEPBS4_NLCA1_NLCB1_ONLL1_OPLV0_PK0_PAP0_PGR2_PLR1_PKA0_SIA3_SLW1_SS1_SU0_SUM0_SUS0_SCIUI1_SPO1_SRVW0_SSO6_SVW2_SNLL0_TSGRA0_TSGRB0_TT2_64_TLDS0_UMLDSA0_UMLDSB0_U64SL1_USFGROn1_VAW1_VSn1_VW2_VWB1_VFLRP0_WSGRA0_WSGRB0_WS64_WG64_4_1_WGM12",26421,6448475868444135,6448475868452387,0,8448,256,1,1,768,5,1
"KERNEL_DISPATCH",1,1,234821,928,151,"void rocsolver::v32802::getf2_npvt_small_kernel<16, double, int, int, double*>(int, double*, long, int, long, int*, int, int)",26424,6448475868457996,6448475868467651,0,136,320,1,1,320,1,1
"KERNEL_DISPATCH",1,1,234821,929,203,"void rocsolver::v32802::unit_forward_substitution_kernel<double, int, double*>(int, int, double*, int, int, long, long, double*, int, int, long, long)",26429,6448475868471978,6448475868480471,0,512,16,64,1,16,320,1
"KERNEL_DISPATCH",1,1,234821,930,629,"Cijk_Ailk_Bljk_DB_MT128x64x16_MI16x16x4x1_SN_1LDSB1_APM1_ABV0_ACED0_AF0EM2_AF1EM2_AMAS3_ASE_ASGT_ASLT_ASM_ASAE01_ASCE01_ASEM2_AAC0_BL1_BS1_CLR0_DTLA0_DTLB0_DTVA1_DTVB0_DVO0_ETSP_EPS1_ELFLR0_EMLL0_FSSC10_FL0_GLVWA2_GLVWB2_GRCGA1_GRCGB1_GRPM1_GRVW2_GSU1_GSUASB_GLS0_ISA942_IU1_K1_KLA_LBSPPA0_LBSPPB0_LPA0_LPB2_LDL1_LRVW1_LWPMn1_LDW0_FMA_MIAV1_MDA2_MO40_MMFSC_MKFGSU256_NTA0_NTB0_NTC3_NTD3_NEPBS4_NLCA1_NLCB1_ONLL1_OPLV0_PK0_PAP0_PGR2_PLR1_PKA0_SIA3_SLW1_SS1_SU0_SUM0_SUS0_SCIUI1_SPO1_SRVW0_SSO6_SVW2_SNLL0_TSGRA0_TSGRB0_TT2_64_TLDS0_UMLDSA0_UMLDSB0_U64SL1_USFGROn1_VAW1_VSn1_VW2_VWB1_VFLRP0_WSGRA0_WSGRB0_WS64_WG64_4_1_WGM12",26432,6448475868485038,6448475868491127,0,8448,256,1,1,768,5,1
"KERNEL_DISPATCH",1,1,234821,931,151,"void rocsolver::v32802::getf2_npvt_small_kernel<16, double, int, int, double*>(int, double*, long, int, long, int*, int, int)",26435,6448475868496415,6448475868504908,0,136,304,1,1,304,1,1
"KERNEL_DISPATCH",1,1,234821,932,203,"void rocsolver::v32802::unit_forward_substitution_kernel<double, int, double*>(int, int, double*, int, int, long, long, double*, int, int, long, long)",26440,6448475868512499,6448475868521032,0,512,16,64,1,16,320,1
"KERNEL_DISPATCH",1,1,234821,933,629,"Cijk_Ailk_Bljk_DB_MT128x64x16_MI16x16x4x1_SN_1LDSB1_APM1_ABV0_ACED0_AF0EM2_AF1EM2_AMAS3_ASE_ASGT_ASLT_ASM_ASAE01_ASCE01_ASEM2_AAC0_BL1_BS1_CLR0_DTLA0_DTLB0_DTVA1_DTVB0_DVO0_ETSP_EPS1_ELFLR0_EMLL0_FSSC10_FL0_GLVWA2_GLVWB2_GRCGA1_GRCGB1_GRPM1_GRVW2_GSU1_GSUASB_GLS0_ISA942_IU1_K1_KLA_LBSPPA0_LBSPPB0_LPA0_LPB2_LDL1_LRVW1_LWPMn1_LDW0_FMA_MIAV1_MDA2_MO40_MMFSC_MKFGSU256_NTA0_NTB0_NTC3_NTD3_NEPBS4_NLCA1_NLCB1_ONLL1_OPLV0_PK0_PAP0_PGR2_PLR1_PKA0_SIA3_SLW1_SS1_SU0_SUM0_SUS0_SCIUI1_SPO1_SRVW0_SSO6_SVW2_SNLL0_TSGRA0_TSGRB0_TT2_64_TLDS0_UMLDSA0_UMLDSB0_U64SL1_USFGROn1_VAW1_VSn1_VW2_VWB1_VFLRP0_WSGRA0_WSGRB0_WS64_WG64_4_1_WGM12",26443,6448475868532150,6448475868539962,0,8448,256,1,1,768,5,1
"KERNEL_DISPATCH",1,1,234821,934,151,"void rocsolver::v32802::getf2_npvt_small_kernel<16, double, int, int, double*>(int, double*, long, int, long, int*, int, int)",26446,6448475868544769,6448475868554784,0,136,288,1,1,288,1,1
"KERNEL_DISPATCH",1,1,234821,935,203,"void rocsolver::v32802::unit_forward_substitution_kernel<double, int, double*>(int, int, double*, int, int, long, long, double*, int, int, long, long)",26451,6448475868554784,6448475868563318,0,512,16,64,1,16,320,1
"KERNEL_DISPATCH",1,1,234821,936,753,"Cijk_Ailk_Bljk_DB_MT64x64x16_MI16x16x4x1_SN_1LDSB1_APM1_ABV0_ACED0_AF0EM2_AF1EM2_AMAS3_ASE_ASGT_ASLT_ASM_ASAE01_ASCE01_ASEM2_AAC0_BL1_BS1_CLR0_DTLA0_DTLB0_DTVA0_DTVB0_DVO0_ETSP_EPS1_ELFLR0_EMLL0_FSSC10_FL0_GLVWA2_GLVWB2_GRCGA1_GRCGB1_GRPM1_GRVW2_GSU1_GSUASB_GLS0_ISA942_IU1_K1_KLA_LBSPPA0_LBSPPB128_LPA0_LPB2_LDL1_LRVW1_LWPMn1_LDW0_FMA_MIAV1_MDA2_MO40_MMFSC_MKFGSU256_NTA0_NTB0_NTC3_NTD3_NEPBS4_NLCA1_NLCB1_ONLL1_OPLV0_PK0_PAP0_PGR2_PLR5_PKA0_SIA3_SLW1_SS1_SU0_SUM0_SUS0_SCIUI1_SPO1_SRVW0_SSO6_SVW2_SNLL0_TSGRA0_TSGRB0_TT2_32_TLDS1_UMLDSA0_UMLDSB1_U64SL1_USFGROn1_VAW1_VSn1_VW2_VWB1_VFLRP0_WSGRA0_WSGRB0_WS64_WG32_8_1_WGM6",26454,6448475868594165,6448475868599733,0,17408,256,1,1,1280,5,1
"KERNEL_DISPATCH",1,1,234821,937,151,"void rocsolver::v32802::getf2_npvt_small_kernel<16, double, int, int, double*>(int, double*, long, int, long, int*, int, int)",26457,6448475868603419,6448475868612793,0,136,272,1,1,272,1,1
"KERNEL_DISPATCH",1,1,234821,938,203,"void rocsolver::v32802::unit_forward_substitution_kernel<double, int, double*>(int, int, double*, int, int, long, long, double*, int, int, long, long)",26462,6448475868612793,6448475868621327,0,512,16,64,1,16,256,1
"KERNEL_DISPATCH",1,1,234821,939,753,"Cijk_Ailk_Bljk_DB_MT64x64x16_MI16x16x4x1_SN_1LDSB1_APM1_ABV0_ACED0_AF0EM2_AF1EM2_AMAS3_ASE_ASGT_ASLT_ASM_ASAE01_ASCE01_ASEM2_AAC0_BL1_BS1_CLR0_DTLA0_DTLB0_DTVA0_DTVB0_DVO0_ETSP_EPS1_ELFLR0_EMLL0_FSSC10_FL0_GLVWA2_GLVWB2_GRCGA1_GRCGB1_GRPM1_GRVW2_GSU1_GSUASB_GLS0_ISA942_IU1_K1_KLA_LBSPPA0_LBSPPB128_LPA0_LPB2_LDL1_LRVW1_LWPMn1_LDW0_FMA_MIAV1_MDA2_MO40_MMFSC_MKFGSU256_NTA0_NTB0_NTC3_NTD3_NEPBS4_NLCA1_NLCB1_ONLL1_OPLV0_PK0_PAP0_PGR2_PLR5_PKA0_SIA3_SLW1_SS1_SU0_SUM0_SUS0_SCIUI1_SPO1_SRVW0_SSO6_SVW2_SNLL0_TSGRA0_TSGRB0_TT2_32_TLDS1_UMLDSA0_UMLDSB1_U64SL1_USFGROn1_VAW1_VSn1_VW2_VWB1_VFLRP0_WSGRA0_WSGRB0_WS64_WG32_8_1_WGM6",26465,6448475868629980,6448475868634587,0,17408,256,1,1,1024,4,1
"KERNEL_DISPATCH",1,1,234821,940,151,"void rocsolver::v32802::getf2_npvt_small_kernel<16, double, int, int, double*>(int, double*, long, int, long, int*, int, int)",26468,6448475868645734,6448475868654026,0,136,256,1,1,256,1,1
"KERNEL_DISPATCH",1,1,234821,941,203,"void rocsolver::v32802::unit_forward_substitution_kernel<double, int, double*>(int, int, double*, int, int, long, long, double*, int, int, long, long)",26473,6448475868658383,6448475868668118,0,512,16,64,1,16,256,1
"KERNEL_DISPATCH",1,1,234821,942,753,"Cijk_Ailk_Bljk_DB_MT64x64x16_MI16x16x4x1_SN_1LDSB1_APM1_ABV0_ACED0_AF0EM2_AF1EM2_AMAS3_ASE_ASGT_ASLT_ASM_ASAE01_ASCE01_ASEM2_AAC0_BL1_BS1_CLR0_DTLA0_DTLB0_DTVA0_DTVB0_DVO0_ETSP_EPS1_ELFLR0_EMLL0_FSSC10_FL0_GLVWA2_GLVWB2_GRCGA1_GRCGB1_GRPM1_GRVW2_GSU1_GSUASB_GLS0_ISA942_IU1_K1_KLA_LBSPPA0_LBSPPB128_LPA0_LPB2_LDL1_LRVW1_LWPMn1_LDW0_FMA_MIAV1_MDA2_MO40_MMFSC_MKFGSU256_NTA0_NTB0_NTC3_NTD3_NEPBS4_NLCA1_NLCB1_ONLL1_OPLV0_PK0_PAP0_PGR2_PLR5_PKA0_SIA3_SLW1_SS1_SU0_SUM0_SUS0_SCIUI1_SPO1_SRVW0_SSO6_SVW2_SNLL0_TSGRA0_TSGRB0_TT2_32_TLDS1_UMLDSA0_UMLDSB1_U64SL1_USFGROn1_VAW1_VSn1_VW2_VWB1_VFLRP0_WSGRA0_WSGRB0_WS64_WG32_8_1_WGM6",26476,6448475868696081,6448475868700889,0,17408,256,1,1,1024,4,1
"KERNEL_DISPATCH",1,1,234821,943,151,"void rocsolver::v32802::getf2_npvt_small_kernel<16, double, int, int, double*>(int, double*, long, int, long, int*, int, int)",26479,6448475868704133,6448475868713066,0,136,240,1,1,240,1,1
"KERNEL_DISPATCH",1,1,234821,944,203,"void rocsolver::v32802::unit_forward_substitution_kernel<double, int, double*>(int, int, double*, int, int, long, long, double*, int, int, long, long)",26484,6448475868713868,6448475868723042,0,512,16,64,1,16,256,1
"KERNEL_DISPATCH",1,1,234821,945,753,"Cijk_Ailk_Bljk_DB_MT64x64x16_MI16x16x4x1_SN_1LDSB1_APM1_ABV0_ACED0_AF0EM2_AF1EM2_AMAS3_ASE_ASGT_ASLT_ASM_ASAE01_ASCE01_ASEM2_AAC0_BL1_BS1_CLR0_DTLA0_DTLB0_DTVA0_DTVB0_DVO0_ETSP_EPS1_ELFLR0_EMLL0_FSSC10_FL0_GLVWA2_GLVWB2_GRCGA1_GRCGB1_GRPM1_GRVW2_GSU1_GSUASB_GLS0_ISA942_IU1_K1_KLA_LBSPPA0_LBSPPB128_LPA0_LPB2_LDL1_LRVW1_LWPMn1_LDW0_FMA_MIAV1_MDA2_MO40_MMFSC_MKFGSU256_NTA0_NTB0_NTC3_NTD3_NEPBS4_NLCA1_NLCB1_ONLL1_OPLV0_PK0_PAP0_PGR2_PLR5_PKA0_SIA3_SLW1_SS1_SU0_SUM0_SUS0_SCIUI1_SPO1_SRVW0_SSO6_SVW2_SNLL0_TSGRA0_TSGRB0_TT2_32_TLDS1_UMLDSA0_UMLDSB1_U64SL1_USFGROn1_VAW1_VSn1_VW2_VWB1_VFLRP0_WSGRA0_WSGRB0_WS64_WG32_8_1_WGM6",26487,6448475868734300,6448475868739708,0,17408,256,1,1,1024,4,1
"KERNEL_DISPATCH",1,1,234821,946,151,"void rocsolver::v32802::getf2_npvt_small_kernel<16, double, int, int, double*>(int, double*, long, int, long, int*, int, int)",26490,6448475868745637,6448475868755132,0,136,224,1,1,224,1,1
"KERNEL_DISPATCH",1,1,234821,947,203,"void rocsolver::v32802::unit_forward_substitution_kernel<double, int, double*>(int, int, double*, int, int, long, long, double*, int, int, long, long)",26495,6448475868755132,6448475868764386,0,512,16,64,1,16,256,1
"KERNEL_DISPATCH",1,1,234821,948,753,"Cijk_Ailk_Bljk_DB_MT64x64x16_MI16x16x4x1_SN_1LDSB1_APM1_ABV0_ACED0_AF0EM2_AF1EM2_AMAS3_ASE_ASGT_ASLT_ASM_ASAE01_ASCE01_ASEM2_AAC0_BL1_BS1_CLR0_DTLA0_DTLB0_DTVA0_DTVB0_DVO0_ETSP_EPS1_ELFLR0_EMLL0_FSSC10_FL0_GLVWA2_GLVWB2_GRCGA1_GRCGB1_GRPM1_GRVW2_GSU1_GSUASB_GLS0_ISA942_IU1_K1_KLA_LBSPPA0_LBSPPB128_LPA0_LPB2_LDL1_LRVW1_LWPMn1_LDW0_FMA_MIAV1_MDA2_MO40_MMFSC_MKFGSU256_NTA0_NTB0_NTC3_NTD3_NEPBS4_NLCA1_NLCB1_ONLL1_OPLV0_PK0_PAP0_PGR2_PLR5_PKA0_SIA3_SLW1_SS1_SU0_SUM0_SUS0_SCIUI1_SPO1_SRVW0_SSO6_SVW2_SNLL0_TSGRA0_TSGRB0_TT2_32_TLDS1_UMLDSA0_UMLDSB1_U64SL1_USFGROn1_VAW1_VSn1_VW2_VWB1_VFLRP0_WSGRA0_WSGRB0_WS64_WG32_8_1_WGM6",26498,6448475868774361,6448475868779209,0,17408,256,1,1,1024,4,1
"KERNEL_DISPATCH",1,1,234821,949,151,"void rocsolver::v32802::getf2_npvt_small_kernel<16, double, int, int, double*>(int, double*, long, int, long, int*, int, int)",26501,6448475868786448,6448475868794821,0,136,208,1,1,208,1,1
"KERNEL_DISPATCH",1,1,234821,950,203,"void rocsolver::v32802::unit_forward_substitution_kernel<double, int, double*>(int, int, double*, int, int, long, long, double*, int, int, long, long)",26506,6448475868799640,6448475868809175,0,512,16,64,1,16,192,1
"KERNEL_DISPATCH",1,1,234821,951,753,"Cijk_Ailk_Bljk_DB_MT64x64x16_MI16x16x4x1_SN_1LDSB1_APM1_ABV0_ACED0_AF0EM2_AF1EM2_AMAS3_ASE_ASGT_ASLT_ASM_ASAE01_ASCE01_ASEM2_AAC0_BL1_BS1_CLR0_DTLA0_DTLB0_DTVA0_DTVB0_DVO0_ETSP_EPS1_ELFLR0_EMLL0_FSSC10_FL0_GLVWA2_GLVWB2_GRCGA1_GRCGB1_GRPM1_GRVW2_GSU1_GSUASB_GLS0_ISA942_IU1_K1_KLA_LBSPPA0_LBSPPB128_LPA0_LPB2_LDL1_LRVW1_LWPMn1_LDW0_FMA_MIAV1_MDA2_MO40_MMFSC_MKFGSU256_NTA0_NTB0_NTC3_NTD3_NEPBS4_NLCA1_NLCB1_ONLL1_OPLV0_PK0_PAP0_PGR2_PLR5_PKA0_SIA3_SLW1_SS1_SU0_SUM0_SUS0_SCIUI1_SPO1_SRVW0_SSO6_SVW2_SNLL0_TSGRA0_TSGRB0_TT2_32_TLDS1_UMLDSA0_UMLDSB1_U64SL1_USFGROn1_VAW1_VSn1_VW2_VWB1_VFLRP0_WSGRA0_WSGRB0_WS64_WG32_8_1_WGM6",26509,6448475868835014,6448475868839341,0,17408,256,1,1,768,3,1
"KERNEL_DISPATCH",1,1,234821,952,151,"void rocsolver::v32802::getf2_npvt_small_kernel<16, double, int, int, double*>(int, double*, long, int, long, int*, int, int)",26512,6448475868845871,6448475868853723,0,136,192,1,1,192,1,1
"KERNEL_DISPATCH",1,1,234821,953,203,"void rocsolver::v32802::unit_forward_substitution_kernel<double, int, double*>(int, int, double*, int, int, long, long, double*, int, int, long, long)",26517,6448475868854784,6448475868863757,0,512,16,64,1,16,192,1
"KERNEL_DISPATCH",1,1,234821,954,1057,"Cijk_Ailk_Bljk_DB_MT128x64x16_MI16x16x4x1_SN_1LDSB1_APM1_ABV0_ACED0_AF0EM2_AF1EM2_AMAS3_ASE_ASGT_ASLT_ASM_ASAE01_ASCE01_ASEM2_AAC0_BL1_BS1_CLR0_DTLA0_DTLB0_DTVA1_DTVB0_DVO0_ETSP_EPS1_ELFLR0_EMLL0_FSSC10_FL0_GLVWA2_GLVWB2_GRCGA1_GRCGB1_GRPM1_GRVW2_GSU1_GSUASB_GLS0_ISA942_IU1_K1_KLA_LBSPPA0_LBSPPB0_LPA0_LPB2_LDL1_LRVW1_LWPMn1_LDW0_FMA_MIAV1_MDA2_MO40_MMFSC_MKFGSU256_NTA0_NTB0_NTC3_NTD3_NEPBS4_NLCA1_NLCB1_ONLL1_OPLV0_PK0_PAP0_PGR2_PLR5_PKA0_SIA3_SLW1_SS1_SU0_SUM0_SUS0_SCIUI1_SPO1_SRVW0_SSO6_SVW2_SNLL0_TSGRA0_TSGRB0_TT2_64_TLDS0_UMLDSA0_UMLDSB0_U64SL1_USFGROn1_VAW1_VSn1_VW2_VWB1_VFLRP0_WSGRA0_WSGRB0_WS64_WG64_4_1_WGM6",26520,6448475868871750,6448475868880965,0,8448,256,1,1,512,3,1
"KERNEL_DISPATCH",1,1,234821,955,151,"void rocsolver::v32802::getf2_npvt_small_kernel<16, double, int, int, double*>(int, double*, long, int, long, int*, int, int)",26523,6448475868884570,6448475868892582,0,136,176,1,1,176,1,1
"KERNEL_DISPATCH",1,1,234821,956,203,"void rocsolver::v32802::unit_forward_substitution_kernel<double, int, double*>(int, int, double*, int, int, long, long, double*, int, int, long, long)",26528,6448475868894545,6448475868902438,0,512,16,64,1,16,192,1
"KERNEL_DISPATCH",1,1,234821,957,1057,"Cijk_Ailk_Bljk_DB_MT128x64x16_MI16x16x4x1_SN_1LDSB1_APM1_ABV0_ACED0_AF0EM2_AF1EM2_AMAS3_ASE_ASGT_ASLT_ASM_ASAE01_ASCE01_ASEM2_AAC0_BL1_BS1_CLR0_DTLA0_DTLB0_DTVA1_DTVB0_DVO0_ETSP_EPS1_ELFLR0_EMLL0_FSSC10_FL0_GLVWA2_GLVWB2_GRCGA1_GRCGB1_GRPM1_GRVW2_GSU1_GSUASB_GLS0_ISA942_IU1_K1_KLA_LBSPPA0_LBSPPB0_LPA0_LPB2_LDL1_LRVW1_LWPMn1_LDW0_FMA_MIAV1_MDA2_MO40_MMFSC_MKFGSU256_NTA0_NTB0_NTC3_NTD3_NEPBS4_NLCA1_NLCB1_ONLL1_OPLV0_PK0_PAP0_PGR2_PLR5_PKA0_SIA3_SLW1_SS1_SU0_SUM0_SUS0_SCIUI1_SPO1_SRVW0_SSO6_SVW2_SNLL0_TSGRA0_TSGRB0_TT2_64_TLDS0_UMLDSA0_UMLDSB0_U64SL1_USFGROn1_VAW1_VSn1_VW2_VWB1_VFLRP0_WSGRA0_WSGRB0_WS64_WG64_4_1_WGM6",26531,6448475868910890,6448475868920065,0,8448,256,1,1,512,3,1
"KERNEL_DISPATCH",1,1,234821,958,151,"void rocsolver::v32802::getf2_npvt_small_kernel<16, double, int, int, double*>(int, double*, long, int, long, int*, int, int)",26534,6448475868925433,6448475868933285,0,136,160,1,1,160,1,1
"KERNEL_DISPATCH",1,1,234821,959,203,"void rocsolver::v32802::unit_forward_substitution_kernel<double, int, double*>(int, int, double*, int, int, long, long, double*, int, int, long, long)",26539,6448475868941257,6448475868949990,0,512,16,64,1,16,192,1
"KERNEL_DISPATCH",1,1,234821,960,1235,"Cijk_Ailk_Bljk_DB_MT128x64x16_MI16x16x4x1_SN_1LDSB1_APM1_ABV0_ACED0_AF0EM2_AF1EM2_AMAS3_ASE_ASGT_ASLT_ASM_ASAE01_ASCE01_ASEM2_AAC0_BL1_BS1_CLR0_DTLA0_DTLB0_DTVA0_DTVB0_DVO0_ETSP_EPS1_ELFLR0_EMLL0_FSSC10_FL0_GLVWA2_GLVWB2_GRCGA1_GRCGB1_GRPM1_GRVW2_GSU1_GSUASB_GLS0_ISA942_IU1_K1_KLA_LBSPPA0_LBSPPB0_LPA0_LPB2_LDL1_LRVW1_LWPMn1_LDW0_FMA_MIAV1_MDA2_MO40_MMFSC_MKFGSU256_NTA0_NTB0_NTC3_NTD3_NEPBS0_NLCA1_NLCB1_ONLL1_OPLV0_PK0_PAP0_PGR2_PLR5_PKA0_SIA3_SLW1_SS1_SU0_SUM0_SUS0_SCIUI1_SPO1_SRVW0_SSO6_SVW2_SNLL0_TSGRA0_TSGRB0_TT2_64_TLDS0_UMLDSA0_UMLDSB0_U64SL1_USFGROn1_VAW1_VSn1_VW2_VWB1_VFLRP0_WSGRA0_WSGRB0_WS64_WG64_4_1_WGM6",26542,6448475868979516,6448475868988690,0,24832,256,1,1,512,3,1
"KERNEL_DISPATCH",1,1,234821,961,151,"void rocsolver::v32802::getf2_npvt_small_kernel<16, double, int, int, double*>(int, double*, long, int, long, int*, int, int)",26545,6448475868990653,6448475868998986,0,136,144,1,1,144,1,1
"KERNEL_DISPATCH",1,1,234821,962,203,"void rocsolver::v32802::unit_forward_substitution_kernel<double, int, double*>(int, int, double*, int, int, long, long, double*, int, int, long, long)",26550,6448475868998986,6448475869007158,0,512,16,64,1,16,128,1
"KERNEL_DISPATCH",1,1,234821,963,1235,"Cijk_Ailk_Bljk_DB_MT128x64x16_MI16x16x4x1_SN_1LDSB1_APM1_ABV0_ACED0_AF0EM2_AF1EM2_AMAS3_ASE_ASGT_ASLT_ASM_ASAE01_ASCE01_ASEM2_AAC0_BL1_BS1_CLR0_DTLA0_DTLB0_DTVA0_DTVB0_DVO0_ETSP_EPS1_ELFLR0_EMLL0_FSSC10_FL0_GLVWA2_GLVWB2_GRCGA1_GRCGB1_GRPM1_GRVW2_GSU1_GSUASB_GLS0_ISA942_IU1_K1_KLA_LBSPPA0_LBSPPB0_LPA0_LPB2_LDL1_LRVW1_LWPMn1_LDW0_FMA_MIAV1_MDA2_MO40_MMFSC_MKFGSU256_NTA0_NTB0_NTC3_NTD3_NEPBS0_NLCA1_NLCB1_ONLL1_OPLV0_PK0_PAP0_PGR2_PLR5_PKA0_SIA3_SLW1_SS1_SU0_SUM0_SUS0_SCIUI1_SPO1_SRVW0_SSO6_SVW2_SNLL0_TSGRA0_TSGRB0_TT2_64_TLDS0_UMLDSA0_UMLDSB0_U64SL1_USFGROn1_VAW1_VSn1_VW2_VWB1_VFLRP0_WSGRA0_WSGRB0_WS64_WG64_4_1_WGM6",26553,6448475869018856,6448475869024425,0,24832,256,1,1,256,2,1
"KERNEL_DISPATCH",1,1,234821,964,151,"void rocsolver::v32802::getf2_npvt_small_kernel<16, double, int, int, double*>(int, double*, long, int, long, int*, int, int)",26556,6448475869034200,6448475869041050,0,136,128,1,1,128,1,1
"KERNEL_DISPATCH",1,1,234821,965,203,"void rocsolver::v32802::unit_forward_substitution_kernel<double, int, double*>(int, int, double*, int, int, long, long, double*, int, int, long, long)",26561,6448475869057195,6448475869066369,0,512,16,64,1,16,128,1
"KERNEL_DISPATCH",1,1,234821,966,716,"Cijk_Ailk_Bljk_DB_MT128x64x16_MI16x16x4x1_SN_1LDSB1_APM1_ABV0_ACED0_AF0EM2_AF1EM2_AMAS3_ASE_ASGT_ASLT_ASM_ASAE01_ASCE01_ASEM2_AAC0_BL1_BS1_CLR0_DTLA0_DTLB0_DTVA0_DTVB0_DVO0_ETSP_EPS1_ELFLR0_EMLL0_FSSC10_FL0_GLVWA2_GLVWB2_GRCGA1_GRCGB1_GRPM1_GRVW2_GSU1_GSUASB_GLS0_ISA942_IU1_K1_KLA_LBSPPA0_LBSPPB0_LPA0_LPB2_LDL1_LRVW1_LWPMn1_LDW0_FMA_MIAV1_MDA2_MO40_MMFSC_MKFGSU256_NTA0_NTB0_NTC3_NTD3_NEPBS0_NLCA1_NLCB1_ONLL1_OPLV0_PK0_PAP0_PGR2_PLR1_PKA0_SIA3_SLW1_SS1_SU0_SUM0_SUS0_SCIUI1_SPO1_SRVW0_SSO6_SVW2_SNLL0_TSGRA0_TSGRB0_TT2_64_TLDS0_UMLDSA0_UMLDSB0_U64SL1_USFGROn1_VAW1_VSn1_VW2_VWB1_VFLRP0_WSGRA0_WSGRB0_WS64_WG64_4_1_WGM6",26564,6448475869074009,6448475869083304,0,24832,256,1,1,256,2,1
"KERNEL_DISPATCH",1,1,234821,967,151,"void rocsolver::v32802::getf2_npvt_small_kernel<16, double, int, int, double*>(int, double*, long, int, long, int*, int, int)",26567,6448475869091087,6448475869098338,0,136,112,1,1,112,1,1
"KERNEL_DISPATCH",1,1,234821,968,203,"void rocsolver::v32802::unit_forward_substitution_kernel<double, int, double*>(int, int, double*, int, int, long, long, double*, int, int, long, long)",26572,6448475869104187,6448475869112600,0,512,16,64,1,16,128,1
"KERNEL_DISPATCH",1,1,234821,969,1112,"Cijk_Ailk_Bljk_DB_MT128x64x16_MI16x16x4x1_SN_1LDSB1_APM1_ABV0_ACED0_AF0EM2_AF1EM2_AMAS3_ASE_ASGT_ASLT_ASM_ASAE01_ASCE01_ASEM2_AAC0_BL1_BS1_CLR0_DTLA0_DTLB0_DTVA1_DTVB0_DVO0_ETSP_EPS1_ELFLR0_EMLL0_FSSC10_FL0_GLVWA2_GLVWB2_GRCGA1_GRCGB1_GRPM1_GRVW2_GSU1_GSUASB_GLS0_ISA942_IU1_K1_KLA_LBSPPA0_LBSPPB0_LPA0_LPB2_LDL1_LRVW1_LWPMn1_LDW0_FMA_MIAV1_MDA2_MO40_MMFSC_MKFGSU256_NTA0_NTB0_NTC3_NTD3_NEPBS0_NLCA1_NLCB1_ONLL1_OPLV0_PK0_PAP0_PGR2_PLR5_PKA0_SIA3_SLW1_SS1_SU0_SUM0_SUS0_SCIUI1_SPO1_SRVW0_SSO6_SVW2_SNLL0_TSGRA0_TSGRB0_TT2_64_TLDS0_UMLDSA0_UMLDSB0_U64SL1_USFGROn1_VAW1_VSn1_VW2_VWB1_VFLRP0_WSGRA0_WSGRB0_WS64_WG64_4_1_WGM12",26575,6448475869117327,6448475869126341,0,8448,256,1,1,256,2,1
"KERNEL_DISPATCH",1,1,234821,970,151,"void rocsolver::v32802::getf2_npvt_small_kernel<16, double, int, int, double*>(int, double*, long, int, long, int*, int, int)",26578,6448475869128785,6448475869136116,0,136,96,1,1,96,1,1
"KERNEL_DISPATCH",1,1,234821,971,203,"void rocsolver::v32802::unit_forward_substitution_kernel<double, int, double*>(int, int, double*, int, int, long, long, double*, int, int, long, long)",26583,6448475869144809,6448475869153182,0,512,16,64,1,16,128,1
"KERNEL_DISPATCH",1,1,234821,972,948,"Cijk_Ailk_Bljk_DB_MT64x64x16_MI16x16x4x1_SN_1LDSB1_APM1_ABV0_ACED0_AF0EM2_AF1EM2_AMAS3_ASE_ASGT_ASLT_ASM_ASAE01_ASCE01_ASEM2_AAC0_BL1_BS1_CLR0_DTLA0_DTLB0_DTVA0_DTVB0_DVO0_ETSP_EPS1_ELFLR0_EMLL0_FSSC10_FL0_GLVWA2_GLVWB2_GRCGA1_GRCGB1_GRPM1_GRVW2_GSU1_GSUASB_GLS0_ISA942_IU1_K1_KLA_LBSPPA0_LBSPPB0_LPA0_LPB2_LDL1_LRVW1_LWPMn1_LDW0_FMA_MIAV1_MDA2_MO40_MMFSC_MKFGSU256_NTA0_NTB0_NTC3_NTD3_NEPBS4_NLCA1_NLCB1_ONLL1_OPLV0_PK0_PAP0_PGR2_PLR5_PKA0_SIA3_SLW1_SS1_SU0_SUM0_SUS0_SCIUI1_SPO1_SRVW0_SSO6_SVW2_SNLL0_TSGRA0_TSGRB0_TT2_32_TLDS0_UMLDSA0_UMLDSB0_U64SL1_USFGROn1_VAW1_VSn1_VW2_VWB1_VFLRP0_WSGRA0_WSGRB0_WS64_WG32_8_1_WGM6",26586,6448475869168806,6448475869175176,0,16640,256,1,1,512,2,1
"KERNEL_DISPATCH",1,1,234821,973,151,"void rocsolver::v32802::getf2_npvt_small_kernel<16, double, int, int, double*>(int, double*, long, int, long, int*, int, int)",26589,6448475869181906,6448475869188997,0,136,80,1,1,80,1,1
"KERNEL_DISPATCH",1,1,234821,974,203,"void rocsolver::v32802::unit_forward_substitution_kernel<double, int, double*>(int, int, double*, int, int, long, long, double*, int, int, long, long)",26594,6448475869191080,6448475869199573,0,512,16,64,1,16,64,1
"KERNEL_DISPATCH",1,1,234821,975,838,"Cijk_Ailk_Bljk_DB_MT64x64x16_MI16x16x4x1_SN_1LDSB1_APM1_ABV0_ACED0_AF0EM2_AF1EM2_AMAS0_ASE_ASGT_ASLT_ASM_ASAE01_ASCE01_ASEM2_AAC0_BL1_BS1_CLR0_DTLA0_DTLB0_DTVA1_DTVB0_DVO0_ETSP_EPS1_ELFLR0_EMLL0_FSSC10_FL0_GLVWA1_GLVWB1_GRCGA1_GRCGB1_GRPM1_GRVW1_GSU1_GSUASB_GLS0_ISA942_IU1_K1_KLA_LBSPPA0_LBSPPB128_LPA0_LPB4_LDL1_LRVW2_LWPMn1_LDW0_FMA_MIAV1_MDA2_MO40_MMFSC_MKFGSU256_NTA0_NTB0_NTC3_NTD3_NEPBS0_NLCA1_NLCB1_ONLL1_OPLV0_PK0_PAP0_PGR2_PLR5_PKA0_SIA3_SLW1_SS1_SU0_SUM0_SUS0_SCIUI1_SPO1_SRVW0_SSO6_SVW1_SNLL0_TSGRA0_TSGRB0_TT1_64_TLDS1_UMLDSA0_UMLDSB1_U64SL1_USFGROn1_VAW1_VSn1_VW1_VWB1_VFLRP0_WSGRA0_WSGRB0_WS64_WG64_4_1_WGM6",26597,6448475869211992,6448475869218562,0,10240,256,1,1,256,1,1
"KERNEL_DISPATCH",1,1,234821,976,151,"void rocsolver::v32802::getf2_npvt_small_kernel<16, double, int, int, double*>(int, double*, long, int, long, int*, int, int)",26600,6448475869225172,6448475869233465,0,136,64,1,1,64,1,1
"KERNEL_DISPATCH",1,1,234821,977,203,"void rocsolver::v32802::unit_forward_substitution_kernel<double, int, double*>(int, int, double*, int, int, long, long, double*, int, int, long, long)",26605,6448475869235308,6448475869243320,0,512,16,64,1,16,64,1
"KERNEL_DISPATCH",1,1,234821,978,1153,"Cijk_Ailk_Bljk_DB_MT64x64x16_MI16x16x4x1_SN_1LDSB1_APM1_ABV0_ACED0_AF0EM2_AF1EM2_AMAS3_ASE_ASGT_ASLT_ASM_ASAE01_ASCE01_ASEM2_AAC0_BL1_BS1_CLR0_DTLA0_DTLB0_DTVA0_DTVB0_DVO0_ETSP_EPS1_ELFLR0_EMLL0_FSSC10_FL0_GLVWA2_GLVWB2_GRCGA1_GRCGB1_GRPM1_GRVW2_GSU1_GSUASB_GLS0_ISA942_IU1_K1_KLA_LBSPPA0_LBSPPB128_LPA0_LPB4_LDL1_LRVW2_LWPMn1_LDW0_FMA_MIAV1_MDA2_MO40_MMFSC_MKFGSU256_NTA0_NTB0_NTC3_NTD3_NEPBS0_NLCA1_NLCB1_ONLL1_OPLV0_PK0_PAP0_PGR2_PLR5_PKA0_SIA3_SLW1_SS1_SU0_SUM0_SUS0_SCIUI1_SPO1_SRVW0_SSO6_SVW2_SNLL0_TSGRA0_TSGRB0_TT2_32_TLDS1_UMLDSA0_UMLDSB1_U64SL1_USFGROn1_VAW1_VSn1_VW2_VWB1_VFLRP0_WSGRA0_WSGRB0_WS64_WG32_8_1_WGM6",26608,6448475869253576,6448475869260507,0,18432,256,1,1,256,1,1
"KERNEL_DISPATCH",1,1,234821,979,151,"void rocsolver::v32802::getf2_npvt_small_kernel<16, double, int, int, double*>(int, double*, long, int, long, int*, int, int)",26611,6448475869267798,6448475869274969,0,136,48,1,1,48,1,1
"KERNEL_DISPATCH",1,1,234821,980,203,"void rocsolver::v32802::unit_forward_substitution_kernel<double, int, double*>(int, int, double*, int, int, long, long, double*, int, int, long, long)",26616,6448475869281819,6448475869288910,0,512,16,64,1,16,64,1
"KERNEL_DISPATCH",1,1,234821,981,788,"Cijk_Ailk_Bljk_DB_MT32x64x32_MI16x16x4x1_SN_1LDSB1_APM1_ABV0_ACED0_AF0EM2_AF1EM2_AMAS3_ASE_ASGT_ASLT_ASM_ASAE01_ASCE01_ASEM2_AAC0_BL1_BS1_CLR0_DTLA0_DTLB0_DTVA0_DTVB0_DVO0_ETSP_EPS1_ELFLR0_EMLL0_FSSC10_FL0_GLVWA2_GLVWB2_GRCGA1_GRCGB1_GRPM1_GRVW2_GSU1_GSUASB_GLS0_ISA942_IU1_K1_KLA_LBSPPA0_LBSPPB256_LPA0_LPB4_LDL1_LRVW2_LWPMn1_LDW0_FMA_MIAV1_MDA2_MO40_MMFSC_MKFGSU256_NTA0_NTB0_NTC3_NTD3_NEPBS0_NLCA1_NLCB1_ONLL1_OPLV0_PK0_PAP0_PGR2_PLR9_PKA0_SIA3_SLW1_SS1_SU0_SUM0_SUS0_SCIUI1_SPO1_SRVW0_SSO6_SVW2_SNLL0_TSGRA0_TSGRB0_TT2_16_TLDS1_UMLDSA0_UMLDSB1_U64SL1_USFGROn1_VAW1_VSn1_VW2_VWB1_VFLRP0_WSGRA0_WSGRB0_WS64_WG16_16_1_WGM6",26619,6448475869302771,6448475869308100,0,26624,256,1,1,256,1,1
"KERNEL_DISPATCH",1,1,234821,982,151,"void rocsolver::v32802::getf2_npvt_small_kernel<16, double, int, int, double*>(int, double*, long, int, long, int*, int, int)",26622,6448475869313227,6448475869323483,0,136,32,1,1,32,1,1
"KERNEL_DISPATCH",1,1,234821,983,203,"void rocsolver::v32802::unit_forward_substitution_kernel<double, int, double*>(int, int, double*, int, int, long, long, double*, int, int, long, long)",26627,6448475869323483,6448475869331335,0,512,16,64,1,16,64,1
"KERNEL_DISPATCH",1,1,234821,984,788,"Cijk_Ailk_Bljk_DB_MT32x64x32_MI16x16x4x1_SN_1LDSB1_APM1_ABV0_ACED0_AF0EM2_AF1EM2_AMAS3_ASE_ASGT_ASLT_ASM_ASAE01_ASCE01_ASEM2_AAC0_BL1_BS1_CLR0_DTLA0_DTLB0_DTVA0_DTVB0_DVO0_ETSP_EPS1_ELFLR0_EMLL0_FSSC10_FL0_GLVWA2_GLVWB2_GRCGA1_GRCGB1_GRPM1_GRVW2_GSU1_GSUASB_GLS0_ISA942_IU1_K1_KLA_LBSPPA0_LBSPPB256_LPA0_LPB4_LDL1_LRVW2_LWPMn1_LDW0_FMA_MIAV1_MDA2_MO40_MMFSC_MKFGSU256_NTA0_NTB0_NTC3_NTD3_NEPBS0_NLCA1_NLCB1_ONLL1_OPLV0_PK0_PAP0_PGR2_PLR9_PKA0_SIA3_SLW1_SS1_SU0_SUM0_SUS0_SCIUI1_SPO1_SRVW0_SSO6_SVW2_SNLL0_TSGRA0_TSGRB0_TT2_16_TLDS1_UMLDSA0_UMLDSB1_U64SL1_USFGROn1_VAW1_VSn1_VW2_VWB1_VFLRP0_WSGRA0_WSGRB0_WS64_WG16_16_1_WGM6",26630,6448475869350765,6448475869354691,0,26624,256,1,1,256,1,1
"KERNEL_DISPATCH",1,1,234821,985,151,"void rocsolver::v32802::getf2_npvt_small_kernel<16, double, int, int, double*>(int, double*, long, int, long, int*, int, int)",26633,6448475869356833,6448475869365366,0,136,16,1,1,16,1,1
"KERNEL_DISPATCH",1,1,234821,986,1437,"void rocblas_trtri_trsm_kernel<128, 16, 8, double, double const*, double*>(rocblas_fill_, rocblas_diagonal_, double const*, long, int, long, double*, long, long, int)",26637,6448475869364965,6448475869393409,0,8192,256,1,1,4096,1,1
"KERNEL_DISPATCH",1,1,234821,987,1433,"void rocblas_trtri_fill<128, double, double*>(_rocblas_handle*, rocblas_fill_, int, long, int, long, double*, long, long, int, int)",26642,6448475869394953,6448475869398077,0,0,128,1,1,32512,1,1
"KERNEL_DISPATCH",1,1,234821,988,787,"Cijk_Ailk_Bljk_DB_MT64x32x16_MI16x16x4x1_SN_1LDSB1_APM1_ABV0_ACED0_AF0EM2_AF1EM2_AMAS0_ASE_ASGT_ASLT_ASM_ASAE01_ASCE01_ASEM2_AAC0_BL1_BS1_CLR0_DTLA0_DTLB0_DTVA1_DTVB0_DVO0_ETSP_EPS1_ELFLR0_EMLL0_FSSC10_FL0_GLVWA1_GLVWB1_GRCGA1_GRCGB1_GRPM1_GRVW1_GSU1_GSUASB_GLS0_ISA942_IU1_K1_KLA_LBSPPA0_LBSPPB128_LPA0_LPB4_LDL1_LRVW2_LWPMn1_LDW0_FMA_MIAV1_MDA2_MO40_MMFSC_MKFGSU256_NTA0_NTB0_NTC3_NTD3_NEPBS0_NLCA1_NLCB1_ONLL1_OPLV0_PK0_PAP0_PGR2_PLR5_PKA0_SIA3_SLW1_SS1_SU0_SUM0_SUS0_SCIUI1_SPO1_SRVW0_SSO6_SVW1_SNLL0_TSGRA0_TSGRB0_TT1_32_TLDS1_UMLDSA0_UMLDSB1_U64SL1_USFGROn1_VAW1_VSn1_VW1_VWB1_VFLRP0_WSGRA0_WSGRB0_WS64_WG64_4_1_WGM12",26646,6448475869398077,6448475869402244,0,5120,256,1,1,256,1,4
"KERNEL_DISPATCH",1,1,234821,989,787,"Cijk_Ailk_Bljk_DB_MT64x32x16_MI16x16x4x1_SN_1LDSB1_APM1_ABV0_ACED0_AF0EM2_AF1EM2_AMAS0_ASE_ASGT_ASLT_ASM_ASAE01_ASCE01_ASEM2_AAC0_BL1_BS1_CLR0_DTLA0_DTLB0_DTVA1_DTVB0_DVO0_ETSP_EPS1_ELFLR0_EMLL0_FSSC10_FL0_GLVWA1_GLVWB1_GRCGA1_GRCGB1_GRPM1_GRVW1_GSU1_GSUASB_GLS0_ISA942_IU1_K1_KLA_LBSPPA0_LBSPPB128_LPA0_LPB4_LDL1_LRVW2_LWPMn1_LDW0_FMA_MIAV1_MDA2_MO40_MMFSC_MKFGSU256_NTA0_NTB0_NTC3_NTD3_NEPBS0_NLCA1_NLCB1_ONLL1_OPLV0_PK0_PAP0_PGR2_PLR5_PKA0_SIA3_SLW1_SS1_SU0_SUM0_SUS0_SCIUI1_SPO1_SRVW0_SSO6_SVW1_SNLL0_TSGRA0_TSGRB0_TT1_32_TLDS1_UMLDSA0_UMLDSB1_U64SL1_USFGROn1_VAW1_VSn1_VW1_VWB1_VFLRP0_WSGRA0_WSGRB0_WS64_WG64_4_1_WGM12",26649,6448475869413461,6448475869418308,0,5120,256,1,1,256,1,4
"KERNEL_DISPATCH",1,1,234821,990,787,"Cijk_Ailk_Bljk_DB_MT64x32x16_MI16x16x4x1_SN_1LDSB1_APM1_ABV0_ACED0_AF0EM2_AF1EM2_AMAS0_ASE_ASGT_ASLT_ASM_ASAE01_ASCE01_ASEM2_AAC0_BL1_BS1_CLR0_DTLA0_DTLB0_DTVA1_DTVB0_DVO0_ETSP_EPS1_ELFLR0_EMLL0_FSSC10_FL0_GLVWA1_GLVWB1_GRCGA1_GRCGB1_GRPM1_GRVW1_GSU1_GSUASB_GLS0_ISA942_IU1_K1_KLA_LBSPPA0_LBSPPB128_LPA0_LPB4_LDL1_LRVW2_LWPMn1_LDW0_FMA_MIAV1_MDA2_MO40_MMFSC_MKFGSU256_NTA0_NTB0_NTC3_NTD3_NEPBS0_NLCA1_NLCB1_ONLL1_OPLV0_PK0_PAP0_PGR2_PLR5_PKA0_SIA3_SLW1_SS1_SU0_SUM0_SUS0_SCIUI1_SPO1_SRVW0_SSO6_SVW1_SNLL0_TSGRA0_TSGRB0_TT1_32_TLDS1_UMLDSA0_UMLDSB1_U64SL1_USFGROn1_VAW1_VSn1_VW1_VWB1_VFLRP0_WSGRA0_WSGRB0_WS64_WG64_4_1_WGM12",26652,6448475869431529,6448475869436096,0,5120,256,1,1,256,1,4
"KERNEL_DISPATCH",1,1,234821,991,787,"Cijk_Ailk_Bljk_DB_MT64x32x16_MI16x16x4x1_SN_1LDSB1_APM1_ABV0_ACED0_AF0EM2_AF1EM2_AMAS0_ASE_ASGT_ASLT_ASM_ASAE01_ASCE01_ASEM2_AAC0_BL1_BS1_CLR0_DTLA0_DTLB0_DTVA1_DTVB0_DVO0_ETSP_EPS1_ELFLR0_EMLL0_FSSC10_FL0_GLVWA1_GLVWB1_GRCGA1_GRCGB1_GRPM1_GRVW1_GSU1_GSUASB_GLS0_ISA942_IU1_K1_KLA_LBSPPA0_LBSPPB128_LPA0_LPB4_LDL1_LRVW2_LWPMn1_LDW0_FMA_MIAV1_MDA2_MO40_MMFSC_MKFGSU256_NTA0_NTB0_NTC3_NTD3_NEPBS0_NLCA1_NLCB1_ONLL1_OPLV0_PK0_PAP0_PGR2_PLR5_PKA0_SIA3_SLW1_SS1_SU0_SUM0_SUS0_SCIUI1_SPO1_SRVW0_SSO6_SVW1_SNLL0_TSGRA0_TSGRB0_TT1_32_TLDS1_UMLDSA0_UMLDSB1_U64SL1_USFGROn1_VAW1_VSn1_VW1_VWB1_VFLRP0_WSGRA0_WSGRB0_WS64_WG64_4_1_WGM12",26655,6448475869468025,6448475869471951,0,5120,256,1,1,256,1,4
"KERNEL_DISPATCH",1,1,234821,992,632,"Cijk_Ailk_Bljk_DB_MT64x64x32_MI16x16x4x1_SN_1LDSB1_APM1_ABV0_ACED0_AF0EM2_AF1EM2_AMAS0_ASE_ASGT_ASLT_ASM_ASAE01_ASCE01_ASEM2_AAC0_BL1_BS1_CLR0_DTLA0_DTLB0_DTVA0_DTVB0_DVO0_ETSP_EPS1_ELFLR0_EMLL0_FSSC10_FL0_GLVWA1_GLVWB1_GRCGA1_GRCGB1_GRPM1_GRVW1_GSU1_GSUASB_GLS0_ISA942_IU1_K1_KLA_LBSPPA0_LBSPPB0_LPA0_LPB1_LDL1_LRVW1_LWPMn1_LDW0_FMA_MIAV1_MDA2_MO40_MMFSC_MKFGSU256_NTA0_NTB0_NTC3_NTD3_NEPBS0_NLCA1_NLCB1_ONLL1_OPLV0_PK0_PAP0_PGR2_PLR9_PKA0_SIA3_SLW1_SS1_SU0_SUM0_SUS0_SCIUI1_SPO1_SRVW0_SSO6_SVW1_SNLL0_TSGRA0_TSGRB0_TT2_32_TLDS0_UMLDSA0_UMLDSB0_U64SL1_USFGROn1_VAW1_VSn1_VW1_VWB1_VFLRP0_WSGRA0_WSGRB0_WS64_WG32_8_1_WGM6",26658,6448475869481405,6448475869490058,0,33024,256,1,1,256,1,4
"KERNEL_DISPATCH",1,1,234821,993,632,"Cijk_Ailk_Bljk_DB_MT64x64x32_MI16x16x4x1_SN_1LDSB1_APM1_ABV0_ACED0_AF0EM2_AF1EM2_AMAS0_ASE_ASGT_ASLT_ASM_ASAE01_ASCE01_ASEM2_AAC0_BL1_BS1_CLR0_DTLA0_DTLB0_DTVA0_DTVB0_DVO0_ETSP_EPS1_ELFLR0_EMLL0_FSSC10_FL0_GLVWA1_GLVWB1_GRCGA1_GRCGB1_GRPM1_GRVW1_GSU1_GSUASB_GLS0_ISA942_IU1_K1_KLA_LBSPPA0_LBSPPB0_LPA0_LPB1_LDL1_LRVW1_LWPMn1_LDW0_FMA_MIAV1_MDA2_MO40_MMFSC_MKFGSU256_NTA0_NTB0_NTC3_NTD3_NEPBS0_NLCA1_NLCB1_ONLL1_OPLV0_PK0_PAP0_PGR2_PLR9_PKA0_SIA3_SLW1_SS1_SU0_SUM0_SUS0_SCIUI1_SPO1_SRVW0_SSO6_SVW1_SNLL0_TSGRA0_TSGRB0_TT2_32_TLDS0_UMLDSA0_UMLDSB0_U64SL1_USFGROn1_VAW1_VSn1_VW1_VWB1_VFLRP0_WSGRA0_WSGRB0_WS64_WG32_8_1_WGM6",26661,6448475869493513,6448475869503047,0,33024,256,1,1,256,1,4
"KERNEL_DISPATCH",1,1,234821,994,1429,"void rocblas_copy_matrix_trsm<128, 8, double, double const*, double*>(int, int, int, double const*, int, long, double*, int, long, long, long, int)",26665,6448475869507405,6448475869509008,0,0,128,8,1,128,512,1
