call_id,cblk,n,lda,backend,queue,stream
0,0,63,207,hip-hipmm-cdls-getrf,0,0x5c08570d2ff0
1,1,51,285,hip-hipmm-cdls-getrf,0,0x5c08570d2ff0
2,2,39,225,hip-hipmm-cdls-getrf,0,0x5c08570d2ff0
3,3,51,213,hip-hipmm-cdls-getrf,0,0x5c08570d2ff0
4,4,45,195,hip-hipmm-cdls-getrf,0,0x5c08570d2ff0
5,5,45,195,hip-hipmm-cdls-getrf,0,0x5c08570d2ff0
6,6,21,159,hip-hipmm-cdls-getrf,0,0x5c08570d2ff0
7,7,33,219,hip-hipmm-cdls-getrf,0,0x5c08570d2ff0
8,8,39,261,hip-hipmm-cdls-getrf,0,0x5c08570d2ff0
9,9,96,426,hip-hipmm-cdls-getrf,0,0x5c08570d2ff0
10,10,24,162,hip-hipmm-cdls-getrf,0,0x5c08570d2ff0
11,11,42,168,hip-hipmm-cdls-getrf,0,0x5c08570d2ff0
12,12,78,264,hip-hipmm-cdls-getrf,0,0x5c08570d2ff0
13,13,24,75,hip-hipmm-cdls-getrf,0,0x5c08570d2ff0
14,14,42,264,hip-hipmm-cdls-getrf,0,0x5c08570d2ff0
15,15,30,120,hip-hipmm-cdls-getrf,0,0x5c08570d2ff0
16,16,51,204,hip-hipmm-cdls-getrf,0,0x5c08570d2ff0
17,17,48,294,hip-hipmm-cdls-getrf,0,0x5c08570d2ff0
18,18,45,270,hip-hipmm-cdls-getrf,0,0x5c08570d2ff0
19,19,81,261,hip-hipmm-cdls-getrf,0,0x5c08570d2ff0
20,20,30,216,hip-hipmm-cdls-getrf,0,0x5c08570d2ff0
21,21,111,312,hip-hipmm-cdls-getrf,0,0x5c08570d2ff0
22,22,42,171,hip-hipmm-cdls-getrf,0,0x5c08570d2ff0
23,23,39,285,hip-hipmm-cdls-getrf,0,0x5c08570d2ff0
24,24,39,153,hip-hipmm-cdls-getrf,0,0x5c08570d2ff0
25,25,39,153,hip-hipmm-cdls-getrf,0,0x5c08570d2ff0
26,26,84,342,hip-hipmm-cdls-getrf,0,0x5c08570d2ff0
27,27,33,123,hip-hipmm-cdls-getrf,0,0x5c08570d2ff0
28,28,60,210,hip-hipmm-cdls-getrf,0,0x5c08570d2ff0
29,29,57,204,hip-hipmm-cdls-getrf,0,0x5c08570d2ff0
30,30,57,255,hip-hipmm-cdls-getrf,0,0x5c08570d2ff0
31,31,48,195,hip-hipmm-cdls-getrf,0,0x5c08570d2ff0
32,32,69,207,hip-hipmm-cdls-getrf,0,0x5c08570d2ff0
33,33,36,132,hip-hipmm-cdls-getrf,0,0x5c08570d2ff0
34,34,81,255,hip-hipmm-cdls-getrf,0,0x5c08570d2ff0
35,35,48,210,hip-hipmm-cdls-getrf,0,0x5c08570d2ff0
36,36,45,279,hip-hipmm-cdls-getrf,0,0x5c08570d2ff0
37,37,84,285,hip-hipmm-cdls-getrf,0,0x5c08570d2ff0
38,38,45,192,hip-hipmm-cdls-getrf,0,0x5c08570d2ff0
39,39,42,156,hip-hipmm-cdls-getrf,0,0x5c08570d2ff0
40,40,30,120,hip-hipmm-cdls-getrf,0,0x5c08570d2ff0
41,41,57,168,hip-hipmm-cdls-getrf,0,0x5c08570d2ff0
42,42,63,210,hip-hipmm-cdls-getrf,0,0x5c08570d2ff0
43,43,18,123,hip-hipmm-cdls-getrf,0,0x5c08570d2ff0
44,44,24,186,hip-hipmm-cdls-getrf,0,0x5c08570d2ff0
45,45,57,411,hip-hipmm-cdls-getrf,0,0x5c08570d2ff0
46,46,51,186,hip-hipmm-cdls-getrf,0,0x5c08570d2ff0
47,47,36,138,hip-hipmm-cdls-getrf,0,0x5c08570d2ff0
48,48,78,312,hip-hipmm-cdls-getrf,0,0x5c08570d2ff0
49,49,36,192,hip-hipmm-cdls-getrf,0,0x5c08570d2ff0
50,50,63,285,hip-hipmm-cdls-getrf,0,0x5c08570d2ff0
51,51,39,144,hip-hipmm-cdls-getrf,0,0x5c08570d2ff0
52,52,81,300,hip-hipmm-cdls-getrf,0,0x5c08570d2ff0
53,53,27,96,hip-hipmm-cdls-getrf,0,0x5c08570d2ff0
54,54,96,342,hip-hipmm-cdls-getrf,0,0x5c08570d2ff0
55,55,60,255,hip-hipmm-cdls-getrf,0,0x5c08570d2ff0
56,56,69,207,hip-hipmm-cdls-getrf,0,0x5c08570d2ff0
57,57,33,135,hip-hipmm-cdls-getrf,0,0x5c08570d2ff0
58,58,51,264,hip-hipmm-cdls-getrf,0,0x5c08570d2ff0
59,59,108,315,hip-hipmm-cdls-getrf,0,0x5c08570d2ff0
60,60,48,210,hip-hipmm-cdls-getrf,0,0x5c08570d2ff0
61,61,48,237,hip-hipmm-cdls-getrf,0,0x5c08570d2ff0
62,62,66,270,hip-hipmm-cdls-getrf,0,0x5c08570d2ff0
63,63,33,126,hip-hipmm-cdls-getrf,0,0x5c08570d2ff0
64,64,60,282,hip-hipmm-cdls-getrf,0,0x5c08570d2ff0
65,65,51,213,hip-hipmm-cdls-getrf,0,0x5c08570d2ff0
66,66,36,174,hip-hipmm-cdls-getrf,0,0x5c08570d2ff0
67,67,63,285,hip-hipmm-cdls-getrf,0,0x5c08570d2ff0
68,68,39,153,hip-hipmm-cdls-getrf,0,0x5c08570d2ff0
69,69,42,189,hip-hipmm-cdls-getrf,0,0x5c08570d2ff0
70,70,39,249,hip-hipmm-cdls-getrf,0,0x5c08570d2ff0
71,71,39,249,hip-hipmm-cdls-getrf,0,0x5c08570d2ff0
72,72,30,192,hip-hipmm-cdls-getrf,0,0x5c08570d2ff0
73,73,75,345,hip-hipmm-cdls-getrf,0,0x5c08570d2ff0
74,74,42,264,hip-hipmm-cdls-getrf,0,0x5c08570d2ff0
75,75,42,180,hip-hipmm-cdls-getrf,0,0x5c08570d2ff0
76,76,42,264,hip-hipmm-cdls-getrf,0,0x5c08570d2ff0
77,77,30,228,hip-hipmm-cdls-getrf,0,0x5c08570d2ff0
78,78,30,120,hip-hipmm-cdls-getrf,0,0x5c08570d2ff0
79,79,30,111,hip-hipmm-cdls-getrf,0,0x5c08570d2ff0
80,80,75,285,hip-hipmm-cdls-getrf,0,0x5c08570d2ff0
81,81,42,153,hip-hipmm-cdls-getrf,0,0x5c08570d2ff0
82,82,66,327,hip-hipmm-cdls-getrf,0,0x5c08570d2ff0
83,83,84,414,hip-hipmm-cdls-getrf,0,0x5c08570d2ff0
84,84,84,414,hip-hipmm-cdls-getrf,0,0x5c08570d2ff0
85,85,48,294,hip-hipmm-cdls-getrf,0,0x5c08570d2ff0
86,86,60,282,hip-hipmm-cdls-getrf,0,0x5c08570d2ff0
87,87,60,270,hip-hipmm-cdls-getrf,0,0x5c08570d2ff0
88,88,48,258,hip-hipmm-cdls-getrf,0,0x5c08570d2ff0
89,89,36,246,hip-hipmm-cdls-getrf,0,0x5c08570d2ff0
90,90,57,351,hip-hipmm-cdls-getrf,0,0x5c08570d2ff0
91,91,45,192,hip-hipmm-cdls-getrf,0,0x5c08570d2ff0
92,92,33,279,hip-hipmm-cdls-getrf,0,0x5c08570d2ff0
93,93,45,279,hip-hipmm-cdls-getrf,0,0x5c08570d2ff0
94,94,48,216,hip-hipmm-cdls-getrf,0,0x5c08570d2ff0
95,95,51,237,hip-hipmm-cdls-getrf,0,0x5c08570d2ff0
96,96,54,228,hip-hipmm-cdls-getrf,0,0x5c08570d2ff0
97,97,24,186,hip-hipmm-cdls-getrf,0,0x5c08570d2ff0
98,98,87,453,hip-hipmm-cdls-getrf,0,0x5c08570d2ff0
99,99,24,186,hip-hipmm-cdls-getrf,0,0x5c08570d2ff0
100,100,54,360,hip-hipmm-cdls-getrf,0,0x5c08570d2ff0
101,101,87,417,hip-hipmm-cdls-getrf,0,0x5c08570d2ff0
102,102,51,291,hip-hipmm-cdls-getrf,0,0x5c08570d2ff0
103,103,36,234,hip-hipmm-cdls-getrf,0,0x5c08570d2ff0
104,104,57,291,hip-hipmm-cdls-getrf,0,0x5c08570d2ff0
105,105,48,210,hip-hipmm-cdls-getrf,0,0x5c08570d2ff0
106,106,27,189,hip-hipmm-cdls-getrf,0,0x5c08570d2ff0
107,107,54,279,hip-hipmm-cdls-getrf,0,0x5c08570d2ff0
108,108,33,219,hip-hipmm-cdls-getrf,0,0x5c08570d2ff0
109,109,54,240,hip-hipmm-cdls-getrf,0,0x5c08570d2ff0
110,110,48,210,hip-hipmm-cdls-getrf,0,0x5c08570d2ff0
111,111,87,453,hip-hipmm-cdls-getrf,0,0x5c08570d2ff0
112,112,18,132,hip-hipmm-cdls-getrf,0,0x5c08570d2ff0
113,113,39,249,hip-hipmm-cdls-getrf,0,0x5c08570d2ff0
114,114,54,300,hip-hipmm-cdls-getrf,0,0x5c08570d2ff0
115,115,36,162,hip-hipmm-cdls-getrf,0,0x5c08570d2ff0
116,116,33,219,hip-hipmm-cdls-getrf,0,0x5c08570d2ff0
117,117,72,225,hip-hipmm-cdls-getrf,0,0x5c08570d2ff0
118,118,42,165,hip-hipmm-cdls-getrf,0,0x5c08570d2ff0
119,119,45,168,hip-hipmm-cdls-getrf,0,0x5c08570d2ff0
120,120,36,150,hip-hipmm-cdls-getrf,0,0x5c08570d2ff0
121,121,48,210,hip-hipmm-cdls-getrf,0,0x5c08570d2ff0
122,122,30,204,hip-hipmm-cdls-getrf,0,0x5c08570d2ff0
123,123,30,192,hip-hipmm-cdls-getrf,0,0x5c08570d2ff0
124,124,30,192,hip-hipmm-cdls-getrf,0,0x5c08570d2ff0
125,125,69,315,hip-hipmm-cdls-getrf,0,0x5c08570d2ff0
126,126,87,405,hip-hipmm-cdls-getrf,0,0x5c08570d2ff0
127,127,42,288,hip-hipmm-cdls-getrf,0,0x5c08570d2ff0
128,128,42,180,hip-hipmm-cdls-getrf,0,0x5c08570d2ff0
129,129,51,213,hip-hipmm-cdls-getrf,0,0x5c08570d2ff0
130,130,72,282,hip-hipmm-cdls-getrf,0,0x5c08570d2ff0
131,131,63,285,hip-hipmm-cdls-getrf,0,0x5c08570d2ff0
132,132,48,258,hip-hipmm-cdls-getrf,0,0x5c08570d2ff0
133,133,102,492,hip-hipmm-cdls-getrf,0,0x5c08570d2ff0
134,134,99,369,hip-hipmm-cdls-getrf,0,0x5c08570d2ff0
135,135,42,171,hip-hipmm-cdls-getrf,0,0x5c08570d2ff0
136,136,60,258,hip-hipmm-cdls-getrf,0,0x5c08570d2ff0
137,137,27,201,hip-hipmm-cdls-getrf,0,0x5c08570d2ff0
138,138,33,243,hip-hipmm-cdls-getrf,0,0x5c08570d2ff0
139,139,30,111,hip-hipmm-cdls-getrf,0,0x5c08570d2ff0
140,140,54,201,hip-hipmm-cdls-getrf,0,0x5c08570d2ff0
141,141,81,300,hip-hipmm-cdls-getrf,0,0x5c08570d2ff0
142,142,27,213,hip-hipmm-cdls-getrf,0,0x5c08570d2ff0
143,143,42,237,hip-hipmm-cdls-getrf,0,0x5c08570d2ff0
144,144,24,174,hip-hipmm-cdls-getrf,0,0x5c08570d2ff0
145,145,60,270,hip-hipmm-cdls-getrf,0,0x5c08570d2ff0
146,146,33,123,hip-hipmm-cdls-getrf,0,0x5c08570d2ff0
147,147,42,192,hip-hipmm-cdls-getrf,0,0x5c08570d2ff0
148,148,60,270,hip-hipmm-cdls-getrf,0,0x5c08570d2ff0
149,149,60,258,hip-hipmm-cdls-getrf,0,0x5c08570d2ff0
150,150,48,198,hip-hipmm-cdls-getrf,0,0x5c08570d2ff0
151,151,42,174,hip-hipmm-cdls-getrf,0,0x5c08570d2ff0
152,152,27,177,hip-hipmm-cdls-getrf,0,0x5c08570d2ff0
153,153,60,270,hip-hipmm-cdls-getrf,0,0x5c08570d2ff0
154,154,30,192,hip-hipmm-cdls-getrf,0,0x5c08570d2ff0
155,155,33,243,hip-hipmm-cdls-getrf,0,0x5c08570d2ff0
156,156,54,324,hip-hipmm-cdls-getrf,0,0x5c08570d2ff0
157,157,45,279,hip-hipmm-cdls-getrf,0,0x5c08570d2ff0
158,158,39,234,hip-hipmm-cdls-getrf,0,0x5c08570d2ff0
159,159,72,249,hip-hipmm-cdls-getrf,0,0x5c08570d2ff0
160,160,87,381,hip-hipmm-cdls-getrf,0,0x5c08570d2ff0
161,161,75,321,hip-hipmm-cdls-getrf,0,0x5c08570d2ff0
162,162,69,279,hip-hipmm-cdls-getrf,0,0x5c08570d2ff0
163,163,63,273,hip-hipmm-cdls-getrf,0,0x5c08570d2ff0
164,164,39,207,hip-hipmm-cdls-getrf,0,0x5c08570d2ff0
165,165,39,168,hip-hipmm-cdls-getrf,0,0x5c08570d2ff0
166,166,45,243,hip-hipmm-cdls-getrf,0,0x5c08570d2ff0
167,167,48,201,hip-hipmm-cdls-getrf,0,0x5c08570d2ff0
168,168,60,261,hip-hipmm-cdls-getrf,0,0x5c08570d2ff0
169,169,39,237,hip-hipmm-cdls-getrf,0,0x5c08570d2ff0
170,170,39,237,hip-hipmm-cdls-getrf,0,0x5c08570d2ff0
171,171,87,357,hip-hipmm-cdls-getrf,0,0x5c08570d2ff0
172,172,36,222,hip-hipmm-cdls-getrf,0,0x5c08570d2ff0
173,173,39,141,hip-hipmm-cdls-getrf,0,0x5c08570d2ff0
174,174,60,282,hip-hipmm-cdls-getrf,0,0x5c08570d2ff0
175,175,36,234,hip-hipmm-cdls-getrf,0,0x5c08570d2ff0
176,176,69,291,hip-hipmm-cdls-getrf,0,0x5c08570d2ff0
177,177,69,564,hip-hipmm-cdls-getrf,0,0x5c08570d2ff0
178,178,90,312,hip-hipmm-cdls-getrf,0,0x5c08570d2ff0
179,179,18,144,hip-hipmm-cdls-getrf,0,0x5c08570d2ff0
180,180,39,309,hip-hipmm-cdls-getrf,0,0x5c08570d2ff0
181,181,45,291,hip-hipmm-cdls-getrf,0,0x5c08570d2ff0
182,182,75,285,hip-hipmm-cdls-getrf,0,0x5c08570d2ff0
183,183,90,297,hip-hipmm-cdls-getrf,0,0x5c08570d2ff0
184,184,66,246,hip-hipmm-cdls-getrf,0,0x5c08570d2ff0
185,185,63,321,hip-hipmm-cdls-getrf,0,0x5c08570d2ff0
186,186,51,273,hip-hipmm-cdls-getrf,0,0x5c08570d2ff0
187,187,69,327,hip-hipmm-cdls-getrf,0,0x5c08570d2ff0
188,188,36,222,hip-hipmm-cdls-getrf,0,0x5c08570d2ff0
189,189,27,201,hip-hipmm-cdls-getrf,0,0x5c08570d2ff0
190,190,63,273,hip-hipmm-cdls-getrf,0,0x5c08570d2ff0
191,191,69,327,hip-hipmm-cdls-getrf,0,0x5c08570d2ff0
192,192,45,195,hip-hipmm-cdls-getrf,0,0x5c08570d2ff0
193,193,39,249,hip-hipmm-cdls-getrf,0,0x5c08570d2ff0
194,194,33,315,hip-hipmm-cdls-getrf,0,0x5c08570d2ff0
195,195,39,261,hip-hipmm-cdls-getrf,0,0x5c08570d2ff0
196,196,87,405,hip-hipmm-cdls-getrf,0,0x5c08570d2ff0
197,197,30,204,hip-hipmm-cdls-getrf,0,0x5c08570d2ff0
198,198,51,285,hip-hipmm-cdls-getrf,0,0x5c08570d2ff0
199,199,132,438,hip-hipmm-cdls-getrf,0,0x5c08570d2ff0
200,200,45,195,hip-hipmm-cdls-getrf,0,0x5c08570d2ff0
201,201,69,303,hip-hipmm-cdls-getrf,0,0x5c08570d2ff0
202,202,54,252,hip-hipmm-cdls-getrf,0,0x5c08570d2ff0
203,203,36,258,hip-hipmm-cdls-getrf,0,0x5c08570d2ff0
204,204,30,228,hip-hipmm-cdls-getrf,0,0x5c08570d2ff0
205,205,24,186,hip-hipmm-cdls-getrf,0,0x5c08570d2ff0
206,206,39,273,hip-hipmm-cdls-getrf,0,0x5c08570d2ff0
207,207,33,219,hip-hipmm-cdls-getrf,0,0x5c08570d2ff0
208,208,51,225,hip-hipmm-cdls-getrf,0,0x5c08570d2ff0
209,209,63,285,hip-hipmm-cdls-getrf,0,0x5c08570d2ff0
210,210,48,294,hip-hipmm-cdls-getrf,0,0x5c08570d2ff0
211,211,42,168,hip-hipmm-cdls-getrf,0,0x5c08570d2ff0
212,212,39,117,hip-hipmm-cdls-getrf,0,0x5c08570d2ff0
213,213,45,291,hip-hipmm-cdls-getrf,0,0x5c08570d2ff0
214,214,81,306,hip-hipmm-cdls-getrf,0,0x5c08570d2ff0
215,215,33,135,hip-hipmm-cdls-getrf,0,0x5c08570d2ff0
216,216,51,237,hip-hipmm-cdls-getrf,0,0x5c08570d2ff0
217,217,78,246,hip-hipmm-cdls-getrf,0,0x5c08570d2ff0
218,218,42,180,hip-hipmm-cdls-getrf,0,0x5c08570d2ff0
219,219,48,156,hip-hipmm-cdls-getrf,0,0x5c08570d2ff0
220,220,39,150,hip-hipmm-cdls-getrf,0,0x5c08570d2ff0
221,221,39,147,hip-hipmm-cdls-getrf,0,0x5c08570d2ff0
222,222,36,258,hip-hipmm-cdls-getrf,0,0x5c08570d2ff0
223,223,48,318,hip-hipmm-cdls-getrf,0,0x5c08570d2ff0
224,224,75,345,hip-hipmm-cdls-getrf,0,0x5c08570d2ff0
225,225,33,111,hip-hipmm-cdls-getrf,0,0x5c08570d2ff0
226,226,24,186,hip-hipmm-cdls-getrf,0,0x5c08570d2ff0
227,227,39,237,hip-hipmm-cdls-getrf,0,0x5c08570d2ff0
228,228,87,270,hip-hipmm-cdls-getrf,0,0x5c08570d2ff0
229,229,66,174,hip-hipmm-cdls-getrf,0,0x5c08570d2ff0
230,230,42,159,hip-hipmm-cdls-getrf,0,0x5c08570d2ff0
231,231,36,282,hip-hipmm-cdls-getrf,0,0x5c08570d2ff0
232,232,42,180,hip-hipmm-cdls-getrf,0,0x5c08570d2ff0
233,233,93,402,hip-hipmm-cdls-getrf,0,0x5c08570d2ff0
234,234,42,156,hip-hipmm-cdls-getrf,0,0x5c08570d2ff0
235,235,42,174,hip-hipmm-cdls-getrf,0,0x5c08570d2ff0
236,236,60,270,hip-hipmm-cdls-getrf,0,0x5c08570d2ff0
237,237,72,318,hip-hipmm-cdls-getrf,0,0x5c08570d2ff0
238,238,21,183,hip-hipmm-cdls-getrf,0,0x5c08570d2ff0
239,239,42,252,hip-hipmm-cdls-getrf,0,0x5c08570d2ff0
240,240,42,180,hip-hipmm-cdls-getrf,0,0x5c08570d2ff0
241,241,84,231,hip-hipmm-cdls-getrf,0,0x5c08570d2ff0
242,242,33,114,hip-hipmm-cdls-getrf,0,0x5c08570d2ff0
243,243,66,255,hip-hipmm-cdls-getrf,0,0x5c08570d2ff0
244,244,45,225,hip-hipmm-cdls-getrf,0,0x5c08570d2ff0
245,245,72,303,hip-hipmm-cdls-getrf,0,0x5c08570d2ff0
246,246,60,225,hip-hipmm-cdls-getrf,0,0x5c08570d2ff0
247,247,60,246,hip-hipmm-cdls-getrf,0,0x5c08570d2ff0
248,248,42,180,hip-hipmm-cdls-getrf,0,0x5c08570d2ff0
249,249,93,411,hip-hipmm-cdls-getrf,0,0x5c08570d2ff0
250,250,48,210,hip-hipmm-cdls-getrf,0,0x5c08570d2ff0
251,251,72,243,hip-hipmm-cdls-getrf,0,0x5c08570d2ff0
252,252,60,378,hip-hipmm-cdls-getrf,0,0x5c08570d2ff0
253,253,78,252,hip-hipmm-cdls-getrf,0,0x5c08570d2ff0
254,254,66,276,hip-hipmm-cdls-getrf,0,0x5c08570d2ff0
255,255,36,138,hip-hipmm-cdls-getrf,0,0x5c08570d2ff0
256,256,57,198,hip-hipmm-cdls-getrf,0,0x5c08570d2ff0
257,257,69,186,hip-hipmm-cdls-getrf,0,0x5c08570d2ff0
258,258,54,156,hip-hipmm-cdls-getrf,0,0x5c08570d2ff0
259,259,75,255,hip-hipmm-cdls-getrf,0,0x5c08570d2ff0
260,260,36,153,hip-hipmm-cdls-getrf,0,0x5c08570d2ff0
261,261,48,186,hip-hipmm-cdls-getrf,0,0x5c08570d2ff0
262,262,69,315,hip-hipmm-cdls-getrf,0,0x5c08570d2ff0
263,263,48,246,hip-hipmm-cdls-getrf,0,0x5c08570d2ff0
264,264,42,168,hip-hipmm-cdls-getrf,0,0x5c08570d2ff0
265,265,66,210,hip-hipmm-cdls-getrf,0,0x5c08570d2ff0
266,266,54,252,hip-hipmm-cdls-getrf,0,0x5c08570d2ff0
267,267,57,225,hip-hipmm-cdls-getrf,0,0x5c08570d2ff0
268,268,72,192,hip-hipmm-cdls-getrf,0,0x5c08570d2ff0
269,269,45,114,hip-hipmm-cdls-getrf,0,0x5c08570d2ff0
270,270,30,111,hip-hipmm-cdls-getrf,0,0x5c08570d2ff0
271,271,69,309,hip-hipmm-cdls-getrf,0,0x5c08570d2ff0
272,272,57,327,hip-hipmm-cdls-getrf,0,0x5c08570d2ff0
273,273,81,297,hip-hipmm-cdls-getrf,0,0x5c08570d2ff0
274,274,48,210,hip-hipmm-cdls-getrf,0,0x5c08570d2ff0
275,275,21,159,hip-hipmm-cdls-getrf,0,0x5c08570d2ff0
276,276,54,264,hip-hipmm-cdls-getrf,0,0x5c08570d2ff0
277,277,90,312,hip-hipmm-cdls-getrf,0,0x5c08570d2ff0
278,278,39,147,hip-hipmm-cdls-getrf,0,0x5c08570d2ff0
279,279,87,282,hip-hipmm-cdls-getrf,0,0x5c08570d2ff0
280,280,75,339,hip-hipmm-cdls-getrf,0,0x5c08570d2ff0
281,281,36,234,hip-hipmm-cdls-getrf,0,0x5c08570d2ff0
282,282,36,204,hip-hipmm-cdls-getrf,0,0x5c08570d2ff0
283,283,72,258,hip-hipmm-cdls-getrf,0,0x5c08570d2ff0
284,284,78,309,hip-hipmm-cdls-getrf,0,0x5c08570d2ff0
285,285,63,204,hip-hipmm-cdls-getrf,0,0x5c08570d2ff0
286,286,54,252,hip-hipmm-cdls-getrf,0,0x5c08570d2ff0
287,287,48,174,hip-hipmm-cdls-getrf,0,0x5c08570d2ff0
288,288,114,408,hip-hipmm-cdls-getrf,0,0x5c08570d2ff0
289,289,57,255,hip-hipmm-cdls-getrf,0,0x5c08570d2ff0
290,290,42,153,hip-hipmm-cdls-getrf,0,0x5c08570d2ff0
291,291,42,141,hip-hipmm-cdls-getrf,0,0x5c08570d2ff0
292,292,72,330,hip-hipmm-cdls-getrf,0,0x5c08570d2ff0
293,293,63,321,hip-hipmm-cdls-getrf,0,0x5c08570d2ff0
294,294,42,180,hip-hipmm-cdls-getrf,0,0x5c08570d2ff0
295,295,42,156,hip-hipmm-cdls-getrf,0,0x5c08570d2ff0
296,296,72,240,hip-hipmm-cdls-getrf,0,0x5c08570d2ff0
297,297,27,201,hip-hipmm-cdls-getrf,0,0x5c08570d2ff0
298,298,30,192,hip-hipmm-cdls-getrf,0,0x5c08570d2ff0
299,299,48,306,hip-hipmm-cdls-getrf,0,0x5c08570d2ff0
300,300,57,339,hip-hipmm-cdls-getrf,0,0x5c08570d2ff0
301,301,141,315,hip-hipmm-cdls-getrf,0,0x5c08570d2ff0
302,302,27,126,hip-hipmm-cdls-getrf,0,0x5c08570d2ff0
303,303,57,159,hip-hipmm-cdls-getrf,0,0x5c08570d2ff0
304,304,57,186,hip-hipmm-cdls-getrf,0,0x5c08570d2ff0
305,305,45,168,hip-hipmm-cdls-getrf,0,0x5c08570d2ff0
306,306,36,222,hip-hipmm-cdls-getrf,0,0x5c08570d2ff0
307,307,33,219,hip-hipmm-cdls-getrf,0,0x5c08570d2ff0
308,308,66,300,hip-hipmm-cdls-getrf,0,0x5c08570d2ff0
309,309,51,225,hip-hipmm-cdls-getrf,0,0x5c08570d2ff0
310,310,60,183,hip-hipmm-cdls-getrf,0,0x5c08570d2ff0
311,311,57,255,hip-hipmm-cdls-getrf,0,0x5c08570d2ff0
312,312,78,261,hip-hipmm-cdls-getrf,0,0x5c08570d2ff0
313,313,66,219,hip-hipmm-cdls-getrf,0,0x5c08570d2ff0
314,314,42,237,hip-hipmm-cdls-getrf,0,0x5c08570d2ff0
315,315,48,294,hip-hipmm-cdls-getrf,0,0x5c08570d2ff0
316,316,54,240,hip-hipmm-cdls-getrf,0,0x5c08570d2ff0
317,317,96,255,hip-hipmm-cdls-getrf,0,0x5c08570d2ff0
318,318,60,213,hip-hipmm-cdls-getrf,0,0x5c08570d2ff0
319,319,51,186,hip-hipmm-cdls-getrf,0,0x5c08570d2ff0
320,320,36,222,hip-hipmm-cdls-getrf,0,0x5c08570d2ff0
321,321,54,312,hip-hipmm-cdls-getrf,0,0x5c08570d2ff0
322,322,57,285,hip-hipmm-cdls-getrf,0,0x5c08570d2ff0
323,323,111,417,hip-hipmm-cdls-getrf,0,0x5c08570d2ff0
324,324,36,186,hip-hipmm-cdls-getrf,0,0x5c08570d2ff0
325,325,72,246,hip-hipmm-cdls-getrf,0,0x5c08570d2ff0
326,326,69,282,hip-hipmm-cdls-getrf,0,0x5c08570d2ff0
327,327,75,294,hip-hipmm-cdls-getrf,0,0x5c08570d2ff0
328,328,54,285,hip-hipmm-cdls-getrf,0,0x5c08570d2ff0
329,329,27,105,hip-hipmm-cdls-getrf,0,0x5c08570d2ff0
330,330,84,270,hip-hipmm-cdls-getrf,0,0x5c08570d2ff0
331,331,33,114,hip-hipmm-cdls-getrf,0,0x5c08570d2ff0
332,332,69,312,hip-hipmm-cdls-getrf,0,0x5c08570d2ff0
333,333,30,204,hip-hipmm-cdls-getrf,0,0x5c08570d2ff0
334,334,99,369,hip-hipmm-cdls-getrf,0,0x5c08570d2ff0
335,335,48,258,hip-hipmm-cdls-getrf,0,0x5c08570d2ff0
336,336,48,270,hip-hipmm-cdls-getrf,0,0x5c08570d2ff0
337,337,54,300,hip-hipmm-cdls-getrf,0,0x5c08570d2ff0
338,338,72,306,hip-hipmm-cdls-getrf,0,0x5c08570d2ff0
339,339,108,462,hip-hipmm-cdls-getrf,0,0x5c08570d2ff0
340,340,39,153,hip-hipmm-cdls-getrf,0,0x5c08570d2ff0
341,341,63,183,hip-hipmm-cdls-getrf,0,0x5c08570d2ff0
342,342,69,291,hip-hipmm-cdls-getrf,0,0x5c08570d2ff0
343,343,27,201,hip-hipmm-cdls-getrf,0,0x5c08570d2ff0
344,344,36,150,hip-hipmm-cdls-getrf,0,0x5c08570d2ff0
345,345,72,342,hip-hipmm-cdls-getrf,0,0x5c08570d2ff0
346,346,60,342,hip-hipmm-cdls-getrf,0,0x5c08570d2ff0
347,347,39,177,hip-hipmm-cdls-getrf,0,0x5c08570d2ff0
348,348,30,177,hip-hipmm-cdls-getrf,0,0x5c08570d2ff0
349,349,42,168,hip-hipmm-cdls-getrf,0,0x5c08570d2ff0
350,350,24,186,hip-hipmm-cdls-getrf,0,0x5c08570d2ff0
351,351,57,255,hip-hipmm-cdls-getrf,0,0x5c08570d2ff0
352,352,42,264,hip-hipmm-cdls-getrf,0,0x5c08570d2ff0
353,353,75,333,hip-hipmm-cdls-getrf,0,0x5c08570d2ff0
354,354,78,288,hip-hipmm-cdls-getrf,0,0x5c08570d2ff0
355,355,72,285,hip-hipmm-cdls-getrf,0,0x5c08570d2ff0
356,356,36,234,hip-hipmm-cdls-getrf,0,0x5c08570d2ff0
357,357,48,186,hip-hipmm-cdls-getrf,0,0x5c08570d2ff0
358,358,48,234,hip-hipmm-cdls-getrf,0,0x5c08570d2ff0
359,359,51,192,hip-hipmm-cdls-getrf,0,0x5c08570d2ff0
360,360,63,309,hip-hipmm-cdls-getrf,0,0x5c08570d2ff0
361,361,36,234,hip-hipmm-cdls-getrf,0,0x5c08570d2ff0
362,362,108,270,hip-hipmm-cdls-getrf,0,0x5c08570d2ff0
363,363,45,177,hip-hipmm-cdls-getrf,0,0x5c08570d2ff0
364,364,57,315,hip-hipmm-cdls-getrf,0,0x5c08570d2ff0
365,365,27,237,hip-hipmm-cdls-getrf,0,0x5c08570d2ff0
366,366,45,195,hip-hipmm-cdls-getrf,0,0x5c08570d2ff0
367,367,72,231,hip-hipmm-cdls-getrf,0,0x5c08570d2ff0
368,368,69,267,hip-hipmm-cdls-getrf,0,0x5c08570d2ff0
369,369,48,186,hip-hipmm-cdls-getrf,0,0x5c08570d2ff0
370,370,75,405,hip-hipmm-cdls-getrf,0,0x5c08570d2ff0
371,371,93,303,hip-hipmm-cdls-getrf,0,0x5c08570d2ff0
372,372,69,276,hip-hipmm-cdls-getrf,0,0x5c08570d2ff0
373,373,96,390,hip-hipmm-cdls-getrf,0,0x5c08570d2ff0
374,374,69,351,hip-hipmm-cdls-getrf,0,0x5c08570d2ff0
375,375,45,486,hip-hipmm-cdls-getrf,0,0x5c08570d2ff0
376,376,84,378,hip-hipmm-cdls-getrf,0,0x5c08570d2ff0
377,377,78,258,hip-hipmm-cdls-getrf,0,0x5c08570d2ff0
378,378,45,240,hip-hipmm-cdls-getrf,0,0x5c08570d2ff0
379,379,51,261,hip-hipmm-cdls-getrf,0,0x5c08570d2ff0
380,380,24,186,hip-hipmm-cdls-getrf,0,0x5c08570d2ff0
381,381,21,183,hip-hipmm-cdls-getrf,0,0x5c08570d2ff0
382,382,66,264,hip-hipmm-cdls-getrf,0,0x5c08570d2ff0
383,383,72,306,hip-hipmm-cdls-getrf,0,0x5c08570d2ff0
384,384,36,126,hip-hipmm-cdls-getrf,0,0x5c08570d2ff0
385,385,69,219,hip-hipmm-cdls-getrf,0,0x5c08570d2ff0
386,386,42,171,hip-hipmm-cdls-getrf,0,0x5c08570d2ff0
387,387,99,276,hip-hipmm-cdls-getrf,0,0x5c08570d2ff0
388,388,36,246,hip-hipmm-cdls-getrf,0,0x5c08570d2ff0
389,389,48,171,hip-hipmm-cdls-getrf,0,0x5c08570d2ff0
390,390,72,240,hip-hipmm-cdls-getrf,0,0x5c08570d2ff0
391,391,48,252,hip-hipmm-cdls-getrf,0,0x5c08570d2ff0
392,392,57,339,hip-hipmm-cdls-getrf,0,0x5c08570d2ff0
393,393,51,225,hip-hipmm-cdls-getrf,0,0x5c08570d2ff0
394,394,60,294,hip-hipmm-cdls-getrf,0,0x5c08570d2ff0
395,395,51,219,hip-hipmm-cdls-getrf,0,0x5c08570d2ff0
396,396,75,333,hip-hipmm-cdls-getrf,0,0x5c08570d2ff0
397,397,81,213,hip-hipmm-cdls-getrf,0,0x5c08570d2ff0
398,398,45,141,hip-hipmm-cdls-getrf,0,0x5c08570d2ff0
399,399,30,75,hip-hipmm-cdls-getrf,0,0x5c08570d2ff0
400,400,24,144,hip-hipmm-cdls-getrf,0,0x5c08570d2ff0
401,401,75,333,hip-hipmm-cdls-getrf,0,0x5c08570d2ff0
402,402,57,225,hip-hipmm-cdls-getrf,0,0x5c08570d2ff0
403,403,27,189,hip-hipmm-cdls-getrf,0,0x5c08570d2ff0
404,404,51,195,hip-hipmm-cdls-getrf,0,0x5c08570d2ff0
405,405,60,270,hip-hipmm-cdls-getrf,0,0x5c08570d2ff0
406,406,57,267,hip-hipmm-cdls-getrf,0,0x5c08570d2ff0
407,407,42,264,hip-hipmm-cdls-getrf,0,0x5c08570d2ff0
408,408,42,276,hip-hipmm-cdls-getrf,0,0x5c08570d2ff0
409,409,54,279,hip-hipmm-cdls-getrf,0,0x5c08570d2ff0
410,410,36,126,hip-hipmm-cdls-getrf,0,0x5c08570d2ff0
411,411,48,231,hip-hipmm-cdls-getrf,0,0x5c08570d2ff0
412,412,39,138,hip-hipmm-cdls-getrf,0,0x5c08570d2ff0
413,413,42,168,hip-hipmm-cdls-getrf,0,0x5c08570d2ff0
414,414,39,165,hip-hipmm-cdls-getrf,0,0x5c08570d2ff0
415,415,75,243,hip-hipmm-cdls-getrf,0,0x5c08570d2ff0
416,416,36,222,hip-hipmm-cdls-getrf,0,0x5c08570d2ff0
417,417,69,228,hip-hipmm-cdls-getrf,0,0x5c08570d2ff0
418,418,42,255,hip-hipmm-cdls-getrf,0,0x5c08570d2ff0
419,419,33,111,hip-hipmm-cdls-getrf,0,0x5c08570d2ff0
420,420,69,360,hip-hipmm-cdls-getrf,0,0x5c08570d2ff0
421,421,72,294,hip-hipmm-cdls-getrf,0,0x5c08570d2ff0
422,422,96,528,hip-hipmm-cdls-getrf,0,0x5c08570d2ff0
423,423,120,402,hip-hipmm-cdls-getrf,0,0x5c08570d2ff0
424,424,96,294,hip-hipmm-cdls-getrf,0,0x5c08570d2ff0
425,425,93,282,hip-hipmm-cdls-getrf,0,0x5c08570d2ff0
426,426,30,108,hip-hipmm-cdls-getrf,0,0x5c08570d2ff0
427,427,48,210,hip-hipmm-cdls-getrf,0,0x5c08570d2ff0
428,428,48,234,hip-hipmm-cdls-getrf,0,0x5c08570d2ff0
429,429,27,201,hip-hipmm-cdls-getrf,0,0x5c08570d2ff0
430,430,108,342,hip-hipmm-cdls-getrf,0,0x5c08570d2ff0
431,431,78,372,hip-hipmm-cdls-getrf,0,0x5c08570d2ff0
432,432,54,273,hip-hipmm-cdls-getrf,0,0x5c08570d2ff0
433,433,72,318,hip-hipmm-cdls-getrf,0,0x5c08570d2ff0
434,434,48,210,hip-hipmm-cdls-getrf,0,0x5c08570d2ff0
435,435,36,285,hip-hipmm-cdls-getrf,0,0x5c08570d2ff0
436,436,30,216,hip-hipmm-cdls-getrf,0,0x5c08570d2ff0
437,437,63,258,hip-hipmm-cdls-getrf,0,0x5c08570d2ff0
438,438,69,324,hip-hipmm-cdls-getrf,0,0x5c08570d2ff0
439,439,84,354,hip-hipmm-cdls-getrf,0,0x5c08570d2ff0
440,440,39,153,hip-hipmm-cdls-getrf,0,0x5c08570d2ff0
441,441,81,219,hip-hipmm-cdls-getrf,0,0x5c08570d2ff0
442,442,54,153,hip-hipmm-cdls-getrf,0,0x5c08570d2ff0
443,443,51,192,hip-hipmm-cdls-getrf,0,0x5c08570d2ff0
444,444,48,306,hip-hipmm-cdls-getrf,0,0x5c08570d2ff0
445,445,39,198,hip-hipmm-cdls-getrf,0,0x5c08570d2ff0
446,446,90,327,hip-hipmm-cdls-getrf,0,0x5c08570d2ff0
447,447,102,393,hip-hipmm-cdls-getrf,0,0x5c08570d2ff0
448,448,93,399,hip-hipmm-cdls-getrf,0,0x5c08570d2ff0
449,449,129,327,hip-hipmm-cdls-getrf,0,0x5c08570d2ff0
450,450,36,138,hip-hipmm-cdls-getrf,0,0x5c08570d2ff0
451,451,72,339,hip-hipmm-cdls-getrf,0,0x5c08570d2ff0
452,452,27,84,hip-hipmm-cdls-getrf,0,0x5c08570d2ff0
453,453,51,198,hip-hipmm-cdls-getrf,0,0x5c08570d2ff0
454,454,75,246,hip-hipmm-cdls-getrf,0,0x5c08570d2ff0
455,455,21,75,hip-hipmm-cdls-getrf,0,0x5c08570d2ff0
456,456,69,216,hip-hipmm-cdls-getrf,0,0x5c08570d2ff0
457,457,45,237,hip-hipmm-cdls-getrf,0,0x5c08570d2ff0
458,458,78,201,hip-hipmm-cdls-getrf,0,0x5c08570d2ff0
459,459,36,117,hip-hipmm-cdls-getrf,0,0x5c08570d2ff0
460,460,114,273,hip-hipmm-cdls-getrf,0,0x5c08570d2ff0
461,461,69,321,hip-hipmm-cdls-getrf,0,0x5c08570d2ff0
462,462,57,255,hip-hipmm-cdls-getrf,0,0x5c08570d2ff0
463,463,63,180,hip-hipmm-cdls-getrf,0,0x5c08570d2ff0
464,464,60,282,hip-hipmm-cdls-getrf,0,0x5c08570d2ff0
465,465,45,204,hip-hipmm-cdls-getrf,0,0x5c08570d2ff0
466,466,36,216,hip-hipmm-cdls-getrf,0,0x5c08570d2ff0
467,467,18,126,hip-hipmm-cdls-getrf,0,0x5c08570d2ff0
468,468,84,294,hip-hipmm-cdls-getrf,0,0x5c08570d2ff0
469,469,54,306,hip-hipmm-cdls-getrf,0,0x5c08570d2ff0
470,470,81,282,hip-hipmm-cdls-getrf,0,0x5c08570d2ff0
471,471,75,261,hip-hipmm-cdls-getrf,0,0x5c08570d2ff0
472,472,39,159,hip-hipmm-cdls-getrf,0,0x5c08570d2ff0
473,473,54,234,hip-hipmm-cdls-getrf,0,0x5c08570d2ff0
474,474,63,240,hip-hipmm-cdls-getrf,0,0x5c08570d2ff0
475,475,90,336,hip-hipmm-cdls-getrf,0,0x5c08570d2ff0
476,476,36,168,hip-hipmm-cdls-getrf,0,0x5c08570d2ff0
477,477,45,159,hip-hipmm-cdls-getrf,0,0x5c08570d2ff0
478,478,90,306,hip-hipmm-cdls-getrf,0,0x5c08570d2ff0
479,479,48,183,hip-hipmm-cdls-getrf,0,0x5c08570d2ff0
480,480,30,111,hip-hipmm-cdls-getrf,0,0x5c08570d2ff0
481,481,54,228,hip-hipmm-cdls-getrf,0,0x5c08570d2ff0
482,482,45,195,hip-hipmm-cdls-getrf,0,0x5c08570d2ff0
483,483,36,138,hip-hipmm-cdls-getrf,0,0x5c08570d2ff0
484,484,48,282,hip-hipmm-cdls-getrf,0,0x5c08570d2ff0
485,485,57,156,hip-hipmm-cdls-getrf,0,0x5c08570d2ff0
486,486,45,207,hip-hipmm-cdls-getrf,0,0x5c08570d2ff0
487,487,39,165,hip-hipmm-cdls-getrf,0,0x5c08570d2ff0
488,488,84,294,hip-hipmm-cdls-getrf,0,0x5c08570d2ff0
489,489,42,192,hip-hipmm-cdls-getrf,0,0x5c08570d2ff0
490,490,39,150,hip-hipmm-cdls-getrf,0,0x5c08570d2ff0
491,491,96,498,hip-hipmm-cdls-getrf,0,0x5c08570d2ff0
492,492,42,168,hip-hipmm-cdls-getrf,0,0x5c08570d2ff0
493,493,30,174,hip-hipmm-cdls-getrf,0,0x5c08570d2ff0
494,494,48,279,hip-hipmm-cdls-getrf,0,0x5c08570d2ff0
495,495,48,222,hip-hipmm-cdls-getrf,0,0x5c08570d2ff0
496,496,30,216,hip-hipmm-cdls-getrf,0,0x5c08570d2ff0
497,497,66,207,hip-hipmm-cdls-getrf,0,0x5c08570d2ff0
498,498,30,120,hip-hipmm-cdls-getrf,0,0x5c08570d2ff0
499,499,81,255,hip-hipmm-cdls-getrf,0,0x5c08570d2ff0
500,500,57,243,hip-hipmm-cdls-getrf,0,0x5c08570d2ff0
501,501,27,105,hip-hipmm-cdls-getrf,0,0x5c08570d2ff0
502,502,75,294,hip-hipmm-cdls-getrf,0,0x5c08570d2ff0
503,503,36,150,hip-hipmm-cdls-getrf,0,0x5c08570d2ff0
504,504,108,288,hip-hipmm-cdls-getrf,0,0x5c08570d2ff0
505,505,45,168,hip-hipmm-cdls-getrf,0,0x5c08570d2ff0
506,506,60,282,hip-hipmm-cdls-getrf,0,0x5c08570d2ff0
507,507,48,282,hip-hipmm-cdls-getrf,0,0x5c08570d2ff0
508,508,57,276,hip-hipmm-cdls-getrf,0,0x5c08570d2ff0
509,509,84,279,hip-hipmm-cdls-getrf,0,0x5c08570d2ff0
510,510,69,375,hip-hipmm-cdls-getrf,0,0x5c08570d2ff0
511,511,42,180,hip-hipmm-cdls-getrf,0,0x5c08570d2ff0
512,512,39,141,hip-hipmm-cdls-getrf,0,0x5c08570d2ff0
513,513,75,327,hip-hipmm-cdls-getrf,0,0x5c08570d2ff0
514,514,63,261,hip-hipmm-cdls-getrf,0,0x5c08570d2ff0
515,515,57,228,hip-hipmm-cdls-getrf,0,0x5c08570d2ff0
516,516,45,195,hip-hipmm-cdls-getrf,0,0x5c08570d2ff0
517,517,45,195,hip-hipmm-cdls-getrf,0,0x5c08570d2ff0
518,518,66,195,hip-hipmm-cdls-getrf,0,0x5c08570d2ff0
519,519,93,312,hip-hipmm-cdls-getrf,0,0x5c08570d2ff0
520,520,135,453,hip-hipmm-cdls-getrf,0,0x5c08570d2ff0
521,521,69,315,hip-hipmm-cdls-getrf,0,0x5c08570d2ff0
522,522,54,240,hip-hipmm-cdls-getrf,0,0x5c08570d2ff0
523,523,87,273,hip-hipmm-cdls-getrf,0,0x5c08570d2ff0
524,524,57,216,hip-hipmm-cdls-getrf,0,0x5c08570d2ff0
525,525,66,159,hip-hipmm-cdls-getrf,0,0x5c08570d2ff0
526,526,36,156,hip-hipmm-cdls-getrf,0,0x5c08570d2ff0
527,527,33,132,hip-hipmm-cdls-getrf,0,0x5c08570d2ff0
528,528,81,279,hip-hipmm-cdls-getrf,0,0x5c08570d2ff0
529,529,45,204,hip-hipmm-cdls-getrf,0,0x5c08570d2ff0
530,530,114,345,hip-hipmm-cdls-getrf,0,0x5c08570d2ff0
531,531,42,195,hip-hipmm-cdls-getrf,0,0x5c08570d2ff0
532,532,87,228,hip-hipmm-cdls-getrf,0,0x5c08570d2ff0
533,533,78,348,hip-hipmm-cdls-getrf,0,0x5c08570d2ff0
534,534,42,180,hip-hipmm-cdls-getrf,0,0x5c08570d2ff0
535,535,51,213,hip-hipmm-cdls-getrf,0,0x5c08570d2ff0
536,536,36,150,hip-hipmm-cdls-getrf,0,0x5c08570d2ff0
537,537,48,192,hip-hipmm-cdls-getrf,0,0x5c08570d2ff0
538,538,78,267,hip-hipmm-cdls-getrf,0,0x5c08570d2ff0
539,539,45,192,hip-hipmm-cdls-getrf,0,0x5c08570d2ff0
540,540,42,180,hip-hipmm-cdls-getrf,0,0x5c08570d2ff0
541,541,36,141,hip-hipmm-cdls-getrf,0,0x5c08570d2ff0
542,542,51,129,hip-hipmm-cdls-getrf,0,0x5c08570d2ff0
543,543,54,198,hip-hipmm-cdls-getrf,0,0x5c08570d2ff0
544,544,42,180,hip-hipmm-cdls-getrf,0,0x5c08570d2ff0
545,545,51,237,hip-hipmm-cdls-getrf,0,0x5c08570d2ff0
546,546,93,228,hip-hipmm-cdls-getrf,0,0x5c08570d2ff0
547,547,57,327,hip-hipmm-cdls-getrf,0,0x5c08570d2ff0
548,548,57,177,hip-hipmm-cdls-getrf,0,0x5c08570d2ff0
549,549,66,192,hip-hipmm-cdls-getrf,0,0x5c08570d2ff0
550,550,45,99,hip-hipmm-cdls-getrf,0,0x5c08570d2ff0
551,551,72,192,hip-hipmm-cdls-getrf,0,0x5c08570d2ff0
552,552,39,153,hip-hipmm-cdls-getrf,0,0x5c08570d2ff0
553,553,42,165,hip-hipmm-cdls-getrf,0,0x5c08570d2ff0
554,554,27,96,hip-hipmm-cdls-getrf,0,0x5c08570d2ff0
555,555,36,141,hip-hipmm-cdls-getrf,0,0x5c08570d2ff0
556,556,57,294,hip-hipmm-cdls-getrf,0,0x5c08570d2ff0
557,557,57,219,hip-hipmm-cdls-getrf,0,0x5c08570d2ff0
558,558,45,183,hip-hipmm-cdls-getrf,0,0x5c08570d2ff0
559,559,81,279,hip-hipmm-cdls-getrf,0,0x5c08570d2ff0
560,560,63,255,hip-hipmm-cdls-getrf,0,0x5c08570d2ff0
561,561,93,318,hip-hipmm-cdls-getrf,0,0x5c08570d2ff0
562,562,51,261,hip-hipmm-cdls-getrf,0,0x5c08570d2ff0
563,563,84,348,hip-hipmm-cdls-getrf,0,0x5c08570d2ff0
564,564,72,279,hip-hipmm-cdls-getrf,0,0x5c08570d2ff0
565,565,60,192,hip-hipmm-cdls-getrf,0,0x5c08570d2ff0
566,566,57,399,hip-hipmm-cdls-getrf,0,0x5c08570d2ff0
567,567,48,210,hip-hipmm-cdls-getrf,0,0x5c08570d2ff0
568,568,90,375,hip-hipmm-cdls-getrf,0,0x5c08570d2ff0
569,569,24,153,hip-hipmm-cdls-getrf,0,0x5c08570d2ff0
570,570,63,297,hip-hipmm-cdls-getrf,0,0x5c08570d2ff0
571,571,81,375,hip-hipmm-cdls-getrf,0,0x5c08570d2ff0
572,572,57,213,hip-hipmm-cdls-getrf,0,0x5c08570d2ff0
573,573,60,282,hip-hipmm-cdls-getrf,0,0x5c08570d2ff0
574,574,60,183,hip-hipmm-cdls-getrf,0,0x5c08570d2ff0
575,575,45,231,hip-hipmm-cdls-getrf,0,0x5c08570d2ff0
576,576,57,267,hip-hipmm-cdls-getrf,0,0x5c08570d2ff0
577,577,45,195,hip-hipmm-cdls-getrf,0,0x5c08570d2ff0
578,578,60,282,hip-hipmm-cdls-getrf,0,0x5c08570d2ff0
579,579,36,162,hip-hipmm-cdls-getrf,0,0x5c08570d2ff0
580,580,75,345,hip-hipmm-cdls-getrf,0,0x5c08570d2ff0
581,581,63,198,hip-hipmm-cdls-getrf,0,0x5c08570d2ff0
582,582,90,276,hip-hipmm-cdls-getrf,0,0x5c08570d2ff0
583,583,39,141,hip-hipmm-cdls-getrf,0,0x5c08570d2ff0
584,584,36,138,hip-hipmm-cdls-getrf,0,0x5c08570d2ff0
585,585,36,135,hip-hipmm-cdls-getrf,0,0x5c08570d2ff0
586,586,60,270,hip-hipmm-cdls-getrf,0,0x5c08570d2ff0
587,587,51,201,hip-hipmm-cdls-getrf,0,0x5c08570d2ff0
588,588,54,240,hip-hipmm-cdls-getrf,0,0x5c08570d2ff0
589,589,60,354,hip-hipmm-cdls-getrf,0,0x5c08570d2ff0
590,590,36,234,hip-hipmm-cdls-getrf,0,0x5c08570d2ff0
591,591,36,222,hip-hipmm-cdls-getrf,0,0x5c08570d2ff0
592,592,72,384,hip-hipmm-cdls-getrf,0,0x5c08570d2ff0
593,593,72,285,hip-hipmm-cdls-getrf,0,0x5c08570d2ff0
594,594,63,270,hip-hipmm-cdls-getrf,0,0x5c08570d2ff0
595,595,72,261,hip-hipmm-cdls-getrf,0,0x5c08570d2ff0
596,596,96,378,hip-hipmm-cdls-getrf,0,0x5c08570d2ff0
597,597,66,273,hip-hipmm-cdls-getrf,0,0x5c08570d2ff0
598,598,81,255,hip-hipmm-cdls-getrf,0,0x5c08570d2ff0
599,599,42,171,hip-hipmm-cdls-getrf,0,0x5c08570d2ff0
600,600,84,378,hip-hipmm-cdls-getrf,0,0x5c08570d2ff0
601,601,75,321,hip-hipmm-cdls-getrf,0,0x5c08570d2ff0
602,602,63,252,hip-hipmm-cdls-getrf,0,0x5c08570d2ff0
603,603,27,183,hip-hipmm-cdls-getrf,0,0x5c08570d2ff0
604,604,93,435,hip-hipmm-cdls-getrf,0,0x5c08570d2ff0
605,605,114,351,hip-hipmm-cdls-getrf,0,0x5c08570d2ff0
606,606,36,129,hip-hipmm-cdls-getrf,0,0x5c08570d2ff0
607,607,63,186,hip-hipmm-cdls-getrf,0,0x5c08570d2ff0
608,608,42,240,hip-hipmm-cdls-getrf,0,0x5c08570d2ff0
609,609,48,198,hip-hipmm-cdls-getrf,0,0x5c08570d2ff0
610,610,39,249,hip-hipmm-cdls-getrf,0,0x5c08570d2ff0
611,611,51,189,hip-hipmm-cdls-getrf,0,0x5c08570d2ff0
612,612,69,225,hip-hipmm-cdls-getrf,0,0x5c08570d2ff0
613,613,54,276,hip-hipmm-cdls-getrf,0,0x5c08570d2ff0
614,614,30,165,hip-hipmm-cdls-getrf,0,0x5c08570d2ff0
615,615,21,171,hip-hipmm-cdls-getrf,0,0x5c08570d2ff0
616,616,45,183,hip-hipmm-cdls-getrf,0,0x5c08570d2ff0
617,617,48,318,hip-hipmm-cdls-getrf,0,0x5c08570d2ff0
618,618,30,204,hip-hipmm-cdls-getrf,0,0x5c08570d2ff0
619,619,54,216,hip-hipmm-cdls-getrf,0,0x5c08570d2ff0
620,620,33,135,hip-hipmm-cdls-getrf,0,0x5c08570d2ff0
621,621,66,294,hip-hipmm-cdls-getrf,0,0x5c08570d2ff0
622,622,48,210,hip-hipmm-cdls-getrf,0,0x5c08570d2ff0
623,623,72,294,hip-hipmm-cdls-getrf,0,0x5c08570d2ff0
624,624,105,459,hip-hipmm-cdls-getrf,0,0x5c08570d2ff0
625,625,54,312,hip-hipmm-cdls-getrf,0,0x5c08570d2ff0
626,626,57,267,hip-hipmm-cdls-getrf,0,0x5c08570d2ff0
627,627,42,204,hip-hipmm-cdls-getrf,0,0x5c08570d2ff0
628,628,27,225,hip-hipmm-cdls-getrf,0,0x5c08570d2ff0
629,629,45,252,hip-hipmm-cdls-getrf,0,0x5c08570d2ff0
630,630,84,306,hip-hipmm-cdls-getrf,0,0x5c08570d2ff0
631,631,39,273,hip-hipmm-cdls-getrf,0,0x5c08570d2ff0
632,632,18,168,hip-hipmm-cdls-getrf,0,0x5c08570d2ff0
633,633,72,258,hip-hipmm-cdls-getrf,0,0x5c08570d2ff0
634,634,54,240,hip-hipmm-cdls-getrf,0,0x5c08570d2ff0
635,635,51,309,hip-hipmm-cdls-getrf,0,0x5c08570d2ff0
636,636,45,219,hip-hipmm-cdls-getrf,0,0x5c08570d2ff0
637,637,39,177,hip-hipmm-cdls-getrf,0,0x5c08570d2ff0
638,638,39,177,hip-hipmm-cdls-getrf,0,0x5c08570d2ff0
639,639,84,306,hip-hipmm-cdls-getrf,0,0x5c08570d2ff0
640,640,60,282,hip-hipmm-cdls-getrf,0,0x5c08570d2ff0
641,641,78,276,hip-hipmm-cdls-getrf,0,0x5c08570d2ff0
642,642,21,75,hip-hipmm-cdls-getrf,0,0x5c08570d2ff0
643,643,51,249,hip-hipmm-cdls-getrf,0,0x5c08570d2ff0
644,644,45,183,hip-hipmm-cdls-getrf,0,0x5c08570d2ff0
645,645,66,276,hip-hipmm-cdls-getrf,0,0x5c08570d2ff0
646,646,54,252,hip-hipmm-cdls-getrf,0,0x5c08570d2ff0
647,647,45,231,hip-hipmm-cdls-getrf,0,0x5c08570d2ff0
648,648,72,306,hip-hipmm-cdls-getrf,0,0x5c08570d2ff0
649,649,33,231,hip-hipmm-cdls-getrf,0,0x5c08570d2ff0
650,650,24,150,hip-hipmm-cdls-getrf,0,0x5c08570d2ff0
651,651,105,303,hip-hipmm-cdls-getrf,0,0x5c08570d2ff0
652,652,30,174,hip-hipmm-cdls-getrf,0,0x5c08570d2ff0
653,653,78,291,hip-hipmm-cdls-getrf,0,0x5c08570d2ff0
654,654,57,348,hip-hipmm-cdls-getrf,0,0x5c08570d2ff0
655,655,54,336,hip-hipmm-cdls-getrf,0,0x5c08570d2ff0
656,656,57,222,hip-hipmm-cdls-getrf,0,0x5c08570d2ff0
657,657,63,273,hip-hipmm-cdls-getrf,0,0x5c08570d2ff0
658,658,54,240,hip-hipmm-cdls-getrf,0,0x5c08570d2ff0
659,659,156,414,hip-hipmm-cdls-getrf,0,0x5c08570d2ff0
660,660,84,321,hip-hipmm-cdls-getrf,0,0x5c08570d2ff0
661,661,63,351,hip-hipmm-cdls-getrf,0,0x5c08570d2ff0
662,662,57,198,hip-hipmm-cdls-getrf,0,0x5c08570d2ff0
663,663,48,222,hip-hipmm-cdls-getrf,0,0x5c08570d2ff0
664,664,57,264,hip-hipmm-cdls-getrf,0,0x5c08570d2ff0
665,665,39,225,hip-hipmm-cdls-getrf,0,0x5c08570d2ff0
666,666,30,204,hip-hipmm-cdls-getrf,0,0x5c08570d2ff0
667,667,60,330,hip-hipmm-cdls-getrf,0,0x5c08570d2ff0
668,668,51,321,hip-hipmm-cdls-getrf,0,0x5c08570d2ff0
669,669,48,210,hip-hipmm-cdls-getrf,0,0x5c08570d2ff0
670,670,39,201,hip-hipmm-cdls-getrf,0,0x5c08570d2ff0
671,671,90,255,hip-hipmm-cdls-getrf,0,0x5c08570d2ff0
672,672,78,234,hip-hipmm-cdls-getrf,0,0x5c08570d2ff0
673,673,27,213,hip-hipmm-cdls-getrf,0,0x5c08570d2ff0
674,674,30,216,hip-hipmm-cdls-getrf,0,0x5c08570d2ff0
675,675,39,165,hip-hipmm-cdls-getrf,0,0x5c08570d2ff0
676,676,60,294,hip-hipmm-cdls-getrf,0,0x5c08570d2ff0
677,677,48,198,hip-hipmm-cdls-getrf,0,0x5c08570d2ff0
678,678,36,258,hip-hipmm-cdls-getrf,0,0x5c08570d2ff0
679,679,39,225,hip-hipmm-cdls-getrf,0,0x5c08570d2ff0
680,680,51,249,hip-hipmm-cdls-getrf,0,0x5c08570d2ff0
681,681,54,240,hip-hipmm-cdls-getrf,0,0x5c08570d2ff0
682,682,75,333,hip-hipmm-cdls-getrf,0,0x5c08570d2ff0
683,683,60,342,hip-hipmm-cdls-getrf,0,0x5c08570d2ff0
684,684,36,234,hip-hipmm-cdls-getrf,0,0x5c08570d2ff0
685,685,78,288,hip-hipmm-cdls-getrf,0,0x5c08570d2ff0
686,686,57,303,hip-hipmm-cdls-getrf,0,0x5c08570d2ff0
687,687,78,324,hip-hipmm-cdls-getrf,0,0x5c08570d2ff0
688,688,66,300,hip-hipmm-cdls-getrf,0,0x5c08570d2ff0
689,689,63,297,hip-hipmm-cdls-getrf,0,0x5c08570d2ff0
690,690,69,303,hip-hipmm-cdls-getrf,0,0x5c08570d2ff0
691,691,39,165,hip-hipmm-cdls-getrf,0,0x5c08570d2ff0
692,692,39,237,hip-hipmm-cdls-getrf,0,0x5c08570d2ff0
693,693,63,261,hip-hipmm-cdls-getrf,0,0x5c08570d2ff0
694,694,24,174,hip-hipmm-cdls-getrf,0,0x5c08570d2ff0
695,695,69,204,hip-hipmm-cdls-getrf,0,0x5c08570d2ff0
696,696,60,246,hip-hipmm-cdls-getrf,0,0x5c08570d2ff0
697,697,42,180,hip-hipmm-cdls-getrf,0,0x5c08570d2ff0
698,698,75,225,hip-hipmm-cdls-getrf,0,0x5c08570d2ff0
699,699,30,183,hip-hipmm-cdls-getrf,0,0x5c08570d2ff0
700,700,84,321,hip-hipmm-cdls-getrf,0,0x5c08570d2ff0
701,701,72,294,hip-hipmm-cdls-getrf,0,0x5c08570d2ff0
702,702,48,210,hip-hipmm-cdls-getrf,0,0x5c08570d2ff0
703,703,114,342,hip-hipmm-cdls-getrf,0,0x5c08570d2ff0
704,704,45,198,hip-hipmm-cdls-getrf,0,0x5c08570d2ff0
705,705,39,219,hip-hipmm-cdls-getrf,0,0x5c08570d2ff0
706,706,84,282,hip-hipmm-cdls-getrf,0,0x5c08570d2ff0
707,707,72,270,hip-hipmm-cdls-getrf,0,0x5c08570d2ff0
708,708,84,315,hip-hipmm-cdls-getrf,0,0x5c08570d2ff0
709,709,69,291,hip-hipmm-cdls-getrf,0,0x5c08570d2ff0
710,710,42,180,hip-hipmm-cdls-getrf,0,0x5c08570d2ff0
711,711,39,177,hip-hipmm-cdls-getrf,0,0x5c08570d2ff0
712,712,57,231,hip-hipmm-cdls-getrf,0,0x5c08570d2ff0
713,713,78,255,hip-hipmm-cdls-getrf,0,0x5c08570d2ff0
714,714,57,240,hip-hipmm-cdls-getrf,0,0x5c08570d2ff0
715,715,45,153,hip-hipmm-cdls-getrf,0,0x5c08570d2ff0
716,716,36,150,hip-hipmm-cdls-getrf,0,0x5c08570d2ff0
717,717,81,372,hip-hipmm-cdls-getrf,0,0x5c08570d2ff0
718,718,111,351,hip-hipmm-cdls-getrf,0,0x5c08570d2ff0
719,719,36,270,hip-hipmm-cdls-getrf,0,0x5c08570d2ff0
720,720,57,339,hip-hipmm-cdls-getrf,0,0x5c08570d2ff0
721,721,21,171,hip-hipmm-cdls-getrf,0,0x5c08570d2ff0
722,722,111,393,hip-hipmm-cdls-getrf,0,0x5c08570d2ff0
723,723,78,258,hip-hipmm-cdls-getrf,0,0x5c08570d2ff0
724,724,33,243,hip-hipmm-cdls-getrf,0,0x5c08570d2ff0
725,725,36,210,hip-hipmm-cdls-getrf,0,0x5c08570d2ff0
726,726,120,360,hip-hipmm-cdls-getrf,0,0x5c08570d2ff0
727,727,81,282,hip-hipmm-cdls-getrf,0,0x5c08570d2ff0
728,728,78,237,hip-hipmm-cdls-getrf,0,0x5c08570d2ff0
729,729,36,225,hip-hipmm-cdls-getrf,0,0x5c08570d2ff0
730,730,75,405,hip-hipmm-cdls-getrf,0,0x5c08570d2ff0
731,731,75,285,hip-hipmm-cdls-getrf,0,0x5c08570d2ff0
732,732,69,264,hip-hipmm-cdls-getrf,0,0x5c08570d2ff0
733,733,42,144,hip-hipmm-cdls-getrf,0,0x5c08570d2ff0
734,734,42,138,hip-hipmm-cdls-getrf,0,0x5c08570d2ff0
735,735,45,219,hip-hipmm-cdls-getrf,0,0x5c08570d2ff0
736,736,96,306,hip-hipmm-cdls-getrf,0,0x5c08570d2ff0
737,737,108,270,hip-hipmm-cdls-getrf,0,0x5c08570d2ff0
738,738,48,294,hip-hipmm-cdls-getrf,0,0x5c08570d2ff0
739,739,69,279,hip-hipmm-cdls-getrf,0,0x5c08570d2ff0
740,740,33,207,hip-hipmm-cdls-getrf,0,0x5c08570d2ff0
741,741,72,315,hip-hipmm-cdls-getrf,0,0x5c08570d2ff0
742,742,33,207,hip-hipmm-cdls-getrf,0,0x5c08570d2ff0
743,743,51,225,hip-hipmm-cdls-getrf,0,0x5c08570d2ff0
744,744,57,231,hip-hipmm-cdls-getrf,0,0x5c08570d2ff0
745,745,66,348,hip-hipmm-cdls-getrf,0,0x5c08570d2ff0
746,746,66,300,hip-hipmm-cdls-getrf,0,0x5c08570d2ff0
747,747,66,213,hip-hipmm-cdls-getrf,0,0x5c08570d2ff0
748,748,45,207,hip-hipmm-cdls-getrf,0,0x5c08570d2ff0
749,749,72,237,hip-hipmm-cdls-getrf,0,0x5c08570d2ff0
750,750,99,477,hip-hipmm-cdls-getrf,0,0x5c08570d2ff0
751,751,93,393,hip-hipmm-cdls-getrf,0,0x5c08570d2ff0
752,752,48,210,hip-hipmm-cdls-getrf,0,0x5c08570d2ff0
753,753,54,324,hip-hipmm-cdls-getrf,0,0x5c08570d2ff0
754,754,66,372,hip-hipmm-cdls-getrf,0,0x5c08570d2ff0
755,755,57,225,hip-hipmm-cdls-getrf,0,0x5c08570d2ff0
756,756,66,249,hip-hipmm-cdls-getrf,0,0x5c08570d2ff0
757,757,48,183,hip-hipmm-cdls-getrf,0,0x5c08570d2ff0
758,758,72,342,hip-hipmm-cdls-getrf,0,0x5c08570d2ff0
759,759,57,339,hip-hipmm-cdls-getrf,0,0x5c08570d2ff0
760,760,60,336,hip-hipmm-cdls-getrf,0,0x5c08570d2ff0
761,761,54,312,hip-hipmm-cdls-getrf,0,0x5c08570d2ff0
762,762,51,225,hip-hipmm-cdls-getrf,0,0x5c08570d2ff0
763,763,27,201,hip-hipmm-cdls-getrf,0,0x5c08570d2ff0
764,764,48,210,hip-hipmm-cdls-getrf,0,0x5c08570d2ff0
765,765,63,297,hip-hipmm-cdls-getrf,0,0x5c08570d2ff0
766,766,30,192,hip-hipmm-cdls-getrf,0,0x5c08570d2ff0
767,767,84,342,hip-hipmm-cdls-getrf,0,0x5c08570d2ff0
768,768,21,171,hip-hipmm-cdls-getrf,0,0x5c08570d2ff0
769,769,54,312,hip-hipmm-cdls-getrf,0,0x5c08570d2ff0
770,770,36,234,hip-hipmm-cdls-getrf,0,0x5c08570d2ff0
771,771,27,189,hip-hipmm-cdls-getrf,0,0x5c08570d2ff0
772,772,57,363,hip-hipmm-cdls-getrf,0,0x5c08570d2ff0
773,773,99,429,hip-hipmm-cdls-getrf,0,0x5c08570d2ff0
774,774,63,285,hip-hipmm-cdls-getrf,0,0x5c08570d2ff0
775,775,42,264,hip-hipmm-cdls-getrf,0,0x5c08570d2ff0
776,776,39,177,hip-hipmm-cdls-getrf,0,0x5c08570d2ff0
777,777,54,207,hip-hipmm-cdls-getrf,0,0x5c08570d2ff0
778,778,81,258,hip-hipmm-cdls-getrf,0,0x5c08570d2ff0
779,779,57,243,hip-hipmm-cdls-getrf,0,0x5c08570d2ff0
780,780,51,237,hip-hipmm-cdls-getrf,0,0x5c08570d2ff0
781,781,39,261,hip-hipmm-cdls-getrf,0,0x5c08570d2ff0
782,782,57,156,hip-hipmm-cdls-getrf,0,0x5c08570d2ff0
783,783,60,324,hip-hipmm-cdls-getrf,0,0x5c08570d2ff0
784,784,66,204,hip-hipmm-cdls-getrf,0,0x5c08570d2ff0
785,785,54,204,hip-hipmm-cdls-getrf,0,0x5c08570d2ff0
786,786,48,282,hip-hipmm-cdls-getrf,0,0x5c08570d2ff0
787,787,78,267,hip-hipmm-cdls-getrf,0,0x5c08570d2ff0
788,788,60,282,hip-hipmm-cdls-getrf,0,0x5c08570d2ff0
789,789,90,348,hip-hipmm-cdls-getrf,0,0x5c08570d2ff0
790,790,60,222,hip-hipmm-cdls-getrf,0,0x5c08570d2ff0
791,791,57,252,hip-hipmm-cdls-getrf,0,0x5c08570d2ff0
792,792,54,225,hip-hipmm-cdls-getrf,0,0x5c08570d2ff0
793,793,138,318,hip-hipmm-cdls-getrf,0,0x5c08570d2ff0
794,794,48,183,hip-hipmm-cdls-getrf,0,0x5c08570d2ff0
795,795,36,246,hip-hipmm-cdls-getrf,0,0x5c08570d2ff0
796,796,39,246,hip-hipmm-cdls-getrf,0,0x5c08570d2ff0
797,797,36,216,hip-hipmm-cdls-getrf,0,0x5c08570d2ff0
798,798,69,351,hip-hipmm-cdls-getrf,0,0x5c08570d2ff0
799,799,21,183,hip-hipmm-cdls-getrf,0,0x5c08570d2ff0
800,800,27,201,hip-hipmm-cdls-getrf,0,0x5c08570d2ff0
801,801,18,132,hip-hipmm-cdls-getrf,0,0x5c08570d2ff0
802,802,45,195,hip-hipmm-cdls-getrf,0,0x5c08570d2ff0
803,803,99,345,hip-hipmm-cdls-getrf,0,0x5c08570d2ff0
804,804,105,399,hip-hipmm-cdls-getrf,0,0x5c08570d2ff0
805,805,48,210,hip-hipmm-cdls-getrf,0,0x5c08570d2ff0
806,806,57,363,hip-hipmm-cdls-getrf,0,0x5c08570d2ff0
807,807,87,381,hip-hipmm-cdls-getrf,0,0x5c08570d2ff0
808,808,102,300,hip-hipmm-cdls-getrf,0,0x5c08570d2ff0
809,809,126,456,hip-hipmm-cdls-getrf,0,0x5c08570d2ff0
810,810,66,615,hip-hipmm-cdls-getrf,0,0x5c08570d2ff0
811,811,75,273,hip-hipmm-cdls-getrf,0,0x5c08570d2ff0
812,812,87,288,hip-hipmm-cdls-getrf,0,0x5c08570d2ff0
813,813,33,126,hip-hipmm-cdls-getrf,0,0x5c08570d2ff0
814,814,42,192,hip-hipmm-cdls-getrf,0,0x5c08570d2ff0
815,815,63,273,hip-hipmm-cdls-getrf,0,0x5c08570d2ff0
816,816,78,300,hip-hipmm-cdls-getrf,0,0x5c08570d2ff0
817,817,108,381,hip-hipmm-cdls-getrf,0,0x5c08570d2ff0
818,818,75,330,hip-hipmm-cdls-getrf,0,0x5c08570d2ff0
819,819,78,408,hip-hipmm-cdls-getrf,0,0x5c08570d2ff0
820,820,111,354,hip-hipmm-cdls-getrf,0,0x5c08570d2ff0
821,821,51,213,hip-hipmm-cdls-getrf,0,0x5c08570d2ff0
822,822,156,423,hip-hipmm-cdls-getrf,0,0x5c08570d2ff0
823,823,111,390,hip-hipmm-cdls-getrf,0,0x5c08570d2ff0
824,824,27,177,hip-hipmm-cdls-getrf,0,0x5c08570d2ff0
825,825,54,204,hip-hipmm-cdls-getrf,0,0x5c08570d2ff0
826,826,39,156,hip-hipmm-cdls-getrf,0,0x5c08570d2ff0
827,827,63,237,hip-hipmm-cdls-getrf,0,0x5c08570d2ff0
828,828,60,294,hip-hipmm-cdls-getrf,0,0x5c08570d2ff0
829,829,24,168,hip-hipmm-cdls-getrf,0,0x5c08570d2ff0
830,830,36,186,hip-hipmm-cdls-getrf,0,0x5c08570d2ff0
831,831,36,201,hip-hipmm-cdls-getrf,0,0x5c08570d2ff0
832,832,48,261,hip-hipmm-cdls-getrf,0,0x5c08570d2ff0
833,833,96,246,hip-hipmm-cdls-getrf,0,0x5c08570d2ff0
834,834,33,126,hip-hipmm-cdls-getrf,0,0x5c08570d2ff0
835,835,15,117,hip-hipmm-cdls-getrf,0,0x5c08570d2ff0
836,836,105,405,hip-hipmm-cdls-getrf,0,0x5c08570d2ff0
837,837,30,201,hip-hipmm-cdls-getrf,0,0x5c08570d2ff0
838,838,45,195,hip-hipmm-cdls-getrf,0,0x5c08570d2ff0
839,839,30,216,hip-hipmm-cdls-getrf,0,0x5c08570d2ff0
840,840,45,255,hip-hipmm-cdls-getrf,0,0x5c08570d2ff0
841,841,57,243,hip-hipmm-cdls-getrf,0,0x5c08570d2ff0
842,842,75,321,hip-hipmm-cdls-getrf,0,0x5c08570d2ff0
843,843,54,288,hip-hipmm-cdls-getrf,0,0x5c08570d2ff0
844,844,27,201,hip-hipmm-cdls-getrf,0,0x5c08570d2ff0
845,845,45,291,hip-hipmm-cdls-getrf,0,0x5c08570d2ff0
846,846,54,348,hip-hipmm-cdls-getrf,0,0x5c08570d2ff0
847,847,39,162,hip-hipmm-cdls-getrf,0,0x5c08570d2ff0
848,848,66,255,hip-hipmm-cdls-getrf,0,0x5c08570d2ff0
849,849,39,177,hip-hipmm-cdls-getrf,0,0x5c08570d2ff0
850,850,66,312,hip-hipmm-cdls-getrf,0,0x5c08570d2ff0
851,851,51,237,hip-hipmm-cdls-getrf,0,0x5c08570d2ff0
852,852,66,255,hip-hipmm-cdls-getrf,0,0x5c08570d2ff0
853,853,48,192,hip-hipmm-cdls-getrf,0,0x5c08570d2ff0
854,854,93,390,hip-hipmm-cdls-getrf,0,0x5c08570d2ff0
855,855,120,357,hip-hipmm-cdls-getrf,0,0x5c08570d2ff0
856,856,48,378,hip-hipmm-cdls-getrf,0,0x5c08570d2ff0
857,857,30,204,hip-hipmm-cdls-getrf,0,0x5c08570d2ff0
858,858,57,279,hip-hipmm-cdls-getrf,0,0x5c08570d2ff0
859,859,39,153,hip-hipmm-cdls-getrf,0,0x5c08570d2ff0
860,860,66,276,hip-hipmm-cdls-getrf,0,0x5c08570d2ff0
861,861,93,387,hip-hipmm-cdls-getrf,0,0x5c08570d2ff0
862,862,60,330,hip-hipmm-cdls-getrf,0,0x5c08570d2ff0
863,863,36,198,hip-hipmm-cdls-getrf,0,0x5c08570d2ff0
864,864,33,192,hip-hipmm-cdls-getrf,0,0x5c08570d2ff0
865,865,57,303,hip-hipmm-cdls-getrf,0,0x5c08570d2ff0
866,866,60,234,hip-hipmm-cdls-getrf,0,0x5c08570d2ff0
867,867,66,153,hip-hipmm-cdls-getrf,0,0x5c08570d2ff0
868,868,60,165,hip-hipmm-cdls-getrf,0,0x5c08570d2ff0
869,869,39,138,hip-hipmm-cdls-getrf,0,0x5c08570d2ff0
870,870,39,156,hip-hipmm-cdls-getrf,0,0x5c08570d2ff0
871,871,66,276,hip-hipmm-cdls-getrf,0,0x5c08570d2ff0
872,872,27,96,hip-hipmm-cdls-getrf,0,0x5c08570d2ff0
873,873,66,342,hip-hipmm-cdls-getrf,0,0x5c08570d2ff0
874,874,81,345,hip-hipmm-cdls-getrf,0,0x5c08570d2ff0
875,875,51,216,hip-hipmm-cdls-getrf,0,0x5c08570d2ff0
876,876,48,135,hip-hipmm-cdls-getrf,0,0x5c08570d2ff0
877,877,165,408,hip-hipmm-cdls-getrf,0,0x5c08570d2ff0
878,878,60,234,hip-hipmm-cdls-getrf,0,0x5c08570d2ff0
879,879,78,246,hip-hipmm-cdls-getrf,0,0x5c08570d2ff0
880,880,45,195,hip-hipmm-cdls-getrf,0,0x5c08570d2ff0
881,881,75,486,hip-hipmm-cdls-getrf,0,0x5c08570d2ff0
882,882,27,189,hip-hipmm-cdls-getrf,0,0x5c08570d2ff0
883,883,105,246,hip-hipmm-cdls-getrf,0,0x5c08570d2ff0
884,884,111,411,hip-hipmm-cdls-getrf,0,0x5c08570d2ff0
885,885,84,231,hip-hipmm-cdls-getrf,0,0x5c08570d2ff0
886,886,45,180,hip-hipmm-cdls-getrf,0,0x5c08570d2ff0
887,887,90,297,hip-hipmm-cdls-getrf,0,0x5c08570d2ff0
888,888,39,216,hip-hipmm-cdls-getrf,0,0x5c08570d2ff0
889,889,33,231,hip-hipmm-cdls-getrf,0,0x5c08570d2ff0
890,890,27,201,hip-hipmm-cdls-getrf,0,0x5c08570d2ff0
891,891,45,291,hip-hipmm-cdls-getrf,0,0x5c08570d2ff0
892,892,54,228,hip-hipmm-cdls-getrf,0,0x5c08570d2ff0
893,893,78,297,hip-hipmm-cdls-getrf,0,0x5c08570d2ff0
894,894,90,336,hip-hipmm-cdls-getrf,0,0x5c08570d2ff0
895,895,114,360,hip-hipmm-cdls-getrf,0,0x5c08570d2ff0
896,896,144,366,hip-hipmm-cdls-getrf,0,0x5c08570d2ff0
897,897,72,300,hip-hipmm-cdls-getrf,0,0x5c08570d2ff0
898,898,66,240,hip-hipmm-cdls-getrf,0,0x5c08570d2ff0
899,899,57,315,hip-hipmm-cdls-getrf,0,0x5c08570d2ff0
900,900,48,210,hip-hipmm-cdls-getrf,0,0x5c08570d2ff0
901,901,96,267,hip-hipmm-cdls-getrf,0,0x5c08570d2ff0
902,902,21,159,hip-hipmm-cdls-getrf,0,0x5c08570d2ff0
903,903,54,258,hip-hipmm-cdls-getrf,0,0x5c08570d2ff0
904,904,27,171,hip-hipmm-cdls-getrf,0,0x5c08570d2ff0
905,905,54,240,hip-hipmm-cdls-getrf,0,0x5c08570d2ff0
906,906,87,357,hip-hipmm-cdls-getrf,0,0x5c08570d2ff0
907,907,57,252,hip-hipmm-cdls-getrf,0,0x5c08570d2ff0
908,908,81,330,hip-hipmm-cdls-getrf,0,0x5c08570d2ff0
909,909,66,264,hip-hipmm-cdls-getrf,0,0x5c08570d2ff0
910,910,36,129,hip-hipmm-cdls-getrf,0,0x5c08570d2ff0
911,911,81,243,hip-hipmm-cdls-getrf,0,0x5c08570d2ff0
912,912,39,165,hip-hipmm-cdls-getrf,0,0x5c08570d2ff0
913,913,36,162,hip-hipmm-cdls-getrf,0,0x5c08570d2ff0
914,914,39,132,hip-hipmm-cdls-getrf,0,0x5c08570d2ff0
915,915,75,216,hip-hipmm-cdls-getrf,0,0x5c08570d2ff0
916,916,57,303,hip-hipmm-cdls-getrf,0,0x5c08570d2ff0
917,917,42,276,hip-hipmm-cdls-getrf,0,0x5c08570d2ff0
918,918,57,213,hip-hipmm-cdls-getrf,0,0x5c08570d2ff0
919,919,45,195,hip-hipmm-cdls-getrf,0,0x5c08570d2ff0
920,920,33,231,hip-hipmm-cdls-getrf,0,0x5c08570d2ff0
921,921,30,126,hip-hipmm-cdls-getrf,0,0x5c08570d2ff0
922,922,48,174,hip-hipmm-cdls-getrf,0,0x5c08570d2ff0
923,923,96,372,hip-hipmm-cdls-getrf,0,0x5c08570d2ff0
924,924,87,321,hip-hipmm-cdls-getrf,0,0x5c08570d2ff0
925,925,111,369,hip-hipmm-cdls-getrf,0,0x5c08570d2ff0
926,926,69,270,hip-hipmm-cdls-getrf,0,0x5c08570d2ff0
927,927,75,321,hip-hipmm-cdls-getrf,0,0x5c08570d2ff0
928,928,90,312,hip-hipmm-cdls-getrf,0,0x5c08570d2ff0
929,929,87,480,hip-hipmm-cdls-getrf,0,0x5c08570d2ff0
930,930,39,396,hip-hipmm-cdls-getrf,0,0x5c08570d2ff0
931,931,90,384,hip-hipmm-cdls-getrf,0,0x5c08570d2ff0
932,932,18,168,hip-hipmm-cdls-getrf,0,0x5c08570d2ff0
933,933,51,309,hip-hipmm-cdls-getrf,0,0x5c08570d2ff0
934,934,18,132,hip-hipmm-cdls-getrf,0,0x5c08570d2ff0
935,935,21,147,hip-hipmm-cdls-getrf,0,0x5c08570d2ff0
936,936,90,408,hip-hipmm-cdls-getrf,0,0x5c08570d2ff0
937,937,18,156,hip-hipmm-cdls-getrf,0,0x5c08570d2ff0
938,938,105,363,hip-hipmm-cdls-getrf,0,0x5c08570d2ff0
939,939,54,228,hip-hipmm-cdls-getrf,0,0x5c08570d2ff0
940,940,81,306,hip-hipmm-cdls-getrf,0,0x5c08570d2ff0
941,941,51,246,hip-hipmm-cdls-getrf,0,0x5c08570d2ff0
942,942,54,219,hip-hipmm-cdls-getrf,0,0x5c08570d2ff0
943,943,36,174,hip-hipmm-cdls-getrf,0,0x5c08570d2ff0
944,944,36,246,hip-hipmm-cdls-getrf,0,0x5c08570d2ff0
945,945,63,297,hip-hipmm-cdls-getrf,0,0x5c08570d2ff0
946,946,30,120,hip-hipmm-cdls-getrf,0,0x5c08570d2ff0
947,947,78,336,hip-hipmm-cdls-getrf,0,0x5c08570d2ff0
948,948,33,135,hip-hipmm-cdls-getrf,0,0x5c08570d2ff0
949,949,36,150,hip-hipmm-cdls-getrf,0,0x5c08570d2ff0
950,950,72,291,hip-hipmm-cdls-getrf,0,0x5c08570d2ff0
951,951,30,165,hip-hipmm-cdls-getrf,0,0x5c08570d2ff0
952,952,48,321,hip-hipmm-cdls-getrf,0,0x5c08570d2ff0
953,953,102,390,hip-hipmm-cdls-getrf,0,0x5c08570d2ff0
954,954,42,180,hip-hipmm-cdls-getrf,0,0x5c08570d2ff0
955,955,69,219,hip-hipmm-cdls-getrf,0,0x5c08570d2ff0
956,956,45,171,hip-hipmm-cdls-getrf,0,0x5c08570d2ff0
957,957,57,243,hip-hipmm-cdls-getrf,0,0x5c08570d2ff0
958,958,30,216,hip-hipmm-cdls-getrf,0,0x5c08570d2ff0
959,959,75,243,hip-hipmm-cdls-getrf,0,0x5c08570d2ff0
960,960,36,138,hip-hipmm-cdls-getrf,0,0x5c08570d2ff0
961,961,84,354,hip-hipmm-cdls-getrf,0,0x5c08570d2ff0
962,962,24,150,hip-hipmm-cdls-getrf,0,0x5c08570d2ff0
963,963,36,270,hip-hipmm-cdls-getrf,0,0x5c08570d2ff0
964,964,75,300,hip-hipmm-cdls-getrf,0,0x5c08570d2ff0
965,965,36,150,hip-hipmm-cdls-getrf,0,0x5c08570d2ff0
966,966,66,267,hip-hipmm-cdls-getrf,0,0x5c08570d2ff0
967,967,75,381,hip-hipmm-cdls-getrf,0,0x5c08570d2ff0
968,968,24,186,hip-hipmm-cdls-getrf,0,0x5c08570d2ff0
969,969,60,258,hip-hipmm-cdls-getrf,0,0x5c08570d2ff0
970,970,45,171,hip-hipmm-cdls-getrf,0,0x5c08570d2ff0
971,971,54,165,hip-hipmm-cdls-getrf,0,0x5c08570d2ff0
972,972,90,300,hip-hipmm-cdls-getrf,0,0x5c08570d2ff0
973,973,66,216,hip-hipmm-cdls-getrf,0,0x5c08570d2ff0
974,974,57,201,hip-hipmm-cdls-getrf,0,0x5c08570d2ff0
975,975,33,126,hip-hipmm-cdls-getrf,0,0x5c08570d2ff0
976,976,66,312,hip-hipmm-cdls-getrf,0,0x5c08570d2ff0
977,977,81,339,hip-hipmm-cdls-getrf,0,0x5c08570d2ff0
978,978,114,318,hip-hipmm-cdls-getrf,0,0x5c08570d2ff0
979,979,69,213,hip-hipmm-cdls-getrf,0,0x5c08570d2ff0
980,980,84,246,hip-hipmm-cdls-getrf,0,0x5c08570d2ff0
981,981,51,237,hip-hipmm-cdls-getrf,0,0x5c08570d2ff0
982,982,54,159,hip-hipmm-cdls-getrf,0,0x5c08570d2ff0
983,983,57,216,hip-hipmm-cdls-getrf,0,0x5c08570d2ff0
984,984,87,276,hip-hipmm-cdls-getrf,0,0x5c08570d2ff0
985,985,45,399,hip-hipmm-cdls-getrf,0,0x5c08570d2ff0
986,986,84,345,hip-hipmm-cdls-getrf,0,0x5c08570d2ff0
987,987,21,159,hip-hipmm-cdls-getrf,0,0x5c08570d2ff0
988,988,81,423,hip-hipmm-cdls-getrf,0,0x5c08570d2ff0
989,989,57,216,hip-hipmm-cdls-getrf,0,0x5c08570d2ff0
990,990,72,240,hip-hipmm-cdls-getrf,0,0x5c08570d2ff0
991,991,36,234,hip-hipmm-cdls-getrf,0,0x5c08570d2ff0
992,992,45,279,hip-hipmm-cdls-getrf,0,0x5c08570d2ff0
993,993,63,294,hip-hipmm-cdls-getrf,0,0x5c08570d2ff0
994,994,63,252,hip-hipmm-cdls-getrf,0,0x5c08570d2ff0
995,995,42,120,hip-hipmm-cdls-getrf,0,0x5c08570d2ff0
996,996,42,144,hip-hipmm-cdls-getrf,0,0x5c08570d2ff0
997,997,39,150,hip-hipmm-cdls-getrf,0,0x5c08570d2ff0
998,998,111,441,hip-hipmm-cdls-getrf,0,0x5c08570d2ff0
999,999,33,186,hip-hipmm-cdls-getrf,0,0x5c08570d2ff0
1000,1000,48,210,hip-hipmm-cdls-getrf,0,0x5c08570d2ff0
1001,1001,51,237,hip-hipmm-cdls-getrf,0,0x5c08570d2ff0
1002,1002,72,213,hip-hipmm-cdls-getrf,0,0x5c08570d2ff0
1003,1003,42,141,hip-hipmm-cdls-getrf,0,0x5c08570d2ff0
1004,1004,93,363,hip-hipmm-cdls-getrf,0,0x5c08570d2ff0
1005,1005,45,189,hip-hipmm-cdls-getrf,0,0x5c08570d2ff0
1006,1006,57,255,hip-hipmm-cdls-getrf,0,0x5c08570d2ff0
1007,1007,42,264,hip-hipmm-cdls-getrf,0,0x5c08570d2ff0
1008,1008,18,144,hip-hipmm-cdls-getrf,0,0x5c08570d2ff0
1009,1009,69,216,hip-hipmm-cdls-getrf,0,0x5c08570d2ff0
1010,1010,69,252,hip-hipmm-cdls-getrf,0,0x5c08570d2ff0
1011,1011,33,126,hip-hipmm-cdls-getrf,0,0x5c08570d2ff0
1012,1012,72,300,hip-hipmm-cdls-getrf,0,0x5c08570d2ff0
1013,1013,51,219,hip-hipmm-cdls-getrf,0,0x5c08570d2ff0
1014,1014,69,222,hip-hipmm-cdls-getrf,0,0x5c08570d2ff0
1015,1015,96,384,hip-hipmm-cdls-getrf,0,0x5c08570d2ff0
1016,1016,54,300,hip-hipmm-cdls-getrf,0,0x5c08570d2ff0
1017,1017,102,480,hip-hipmm-cdls-getrf,0,0x5c08570d2ff0
1018,1018,54,396,hip-hipmm-cdls-getrf,0,0x5c08570d2ff0
1019,1019,84,390,hip-hipmm-cdls-getrf,0,0x5c08570d2ff0
1020,1020,78,348,hip-hipmm-cdls-getrf,0,0x5c08570d2ff0
1021,1021,60,294,hip-hipmm-cdls-getrf,0,0x5c08570d2ff0
1022,1022,33,219,hip-hipmm-cdls-getrf,0,0x5c08570d2ff0
1023,1023,36,222,hip-hipmm-cdls-getrf,0,0x5c08570d2ff0
1024,1024,30,132,hip-hipmm-cdls-getrf,0,0x5c08570d2ff0
1025,1025,27,225,hip-hipmm-cdls-getrf,0,0x5c08570d2ff0
1026,1026,42,180,hip-hipmm-cdls-getrf,0,0x5c08570d2ff0
1027,1027,60,270,hip-hipmm-cdls-getrf,0,0x5c08570d2ff0
1028,1028,57,315,hip-hipmm-cdls-getrf,0,0x5c08570d2ff0
1029,1029,66,288,hip-hipmm-cdls-getrf,0,0x5c08570d2ff0
1030,1030,42,288,hip-hipmm-cdls-getrf,0,0x5c08570d2ff0
1031,1031,60,246,hip-hipmm-cdls-getrf,0,0x5c08570d2ff0
1032,1032,27,201,hip-hipmm-cdls-getrf,0,0x5c08570d2ff0
1033,1033,45,219,hip-hipmm-cdls-getrf,0,0x5c08570d2ff0
1034,1034,84,309,hip-hipmm-cdls-getrf,0,0x5c08570d2ff0
1035,1035,75,303,hip-hipmm-cdls-getrf,0,0x5c08570d2ff0
1036,1036,60,291,hip-hipmm-cdls-getrf,0,0x5c08570d2ff0
1037,1037,39,165,hip-hipmm-cdls-getrf,0,0x5c08570d2ff0
1038,1038,84,342,hip-hipmm-cdls-getrf,0,0x5c08570d2ff0
1039,1039,81,270,hip-hipmm-cdls-getrf,0,0x5c08570d2ff0
1040,1040,99,312,hip-hipmm-cdls-getrf,0,0x5c08570d2ff0
1041,1041,105,351,hip-hipmm-cdls-getrf,0,0x5c08570d2ff0
1042,1042,54,270,hip-hipmm-cdls-getrf,0,0x5c08570d2ff0
1043,1043,69,315,hip-hipmm-cdls-getrf,0,0x5c08570d2ff0
1044,1044,69,357,hip-hipmm-cdls-getrf,0,0x5c08570d2ff0
1045,1045,33,243,hip-hipmm-cdls-getrf,0,0x5c08570d2ff0
1046,1046,36,210,hip-hipmm-cdls-getrf,0,0x5c08570d2ff0
1047,1047,57,315,hip-hipmm-cdls-getrf,0,0x5c08570d2ff0
1048,1048,24,198,hip-hipmm-cdls-getrf,0,0x5c08570d2ff0
1049,1049,51,213,hip-hipmm-cdls-getrf,0,0x5c08570d2ff0
1050,1050,24,186,hip-hipmm-cdls-getrf,0,0x5c08570d2ff0
1051,1051,105,390,hip-hipmm-cdls-getrf,0,0x5c08570d2ff0
1052,1052,96,264,hip-hipmm-cdls-getrf,0,0x5c08570d2ff0
1053,1053,51,282,hip-hipmm-cdls-getrf,0,0x5c08570d2ff0
1054,1054,36,222,hip-hipmm-cdls-getrf,0,0x5c08570d2ff0
1055,1055,45,267,hip-hipmm-cdls-getrf,0,0x5c08570d2ff0
1056,1056,36,129,hip-hipmm-cdls-getrf,0,0x5c08570d2ff0
1057,1057,90,360,hip-hipmm-cdls-getrf,0,0x5c08570d2ff0
1058,1058,48,459,hip-hipmm-cdls-getrf,0,0x5c08570d2ff0
1059,1059,51,189,hip-hipmm-cdls-getrf,0,0x5c08570d2ff0
1060,1060,39,213,hip-hipmm-cdls-getrf,0,0x5c08570d2ff0
1061,1061,72,249,hip-hipmm-cdls-getrf,0,0x5c08570d2ff0
1062,1062,54,264,hip-hipmm-cdls-getrf,0,0x5c08570d2ff0
1063,1063,42,168,hip-hipmm-cdls-getrf,0,0x5c08570d2ff0
1064,1064,69,291,hip-hipmm-cdls-getrf,0,0x5c08570d2ff0
1065,1065,51,309,hip-hipmm-cdls-getrf,0,0x5c08570d2ff0
1066,1066,54,153,hip-hipmm-cdls-getrf,0,0x5c08570d2ff0
1067,1067,51,186,hip-hipmm-cdls-getrf,0,0x5c08570d2ff0
1068,1068,69,258,hip-hipmm-cdls-getrf,0,0x5c08570d2ff0
1069,1069,45,159,hip-hipmm-cdls-getrf,0,0x5c08570d2ff0
1070,1070,57,237,hip-hipmm-cdls-getrf,0,0x5c08570d2ff0
1071,1071,63,198,hip-hipmm-cdls-getrf,0,0x5c08570d2ff0
1072,1072,39,207,hip-hipmm-cdls-getrf,0,0x5c08570d2ff0
1073,1073,39,153,hip-hipmm-cdls-getrf,0,0x5c08570d2ff0
1074,1074,90,273,hip-hipmm-cdls-getrf,0,0x5c08570d2ff0
1075,1075,39,138,hip-hipmm-cdls-getrf,0,0x5c08570d2ff0
1076,1076,108,258,hip-hipmm-cdls-getrf,0,0x5c08570d2ff0
1077,1077,39,207,hip-hipmm-cdls-getrf,0,0x5c08570d2ff0
1078,1078,39,147,hip-hipmm-cdls-getrf,0,0x5c08570d2ff0
1079,1079,60,282,hip-hipmm-cdls-getrf,0,0x5c08570d2ff0
1080,1080,54,216,hip-hipmm-cdls-getrf,0,0x5c08570d2ff0
1081,1081,72,378,hip-hipmm-cdls-getrf,0,0x5c08570d2ff0
1082,1082,42,180,hip-hipmm-cdls-getrf,0,0x5c08570d2ff0
1083,1083,75,345,hip-hipmm-cdls-getrf,0,0x5c08570d2ff0
1084,1084,36,246,hip-hipmm-cdls-getrf,0,0x5c08570d2ff0
1085,1085,24,174,hip-hipmm-cdls-getrf,0,0x5c08570d2ff0
1086,1086,45,195,hip-hipmm-cdls-getrf,0,0x5c08570d2ff0
1087,1087,48,198,hip-hipmm-cdls-getrf,0,0x5c08570d2ff0
1088,1088,36,138,hip-hipmm-cdls-getrf,0,0x5c08570d2ff0
1089,1089,39,165,hip-hipmm-cdls-getrf,0,0x5c08570d2ff0
1090,1090,39,147,hip-hipmm-cdls-getrf,0,0x5c08570d2ff0
1091,1091,42,204,hip-hipmm-cdls-getrf,0,0x5c08570d2ff0
1092,1092,36,141,hip-hipmm-cdls-getrf,0,0x5c08570d2ff0
1093,1093,87,303,hip-hipmm-cdls-getrf,0,0x5c08570d2ff0
1094,1094,39,249,hip-hipmm-cdls-getrf,0,0x5c08570d2ff0
1095,1095,30,192,hip-hipmm-cdls-getrf,0,0x5c08570d2ff0
1096,1096,36,234,hip-hipmm-cdls-getrf,0,0x5c08570d2ff0
1097,1097,51,213,hip-hipmm-cdls-getrf,0,0x5c08570d2ff0
1098,1098,33,207,hip-hipmm-cdls-getrf,0,0x5c08570d2ff0
1099,1099,72,306,hip-hipmm-cdls-getrf,0,0x5c08570d2ff0
1100,1100,39,153,hip-hipmm-cdls-getrf,0,0x5c08570d2ff0
1101,1101,39,297,hip-hipmm-cdls-getrf,0,0x5c08570d2ff0
1102,1102,27,189,hip-hipmm-cdls-getrf,0,0x5c08570d2ff0
1103,1103,36,222,hip-hipmm-cdls-getrf,0,0x5c08570d2ff0
1104,1104,51,225,hip-hipmm-cdls-getrf,0,0x5c08570d2ff0
1105,1105,36,246,hip-hipmm-cdls-getrf,0,0x5c08570d2ff0
1106,1106,93,351,hip-hipmm-cdls-getrf,0,0x5c08570d2ff0
1107,1107,36,234,hip-hipmm-cdls-getrf,0,0x5c08570d2ff0
1108,1108,27,201,hip-hipmm-cdls-getrf,0,0x5c08570d2ff0
1109,1109,63,357,hip-hipmm-cdls-getrf,0,0x5c08570d2ff0
1110,1110,60,282,hip-hipmm-cdls-getrf,0,0x5c08570d2ff0
1111,1111,30,204,hip-hipmm-cdls-getrf,0,0x5c08570d2ff0
1112,1112,45,180,hip-hipmm-cdls-getrf,0,0x5c08570d2ff0
1113,1113,60,270,hip-hipmm-cdls-getrf,0,0x5c08570d2ff0
1114,1114,39,249,hip-hipmm-cdls-getrf,0,0x5c08570d2ff0
1115,1115,60,402,hip-hipmm-cdls-getrf,0,0x5c08570d2ff0
1116,1116,39,249,hip-hipmm-cdls-getrf,0,0x5c08570d2ff0
1117,1117,54,240,hip-hipmm-cdls-getrf,0,0x5c08570d2ff0
1118,1118,69,387,hip-hipmm-cdls-getrf,0,0x5c08570d2ff0
1119,1119,27,198,hip-hipmm-cdls-getrf,0,0x5c08570d2ff0
1120,1120,45,435,hip-hipmm-cdls-getrf,0,0x5c08570d2ff0
1121,1121,33,219,hip-hipmm-cdls-getrf,0,0x5c08570d2ff0
1122,1122,36,258,hip-hipmm-cdls-getrf,0,0x5c08570d2ff0
1123,1123,42,180,hip-hipmm-cdls-getrf,0,0x5c08570d2ff0
1124,1124,51,225,hip-hipmm-cdls-getrf,0,0x5c08570d2ff0
1125,1125,81,483,hip-hipmm-cdls-getrf,0,0x5c08570d2ff0
1126,1126,72,282,hip-hipmm-cdls-getrf,0,0x5c08570d2ff0
1127,1127,60,300,hip-hipmm-cdls-getrf,0,0x5c08570d2ff0
1128,1128,84,303,hip-hipmm-cdls-getrf,0,0x5c08570d2ff0
1129,1129,78,372,hip-hipmm-cdls-getrf,0,0x5c08570d2ff0
1130,1130,81,303,hip-hipmm-cdls-getrf,0,0x5c08570d2ff0
1131,1131,51,297,hip-hipmm-cdls-getrf,0,0x5c08570d2ff0
1132,1132,33,231,hip-hipmm-cdls-getrf,0,0x5c08570d2ff0
1133,1133,24,186,hip-hipmm-cdls-getrf,0,0x5c08570d2ff0
1134,1134,48,282,hip-hipmm-cdls-getrf,0,0x5c08570d2ff0
1135,1135,48,282,hip-hipmm-cdls-getrf,0,0x5c08570d2ff0
1136,1136,120,474,hip-hipmm-cdls-getrf,0,0x5c08570d2ff0
1137,1137,30,204,hip-hipmm-cdls-getrf,0,0x5c08570d2ff0
1138,1138,87,417,hip-hipmm-cdls-getrf,0,0x5c08570d2ff0
1139,1139,72,294,hip-hipmm-cdls-getrf,0,0x5c08570d2ff0
1140,1140,60,246,hip-hipmm-cdls-getrf,0,0x5c08570d2ff0
1141,1141,21,171,hip-hipmm-cdls-getrf,0,0x5c08570d2ff0
1142,1142,69,303,hip-hipmm-cdls-getrf,0,0x5c08570d2ff0
1143,1143,48,270,hip-hipmm-cdls-getrf,0,0x5c08570d2ff0
1144,1144,30,204,hip-hipmm-cdls-getrf,0,0x5c08570d2ff0
1145,1145,33,243,hip-hipmm-cdls-getrf,0,0x5c08570d2ff0
1146,1146,24,198,hip-hipmm-cdls-getrf,0,0x5c08570d2ff0
1147,1147,36,258,hip-hipmm-cdls-getrf,0,0x5c08570d2ff0
1148,1148,87,429,hip-hipmm-cdls-getrf,0,0x5c08570d2ff0
1149,1149,75,393,hip-hipmm-cdls-getrf,0,0x5c08570d2ff0
1150,1150,15,141,hip-hipmm-cdls-getrf,0,0x5c08570d2ff0
1151,1151,69,231,hip-hipmm-cdls-getrf,0,0x5c08570d2ff0
1152,1152,42,168,hip-hipmm-cdls-getrf,0,0x5c08570d2ff0
1153,1153,39,189,hip-hipmm-cdls-getrf,0,0x5c08570d2ff0
1154,1154,27,201,hip-hipmm-cdls-getrf,0,0x5c08570d2ff0
1155,1155,48,294,hip-hipmm-cdls-getrf,0,0x5c08570d2ff0
1156,1156,75,369,hip-hipmm-cdls-getrf,0,0x5c08570d2ff0
1157,1157,51,201,hip-hipmm-cdls-getrf,0,0x5c08570d2ff0
1158,1158,39,237,hip-hipmm-cdls-getrf,0,0x5c08570d2ff0
1159,1159,45,195,hip-hipmm-cdls-getrf,0,0x5c08570d2ff0
1160,1160,42,252,hip-hipmm-cdls-getrf,0,0x5c08570d2ff0
1161,1161,54,240,hip-hipmm-cdls-getrf,0,0x5c08570d2ff0
1162,1162,51,477,hip-hipmm-cdls-getrf,0,0x5c08570d2ff0
1163,1163,102,504,hip-hipmm-cdls-getrf,0,0x5c08570d2ff0
1164,1164,39,249,hip-hipmm-cdls-getrf,0,0x5c08570d2ff0
1165,1165,45,234,hip-hipmm-cdls-getrf,0,0x5c08570d2ff0
1166,1166,24,129,hip-hipmm-cdls-getrf,0,0x5c08570d2ff0
1167,1167,36,246,hip-hipmm-cdls-getrf,0,0x5c08570d2ff0
1168,1168,36,165,hip-hipmm-cdls-getrf,0,0x5c08570d2ff0
1169,1169,69,318,hip-hipmm-cdls-getrf,0,0x5c08570d2ff0
1170,1170,33,135,hip-hipmm-cdls-getrf,0,0x5c08570d2ff0
1171,1171,60,270,hip-hipmm-cdls-getrf,0,0x5c08570d2ff0
1172,1172,90,336,hip-hipmm-cdls-getrf,0,0x5c08570d2ff0
1173,1173,99,393,hip-hipmm-cdls-getrf,0,0x5c08570d2ff0
1174,1174,69,291,hip-hipmm-cdls-getrf,0,0x5c08570d2ff0
1175,1175,111,381,hip-hipmm-cdls-getrf,0,0x5c08570d2ff0
1176,1176,81,414,hip-hipmm-cdls-getrf,0,0x5c08570d2ff0
1177,1177,36,189,hip-hipmm-cdls-getrf,0,0x5c08570d2ff0
1178,1178,42,153,hip-hipmm-cdls-getrf,0,0x5c08570d2ff0
1179,1179,42,420,hip-hipmm-cdls-getrf,0,0x5c08570d2ff0
1180,1180,42,264,hip-hipmm-cdls-getrf,0,0x5c08570d2ff0
1181,1181,99,417,hip-hipmm-cdls-getrf,0,0x5c08570d2ff0
1182,1182,51,213,hip-hipmm-cdls-getrf,0,0x5c08570d2ff0
1183,1183,54,252,hip-hipmm-cdls-getrf,0,0x5c08570d2ff0
1184,1184,66,324,hip-hipmm-cdls-getrf,0,0x5c08570d2ff0
1185,1185,51,525,hip-hipmm-cdls-getrf,0,0x5c08570d2ff0
1186,1186,39,249,hip-hipmm-cdls-getrf,0,0x5c08570d2ff0
1187,1187,111,405,hip-hipmm-cdls-getrf,0,0x5c08570d2ff0
1188,1188,78,348,hip-hipmm-cdls-getrf,0,0x5c08570d2ff0
1189,1189,81,375,hip-hipmm-cdls-getrf,0,0x5c08570d2ff0
1190,1190,51,321,hip-hipmm-cdls-getrf,0,0x5c08570d2ff0
1191,1191,36,258,hip-hipmm-cdls-getrf,0,0x5c08570d2ff0
1192,1192,93,423,hip-hipmm-cdls-getrf,0,0x5c08570d2ff0
1193,1193,63,285,hip-hipmm-cdls-getrf,0,0x5c08570d2ff0
1194,1194,108,582,hip-hipmm-cdls-getrf,0,0x5c08570d2ff0
1195,1195,36,132,hip-hipmm-cdls-getrf,0,0x5c08570d2ff0
1196,1196,57,252,hip-hipmm-cdls-getrf,0,0x5c08570d2ff0
1197,1197,63,252,hip-hipmm-cdls-getrf,0,0x5c08570d2ff0
1198,1198,36,246,hip-hipmm-cdls-getrf,0,0x5c08570d2ff0
1199,1199,60,270,hip-hipmm-cdls-getrf,0,0x5c08570d2ff0
1200,1200,102,300,hip-hipmm-cdls-getrf,0,0x5c08570d2ff0
1201,1201,69,315,hip-hipmm-cdls-getrf,0,0x5c08570d2ff0
1202,1202,87,477,hip-hipmm-cdls-getrf,0,0x5c08570d2ff0
1203,1203,24,186,hip-hipmm-cdls-getrf,0,0x5c08570d2ff0
1204,1204,36,246,hip-hipmm-cdls-getrf,0,0x5c08570d2ff0
1205,1205,42,177,hip-hipmm-cdls-getrf,0,0x5c08570d2ff0
1206,1206,36,258,hip-hipmm-cdls-getrf,0,0x5c08570d2ff0
1207,1207,57,279,hip-hipmm-cdls-getrf,0,0x5c08570d2ff0
1208,1208,78,384,hip-hipmm-cdls-getrf,0,0x5c08570d2ff0
1209,1209,60,219,hip-hipmm-cdls-getrf,0,0x5c08570d2ff0
1210,1210,33,231,hip-hipmm-cdls-getrf,0,0x5c08570d2ff0
1211,1211,66,360,hip-hipmm-cdls-getrf,0,0x5c08570d2ff0
1212,1212,30,348,hip-hipmm-cdls-getrf,0,0x5c08570d2ff0
1213,1213,48,246,hip-hipmm-cdls-getrf,0,0x5c08570d2ff0
1214,1214,69,315,hip-hipmm-cdls-getrf,0,0x5c08570d2ff0
1215,1215,27,189,hip-hipmm-cdls-getrf,0,0x5c08570d2ff0
1216,1216,51,285,hip-hipmm-cdls-getrf,0,0x5c08570d2ff0
1217,1217,39,237,hip-hipmm-cdls-getrf,0,0x5c08570d2ff0
1218,1218,72,366,hip-hipmm-cdls-getrf,0,0x5c08570d2ff0
1219,1219,45,303,hip-hipmm-cdls-getrf,0,0x5c08570d2ff0
1220,1220,93,363,hip-hipmm-cdls-getrf,0,0x5c08570d2ff0
1221,1221,72,318,hip-hipmm-cdls-getrf,0,0x5c08570d2ff0
1222,1222,33,195,hip-hipmm-cdls-getrf,0,0x5c08570d2ff0
1223,1223,30,204,hip-hipmm-cdls-getrf,0,0x5c08570d2ff0
1224,1224,126,471,hip-hipmm-cdls-getrf,0,0x5c08570d2ff0
1225,1225,57,339,hip-hipmm-cdls-getrf,0,0x5c08570d2ff0
1226,1226,54,348,hip-hipmm-cdls-getrf,0,0x5c08570d2ff0
1227,1227,69,315,hip-hipmm-cdls-getrf,0,0x5c08570d2ff0
1228,1228,126,456,hip-hipmm-cdls-getrf,0,0x5c08570d2ff0
1229,1229,39,489,hip-hipmm-cdls-getrf,0,0x5c08570d2ff0
1230,1230,84,366,hip-hipmm-cdls-getrf,0,0x5c08570d2ff0
1231,1231,36,225,hip-hipmm-cdls-getrf,0,0x5c08570d2ff0
1232,1232,54,216,hip-hipmm-cdls-getrf,0,0x5c08570d2ff0
1233,1233,69,345,hip-hipmm-cdls-getrf,0,0x5c08570d2ff0
1234,1234,63,297,hip-hipmm-cdls-getrf,0,0x5c08570d2ff0
1235,1235,108,474,hip-hipmm-cdls-getrf,0,0x5c08570d2ff0
1236,1236,69,234,hip-hipmm-cdls-getrf,0,0x5c08570d2ff0
1237,1237,30,120,hip-hipmm-cdls-getrf,0,0x5c08570d2ff0
1238,1238,42,156,hip-hipmm-cdls-getrf,0,0x5c08570d2ff0
1239,1239,69,282,hip-hipmm-cdls-getrf,0,0x5c08570d2ff0
1240,1240,45,279,hip-hipmm-cdls-getrf,0,0x5c08570d2ff0
1241,1241,57,243,hip-hipmm-cdls-getrf,0,0x5c08570d2ff0
1242,1242,111,501,hip-hipmm-cdls-getrf,0,0x5c08570d2ff0
1243,1243,27,189,hip-hipmm-cdls-getrf,0,0x5c08570d2ff0
1244,1244,81,507,hip-hipmm-cdls-getrf,0,0x5c08570d2ff0
1245,1245,87,405,hip-hipmm-cdls-getrf,0,0x5c08570d2ff0
1246,1246,126,456,hip-hipmm-cdls-getrf,0,0x5c08570d2ff0
1247,1247,63,285,hip-hipmm-cdls-getrf,0,0x5c08570d2ff0
1248,1248,69,489,hip-hipmm-cdls-getrf,0,0x5c08570d2ff0
1249,1249,102,456,hip-hipmm-cdls-getrf,0,0x5c08570d2ff0
1250,1250,63,561,hip-hipmm-cdls-getrf,0,0x5c08570d2ff0
1251,1251,33,219,hip-hipmm-cdls-getrf,0,0x5c08570d2ff0
1252,1252,30,201,hip-hipmm-cdls-getrf,0,0x5c08570d2ff0
1253,1253,30,204,hip-hipmm-cdls-getrf,0,0x5c08570d2ff0
1254,1254,27,189,hip-hipmm-cdls-getrf,0,0x5c08570d2ff0
1255,1255,99,405,hip-hipmm-cdls-getrf,0,0x5c08570d2ff0
1256,1256,69,261,hip-hipmm-cdls-getrf,0,0x5c08570d2ff0
1257,1257,57,255,hip-hipmm-cdls-getrf,0,0x5c08570d2ff0
1258,1258,60,534,hip-hipmm-cdls-getrf,0,0x5c08570d2ff0
1259,1259,153,468,hip-hipmm-cdls-getrf,0,0x5c08570d2ff0
1260,1260,90,459,hip-hipmm-cdls-getrf,0,0x5c08570d2ff0
1261,1261,84,378,hip-hipmm-cdls-getrf,0,0x5c08570d2ff0
1262,1262,117,423,hip-hipmm-cdls-getrf,0,0x5c08570d2ff0
1263,1263,81,495,hip-hipmm-cdls-getrf,0,0x5c08570d2ff0
1264,1264,99,453,hip-hipmm-cdls-getrf,0,0x5c08570d2ff0
1265,1265,42,288,hip-hipmm-cdls-getrf,0,0x5c08570d2ff0
1266,1266,51,390,hip-hipmm-cdls-getrf,0,0x5c08570d2ff0
1267,1267,69,273,hip-hipmm-cdls-getrf,0,0x5c08570d2ff0
1268,1268,66,300,hip-hipmm-cdls-getrf,0,0x5c08570d2ff0
1269,1269,78,432,hip-hipmm-cdls-getrf,0,0x5c08570d2ff0
1270,1270,33,243,hip-hipmm-cdls-getrf,0,0x5c08570d2ff0
1271,1271,66,288,hip-hipmm-cdls-getrf,0,0x5c08570d2ff0
1272,1272,78,444,hip-hipmm-cdls-getrf,0,0x5c08570d2ff0
1273,1273,42,240,hip-hipmm-cdls-getrf,0,0x5c08570d2ff0
1274,1274,72,450,hip-hipmm-cdls-getrf,0,0x5c08570d2ff0
1275,1275,60,294,hip-hipmm-cdls-getrf,0,0x5c08570d2ff0
1276,1276,72,354,hip-hipmm-cdls-getrf,0,0x5c08570d2ff0
1277,1277,108,369,hip-hipmm-cdls-getrf,0,0x5c08570d2ff0
1278,1278,51,225,hip-hipmm-cdls-getrf,0,0x5c08570d2ff0
1279,1279,45,177,hip-hipmm-cdls-getrf,0,0x5c08570d2ff0
1280,1280,33,243,hip-hipmm-cdls-getrf,0,0x5c08570d2ff0
1281,1281,36,246,hip-hipmm-cdls-getrf,0,0x5c08570d2ff0
1282,1282,33,120,hip-hipmm-cdls-getrf,0,0x5c08570d2ff0
1283,1283,36,258,hip-hipmm-cdls-getrf,0,0x5c08570d2ff0
1284,1284,45,195,hip-hipmm-cdls-getrf,0,0x5c08570d2ff0
1285,1285,30,204,hip-hipmm-cdls-getrf,0,0x5c08570d2ff0
1286,1286,54,324,hip-hipmm-cdls-getrf,0,0x5c08570d2ff0
1287,1287,33,207,hip-hipmm-cdls-getrf,0,0x5c08570d2ff0
1288,1288,39,237,hip-hipmm-cdls-getrf,0,0x5c08570d2ff0
1289,1289,69,411,hip-hipmm-cdls-getrf,0,0x5c08570d2ff0
1290,1290,33,231,hip-hipmm-cdls-getrf,0,0x5c08570d2ff0
1291,1291,57,495,hip-hipmm-cdls-getrf,0,0x5c08570d2ff0
1292,1292,45,279,hip-hipmm-cdls-getrf,0,0x5c08570d2ff0
1293,1293,75,357,hip-hipmm-cdls-getrf,0,0x5c08570d2ff0
1294,1294,30,201,hip-hipmm-cdls-getrf,0,0x5c08570d2ff0
1295,1295,90,528,hip-hipmm-cdls-getrf,0,0x5c08570d2ff0
1296,1296,123,357,hip-hipmm-cdls-getrf,0,0x5c08570d2ff0
1297,1297,45,195,hip-hipmm-cdls-getrf,0,0x5c08570d2ff0
1298,1298,66,276,hip-hipmm-cdls-getrf,0,0x5c08570d2ff0
1299,1299,63,285,hip-hipmm-cdls-getrf,0,0x5c08570d2ff0
1300,1300,72,342,hip-hipmm-cdls-getrf,0,0x5c08570d2ff0
1301,1301,66,252,hip-hipmm-cdls-getrf,0,0x5c08570d2ff0
1302,1302,57,225,hip-hipmm-cdls-getrf,0,0x5c08570d2ff0
1303,1303,21,183,hip-hipmm-cdls-getrf,0,0x5c08570d2ff0
1304,1304,81,291,hip-hipmm-cdls-getrf,0,0x5c08570d2ff0
1305,1305,129,309,hip-hipmm-cdls-getrf,0,0x5c08570d2ff0
1306,1306,72,198,hip-hipmm-cdls-getrf,0,0x5c08570d2ff0
1307,1307,66,189,hip-hipmm-cdls-getrf,0,0x5c08570d2ff0
1308,1308,84,315,hip-hipmm-cdls-getrf,0,0x5c08570d2ff0
1309,1309,48,246,hip-hipmm-cdls-getrf,0,0x5c08570d2ff0
1310,1310,42,264,hip-hipmm-cdls-getrf,0,0x5c08570d2ff0
1311,1311,87,357,hip-hipmm-cdls-getrf,0,0x5c08570d2ff0
1312,1312,51,165,hip-hipmm-cdls-getrf,0,0x5c08570d2ff0
1313,1313,48,255,hip-hipmm-cdls-getrf,0,0x5c08570d2ff0
1314,1314,42,189,hip-hipmm-cdls-getrf,0,0x5c08570d2ff0
1315,1315,75,381,hip-hipmm-cdls-getrf,0,0x5c08570d2ff0
1316,1316,42,288,hip-hipmm-cdls-getrf,0,0x5c08570d2ff0
1317,1317,36,306,hip-hipmm-cdls-getrf,0,0x5c08570d2ff0
1318,1318,81,435,hip-hipmm-cdls-getrf,0,0x5c08570d2ff0
1319,1319,87,369,hip-hipmm-cdls-getrf,0,0x5c08570d2ff0
1320,1320,87,357,hip-hipmm-cdls-getrf,0,0x5c08570d2ff0
1321,1321,111,396,hip-hipmm-cdls-getrf,0,0x5c08570d2ff0
1322,1322,72,426,hip-hipmm-cdls-getrf,0,0x5c08570d2ff0
1323,1323,75,333,hip-hipmm-cdls-getrf,0,0x5c08570d2ff0
1324,1324,126,339,hip-hipmm-cdls-getrf,0,0x5c08570d2ff0
1325,1325,120,486,hip-hipmm-cdls-getrf,0,0x5c08570d2ff0
1326,1326,111,429,hip-hipmm-cdls-getrf,0,0x5c08570d2ff0
1327,1327,24,144,hip-hipmm-cdls-getrf,0,0x5c08570d2ff0
1328,1328,42,300,hip-hipmm-cdls-getrf,0,0x5c08570d2ff0
1329,1329,93,330,hip-hipmm-cdls-getrf,0,0x5c08570d2ff0
1330,1330,48,198,hip-hipmm-cdls-getrf,0,0x5c08570d2ff0
1331,1331,48,135,hip-hipmm-cdls-getrf,0,0x5c08570d2ff0
1332,1332,48,180,hip-hipmm-cdls-getrf,0,0x5c08570d2ff0
1333,1333,45,132,hip-hipmm-cdls-getrf,0,0x5c08570d2ff0
1334,1334,114,297,hip-hipmm-cdls-getrf,0,0x5c08570d2ff0
1335,1335,39,228,hip-hipmm-cdls-getrf,0,0x5c08570d2ff0
1336,1336,57,228,hip-hipmm-cdls-getrf,0,0x5c08570d2ff0
1337,1337,84,345,hip-hipmm-cdls-getrf,0,0x5c08570d2ff0
1338,1338,45,207,hip-hipmm-cdls-getrf,0,0x5c08570d2ff0
1339,1339,69,243,hip-hipmm-cdls-getrf,0,0x5c08570d2ff0
1340,1340,48,195,hip-hipmm-cdls-getrf,0,0x5c08570d2ff0
1341,1341,51,255,hip-hipmm-cdls-getrf,0,0x5c08570d2ff0
1342,1342,54,252,hip-hipmm-cdls-getrf,0,0x5c08570d2ff0
1343,1343,69,471,hip-hipmm-cdls-getrf,0,0x5c08570d2ff0
1344,1344,93,375,hip-hipmm-cdls-getrf,0,0x5c08570d2ff0
1345,1345,24,162,hip-hipmm-cdls-getrf,0,0x5c08570d2ff0
1346,1346,36,210,hip-hipmm-cdls-getrf,0,0x5c08570d2ff0
1347,1347,18,144,hip-hipmm-cdls-getrf,0,0x5c08570d2ff0
1348,1348,81,363,hip-hipmm-cdls-getrf,0,0x5c08570d2ff0
1349,1349,90,396,hip-hipmm-cdls-getrf,0,0x5c08570d2ff0
1350,1350,30,336,hip-hipmm-cdls-getrf,0,0x5c08570d2ff0
1351,1351,42,543,hip-hipmm-cdls-getrf,0,0x5c08570d2ff0
1352,1352,27,189,hip-hipmm-cdls-getrf,0,0x5c08570d2ff0
1353,1353,33,207,hip-hipmm-cdls-getrf,0,0x5c08570d2ff0
1354,1354,39,249,hip-hipmm-cdls-getrf,0,0x5c08570d2ff0
1355,1355,63,369,hip-hipmm-cdls-getrf,0,0x5c08570d2ff0
1356,1356,60,276,hip-hipmm-cdls-getrf,0,0x5c08570d2ff0
1357,1357,30,216,hip-hipmm-cdls-getrf,0,0x5c08570d2ff0
1358,1358,48,294,hip-hipmm-cdls-getrf,0,0x5c08570d2ff0
1359,1359,51,225,hip-hipmm-cdls-getrf,0,0x5c08570d2ff0
1360,1360,60,222,hip-hipmm-cdls-getrf,0,0x5c08570d2ff0
1361,1361,84,390,hip-hipmm-cdls-getrf,0,0x5c08570d2ff0
1362,1362,81,363,hip-hipmm-cdls-getrf,0,0x5c08570d2ff0
1363,1363,96,273,hip-hipmm-cdls-getrf,0,0x5c08570d2ff0
1364,1364,60,213,hip-hipmm-cdls-getrf,0,0x5c08570d2ff0
1365,1365,90,300,hip-hipmm-cdls-getrf,0,0x5c08570d2ff0
1366,1366,63,237,hip-hipmm-cdls-getrf,0,0x5c08570d2ff0
1367,1367,84,291,hip-hipmm-cdls-getrf,0,0x5c08570d2ff0
1368,1368,69,237,hip-hipmm-cdls-getrf,0,0x5c08570d2ff0
1369,1369,63,441,hip-hipmm-cdls-getrf,0,0x5c08570d2ff0
1370,1370,69,291,hip-hipmm-cdls-getrf,0,0x5c08570d2ff0
1371,1371,66,324,hip-hipmm-cdls-getrf,0,0x5c08570d2ff0
1372,1372,57,312,hip-hipmm-cdls-getrf,0,0x5c08570d2ff0
1373,1373,24,186,hip-hipmm-cdls-getrf,0,0x5c08570d2ff0
1374,1374,60,258,hip-hipmm-cdls-getrf,0,0x5c08570d2ff0
1375,1375,57,255,hip-hipmm-cdls-getrf,0,0x5c08570d2ff0
1376,1376,57,180,hip-hipmm-cdls-getrf,0,0x5c08570d2ff0
1377,1377,63,243,hip-hipmm-cdls-getrf,0,0x5c08570d2ff0
1378,1378,24,186,hip-hipmm-cdls-getrf,0,0x5c08570d2ff0
1379,1379,48,270,hip-hipmm-cdls-getrf,0,0x5c08570d2ff0
1380,1380,87,393,hip-hipmm-cdls-getrf,0,0x5c08570d2ff0
1381,1381,12,126,hip-hipmm-cdls-getrf,0,0x5c08570d2ff0
1382,1382,81,387,hip-hipmm-cdls-getrf,0,0x5c08570d2ff0
1383,1383,45,207,hip-hipmm-cdls-getrf,0,0x5c08570d2ff0
1384,1384,78,324,hip-hipmm-cdls-getrf,0,0x5c08570d2ff0
1385,1385,54,408,hip-hipmm-cdls-getrf,0,0x5c08570d2ff0
1386,1386,42,576,hip-hipmm-cdls-getrf,0,0x5c08570d2ff0
1387,1387,81,285,hip-hipmm-cdls-getrf,0,0x5c08570d2ff0
1388,1388,42,261,hip-hipmm-cdls-getrf,0,0x5c08570d2ff0
1389,1389,33,204,hip-hipmm-cdls-getrf,0,0x5c08570d2ff0
1390,1390,54,288,hip-hipmm-cdls-getrf,0,0x5c08570d2ff0
1391,1391,48,270,hip-hipmm-cdls-getrf,0,0x5c08570d2ff0
1392,1392,51,189,hip-hipmm-cdls-getrf,0,0x5c08570d2ff0
1393,1393,60,270,hip-hipmm-cdls-getrf,0,0x5c08570d2ff0
1394,1394,24,222,hip-hipmm-cdls-getrf,0,0x5c08570d2ff0
1395,1395,36,174,hip-hipmm-cdls-getrf,0,0x5c08570d2ff0
1396,1396,45,168,hip-hipmm-cdls-getrf,0,0x5c08570d2ff0
1397,1397,24,153,hip-hipmm-cdls-getrf,0,0x5c08570d2ff0
1398,1398,69,279,hip-hipmm-cdls-getrf,0,0x5c08570d2ff0
1399,1399,75,282,hip-hipmm-cdls-getrf,0,0x5c08570d2ff0
1400,1400,78,423,hip-hipmm-cdls-getrf,0,0x5c08570d2ff0
1401,1401,60,219,hip-hipmm-cdls-getrf,0,0x5c08570d2ff0
1402,1402,66,294,hip-hipmm-cdls-getrf,0,0x5c08570d2ff0
1403,1403,78,360,hip-hipmm-cdls-getrf,0,0x5c08570d2ff0
1404,1404,39,177,hip-hipmm-cdls-getrf,0,0x5c08570d2ff0
1405,1405,45,195,hip-hipmm-cdls-getrf,0,0x5c08570d2ff0
1406,1406,63,240,hip-hipmm-cdls-getrf,0,0x5c08570d2ff0
1407,1407,48,183,hip-hipmm-cdls-getrf,0,0x5c08570d2ff0
1408,1408,45,132,hip-hipmm-cdls-getrf,0,0x5c08570d2ff0
1409,1409,63,249,hip-hipmm-cdls-getrf,0,0x5c08570d2ff0
1410,1410,45,180,hip-hipmm-cdls-getrf,0,0x5c08570d2ff0
1411,1411,69,267,hip-hipmm-cdls-getrf,0,0x5c08570d2ff0
1412,1412,54,207,hip-hipmm-cdls-getrf,0,0x5c08570d2ff0
1413,1413,51,237,hip-hipmm-cdls-getrf,0,0x5c08570d2ff0
1414,1414,42,165,hip-hipmm-cdls-getrf,0,0x5c08570d2ff0
1415,1415,57,255,hip-hipmm-cdls-getrf,0,0x5c08570d2ff0
1416,1416,57,144,hip-hipmm-cdls-getrf,0,0x5c08570d2ff0
1417,1417,117,351,hip-hipmm-cdls-getrf,0,0x5c08570d2ff0
1418,1418,60,318,hip-hipmm-cdls-getrf,0,0x5c08570d2ff0
1419,1419,96,426,hip-hipmm-cdls-getrf,0,0x5c08570d2ff0
1420,1420,45,207,hip-hipmm-cdls-getrf,0,0x5c08570d2ff0
1421,1421,36,138,hip-hipmm-cdls-getrf,0,0x5c08570d2ff0
1422,1422,48,198,hip-hipmm-cdls-getrf,0,0x5c08570d2ff0
1423,1423,33,207,hip-hipmm-cdls-getrf,0,0x5c08570d2ff0
1424,1424,57,351,hip-hipmm-cdls-getrf,0,0x5c08570d2ff0
1425,1425,45,180,hip-hipmm-cdls-getrf,0,0x5c08570d2ff0
1426,1426,39,144,hip-hipmm-cdls-getrf,0,0x5c08570d2ff0
1427,1427,24,174,hip-hipmm-cdls-getrf,0,0x5c08570d2ff0
1428,1428,54,240,hip-hipmm-cdls-getrf,0,0x5c08570d2ff0
1429,1429,66,420,hip-hipmm-cdls-getrf,0,0x5c08570d2ff0
1430,1430,27,213,hip-hipmm-cdls-getrf,0,0x5c08570d2ff0
1431,1431,132,399,hip-hipmm-cdls-getrf,0,0x5c08570d2ff0
1432,1432,72,294,hip-hipmm-cdls-getrf,0,0x5c08570d2ff0
1433,1433,42,165,hip-hipmm-cdls-getrf,0,0x5c08570d2ff0
1434,1434,18,123,hip-hipmm-cdls-getrf,0,0x5c08570d2ff0
1435,1435,18,156,hip-hipmm-cdls-getrf,0,0x5c08570d2ff0
1436,1436,30,192,hip-hipmm-cdls-getrf,0,0x5c08570d2ff0
1437,1437,39,156,hip-hipmm-cdls-getrf,0,0x5c08570d2ff0
1438,1438,30,120,hip-hipmm-cdls-getrf,0,0x5c08570d2ff0
1439,1439,51,225,hip-hipmm-cdls-getrf,0,0x5c08570d2ff0
1440,1440,39,216,hip-hipmm-cdls-getrf,0,0x5c08570d2ff0
1441,1441,42,276,hip-hipmm-cdls-getrf,0,0x5c08570d2ff0
1442,1442,102,402,hip-hipmm-cdls-getrf,0,0x5c08570d2ff0
1443,1443,30,171,hip-hipmm-cdls-getrf,0,0x5c08570d2ff0
1444,1444,45,228,hip-hipmm-cdls-getrf,0,0x5c08570d2ff0
1445,1445,84,249,hip-hipmm-cdls-getrf,0,0x5c08570d2ff0
1446,1446,39,237,hip-hipmm-cdls-getrf,0,0x5c08570d2ff0
1447,1447,75,252,hip-hipmm-cdls-getrf,0,0x5c08570d2ff0
1448,1448,39,210,hip-hipmm-cdls-getrf,0,0x5c08570d2ff0
1449,1449,102,408,hip-hipmm-cdls-getrf,0,0x5c08570d2ff0
1450,1450,78,360,hip-hipmm-cdls-getrf,0,0x5c08570d2ff0
1451,1451,72,294,hip-hipmm-cdls-getrf,0,0x5c08570d2ff0
1452,1452,39,207,hip-hipmm-cdls-getrf,0,0x5c08570d2ff0
1453,1453,51,192,hip-hipmm-cdls-getrf,0,0x5c08570d2ff0
1454,1454,57,243,hip-hipmm-cdls-getrf,0,0x5c08570d2ff0
1455,1455,36,144,hip-hipmm-cdls-getrf,0,0x5c08570d2ff0
1456,1456,99,330,hip-hipmm-cdls-getrf,0,0x5c08570d2ff0
1457,1457,42,180,hip-hipmm-cdls-getrf,0,0x5c08570d2ff0
1458,1458,102,390,hip-hipmm-cdls-getrf,0,0x5c08570d2ff0
1459,1459,57,267,hip-hipmm-cdls-getrf,0,0x5c08570d2ff0
1460,1460,42,180,hip-hipmm-cdls-getrf,0,0x5c08570d2ff0
1461,1461,57,267,hip-hipmm-cdls-getrf,0,0x5c08570d2ff0
1462,1462,48,201,hip-hipmm-cdls-getrf,0,0x5c08570d2ff0
1463,1463,45,156,hip-hipmm-cdls-getrf,0,0x5c08570d2ff0
1464,1464,72,201,hip-hipmm-cdls-getrf,0,0x5c08570d2ff0
1465,1465,75,249,hip-hipmm-cdls-getrf,0,0x5c08570d2ff0
1466,1466,57,228,hip-hipmm-cdls-getrf,0,0x5c08570d2ff0
1467,1467,33,135,hip-hipmm-cdls-getrf,0,0x5c08570d2ff0
1468,1468,45,228,hip-hipmm-cdls-getrf,0,0x5c08570d2ff0
1469,1469,42,180,hip-hipmm-cdls-getrf,0,0x5c08570d2ff0
1470,1470,48,168,hip-hipmm-cdls-getrf,0,0x5c08570d2ff0
1471,1471,39,141,hip-hipmm-cdls-getrf,0,0x5c08570d2ff0
1472,1472,42,168,hip-hipmm-cdls-getrf,0,0x5c08570d2ff0
1473,1473,51,225,hip-hipmm-cdls-getrf,0,0x5c08570d2ff0
1474,1474,51,252,hip-hipmm-cdls-getrf,0,0x5c08570d2ff0
1475,1475,66,312,hip-hipmm-cdls-getrf,0,0x5c08570d2ff0
1476,1476,93,387,hip-hipmm-cdls-getrf,0,0x5c08570d2ff0
1477,1477,54,153,hip-hipmm-cdls-getrf,0,0x5c08570d2ff0
1478,1478,90,294,hip-hipmm-cdls-getrf,0,0x5c08570d2ff0
1479,1479,66,345,hip-hipmm-cdls-getrf,0,0x5c08570d2ff0
1480,1480,57,147,hip-hipmm-cdls-getrf,0,0x5c08570d2ff0
1481,1481,84,360,hip-hipmm-cdls-getrf,0,0x5c08570d2ff0
1482,1482,78,261,hip-hipmm-cdls-getrf,0,0x5c08570d2ff0
1483,1483,96,315,hip-hipmm-cdls-getrf,0,0x5c08570d2ff0
1484,1484,102,357,hip-hipmm-cdls-getrf,0,0x5c08570d2ff0
1485,1485,60,183,hip-hipmm-cdls-getrf,0,0x5c08570d2ff0
1486,1486,51,201,hip-hipmm-cdls-getrf,0,0x5c08570d2ff0
1487,1487,39,225,hip-hipmm-cdls-getrf,0,0x5c08570d2ff0
1488,1488,96,426,hip-hipmm-cdls-getrf,0,0x5c08570d2ff0
1489,1489,150,468,hip-hipmm-cdls-getrf,0,0x5c08570d2ff0
1490,1490,39,189,hip-hipmm-cdls-getrf,0,0x5c08570d2ff0
1491,1491,48,195,hip-hipmm-cdls-getrf,0,0x5c08570d2ff0
1492,1492,21,171,hip-hipmm-cdls-getrf,0,0x5c08570d2ff0
1493,1493,33,231,hip-hipmm-cdls-getrf,0,0x5c08570d2ff0
1494,1494,87,276,hip-hipmm-cdls-getrf,0,0x5c08570d2ff0
1495,1495,42,165,hip-hipmm-cdls-getrf,0,0x5c08570d2ff0
1496,1496,108,336,hip-hipmm-cdls-getrf,0,0x5c08570d2ff0
1497,1497,48,174,hip-hipmm-cdls-getrf,0,0x5c08570d2ff0
1498,1498,75,309,hip-hipmm-cdls-getrf,0,0x5c08570d2ff0
1499,1499,33,186,hip-hipmm-cdls-getrf,0,0x5c08570d2ff0
1500,1500,39,141,hip-hipmm-cdls-getrf,0,0x5c08570d2ff0
1501,1501,60,222,hip-hipmm-cdls-getrf,0,0x5c08570d2ff0
1502,1502,96,300,hip-hipmm-cdls-getrf,0,0x5c08570d2ff0
1503,1503,63,231,hip-hipmm-cdls-getrf,0,0x5c08570d2ff0
1504,1504,33,126,hip-hipmm-cdls-getrf,0,0x5c08570d2ff0
1505,1505,36,138,hip-hipmm-cdls-getrf,0,0x5c08570d2ff0
1506,1506,24,81,hip-hipmm-cdls-getrf,0,0x5c08570d2ff0
1507,1507,75,282,hip-hipmm-cdls-getrf,0,0x5c08570d2ff0
1508,1508,57,225,hip-hipmm-cdls-getrf,0,0x5c08570d2ff0
1509,1509,51,276,hip-hipmm-cdls-getrf,0,0x5c08570d2ff0
1510,1510,78,312,hip-hipmm-cdls-getrf,0,0x5c08570d2ff0
1511,1511,81,285,hip-hipmm-cdls-getrf,0,0x5c08570d2ff0
1512,1512,75,315,hip-hipmm-cdls-getrf,0,0x5c08570d2ff0
1513,1513,66,288,hip-hipmm-cdls-getrf,0,0x5c08570d2ff0
1514,1514,30,111,hip-hipmm-cdls-getrf,0,0x5c08570d2ff0
1515,1515,45,195,hip-hipmm-cdls-getrf,0,0x5c08570d2ff0
1516,1516,48,222,hip-hipmm-cdls-getrf,0,0x5c08570d2ff0
1517,1517,48,198,hip-hipmm-cdls-getrf,0,0x5c08570d2ff0
1518,1518,21,171,hip-hipmm-cdls-getrf,0,0x5c08570d2ff0
1519,1519,69,303,hip-hipmm-cdls-getrf,0,0x5c08570d2ff0
1520,1520,72,342,hip-hipmm-cdls-getrf,0,0x5c08570d2ff0
1521,1521,111,519,hip-hipmm-cdls-getrf,0,0x5c08570d2ff0
1522,1522,114,318,hip-hipmm-cdls-getrf,0,0x5c08570d2ff0
1523,1523,84,264,hip-hipmm-cdls-getrf,0,0x5c08570d2ff0
1524,1524,39,144,hip-hipmm-cdls-getrf,0,0x5c08570d2ff0
1525,1525,33,135,hip-hipmm-cdls-getrf,0,0x5c08570d2ff0
1526,1526,69,225,hip-hipmm-cdls-getrf,0,0x5c08570d2ff0
1527,1527,54,207,hip-hipmm-cdls-getrf,0,0x5c08570d2ff0
1528,1528,48,195,hip-hipmm-cdls-getrf,0,0x5c08570d2ff0
1529,1529,54,240,hip-hipmm-cdls-getrf,0,0x5c08570d2ff0
1530,1530,75,381,hip-hipmm-cdls-getrf,0,0x5c08570d2ff0
1531,1531,75,240,hip-hipmm-cdls-getrf,0,0x5c08570d2ff0
1532,1532,45,177,hip-hipmm-cdls-getrf,0,0x5c08570d2ff0
1533,1533,57,216,hip-hipmm-cdls-getrf,0,0x5c08570d2ff0
1534,1534,54,348,hip-hipmm-cdls-getrf,0,0x5c08570d2ff0
1535,1535,87,315,hip-hipmm-cdls-getrf,0,0x5c08570d2ff0
1536,1536,30,228,hip-hipmm-cdls-getrf,0,0x5c08570d2ff0
1537,1537,42,288,hip-hipmm-cdls-getrf,0,0x5c08570d2ff0
1538,1538,51,309,hip-hipmm-cdls-getrf,0,0x5c08570d2ff0
1539,1539,51,321,hip-hipmm-cdls-getrf,0,0x5c08570d2ff0
1540,1540,93,387,hip-hipmm-cdls-getrf,0,0x5c08570d2ff0
1541,1541,69,303,hip-hipmm-cdls-getrf,0,0x5c08570d2ff0
1542,1542,39,165,hip-hipmm-cdls-getrf,0,0x5c08570d2ff0
1543,1543,78,468,hip-hipmm-cdls-getrf,0,0x5c08570d2ff0
1544,1544,42,180,hip-hipmm-cdls-getrf,0,0x5c08570d2ff0
1545,1545,54,213,hip-hipmm-cdls-getrf,0,0x5c08570d2ff0
1546,1546,60,219,hip-hipmm-cdls-getrf,0,0x5c08570d2ff0
1547,1547,54,228,hip-hipmm-cdls-getrf,0,0x5c08570d2ff0
1548,1548,48,177,hip-hipmm-cdls-getrf,0,0x5c08570d2ff0
1549,1549,42,171,hip-hipmm-cdls-getrf,0,0x5c08570d2ff0
1550,1550,48,198,hip-hipmm-cdls-getrf,0,0x5c08570d2ff0
1551,1551,108,294,hip-hipmm-cdls-getrf,0,0x5c08570d2ff0
1552,1552,45,168,hip-hipmm-cdls-getrf,0,0x5c08570d2ff0
1553,1553,33,129,hip-hipmm-cdls-getrf,0,0x5c08570d2ff0
1554,1554,72,219,hip-hipmm-cdls-getrf,0,0x5c08570d2ff0
1555,1555,48,270,hip-hipmm-cdls-getrf,0,0x5c08570d2ff0
1556,1556,93,345,hip-hipmm-cdls-getrf,0,0x5c08570d2ff0
1557,1557,75,309,hip-hipmm-cdls-getrf,0,0x5c08570d2ff0
1558,1558,30,228,hip-hipmm-cdls-getrf,0,0x5c08570d2ff0
1559,1559,66,186,hip-hipmm-cdls-getrf,0,0x5c08570d2ff0
1560,1560,57,180,hip-hipmm-cdls-getrf,0,0x5c08570d2ff0
1561,1561,45,195,hip-hipmm-cdls-getrf,0,0x5c08570d2ff0
1562,1562,81,285,hip-hipmm-cdls-getrf,0,0x5c08570d2ff0
1563,1563,36,246,hip-hipmm-cdls-getrf,0,0x5c08570d2ff0
1564,1564,84,276,hip-hipmm-cdls-getrf,0,0x5c08570d2ff0
1565,1565,51,267,hip-hipmm-cdls-getrf,0,0x5c08570d2ff0
1566,1566,63,345,hip-hipmm-cdls-getrf,0,0x5c08570d2ff0
1567,1567,87,357,hip-hipmm-cdls-getrf,0,0x5c08570d2ff0
1568,1568,111,417,hip-hipmm-cdls-getrf,0,0x5c08570d2ff0
1569,1569,33,99,hip-hipmm-cdls-getrf,0,0x5c08570d2ff0
1570,1570,42,150,hip-hipmm-cdls-getrf,0,0x5c08570d2ff0
1571,1571,42,180,hip-hipmm-cdls-getrf,0,0x5c08570d2ff0
1572,1572,51,264,hip-hipmm-cdls-getrf,0,0x5c08570d2ff0
1573,1573,42,162,hip-hipmm-cdls-getrf,0,0x5c08570d2ff0
1574,1574,54,216,hip-hipmm-cdls-getrf,0,0x5c08570d2ff0
1575,1575,69,240,hip-hipmm-cdls-getrf,0,0x5c08570d2ff0
1576,1576,66,297,hip-hipmm-cdls-getrf,0,0x5c08570d2ff0
1577,1577,60,342,hip-hipmm-cdls-getrf,0,0x5c08570d2ff0
1578,1578,48,276,hip-hipmm-cdls-getrf,0,0x5c08570d2ff0
1579,1579,36,390,hip-hipmm-cdls-getrf,0,0x5c08570d2ff0
1580,1580,27,96,hip-hipmm-cdls-getrf,0,0x5c08570d2ff0
1581,1581,39,204,hip-hipmm-cdls-getrf,0,0x5c08570d2ff0
1582,1582,39,150,hip-hipmm-cdls-getrf,0,0x5c08570d2ff0
1583,1583,72,414,hip-hipmm-cdls-getrf,0,0x5c08570d2ff0
1584,1584,51,189,hip-hipmm-cdls-getrf,0,0x5c08570d2ff0
1585,1585,54,216,hip-hipmm-cdls-getrf,0,0x5c08570d2ff0
1586,1586,42,180,hip-hipmm-cdls-getrf,0,0x5c08570d2ff0
1587,1587,39,285,hip-hipmm-cdls-getrf,0,0x5c08570d2ff0
1588,1588,30,240,hip-hipmm-cdls-getrf,0,0x5c08570d2ff0
1589,1589,81,279,hip-hipmm-cdls-getrf,0,0x5c08570d2ff0
1590,1590,57,354,hip-hipmm-cdls-getrf,0,0x5c08570d2ff0
1591,1591,39,153,hip-hipmm-cdls-getrf,0,0x5c08570d2ff0
1592,1592,69,267,hip-hipmm-cdls-getrf,0,0x5c08570d2ff0
1593,1593,33,111,hip-hipmm-cdls-getrf,0,0x5c08570d2ff0
1594,1594,63,273,hip-hipmm-cdls-getrf,0,0x5c08570d2ff0
1595,1595,78,282,hip-hipmm-cdls-getrf,0,0x5c08570d2ff0
1596,1596,78,339,hip-hipmm-cdls-getrf,0,0x5c08570d2ff0
1597,1597,42,192,hip-hipmm-cdls-getrf,0,0x5c08570d2ff0
1598,1598,51,309,hip-hipmm-cdls-getrf,0,0x5c08570d2ff0
1599,1599,105,291,hip-hipmm-cdls-getrf,0,0x5c08570d2ff0
1600,1600,84,354,hip-hipmm-cdls-getrf,0,0x5c08570d2ff0
1601,1601,15,108,hip-hipmm-cdls-getrf,0,0x5c08570d2ff0
1602,1602,33,207,hip-hipmm-cdls-getrf,0,0x5c08570d2ff0
1603,1603,72,426,hip-hipmm-cdls-getrf,0,0x5c08570d2ff0
1604,1604,51,216,hip-hipmm-cdls-getrf,0,0x5c08570d2ff0
1605,1605,87,321,hip-hipmm-cdls-getrf,0,0x5c08570d2ff0
1606,1606,93,399,hip-hipmm-cdls-getrf,0,0x5c08570d2ff0
1607,1607,45,207,hip-hipmm-cdls-getrf,0,0x5c08570d2ff0
1608,1608,54,240,hip-hipmm-cdls-getrf,0,0x5c08570d2ff0
1609,1609,51,213,hip-hipmm-cdls-getrf,0,0x5c08570d2ff0
1610,1610,93,351,hip-hipmm-cdls-getrf,0,0x5c08570d2ff0
1611,1611,60,258,hip-hipmm-cdls-getrf,0,0x5c08570d2ff0
1612,1612,48,210,hip-hipmm-cdls-getrf,0,0x5c08570d2ff0
1613,1613,36,174,hip-hipmm-cdls-getrf,0,0x5c08570d2ff0
1614,1614,72,402,hip-hipmm-cdls-getrf,0,0x5c08570d2ff0
1615,1615,54,240,hip-hipmm-cdls-getrf,0,0x5c08570d2ff0
1616,1616,36,150,hip-hipmm-cdls-getrf,0,0x5c08570d2ff0
1617,1617,72,330,hip-hipmm-cdls-getrf,0,0x5c08570d2ff0
1618,1618,27,117,hip-hipmm-cdls-getrf,0,0x5c08570d2ff0
1619,1619,54,204,hip-hipmm-cdls-getrf,0,0x5c08570d2ff0
1620,1620,45,171,hip-hipmm-cdls-getrf,0,0x5c08570d2ff0
1621,1621,39,150,hip-hipmm-cdls-getrf,0,0x5c08570d2ff0
1622,1622,45,195,hip-hipmm-cdls-getrf,0,0x5c08570d2ff0
1623,1623,51,213,hip-hipmm-cdls-getrf,0,0x5c08570d2ff0
1624,1624,45,183,hip-hipmm-cdls-getrf,0,0x5c08570d2ff0
1625,1625,54,309,hip-hipmm-cdls-getrf,0,0x5c08570d2ff0
1626,1626,96,312,hip-hipmm-cdls-getrf,0,0x5c08570d2ff0
1627,1627,57,327,hip-hipmm-cdls-getrf,0,0x5c08570d2ff0
1628,1628,66,219,hip-hipmm-cdls-getrf,0,0x5c08570d2ff0
1629,1629,87,381,hip-hipmm-cdls-getrf,0,0x5c08570d2ff0
1630,1630,36,246,hip-hipmm-cdls-getrf,0,0x5c08570d2ff0
1631,1631,84,282,hip-hipmm-cdls-getrf,0,0x5c08570d2ff0
1632,1632,42,264,hip-hipmm-cdls-getrf,0,0x5c08570d2ff0
1633,1633,57,243,hip-hipmm-cdls-getrf,0,0x5c08570d2ff0
1634,1634,36,138,hip-hipmm-cdls-getrf,0,0x5c08570d2ff0
1635,1635,72,231,hip-hipmm-cdls-getrf,0,0x5c08570d2ff0
1636,1636,87,255,hip-hipmm-cdls-getrf,0,0x5c08570d2ff0
1637,1637,51,213,hip-hipmm-cdls-getrf,0,0x5c08570d2ff0
1638,1638,63,201,hip-hipmm-cdls-getrf,0,0x5c08570d2ff0
1639,1639,30,186,hip-hipmm-cdls-getrf,0,0x5c08570d2ff0
1640,1640,60,246,hip-hipmm-cdls-getrf,0,0x5c08570d2ff0
1641,1641,60,246,hip-hipmm-cdls-getrf,0,0x5c08570d2ff0
1642,1642,75,285,hip-hipmm-cdls-getrf,0,0x5c08570d2ff0
1643,1643,30,216,hip-hipmm-cdls-getrf,0,0x5c08570d2ff0
1644,1644,63,285,hip-hipmm-cdls-getrf,0,0x5c08570d2ff0
1645,1645,30,120,hip-hipmm-cdls-getrf,0,0x5c08570d2ff0
1646,1646,63,465,hip-hipmm-cdls-getrf,0,0x5c08570d2ff0
1647,1647,90,399,hip-hipmm-cdls-getrf,0,0x5c08570d2ff0
1648,1648,108,534,hip-hipmm-cdls-getrf,0,0x5c08570d2ff0
1649,1649,57,234,hip-hipmm-cdls-getrf,0,0x5c08570d2ff0
1650,1650,39,261,hip-hipmm-cdls-getrf,0,0x5c08570d2ff0
1651,1651,63,249,hip-hipmm-cdls-getrf,0,0x5c08570d2ff0
1652,1652,54,228,hip-hipmm-cdls-getrf,0,0x5c08570d2ff0
1653,1653,84,306,hip-hipmm-cdls-getrf,0,0x5c08570d2ff0
1654,1654,33,135,hip-hipmm-cdls-getrf,0,0x5c08570d2ff0
1655,1655,63,225,hip-hipmm-cdls-getrf,0,0x5c08570d2ff0
1656,1656,117,318,hip-hipmm-cdls-getrf,0,0x5c08570d2ff0
1657,1657,42,252,hip-hipmm-cdls-getrf,0,0x5c08570d2ff0
1658,1658,33,243,hip-hipmm-cdls-getrf,0,0x5c08570d2ff0
1659,1659,54,240,hip-hipmm-cdls-getrf,0,0x5c08570d2ff0
1660,1660,111,366,hip-hipmm-cdls-getrf,0,0x5c08570d2ff0
1661,1661,33,198,hip-hipmm-cdls-getrf,0,0x5c08570d2ff0
1662,1662,39,159,hip-hipmm-cdls-getrf,0,0x5c08570d2ff0
1663,1663,42,180,hip-hipmm-cdls-getrf,0,0x5c08570d2ff0
1664,1664,30,204,hip-hipmm-cdls-getrf,0,0x5c08570d2ff0
1665,1665,84,342,hip-hipmm-cdls-getrf,0,0x5c08570d2ff0
1666,1666,90,324,hip-hipmm-cdls-getrf,0,0x5c08570d2ff0
1667,1667,93,315,hip-hipmm-cdls-getrf,0,0x5c08570d2ff0
1668,1668,39,228,hip-hipmm-cdls-getrf,0,0x5c08570d2ff0
1669,1669,48,195,hip-hipmm-cdls-getrf,0,0x5c08570d2ff0
1670,1670,30,216,hip-hipmm-cdls-getrf,0,0x5c08570d2ff0
1671,1671,57,396,hip-hipmm-cdls-getrf,0,0x5c08570d2ff0
1672,1672,21,147,hip-hipmm-cdls-getrf,0,0x5c08570d2ff0
1673,1673,87,309,hip-hipmm-cdls-getrf,0,0x5c08570d2ff0
1674,1674,60,342,hip-hipmm-cdls-getrf,0,0x5c08570d2ff0
1675,1675,63,249,hip-hipmm-cdls-getrf,0,0x5c08570d2ff0
1676,1676,87,267,hip-hipmm-cdls-getrf,0,0x5c08570d2ff0
1677,1677,105,300,hip-hipmm-cdls-getrf,0,0x5c08570d2ff0
1678,1678,24,153,hip-hipmm-cdls-getrf,0,0x5c08570d2ff0
1679,1679,63,255,hip-hipmm-cdls-getrf,0,0x5c08570d2ff0
1680,1680,33,219,hip-hipmm-cdls-getrf,0,0x5c08570d2ff0
1681,1681,54,156,hip-hipmm-cdls-getrf,0,0x5c08570d2ff0
1682,1682,48,210,hip-hipmm-cdls-getrf,0,0x5c08570d2ff0
1683,1683,42,276,hip-hipmm-cdls-getrf,0,0x5c08570d2ff0
1684,1684,69,291,hip-hipmm-cdls-getrf,0,0x5c08570d2ff0
1685,1685,45,267,hip-hipmm-cdls-getrf,0,0x5c08570d2ff0
1686,1686,27,201,hip-hipmm-cdls-getrf,0,0x5c08570d2ff0
1687,1687,60,282,hip-hipmm-cdls-getrf,0,0x5c08570d2ff0
1688,1688,36,168,hip-hipmm-cdls-getrf,0,0x5c08570d2ff0
1689,1689,84,300,hip-hipmm-cdls-getrf,0,0x5c08570d2ff0
1690,1690,81,264,hip-hipmm-cdls-getrf,0,0x5c08570d2ff0
1691,1691,33,198,hip-hipmm-cdls-getrf,0,0x5c08570d2ff0
1692,1692,57,168,hip-hipmm-cdls-getrf,0,0x5c08570d2ff0
1693,1693,93,441,hip-hipmm-cdls-getrf,0,0x5c08570d2ff0
1694,1694,51,321,hip-hipmm-cdls-getrf,0,0x5c08570d2ff0
1695,1695,102,324,hip-hipmm-cdls-getrf,0,0x5c08570d2ff0
1696,1696,57,189,hip-hipmm-cdls-getrf,0,0x5c08570d2ff0
1697,1697,42,171,hip-hipmm-cdls-getrf,0,0x5c08570d2ff0
1698,1698,90,240,hip-hipmm-cdls-getrf,0,0x5c08570d2ff0
1699,1699,39,249,hip-hipmm-cdls-getrf,0,0x5c08570d2ff0
1700,1700,27,201,hip-hipmm-cdls-getrf,0,0x5c08570d2ff0
1701,1701,84,348,hip-hipmm-cdls-getrf,0,0x5c08570d2ff0
1702,1702,96,261,hip-hipmm-cdls-getrf,0,0x5c08570d2ff0
1703,1703,75,330,hip-hipmm-cdls-getrf,0,0x5c08570d2ff0
1704,1704,39,249,hip-hipmm-cdls-getrf,0,0x5c08570d2ff0
1705,1705,72,222,hip-hipmm-cdls-getrf,0,0x5c08570d2ff0
1706,1706,60,303,hip-hipmm-cdls-getrf,0,0x5c08570d2ff0
1707,1707,30,204,hip-hipmm-cdls-getrf,0,0x5c08570d2ff0
1708,1708,54,348,hip-hipmm-cdls-getrf,0,0x5c08570d2ff0
1709,1709,66,195,hip-hipmm-cdls-getrf,0,0x5c08570d2ff0
1710,1710,60,306,hip-hipmm-cdls-getrf,0,0x5c08570d2ff0
1711,1711,30,204,hip-hipmm-cdls-getrf,0,0x5c08570d2ff0
1712,1712,57,204,hip-hipmm-cdls-getrf,0,0x5c08570d2ff0
1713,1713,54,210,hip-hipmm-cdls-getrf,0,0x5c08570d2ff0
1714,1714,42,213,hip-hipmm-cdls-getrf,0,0x5c08570d2ff0
1715,1715,24,114,hip-hipmm-cdls-getrf,0,0x5c08570d2ff0
1716,1716,90,384,hip-hipmm-cdls-getrf,0,0x5c08570d2ff0
1717,1717,51,213,hip-hipmm-cdls-getrf,0,0x5c08570d2ff0
1718,1718,36,138,hip-hipmm-cdls-getrf,0,0x5c08570d2ff0
1719,1719,24,114,hip-hipmm-cdls-getrf,0,0x5c08570d2ff0
1720,1720,105,303,hip-hipmm-cdls-getrf,0,0x5c08570d2ff0
1721,1721,57,177,hip-hipmm-cdls-getrf,0,0x5c08570d2ff0
1722,1722,75,285,hip-hipmm-cdls-getrf,0,0x5c08570d2ff0
1723,1723,66,228,hip-hipmm-cdls-getrf,0,0x5c08570d2ff0
1724,1724,84,342,hip-hipmm-cdls-getrf,0,0x5c08570d2ff0
1725,1725,105,387,hip-hipmm-cdls-getrf,0,0x5c08570d2ff0
1726,1726,84,462,hip-hipmm-cdls-getrf,0,0x5c08570d2ff0
1727,1727,174,477,hip-hipmm-cdls-getrf,0,0x5c08570d2ff0
1728,1728,66,360,hip-hipmm-cdls-getrf,0,0x5c08570d2ff0
1729,1729,63,477,hip-hipmm-cdls-getrf,0,0x5c08570d2ff0
1730,1730,114,378,hip-hipmm-cdls-getrf,0,0x5c08570d2ff0
1731,1731,93,426,hip-hipmm-cdls-getrf,0,0x5c08570d2ff0
1732,1732,78,402,hip-hipmm-cdls-getrf,0,0x5c08570d2ff0
1733,1733,60,441,hip-hipmm-cdls-getrf,0,0x5c08570d2ff0
1734,1734,69,303,hip-hipmm-cdls-getrf,0,0x5c08570d2ff0
1735,1735,78,396,hip-hipmm-cdls-getrf,0,0x5c08570d2ff0
1736,1736,45,399,hip-hipmm-cdls-getrf,0,0x5c08570d2ff0
1737,1737,111,441,hip-hipmm-cdls-getrf,0,0x5c08570d2ff0
1738,1738,66,336,hip-hipmm-cdls-getrf,0,0x5c08570d2ff0
1739,1739,27,153,hip-hipmm-cdls-getrf,0,0x5c08570d2ff0
1740,1740,36,246,hip-hipmm-cdls-getrf,0,0x5c08570d2ff0
1741,1741,33,114,hip-hipmm-cdls-getrf,0,0x5c08570d2ff0
1742,1742,60,258,hip-hipmm-cdls-getrf,0,0x5c08570d2ff0
1743,1743,36,222,hip-hipmm-cdls-getrf,0,0x5c08570d2ff0
1744,1744,27,189,hip-hipmm-cdls-getrf,0,0x5c08570d2ff0
1745,1745,18,180,hip-hipmm-cdls-getrf,0,0x5c08570d2ff0
1746,1746,96,336,hip-hipmm-cdls-getrf,0,0x5c08570d2ff0
1747,1747,30,204,hip-hipmm-cdls-getrf,0,0x5c08570d2ff0
1748,1748,93,369,hip-hipmm-cdls-getrf,0,0x5c08570d2ff0
1749,1749,54,312,hip-hipmm-cdls-getrf,0,0x5c08570d2ff0
1750,1750,33,201,hip-hipmm-cdls-getrf,0,0x5c08570d2ff0
1751,1751,54,516,hip-hipmm-cdls-getrf,0,0x5c08570d2ff0
1752,1752,108,366,hip-hipmm-cdls-getrf,0,0x5c08570d2ff0
1753,1753,21,159,hip-hipmm-cdls-getrf,0,0x5c08570d2ff0
1754,1754,87,297,hip-hipmm-cdls-getrf,0,0x5c08570d2ff0
1755,1755,51,297,hip-hipmm-cdls-getrf,0,0x5c08570d2ff0
1756,1756,63,285,hip-hipmm-cdls-getrf,0,0x5c08570d2ff0
1757,1757,63,609,hip-hipmm-cdls-getrf,0,0x5c08570d2ff0
1758,1758,57,555,hip-hipmm-cdls-getrf,0,0x5c08570d2ff0
1759,1759,96,336,hip-hipmm-cdls-getrf,0,0x5c08570d2ff0
1760,1760,66,288,hip-hipmm-cdls-getrf,0,0x5c08570d2ff0
1761,1761,69,462,hip-hipmm-cdls-getrf,0,0x5c08570d2ff0
1762,1762,96,243,hip-hipmm-cdls-getrf,0,0x5c08570d2ff0
1763,1763,57,222,hip-hipmm-cdls-getrf,0,0x5c08570d2ff0
1764,1764,42,204,hip-hipmm-cdls-getrf,0,0x5c08570d2ff0
1765,1765,39,429,hip-hipmm-cdls-getrf,0,0x5c08570d2ff0
1766,1766,63,489,hip-hipmm-cdls-getrf,0,0x5c08570d2ff0
1767,1767,90,324,hip-hipmm-cdls-getrf,0,0x5c08570d2ff0
1768,1768,60,270,hip-hipmm-cdls-getrf,0,0x5c08570d2ff0
1769,1769,60,342,hip-hipmm-cdls-getrf,0,0x5c08570d2ff0
1770,1770,69,303,hip-hipmm-cdls-getrf,0,0x5c08570d2ff0
1771,1771,57,543,hip-hipmm-cdls-getrf,0,0x5c08570d2ff0
1772,1772,75,381,hip-hipmm-cdls-getrf,0,0x5c08570d2ff0
1773,1773,111,489,hip-hipmm-cdls-getrf,0,0x5c08570d2ff0
1774,1774,69,579,hip-hipmm-cdls-getrf,0,0x5c08570d2ff0
1775,1775,39,144,hip-hipmm-cdls-getrf,0,0x5c08570d2ff0
1776,1776,66,189,hip-hipmm-cdls-getrf,0,0x5c08570d2ff0
1777,1777,39,159,hip-hipmm-cdls-getrf,0,0x5c08570d2ff0
1778,1778,48,210,hip-hipmm-cdls-getrf,0,0x5c08570d2ff0
1779,1779,90,276,hip-hipmm-cdls-getrf,0,0x5c08570d2ff0
1780,1780,36,150,hip-hipmm-cdls-getrf,0,0x5c08570d2ff0
1781,1781,57,255,hip-hipmm-cdls-getrf,0,0x5c08570d2ff0
1782,1782,33,195,hip-hipmm-cdls-getrf,0,0x5c08570d2ff0
1783,1783,81,255,hip-hipmm-cdls-getrf,0,0x5c08570d2ff0
1784,1784,54,312,hip-hipmm-cdls-getrf,0,0x5c08570d2ff0
1785,1785,36,246,hip-hipmm-cdls-getrf,0,0x5c08570d2ff0
1786,1786,39,285,hip-hipmm-cdls-getrf,0,0x5c08570d2ff0
1787,1787,96,462,hip-hipmm-cdls-getrf,0,0x5c08570d2ff0
1788,1788,108,450,hip-hipmm-cdls-getrf,0,0x5c08570d2ff0
1789,1789,24,186,hip-hipmm-cdls-getrf,0,0x5c08570d2ff0
1790,1790,96,402,hip-hipmm-cdls-getrf,0,0x5c08570d2ff0
1791,1791,90,384,hip-hipmm-cdls-getrf,0,0x5c08570d2ff0
1792,1792,45,423,hip-hipmm-cdls-getrf,0,0x5c08570d2ff0
1793,1793,75,381,hip-hipmm-cdls-getrf,0,0x5c08570d2ff0
1794,1794,21,183,hip-hipmm-cdls-getrf,0,0x5c08570d2ff0
1795,1795,18,156,hip-hipmm-cdls-getrf,0,0x5c08570d2ff0
1796,1796,54,240,hip-hipmm-cdls-getrf,0,0x5c08570d2ff0
1797,1797,69,315,hip-hipmm-cdls-getrf,0,0x5c08570d2ff0
1798,1798,39,261,hip-hipmm-cdls-getrf,0,0x5c08570d2ff0
1799,1799,39,261,hip-hipmm-cdls-getrf,0,0x5c08570d2ff0
1800,1800,51,333,hip-hipmm-cdls-getrf,0,0x5c08570d2ff0
1801,1801,24,354,hip-hipmm-cdls-getrf,0,0x5c08570d2ff0
1802,1802,75,465,hip-hipmm-cdls-getrf,0,0x5c08570d2ff0
1803,1803,57,459,hip-hipmm-cdls-getrf,0,0x5c08570d2ff0
1804,1804,63,273,hip-hipmm-cdls-getrf,0,0x5c08570d2ff0
1805,1805,39,153,hip-hipmm-cdls-getrf,0,0x5c08570d2ff0
1806,1806,33,123,hip-hipmm-cdls-getrf,0,0x5c08570d2ff0
1807,1807,51,225,hip-hipmm-cdls-getrf,0,0x5c08570d2ff0
1808,1808,51,204,hip-hipmm-cdls-getrf,0,0x5c08570d2ff0
1809,1809,36,246,hip-hipmm-cdls-getrf,0,0x5c08570d2ff0
1810,1810,36,246,hip-hipmm-cdls-getrf,0,0x5c08570d2ff0
1811,1811,69,303,hip-hipmm-cdls-getrf,0,0x5c08570d2ff0
1812,1812,117,459,hip-hipmm-cdls-getrf,0,0x5c08570d2ff0
1813,1813,69,201,hip-hipmm-cdls-getrf,0,0x5c08570d2ff0
1814,1814,39,261,hip-hipmm-cdls-getrf,0,0x5c08570d2ff0
1815,1815,78,360,hip-hipmm-cdls-getrf,0,0x5c08570d2ff0
1816,1816,24,162,hip-hipmm-cdls-getrf,0,0x5c08570d2ff0
1817,1817,24,198,hip-hipmm-cdls-getrf,0,0x5c08570d2ff0
1818,1818,30,204,hip-hipmm-cdls-getrf,0,0x5c08570d2ff0
1819,1819,78,504,hip-hipmm-cdls-getrf,0,0x5c08570d2ff0
1820,1820,30,108,hip-hipmm-cdls-getrf,0,0x5c08570d2ff0
1821,1821,48,210,hip-hipmm-cdls-getrf,0,0x5c08570d2ff0
1822,1822,36,246,hip-hipmm-cdls-getrf,0,0x5c08570d2ff0
1823,1823,48,306,hip-hipmm-cdls-getrf,0,0x5c08570d2ff0
1824,1824,27,189,hip-hipmm-cdls-getrf,0,0x5c08570d2ff0
1825,1825,54,348,hip-hipmm-cdls-getrf,0,0x5c08570d2ff0
1826,1826,75,333,hip-hipmm-cdls-getrf,0,0x5c08570d2ff0
1827,1827,27,177,hip-hipmm-cdls-getrf,0,0x5c08570d2ff0
1828,1828,45,279,hip-hipmm-cdls-getrf,0,0x5c08570d2ff0
1829,1829,69,507,hip-hipmm-cdls-getrf,0,0x5c08570d2ff0
1830,1830,42,180,hip-hipmm-cdls-getrf,0,0x5c08570d2ff0
1831,1831,54,252,hip-hipmm-cdls-getrf,0,0x5c08570d2ff0
1832,1832,24,174,hip-hipmm-cdls-getrf,0,0x5c08570d2ff0
1833,1833,39,393,hip-hipmm-cdls-getrf,0,0x5c08570d2ff0
1834,1834,45,291,hip-hipmm-cdls-getrf,0,0x5c08570d2ff0
1835,1835,114,480,hip-hipmm-cdls-getrf,0,0x5c08570d2ff0
1836,1836,36,246,hip-hipmm-cdls-getrf,0,0x5c08570d2ff0
1837,1837,24,210,hip-hipmm-cdls-getrf,0,0x5c08570d2ff0
1838,1838,24,198,hip-hipmm-cdls-getrf,0,0x5c08570d2ff0
1839,1839,48,294,hip-hipmm-cdls-getrf,0,0x5c08570d2ff0
1840,1840,42,240,hip-hipmm-cdls-getrf,0,0x5c08570d2ff0
1841,1841,81,339,hip-hipmm-cdls-getrf,0,0x5c08570d2ff0
1842,1842,21,171,hip-hipmm-cdls-getrf,0,0x5c08570d2ff0
1843,1843,27,225,hip-hipmm-cdls-getrf,0,0x5c08570d2ff0
1844,1844,36,246,hip-hipmm-cdls-getrf,0,0x5c08570d2ff0
1845,1845,48,210,hip-hipmm-cdls-getrf,0,0x5c08570d2ff0
1846,1846,72,330,hip-hipmm-cdls-getrf,0,0x5c08570d2ff0
1847,1847,54,300,hip-hipmm-cdls-getrf,0,0x5c08570d2ff0
1848,1848,75,333,hip-hipmm-cdls-getrf,0,0x5c08570d2ff0
1849,1849,84,414,hip-hipmm-cdls-getrf,0,0x5c08570d2ff0
1850,1850,45,195,hip-hipmm-cdls-getrf,0,0x5c08570d2ff0
1851,1851,72,228,hip-hipmm-cdls-getrf,0,0x5c08570d2ff0
1852,1852,24,174,hip-hipmm-cdls-getrf,0,0x5c08570d2ff0
1853,1853,18,144,hip-hipmm-cdls-getrf,0,0x5c08570d2ff0
1854,1854,27,189,hip-hipmm-cdls-getrf,0,0x5c08570d2ff0
1855,1855,75,381,hip-hipmm-cdls-getrf,0,0x5c08570d2ff0
1856,1856,57,216,hip-hipmm-cdls-getrf,0,0x5c08570d2ff0
1857,1857,75,345,hip-hipmm-cdls-getrf,0,0x5c08570d2ff0
1858,1858,45,291,hip-hipmm-cdls-getrf,0,0x5c08570d2ff0
1859,1859,39,237,hip-hipmm-cdls-getrf,0,0x5c08570d2ff0
1860,1860,66,321,hip-hipmm-cdls-getrf,0,0x5c08570d2ff0
1861,1861,81,330,hip-hipmm-cdls-getrf,0,0x5c08570d2ff0
1862,1862,30,216,hip-hipmm-cdls-getrf,0,0x5c08570d2ff0
1863,1863,21,171,hip-hipmm-cdls-getrf,0,0x5c08570d2ff0
1864,1864,45,195,hip-hipmm-cdls-getrf,0,0x5c08570d2ff0
1865,1865,39,141,hip-hipmm-cdls-getrf,0,0x5c08570d2ff0
1866,1866,63,285,hip-hipmm-cdls-getrf,0,0x5c08570d2ff0
1867,1867,33,219,hip-hipmm-cdls-getrf,0,0x5c08570d2ff0
1868,1868,45,195,hip-hipmm-cdls-getrf,0,0x5c08570d2ff0
1869,1869,30,192,hip-hipmm-cdls-getrf,0,0x5c08570d2ff0
1870,1870,39,273,hip-hipmm-cdls-getrf,0,0x5c08570d2ff0
1871,1871,54,288,hip-hipmm-cdls-getrf,0,0x5c08570d2ff0
1872,1872,69,291,hip-hipmm-cdls-getrf,0,0x5c08570d2ff0
1873,1873,36,222,hip-hipmm-cdls-getrf,0,0x5c08570d2ff0
1874,1874,48,294,hip-hipmm-cdls-getrf,0,0x5c08570d2ff0
1875,1875,87,333,hip-hipmm-cdls-getrf,0,0x5c08570d2ff0
1876,1876,45,279,hip-hipmm-cdls-getrf,0,0x5c08570d2ff0
1877,1877,51,225,hip-hipmm-cdls-getrf,0,0x5c08570d2ff0
1878,1878,66,201,hip-hipmm-cdls-getrf,0,0x5c08570d2ff0
1879,1879,69,291,hip-hipmm-cdls-getrf,0,0x5c08570d2ff0
1880,1880,78,309,hip-hipmm-cdls-getrf,0,0x5c08570d2ff0
1881,1881,54,183,hip-hipmm-cdls-getrf,0,0x5c08570d2ff0
1882,1882,66,201,hip-hipmm-cdls-getrf,0,0x5c08570d2ff0
1883,1883,60,165,hip-hipmm-cdls-getrf,0,0x5c08570d2ff0
1884,1884,33,150,hip-hipmm-cdls-getrf,0,0x5c08570d2ff0
1885,1885,54,210,hip-hipmm-cdls-getrf,0,0x5c08570d2ff0
1886,1886,81,270,hip-hipmm-cdls-getrf,0,0x5c08570d2ff0
1887,1887,33,123,hip-hipmm-cdls-getrf,0,0x5c08570d2ff0
1888,1888,51,237,hip-hipmm-cdls-getrf,0,0x5c08570d2ff0
1889,1889,42,252,hip-hipmm-cdls-getrf,0,0x5c08570d2ff0
1890,1890,48,306,hip-hipmm-cdls-getrf,0,0x5c08570d2ff0
1891,1891,48,246,hip-hipmm-cdls-getrf,0,0x5c08570d2ff0
1892,1892,57,243,hip-hipmm-cdls-getrf,0,0x5c08570d2ff0
1893,1893,39,162,hip-hipmm-cdls-getrf,0,0x5c08570d2ff0
1894,1894,33,126,hip-hipmm-cdls-getrf,0,0x5c08570d2ff0
1895,1895,51,213,hip-hipmm-cdls-getrf,0,0x5c08570d2ff0
1896,1896,51,249,hip-hipmm-cdls-getrf,0,0x5c08570d2ff0
1897,1897,48,318,hip-hipmm-cdls-getrf,0,0x5c08570d2ff0
1898,1898,81,252,hip-hipmm-cdls-getrf,0,0x5c08570d2ff0
1899,1899,63,285,hip-hipmm-cdls-getrf,0,0x5c08570d2ff0
1900,1900,93,387,hip-hipmm-cdls-getrf,0,0x5c08570d2ff0
1901,1901,72,300,hip-hipmm-cdls-getrf,0,0x5c08570d2ff0
1902,1902,63,285,hip-hipmm-cdls-getrf,0,0x5c08570d2ff0
1903,1903,51,138,hip-hipmm-cdls-getrf,0,0x5c08570d2ff0
1904,1904,36,150,hip-hipmm-cdls-getrf,0,0x5c08570d2ff0
1905,1905,45,174,hip-hipmm-cdls-getrf,0,0x5c08570d2ff0
1906,1906,42,264,hip-hipmm-cdls-getrf,0,0x5c08570d2ff0
1907,1907,48,306,hip-hipmm-cdls-getrf,0,0x5c08570d2ff0
1908,1908,24,174,hip-hipmm-cdls-getrf,0,0x5c08570d2ff0
1909,1909,33,126,hip-hipmm-cdls-getrf,0,0x5c08570d2ff0
1910,1910,60,249,hip-hipmm-cdls-getrf,0,0x5c08570d2ff0
1911,1911,30,216,hip-hipmm-cdls-getrf,0,0x5c08570d2ff0
1912,1912,27,201,hip-hipmm-cdls-getrf,0,0x5c08570d2ff0
1913,1913,27,213,hip-hipmm-cdls-getrf,0,0x5c08570d2ff0
1914,1914,69,327,hip-hipmm-cdls-getrf,0,0x5c08570d2ff0
1915,1915,36,234,hip-hipmm-cdls-getrf,0,0x5c08570d2ff0
1916,1916,33,135,hip-hipmm-cdls-getrf,0,0x5c08570d2ff0
1917,1917,30,192,hip-hipmm-cdls-getrf,0,0x5c08570d2ff0
1918,1918,33,219,hip-hipmm-cdls-getrf,0,0x5c08570d2ff0
1919,1919,63,213,hip-hipmm-cdls-getrf,0,0x5c08570d2ff0
1920,1920,72,318,hip-hipmm-cdls-getrf,0,0x5c08570d2ff0
1921,1921,24,78,hip-hipmm-cdls-getrf,0,0x5c08570d2ff0
1922,1922,36,129,hip-hipmm-cdls-getrf,0,0x5c08570d2ff0
1923,1923,33,147,hip-hipmm-cdls-getrf,0,0x5c08570d2ff0
1924,1924,39,201,hip-hipmm-cdls-getrf,0,0x5c08570d2ff0
1925,1925,87,231,hip-hipmm-cdls-getrf,0,0x5c08570d2ff0
1926,1926,72,312,hip-hipmm-cdls-getrf,0,0x5c08570d2ff0
1927,1927,75,366,hip-hipmm-cdls-getrf,0,0x5c08570d2ff0
1928,1928,57,303,hip-hipmm-cdls-getrf,0,0x5c08570d2ff0
1929,1929,54,348,hip-hipmm-cdls-getrf,0,0x5c08570d2ff0
1930,1930,39,162,hip-hipmm-cdls-getrf,0,0x5c08570d2ff0
1931,1931,27,162,hip-hipmm-cdls-getrf,0,0x5c08570d2ff0
1932,1932,111,303,hip-hipmm-cdls-getrf,0,0x5c08570d2ff0
1933,1933,45,195,hip-hipmm-cdls-getrf,0,0x5c08570d2ff0
1934,1934,45,246,hip-hipmm-cdls-getrf,0,0x5c08570d2ff0
1935,1935,39,150,hip-hipmm-cdls-getrf,0,0x5c08570d2ff0
1936,1936,36,213,hip-hipmm-cdls-getrf,0,0x5c08570d2ff0
1937,1937,51,213,hip-hipmm-cdls-getrf,0,0x5c08570d2ff0
1938,1938,33,111,hip-hipmm-cdls-getrf,0,0x5c08570d2ff0
1939,1939,36,132,hip-hipmm-cdls-getrf,0,0x5c08570d2ff0
1940,1940,72,276,hip-hipmm-cdls-getrf,0,0x5c08570d2ff0
1941,1941,39,240,hip-hipmm-cdls-getrf,0,0x5c08570d2ff0
1942,1942,81,375,hip-hipmm-cdls-getrf,0,0x5c08570d2ff0
1943,1943,87,381,hip-hipmm-cdls-getrf,0,0x5c08570d2ff0
1944,1944,33,231,hip-hipmm-cdls-getrf,0,0x5c08570d2ff0
1945,1945,45,279,hip-hipmm-cdls-getrf,0,0x5c08570d2ff0
1946,1946,60,474,hip-hipmm-cdls-getrf,0,0x5c08570d2ff0
1947,1947,75,417,hip-hipmm-cdls-getrf,0,0x5c08570d2ff0
1948,1948,96,321,hip-hipmm-cdls-getrf,0,0x5c08570d2ff0
1949,1949,99,453,hip-hipmm-cdls-getrf,0,0x5c08570d2ff0
1950,1950,30,186,hip-hipmm-cdls-getrf,0,0x5c08570d2ff0
1951,1951,90,366,hip-hipmm-cdls-getrf,0,0x5c08570d2ff0
1952,1952,84,291,hip-hipmm-cdls-getrf,0,0x5c08570d2ff0
1953,1953,24,81,hip-hipmm-cdls-getrf,0,0x5c08570d2ff0
1954,1954,81,279,hip-hipmm-cdls-getrf,0,0x5c08570d2ff0
1955,1955,75,243,hip-hipmm-cdls-getrf,0,0x5c08570d2ff0
1956,1956,81,279,hip-hipmm-cdls-getrf,0,0x5c08570d2ff0
1957,1957,48,186,hip-hipmm-cdls-getrf,0,0x5c08570d2ff0
1958,1958,69,213,hip-hipmm-cdls-getrf,0,0x5c08570d2ff0
1959,1959,66,198,hip-hipmm-cdls-getrf,0,0x5c08570d2ff0
1960,1960,51,243,hip-hipmm-cdls-getrf,0,0x5c08570d2ff0
1961,1961,102,396,hip-hipmm-cdls-getrf,0,0x5c08570d2ff0
1962,1962,84,426,hip-hipmm-cdls-getrf,0,0x5c08570d2ff0
1963,1963,36,186,hip-hipmm-cdls-getrf,0,0x5c08570d2ff0
1964,1964,96,264,hip-hipmm-cdls-getrf,0,0x5c08570d2ff0
1965,1965,39,180,hip-hipmm-cdls-getrf,0,0x5c08570d2ff0
1966,1966,72,372,hip-hipmm-cdls-getrf,0,0x5c08570d2ff0
1967,1967,75,357,hip-hipmm-cdls-getrf,0,0x5c08570d2ff0
1968,1968,48,306,hip-hipmm-cdls-getrf,0,0x5c08570d2ff0
1969,1969,42,252,hip-hipmm-cdls-getrf,0,0x5c08570d2ff0
1970,1970,27,177,hip-hipmm-cdls-getrf,0,0x5c08570d2ff0
1971,1971,24,174,hip-hipmm-cdls-getrf,0,0x5c08570d2ff0
1972,1972,102,420,hip-hipmm-cdls-getrf,0,0x5c08570d2ff0
1973,1973,45,195,hip-hipmm-cdls-getrf,0,0x5c08570d2ff0
1974,1974,45,195,hip-hipmm-cdls-getrf,0,0x5c08570d2ff0
1975,1975,57,363,hip-hipmm-cdls-getrf,0,0x5c08570d2ff0
1976,1976,33,231,hip-hipmm-cdls-getrf,0,0x5c08570d2ff0
1977,1977,27,201,hip-hipmm-cdls-getrf,0,0x5c08570d2ff0
1978,1978,36,222,hip-hipmm-cdls-getrf,0,0x5c08570d2ff0
1979,1979,90,252,hip-hipmm-cdls-getrf,0,0x5c08570d2ff0
1980,1980,39,243,hip-hipmm-cdls-getrf,0,0x5c08570d2ff0
1981,1981,39,141,hip-hipmm-cdls-getrf,0,0x5c08570d2ff0
1982,1982,27,96,hip-hipmm-cdls-getrf,0,0x5c08570d2ff0
1983,1983,57,153,hip-hipmm-cdls-getrf,0,0x5c08570d2ff0
1984,1984,27,189,hip-hipmm-cdls-getrf,0,0x5c08570d2ff0
1985,1985,18,156,hip-hipmm-cdls-getrf,0,0x5c08570d2ff0
1986,1986,66,300,hip-hipmm-cdls-getrf,0,0x5c08570d2ff0
1987,1987,21,159,hip-hipmm-cdls-getrf,0,0x5c08570d2ff0
1988,1988,21,183,hip-hipmm-cdls-getrf,0,0x5c08570d2ff0
1989,1989,21,171,hip-hipmm-cdls-getrf,0,0x5c08570d2ff0
1990,1990,51,309,hip-hipmm-cdls-getrf,0,0x5c08570d2ff0
1991,1991,69,363,hip-hipmm-cdls-getrf,0,0x5c08570d2ff0
1992,1992,66,372,hip-hipmm-cdls-getrf,0,0x5c08570d2ff0
1993,1993,27,201,hip-hipmm-cdls-getrf,0,0x5c08570d2ff0
1994,1994,27,213,hip-hipmm-cdls-getrf,0,0x5c08570d2ff0
1995,1995,48,198,hip-hipmm-cdls-getrf,0,0x5c08570d2ff0
1996,1996,45,153,hip-hipmm-cdls-getrf,0,0x5c08570d2ff0
1997,1997,51,135,hip-hipmm-cdls-getrf,0,0x5c08570d2ff0
1998,1998,60,165,hip-hipmm-cdls-getrf,0,0x5c08570d2ff0
1999,1999,39,174,hip-hipmm-cdls-getrf,0,0x5c08570d2ff0
2000,2000,45,270,hip-hipmm-cdls-getrf,0,0x5c08570d2ff0
2001,2001,60,231,hip-hipmm-cdls-getrf,0,0x5c08570d2ff0
2002,2002,30,240,hip-hipmm-cdls-getrf,0,0x5c08570d2ff0
2003,2003,27,159,hip-hipmm-cdls-getrf,0,0x5c08570d2ff0
2004,2004,72,381,hip-hipmm-cdls-getrf,0,0x5c08570d2ff0
2005,2005,87,405,hip-hipmm-cdls-getrf,0,0x5c08570d2ff0
2006,2006,84,534,hip-hipmm-cdls-getrf,0,0x5c08570d2ff0
2007,2007,84,372,hip-hipmm-cdls-getrf,0,0x5c08570d2ff0
2008,2008,27,183,hip-hipmm-cdls-getrf,0,0x5c08570d2ff0
2009,2009,66,219,hip-hipmm-cdls-getrf,0,0x5c08570d2ff0
2010,2010,48,231,hip-hipmm-cdls-getrf,0,0x5c08570d2ff0
2011,2011,45,195,hip-hipmm-cdls-getrf,0,0x5c08570d2ff0
2012,2012,69,303,hip-hipmm-cdls-getrf,0,0x5c08570d2ff0
2013,2013,30,216,hip-hipmm-cdls-getrf,0,0x5c08570d2ff0
2014,2014,24,186,hip-hipmm-cdls-getrf,0,0x5c08570d2ff0
2015,2015,84,354,hip-hipmm-cdls-getrf,0,0x5c08570d2ff0
2016,2016,48,294,hip-hipmm-cdls-getrf,0,0x5c08570d2ff0
2017,2017,42,162,hip-hipmm-cdls-getrf,0,0x5c08570d2ff0
2018,2018,69,204,hip-hipmm-cdls-getrf,0,0x5c08570d2ff0
2019,2019,75,291,hip-hipmm-cdls-getrf,0,0x5c08570d2ff0
2020,2020,60,342,hip-hipmm-cdls-getrf,0,0x5c08570d2ff0
2021,2021,57,168,hip-hipmm-cdls-getrf,0,0x5c08570d2ff0
2022,2022,33,375,hip-hipmm-cdls-getrf,0,0x5c08570d2ff0
2023,2023,45,291,hip-hipmm-cdls-getrf,0,0x5c08570d2ff0
2024,2024,72,330,hip-hipmm-cdls-getrf,0,0x5c08570d2ff0
2025,2025,84,390,hip-hipmm-cdls-getrf,0,0x5c08570d2ff0
2026,2026,72,273,hip-hipmm-cdls-getrf,0,0x5c08570d2ff0
2027,2027,39,201,hip-hipmm-cdls-getrf,0,0x5c08570d2ff0
2028,2028,51,297,hip-hipmm-cdls-getrf,0,0x5c08570d2ff0
2029,2029,21,183,hip-hipmm-cdls-getrf,0,0x5c08570d2ff0
2030,2030,57,351,hip-hipmm-cdls-getrf,0,0x5c08570d2ff0
2031,2031,57,339,hip-hipmm-cdls-getrf,0,0x5c08570d2ff0
2032,2032,48,210,hip-hipmm-cdls-getrf,0,0x5c08570d2ff0
2033,2033,45,267,hip-hipmm-cdls-getrf,0,0x5c08570d2ff0
2034,2034,42,264,hip-hipmm-cdls-getrf,0,0x5c08570d2ff0
2035,2035,33,207,hip-hipmm-cdls-getrf,0,0x5c08570d2ff0
2036,2036,30,216,hip-hipmm-cdls-getrf,0,0x5c08570d2ff0
2037,2037,48,210,hip-hipmm-cdls-getrf,0,0x5c08570d2ff0
2038,2038,24,210,hip-hipmm-cdls-getrf,0,0x5c08570d2ff0
2039,2039,105,399,hip-hipmm-cdls-getrf,0,0x5c08570d2ff0
2040,2040,36,222,hip-hipmm-cdls-getrf,0,0x5c08570d2ff0
2041,2041,51,192,hip-hipmm-cdls-getrf,0,0x5c08570d2ff0
2042,2042,84,339,hip-hipmm-cdls-getrf,0,0x5c08570d2ff0
2043,2043,63,186,hip-hipmm-cdls-getrf,0,0x5c08570d2ff0
2044,2044,36,222,hip-hipmm-cdls-getrf,0,0x5c08570d2ff0
2045,2045,39,150,hip-hipmm-cdls-getrf,0,0x5c08570d2ff0
2046,2046,60,273,hip-hipmm-cdls-getrf,0,0x5c08570d2ff0
2047,2047,42,252,hip-hipmm-cdls-getrf,0,0x5c08570d2ff0
2048,2048,60,249,hip-hipmm-cdls-getrf,0,0x5c08570d2ff0
2049,2049,84,339,hip-hipmm-cdls-getrf,0,0x5c08570d2ff0
2050,2050,42,276,hip-hipmm-cdls-getrf,0,0x5c08570d2ff0
2051,2051,66,288,hip-hipmm-cdls-getrf,0,0x5c08570d2ff0
2052,2052,42,162,hip-hipmm-cdls-getrf,0,0x5c08570d2ff0
2053,2053,45,255,hip-hipmm-cdls-getrf,0,0x5c08570d2ff0
2054,2054,30,108,hip-hipmm-cdls-getrf,0,0x5c08570d2ff0
2055,2055,42,168,hip-hipmm-cdls-getrf,0,0x5c08570d2ff0
2056,2056,60,270,hip-hipmm-cdls-getrf,0,0x5c08570d2ff0
2057,2057,60,294,hip-hipmm-cdls-getrf,0,0x5c08570d2ff0
2058,2058,69,375,hip-hipmm-cdls-getrf,0,0x5c08570d2ff0
2059,2059,66,300,hip-hipmm-cdls-getrf,0,0x5c08570d2ff0
2060,2060,69,219,hip-hipmm-cdls-getrf,0,0x5c08570d2ff0
2061,2061,27,153,hip-hipmm-cdls-getrf,0,0x5c08570d2ff0
2062,2062,54,216,hip-hipmm-cdls-getrf,0,0x5c08570d2ff0
2063,2063,42,276,hip-hipmm-cdls-getrf,0,0x5c08570d2ff0
2064,2064,18,132,hip-hipmm-cdls-getrf,0,0x5c08570d2ff0
2065,2065,90,528,hip-hipmm-cdls-getrf,0,0x5c08570d2ff0
2066,2066,66,336,hip-hipmm-cdls-getrf,0,0x5c08570d2ff0
2067,2067,39,156,hip-hipmm-cdls-getrf,0,0x5c08570d2ff0
2068,2068,24,186,hip-hipmm-cdls-getrf,0,0x5c08570d2ff0
2069,2069,42,264,hip-hipmm-cdls-getrf,0,0x5c08570d2ff0
2070,2070,45,210,hip-hipmm-cdls-getrf,0,0x5c08570d2ff0
2071,2071,54,219,hip-hipmm-cdls-getrf,0,0x5c08570d2ff0
2072,2072,24,150,hip-hipmm-cdls-getrf,0,0x5c08570d2ff0
2073,2073,75,228,hip-hipmm-cdls-getrf,0,0x5c08570d2ff0
2074,2074,117,315,hip-hipmm-cdls-getrf,0,0x5c08570d2ff0
2075,2075,90,453,hip-hipmm-cdls-getrf,0,0x5c08570d2ff0
2076,2076,21,171,hip-hipmm-cdls-getrf,0,0x5c08570d2ff0
2077,2077,30,192,hip-hipmm-cdls-getrf,0,0x5c08570d2ff0
2078,2078,93,423,hip-hipmm-cdls-getrf,0,0x5c08570d2ff0
2079,2079,75,321,hip-hipmm-cdls-getrf,0,0x5c08570d2ff0
2080,2080,66,288,hip-hipmm-cdls-getrf,0,0x5c08570d2ff0
2081,2081,51,321,hip-hipmm-cdls-getrf,0,0x5c08570d2ff0
2082,2082,33,219,hip-hipmm-cdls-getrf,0,0x5c08570d2ff0
2083,2083,60,231,hip-hipmm-cdls-getrf,0,0x5c08570d2ff0
2084,2084,57,228,hip-hipmm-cdls-getrf,0,0x5c08570d2ff0
2085,2085,48,282,hip-hipmm-cdls-getrf,0,0x5c08570d2ff0
2086,2086,105,276,hip-hipmm-cdls-getrf,0,0x5c08570d2ff0
2087,2087,45,243,hip-hipmm-cdls-getrf,0,0x5c08570d2ff0
2088,2088,120,498,hip-hipmm-cdls-getrf,0,0x5c08570d2ff0
2089,2089,57,243,hip-hipmm-cdls-getrf,0,0x5c08570d2ff0
2090,2090,57,231,hip-hipmm-cdls-getrf,0,0x5c08570d2ff0
2091,2091,75,252,hip-hipmm-cdls-getrf,0,0x5c08570d2ff0
2092,2092,21,171,hip-hipmm-cdls-getrf,0,0x5c08570d2ff0
2093,2093,51,237,hip-hipmm-cdls-getrf,0,0x5c08570d2ff0
2094,2094,30,171,hip-hipmm-cdls-getrf,0,0x5c08570d2ff0
2095,2095,78,225,hip-hipmm-cdls-getrf,0,0x5c08570d2ff0
2096,2096,147,375,hip-hipmm-cdls-getrf,0,0x5c08570d2ff0
2097,2097,156,441,hip-hipmm-cdls-getrf,0,0x5c08570d2ff0
2098,2098,33,219,hip-hipmm-cdls-getrf,0,0x5c08570d2ff0
2099,2099,51,273,hip-hipmm-cdls-getrf,0,0x5c08570d2ff0
2100,2100,36,222,hip-hipmm-cdls-getrf,0,0x5c08570d2ff0
2101,2101,63,285,hip-hipmm-cdls-getrf,0,0x5c08570d2ff0
2102,2102,105,459,hip-hipmm-cdls-getrf,0,0x5c08570d2ff0
2103,2103,60,342,hip-hipmm-cdls-getrf,0,0x5c08570d2ff0
2104,2104,75,453,hip-hipmm-cdls-getrf,0,0x5c08570d2ff0
2105,2105,75,369,hip-hipmm-cdls-getrf,0,0x5c08570d2ff0
2106,2106,72,429,hip-hipmm-cdls-getrf,0,0x5c08570d2ff0
2107,2107,96,438,hip-hipmm-cdls-getrf,0,0x5c08570d2ff0
2108,2108,105,345,hip-hipmm-cdls-getrf,0,0x5c08570d2ff0
2109,2109,102,414,hip-hipmm-cdls-getrf,0,0x5c08570d2ff0
2110,2110,42,276,hip-hipmm-cdls-getrf,0,0x5c08570d2ff0
2111,2111,78,348,hip-hipmm-cdls-getrf,0,0x5c08570d2ff0
2112,2112,75,297,hip-hipmm-cdls-getrf,0,0x5c08570d2ff0
2113,2113,42,252,hip-hipmm-cdls-getrf,0,0x5c08570d2ff0
2114,2114,42,180,hip-hipmm-cdls-getrf,0,0x5c08570d2ff0
2115,2115,87,252,hip-hipmm-cdls-getrf,0,0x5c08570d2ff0
2116,2116,30,204,hip-hipmm-cdls-getrf,0,0x5c08570d2ff0
2117,2117,78,279,hip-hipmm-cdls-getrf,0,0x5c08570d2ff0
2118,2118,57,327,hip-hipmm-cdls-getrf,0,0x5c08570d2ff0
2119,2119,33,219,hip-hipmm-cdls-getrf,0,0x5c08570d2ff0
2120,2120,54,228,hip-hipmm-cdls-getrf,0,0x5c08570d2ff0
2121,2121,81,567,hip-hipmm-cdls-getrf,0,0x5c08570d2ff0
2122,2122,54,444,hip-hipmm-cdls-getrf,0,0x5c08570d2ff0
2123,2123,78,360,hip-hipmm-cdls-getrf,0,0x5c08570d2ff0
2124,2124,84,342,hip-hipmm-cdls-getrf,0,0x5c08570d2ff0
2125,2125,54,240,hip-hipmm-cdls-getrf,0,0x5c08570d2ff0
2126,2126,48,222,hip-hipmm-cdls-getrf,0,0x5c08570d2ff0
2127,2127,54,264,hip-hipmm-cdls-getrf,0,0x5c08570d2ff0
2128,2128,39,261,hip-hipmm-cdls-getrf,0,0x5c08570d2ff0
2129,2129,66,186,hip-hipmm-cdls-getrf,0,0x5c08570d2ff0
2130,2130,30,192,hip-hipmm-cdls-getrf,0,0x5c08570d2ff0
2131,2131,36,204,hip-hipmm-cdls-getrf,0,0x5c08570d2ff0
2132,2132,33,219,hip-hipmm-cdls-getrf,0,0x5c08570d2ff0
2133,2133,66,288,hip-hipmm-cdls-getrf,0,0x5c08570d2ff0
2134,2134,57,231,hip-hipmm-cdls-getrf,0,0x5c08570d2ff0
2135,2135,90,450,hip-hipmm-cdls-getrf,0,0x5c08570d2ff0
2136,2136,30,177,hip-hipmm-cdls-getrf,0,0x5c08570d2ff0
2137,2137,99,309,hip-hipmm-cdls-getrf,0,0x5c08570d2ff0
2138,2138,45,120,hip-hipmm-cdls-getrf,0,0x5c08570d2ff0
2139,2139,45,255,hip-hipmm-cdls-getrf,0,0x5c08570d2ff0
2140,2140,69,315,hip-hipmm-cdls-getrf,0,0x5c08570d2ff0
2141,2141,30,216,hip-hipmm-cdls-getrf,0,0x5c08570d2ff0
2142,2142,24,186,hip-hipmm-cdls-getrf,0,0x5c08570d2ff0
2143,2143,90,273,hip-hipmm-cdls-getrf,0,0x5c08570d2ff0
2144,2144,21,183,hip-hipmm-cdls-getrf,0,0x5c08570d2ff0
2145,2145,66,339,hip-hipmm-cdls-getrf,0,0x5c08570d2ff0
2146,2146,39,237,hip-hipmm-cdls-getrf,0,0x5c08570d2ff0
2147,2147,60,258,hip-hipmm-cdls-getrf,0,0x5c08570d2ff0
2148,2148,36,219,hip-hipmm-cdls-getrf,0,0x5c08570d2ff0
2149,2149,66,213,hip-hipmm-cdls-getrf,0,0x5c08570d2ff0
2150,2150,51,321,hip-hipmm-cdls-getrf,0,0x5c08570d2ff0
2151,2151,51,285,hip-hipmm-cdls-getrf,0,0x5c08570d2ff0
2152,2152,27,105,hip-hipmm-cdls-getrf,0,0x5c08570d2ff0
2153,2153,33,123,hip-hipmm-cdls-getrf,0,0x5c08570d2ff0
2154,2154,54,204,hip-hipmm-cdls-getrf,0,0x5c08570d2ff0
2155,2155,36,108,hip-hipmm-cdls-getrf,0,0x5c08570d2ff0
2156,2156,96,309,hip-hipmm-cdls-getrf,0,0x5c08570d2ff0
2157,2157,69,351,hip-hipmm-cdls-getrf,0,0x5c08570d2ff0
2158,2158,75,309,hip-hipmm-cdls-getrf,0,0x5c08570d2ff0
2159,2159,33,135,hip-hipmm-cdls-getrf,0,0x5c08570d2ff0
2160,2160,54,279,hip-hipmm-cdls-getrf,0,0x5c08570d2ff0
2161,2161,78,237,hip-hipmm-cdls-getrf,0,0x5c08570d2ff0
2162,2162,45,207,hip-hipmm-cdls-getrf,0,0x5c08570d2ff0
2163,2163,51,234,hip-hipmm-cdls-getrf,0,0x5c08570d2ff0
2164,2164,75,333,hip-hipmm-cdls-getrf,0,0x5c08570d2ff0
2165,2165,27,138,hip-hipmm-cdls-getrf,0,0x5c08570d2ff0
2166,2166,45,234,hip-hipmm-cdls-getrf,0,0x5c08570d2ff0
2167,2167,72,243,hip-hipmm-cdls-getrf,0,0x5c08570d2ff0
2168,2168,33,135,hip-hipmm-cdls-getrf,0,0x5c08570d2ff0
2169,2169,30,120,hip-hipmm-cdls-getrf,0,0x5c08570d2ff0
2170,2170,69,315,hip-hipmm-cdls-getrf,0,0x5c08570d2ff0
2171,2171,24,186,hip-hipmm-cdls-getrf,0,0x5c08570d2ff0
2172,2172,39,249,hip-hipmm-cdls-getrf,0,0x5c08570d2ff0
2173,2173,45,156,hip-hipmm-cdls-getrf,0,0x5c08570d2ff0
2174,2174,87,366,hip-hipmm-cdls-getrf,0,0x5c08570d2ff0
2175,2175,84,288,hip-hipmm-cdls-getrf,0,0x5c08570d2ff0
2176,2176,75,294,hip-hipmm-cdls-getrf,0,0x5c08570d2ff0
2177,2177,48,255,hip-hipmm-cdls-getrf,0,0x5c08570d2ff0
2178,2178,87,270,hip-hipmm-cdls-getrf,0,0x5c08570d2ff0
2179,2179,45,255,hip-hipmm-cdls-getrf,0,0x5c08570d2ff0
2180,2180,111,363,hip-hipmm-cdls-getrf,0,0x5c08570d2ff0
2181,2181,39,261,hip-hipmm-cdls-getrf,0,0x5c08570d2ff0
2182,2182,51,336,hip-hipmm-cdls-getrf,0,0x5c08570d2ff0
2183,2183,57,255,hip-hipmm-cdls-getrf,0,0x5c08570d2ff0
2184,2184,21,159,hip-hipmm-cdls-getrf,0,0x5c08570d2ff0
2185,2185,36,234,hip-hipmm-cdls-getrf,0,0x5c08570d2ff0
2186,2186,39,201,hip-hipmm-cdls-getrf,0,0x5c08570d2ff0
2187,2187,42,168,hip-hipmm-cdls-getrf,0,0x5c08570d2ff0
2188,2188,66,189,hip-hipmm-cdls-getrf,0,0x5c08570d2ff0
2189,2189,81,411,hip-hipmm-cdls-getrf,0,0x5c08570d2ff0
2190,2190,120,357,hip-hipmm-cdls-getrf,0,0x5c08570d2ff0
2191,2191,72,318,hip-hipmm-cdls-getrf,0,0x5c08570d2ff0
2192,2192,69,387,hip-hipmm-cdls-getrf,0,0x5c08570d2ff0
2193,2193,24,174,hip-hipmm-cdls-getrf,0,0x5c08570d2ff0
2194,2194,93,411,hip-hipmm-cdls-getrf,0,0x5c08570d2ff0
2195,2195,42,288,hip-hipmm-cdls-getrf,0,0x5c08570d2ff0
2196,2196,96,414,hip-hipmm-cdls-getrf,0,0x5c08570d2ff0
2197,2197,96,390,hip-hipmm-cdls-getrf,0,0x5c08570d2ff0
2198,2198,51,198,hip-hipmm-cdls-getrf,0,0x5c08570d2ff0
2199,2199,48,210,hip-hipmm-cdls-getrf,0,0x5c08570d2ff0
2200,2200,78,366,hip-hipmm-cdls-getrf,0,0x5c08570d2ff0
2201,2201,48,306,hip-hipmm-cdls-getrf,0,0x5c08570d2ff0
2202,2202,75,231,hip-hipmm-cdls-getrf,0,0x5c08570d2ff0
2203,2203,75,219,hip-hipmm-cdls-getrf,0,0x5c08570d2ff0
2204,2204,99,324,hip-hipmm-cdls-getrf,0,0x5c08570d2ff0
2205,2205,63,270,hip-hipmm-cdls-getrf,0,0x5c08570d2ff0
2206,2206,57,228,hip-hipmm-cdls-getrf,0,0x5c08570d2ff0
2207,2207,87,348,hip-hipmm-cdls-getrf,0,0x5c08570d2ff0
2208,2208,45,303,hip-hipmm-cdls-getrf,0,0x5c08570d2ff0
2209,2209,90,396,hip-hipmm-cdls-getrf,0,0x5c08570d2ff0
2210,2210,27,213,hip-hipmm-cdls-getrf,0,0x5c08570d2ff0
2211,2211,69,279,hip-hipmm-cdls-getrf,0,0x5c08570d2ff0
2212,2212,63,285,hip-hipmm-cdls-getrf,0,0x5c08570d2ff0
2213,2213,21,159,hip-hipmm-cdls-getrf,0,0x5c08570d2ff0
2214,2214,48,342,hip-hipmm-cdls-getrf,0,0x5c08570d2ff0
2215,2215,27,201,hip-hipmm-cdls-getrf,0,0x5c08570d2ff0
2216,2216,75,321,hip-hipmm-cdls-getrf,0,0x5c08570d2ff0
2217,2217,78,432,hip-hipmm-cdls-getrf,0,0x5c08570d2ff0
2218,2218,99,429,hip-hipmm-cdls-getrf,0,0x5c08570d2ff0
2219,2219,42,180,hip-hipmm-cdls-getrf,0,0x5c08570d2ff0
2220,2220,30,204,hip-hipmm-cdls-getrf,0,0x5c08570d2ff0
2221,2221,42,240,hip-hipmm-cdls-getrf,0,0x5c08570d2ff0
2222,2222,48,198,hip-hipmm-cdls-getrf,0,0x5c08570d2ff0
2223,2223,57,351,hip-hipmm-cdls-getrf,0,0x5c08570d2ff0
2224,2224,21,207,hip-hipmm-cdls-getrf,0,0x5c08570d2ff0
2225,2225,78,348,hip-hipmm-cdls-getrf,0,0x5c08570d2ff0
2226,2226,51,321,hip-hipmm-cdls-getrf,0,0x5c08570d2ff0
2227,2227,42,264,hip-hipmm-cdls-getrf,0,0x5c08570d2ff0
2228,2228,48,210,hip-hipmm-cdls-getrf,0,0x5c08570d2ff0
2229,2229,75,369,hip-hipmm-cdls-getrf,0,0x5c08570d2ff0
2230,2230,27,177,hip-hipmm-cdls-getrf,0,0x5c08570d2ff0
2231,2231,57,315,hip-hipmm-cdls-getrf,0,0x5c08570d2ff0
2232,2232,63,291,hip-hipmm-cdls-getrf,0,0x5c08570d2ff0
2233,2233,99,273,hip-hipmm-cdls-getrf,0,0x5c08570d2ff0
2234,2234,90,255,hip-hipmm-cdls-getrf,0,0x5c08570d2ff0
2235,2235,99,216,hip-hipmm-cdls-getrf,0,0x5c08570d2ff0
2236,2236,21,159,hip-hipmm-cdls-getrf,0,0x5c08570d2ff0
2237,2237,54,228,hip-hipmm-cdls-getrf,0,0x5c08570d2ff0
2238,2238,39,261,hip-hipmm-cdls-getrf,0,0x5c08570d2ff0
2239,2239,30,186,hip-hipmm-cdls-getrf,0,0x5c08570d2ff0
2240,2240,33,198,hip-hipmm-cdls-getrf,0,0x5c08570d2ff0
2241,2241,66,360,hip-hipmm-cdls-getrf,0,0x5c08570d2ff0
2242,2242,30,120,hip-hipmm-cdls-getrf,0,0x5c08570d2ff0
2243,2243,27,201,hip-hipmm-cdls-getrf,0,0x5c08570d2ff0
2244,2244,45,192,hip-hipmm-cdls-getrf,0,0x5c08570d2ff0
2245,2245,36,141,hip-hipmm-cdls-getrf,0,0x5c08570d2ff0
2246,2246,36,234,hip-hipmm-cdls-getrf,0,0x5c08570d2ff0
2247,2247,72,279,hip-hipmm-cdls-getrf,0,0x5c08570d2ff0
2248,2248,45,207,hip-hipmm-cdls-getrf,0,0x5c08570d2ff0
2249,2249,42,180,hip-hipmm-cdls-getrf,0,0x5c08570d2ff0
2250,2250,63,405,hip-hipmm-cdls-getrf,0,0x5c08570d2ff0
2251,2251,51,204,hip-hipmm-cdls-getrf,0,0x5c08570d2ff0
2252,2252,66,219,hip-hipmm-cdls-getrf,0,0x5c08570d2ff0
2253,2253,21,171,hip-hipmm-cdls-getrf,0,0x5c08570d2ff0
2254,2254,27,213,hip-hipmm-cdls-getrf,0,0x5c08570d2ff0
2255,2255,108,474,hip-hipmm-cdls-getrf,0,0x5c08570d2ff0
2256,2256,45,255,hip-hipmm-cdls-getrf,0,0x5c08570d2ff0
2257,2257,24,174,hip-hipmm-cdls-getrf,0,0x5c08570d2ff0
2258,2258,75,333,hip-hipmm-cdls-getrf,0,0x5c08570d2ff0
2259,2259,63,393,hip-hipmm-cdls-getrf,0,0x5c08570d2ff0
2260,2260,48,318,hip-hipmm-cdls-getrf,0,0x5c08570d2ff0
2261,2261,33,243,hip-hipmm-cdls-getrf,0,0x5c08570d2ff0
2262,2262,48,210,hip-hipmm-cdls-getrf,0,0x5c08570d2ff0
2263,2263,57,267,hip-hipmm-cdls-getrf,0,0x5c08570d2ff0
2264,2264,60,330,hip-hipmm-cdls-getrf,0,0x5c08570d2ff0
2265,2265,30,384,hip-hipmm-cdls-getrf,0,0x5c08570d2ff0
2266,2266,78,372,hip-hipmm-cdls-getrf,0,0x5c08570d2ff0
2267,2267,27,213,hip-hipmm-cdls-getrf,0,0x5c08570d2ff0
2268,2268,45,213,hip-hipmm-cdls-getrf,0,0x5c08570d2ff0
2269,2269,33,231,hip-hipmm-cdls-getrf,0,0x5c08570d2ff0
2270,2270,72,318,hip-hipmm-cdls-getrf,0,0x5c08570d2ff0
2271,2271,63,357,hip-hipmm-cdls-getrf,0,0x5c08570d2ff0
2272,2272,57,174,hip-hipmm-cdls-getrf,0,0x5c08570d2ff0
2273,2273,39,249,hip-hipmm-cdls-getrf,0,0x5c08570d2ff0
2274,2274,33,243,hip-hipmm-cdls-getrf,0,0x5c08570d2ff0
2275,2275,27,189,hip-hipmm-cdls-getrf,0,0x5c08570d2ff0
2276,2276,24,162,hip-hipmm-cdls-getrf,0,0x5c08570d2ff0
2277,2277,33,117,hip-hipmm-cdls-getrf,0,0x5c08570d2ff0
2278,2278,111,402,hip-hipmm-cdls-getrf,0,0x5c08570d2ff0
2279,2279,93,300,hip-hipmm-cdls-getrf,0,0x5c08570d2ff0
2280,2280,63,501,hip-hipmm-cdls-getrf,0,0x5c08570d2ff0
2281,2281,72,414,hip-hipmm-cdls-getrf,0,0x5c08570d2ff0
2282,2282,54,276,hip-hipmm-cdls-getrf,0,0x5c08570d2ff0
2283,2283,51,213,hip-hipmm-cdls-getrf,0,0x5c08570d2ff0
2284,2284,42,246,hip-hipmm-cdls-getrf,0,0x5c08570d2ff0
2285,2285,42,135,hip-hipmm-cdls-getrf,0,0x5c08570d2ff0
2286,2286,75,306,hip-hipmm-cdls-getrf,0,0x5c08570d2ff0
2287,2287,33,213,hip-hipmm-cdls-getrf,0,0x5c08570d2ff0
2288,2288,69,423,hip-hipmm-cdls-getrf,0,0x5c08570d2ff0
2289,2289,54,312,hip-hipmm-cdls-getrf,0,0x5c08570d2ff0
2290,2290,39,261,hip-hipmm-cdls-getrf,0,0x5c08570d2ff0
2291,2291,24,186,hip-hipmm-cdls-getrf,0,0x5c08570d2ff0
2292,2292,84,342,hip-hipmm-cdls-getrf,0,0x5c08570d2ff0
2293,2293,57,282,hip-hipmm-cdls-getrf,0,0x5c08570d2ff0
2294,2294,48,210,hip-hipmm-cdls-getrf,0,0x5c08570d2ff0
2295,2295,63,189,hip-hipmm-cdls-getrf,0,0x5c08570d2ff0
2296,2296,57,213,hip-hipmm-cdls-getrf,0,0x5c08570d2ff0
2297,2297,27,189,hip-hipmm-cdls-getrf,0,0x5c08570d2ff0
2298,2298,60,342,hip-hipmm-cdls-getrf,0,0x5c08570d2ff0
2299,2299,27,189,hip-hipmm-cdls-getrf,0,0x5c08570d2ff0
2300,2300,75,345,hip-hipmm-cdls-getrf,0,0x5c08570d2ff0
2301,2301,60,366,hip-hipmm-cdls-getrf,0,0x5c08570d2ff0
2302,2302,48,378,hip-hipmm-cdls-getrf,0,0x5c08570d2ff0
2303,2303,63,381,hip-hipmm-cdls-getrf,0,0x5c08570d2ff0
2304,2304,51,261,hip-hipmm-cdls-getrf,0,0x5c08570d2ff0
2305,2305,57,207,hip-hipmm-cdls-getrf,0,0x5c08570d2ff0
2306,2306,48,189,hip-hipmm-cdls-getrf,0,0x5c08570d2ff0
2307,2307,33,201,hip-hipmm-cdls-getrf,0,0x5c08570d2ff0
2308,2308,33,195,hip-hipmm-cdls-getrf,0,0x5c08570d2ff0
2309,2309,66,264,hip-hipmm-cdls-getrf,0,0x5c08570d2ff0
2310,2310,51,207,hip-hipmm-cdls-getrf,0,0x5c08570d2ff0
2311,2311,99,363,hip-hipmm-cdls-getrf,0,0x5c08570d2ff0
2312,2312,72,303,hip-hipmm-cdls-getrf,0,0x5c08570d2ff0
2313,2313,72,213,hip-hipmm-cdls-getrf,0,0x5c08570d2ff0
2314,2314,60,216,hip-hipmm-cdls-getrf,0,0x5c08570d2ff0
2315,2315,54,210,hip-hipmm-cdls-getrf,0,0x5c08570d2ff0
2316,2316,60,309,hip-hipmm-cdls-getrf,0,0x5c08570d2ff0
2317,2317,60,324,hip-hipmm-cdls-getrf,0,0x5c08570d2ff0
2318,2318,72,216,hip-hipmm-cdls-getrf,0,0x5c08570d2ff0
2319,2319,54,231,hip-hipmm-cdls-getrf,0,0x5c08570d2ff0
2320,2320,54,312,hip-hipmm-cdls-getrf,0,0x5c08570d2ff0
2321,2321,36,234,hip-hipmm-cdls-getrf,0,0x5c08570d2ff0
2322,2322,36,222,hip-hipmm-cdls-getrf,0,0x5c08570d2ff0
2323,2323,51,309,hip-hipmm-cdls-getrf,0,0x5c08570d2ff0
2324,2324,48,183,hip-hipmm-cdls-getrf,0,0x5c08570d2ff0
2325,2325,60,381,hip-hipmm-cdls-getrf,0,0x5c08570d2ff0
2326,2326,87,393,hip-hipmm-cdls-getrf,0,0x5c08570d2ff0
2327,2327,75,342,hip-hipmm-cdls-getrf,0,0x5c08570d2ff0
2328,2328,36,234,hip-hipmm-cdls-getrf,0,0x5c08570d2ff0
2329,2329,78,396,hip-hipmm-cdls-getrf,0,0x5c08570d2ff0
2330,2330,36,378,hip-hipmm-cdls-getrf,0,0x5c08570d2ff0
2331,2331,69,297,hip-hipmm-cdls-getrf,0,0x5c08570d2ff0
2332,2332,36,129,hip-hipmm-cdls-getrf,0,0x5c08570d2ff0
2333,2333,87,327,hip-hipmm-cdls-getrf,0,0x5c08570d2ff0
2334,2334,60,270,hip-hipmm-cdls-getrf,0,0x5c08570d2ff0
2335,2335,42,234,hip-hipmm-cdls-getrf,0,0x5c08570d2ff0
2336,2336,24,159,hip-hipmm-cdls-getrf,0,0x5c08570d2ff0
2337,2337,45,228,hip-hipmm-cdls-getrf,0,0x5c08570d2ff0
2338,2338,54,165,hip-hipmm-cdls-getrf,0,0x5c08570d2ff0
2339,2339,63,309,hip-hipmm-cdls-getrf,0,0x5c08570d2ff0
2340,2340,42,141,hip-hipmm-cdls-getrf,0,0x5c08570d2ff0
2341,2341,66,222,hip-hipmm-cdls-getrf,0,0x5c08570d2ff0
2342,2342,27,189,hip-hipmm-cdls-getrf,0,0x5c08570d2ff0
2343,2343,42,180,hip-hipmm-cdls-getrf,0,0x5c08570d2ff0
2344,2344,36,246,hip-hipmm-cdls-getrf,0,0x5c08570d2ff0
2345,2345,60,207,hip-hipmm-cdls-getrf,0,0x5c08570d2ff0
2346,2346,72,306,hip-hipmm-cdls-getrf,0,0x5c08570d2ff0
2347,2347,30,135,hip-hipmm-cdls-getrf,0,0x5c08570d2ff0
2348,2348,54,240,hip-hipmm-cdls-getrf,0,0x5c08570d2ff0
2349,2349,21,183,hip-hipmm-cdls-getrf,0,0x5c08570d2ff0
2350,2350,27,201,hip-hipmm-cdls-getrf,0,0x5c08570d2ff0
2351,2351,57,267,hip-hipmm-cdls-getrf,0,0x5c08570d2ff0
2352,2352,42,252,hip-hipmm-cdls-getrf,0,0x5c08570d2ff0
2353,2353,27,201,hip-hipmm-cdls-getrf,0,0x5c08570d2ff0
2354,2354,51,225,hip-hipmm-cdls-getrf,0,0x5c08570d2ff0
2355,2355,45,279,hip-hipmm-cdls-getrf,0,0x5c08570d2ff0
2356,2356,51,297,hip-hipmm-cdls-getrf,0,0x5c08570d2ff0
2357,2357,66,198,hip-hipmm-cdls-getrf,0,0x5c08570d2ff0
2358,2358,45,207,hip-hipmm-cdls-getrf,0,0x5c08570d2ff0
2359,2359,36,132,hip-hipmm-cdls-getrf,0,0x5c08570d2ff0
2360,2360,75,240,hip-hipmm-cdls-getrf,0,0x5c08570d2ff0
2361,2361,39,165,hip-hipmm-cdls-getrf,0,0x5c08570d2ff0
2362,2362,60,219,hip-hipmm-cdls-getrf,0,0x5c08570d2ff0
2363,2363,69,258,hip-hipmm-cdls-getrf,0,0x5c08570d2ff0
2364,2364,78,312,hip-hipmm-cdls-getrf,0,0x5c08570d2ff0
2365,2365,42,171,hip-hipmm-cdls-getrf,0,0x5c08570d2ff0
2366,2366,54,216,hip-hipmm-cdls-getrf,0,0x5c08570d2ff0
2367,2367,48,210,hip-hipmm-cdls-getrf,0,0x5c08570d2ff0
2368,2368,39,243,hip-hipmm-cdls-getrf,0,0x5c08570d2ff0
2369,2369,78,210,hip-hipmm-cdls-getrf,0,0x5c08570d2ff0
2370,2370,48,195,hip-hipmm-cdls-getrf,0,0x5c08570d2ff0
2371,2371,72,255,hip-hipmm-cdls-getrf,0,0x5c08570d2ff0
2372,2372,45,141,hip-hipmm-cdls-getrf,0,0x5c08570d2ff0
2373,2373,30,111,hip-hipmm-cdls-getrf,0,0x5c08570d2ff0
2374,2374,27,93,hip-hipmm-cdls-getrf,0,0x5c08570d2ff0
2375,2375,51,225,hip-hipmm-cdls-getrf,0,0x5c08570d2ff0
2376,2376,63,246,hip-hipmm-cdls-getrf,0,0x5c08570d2ff0
2377,2377,54,198,hip-hipmm-cdls-getrf,0,0x5c08570d2ff0
2378,2378,45,162,hip-hipmm-cdls-getrf,0,0x5c08570d2ff0
2379,2379,72,402,hip-hipmm-cdls-getrf,0,0x5c08570d2ff0
2380,2380,36,138,hip-hipmm-cdls-getrf,0,0x5c08570d2ff0
2381,2381,72,234,hip-hipmm-cdls-getrf,0,0x5c08570d2ff0
2382,2382,48,225,hip-hipmm-cdls-getrf,0,0x5c08570d2ff0
2383,2383,18,156,hip-hipmm-cdls-getrf,0,0x5c08570d2ff0
2384,2384,54,252,hip-hipmm-cdls-getrf,0,0x5c08570d2ff0
2385,2385,24,210,hip-hipmm-cdls-getrf,0,0x5c08570d2ff0
2386,2386,36,222,hip-hipmm-cdls-getrf,0,0x5c08570d2ff0
2387,2387,60,234,hip-hipmm-cdls-getrf,0,0x5c08570d2ff0
2388,2388,33,231,hip-hipmm-cdls-getrf,0,0x5c08570d2ff0
2389,2389,48,234,hip-hipmm-cdls-getrf,0,0x5c08570d2ff0
2390,2390,42,324,hip-hipmm-cdls-getrf,0,0x5c08570d2ff0
2391,2391,93,411,hip-hipmm-cdls-getrf,0,0x5c08570d2ff0
2392,2392,18,144,hip-hipmm-cdls-getrf,0,0x5c08570d2ff0
2393,2393,27,186,hip-hipmm-cdls-getrf,0,0x5c08570d2ff0
2394,2394,45,168,hip-hipmm-cdls-getrf,0,0x5c08570d2ff0
2395,2395,69,237,hip-hipmm-cdls-getrf,0,0x5c08570d2ff0
2396,2396,36,123,hip-hipmm-cdls-getrf,0,0x5c08570d2ff0
2397,2397,99,417,hip-hipmm-cdls-getrf,0,0x5c08570d2ff0
2398,2398,93,390,hip-hipmm-cdls-getrf,0,0x5c08570d2ff0
2399,2399,93,345,hip-hipmm-cdls-getrf,0,0x5c08570d2ff0
2400,2400,48,366,hip-hipmm-cdls-getrf,0,0x5c08570d2ff0
2401,2401,102,309,hip-hipmm-cdls-getrf,0,0x5c08570d2ff0
2402,2402,93,369,hip-hipmm-cdls-getrf,0,0x5c08570d2ff0
2403,2403,96,303,hip-hipmm-cdls-getrf,0,0x5c08570d2ff0
2404,2404,42,180,hip-hipmm-cdls-getrf,0,0x5c08570d2ff0
2405,2405,81,279,hip-hipmm-cdls-getrf,0,0x5c08570d2ff0
2406,2406,75,333,hip-hipmm-cdls-getrf,0,0x5c08570d2ff0
2407,2407,51,309,hip-hipmm-cdls-getrf,0,0x5c08570d2ff0
2408,2408,120,348,hip-hipmm-cdls-getrf,0,0x5c08570d2ff0
2409,2409,60,462,hip-hipmm-cdls-getrf,0,0x5c08570d2ff0
2410,2410,42,123,hip-hipmm-cdls-getrf,0,0x5c08570d2ff0
2411,2411,81,240,hip-hipmm-cdls-getrf,0,0x5c08570d2ff0
2412,2412,39,216,hip-hipmm-cdls-getrf,0,0x5c08570d2ff0
2413,2413,60,231,hip-hipmm-cdls-getrf,0,0x5c08570d2ff0
2414,2414,60,252,hip-hipmm-cdls-getrf,0,0x5c08570d2ff0
2415,2415,57,192,hip-hipmm-cdls-getrf,0,0x5c08570d2ff0
2416,2416,66,300,hip-hipmm-cdls-getrf,0,0x5c08570d2ff0
2417,2417,51,309,hip-hipmm-cdls-getrf,0,0x5c08570d2ff0
2418,2418,78,348,hip-hipmm-cdls-getrf,0,0x5c08570d2ff0
2419,2419,24,312,hip-hipmm-cdls-getrf,0,0x5c08570d2ff0
2420,2420,96,438,hip-hipmm-cdls-getrf,0,0x5c08570d2ff0
2421,2421,63,258,hip-hipmm-cdls-getrf,0,0x5c08570d2ff0
2422,2422,54,228,hip-hipmm-cdls-getrf,0,0x5c08570d2ff0
2423,2423,63,270,hip-hipmm-cdls-getrf,0,0x5c08570d2ff0
2424,2424,102,369,hip-hipmm-cdls-getrf,0,0x5c08570d2ff0
2425,2425,96,306,hip-hipmm-cdls-getrf,0,0x5c08570d2ff0
2426,2426,93,543,hip-hipmm-cdls-getrf,0,0x5c08570d2ff0
2427,2427,129,426,hip-hipmm-cdls-getrf,0,0x5c08570d2ff0
2428,2428,108,297,hip-hipmm-cdls-getrf,0,0x5c08570d2ff0
2429,2429,123,450,hip-hipmm-cdls-getrf,0,0x5c08570d2ff0
2430,2430,42,252,hip-hipmm-cdls-getrf,0,0x5c08570d2ff0
2431,2431,45,291,hip-hipmm-cdls-getrf,0,0x5c08570d2ff0
2432,2432,33,123,hip-hipmm-cdls-getrf,0,0x5c08570d2ff0
2433,2433,24,162,hip-hipmm-cdls-getrf,0,0x5c08570d2ff0
2434,2434,33,231,hip-hipmm-cdls-getrf,0,0x5c08570d2ff0
2435,2435,66,372,hip-hipmm-cdls-getrf,0,0x5c08570d2ff0
2436,2436,153,399,hip-hipmm-cdls-getrf,0,0x5c08570d2ff0
2437,2437,90,537,hip-hipmm-cdls-getrf,0,0x5c08570d2ff0
2438,2438,57,219,hip-hipmm-cdls-getrf,0,0x5c08570d2ff0
2439,2439,57,312,hip-hipmm-cdls-getrf,0,0x5c08570d2ff0
2440,2440,105,324,hip-hipmm-cdls-getrf,0,0x5c08570d2ff0
2441,2441,18,111,hip-hipmm-cdls-getrf,0,0x5c08570d2ff0
2442,2442,24,174,hip-hipmm-cdls-getrf,0,0x5c08570d2ff0
2443,2443,66,396,hip-hipmm-cdls-getrf,0,0x5c08570d2ff0
2444,2444,66,195,hip-hipmm-cdls-getrf,0,0x5c08570d2ff0
2445,2445,66,288,hip-hipmm-cdls-getrf,0,0x5c08570d2ff0
2446,2446,57,267,hip-hipmm-cdls-getrf,0,0x5c08570d2ff0
2447,2447,111,474,hip-hipmm-cdls-getrf,0,0x5c08570d2ff0
2448,2448,66,297,hip-hipmm-cdls-getrf,0,0x5c08570d2ff0
2449,2449,66,255,hip-hipmm-cdls-getrf,0,0x5c08570d2ff0
2450,2450,39,165,hip-hipmm-cdls-getrf,0,0x5c08570d2ff0
2451,2451,36,234,hip-hipmm-cdls-getrf,0,0x5c08570d2ff0
2452,2452,57,378,hip-hipmm-cdls-getrf,0,0x5c08570d2ff0
2453,2453,24,153,hip-hipmm-cdls-getrf,0,0x5c08570d2ff0
2454,2454,27,165,hip-hipmm-cdls-getrf,0,0x5c08570d2ff0
2455,2455,36,330,hip-hipmm-cdls-getrf,0,0x5c08570d2ff0
2456,2456,45,171,hip-hipmm-cdls-getrf,0,0x5c08570d2ff0
2457,2457,102,372,hip-hipmm-cdls-getrf,0,0x5c08570d2ff0
2458,2458,39,237,hip-hipmm-cdls-getrf,0,0x5c08570d2ff0
2459,2459,30,216,hip-hipmm-cdls-getrf,0,0x5c08570d2ff0
2460,2460,78,348,hip-hipmm-cdls-getrf,0,0x5c08570d2ff0
2461,2461,45,267,hip-hipmm-cdls-getrf,0,0x5c08570d2ff0
2462,2462,60,306,hip-hipmm-cdls-getrf,0,0x5c08570d2ff0
2463,2463,66,228,hip-hipmm-cdls-getrf,0,0x5c08570d2ff0
2464,2464,57,291,hip-hipmm-cdls-getrf,0,0x5c08570d2ff0
2465,2465,75,318,hip-hipmm-cdls-getrf,0,0x5c08570d2ff0
2466,2466,45,231,hip-hipmm-cdls-getrf,0,0x5c08570d2ff0
2467,2467,54,240,hip-hipmm-cdls-getrf,0,0x5c08570d2ff0
2468,2468,36,234,hip-hipmm-cdls-getrf,0,0x5c08570d2ff0
2469,2469,54,210,hip-hipmm-cdls-getrf,0,0x5c08570d2ff0
2470,2470,51,237,hip-hipmm-cdls-getrf,0,0x5c08570d2ff0
2471,2471,81,312,hip-hipmm-cdls-getrf,0,0x5c08570d2ff0
2472,2472,102,249,hip-hipmm-cdls-getrf,0,0x5c08570d2ff0
2473,2473,60,510,hip-hipmm-cdls-getrf,0,0x5c08570d2ff0
2474,2474,24,186,hip-hipmm-cdls-getrf,0,0x5c08570d2ff0
2475,2475,27,201,hip-hipmm-cdls-getrf,0,0x5c08570d2ff0
2476,2476,45,231,hip-hipmm-cdls-getrf,0,0x5c08570d2ff0
2477,2477,39,249,hip-hipmm-cdls-getrf,0,0x5c08570d2ff0
2478,2478,84,291,hip-hipmm-cdls-getrf,0,0x5c08570d2ff0
2479,2479,60,291,hip-hipmm-cdls-getrf,0,0x5c08570d2ff0
2480,2480,96,393,hip-hipmm-cdls-getrf,0,0x5c08570d2ff0
2481,2481,78,309,hip-hipmm-cdls-getrf,0,0x5c08570d2ff0
2482,2482,54,216,hip-hipmm-cdls-getrf,0,0x5c08570d2ff0
2483,2483,84,306,hip-hipmm-cdls-getrf,0,0x5c08570d2ff0
2484,2484,75,441,hip-hipmm-cdls-getrf,0,0x5c08570d2ff0
2485,2485,93,411,hip-hipmm-cdls-getrf,0,0x5c08570d2ff0
2486,2486,81,363,hip-hipmm-cdls-getrf,0,0x5c08570d2ff0
2487,2487,72,306,hip-hipmm-cdls-getrf,0,0x5c08570d2ff0
2488,2488,36,150,hip-hipmm-cdls-getrf,0,0x5c08570d2ff0
2489,2489,36,270,hip-hipmm-cdls-getrf,0,0x5c08570d2ff0
2490,2490,51,225,hip-hipmm-cdls-getrf,0,0x5c08570d2ff0
2491,2491,60,327,hip-hipmm-cdls-getrf,0,0x5c08570d2ff0
2492,2492,42,240,hip-hipmm-cdls-getrf,0,0x5c08570d2ff0
2493,2493,72,252,hip-hipmm-cdls-getrf,0,0x5c08570d2ff0
2494,2494,33,240,hip-hipmm-cdls-getrf,0,0x5c08570d2ff0
2495,2495,60,255,hip-hipmm-cdls-getrf,0,0x5c08570d2ff0
2496,2496,96,471,hip-hipmm-cdls-getrf,0,0x5c08570d2ff0
2497,2497,102,366,hip-hipmm-cdls-getrf,0,0x5c08570d2ff0
2498,2498,54,312,hip-hipmm-cdls-getrf,0,0x5c08570d2ff0
2499,2499,78,336,hip-hipmm-cdls-getrf,0,0x5c08570d2ff0
2500,2500,51,249,hip-hipmm-cdls-getrf,0,0x5c08570d2ff0
2501,2501,54,225,hip-hipmm-cdls-getrf,0,0x5c08570d2ff0
2502,2502,102,315,hip-hipmm-cdls-getrf,0,0x5c08570d2ff0
2503,2503,30,240,hip-hipmm-cdls-getrf,0,0x5c08570d2ff0
2504,2504,54,240,hip-hipmm-cdls-getrf,0,0x5c08570d2ff0
2505,2505,54,312,hip-hipmm-cdls-getrf,0,0x5c08570d2ff0
2506,2506,27,189,hip-hipmm-cdls-getrf,0,0x5c08570d2ff0
2507,2507,39,429,hip-hipmm-cdls-getrf,0,0x5c08570d2ff0
2508,2508,27,201,hip-hipmm-cdls-getrf,0,0x5c08570d2ff0
2509,2509,81,363,hip-hipmm-cdls-getrf,0,0x5c08570d2ff0
2510,2510,36,150,hip-hipmm-cdls-getrf,0,0x5c08570d2ff0
2511,2511,39,273,hip-hipmm-cdls-getrf,0,0x5c08570d2ff0
2512,2512,45,339,hip-hipmm-cdls-getrf,0,0x5c08570d2ff0
2513,2513,51,309,hip-hipmm-cdls-getrf,0,0x5c08570d2ff0
2514,2514,30,204,hip-hipmm-cdls-getrf,0,0x5c08570d2ff0
2515,2515,63,369,hip-hipmm-cdls-getrf,0,0x5c08570d2ff0
2516,2516,90,255,hip-hipmm-cdls-getrf,0,0x5c08570d2ff0
2517,2517,30,120,hip-hipmm-cdls-getrf,0,0x5c08570d2ff0
2518,2518,63,243,hip-hipmm-cdls-getrf,0,0x5c08570d2ff0
2519,2519,132,432,hip-hipmm-cdls-getrf,0,0x5c08570d2ff0
2520,2520,27,186,hip-hipmm-cdls-getrf,0,0x5c08570d2ff0
2521,2521,54,339,hip-hipmm-cdls-getrf,0,0x5c08570d2ff0
2522,2522,33,231,hip-hipmm-cdls-getrf,0,0x5c08570d2ff0
2523,2523,30,195,hip-hipmm-cdls-getrf,0,0x5c08570d2ff0
2524,2524,78,264,hip-hipmm-cdls-getrf,0,0x5c08570d2ff0
2525,2525,48,210,hip-hipmm-cdls-getrf,0,0x5c08570d2ff0
2526,2526,24,162,hip-hipmm-cdls-getrf,0,0x5c08570d2ff0
2527,2527,78,336,hip-hipmm-cdls-getrf,0,0x5c08570d2ff0
2528,2528,66,267,hip-hipmm-cdls-getrf,0,0x5c08570d2ff0
2529,2529,93,459,hip-hipmm-cdls-getrf,0,0x5c08570d2ff0
2530,2530,87,549,hip-hipmm-cdls-getrf,0,0x5c08570d2ff0
2531,2531,105,393,hip-hipmm-cdls-getrf,0,0x5c08570d2ff0
2532,2532,114,369,hip-hipmm-cdls-getrf,0,0x5c08570d2ff0
2533,2533,30,144,hip-hipmm-cdls-getrf,0,0x5c08570d2ff0
2534,2534,57,249,hip-hipmm-cdls-getrf,0,0x5c08570d2ff0
2535,2535,48,318,hip-hipmm-cdls-getrf,0,0x5c08570d2ff0
2536,2536,45,165,hip-hipmm-cdls-getrf,0,0x5c08570d2ff0
2537,2537,57,315,hip-hipmm-cdls-getrf,0,0x5c08570d2ff0
2538,2538,51,132,hip-hipmm-cdls-getrf,0,0x5c08570d2ff0
2539,2539,54,213,hip-hipmm-cdls-getrf,0,0x5c08570d2ff0
2540,2540,48,195,hip-hipmm-cdls-getrf,0,0x5c08570d2ff0
2541,2541,129,354,hip-hipmm-cdls-getrf,0,0x5c08570d2ff0
2542,2542,99,294,hip-hipmm-cdls-getrf,0,0x5c08570d2ff0
2543,2543,48,201,hip-hipmm-cdls-getrf,0,0x5c08570d2ff0
2544,2544,87,366,hip-hipmm-cdls-getrf,0,0x5c08570d2ff0
2545,2545,30,216,hip-hipmm-cdls-getrf,0,0x5c08570d2ff0
2546,2546,45,207,hip-hipmm-cdls-getrf,0,0x5c08570d2ff0
2547,2547,48,210,hip-hipmm-cdls-getrf,0,0x5c08570d2ff0
2548,2548,33,135,hip-hipmm-cdls-getrf,0,0x5c08570d2ff0
2549,2549,87,309,hip-hipmm-cdls-getrf,0,0x5c08570d2ff0
2550,2550,90,408,hip-hipmm-cdls-getrf,0,0x5c08570d2ff0
2551,2551,114,588,hip-hipmm-cdls-getrf,0,0x5c08570d2ff0
2552,2552,102,366,hip-hipmm-cdls-getrf,0,0x5c08570d2ff0
2553,2553,87,315,hip-hipmm-cdls-getrf,0,0x5c08570d2ff0
2554,2554,45,387,hip-hipmm-cdls-getrf,0,0x5c08570d2ff0
2555,2555,42,159,hip-hipmm-cdls-getrf,0,0x5c08570d2ff0
2556,2556,144,423,hip-hipmm-cdls-getrf,0,0x5c08570d2ff0
2557,2557,42,246,hip-hipmm-cdls-getrf,0,0x5c08570d2ff0
2558,2558,111,501,hip-hipmm-cdls-getrf,0,0x5c08570d2ff0
2559,2559,75,321,hip-hipmm-cdls-getrf,0,0x5c08570d2ff0
2560,2560,54,252,hip-hipmm-cdls-getrf,0,0x5c08570d2ff0
2561,2561,120,498,hip-hipmm-cdls-getrf,0,0x5c08570d2ff0
2562,2562,60,270,hip-hipmm-cdls-getrf,0,0x5c08570d2ff0
2563,2563,45,291,hip-hipmm-cdls-getrf,0,0x5c08570d2ff0
2564,2564,15,141,hip-hipmm-cdls-getrf,0,0x5c08570d2ff0
2565,2565,93,339,hip-hipmm-cdls-getrf,0,0x5c08570d2ff0
2566,2566,120,432,hip-hipmm-cdls-getrf,0,0x5c08570d2ff0
2567,2567,93,450,hip-hipmm-cdls-getrf,0,0x5c08570d2ff0
2568,2568,66,324,hip-hipmm-cdls-getrf,0,0x5c08570d2ff0
2569,2569,39,177,hip-hipmm-cdls-getrf,0,0x5c08570d2ff0
2570,2570,42,168,hip-hipmm-cdls-getrf,0,0x5c08570d2ff0
2571,2571,45,447,hip-hipmm-cdls-getrf,0,0x5c08570d2ff0
2572,2572,114,420,hip-hipmm-cdls-getrf,0,0x5c08570d2ff0
2573,2573,36,123,hip-hipmm-cdls-getrf,0,0x5c08570d2ff0
2574,2574,132,417,hip-hipmm-cdls-getrf,0,0x5c08570d2ff0
2575,2575,66,372,hip-hipmm-cdls-getrf,0,0x5c08570d2ff0
2576,2576,60,294,hip-hipmm-cdls-getrf,0,0x5c08570d2ff0
2577,2577,93,411,hip-hipmm-cdls-getrf,0,0x5c08570d2ff0
2578,2578,33,108,hip-hipmm-cdls-getrf,0,0x5c08570d2ff0
2579,2579,102,282,hip-hipmm-cdls-getrf,0,0x5c08570d2ff0
2580,2580,93,318,hip-hipmm-cdls-getrf,0,0x5c08570d2ff0
2581,2581,57,351,hip-hipmm-cdls-getrf,0,0x5c08570d2ff0
2582,2582,99,429,hip-hipmm-cdls-getrf,0,0x5c08570d2ff0
2583,2583,75,441,hip-hipmm-cdls-getrf,0,0x5c08570d2ff0
2584,2584,51,471,hip-hipmm-cdls-getrf,0,0x5c08570d2ff0
2585,2585,108,489,hip-hipmm-cdls-getrf,0,0x5c08570d2ff0
2586,2586,57,390,hip-hipmm-cdls-getrf,0,0x5c08570d2ff0
2587,2587,69,300,hip-hipmm-cdls-getrf,0,0x5c08570d2ff0
2588,2588,60,228,hip-hipmm-cdls-getrf,0,0x5c08570d2ff0
2589,2589,105,507,hip-hipmm-cdls-getrf,0,0x5c08570d2ff0
2590,2590,60,387,hip-hipmm-cdls-getrf,0,0x5c08570d2ff0
2591,2591,96,591,hip-hipmm-cdls-getrf,0,0x5c08570d2ff0
2592,2592,105,354,hip-hipmm-cdls-getrf,0,0x5c08570d2ff0
2593,2593,51,393,hip-hipmm-cdls-getrf,0,0x5c08570d2ff0
2594,2594,42,516,hip-hipmm-cdls-getrf,0,0x5c08570d2ff0
2595,2595,42,300,hip-hipmm-cdls-getrf,0,0x5c08570d2ff0
2596,2596,27,186,hip-hipmm-cdls-getrf,0,0x5c08570d2ff0
2597,2597,75,282,hip-hipmm-cdls-getrf,0,0x5c08570d2ff0
2598,2598,81,435,hip-hipmm-cdls-getrf,0,0x5c08570d2ff0
2599,2599,60,582,hip-hipmm-cdls-getrf,0,0x5c08570d2ff0
2600,2600,99,348,hip-hipmm-cdls-getrf,0,0x5c08570d2ff0
2601,2601,39,165,hip-hipmm-cdls-getrf,0,0x5c08570d2ff0
2602,2602,81,333,hip-hipmm-cdls-getrf,0,0x5c08570d2ff0
2603,2603,57,243,hip-hipmm-cdls-getrf,0,0x5c08570d2ff0
2604,2604,42,228,hip-hipmm-cdls-getrf,0,0x5c08570d2ff0
2605,2605,102,339,hip-hipmm-cdls-getrf,0,0x5c08570d2ff0
2606,2606,27,174,hip-hipmm-cdls-getrf,0,0x5c08570d2ff0
2607,2607,54,240,hip-hipmm-cdls-getrf,0,0x5c08570d2ff0
2608,2608,108,522,hip-hipmm-cdls-getrf,0,0x5c08570d2ff0
2609,2609,96,558,hip-hipmm-cdls-getrf,0,0x5c08570d2ff0
2610,2610,90,381,hip-hipmm-cdls-getrf,0,0x5c08570d2ff0
2611,2611,81,390,hip-hipmm-cdls-getrf,0,0x5c08570d2ff0
2612,2612,72,330,hip-hipmm-cdls-getrf,0,0x5c08570d2ff0
2613,2613,21,129,hip-hipmm-cdls-getrf,0,0x5c08570d2ff0
2614,2614,114,381,hip-hipmm-cdls-getrf,0,0x5c08570d2ff0
2615,2615,78,360,hip-hipmm-cdls-getrf,0,0x5c08570d2ff0
2616,2616,72,282,hip-hipmm-cdls-getrf,0,0x5c08570d2ff0
2617,2617,126,423,hip-hipmm-cdls-getrf,0,0x5c08570d2ff0
2618,2618,30,192,hip-hipmm-cdls-getrf,0,0x5c08570d2ff0
2619,2619,90,456,hip-hipmm-cdls-getrf,0,0x5c08570d2ff0
2620,2620,111,465,hip-hipmm-cdls-getrf,0,0x5c08570d2ff0
2621,2621,87,417,hip-hipmm-cdls-getrf,0,0x5c08570d2ff0
2622,2622,75,447,hip-hipmm-cdls-getrf,0,0x5c08570d2ff0
2623,2623,111,393,hip-hipmm-cdls-getrf,0,0x5c08570d2ff0
2624,2624,27,213,hip-hipmm-cdls-getrf,0,0x5c08570d2ff0
2625,2625,30,198,hip-hipmm-cdls-getrf,0,0x5c08570d2ff0
2626,2626,84,306,hip-hipmm-cdls-getrf,0,0x5c08570d2ff0
2627,2627,69,303,hip-hipmm-cdls-getrf,0,0x5c08570d2ff0
2628,2628,78,348,hip-hipmm-cdls-getrf,0,0x5c08570d2ff0
2629,2629,60,522,hip-hipmm-cdls-getrf,0,0x5c08570d2ff0
2630,2630,81,270,hip-hipmm-cdls-getrf,0,0x5c08570d2ff0
2631,2631,81,363,hip-hipmm-cdls-getrf,0,0x5c08570d2ff0
2632,2632,135,474,hip-hipmm-cdls-getrf,0,0x5c08570d2ff0
2633,2633,84,579,hip-hipmm-cdls-getrf,0,0x5c08570d2ff0
2634,2634,111,513,hip-hipmm-cdls-getrf,0,0x5c08570d2ff0
2635,2635,84,645,hip-hipmm-cdls-getrf,0,0x5c08570d2ff0
2636,2636,39,387,hip-hipmm-cdls-getrf,0,0x5c08570d2ff0
2637,2637,63,351,hip-hipmm-cdls-getrf,0,0x5c08570d2ff0
2638,2638,99,573,hip-hipmm-cdls-getrf,0,0x5c08570d2ff0
2639,2639,66,204,hip-hipmm-cdls-getrf,0,0x5c08570d2ff0
2640,2640,84,270,hip-hipmm-cdls-getrf,0,0x5c08570d2ff0
2641,2641,63,237,hip-hipmm-cdls-getrf,0,0x5c08570d2ff0
2642,2642,132,339,hip-hipmm-cdls-getrf,0,0x5c08570d2ff0
2643,2643,105,330,hip-hipmm-cdls-getrf,0,0x5c08570d2ff0
2644,2644,63,402,hip-hipmm-cdls-getrf,0,0x5c08570d2ff0
2645,2645,141,348,hip-hipmm-cdls-getrf,0,0x5c08570d2ff0
2646,2646,126,444,hip-hipmm-cdls-getrf,0,0x5c08570d2ff0
2647,2647,69,210,hip-hipmm-cdls-getrf,0,0x5c08570d2ff0
2648,2648,69,207,hip-hipmm-cdls-getrf,0,0x5c08570d2ff0
2649,2649,69,228,hip-hipmm-cdls-getrf,0,0x5c08570d2ff0
2650,2650,75,309,hip-hipmm-cdls-getrf,0,0x5c08570d2ff0
2651,2651,42,168,hip-hipmm-cdls-getrf,0,0x5c08570d2ff0
2652,2652,33,255,hip-hipmm-cdls-getrf,0,0x5c08570d2ff0
2653,2653,63,297,hip-hipmm-cdls-getrf,0,0x5c08570d2ff0
2654,2654,69,282,hip-hipmm-cdls-getrf,0,0x5c08570d2ff0
2655,2655,33,123,hip-hipmm-cdls-getrf,0,0x5c08570d2ff0
2656,2656,33,210,hip-hipmm-cdls-getrf,0,0x5c08570d2ff0
2657,2657,66,300,hip-hipmm-cdls-getrf,0,0x5c08570d2ff0
2658,2658,51,291,hip-hipmm-cdls-getrf,0,0x5c08570d2ff0
2659,2659,108,354,hip-hipmm-cdls-getrf,0,0x5c08570d2ff0
2660,2660,87,294,hip-hipmm-cdls-getrf,0,0x5c08570d2ff0
2661,2661,33,243,hip-hipmm-cdls-getrf,0,0x5c08570d2ff0
2662,2662,36,246,hip-hipmm-cdls-getrf,0,0x5c08570d2ff0
2663,2663,72,297,hip-hipmm-cdls-getrf,0,0x5c08570d2ff0
2664,2664,60,396,hip-hipmm-cdls-getrf,0,0x5c08570d2ff0
2665,2665,81,567,hip-hipmm-cdls-getrf,0,0x5c08570d2ff0
2666,2666,27,171,hip-hipmm-cdls-getrf,0,0x5c08570d2ff0
2667,2667,123,366,hip-hipmm-cdls-getrf,0,0x5c08570d2ff0
2668,2668,81,339,hip-hipmm-cdls-getrf,0,0x5c08570d2ff0
2669,2669,60,285,hip-hipmm-cdls-getrf,0,0x5c08570d2ff0
2670,2670,42,162,hip-hipmm-cdls-getrf,0,0x5c08570d2ff0
2671,2671,45,162,hip-hipmm-cdls-getrf,0,0x5c08570d2ff0
2672,2672,30,204,hip-hipmm-cdls-getrf,0,0x5c08570d2ff0
2673,2673,42,288,hip-hipmm-cdls-getrf,0,0x5c08570d2ff0
2674,2674,51,213,hip-hipmm-cdls-getrf,0,0x5c08570d2ff0
2675,2675,27,201,hip-hipmm-cdls-getrf,0,0x5c08570d2ff0
2676,2676,84,387,hip-hipmm-cdls-getrf,0,0x5c08570d2ff0
2677,2677,24,174,hip-hipmm-cdls-getrf,0,0x5c08570d2ff0
2678,2678,57,213,hip-hipmm-cdls-getrf,0,0x5c08570d2ff0
2679,2679,60,267,hip-hipmm-cdls-getrf,0,0x5c08570d2ff0
2680,2680,60,114,hip-hipmm-cdls-getrf,0,0x5c08570d2ff0
2681,2681,60,183,hip-hipmm-cdls-getrf,0,0x5c08570d2ff0
2682,2682,195,384,hip-hipmm-cdls-getrf,0,0x5c08570d2ff0
2683,2683,54,237,hip-hipmm-cdls-getrf,0,0x5c08570d2ff0
2684,2684,69,210,hip-hipmm-cdls-getrf,0,0x5c08570d2ff0
2685,2685,21,108,hip-hipmm-cdls-getrf,0,0x5c08570d2ff0
2686,2686,114,408,hip-hipmm-cdls-getrf,0,0x5c08570d2ff0
2687,2687,99,471,hip-hipmm-cdls-getrf,0,0x5c08570d2ff0
2688,2688,120,369,hip-hipmm-cdls-getrf,0,0x5c08570d2ff0
2689,2689,90,273,hip-hipmm-cdls-getrf,0,0x5c08570d2ff0
2690,2690,99,501,hip-hipmm-cdls-getrf,0,0x5c08570d2ff0
2691,2691,105,393,hip-hipmm-cdls-getrf,0,0x5c08570d2ff0
2692,2692,66,210,hip-hipmm-cdls-getrf,0,0x5c08570d2ff0
2693,2693,54,240,hip-hipmm-cdls-getrf,0,0x5c08570d2ff0
2694,2694,72,264,hip-hipmm-cdls-getrf,0,0x5c08570d2ff0
2695,2695,75,216,hip-hipmm-cdls-getrf,0,0x5c08570d2ff0
2696,2696,111,318,hip-hipmm-cdls-getrf,0,0x5c08570d2ff0
2697,2697,75,255,hip-hipmm-cdls-getrf,0,0x5c08570d2ff0
2698,2698,75,249,hip-hipmm-cdls-getrf,0,0x5c08570d2ff0
2699,2699,66,270,hip-hipmm-cdls-getrf,0,0x5c08570d2ff0
2700,2700,75,267,hip-hipmm-cdls-getrf,0,0x5c08570d2ff0
2701,2701,36,234,hip-hipmm-cdls-getrf,0,0x5c08570d2ff0
2702,2702,45,291,hip-hipmm-cdls-getrf,0,0x5c08570d2ff0
2703,2703,75,417,hip-hipmm-cdls-getrf,0,0x5c08570d2ff0
2704,2704,66,273,hip-hipmm-cdls-getrf,0,0x5c08570d2ff0
2705,2705,48,294,hip-hipmm-cdls-getrf,0,0x5c08570d2ff0
2706,2706,93,252,hip-hipmm-cdls-getrf,0,0x5c08570d2ff0
2707,2707,51,225,hip-hipmm-cdls-getrf,0,0x5c08570d2ff0
2708,2708,90,312,hip-hipmm-cdls-getrf,0,0x5c08570d2ff0
2709,2709,33,186,hip-hipmm-cdls-getrf,0,0x5c08570d2ff0
2710,2710,51,225,hip-hipmm-cdls-getrf,0,0x5c08570d2ff0
2711,2711,33,219,hip-hipmm-cdls-getrf,0,0x5c08570d2ff0
2712,2712,60,282,hip-hipmm-cdls-getrf,0,0x5c08570d2ff0
2713,2713,45,195,hip-hipmm-cdls-getrf,0,0x5c08570d2ff0
2714,2714,78,435,hip-hipmm-cdls-getrf,0,0x5c08570d2ff0
2715,2715,144,567,hip-hipmm-cdls-getrf,0,0x5c08570d2ff0
2716,2716,81,411,hip-hipmm-cdls-getrf,0,0x5c08570d2ff0
2717,2717,42,228,hip-hipmm-cdls-getrf,0,0x5c08570d2ff0
2718,2718,81,267,hip-hipmm-cdls-getrf,0,0x5c08570d2ff0
2719,2719,84,456,hip-hipmm-cdls-getrf,0,0x5c08570d2ff0
2720,2720,165,357,hip-hipmm-cdls-getrf,0,0x5c08570d2ff0
2721,2721,84,414,hip-hipmm-cdls-getrf,0,0x5c08570d2ff0
2722,2722,102,432,hip-hipmm-cdls-getrf,0,0x5c08570d2ff0
2723,2723,78,324,hip-hipmm-cdls-getrf,0,0x5c08570d2ff0
2724,2724,138,546,hip-hipmm-cdls-getrf,0,0x5c08570d2ff0
2725,2725,150,342,hip-hipmm-cdls-getrf,0,0x5c08570d2ff0
2726,2726,45,240,hip-hipmm-cdls-getrf,0,0x5c08570d2ff0
2727,2727,30,180,hip-hipmm-cdls-getrf,0,0x5c08570d2ff0
2728,2728,42,180,hip-hipmm-cdls-getrf,0,0x5c08570d2ff0
2729,2729,36,153,hip-hipmm-cdls-getrf,0,0x5c08570d2ff0
2730,2730,51,426,hip-hipmm-cdls-getrf,0,0x5c08570d2ff0
2731,2731,60,624,hip-hipmm-cdls-getrf,0,0x5c08570d2ff0
2732,2732,66,366,hip-hipmm-cdls-getrf,0,0x5c08570d2ff0
2733,2733,117,387,hip-hipmm-cdls-getrf,0,0x5c08570d2ff0
2734,2734,63,381,hip-hipmm-cdls-getrf,0,0x5c08570d2ff0
2735,2735,126,480,hip-hipmm-cdls-getrf,0,0x5c08570d2ff0
2736,2736,144,369,hip-hipmm-cdls-getrf,0,0x5c08570d2ff0
2737,2737,84,519,hip-hipmm-cdls-getrf,0,0x5c08570d2ff0
2738,2738,87,570,hip-hipmm-cdls-getrf,0,0x5c08570d2ff0
2739,2739,120,507,hip-hipmm-cdls-getrf,0,0x5c08570d2ff0
2740,2740,93,441,hip-hipmm-cdls-getrf,0,0x5c08570d2ff0
2741,2741,90,432,hip-hipmm-cdls-getrf,0,0x5c08570d2ff0
2742,2742,102,375,hip-hipmm-cdls-getrf,0,0x5c08570d2ff0
2743,2743,72,423,hip-hipmm-cdls-getrf,0,0x5c08570d2ff0
2744,2744,33,456,hip-hipmm-cdls-getrf,0,0x5c08570d2ff0
2745,2745,39,417,hip-hipmm-cdls-getrf,0,0x5c08570d2ff0
2746,2746,51,405,hip-hipmm-cdls-getrf,0,0x5c08570d2ff0
2747,2747,75,405,hip-hipmm-cdls-getrf,0,0x5c08570d2ff0
2748,2748,39,177,hip-hipmm-cdls-getrf,0,0x5c08570d2ff0
2749,2749,54,228,hip-hipmm-cdls-getrf,0,0x5c08570d2ff0
2750,2750,78,291,hip-hipmm-cdls-getrf,0,0x5c08570d2ff0
2751,2751,132,414,hip-hipmm-cdls-getrf,0,0x5c08570d2ff0
2752,2752,81,318,hip-hipmm-cdls-getrf,0,0x5c08570d2ff0
2753,2753,135,405,hip-hipmm-cdls-getrf,0,0x5c08570d2ff0
2754,2754,45,339,hip-hipmm-cdls-getrf,0,0x5c08570d2ff0
2755,2755,84,246,hip-hipmm-cdls-getrf,0,0x5c08570d2ff0
2756,2756,30,180,hip-hipmm-cdls-getrf,0,0x5c08570d2ff0
2757,2757,27,105,hip-hipmm-cdls-getrf,0,0x5c08570d2ff0
2758,2758,45,198,hip-hipmm-cdls-getrf,0,0x5c08570d2ff0
2759,2759,84,297,hip-hipmm-cdls-getrf,0,0x5c08570d2ff0
2760,2760,78,282,hip-hipmm-cdls-getrf,0,0x5c08570d2ff0
2761,2761,66,342,hip-hipmm-cdls-getrf,0,0x5c08570d2ff0
2762,2762,114,414,hip-hipmm-cdls-getrf,0,0x5c08570d2ff0
2763,2763,144,417,hip-hipmm-cdls-getrf,0,0x5c08570d2ff0
2764,2764,132,399,hip-hipmm-cdls-getrf,0,0x5c08570d2ff0
2765,2765,93,459,hip-hipmm-cdls-getrf,0,0x5c08570d2ff0
2766,2766,36,162,hip-hipmm-cdls-getrf,0,0x5c08570d2ff0
2767,2767,84,279,hip-hipmm-cdls-getrf,0,0x5c08570d2ff0
2768,2768,39,231,hip-hipmm-cdls-getrf,0,0x5c08570d2ff0
2769,2769,51,237,hip-hipmm-cdls-getrf,0,0x5c08570d2ff0
2770,2770,24,174,hip-hipmm-cdls-getrf,0,0x5c08570d2ff0
2771,2771,27,213,hip-hipmm-cdls-getrf,0,0x5c08570d2ff0
2772,2772,51,225,hip-hipmm-cdls-getrf,0,0x5c08570d2ff0
2773,2773,123,384,hip-hipmm-cdls-getrf,0,0x5c08570d2ff0
2774,2774,96,630,hip-hipmm-cdls-getrf,0,0x5c08570d2ff0
2775,2775,81,459,hip-hipmm-cdls-getrf,0,0x5c08570d2ff0
2776,2776,99,381,hip-hipmm-cdls-getrf,0,0x5c08570d2ff0
2777,2777,72,429,hip-hipmm-cdls-getrf,0,0x5c08570d2ff0
2778,2778,117,495,hip-hipmm-cdls-getrf,0,0x5c08570d2ff0
2779,2779,165,417,hip-hipmm-cdls-getrf,0,0x5c08570d2ff0
2780,2780,153,381,hip-hipmm-cdls-getrf,0,0x5c08570d2ff0
2781,2781,96,255,hip-hipmm-cdls-getrf,0,0x5c08570d2ff0
2782,2782,75,267,hip-hipmm-cdls-getrf,0,0x5c08570d2ff0
2783,2783,45,153,hip-hipmm-cdls-getrf,0,0x5c08570d2ff0
2784,2784,27,105,hip-hipmm-cdls-getrf,0,0x5c08570d2ff0
2785,2785,87,330,hip-hipmm-cdls-getrf,0,0x5c08570d2ff0
2786,2786,39,165,hip-hipmm-cdls-getrf,0,0x5c08570d2ff0
2787,2787,51,207,hip-hipmm-cdls-getrf,0,0x5c08570d2ff0
2788,2788,75,333,hip-hipmm-cdls-getrf,0,0x5c08570d2ff0
2789,2789,30,174,hip-hipmm-cdls-getrf,0,0x5c08570d2ff0
2790,2790,30,168,hip-hipmm-cdls-getrf,0,0x5c08570d2ff0
2791,2791,42,288,hip-hipmm-cdls-getrf,0,0x5c08570d2ff0
2792,2792,66,288,hip-hipmm-cdls-getrf,0,0x5c08570d2ff0
2793,2793,36,234,hip-hipmm-cdls-getrf,0,0x5c08570d2ff0
2794,2794,90,285,hip-hipmm-cdls-getrf,0,0x5c08570d2ff0
2795,2795,120,348,hip-hipmm-cdls-getrf,0,0x5c08570d2ff0
2796,2796,63,282,hip-hipmm-cdls-getrf,0,0x5c08570d2ff0
2797,2797,108,363,hip-hipmm-cdls-getrf,0,0x5c08570d2ff0
2798,2798,24,210,hip-hipmm-cdls-getrf,0,0x5c08570d2ff0
2799,2799,18,156,hip-hipmm-cdls-getrf,0,0x5c08570d2ff0
2800,2800,114,504,hip-hipmm-cdls-getrf,0,0x5c08570d2ff0
2801,2801,48,282,hip-hipmm-cdls-getrf,0,0x5c08570d2ff0
2802,2802,54,348,hip-hipmm-cdls-getrf,0,0x5c08570d2ff0
2803,2803,63,243,hip-hipmm-cdls-getrf,0,0x5c08570d2ff0
2804,2804,48,315,hip-hipmm-cdls-getrf,0,0x5c08570d2ff0
2805,2805,105,375,hip-hipmm-cdls-getrf,0,0x5c08570d2ff0
2806,2806,138,465,hip-hipmm-cdls-getrf,0,0x5c08570d2ff0
2807,2807,93,372,hip-hipmm-cdls-getrf,0,0x5c08570d2ff0
2808,2808,60,426,hip-hipmm-cdls-getrf,0,0x5c08570d2ff0
2809,2809,45,195,hip-hipmm-cdls-getrf,0,0x5c08570d2ff0
2810,2810,51,195,hip-hipmm-cdls-getrf,0,0x5c08570d2ff0
2811,2811,48,195,hip-hipmm-cdls-getrf,0,0x5c08570d2ff0
2812,2812,66,420,hip-hipmm-cdls-getrf,0,0x5c08570d2ff0
2813,2813,54,264,hip-hipmm-cdls-getrf,0,0x5c08570d2ff0
2814,2814,51,138,hip-hipmm-cdls-getrf,0,0x5c08570d2ff0
2815,2815,48,126,hip-hipmm-cdls-getrf,0,0x5c08570d2ff0
2816,2816,66,288,hip-hipmm-cdls-getrf,0,0x5c08570d2ff0
2817,2817,54,240,hip-hipmm-cdls-getrf,0,0x5c08570d2ff0
2818,2818,33,243,hip-hipmm-cdls-getrf,0,0x5c08570d2ff0
2819,2819,51,345,hip-hipmm-cdls-getrf,0,0x5c08570d2ff0
2820,2820,78,408,hip-hipmm-cdls-getrf,0,0x5c08570d2ff0
2821,2821,36,216,hip-hipmm-cdls-getrf,0,0x5c08570d2ff0
2822,2822,96,420,hip-hipmm-cdls-getrf,0,0x5c08570d2ff0
2823,2823,48,195,hip-hipmm-cdls-getrf,0,0x5c08570d2ff0
2824,2824,51,204,hip-hipmm-cdls-getrf,0,0x5c08570d2ff0
2825,2825,48,171,hip-hipmm-cdls-getrf,0,0x5c08570d2ff0
2826,2826,72,234,hip-hipmm-cdls-getrf,0,0x5c08570d2ff0
2827,2827,36,150,hip-hipmm-cdls-getrf,0,0x5c08570d2ff0
2828,2828,93,270,hip-hipmm-cdls-getrf,0,0x5c08570d2ff0
2829,2829,39,261,hip-hipmm-cdls-getrf,0,0x5c08570d2ff0
2830,2830,66,300,hip-hipmm-cdls-getrf,0,0x5c08570d2ff0
2831,2831,51,237,hip-hipmm-cdls-getrf,0,0x5c08570d2ff0
2832,2832,96,426,hip-hipmm-cdls-getrf,0,0x5c08570d2ff0
2833,2833,54,528,hip-hipmm-cdls-getrf,0,0x5c08570d2ff0
2834,2834,75,432,hip-hipmm-cdls-getrf,0,0x5c08570d2ff0
2835,2835,102,468,hip-hipmm-cdls-getrf,0,0x5c08570d2ff0
2836,2836,63,177,hip-hipmm-cdls-getrf,0,0x5c08570d2ff0
2837,2837,69,282,hip-hipmm-cdls-getrf,0,0x5c08570d2ff0
2838,2838,60,294,hip-hipmm-cdls-getrf,0,0x5c08570d2ff0
2839,2839,63,300,hip-hipmm-cdls-getrf,0,0x5c08570d2ff0
2840,2840,78,324,hip-hipmm-cdls-getrf,0,0x5c08570d2ff0
2841,2841,102,438,hip-hipmm-cdls-getrf,0,0x5c08570d2ff0
2842,2842,96,354,hip-hipmm-cdls-getrf,0,0x5c08570d2ff0
2843,2843,105,435,hip-hipmm-cdls-getrf,0,0x5c08570d2ff0
2844,2844,48,375,hip-hipmm-cdls-getrf,0,0x5c08570d2ff0
2845,2845,60,399,hip-hipmm-cdls-getrf,0,0x5c08570d2ff0
2846,2846,75,381,hip-hipmm-cdls-getrf,0,0x5c08570d2ff0
2847,2847,117,390,hip-hipmm-cdls-getrf,0,0x5c08570d2ff0
2848,2848,87,342,hip-hipmm-cdls-getrf,0,0x5c08570d2ff0
2849,2849,72,366,hip-hipmm-cdls-getrf,0,0x5c08570d2ff0
2850,2850,84,351,hip-hipmm-cdls-getrf,0,0x5c08570d2ff0
2851,2851,54,204,hip-hipmm-cdls-getrf,0,0x5c08570d2ff0
2852,2852,54,219,hip-hipmm-cdls-getrf,0,0x5c08570d2ff0
2853,2853,111,453,hip-hipmm-cdls-getrf,0,0x5c08570d2ff0
2854,2854,54,225,hip-hipmm-cdls-getrf,0,0x5c08570d2ff0
2855,2855,135,426,hip-hipmm-cdls-getrf,0,0x5c08570d2ff0
2856,2856,117,459,hip-hipmm-cdls-getrf,0,0x5c08570d2ff0
2857,2857,99,345,hip-hipmm-cdls-getrf,0,0x5c08570d2ff0
2858,2858,54,237,hip-hipmm-cdls-getrf,0,0x5c08570d2ff0
2859,2859,48,195,hip-hipmm-cdls-getrf,0,0x5c08570d2ff0
2860,2860,24,186,hip-hipmm-cdls-getrf,0,0x5c08570d2ff0
2861,2861,30,216,hip-hipmm-cdls-getrf,0,0x5c08570d2ff0
2862,2862,48,210,hip-hipmm-cdls-getrf,0,0x5c08570d2ff0
2863,2863,78,285,hip-hipmm-cdls-getrf,0,0x5c08570d2ff0
2864,2864,108,300,hip-hipmm-cdls-getrf,0,0x5c08570d2ff0
2865,2865,51,198,hip-hipmm-cdls-getrf,0,0x5c08570d2ff0
2866,2866,33,171,hip-hipmm-cdls-getrf,0,0x5c08570d2ff0
2867,2867,66,213,hip-hipmm-cdls-getrf,0,0x5c08570d2ff0
2868,2868,60,216,hip-hipmm-cdls-getrf,0,0x5c08570d2ff0
2869,2869,36,150,hip-hipmm-cdls-getrf,0,0x5c08570d2ff0
2870,2870,48,306,hip-hipmm-cdls-getrf,0,0x5c08570d2ff0
2871,2871,42,180,hip-hipmm-cdls-getrf,0,0x5c08570d2ff0
2872,2872,108,438,hip-hipmm-cdls-getrf,0,0x5c08570d2ff0
2873,2873,45,291,hip-hipmm-cdls-getrf,0,0x5c08570d2ff0
2874,2874,48,267,hip-hipmm-cdls-getrf,0,0x5c08570d2ff0
2875,2875,75,210,hip-hipmm-cdls-getrf,0,0x5c08570d2ff0
2876,2876,90,456,hip-hipmm-cdls-getrf,0,0x5c08570d2ff0
2877,2877,57,291,hip-hipmm-cdls-getrf,0,0x5c08570d2ff0
2878,2878,75,216,hip-hipmm-cdls-getrf,0,0x5c08570d2ff0
2879,2879,123,270,hip-hipmm-cdls-getrf,0,0x5c08570d2ff0
2880,2880,39,366,hip-hipmm-cdls-getrf,0,0x5c08570d2ff0
2881,2881,102,552,hip-hipmm-cdls-getrf,0,0x5c08570d2ff0
2882,2882,63,189,hip-hipmm-cdls-getrf,0,0x5c08570d2ff0
2883,2883,36,129,hip-hipmm-cdls-getrf,0,0x5c08570d2ff0
2884,2884,51,357,hip-hipmm-cdls-getrf,0,0x5c08570d2ff0
2885,2885,51,309,hip-hipmm-cdls-getrf,0,0x5c08570d2ff0
2886,2886,21,183,hip-hipmm-cdls-getrf,0,0x5c08570d2ff0
2887,2887,27,201,hip-hipmm-cdls-getrf,0,0x5c08570d2ff0
2888,2888,39,273,hip-hipmm-cdls-getrf,0,0x5c08570d2ff0
2889,2889,30,108,hip-hipmm-cdls-getrf,0,0x5c08570d2ff0
2890,2890,93,321,hip-hipmm-cdls-getrf,0,0x5c08570d2ff0
2891,2891,45,195,hip-hipmm-cdls-getrf,0,0x5c08570d2ff0
2892,2892,48,198,hip-hipmm-cdls-getrf,0,0x5c08570d2ff0
2893,2893,57,219,hip-hipmm-cdls-getrf,0,0x5c08570d2ff0
2894,2894,87,357,hip-hipmm-cdls-getrf,0,0x5c08570d2ff0
2895,2895,93,339,hip-hipmm-cdls-getrf,0,0x5c08570d2ff0
2896,2896,15,141,hip-hipmm-cdls-getrf,0,0x5c08570d2ff0
2897,2897,30,120,hip-hipmm-cdls-getrf,0,0x5c08570d2ff0
2898,2898,57,210,hip-hipmm-cdls-getrf,0,0x5c08570d2ff0
2899,2899,42,180,hip-hipmm-cdls-getrf,0,0x5c08570d2ff0
2900,2900,66,282,hip-hipmm-cdls-getrf,0,0x5c08570d2ff0
2901,2901,63,261,hip-hipmm-cdls-getrf,0,0x5c08570d2ff0
2902,2902,57,255,hip-hipmm-cdls-getrf,0,0x5c08570d2ff0
2903,2903,54,216,hip-hipmm-cdls-getrf,0,0x5c08570d2ff0
2904,2904,57,327,hip-hipmm-cdls-getrf,0,0x5c08570d2ff0
2905,2905,45,195,hip-hipmm-cdls-getrf,0,0x5c08570d2ff0
2906,2906,57,207,hip-hipmm-cdls-getrf,0,0x5c08570d2ff0
2907,2907,57,201,hip-hipmm-cdls-getrf,0,0x5c08570d2ff0
2908,2908,84,213,hip-hipmm-cdls-getrf,0,0x5c08570d2ff0
2909,2909,66,288,hip-hipmm-cdls-getrf,0,0x5c08570d2ff0
2910,2910,102,351,hip-hipmm-cdls-getrf,0,0x5c08570d2ff0
2911,2911,93,282,hip-hipmm-cdls-getrf,0,0x5c08570d2ff0
2912,2912,87,393,hip-hipmm-cdls-getrf,0,0x5c08570d2ff0
2913,2913,75,393,hip-hipmm-cdls-getrf,0,0x5c08570d2ff0
2914,2914,90,408,hip-hipmm-cdls-getrf,0,0x5c08570d2ff0
2915,2915,51,216,hip-hipmm-cdls-getrf,0,0x5c08570d2ff0
2916,2916,96,402,hip-hipmm-cdls-getrf,0,0x5c08570d2ff0
2917,2917,51,267,hip-hipmm-cdls-getrf,0,0x5c08570d2ff0
2918,2918,63,231,hip-hipmm-cdls-getrf,0,0x5c08570d2ff0
2919,2919,114,330,hip-hipmm-cdls-getrf,0,0x5c08570d2ff0
2920,2920,54,228,hip-hipmm-cdls-getrf,0,0x5c08570d2ff0
2921,2921,60,294,hip-hipmm-cdls-getrf,0,0x5c08570d2ff0
2922,2922,48,210,hip-hipmm-cdls-getrf,0,0x5c08570d2ff0
2923,2923,66,255,hip-hipmm-cdls-getrf,0,0x5c08570d2ff0
2924,2924,75,321,hip-hipmm-cdls-getrf,0,0x5c08570d2ff0
2925,2925,63,189,hip-hipmm-cdls-getrf,0,0x5c08570d2ff0
2926,2926,96,315,hip-hipmm-cdls-getrf,0,0x5c08570d2ff0
2927,2927,24,186,hip-hipmm-cdls-getrf,0,0x5c08570d2ff0
2928,2928,87,372,hip-hipmm-cdls-getrf,0,0x5c08570d2ff0
2929,2929,93,351,hip-hipmm-cdls-getrf,0,0x5c08570d2ff0
2930,2930,30,216,hip-hipmm-cdls-getrf,0,0x5c08570d2ff0
2931,2931,60,270,hip-hipmm-cdls-getrf,0,0x5c08570d2ff0
2932,2932,21,171,hip-hipmm-cdls-getrf,0,0x5c08570d2ff0
2933,2933,54,225,hip-hipmm-cdls-getrf,0,0x5c08570d2ff0
2934,2934,39,216,hip-hipmm-cdls-getrf,0,0x5c08570d2ff0
2935,2935,66,408,hip-hipmm-cdls-getrf,0,0x5c08570d2ff0
2936,2936,96,426,hip-hipmm-cdls-getrf,0,0x5c08570d2ff0
2937,2937,60,366,hip-hipmm-cdls-getrf,0,0x5c08570d2ff0
2938,2938,48,192,hip-hipmm-cdls-getrf,0,0x5c08570d2ff0
2939,2939,54,264,hip-hipmm-cdls-getrf,0,0x5c08570d2ff0
2940,2940,36,198,hip-hipmm-cdls-getrf,0,0x5c08570d2ff0
2941,2941,45,291,hip-hipmm-cdls-getrf,0,0x5c08570d2ff0
2942,2942,33,267,hip-hipmm-cdls-getrf,0,0x5c08570d2ff0
2943,2943,30,204,hip-hipmm-cdls-getrf,0,0x5c08570d2ff0
2944,2944,42,180,hip-hipmm-cdls-getrf,0,0x5c08570d2ff0
2945,2945,60,438,hip-hipmm-cdls-getrf,0,0x5c08570d2ff0
2946,2946,27,177,hip-hipmm-cdls-getrf,0,0x5c08570d2ff0
2947,2947,72,378,hip-hipmm-cdls-getrf,0,0x5c08570d2ff0
2948,2948,84,366,hip-hipmm-cdls-getrf,0,0x5c08570d2ff0
2949,2949,84,360,hip-hipmm-cdls-getrf,0,0x5c08570d2ff0
2950,2950,42,393,hip-hipmm-cdls-getrf,0,0x5c08570d2ff0
2951,2951,69,225,hip-hipmm-cdls-getrf,0,0x5c08570d2ff0
2952,2952,87,333,hip-hipmm-cdls-getrf,0,0x5c08570d2ff0
2953,2953,99,330,hip-hipmm-cdls-getrf,0,0x5c08570d2ff0
2954,2954,57,432,hip-hipmm-cdls-getrf,0,0x5c08570d2ff0
2955,2955,45,459,hip-hipmm-cdls-getrf,0,0x5c08570d2ff0
2956,2956,54,252,hip-hipmm-cdls-getrf,0,0x5c08570d2ff0
2957,2957,111,411,hip-hipmm-cdls-getrf,0,0x5c08570d2ff0
2958,2958,48,294,hip-hipmm-cdls-getrf,0,0x5c08570d2ff0
2959,2959,108,327,hip-hipmm-cdls-getrf,0,0x5c08570d2ff0
2960,2960,75,297,hip-hipmm-cdls-getrf,0,0x5c08570d2ff0
2961,2961,42,180,hip-hipmm-cdls-getrf,0,0x5c08570d2ff0
2962,2962,81,279,hip-hipmm-cdls-getrf,0,0x5c08570d2ff0
2963,2963,48,159,hip-hipmm-cdls-getrf,0,0x5c08570d2ff0
2964,2964,39,192,hip-hipmm-cdls-getrf,0,0x5c08570d2ff0
2965,2965,36,117,hip-hipmm-cdls-getrf,0,0x5c08570d2ff0
2966,2966,78,360,hip-hipmm-cdls-getrf,0,0x5c08570d2ff0
2967,2967,42,135,hip-hipmm-cdls-getrf,0,0x5c08570d2ff0
2968,2968,27,162,hip-hipmm-cdls-getrf,0,0x5c08570d2ff0
2969,2969,51,249,hip-hipmm-cdls-getrf,0,0x5c08570d2ff0
2970,2970,84,243,hip-hipmm-cdls-getrf,0,0x5c08570d2ff0
2971,2971,84,399,hip-hipmm-cdls-getrf,0,0x5c08570d2ff0
2972,2972,63,201,hip-hipmm-cdls-getrf,0,0x5c08570d2ff0
2973,2973,60,282,hip-hipmm-cdls-getrf,0,0x5c08570d2ff0
2974,2974,45,315,hip-hipmm-cdls-getrf,0,0x5c08570d2ff0
2975,2975,96,447,hip-hipmm-cdls-getrf,0,0x5c08570d2ff0
2976,2976,63,450,hip-hipmm-cdls-getrf,0,0x5c08570d2ff0
2977,2977,24,162,hip-hipmm-cdls-getrf,0,0x5c08570d2ff0
2978,2978,87,453,hip-hipmm-cdls-getrf,0,0x5c08570d2ff0
2979,2979,30,360,hip-hipmm-cdls-getrf,0,0x5c08570d2ff0
2980,2980,78,225,hip-hipmm-cdls-getrf,0,0x5c08570d2ff0
2981,2981,66,177,hip-hipmm-cdls-getrf,0,0x5c08570d2ff0
2982,2982,69,222,hip-hipmm-cdls-getrf,0,0x5c08570d2ff0
2983,2983,75,357,hip-hipmm-cdls-getrf,0,0x5c08570d2ff0
2984,2984,108,330,hip-hipmm-cdls-getrf,0,0x5c08570d2ff0
2985,2985,39,213,hip-hipmm-cdls-getrf,0,0x5c08570d2ff0
2986,2986,84,378,hip-hipmm-cdls-getrf,0,0x5c08570d2ff0
2987,2987,81,315,hip-hipmm-cdls-getrf,0,0x5c08570d2ff0
2988,2988,75,351,hip-hipmm-cdls-getrf,0,0x5c08570d2ff0
2989,2989,42,315,hip-hipmm-cdls-getrf,0,0x5c08570d2ff0
2990,2990,24,198,hip-hipmm-cdls-getrf,0,0x5c08570d2ff0
2991,2991,39,249,hip-hipmm-cdls-getrf,0,0x5c08570d2ff0
2992,2992,69,303,hip-hipmm-cdls-getrf,0,0x5c08570d2ff0
2993,2993,45,165,hip-hipmm-cdls-getrf,0,0x5c08570d2ff0
2994,2994,69,228,hip-hipmm-cdls-getrf,0,0x5c08570d2ff0
2995,2995,51,309,hip-hipmm-cdls-getrf,0,0x5c08570d2ff0
2996,2996,45,195,hip-hipmm-cdls-getrf,0,0x5c08570d2ff0
2997,2997,21,141,hip-hipmm-cdls-getrf,0,0x5c08570d2ff0
2998,2998,57,255,hip-hipmm-cdls-getrf,0,0x5c08570d2ff0
2999,2999,45,279,hip-hipmm-cdls-getrf,0,0x5c08570d2ff0
3000,3000,39,156,hip-hipmm-cdls-getrf,0,0x5c08570d2ff0
3001,3001,30,120,hip-hipmm-cdls-getrf,0,0x5c08570d2ff0
3002,3002,60,270,hip-hipmm-cdls-getrf,0,0x5c08570d2ff0
3003,3003,156,447,hip-hipmm-cdls-getrf,0,0x5c08570d2ff0
3004,3004,39,261,hip-hipmm-cdls-getrf,0,0x5c08570d2ff0
3005,3005,84,345,hip-hipmm-cdls-getrf,0,0x5c08570d2ff0
3006,3006,54,228,hip-hipmm-cdls-getrf,0,0x5c08570d2ff0
3007,3007,27,213,hip-hipmm-cdls-getrf,0,0x5c08570d2ff0
3008,3008,57,255,hip-hipmm-cdls-getrf,0,0x5c08570d2ff0
3009,3009,45,171,hip-hipmm-cdls-getrf,0,0x5c08570d2ff0
3010,3010,114,279,hip-hipmm-cdls-getrf,0,0x5c08570d2ff0
3011,3011,69,384,hip-hipmm-cdls-getrf,0,0x5c08570d2ff0
3012,3012,123,456,hip-hipmm-cdls-getrf,0,0x5c08570d2ff0
3013,3013,114,324,hip-hipmm-cdls-getrf,0,0x5c08570d2ff0
3014,3014,75,333,hip-hipmm-cdls-getrf,0,0x5c08570d2ff0
3015,3015,108,291,hip-hipmm-cdls-getrf,0,0x5c08570d2ff0
3016,3016,45,231,hip-hipmm-cdls-getrf,0,0x5c08570d2ff0
3017,3017,18,132,hip-hipmm-cdls-getrf,0,0x5c08570d2ff0
3018,3018,93,339,hip-hipmm-cdls-getrf,0,0x5c08570d2ff0
3019,3019,24,174,hip-hipmm-cdls-getrf,0,0x5c08570d2ff0
3020,3020,18,111,hip-hipmm-cdls-getrf,0,0x5c08570d2ff0
3021,3021,57,168,hip-hipmm-cdls-getrf,0,0x5c08570d2ff0
3022,3022,75,240,hip-hipmm-cdls-getrf,0,0x5c08570d2ff0
3023,3023,96,339,hip-hipmm-cdls-getrf,0,0x5c08570d2ff0
3024,3024,72,360,hip-hipmm-cdls-getrf,0,0x5c08570d2ff0
3025,3025,60,282,hip-hipmm-cdls-getrf,0,0x5c08570d2ff0
3026,3026,33,156,hip-hipmm-cdls-getrf,0,0x5c08570d2ff0
3027,3027,57,315,hip-hipmm-cdls-getrf,0,0x5c08570d2ff0
3028,3028,72,402,hip-hipmm-cdls-getrf,0,0x5c08570d2ff0
3029,3029,27,189,hip-hipmm-cdls-getrf,0,0x5c08570d2ff0
3030,3030,78,237,hip-hipmm-cdls-getrf,0,0x5c08570d2ff0
3031,3031,84,201,hip-hipmm-cdls-getrf,0,0x5c08570d2ff0
3032,3032,21,162,hip-hipmm-cdls-getrf,0,0x5c08570d2ff0
3033,3033,78,405,hip-hipmm-cdls-getrf,0,0x5c08570d2ff0
3034,3034,30,189,hip-hipmm-cdls-getrf,0,0x5c08570d2ff0
3035,3035,63,201,hip-hipmm-cdls-getrf,0,0x5c08570d2ff0
3036,3036,42,165,hip-hipmm-cdls-getrf,0,0x5c08570d2ff0
3037,3037,99,354,hip-hipmm-cdls-getrf,0,0x5c08570d2ff0
3038,3038,51,216,hip-hipmm-cdls-getrf,0,0x5c08570d2ff0
3039,3039,60,246,hip-hipmm-cdls-getrf,0,0x5c08570d2ff0
3040,3040,57,267,hip-hipmm-cdls-getrf,0,0x5c08570d2ff0
3041,3041,78,258,hip-hipmm-cdls-getrf,0,0x5c08570d2ff0
3042,3042,72,207,hip-hipmm-cdls-getrf,0,0x5c08570d2ff0
3043,3043,42,207,hip-hipmm-cdls-getrf,0,0x5c08570d2ff0
3044,3044,57,249,hip-hipmm-cdls-getrf,0,0x5c08570d2ff0
3045,3045,33,123,hip-hipmm-cdls-getrf,0,0x5c08570d2ff0
3046,3046,57,207,hip-hipmm-cdls-getrf,0,0x5c08570d2ff0
3047,3047,63,234,hip-hipmm-cdls-getrf,0,0x5c08570d2ff0
3048,3048,24,150,hip-hipmm-cdls-getrf,0,0x5c08570d2ff0
3049,3049,30,204,hip-hipmm-cdls-getrf,0,0x5c08570d2ff0
3050,3050,39,285,hip-hipmm-cdls-getrf,0,0x5c08570d2ff0
3051,3051,123,384,hip-hipmm-cdls-getrf,0,0x5c08570d2ff0
3052,3052,111,375,hip-hipmm-cdls-getrf,0,0x5c08570d2ff0
3053,3053,102,360,hip-hipmm-cdls-getrf,0,0x5c08570d2ff0
3054,3054,84,279,hip-hipmm-cdls-getrf,0,0x5c08570d2ff0
3055,3055,57,339,hip-hipmm-cdls-getrf,0,0x5c08570d2ff0
3056,3056,27,225,hip-hipmm-cdls-getrf,0,0x5c08570d2ff0
3057,3057,96,309,hip-hipmm-cdls-getrf,0,0x5c08570d2ff0
3058,3058,54,273,hip-hipmm-cdls-getrf,0,0x5c08570d2ff0
3059,3059,60,198,hip-hipmm-cdls-getrf,0,0x5c08570d2ff0
3060,3060,69,342,hip-hipmm-cdls-getrf,0,0x5c08570d2ff0
3061,3061,54,207,hip-hipmm-cdls-getrf,0,0x5c08570d2ff0
3062,3062,75,243,hip-hipmm-cdls-getrf,0,0x5c08570d2ff0
3063,3063,18,156,hip-hipmm-cdls-getrf,0,0x5c08570d2ff0
3064,3064,15,153,hip-hipmm-cdls-getrf,0,0x5c08570d2ff0
3065,3065,18,168,hip-hipmm-cdls-getrf,0,0x5c08570d2ff0
3066,3066,69,327,hip-hipmm-cdls-getrf,0,0x5c08570d2ff0
3067,3067,30,204,hip-hipmm-cdls-getrf,0,0x5c08570d2ff0
3068,3068,45,315,hip-hipmm-cdls-getrf,0,0x5c08570d2ff0
3069,3069,75,300,hip-hipmm-cdls-getrf,0,0x5c08570d2ff0
3070,3070,66,219,hip-hipmm-cdls-getrf,0,0x5c08570d2ff0
3071,3071,60,474,hip-hipmm-cdls-getrf,0,0x5c08570d2ff0
3072,3072,51,321,hip-hipmm-cdls-getrf,0,0x5c08570d2ff0
3073,3073,66,288,hip-hipmm-cdls-getrf,0,0x5c08570d2ff0
3074,3074,42,156,hip-hipmm-cdls-getrf,0,0x5c08570d2ff0
3075,3075,75,273,hip-hipmm-cdls-getrf,0,0x5c08570d2ff0
3076,3076,84,264,hip-hipmm-cdls-getrf,0,0x5c08570d2ff0
3077,3077,90,294,hip-hipmm-cdls-getrf,0,0x5c08570d2ff0
3078,3078,102,252,hip-hipmm-cdls-getrf,0,0x5c08570d2ff0
3079,3079,63,210,hip-hipmm-cdls-getrf,0,0x5c08570d2ff0
3080,3080,51,207,hip-hipmm-cdls-getrf,0,0x5c08570d2ff0
3081,3081,48,204,hip-hipmm-cdls-getrf,0,0x5c08570d2ff0
3082,3082,96,339,hip-hipmm-cdls-getrf,0,0x5c08570d2ff0
3083,3083,120,324,hip-hipmm-cdls-getrf,0,0x5c08570d2ff0
3084,3084,90,255,hip-hipmm-cdls-getrf,0,0x5c08570d2ff0
3085,3085,66,285,hip-hipmm-cdls-getrf,0,0x5c08570d2ff0
3086,3086,42,147,hip-hipmm-cdls-getrf,0,0x5c08570d2ff0
3087,3087,60,201,hip-hipmm-cdls-getrf,0,0x5c08570d2ff0
3088,3088,57,249,hip-hipmm-cdls-getrf,0,0x5c08570d2ff0
3089,3089,66,252,hip-hipmm-cdls-getrf,0,0x5c08570d2ff0
3090,3090,78,327,hip-hipmm-cdls-getrf,0,0x5c08570d2ff0
3091,3091,99,222,hip-hipmm-cdls-getrf,0,0x5c08570d2ff0
3092,3092,30,111,hip-hipmm-cdls-getrf,0,0x5c08570d2ff0
3093,3093,105,387,hip-hipmm-cdls-getrf,0,0x5c08570d2ff0
3094,3094,27,186,hip-hipmm-cdls-getrf,0,0x5c08570d2ff0
3095,3095,75,357,hip-hipmm-cdls-getrf,0,0x5c08570d2ff0
3096,3096,93,363,hip-hipmm-cdls-getrf,0,0x5c08570d2ff0
3097,3097,48,234,hip-hipmm-cdls-getrf,0,0x5c08570d2ff0
3098,3098,57,255,hip-hipmm-cdls-getrf,0,0x5c08570d2ff0
3099,3099,42,180,hip-hipmm-cdls-getrf,0,0x5c08570d2ff0
3100,3100,45,183,hip-hipmm-cdls-getrf,0,0x5c08570d2ff0
3101,3101,45,267,hip-hipmm-cdls-getrf,0,0x5c08570d2ff0
3102,3102,48,222,hip-hipmm-cdls-getrf,0,0x5c08570d2ff0
3103,3103,45,252,hip-hipmm-cdls-getrf,0,0x5c08570d2ff0
3104,3104,36,126,hip-hipmm-cdls-getrf,0,0x5c08570d2ff0
3105,3105,42,165,hip-hipmm-cdls-getrf,0,0x5c08570d2ff0
3106,3106,69,255,hip-hipmm-cdls-getrf,0,0x5c08570d2ff0
3107,3107,96,354,hip-hipmm-cdls-getrf,0,0x5c08570d2ff0
3108,3108,66,258,hip-hipmm-cdls-getrf,0,0x5c08570d2ff0
3109,3109,30,168,hip-hipmm-cdls-getrf,0,0x5c08570d2ff0
3110,3110,45,195,hip-hipmm-cdls-getrf,0,0x5c08570d2ff0
3111,3111,24,174,hip-hipmm-cdls-getrf,0,0x5c08570d2ff0
3112,3112,57,324,hip-hipmm-cdls-getrf,0,0x5c08570d2ff0
3113,3113,27,189,hip-hipmm-cdls-getrf,0,0x5c08570d2ff0
3114,3114,30,177,hip-hipmm-cdls-getrf,0,0x5c08570d2ff0
3115,3115,96,387,hip-hipmm-cdls-getrf,0,0x5c08570d2ff0
3116,3116,48,222,hip-hipmm-cdls-getrf,0,0x5c08570d2ff0
3117,3117,72,330,hip-hipmm-cdls-getrf,0,0x5c08570d2ff0
3118,3118,96,354,hip-hipmm-cdls-getrf,0,0x5c08570d2ff0
3119,3119,24,162,hip-hipmm-cdls-getrf,0,0x5c08570d2ff0
3120,3120,39,201,hip-hipmm-cdls-getrf,0,0x5c08570d2ff0
3121,3121,72,330,hip-hipmm-cdls-getrf,0,0x5c08570d2ff0
3122,3122,45,396,hip-hipmm-cdls-getrf,0,0x5c08570d2ff0
3123,3123,30,216,hip-hipmm-cdls-getrf,0,0x5c08570d2ff0
3124,3124,54,252,hip-hipmm-cdls-getrf,0,0x5c08570d2ff0
3125,3125,60,270,hip-hipmm-cdls-getrf,0,0x5c08570d2ff0
3126,3126,78,249,hip-hipmm-cdls-getrf,0,0x5c08570d2ff0
3127,3127,30,156,hip-hipmm-cdls-getrf,0,0x5c08570d2ff0
3128,3128,36,225,hip-hipmm-cdls-getrf,0,0x5c08570d2ff0
3129,3129,66,312,hip-hipmm-cdls-getrf,0,0x5c08570d2ff0
3130,3130,39,372,hip-hipmm-cdls-getrf,0,0x5c08570d2ff0
3131,3131,30,192,hip-hipmm-cdls-getrf,0,0x5c08570d2ff0
3132,3132,60,258,hip-hipmm-cdls-getrf,0,0x5c08570d2ff0
3133,3133,18,156,hip-hipmm-cdls-getrf,0,0x5c08570d2ff0
3134,3134,27,93,hip-hipmm-cdls-getrf,0,0x5c08570d2ff0
3135,3135,24,144,hip-hipmm-cdls-getrf,0,0x5c08570d2ff0
3136,3136,36,336,hip-hipmm-cdls-getrf,0,0x5c08570d2ff0
3137,3137,105,426,hip-hipmm-cdls-getrf,0,0x5c08570d2ff0
3138,3138,93,432,hip-hipmm-cdls-getrf,0,0x5c08570d2ff0
3139,3139,108,480,hip-hipmm-cdls-getrf,0,0x5c08570d2ff0
3140,3140,144,378,hip-hipmm-cdls-getrf,0,0x5c08570d2ff0
3141,3141,72,360,hip-hipmm-cdls-getrf,0,0x5c08570d2ff0
3142,3142,39,201,hip-hipmm-cdls-getrf,0,0x5c08570d2ff0
3143,3143,42,468,hip-hipmm-cdls-getrf,0,0x5c08570d2ff0
3144,3144,27,201,hip-hipmm-cdls-getrf,0,0x5c08570d2ff0
3145,3145,15,141,hip-hipmm-cdls-getrf,0,0x5c08570d2ff0
3146,3146,30,120,hip-hipmm-cdls-getrf,0,0x5c08570d2ff0
3147,3147,81,447,hip-hipmm-cdls-getrf,0,0x5c08570d2ff0
3148,3148,90,408,hip-hipmm-cdls-getrf,0,0x5c08570d2ff0
3149,3149,96,603,hip-hipmm-cdls-getrf,0,0x5c08570d2ff0
3150,3150,87,429,hip-hipmm-cdls-getrf,0,0x5c08570d2ff0
3151,3151,33,123,hip-hipmm-cdls-getrf,0,0x5c08570d2ff0
3152,3152,21,171,hip-hipmm-cdls-getrf,0,0x5c08570d2ff0
3153,3153,63,273,hip-hipmm-cdls-getrf,0,0x5c08570d2ff0
3154,3154,24,156,hip-hipmm-cdls-getrf,0,0x5c08570d2ff0
3155,3155,120,459,hip-hipmm-cdls-getrf,0,0x5c08570d2ff0
3156,3156,72,402,hip-hipmm-cdls-getrf,0,0x5c08570d2ff0
3157,3157,99,249,hip-hipmm-cdls-getrf,0,0x5c08570d2ff0
3158,3158,48,135,hip-hipmm-cdls-getrf,0,0x5c08570d2ff0
3159,3159,60,183,hip-hipmm-cdls-getrf,0,0x5c08570d2ff0
3160,3160,36,222,hip-hipmm-cdls-getrf,0,0x5c08570d2ff0
3161,3161,78,348,hip-hipmm-cdls-getrf,0,0x5c08570d2ff0
3162,3162,39,213,hip-hipmm-cdls-getrf,0,0x5c08570d2ff0
3163,3163,60,258,hip-hipmm-cdls-getrf,0,0x5c08570d2ff0
3164,3164,24,156,hip-hipmm-cdls-getrf,0,0x5c08570d2ff0
3165,3165,102,342,hip-hipmm-cdls-getrf,0,0x5c08570d2ff0
3166,3166,75,321,hip-hipmm-cdls-getrf,0,0x5c08570d2ff0
3167,3167,78,384,hip-hipmm-cdls-getrf,0,0x5c08570d2ff0
3168,3168,51,477,hip-hipmm-cdls-getrf,0,0x5c08570d2ff0
3169,3169,33,198,hip-hipmm-cdls-getrf,0,0x5c08570d2ff0
3170,3170,42,192,hip-hipmm-cdls-getrf,0,0x5c08570d2ff0
3171,3171,60,225,hip-hipmm-cdls-getrf,0,0x5c08570d2ff0
3172,3172,63,204,hip-hipmm-cdls-getrf,0,0x5c08570d2ff0
3173,3173,54,324,hip-hipmm-cdls-getrf,0,0x5c08570d2ff0
3174,3174,69,237,hip-hipmm-cdls-getrf,0,0x5c08570d2ff0
3175,3175,63,267,hip-hipmm-cdls-getrf,0,0x5c08570d2ff0
3176,3176,54,198,hip-hipmm-cdls-getrf,0,0x5c08570d2ff0
3177,3177,54,276,hip-hipmm-cdls-getrf,0,0x5c08570d2ff0
3178,3178,30,192,hip-hipmm-cdls-getrf,0,0x5c08570d2ff0
3179,3179,51,357,hip-hipmm-cdls-getrf,0,0x5c08570d2ff0
3180,3180,48,402,hip-hipmm-cdls-getrf,0,0x5c08570d2ff0
3181,3181,102,357,hip-hipmm-cdls-getrf,0,0x5c08570d2ff0
3182,3182,54,228,hip-hipmm-cdls-getrf,0,0x5c08570d2ff0
3183,3183,90,228,hip-hipmm-cdls-getrf,0,0x5c08570d2ff0
3184,3184,87,291,hip-hipmm-cdls-getrf,0,0x5c08570d2ff0
3185,3185,96,282,hip-hipmm-cdls-getrf,0,0x5c08570d2ff0
3186,3186,33,135,hip-hipmm-cdls-getrf,0,0x5c08570d2ff0
3187,3187,39,165,hip-hipmm-cdls-getrf,0,0x5c08570d2ff0
3188,3188,135,384,hip-hipmm-cdls-getrf,0,0x5c08570d2ff0
3189,3189,96,375,hip-hipmm-cdls-getrf,0,0x5c08570d2ff0
3190,3190,72,387,hip-hipmm-cdls-getrf,0,0x5c08570d2ff0
3191,3191,57,228,hip-hipmm-cdls-getrf,0,0x5c08570d2ff0
3192,3192,129,276,hip-hipmm-cdls-getrf,0,0x5c08570d2ff0
3193,3193,51,441,hip-hipmm-cdls-getrf,0,0x5c08570d2ff0
3194,3194,36,426,hip-hipmm-cdls-getrf,0,0x5c08570d2ff0
3195,3195,30,183,hip-hipmm-cdls-getrf,0,0x5c08570d2ff0
3196,3196,75,189,hip-hipmm-cdls-getrf,0,0x5c08570d2ff0
3197,3197,33,207,hip-hipmm-cdls-getrf,0,0x5c08570d2ff0
3198,3198,60,444,hip-hipmm-cdls-getrf,0,0x5c08570d2ff0
3199,3199,138,396,hip-hipmm-cdls-getrf,0,0x5c08570d2ff0
3200,3200,93,399,hip-hipmm-cdls-getrf,0,0x5c08570d2ff0
3201,3201,66,465,hip-hipmm-cdls-getrf,0,0x5c08570d2ff0
3202,3202,84,402,hip-hipmm-cdls-getrf,0,0x5c08570d2ff0
3203,3203,105,567,hip-hipmm-cdls-getrf,0,0x5c08570d2ff0
3204,3204,78,462,hip-hipmm-cdls-getrf,0,0x5c08570d2ff0
3205,3205,51,321,hip-hipmm-cdls-getrf,0,0x5c08570d2ff0
3206,3206,54,252,hip-hipmm-cdls-getrf,0,0x5c08570d2ff0
3207,3207,78,360,hip-hipmm-cdls-getrf,0,0x5c08570d2ff0
3208,3208,45,279,hip-hipmm-cdls-getrf,0,0x5c08570d2ff0
3209,3209,54,252,hip-hipmm-cdls-getrf,0,0x5c08570d2ff0
3210,3210,72,228,hip-hipmm-cdls-getrf,0,0x5c08570d2ff0
3211,3211,60,240,hip-hipmm-cdls-getrf,0,0x5c08570d2ff0
3212,3212,39,249,hip-hipmm-cdls-getrf,0,0x5c08570d2ff0
3213,3213,51,237,hip-hipmm-cdls-getrf,0,0x5c08570d2ff0
3214,3214,36,234,hip-hipmm-cdls-getrf,0,0x5c08570d2ff0
3215,3215,60,282,hip-hipmm-cdls-getrf,0,0x5c08570d2ff0
3216,3216,63,288,hip-hipmm-cdls-getrf,0,0x5c08570d2ff0
3217,3217,54,252,hip-hipmm-cdls-getrf,0,0x5c08570d2ff0
3218,3218,33,207,hip-hipmm-cdls-getrf,0,0x5c08570d2ff0
3219,3219,90,312,hip-hipmm-cdls-getrf,0,0x5c08570d2ff0
3220,3220,39,156,hip-hipmm-cdls-getrf,0,0x5c08570d2ff0
3221,3221,21,144,hip-hipmm-cdls-getrf,0,0x5c08570d2ff0
3222,3222,54,219,hip-hipmm-cdls-getrf,0,0x5c08570d2ff0
3223,3223,48,195,hip-hipmm-cdls-getrf,0,0x5c08570d2ff0
3224,3224,105,375,hip-hipmm-cdls-getrf,0,0x5c08570d2ff0
3225,3225,36,126,hip-hipmm-cdls-getrf,0,0x5c08570d2ff0
3226,3226,165,378,hip-hipmm-cdls-getrf,0,0x5c08570d2ff0
3227,3227,84,558,hip-hipmm-cdls-getrf,0,0x5c08570d2ff0
3228,3228,72,267,hip-hipmm-cdls-getrf,0,0x5c08570d2ff0
3229,3229,69,315,hip-hipmm-cdls-getrf,0,0x5c08570d2ff0
3230,3230,81,336,hip-hipmm-cdls-getrf,0,0x5c08570d2ff0
3231,3231,30,120,hip-hipmm-cdls-getrf,0,0x5c08570d2ff0
3232,3232,27,159,hip-hipmm-cdls-getrf,0,0x5c08570d2ff0
3233,3233,69,288,hip-hipmm-cdls-getrf,0,0x5c08570d2ff0
3234,3234,72,219,hip-hipmm-cdls-getrf,0,0x5c08570d2ff0
3235,3235,51,195,hip-hipmm-cdls-getrf,0,0x5c08570d2ff0
3236,3236,63,417,hip-hipmm-cdls-getrf,0,0x5c08570d2ff0
3237,3237,60,306,hip-hipmm-cdls-getrf,0,0x5c08570d2ff0
3238,3238,39,249,hip-hipmm-cdls-getrf,0,0x5c08570d2ff0
3239,3239,36,210,hip-hipmm-cdls-getrf,0,0x5c08570d2ff0
3240,3240,72,378,hip-hipmm-cdls-getrf,0,0x5c08570d2ff0
3241,3241,24,186,hip-hipmm-cdls-getrf,0,0x5c08570d2ff0
3242,3242,42,192,hip-hipmm-cdls-getrf,0,0x5c08570d2ff0
3243,3243,63,261,hip-hipmm-cdls-getrf,0,0x5c08570d2ff0
3244,3244,30,120,hip-hipmm-cdls-getrf,0,0x5c08570d2ff0
3245,3245,111,414,hip-hipmm-cdls-getrf,0,0x5c08570d2ff0
3246,3246,93,495,hip-hipmm-cdls-getrf,0,0x5c08570d2ff0
3247,3247,87,477,hip-hipmm-cdls-getrf,0,0x5c08570d2ff0
3248,3248,51,381,hip-hipmm-cdls-getrf,0,0x5c08570d2ff0
3249,3249,87,405,hip-hipmm-cdls-getrf,0,0x5c08570d2ff0
3250,3250,66,414,hip-hipmm-cdls-getrf,0,0x5c08570d2ff0
3251,3251,48,135,hip-hipmm-cdls-getrf,0,0x5c08570d2ff0
3252,3252,54,396,hip-hipmm-cdls-getrf,0,0x5c08570d2ff0
3253,3253,21,171,hip-hipmm-cdls-getrf,0,0x5c08570d2ff0
3254,3254,63,258,hip-hipmm-cdls-getrf,0,0x5c08570d2ff0
3255,3255,69,204,hip-hipmm-cdls-getrf,0,0x5c08570d2ff0
3256,3256,36,129,hip-hipmm-cdls-getrf,0,0x5c08570d2ff0
3257,3257,84,300,hip-hipmm-cdls-getrf,0,0x5c08570d2ff0
3258,3258,42,192,hip-hipmm-cdls-getrf,0,0x5c08570d2ff0
3259,3259,24,186,hip-hipmm-cdls-getrf,0,0x5c08570d2ff0
3260,3260,78,252,hip-hipmm-cdls-getrf,0,0x5c08570d2ff0
3261,3261,30,216,hip-hipmm-cdls-getrf,0,0x5c08570d2ff0
3262,3262,63,261,hip-hipmm-cdls-getrf,0,0x5c08570d2ff0
3263,3263,36,150,hip-hipmm-cdls-getrf,0,0x5c08570d2ff0
3264,3264,51,369,hip-hipmm-cdls-getrf,0,0x5c08570d2ff0
3265,3265,33,189,hip-hipmm-cdls-getrf,0,0x5c08570d2ff0
3266,3266,51,204,hip-hipmm-cdls-getrf,0,0x5c08570d2ff0
3267,3267,105,459,hip-hipmm-cdls-getrf,0,0x5c08570d2ff0
3268,3268,54,528,hip-hipmm-cdls-getrf,0,0x5c08570d2ff0
3269,3269,84,450,hip-hipmm-cdls-getrf,0,0x5c08570d2ff0
3270,3270,39,201,hip-hipmm-cdls-getrf,0,0x5c08570d2ff0
3271,3271,33,159,hip-hipmm-cdls-getrf,0,0x5c08570d2ff0
3272,3272,27,177,hip-hipmm-cdls-getrf,0,0x5c08570d2ff0
3273,3273,48,246,hip-hipmm-cdls-getrf,0,0x5c08570d2ff0
3274,3274,30,192,hip-hipmm-cdls-getrf,0,0x5c08570d2ff0
3275,3275,15,141,hip-hipmm-cdls-getrf,0,0x5c08570d2ff0
3276,3276,24,186,hip-hipmm-cdls-getrf,0,0x5c08570d2ff0
3277,3277,21,171,hip-hipmm-cdls-getrf,0,0x5c08570d2ff0
3278,3278,51,237,hip-hipmm-cdls-getrf,0,0x5c08570d2ff0
3279,3279,15,129,hip-hipmm-cdls-getrf,0,0x5c08570d2ff0
3280,3280,42,252,hip-hipmm-cdls-getrf,0,0x5c08570d2ff0
3281,3281,63,486,hip-hipmm-cdls-getrf,0,0x5c08570d2ff0
3282,3282,93,519,hip-hipmm-cdls-getrf,0,0x5c08570d2ff0
3283,3283,30,120,hip-hipmm-cdls-getrf,0,0x5c08570d2ff0
3284,3284,114,408,hip-hipmm-cdls-getrf,0,0x5c08570d2ff0
3285,3285,60,354,hip-hipmm-cdls-getrf,0,0x5c08570d2ff0
3286,3286,72,354,hip-hipmm-cdls-getrf,0,0x5c08570d2ff0
3287,3287,63,201,hip-hipmm-cdls-getrf,0,0x5c08570d2ff0
3288,3288,75,309,hip-hipmm-cdls-getrf,0,0x5c08570d2ff0
3289,3289,93,327,hip-hipmm-cdls-getrf,0,0x5c08570d2ff0
3290,3290,99,429,hip-hipmm-cdls-getrf,0,0x5c08570d2ff0
3291,3291,42,180,hip-hipmm-cdls-getrf,0,0x5c08570d2ff0
3292,3292,18,156,hip-hipmm-cdls-getrf,0,0x5c08570d2ff0
3293,3293,75,489,hip-hipmm-cdls-getrf,0,0x5c08570d2ff0
3294,3294,27,357,hip-hipmm-cdls-getrf,0,0x5c08570d2ff0
3295,3295,69,531,hip-hipmm-cdls-getrf,0,0x5c08570d2ff0
3296,3296,147,477,hip-hipmm-cdls-getrf,0,0x5c08570d2ff0
3297,3297,87,309,hip-hipmm-cdls-getrf,0,0x5c08570d2ff0
3298,3298,105,387,hip-hipmm-cdls-getrf,0,0x5c08570d2ff0
3299,3299,33,159,hip-hipmm-cdls-getrf,0,0x5c08570d2ff0
3300,3300,84,306,hip-hipmm-cdls-getrf,0,0x5c08570d2ff0
3301,3301,63,261,hip-hipmm-cdls-getrf,0,0x5c08570d2ff0
3302,3302,66,384,hip-hipmm-cdls-getrf,0,0x5c08570d2ff0
3303,3303,90,312,hip-hipmm-cdls-getrf,0,0x5c08570d2ff0
3304,3304,93,411,hip-hipmm-cdls-getrf,0,0x5c08570d2ff0
3305,3305,63,429,hip-hipmm-cdls-getrf,0,0x5c08570d2ff0
3306,3306,45,171,hip-hipmm-cdls-getrf,0,0x5c08570d2ff0
3307,3307,78,255,hip-hipmm-cdls-getrf,0,0x5c08570d2ff0
3308,3308,69,270,hip-hipmm-cdls-getrf,0,0x5c08570d2ff0
3309,3309,24,198,hip-hipmm-cdls-getrf,0,0x5c08570d2ff0
3310,3310,39,165,hip-hipmm-cdls-getrf,0,0x5c08570d2ff0
3311,3311,51,333,hip-hipmm-cdls-getrf,0,0x5c08570d2ff0
3312,3312,39,165,hip-hipmm-cdls-getrf,0,0x5c08570d2ff0
3313,3313,24,174,hip-hipmm-cdls-getrf,0,0x5c08570d2ff0
3314,3314,90,336,hip-hipmm-cdls-getrf,0,0x5c08570d2ff0
3315,3315,84,294,hip-hipmm-cdls-getrf,0,0x5c08570d2ff0
3316,3316,51,237,hip-hipmm-cdls-getrf,0,0x5c08570d2ff0
3317,3317,42,168,hip-hipmm-cdls-getrf,0,0x5c08570d2ff0
3318,3318,63,297,hip-hipmm-cdls-getrf,0,0x5c08570d2ff0
3319,3319,36,210,hip-hipmm-cdls-getrf,0,0x5c08570d2ff0
3320,3320,90,324,hip-hipmm-cdls-getrf,0,0x5c08570d2ff0
3321,3321,78,444,hip-hipmm-cdls-getrf,0,0x5c08570d2ff0
3322,3322,30,111,hip-hipmm-cdls-getrf,0,0x5c08570d2ff0
3323,3323,57,255,hip-hipmm-cdls-getrf,0,0x5c08570d2ff0
3324,3324,45,195,hip-hipmm-cdls-getrf,0,0x5c08570d2ff0
3325,3325,66,288,hip-hipmm-cdls-getrf,0,0x5c08570d2ff0
3326,3326,66,336,hip-hipmm-cdls-getrf,0,0x5c08570d2ff0
3327,3327,75,294,hip-hipmm-cdls-getrf,0,0x5c08570d2ff0
3328,3328,60,351,hip-hipmm-cdls-getrf,0,0x5c08570d2ff0
3329,3329,54,240,hip-hipmm-cdls-getrf,0,0x5c08570d2ff0
3330,3330,48,201,hip-hipmm-cdls-getrf,0,0x5c08570d2ff0
3331,3331,39,255,hip-hipmm-cdls-getrf,0,0x5c08570d2ff0
3332,3332,45,375,hip-hipmm-cdls-getrf,0,0x5c08570d2ff0
3333,3333,33,243,hip-hipmm-cdls-getrf,0,0x5c08570d2ff0
3334,3334,42,216,hip-hipmm-cdls-getrf,0,0x5c08570d2ff0
3335,3335,39,165,hip-hipmm-cdls-getrf,0,0x5c08570d2ff0
3336,3336,36,174,hip-hipmm-cdls-getrf,0,0x5c08570d2ff0
3337,3337,48,198,hip-hipmm-cdls-getrf,0,0x5c08570d2ff0
3338,3338,36,162,hip-hipmm-cdls-getrf,0,0x5c08570d2ff0
3339,3339,48,306,hip-hipmm-cdls-getrf,0,0x5c08570d2ff0
3340,3340,57,327,hip-hipmm-cdls-getrf,0,0x5c08570d2ff0
3341,3341,54,252,hip-hipmm-cdls-getrf,0,0x5c08570d2ff0
3342,3342,60,258,hip-hipmm-cdls-getrf,0,0x5c08570d2ff0
3343,3343,120,426,hip-hipmm-cdls-getrf,0,0x5c08570d2ff0
3344,3344,117,435,hip-hipmm-cdls-getrf,0,0x5c08570d2ff0
3345,3345,111,573,hip-hipmm-cdls-getrf,0,0x5c08570d2ff0
3346,3346,30,204,hip-hipmm-cdls-getrf,0,0x5c08570d2ff0
3347,3347,81,327,hip-hipmm-cdls-getrf,0,0x5c08570d2ff0
3348,3348,108,486,hip-hipmm-cdls-getrf,0,0x5c08570d2ff0
3349,3349,66,300,hip-hipmm-cdls-getrf,0,0x5c08570d2ff0
3350,3350,66,288,hip-hipmm-cdls-getrf,0,0x5c08570d2ff0
3351,3351,39,261,hip-hipmm-cdls-getrf,0,0x5c08570d2ff0
3352,3352,96,375,hip-hipmm-cdls-getrf,0,0x5c08570d2ff0
3353,3353,102,441,hip-hipmm-cdls-getrf,0,0x5c08570d2ff0
3354,3354,99,510,hip-hipmm-cdls-getrf,0,0x5c08570d2ff0
3355,3355,96,474,hip-hipmm-cdls-getrf,0,0x5c08570d2ff0
3356,3356,78,456,hip-hipmm-cdls-getrf,0,0x5c08570d2ff0
3357,3357,87,480,hip-hipmm-cdls-getrf,0,0x5c08570d2ff0
3358,3358,48,270,hip-hipmm-cdls-getrf,0,0x5c08570d2ff0
3359,3359,63,273,hip-hipmm-cdls-getrf,0,0x5c08570d2ff0
3360,3360,60,270,hip-hipmm-cdls-getrf,0,0x5c08570d2ff0
3361,3361,54,240,hip-hipmm-cdls-getrf,0,0x5c08570d2ff0
3362,3362,87,285,hip-hipmm-cdls-getrf,0,0x5c08570d2ff0
3363,3363,60,234,hip-hipmm-cdls-getrf,0,0x5c08570d2ff0
3364,3364,84,390,hip-hipmm-cdls-getrf,0,0x5c08570d2ff0
3365,3365,84,606,hip-hipmm-cdls-getrf,0,0x5c08570d2ff0
3366,3366,27,201,hip-hipmm-cdls-getrf,0,0x5c08570d2ff0
3367,3367,63,333,hip-hipmm-cdls-getrf,0,0x5c08570d2ff0
3368,3368,27,201,hip-hipmm-cdls-getrf,0,0x5c08570d2ff0
3369,3369,30,204,hip-hipmm-cdls-getrf,0,0x5c08570d2ff0
3370,3370,93,381,hip-hipmm-cdls-getrf,0,0x5c08570d2ff0
3371,3371,138,348,hip-hipmm-cdls-getrf,0,0x5c08570d2ff0
3372,3372,66,573,hip-hipmm-cdls-getrf,0,0x5c08570d2ff0
3373,3373,93,411,hip-hipmm-cdls-getrf,0,0x5c08570d2ff0
3374,3374,60,270,hip-hipmm-cdls-getrf,0,0x5c08570d2ff0
3375,3375,57,255,hip-hipmm-cdls-getrf,0,0x5c08570d2ff0
3376,3376,27,237,hip-hipmm-cdls-getrf,0,0x5c08570d2ff0
3377,3377,63,273,hip-hipmm-cdls-getrf,0,0x5c08570d2ff0
3378,3378,18,156,hip-hipmm-cdls-getrf,0,0x5c08570d2ff0
3379,3379,81,531,hip-hipmm-cdls-getrf,0,0x5c08570d2ff0
3380,3380,42,252,hip-hipmm-cdls-getrf,0,0x5c08570d2ff0
3381,3381,27,189,hip-hipmm-cdls-getrf,0,0x5c08570d2ff0
3382,3382,39,249,hip-hipmm-cdls-getrf,0,0x5c08570d2ff0
3383,3383,24,198,hip-hipmm-cdls-getrf,0,0x5c08570d2ff0
3384,3384,51,237,hip-hipmm-cdls-getrf,0,0x5c08570d2ff0
3385,3385,33,219,hip-hipmm-cdls-getrf,0,0x5c08570d2ff0
3386,3386,93,435,hip-hipmm-cdls-getrf,0,0x5c08570d2ff0
3387,3387,27,201,hip-hipmm-cdls-getrf,0,0x5c08570d2ff0
3388,3388,27,189,hip-hipmm-cdls-getrf,0,0x5c08570d2ff0
3389,3389,30,216,hip-hipmm-cdls-getrf,0,0x5c08570d2ff0
3390,3390,60,342,hip-hipmm-cdls-getrf,0,0x5c08570d2ff0
3391,3391,99,465,hip-hipmm-cdls-getrf,0,0x5c08570d2ff0
3392,3392,66,372,hip-hipmm-cdls-getrf,0,0x5c08570d2ff0
3393,3393,66,468,hip-hipmm-cdls-getrf,0,0x5c08570d2ff0
3394,3394,63,273,hip-hipmm-cdls-getrf,0,0x5c08570d2ff0
3395,3395,54,228,hip-hipmm-cdls-getrf,0,0x5c08570d2ff0
3396,3396,99,405,hip-hipmm-cdls-getrf,0,0x5c08570d2ff0
3397,3397,33,399,hip-hipmm-cdls-getrf,0,0x5c08570d2ff0
3398,3398,24,174,hip-hipmm-cdls-getrf,0,0x5c08570d2ff0
3399,3399,51,513,hip-hipmm-cdls-getrf,0,0x5c08570d2ff0
3400,3400,90,372,hip-hipmm-cdls-getrf,0,0x5c08570d2ff0
3401,3401,81,471,hip-hipmm-cdls-getrf,0,0x5c08570d2ff0
3402,3402,51,405,hip-hipmm-cdls-getrf,0,0x5c08570d2ff0
3403,3403,60,354,hip-hipmm-cdls-getrf,0,0x5c08570d2ff0
3404,3404,66,516,hip-hipmm-cdls-getrf,0,0x5c08570d2ff0
3405,3405,57,363,hip-hipmm-cdls-getrf,0,0x5c08570d2ff0
3406,3406,42,408,hip-hipmm-cdls-getrf,0,0x5c08570d2ff0
3407,3407,105,435,hip-hipmm-cdls-getrf,0,0x5c08570d2ff0
3408,3408,105,519,hip-hipmm-cdls-getrf,0,0x5c08570d2ff0
3409,3409,66,300,hip-hipmm-cdls-getrf,0,0x5c08570d2ff0
3410,3410,105,375,hip-hipmm-cdls-getrf,0,0x5c08570d2ff0
3411,3411,72,378,hip-hipmm-cdls-getrf,0,0x5c08570d2ff0
3412,3412,93,375,hip-hipmm-cdls-getrf,0,0x5c08570d2ff0
3413,3413,72,390,hip-hipmm-cdls-getrf,0,0x5c08570d2ff0
3414,3414,54,300,hip-hipmm-cdls-getrf,0,0x5c08570d2ff0
3415,3415,30,252,hip-hipmm-cdls-getrf,0,0x5c08570d2ff0
3416,3416,27,189,hip-hipmm-cdls-getrf,0,0x5c08570d2ff0
3417,3417,45,279,hip-hipmm-cdls-getrf,0,0x5c08570d2ff0
3418,3418,60,366,hip-hipmm-cdls-getrf,0,0x5c08570d2ff0
3419,3419,42,264,hip-hipmm-cdls-getrf,0,0x5c08570d2ff0
3420,3420,75,309,hip-hipmm-cdls-getrf,0,0x5c08570d2ff0
3421,3421,69,351,hip-hipmm-cdls-getrf,0,0x5c08570d2ff0
3422,3422,69,243,hip-hipmm-cdls-getrf,0,0x5c08570d2ff0
3423,3423,60,258,hip-hipmm-cdls-getrf,0,0x5c08570d2ff0
3424,3424,102,327,hip-hipmm-cdls-getrf,0,0x5c08570d2ff0
3425,3425,45,180,hip-hipmm-cdls-getrf,0,0x5c08570d2ff0
3426,3426,72,318,hip-hipmm-cdls-getrf,0,0x5c08570d2ff0
3427,3427,63,285,hip-hipmm-cdls-getrf,0,0x5c08570d2ff0
3428,3428,63,285,hip-hipmm-cdls-getrf,0,0x5c08570d2ff0
3429,3429,36,216,hip-hipmm-cdls-getrf,0,0x5c08570d2ff0
3430,3430,108,426,hip-hipmm-cdls-getrf,0,0x5c08570d2ff0
3431,3431,30,309,hip-hipmm-cdls-getrf,0,0x5c08570d2ff0
3432,3432,15,153,hip-hipmm-cdls-getrf,0,0x5c08570d2ff0
3433,3433,66,372,hip-hipmm-cdls-getrf,0,0x5c08570d2ff0
3434,3434,24,147,hip-hipmm-cdls-getrf,0,0x5c08570d2ff0
3435,3435,45,189,hip-hipmm-cdls-getrf,0,0x5c08570d2ff0
3436,3436,30,111,hip-hipmm-cdls-getrf,0,0x5c08570d2ff0
3437,3437,78,210,hip-hipmm-cdls-getrf,0,0x5c08570d2ff0
3438,3438,57,255,hip-hipmm-cdls-getrf,0,0x5c08570d2ff0
3439,3439,48,195,hip-hipmm-cdls-getrf,0,0x5c08570d2ff0
3440,3440,63,198,hip-hipmm-cdls-getrf,0,0x5c08570d2ff0
3441,3441,51,285,hip-hipmm-cdls-getrf,0,0x5c08570d2ff0
3442,3442,78,252,hip-hipmm-cdls-getrf,0,0x5c08570d2ff0
3443,3443,39,249,hip-hipmm-cdls-getrf,0,0x5c08570d2ff0
3444,3444,45,315,hip-hipmm-cdls-getrf,0,0x5c08570d2ff0
3445,3445,66,324,hip-hipmm-cdls-getrf,0,0x5c08570d2ff0
3446,3446,45,255,hip-hipmm-cdls-getrf,0,0x5c08570d2ff0
3447,3447,30,204,hip-hipmm-cdls-getrf,0,0x5c08570d2ff0
3448,3448,24,210,hip-hipmm-cdls-getrf,0,0x5c08570d2ff0
3449,3449,60,342,hip-hipmm-cdls-getrf,0,0x5c08570d2ff0
3450,3450,33,123,hip-hipmm-cdls-getrf,0,0x5c08570d2ff0
3451,3451,21,159,hip-hipmm-cdls-getrf,0,0x5c08570d2ff0
3452,3452,48,318,hip-hipmm-cdls-getrf,0,0x5c08570d2ff0
3453,3453,30,192,hip-hipmm-cdls-getrf,0,0x5c08570d2ff0
3454,3454,69,303,hip-hipmm-cdls-getrf,0,0x5c08570d2ff0
3455,3455,33,207,hip-hipmm-cdls-getrf,0,0x5c08570d2ff0
3456,3456,45,195,hip-hipmm-cdls-getrf,0,0x5c08570d2ff0
3457,3457,30,252,hip-hipmm-cdls-getrf,0,0x5c08570d2ff0
3458,3458,93,486,hip-hipmm-cdls-getrf,0,0x5c08570d2ff0
3459,3459,90,408,hip-hipmm-cdls-getrf,0,0x5c08570d2ff0
3460,3460,48,372,hip-hipmm-cdls-getrf,0,0x5c08570d2ff0
3461,3461,117,471,hip-hipmm-cdls-getrf,0,0x5c08570d2ff0
3462,3462,39,240,hip-hipmm-cdls-getrf,0,0x5c08570d2ff0
3463,3463,42,180,hip-hipmm-cdls-getrf,0,0x5c08570d2ff0
3464,3464,81,279,hip-hipmm-cdls-getrf,0,0x5c08570d2ff0
3465,3465,87,441,hip-hipmm-cdls-getrf,0,0x5c08570d2ff0
3466,3466,102,420,hip-hipmm-cdls-getrf,0,0x5c08570d2ff0
3467,3467,30,240,hip-hipmm-cdls-getrf,0,0x5c08570d2ff0
3468,3468,45,195,hip-hipmm-cdls-getrf,0,0x5c08570d2ff0
3469,3469,69,363,hip-hipmm-cdls-getrf,0,0x5c08570d2ff0
3470,3470,27,183,hip-hipmm-cdls-getrf,0,0x5c08570d2ff0
3471,3471,69,333,hip-hipmm-cdls-getrf,0,0x5c08570d2ff0
3472,3472,51,285,hip-hipmm-cdls-getrf,0,0x5c08570d2ff0
3473,3473,57,279,hip-hipmm-cdls-getrf,0,0x5c08570d2ff0
3474,3474,24,210,hip-hipmm-cdls-getrf,0,0x5c08570d2ff0
3475,3475,93,411,hip-hipmm-cdls-getrf,0,0x5c08570d2ff0
3476,3476,60,303,hip-hipmm-cdls-getrf,0,0x5c08570d2ff0
3477,3477,54,369,hip-hipmm-cdls-getrf,0,0x5c08570d2ff0
3478,3478,33,192,hip-hipmm-cdls-getrf,0,0x5c08570d2ff0
3479,3479,57,243,hip-hipmm-cdls-getrf,0,0x5c08570d2ff0
3480,3480,51,252,hip-hipmm-cdls-getrf,0,0x5c08570d2ff0
3481,3481,51,426,hip-hipmm-cdls-getrf,0,0x5c08570d2ff0
3482,3482,108,516,hip-hipmm-cdls-getrf,0,0x5c08570d2ff0
3483,3483,60,258,hip-hipmm-cdls-getrf,0,0x5c08570d2ff0
3484,3484,45,219,hip-hipmm-cdls-getrf,0,0x5c08570d2ff0
3485,3485,99,465,hip-hipmm-cdls-getrf,0,0x5c08570d2ff0
3486,3486,48,186,hip-hipmm-cdls-getrf,0,0x5c08570d2ff0
3487,3487,54,312,hip-hipmm-cdls-getrf,0,0x5c08570d2ff0
3488,3488,27,225,hip-hipmm-cdls-getrf,0,0x5c08570d2ff0
3489,3489,33,207,hip-hipmm-cdls-getrf,0,0x5c08570d2ff0
3490,3490,63,273,hip-hipmm-cdls-getrf,0,0x5c08570d2ff0
3491,3491,75,321,hip-hipmm-cdls-getrf,0,0x5c08570d2ff0
3492,3492,36,234,hip-hipmm-cdls-getrf,0,0x5c08570d2ff0
3493,3493,18,156,hip-hipmm-cdls-getrf,0,0x5c08570d2ff0
3494,3494,54,228,hip-hipmm-cdls-getrf,0,0x5c08570d2ff0
3495,3495,57,303,hip-hipmm-cdls-getrf,0,0x5c08570d2ff0
3496,3496,63,318,hip-hipmm-cdls-getrf,0,0x5c08570d2ff0
3497,3497,96,291,hip-hipmm-cdls-getrf,0,0x5c08570d2ff0
3498,3498,27,189,hip-hipmm-cdls-getrf,0,0x5c08570d2ff0
3499,3499,57,255,hip-hipmm-cdls-getrf,0,0x5c08570d2ff0
3500,3500,24,174,hip-hipmm-cdls-getrf,0,0x5c08570d2ff0
3501,3501,81,276,hip-hipmm-cdls-getrf,0,0x5c08570d2ff0
3502,3502,105,312,hip-hipmm-cdls-getrf,0,0x5c08570d2ff0
3503,3503,90,216,hip-hipmm-cdls-getrf,0,0x5c08570d2ff0
3504,3504,63,237,hip-hipmm-cdls-getrf,0,0x5c08570d2ff0
3505,3505,102,384,hip-hipmm-cdls-getrf,0,0x5c08570d2ff0
3506,3506,99,480,hip-hipmm-cdls-getrf,0,0x5c08570d2ff0
3507,3507,150,420,hip-hipmm-cdls-getrf,0,0x5c08570d2ff0
3508,3508,114,318,hip-hipmm-cdls-getrf,0,0x5c08570d2ff0
3509,3509,93,324,hip-hipmm-cdls-getrf,0,0x5c08570d2ff0
3510,3510,138,390,hip-hipmm-cdls-getrf,0,0x5c08570d2ff0
3511,3511,36,198,hip-hipmm-cdls-getrf,0,0x5c08570d2ff0
3512,3512,57,315,hip-hipmm-cdls-getrf,0,0x5c08570d2ff0
3513,3513,54,432,hip-hipmm-cdls-getrf,0,0x5c08570d2ff0
3514,3514,84,582,hip-hipmm-cdls-getrf,0,0x5c08570d2ff0
3515,3515,84,465,hip-hipmm-cdls-getrf,0,0x5c08570d2ff0
3516,3516,84,480,hip-hipmm-cdls-getrf,0,0x5c08570d2ff0
3517,3517,105,444,hip-hipmm-cdls-getrf,0,0x5c08570d2ff0
3518,3518,84,570,hip-hipmm-cdls-getrf,0,0x5c08570d2ff0
3519,3519,99,336,hip-hipmm-cdls-getrf,0,0x5c08570d2ff0
3520,3520,72,390,hip-hipmm-cdls-getrf,0,0x5c08570d2ff0
3521,3521,123,489,hip-hipmm-cdls-getrf,0,0x5c08570d2ff0
3522,3522,114,339,hip-hipmm-cdls-getrf,0,0x5c08570d2ff0
3523,3523,93,507,hip-hipmm-cdls-getrf,0,0x5c08570d2ff0
3524,3524,78,429,hip-hipmm-cdls-getrf,0,0x5c08570d2ff0
3525,3525,24,186,hip-hipmm-cdls-getrf,0,0x5c08570d2ff0
3526,3526,36,129,hip-hipmm-cdls-getrf,0,0x5c08570d2ff0
3527,3527,30,177,hip-hipmm-cdls-getrf,0,0x5c08570d2ff0
3528,3528,45,102,hip-hipmm-cdls-getrf,0,0x5c08570d2ff0
3529,3529,18,168,hip-hipmm-cdls-getrf,0,0x5c08570d2ff0
3530,3530,54,324,hip-hipmm-cdls-getrf,0,0x5c08570d2ff0
3531,3531,108,474,hip-hipmm-cdls-getrf,0,0x5c08570d2ff0
3532,3532,66,360,hip-hipmm-cdls-getrf,0,0x5c08570d2ff0
3533,3533,78,492,hip-hipmm-cdls-getrf,0,0x5c08570d2ff0
3534,3534,123,516,hip-hipmm-cdls-getrf,0,0x5c08570d2ff0
3535,3535,48,564,hip-hipmm-cdls-getrf,0,0x5c08570d2ff0
3536,3536,78,330,hip-hipmm-cdls-getrf,0,0x5c08570d2ff0
3537,3537,96,606,hip-hipmm-cdls-getrf,0,0x5c08570d2ff0
3538,3538,57,255,hip-hipmm-cdls-getrf,0,0x5c08570d2ff0
3539,3539,81,327,hip-hipmm-cdls-getrf,0,0x5c08570d2ff0
3540,3540,39,249,hip-hipmm-cdls-getrf,0,0x5c08570d2ff0
3541,3541,15,141,hip-hipmm-cdls-getrf,0,0x5c08570d2ff0
3542,3542,72,363,hip-hipmm-cdls-getrf,0,0x5c08570d2ff0
3543,3543,102,618,hip-hipmm-cdls-getrf,0,0x5c08570d2ff0
3544,3544,141,615,hip-hipmm-cdls-getrf,0,0x5c08570d2ff0
3545,3545,63,465,hip-hipmm-cdls-getrf,0,0x5c08570d2ff0
3546,3546,105,483,hip-hipmm-cdls-getrf,0,0x5c08570d2ff0
3547,3547,117,603,hip-hipmm-cdls-getrf,0,0x5c08570d2ff0
3548,3548,63,549,hip-hipmm-cdls-getrf,0,0x5c08570d2ff0
3549,3549,48,390,hip-hipmm-cdls-getrf,0,0x5c08570d2ff0
3550,3550,36,186,hip-hipmm-cdls-getrf,0,0x5c08570d2ff0
3551,3551,108,498,hip-hipmm-cdls-getrf,0,0x5c08570d2ff0
3552,3552,54,276,hip-hipmm-cdls-getrf,0,0x5c08570d2ff0
3553,3553,75,327,hip-hipmm-cdls-getrf,0,0x5c08570d2ff0
3554,3554,60,273,hip-hipmm-cdls-getrf,0,0x5c08570d2ff0
3555,3555,54,252,hip-hipmm-cdls-getrf,0,0x5c08570d2ff0
3556,3556,78,351,hip-hipmm-cdls-getrf,0,0x5c08570d2ff0
3557,3557,90,384,hip-hipmm-cdls-getrf,0,0x5c08570d2ff0
3558,3558,27,204,hip-hipmm-cdls-getrf,0,0x5c08570d2ff0
3559,3559,36,222,hip-hipmm-cdls-getrf,0,0x5c08570d2ff0
3560,3560,99,297,hip-hipmm-cdls-getrf,0,0x5c08570d2ff0
3561,3561,78,372,hip-hipmm-cdls-getrf,0,0x5c08570d2ff0
3562,3562,66,432,hip-hipmm-cdls-getrf,0,0x5c08570d2ff0
3563,3563,51,429,hip-hipmm-cdls-getrf,0,0x5c08570d2ff0
3564,3564,66,468,hip-hipmm-cdls-getrf,0,0x5c08570d2ff0
3565,3565,147,363,hip-hipmm-cdls-getrf,0,0x5c08570d2ff0
3566,3566,33,177,hip-hipmm-cdls-getrf,0,0x5c08570d2ff0
3567,3567,60,330,hip-hipmm-cdls-getrf,0,0x5c08570d2ff0
3568,3568,84,483,hip-hipmm-cdls-getrf,0,0x5c08570d2ff0
3569,3569,93,447,hip-hipmm-cdls-getrf,0,0x5c08570d2ff0
3570,3570,93,519,hip-hipmm-cdls-getrf,0,0x5c08570d2ff0
3571,3571,117,408,hip-hipmm-cdls-getrf,0,0x5c08570d2ff0
3572,3572,99,369,hip-hipmm-cdls-getrf,0,0x5c08570d2ff0
3573,3573,78,480,hip-hipmm-cdls-getrf,0,0x5c08570d2ff0
3574,3574,84,522,hip-hipmm-cdls-getrf,0,0x5c08570d2ff0
3575,3575,81,615,hip-hipmm-cdls-getrf,0,0x5c08570d2ff0
3576,3576,57,627,hip-hipmm-cdls-getrf,0,0x5c08570d2ff0
3577,3577,51,438,hip-hipmm-cdls-getrf,0,0x5c08570d2ff0
3578,3578,60,672,hip-hipmm-cdls-getrf,0,0x5c08570d2ff0
3579,3579,78,414,hip-hipmm-cdls-getrf,0,0x5c08570d2ff0
3580,3580,21,171,hip-hipmm-cdls-getrf,0,0x5c08570d2ff0
3581,3581,48,414,hip-hipmm-cdls-getrf,0,0x5c08570d2ff0
3582,3582,87,321,hip-hipmm-cdls-getrf,0,0x5c08570d2ff0
3583,3583,51,405,hip-hipmm-cdls-getrf,0,0x5c08570d2ff0
3584,3584,39,510,hip-hipmm-cdls-getrf,0,0x5c08570d2ff0
3585,3585,102,402,hip-hipmm-cdls-getrf,0,0x5c08570d2ff0
3586,3586,57,444,hip-hipmm-cdls-getrf,0,0x5c08570d2ff0
3587,3587,135,468,hip-hipmm-cdls-getrf,0,0x5c08570d2ff0
3588,3588,114,429,hip-hipmm-cdls-getrf,0,0x5c08570d2ff0
3589,3589,108,501,hip-hipmm-cdls-getrf,0,0x5c08570d2ff0
3590,3590,96,435,hip-hipmm-cdls-getrf,0,0x5c08570d2ff0
3591,3591,66,309,hip-hipmm-cdls-getrf,0,0x5c08570d2ff0
3592,3592,33,207,hip-hipmm-cdls-getrf,0,0x5c08570d2ff0
3593,3593,57,255,hip-hipmm-cdls-getrf,0,0x5c08570d2ff0
3594,3594,99,531,hip-hipmm-cdls-getrf,0,0x5c08570d2ff0
3595,3595,81,531,hip-hipmm-cdls-getrf,0,0x5c08570d2ff0
3596,3596,84,498,hip-hipmm-cdls-getrf,0,0x5c08570d2ff0
3597,3597,42,504,hip-hipmm-cdls-getrf,0,0x5c08570d2ff0
3598,3598,75,321,hip-hipmm-cdls-getrf,0,0x5c08570d2ff0
3599,3599,87,357,hip-hipmm-cdls-getrf,0,0x5c08570d2ff0
3600,3600,30,240,hip-hipmm-cdls-getrf,0,0x5c08570d2ff0
3601,3601,27,213,hip-hipmm-cdls-getrf,0,0x5c08570d2ff0
3602,3602,45,210,hip-hipmm-cdls-getrf,0,0x5c08570d2ff0
3603,3603,45,180,hip-hipmm-cdls-getrf,0,0x5c08570d2ff0
3604,3604,54,267,hip-hipmm-cdls-getrf,0,0x5c08570d2ff0
3605,3605,39,225,hip-hipmm-cdls-getrf,0,0x5c08570d2ff0
3606,3606,84,354,hip-hipmm-cdls-getrf,0,0x5c08570d2ff0
3607,3607,66,270,hip-hipmm-cdls-getrf,0,0x5c08570d2ff0
3608,3608,30,195,hip-hipmm-cdls-getrf,0,0x5c08570d2ff0
3609,3609,78,288,hip-hipmm-cdls-getrf,0,0x5c08570d2ff0
3610,3610,78,360,hip-hipmm-cdls-getrf,0,0x5c08570d2ff0
3611,3611,57,471,hip-hipmm-cdls-getrf,0,0x5c08570d2ff0
3612,3612,81,384,hip-hipmm-cdls-getrf,0,0x5c08570d2ff0
3613,3613,54,447,hip-hipmm-cdls-getrf,0,0x5c08570d2ff0
3614,3614,66,576,hip-hipmm-cdls-getrf,0,0x5c08570d2ff0
3615,3615,147,453,hip-hipmm-cdls-getrf,0,0x5c08570d2ff0
3616,3616,84,525,hip-hipmm-cdls-getrf,0,0x5c08570d2ff0
3617,3617,111,465,hip-hipmm-cdls-getrf,0,0x5c08570d2ff0
3618,3618,63,429,hip-hipmm-cdls-getrf,0,0x5c08570d2ff0
3619,3619,39,138,hip-hipmm-cdls-getrf,0,0x5c08570d2ff0
3620,3620,66,234,hip-hipmm-cdls-getrf,0,0x5c08570d2ff0
3621,3621,129,399,hip-hipmm-cdls-getrf,0,0x5c08570d2ff0
3622,3622,96,492,hip-hipmm-cdls-getrf,0,0x5c08570d2ff0
3623,3623,66,267,hip-hipmm-cdls-getrf,0,0x5c08570d2ff0
3624,3624,84,384,hip-hipmm-cdls-getrf,0,0x5c08570d2ff0
3625,3625,63,174,hip-hipmm-cdls-getrf,0,0x5c08570d2ff0
3626,3626,39,252,hip-hipmm-cdls-getrf,0,0x5c08570d2ff0
3627,3627,39,237,hip-hipmm-cdls-getrf,0,0x5c08570d2ff0
3628,3628,75,237,hip-hipmm-cdls-getrf,0,0x5c08570d2ff0
3629,3629,147,477,hip-hipmm-cdls-getrf,0,0x5c08570d2ff0
3630,3630,108,336,hip-hipmm-cdls-getrf,0,0x5c08570d2ff0
3631,3631,102,306,hip-hipmm-cdls-getrf,0,0x5c08570d2ff0
3632,3632,150,360,hip-hipmm-cdls-getrf,0,0x5c08570d2ff0
3633,3633,45,162,hip-hipmm-cdls-getrf,0,0x5c08570d2ff0
3634,3634,63,171,hip-hipmm-cdls-getrf,0,0x5c08570d2ff0
3635,3635,48,234,hip-hipmm-cdls-getrf,0,0x5c08570d2ff0
3636,3636,63,219,hip-hipmm-cdls-getrf,0,0x5c08570d2ff0
3637,3637,60,246,hip-hipmm-cdls-getrf,0,0x5c08570d2ff0
3638,3638,66,288,hip-hipmm-cdls-getrf,0,0x5c08570d2ff0
3639,3639,123,306,hip-hipmm-cdls-getrf,0,0x5c08570d2ff0
3640,3640,69,288,hip-hipmm-cdls-getrf,0,0x5c08570d2ff0
3641,3641,45,228,hip-hipmm-cdls-getrf,0,0x5c08570d2ff0
3642,3642,90,318,hip-hipmm-cdls-getrf,0,0x5c08570d2ff0
3643,3643,66,396,hip-hipmm-cdls-getrf,0,0x5c08570d2ff0
3644,3644,78,408,hip-hipmm-cdls-getrf,0,0x5c08570d2ff0
3645,3645,60,264,hip-hipmm-cdls-getrf,0,0x5c08570d2ff0
3646,3646,48,171,hip-hipmm-cdls-getrf,0,0x5c08570d2ff0
3647,3647,36,195,hip-hipmm-cdls-getrf,0,0x5c08570d2ff0
3648,3648,111,438,hip-hipmm-cdls-getrf,0,0x5c08570d2ff0
3649,3649,54,312,hip-hipmm-cdls-getrf,0,0x5c08570d2ff0
3650,3650,48,294,hip-hipmm-cdls-getrf,0,0x5c08570d2ff0
3651,3651,63,345,hip-hipmm-cdls-getrf,0,0x5c08570d2ff0
3652,3652,51,225,hip-hipmm-cdls-getrf,0,0x5c08570d2ff0
3653,3653,126,393,hip-hipmm-cdls-getrf,0,0x5c08570d2ff0
3654,3654,60,465,hip-hipmm-cdls-getrf,0,0x5c08570d2ff0
3655,3655,138,414,hip-hipmm-cdls-getrf,0,0x5c08570d2ff0
3656,3656,180,414,hip-hipmm-cdls-getrf,0,0x5c08570d2ff0
3657,3657,48,201,hip-hipmm-cdls-getrf,0,0x5c08570d2ff0
3658,3658,30,186,hip-hipmm-cdls-getrf,0,0x5c08570d2ff0
3659,3659,54,267,hip-hipmm-cdls-getrf,0,0x5c08570d2ff0
3660,3660,108,486,hip-hipmm-cdls-getrf,0,0x5c08570d2ff0
3661,3661,69,576,hip-hipmm-cdls-getrf,0,0x5c08570d2ff0
3662,3662,138,444,hip-hipmm-cdls-getrf,0,0x5c08570d2ff0
3663,3663,123,537,hip-hipmm-cdls-getrf,0,0x5c08570d2ff0
3664,3664,87,438,hip-hipmm-cdls-getrf,0,0x5c08570d2ff0
3665,3665,69,495,hip-hipmm-cdls-getrf,0,0x5c08570d2ff0
3666,3666,87,456,hip-hipmm-cdls-getrf,0,0x5c08570d2ff0
3667,3667,66,300,hip-hipmm-cdls-getrf,0,0x5c08570d2ff0
3668,3668,99,420,hip-hipmm-cdls-getrf,0,0x5c08570d2ff0
3669,3669,30,228,hip-hipmm-cdls-getrf,0,0x5c08570d2ff0
3670,3670,60,426,hip-hipmm-cdls-getrf,0,0x5c08570d2ff0
3671,3671,48,393,hip-hipmm-cdls-getrf,0,0x5c08570d2ff0
3672,3672,111,543,hip-hipmm-cdls-getrf,0,0x5c08570d2ff0
3673,3673,69,279,hip-hipmm-cdls-getrf,0,0x5c08570d2ff0
3674,3674,84,258,hip-hipmm-cdls-getrf,0,0x5c08570d2ff0
3675,3675,126,528,hip-hipmm-cdls-getrf,0,0x5c08570d2ff0
3676,3676,132,426,hip-hipmm-cdls-getrf,0,0x5c08570d2ff0
3677,3677,42,252,hip-hipmm-cdls-getrf,0,0x5c08570d2ff0
3678,3678,87,312,hip-hipmm-cdls-getrf,0,0x5c08570d2ff0
3679,3679,165,366,hip-hipmm-cdls-getrf,0,0x5c08570d2ff0
3680,3680,30,171,hip-hipmm-cdls-getrf,0,0x5c08570d2ff0
3681,3681,54,348,hip-hipmm-cdls-getrf,0,0x5c08570d2ff0
3682,3682,60,324,hip-hipmm-cdls-getrf,0,0x5c08570d2ff0
3683,3683,54,228,hip-hipmm-cdls-getrf,0,0x5c08570d2ff0
3684,3684,42,258,hip-hipmm-cdls-getrf,0,0x5c08570d2ff0
3685,3685,57,255,hip-hipmm-cdls-getrf,0,0x5c08570d2ff0
3686,3686,75,249,hip-hipmm-cdls-getrf,0,0x5c08570d2ff0
3687,3687,111,372,hip-hipmm-cdls-getrf,0,0x5c08570d2ff0
3688,3688,141,396,hip-hipmm-cdls-getrf,0,0x5c08570d2ff0
3689,3689,72,318,hip-hipmm-cdls-getrf,0,0x5c08570d2ff0
3690,3690,111,513,hip-hipmm-cdls-getrf,0,0x5c08570d2ff0
3691,3691,63,261,hip-hipmm-cdls-getrf,0,0x5c08570d2ff0
3692,3692,108,345,hip-hipmm-cdls-getrf,0,0x5c08570d2ff0
3693,3693,75,429,hip-hipmm-cdls-getrf,0,0x5c08570d2ff0
3694,3694,33,180,hip-hipmm-cdls-getrf,0,0x5c08570d2ff0
3695,3695,84,306,hip-hipmm-cdls-getrf,0,0x5c08570d2ff0
3696,3696,69,306,hip-hipmm-cdls-getrf,0,0x5c08570d2ff0
3697,3697,45,183,hip-hipmm-cdls-getrf,0,0x5c08570d2ff0
3698,3698,36,234,hip-hipmm-cdls-getrf,0,0x5c08570d2ff0
3699,3699,69,228,hip-hipmm-cdls-getrf,0,0x5c08570d2ff0
3700,3700,93,351,hip-hipmm-cdls-getrf,0,0x5c08570d2ff0
3701,3701,33,159,hip-hipmm-cdls-getrf,0,0x5c08570d2ff0
3702,3702,51,273,hip-hipmm-cdls-getrf,0,0x5c08570d2ff0
3703,3703,87,369,hip-hipmm-cdls-getrf,0,0x5c08570d2ff0
3704,3704,66,312,hip-hipmm-cdls-getrf,0,0x5c08570d2ff0
3705,3705,27,105,hip-hipmm-cdls-getrf,0,0x5c08570d2ff0
3706,3706,39,165,hip-hipmm-cdls-getrf,0,0x5c08570d2ff0
3707,3707,42,216,hip-hipmm-cdls-getrf,0,0x5c08570d2ff0
3708,3708,51,213,hip-hipmm-cdls-getrf,0,0x5c08570d2ff0
3709,3709,57,243,hip-hipmm-cdls-getrf,0,0x5c08570d2ff0
3710,3710,138,417,hip-hipmm-cdls-getrf,0,0x5c08570d2ff0
3711,3711,81,471,hip-hipmm-cdls-getrf,0,0x5c08570d2ff0
3712,3712,90,444,hip-hipmm-cdls-getrf,0,0x5c08570d2ff0
3713,3713,42,375,hip-hipmm-cdls-getrf,0,0x5c08570d2ff0
3714,3714,66,255,hip-hipmm-cdls-getrf,0,0x5c08570d2ff0
3715,3715,66,285,hip-hipmm-cdls-getrf,0,0x5c08570d2ff0
3716,3716,30,174,hip-hipmm-cdls-getrf,0,0x5c08570d2ff0
3717,3717,84,450,hip-hipmm-cdls-getrf,0,0x5c08570d2ff0
3718,3718,75,321,hip-hipmm-cdls-getrf,0,0x5c08570d2ff0
3719,3719,90,288,hip-hipmm-cdls-getrf,0,0x5c08570d2ff0
3720,3720,78,306,hip-hipmm-cdls-getrf,0,0x5c08570d2ff0
3721,3721,60,270,hip-hipmm-cdls-getrf,0,0x5c08570d2ff0
3722,3722,69,246,hip-hipmm-cdls-getrf,0,0x5c08570d2ff0
3723,3723,33,135,hip-hipmm-cdls-getrf,0,0x5c08570d2ff0
3724,3724,60,330,hip-hipmm-cdls-getrf,0,0x5c08570d2ff0
3725,3725,78,228,hip-hipmm-cdls-getrf,0,0x5c08570d2ff0
3726,3726,126,330,hip-hipmm-cdls-getrf,0,0x5c08570d2ff0
3727,3727,51,195,hip-hipmm-cdls-getrf,0,0x5c08570d2ff0
3728,3728,45,195,hip-hipmm-cdls-getrf,0,0x5c08570d2ff0
3729,3729,54,216,hip-hipmm-cdls-getrf,0,0x5c08570d2ff0
3730,3730,30,183,hip-hipmm-cdls-getrf,0,0x5c08570d2ff0
3731,3731,42,288,hip-hipmm-cdls-getrf,0,0x5c08570d2ff0
3732,3732,36,222,hip-hipmm-cdls-getrf,0,0x5c08570d2ff0
3733,3733,30,228,hip-hipmm-cdls-getrf,0,0x5c08570d2ff0
3734,3734,63,297,hip-hipmm-cdls-getrf,0,0x5c08570d2ff0
3735,3735,87,342,hip-hipmm-cdls-getrf,0,0x5c08570d2ff0
3736,3736,78,336,hip-hipmm-cdls-getrf,0,0x5c08570d2ff0
3737,3737,99,435,hip-hipmm-cdls-getrf,0,0x5c08570d2ff0
3738,3738,57,315,hip-hipmm-cdls-getrf,0,0x5c08570d2ff0
3739,3739,81,387,hip-hipmm-cdls-getrf,0,0x5c08570d2ff0
3740,3740,42,360,hip-hipmm-cdls-getrf,0,0x5c08570d2ff0
3741,3741,33,207,hip-hipmm-cdls-getrf,0,0x5c08570d2ff0
3742,3742,54,207,hip-hipmm-cdls-getrf,0,0x5c08570d2ff0
3743,3743,57,186,hip-hipmm-cdls-getrf,0,0x5c08570d2ff0
3744,3744,54,201,hip-hipmm-cdls-getrf,0,0x5c08570d2ff0
3745,3745,54,228,hip-hipmm-cdls-getrf,0,0x5c08570d2ff0
3746,3746,75,201,hip-hipmm-cdls-getrf,0,0x5c08570d2ff0
3747,3747,36,189,hip-hipmm-cdls-getrf,0,0x5c08570d2ff0
3748,3748,111,405,hip-hipmm-cdls-getrf,0,0x5c08570d2ff0
3749,3749,90,330,hip-hipmm-cdls-getrf,0,0x5c08570d2ff0
3750,3750,72,330,hip-hipmm-cdls-getrf,0,0x5c08570d2ff0
3751,3751,36,234,hip-hipmm-cdls-getrf,0,0x5c08570d2ff0
3752,3752,57,327,hip-hipmm-cdls-getrf,0,0x5c08570d2ff0
3753,3753,27,201,hip-hipmm-cdls-getrf,0,0x5c08570d2ff0
3754,3754,48,183,hip-hipmm-cdls-getrf,0,0x5c08570d2ff0
3755,3755,36,132,hip-hipmm-cdls-getrf,0,0x5c08570d2ff0
3756,3756,27,171,hip-hipmm-cdls-getrf,0,0x5c08570d2ff0
3757,3757,36,234,hip-hipmm-cdls-getrf,0,0x5c08570d2ff0
3758,3758,75,291,hip-hipmm-cdls-getrf,0,0x5c08570d2ff0
3759,3759,45,279,hip-hipmm-cdls-getrf,0,0x5c08570d2ff0
3760,3760,39,192,hip-hipmm-cdls-getrf,0,0x5c08570d2ff0
3761,3761,48,261,hip-hipmm-cdls-getrf,0,0x5c08570d2ff0
3762,3762,39,165,hip-hipmm-cdls-getrf,0,0x5c08570d2ff0
3763,3763,66,312,hip-hipmm-cdls-getrf,0,0x5c08570d2ff0
3764,3764,63,237,hip-hipmm-cdls-getrf,0,0x5c08570d2ff0
3765,3765,60,270,hip-hipmm-cdls-getrf,0,0x5c08570d2ff0
3766,3766,87,273,hip-hipmm-cdls-getrf,0,0x5c08570d2ff0
3767,3767,75,285,hip-hipmm-cdls-getrf,0,0x5c08570d2ff0
3768,3768,60,192,hip-hipmm-cdls-getrf,0,0x5c08570d2ff0
3769,3769,66,270,hip-hipmm-cdls-getrf,0,0x5c08570d2ff0
3770,3770,33,189,hip-hipmm-cdls-getrf,0,0x5c08570d2ff0
3771,3771,36,138,hip-hipmm-cdls-getrf,0,0x5c08570d2ff0
3772,3772,66,384,hip-hipmm-cdls-getrf,0,0x5c08570d2ff0
3773,3773,24,153,hip-hipmm-cdls-getrf,0,0x5c08570d2ff0
3774,3774,114,318,hip-hipmm-cdls-getrf,0,0x5c08570d2ff0
3775,3775,105,447,hip-hipmm-cdls-getrf,0,0x5c08570d2ff0
3776,3776,141,333,hip-hipmm-cdls-getrf,0,0x5c08570d2ff0
3777,3777,72,306,hip-hipmm-cdls-getrf,0,0x5c08570d2ff0
3778,3778,90,306,hip-hipmm-cdls-getrf,0,0x5c08570d2ff0
3779,3779,102,372,hip-hipmm-cdls-getrf,0,0x5c08570d2ff0
3780,3780,27,222,hip-hipmm-cdls-getrf,0,0x5c08570d2ff0
3781,3781,102,504,hip-hipmm-cdls-getrf,0,0x5c08570d2ff0
3782,3782,42,171,hip-hipmm-cdls-getrf,0,0x5c08570d2ff0
3783,3783,75,228,hip-hipmm-cdls-getrf,0,0x5c08570d2ff0
3784,3784,66,363,hip-hipmm-cdls-getrf,0,0x5c08570d2ff0
3785,3785,75,345,hip-hipmm-cdls-getrf,0,0x5c08570d2ff0
3786,3786,84,426,hip-hipmm-cdls-getrf,0,0x5c08570d2ff0
3787,3787,33,207,hip-hipmm-cdls-getrf,0,0x5c08570d2ff0
3788,3788,81,261,hip-hipmm-cdls-getrf,0,0x5c08570d2ff0
3789,3789,66,165,hip-hipmm-cdls-getrf,0,0x5c08570d2ff0
3790,3790,39,153,hip-hipmm-cdls-getrf,0,0x5c08570d2ff0
3791,3791,81,279,hip-hipmm-cdls-getrf,0,0x5c08570d2ff0
3792,3792,90,372,hip-hipmm-cdls-getrf,0,0x5c08570d2ff0
3793,3793,69,291,hip-hipmm-cdls-getrf,0,0x5c08570d2ff0
3794,3794,21,183,hip-hipmm-cdls-getrf,0,0x5c08570d2ff0
3795,3795,72,342,hip-hipmm-cdls-getrf,0,0x5c08570d2ff0
3796,3796,69,339,hip-hipmm-cdls-getrf,0,0x5c08570d2ff0
3797,3797,81,327,hip-hipmm-cdls-getrf,0,0x5c08570d2ff0
3798,3798,36,210,hip-hipmm-cdls-getrf,0,0x5c08570d2ff0
3799,3799,30,204,hip-hipmm-cdls-getrf,0,0x5c08570d2ff0
3800,3800,90,507,hip-hipmm-cdls-getrf,0,0x5c08570d2ff0
3801,3801,69,465,hip-hipmm-cdls-getrf,0,0x5c08570d2ff0
3802,3802,60,378,hip-hipmm-cdls-getrf,0,0x5c08570d2ff0
3803,3803,108,342,hip-hipmm-cdls-getrf,0,0x5c08570d2ff0
3804,3804,51,441,hip-hipmm-cdls-getrf,0,0x5c08570d2ff0
3805,3805,126,504,hip-hipmm-cdls-getrf,0,0x5c08570d2ff0
3806,3806,60,639,hip-hipmm-cdls-getrf,0,0x5c08570d2ff0
3807,3807,90,624,hip-hipmm-cdls-getrf,0,0x5c08570d2ff0
3808,3808,81,675,hip-hipmm-cdls-getrf,0,0x5c08570d2ff0
3809,3809,105,447,hip-hipmm-cdls-getrf,0,0x5c08570d2ff0
3810,3810,111,453,hip-hipmm-cdls-getrf,0,0x5c08570d2ff0
3811,3811,60,282,hip-hipmm-cdls-getrf,0,0x5c08570d2ff0
3812,3812,87,309,hip-hipmm-cdls-getrf,0,0x5c08570d2ff0
3813,3813,111,444,hip-hipmm-cdls-getrf,0,0x5c08570d2ff0
3814,3814,78,375,hip-hipmm-cdls-getrf,0,0x5c08570d2ff0
3815,3815,78,456,hip-hipmm-cdls-getrf,0,0x5c08570d2ff0
3816,3816,105,543,hip-hipmm-cdls-getrf,0,0x5c08570d2ff0
3817,3817,42,168,hip-hipmm-cdls-getrf,0,0x5c08570d2ff0
3818,3818,57,234,hip-hipmm-cdls-getrf,0,0x5c08570d2ff0
3819,3819,54,291,hip-hipmm-cdls-getrf,0,0x5c08570d2ff0
3820,3820,36,204,hip-hipmm-cdls-getrf,0,0x5c08570d2ff0
3821,3821,105,375,hip-hipmm-cdls-getrf,0,0x5c08570d2ff0
3822,3822,51,381,hip-hipmm-cdls-getrf,0,0x5c08570d2ff0
3823,3823,87,405,hip-hipmm-cdls-getrf,0,0x5c08570d2ff0
3824,3824,75,393,hip-hipmm-cdls-getrf,0,0x5c08570d2ff0
3825,3825,105,414,hip-hipmm-cdls-getrf,0,0x5c08570d2ff0
3826,3826,60,480,hip-hipmm-cdls-getrf,0,0x5c08570d2ff0
3827,3827,66,348,hip-hipmm-cdls-getrf,0,0x5c08570d2ff0
3828,3828,66,249,hip-hipmm-cdls-getrf,0,0x5c08570d2ff0
3829,3829,63,285,hip-hipmm-cdls-getrf,0,0x5c08570d2ff0
3830,3830,93,435,hip-hipmm-cdls-getrf,0,0x5c08570d2ff0
3831,3831,33,207,hip-hipmm-cdls-getrf,0,0x5c08570d2ff0
3832,3832,24,186,hip-hipmm-cdls-getrf,0,0x5c08570d2ff0
3833,3833,57,315,hip-hipmm-cdls-getrf,0,0x5c08570d2ff0
3834,3834,81,327,hip-hipmm-cdls-getrf,0,0x5c08570d2ff0
3835,3835,30,120,hip-hipmm-cdls-getrf,0,0x5c08570d2ff0
3836,3836,36,222,hip-hipmm-cdls-getrf,0,0x5c08570d2ff0
3837,3837,36,150,hip-hipmm-cdls-getrf,0,0x5c08570d2ff0
3838,3838,45,183,hip-hipmm-cdls-getrf,0,0x5c08570d2ff0
3839,3839,30,240,hip-hipmm-cdls-getrf,0,0x5c08570d2ff0
3840,3840,66,276,hip-hipmm-cdls-getrf,0,0x5c08570d2ff0
3841,3841,87,369,hip-hipmm-cdls-getrf,0,0x5c08570d2ff0
3842,3842,57,207,hip-hipmm-cdls-getrf,0,0x5c08570d2ff0
3843,3843,48,306,hip-hipmm-cdls-getrf,0,0x5c08570d2ff0
3844,3844,24,132,hip-hipmm-cdls-getrf,0,0x5c08570d2ff0
3845,3845,27,159,hip-hipmm-cdls-getrf,0,0x5c08570d2ff0
3846,3846,24,168,hip-hipmm-cdls-getrf,0,0x5c08570d2ff0
3847,3847,87,393,hip-hipmm-cdls-getrf,0,0x5c08570d2ff0
3848,3848,60,246,hip-hipmm-cdls-getrf,0,0x5c08570d2ff0
3849,3849,99,498,hip-hipmm-cdls-getrf,0,0x5c08570d2ff0
3850,3850,93,477,hip-hipmm-cdls-getrf,0,0x5c08570d2ff0
3851,3851,63,318,hip-hipmm-cdls-getrf,0,0x5c08570d2ff0
3852,3852,108,327,hip-hipmm-cdls-getrf,0,0x5c08570d2ff0
3853,3853,39,234,hip-hipmm-cdls-getrf,0,0x5c08570d2ff0
3854,3854,45,222,hip-hipmm-cdls-getrf,0,0x5c08570d2ff0
3855,3855,33,177,hip-hipmm-cdls-getrf,0,0x5c08570d2ff0
3856,3856,51,225,hip-hipmm-cdls-getrf,0,0x5c08570d2ff0
3857,3857,36,222,hip-hipmm-cdls-getrf,0,0x5c08570d2ff0
3858,3858,51,297,hip-hipmm-cdls-getrf,0,0x5c08570d2ff0
3859,3859,69,291,hip-hipmm-cdls-getrf,0,0x5c08570d2ff0
3860,3860,36,147,hip-hipmm-cdls-getrf,0,0x5c08570d2ff0
3861,3861,45,279,hip-hipmm-cdls-getrf,0,0x5c08570d2ff0
3862,3862,54,312,hip-hipmm-cdls-getrf,0,0x5c08570d2ff0
3863,3863,93,339,hip-hipmm-cdls-getrf,0,0x5c08570d2ff0
3864,3864,66,267,hip-hipmm-cdls-getrf,0,0x5c08570d2ff0
3865,3865,78,444,hip-hipmm-cdls-getrf,0,0x5c08570d2ff0
3866,3866,99,513,hip-hipmm-cdls-getrf,0,0x5c08570d2ff0
3867,3867,39,156,hip-hipmm-cdls-getrf,0,0x5c08570d2ff0
3868,3868,84,309,hip-hipmm-cdls-getrf,0,0x5c08570d2ff0
3869,3869,81,375,hip-hipmm-cdls-getrf,0,0x5c08570d2ff0
3870,3870,90,408,hip-hipmm-cdls-getrf,0,0x5c08570d2ff0
3871,3871,24,183,hip-hipmm-cdls-getrf,0,0x5c08570d2ff0
3872,3872,39,303,hip-hipmm-cdls-getrf,0,0x5c08570d2ff0
3873,3873,27,183,hip-hipmm-cdls-getrf,0,0x5c08570d2ff0
3874,3874,54,207,hip-hipmm-cdls-getrf,0,0x5c08570d2ff0
3875,3875,99,291,hip-hipmm-cdls-getrf,0,0x5c08570d2ff0
3876,3876,90,369,hip-hipmm-cdls-getrf,0,0x5c08570d2ff0
3877,3877,63,345,hip-hipmm-cdls-getrf,0,0x5c08570d2ff0
3878,3878,81,354,hip-hipmm-cdls-getrf,0,0x5c08570d2ff0
3879,3879,75,504,hip-hipmm-cdls-getrf,0,0x5c08570d2ff0
3880,3880,75,384,hip-hipmm-cdls-getrf,0,0x5c08570d2ff0
3881,3881,69,297,hip-hipmm-cdls-getrf,0,0x5c08570d2ff0
3882,3882,81,342,hip-hipmm-cdls-getrf,0,0x5c08570d2ff0
3883,3883,36,300,hip-hipmm-cdls-getrf,0,0x5c08570d2ff0
3884,3884,27,213,hip-hipmm-cdls-getrf,0,0x5c08570d2ff0
3885,3885,18,168,hip-hipmm-cdls-getrf,0,0x5c08570d2ff0
3886,3886,90,372,hip-hipmm-cdls-getrf,0,0x5c08570d2ff0
3887,3887,30,204,hip-hipmm-cdls-getrf,0,0x5c08570d2ff0
3888,3888,27,105,hip-hipmm-cdls-getrf,0,0x5c08570d2ff0
3889,3889,33,135,hip-hipmm-cdls-getrf,0,0x5c08570d2ff0
3890,3890,69,222,hip-hipmm-cdls-getrf,0,0x5c08570d2ff0
3891,3891,45,168,hip-hipmm-cdls-getrf,0,0x5c08570d2ff0
3892,3892,36,168,hip-hipmm-cdls-getrf,0,0x5c08570d2ff0
3893,3893,117,378,hip-hipmm-cdls-getrf,0,0x5c08570d2ff0
3894,3894,84,285,hip-hipmm-cdls-getrf,0,0x5c08570d2ff0
3895,3895,60,198,hip-hipmm-cdls-getrf,0,0x5c08570d2ff0
3896,3896,66,228,hip-hipmm-cdls-getrf,0,0x5c08570d2ff0
3897,3897,72,318,hip-hipmm-cdls-getrf,0,0x5c08570d2ff0
3898,3898,48,246,hip-hipmm-cdls-getrf,0,0x5c08570d2ff0
3899,3899,96,330,hip-hipmm-cdls-getrf,0,0x5c08570d2ff0
3900,3900,57,216,hip-hipmm-cdls-getrf,0,0x5c08570d2ff0
3901,3901,33,174,hip-hipmm-cdls-getrf,0,0x5c08570d2ff0
3902,3902,75,279,hip-hipmm-cdls-getrf,0,0x5c08570d2ff0
3903,3903,39,453,hip-hipmm-cdls-getrf,0,0x5c08570d2ff0
3904,3904,78,378,hip-hipmm-cdls-getrf,0,0x5c08570d2ff0
3905,3905,102,489,hip-hipmm-cdls-getrf,0,0x5c08570d2ff0
3906,3906,108,408,hip-hipmm-cdls-getrf,0,0x5c08570d2ff0
3907,3907,69,606,hip-hipmm-cdls-getrf,0,0x5c08570d2ff0
3908,3908,84,504,hip-hipmm-cdls-getrf,0,0x5c08570d2ff0
3909,3909,87,489,hip-hipmm-cdls-getrf,0,0x5c08570d2ff0
3910,3910,126,444,hip-hipmm-cdls-getrf,0,0x5c08570d2ff0
3911,3911,126,363,hip-hipmm-cdls-getrf,0,0x5c08570d2ff0
3912,3912,165,405,hip-hipmm-cdls-getrf,0,0x5c08570d2ff0
3913,3913,81,486,hip-hipmm-cdls-getrf,0,0x5c08570d2ff0
3914,3914,54,435,hip-hipmm-cdls-getrf,0,0x5c08570d2ff0
3915,3915,81,354,hip-hipmm-cdls-getrf,0,0x5c08570d2ff0
3916,3916,111,411,hip-hipmm-cdls-getrf,0,0x5c08570d2ff0
3917,3917,117,351,hip-hipmm-cdls-getrf,0,0x5c08570d2ff0
3918,3918,42,243,hip-hipmm-cdls-getrf,0,0x5c08570d2ff0
3919,3919,51,231,hip-hipmm-cdls-getrf,0,0x5c08570d2ff0
3920,3920,105,288,hip-hipmm-cdls-getrf,0,0x5c08570d2ff0
3921,3921,120,282,hip-hipmm-cdls-getrf,0,0x5c08570d2ff0
3922,3922,63,222,hip-hipmm-cdls-getrf,0,0x5c08570d2ff0
3923,3923,51,210,hip-hipmm-cdls-getrf,0,0x5c08570d2ff0
3924,3924,90,306,hip-hipmm-cdls-getrf,0,0x5c08570d2ff0
3925,3925,63,261,hip-hipmm-cdls-getrf,0,0x5c08570d2ff0
3926,3926,96,351,hip-hipmm-cdls-getrf,0,0x5c08570d2ff0
3927,3927,120,378,hip-hipmm-cdls-getrf,0,0x5c08570d2ff0
3928,3928,54,276,hip-hipmm-cdls-getrf,0,0x5c08570d2ff0
3929,3929,48,273,hip-hipmm-cdls-getrf,0,0x5c08570d2ff0
3930,3930,54,312,hip-hipmm-cdls-getrf,0,0x5c08570d2ff0
3931,3931,108,447,hip-hipmm-cdls-getrf,0,0x5c08570d2ff0
3932,3932,126,306,hip-hipmm-cdls-getrf,0,0x5c08570d2ff0
3933,3933,120,618,hip-hipmm-cdls-getrf,0,0x5c08570d2ff0
3934,3934,126,375,hip-hipmm-cdls-getrf,0,0x5c08570d2ff0
3935,3935,75,189,hip-hipmm-cdls-getrf,0,0x5c08570d2ff0
3936,3936,57,234,hip-hipmm-cdls-getrf,0,0x5c08570d2ff0
3937,3937,78,243,hip-hipmm-cdls-getrf,0,0x5c08570d2ff0
3938,3938,39,237,hip-hipmm-cdls-getrf,0,0x5c08570d2ff0
3939,3939,33,231,hip-hipmm-cdls-getrf,0,0x5c08570d2ff0
3940,3940,84,276,hip-hipmm-cdls-getrf,0,0x5c08570d2ff0
3941,3941,45,279,hip-hipmm-cdls-getrf,0,0x5c08570d2ff0
3942,3942,27,201,hip-hipmm-cdls-getrf,0,0x5c08570d2ff0
3943,3943,90,324,hip-hipmm-cdls-getrf,0,0x5c08570d2ff0
3944,3944,93,321,hip-hipmm-cdls-getrf,0,0x5c08570d2ff0
3945,3945,84,294,hip-hipmm-cdls-getrf,0,0x5c08570d2ff0
3946,3946,72,363,hip-hipmm-cdls-getrf,0,0x5c08570d2ff0
3947,3947,54,324,hip-hipmm-cdls-getrf,0,0x5c08570d2ff0
3948,3948,72,330,hip-hipmm-cdls-getrf,0,0x5c08570d2ff0
3949,3949,54,312,hip-hipmm-cdls-getrf,0,0x5c08570d2ff0
3950,3950,36,141,hip-hipmm-cdls-getrf,0,0x5c08570d2ff0
3951,3951,81,258,hip-hipmm-cdls-getrf,0,0x5c08570d2ff0
3952,3952,51,297,hip-hipmm-cdls-getrf,0,0x5c08570d2ff0
3953,3953,51,210,hip-hipmm-cdls-getrf,0,0x5c08570d2ff0
3954,3954,60,183,hip-hipmm-cdls-getrf,0,0x5c08570d2ff0
3955,3955,54,240,hip-hipmm-cdls-getrf,0,0x5c08570d2ff0
3956,3956,30,216,hip-hipmm-cdls-getrf,0,0x5c08570d2ff0
3957,3957,24,186,hip-hipmm-cdls-getrf,0,0x5c08570d2ff0
3958,3958,54,240,hip-hipmm-cdls-getrf,0,0x5c08570d2ff0
3959,3959,18,144,hip-hipmm-cdls-getrf,0,0x5c08570d2ff0
3960,3960,102,348,hip-hipmm-cdls-getrf,0,0x5c08570d2ff0
3961,3961,33,240,hip-hipmm-cdls-getrf,0,0x5c08570d2ff0
3962,3962,30,183,hip-hipmm-cdls-getrf,0,0x5c08570d2ff0
3963,3963,42,276,hip-hipmm-cdls-getrf,0,0x5c08570d2ff0
3964,3964,123,369,hip-hipmm-cdls-getrf,0,0x5c08570d2ff0
3965,3965,114,342,hip-hipmm-cdls-getrf,0,0x5c08570d2ff0
3966,3966,66,288,hip-hipmm-cdls-getrf,0,0x5c08570d2ff0
3967,3967,36,138,hip-hipmm-cdls-getrf,0,0x5c08570d2ff0
3968,3968,48,396,hip-hipmm-cdls-getrf,0,0x5c08570d2ff0
3969,3969,60,402,hip-hipmm-cdls-getrf,0,0x5c08570d2ff0
3970,3970,75,597,hip-hipmm-cdls-getrf,0,0x5c08570d2ff0
3971,3971,51,501,hip-hipmm-cdls-getrf,0,0x5c08570d2ff0
3972,3972,72,426,hip-hipmm-cdls-getrf,0,0x5c08570d2ff0
3973,3973,72,366,hip-hipmm-cdls-getrf,0,0x5c08570d2ff0
3974,3974,93,495,hip-hipmm-cdls-getrf,0,0x5c08570d2ff0
3975,3975,105,639,hip-hipmm-cdls-getrf,0,0x5c08570d2ff0
3976,3976,63,297,hip-hipmm-cdls-getrf,0,0x5c08570d2ff0
3977,3977,27,213,hip-hipmm-cdls-getrf,0,0x5c08570d2ff0
3978,3978,27,201,hip-hipmm-cdls-getrf,0,0x5c08570d2ff0
3979,3979,66,420,hip-hipmm-cdls-getrf,0,0x5c08570d2ff0
3980,3980,117,495,hip-hipmm-cdls-getrf,0,0x5c08570d2ff0
3981,3981,78,348,hip-hipmm-cdls-getrf,0,0x5c08570d2ff0
3982,3982,96,426,hip-hipmm-cdls-getrf,0,0x5c08570d2ff0
3983,3983,42,213,hip-hipmm-cdls-getrf,0,0x5c08570d2ff0
3984,3984,51,309,hip-hipmm-cdls-getrf,0,0x5c08570d2ff0
3985,3985,36,234,hip-hipmm-cdls-getrf,0,0x5c08570d2ff0
3986,3986,72,228,hip-hipmm-cdls-getrf,0,0x5c08570d2ff0
3987,3987,69,531,hip-hipmm-cdls-getrf,0,0x5c08570d2ff0
3988,3988,153,483,hip-hipmm-cdls-getrf,0,0x5c08570d2ff0
3989,3989,48,408,hip-hipmm-cdls-getrf,0,0x5c08570d2ff0
3990,3990,114,483,hip-hipmm-cdls-getrf,0,0x5c08570d2ff0
3991,3991,84,294,hip-hipmm-cdls-getrf,0,0x5c08570d2ff0
3992,3992,30,228,hip-hipmm-cdls-getrf,0,0x5c08570d2ff0
3993,3993,21,183,hip-hipmm-cdls-getrf,0,0x5c08570d2ff0
3994,3994,72,402,hip-hipmm-cdls-getrf,0,0x5c08570d2ff0
3995,3995,48,294,hip-hipmm-cdls-getrf,0,0x5c08570d2ff0
3996,3996,75,321,hip-hipmm-cdls-getrf,0,0x5c08570d2ff0
3997,3997,54,384,hip-hipmm-cdls-getrf,0,0x5c08570d2ff0
3998,3998,57,435,hip-hipmm-cdls-getrf,0,0x5c08570d2ff0
3999,3999,63,408,hip-hipmm-cdls-getrf,0,0x5c08570d2ff0
4000,4000,69,342,hip-hipmm-cdls-getrf,0,0x5c08570d2ff0
4001,4001,48,369,hip-hipmm-cdls-getrf,0,0x5c08570d2ff0
4002,4002,63,438,hip-hipmm-cdls-getrf,0,0x5c08570d2ff0
4003,4003,72,510,hip-hipmm-cdls-getrf,0,0x5c08570d2ff0
4004,4004,84,585,hip-hipmm-cdls-getrf,0,0x5c08570d2ff0
4005,4005,93,393,hip-hipmm-cdls-getrf,0,0x5c08570d2ff0
4006,4006,45,456,hip-hipmm-cdls-getrf,0,0x5c08570d2ff0
4007,4007,96,474,hip-hipmm-cdls-getrf,0,0x5c08570d2ff0
4008,4008,72,627,hip-hipmm-cdls-getrf,0,0x5c08570d2ff0
4009,4009,123,393,hip-hipmm-cdls-getrf,0,0x5c08570d2ff0
4010,4010,132,402,hip-hipmm-cdls-getrf,0,0x5c08570d2ff0
4011,4011,75,429,hip-hipmm-cdls-getrf,0,0x5c08570d2ff0
4012,4012,69,228,hip-hipmm-cdls-getrf,0,0x5c08570d2ff0
4013,4013,84,354,hip-hipmm-cdls-getrf,0,0x5c08570d2ff0
4014,4014,72,279,hip-hipmm-cdls-getrf,0,0x5c08570d2ff0
4015,4015,42,156,hip-hipmm-cdls-getrf,0,0x5c08570d2ff0
4016,4016,93,345,hip-hipmm-cdls-getrf,0,0x5c08570d2ff0
4017,4017,81,315,hip-hipmm-cdls-getrf,0,0x5c08570d2ff0
4018,4018,66,207,hip-hipmm-cdls-getrf,0,0x5c08570d2ff0
4019,4019,72,294,hip-hipmm-cdls-getrf,0,0x5c08570d2ff0
4020,4020,105,372,hip-hipmm-cdls-getrf,0,0x5c08570d2ff0
4021,4021,57,459,hip-hipmm-cdls-getrf,0,0x5c08570d2ff0
4022,4022,27,201,hip-hipmm-cdls-getrf,0,0x5c08570d2ff0
4023,4023,39,204,hip-hipmm-cdls-getrf,0,0x5c08570d2ff0
4024,4024,75,321,hip-hipmm-cdls-getrf,0,0x5c08570d2ff0
4025,4025,39,237,hip-hipmm-cdls-getrf,0,0x5c08570d2ff0
4026,4026,111,294,hip-hipmm-cdls-getrf,0,0x5c08570d2ff0
4027,4027,87,270,hip-hipmm-cdls-getrf,0,0x5c08570d2ff0
4028,4028,48,234,hip-hipmm-cdls-getrf,0,0x5c08570d2ff0
4029,4029,111,432,hip-hipmm-cdls-getrf,0,0x5c08570d2ff0
4030,4030,66,297,hip-hipmm-cdls-getrf,0,0x5c08570d2ff0
4031,4031,102,297,hip-hipmm-cdls-getrf,0,0x5c08570d2ff0
4032,4032,72,195,hip-hipmm-cdls-getrf,0,0x5c08570d2ff0
4033,4033,69,252,hip-hipmm-cdls-getrf,0,0x5c08570d2ff0
4034,4034,75,321,hip-hipmm-cdls-getrf,0,0x5c08570d2ff0
4035,4035,90,369,hip-hipmm-cdls-getrf,0,0x5c08570d2ff0
4036,4036,48,342,hip-hipmm-cdls-getrf,0,0x5c08570d2ff0
4037,4037,75,342,hip-hipmm-cdls-getrf,0,0x5c08570d2ff0
4038,4038,69,315,hip-hipmm-cdls-getrf,0,0x5c08570d2ff0
4039,4039,24,165,hip-hipmm-cdls-getrf,0,0x5c08570d2ff0
4040,4040,87,339,hip-hipmm-cdls-getrf,0,0x5c08570d2ff0
4041,4041,27,213,hip-hipmm-cdls-getrf,0,0x5c08570d2ff0
4042,4042,27,171,hip-hipmm-cdls-getrf,0,0x5c08570d2ff0
4043,4043,33,198,hip-hipmm-cdls-getrf,0,0x5c08570d2ff0
4044,4044,30,228,hip-hipmm-cdls-getrf,0,0x5c08570d2ff0
4045,4045,63,261,hip-hipmm-cdls-getrf,0,0x5c08570d2ff0
4046,4046,33,219,hip-hipmm-cdls-getrf,0,0x5c08570d2ff0
4047,4047,126,456,hip-hipmm-cdls-getrf,0,0x5c08570d2ff0
4048,4048,66,393,hip-hipmm-cdls-getrf,0,0x5c08570d2ff0
4049,4049,105,375,hip-hipmm-cdls-getrf,0,0x5c08570d2ff0
4050,4050,90,270,hip-hipmm-cdls-getrf,0,0x5c08570d2ff0
4051,4051,99,321,hip-hipmm-cdls-getrf,0,0x5c08570d2ff0
4052,4052,141,405,hip-hipmm-cdls-getrf,0,0x5c08570d2ff0
4053,4053,81,351,hip-hipmm-cdls-getrf,0,0x5c08570d2ff0
4054,4054,21,159,hip-hipmm-cdls-getrf,0,0x5c08570d2ff0
4055,4055,24,186,hip-hipmm-cdls-getrf,0,0x5c08570d2ff0
4056,4056,117,399,hip-hipmm-cdls-getrf,0,0x5c08570d2ff0
4057,4057,69,375,hip-hipmm-cdls-getrf,0,0x5c08570d2ff0
4058,4058,69,462,hip-hipmm-cdls-getrf,0,0x5c08570d2ff0
4059,4059,135,597,hip-hipmm-cdls-getrf,0,0x5c08570d2ff0
4060,4060,126,528,hip-hipmm-cdls-getrf,0,0x5c08570d2ff0
4061,4061,57,327,hip-hipmm-cdls-getrf,0,0x5c08570d2ff0
4062,4062,60,336,hip-hipmm-cdls-getrf,0,0x5c08570d2ff0
4063,4063,24,162,hip-hipmm-cdls-getrf,0,0x5c08570d2ff0
4064,4064,96,405,hip-hipmm-cdls-getrf,0,0x5c08570d2ff0
4065,4065,78,432,hip-hipmm-cdls-getrf,0,0x5c08570d2ff0
4066,4066,84,486,hip-hipmm-cdls-getrf,0,0x5c08570d2ff0
4067,4067,72,450,hip-hipmm-cdls-getrf,0,0x5c08570d2ff0
4068,4068,33,168,hip-hipmm-cdls-getrf,0,0x5c08570d2ff0
4069,4069,45,189,hip-hipmm-cdls-getrf,0,0x5c08570d2ff0
4070,4070,48,177,hip-hipmm-cdls-getrf,0,0x5c08570d2ff0
4071,4071,42,168,hip-hipmm-cdls-getrf,0,0x5c08570d2ff0
4072,4072,63,381,hip-hipmm-cdls-getrf,0,0x5c08570d2ff0
4073,4073,87,477,hip-hipmm-cdls-getrf,0,0x5c08570d2ff0
4074,4074,81,531,hip-hipmm-cdls-getrf,0,0x5c08570d2ff0
4075,4075,75,537,hip-hipmm-cdls-getrf,0,0x5c08570d2ff0
4076,4076,39,261,hip-hipmm-cdls-getrf,0,0x5c08570d2ff0
4077,4077,75,441,hip-hipmm-cdls-getrf,0,0x5c08570d2ff0
4078,4078,69,567,hip-hipmm-cdls-getrf,0,0x5c08570d2ff0
4079,4079,27,213,hip-hipmm-cdls-getrf,0,0x5c08570d2ff0
4080,4080,72,258,hip-hipmm-cdls-getrf,0,0x5c08570d2ff0
4081,4081,48,270,hip-hipmm-cdls-getrf,0,0x5c08570d2ff0
4082,4082,33,195,hip-hipmm-cdls-getrf,0,0x5c08570d2ff0
4083,4083,60,306,hip-hipmm-cdls-getrf,0,0x5c08570d2ff0
4084,4084,42,228,hip-hipmm-cdls-getrf,0,0x5c08570d2ff0
4085,4085,42,240,hip-hipmm-cdls-getrf,0,0x5c08570d2ff0
4086,4086,84,414,hip-hipmm-cdls-getrf,0,0x5c08570d2ff0
4087,4087,84,330,hip-hipmm-cdls-getrf,0,0x5c08570d2ff0
4088,4088,24,198,hip-hipmm-cdls-getrf,0,0x5c08570d2ff0
4089,4089,126,396,hip-hipmm-cdls-getrf,0,0x5c08570d2ff0
4090,4090,72,378,hip-hipmm-cdls-getrf,0,0x5c08570d2ff0
4091,4091,30,120,hip-hipmm-cdls-getrf,0,0x5c08570d2ff0
4092,4092,24,186,hip-hipmm-cdls-getrf,0,0x5c08570d2ff0
4093,4093,27,165,hip-hipmm-cdls-getrf,0,0x5c08570d2ff0
4094,4094,24,186,hip-hipmm-cdls-getrf,0,0x5c08570d2ff0
4095,4095,27,162,hip-hipmm-cdls-getrf,0,0x5c08570d2ff0
4096,4096,54,264,hip-hipmm-cdls-getrf,0,0x5c08570d2ff0
4097,4097,75,450,hip-hipmm-cdls-getrf,0,0x5c08570d2ff0
4098,4098,30,216,hip-hipmm-cdls-getrf,0,0x5c08570d2ff0
4099,4099,48,402,hip-hipmm-cdls-getrf,0,0x5c08570d2ff0
4100,4100,54,288,hip-hipmm-cdls-getrf,0,0x5c08570d2ff0
4101,4101,27,189,hip-hipmm-cdls-getrf,0,0x5c08570d2ff0
4102,4102,90,336,hip-hipmm-cdls-getrf,0,0x5c08570d2ff0
4103,4103,45,177,hip-hipmm-cdls-getrf,0,0x5c08570d2ff0
4104,4104,24,141,hip-hipmm-cdls-getrf,0,0x5c08570d2ff0
4105,4105,123,363,hip-hipmm-cdls-getrf,0,0x5c08570d2ff0
4106,4106,84,558,hip-hipmm-cdls-getrf,0,0x5c08570d2ff0
4107,4107,36,498,hip-hipmm-cdls-getrf,0,0x5c08570d2ff0
4108,4108,81,576,hip-hipmm-cdls-getrf,0,0x5c08570d2ff0
4109,4109,78,516,hip-hipmm-cdls-getrf,0,0x5c08570d2ff0
4110,4110,114,456,hip-hipmm-cdls-getrf,0,0x5c08570d2ff0
4111,4111,51,525,hip-hipmm-cdls-getrf,0,0x5c08570d2ff0
4112,4112,84,426,hip-hipmm-cdls-getrf,0,0x5c08570d2ff0
4113,4113,36,246,hip-hipmm-cdls-getrf,0,0x5c08570d2ff0
4114,4114,63,261,hip-hipmm-cdls-getrf,0,0x5c08570d2ff0
4115,4115,21,171,hip-hipmm-cdls-getrf,0,0x5c08570d2ff0
4116,4116,45,183,hip-hipmm-cdls-getrf,0,0x5c08570d2ff0
4117,4117,72,306,hip-hipmm-cdls-getrf,0,0x5c08570d2ff0
4118,4118,51,213,hip-hipmm-cdls-getrf,0,0x5c08570d2ff0
4119,4119,81,351,hip-hipmm-cdls-getrf,0,0x5c08570d2ff0
4120,4120,27,213,hip-hipmm-cdls-getrf,0,0x5c08570d2ff0
4121,4121,63,321,hip-hipmm-cdls-getrf,0,0x5c08570d2ff0
4122,4122,18,132,hip-hipmm-cdls-getrf,0,0x5c08570d2ff0
4123,4123,81,315,hip-hipmm-cdls-getrf,0,0x5c08570d2ff0
4124,4124,48,414,hip-hipmm-cdls-getrf,0,0x5c08570d2ff0
4125,4125,84,534,hip-hipmm-cdls-getrf,0,0x5c08570d2ff0
4126,4126,90,504,hip-hipmm-cdls-getrf,0,0x5c08570d2ff0
4127,4127,123,681,hip-hipmm-cdls-getrf,0,0x5c08570d2ff0
4128,4128,90,576,hip-hipmm-cdls-getrf,0,0x5c08570d2ff0
4129,4129,72,522,hip-hipmm-cdls-getrf,0,0x5c08570d2ff0
4130,4130,81,471,hip-hipmm-cdls-getrf,0,0x5c08570d2ff0
4131,4131,108,498,hip-hipmm-cdls-getrf,0,0x5c08570d2ff0
4132,4132,81,615,hip-hipmm-cdls-getrf,0,0x5c08570d2ff0
4133,4133,48,294,hip-hipmm-cdls-getrf,0,0x5c08570d2ff0
4134,4134,21,183,hip-hipmm-cdls-getrf,0,0x5c08570d2ff0
4135,4135,33,231,hip-hipmm-cdls-getrf,0,0x5c08570d2ff0
4136,4136,84,306,hip-hipmm-cdls-getrf,0,0x5c08570d2ff0
4137,4137,81,483,hip-hipmm-cdls-getrf,0,0x5c08570d2ff0
4138,4138,78,564,hip-hipmm-cdls-getrf,0,0x5c08570d2ff0
4139,4139,24,186,hip-hipmm-cdls-getrf,0,0x5c08570d2ff0
4140,4140,45,351,hip-hipmm-cdls-getrf,0,0x5c08570d2ff0
4141,4141,66,372,hip-hipmm-cdls-getrf,0,0x5c08570d2ff0
4142,4142,45,291,hip-hipmm-cdls-getrf,0,0x5c08570d2ff0
4143,4143,39,249,hip-hipmm-cdls-getrf,0,0x5c08570d2ff0
4144,4144,24,186,hip-hipmm-cdls-getrf,0,0x5c08570d2ff0
4145,4145,165,531,hip-hipmm-cdls-getrf,0,0x5c08570d2ff0
4146,4146,93,447,hip-hipmm-cdls-getrf,0,0x5c08570d2ff0
4147,4147,48,174,hip-hipmm-cdls-getrf,0,0x5c08570d2ff0
4148,4148,36,246,hip-hipmm-cdls-getrf,0,0x5c08570d2ff0
4149,4149,75,297,hip-hipmm-cdls-getrf,0,0x5c08570d2ff0
4150,4150,66,252,hip-hipmm-cdls-getrf,0,0x5c08570d2ff0
4151,4151,54,396,hip-hipmm-cdls-getrf,0,0x5c08570d2ff0
4152,4152,66,696,hip-hipmm-cdls-getrf,0,0x5c08570d2ff0
4153,4153,18,156,hip-hipmm-cdls-getrf,0,0x5c08570d2ff0
4154,4154,75,465,hip-hipmm-cdls-getrf,0,0x5c08570d2ff0
4155,4155,66,300,hip-hipmm-cdls-getrf,0,0x5c08570d2ff0
4156,4156,78,405,hip-hipmm-cdls-getrf,0,0x5c08570d2ff0
4157,4157,90,369,hip-hipmm-cdls-getrf,0,0x5c08570d2ff0
4158,4158,93,411,hip-hipmm-cdls-getrf,0,0x5c08570d2ff0
4159,4159,39,273,hip-hipmm-cdls-getrf,0,0x5c08570d2ff0
4160,4160,78,309,hip-hipmm-cdls-getrf,0,0x5c08570d2ff0
4161,4161,36,333,hip-hipmm-cdls-getrf,0,0x5c08570d2ff0
4162,4162,27,177,hip-hipmm-cdls-getrf,0,0x5c08570d2ff0
4163,4163,87,573,hip-hipmm-cdls-getrf,0,0x5c08570d2ff0
4164,4164,60,474,hip-hipmm-cdls-getrf,0,0x5c08570d2ff0
4165,4165,42,507,hip-hipmm-cdls-getrf,0,0x5c08570d2ff0
4166,4166,87,576,hip-hipmm-cdls-getrf,0,0x5c08570d2ff0
4167,4167,105,507,hip-hipmm-cdls-getrf,0,0x5c08570d2ff0
4168,4168,81,507,hip-hipmm-cdls-getrf,0,0x5c08570d2ff0
4169,4169,111,513,hip-hipmm-cdls-getrf,0,0x5c08570d2ff0
4170,4170,36,426,hip-hipmm-cdls-getrf,0,0x5c08570d2ff0
4171,4171,90,804,hip-hipmm-cdls-getrf,0,0x5c08570d2ff0
4172,4172,105,639,hip-hipmm-cdls-getrf,0,0x5c08570d2ff0
4173,4173,54,444,hip-hipmm-cdls-getrf,0,0x5c08570d2ff0
4174,4174,54,588,hip-hipmm-cdls-getrf,0,0x5c08570d2ff0
4175,4175,150,471,hip-hipmm-cdls-getrf,0,0x5c08570d2ff0
4176,4176,87,429,hip-hipmm-cdls-getrf,0,0x5c08570d2ff0
4177,4177,30,216,hip-hipmm-cdls-getrf,0,0x5c08570d2ff0
4178,4178,54,480,hip-hipmm-cdls-getrf,0,0x5c08570d2ff0
4179,4179,27,213,hip-hipmm-cdls-getrf,0,0x5c08570d2ff0
4180,4180,21,135,hip-hipmm-cdls-getrf,0,0x5c08570d2ff0
4181,4181,24,186,hip-hipmm-cdls-getrf,0,0x5c08570d2ff0
4182,4182,63,228,hip-hipmm-cdls-getrf,0,0x5c08570d2ff0
4183,4183,78,327,hip-hipmm-cdls-getrf,0,0x5c08570d2ff0
4184,4184,57,216,hip-hipmm-cdls-getrf,0,0x5c08570d2ff0
4185,4185,93,303,hip-hipmm-cdls-getrf,0,0x5c08570d2ff0
4186,4186,27,297,hip-hipmm-cdls-getrf,0,0x5c08570d2ff0
4187,4187,72,378,hip-hipmm-cdls-getrf,0,0x5c08570d2ff0
4188,4188,42,153,hip-hipmm-cdls-getrf,0,0x5c08570d2ff0
4189,4189,96,339,hip-hipmm-cdls-getrf,0,0x5c08570d2ff0
4190,4190,24,198,hip-hipmm-cdls-getrf,0,0x5c08570d2ff0
4191,4191,93,411,hip-hipmm-cdls-getrf,0,0x5c08570d2ff0
4192,4192,81,603,hip-hipmm-cdls-getrf,0,0x5c08570d2ff0
4193,4193,42,174,hip-hipmm-cdls-getrf,0,0x5c08570d2ff0
4194,4194,36,195,hip-hipmm-cdls-getrf,0,0x5c08570d2ff0
4195,4195,39,261,hip-hipmm-cdls-getrf,0,0x5c08570d2ff0
4196,4196,75,348,hip-hipmm-cdls-getrf,0,0x5c08570d2ff0
4197,4197,45,291,hip-hipmm-cdls-getrf,0,0x5c08570d2ff0
4198,4198,72,279,hip-hipmm-cdls-getrf,0,0x5c08570d2ff0
4199,4199,42,165,hip-hipmm-cdls-getrf,0,0x5c08570d2ff0
4200,4200,159,387,hip-hipmm-cdls-getrf,0,0x5c08570d2ff0
4201,4201,60,342,hip-hipmm-cdls-getrf,0,0x5c08570d2ff0
4202,4202,57,309,hip-hipmm-cdls-getrf,0,0x5c08570d2ff0
4203,4203,126,588,hip-hipmm-cdls-getrf,0,0x5c08570d2ff0
4204,4204,108,414,hip-hipmm-cdls-getrf,0,0x5c08570d2ff0
4205,4205,144,420,hip-hipmm-cdls-getrf,0,0x5c08570d2ff0
4206,4206,72,654,hip-hipmm-cdls-getrf,0,0x5c08570d2ff0
4207,4207,69,357,hip-hipmm-cdls-getrf,0,0x5c08570d2ff0
4208,4208,84,390,hip-hipmm-cdls-getrf,0,0x5c08570d2ff0
4209,4209,87,357,hip-hipmm-cdls-getrf,0,0x5c08570d2ff0
4210,4210,69,519,hip-hipmm-cdls-getrf,0,0x5c08570d2ff0
4211,4211,69,519,hip-hipmm-cdls-getrf,0,0x5c08570d2ff0
4212,4212,87,573,hip-hipmm-cdls-getrf,0,0x5c08570d2ff0
4213,4213,117,543,hip-hipmm-cdls-getrf,0,0x5c08570d2ff0
4214,4214,63,516,hip-hipmm-cdls-getrf,0,0x5c08570d2ff0
4215,4215,129,441,hip-hipmm-cdls-getrf,0,0x5c08570d2ff0
4216,4216,45,495,hip-hipmm-cdls-getrf,0,0x5c08570d2ff0
4217,4217,45,699,hip-hipmm-cdls-getrf,0,0x5c08570d2ff0
4218,4218,138,582,hip-hipmm-cdls-getrf,0,0x5c08570d2ff0
4219,4219,171,486,hip-hipmm-cdls-getrf,0,0x5c08570d2ff0
4220,4220,102,654,hip-hipmm-cdls-getrf,0,0x5c08570d2ff0
4221,4221,111,429,hip-hipmm-cdls-getrf,0,0x5c08570d2ff0
4222,4222,96,525,hip-hipmm-cdls-getrf,0,0x5c08570d2ff0
4223,4223,123,363,hip-hipmm-cdls-getrf,0,0x5c08570d2ff0
4224,4224,45,483,hip-hipmm-cdls-getrf,0,0x5c08570d2ff0
4225,4225,105,759,hip-hipmm-cdls-getrf,0,0x5c08570d2ff0
4226,4226,99,777,hip-hipmm-cdls-getrf,0,0x5c08570d2ff0
4227,4227,72,714,hip-hipmm-cdls-getrf,0,0x5c08570d2ff0
4228,4228,90,513,hip-hipmm-cdls-getrf,0,0x5c08570d2ff0
4229,4229,90,591,hip-hipmm-cdls-getrf,0,0x5c08570d2ff0
4230,4230,57,684,hip-hipmm-cdls-getrf,0,0x5c08570d2ff0
4231,4231,120,741,hip-hipmm-cdls-getrf,0,0x5c08570d2ff0
4232,4232,48,678,hip-hipmm-cdls-getrf,0,0x5c08570d2ff0
4233,4233,102,609,hip-hipmm-cdls-getrf,0,0x5c08570d2ff0
4234,4234,45,507,hip-hipmm-cdls-getrf,0,0x5c08570d2ff0
4235,4235,120,522,hip-hipmm-cdls-getrf,0,0x5c08570d2ff0
4236,4236,120,450,hip-hipmm-cdls-getrf,0,0x5c08570d2ff0
4237,4237,102,576,hip-hipmm-cdls-getrf,0,0x5c08570d2ff0
4238,4238,54,480,hip-hipmm-cdls-getrf,0,0x5c08570d2ff0
4239,4239,84,690,hip-hipmm-cdls-getrf,0,0x5c08570d2ff0
4240,4240,84,477,hip-hipmm-cdls-getrf,0,0x5c08570d2ff0
4241,4241,102,516,hip-hipmm-cdls-getrf,0,0x5c08570d2ff0
4242,4242,120,354,hip-hipmm-cdls-getrf,0,0x5c08570d2ff0
4243,4243,66,252,hip-hipmm-cdls-getrf,0,0x5c08570d2ff0
4244,4244,60,264,hip-hipmm-cdls-getrf,0,0x5c08570d2ff0
4245,4245,84,378,hip-hipmm-cdls-getrf,0,0x5c08570d2ff0
4246,4246,45,183,hip-hipmm-cdls-getrf,0,0x5c08570d2ff0
4247,4247,36,291,hip-hipmm-cdls-getrf,0,0x5c08570d2ff0
4248,4248,75,234,hip-hipmm-cdls-getrf,0,0x5c08570d2ff0
4249,4249,78,303,hip-hipmm-cdls-getrf,0,0x5c08570d2ff0
4250,4250,102,528,hip-hipmm-cdls-getrf,0,0x5c08570d2ff0
4251,4251,60,474,hip-hipmm-cdls-getrf,0,0x5c08570d2ff0
4252,4252,81,483,hip-hipmm-cdls-getrf,0,0x5c08570d2ff0
4253,4253,69,723,hip-hipmm-cdls-getrf,0,0x5c08570d2ff0
4254,4254,87,492,hip-hipmm-cdls-getrf,0,0x5c08570d2ff0
4255,4255,42,588,hip-hipmm-cdls-getrf,0,0x5c08570d2ff0
4256,4256,48,402,hip-hipmm-cdls-getrf,0,0x5c08570d2ff0
4257,4257,69,303,hip-hipmm-cdls-getrf,0,0x5c08570d2ff0
4258,4258,51,333,hip-hipmm-cdls-getrf,0,0x5c08570d2ff0
4259,4259,69,327,hip-hipmm-cdls-getrf,0,0x5c08570d2ff0
4260,4260,78,528,hip-hipmm-cdls-getrf,0,0x5c08570d2ff0
4261,4261,30,192,hip-hipmm-cdls-getrf,0,0x5c08570d2ff0
4262,4262,123,459,hip-hipmm-cdls-getrf,0,0x5c08570d2ff0
4263,4263,141,381,hip-hipmm-cdls-getrf,0,0x5c08570d2ff0
4264,4264,39,135,hip-hipmm-cdls-getrf,0,0x5c08570d2ff0
4265,4265,72,231,hip-hipmm-cdls-getrf,0,0x5c08570d2ff0
4266,4266,132,585,hip-hipmm-cdls-getrf,0,0x5c08570d2ff0
4267,4267,141,396,hip-hipmm-cdls-getrf,0,0x5c08570d2ff0
4268,4268,123,486,hip-hipmm-cdls-getrf,0,0x5c08570d2ff0
4269,4269,45,411,hip-hipmm-cdls-getrf,0,0x5c08570d2ff0
4270,4270,90,318,hip-hipmm-cdls-getrf,0,0x5c08570d2ff0
4271,4271,51,228,hip-hipmm-cdls-getrf,0,0x5c08570d2ff0
4272,4272,132,360,hip-hipmm-cdls-getrf,0,0x5c08570d2ff0
4273,4273,144,303,hip-hipmm-cdls-getrf,0,0x5c08570d2ff0
4274,4274,18,168,hip-hipmm-cdls-getrf,0,0x5c08570d2ff0
4275,4275,99,498,hip-hipmm-cdls-getrf,0,0x5c08570d2ff0
4276,4276,24,174,hip-hipmm-cdls-getrf,0,0x5c08570d2ff0
4277,4277,87,273,hip-hipmm-cdls-getrf,0,0x5c08570d2ff0
4278,4278,60,177,hip-hipmm-cdls-getrf,0,0x5c08570d2ff0
4279,4279,42,180,hip-hipmm-cdls-getrf,0,0x5c08570d2ff0
4280,4280,45,171,hip-hipmm-cdls-getrf,0,0x5c08570d2ff0
4281,4281,45,219,hip-hipmm-cdls-getrf,0,0x5c08570d2ff0
4282,4282,60,255,hip-hipmm-cdls-getrf,0,0x5c08570d2ff0
4283,4283,84,213,hip-hipmm-cdls-getrf,0,0x5c08570d2ff0
4284,4284,69,324,hip-hipmm-cdls-getrf,0,0x5c08570d2ff0
4285,4285,81,327,hip-hipmm-cdls-getrf,0,0x5c08570d2ff0
4286,4286,69,675,hip-hipmm-cdls-getrf,0,0x5c08570d2ff0
4287,4287,54,540,hip-hipmm-cdls-getrf,0,0x5c08570d2ff0
4288,4288,57,453,hip-hipmm-cdls-getrf,0,0x5c08570d2ff0
4289,4289,78,564,hip-hipmm-cdls-getrf,0,0x5c08570d2ff0
4290,4290,54,471,hip-hipmm-cdls-getrf,0,0x5c08570d2ff0
4291,4291,99,528,hip-hipmm-cdls-getrf,0,0x5c08570d2ff0
4292,4292,69,498,hip-hipmm-cdls-getrf,0,0x5c08570d2ff0
4293,4293,138,408,hip-hipmm-cdls-getrf,0,0x5c08570d2ff0
4294,4294,105,309,hip-hipmm-cdls-getrf,0,0x5c08570d2ff0
4295,4295,48,234,hip-hipmm-cdls-getrf,0,0x5c08570d2ff0
4296,4296,51,363,hip-hipmm-cdls-getrf,0,0x5c08570d2ff0
4297,4297,120,309,hip-hipmm-cdls-getrf,0,0x5c08570d2ff0
4298,4298,81,258,hip-hipmm-cdls-getrf,0,0x5c08570d2ff0
4299,4299,45,159,hip-hipmm-cdls-getrf,0,0x5c08570d2ff0
4300,4300,72,342,hip-hipmm-cdls-getrf,0,0x5c08570d2ff0
4301,4301,93,417,hip-hipmm-cdls-getrf,0,0x5c08570d2ff0
4302,4302,45,354,hip-hipmm-cdls-getrf,0,0x5c08570d2ff0
4303,4303,66,408,hip-hipmm-cdls-getrf,0,0x5c08570d2ff0
4304,4304,60,342,hip-hipmm-cdls-getrf,0,0x5c08570d2ff0
4305,4305,153,360,hip-hipmm-cdls-getrf,0,0x5c08570d2ff0
4306,4306,90,441,hip-hipmm-cdls-getrf,0,0x5c08570d2ff0
4307,4307,90,468,hip-hipmm-cdls-getrf,0,0x5c08570d2ff0
4308,4308,54,588,hip-hipmm-cdls-getrf,0,0x5c08570d2ff0
4309,4309,114,441,hip-hipmm-cdls-getrf,0,0x5c08570d2ff0
4310,4310,72,558,hip-hipmm-cdls-getrf,0,0x5c08570d2ff0
4311,4311,87,699,hip-hipmm-cdls-getrf,0,0x5c08570d2ff0
4312,4312,60,294,hip-hipmm-cdls-getrf,0,0x5c08570d2ff0
4313,4313,27,189,hip-hipmm-cdls-getrf,0,0x5c08570d2ff0
4314,4314,51,237,hip-hipmm-cdls-getrf,0,0x5c08570d2ff0
4315,4315,93,300,hip-hipmm-cdls-getrf,0,0x5c08570d2ff0
4316,4316,54,492,hip-hipmm-cdls-getrf,0,0x5c08570d2ff0
4317,4317,18,123,hip-hipmm-cdls-getrf,0,0x5c08570d2ff0
4318,4318,72,231,hip-hipmm-cdls-getrf,0,0x5c08570d2ff0
4319,4319,69,450,hip-hipmm-cdls-getrf,0,0x5c08570d2ff0
4320,4320,108,510,hip-hipmm-cdls-getrf,0,0x5c08570d2ff0
4321,4321,30,222,hip-hipmm-cdls-getrf,0,0x5c08570d2ff0
4322,4322,96,387,hip-hipmm-cdls-getrf,0,0x5c08570d2ff0
4323,4323,72,240,hip-hipmm-cdls-getrf,0,0x5c08570d2ff0
4324,4324,105,306,hip-hipmm-cdls-getrf,0,0x5c08570d2ff0
4325,4325,78,408,hip-hipmm-cdls-getrf,0,0x5c08570d2ff0
4326,4326,96,498,hip-hipmm-cdls-getrf,0,0x5c08570d2ff0
4327,4327,45,495,hip-hipmm-cdls-getrf,0,0x5c08570d2ff0
4328,4328,30,360,hip-hipmm-cdls-getrf,0,0x5c08570d2ff0
4329,4329,45,315,hip-hipmm-cdls-getrf,0,0x5c08570d2ff0
4330,4330,21,147,hip-hipmm-cdls-getrf,0,0x5c08570d2ff0
4331,4331,114,396,hip-hipmm-cdls-getrf,0,0x5c08570d2ff0
4332,4332,90,384,hip-hipmm-cdls-getrf,0,0x5c08570d2ff0
4333,4333,60,486,hip-hipmm-cdls-getrf,0,0x5c08570d2ff0
4334,4334,18,168,hip-hipmm-cdls-getrf,0,0x5c08570d2ff0
4335,4335,90,444,hip-hipmm-cdls-getrf,0,0x5c08570d2ff0
4336,4336,126,390,hip-hipmm-cdls-getrf,0,0x5c08570d2ff0
4337,4337,78,684,hip-hipmm-cdls-getrf,0,0x5c08570d2ff0
4338,4338,63,486,hip-hipmm-cdls-getrf,0,0x5c08570d2ff0
4339,4339,99,474,hip-hipmm-cdls-getrf,0,0x5c08570d2ff0
4340,4340,48,462,hip-hipmm-cdls-getrf,0,0x5c08570d2ff0
4341,4341,69,747,hip-hipmm-cdls-getrf,0,0x5c08570d2ff0
4342,4342,72,750,hip-hipmm-cdls-getrf,0,0x5c08570d2ff0
4343,4343,75,453,hip-hipmm-cdls-getrf,0,0x5c08570d2ff0
4344,4344,42,384,hip-hipmm-cdls-getrf,0,0x5c08570d2ff0
4345,4345,96,336,hip-hipmm-cdls-getrf,0,0x5c08570d2ff0
4346,4346,75,357,hip-hipmm-cdls-getrf,0,0x5c08570d2ff0
4347,4347,81,399,hip-hipmm-cdls-getrf,0,0x5c08570d2ff0
4348,4348,129,600,hip-hipmm-cdls-getrf,0,0x5c08570d2ff0
4349,4349,51,480,hip-hipmm-cdls-getrf,0,0x5c08570d2ff0
4350,4350,132,408,hip-hipmm-cdls-getrf,0,0x5c08570d2ff0
4351,4351,54,264,hip-hipmm-cdls-getrf,0,0x5c08570d2ff0
4352,4352,117,408,hip-hipmm-cdls-getrf,0,0x5c08570d2ff0
4353,4353,81,306,hip-hipmm-cdls-getrf,0,0x5c08570d2ff0
4354,4354,120,324,hip-hipmm-cdls-getrf,0,0x5c08570d2ff0
4355,4355,81,522,hip-hipmm-cdls-getrf,0,0x5c08570d2ff0
4356,4356,33,171,hip-hipmm-cdls-getrf,0,0x5c08570d2ff0
4357,4357,66,204,hip-hipmm-cdls-getrf,0,0x5c08570d2ff0
4358,4358,78,408,hip-hipmm-cdls-getrf,0,0x5c08570d2ff0
4359,4359,45,255,hip-hipmm-cdls-getrf,0,0x5c08570d2ff0
4360,4360,69,213,hip-hipmm-cdls-getrf,0,0x5c08570d2ff0
4361,4361,102,369,hip-hipmm-cdls-getrf,0,0x5c08570d2ff0
4362,4362,42,210,hip-hipmm-cdls-getrf,0,0x5c08570d2ff0
4363,4363,99,327,hip-hipmm-cdls-getrf,0,0x5c08570d2ff0
4364,4364,54,150,hip-hipmm-cdls-getrf,0,0x5c08570d2ff0
4365,4365,93,261,hip-hipmm-cdls-getrf,0,0x5c08570d2ff0
4366,4366,90,270,hip-hipmm-cdls-getrf,0,0x5c08570d2ff0
4367,4367,42,159,hip-hipmm-cdls-getrf,0,0x5c08570d2ff0
4368,4368,141,333,hip-hipmm-cdls-getrf,0,0x5c08570d2ff0
4369,4369,126,459,hip-hipmm-cdls-getrf,0,0x5c08570d2ff0
4370,4370,30,204,hip-hipmm-cdls-getrf,0,0x5c08570d2ff0
4371,4371,63,297,hip-hipmm-cdls-getrf,0,0x5c08570d2ff0
4372,4372,27,159,hip-hipmm-cdls-getrf,0,0x5c08570d2ff0
4373,4373,72,213,hip-hipmm-cdls-getrf,0,0x5c08570d2ff0
4374,4374,75,282,hip-hipmm-cdls-getrf,0,0x5c08570d2ff0
4375,4375,48,183,hip-hipmm-cdls-getrf,0,0x5c08570d2ff0
4376,4376,66,297,hip-hipmm-cdls-getrf,0,0x5c08570d2ff0
4377,4377,84,273,hip-hipmm-cdls-getrf,0,0x5c08570d2ff0
4378,4378,120,288,hip-hipmm-cdls-getrf,0,0x5c08570d2ff0
4379,4379,39,177,hip-hipmm-cdls-getrf,0,0x5c08570d2ff0
4380,4380,72,258,hip-hipmm-cdls-getrf,0,0x5c08570d2ff0
4381,4381,72,231,hip-hipmm-cdls-getrf,0,0x5c08570d2ff0
4382,4382,42,213,hip-hipmm-cdls-getrf,0,0x5c08570d2ff0
4383,4383,60,192,hip-hipmm-cdls-getrf,0,0x5c08570d2ff0
4384,4384,63,180,hip-hipmm-cdls-getrf,0,0x5c08570d2ff0
4385,4385,69,222,hip-hipmm-cdls-getrf,0,0x5c08570d2ff0
4386,4386,51,285,hip-hipmm-cdls-getrf,0,0x5c08570d2ff0
4387,4387,54,240,hip-hipmm-cdls-getrf,0,0x5c08570d2ff0
4388,4388,27,195,hip-hipmm-cdls-getrf,0,0x5c08570d2ff0
4389,4389,51,354,hip-hipmm-cdls-getrf,0,0x5c08570d2ff0
4390,4390,63,183,hip-hipmm-cdls-getrf,0,0x5c08570d2ff0
4391,4391,54,210,hip-hipmm-cdls-getrf,0,0x5c08570d2ff0
4392,4392,42,150,hip-hipmm-cdls-getrf,0,0x5c08570d2ff0
4393,4393,66,243,hip-hipmm-cdls-getrf,0,0x5c08570d2ff0
4394,4394,36,114,hip-hipmm-cdls-getrf,0,0x5c08570d2ff0
4395,4395,57,231,hip-hipmm-cdls-getrf,0,0x5c08570d2ff0
4396,4396,75,279,hip-hipmm-cdls-getrf,0,0x5c08570d2ff0
4397,4397,57,168,hip-hipmm-cdls-getrf,0,0x5c08570d2ff0
4398,4398,36,246,hip-hipmm-cdls-getrf,0,0x5c08570d2ff0
4399,4399,54,384,hip-hipmm-cdls-getrf,0,0x5c08570d2ff0
4400,4400,30,216,hip-hipmm-cdls-getrf,0,0x5c08570d2ff0
4401,4401,99,345,hip-hipmm-cdls-getrf,0,0x5c08570d2ff0
4402,4402,75,333,hip-hipmm-cdls-getrf,0,0x5c08570d2ff0
4403,4403,45,279,hip-hipmm-cdls-getrf,0,0x5c08570d2ff0
4404,4404,18,144,hip-hipmm-cdls-getrf,0,0x5c08570d2ff0
4405,4405,27,177,hip-hipmm-cdls-getrf,0,0x5c08570d2ff0
4406,4406,69,303,hip-hipmm-cdls-getrf,0,0x5c08570d2ff0
4407,4407,42,345,hip-hipmm-cdls-getrf,0,0x5c08570d2ff0
4408,4408,24,174,hip-hipmm-cdls-getrf,0,0x5c08570d2ff0
4409,4409,51,225,hip-hipmm-cdls-getrf,0,0x5c08570d2ff0
4410,4410,102,321,hip-hipmm-cdls-getrf,0,0x5c08570d2ff0
4411,4411,84,330,hip-hipmm-cdls-getrf,0,0x5c08570d2ff0
4412,4412,96,387,hip-hipmm-cdls-getrf,0,0x5c08570d2ff0
4413,4413,36,189,hip-hipmm-cdls-getrf,0,0x5c08570d2ff0
4414,4414,57,423,hip-hipmm-cdls-getrf,0,0x5c08570d2ff0
4415,4415,84,273,hip-hipmm-cdls-getrf,0,0x5c08570d2ff0
4416,4416,120,333,hip-hipmm-cdls-getrf,0,0x5c08570d2ff0
4417,4417,63,312,hip-hipmm-cdls-getrf,0,0x5c08570d2ff0
4418,4418,57,219,hip-hipmm-cdls-getrf,0,0x5c08570d2ff0
4419,4419,45,255,hip-hipmm-cdls-getrf,0,0x5c08570d2ff0
4420,4420,81,348,hip-hipmm-cdls-getrf,0,0x5c08570d2ff0
4421,4421,78,255,hip-hipmm-cdls-getrf,0,0x5c08570d2ff0
4422,4422,63,351,hip-hipmm-cdls-getrf,0,0x5c08570d2ff0
4423,4423,102,372,hip-hipmm-cdls-getrf,0,0x5c08570d2ff0
4424,4424,54,240,hip-hipmm-cdls-getrf,0,0x5c08570d2ff0
4425,4425,78,273,hip-hipmm-cdls-getrf,0,0x5c08570d2ff0
4426,4426,69,276,hip-hipmm-cdls-getrf,0,0x5c08570d2ff0
4427,4427,114,381,hip-hipmm-cdls-getrf,0,0x5c08570d2ff0
4428,4428,54,285,hip-hipmm-cdls-getrf,0,0x5c08570d2ff0
4429,4429,84,297,hip-hipmm-cdls-getrf,0,0x5c08570d2ff0
4430,4430,84,366,hip-hipmm-cdls-getrf,0,0x5c08570d2ff0
4431,4431,84,315,hip-hipmm-cdls-getrf,0,0x5c08570d2ff0
4432,4432,60,264,hip-hipmm-cdls-getrf,0,0x5c08570d2ff0
4433,4433,51,489,hip-hipmm-cdls-getrf,0,0x5c08570d2ff0
4434,4434,66,360,hip-hipmm-cdls-getrf,0,0x5c08570d2ff0
4435,4435,72,276,hip-hipmm-cdls-getrf,0,0x5c08570d2ff0
4436,4436,87,291,hip-hipmm-cdls-getrf,0,0x5c08570d2ff0
4437,4437,42,234,hip-hipmm-cdls-getrf,0,0x5c08570d2ff0
4438,4438,54,342,hip-hipmm-cdls-getrf,0,0x5c08570d2ff0
4439,4439,51,285,hip-hipmm-cdls-getrf,0,0x5c08570d2ff0
4440,4440,141,354,hip-hipmm-cdls-getrf,0,0x5c08570d2ff0
4441,4441,45,159,hip-hipmm-cdls-getrf,0,0x5c08570d2ff0
4442,4442,57,243,hip-hipmm-cdls-getrf,0,0x5c08570d2ff0
4443,4443,33,168,hip-hipmm-cdls-getrf,0,0x5c08570d2ff0
4444,4444,45,267,hip-hipmm-cdls-getrf,0,0x5c08570d2ff0
4445,4445,24,198,hip-hipmm-cdls-getrf,0,0x5c08570d2ff0
4446,4446,51,321,hip-hipmm-cdls-getrf,0,0x5c08570d2ff0
4447,4447,36,138,hip-hipmm-cdls-getrf,0,0x5c08570d2ff0
4448,4448,93,390,hip-hipmm-cdls-getrf,0,0x5c08570d2ff0
4449,4449,39,270,hip-hipmm-cdls-getrf,0,0x5c08570d2ff0
4450,4450,108,426,hip-hipmm-cdls-getrf,0,0x5c08570d2ff0
4451,4451,63,501,hip-hipmm-cdls-getrf,0,0x5c08570d2ff0
4452,4452,120,465,hip-hipmm-cdls-getrf,0,0x5c08570d2ff0
4453,4453,108,654,hip-hipmm-cdls-getrf,0,0x5c08570d2ff0
4454,4454,60,408,hip-hipmm-cdls-getrf,0,0x5c08570d2ff0
4455,4455,177,438,hip-hipmm-cdls-getrf,0,0x5c08570d2ff0
4456,4456,114,510,hip-hipmm-cdls-getrf,0,0x5c08570d2ff0
4457,4457,105,468,hip-hipmm-cdls-getrf,0,0x5c08570d2ff0
4458,4458,96,336,hip-hipmm-cdls-getrf,0,0x5c08570d2ff0
4459,4459,60,426,hip-hipmm-cdls-getrf,0,0x5c08570d2ff0
4460,4460,54,324,hip-hipmm-cdls-getrf,0,0x5c08570d2ff0
4461,4461,30,192,hip-hipmm-cdls-getrf,0,0x5c08570d2ff0
4462,4462,108,330,hip-hipmm-cdls-getrf,0,0x5c08570d2ff0
4463,4463,72,330,hip-hipmm-cdls-getrf,0,0x5c08570d2ff0
4464,4464,111,477,hip-hipmm-cdls-getrf,0,0x5c08570d2ff0
4465,4465,135,375,hip-hipmm-cdls-getrf,0,0x5c08570d2ff0
4466,4466,69,393,hip-hipmm-cdls-getrf,0,0x5c08570d2ff0
4467,4467,81,327,hip-hipmm-cdls-getrf,0,0x5c08570d2ff0
4468,4468,78,372,hip-hipmm-cdls-getrf,0,0x5c08570d2ff0
4469,4469,99,441,hip-hipmm-cdls-getrf,0,0x5c08570d2ff0
4470,4470,78,477,hip-hipmm-cdls-getrf,0,0x5c08570d2ff0
4471,4471,153,471,hip-hipmm-cdls-getrf,0,0x5c08570d2ff0
4472,4472,66,552,hip-hipmm-cdls-getrf,0,0x5c08570d2ff0
4473,4473,93,387,hip-hipmm-cdls-getrf,0,0x5c08570d2ff0
4474,4474,60,294,hip-hipmm-cdls-getrf,0,0x5c08570d2ff0
4475,4475,33,339,hip-hipmm-cdls-getrf,0,0x5c08570d2ff0
4476,4476,63,393,hip-hipmm-cdls-getrf,0,0x5c08570d2ff0
4477,4477,60,342,hip-hipmm-cdls-getrf,0,0x5c08570d2ff0
4478,4478,84,366,hip-hipmm-cdls-getrf,0,0x5c08570d2ff0
4479,4479,90,303,hip-hipmm-cdls-getrf,0,0x5c08570d2ff0
4480,4480,81,330,hip-hipmm-cdls-getrf,0,0x5c08570d2ff0
4481,4481,99,372,hip-hipmm-cdls-getrf,0,0x5c08570d2ff0
4482,4482,141,423,hip-hipmm-cdls-getrf,0,0x5c08570d2ff0
4483,4483,141,429,hip-hipmm-cdls-getrf,0,0x5c08570d2ff0
4484,4484,60,366,hip-hipmm-cdls-getrf,0,0x5c08570d2ff0
4485,4485,84,426,hip-hipmm-cdls-getrf,0,0x5c08570d2ff0
4486,4486,51,333,hip-hipmm-cdls-getrf,0,0x5c08570d2ff0
4487,4487,27,213,hip-hipmm-cdls-getrf,0,0x5c08570d2ff0
4488,4488,33,240,hip-hipmm-cdls-getrf,0,0x5c08570d2ff0
4489,4489,63,363,hip-hipmm-cdls-getrf,0,0x5c08570d2ff0
4490,4490,48,273,hip-hipmm-cdls-getrf,0,0x5c08570d2ff0
4491,4491,33,243,hip-hipmm-cdls-getrf,0,0x5c08570d2ff0
4492,4492,102,342,hip-hipmm-cdls-getrf,0,0x5c08570d2ff0
4493,4493,21,183,hip-hipmm-cdls-getrf,0,0x5c08570d2ff0
4494,4494,51,225,hip-hipmm-cdls-getrf,0,0x5c08570d2ff0
4495,4495,105,465,hip-hipmm-cdls-getrf,0,0x5c08570d2ff0
4496,4496,120,498,hip-hipmm-cdls-getrf,0,0x5c08570d2ff0
4497,4497,51,381,hip-hipmm-cdls-getrf,0,0x5c08570d2ff0
4498,4498,30,186,hip-hipmm-cdls-getrf,0,0x5c08570d2ff0
4499,4499,60,249,hip-hipmm-cdls-getrf,0,0x5c08570d2ff0
4500,4500,81,345,hip-hipmm-cdls-getrf,0,0x5c08570d2ff0
4501,4501,54,288,hip-hipmm-cdls-getrf,0,0x5c08570d2ff0
4502,4502,39,150,hip-hipmm-cdls-getrf,0,0x5c08570d2ff0
4503,4503,51,207,hip-hipmm-cdls-getrf,0,0x5c08570d2ff0
4504,4504,60,159,hip-hipmm-cdls-getrf,0,0x5c08570d2ff0
4505,4505,102,330,hip-hipmm-cdls-getrf,0,0x5c08570d2ff0
4506,4506,69,342,hip-hipmm-cdls-getrf,0,0x5c08570d2ff0
4507,4507,126,480,hip-hipmm-cdls-getrf,0,0x5c08570d2ff0
4508,4508,87,414,hip-hipmm-cdls-getrf,0,0x5c08570d2ff0
4509,4509,87,312,hip-hipmm-cdls-getrf,0,0x5c08570d2ff0
4510,4510,54,207,hip-hipmm-cdls-getrf,0,0x5c08570d2ff0
4511,4511,90,429,hip-hipmm-cdls-getrf,0,0x5c08570d2ff0
4512,4512,30,204,hip-hipmm-cdls-getrf,0,0x5c08570d2ff0
4513,4513,96,321,hip-hipmm-cdls-getrf,0,0x5c08570d2ff0
4514,4514,60,270,hip-hipmm-cdls-getrf,0,0x5c08570d2ff0
4515,4515,51,213,hip-hipmm-cdls-getrf,0,0x5c08570d2ff0
4516,4516,120,372,hip-hipmm-cdls-getrf,0,0x5c08570d2ff0
4517,4517,99,321,hip-hipmm-cdls-getrf,0,0x5c08570d2ff0
4518,4518,60,216,hip-hipmm-cdls-getrf,0,0x5c08570d2ff0
4519,4519,27,168,hip-hipmm-cdls-getrf,0,0x5c08570d2ff0
4520,4520,33,123,hip-hipmm-cdls-getrf,0,0x5c08570d2ff0
4521,4521,36,126,hip-hipmm-cdls-getrf,0,0x5c08570d2ff0
4522,4522,48,195,hip-hipmm-cdls-getrf,0,0x5c08570d2ff0
4523,4523,57,315,hip-hipmm-cdls-getrf,0,0x5c08570d2ff0
4524,4524,48,198,hip-hipmm-cdls-getrf,0,0x5c08570d2ff0
4525,4525,54,249,hip-hipmm-cdls-getrf,0,0x5c08570d2ff0
4526,4526,75,222,hip-hipmm-cdls-getrf,0,0x5c08570d2ff0
4527,4527,81,261,hip-hipmm-cdls-getrf,0,0x5c08570d2ff0
4528,4528,27,225,hip-hipmm-cdls-getrf,0,0x5c08570d2ff0
4529,4529,63,369,hip-hipmm-cdls-getrf,0,0x5c08570d2ff0
4530,4530,57,159,hip-hipmm-cdls-getrf,0,0x5c08570d2ff0
4531,4531,69,216,hip-hipmm-cdls-getrf,0,0x5c08570d2ff0
4532,4532,42,228,hip-hipmm-cdls-getrf,0,0x5c08570d2ff0
4533,4533,114,348,hip-hipmm-cdls-getrf,0,0x5c08570d2ff0
4534,4534,63,198,hip-hipmm-cdls-getrf,0,0x5c08570d2ff0
4535,4535,78,372,hip-hipmm-cdls-getrf,0,0x5c08570d2ff0
4536,4536,75,504,hip-hipmm-cdls-getrf,0,0x5c08570d2ff0
4537,4537,42,240,hip-hipmm-cdls-getrf,0,0x5c08570d2ff0
4538,4538,51,285,hip-hipmm-cdls-getrf,0,0x5c08570d2ff0
4539,4539,81,273,hip-hipmm-cdls-getrf,0,0x5c08570d2ff0
4540,4540,69,282,hip-hipmm-cdls-getrf,0,0x5c08570d2ff0
4541,4541,78,258,hip-hipmm-cdls-getrf,0,0x5c08570d2ff0
4542,4542,117,387,hip-hipmm-cdls-getrf,0,0x5c08570d2ff0
4543,4543,69,267,hip-hipmm-cdls-getrf,0,0x5c08570d2ff0
4544,4544,99,429,hip-hipmm-cdls-getrf,0,0x5c08570d2ff0
4545,4545,57,288,hip-hipmm-cdls-getrf,0,0x5c08570d2ff0
4546,4546,75,234,hip-hipmm-cdls-getrf,0,0x5c08570d2ff0
4547,4547,39,249,hip-hipmm-cdls-getrf,0,0x5c08570d2ff0
4548,4548,24,141,hip-hipmm-cdls-getrf,0,0x5c08570d2ff0
4549,4549,81,282,hip-hipmm-cdls-getrf,0,0x5c08570d2ff0
4550,4550,33,126,hip-hipmm-cdls-getrf,0,0x5c08570d2ff0
4551,4551,90,249,hip-hipmm-cdls-getrf,0,0x5c08570d2ff0
4552,4552,54,228,hip-hipmm-cdls-getrf,0,0x5c08570d2ff0
4553,4553,39,240,hip-hipmm-cdls-getrf,0,0x5c08570d2ff0
4554,4554,60,426,hip-hipmm-cdls-getrf,0,0x5c08570d2ff0
4555,4555,84,354,hip-hipmm-cdls-getrf,0,0x5c08570d2ff0
4556,4556,27,153,hip-hipmm-cdls-getrf,0,0x5c08570d2ff0
4557,4557,57,264,hip-hipmm-cdls-getrf,0,0x5c08570d2ff0
4558,4558,45,183,hip-hipmm-cdls-getrf,0,0x5c08570d2ff0
4559,4559,36,138,hip-hipmm-cdls-getrf,0,0x5c08570d2ff0
4560,4560,63,249,hip-hipmm-cdls-getrf,0,0x5c08570d2ff0
4561,4561,57,348,hip-hipmm-cdls-getrf,0,0x5c08570d2ff0
4562,4562,30,108,hip-hipmm-cdls-getrf,0,0x5c08570d2ff0
4563,4563,30,111,hip-hipmm-cdls-getrf,0,0x5c08570d2ff0
4564,4564,63,198,hip-hipmm-cdls-getrf,0,0x5c08570d2ff0
4565,4565,96,471,hip-hipmm-cdls-getrf,0,0x5c08570d2ff0
4566,4566,75,351,hip-hipmm-cdls-getrf,0,0x5c08570d2ff0
4567,4567,99,426,hip-hipmm-cdls-getrf,0,0x5c08570d2ff0
4568,4568,120,459,hip-hipmm-cdls-getrf,0,0x5c08570d2ff0
4569,4569,45,177,hip-hipmm-cdls-getrf,0,0x5c08570d2ff0
4570,4570,36,150,hip-hipmm-cdls-getrf,0,0x5c08570d2ff0
4571,4571,63,186,hip-hipmm-cdls-getrf,0,0x5c08570d2ff0
4572,4572,69,342,hip-hipmm-cdls-getrf,0,0x5c08570d2ff0
4573,4573,57,543,hip-hipmm-cdls-getrf,0,0x5c08570d2ff0
4574,4574,99,273,hip-hipmm-cdls-getrf,0,0x5c08570d2ff0
4575,4575,63,345,hip-hipmm-cdls-getrf,0,0x5c08570d2ff0
4576,4576,84,330,hip-hipmm-cdls-getrf,0,0x5c08570d2ff0
4577,4577,90,255,hip-hipmm-cdls-getrf,0,0x5c08570d2ff0
4578,4578,36,138,hip-hipmm-cdls-getrf,0,0x5c08570d2ff0
4579,4579,66,213,hip-hipmm-cdls-getrf,0,0x5c08570d2ff0
4580,4580,42,114,hip-hipmm-cdls-getrf,0,0x5c08570d2ff0
4581,4581,84,207,hip-hipmm-cdls-getrf,0,0x5c08570d2ff0
4582,4582,63,198,hip-hipmm-cdls-getrf,0,0x5c08570d2ff0
4583,4583,84,351,hip-hipmm-cdls-getrf,0,0x5c08570d2ff0
4584,4584,123,384,hip-hipmm-cdls-getrf,0,0x5c08570d2ff0
4585,4585,45,255,hip-hipmm-cdls-getrf,0,0x5c08570d2ff0
4586,4586,78,363,hip-hipmm-cdls-getrf,0,0x5c08570d2ff0
4587,4587,27,159,hip-hipmm-cdls-getrf,0,0x5c08570d2ff0
4588,4588,135,501,hip-hipmm-cdls-getrf,0,0x5c08570d2ff0
4589,4589,75,528,hip-hipmm-cdls-getrf,0,0x5c08570d2ff0
4590,4590,114,465,hip-hipmm-cdls-getrf,0,0x5c08570d2ff0
4591,4591,51,288,hip-hipmm-cdls-getrf,0,0x5c08570d2ff0
4592,4592,63,273,hip-hipmm-cdls-getrf,0,0x5c08570d2ff0
4593,4593,24,174,hip-hipmm-cdls-getrf,0,0x5c08570d2ff0
4594,4594,24,174,hip-hipmm-cdls-getrf,0,0x5c08570d2ff0
4595,4595,30,120,hip-hipmm-cdls-getrf,0,0x5c08570d2ff0
4596,4596,90,285,hip-hipmm-cdls-getrf,0,0x5c08570d2ff0
4597,4597,69,264,hip-hipmm-cdls-getrf,0,0x5c08570d2ff0
4598,4598,57,216,hip-hipmm-cdls-getrf,0,0x5c08570d2ff0
4599,4599,99,336,hip-hipmm-cdls-getrf,0,0x5c08570d2ff0
4600,4600,39,165,hip-hipmm-cdls-getrf,0,0x5c08570d2ff0
4601,4601,66,339,hip-hipmm-cdls-getrf,0,0x5c08570d2ff0
4602,4602,69,276,hip-hipmm-cdls-getrf,0,0x5c08570d2ff0
4603,4603,63,240,hip-hipmm-cdls-getrf,0,0x5c08570d2ff0
4604,4604,51,222,hip-hipmm-cdls-getrf,0,0x5c08570d2ff0
4605,4605,78,309,hip-hipmm-cdls-getrf,0,0x5c08570d2ff0
4606,4606,108,372,hip-hipmm-cdls-getrf,0,0x5c08570d2ff0
4607,4607,33,126,hip-hipmm-cdls-getrf,0,0x5c08570d2ff0
4608,4608,57,252,hip-hipmm-cdls-getrf,0,0x5c08570d2ff0
4609,4609,60,414,hip-hipmm-cdls-getrf,0,0x5c08570d2ff0
4610,4610,84,366,hip-hipmm-cdls-getrf,0,0x5c08570d2ff0
4611,4611,63,372,hip-hipmm-cdls-getrf,0,0x5c08570d2ff0
4612,4612,84,390,hip-hipmm-cdls-getrf,0,0x5c08570d2ff0
4613,4613,66,258,hip-hipmm-cdls-getrf,0,0x5c08570d2ff0
4614,4614,42,168,hip-hipmm-cdls-getrf,0,0x5c08570d2ff0
4615,4615,96,426,hip-hipmm-cdls-getrf,0,0x5c08570d2ff0
4616,4616,39,324,hip-hipmm-cdls-getrf,0,0x5c08570d2ff0
4617,4617,42,165,hip-hipmm-cdls-getrf,0,0x5c08570d2ff0
4618,4618,87,240,hip-hipmm-cdls-getrf,0,0x5c08570d2ff0
4619,4619,54,219,hip-hipmm-cdls-getrf,0,0x5c08570d2ff0
4620,4620,51,225,hip-hipmm-cdls-getrf,0,0x5c08570d2ff0
4621,4621,45,327,hip-hipmm-cdls-getrf,0,0x5c08570d2ff0
4622,4622,48,324,hip-hipmm-cdls-getrf,0,0x5c08570d2ff0
4623,4623,96,282,hip-hipmm-cdls-getrf,0,0x5c08570d2ff0
4624,4624,36,210,hip-hipmm-cdls-getrf,0,0x5c08570d2ff0
4625,4625,72,330,hip-hipmm-cdls-getrf,0,0x5c08570d2ff0
4626,4626,69,216,hip-hipmm-cdls-getrf,0,0x5c08570d2ff0
4627,4627,27,189,hip-hipmm-cdls-getrf,0,0x5c08570d2ff0
4628,4628,135,387,hip-hipmm-cdls-getrf,0,0x5c08570d2ff0
4629,4629,111,327,hip-hipmm-cdls-getrf,0,0x5c08570d2ff0
4630,4630,54,339,hip-hipmm-cdls-getrf,0,0x5c08570d2ff0
4631,4631,63,219,hip-hipmm-cdls-getrf,0,0x5c08570d2ff0
4632,4632,30,186,hip-hipmm-cdls-getrf,0,0x5c08570d2ff0
4633,4633,84,366,hip-hipmm-cdls-getrf,0,0x5c08570d2ff0
4634,4634,108,423,hip-hipmm-cdls-getrf,0,0x5c08570d2ff0
4635,4635,39,165,hip-hipmm-cdls-getrf,0,0x5c08570d2ff0
4636,4636,39,333,hip-hipmm-cdls-getrf,0,0x5c08570d2ff0
4637,4637,63,369,hip-hipmm-cdls-getrf,0,0x5c08570d2ff0
4638,4638,36,213,hip-hipmm-cdls-getrf,0,0x5c08570d2ff0
4639,4639,42,264,hip-hipmm-cdls-getrf,0,0x5c08570d2ff0
4640,4640,51,261,hip-hipmm-cdls-getrf,0,0x5c08570d2ff0
4641,4641,33,192,hip-hipmm-cdls-getrf,0,0x5c08570d2ff0
4642,4642,90,360,hip-hipmm-cdls-getrf,0,0x5c08570d2ff0
4643,4643,33,210,hip-hipmm-cdls-getrf,0,0x5c08570d2ff0
4644,4644,123,441,hip-hipmm-cdls-getrf,0,0x5c08570d2ff0
4645,4645,69,537,hip-hipmm-cdls-getrf,0,0x5c08570d2ff0
4646,4646,54,192,hip-hipmm-cdls-getrf,0,0x5c08570d2ff0
4647,4647,69,384,hip-hipmm-cdls-getrf,0,0x5c08570d2ff0
4648,4648,36,246,hip-hipmm-cdls-getrf,0,0x5c08570d2ff0
4649,4649,51,405,hip-hipmm-cdls-getrf,0,0x5c08570d2ff0
4650,4650,30,228,hip-hipmm-cdls-getrf,0,0x5c08570d2ff0
4651,4651,60,270,hip-hipmm-cdls-getrf,0,0x5c08570d2ff0
4652,4652,126,648,hip-hipmm-cdls-getrf,0,0x5c08570d2ff0
4653,4653,60,501,hip-hipmm-cdls-getrf,0,0x5c08570d2ff0
4654,4654,105,396,hip-hipmm-cdls-getrf,0,0x5c08570d2ff0
4655,4655,117,495,hip-hipmm-cdls-getrf,0,0x5c08570d2ff0
4656,4656,54,375,hip-hipmm-cdls-getrf,0,0x5c08570d2ff0
4657,4657,90,432,hip-hipmm-cdls-getrf,0,0x5c08570d2ff0
4658,4658,69,315,hip-hipmm-cdls-getrf,0,0x5c08570d2ff0
4659,4659,54,432,hip-hipmm-cdls-getrf,0,0x5c08570d2ff0
4660,4660,63,369,hip-hipmm-cdls-getrf,0,0x5c08570d2ff0
4661,4661,60,423,hip-hipmm-cdls-getrf,0,0x5c08570d2ff0
4662,4662,123,531,hip-hipmm-cdls-getrf,0,0x5c08570d2ff0
4663,4663,90,672,hip-hipmm-cdls-getrf,0,0x5c08570d2ff0
4664,4664,39,165,hip-hipmm-cdls-getrf,0,0x5c08570d2ff0
4665,4665,66,285,hip-hipmm-cdls-getrf,0,0x5c08570d2ff0
4666,4666,27,213,hip-hipmm-cdls-getrf,0,0x5c08570d2ff0
4667,4667,69,519,hip-hipmm-cdls-getrf,0,0x5c08570d2ff0
4668,4668,33,219,hip-hipmm-cdls-getrf,0,0x5c08570d2ff0
4669,4669,36,210,hip-hipmm-cdls-getrf,0,0x5c08570d2ff0
4670,4670,21,159,hip-hipmm-cdls-getrf,0,0x5c08570d2ff0
4671,4671,75,477,hip-hipmm-cdls-getrf,0,0x5c08570d2ff0
4672,4672,69,201,hip-hipmm-cdls-getrf,0,0x5c08570d2ff0
4673,4673,51,219,hip-hipmm-cdls-getrf,0,0x5c08570d2ff0
4674,4674,96,285,hip-hipmm-cdls-getrf,0,0x5c08570d2ff0
4675,4675,33,195,hip-hipmm-cdls-getrf,0,0x5c08570d2ff0
4676,4676,30,192,hip-hipmm-cdls-getrf,0,0x5c08570d2ff0
4677,4677,150,426,hip-hipmm-cdls-getrf,0,0x5c08570d2ff0
4678,4678,99,345,hip-hipmm-cdls-getrf,0,0x5c08570d2ff0
4679,4679,45,291,hip-hipmm-cdls-getrf,0,0x5c08570d2ff0
4680,4680,72,378,hip-hipmm-cdls-getrf,0,0x5c08570d2ff0
4681,4681,30,216,hip-hipmm-cdls-getrf,0,0x5c08570d2ff0
4682,4682,51,513,hip-hipmm-cdls-getrf,0,0x5c08570d2ff0
4683,4683,24,174,hip-hipmm-cdls-getrf,0,0x5c08570d2ff0
4684,4684,69,321,hip-hipmm-cdls-getrf,0,0x5c08570d2ff0
4685,4685,51,204,hip-hipmm-cdls-getrf,0,0x5c08570d2ff0
4686,4686,93,387,hip-hipmm-cdls-getrf,0,0x5c08570d2ff0
4687,4687,48,177,hip-hipmm-cdls-getrf,0,0x5c08570d2ff0
4688,4688,21,111,hip-hipmm-cdls-getrf,0,0x5c08570d2ff0
4689,4689,21,132,hip-hipmm-cdls-getrf,0,0x5c08570d2ff0
4690,4690,30,216,hip-hipmm-cdls-getrf,0,0x5c08570d2ff0
4691,4691,66,255,hip-hipmm-cdls-getrf,0,0x5c08570d2ff0
4692,4692,63,261,hip-hipmm-cdls-getrf,0,0x5c08570d2ff0
4693,4693,57,156,hip-hipmm-cdls-getrf,0,0x5c08570d2ff0
4694,4694,39,204,hip-hipmm-cdls-getrf,0,0x5c08570d2ff0
4695,4695,66,327,hip-hipmm-cdls-getrf,0,0x5c08570d2ff0
4696,4696,36,174,hip-hipmm-cdls-getrf,0,0x5c08570d2ff0
4697,4697,51,285,hip-hipmm-cdls-getrf,0,0x5c08570d2ff0
4698,4698,75,306,hip-hipmm-cdls-getrf,0,0x5c08570d2ff0
4699,4699,78,351,hip-hipmm-cdls-getrf,0,0x5c08570d2ff0
4700,4700,36,150,hip-hipmm-cdls-getrf,0,0x5c08570d2ff0
4701,4701,90,237,hip-hipmm-cdls-getrf,0,0x5c08570d2ff0
4702,4702,84,243,hip-hipmm-cdls-getrf,0,0x5c08570d2ff0
4703,4703,72,279,hip-hipmm-cdls-getrf,0,0x5c08570d2ff0
4704,4704,33,123,hip-hipmm-cdls-getrf,0,0x5c08570d2ff0
4705,4705,99,261,hip-hipmm-cdls-getrf,0,0x5c08570d2ff0
4706,4706,48,225,hip-hipmm-cdls-getrf,0,0x5c08570d2ff0
4707,4707,30,195,hip-hipmm-cdls-getrf,0,0x5c08570d2ff0
4708,4708,21,171,hip-hipmm-cdls-getrf,0,0x5c08570d2ff0
4709,4709,60,282,hip-hipmm-cdls-getrf,0,0x5c08570d2ff0
4710,4710,69,186,hip-hipmm-cdls-getrf,0,0x5c08570d2ff0
4711,4711,99,429,hip-hipmm-cdls-getrf,0,0x5c08570d2ff0
4712,4712,66,345,hip-hipmm-cdls-getrf,0,0x5c08570d2ff0
4713,4713,93,267,hip-hipmm-cdls-getrf,0,0x5c08570d2ff0
4714,4714,123,333,hip-hipmm-cdls-getrf,0,0x5c08570d2ff0
4715,4715,39,141,hip-hipmm-cdls-getrf,0,0x5c08570d2ff0
4716,4716,33,219,hip-hipmm-cdls-getrf,0,0x5c08570d2ff0
4717,4717,105,396,hip-hipmm-cdls-getrf,0,0x5c08570d2ff0
4718,4718,39,153,hip-hipmm-cdls-getrf,0,0x5c08570d2ff0
4719,4719,57,180,hip-hipmm-cdls-getrf,0,0x5c08570d2ff0
4720,4720,69,201,hip-hipmm-cdls-getrf,0,0x5c08570d2ff0
4721,4721,57,243,hip-hipmm-cdls-getrf,0,0x5c08570d2ff0
4722,4722,45,243,hip-hipmm-cdls-getrf,0,0x5c08570d2ff0
4723,4723,48,165,hip-hipmm-cdls-getrf,0,0x5c08570d2ff0
4724,4724,120,297,hip-hipmm-cdls-getrf,0,0x5c08570d2ff0
4725,4725,66,225,hip-hipmm-cdls-getrf,0,0x5c08570d2ff0
4726,4726,126,354,hip-hipmm-cdls-getrf,0,0x5c08570d2ff0
4727,4727,21,183,hip-hipmm-cdls-getrf,0,0x5c08570d2ff0
4728,4728,75,321,hip-hipmm-cdls-getrf,0,0x5c08570d2ff0
4729,4729,42,288,hip-hipmm-cdls-getrf,0,0x5c08570d2ff0
4730,4730,36,234,hip-hipmm-cdls-getrf,0,0x5c08570d2ff0
4731,4731,45,228,hip-hipmm-cdls-getrf,0,0x5c08570d2ff0
4732,4732,81,339,hip-hipmm-cdls-getrf,0,0x5c08570d2ff0
4733,4733,42,180,hip-hipmm-cdls-getrf,0,0x5c08570d2ff0
4734,4734,54,228,hip-hipmm-cdls-getrf,0,0x5c08570d2ff0
4735,4735,54,216,hip-hipmm-cdls-getrf,0,0x5c08570d2ff0
4736,4736,51,189,hip-hipmm-cdls-getrf,0,0x5c08570d2ff0
4737,4737,108,276,hip-hipmm-cdls-getrf,0,0x5c08570d2ff0
4738,4738,48,300,hip-hipmm-cdls-getrf,0,0x5c08570d2ff0
4739,4739,54,348,hip-hipmm-cdls-getrf,0,0x5c08570d2ff0
4740,4740,45,234,hip-hipmm-cdls-getrf,0,0x5c08570d2ff0
4741,4741,81,318,hip-hipmm-cdls-getrf,0,0x5c08570d2ff0
4742,4742,21,144,hip-hipmm-cdls-getrf,0,0x5c08570d2ff0
4743,4743,78,408,hip-hipmm-cdls-getrf,0,0x5c08570d2ff0
4744,4744,75,324,hip-hipmm-cdls-getrf,0,0x5c08570d2ff0
4745,4745,45,177,hip-hipmm-cdls-getrf,0,0x5c08570d2ff0
4746,4746,36,135,hip-hipmm-cdls-getrf,0,0x5c08570d2ff0
4747,4747,72,228,hip-hipmm-cdls-getrf,0,0x5c08570d2ff0
4748,4748,90,264,hip-hipmm-cdls-getrf,0,0x5c08570d2ff0
4749,4749,30,228,hip-hipmm-cdls-getrf,0,0x5c08570d2ff0
4750,4750,30,228,hip-hipmm-cdls-getrf,0,0x5c08570d2ff0
4751,4751,72,285,hip-hipmm-cdls-getrf,0,0x5c08570d2ff0
4752,4752,60,252,hip-hipmm-cdls-getrf,0,0x5c08570d2ff0
4753,4753,27,141,hip-hipmm-cdls-getrf,0,0x5c08570d2ff0
4754,4754,51,201,hip-hipmm-cdls-getrf,0,0x5c08570d2ff0
4755,4755,60,297,hip-hipmm-cdls-getrf,0,0x5c08570d2ff0
4756,4756,78,225,hip-hipmm-cdls-getrf,0,0x5c08570d2ff0
4757,4757,69,261,hip-hipmm-cdls-getrf,0,0x5c08570d2ff0
4758,4758,48,210,hip-hipmm-cdls-getrf,0,0x5c08570d2ff0
4759,4759,84,330,hip-hipmm-cdls-getrf,0,0x5c08570d2ff0
4760,4760,39,228,hip-hipmm-cdls-getrf,0,0x5c08570d2ff0
4761,4761,54,336,hip-hipmm-cdls-getrf,0,0x5c08570d2ff0
4762,4762,42,276,hip-hipmm-cdls-getrf,0,0x5c08570d2ff0
4763,4763,36,210,hip-hipmm-cdls-getrf,0,0x5c08570d2ff0
4764,4764,78,261,hip-hipmm-cdls-getrf,0,0x5c08570d2ff0
4765,4765,69,288,hip-hipmm-cdls-getrf,0,0x5c08570d2ff0
4766,4766,93,366,hip-hipmm-cdls-getrf,0,0x5c08570d2ff0
4767,4767,84,327,hip-hipmm-cdls-getrf,0,0x5c08570d2ff0
4768,4768,69,396,hip-hipmm-cdls-getrf,0,0x5c08570d2ff0
4769,4769,51,309,hip-hipmm-cdls-getrf,0,0x5c08570d2ff0
4770,4770,57,219,hip-hipmm-cdls-getrf,0,0x5c08570d2ff0
4771,4771,33,303,hip-hipmm-cdls-getrf,0,0x5c08570d2ff0
4772,4772,126,348,hip-hipmm-cdls-getrf,0,0x5c08570d2ff0
4773,4773,24,174,hip-hipmm-cdls-getrf,0,0x5c08570d2ff0
4774,4774,66,270,hip-hipmm-cdls-getrf,0,0x5c08570d2ff0
4775,4775,33,219,hip-hipmm-cdls-getrf,0,0x5c08570d2ff0
4776,4776,27,159,hip-hipmm-cdls-getrf,0,0x5c08570d2ff0
4777,4777,39,168,hip-hipmm-cdls-getrf,0,0x5c08570d2ff0
4778,4778,30,252,hip-hipmm-cdls-getrf,0,0x5c08570d2ff0
4779,4779,66,312,hip-hipmm-cdls-getrf,0,0x5c08570d2ff0
4780,4780,99,258,hip-hipmm-cdls-getrf,0,0x5c08570d2ff0
4781,4781,39,237,hip-hipmm-cdls-getrf,0,0x5c08570d2ff0
4782,4782,42,276,hip-hipmm-cdls-getrf,0,0x5c08570d2ff0
4783,4783,33,195,hip-hipmm-cdls-getrf,0,0x5c08570d2ff0
4784,4784,51,192,hip-hipmm-cdls-getrf,0,0x5c08570d2ff0
4785,4785,57,222,hip-hipmm-cdls-getrf,0,0x5c08570d2ff0
4786,4786,51,321,hip-hipmm-cdls-getrf,0,0x5c08570d2ff0
4787,4787,51,195,hip-hipmm-cdls-getrf,0,0x5c08570d2ff0
4788,4788,27,195,hip-hipmm-cdls-getrf,0,0x5c08570d2ff0
4789,4789,24,141,hip-hipmm-cdls-getrf,0,0x5c08570d2ff0
4790,4790,78,234,hip-hipmm-cdls-getrf,0,0x5c08570d2ff0
4791,4791,108,363,hip-hipmm-cdls-getrf,0,0x5c08570d2ff0
4792,4792,33,120,hip-hipmm-cdls-getrf,0,0x5c08570d2ff0
4793,4793,66,300,hip-hipmm-cdls-getrf,0,0x5c08570d2ff0
4794,4794,30,198,hip-hipmm-cdls-getrf,0,0x5c08570d2ff0
4795,4795,123,342,hip-hipmm-cdls-getrf,0,0x5c08570d2ff0
4796,4796,60,183,hip-hipmm-cdls-getrf,0,0x5c08570d2ff0
4797,4797,111,393,hip-hipmm-cdls-getrf,0,0x5c08570d2ff0
4798,4798,93,339,hip-hipmm-cdls-getrf,0,0x5c08570d2ff0
4799,4799,60,246,hip-hipmm-cdls-getrf,0,0x5c08570d2ff0
4800,4800,39,249,hip-hipmm-cdls-getrf,0,0x5c08570d2ff0
4801,4801,87,282,hip-hipmm-cdls-getrf,0,0x5c08570d2ff0
4802,4802,93,360,hip-hipmm-cdls-getrf,0,0x5c08570d2ff0
4803,4803,123,375,hip-hipmm-cdls-getrf,0,0x5c08570d2ff0
4804,4804,108,366,hip-hipmm-cdls-getrf,0,0x5c08570d2ff0
4805,4805,69,537,hip-hipmm-cdls-getrf,0,0x5c08570d2ff0
4806,4806,51,303,hip-hipmm-cdls-getrf,0,0x5c08570d2ff0
4807,4807,57,225,hip-hipmm-cdls-getrf,0,0x5c08570d2ff0
4808,4808,21,135,hip-hipmm-cdls-getrf,0,0x5c08570d2ff0
4809,4809,69,315,hip-hipmm-cdls-getrf,0,0x5c08570d2ff0
4810,4810,114,354,hip-hipmm-cdls-getrf,0,0x5c08570d2ff0
4811,4811,63,300,hip-hipmm-cdls-getrf,0,0x5c08570d2ff0
4812,4812,63,453,hip-hipmm-cdls-getrf,0,0x5c08570d2ff0
4813,4813,93,477,hip-hipmm-cdls-getrf,0,0x5c08570d2ff0
4814,4814,60,183,hip-hipmm-cdls-getrf,0,0x5c08570d2ff0
4815,4815,51,204,hip-hipmm-cdls-getrf,0,0x5c08570d2ff0
4816,4816,54,177,hip-hipmm-cdls-getrf,0,0x5c08570d2ff0
4817,4817,93,303,hip-hipmm-cdls-getrf,0,0x5c08570d2ff0
4818,4818,93,333,hip-hipmm-cdls-getrf,0,0x5c08570d2ff0
4819,4819,51,225,hip-hipmm-cdls-getrf,0,0x5c08570d2ff0
4820,4820,48,282,hip-hipmm-cdls-getrf,0,0x5c08570d2ff0
4821,4821,57,165,hip-hipmm-cdls-getrf,0,0x5c08570d2ff0
4822,4822,51,213,hip-hipmm-cdls-getrf,0,0x5c08570d2ff0
4823,4823,36,222,hip-hipmm-cdls-getrf,0,0x5c08570d2ff0
4824,4824,42,276,hip-hipmm-cdls-getrf,0,0x5c08570d2ff0
4825,4825,75,252,hip-hipmm-cdls-getrf,0,0x5c08570d2ff0
4826,4826,63,285,hip-hipmm-cdls-getrf,0,0x5c08570d2ff0
4827,4827,48,282,hip-hipmm-cdls-getrf,0,0x5c08570d2ff0
4828,4828,84,345,hip-hipmm-cdls-getrf,0,0x5c08570d2ff0
4829,4829,63,381,hip-hipmm-cdls-getrf,0,0x5c08570d2ff0
4830,4830,126,396,hip-hipmm-cdls-getrf,0,0x5c08570d2ff0
4831,4831,123,441,hip-hipmm-cdls-getrf,0,0x5c08570d2ff0
4832,4832,87,543,hip-hipmm-cdls-getrf,0,0x5c08570d2ff0
4833,4833,54,315,hip-hipmm-cdls-getrf,0,0x5c08570d2ff0
4834,4834,105,399,hip-hipmm-cdls-getrf,0,0x5c08570d2ff0
4835,4835,42,450,hip-hipmm-cdls-getrf,0,0x5c08570d2ff0
4836,4836,75,561,hip-hipmm-cdls-getrf,0,0x5c08570d2ff0
4837,4837,42,159,hip-hipmm-cdls-getrf,0,0x5c08570d2ff0
4838,4838,72,318,hip-hipmm-cdls-getrf,0,0x5c08570d2ff0
4839,4839,39,222,hip-hipmm-cdls-getrf,0,0x5c08570d2ff0
4840,4840,84,336,hip-hipmm-cdls-getrf,0,0x5c08570d2ff0
4841,4841,75,216,hip-hipmm-cdls-getrf,0,0x5c08570d2ff0
4842,4842,72,333,hip-hipmm-cdls-getrf,0,0x5c08570d2ff0
4843,4843,60,258,hip-hipmm-cdls-getrf,0,0x5c08570d2ff0
4844,4844,66,279,hip-hipmm-cdls-getrf,0,0x5c08570d2ff0
4845,4845,66,300,hip-hipmm-cdls-getrf,0,0x5c08570d2ff0
4846,4846,87,429,hip-hipmm-cdls-getrf,0,0x5c08570d2ff0
4847,4847,45,261,hip-hipmm-cdls-getrf,0,0x5c08570d2ff0
4848,4848,99,342,hip-hipmm-cdls-getrf,0,0x5c08570d2ff0
4849,4849,81,303,hip-hipmm-cdls-getrf,0,0x5c08570d2ff0
4850,4850,84,414,hip-hipmm-cdls-getrf,0,0x5c08570d2ff0
4851,4851,132,441,hip-hipmm-cdls-getrf,0,0x5c08570d2ff0
4852,4852,30,228,hip-hipmm-cdls-getrf,0,0x5c08570d2ff0
4853,4853,36,210,hip-hipmm-cdls-getrf,0,0x5c08570d2ff0
4854,4854,63,381,hip-hipmm-cdls-getrf,0,0x5c08570d2ff0
4855,4855,102,381,hip-hipmm-cdls-getrf,0,0x5c08570d2ff0
4856,4856,54,420,hip-hipmm-cdls-getrf,0,0x5c08570d2ff0
4857,4857,75,591,hip-hipmm-cdls-getrf,0,0x5c08570d2ff0
4858,4858,108,390,hip-hipmm-cdls-getrf,0,0x5c08570d2ff0
4859,4859,60,348,hip-hipmm-cdls-getrf,0,0x5c08570d2ff0
4860,4860,63,243,hip-hipmm-cdls-getrf,0,0x5c08570d2ff0
4861,4861,54,492,hip-hipmm-cdls-getrf,0,0x5c08570d2ff0
4862,4862,45,267,hip-hipmm-cdls-getrf,0,0x5c08570d2ff0
4863,4863,117,390,hip-hipmm-cdls-getrf,0,0x5c08570d2ff0
4864,4864,81,351,hip-hipmm-cdls-getrf,0,0x5c08570d2ff0
4865,4865,78,372,hip-hipmm-cdls-getrf,0,0x5c08570d2ff0
4866,4866,108,414,hip-hipmm-cdls-getrf,0,0x5c08570d2ff0
4867,4867,66,372,hip-hipmm-cdls-getrf,0,0x5c08570d2ff0
4868,4868,51,225,hip-hipmm-cdls-getrf,0,0x5c08570d2ff0
4869,4869,63,357,hip-hipmm-cdls-getrf,0,0x5c08570d2ff0
4870,4870,30,228,hip-hipmm-cdls-getrf,0,0x5c08570d2ff0
4871,4871,84,450,hip-hipmm-cdls-getrf,0,0x5c08570d2ff0
4872,4872,15,141,hip-hipmm-cdls-getrf,0,0x5c08570d2ff0
4873,4873,15,153,hip-hipmm-cdls-getrf,0,0x5c08570d2ff0
4874,4874,90,336,hip-hipmm-cdls-getrf,0,0x5c08570d2ff0
4875,4875,51,225,hip-hipmm-cdls-getrf,0,0x5c08570d2ff0
4876,4876,42,252,hip-hipmm-cdls-getrf,0,0x5c08570d2ff0
4877,4877,18,156,hip-hipmm-cdls-getrf,0,0x5c08570d2ff0
4878,4878,30,228,hip-hipmm-cdls-getrf,0,0x5c08570d2ff0
4879,4879,102,381,hip-hipmm-cdls-getrf,0,0x5c08570d2ff0
4880,4880,27,189,hip-hipmm-cdls-getrf,0,0x5c08570d2ff0
4881,4881,36,225,hip-hipmm-cdls-getrf,0,0x5c08570d2ff0
4882,4882,60,270,hip-hipmm-cdls-getrf,0,0x5c08570d2ff0
4883,4883,27,189,hip-hipmm-cdls-getrf,0,0x5c08570d2ff0
4884,4884,90,504,hip-hipmm-cdls-getrf,0,0x5c08570d2ff0
4885,4885,69,438,hip-hipmm-cdls-getrf,0,0x5c08570d2ff0
4886,4886,84,366,hip-hipmm-cdls-getrf,0,0x5c08570d2ff0
4887,4887,54,435,hip-hipmm-cdls-getrf,0,0x5c08570d2ff0
4888,4888,60,375,hip-hipmm-cdls-getrf,0,0x5c08570d2ff0
4889,4889,21,195,hip-hipmm-cdls-getrf,0,0x5c08570d2ff0
4890,4890,48,360,hip-hipmm-cdls-getrf,0,0x5c08570d2ff0
4891,4891,87,273,hip-hipmm-cdls-getrf,0,0x5c08570d2ff0
4892,4892,75,465,hip-hipmm-cdls-getrf,0,0x5c08570d2ff0
4893,4893,63,396,hip-hipmm-cdls-getrf,0,0x5c08570d2ff0
4894,4894,87,609,hip-hipmm-cdls-getrf,0,0x5c08570d2ff0
4895,4895,81,495,hip-hipmm-cdls-getrf,0,0x5c08570d2ff0
4896,4896,102,375,hip-hipmm-cdls-getrf,0,0x5c08570d2ff0
4897,4897,42,252,hip-hipmm-cdls-getrf,0,0x5c08570d2ff0
4898,4898,48,210,hip-hipmm-cdls-getrf,0,0x5c08570d2ff0
4899,4899,18,156,hip-hipmm-cdls-getrf,0,0x5c08570d2ff0
4900,4900,60,258,hip-hipmm-cdls-getrf,0,0x5c08570d2ff0
4901,4901,48,378,hip-hipmm-cdls-getrf,0,0x5c08570d2ff0
4902,4902,63,285,hip-hipmm-cdls-getrf,0,0x5c08570d2ff0
4903,4903,75,441,hip-hipmm-cdls-getrf,0,0x5c08570d2ff0
4904,4904,60,282,hip-hipmm-cdls-getrf,0,0x5c08570d2ff0
4905,4905,36,150,hip-hipmm-cdls-getrf,0,0x5c08570d2ff0
4906,4906,27,168,hip-hipmm-cdls-getrf,0,0x5c08570d2ff0
4907,4907,66,303,hip-hipmm-cdls-getrf,0,0x5c08570d2ff0
4908,4908,72,498,hip-hipmm-cdls-getrf,0,0x5c08570d2ff0
4909,4909,93,423,hip-hipmm-cdls-getrf,0,0x5c08570d2ff0
4910,4910,84,294,hip-hipmm-cdls-getrf,0,0x5c08570d2ff0
4911,4911,78,258,hip-hipmm-cdls-getrf,0,0x5c08570d2ff0
4912,4912,111,453,hip-hipmm-cdls-getrf,0,0x5c08570d2ff0
4913,4913,102,516,hip-hipmm-cdls-getrf,0,0x5c08570d2ff0
4914,4914,45,303,hip-hipmm-cdls-getrf,0,0x5c08570d2ff0
4915,4915,24,210,hip-hipmm-cdls-getrf,0,0x5c08570d2ff0
4916,4916,105,399,hip-hipmm-cdls-getrf,0,0x5c08570d2ff0
4917,4917,36,162,hip-hipmm-cdls-getrf,0,0x5c08570d2ff0
4918,4918,60,270,hip-hipmm-cdls-getrf,0,0x5c08570d2ff0
4919,4919,24,198,hip-hipmm-cdls-getrf,0,0x5c08570d2ff0
4920,4920,18,144,hip-hipmm-cdls-getrf,0,0x5c08570d2ff0
4921,4921,66,300,hip-hipmm-cdls-getrf,0,0x5c08570d2ff0
4922,4922,57,255,hip-hipmm-cdls-getrf,0,0x5c08570d2ff0
4923,4923,30,195,hip-hipmm-cdls-getrf,0,0x5c08570d2ff0
4924,4924,78,384,hip-hipmm-cdls-getrf,0,0x5c08570d2ff0
4925,4925,72,237,hip-hipmm-cdls-getrf,0,0x5c08570d2ff0
4926,4926,60,237,hip-hipmm-cdls-getrf,0,0x5c08570d2ff0
4927,4927,33,231,hip-hipmm-cdls-getrf,0,0x5c08570d2ff0
4928,4928,54,312,hip-hipmm-cdls-getrf,0,0x5c08570d2ff0
4929,4929,105,459,hip-hipmm-cdls-getrf,0,0x5c08570d2ff0
4930,4930,18,156,hip-hipmm-cdls-getrf,0,0x5c08570d2ff0
4931,4931,45,375,hip-hipmm-cdls-getrf,0,0x5c08570d2ff0
4932,4932,27,213,hip-hipmm-cdls-getrf,0,0x5c08570d2ff0
4933,4933,48,270,hip-hipmm-cdls-getrf,0,0x5c08570d2ff0
4934,4934,30,204,hip-hipmm-cdls-getrf,0,0x5c08570d2ff0
4935,4935,69,399,hip-hipmm-cdls-getrf,0,0x5c08570d2ff0
4936,4936,99,357,hip-hipmm-cdls-getrf,0,0x5c08570d2ff0
4937,4937,36,150,hip-hipmm-cdls-getrf,0,0x5c08570d2ff0
4938,4938,75,381,hip-hipmm-cdls-getrf,0,0x5c08570d2ff0
4939,4939,54,192,hip-hipmm-cdls-getrf,0,0x5c08570d2ff0
4940,4940,69,387,hip-hipmm-cdls-getrf,0,0x5c08570d2ff0
4941,4941,81,375,hip-hipmm-cdls-getrf,0,0x5c08570d2ff0
4942,4942,84,402,hip-hipmm-cdls-getrf,0,0x5c08570d2ff0
4943,4943,24,165,hip-hipmm-cdls-getrf,0,0x5c08570d2ff0
4944,4944,84,312,hip-hipmm-cdls-getrf,0,0x5c08570d2ff0
4945,4945,36,237,hip-hipmm-cdls-getrf,0,0x5c08570d2ff0
4946,4946,42,192,hip-hipmm-cdls-getrf,0,0x5c08570d2ff0
4947,4947,51,267,hip-hipmm-cdls-getrf,0,0x5c08570d2ff0
4948,4948,117,402,hip-hipmm-cdls-getrf,0,0x5c08570d2ff0
4949,4949,51,378,hip-hipmm-cdls-getrf,0,0x5c08570d2ff0
4950,4950,66,372,hip-hipmm-cdls-getrf,0,0x5c08570d2ff0
4951,4951,39,261,hip-hipmm-cdls-getrf,0,0x5c08570d2ff0
4952,4952,78,396,hip-hipmm-cdls-getrf,0,0x5c08570d2ff0
4953,4953,54,438,hip-hipmm-cdls-getrf,0,0x5c08570d2ff0
4954,4954,99,483,hip-hipmm-cdls-getrf,0,0x5c08570d2ff0
4955,4955,60,327,hip-hipmm-cdls-getrf,0,0x5c08570d2ff0
4956,4956,81,276,hip-hipmm-cdls-getrf,0,0x5c08570d2ff0
4957,4957,60,270,hip-hipmm-cdls-getrf,0,0x5c08570d2ff0
4958,4958,42,288,hip-hipmm-cdls-getrf,0,0x5c08570d2ff0
4959,4959,39,273,hip-hipmm-cdls-getrf,0,0x5c08570d2ff0
4960,4960,54,222,hip-hipmm-cdls-getrf,0,0x5c08570d2ff0
4961,4961,42,210,hip-hipmm-cdls-getrf,0,0x5c08570d2ff0
4962,4962,33,219,hip-hipmm-cdls-getrf,0,0x5c08570d2ff0
4963,4963,72,342,hip-hipmm-cdls-getrf,0,0x5c08570d2ff0
4964,4964,42,204,hip-hipmm-cdls-getrf,0,0x5c08570d2ff0
4965,4965,54,348,hip-hipmm-cdls-getrf,0,0x5c08570d2ff0
4966,4966,33,243,hip-hipmm-cdls-getrf,0,0x5c08570d2ff0
4967,4967,72,294,hip-hipmm-cdls-getrf,0,0x5c08570d2ff0
4968,4968,159,408,hip-hipmm-cdls-getrf,0,0x5c08570d2ff0
4969,4969,96,393,hip-hipmm-cdls-getrf,0,0x5c08570d2ff0
4970,4970,54,492,hip-hipmm-cdls-getrf,0,0x5c08570d2ff0
4971,4971,63,309,hip-hipmm-cdls-getrf,0,0x5c08570d2ff0
4972,4972,141,468,hip-hipmm-cdls-getrf,0,0x5c08570d2ff0
4973,4973,87,405,hip-hipmm-cdls-getrf,0,0x5c08570d2ff0
4974,4974,36,234,hip-hipmm-cdls-getrf,0,0x5c08570d2ff0
4975,4975,99,513,hip-hipmm-cdls-getrf,0,0x5c08570d2ff0
4976,4976,36,234,hip-hipmm-cdls-getrf,0,0x5c08570d2ff0
4977,4977,78,303,hip-hipmm-cdls-getrf,0,0x5c08570d2ff0
4978,4978,54,204,hip-hipmm-cdls-getrf,0,0x5c08570d2ff0
4979,4979,57,177,hip-hipmm-cdls-getrf,0,0x5c08570d2ff0
4980,4980,54,225,hip-hipmm-cdls-getrf,0,0x5c08570d2ff0
4981,4981,84,288,hip-hipmm-cdls-getrf,0,0x5c08570d2ff0
4982,4982,63,381,hip-hipmm-cdls-getrf,0,0x5c08570d2ff0
4983,4983,42,183,hip-hipmm-cdls-getrf,0,0x5c08570d2ff0
4984,4984,27,201,hip-hipmm-cdls-getrf,0,0x5c08570d2ff0
4985,4985,93,345,hip-hipmm-cdls-getrf,0,0x5c08570d2ff0
4986,4986,57,315,hip-hipmm-cdls-getrf,0,0x5c08570d2ff0
4987,4987,108,423,hip-hipmm-cdls-getrf,0,0x5c08570d2ff0
4988,4988,111,414,hip-hipmm-cdls-getrf,0,0x5c08570d2ff0
4989,4989,57,351,hip-hipmm-cdls-getrf,0,0x5c08570d2ff0
4990,4990,81,285,hip-hipmm-cdls-getrf,0,0x5c08570d2ff0
4991,4991,96,450,hip-hipmm-cdls-getrf,0,0x5c08570d2ff0
4992,4992,93,591,hip-hipmm-cdls-getrf,0,0x5c08570d2ff0
4993,4993,72,618,hip-hipmm-cdls-getrf,0,0x5c08570d2ff0
4994,4994,48,633,hip-hipmm-cdls-getrf,0,0x5c08570d2ff0
4995,4995,105,375,hip-hipmm-cdls-getrf,0,0x5c08570d2ff0
4996,4996,78,480,hip-hipmm-cdls-getrf,0,0x5c08570d2ff0
4997,4997,81,363,hip-hipmm-cdls-getrf,0,0x5c08570d2ff0
4998,4998,72,450,hip-hipmm-cdls-getrf,0,0x5c08570d2ff0
4999,4999,48,186,hip-hipmm-cdls-getrf,0,0x5c08570d2ff0
5000,5000,60,243,hip-hipmm-cdls-getrf,0,0x5c08570d2ff0
5001,5001,42,165,hip-hipmm-cdls-getrf,0,0x5c08570d2ff0
5002,5002,30,120,hip-hipmm-cdls-getrf,0,0x5c08570d2ff0
5003,5003,36,162,hip-hipmm-cdls-getrf,0,0x5c08570d2ff0
5004,5004,27,321,hip-hipmm-cdls-getrf,0,0x5c08570d2ff0
5005,5005,39,261,hip-hipmm-cdls-getrf,0,0x5c08570d2ff0
5006,5006,33,135,hip-hipmm-cdls-getrf,0,0x5c08570d2ff0
5007,5007,54,240,hip-hipmm-cdls-getrf,0,0x5c08570d2ff0
5008,5008,78,312,hip-hipmm-cdls-getrf,0,0x5c08570d2ff0
5009,5009,117,495,hip-hipmm-cdls-getrf,0,0x5c08570d2ff0
5010,5010,90,468,hip-hipmm-cdls-getrf,0,0x5c08570d2ff0
5011,5011,129,369,hip-hipmm-cdls-getrf,0,0x5c08570d2ff0
5012,5012,33,189,hip-hipmm-cdls-getrf,0,0x5c08570d2ff0
5013,5013,60,306,hip-hipmm-cdls-getrf,0,0x5c08570d2ff0
5014,5014,78,336,hip-hipmm-cdls-getrf,0,0x5c08570d2ff0
5015,5015,30,189,hip-hipmm-cdls-getrf,0,0x5c08570d2ff0
5016,5016,51,309,hip-hipmm-cdls-getrf,0,0x5c08570d2ff0
5017,5017,36,399,hip-hipmm-cdls-getrf,0,0x5c08570d2ff0
5018,5018,24,186,hip-hipmm-cdls-getrf,0,0x5c08570d2ff0
5019,5019,18,132,hip-hipmm-cdls-getrf,0,0x5c08570d2ff0
5020,5020,33,207,hip-hipmm-cdls-getrf,0,0x5c08570d2ff0
5021,5021,72,396,hip-hipmm-cdls-getrf,0,0x5c08570d2ff0
5022,5022,57,249,hip-hipmm-cdls-getrf,0,0x5c08570d2ff0
5023,5023,42,264,hip-hipmm-cdls-getrf,0,0x5c08570d2ff0
5024,5024,51,213,hip-hipmm-cdls-getrf,0,0x5c08570d2ff0
5025,5025,66,276,hip-hipmm-cdls-getrf,0,0x5c08570d2ff0
5026,5026,57,291,hip-hipmm-cdls-getrf,0,0x5c08570d2ff0
5027,5027,69,411,hip-hipmm-cdls-getrf,0,0x5c08570d2ff0
5028,5028,66,372,hip-hipmm-cdls-getrf,0,0x5c08570d2ff0
5029,5029,69,279,hip-hipmm-cdls-getrf,0,0x5c08570d2ff0
5030,5030,33,231,hip-hipmm-cdls-getrf,0,0x5c08570d2ff0
5031,5031,27,201,hip-hipmm-cdls-getrf,0,0x5c08570d2ff0
5032,5032,84,414,hip-hipmm-cdls-getrf,0,0x5c08570d2ff0
5033,5033,90,297,hip-hipmm-cdls-getrf,0,0x5c08570d2ff0
5034,5034,27,189,hip-hipmm-cdls-getrf,0,0x5c08570d2ff0
5035,5035,39,177,hip-hipmm-cdls-getrf,0,0x5c08570d2ff0
5036,5036,48,264,hip-hipmm-cdls-getrf,0,0x5c08570d2ff0
5037,5037,24,138,hip-hipmm-cdls-getrf,0,0x5c08570d2ff0
5038,5038,57,231,hip-hipmm-cdls-getrf,0,0x5c08570d2ff0
5039,5039,33,315,hip-hipmm-cdls-getrf,0,0x5c08570d2ff0
5040,5040,66,270,hip-hipmm-cdls-getrf,0,0x5c08570d2ff0
5041,5041,42,264,hip-hipmm-cdls-getrf,0,0x5c08570d2ff0
5042,5042,75,405,hip-hipmm-cdls-getrf,0,0x5c08570d2ff0
5043,5043,63,249,hip-hipmm-cdls-getrf,0,0x5c08570d2ff0
5044,5044,51,225,hip-hipmm-cdls-getrf,0,0x5c08570d2ff0
5045,5045,39,237,hip-hipmm-cdls-getrf,0,0x5c08570d2ff0
5046,5046,27,189,hip-hipmm-cdls-getrf,0,0x5c08570d2ff0
5047,5047,78,273,hip-hipmm-cdls-getrf,0,0x5c08570d2ff0
5048,5048,75,309,hip-hipmm-cdls-getrf,0,0x5c08570d2ff0
5049,5049,63,237,hip-hipmm-cdls-getrf,0,0x5c08570d2ff0
5050,5050,39,177,hip-hipmm-cdls-getrf,0,0x5c08570d2ff0
5051,5051,99,297,hip-hipmm-cdls-getrf,0,0x5c08570d2ff0
5052,5052,24,186,hip-hipmm-cdls-getrf,0,0x5c08570d2ff0
5053,5053,18,114,hip-hipmm-cdls-getrf,0,0x5c08570d2ff0
5054,5054,33,201,hip-hipmm-cdls-getrf,0,0x5c08570d2ff0
5055,5055,54,420,hip-hipmm-cdls-getrf,0,0x5c08570d2ff0
5056,5056,48,183,hip-hipmm-cdls-getrf,0,0x5c08570d2ff0
5057,5057,45,348,hip-hipmm-cdls-getrf,0,0x5c08570d2ff0
5058,5058,66,504,hip-hipmm-cdls-getrf,0,0x5c08570d2ff0
5059,5059,45,261,hip-hipmm-cdls-getrf,0,0x5c08570d2ff0
5060,5060,54,210,hip-hipmm-cdls-getrf,0,0x5c08570d2ff0
5061,5061,45,240,hip-hipmm-cdls-getrf,0,0x5c08570d2ff0
5062,5062,54,228,hip-hipmm-cdls-getrf,0,0x5c08570d2ff0
5063,5063,39,165,hip-hipmm-cdls-getrf,0,0x5c08570d2ff0
5064,5064,54,417,hip-hipmm-cdls-getrf,0,0x5c08570d2ff0
5065,5065,75,546,hip-hipmm-cdls-getrf,0,0x5c08570d2ff0
5066,5066,105,384,hip-hipmm-cdls-getrf,0,0x5c08570d2ff0
5067,5067,63,234,hip-hipmm-cdls-getrf,0,0x5c08570d2ff0
5068,5068,39,159,hip-hipmm-cdls-getrf,0,0x5c08570d2ff0
5069,5069,63,279,hip-hipmm-cdls-getrf,0,0x5c08570d2ff0
5070,5070,15,129,hip-hipmm-cdls-getrf,0,0x5c08570d2ff0
5071,5071,63,333,hip-hipmm-cdls-getrf,0,0x5c08570d2ff0
5072,5072,51,453,hip-hipmm-cdls-getrf,0,0x5c08570d2ff0
5073,5073,60,270,hip-hipmm-cdls-getrf,0,0x5c08570d2ff0
5074,5074,48,429,hip-hipmm-cdls-getrf,0,0x5c08570d2ff0
5075,5075,36,219,hip-hipmm-cdls-getrf,0,0x5c08570d2ff0
5076,5076,69,270,hip-hipmm-cdls-getrf,0,0x5c08570d2ff0
5077,5077,45,255,hip-hipmm-cdls-getrf,0,0x5c08570d2ff0
5078,5078,27,162,hip-hipmm-cdls-getrf,0,0x5c08570d2ff0
5079,5079,21,171,hip-hipmm-cdls-getrf,0,0x5c08570d2ff0
5080,5080,63,261,hip-hipmm-cdls-getrf,0,0x5c08570d2ff0
5081,5081,90,357,hip-hipmm-cdls-getrf,0,0x5c08570d2ff0
5082,5082,75,405,hip-hipmm-cdls-getrf,0,0x5c08570d2ff0
5083,5083,105,357,hip-hipmm-cdls-getrf,0,0x5c08570d2ff0
5084,5084,108,492,hip-hipmm-cdls-getrf,0,0x5c08570d2ff0
5085,5085,42,168,hip-hipmm-cdls-getrf,0,0x5c08570d2ff0
5086,5086,45,231,hip-hipmm-cdls-getrf,0,0x5c08570d2ff0
5087,5087,87,417,hip-hipmm-cdls-getrf,0,0x5c08570d2ff0
5088,5088,21,147,hip-hipmm-cdls-getrf,0,0x5c08570d2ff0
5089,5089,45,195,hip-hipmm-cdls-getrf,0,0x5c08570d2ff0
5090,5090,24,168,hip-hipmm-cdls-getrf,0,0x5c08570d2ff0
5091,5091,24,174,hip-hipmm-cdls-getrf,0,0x5c08570d2ff0
5092,5092,30,111,hip-hipmm-cdls-getrf,0,0x5c08570d2ff0
5093,5093,27,177,hip-hipmm-cdls-getrf,0,0x5c08570d2ff0
5094,5094,54,216,hip-hipmm-cdls-getrf,0,0x5c08570d2ff0
5095,5095,66,360,hip-hipmm-cdls-getrf,0,0x5c08570d2ff0
5096,5096,75,192,hip-hipmm-cdls-getrf,0,0x5c08570d2ff0
5097,5097,72,228,hip-hipmm-cdls-getrf,0,0x5c08570d2ff0
5098,5098,60,222,hip-hipmm-cdls-getrf,0,0x5c08570d2ff0
5099,5099,90,330,hip-hipmm-cdls-getrf,0,0x5c08570d2ff0
5100,5100,30,228,hip-hipmm-cdls-getrf,0,0x5c08570d2ff0
5101,5101,54,291,hip-hipmm-cdls-getrf,0,0x5c08570d2ff0
5102,5102,48,222,hip-hipmm-cdls-getrf,0,0x5c08570d2ff0
5103,5103,57,255,hip-hipmm-cdls-getrf,0,0x5c08570d2ff0
5104,5104,66,255,hip-hipmm-cdls-getrf,0,0x5c08570d2ff0
5105,5105,51,186,hip-hipmm-cdls-getrf,0,0x5c08570d2ff0
5106,5106,39,222,hip-hipmm-cdls-getrf,0,0x5c08570d2ff0
5107,5107,66,228,hip-hipmm-cdls-getrf,0,0x5c08570d2ff0
5108,5108,81,234,hip-hipmm-cdls-getrf,0,0x5c08570d2ff0
5109,5109,72,258,hip-hipmm-cdls-getrf,0,0x5c08570d2ff0
5110,5110,87,369,hip-hipmm-cdls-getrf,0,0x5c08570d2ff0
5111,5111,39,225,hip-hipmm-cdls-getrf,0,0x5c08570d2ff0
5112,5112,27,213,hip-hipmm-cdls-getrf,0,0x5c08570d2ff0
5113,5113,78,528,hip-hipmm-cdls-getrf,0,0x5c08570d2ff0
5114,5114,39,369,hip-hipmm-cdls-getrf,0,0x5c08570d2ff0
5115,5115,81,615,hip-hipmm-cdls-getrf,0,0x5c08570d2ff0
5116,5116,114,420,hip-hipmm-cdls-getrf,0,0x5c08570d2ff0
5117,5117,87,438,hip-hipmm-cdls-getrf,0,0x5c08570d2ff0
5118,5118,135,495,hip-hipmm-cdls-getrf,0,0x5c08570d2ff0
5119,5119,108,438,hip-hipmm-cdls-getrf,0,0x5c08570d2ff0
5120,5120,78,306,hip-hipmm-cdls-getrf,0,0x5c08570d2ff0
5121,5121,45,183,hip-hipmm-cdls-getrf,0,0x5c08570d2ff0
5122,5122,51,285,hip-hipmm-cdls-getrf,0,0x5c08570d2ff0
5123,5123,87,441,hip-hipmm-cdls-getrf,0,0x5c08570d2ff0
5124,5124,45,156,hip-hipmm-cdls-getrf,0,0x5c08570d2ff0
5125,5125,36,129,hip-hipmm-cdls-getrf,0,0x5c08570d2ff0
5126,5126,21,183,hip-hipmm-cdls-getrf,0,0x5c08570d2ff0
5127,5127,111,348,hip-hipmm-cdls-getrf,0,0x5c08570d2ff0
5128,5128,30,240,hip-hipmm-cdls-getrf,0,0x5c08570d2ff0
5129,5129,57,243,hip-hipmm-cdls-getrf,0,0x5c08570d2ff0
5130,5130,117,420,hip-hipmm-cdls-getrf,0,0x5c08570d2ff0
5131,5131,84,528,hip-hipmm-cdls-getrf,0,0x5c08570d2ff0
5132,5132,42,147,hip-hipmm-cdls-getrf,0,0x5c08570d2ff0
5133,5133,63,309,hip-hipmm-cdls-getrf,0,0x5c08570d2ff0
5134,5134,123,414,hip-hipmm-cdls-getrf,0,0x5c08570d2ff0
5135,5135,141,384,hip-hipmm-cdls-getrf,0,0x5c08570d2ff0
5136,5136,129,405,hip-hipmm-cdls-getrf,0,0x5c08570d2ff0
5137,5137,126,390,hip-hipmm-cdls-getrf,0,0x5c08570d2ff0
5138,5138,27,159,hip-hipmm-cdls-getrf,0,0x5c08570d2ff0
5139,5139,75,309,hip-hipmm-cdls-getrf,0,0x5c08570d2ff0
5140,5140,84,273,hip-hipmm-cdls-getrf,0,0x5c08570d2ff0
5141,5141,75,318,hip-hipmm-cdls-getrf,0,0x5c08570d2ff0
5142,5142,84,222,hip-hipmm-cdls-getrf,0,0x5c08570d2ff0
5143,5143,75,225,hip-hipmm-cdls-getrf,0,0x5c08570d2ff0
5144,5144,42,168,hip-hipmm-cdls-getrf,0,0x5c08570d2ff0
5145,5145,78,207,hip-hipmm-cdls-getrf,0,0x5c08570d2ff0
5146,5146,102,243,hip-hipmm-cdls-getrf,0,0x5c08570d2ff0
5147,5147,39,96,hip-hipmm-cdls-getrf,0,0x5c08570d2ff0
5148,5148,54,213,hip-hipmm-cdls-getrf,0,0x5c08570d2ff0
5149,5149,33,126,hip-hipmm-cdls-getrf,0,0x5c08570d2ff0
5150,5150,33,243,hip-hipmm-cdls-getrf,0,0x5c08570d2ff0
5151,5151,48,294,hip-hipmm-cdls-getrf,0,0x5c08570d2ff0
5152,5152,117,390,hip-hipmm-cdls-getrf,0,0x5c08570d2ff0
5153,5153,48,294,hip-hipmm-cdls-getrf,0,0x5c08570d2ff0
5154,5154,48,273,hip-hipmm-cdls-getrf,0,0x5c08570d2ff0
5155,5155,126,450,hip-hipmm-cdls-getrf,0,0x5c08570d2ff0
5156,5156,93,345,hip-hipmm-cdls-getrf,0,0x5c08570d2ff0
5157,5157,72,282,hip-hipmm-cdls-getrf,0,0x5c08570d2ff0
5158,5158,66,210,hip-hipmm-cdls-getrf,0,0x5c08570d2ff0
5159,5159,51,183,hip-hipmm-cdls-getrf,0,0x5c08570d2ff0
5160,5160,102,276,hip-hipmm-cdls-getrf,0,0x5c08570d2ff0
5161,5161,63,309,hip-hipmm-cdls-getrf,0,0x5c08570d2ff0
5162,5162,93,330,hip-hipmm-cdls-getrf,0,0x5c08570d2ff0
5163,5163,24,171,hip-hipmm-cdls-getrf,0,0x5c08570d2ff0
5164,5164,81,375,hip-hipmm-cdls-getrf,0,0x5c08570d2ff0
5165,5165,39,258,hip-hipmm-cdls-getrf,0,0x5c08570d2ff0
5166,5166,72,528,hip-hipmm-cdls-getrf,0,0x5c08570d2ff0
5167,5167,93,456,hip-hipmm-cdls-getrf,0,0x5c08570d2ff0
5168,5168,93,408,hip-hipmm-cdls-getrf,0,0x5c08570d2ff0
5169,5169,45,435,hip-hipmm-cdls-getrf,0,0x5c08570d2ff0
5170,5170,48,393,hip-hipmm-cdls-getrf,0,0x5c08570d2ff0
5171,5171,63,297,hip-hipmm-cdls-getrf,0,0x5c08570d2ff0
5172,5172,30,189,hip-hipmm-cdls-getrf,0,0x5c08570d2ff0
5173,5173,33,204,hip-hipmm-cdls-getrf,0,0x5c08570d2ff0
5174,5174,63,273,hip-hipmm-cdls-getrf,0,0x5c08570d2ff0
5175,5175,54,291,hip-hipmm-cdls-getrf,0,0x5c08570d2ff0
5176,5176,111,489,hip-hipmm-cdls-getrf,0,0x5c08570d2ff0
5177,5177,117,402,hip-hipmm-cdls-getrf,0,0x5c08570d2ff0
5178,5178,105,384,hip-hipmm-cdls-getrf,0,0x5c08570d2ff0
5179,5179,102,588,hip-hipmm-cdls-getrf,0,0x5c08570d2ff0
5180,5180,132,459,hip-hipmm-cdls-getrf,0,0x5c08570d2ff0
5181,5181,153,495,hip-hipmm-cdls-getrf,0,0x5c08570d2ff0
5182,5182,111,453,hip-hipmm-cdls-getrf,0,0x5c08570d2ff0
5183,5183,51,444,hip-hipmm-cdls-getrf,0,0x5c08570d2ff0
5184,5184,66,609,hip-hipmm-cdls-getrf,0,0x5c08570d2ff0
5185,5185,63,681,hip-hipmm-cdls-getrf,0,0x5c08570d2ff0
5186,5186,54,510,hip-hipmm-cdls-getrf,0,0x5c08570d2ff0
5187,5187,60,600,hip-hipmm-cdls-getrf,0,0x5c08570d2ff0
5188,5188,117,603,hip-hipmm-cdls-getrf,0,0x5c08570d2ff0
5189,5189,54,588,hip-hipmm-cdls-getrf,0,0x5c08570d2ff0
5190,5190,84,549,hip-hipmm-cdls-getrf,0,0x5c08570d2ff0
5191,5191,66,468,hip-hipmm-cdls-getrf,0,0x5c08570d2ff0
5192,5192,144,648,hip-hipmm-cdls-getrf,0,0x5c08570d2ff0
5193,5193,123,585,hip-hipmm-cdls-getrf,0,0x5c08570d2ff0
5194,5194,42,648,hip-hipmm-cdls-getrf,0,0x5c08570d2ff0
5195,5195,81,627,hip-hipmm-cdls-getrf,0,0x5c08570d2ff0
5196,5196,54,924,hip-hipmm-cdls-getrf,0,0x5c08570d2ff0
5197,5197,60,720,hip-hipmm-cdls-getrf,0,0x5c08570d2ff0
5198,5198,144,393,hip-hipmm-cdls-getrf,0,0x5c08570d2ff0
5199,5199,27,201,hip-hipmm-cdls-getrf,0,0x5c08570d2ff0
5200,5200,69,423,hip-hipmm-cdls-getrf,0,0x5c08570d2ff0
5201,5201,123,492,hip-hipmm-cdls-getrf,0,0x5c08570d2ff0
5202,5202,48,714,hip-hipmm-cdls-getrf,0,0x5c08570d2ff0
5203,5203,72,594,hip-hipmm-cdls-getrf,0,0x5c08570d2ff0
5204,5204,114,468,hip-hipmm-cdls-getrf,0,0x5c08570d2ff0
5205,5205,72,666,hip-hipmm-cdls-getrf,0,0x5c08570d2ff0
5206,5206,78,732,hip-hipmm-cdls-getrf,0,0x5c08570d2ff0
5207,5207,84,354,hip-hipmm-cdls-getrf,0,0x5c08570d2ff0
5208,5208,105,459,hip-hipmm-cdls-getrf,0,0x5c08570d2ff0
5209,5209,63,297,hip-hipmm-cdls-getrf,0,0x5c08570d2ff0
5210,5210,60,378,hip-hipmm-cdls-getrf,0,0x5c08570d2ff0
5211,5211,93,411,hip-hipmm-cdls-getrf,0,0x5c08570d2ff0
5212,5212,33,231,hip-hipmm-cdls-getrf,0,0x5c08570d2ff0
5213,5213,45,195,hip-hipmm-cdls-getrf,0,0x5c08570d2ff0
5214,5214,57,255,hip-hipmm-cdls-getrf,0,0x5c08570d2ff0
5215,5215,81,312,hip-hipmm-cdls-getrf,0,0x5c08570d2ff0
5216,5216,39,225,hip-hipmm-cdls-getrf,0,0x5c08570d2ff0
5217,5217,81,297,hip-hipmm-cdls-getrf,0,0x5c08570d2ff0
5218,5218,102,576,hip-hipmm-cdls-getrf,0,0x5c08570d2ff0
5219,5219,39,621,hip-hipmm-cdls-getrf,0,0x5c08570d2ff0
5220,5220,99,573,hip-hipmm-cdls-getrf,0,0x5c08570d2ff0
5221,5221,48,594,hip-hipmm-cdls-getrf,0,0x5c08570d2ff0
5222,5222,84,594,hip-hipmm-cdls-getrf,0,0x5c08570d2ff0
5223,5223,78,444,hip-hipmm-cdls-getrf,0,0x5c08570d2ff0
5224,5224,87,657,hip-hipmm-cdls-getrf,0,0x5c08570d2ff0
5225,5225,51,681,hip-hipmm-cdls-getrf,0,0x5c08570d2ff0
5226,5226,99,450,hip-hipmm-cdls-getrf,0,0x5c08570d2ff0
5227,5227,120,390,hip-hipmm-cdls-getrf,0,0x5c08570d2ff0
5228,5228,87,414,hip-hipmm-cdls-getrf,0,0x5c08570d2ff0
5229,5229,105,375,hip-hipmm-cdls-getrf,0,0x5c08570d2ff0
5230,5230,48,270,hip-hipmm-cdls-getrf,0,0x5c08570d2ff0
5231,5231,21,171,hip-hipmm-cdls-getrf,0,0x5c08570d2ff0
5232,5232,78,360,hip-hipmm-cdls-getrf,0,0x5c08570d2ff0
5233,5233,18,156,hip-hipmm-cdls-getrf,0,0x5c08570d2ff0
5234,5234,48,438,hip-hipmm-cdls-getrf,0,0x5c08570d2ff0
5235,5235,33,507,hip-hipmm-cdls-getrf,0,0x5c08570d2ff0
5236,5236,42,252,hip-hipmm-cdls-getrf,0,0x5c08570d2ff0
5237,5237,60,252,hip-hipmm-cdls-getrf,0,0x5c08570d2ff0
5238,5238,93,318,hip-hipmm-cdls-getrf,0,0x5c08570d2ff0
5239,5239,54,207,hip-hipmm-cdls-getrf,0,0x5c08570d2ff0
5240,5240,54,324,hip-hipmm-cdls-getrf,0,0x5c08570d2ff0
5241,5241,72,291,hip-hipmm-cdls-getrf,0,0x5c08570d2ff0
5242,5242,93,300,hip-hipmm-cdls-getrf,0,0x5c08570d2ff0
5243,5243,69,483,hip-hipmm-cdls-getrf,0,0x5c08570d2ff0
5244,5244,99,633,hip-hipmm-cdls-getrf,0,0x5c08570d2ff0
5245,5245,30,204,hip-hipmm-cdls-getrf,0,0x5c08570d2ff0
5246,5246,54,216,hip-hipmm-cdls-getrf,0,0x5c08570d2ff0
5247,5247,111,300,hip-hipmm-cdls-getrf,0,0x5c08570d2ff0
5248,5248,90,240,hip-hipmm-cdls-getrf,0,0x5c08570d2ff0
5249,5249,99,393,hip-hipmm-cdls-getrf,0,0x5c08570d2ff0
5250,5250,114,684,hip-hipmm-cdls-getrf,0,0x5c08570d2ff0
5251,5251,75,348,hip-hipmm-cdls-getrf,0,0x5c08570d2ff0
5252,5252,30,204,hip-hipmm-cdls-getrf,0,0x5c08570d2ff0
5253,5253,30,228,hip-hipmm-cdls-getrf,0,0x5c08570d2ff0
5254,5254,39,177,hip-hipmm-cdls-getrf,0,0x5c08570d2ff0
5255,5255,78,516,hip-hipmm-cdls-getrf,0,0x5c08570d2ff0
5256,5256,105,615,hip-hipmm-cdls-getrf,0,0x5c08570d2ff0
5257,5257,108,486,hip-hipmm-cdls-getrf,0,0x5c08570d2ff0
5258,5258,57,579,hip-hipmm-cdls-getrf,0,0x5c08570d2ff0
5259,5259,60,522,hip-hipmm-cdls-getrf,0,0x5c08570d2ff0
5260,5260,63,477,hip-hipmm-cdls-getrf,0,0x5c08570d2ff0
5261,5261,78,540,hip-hipmm-cdls-getrf,0,0x5c08570d2ff0
5262,5262,102,576,hip-hipmm-cdls-getrf,0,0x5c08570d2ff0
5263,5263,75,333,hip-hipmm-cdls-getrf,0,0x5c08570d2ff0
5264,5264,63,369,hip-hipmm-cdls-getrf,0,0x5c08570d2ff0
5265,5265,126,456,hip-hipmm-cdls-getrf,0,0x5c08570d2ff0
5266,5266,69,603,hip-hipmm-cdls-getrf,0,0x5c08570d2ff0
5267,5267,72,354,hip-hipmm-cdls-getrf,0,0x5c08570d2ff0
5268,5268,75,309,hip-hipmm-cdls-getrf,0,0x5c08570d2ff0
5269,5269,27,201,hip-hipmm-cdls-getrf,0,0x5c08570d2ff0
5270,5270,54,324,hip-hipmm-cdls-getrf,0,0x5c08570d2ff0
5271,5271,57,483,hip-hipmm-cdls-getrf,0,0x5c08570d2ff0
5272,5272,66,444,hip-hipmm-cdls-getrf,0,0x5c08570d2ff0
5273,5273,60,324,hip-hipmm-cdls-getrf,0,0x5c08570d2ff0
5274,5274,105,639,hip-hipmm-cdls-getrf,0,0x5c08570d2ff0
5275,5275,60,279,hip-hipmm-cdls-getrf,0,0x5c08570d2ff0
5276,5276,27,213,hip-hipmm-cdls-getrf,0,0x5c08570d2ff0
5277,5277,36,138,hip-hipmm-cdls-getrf,0,0x5c08570d2ff0
5278,5278,57,213,hip-hipmm-cdls-getrf,0,0x5c08570d2ff0
5279,5279,57,234,hip-hipmm-cdls-getrf,0,0x5c08570d2ff0
5280,5280,63,357,hip-hipmm-cdls-getrf,0,0x5c08570d2ff0
5281,5281,81,375,hip-hipmm-cdls-getrf,0,0x5c08570d2ff0
5282,5282,60,282,hip-hipmm-cdls-getrf,0,0x5c08570d2ff0
5283,5283,30,204,hip-hipmm-cdls-getrf,0,0x5c08570d2ff0
5284,5284,51,225,hip-hipmm-cdls-getrf,0,0x5c08570d2ff0
5285,5285,18,156,hip-hipmm-cdls-getrf,0,0x5c08570d2ff0
5286,5286,75,474,hip-hipmm-cdls-getrf,0,0x5c08570d2ff0
5287,5287,90,300,hip-hipmm-cdls-getrf,0,0x5c08570d2ff0
5288,5288,66,162,hip-hipmm-cdls-getrf,0,0x5c08570d2ff0
5289,5289,78,444,hip-hipmm-cdls-getrf,0,0x5c08570d2ff0
5290,5290,84,402,hip-hipmm-cdls-getrf,0,0x5c08570d2ff0
5291,5291,33,219,hip-hipmm-cdls-getrf,0,0x5c08570d2ff0
5292,5292,60,252,hip-hipmm-cdls-getrf,0,0x5c08570d2ff0
5293,5293,39,138,hip-hipmm-cdls-getrf,0,0x5c08570d2ff0
5294,5294,84,294,hip-hipmm-cdls-getrf,0,0x5c08570d2ff0
5295,5295,45,153,hip-hipmm-cdls-getrf,0,0x5c08570d2ff0
5296,5296,36,198,hip-hipmm-cdls-getrf,0,0x5c08570d2ff0
5297,5297,33,465,hip-hipmm-cdls-getrf,0,0x5c08570d2ff0
5298,5298,81,444,hip-hipmm-cdls-getrf,0,0x5c08570d2ff0
5299,5299,96,261,hip-hipmm-cdls-getrf,0,0x5c08570d2ff0
5300,5300,99,243,hip-hipmm-cdls-getrf,0,0x5c08570d2ff0
5301,5301,57,177,hip-hipmm-cdls-getrf,0,0x5c08570d2ff0
5302,5302,48,177,hip-hipmm-cdls-getrf,0,0x5c08570d2ff0
5303,5303,96,438,hip-hipmm-cdls-getrf,0,0x5c08570d2ff0
5304,5304,45,363,hip-hipmm-cdls-getrf,0,0x5c08570d2ff0
5305,5305,48,306,hip-hipmm-cdls-getrf,0,0x5c08570d2ff0
5306,5306,39,261,hip-hipmm-cdls-getrf,0,0x5c08570d2ff0
5307,5307,30,165,hip-hipmm-cdls-getrf,0,0x5c08570d2ff0
5308,5308,51,279,hip-hipmm-cdls-getrf,0,0x5c08570d2ff0
5309,5309,96,399,hip-hipmm-cdls-getrf,0,0x5c08570d2ff0
5310,5310,48,366,hip-hipmm-cdls-getrf,0,0x5c08570d2ff0
5311,5311,84,438,hip-hipmm-cdls-getrf,0,0x5c08570d2ff0
5312,5312,105,276,hip-hipmm-cdls-getrf,0,0x5c08570d2ff0
5313,5313,132,510,hip-hipmm-cdls-getrf,0,0x5c08570d2ff0
5314,5314,96,570,hip-hipmm-cdls-getrf,0,0x5c08570d2ff0
5315,5315,54,252,hip-hipmm-cdls-getrf,0,0x5c08570d2ff0
5316,5316,27,213,hip-hipmm-cdls-getrf,0,0x5c08570d2ff0
5317,5317,69,279,hip-hipmm-cdls-getrf,0,0x5c08570d2ff0
5318,5318,21,171,hip-hipmm-cdls-getrf,0,0x5c08570d2ff0
5319,5319,57,387,hip-hipmm-cdls-getrf,0,0x5c08570d2ff0
5320,5320,111,465,hip-hipmm-cdls-getrf,0,0x5c08570d2ff0
5321,5321,120,522,hip-hipmm-cdls-getrf,0,0x5c08570d2ff0
5322,5322,81,495,hip-hipmm-cdls-getrf,0,0x5c08570d2ff0
5323,5323,114,390,hip-hipmm-cdls-getrf,0,0x5c08570d2ff0
5324,5324,87,507,hip-hipmm-cdls-getrf,0,0x5c08570d2ff0
5325,5325,45,237,hip-hipmm-cdls-getrf,0,0x5c08570d2ff0
5326,5326,42,186,hip-hipmm-cdls-getrf,0,0x5c08570d2ff0
5327,5327,108,234,hip-hipmm-cdls-getrf,0,0x5c08570d2ff0
5328,5328,99,438,hip-hipmm-cdls-getrf,0,0x5c08570d2ff0
5329,5329,51,204,hip-hipmm-cdls-getrf,0,0x5c08570d2ff0
5330,5330,18,93,hip-hipmm-cdls-getrf,0,0x5c08570d2ff0
5331,5331,51,294,hip-hipmm-cdls-getrf,0,0x5c08570d2ff0
5332,5332,48,282,hip-hipmm-cdls-getrf,0,0x5c08570d2ff0
5333,5333,60,255,hip-hipmm-cdls-getrf,0,0x5c08570d2ff0
5334,5334,129,456,hip-hipmm-cdls-getrf,0,0x5c08570d2ff0
5335,5335,87,429,hip-hipmm-cdls-getrf,0,0x5c08570d2ff0
5336,5336,48,195,hip-hipmm-cdls-getrf,0,0x5c08570d2ff0
5337,5337,93,297,hip-hipmm-cdls-getrf,0,0x5c08570d2ff0
5338,5338,39,132,hip-hipmm-cdls-getrf,0,0x5c08570d2ff0
5339,5339,48,330,hip-hipmm-cdls-getrf,0,0x5c08570d2ff0
5340,5340,30,84,hip-hipmm-cdls-getrf,0,0x5c08570d2ff0
5341,5341,69,258,hip-hipmm-cdls-getrf,0,0x5c08570d2ff0
5342,5342,42,153,hip-hipmm-cdls-getrf,0,0x5c08570d2ff0
5343,5343,90,432,hip-hipmm-cdls-getrf,0,0x5c08570d2ff0
5344,5344,51,417,hip-hipmm-cdls-getrf,0,0x5c08570d2ff0
5345,5345,63,285,hip-hipmm-cdls-getrf,0,0x5c08570d2ff0
5346,5346,60,270,hip-hipmm-cdls-getrf,0,0x5c08570d2ff0
5347,5347,33,243,hip-hipmm-cdls-getrf,0,0x5c08570d2ff0
5348,5348,54,228,hip-hipmm-cdls-getrf,0,0x5c08570d2ff0
5349,5349,42,192,hip-hipmm-cdls-getrf,0,0x5c08570d2ff0
5350,5350,57,255,hip-hipmm-cdls-getrf,0,0x5c08570d2ff0
5351,5351,30,216,hip-hipmm-cdls-getrf,0,0x5c08570d2ff0
5352,5352,27,201,hip-hipmm-cdls-getrf,0,0x5c08570d2ff0
5353,5353,30,192,hip-hipmm-cdls-getrf,0,0x5c08570d2ff0
5354,5354,72,321,hip-hipmm-cdls-getrf,0,0x5c08570d2ff0
5355,5355,75,267,hip-hipmm-cdls-getrf,0,0x5c08570d2ff0
5356,5356,51,369,hip-hipmm-cdls-getrf,0,0x5c08570d2ff0
5357,5357,39,237,hip-hipmm-cdls-getrf,0,0x5c08570d2ff0
5358,5358,33,126,hip-hipmm-cdls-getrf,0,0x5c08570d2ff0
5359,5359,45,162,hip-hipmm-cdls-getrf,0,0x5c08570d2ff0
5360,5360,42,234,hip-hipmm-cdls-getrf,0,0x5c08570d2ff0
5361,5361,54,264,hip-hipmm-cdls-getrf,0,0x5c08570d2ff0
5362,5362,72,291,hip-hipmm-cdls-getrf,0,0x5c08570d2ff0
5363,5363,72,303,hip-hipmm-cdls-getrf,0,0x5c08570d2ff0
5364,5364,51,195,hip-hipmm-cdls-getrf,0,0x5c08570d2ff0
5365,5365,102,294,hip-hipmm-cdls-getrf,0,0x5c08570d2ff0
5366,5366,96,288,hip-hipmm-cdls-getrf,0,0x5c08570d2ff0
5367,5367,54,195,hip-hipmm-cdls-getrf,0,0x5c08570d2ff0
5368,5368,87,297,hip-hipmm-cdls-getrf,0,0x5c08570d2ff0
5369,5369,69,174,hip-hipmm-cdls-getrf,0,0x5c08570d2ff0
5370,5370,69,411,hip-hipmm-cdls-getrf,0,0x5c08570d2ff0
5371,5371,72,330,hip-hipmm-cdls-getrf,0,0x5c08570d2ff0
5372,5372,30,252,hip-hipmm-cdls-getrf,0,0x5c08570d2ff0
5373,5373,24,198,hip-hipmm-cdls-getrf,0,0x5c08570d2ff0
5374,5374,42,372,hip-hipmm-cdls-getrf,0,0x5c08570d2ff0
5375,5375,60,258,hip-hipmm-cdls-getrf,0,0x5c08570d2ff0
5376,5376,21,183,hip-hipmm-cdls-getrf,0,0x5c08570d2ff0
5377,5377,141,459,hip-hipmm-cdls-getrf,0,0x5c08570d2ff0
5378,5378,69,423,hip-hipmm-cdls-getrf,0,0x5c08570d2ff0
5379,5379,81,339,hip-hipmm-cdls-getrf,0,0x5c08570d2ff0
5380,5380,114,420,hip-hipmm-cdls-getrf,0,0x5c08570d2ff0
5381,5381,108,459,hip-hipmm-cdls-getrf,0,0x5c08570d2ff0
5382,5382,30,228,hip-hipmm-cdls-getrf,0,0x5c08570d2ff0
5383,5383,69,495,hip-hipmm-cdls-getrf,0,0x5c08570d2ff0
5384,5384,72,378,hip-hipmm-cdls-getrf,0,0x5c08570d2ff0
5385,5385,99,399,hip-hipmm-cdls-getrf,0,0x5c08570d2ff0
5386,5386,84,576,hip-hipmm-cdls-getrf,0,0x5c08570d2ff0
5387,5387,96,312,hip-hipmm-cdls-getrf,0,0x5c08570d2ff0
5388,5388,132,417,hip-hipmm-cdls-getrf,0,0x5c08570d2ff0
5389,5389,75,345,hip-hipmm-cdls-getrf,0,0x5c08570d2ff0
5390,5390,87,273,hip-hipmm-cdls-getrf,0,0x5c08570d2ff0
5391,5391,30,159,hip-hipmm-cdls-getrf,0,0x5c08570d2ff0
5392,5392,108,393,hip-hipmm-cdls-getrf,0,0x5c08570d2ff0
5393,5393,63,549,hip-hipmm-cdls-getrf,0,0x5c08570d2ff0
5394,5394,87,291,hip-hipmm-cdls-getrf,0,0x5c08570d2ff0
5395,5395,96,324,hip-hipmm-cdls-getrf,0,0x5c08570d2ff0
5396,5396,39,189,hip-hipmm-cdls-getrf,0,0x5c08570d2ff0
5397,5397,84,273,hip-hipmm-cdls-getrf,0,0x5c08570d2ff0
5398,5398,63,366,hip-hipmm-cdls-getrf,0,0x5c08570d2ff0
5399,5399,54,252,hip-hipmm-cdls-getrf,0,0x5c08570d2ff0
5400,5400,39,168,hip-hipmm-cdls-getrf,0,0x5c08570d2ff0
5401,5401,48,282,hip-hipmm-cdls-getrf,0,0x5c08570d2ff0
5402,5402,87,333,hip-hipmm-cdls-getrf,0,0x5c08570d2ff0
5403,5403,33,183,hip-hipmm-cdls-getrf,0,0x5c08570d2ff0
5404,5404,105,375,hip-hipmm-cdls-getrf,0,0x5c08570d2ff0
5405,5405,84,405,hip-hipmm-cdls-getrf,0,0x5c08570d2ff0
5406,5406,51,309,hip-hipmm-cdls-getrf,0,0x5c08570d2ff0
5407,5407,120,438,hip-hipmm-cdls-getrf,0,0x5c08570d2ff0
5408,5408,60,486,hip-hipmm-cdls-getrf,0,0x5c08570d2ff0
5409,5409,69,483,hip-hipmm-cdls-getrf,0,0x5c08570d2ff0
5410,5410,87,489,hip-hipmm-cdls-getrf,0,0x5c08570d2ff0
5411,5411,45,363,hip-hipmm-cdls-getrf,0,0x5c08570d2ff0
5412,5412,66,276,hip-hipmm-cdls-getrf,0,0x5c08570d2ff0
5413,5413,57,339,hip-hipmm-cdls-getrf,0,0x5c08570d2ff0
5414,5414,27,177,hip-hipmm-cdls-getrf,0,0x5c08570d2ff0
5415,5415,33,219,hip-hipmm-cdls-getrf,0,0x5c08570d2ff0
5416,5416,39,345,hip-hipmm-cdls-getrf,0,0x5c08570d2ff0
5417,5417,90,384,hip-hipmm-cdls-getrf,0,0x5c08570d2ff0
5418,5418,156,396,hip-hipmm-cdls-getrf,0,0x5c08570d2ff0
5419,5419,102,372,hip-hipmm-cdls-getrf,0,0x5c08570d2ff0
5420,5420,75,240,hip-hipmm-cdls-getrf,0,0x5c08570d2ff0
5421,5421,60,261,hip-hipmm-cdls-getrf,0,0x5c08570d2ff0
5422,5422,63,273,hip-hipmm-cdls-getrf,0,0x5c08570d2ff0
5423,5423,51,252,hip-hipmm-cdls-getrf,0,0x5c08570d2ff0
5424,5424,24,162,hip-hipmm-cdls-getrf,0,0x5c08570d2ff0
5425,5425,48,234,hip-hipmm-cdls-getrf,0,0x5c08570d2ff0
5426,5426,42,168,hip-hipmm-cdls-getrf,0,0x5c08570d2ff0
5427,5427,51,237,hip-hipmm-cdls-getrf,0,0x5c08570d2ff0
5428,5428,39,261,hip-hipmm-cdls-getrf,0,0x5c08570d2ff0
5429,5429,81,399,hip-hipmm-cdls-getrf,0,0x5c08570d2ff0
5430,5430,33,255,hip-hipmm-cdls-getrf,0,0x5c08570d2ff0
5431,5431,66,213,hip-hipmm-cdls-getrf,0,0x5c08570d2ff0
5432,5432,99,381,hip-hipmm-cdls-getrf,0,0x5c08570d2ff0
5433,5433,75,327,hip-hipmm-cdls-getrf,0,0x5c08570d2ff0
5434,5434,36,141,hip-hipmm-cdls-getrf,0,0x5c08570d2ff0
5435,5435,81,264,hip-hipmm-cdls-getrf,0,0x5c08570d2ff0
5436,5436,51,333,hip-hipmm-cdls-getrf,0,0x5c08570d2ff0
5437,5437,69,315,hip-hipmm-cdls-getrf,0,0x5c08570d2ff0
5438,5438,27,177,hip-hipmm-cdls-getrf,0,0x5c08570d2ff0
5439,5439,33,231,hip-hipmm-cdls-getrf,0,0x5c08570d2ff0
5440,5440,63,249,hip-hipmm-cdls-getrf,0,0x5c08570d2ff0
5441,5441,105,303,hip-hipmm-cdls-getrf,0,0x5c08570d2ff0
5442,5442,87,276,hip-hipmm-cdls-getrf,0,0x5c08570d2ff0
5443,5443,90,501,hip-hipmm-cdls-getrf,0,0x5c08570d2ff0
5444,5444,48,450,hip-hipmm-cdls-getrf,0,0x5c08570d2ff0
5445,5445,123,384,hip-hipmm-cdls-getrf,0,0x5c08570d2ff0
5446,5446,69,426,hip-hipmm-cdls-getrf,0,0x5c08570d2ff0
5447,5447,129,342,hip-hipmm-cdls-getrf,0,0x5c08570d2ff0
5448,5448,135,432,hip-hipmm-cdls-getrf,0,0x5c08570d2ff0
5449,5449,48,186,hip-hipmm-cdls-getrf,0,0x5c08570d2ff0
5450,5450,54,288,hip-hipmm-cdls-getrf,0,0x5c08570d2ff0
5451,5451,27,141,hip-hipmm-cdls-getrf,0,0x5c08570d2ff0
5452,5452,45,195,hip-hipmm-cdls-getrf,0,0x5c08570d2ff0
5453,5453,60,270,hip-hipmm-cdls-getrf,0,0x5c08570d2ff0
5454,5454,42,213,hip-hipmm-cdls-getrf,0,0x5c08570d2ff0
5455,5455,123,369,hip-hipmm-cdls-getrf,0,0x5c08570d2ff0
5456,5456,132,408,hip-hipmm-cdls-getrf,0,0x5c08570d2ff0
5457,5457,159,345,hip-hipmm-cdls-getrf,0,0x5c08570d2ff0
5458,5458,153,420,hip-hipmm-cdls-getrf,0,0x5c08570d2ff0
5459,5459,57,243,hip-hipmm-cdls-getrf,0,0x5c08570d2ff0
5460,5460,27,183,hip-hipmm-cdls-getrf,0,0x5c08570d2ff0
5461,5461,21,171,hip-hipmm-cdls-getrf,0,0x5c08570d2ff0
5462,5462,63,270,hip-hipmm-cdls-getrf,0,0x5c08570d2ff0
5463,5463,63,384,hip-hipmm-cdls-getrf,0,0x5c08570d2ff0
5464,5464,102,648,hip-hipmm-cdls-getrf,0,0x5c08570d2ff0
5465,5465,123,525,hip-hipmm-cdls-getrf,0,0x5c08570d2ff0
5466,5466,75,681,hip-hipmm-cdls-getrf,0,0x5c08570d2ff0
5467,5467,60,510,hip-hipmm-cdls-getrf,0,0x5c08570d2ff0
5468,5468,99,498,hip-hipmm-cdls-getrf,0,0x5c08570d2ff0
5469,5469,108,405,hip-hipmm-cdls-getrf,0,0x5c08570d2ff0
5470,5470,66,351,hip-hipmm-cdls-getrf,0,0x5c08570d2ff0
5471,5471,30,216,hip-hipmm-cdls-getrf,0,0x5c08570d2ff0
5472,5472,18,156,hip-hipmm-cdls-getrf,0,0x5c08570d2ff0
5473,5473,18,156,hip-hipmm-cdls-getrf,0,0x5c08570d2ff0
5474,5474,57,339,hip-hipmm-cdls-getrf,0,0x5c08570d2ff0
5475,5475,108,348,hip-hipmm-cdls-getrf,0,0x5c08570d2ff0
5476,5476,39,222,hip-hipmm-cdls-getrf,0,0x5c08570d2ff0
5477,5477,75,417,hip-hipmm-cdls-getrf,0,0x5c08570d2ff0
5478,5478,57,267,hip-hipmm-cdls-getrf,0,0x5c08570d2ff0
5479,5479,93,300,hip-hipmm-cdls-getrf,0,0x5c08570d2ff0
5480,5480,174,423,hip-hipmm-cdls-getrf,0,0x5c08570d2ff0
5481,5481,21,138,hip-hipmm-cdls-getrf,0,0x5c08570d2ff0
5482,5482,96,354,hip-hipmm-cdls-getrf,0,0x5c08570d2ff0
5483,5483,66,249,hip-hipmm-cdls-getrf,0,0x5c08570d2ff0
5484,5484,36,129,hip-hipmm-cdls-getrf,0,0x5c08570d2ff0
5485,5485,81,351,hip-hipmm-cdls-getrf,0,0x5c08570d2ff0
5486,5486,36,246,hip-hipmm-cdls-getrf,0,0x5c08570d2ff0
5487,5487,42,222,hip-hipmm-cdls-getrf,0,0x5c08570d2ff0
5488,5488,126,327,hip-hipmm-cdls-getrf,0,0x5c08570d2ff0
5489,5489,51,189,hip-hipmm-cdls-getrf,0,0x5c08570d2ff0
5490,5490,117,423,hip-hipmm-cdls-getrf,0,0x5c08570d2ff0
5491,5491,93,375,hip-hipmm-cdls-getrf,0,0x5c08570d2ff0
5492,5492,57,555,hip-hipmm-cdls-getrf,0,0x5c08570d2ff0
5493,5493,75,366,hip-hipmm-cdls-getrf,0,0x5c08570d2ff0
5494,5494,45,180,hip-hipmm-cdls-getrf,0,0x5c08570d2ff0
5495,5495,60,249,hip-hipmm-cdls-getrf,0,0x5c08570d2ff0
5496,5496,54,201,hip-hipmm-cdls-getrf,0,0x5c08570d2ff0
5497,5497,33,135,hip-hipmm-cdls-getrf,0,0x5c08570d2ff0
5498,5498,24,174,hip-hipmm-cdls-getrf,0,0x5c08570d2ff0
5499,5499,99,429,hip-hipmm-cdls-getrf,0,0x5c08570d2ff0
5500,5500,123,429,hip-hipmm-cdls-getrf,0,0x5c08570d2ff0
5501,5501,54,501,hip-hipmm-cdls-getrf,0,0x5c08570d2ff0
5502,5502,69,522,hip-hipmm-cdls-getrf,0,0x5c08570d2ff0
5503,5503,57,597,hip-hipmm-cdls-getrf,0,0x5c08570d2ff0
5504,5504,57,363,hip-hipmm-cdls-getrf,0,0x5c08570d2ff0
5505,5505,90,504,hip-hipmm-cdls-getrf,0,0x5c08570d2ff0
5506,5506,57,471,hip-hipmm-cdls-getrf,0,0x5c08570d2ff0
5507,5507,39,228,hip-hipmm-cdls-getrf,0,0x5c08570d2ff0
5508,5508,21,240,hip-hipmm-cdls-getrf,0,0x5c08570d2ff0
5509,5509,57,246,hip-hipmm-cdls-getrf,0,0x5c08570d2ff0
5510,5510,33,126,hip-hipmm-cdls-getrf,0,0x5c08570d2ff0
5511,5511,63,270,hip-hipmm-cdls-getrf,0,0x5c08570d2ff0
5512,5512,69,366,hip-hipmm-cdls-getrf,0,0x5c08570d2ff0
5513,5513,84,381,hip-hipmm-cdls-getrf,0,0x5c08570d2ff0
5514,5514,126,357,hip-hipmm-cdls-getrf,0,0x5c08570d2ff0
5515,5515,57,231,hip-hipmm-cdls-getrf,0,0x5c08570d2ff0
5516,5516,48,282,hip-hipmm-cdls-getrf,0,0x5c08570d2ff0
5517,5517,33,219,hip-hipmm-cdls-getrf,0,0x5c08570d2ff0
5518,5518,36,246,hip-hipmm-cdls-getrf,0,0x5c08570d2ff0
5519,5519,54,312,hip-hipmm-cdls-getrf,0,0x5c08570d2ff0
5520,5520,54,240,hip-hipmm-cdls-getrf,0,0x5c08570d2ff0
5521,5521,30,216,hip-hipmm-cdls-getrf,0,0x5c08570d2ff0
5522,5522,30,228,hip-hipmm-cdls-getrf,0,0x5c08570d2ff0
5523,5523,69,219,hip-hipmm-cdls-getrf,0,0x5c08570d2ff0
5524,5524,45,156,hip-hipmm-cdls-getrf,0,0x5c08570d2ff0
5525,5525,24,186,hip-hipmm-cdls-getrf,0,0x5c08570d2ff0
5526,5526,27,189,hip-hipmm-cdls-getrf,0,0x5c08570d2ff0
5527,5527,72,306,hip-hipmm-cdls-getrf,0,0x5c08570d2ff0
5528,5528,42,174,hip-hipmm-cdls-getrf,0,0x5c08570d2ff0
5529,5529,75,234,hip-hipmm-cdls-getrf,0,0x5c08570d2ff0
5530,5530,42,210,hip-hipmm-cdls-getrf,0,0x5c08570d2ff0
5531,5531,84,414,hip-hipmm-cdls-getrf,0,0x5c08570d2ff0
5532,5532,36,207,hip-hipmm-cdls-getrf,0,0x5c08570d2ff0
5533,5533,21,183,hip-hipmm-cdls-getrf,0,0x5c08570d2ff0
5534,5534,24,198,hip-hipmm-cdls-getrf,0,0x5c08570d2ff0
5535,5535,69,303,hip-hipmm-cdls-getrf,0,0x5c08570d2ff0
5536,5536,57,231,hip-hipmm-cdls-getrf,0,0x5c08570d2ff0
5537,5537,39,141,hip-hipmm-cdls-getrf,0,0x5c08570d2ff0
5538,5538,21,141,hip-hipmm-cdls-getrf,0,0x5c08570d2ff0
5539,5539,24,150,hip-hipmm-cdls-getrf,0,0x5c08570d2ff0
5540,5540,72,342,hip-hipmm-cdls-getrf,0,0x5c08570d2ff0
5541,5541,72,237,hip-hipmm-cdls-getrf,0,0x5c08570d2ff0
5542,5542,21,159,hip-hipmm-cdls-getrf,0,0x5c08570d2ff0
5543,5543,84,342,hip-hipmm-cdls-getrf,0,0x5c08570d2ff0
5544,5544,69,315,hip-hipmm-cdls-getrf,0,0x5c08570d2ff0
5545,5545,51,225,hip-hipmm-cdls-getrf,0,0x5c08570d2ff0
5546,5546,27,213,hip-hipmm-cdls-getrf,0,0x5c08570d2ff0
5547,5547,84,486,hip-hipmm-cdls-getrf,0,0x5c08570d2ff0
5548,5548,78,576,hip-hipmm-cdls-getrf,0,0x5c08570d2ff0
5549,5549,51,549,hip-hipmm-cdls-getrf,0,0x5c08570d2ff0
5550,5550,99,453,hip-hipmm-cdls-getrf,0,0x5c08570d2ff0
5551,5551,54,300,hip-hipmm-cdls-getrf,0,0x5c08570d2ff0
5552,5552,30,216,hip-hipmm-cdls-getrf,0,0x5c08570d2ff0
5553,5553,63,417,hip-hipmm-cdls-getrf,0,0x5c08570d2ff0
5554,5554,42,252,hip-hipmm-cdls-getrf,0,0x5c08570d2ff0
5555,5555,27,225,hip-hipmm-cdls-getrf,0,0x5c08570d2ff0
5556,5556,63,261,hip-hipmm-cdls-getrf,0,0x5c08570d2ff0
5557,5557,48,282,hip-hipmm-cdls-getrf,0,0x5c08570d2ff0
5558,5558,63,189,hip-hipmm-cdls-getrf,0,0x5c08570d2ff0
5559,5559,69,282,hip-hipmm-cdls-getrf,0,0x5c08570d2ff0
5560,5560,81,201,hip-hipmm-cdls-getrf,0,0x5c08570d2ff0
5561,5561,33,138,hip-hipmm-cdls-getrf,0,0x5c08570d2ff0
5562,5562,90,267,hip-hipmm-cdls-getrf,0,0x5c08570d2ff0
5563,5563,78,273,hip-hipmm-cdls-getrf,0,0x5c08570d2ff0
5564,5564,84,378,hip-hipmm-cdls-getrf,0,0x5c08570d2ff0
5565,5565,75,405,hip-hipmm-cdls-getrf,0,0x5c08570d2ff0
5566,5566,24,198,hip-hipmm-cdls-getrf,0,0x5c08570d2ff0
5567,5567,72,306,hip-hipmm-cdls-getrf,0,0x5c08570d2ff0
5568,5568,45,303,hip-hipmm-cdls-getrf,0,0x5c08570d2ff0
5569,5569,84,330,hip-hipmm-cdls-getrf,0,0x5c08570d2ff0
5570,5570,63,324,hip-hipmm-cdls-getrf,0,0x5c08570d2ff0
5571,5571,69,258,hip-hipmm-cdls-getrf,0,0x5c08570d2ff0
5572,5572,51,237,hip-hipmm-cdls-getrf,0,0x5c08570d2ff0
5573,5573,72,252,hip-hipmm-cdls-getrf,0,0x5c08570d2ff0
5574,5574,84,441,hip-hipmm-cdls-getrf,0,0x5c08570d2ff0
5575,5575,135,375,hip-hipmm-cdls-getrf,0,0x5c08570d2ff0
5576,5576,93,477,hip-hipmm-cdls-getrf,0,0x5c08570d2ff0
5577,5577,63,645,hip-hipmm-cdls-getrf,0,0x5c08570d2ff0
5578,5578,111,510,hip-hipmm-cdls-getrf,0,0x5c08570d2ff0
5579,5579,60,306,hip-hipmm-cdls-getrf,0,0x5c08570d2ff0
5580,5580,54,408,hip-hipmm-cdls-getrf,0,0x5c08570d2ff0
5581,5581,57,507,hip-hipmm-cdls-getrf,0,0x5c08570d2ff0
5582,5582,123,453,hip-hipmm-cdls-getrf,0,0x5c08570d2ff0
5583,5583,66,540,hip-hipmm-cdls-getrf,0,0x5c08570d2ff0
5584,5584,33,216,hip-hipmm-cdls-getrf,0,0x5c08570d2ff0
5585,5585,42,264,hip-hipmm-cdls-getrf,0,0x5c08570d2ff0
5586,5586,30,216,hip-hipmm-cdls-getrf,0,0x5c08570d2ff0
5587,5587,51,291,hip-hipmm-cdls-getrf,0,0x5c08570d2ff0
5588,5588,72,246,hip-hipmm-cdls-getrf,0,0x5c08570d2ff0
5589,5589,42,156,hip-hipmm-cdls-getrf,0,0x5c08570d2ff0
5590,5590,33,117,hip-hipmm-cdls-getrf,0,0x5c08570d2ff0
5591,5591,72,309,hip-hipmm-cdls-getrf,0,0x5c08570d2ff0
5592,5592,51,237,hip-hipmm-cdls-getrf,0,0x5c08570d2ff0
5593,5593,81,342,hip-hipmm-cdls-getrf,0,0x5c08570d2ff0
5594,5594,60,420,hip-hipmm-cdls-getrf,0,0x5c08570d2ff0
5595,5595,72,510,hip-hipmm-cdls-getrf,0,0x5c08570d2ff0
5596,5596,69,213,hip-hipmm-cdls-getrf,0,0x5c08570d2ff0
5597,5597,45,216,hip-hipmm-cdls-getrf,0,0x5c08570d2ff0
5598,5598,21,183,hip-hipmm-cdls-getrf,0,0x5c08570d2ff0
5599,5599,63,285,hip-hipmm-cdls-getrf,0,0x5c08570d2ff0
5600,5600,72,318,hip-hipmm-cdls-getrf,0,0x5c08570d2ff0
5601,5601,111,318,hip-hipmm-cdls-getrf,0,0x5c08570d2ff0
5602,5602,39,216,hip-hipmm-cdls-getrf,0,0x5c08570d2ff0
5603,5603,117,459,hip-hipmm-cdls-getrf,0,0x5c08570d2ff0
5604,5604,75,657,hip-hipmm-cdls-getrf,0,0x5c08570d2ff0
5605,5605,42,276,hip-hipmm-cdls-getrf,0,0x5c08570d2ff0
5606,5606,51,225,hip-hipmm-cdls-getrf,0,0x5c08570d2ff0
5607,5607,96,426,hip-hipmm-cdls-getrf,0,0x5c08570d2ff0
5608,5608,108,414,hip-hipmm-cdls-getrf,0,0x5c08570d2ff0
5609,5609,69,339,hip-hipmm-cdls-getrf,0,0x5c08570d2ff0
5610,5610,45,303,hip-hipmm-cdls-getrf,0,0x5c08570d2ff0
5611,5611,45,471,hip-hipmm-cdls-getrf,0,0x5c08570d2ff0
5612,5612,129,483,hip-hipmm-cdls-getrf,0,0x5c08570d2ff0
5613,5613,36,216,hip-hipmm-cdls-getrf,0,0x5c08570d2ff0
5614,5614,60,270,hip-hipmm-cdls-getrf,0,0x5c08570d2ff0
5615,5615,60,255,hip-hipmm-cdls-getrf,0,0x5c08570d2ff0
5616,5616,21,159,hip-hipmm-cdls-getrf,0,0x5c08570d2ff0
5617,5617,36,258,hip-hipmm-cdls-getrf,0,0x5c08570d2ff0
5618,5618,33,255,hip-hipmm-cdls-getrf,0,0x5c08570d2ff0
5619,5619,27,324,hip-hipmm-cdls-getrf,0,0x5c08570d2ff0
5620,5620,69,225,hip-hipmm-cdls-getrf,0,0x5c08570d2ff0
5621,5621,39,222,hip-hipmm-cdls-getrf,0,0x5c08570d2ff0
5622,5622,36,270,hip-hipmm-cdls-getrf,0,0x5c08570d2ff0
5623,5623,39,144,hip-hipmm-cdls-getrf,0,0x5c08570d2ff0
5624,5624,51,204,hip-hipmm-cdls-getrf,0,0x5c08570d2ff0
5625,5625,84,390,hip-hipmm-cdls-getrf,0,0x5c08570d2ff0
5626,5626,39,150,hip-hipmm-cdls-getrf,0,0x5c08570d2ff0
5627,5627,72,300,hip-hipmm-cdls-getrf,0,0x5c08570d2ff0
5628,5628,63,294,hip-hipmm-cdls-getrf,0,0x5c08570d2ff0
5629,5629,51,225,hip-hipmm-cdls-getrf,0,0x5c08570d2ff0
5630,5630,27,201,hip-hipmm-cdls-getrf,0,0x5c08570d2ff0
5631,5631,81,375,hip-hipmm-cdls-getrf,0,0x5c08570d2ff0
5632,5632,30,216,hip-hipmm-cdls-getrf,0,0x5c08570d2ff0
5633,5633,81,399,hip-hipmm-cdls-getrf,0,0x5c08570d2ff0
5634,5634,87,477,hip-hipmm-cdls-getrf,0,0x5c08570d2ff0
5635,5635,60,642,hip-hipmm-cdls-getrf,0,0x5c08570d2ff0
5636,5636,60,354,hip-hipmm-cdls-getrf,0,0x5c08570d2ff0
5637,5637,48,210,hip-hipmm-cdls-getrf,0,0x5c08570d2ff0
5638,5638,33,243,hip-hipmm-cdls-getrf,0,0x5c08570d2ff0
5639,5639,36,234,hip-hipmm-cdls-getrf,0,0x5c08570d2ff0
5640,5640,69,363,hip-hipmm-cdls-getrf,0,0x5c08570d2ff0
5641,5641,57,339,hip-hipmm-cdls-getrf,0,0x5c08570d2ff0
5642,5642,18,156,hip-hipmm-cdls-getrf,0,0x5c08570d2ff0
5643,5643,27,189,hip-hipmm-cdls-getrf,0,0x5c08570d2ff0
5644,5644,87,405,hip-hipmm-cdls-getrf,0,0x5c08570d2ff0
5645,5645,57,267,hip-hipmm-cdls-getrf,0,0x5c08570d2ff0
5646,5646,60,258,hip-hipmm-cdls-getrf,0,0x5c08570d2ff0
5647,5647,45,279,hip-hipmm-cdls-getrf,0,0x5c08570d2ff0
5648,5648,84,546,hip-hipmm-cdls-getrf,0,0x5c08570d2ff0
5649,5649,63,477,hip-hipmm-cdls-getrf,0,0x5c08570d2ff0
5650,5650,102,588,hip-hipmm-cdls-getrf,0,0x5c08570d2ff0
5651,5651,126,456,hip-hipmm-cdls-getrf,0,0x5c08570d2ff0
5652,5652,135,402,hip-hipmm-cdls-getrf,0,0x5c08570d2ff0
5653,5653,108,468,hip-hipmm-cdls-getrf,0,0x5c08570d2ff0
5654,5654,90,396,hip-hipmm-cdls-getrf,0,0x5c08570d2ff0
5655,5655,150,411,hip-hipmm-cdls-getrf,0,0x5c08570d2ff0
5656,5656,102,483,hip-hipmm-cdls-getrf,0,0x5c08570d2ff0
5657,5657,120,510,hip-hipmm-cdls-getrf,0,0x5c08570d2ff0
5658,5658,66,288,hip-hipmm-cdls-getrf,0,0x5c08570d2ff0
5659,5659,51,285,hip-hipmm-cdls-getrf,0,0x5c08570d2ff0
5660,5660,33,159,hip-hipmm-cdls-getrf,0,0x5c08570d2ff0
5661,5661,72,390,hip-hipmm-cdls-getrf,0,0x5c08570d2ff0
5662,5662,27,189,hip-hipmm-cdls-getrf,0,0x5c08570d2ff0
5663,5663,78,300,hip-hipmm-cdls-getrf,0,0x5c08570d2ff0
5664,5664,54,252,hip-hipmm-cdls-getrf,0,0x5c08570d2ff0
5665,5665,48,207,hip-hipmm-cdls-getrf,0,0x5c08570d2ff0
5666,5666,57,354,hip-hipmm-cdls-getrf,0,0x5c08570d2ff0
5667,5667,132,396,hip-hipmm-cdls-getrf,0,0x5c08570d2ff0
5668,5668,48,222,hip-hipmm-cdls-getrf,0,0x5c08570d2ff0
5669,5669,51,489,hip-hipmm-cdls-getrf,0,0x5c08570d2ff0
5670,5670,30,204,hip-hipmm-cdls-getrf,0,0x5c08570d2ff0
5671,5671,93,240,hip-hipmm-cdls-getrf,0,0x5c08570d2ff0
5672,5672,108,477,hip-hipmm-cdls-getrf,0,0x5c08570d2ff0
5673,5673,93,378,hip-hipmm-cdls-getrf,0,0x5c08570d2ff0
5674,5674,90,516,hip-hipmm-cdls-getrf,0,0x5c08570d2ff0
5675,5675,141,375,hip-hipmm-cdls-getrf,0,0x5c08570d2ff0
5676,5676,21,183,hip-hipmm-cdls-getrf,0,0x5c08570d2ff0
5677,5677,21,171,hip-hipmm-cdls-getrf,0,0x5c08570d2ff0
5678,5678,66,360,hip-hipmm-cdls-getrf,0,0x5c08570d2ff0
5679,5679,75,597,hip-hipmm-cdls-getrf,0,0x5c08570d2ff0
5680,5680,78,420,hip-hipmm-cdls-getrf,0,0x5c08570d2ff0
5681,5681,57,243,hip-hipmm-cdls-getrf,0,0x5c08570d2ff0
5682,5682,57,351,hip-hipmm-cdls-getrf,0,0x5c08570d2ff0
5683,5683,69,339,hip-hipmm-cdls-getrf,0,0x5c08570d2ff0
5684,5684,39,285,hip-hipmm-cdls-getrf,0,0x5c08570d2ff0
5685,5685,45,207,hip-hipmm-cdls-getrf,0,0x5c08570d2ff0
5686,5686,72,303,hip-hipmm-cdls-getrf,0,0x5c08570d2ff0
5687,5687,96,351,hip-hipmm-cdls-getrf,0,0x5c08570d2ff0
5688,5688,180,471,hip-hipmm-cdls-getrf,0,0x5c08570d2ff0
5689,5689,90,564,hip-hipmm-cdls-getrf,0,0x5c08570d2ff0
5690,5690,99,657,hip-hipmm-cdls-getrf,0,0x5c08570d2ff0
5691,5691,129,450,hip-hipmm-cdls-getrf,0,0x5c08570d2ff0
5692,5692,144,567,hip-hipmm-cdls-getrf,0,0x5c08570d2ff0
5693,5693,87,390,hip-hipmm-cdls-getrf,0,0x5c08570d2ff0
5694,5694,81,468,hip-hipmm-cdls-getrf,0,0x5c08570d2ff0
5695,5695,84,690,hip-hipmm-cdls-getrf,0,0x5c08570d2ff0
5696,5696,72,546,hip-hipmm-cdls-getrf,0,0x5c08570d2ff0
5697,5697,135,390,hip-hipmm-cdls-getrf,0,0x5c08570d2ff0
5698,5698,90,477,hip-hipmm-cdls-getrf,0,0x5c08570d2ff0
5699,5699,75,300,hip-hipmm-cdls-getrf,0,0x5c08570d2ff0
5700,5700,72,384,hip-hipmm-cdls-getrf,0,0x5c08570d2ff0
5701,5701,87,405,hip-hipmm-cdls-getrf,0,0x5c08570d2ff0
5702,5702,42,516,hip-hipmm-cdls-getrf,0,0x5c08570d2ff0
5703,5703,132,474,hip-hipmm-cdls-getrf,0,0x5c08570d2ff0
5704,5704,135,489,hip-hipmm-cdls-getrf,0,0x5c08570d2ff0
5705,5705,99,369,hip-hipmm-cdls-getrf,0,0x5c08570d2ff0
5706,5706,87,480,hip-hipmm-cdls-getrf,0,0x5c08570d2ff0
5707,5707,27,93,hip-hipmm-cdls-getrf,0,0x5c08570d2ff0
5708,5708,72,393,hip-hipmm-cdls-getrf,0,0x5c08570d2ff0
5709,5709,42,438,hip-hipmm-cdls-getrf,0,0x5c08570d2ff0
5710,5710,99,405,hip-hipmm-cdls-getrf,0,0x5c08570d2ff0
5711,5711,111,489,hip-hipmm-cdls-getrf,0,0x5c08570d2ff0
5712,5712,57,495,hip-hipmm-cdls-getrf,0,0x5c08570d2ff0
5713,5713,60,378,hip-hipmm-cdls-getrf,0,0x5c08570d2ff0
5714,5714,93,603,hip-hipmm-cdls-getrf,0,0x5c08570d2ff0
5715,5715,90,660,hip-hipmm-cdls-getrf,0,0x5c08570d2ff0
5716,5716,63,603,hip-hipmm-cdls-getrf,0,0x5c08570d2ff0
5717,5717,57,456,hip-hipmm-cdls-getrf,0,0x5c08570d2ff0
5718,5718,102,564,hip-hipmm-cdls-getrf,0,0x5c08570d2ff0
5719,5719,84,474,hip-hipmm-cdls-getrf,0,0x5c08570d2ff0
5720,5720,105,384,hip-hipmm-cdls-getrf,0,0x5c08570d2ff0
5721,5721,120,573,hip-hipmm-cdls-getrf,0,0x5c08570d2ff0
5722,5722,108,498,hip-hipmm-cdls-getrf,0,0x5c08570d2ff0
5723,5723,126,456,hip-hipmm-cdls-getrf,0,0x5c08570d2ff0
5724,5724,63,789,hip-hipmm-cdls-getrf,0,0x5c08570d2ff0
5725,5725,45,507,hip-hipmm-cdls-getrf,0,0x5c08570d2ff0
5726,5726,66,432,hip-hipmm-cdls-getrf,0,0x5c08570d2ff0
5727,5727,57,495,hip-hipmm-cdls-getrf,0,0x5c08570d2ff0
5728,5728,99,324,hip-hipmm-cdls-getrf,0,0x5c08570d2ff0
5729,5729,63,447,hip-hipmm-cdls-getrf,0,0x5c08570d2ff0
5730,5730,87,489,hip-hipmm-cdls-getrf,0,0x5c08570d2ff0
5731,5731,84,558,hip-hipmm-cdls-getrf,0,0x5c08570d2ff0
5732,5732,36,207,hip-hipmm-cdls-getrf,0,0x5c08570d2ff0
5733,5733,27,201,hip-hipmm-cdls-getrf,0,0x5c08570d2ff0
5734,5734,30,216,hip-hipmm-cdls-getrf,0,0x5c08570d2ff0
5735,5735,72,318,hip-hipmm-cdls-getrf,0,0x5c08570d2ff0
5736,5736,54,195,hip-hipmm-cdls-getrf,0,0x5c08570d2ff0
5737,5737,78,210,hip-hipmm-cdls-getrf,0,0x5c08570d2ff0
5738,5738,96,390,hip-hipmm-cdls-getrf,0,0x5c08570d2ff0
5739,5739,54,384,hip-hipmm-cdls-getrf,0,0x5c08570d2ff0
5740,5740,81,435,hip-hipmm-cdls-getrf,0,0x5c08570d2ff0
5741,5741,129,570,hip-hipmm-cdls-getrf,0,0x5c08570d2ff0
5742,5742,141,537,hip-hipmm-cdls-getrf,0,0x5c08570d2ff0
5743,5743,72,531,hip-hipmm-cdls-getrf,0,0x5c08570d2ff0
5744,5744,117,441,hip-hipmm-cdls-getrf,0,0x5c08570d2ff0
5745,5745,51,408,hip-hipmm-cdls-getrf,0,0x5c08570d2ff0
5746,5746,57,399,hip-hipmm-cdls-getrf,0,0x5c08570d2ff0
5747,5747,87,396,hip-hipmm-cdls-getrf,0,0x5c08570d2ff0
5748,5748,51,366,hip-hipmm-cdls-getrf,0,0x5c08570d2ff0
5749,5749,114,525,hip-hipmm-cdls-getrf,0,0x5c08570d2ff0
5750,5750,81,450,hip-hipmm-cdls-getrf,0,0x5c08570d2ff0
5751,5751,63,417,hip-hipmm-cdls-getrf,0,0x5c08570d2ff0
5752,5752,84,378,hip-hipmm-cdls-getrf,0,0x5c08570d2ff0
5753,5753,57,276,hip-hipmm-cdls-getrf,0,0x5c08570d2ff0
5754,5754,87,393,hip-hipmm-cdls-getrf,0,0x5c08570d2ff0
5755,5755,48,222,hip-hipmm-cdls-getrf,0,0x5c08570d2ff0
5756,5756,72,222,hip-hipmm-cdls-getrf,0,0x5c08570d2ff0
5757,5757,60,270,hip-hipmm-cdls-getrf,0,0x5c08570d2ff0
5758,5758,30,216,hip-hipmm-cdls-getrf,0,0x5c08570d2ff0
5759,5759,48,282,hip-hipmm-cdls-getrf,0,0x5c08570d2ff0
5760,5760,66,213,hip-hipmm-cdls-getrf,0,0x5c08570d2ff0
5761,5761,48,210,hip-hipmm-cdls-getrf,0,0x5c08570d2ff0
5762,5762,30,111,hip-hipmm-cdls-getrf,0,0x5c08570d2ff0
5763,5763,93,291,hip-hipmm-cdls-getrf,0,0x5c08570d2ff0
5764,5764,78,273,hip-hipmm-cdls-getrf,0,0x5c08570d2ff0
5765,5765,39,273,hip-hipmm-cdls-getrf,0,0x5c08570d2ff0
5766,5766,84,366,hip-hipmm-cdls-getrf,0,0x5c08570d2ff0
5767,5767,33,231,hip-hipmm-cdls-getrf,0,0x5c08570d2ff0
5768,5768,162,414,hip-hipmm-cdls-getrf,0,0x5c08570d2ff0
5769,5769,57,495,hip-hipmm-cdls-getrf,0,0x5c08570d2ff0
5770,5770,66,186,hip-hipmm-cdls-getrf,0,0x5c08570d2ff0
5771,5771,117,321,hip-hipmm-cdls-getrf,0,0x5c08570d2ff0
5772,5772,69,327,hip-hipmm-cdls-getrf,0,0x5c08570d2ff0
5773,5773,78,360,hip-hipmm-cdls-getrf,0,0x5c08570d2ff0
5774,5774,18,156,hip-hipmm-cdls-getrf,0,0x5c08570d2ff0
5775,5775,18,156,hip-hipmm-cdls-getrf,0,0x5c08570d2ff0
5776,5776,33,219,hip-hipmm-cdls-getrf,0,0x5c08570d2ff0
5777,5777,57,279,hip-hipmm-cdls-getrf,0,0x5c08570d2ff0
5778,5778,63,369,hip-hipmm-cdls-getrf,0,0x5c08570d2ff0
5779,5779,45,267,hip-hipmm-cdls-getrf,0,0x5c08570d2ff0
5780,5780,27,189,hip-hipmm-cdls-getrf,0,0x5c08570d2ff0
5781,5781,42,276,hip-hipmm-cdls-getrf,0,0x5c08570d2ff0
5782,5782,72,306,hip-hipmm-cdls-getrf,0,0x5c08570d2ff0
5783,5783,90,399,hip-hipmm-cdls-getrf,0,0x5c08570d2ff0
5784,5784,57,369,hip-hipmm-cdls-getrf,0,0x5c08570d2ff0
5785,5785,66,408,hip-hipmm-cdls-getrf,0,0x5c08570d2ff0
5786,5786,66,399,hip-hipmm-cdls-getrf,0,0x5c08570d2ff0
5787,5787,75,405,hip-hipmm-cdls-getrf,0,0x5c08570d2ff0
5788,5788,87,477,hip-hipmm-cdls-getrf,0,0x5c08570d2ff0
5789,5789,51,432,hip-hipmm-cdls-getrf,0,0x5c08570d2ff0
5790,5790,81,435,hip-hipmm-cdls-getrf,0,0x5c08570d2ff0
5791,5791,72,462,hip-hipmm-cdls-getrf,0,0x5c08570d2ff0
5792,5792,138,480,hip-hipmm-cdls-getrf,0,0x5c08570d2ff0
5793,5793,57,471,hip-hipmm-cdls-getrf,0,0x5c08570d2ff0
5794,5794,81,579,hip-hipmm-cdls-getrf,0,0x5c08570d2ff0
5795,5795,111,597,hip-hipmm-cdls-getrf,0,0x5c08570d2ff0
5796,5796,51,513,hip-hipmm-cdls-getrf,0,0x5c08570d2ff0
5797,5797,99,396,hip-hipmm-cdls-getrf,0,0x5c08570d2ff0
5798,5798,75,297,hip-hipmm-cdls-getrf,0,0x5c08570d2ff0
5799,5799,33,186,hip-hipmm-cdls-getrf,0,0x5c08570d2ff0
5800,5800,60,564,hip-hipmm-cdls-getrf,0,0x5c08570d2ff0
5801,5801,90,363,hip-hipmm-cdls-getrf,0,0x5c08570d2ff0
5802,5802,93,375,hip-hipmm-cdls-getrf,0,0x5c08570d2ff0
5803,5803,132,450,hip-hipmm-cdls-getrf,0,0x5c08570d2ff0
5804,5804,93,468,hip-hipmm-cdls-getrf,0,0x5c08570d2ff0
5805,5805,99,549,hip-hipmm-cdls-getrf,0,0x5c08570d2ff0
5806,5806,156,552,hip-hipmm-cdls-getrf,0,0x5c08570d2ff0
5807,5807,96,594,hip-hipmm-cdls-getrf,0,0x5c08570d2ff0
5808,5808,33,231,hip-hipmm-cdls-getrf,0,0x5c08570d2ff0
5809,5809,51,381,hip-hipmm-cdls-getrf,0,0x5c08570d2ff0
5810,5810,30,204,hip-hipmm-cdls-getrf,0,0x5c08570d2ff0
5811,5811,75,645,hip-hipmm-cdls-getrf,0,0x5c08570d2ff0
5812,5812,105,495,hip-hipmm-cdls-getrf,0,0x5c08570d2ff0
5813,5813,102,492,hip-hipmm-cdls-getrf,0,0x5c08570d2ff0
5814,5814,75,465,hip-hipmm-cdls-getrf,0,0x5c08570d2ff0
5815,5815,75,645,hip-hipmm-cdls-getrf,0,0x5c08570d2ff0
5816,5816,81,387,hip-hipmm-cdls-getrf,0,0x5c08570d2ff0
5817,5817,66,312,hip-hipmm-cdls-getrf,0,0x5c08570d2ff0
5818,5818,33,207,hip-hipmm-cdls-getrf,0,0x5c08570d2ff0
5819,5819,99,477,hip-hipmm-cdls-getrf,0,0x5c08570d2ff0
5820,5820,99,441,hip-hipmm-cdls-getrf,0,0x5c08570d2ff0
5821,5821,69,411,hip-hipmm-cdls-getrf,0,0x5c08570d2ff0
5822,5822,21,195,hip-hipmm-cdls-getrf,0,0x5c08570d2ff0
5823,5823,93,447,hip-hipmm-cdls-getrf,0,0x5c08570d2ff0
5824,5824,69,225,hip-hipmm-cdls-getrf,0,0x5c08570d2ff0
5825,5825,72,225,hip-hipmm-cdls-getrf,0,0x5c08570d2ff0
5826,5826,108,366,hip-hipmm-cdls-getrf,0,0x5c08570d2ff0
5827,5827,87,483,hip-hipmm-cdls-getrf,0,0x5c08570d2ff0
5828,5828,87,255,hip-hipmm-cdls-getrf,0,0x5c08570d2ff0
5829,5829,30,120,hip-hipmm-cdls-getrf,0,0x5c08570d2ff0
5830,5830,72,213,hip-hipmm-cdls-getrf,0,0x5c08570d2ff0
5831,5831,111,489,hip-hipmm-cdls-getrf,0,0x5c08570d2ff0
5832,5832,63,399,hip-hipmm-cdls-getrf,0,0x5c08570d2ff0
5833,5833,30,216,hip-hipmm-cdls-getrf,0,0x5c08570d2ff0
5834,5834,66,300,hip-hipmm-cdls-getrf,0,0x5c08570d2ff0
5835,5835,63,333,hip-hipmm-cdls-getrf,0,0x5c08570d2ff0
5836,5836,57,279,hip-hipmm-cdls-getrf,0,0x5c08570d2ff0
5837,5837,78,342,hip-hipmm-cdls-getrf,0,0x5c08570d2ff0
5838,5838,42,234,hip-hipmm-cdls-getrf,0,0x5c08570d2ff0
5839,5839,87,273,hip-hipmm-cdls-getrf,0,0x5c08570d2ff0
5840,5840,72,234,hip-hipmm-cdls-getrf,0,0x5c08570d2ff0
5841,5841,66,279,hip-hipmm-cdls-getrf,0,0x5c08570d2ff0
5842,5842,66,333,hip-hipmm-cdls-getrf,0,0x5c08570d2ff0
5843,5843,69,459,hip-hipmm-cdls-getrf,0,0x5c08570d2ff0
5844,5844,102,534,hip-hipmm-cdls-getrf,0,0x5c08570d2ff0
5845,5845,30,204,hip-hipmm-cdls-getrf,0,0x5c08570d2ff0
5846,5846,60,366,hip-hipmm-cdls-getrf,0,0x5c08570d2ff0
5847,5847,42,252,hip-hipmm-cdls-getrf,0,0x5c08570d2ff0
5848,5848,69,291,hip-hipmm-cdls-getrf,0,0x5c08570d2ff0
5849,5849,48,165,hip-hipmm-cdls-getrf,0,0x5c08570d2ff0
5850,5850,30,198,hip-hipmm-cdls-getrf,0,0x5c08570d2ff0
5851,5851,60,243,hip-hipmm-cdls-getrf,0,0x5c08570d2ff0
5852,5852,33,120,hip-hipmm-cdls-getrf,0,0x5c08570d2ff0
5853,5853,69,228,hip-hipmm-cdls-getrf,0,0x5c08570d2ff0
5854,5854,42,234,hip-hipmm-cdls-getrf,0,0x5c08570d2ff0
5855,5855,66,243,hip-hipmm-cdls-getrf,0,0x5c08570d2ff0
5856,5856,36,243,hip-hipmm-cdls-getrf,0,0x5c08570d2ff0
5857,5857,87,405,hip-hipmm-cdls-getrf,0,0x5c08570d2ff0
5858,5858,87,369,hip-hipmm-cdls-getrf,0,0x5c08570d2ff0
5859,5859,30,228,hip-hipmm-cdls-getrf,0,0x5c08570d2ff0
5860,5860,90,480,hip-hipmm-cdls-getrf,0,0x5c08570d2ff0
5861,5861,81,339,hip-hipmm-cdls-getrf,0,0x5c08570d2ff0
5862,5862,69,387,hip-hipmm-cdls-getrf,0,0x5c08570d2ff0
5863,5863,66,312,hip-hipmm-cdls-getrf,0,0x5c08570d2ff0
5864,5864,87,249,hip-hipmm-cdls-getrf,0,0x5c08570d2ff0
5865,5865,54,231,hip-hipmm-cdls-getrf,0,0x5c08570d2ff0
5866,5866,39,213,hip-hipmm-cdls-getrf,0,0x5c08570d2ff0
5867,5867,30,216,hip-hipmm-cdls-getrf,0,0x5c08570d2ff0
5868,5868,36,141,hip-hipmm-cdls-getrf,0,0x5c08570d2ff0
5869,5869,42,252,hip-hipmm-cdls-getrf,0,0x5c08570d2ff0
5870,5870,39,138,hip-hipmm-cdls-getrf,0,0x5c08570d2ff0
5871,5871,81,396,hip-hipmm-cdls-getrf,0,0x5c08570d2ff0
5872,5872,87,369,hip-hipmm-cdls-getrf,0,0x5c08570d2ff0
5873,5873,42,210,hip-hipmm-cdls-getrf,0,0x5c08570d2ff0
5874,5874,120,423,hip-hipmm-cdls-getrf,0,0x5c08570d2ff0
5875,5875,120,309,hip-hipmm-cdls-getrf,0,0x5c08570d2ff0
5876,5876,54,198,hip-hipmm-cdls-getrf,0,0x5c08570d2ff0
5877,5877,54,171,hip-hipmm-cdls-getrf,0,0x5c08570d2ff0
5878,5878,66,321,hip-hipmm-cdls-getrf,0,0x5c08570d2ff0
5879,5879,96,498,hip-hipmm-cdls-getrf,0,0x5c08570d2ff0
5880,5880,102,315,hip-hipmm-cdls-getrf,0,0x5c08570d2ff0
5881,5881,126,348,hip-hipmm-cdls-getrf,0,0x5c08570d2ff0
5882,5882,36,222,hip-hipmm-cdls-getrf,0,0x5c08570d2ff0
5883,5883,36,198,hip-hipmm-cdls-getrf,0,0x5c08570d2ff0
5884,5884,27,195,hip-hipmm-cdls-getrf,0,0x5c08570d2ff0
5885,5885,39,246,hip-hipmm-cdls-getrf,0,0x5c08570d2ff0
5886,5886,129,306,hip-hipmm-cdls-getrf,0,0x5c08570d2ff0
5887,5887,42,276,hip-hipmm-cdls-getrf,0,0x5c08570d2ff0
5888,5888,51,225,hip-hipmm-cdls-getrf,0,0x5c08570d2ff0
5889,5889,69,567,hip-hipmm-cdls-getrf,0,0x5c08570d2ff0
5890,5890,84,450,hip-hipmm-cdls-getrf,0,0x5c08570d2ff0
5891,5891,81,507,hip-hipmm-cdls-getrf,0,0x5c08570d2ff0
5892,5892,141,699,hip-hipmm-cdls-getrf,0,0x5c08570d2ff0
5893,5893,72,558,hip-hipmm-cdls-getrf,0,0x5c08570d2ff0
5894,5894,93,639,hip-hipmm-cdls-getrf,0,0x5c08570d2ff0
5895,5895,123,420,hip-hipmm-cdls-getrf,0,0x5c08570d2ff0
5896,5896,84,582,hip-hipmm-cdls-getrf,0,0x5c08570d2ff0
5897,5897,63,297,hip-hipmm-cdls-getrf,0,0x5c08570d2ff0
5898,5898,69,255,hip-hipmm-cdls-getrf,0,0x5c08570d2ff0
5899,5899,39,216,hip-hipmm-cdls-getrf,0,0x5c08570d2ff0
5900,5900,105,567,hip-hipmm-cdls-getrf,0,0x5c08570d2ff0
5901,5901,54,480,hip-hipmm-cdls-getrf,0,0x5c08570d2ff0
5902,5902,63,693,hip-hipmm-cdls-getrf,0,0x5c08570d2ff0
5903,5903,111,477,hip-hipmm-cdls-getrf,0,0x5c08570d2ff0
5904,5904,78,375,hip-hipmm-cdls-getrf,0,0x5c08570d2ff0
5905,5905,54,528,hip-hipmm-cdls-getrf,0,0x5c08570d2ff0
5906,5906,39,225,hip-hipmm-cdls-getrf,0,0x5c08570d2ff0
5907,5907,105,297,hip-hipmm-cdls-getrf,0,0x5c08570d2ff0
5908,5908,87,246,hip-hipmm-cdls-getrf,0,0x5c08570d2ff0
5909,5909,75,291,hip-hipmm-cdls-getrf,0,0x5c08570d2ff0
5910,5910,54,195,hip-hipmm-cdls-getrf,0,0x5c08570d2ff0
5911,5911,36,258,hip-hipmm-cdls-getrf,0,0x5c08570d2ff0
5912,5912,81,327,hip-hipmm-cdls-getrf,0,0x5c08570d2ff0
5913,5913,57,579,hip-hipmm-cdls-getrf,0,0x5c08570d2ff0
5914,5914,27,213,hip-hipmm-cdls-getrf,0,0x5c08570d2ff0
5915,5915,81,414,hip-hipmm-cdls-getrf,0,0x5c08570d2ff0
5916,5916,45,207,hip-hipmm-cdls-getrf,0,0x5c08570d2ff0
5917,5917,51,237,hip-hipmm-cdls-getrf,0,0x5c08570d2ff0
5918,5918,93,300,hip-hipmm-cdls-getrf,0,0x5c08570d2ff0
5919,5919,63,285,hip-hipmm-cdls-getrf,0,0x5c08570d2ff0
5920,5920,30,228,hip-hipmm-cdls-getrf,0,0x5c08570d2ff0
5921,5921,39,285,hip-hipmm-cdls-getrf,0,0x5c08570d2ff0
5922,5922,30,228,hip-hipmm-cdls-getrf,0,0x5c08570d2ff0
5923,5923,15,141,hip-hipmm-cdls-getrf,0,0x5c08570d2ff0
5924,5924,72,378,hip-hipmm-cdls-getrf,0,0x5c08570d2ff0
5925,5925,30,228,hip-hipmm-cdls-getrf,0,0x5c08570d2ff0
5926,5926,30,228,hip-hipmm-cdls-getrf,0,0x5c08570d2ff0
5927,5927,99,336,hip-hipmm-cdls-getrf,0,0x5c08570d2ff0
5928,5928,72,354,hip-hipmm-cdls-getrf,0,0x5c08570d2ff0
5929,5929,84,426,hip-hipmm-cdls-getrf,0,0x5c08570d2ff0
5930,5930,87,369,hip-hipmm-cdls-getrf,0,0x5c08570d2ff0
5931,5931,111,501,hip-hipmm-cdls-getrf,0,0x5c08570d2ff0
5932,5932,78,396,hip-hipmm-cdls-getrf,0,0x5c08570d2ff0
5933,5933,63,321,hip-hipmm-cdls-getrf,0,0x5c08570d2ff0
5934,5934,90,324,hip-hipmm-cdls-getrf,0,0x5c08570d2ff0
5935,5935,78,330,hip-hipmm-cdls-getrf,0,0x5c08570d2ff0
5936,5936,93,303,hip-hipmm-cdls-getrf,0,0x5c08570d2ff0
5937,5937,39,144,hip-hipmm-cdls-getrf,0,0x5c08570d2ff0
5938,5938,84,498,hip-hipmm-cdls-getrf,0,0x5c08570d2ff0
5939,5939,45,483,hip-hipmm-cdls-getrf,0,0x5c08570d2ff0
5940,5940,123,429,hip-hipmm-cdls-getrf,0,0x5c08570d2ff0
5941,5941,36,582,hip-hipmm-cdls-getrf,0,0x5c08570d2ff0
5942,5942,63,204,hip-hipmm-cdls-getrf,0,0x5c08570d2ff0
5943,5943,81,351,hip-hipmm-cdls-getrf,0,0x5c08570d2ff0
5944,5944,60,213,hip-hipmm-cdls-getrf,0,0x5c08570d2ff0
5945,5945,60,363,hip-hipmm-cdls-getrf,0,0x5c08570d2ff0
5946,5946,90,267,hip-hipmm-cdls-getrf,0,0x5c08570d2ff0
5947,5947,138,333,hip-hipmm-cdls-getrf,0,0x5c08570d2ff0
5948,5948,66,429,hip-hipmm-cdls-getrf,0,0x5c08570d2ff0
5949,5949,72,330,hip-hipmm-cdls-getrf,0,0x5c08570d2ff0
5950,5950,177,417,hip-hipmm-cdls-getrf,0,0x5c08570d2ff0
5951,5951,144,396,hip-hipmm-cdls-getrf,0,0x5c08570d2ff0
5952,5952,108,426,hip-hipmm-cdls-getrf,0,0x5c08570d2ff0
5953,5953,78,339,hip-hipmm-cdls-getrf,0,0x5c08570d2ff0
5954,5954,111,456,hip-hipmm-cdls-getrf,0,0x5c08570d2ff0
5955,5955,96,477,hip-hipmm-cdls-getrf,0,0x5c08570d2ff0
5956,5956,72,510,hip-hipmm-cdls-getrf,0,0x5c08570d2ff0
5957,5957,90,555,hip-hipmm-cdls-getrf,0,0x5c08570d2ff0
5958,5958,33,516,hip-hipmm-cdls-getrf,0,0x5c08570d2ff0
5959,5959,99,693,hip-hipmm-cdls-getrf,0,0x5c08570d2ff0
5960,5960,54,288,hip-hipmm-cdls-getrf,0,0x5c08570d2ff0
5961,5961,81,501,hip-hipmm-cdls-getrf,0,0x5c08570d2ff0
5962,5962,84,300,hip-hipmm-cdls-getrf,0,0x5c08570d2ff0
5963,5963,78,279,hip-hipmm-cdls-getrf,0,0x5c08570d2ff0
5964,5964,60,270,hip-hipmm-cdls-getrf,0,0x5c08570d2ff0
5965,5965,39,153,hip-hipmm-cdls-getrf,0,0x5c08570d2ff0
5966,5966,51,375,hip-hipmm-cdls-getrf,0,0x5c08570d2ff0
5967,5967,96,384,hip-hipmm-cdls-getrf,0,0x5c08570d2ff0
5968,5968,72,402,hip-hipmm-cdls-getrf,0,0x5c08570d2ff0
5969,5969,21,195,hip-hipmm-cdls-getrf,0,0x5c08570d2ff0
5970,5970,102,348,hip-hipmm-cdls-getrf,0,0x5c08570d2ff0
5971,5971,51,357,hip-hipmm-cdls-getrf,0,0x5c08570d2ff0
5972,5972,18,168,hip-hipmm-cdls-getrf,0,0x5c08570d2ff0
5973,5973,24,174,hip-hipmm-cdls-getrf,0,0x5c08570d2ff0
5974,5974,42,252,hip-hipmm-cdls-getrf,0,0x5c08570d2ff0
5975,5975,81,465,hip-hipmm-cdls-getrf,0,0x5c08570d2ff0
5976,5976,87,453,hip-hipmm-cdls-getrf,0,0x5c08570d2ff0
5977,5977,27,204,hip-hipmm-cdls-getrf,0,0x5c08570d2ff0
5978,5978,90,336,hip-hipmm-cdls-getrf,0,0x5c08570d2ff0
5979,5979,63,252,hip-hipmm-cdls-getrf,0,0x5c08570d2ff0
5980,5980,57,255,hip-hipmm-cdls-getrf,0,0x5c08570d2ff0
5981,5981,51,264,hip-hipmm-cdls-getrf,0,0x5c08570d2ff0
5982,5982,36,270,hip-hipmm-cdls-getrf,0,0x5c08570d2ff0
5983,5983,69,399,hip-hipmm-cdls-getrf,0,0x5c08570d2ff0
5984,5984,69,315,hip-hipmm-cdls-getrf,0,0x5c08570d2ff0
5985,5985,36,258,hip-hipmm-cdls-getrf,0,0x5c08570d2ff0
5986,5986,24,162,hip-hipmm-cdls-getrf,0,0x5c08570d2ff0
5987,5987,33,207,hip-hipmm-cdls-getrf,0,0x5c08570d2ff0
5988,5988,99,354,hip-hipmm-cdls-getrf,0,0x5c08570d2ff0
5989,5989,141,465,hip-hipmm-cdls-getrf,0,0x5c08570d2ff0
5990,5990,51,189,hip-hipmm-cdls-getrf,0,0x5c08570d2ff0
5991,5991,45,198,hip-hipmm-cdls-getrf,0,0x5c08570d2ff0
5992,5992,186,348,hip-hipmm-cdls-getrf,0,0x5c08570d2ff0
5993,5993,33,123,hip-hipmm-cdls-getrf,0,0x5c08570d2ff0
5994,5994,30,96,hip-hipmm-cdls-getrf,0,0x5c08570d2ff0
5995,5995,42,162,hip-hipmm-cdls-getrf,0,0x5c08570d2ff0
5996,5996,21,135,hip-hipmm-cdls-getrf,0,0x5c08570d2ff0
5997,5997,60,180,hip-hipmm-cdls-getrf,0,0x5c08570d2ff0
5998,5998,105,279,hip-hipmm-cdls-getrf,0,0x5c08570d2ff0
5999,5999,78,336,hip-hipmm-cdls-getrf,0,0x5c08570d2ff0
6000,6000,93,543,hip-hipmm-cdls-getrf,0,0x5c08570d2ff0
6001,6001,78,480,hip-hipmm-cdls-getrf,0,0x5c08570d2ff0
6002,6002,30,216,hip-hipmm-cdls-getrf,0,0x5c08570d2ff0
6003,6003,27,213,hip-hipmm-cdls-getrf,0,0x5c08570d2ff0
6004,6004,51,225,hip-hipmm-cdls-getrf,0,0x5c08570d2ff0
6005,6005,27,225,hip-hipmm-cdls-getrf,0,0x5c08570d2ff0
6006,6006,48,210,hip-hipmm-cdls-getrf,0,0x5c08570d2ff0
6007,6007,84,486,hip-hipmm-cdls-getrf,0,0x5c08570d2ff0
6008,6008,30,228,hip-hipmm-cdls-getrf,0,0x5c08570d2ff0
6009,6009,81,363,hip-hipmm-cdls-getrf,0,0x5c08570d2ff0
6010,6010,21,195,hip-hipmm-cdls-getrf,0,0x5c08570d2ff0
6011,6011,45,267,hip-hipmm-cdls-getrf,0,0x5c08570d2ff0
6012,6012,48,270,hip-hipmm-cdls-getrf,0,0x5c08570d2ff0
6013,6013,102,372,hip-hipmm-cdls-getrf,0,0x5c08570d2ff0
6014,6014,57,255,hip-hipmm-cdls-getrf,0,0x5c08570d2ff0
6015,6015,21,183,hip-hipmm-cdls-getrf,0,0x5c08570d2ff0
6016,6016,60,282,hip-hipmm-cdls-getrf,0,0x5c08570d2ff0
6017,6017,27,201,hip-hipmm-cdls-getrf,0,0x5c08570d2ff0
6018,6018,75,345,hip-hipmm-cdls-getrf,0,0x5c08570d2ff0
6019,6019,57,198,hip-hipmm-cdls-getrf,0,0x5c08570d2ff0
6020,6020,24,210,hip-hipmm-cdls-getrf,0,0x5c08570d2ff0
6021,6021,84,399,hip-hipmm-cdls-getrf,0,0x5c08570d2ff0
6022,6022,30,204,hip-hipmm-cdls-getrf,0,0x5c08570d2ff0
6023,6023,75,345,hip-hipmm-cdls-getrf,0,0x5c08570d2ff0
6024,6024,69,315,hip-hipmm-cdls-getrf,0,0x5c08570d2ff0
6025,6025,69,459,hip-hipmm-cdls-getrf,0,0x5c08570d2ff0
6026,6026,141,366,hip-hipmm-cdls-getrf,0,0x5c08570d2ff0
6027,6027,156,414,hip-hipmm-cdls-getrf,0,0x5c08570d2ff0
6028,6028,66,576,hip-hipmm-cdls-getrf,0,0x5c08570d2ff0
6029,6029,72,546,hip-hipmm-cdls-getrf,0,0x5c08570d2ff0
6030,6030,111,339,hip-hipmm-cdls-getrf,0,0x5c08570d2ff0
6031,6031,93,336,hip-hipmm-cdls-getrf,0,0x5c08570d2ff0
6032,6032,78,297,hip-hipmm-cdls-getrf,0,0x5c08570d2ff0
6033,6033,102,408,hip-hipmm-cdls-getrf,0,0x5c08570d2ff0
6034,6034,33,174,hip-hipmm-cdls-getrf,0,0x5c08570d2ff0
6035,6035,108,438,hip-hipmm-cdls-getrf,0,0x5c08570d2ff0
6036,6036,54,408,hip-hipmm-cdls-getrf,0,0x5c08570d2ff0
6037,6037,117,447,hip-hipmm-cdls-getrf,0,0x5c08570d2ff0
6038,6038,27,201,hip-hipmm-cdls-getrf,0,0x5c08570d2ff0
6039,6039,57,159,hip-hipmm-cdls-getrf,0,0x5c08570d2ff0
6040,6040,33,189,hip-hipmm-cdls-getrf,0,0x5c08570d2ff0
6041,6041,48,186,hip-hipmm-cdls-getrf,0,0x5c08570d2ff0
6042,6042,63,276,hip-hipmm-cdls-getrf,0,0x5c08570d2ff0
6043,6043,45,249,hip-hipmm-cdls-getrf,0,0x5c08570d2ff0
6044,6044,105,288,hip-hipmm-cdls-getrf,0,0x5c08570d2ff0
6045,6045,81,348,hip-hipmm-cdls-getrf,0,0x5c08570d2ff0
6046,6046,90,249,hip-hipmm-cdls-getrf,0,0x5c08570d2ff0
6047,6047,33,159,hip-hipmm-cdls-getrf,0,0x5c08570d2ff0
6048,6048,60,225,hip-hipmm-cdls-getrf,0,0x5c08570d2ff0
6049,6049,45,375,hip-hipmm-cdls-getrf,0,0x5c08570d2ff0
6050,6050,24,147,hip-hipmm-cdls-getrf,0,0x5c08570d2ff0
6051,6051,54,150,hip-hipmm-cdls-getrf,0,0x5c08570d2ff0
6052,6052,66,255,hip-hipmm-cdls-getrf,0,0x5c08570d2ff0
6053,6053,84,225,hip-hipmm-cdls-getrf,0,0x5c08570d2ff0
6054,6054,33,222,hip-hipmm-cdls-getrf,0,0x5c08570d2ff0
6055,6055,84,273,hip-hipmm-cdls-getrf,0,0x5c08570d2ff0
6056,6056,111,279,hip-hipmm-cdls-getrf,0,0x5c08570d2ff0
6057,6057,108,387,hip-hipmm-cdls-getrf,0,0x5c08570d2ff0
6058,6058,87,318,hip-hipmm-cdls-getrf,0,0x5c08570d2ff0
6059,6059,57,363,hip-hipmm-cdls-getrf,0,0x5c08570d2ff0
6060,6060,27,177,hip-hipmm-cdls-getrf,0,0x5c08570d2ff0
6061,6061,123,342,hip-hipmm-cdls-getrf,0,0x5c08570d2ff0
6062,6062,105,351,hip-hipmm-cdls-getrf,0,0x5c08570d2ff0
6063,6063,51,249,hip-hipmm-cdls-getrf,0,0x5c08570d2ff0
6064,6064,48,270,hip-hipmm-cdls-getrf,0,0x5c08570d2ff0
6065,6065,42,189,hip-hipmm-cdls-getrf,0,0x5c08570d2ff0
6066,6066,30,159,hip-hipmm-cdls-getrf,0,0x5c08570d2ff0
6067,6067,60,258,hip-hipmm-cdls-getrf,0,0x5c08570d2ff0
6068,6068,57,387,hip-hipmm-cdls-getrf,0,0x5c08570d2ff0
6069,6069,75,255,hip-hipmm-cdls-getrf,0,0x5c08570d2ff0
6070,6070,102,303,hip-hipmm-cdls-getrf,0,0x5c08570d2ff0
6071,6071,54,240,hip-hipmm-cdls-getrf,0,0x5c08570d2ff0
6072,6072,57,339,hip-hipmm-cdls-getrf,0,0x5c08570d2ff0
6073,6073,96,378,hip-hipmm-cdls-getrf,0,0x5c08570d2ff0
6074,6074,39,258,hip-hipmm-cdls-getrf,0,0x5c08570d2ff0
6075,6075,54,300,hip-hipmm-cdls-getrf,0,0x5c08570d2ff0
6076,6076,78,336,hip-hipmm-cdls-getrf,0,0x5c08570d2ff0
6077,6077,102,456,hip-hipmm-cdls-getrf,0,0x5c08570d2ff0
6078,6078,30,360,hip-hipmm-cdls-getrf,0,0x5c08570d2ff0
6079,6079,36,234,hip-hipmm-cdls-getrf,0,0x5c08570d2ff0
6080,6080,57,210,hip-hipmm-cdls-getrf,0,0x5c08570d2ff0
6081,6081,66,210,hip-hipmm-cdls-getrf,0,0x5c08570d2ff0
6082,6082,48,270,hip-hipmm-cdls-getrf,0,0x5c08570d2ff0
6083,6083,90,375,hip-hipmm-cdls-getrf,0,0x5c08570d2ff0
6084,6084,63,357,hip-hipmm-cdls-getrf,0,0x5c08570d2ff0
6085,6085,75,309,hip-hipmm-cdls-getrf,0,0x5c08570d2ff0
6086,6086,87,381,hip-hipmm-cdls-getrf,0,0x5c08570d2ff0
6087,6087,57,222,hip-hipmm-cdls-getrf,0,0x5c08570d2ff0
6088,6088,21,183,hip-hipmm-cdls-getrf,0,0x5c08570d2ff0
6089,6089,42,276,hip-hipmm-cdls-getrf,0,0x5c08570d2ff0
6090,6090,30,204,hip-hipmm-cdls-getrf,0,0x5c08570d2ff0
6091,6091,45,387,hip-hipmm-cdls-getrf,0,0x5c08570d2ff0
6092,6092,75,333,hip-hipmm-cdls-getrf,0,0x5c08570d2ff0
6093,6093,54,300,hip-hipmm-cdls-getrf,0,0x5c08570d2ff0
6094,6094,36,234,hip-hipmm-cdls-getrf,0,0x5c08570d2ff0
6095,6095,27,225,hip-hipmm-cdls-getrf,0,0x5c08570d2ff0
6096,6096,21,195,hip-hipmm-cdls-getrf,0,0x5c08570d2ff0
6097,6097,39,261,hip-hipmm-cdls-getrf,0,0x5c08570d2ff0
6098,6098,57,231,hip-hipmm-cdls-getrf,0,0x5c08570d2ff0
6099,6099,69,330,hip-hipmm-cdls-getrf,0,0x5c08570d2ff0
6100,6100,54,240,hip-hipmm-cdls-getrf,0,0x5c08570d2ff0
6101,6101,54,312,hip-hipmm-cdls-getrf,0,0x5c08570d2ff0
6102,6102,54,228,hip-hipmm-cdls-getrf,0,0x5c08570d2ff0
6103,6103,72,456,hip-hipmm-cdls-getrf,0,0x5c08570d2ff0
6104,6104,81,339,hip-hipmm-cdls-getrf,0,0x5c08570d2ff0
6105,6105,69,300,hip-hipmm-cdls-getrf,0,0x5c08570d2ff0
6106,6106,33,126,hip-hipmm-cdls-getrf,0,0x5c08570d2ff0
6107,6107,54,270,hip-hipmm-cdls-getrf,0,0x5c08570d2ff0
6108,6108,72,258,hip-hipmm-cdls-getrf,0,0x5c08570d2ff0
6109,6109,51,219,hip-hipmm-cdls-getrf,0,0x5c08570d2ff0
6110,6110,39,198,hip-hipmm-cdls-getrf,0,0x5c08570d2ff0
6111,6111,78,207,hip-hipmm-cdls-getrf,0,0x5c08570d2ff0
6112,6112,36,135,hip-hipmm-cdls-getrf,0,0x5c08570d2ff0
6113,6113,99,351,hip-hipmm-cdls-getrf,0,0x5c08570d2ff0
6114,6114,30,120,hip-hipmm-cdls-getrf,0,0x5c08570d2ff0
6115,6115,27,156,hip-hipmm-cdls-getrf,0,0x5c08570d2ff0
6116,6116,48,246,hip-hipmm-cdls-getrf,0,0x5c08570d2ff0
6117,6117,138,375,hip-hipmm-cdls-getrf,0,0x5c08570d2ff0
6118,6118,39,225,hip-hipmm-cdls-getrf,0,0x5c08570d2ff0
6119,6119,93,411,hip-hipmm-cdls-getrf,0,0x5c08570d2ff0
6120,6120,42,168,hip-hipmm-cdls-getrf,0,0x5c08570d2ff0
6121,6121,48,198,hip-hipmm-cdls-getrf,0,0x5c08570d2ff0
6122,6122,36,141,hip-hipmm-cdls-getrf,0,0x5c08570d2ff0
6123,6123,111,306,hip-hipmm-cdls-getrf,0,0x5c08570d2ff0
6124,6124,78,291,hip-hipmm-cdls-getrf,0,0x5c08570d2ff0
6125,6125,42,288,hip-hipmm-cdls-getrf,0,0x5c08570d2ff0
6126,6126,57,384,hip-hipmm-cdls-getrf,0,0x5c08570d2ff0
6127,6127,51,213,hip-hipmm-cdls-getrf,0,0x5c08570d2ff0
6128,6128,87,393,hip-hipmm-cdls-getrf,0,0x5c08570d2ff0
6129,6129,63,324,hip-hipmm-cdls-getrf,0,0x5c08570d2ff0
6130,6130,42,249,hip-hipmm-cdls-getrf,0,0x5c08570d2ff0
6131,6131,57,276,hip-hipmm-cdls-getrf,0,0x5c08570d2ff0
6132,6132,33,135,hip-hipmm-cdls-getrf,0,0x5c08570d2ff0
6133,6133,21,144,hip-hipmm-cdls-getrf,0,0x5c08570d2ff0
6134,6134,84,291,hip-hipmm-cdls-getrf,0,0x5c08570d2ff0
6135,6135,30,216,hip-hipmm-cdls-getrf,0,0x5c08570d2ff0
6136,6136,54,312,hip-hipmm-cdls-getrf,0,0x5c08570d2ff0
6137,6137,66,372,hip-hipmm-cdls-getrf,0,0x5c08570d2ff0
6138,6138,117,357,hip-hipmm-cdls-getrf,0,0x5c08570d2ff0
6139,6139,96,318,hip-hipmm-cdls-getrf,0,0x5c08570d2ff0
6140,6140,60,297,hip-hipmm-cdls-getrf,0,0x5c08570d2ff0
6141,6141,45,171,hip-hipmm-cdls-getrf,0,0x5c08570d2ff0
6142,6142,60,195,hip-hipmm-cdls-getrf,0,0x5c08570d2ff0
6143,6143,57,243,hip-hipmm-cdls-getrf,0,0x5c08570d2ff0
6144,6144,87,381,hip-hipmm-cdls-getrf,0,0x5c08570d2ff0
6145,6145,93,333,hip-hipmm-cdls-getrf,0,0x5c08570d2ff0
6146,6146,63,267,hip-hipmm-cdls-getrf,0,0x5c08570d2ff0
6147,6147,45,267,hip-hipmm-cdls-getrf,0,0x5c08570d2ff0
6148,6148,42,258,hip-hipmm-cdls-getrf,0,0x5c08570d2ff0
6149,6149,69,297,hip-hipmm-cdls-getrf,0,0x5c08570d2ff0
6150,6150,36,150,hip-hipmm-cdls-getrf,0,0x5c08570d2ff0
6151,6151,27,201,hip-hipmm-cdls-getrf,0,0x5c08570d2ff0
6152,6152,78,336,hip-hipmm-cdls-getrf,0,0x5c08570d2ff0
6153,6153,57,231,hip-hipmm-cdls-getrf,0,0x5c08570d2ff0
6154,6154,78,384,hip-hipmm-cdls-getrf,0,0x5c08570d2ff0
6155,6155,54,210,hip-hipmm-cdls-getrf,0,0x5c08570d2ff0
6156,6156,63,345,hip-hipmm-cdls-getrf,0,0x5c08570d2ff0
6157,6157,24,159,hip-hipmm-cdls-getrf,0,0x5c08570d2ff0
6158,6158,132,339,hip-hipmm-cdls-getrf,0,0x5c08570d2ff0
6159,6159,93,360,hip-hipmm-cdls-getrf,0,0x5c08570d2ff0
6160,6160,42,357,hip-hipmm-cdls-getrf,0,0x5c08570d2ff0
6161,6161,72,510,hip-hipmm-cdls-getrf,0,0x5c08570d2ff0
6162,6162,108,363,hip-hipmm-cdls-getrf,0,0x5c08570d2ff0
6163,6163,75,588,hip-hipmm-cdls-getrf,0,0x5c08570d2ff0
6164,6164,18,156,hip-hipmm-cdls-getrf,0,0x5c08570d2ff0
6165,6165,96,510,hip-hipmm-cdls-getrf,0,0x5c08570d2ff0
6166,6166,69,327,hip-hipmm-cdls-getrf,0,0x5c08570d2ff0
6167,6167,93,447,hip-hipmm-cdls-getrf,0,0x5c08570d2ff0
6168,6168,141,444,hip-hipmm-cdls-getrf,0,0x5c08570d2ff0
6169,6169,81,543,hip-hipmm-cdls-getrf,0,0x5c08570d2ff0
6170,6170,123,429,hip-hipmm-cdls-getrf,0,0x5c08570d2ff0
6171,6171,39,150,hip-hipmm-cdls-getrf,0,0x5c08570d2ff0
6172,6172,60,252,hip-hipmm-cdls-getrf,0,0x5c08570d2ff0
6173,6173,75,312,hip-hipmm-cdls-getrf,0,0x5c08570d2ff0
6174,6174,153,537,hip-hipmm-cdls-getrf,0,0x5c08570d2ff0
6175,6175,138,339,hip-hipmm-cdls-getrf,0,0x5c08570d2ff0
6176,6176,90,615,hip-hipmm-cdls-getrf,0,0x5c08570d2ff0
6177,6177,75,507,hip-hipmm-cdls-getrf,0,0x5c08570d2ff0
6178,6178,45,411,hip-hipmm-cdls-getrf,0,0x5c08570d2ff0
6179,6179,93,477,hip-hipmm-cdls-getrf,0,0x5c08570d2ff0
6180,6180,75,585,hip-hipmm-cdls-getrf,0,0x5c08570d2ff0
6181,6181,54,540,hip-hipmm-cdls-getrf,0,0x5c08570d2ff0
6182,6182,117,351,hip-hipmm-cdls-getrf,0,0x5c08570d2ff0
6183,6183,99,408,hip-hipmm-cdls-getrf,0,0x5c08570d2ff0
6184,6184,126,429,hip-hipmm-cdls-getrf,0,0x5c08570d2ff0
6185,6185,72,378,hip-hipmm-cdls-getrf,0,0x5c08570d2ff0
6186,6186,90,660,hip-hipmm-cdls-getrf,0,0x5c08570d2ff0
6187,6187,78,546,hip-hipmm-cdls-getrf,0,0x5c08570d2ff0
6188,6188,81,444,hip-hipmm-cdls-getrf,0,0x5c08570d2ff0
6189,6189,60,375,hip-hipmm-cdls-getrf,0,0x5c08570d2ff0
6190,6190,57,630,hip-hipmm-cdls-getrf,0,0x5c08570d2ff0
6191,6191,78,471,hip-hipmm-cdls-getrf,0,0x5c08570d2ff0
6192,6192,87,438,hip-hipmm-cdls-getrf,0,0x5c08570d2ff0
6193,6193,144,327,hip-hipmm-cdls-getrf,0,0x5c08570d2ff0
6194,6194,78,552,hip-hipmm-cdls-getrf,0,0x5c08570d2ff0
6195,6195,66,576,hip-hipmm-cdls-getrf,0,0x5c08570d2ff0
6196,6196,105,471,hip-hipmm-cdls-getrf,0,0x5c08570d2ff0
6197,6197,93,531,hip-hipmm-cdls-getrf,0,0x5c08570d2ff0
6198,6198,69,624,hip-hipmm-cdls-getrf,0,0x5c08570d2ff0
6199,6199,117,522,hip-hipmm-cdls-getrf,0,0x5c08570d2ff0
6200,6200,84,591,hip-hipmm-cdls-getrf,0,0x5c08570d2ff0
6201,6201,63,576,hip-hipmm-cdls-getrf,0,0x5c08570d2ff0
6202,6202,78,504,hip-hipmm-cdls-getrf,0,0x5c08570d2ff0
6203,6203,84,510,hip-hipmm-cdls-getrf,0,0x5c08570d2ff0
6204,6204,42,213,hip-hipmm-cdls-getrf,0,0x5c08570d2ff0
6205,6205,63,231,hip-hipmm-cdls-getrf,0,0x5c08570d2ff0
6206,6206,69,411,hip-hipmm-cdls-getrf,0,0x5c08570d2ff0
6207,6207,99,558,hip-hipmm-cdls-getrf,0,0x5c08570d2ff0
6208,6208,66,288,hip-hipmm-cdls-getrf,0,0x5c08570d2ff0
6209,6209,60,414,hip-hipmm-cdls-getrf,0,0x5c08570d2ff0
6210,6210,87,381,hip-hipmm-cdls-getrf,0,0x5c08570d2ff0
6211,6211,75,453,hip-hipmm-cdls-getrf,0,0x5c08570d2ff0
6212,6212,102,456,hip-hipmm-cdls-getrf,0,0x5c08570d2ff0
6213,6213,45,216,hip-hipmm-cdls-getrf,0,0x5c08570d2ff0
6214,6214,60,219,hip-hipmm-cdls-getrf,0,0x5c08570d2ff0
6215,6215,63,252,hip-hipmm-cdls-getrf,0,0x5c08570d2ff0
6216,6216,96,450,hip-hipmm-cdls-getrf,0,0x5c08570d2ff0
6217,6217,132,441,hip-hipmm-cdls-getrf,0,0x5c08570d2ff0
6218,6218,96,447,hip-hipmm-cdls-getrf,0,0x5c08570d2ff0
6219,6219,93,699,hip-hipmm-cdls-getrf,0,0x5c08570d2ff0
6220,6220,45,435,hip-hipmm-cdls-getrf,0,0x5c08570d2ff0
6221,6221,51,366,hip-hipmm-cdls-getrf,0,0x5c08570d2ff0
6222,6222,87,528,hip-hipmm-cdls-getrf,0,0x5c08570d2ff0
6223,6223,36,318,hip-hipmm-cdls-getrf,0,0x5c08570d2ff0
6224,6224,66,576,hip-hipmm-cdls-getrf,0,0x5c08570d2ff0
6225,6225,60,486,hip-hipmm-cdls-getrf,0,0x5c08570d2ff0
6226,6226,42,153,hip-hipmm-cdls-getrf,0,0x5c08570d2ff0
6227,6227,81,258,hip-hipmm-cdls-getrf,0,0x5c08570d2ff0
6228,6228,87,264,hip-hipmm-cdls-getrf,0,0x5c08570d2ff0
6229,6229,69,435,hip-hipmm-cdls-getrf,0,0x5c08570d2ff0
6230,6230,57,387,hip-hipmm-cdls-getrf,0,0x5c08570d2ff0
6231,6231,153,495,hip-hipmm-cdls-getrf,0,0x5c08570d2ff0
6232,6232,96,471,hip-hipmm-cdls-getrf,0,0x5c08570d2ff0
6233,6233,63,282,hip-hipmm-cdls-getrf,0,0x5c08570d2ff0
6234,6234,60,225,hip-hipmm-cdls-getrf,0,0x5c08570d2ff0
6235,6235,123,306,hip-hipmm-cdls-getrf,0,0x5c08570d2ff0
6236,6236,75,465,hip-hipmm-cdls-getrf,0,0x5c08570d2ff0
6237,6237,81,507,hip-hipmm-cdls-getrf,0,0x5c08570d2ff0
6238,6238,72,504,hip-hipmm-cdls-getrf,0,0x5c08570d2ff0
6239,6239,102,441,hip-hipmm-cdls-getrf,0,0x5c08570d2ff0
6240,6240,81,531,hip-hipmm-cdls-getrf,0,0x5c08570d2ff0
6241,6241,126,468,hip-hipmm-cdls-getrf,0,0x5c08570d2ff0
6242,6242,69,591,hip-hipmm-cdls-getrf,0,0x5c08570d2ff0
6243,6243,60,414,hip-hipmm-cdls-getrf,0,0x5c08570d2ff0
6244,6244,48,474,hip-hipmm-cdls-getrf,0,0x5c08570d2ff0
6245,6245,78,672,hip-hipmm-cdls-getrf,0,0x5c08570d2ff0
6246,6246,105,519,hip-hipmm-cdls-getrf,0,0x5c08570d2ff0
6247,6247,90,465,hip-hipmm-cdls-getrf,0,0x5c08570d2ff0
6248,6248,126,507,hip-hipmm-cdls-getrf,0,0x5c08570d2ff0
6249,6249,78,435,hip-hipmm-cdls-getrf,0,0x5c08570d2ff0
6250,6250,102,369,hip-hipmm-cdls-getrf,0,0x5c08570d2ff0
6251,6251,69,603,hip-hipmm-cdls-getrf,0,0x5c08570d2ff0
6252,6252,51,729,hip-hipmm-cdls-getrf,0,0x5c08570d2ff0
6253,6253,60,453,hip-hipmm-cdls-getrf,0,0x5c08570d2ff0
6254,6254,87,531,hip-hipmm-cdls-getrf,0,0x5c08570d2ff0
6255,6255,81,474,hip-hipmm-cdls-getrf,0,0x5c08570d2ff0
6256,6256,102,357,hip-hipmm-cdls-getrf,0,0x5c08570d2ff0
6257,6257,48,369,hip-hipmm-cdls-getrf,0,0x5c08570d2ff0
6258,6258,54,375,hip-hipmm-cdls-getrf,0,0x5c08570d2ff0
6259,6259,117,567,hip-hipmm-cdls-getrf,0,0x5c08570d2ff0
6260,6260,99,441,hip-hipmm-cdls-getrf,0,0x5c08570d2ff0
6261,6261,78,564,hip-hipmm-cdls-getrf,0,0x5c08570d2ff0
6262,6262,57,633,hip-hipmm-cdls-getrf,0,0x5c08570d2ff0
6263,6263,51,531,hip-hipmm-cdls-getrf,0,0x5c08570d2ff0
6264,6264,105,471,hip-hipmm-cdls-getrf,0,0x5c08570d2ff0
6265,6265,78,696,hip-hipmm-cdls-getrf,0,0x5c08570d2ff0
6266,6266,96,618,hip-hipmm-cdls-getrf,0,0x5c08570d2ff0
6267,6267,105,555,hip-hipmm-cdls-getrf,0,0x5c08570d2ff0
6268,6268,60,570,hip-hipmm-cdls-getrf,0,0x5c08570d2ff0
6269,6269,90,480,hip-hipmm-cdls-getrf,0,0x5c08570d2ff0
6270,6270,45,615,hip-hipmm-cdls-getrf,0,0x5c08570d2ff0
6271,6271,129,462,hip-hipmm-cdls-getrf,0,0x5c08570d2ff0
6272,6272,144,363,hip-hipmm-cdls-getrf,0,0x5c08570d2ff0
6273,6273,54,489,hip-hipmm-cdls-getrf,0,0x5c08570d2ff0
6274,6274,102,492,hip-hipmm-cdls-getrf,0,0x5c08570d2ff0
6275,6275,69,369,hip-hipmm-cdls-getrf,0,0x5c08570d2ff0
6276,6276,45,543,hip-hipmm-cdls-getrf,0,0x5c08570d2ff0
6277,6277,39,687,hip-hipmm-cdls-getrf,0,0x5c08570d2ff0
6278,6278,60,609,hip-hipmm-cdls-getrf,0,0x5c08570d2ff0
6279,6279,117,459,hip-hipmm-cdls-getrf,0,0x5c08570d2ff0
6280,6280,45,636,hip-hipmm-cdls-getrf,0,0x5c08570d2ff0
6281,6281,81,618,hip-hipmm-cdls-getrf,0,0x5c08570d2ff0
6282,6282,39,729,hip-hipmm-cdls-getrf,0,0x5c08570d2ff0
6283,6283,69,477,hip-hipmm-cdls-getrf,0,0x5c08570d2ff0
6284,6284,60,762,hip-hipmm-cdls-getrf,0,0x5c08570d2ff0
6285,6285,90,546,hip-hipmm-cdls-getrf,0,0x5c08570d2ff0
6286,6286,111,525,hip-hipmm-cdls-getrf,0,0x5c08570d2ff0
6287,6287,114,582,hip-hipmm-cdls-getrf,0,0x5c08570d2ff0
6288,6288,51,777,hip-hipmm-cdls-getrf,0,0x5c08570d2ff0
6289,6289,45,516,hip-hipmm-cdls-getrf,0,0x5c08570d2ff0
6290,6290,96,492,hip-hipmm-cdls-getrf,0,0x5c08570d2ff0
6291,6291,57,651,hip-hipmm-cdls-getrf,0,0x5c08570d2ff0
6292,6292,108,582,hip-hipmm-cdls-getrf,0,0x5c08570d2ff0
6293,6293,63,576,hip-hipmm-cdls-getrf,0,0x5c08570d2ff0
6294,6294,51,558,hip-hipmm-cdls-getrf,0,0x5c08570d2ff0
6295,6295,96,612,hip-hipmm-cdls-getrf,0,0x5c08570d2ff0
6296,6296,72,618,hip-hipmm-cdls-getrf,0,0x5c08570d2ff0
6297,6297,78,651,hip-hipmm-cdls-getrf,0,0x5c08570d2ff0
6298,6298,75,771,hip-hipmm-cdls-getrf,0,0x5c08570d2ff0
6299,6299,54,804,hip-hipmm-cdls-getrf,0,0x5c08570d2ff0
6300,6300,63,639,hip-hipmm-cdls-getrf,0,0x5c08570d2ff0
6301,6301,117,414,hip-hipmm-cdls-getrf,0,0x5c08570d2ff0
6302,6302,87,369,hip-hipmm-cdls-getrf,0,0x5c08570d2ff0
6303,6303,99,297,hip-hipmm-cdls-getrf,0,0x5c08570d2ff0
6304,6304,108,318,hip-hipmm-cdls-getrf,0,0x5c08570d2ff0
6305,6305,57,315,hip-hipmm-cdls-getrf,0,0x5c08570d2ff0
6306,6306,90,369,hip-hipmm-cdls-getrf,0,0x5c08570d2ff0
6307,6307,57,462,hip-hipmm-cdls-getrf,0,0x5c08570d2ff0
6308,6308,51,426,hip-hipmm-cdls-getrf,0,0x5c08570d2ff0
6309,6309,105,378,hip-hipmm-cdls-getrf,0,0x5c08570d2ff0
6310,6310,117,531,hip-hipmm-cdls-getrf,0,0x5c08570d2ff0
6311,6311,132,630,hip-hipmm-cdls-getrf,0,0x5c08570d2ff0
6312,6312,18,123,hip-hipmm-cdls-getrf,0,0x5c08570d2ff0
6313,6313,126,627,hip-hipmm-cdls-getrf,0,0x5c08570d2ff0
6314,6314,123,381,hip-hipmm-cdls-getrf,0,0x5c08570d2ff0
6315,6315,48,372,hip-hipmm-cdls-getrf,0,0x5c08570d2ff0
6316,6316,96,537,hip-hipmm-cdls-getrf,0,0x5c08570d2ff0
6317,6317,57,705,hip-hipmm-cdls-getrf,0,0x5c08570d2ff0
6318,6318,90,486,hip-hipmm-cdls-getrf,0,0x5c08570d2ff0
6319,6319,93,369,hip-hipmm-cdls-getrf,0,0x5c08570d2ff0
6320,6320,111,324,hip-hipmm-cdls-getrf,0,0x5c08570d2ff0
6321,6321,33,123,hip-hipmm-cdls-getrf,0,0x5c08570d2ff0
6322,6322,27,93,hip-hipmm-cdls-getrf,0,0x5c08570d2ff0
6323,6323,63,186,hip-hipmm-cdls-getrf,0,0x5c08570d2ff0
6324,6324,45,135,hip-hipmm-cdls-getrf,0,0x5c08570d2ff0
6325,6325,129,348,hip-hipmm-cdls-getrf,0,0x5c08570d2ff0
6326,6326,102,423,hip-hipmm-cdls-getrf,0,0x5c08570d2ff0
6327,6327,78,339,hip-hipmm-cdls-getrf,0,0x5c08570d2ff0
6328,6328,111,501,hip-hipmm-cdls-getrf,0,0x5c08570d2ff0
6329,6329,69,504,hip-hipmm-cdls-getrf,0,0x5c08570d2ff0
6330,6330,147,453,hip-hipmm-cdls-getrf,0,0x5c08570d2ff0
6331,6331,108,417,hip-hipmm-cdls-getrf,0,0x5c08570d2ff0
6332,6332,57,243,hip-hipmm-cdls-getrf,0,0x5c08570d2ff0
6333,6333,45,195,hip-hipmm-cdls-getrf,0,0x5c08570d2ff0
6334,6334,42,237,hip-hipmm-cdls-getrf,0,0x5c08570d2ff0
6335,6335,132,327,hip-hipmm-cdls-getrf,0,0x5c08570d2ff0
6336,6336,114,258,hip-hipmm-cdls-getrf,0,0x5c08570d2ff0
6337,6337,66,210,hip-hipmm-cdls-getrf,0,0x5c08570d2ff0
6338,6338,48,183,hip-hipmm-cdls-getrf,0,0x5c08570d2ff0
6339,6339,42,240,hip-hipmm-cdls-getrf,0,0x5c08570d2ff0
6340,6340,21,138,hip-hipmm-cdls-getrf,0,0x5c08570d2ff0
6341,6341,96,297,hip-hipmm-cdls-getrf,0,0x5c08570d2ff0
6342,6342,102,423,hip-hipmm-cdls-getrf,0,0x5c08570d2ff0
6343,6343,57,561,hip-hipmm-cdls-getrf,0,0x5c08570d2ff0
6344,6344,33,366,hip-hipmm-cdls-getrf,0,0x5c08570d2ff0
6345,6345,66,579,hip-hipmm-cdls-getrf,0,0x5c08570d2ff0
6346,6346,123,432,hip-hipmm-cdls-getrf,0,0x5c08570d2ff0
6347,6347,129,402,hip-hipmm-cdls-getrf,0,0x5c08570d2ff0
6348,6348,93,378,hip-hipmm-cdls-getrf,0,0x5c08570d2ff0
6349,6349,102,447,hip-hipmm-cdls-getrf,0,0x5c08570d2ff0
6350,6350,96,465,hip-hipmm-cdls-getrf,0,0x5c08570d2ff0
6351,6351,39,513,hip-hipmm-cdls-getrf,0,0x5c08570d2ff0
6352,6352,81,480,hip-hipmm-cdls-getrf,0,0x5c08570d2ff0
6353,6353,60,414,hip-hipmm-cdls-getrf,0,0x5c08570d2ff0
6354,6354,105,558,hip-hipmm-cdls-getrf,0,0x5c08570d2ff0
6355,6355,51,612,hip-hipmm-cdls-getrf,0,0x5c08570d2ff0
6356,6356,45,648,hip-hipmm-cdls-getrf,0,0x5c08570d2ff0
6357,6357,117,465,hip-hipmm-cdls-getrf,0,0x5c08570d2ff0
6358,6358,27,504,hip-hipmm-cdls-getrf,0,0x5c08570d2ff0
6359,6359,63,549,hip-hipmm-cdls-getrf,0,0x5c08570d2ff0
6360,6360,75,546,hip-hipmm-cdls-getrf,0,0x5c08570d2ff0
6361,6361,144,567,hip-hipmm-cdls-getrf,0,0x5c08570d2ff0
6362,6362,111,843,hip-hipmm-cdls-getrf,0,0x5c08570d2ff0
6363,6363,51,486,hip-hipmm-cdls-getrf,0,0x5c08570d2ff0
6364,6364,39,585,hip-hipmm-cdls-getrf,0,0x5c08570d2ff0
6365,6365,45,576,hip-hipmm-cdls-getrf,0,0x5c08570d2ff0
6366,6366,105,714,hip-hipmm-cdls-getrf,0,0x5c08570d2ff0
6367,6367,30,618,hip-hipmm-cdls-getrf,0,0x5c08570d2ff0
6368,6368,69,516,hip-hipmm-cdls-getrf,0,0x5c08570d2ff0
6369,6369,60,690,hip-hipmm-cdls-getrf,0,0x5c08570d2ff0
6370,6370,57,567,hip-hipmm-cdls-getrf,0,0x5c08570d2ff0
6371,6371,87,477,hip-hipmm-cdls-getrf,0,0x5c08570d2ff0
6372,6372,54,423,hip-hipmm-cdls-getrf,0,0x5c08570d2ff0
6373,6373,57,468,hip-hipmm-cdls-getrf,0,0x5c08570d2ff0
6374,6374,114,351,hip-hipmm-cdls-getrf,0,0x5c08570d2ff0
6375,6375,75,381,hip-hipmm-cdls-getrf,0,0x5c08570d2ff0
6376,6376,69,363,hip-hipmm-cdls-getrf,0,0x5c08570d2ff0
6377,6377,111,660,hip-hipmm-cdls-getrf,0,0x5c08570d2ff0
6378,6378,60,615,hip-hipmm-cdls-getrf,0,0x5c08570d2ff0
6379,6379,90,441,hip-hipmm-cdls-getrf,0,0x5c08570d2ff0
6380,6380,72,510,hip-hipmm-cdls-getrf,0,0x5c08570d2ff0
6381,6381,126,492,hip-hipmm-cdls-getrf,0,0x5c08570d2ff0
6382,6382,81,669,hip-hipmm-cdls-getrf,0,0x5c08570d2ff0
6383,6383,60,567,hip-hipmm-cdls-getrf,0,0x5c08570d2ff0
6384,6384,54,615,hip-hipmm-cdls-getrf,0,0x5c08570d2ff0
6385,6385,48,393,hip-hipmm-cdls-getrf,0,0x5c08570d2ff0
6386,6386,129,525,hip-hipmm-cdls-getrf,0,0x5c08570d2ff0
6387,6387,117,387,hip-hipmm-cdls-getrf,0,0x5c08570d2ff0
6388,6388,102,486,hip-hipmm-cdls-getrf,0,0x5c08570d2ff0
6389,6389,84,375,hip-hipmm-cdls-getrf,0,0x5c08570d2ff0
6390,6390,54,444,hip-hipmm-cdls-getrf,0,0x5c08570d2ff0
6391,6391,99,573,hip-hipmm-cdls-getrf,0,0x5c08570d2ff0
6392,6392,93,459,hip-hipmm-cdls-getrf,0,0x5c08570d2ff0
6393,6393,45,420,hip-hipmm-cdls-getrf,0,0x5c08570d2ff0
6394,6394,54,624,hip-hipmm-cdls-getrf,0,0x5c08570d2ff0
6395,6395,30,480,hip-hipmm-cdls-getrf,0,0x5c08570d2ff0
6396,6396,171,432,hip-hipmm-cdls-getrf,0,0x5c08570d2ff0
6397,6397,99,435,hip-hipmm-cdls-getrf,0,0x5c08570d2ff0
6398,6398,42,525,hip-hipmm-cdls-getrf,0,0x5c08570d2ff0
6399,6399,66,561,hip-hipmm-cdls-getrf,0,0x5c08570d2ff0
6400,6400,105,315,hip-hipmm-cdls-getrf,0,0x5c08570d2ff0
6401,6401,66,384,hip-hipmm-cdls-getrf,0,0x5c08570d2ff0
6402,6402,78,564,hip-hipmm-cdls-getrf,0,0x5c08570d2ff0
6403,6403,123,411,hip-hipmm-cdls-getrf,0,0x5c08570d2ff0
6404,6404,108,534,hip-hipmm-cdls-getrf,0,0x5c08570d2ff0
6405,6405,51,525,hip-hipmm-cdls-getrf,0,0x5c08570d2ff0
6406,6406,48,417,hip-hipmm-cdls-getrf,0,0x5c08570d2ff0
6407,6407,42,333,hip-hipmm-cdls-getrf,0,0x5c08570d2ff0
6408,6408,78,354,hip-hipmm-cdls-getrf,0,0x5c08570d2ff0
6409,6409,120,477,hip-hipmm-cdls-getrf,0,0x5c08570d2ff0
6410,6410,105,402,hip-hipmm-cdls-getrf,0,0x5c08570d2ff0
6411,6411,72,498,hip-hipmm-cdls-getrf,0,0x5c08570d2ff0
6412,6412,69,675,hip-hipmm-cdls-getrf,0,0x5c08570d2ff0
6413,6413,24,657,hip-hipmm-cdls-getrf,0,0x5c08570d2ff0
6414,6414,93,426,hip-hipmm-cdls-getrf,0,0x5c08570d2ff0
6415,6415,81,534,hip-hipmm-cdls-getrf,0,0x5c08570d2ff0
6416,6416,66,477,hip-hipmm-cdls-getrf,0,0x5c08570d2ff0
6417,6417,132,678,hip-hipmm-cdls-getrf,0,0x5c08570d2ff0
6418,6418,51,546,hip-hipmm-cdls-getrf,0,0x5c08570d2ff0
6419,6419,75,492,hip-hipmm-cdls-getrf,0,0x5c08570d2ff0
6420,6420,75,534,hip-hipmm-cdls-getrf,0,0x5c08570d2ff0
6421,6421,63,552,hip-hipmm-cdls-getrf,0,0x5c08570d2ff0
6422,6422,48,531,hip-hipmm-cdls-getrf,0,0x5c08570d2ff0
6423,6423,93,552,hip-hipmm-cdls-getrf,0,0x5c08570d2ff0
6424,6424,57,243,hip-hipmm-cdls-getrf,0,0x5c08570d2ff0
6425,6425,108,372,hip-hipmm-cdls-getrf,0,0x5c08570d2ff0
6426,6426,33,132,hip-hipmm-cdls-getrf,0,0x5c08570d2ff0
6427,6427,81,273,hip-hipmm-cdls-getrf,0,0x5c08570d2ff0
6428,6428,69,261,hip-hipmm-cdls-getrf,0,0x5c08570d2ff0
6429,6429,96,312,hip-hipmm-cdls-getrf,0,0x5c08570d2ff0
6430,6430,45,177,hip-hipmm-cdls-getrf,0,0x5c08570d2ff0
6431,6431,42,168,hip-hipmm-cdls-getrf,0,0x5c08570d2ff0
6432,6432,15,111,hip-hipmm-cdls-getrf,0,0x5c08570d2ff0
6433,6433,78,504,hip-hipmm-cdls-getrf,0,0x5c08570d2ff0
6434,6434,21,138,hip-hipmm-cdls-getrf,0,0x5c08570d2ff0
6435,6435,99,429,hip-hipmm-cdls-getrf,0,0x5c08570d2ff0
6436,6436,114,408,hip-hipmm-cdls-getrf,0,0x5c08570d2ff0
6437,6437,24,198,hip-hipmm-cdls-getrf,0,0x5c08570d2ff0
6438,6438,18,144,hip-hipmm-cdls-getrf,0,0x5c08570d2ff0
6439,6439,60,294,hip-hipmm-cdls-getrf,0,0x5c08570d2ff0
6440,6440,42,288,hip-hipmm-cdls-getrf,0,0x5c08570d2ff0
6441,6441,75,417,hip-hipmm-cdls-getrf,0,0x5c08570d2ff0
6442,6442,75,360,hip-hipmm-cdls-getrf,0,0x5c08570d2ff0
6443,6443,18,141,hip-hipmm-cdls-getrf,0,0x5c08570d2ff0
6444,6444,162,402,hip-hipmm-cdls-getrf,0,0x5c08570d2ff0
6445,6445,69,303,hip-hipmm-cdls-getrf,0,0x5c08570d2ff0
6446,6446,66,210,hip-hipmm-cdls-getrf,0,0x5c08570d2ff0
6447,6447,93,273,hip-hipmm-cdls-getrf,0,0x5c08570d2ff0
6448,6448,84,312,hip-hipmm-cdls-getrf,0,0x5c08570d2ff0
6449,6449,63,216,hip-hipmm-cdls-getrf,0,0x5c08570d2ff0
6450,6450,90,444,hip-hipmm-cdls-getrf,0,0x5c08570d2ff0
6451,6451,69,303,hip-hipmm-cdls-getrf,0,0x5c08570d2ff0
6452,6452,96,321,hip-hipmm-cdls-getrf,0,0x5c08570d2ff0
6453,6453,39,225,hip-hipmm-cdls-getrf,0,0x5c08570d2ff0
6454,6454,93,384,hip-hipmm-cdls-getrf,0,0x5c08570d2ff0
6455,6455,75,327,hip-hipmm-cdls-getrf,0,0x5c08570d2ff0
6456,6456,162,369,hip-hipmm-cdls-getrf,0,0x5c08570d2ff0
6457,6457,63,345,hip-hipmm-cdls-getrf,0,0x5c08570d2ff0
6458,6458,78,255,hip-hipmm-cdls-getrf,0,0x5c08570d2ff0
6459,6459,93,588,hip-hipmm-cdls-getrf,0,0x5c08570d2ff0
6460,6460,90,327,hip-hipmm-cdls-getrf,0,0x5c08570d2ff0
6461,6461,60,498,hip-hipmm-cdls-getrf,0,0x5c08570d2ff0
6462,6462,153,483,hip-hipmm-cdls-getrf,0,0x5c08570d2ff0
6463,6463,66,339,hip-hipmm-cdls-getrf,0,0x5c08570d2ff0
6464,6464,78,642,hip-hipmm-cdls-getrf,0,0x5c08570d2ff0
6465,6465,132,330,hip-hipmm-cdls-getrf,0,0x5c08570d2ff0
6466,6466,123,423,hip-hipmm-cdls-getrf,0,0x5c08570d2ff0
6467,6467,42,147,hip-hipmm-cdls-getrf,0,0x5c08570d2ff0
6468,6468,39,186,hip-hipmm-cdls-getrf,0,0x5c08570d2ff0
6469,6469,87,321,hip-hipmm-cdls-getrf,0,0x5c08570d2ff0
6470,6470,63,321,hip-hipmm-cdls-getrf,0,0x5c08570d2ff0
6471,6471,60,285,hip-hipmm-cdls-getrf,0,0x5c08570d2ff0
6472,6472,63,216,hip-hipmm-cdls-getrf,0,0x5c08570d2ff0
6473,6473,84,327,hip-hipmm-cdls-getrf,0,0x5c08570d2ff0
6474,6474,72,318,hip-hipmm-cdls-getrf,0,0x5c08570d2ff0
6475,6475,99,381,hip-hipmm-cdls-getrf,0,0x5c08570d2ff0
6476,6476,90,381,hip-hipmm-cdls-getrf,0,0x5c08570d2ff0
6477,6477,99,306,hip-hipmm-cdls-getrf,0,0x5c08570d2ff0
6478,6478,96,378,hip-hipmm-cdls-getrf,0,0x5c08570d2ff0
6479,6479,135,324,hip-hipmm-cdls-getrf,0,0x5c08570d2ff0
6480,6480,150,402,hip-hipmm-cdls-getrf,0,0x5c08570d2ff0
6481,6481,99,597,hip-hipmm-cdls-getrf,0,0x5c08570d2ff0
6482,6482,84,510,hip-hipmm-cdls-getrf,0,0x5c08570d2ff0
6483,6483,81,444,hip-hipmm-cdls-getrf,0,0x5c08570d2ff0
6484,6484,63,369,hip-hipmm-cdls-getrf,0,0x5c08570d2ff0
6485,6485,96,402,hip-hipmm-cdls-getrf,0,0x5c08570d2ff0
6486,6486,66,384,hip-hipmm-cdls-getrf,0,0x5c08570d2ff0
6487,6487,36,210,hip-hipmm-cdls-getrf,0,0x5c08570d2ff0
6488,6488,72,228,hip-hipmm-cdls-getrf,0,0x5c08570d2ff0
6489,6489,60,237,hip-hipmm-cdls-getrf,0,0x5c08570d2ff0
6490,6490,84,267,hip-hipmm-cdls-getrf,0,0x5c08570d2ff0
6491,6491,90,318,hip-hipmm-cdls-getrf,0,0x5c08570d2ff0
6492,6492,123,429,hip-hipmm-cdls-getrf,0,0x5c08570d2ff0
6493,6493,99,621,hip-hipmm-cdls-getrf,0,0x5c08570d2ff0
6494,6494,111,429,hip-hipmm-cdls-getrf,0,0x5c08570d2ff0
6495,6495,108,432,hip-hipmm-cdls-getrf,0,0x5c08570d2ff0
6496,6496,48,441,hip-hipmm-cdls-getrf,0,0x5c08570d2ff0
6497,6497,93,387,hip-hipmm-cdls-getrf,0,0x5c08570d2ff0
6498,6498,84,402,hip-hipmm-cdls-getrf,0,0x5c08570d2ff0
6499,6499,48,330,hip-hipmm-cdls-getrf,0,0x5c08570d2ff0
6500,6500,75,321,hip-hipmm-cdls-getrf,0,0x5c08570d2ff0
6501,6501,69,399,hip-hipmm-cdls-getrf,0,0x5c08570d2ff0
6502,6502,132,441,hip-hipmm-cdls-getrf,0,0x5c08570d2ff0
6503,6503,90,468,hip-hipmm-cdls-getrf,0,0x5c08570d2ff0
6504,6504,96,315,hip-hipmm-cdls-getrf,0,0x5c08570d2ff0
6505,6505,39,267,hip-hipmm-cdls-getrf,0,0x5c08570d2ff0
6506,6506,96,267,hip-hipmm-cdls-getrf,0,0x5c08570d2ff0
6507,6507,108,357,hip-hipmm-cdls-getrf,0,0x5c08570d2ff0
6508,6508,129,525,hip-hipmm-cdls-getrf,0,0x5c08570d2ff0
6509,6509,90,408,hip-hipmm-cdls-getrf,0,0x5c08570d2ff0
6510,6510,96,471,hip-hipmm-cdls-getrf,0,0x5c08570d2ff0
6511,6511,54,552,hip-hipmm-cdls-getrf,0,0x5c08570d2ff0
6512,6512,99,468,hip-hipmm-cdls-getrf,0,0x5c08570d2ff0
6513,6513,69,459,hip-hipmm-cdls-getrf,0,0x5c08570d2ff0
6514,6514,84,381,hip-hipmm-cdls-getrf,0,0x5c08570d2ff0
6515,6515,93,420,hip-hipmm-cdls-getrf,0,0x5c08570d2ff0
6516,6516,72,390,hip-hipmm-cdls-getrf,0,0x5c08570d2ff0
6517,6517,21,171,hip-hipmm-cdls-getrf,0,0x5c08570d2ff0
6518,6518,51,330,hip-hipmm-cdls-getrf,0,0x5c08570d2ff0
6519,6519,54,210,hip-hipmm-cdls-getrf,0,0x5c08570d2ff0
6520,6520,51,309,hip-hipmm-cdls-getrf,0,0x5c08570d2ff0
6521,6521,60,465,hip-hipmm-cdls-getrf,0,0x5c08570d2ff0
6522,6522,63,465,hip-hipmm-cdls-getrf,0,0x5c08570d2ff0
6523,6523,111,333,hip-hipmm-cdls-getrf,0,0x5c08570d2ff0
6524,6524,81,522,hip-hipmm-cdls-getrf,0,0x5c08570d2ff0
6525,6525,84,498,hip-hipmm-cdls-getrf,0,0x5c08570d2ff0
6526,6526,123,522,hip-hipmm-cdls-getrf,0,0x5c08570d2ff0
6527,6527,63,270,hip-hipmm-cdls-getrf,0,0x5c08570d2ff0
6528,6528,57,315,hip-hipmm-cdls-getrf,0,0x5c08570d2ff0
6529,6529,60,279,hip-hipmm-cdls-getrf,0,0x5c08570d2ff0
6530,6530,75,261,hip-hipmm-cdls-getrf,0,0x5c08570d2ff0
6531,6531,42,345,hip-hipmm-cdls-getrf,0,0x5c08570d2ff0
6532,6532,87,501,hip-hipmm-cdls-getrf,0,0x5c08570d2ff0
6533,6533,48,546,hip-hipmm-cdls-getrf,0,0x5c08570d2ff0
6534,6534,96,423,hip-hipmm-cdls-getrf,0,0x5c08570d2ff0
6535,6535,81,531,hip-hipmm-cdls-getrf,0,0x5c08570d2ff0
6536,6536,45,243,hip-hipmm-cdls-getrf,0,0x5c08570d2ff0
6537,6537,51,381,hip-hipmm-cdls-getrf,0,0x5c08570d2ff0
6538,6538,69,459,hip-hipmm-cdls-getrf,0,0x5c08570d2ff0
6539,6539,69,519,hip-hipmm-cdls-getrf,0,0x5c08570d2ff0
6540,6540,45,291,hip-hipmm-cdls-getrf,0,0x5c08570d2ff0
6541,6541,135,429,hip-hipmm-cdls-getrf,0,0x5c08570d2ff0
6542,6542,75,345,hip-hipmm-cdls-getrf,0,0x5c08570d2ff0
6543,6543,57,585,hip-hipmm-cdls-getrf,0,0x5c08570d2ff0
6544,6544,81,456,hip-hipmm-cdls-getrf,0,0x5c08570d2ff0
6545,6545,30,549,hip-hipmm-cdls-getrf,0,0x5c08570d2ff0
6546,6546,114,648,hip-hipmm-cdls-getrf,0,0x5c08570d2ff0
6547,6547,54,444,hip-hipmm-cdls-getrf,0,0x5c08570d2ff0
6548,6548,90,429,hip-hipmm-cdls-getrf,0,0x5c08570d2ff0
6549,6549,57,255,hip-hipmm-cdls-getrf,0,0x5c08570d2ff0
6550,6550,57,315,hip-hipmm-cdls-getrf,0,0x5c08570d2ff0
6551,6551,87,492,hip-hipmm-cdls-getrf,0,0x5c08570d2ff0
6552,6552,111,552,hip-hipmm-cdls-getrf,0,0x5c08570d2ff0
6553,6553,96,519,hip-hipmm-cdls-getrf,0,0x5c08570d2ff0
6554,6554,87,474,hip-hipmm-cdls-getrf,0,0x5c08570d2ff0
6555,6555,78,504,hip-hipmm-cdls-getrf,0,0x5c08570d2ff0
6556,6556,45,660,hip-hipmm-cdls-getrf,0,0x5c08570d2ff0
6557,6557,102,684,hip-hipmm-cdls-getrf,0,0x5c08570d2ff0
6558,6558,90,342,hip-hipmm-cdls-getrf,0,0x5c08570d2ff0
6559,6559,78,528,hip-hipmm-cdls-getrf,0,0x5c08570d2ff0
6560,6560,87,240,hip-hipmm-cdls-getrf,0,0x5c08570d2ff0
6561,6561,54,279,hip-hipmm-cdls-getrf,0,0x5c08570d2ff0
6562,6562,54,228,hip-hipmm-cdls-getrf,0,0x5c08570d2ff0
6563,6563,135,339,hip-hipmm-cdls-getrf,0,0x5c08570d2ff0
6564,6564,72,570,hip-hipmm-cdls-getrf,0,0x5c08570d2ff0
6565,6565,93,555,hip-hipmm-cdls-getrf,0,0x5c08570d2ff0
6566,6566,69,495,hip-hipmm-cdls-getrf,0,0x5c08570d2ff0
6567,6567,156,453,hip-hipmm-cdls-getrf,0,0x5c08570d2ff0
6568,6568,69,312,hip-hipmm-cdls-getrf,0,0x5c08570d2ff0
6569,6569,57,471,hip-hipmm-cdls-getrf,0,0x5c08570d2ff0
6570,6570,72,516,hip-hipmm-cdls-getrf,0,0x5c08570d2ff0
6571,6571,96,441,hip-hipmm-cdls-getrf,0,0x5c08570d2ff0
6572,6572,93,576,hip-hipmm-cdls-getrf,0,0x5c08570d2ff0
6573,6573,78,516,hip-hipmm-cdls-getrf,0,0x5c08570d2ff0
6574,6574,123,315,hip-hipmm-cdls-getrf,0,0x5c08570d2ff0
6575,6575,96,441,hip-hipmm-cdls-getrf,0,0x5c08570d2ff0
6576,6576,42,468,hip-hipmm-cdls-getrf,0,0x5c08570d2ff0
6577,6577,108,465,hip-hipmm-cdls-getrf,0,0x5c08570d2ff0
6578,6578,123,564,hip-hipmm-cdls-getrf,0,0x5c08570d2ff0
6579,6579,93,423,hip-hipmm-cdls-getrf,0,0x5c08570d2ff0
6580,6580,81,498,hip-hipmm-cdls-getrf,0,0x5c08570d2ff0
6581,6581,96,570,hip-hipmm-cdls-getrf,0,0x5c08570d2ff0
6582,6582,147,384,hip-hipmm-cdls-getrf,0,0x5c08570d2ff0
6583,6583,84,519,hip-hipmm-cdls-getrf,0,0x5c08570d2ff0
6584,6584,117,369,hip-hipmm-cdls-getrf,0,0x5c08570d2ff0
6585,6585,72,396,hip-hipmm-cdls-getrf,0,0x5c08570d2ff0
6586,6586,93,450,hip-hipmm-cdls-getrf,0,0x5c08570d2ff0
6587,6587,75,438,hip-hipmm-cdls-getrf,0,0x5c08570d2ff0
6588,6588,117,375,hip-hipmm-cdls-getrf,0,0x5c08570d2ff0
6589,6589,24,174,hip-hipmm-cdls-getrf,0,0x5c08570d2ff0
6590,6590,21,183,hip-hipmm-cdls-getrf,0,0x5c08570d2ff0
6591,6591,81,408,hip-hipmm-cdls-getrf,0,0x5c08570d2ff0
6592,6592,39,225,hip-hipmm-cdls-getrf,0,0x5c08570d2ff0
6593,6593,69,303,hip-hipmm-cdls-getrf,0,0x5c08570d2ff0
6594,6594,87,450,hip-hipmm-cdls-getrf,0,0x5c08570d2ff0
6595,6595,105,447,hip-hipmm-cdls-getrf,0,0x5c08570d2ff0
6596,6596,75,597,hip-hipmm-cdls-getrf,0,0x5c08570d2ff0
6597,6597,69,465,hip-hipmm-cdls-getrf,0,0x5c08570d2ff0
6598,6598,72,525,hip-hipmm-cdls-getrf,0,0x5c08570d2ff0
6599,6599,111,462,hip-hipmm-cdls-getrf,0,0x5c08570d2ff0
6600,6600,66,414,hip-hipmm-cdls-getrf,0,0x5c08570d2ff0
6601,6601,60,390,hip-hipmm-cdls-getrf,0,0x5c08570d2ff0
6602,6602,93,567,hip-hipmm-cdls-getrf,0,0x5c08570d2ff0
6603,6603,81,582,hip-hipmm-cdls-getrf,0,0x5c08570d2ff0
6604,6604,111,423,hip-hipmm-cdls-getrf,0,0x5c08570d2ff0
6605,6605,150,432,hip-hipmm-cdls-getrf,0,0x5c08570d2ff0
6606,6606,54,660,hip-hipmm-cdls-getrf,0,0x5c08570d2ff0
6607,6607,60,426,hip-hipmm-cdls-getrf,0,0x5c08570d2ff0
6608,6608,21,183,hip-hipmm-cdls-getrf,0,0x5c08570d2ff0
6609,6609,78,309,hip-hipmm-cdls-getrf,0,0x5c08570d2ff0
6610,6610,72,213,hip-hipmm-cdls-getrf,0,0x5c08570d2ff0
6611,6611,111,351,hip-hipmm-cdls-getrf,0,0x5c08570d2ff0
6612,6612,60,246,hip-hipmm-cdls-getrf,0,0x5c08570d2ff0
6613,6613,156,468,hip-hipmm-cdls-getrf,0,0x5c08570d2ff0
6614,6614,51,183,hip-hipmm-cdls-getrf,0,0x5c08570d2ff0
6615,6615,87,294,hip-hipmm-cdls-getrf,0,0x5c08570d2ff0
6616,6616,90,363,hip-hipmm-cdls-getrf,0,0x5c08570d2ff0
6617,6617,156,333,hip-hipmm-cdls-getrf,0,0x5c08570d2ff0
6618,6618,36,198,hip-hipmm-cdls-getrf,0,0x5c08570d2ff0
6619,6619,36,138,hip-hipmm-cdls-getrf,0,0x5c08570d2ff0
6620,6620,36,195,hip-hipmm-cdls-getrf,0,0x5c08570d2ff0
6621,6621,48,183,hip-hipmm-cdls-getrf,0,0x5c08570d2ff0
6622,6622,36,246,hip-hipmm-cdls-getrf,0,0x5c08570d2ff0
6623,6623,60,315,hip-hipmm-cdls-getrf,0,0x5c08570d2ff0
6624,6624,24,162,hip-hipmm-cdls-getrf,0,0x5c08570d2ff0
6625,6625,90,384,hip-hipmm-cdls-getrf,0,0x5c08570d2ff0
6626,6626,42,276,hip-hipmm-cdls-getrf,0,0x5c08570d2ff0
6627,6627,114,429,hip-hipmm-cdls-getrf,0,0x5c08570d2ff0
6628,6628,120,471,hip-hipmm-cdls-getrf,0,0x5c08570d2ff0
6629,6629,69,429,hip-hipmm-cdls-getrf,0,0x5c08570d2ff0
6630,6630,60,351,hip-hipmm-cdls-getrf,0,0x5c08570d2ff0
6631,6631,117,333,hip-hipmm-cdls-getrf,0,0x5c08570d2ff0
6632,6632,54,366,hip-hipmm-cdls-getrf,0,0x5c08570d2ff0
6633,6633,42,264,hip-hipmm-cdls-getrf,0,0x5c08570d2ff0
6634,6634,72,372,hip-hipmm-cdls-getrf,0,0x5c08570d2ff0
6635,6635,159,375,hip-hipmm-cdls-getrf,0,0x5c08570d2ff0
6636,6636,63,393,hip-hipmm-cdls-getrf,0,0x5c08570d2ff0
6637,6637,102,540,hip-hipmm-cdls-getrf,0,0x5c08570d2ff0
6638,6638,111,468,hip-hipmm-cdls-getrf,0,0x5c08570d2ff0
6639,6639,141,435,hip-hipmm-cdls-getrf,0,0x5c08570d2ff0
6640,6640,87,381,hip-hipmm-cdls-getrf,0,0x5c08570d2ff0
6641,6641,81,483,hip-hipmm-cdls-getrf,0,0x5c08570d2ff0
6642,6642,81,423,hip-hipmm-cdls-getrf,0,0x5c08570d2ff0
6643,6643,51,333,hip-hipmm-cdls-getrf,0,0x5c08570d2ff0
6644,6644,147,372,hip-hipmm-cdls-getrf,0,0x5c08570d2ff0
6645,6645,111,543,hip-hipmm-cdls-getrf,0,0x5c08570d2ff0
6646,6646,93,387,hip-hipmm-cdls-getrf,0,0x5c08570d2ff0
6647,6647,60,219,hip-hipmm-cdls-getrf,0,0x5c08570d2ff0
6648,6648,21,183,hip-hipmm-cdls-getrf,0,0x5c08570d2ff0
6649,6649,66,318,hip-hipmm-cdls-getrf,0,0x5c08570d2ff0
6650,6650,57,219,hip-hipmm-cdls-getrf,0,0x5c08570d2ff0
6651,6651,87,414,hip-hipmm-cdls-getrf,0,0x5c08570d2ff0
6652,6652,39,345,hip-hipmm-cdls-getrf,0,0x5c08570d2ff0
6653,6653,69,387,hip-hipmm-cdls-getrf,0,0x5c08570d2ff0
6654,6654,66,324,hip-hipmm-cdls-getrf,0,0x5c08570d2ff0
6655,6655,69,402,hip-hipmm-cdls-getrf,0,0x5c08570d2ff0
6656,6656,75,498,hip-hipmm-cdls-getrf,0,0x5c08570d2ff0
6657,6657,132,636,hip-hipmm-cdls-getrf,0,0x5c08570d2ff0
6658,6658,84,606,hip-hipmm-cdls-getrf,0,0x5c08570d2ff0
6659,6659,96,486,hip-hipmm-cdls-getrf,0,0x5c08570d2ff0
6660,6660,120,510,hip-hipmm-cdls-getrf,0,0x5c08570d2ff0
6661,6661,105,375,hip-hipmm-cdls-getrf,0,0x5c08570d2ff0
6662,6662,78,465,hip-hipmm-cdls-getrf,0,0x5c08570d2ff0
6663,6663,78,513,hip-hipmm-cdls-getrf,0,0x5c08570d2ff0
6664,6664,69,390,hip-hipmm-cdls-getrf,0,0x5c08570d2ff0
6665,6665,87,600,hip-hipmm-cdls-getrf,0,0x5c08570d2ff0
6666,6666,102,531,hip-hipmm-cdls-getrf,0,0x5c08570d2ff0
6667,6667,57,525,hip-hipmm-cdls-getrf,0,0x5c08570d2ff0
6668,6668,57,609,hip-hipmm-cdls-getrf,0,0x5c08570d2ff0
6669,6669,39,456,hip-hipmm-cdls-getrf,0,0x5c08570d2ff0
6670,6670,93,735,hip-hipmm-cdls-getrf,0,0x5c08570d2ff0
6671,6671,60,738,hip-hipmm-cdls-getrf,0,0x5c08570d2ff0
6672,6672,54,717,hip-hipmm-cdls-getrf,0,0x5c08570d2ff0
6673,6673,114,567,hip-hipmm-cdls-getrf,0,0x5c08570d2ff0
6674,6674,54,561,hip-hipmm-cdls-getrf,0,0x5c08570d2ff0
6675,6675,87,282,hip-hipmm-cdls-getrf,0,0x5c08570d2ff0
6676,6676,21,195,hip-hipmm-cdls-getrf,0,0x5c08570d2ff0
6677,6677,51,297,hip-hipmm-cdls-getrf,0,0x5c08570d2ff0
6678,6678,39,249,hip-hipmm-cdls-getrf,0,0x5c08570d2ff0
6679,6679,78,303,hip-hipmm-cdls-getrf,0,0x5c08570d2ff0
6680,6680,39,417,hip-hipmm-cdls-getrf,0,0x5c08570d2ff0
6681,6681,69,420,hip-hipmm-cdls-getrf,0,0x5c08570d2ff0
6682,6682,72,444,hip-hipmm-cdls-getrf,0,0x5c08570d2ff0
6683,6683,66,300,hip-hipmm-cdls-getrf,0,0x5c08570d2ff0
6684,6684,72,423,hip-hipmm-cdls-getrf,0,0x5c08570d2ff0
6685,6685,60,642,hip-hipmm-cdls-getrf,0,0x5c08570d2ff0
6686,6686,60,405,hip-hipmm-cdls-getrf,0,0x5c08570d2ff0
6687,6687,93,525,hip-hipmm-cdls-getrf,0,0x5c08570d2ff0
6688,6688,93,522,hip-hipmm-cdls-getrf,0,0x5c08570d2ff0
6689,6689,57,555,hip-hipmm-cdls-getrf,0,0x5c08570d2ff0
6690,6690,63,426,hip-hipmm-cdls-getrf,0,0x5c08570d2ff0
6691,6691,129,426,hip-hipmm-cdls-getrf,0,0x5c08570d2ff0
6692,6692,108,483,hip-hipmm-cdls-getrf,0,0x5c08570d2ff0
6693,6693,114,480,hip-hipmm-cdls-getrf,0,0x5c08570d2ff0
6694,6694,48,441,hip-hipmm-cdls-getrf,0,0x5c08570d2ff0
6695,6695,99,486,hip-hipmm-cdls-getrf,0,0x5c08570d2ff0
6696,6696,57,663,hip-hipmm-cdls-getrf,0,0x5c08570d2ff0
6697,6697,90,465,hip-hipmm-cdls-getrf,0,0x5c08570d2ff0
6698,6698,54,537,hip-hipmm-cdls-getrf,0,0x5c08570d2ff0
6699,6699,87,567,hip-hipmm-cdls-getrf,0,0x5c08570d2ff0
6700,6700,60,678,hip-hipmm-cdls-getrf,0,0x5c08570d2ff0
6701,6701,93,669,hip-hipmm-cdls-getrf,0,0x5c08570d2ff0
6702,6702,105,555,hip-hipmm-cdls-getrf,0,0x5c08570d2ff0
6703,6703,111,576,hip-hipmm-cdls-getrf,0,0x5c08570d2ff0
6704,6704,81,630,hip-hipmm-cdls-getrf,0,0x5c08570d2ff0
6705,6705,90,462,hip-hipmm-cdls-getrf,0,0x5c08570d2ff0
6706,6706,96,573,hip-hipmm-cdls-getrf,0,0x5c08570d2ff0
6707,6707,108,474,hip-hipmm-cdls-getrf,0,0x5c08570d2ff0
6708,6708,60,588,hip-hipmm-cdls-getrf,0,0x5c08570d2ff0
6709,6709,60,555,hip-hipmm-cdls-getrf,0,0x5c08570d2ff0
6710,6710,147,456,hip-hipmm-cdls-getrf,0,0x5c08570d2ff0
6711,6711,96,441,hip-hipmm-cdls-getrf,0,0x5c08570d2ff0
6712,6712,126,288,hip-hipmm-cdls-getrf,0,0x5c08570d2ff0
6713,6713,30,135,hip-hipmm-cdls-getrf,0,0x5c08570d2ff0
6714,6714,111,384,hip-hipmm-cdls-getrf,0,0x5c08570d2ff0
6715,6715,36,195,hip-hipmm-cdls-getrf,0,0x5c08570d2ff0
6716,6716,78,660,hip-hipmm-cdls-getrf,0,0x5c08570d2ff0
6717,6717,81,507,hip-hipmm-cdls-getrf,0,0x5c08570d2ff0
6718,6718,39,357,hip-hipmm-cdls-getrf,0,0x5c08570d2ff0
6719,6719,87,357,hip-hipmm-cdls-getrf,0,0x5c08570d2ff0
6720,6720,81,375,hip-hipmm-cdls-getrf,0,0x5c08570d2ff0
6721,6721,63,609,hip-hipmm-cdls-getrf,0,0x5c08570d2ff0
6722,6722,48,630,hip-hipmm-cdls-getrf,0,0x5c08570d2ff0
6723,6723,57,558,hip-hipmm-cdls-getrf,0,0x5c08570d2ff0
6724,6724,129,417,hip-hipmm-cdls-getrf,0,0x5c08570d2ff0
6725,6725,54,573,hip-hipmm-cdls-getrf,0,0x5c08570d2ff0
6726,6726,111,378,hip-hipmm-cdls-getrf,0,0x5c08570d2ff0
6727,6727,108,357,hip-hipmm-cdls-getrf,0,0x5c08570d2ff0
6728,6728,123,597,hip-hipmm-cdls-getrf,0,0x5c08570d2ff0
6729,6729,114,420,hip-hipmm-cdls-getrf,0,0x5c08570d2ff0
6730,6730,108,450,hip-hipmm-cdls-getrf,0,0x5c08570d2ff0
6731,6731,138,408,hip-hipmm-cdls-getrf,0,0x5c08570d2ff0
6732,6732,84,540,hip-hipmm-cdls-getrf,0,0x5c08570d2ff0
6733,6733,81,687,hip-hipmm-cdls-getrf,0,0x5c08570d2ff0
6734,6734,36,534,hip-hipmm-cdls-getrf,0,0x5c08570d2ff0
6735,6735,117,519,hip-hipmm-cdls-getrf,0,0x5c08570d2ff0
6736,6736,108,726,hip-hipmm-cdls-getrf,0,0x5c08570d2ff0
6737,6737,42,777,hip-hipmm-cdls-getrf,0,0x5c08570d2ff0
6738,6738,66,564,hip-hipmm-cdls-getrf,0,0x5c08570d2ff0
6739,6739,90,564,hip-hipmm-cdls-getrf,0,0x5c08570d2ff0
6740,6740,108,390,hip-hipmm-cdls-getrf,0,0x5c08570d2ff0
6741,6741,45,495,hip-hipmm-cdls-getrf,0,0x5c08570d2ff0
6742,6742,123,441,hip-hipmm-cdls-getrf,0,0x5c08570d2ff0
6743,6743,75,729,hip-hipmm-cdls-getrf,0,0x5c08570d2ff0
6744,6744,48,702,hip-hipmm-cdls-getrf,0,0x5c08570d2ff0
6745,6745,57,387,hip-hipmm-cdls-getrf,0,0x5c08570d2ff0
6746,6746,87,477,hip-hipmm-cdls-getrf,0,0x5c08570d2ff0
6747,6747,60,522,hip-hipmm-cdls-getrf,0,0x5c08570d2ff0
6748,6748,63,513,hip-hipmm-cdls-getrf,0,0x5c08570d2ff0
6749,6749,66,552,hip-hipmm-cdls-getrf,0,0x5c08570d2ff0
6750,6750,108,534,hip-hipmm-cdls-getrf,0,0x5c08570d2ff0
6751,6751,129,444,hip-hipmm-cdls-getrf,0,0x5c08570d2ff0
6752,6752,36,315,hip-hipmm-cdls-getrf,0,0x5c08570d2ff0
6753,6753,66,504,hip-hipmm-cdls-getrf,0,0x5c08570d2ff0
6754,6754,93,567,hip-hipmm-cdls-getrf,0,0x5c08570d2ff0
6755,6755,72,582,hip-hipmm-cdls-getrf,0,0x5c08570d2ff0
6756,6756,48,546,hip-hipmm-cdls-getrf,0,0x5c08570d2ff0
6757,6757,96,366,hip-hipmm-cdls-getrf,0,0x5c08570d2ff0
6758,6758,18,123,hip-hipmm-cdls-getrf,0,0x5c08570d2ff0
6759,6759,21,153,hip-hipmm-cdls-getrf,0,0x5c08570d2ff0
6760,6760,63,345,hip-hipmm-cdls-getrf,0,0x5c08570d2ff0
6761,6761,60,270,hip-hipmm-cdls-getrf,0,0x5c08570d2ff0
6762,6762,105,351,hip-hipmm-cdls-getrf,0,0x5c08570d2ff0
6763,6763,120,354,hip-hipmm-cdls-getrf,0,0x5c08570d2ff0
6764,6764,54,252,hip-hipmm-cdls-getrf,0,0x5c08570d2ff0
6765,6765,51,297,hip-hipmm-cdls-getrf,0,0x5c08570d2ff0
6766,6766,36,222,hip-hipmm-cdls-getrf,0,0x5c08570d2ff0
6767,6767,69,297,hip-hipmm-cdls-getrf,0,0x5c08570d2ff0
6768,6768,66,309,hip-hipmm-cdls-getrf,0,0x5c08570d2ff0
6769,6769,36,246,hip-hipmm-cdls-getrf,0,0x5c08570d2ff0
6770,6770,27,225,hip-hipmm-cdls-getrf,0,0x5c08570d2ff0
6771,6771,60,282,hip-hipmm-cdls-getrf,0,0x5c08570d2ff0
6772,6772,117,483,hip-hipmm-cdls-getrf,0,0x5c08570d2ff0
6773,6773,36,354,hip-hipmm-cdls-getrf,0,0x5c08570d2ff0
6774,6774,87,357,hip-hipmm-cdls-getrf,0,0x5c08570d2ff0
6775,6775,87,525,hip-hipmm-cdls-getrf,0,0x5c08570d2ff0
6776,6776,87,309,hip-hipmm-cdls-getrf,0,0x5c08570d2ff0
6777,6777,72,279,hip-hipmm-cdls-getrf,0,0x5c08570d2ff0
6778,6778,99,336,hip-hipmm-cdls-getrf,0,0x5c08570d2ff0
6779,6779,24,186,hip-hipmm-cdls-getrf,0,0x5c08570d2ff0
6780,6780,36,414,hip-hipmm-cdls-getrf,0,0x5c08570d2ff0
6781,6781,21,195,hip-hipmm-cdls-getrf,0,0x5c08570d2ff0
6782,6782,78,447,hip-hipmm-cdls-getrf,0,0x5c08570d2ff0
6783,6783,93,477,hip-hipmm-cdls-getrf,0,0x5c08570d2ff0
6784,6784,42,276,hip-hipmm-cdls-getrf,0,0x5c08570d2ff0
6785,6785,36,516,hip-hipmm-cdls-getrf,0,0x5c08570d2ff0
6786,6786,39,177,hip-hipmm-cdls-getrf,0,0x5c08570d2ff0
6787,6787,99,585,hip-hipmm-cdls-getrf,0,0x5c08570d2ff0
6788,6788,57,531,hip-hipmm-cdls-getrf,0,0x5c08570d2ff0
6789,6789,99,621,hip-hipmm-cdls-getrf,0,0x5c08570d2ff0
6790,6790,57,687,hip-hipmm-cdls-getrf,0,0x5c08570d2ff0
6791,6791,96,450,hip-hipmm-cdls-getrf,0,0x5c08570d2ff0
6792,6792,45,531,hip-hipmm-cdls-getrf,0,0x5c08570d2ff0
6793,6793,69,519,hip-hipmm-cdls-getrf,0,0x5c08570d2ff0
6794,6794,120,474,hip-hipmm-cdls-getrf,0,0x5c08570d2ff0
6795,6795,54,531,hip-hipmm-cdls-getrf,0,0x5c08570d2ff0
6796,6796,63,687,hip-hipmm-cdls-getrf,0,0x5c08570d2ff0
6797,6797,51,669,hip-hipmm-cdls-getrf,0,0x5c08570d2ff0
6798,6798,111,561,hip-hipmm-cdls-getrf,0,0x5c08570d2ff0
6799,6799,81,459,hip-hipmm-cdls-getrf,0,0x5c08570d2ff0
6800,6800,45,723,hip-hipmm-cdls-getrf,0,0x5c08570d2ff0
6801,6801,99,597,hip-hipmm-cdls-getrf,0,0x5c08570d2ff0
6802,6802,27,456,hip-hipmm-cdls-getrf,0,0x5c08570d2ff0
6803,6803,102,696,hip-hipmm-cdls-getrf,0,0x5c08570d2ff0
6804,6804,51,465,hip-hipmm-cdls-getrf,0,0x5c08570d2ff0
6805,6805,126,552,hip-hipmm-cdls-getrf,0,0x5c08570d2ff0
6806,6806,81,651,hip-hipmm-cdls-getrf,0,0x5c08570d2ff0
6807,6807,102,564,hip-hipmm-cdls-getrf,0,0x5c08570d2ff0
6808,6808,81,555,hip-hipmm-cdls-getrf,0,0x5c08570d2ff0
6809,6809,123,561,hip-hipmm-cdls-getrf,0,0x5c08570d2ff0
6810,6810,33,579,hip-hipmm-cdls-getrf,0,0x5c08570d2ff0
6811,6811,54,612,hip-hipmm-cdls-getrf,0,0x5c08570d2ff0
6812,6812,96,558,hip-hipmm-cdls-getrf,0,0x5c08570d2ff0
6813,6813,72,678,hip-hipmm-cdls-getrf,0,0x5c08570d2ff0
6814,6814,66,636,hip-hipmm-cdls-getrf,0,0x5c08570d2ff0
6815,6815,45,663,hip-hipmm-cdls-getrf,0,0x5c08570d2ff0
6816,6816,75,621,hip-hipmm-cdls-getrf,0,0x5c08570d2ff0
6817,6817,51,633,hip-hipmm-cdls-getrf,0,0x5c08570d2ff0
6818,6818,45,651,hip-hipmm-cdls-getrf,0,0x5c08570d2ff0
6819,6819,45,423,hip-hipmm-cdls-getrf,0,0x5c08570d2ff0
6820,6820,54,504,hip-hipmm-cdls-getrf,0,0x5c08570d2ff0
6821,6821,96,570,hip-hipmm-cdls-getrf,0,0x5c08570d2ff0
6822,6822,81,519,hip-hipmm-cdls-getrf,0,0x5c08570d2ff0
6823,6823,39,465,hip-hipmm-cdls-getrf,0,0x5c08570d2ff0
6824,6824,60,546,hip-hipmm-cdls-getrf,0,0x5c08570d2ff0
6825,6825,63,444,hip-hipmm-cdls-getrf,0,0x5c08570d2ff0
6826,6826,81,408,hip-hipmm-cdls-getrf,0,0x5c08570d2ff0
6827,6827,117,312,hip-hipmm-cdls-getrf,0,0x5c08570d2ff0
6828,6828,60,234,hip-hipmm-cdls-getrf,0,0x5c08570d2ff0
6829,6829,108,330,hip-hipmm-cdls-getrf,0,0x5c08570d2ff0
6830,6830,36,222,hip-hipmm-cdls-getrf,0,0x5c08570d2ff0
6831,6831,90,432,hip-hipmm-cdls-getrf,0,0x5c08570d2ff0
6832,6832,42,360,hip-hipmm-cdls-getrf,0,0x5c08570d2ff0
6833,6833,57,657,hip-hipmm-cdls-getrf,0,0x5c08570d2ff0
6834,6834,111,579,hip-hipmm-cdls-getrf,0,0x5c08570d2ff0
6835,6835,45,303,hip-hipmm-cdls-getrf,0,0x5c08570d2ff0
6836,6836,105,342,hip-hipmm-cdls-getrf,0,0x5c08570d2ff0
6837,6837,150,468,hip-hipmm-cdls-getrf,0,0x5c08570d2ff0
6838,6838,57,288,hip-hipmm-cdls-getrf,0,0x5c08570d2ff0
6839,6839,42,300,hip-hipmm-cdls-getrf,0,0x5c08570d2ff0
6840,6840,30,153,hip-hipmm-cdls-getrf,0,0x5c08570d2ff0
6841,6841,99,357,hip-hipmm-cdls-getrf,0,0x5c08570d2ff0
6842,6842,78,405,hip-hipmm-cdls-getrf,0,0x5c08570d2ff0
6843,6843,93,468,hip-hipmm-cdls-getrf,0,0x5c08570d2ff0
6844,6844,75,453,hip-hipmm-cdls-getrf,0,0x5c08570d2ff0
6845,6845,72,600,hip-hipmm-cdls-getrf,0,0x5c08570d2ff0
6846,6846,72,510,hip-hipmm-cdls-getrf,0,0x5c08570d2ff0
6847,6847,90,348,hip-hipmm-cdls-getrf,0,0x5c08570d2ff0
6848,6848,117,363,hip-hipmm-cdls-getrf,0,0x5c08570d2ff0
6849,6849,105,567,hip-hipmm-cdls-getrf,0,0x5c08570d2ff0
6850,6850,90,492,hip-hipmm-cdls-getrf,0,0x5c08570d2ff0
6851,6851,84,498,hip-hipmm-cdls-getrf,0,0x5c08570d2ff0
6852,6852,84,354,hip-hipmm-cdls-getrf,0,0x5c08570d2ff0
6853,6853,90,303,hip-hipmm-cdls-getrf,0,0x5c08570d2ff0
6854,6854,78,273,hip-hipmm-cdls-getrf,0,0x5c08570d2ff0
6855,6855,51,612,hip-hipmm-cdls-getrf,0,0x5c08570d2ff0
6856,6856,123,417,hip-hipmm-cdls-getrf,0,0x5c08570d2ff0
6857,6857,54,570,hip-hipmm-cdls-getrf,0,0x5c08570d2ff0
6858,6858,36,441,hip-hipmm-cdls-getrf,0,0x5c08570d2ff0
6859,6859,48,558,hip-hipmm-cdls-getrf,0,0x5c08570d2ff0
6860,6860,54,564,hip-hipmm-cdls-getrf,0,0x5c08570d2ff0
6861,6861,78,495,hip-hipmm-cdls-getrf,0,0x5c08570d2ff0
6862,6862,84,594,hip-hipmm-cdls-getrf,0,0x5c08570d2ff0
6863,6863,87,498,hip-hipmm-cdls-getrf,0,0x5c08570d2ff0
6864,6864,81,396,hip-hipmm-cdls-getrf,0,0x5c08570d2ff0
6865,6865,45,699,hip-hipmm-cdls-getrf,0,0x5c08570d2ff0
6866,6866,75,597,hip-hipmm-cdls-getrf,0,0x5c08570d2ff0
6867,6867,90,456,hip-hipmm-cdls-getrf,0,0x5c08570d2ff0
6868,6868,66,504,hip-hipmm-cdls-getrf,0,0x5c08570d2ff0
6869,6869,78,492,hip-hipmm-cdls-getrf,0,0x5c08570d2ff0
6870,6870,93,459,hip-hipmm-cdls-getrf,0,0x5c08570d2ff0
6871,6871,90,435,hip-hipmm-cdls-getrf,0,0x5c08570d2ff0
6872,6872,72,435,hip-hipmm-cdls-getrf,0,0x5c08570d2ff0
6873,6873,78,336,hip-hipmm-cdls-getrf,0,0x5c08570d2ff0
6874,6874,54,327,hip-hipmm-cdls-getrf,0,0x5c08570d2ff0
6875,6875,84,330,hip-hipmm-cdls-getrf,0,0x5c08570d2ff0
6876,6876,60,558,hip-hipmm-cdls-getrf,0,0x5c08570d2ff0
6877,6877,81,444,hip-hipmm-cdls-getrf,0,0x5c08570d2ff0
6878,6878,57,402,hip-hipmm-cdls-getrf,0,0x5c08570d2ff0
6879,6879,66,474,hip-hipmm-cdls-getrf,0,0x5c08570d2ff0
6880,6880,78,744,hip-hipmm-cdls-getrf,0,0x5c08570d2ff0
6881,6881,54,684,hip-hipmm-cdls-getrf,0,0x5c08570d2ff0
6882,6882,75,699,hip-hipmm-cdls-getrf,0,0x5c08570d2ff0
6883,6883,81,453,hip-hipmm-cdls-getrf,0,0x5c08570d2ff0
6884,6884,36,510,hip-hipmm-cdls-getrf,0,0x5c08570d2ff0
6885,6885,54,672,hip-hipmm-cdls-getrf,0,0x5c08570d2ff0
6886,6886,117,294,hip-hipmm-cdls-getrf,0,0x5c08570d2ff0
6887,6887,120,489,hip-hipmm-cdls-getrf,0,0x5c08570d2ff0
6888,6888,183,399,hip-hipmm-cdls-getrf,0,0x5c08570d2ff0
6889,6889,57,639,hip-hipmm-cdls-getrf,0,0x5c08570d2ff0
6890,6890,42,624,hip-hipmm-cdls-getrf,0,0x5c08570d2ff0
6891,6891,60,810,hip-hipmm-cdls-getrf,0,0x5c08570d2ff0
6892,6892,57,645,hip-hipmm-cdls-getrf,0,0x5c08570d2ff0
6893,6893,111,573,hip-hipmm-cdls-getrf,0,0x5c08570d2ff0
6894,6894,72,690,hip-hipmm-cdls-getrf,0,0x5c08570d2ff0
6895,6895,69,747,hip-hipmm-cdls-getrf,0,0x5c08570d2ff0
6896,6896,42,768,hip-hipmm-cdls-getrf,0,0x5c08570d2ff0
6897,6897,45,735,hip-hipmm-cdls-getrf,0,0x5c08570d2ff0
6898,6898,114,561,hip-hipmm-cdls-getrf,0,0x5c08570d2ff0
6899,6899,105,510,hip-hipmm-cdls-getrf,0,0x5c08570d2ff0
6900,6900,93,483,hip-hipmm-cdls-getrf,0,0x5c08570d2ff0
6901,6901,39,483,hip-hipmm-cdls-getrf,0,0x5c08570d2ff0
6902,6902,96,456,hip-hipmm-cdls-getrf,0,0x5c08570d2ff0
6903,6903,60,570,hip-hipmm-cdls-getrf,0,0x5c08570d2ff0
6904,6904,108,702,hip-hipmm-cdls-getrf,0,0x5c08570d2ff0
6905,6905,141,558,hip-hipmm-cdls-getrf,0,0x5c08570d2ff0
6906,6906,90,618,hip-hipmm-cdls-getrf,0,0x5c08570d2ff0
6907,6907,69,603,hip-hipmm-cdls-getrf,0,0x5c08570d2ff0
6908,6908,81,534,hip-hipmm-cdls-getrf,0,0x5c08570d2ff0
6909,6909,66,855,hip-hipmm-cdls-getrf,0,0x5c08570d2ff0
6910,6910,84,807,hip-hipmm-cdls-getrf,0,0x5c08570d2ff0
6911,6911,42,846,hip-hipmm-cdls-getrf,0,0x5c08570d2ff0
6912,6912,69,591,hip-hipmm-cdls-getrf,0,0x5c08570d2ff0
6913,6913,93,687,hip-hipmm-cdls-getrf,0,0x5c08570d2ff0
6914,6914,84,552,hip-hipmm-cdls-getrf,0,0x5c08570d2ff0
6915,6915,66,540,hip-hipmm-cdls-getrf,0,0x5c08570d2ff0
6916,6916,87,594,hip-hipmm-cdls-getrf,0,0x5c08570d2ff0
6917,6917,111,495,hip-hipmm-cdls-getrf,0,0x5c08570d2ff0
6918,6918,75,750,hip-hipmm-cdls-getrf,0,0x5c08570d2ff0
6919,6919,63,765,hip-hipmm-cdls-getrf,0,0x5c08570d2ff0
6920,6920,84,561,hip-hipmm-cdls-getrf,0,0x5c08570d2ff0
6921,6921,126,540,hip-hipmm-cdls-getrf,0,0x5c08570d2ff0
6922,6922,99,498,hip-hipmm-cdls-getrf,0,0x5c08570d2ff0
6923,6923,48,408,hip-hipmm-cdls-getrf,0,0x5c08570d2ff0
6924,6924,96,540,hip-hipmm-cdls-getrf,0,0x5c08570d2ff0
6925,6925,48,603,hip-hipmm-cdls-getrf,0,0x5c08570d2ff0
6926,6926,63,780,hip-hipmm-cdls-getrf,0,0x5c08570d2ff0
6927,6927,54,639,hip-hipmm-cdls-getrf,0,0x5c08570d2ff0
6928,6928,42,636,hip-hipmm-cdls-getrf,0,0x5c08570d2ff0
6929,6929,141,312,hip-hipmm-cdls-getrf,0,0x5c08570d2ff0
6930,6930,96,417,hip-hipmm-cdls-getrf,0,0x5c08570d2ff0
6931,6931,42,582,hip-hipmm-cdls-getrf,0,0x5c08570d2ff0
6932,6932,48,420,hip-hipmm-cdls-getrf,0,0x5c08570d2ff0
6933,6933,96,285,hip-hipmm-cdls-getrf,0,0x5c08570d2ff0
6934,6934,108,468,hip-hipmm-cdls-getrf,0,0x5c08570d2ff0
6935,6935,51,474,hip-hipmm-cdls-getrf,0,0x5c08570d2ff0
6936,6936,51,330,hip-hipmm-cdls-getrf,0,0x5c08570d2ff0
6937,6937,90,309,hip-hipmm-cdls-getrf,0,0x5c08570d2ff0
6938,6938,165,357,hip-hipmm-cdls-getrf,0,0x5c08570d2ff0
6939,6939,42,264,hip-hipmm-cdls-getrf,0,0x5c08570d2ff0
6940,6940,45,177,hip-hipmm-cdls-getrf,0,0x5c08570d2ff0
6941,6941,69,255,hip-hipmm-cdls-getrf,0,0x5c08570d2ff0
6942,6942,45,279,hip-hipmm-cdls-getrf,0,0x5c08570d2ff0
6943,6943,75,402,hip-hipmm-cdls-getrf,0,0x5c08570d2ff0
6944,6944,93,432,hip-hipmm-cdls-getrf,0,0x5c08570d2ff0
6945,6945,72,348,hip-hipmm-cdls-getrf,0,0x5c08570d2ff0
6946,6946,66,588,hip-hipmm-cdls-getrf,0,0x5c08570d2ff0
6947,6947,96,258,hip-hipmm-cdls-getrf,0,0x5c08570d2ff0
6948,6948,48,189,hip-hipmm-cdls-getrf,0,0x5c08570d2ff0
6949,6949,51,213,hip-hipmm-cdls-getrf,0,0x5c08570d2ff0
6950,6950,30,183,hip-hipmm-cdls-getrf,0,0x5c08570d2ff0
6951,6951,63,201,hip-hipmm-cdls-getrf,0,0x5c08570d2ff0
6952,6952,135,417,hip-hipmm-cdls-getrf,0,0x5c08570d2ff0
6953,6953,75,291,hip-hipmm-cdls-getrf,0,0x5c08570d2ff0
6954,6954,120,474,hip-hipmm-cdls-getrf,0,0x5c08570d2ff0
6955,6955,48,411,hip-hipmm-cdls-getrf,0,0x5c08570d2ff0
6956,6956,45,435,hip-hipmm-cdls-getrf,0,0x5c08570d2ff0
6957,6957,96,450,hip-hipmm-cdls-getrf,0,0x5c08570d2ff0
6958,6958,45,588,hip-hipmm-cdls-getrf,0,0x5c08570d2ff0
6959,6959,60,405,hip-hipmm-cdls-getrf,0,0x5c08570d2ff0
6960,6960,99,417,hip-hipmm-cdls-getrf,0,0x5c08570d2ff0
6961,6961,78,744,hip-hipmm-cdls-getrf,0,0x5c08570d2ff0
6962,6962,63,612,hip-hipmm-cdls-getrf,0,0x5c08570d2ff0
6963,6963,45,672,hip-hipmm-cdls-getrf,0,0x5c08570d2ff0
6964,6964,69,510,hip-hipmm-cdls-getrf,0,0x5c08570d2ff0
6965,6965,90,684,hip-hipmm-cdls-getrf,0,0x5c08570d2ff0
6966,6966,105,621,hip-hipmm-cdls-getrf,0,0x5c08570d2ff0
6967,6967,132,552,hip-hipmm-cdls-getrf,0,0x5c08570d2ff0
6968,6968,54,612,hip-hipmm-cdls-getrf,0,0x5c08570d2ff0
6969,6969,105,486,hip-hipmm-cdls-getrf,0,0x5c08570d2ff0
6970,6970,105,678,hip-hipmm-cdls-getrf,0,0x5c08570d2ff0
6971,6971,57,468,hip-hipmm-cdls-getrf,0,0x5c08570d2ff0
6972,6972,51,438,hip-hipmm-cdls-getrf,0,0x5c08570d2ff0
6973,6973,72,462,hip-hipmm-cdls-getrf,0,0x5c08570d2ff0
6974,6974,78,588,hip-hipmm-cdls-getrf,0,0x5c08570d2ff0
6975,6975,72,468,hip-hipmm-cdls-getrf,0,0x5c08570d2ff0
6976,6976,102,558,hip-hipmm-cdls-getrf,0,0x5c08570d2ff0
6977,6977,75,450,hip-hipmm-cdls-getrf,0,0x5c08570d2ff0
6978,6978,105,483,hip-hipmm-cdls-getrf,0,0x5c08570d2ff0
6979,6979,21,75,hip-hipmm-cdls-getrf,0,0x5c08570d2ff0
6980,6980,84,342,hip-hipmm-cdls-getrf,0,0x5c08570d2ff0
6981,6981,45,351,hip-hipmm-cdls-getrf,0,0x5c08570d2ff0
6982,6982,57,507,hip-hipmm-cdls-getrf,0,0x5c08570d2ff0
6983,6983,51,561,hip-hipmm-cdls-getrf,0,0x5c08570d2ff0
6984,6984,66,564,hip-hipmm-cdls-getrf,0,0x5c08570d2ff0
6985,6985,57,570,hip-hipmm-cdls-getrf,0,0x5c08570d2ff0
6986,6986,69,441,hip-hipmm-cdls-getrf,0,0x5c08570d2ff0
6987,6987,75,501,hip-hipmm-cdls-getrf,0,0x5c08570d2ff0
6988,6988,57,342,hip-hipmm-cdls-getrf,0,0x5c08570d2ff0
6989,6989,126,528,hip-hipmm-cdls-getrf,0,0x5c08570d2ff0
6990,6990,75,453,hip-hipmm-cdls-getrf,0,0x5c08570d2ff0
6991,6991,60,255,hip-hipmm-cdls-getrf,0,0x5c08570d2ff0
6992,6992,60,231,hip-hipmm-cdls-getrf,0,0x5c08570d2ff0
6993,6993,45,195,hip-hipmm-cdls-getrf,0,0x5c08570d2ff0
6994,6994,75,186,hip-hipmm-cdls-getrf,0,0x5c08570d2ff0
6995,6995,75,246,hip-hipmm-cdls-getrf,0,0x5c08570d2ff0
6996,6996,33,174,hip-hipmm-cdls-getrf,0,0x5c08570d2ff0
6997,6997,36,195,hip-hipmm-cdls-getrf,0,0x5c08570d2ff0
6998,6998,75,300,hip-hipmm-cdls-getrf,0,0x5c08570d2ff0
6999,6999,75,201,hip-hipmm-cdls-getrf,0,0x5c08570d2ff0
7000,7000,66,234,hip-hipmm-cdls-getrf,0,0x5c08570d2ff0
7001,7001,93,363,hip-hipmm-cdls-getrf,0,0x5c08570d2ff0
7002,7002,126,414,hip-hipmm-cdls-getrf,0,0x5c08570d2ff0
7003,7003,102,378,hip-hipmm-cdls-getrf,0,0x5c08570d2ff0
7004,7004,132,486,hip-hipmm-cdls-getrf,0,0x5c08570d2ff0
7005,7005,81,351,hip-hipmm-cdls-getrf,0,0x5c08570d2ff0
7006,7006,117,345,hip-hipmm-cdls-getrf,0,0x5c08570d2ff0
7007,7007,42,168,hip-hipmm-cdls-getrf,0,0x5c08570d2ff0
7008,7008,84,354,hip-hipmm-cdls-getrf,0,0x5c08570d2ff0
7009,7009,66,174,hip-hipmm-cdls-getrf,0,0x5c08570d2ff0
7010,7010,111,441,hip-hipmm-cdls-getrf,0,0x5c08570d2ff0
7011,7011,69,519,hip-hipmm-cdls-getrf,0,0x5c08570d2ff0
7012,7012,30,417,hip-hipmm-cdls-getrf,0,0x5c08570d2ff0
7013,7013,63,507,hip-hipmm-cdls-getrf,0,0x5c08570d2ff0
7014,7014,51,489,hip-hipmm-cdls-getrf,0,0x5c08570d2ff0
7015,7015,102,540,hip-hipmm-cdls-getrf,0,0x5c08570d2ff0
7016,7016,30,201,hip-hipmm-cdls-getrf,0,0x5c08570d2ff0
7017,7017,39,144,hip-hipmm-cdls-getrf,0,0x5c08570d2ff0
7018,7018,60,237,hip-hipmm-cdls-getrf,0,0x5c08570d2ff0
7019,7019,129,411,hip-hipmm-cdls-getrf,0,0x5c08570d2ff0
7020,7020,84,264,hip-hipmm-cdls-getrf,0,0x5c08570d2ff0
7021,7021,60,246,hip-hipmm-cdls-getrf,0,0x5c08570d2ff0
7022,7022,30,204,hip-hipmm-cdls-getrf,0,0x5c08570d2ff0
7023,7023,54,201,hip-hipmm-cdls-getrf,0,0x5c08570d2ff0
7024,7024,36,222,hip-hipmm-cdls-getrf,0,0x5c08570d2ff0
7025,7025,51,345,hip-hipmm-cdls-getrf,0,0x5c08570d2ff0
7026,7026,24,186,hip-hipmm-cdls-getrf,0,0x5c08570d2ff0
7027,7027,24,198,hip-hipmm-cdls-getrf,0,0x5c08570d2ff0
7028,7028,111,381,hip-hipmm-cdls-getrf,0,0x5c08570d2ff0
7029,7029,39,240,hip-hipmm-cdls-getrf,0,0x5c08570d2ff0
7030,7030,96,348,hip-hipmm-cdls-getrf,0,0x5c08570d2ff0
7031,7031,75,345,hip-hipmm-cdls-getrf,0,0x5c08570d2ff0
7032,7032,63,360,hip-hipmm-cdls-getrf,0,0x5c08570d2ff0
7033,7033,48,282,hip-hipmm-cdls-getrf,0,0x5c08570d2ff0
7034,7034,78,360,hip-hipmm-cdls-getrf,0,0x5c08570d2ff0
7035,7035,60,330,hip-hipmm-cdls-getrf,0,0x5c08570d2ff0
7036,7036,39,447,hip-hipmm-cdls-getrf,0,0x5c08570d2ff0
7037,7037,114,672,hip-hipmm-cdls-getrf,0,0x5c08570d2ff0
7038,7038,150,498,hip-hipmm-cdls-getrf,0,0x5c08570d2ff0
7039,7039,120,531,hip-hipmm-cdls-getrf,0,0x5c08570d2ff0
7040,7040,117,471,hip-hipmm-cdls-getrf,0,0x5c08570d2ff0
7041,7041,78,423,hip-hipmm-cdls-getrf,0,0x5c08570d2ff0
7042,7042,102,372,hip-hipmm-cdls-getrf,0,0x5c08570d2ff0
7043,7043,72,465,hip-hipmm-cdls-getrf,0,0x5c08570d2ff0
7044,7044,102,351,hip-hipmm-cdls-getrf,0,0x5c08570d2ff0
7045,7045,42,174,hip-hipmm-cdls-getrf,0,0x5c08570d2ff0
7046,7046,66,225,hip-hipmm-cdls-getrf,0,0x5c08570d2ff0
7047,7047,69,297,hip-hipmm-cdls-getrf,0,0x5c08570d2ff0
7048,7048,66,312,hip-hipmm-cdls-getrf,0,0x5c08570d2ff0
7049,7049,81,432,hip-hipmm-cdls-getrf,0,0x5c08570d2ff0
7050,7050,99,357,hip-hipmm-cdls-getrf,0,0x5c08570d2ff0
7051,7051,132,453,hip-hipmm-cdls-getrf,0,0x5c08570d2ff0
7052,7052,120,570,hip-hipmm-cdls-getrf,0,0x5c08570d2ff0
7053,7053,39,471,hip-hipmm-cdls-getrf,0,0x5c08570d2ff0
7054,7054,132,477,hip-hipmm-cdls-getrf,0,0x5c08570d2ff0
7055,7055,78,441,hip-hipmm-cdls-getrf,0,0x5c08570d2ff0
7056,7056,60,603,hip-hipmm-cdls-getrf,0,0x5c08570d2ff0
7057,7057,87,552,hip-hipmm-cdls-getrf,0,0x5c08570d2ff0
7058,7058,87,537,hip-hipmm-cdls-getrf,0,0x5c08570d2ff0
7059,7059,99,282,hip-hipmm-cdls-getrf,0,0x5c08570d2ff0
7060,7060,69,210,hip-hipmm-cdls-getrf,0,0x5c08570d2ff0
7061,7061,147,309,hip-hipmm-cdls-getrf,0,0x5c08570d2ff0
7062,7062,66,288,hip-hipmm-cdls-getrf,0,0x5c08570d2ff0
7063,7063,54,192,hip-hipmm-cdls-getrf,0,0x5c08570d2ff0
7064,7064,84,321,hip-hipmm-cdls-getrf,0,0x5c08570d2ff0
7065,7065,111,462,hip-hipmm-cdls-getrf,0,0x5c08570d2ff0
7066,7066,54,420,hip-hipmm-cdls-getrf,0,0x5c08570d2ff0
7067,7067,78,612,hip-hipmm-cdls-getrf,0,0x5c08570d2ff0
7068,7068,93,531,hip-hipmm-cdls-getrf,0,0x5c08570d2ff0
7069,7069,36,726,hip-hipmm-cdls-getrf,0,0x5c08570d2ff0
7070,7070,57,456,hip-hipmm-cdls-getrf,0,0x5c08570d2ff0
7071,7071,54,660,hip-hipmm-cdls-getrf,0,0x5c08570d2ff0
7072,7072,48,1023,hip-hipmm-cdls-getrf,0,0x5c08570d2ff0
7073,7073,63,825,hip-hipmm-cdls-getrf,0,0x5c08570d2ff0
7074,7074,87,633,hip-hipmm-cdls-getrf,0,0x5c08570d2ff0
7075,7075,60,525,hip-hipmm-cdls-getrf,0,0x5c08570d2ff0
7076,7076,48,714,hip-hipmm-cdls-getrf,0,0x5c08570d2ff0
7077,7077,111,444,hip-hipmm-cdls-getrf,0,0x5c08570d2ff0
7078,7078,135,507,hip-hipmm-cdls-getrf,0,0x5c08570d2ff0
7079,7079,60,510,hip-hipmm-cdls-getrf,0,0x5c08570d2ff0
7080,7080,63,537,hip-hipmm-cdls-getrf,0,0x5c08570d2ff0
7081,7081,45,657,hip-hipmm-cdls-getrf,0,0x5c08570d2ff0
7082,7082,93,510,hip-hipmm-cdls-getrf,0,0x5c08570d2ff0
7083,7083,126,492,hip-hipmm-cdls-getrf,0,0x5c08570d2ff0
7084,7084,75,609,hip-hipmm-cdls-getrf,0,0x5c08570d2ff0
7085,7085,54,540,hip-hipmm-cdls-getrf,0,0x5c08570d2ff0
7086,7086,69,351,hip-hipmm-cdls-getrf,0,0x5c08570d2ff0
7087,7087,18,156,hip-hipmm-cdls-getrf,0,0x5c08570d2ff0
7088,7088,84,330,hip-hipmm-cdls-getrf,0,0x5c08570d2ff0
7089,7089,75,381,hip-hipmm-cdls-getrf,0,0x5c08570d2ff0
7090,7090,57,243,hip-hipmm-cdls-getrf,0,0x5c08570d2ff0
7091,7091,42,204,hip-hipmm-cdls-getrf,0,0x5c08570d2ff0
7092,7092,48,294,hip-hipmm-cdls-getrf,0,0x5c08570d2ff0
7093,7093,132,558,hip-hipmm-cdls-getrf,0,0x5c08570d2ff0
7094,7094,78,516,hip-hipmm-cdls-getrf,0,0x5c08570d2ff0
7095,7095,93,351,hip-hipmm-cdls-getrf,0,0x5c08570d2ff0
7096,7096,81,471,hip-hipmm-cdls-getrf,0,0x5c08570d2ff0
7097,7097,87,507,hip-hipmm-cdls-getrf,0,0x5c08570d2ff0
7098,7098,69,516,hip-hipmm-cdls-getrf,0,0x5c08570d2ff0
7099,7099,54,690,hip-hipmm-cdls-getrf,0,0x5c08570d2ff0
7100,7100,105,504,hip-hipmm-cdls-getrf,0,0x5c08570d2ff0
7101,7101,66,414,hip-hipmm-cdls-getrf,0,0x5c08570d2ff0
7102,7102,111,621,hip-hipmm-cdls-getrf,0,0x5c08570d2ff0
7103,7103,108,450,hip-hipmm-cdls-getrf,0,0x5c08570d2ff0
7104,7104,87,540,hip-hipmm-cdls-getrf,0,0x5c08570d2ff0
7105,7105,72,654,hip-hipmm-cdls-getrf,0,0x5c08570d2ff0
7106,7106,84,408,hip-hipmm-cdls-getrf,0,0x5c08570d2ff0
7107,7107,45,519,hip-hipmm-cdls-getrf,0,0x5c08570d2ff0
7108,7108,90,477,hip-hipmm-cdls-getrf,0,0x5c08570d2ff0
7109,7109,111,456,hip-hipmm-cdls-getrf,0,0x5c08570d2ff0
7110,7110,75,564,hip-hipmm-cdls-getrf,0,0x5c08570d2ff0
7111,7111,69,618,hip-hipmm-cdls-getrf,0,0x5c08570d2ff0
7112,7112,45,405,hip-hipmm-cdls-getrf,0,0x5c08570d2ff0
7113,7113,66,342,hip-hipmm-cdls-getrf,0,0x5c08570d2ff0
7114,7114,36,123,hip-hipmm-cdls-getrf,0,0x5c08570d2ff0
7115,7115,66,195,hip-hipmm-cdls-getrf,0,0x5c08570d2ff0
7116,7116,108,303,hip-hipmm-cdls-getrf,0,0x5c08570d2ff0
7117,7117,132,516,hip-hipmm-cdls-getrf,0,0x5c08570d2ff0
7118,7118,120,483,hip-hipmm-cdls-getrf,0,0x5c08570d2ff0
7119,7119,48,330,hip-hipmm-cdls-getrf,0,0x5c08570d2ff0
7120,7120,57,246,hip-hipmm-cdls-getrf,0,0x5c08570d2ff0
7121,7121,69,324,hip-hipmm-cdls-getrf,0,0x5c08570d2ff0
7122,7122,48,183,hip-hipmm-cdls-getrf,0,0x5c08570d2ff0
7123,7123,69,363,hip-hipmm-cdls-getrf,0,0x5c08570d2ff0
7124,7124,78,408,hip-hipmm-cdls-getrf,0,0x5c08570d2ff0
7125,7125,30,162,hip-hipmm-cdls-getrf,0,0x5c08570d2ff0
7126,7126,30,171,hip-hipmm-cdls-getrf,0,0x5c08570d2ff0
7127,7127,132,426,hip-hipmm-cdls-getrf,0,0x5c08570d2ff0
7128,7128,78,417,hip-hipmm-cdls-getrf,0,0x5c08570d2ff0
7129,7129,105,387,hip-hipmm-cdls-getrf,0,0x5c08570d2ff0
7130,7130,108,333,hip-hipmm-cdls-getrf,0,0x5c08570d2ff0
7131,7131,102,327,hip-hipmm-cdls-getrf,0,0x5c08570d2ff0
7132,7132,165,390,hip-hipmm-cdls-getrf,0,0x5c08570d2ff0
7133,7133,93,435,hip-hipmm-cdls-getrf,0,0x5c08570d2ff0
7134,7134,108,438,hip-hipmm-cdls-getrf,0,0x5c08570d2ff0
7135,7135,51,435,hip-hipmm-cdls-getrf,0,0x5c08570d2ff0
7136,7136,78,417,hip-hipmm-cdls-getrf,0,0x5c08570d2ff0
7137,7137,24,186,hip-hipmm-cdls-getrf,0,0x5c08570d2ff0
7138,7138,42,180,hip-hipmm-cdls-getrf,0,0x5c08570d2ff0
7139,7139,87,369,hip-hipmm-cdls-getrf,0,0x5c08570d2ff0
7140,7140,57,618,hip-hipmm-cdls-getrf,0,0x5c08570d2ff0
7141,7141,78,564,hip-hipmm-cdls-getrf,0,0x5c08570d2ff0
7142,7142,102,798,hip-hipmm-cdls-getrf,0,0x5c08570d2ff0
7143,7143,57,603,hip-hipmm-cdls-getrf,0,0x5c08570d2ff0
7144,7144,57,393,hip-hipmm-cdls-getrf,0,0x5c08570d2ff0
7145,7145,69,660,hip-hipmm-cdls-getrf,0,0x5c08570d2ff0
7146,7146,120,651,hip-hipmm-cdls-getrf,0,0x5c08570d2ff0
7147,7147,120,453,hip-hipmm-cdls-getrf,0,0x5c08570d2ff0
7148,7148,66,348,hip-hipmm-cdls-getrf,0,0x5c08570d2ff0
7149,7149,96,504,hip-hipmm-cdls-getrf,0,0x5c08570d2ff0
7150,7150,126,528,hip-hipmm-cdls-getrf,0,0x5c08570d2ff0
7151,7151,60,408,hip-hipmm-cdls-getrf,0,0x5c08570d2ff0
7152,7152,57,441,hip-hipmm-cdls-getrf,0,0x5c08570d2ff0
7153,7153,63,672,hip-hipmm-cdls-getrf,0,0x5c08570d2ff0
7154,7154,108,444,hip-hipmm-cdls-getrf,0,0x5c08570d2ff0
7155,7155,120,522,hip-hipmm-cdls-getrf,0,0x5c08570d2ff0
7156,7156,108,582,hip-hipmm-cdls-getrf,0,0x5c08570d2ff0
7157,7157,33,219,hip-hipmm-cdls-getrf,0,0x5c08570d2ff0
7158,7158,111,357,hip-hipmm-cdls-getrf,0,0x5c08570d2ff0
7159,7159,39,375,hip-hipmm-cdls-getrf,0,0x5c08570d2ff0
7160,7160,42,486,hip-hipmm-cdls-getrf,0,0x5c08570d2ff0
7161,7161,93,564,hip-hipmm-cdls-getrf,0,0x5c08570d2ff0
7162,7162,93,402,hip-hipmm-cdls-getrf,0,0x5c08570d2ff0
7163,7163,63,456,hip-hipmm-cdls-getrf,0,0x5c08570d2ff0
7164,7164,135,585,hip-hipmm-cdls-getrf,0,0x5c08570d2ff0
7165,7165,123,531,hip-hipmm-cdls-getrf,0,0x5c08570d2ff0
7166,7166,69,498,hip-hipmm-cdls-getrf,0,0x5c08570d2ff0
7167,7167,87,519,hip-hipmm-cdls-getrf,0,0x5c08570d2ff0
7168,7168,66,393,hip-hipmm-cdls-getrf,0,0x5c08570d2ff0
7169,7169,69,573,hip-hipmm-cdls-getrf,0,0x5c08570d2ff0
7170,7170,45,879,hip-hipmm-cdls-getrf,0,0x5c08570d2ff0
7171,7171,72,558,hip-hipmm-cdls-getrf,0,0x5c08570d2ff0
7172,7172,48,858,hip-hipmm-cdls-getrf,0,0x5c08570d2ff0
7173,7173,111,537,hip-hipmm-cdls-getrf,0,0x5c08570d2ff0
7174,7174,60,630,hip-hipmm-cdls-getrf,0,0x5c08570d2ff0
7175,7175,48,582,hip-hipmm-cdls-getrf,0,0x5c08570d2ff0
7176,7176,96,366,hip-hipmm-cdls-getrf,0,0x5c08570d2ff0
7177,7177,96,582,hip-hipmm-cdls-getrf,0,0x5c08570d2ff0
7178,7178,54,684,hip-hipmm-cdls-getrf,0,0x5c08570d2ff0
7179,7179,66,612,hip-hipmm-cdls-getrf,0,0x5c08570d2ff0
7180,7180,102,552,hip-hipmm-cdls-getrf,0,0x5c08570d2ff0
7181,7181,48,498,hip-hipmm-cdls-getrf,0,0x5c08570d2ff0
7182,7182,48,522,hip-hipmm-cdls-getrf,0,0x5c08570d2ff0
7183,7183,66,591,hip-hipmm-cdls-getrf,0,0x5c08570d2ff0
7184,7184,45,522,hip-hipmm-cdls-getrf,0,0x5c08570d2ff0
7185,7185,69,708,hip-hipmm-cdls-getrf,0,0x5c08570d2ff0
7186,7186,63,693,hip-hipmm-cdls-getrf,0,0x5c08570d2ff0
7187,7187,60,666,hip-hipmm-cdls-getrf,0,0x5c08570d2ff0
7188,7188,87,669,hip-hipmm-cdls-getrf,0,0x5c08570d2ff0
7189,7189,54,516,hip-hipmm-cdls-getrf,0,0x5c08570d2ff0
7190,7190,69,516,hip-hipmm-cdls-getrf,0,0x5c08570d2ff0
7191,7191,93,504,hip-hipmm-cdls-getrf,0,0x5c08570d2ff0
7192,7192,93,378,hip-hipmm-cdls-getrf,0,0x5c08570d2ff0
7193,7193,99,351,hip-hipmm-cdls-getrf,0,0x5c08570d2ff0
7194,7194,57,552,hip-hipmm-cdls-getrf,0,0x5c08570d2ff0
7195,7195,132,600,hip-hipmm-cdls-getrf,0,0x5c08570d2ff0
7196,7196,150,492,hip-hipmm-cdls-getrf,0,0x5c08570d2ff0
7197,7197,105,417,hip-hipmm-cdls-getrf,0,0x5c08570d2ff0
7198,7198,90,381,hip-hipmm-cdls-getrf,0,0x5c08570d2ff0
7199,7199,63,666,hip-hipmm-cdls-getrf,0,0x5c08570d2ff0
7200,7200,93,564,hip-hipmm-cdls-getrf,0,0x5c08570d2ff0
7201,7201,108,549,hip-hipmm-cdls-getrf,0,0x5c08570d2ff0
7202,7202,87,561,hip-hipmm-cdls-getrf,0,0x5c08570d2ff0
7203,7203,48,543,hip-hipmm-cdls-getrf,0,0x5c08570d2ff0
7204,7204,45,378,hip-hipmm-cdls-getrf,0,0x5c08570d2ff0
7205,7205,60,393,hip-hipmm-cdls-getrf,0,0x5c08570d2ff0
7206,7206,105,699,hip-hipmm-cdls-getrf,0,0x5c08570d2ff0
7207,7207,60,600,hip-hipmm-cdls-getrf,0,0x5c08570d2ff0
7208,7208,75,717,hip-hipmm-cdls-getrf,0,0x5c08570d2ff0
7209,7209,93,543,hip-hipmm-cdls-getrf,0,0x5c08570d2ff0
7210,7210,54,570,hip-hipmm-cdls-getrf,0,0x5c08570d2ff0
7211,7211,54,672,hip-hipmm-cdls-getrf,0,0x5c08570d2ff0
7212,7212,87,423,hip-hipmm-cdls-getrf,0,0x5c08570d2ff0
7213,7213,72,462,hip-hipmm-cdls-getrf,0,0x5c08570d2ff0
7214,7214,51,729,hip-hipmm-cdls-getrf,0,0x5c08570d2ff0
7215,7215,57,603,hip-hipmm-cdls-getrf,0,0x5c08570d2ff0
7216,7216,72,726,hip-hipmm-cdls-getrf,0,0x5c08570d2ff0
7217,7217,81,555,hip-hipmm-cdls-getrf,0,0x5c08570d2ff0
7218,7218,72,474,hip-hipmm-cdls-getrf,0,0x5c08570d2ff0
7219,7219,81,603,hip-hipmm-cdls-getrf,0,0x5c08570d2ff0
7220,7220,96,678,hip-hipmm-cdls-getrf,0,0x5c08570d2ff0
7221,7221,129,471,hip-hipmm-cdls-getrf,0,0x5c08570d2ff0
7222,7222,123,348,hip-hipmm-cdls-getrf,0,0x5c08570d2ff0
7223,7223,96,444,hip-hipmm-cdls-getrf,0,0x5c08570d2ff0
7224,7224,84,498,hip-hipmm-cdls-getrf,0,0x5c08570d2ff0
7225,7225,66,636,hip-hipmm-cdls-getrf,0,0x5c08570d2ff0
7226,7226,84,486,hip-hipmm-cdls-getrf,0,0x5c08570d2ff0
7227,7227,135,408,hip-hipmm-cdls-getrf,0,0x5c08570d2ff0
7228,7228,144,504,hip-hipmm-cdls-getrf,0,0x5c08570d2ff0
7229,7229,132,447,hip-hipmm-cdls-getrf,0,0x5c08570d2ff0
7230,7230,33,633,hip-hipmm-cdls-getrf,0,0x5c08570d2ff0
7231,7231,45,864,hip-hipmm-cdls-getrf,0,0x5c08570d2ff0
7232,7232,48,678,hip-hipmm-cdls-getrf,0,0x5c08570d2ff0
7233,7233,72,678,hip-hipmm-cdls-getrf,0,0x5c08570d2ff0
7234,7234,84,522,hip-hipmm-cdls-getrf,0,0x5c08570d2ff0
7235,7235,87,477,hip-hipmm-cdls-getrf,0,0x5c08570d2ff0
7236,7236,111,717,hip-hipmm-cdls-getrf,0,0x5c08570d2ff0
7237,7237,48,606,hip-hipmm-cdls-getrf,0,0x5c08570d2ff0
7238,7238,45,783,hip-hipmm-cdls-getrf,0,0x5c08570d2ff0
7239,7239,87,897,hip-hipmm-cdls-getrf,0,0x5c08570d2ff0
7240,7240,48,726,hip-hipmm-cdls-getrf,0,0x5c08570d2ff0
7241,7241,57,819,hip-hipmm-cdls-getrf,0,0x5c08570d2ff0
7242,7242,96,726,hip-hipmm-cdls-getrf,0,0x5c08570d2ff0
7243,7243,66,780,hip-hipmm-cdls-getrf,0,0x5c08570d2ff0
7244,7244,99,585,hip-hipmm-cdls-getrf,0,0x5c08570d2ff0
7245,7245,66,480,hip-hipmm-cdls-getrf,0,0x5c08570d2ff0
7246,7246,45,639,hip-hipmm-cdls-getrf,0,0x5c08570d2ff0
7247,7247,114,618,hip-hipmm-cdls-getrf,0,0x5c08570d2ff0
7248,7248,69,855,hip-hipmm-cdls-getrf,0,0x5c08570d2ff0
7249,7249,84,606,hip-hipmm-cdls-getrf,0,0x5c08570d2ff0
7250,7250,75,486,hip-hipmm-cdls-getrf,0,0x5c08570d2ff0
7251,7251,48,474,hip-hipmm-cdls-getrf,0,0x5c08570d2ff0
7252,7252,84,540,hip-hipmm-cdls-getrf,0,0x5c08570d2ff0
7253,7253,48,798,hip-hipmm-cdls-getrf,0,0x5c08570d2ff0
7254,7254,93,810,hip-hipmm-cdls-getrf,0,0x5c08570d2ff0
7255,7255,30,780,hip-hipmm-cdls-getrf,0,0x5c08570d2ff0
7256,7256,66,684,hip-hipmm-cdls-getrf,0,0x5c08570d2ff0
7257,7257,57,1131,hip-hipmm-cdls-getrf,0,0x5c08570d2ff0
7258,7258,54,828,hip-hipmm-cdls-getrf,0,0x5c08570d2ff0
7259,7259,48,570,hip-hipmm-cdls-getrf,0,0x5c08570d2ff0
7260,7260,99,621,hip-hipmm-cdls-getrf,0,0x5c08570d2ff0
7261,7261,93,438,hip-hipmm-cdls-getrf,0,0x5c08570d2ff0
7262,7262,114,423,hip-hipmm-cdls-getrf,0,0x5c08570d2ff0
7263,7263,60,354,hip-hipmm-cdls-getrf,0,0x5c08570d2ff0
7264,7264,57,339,hip-hipmm-cdls-getrf,0,0x5c08570d2ff0
7265,7265,102,378,hip-hipmm-cdls-getrf,0,0x5c08570d2ff0
7266,7266,84,510,hip-hipmm-cdls-getrf,0,0x5c08570d2ff0
7267,7267,132,471,hip-hipmm-cdls-getrf,0,0x5c08570d2ff0
7268,7268,57,723,hip-hipmm-cdls-getrf,0,0x5c08570d2ff0
7269,7269,132,516,hip-hipmm-cdls-getrf,0,0x5c08570d2ff0
7270,7270,60,429,hip-hipmm-cdls-getrf,0,0x5c08570d2ff0
7271,7271,63,354,hip-hipmm-cdls-getrf,0,0x5c08570d2ff0
7272,7272,108,573,hip-hipmm-cdls-getrf,0,0x5c08570d2ff0
7273,7273,63,645,hip-hipmm-cdls-getrf,0,0x5c08570d2ff0
7274,7274,54,738,hip-hipmm-cdls-getrf,0,0x5c08570d2ff0
7275,7275,102,654,hip-hipmm-cdls-getrf,0,0x5c08570d2ff0
7276,7276,63,765,hip-hipmm-cdls-getrf,0,0x5c08570d2ff0
7277,7277,57,807,hip-hipmm-cdls-getrf,0,0x5c08570d2ff0
7278,7278,60,666,hip-hipmm-cdls-getrf,0,0x5c08570d2ff0
7279,7279,105,915,hip-hipmm-cdls-getrf,0,0x5c08570d2ff0
7280,7280,54,654,hip-hipmm-cdls-getrf,0,0x5c08570d2ff0
7281,7281,102,711,hip-hipmm-cdls-getrf,0,0x5c08570d2ff0
7282,7282,51,585,hip-hipmm-cdls-getrf,0,0x5c08570d2ff0
7283,7283,87,933,hip-hipmm-cdls-getrf,0,0x5c08570d2ff0
7284,7284,114,1128,hip-hipmm-cdls-getrf,0,0x5c08570d2ff0
7285,7285,72,807,hip-hipmm-cdls-getrf,0,0x5c08570d2ff0
7286,7286,111,1080,hip-hipmm-cdls-getrf,0,0x5c08570d2ff0
7287,7287,102,957,hip-hipmm-cdls-getrf,0,0x5c08570d2ff0
7288,7288,75,729,hip-hipmm-cdls-getrf,0,0x5c08570d2ff0
7289,7289,57,687,hip-hipmm-cdls-getrf,0,0x5c08570d2ff0
7290,7290,72,894,hip-hipmm-cdls-getrf,0,0x5c08570d2ff0
7291,7291,39,720,hip-hipmm-cdls-getrf,0,0x5c08570d2ff0
7292,7292,126,459,hip-hipmm-cdls-getrf,0,0x5c08570d2ff0
7293,7293,99,420,hip-hipmm-cdls-getrf,0,0x5c08570d2ff0
7294,7294,75,441,hip-hipmm-cdls-getrf,0,0x5c08570d2ff0
7295,7295,48,459,hip-hipmm-cdls-getrf,0,0x5c08570d2ff0
7296,7296,102,426,hip-hipmm-cdls-getrf,0,0x5c08570d2ff0
7297,7297,60,714,hip-hipmm-cdls-getrf,0,0x5c08570d2ff0
7298,7298,30,972,hip-hipmm-cdls-getrf,0,0x5c08570d2ff0
7299,7299,72,822,hip-hipmm-cdls-getrf,0,0x5c08570d2ff0
7300,7300,72,714,hip-hipmm-cdls-getrf,0,0x5c08570d2ff0
7301,7301,102,720,hip-hipmm-cdls-getrf,0,0x5c08570d2ff0
7302,7302,48,483,hip-hipmm-cdls-getrf,0,0x5c08570d2ff0
7303,7303,63,243,hip-hipmm-cdls-getrf,0,0x5c08570d2ff0
7304,7304,66,288,hip-hipmm-cdls-getrf,0,0x5c08570d2ff0
7305,7305,123,465,hip-hipmm-cdls-getrf,0,0x5c08570d2ff0
7306,7306,45,624,hip-hipmm-cdls-getrf,0,0x5c08570d2ff0
7307,7307,57,612,hip-hipmm-cdls-getrf,0,0x5c08570d2ff0
7308,7308,66,525,hip-hipmm-cdls-getrf,0,0x5c08570d2ff0
7309,7309,123,624,hip-hipmm-cdls-getrf,0,0x5c08570d2ff0
7310,7310,135,414,hip-hipmm-cdls-getrf,0,0x5c08570d2ff0
7311,7311,42,360,hip-hipmm-cdls-getrf,0,0x5c08570d2ff0
7312,7312,66,357,hip-hipmm-cdls-getrf,0,0x5c08570d2ff0
7313,7313,111,306,hip-hipmm-cdls-getrf,0,0x5c08570d2ff0
7314,7314,120,372,hip-hipmm-cdls-getrf,0,0x5c08570d2ff0
7315,7315,27,438,hip-hipmm-cdls-getrf,0,0x5c08570d2ff0
7316,7316,81,927,hip-hipmm-cdls-getrf,0,0x5c08570d2ff0
7317,7317,84,732,hip-hipmm-cdls-getrf,0,0x5c08570d2ff0
7318,7318,72,717,hip-hipmm-cdls-getrf,0,0x5c08570d2ff0
7319,7319,72,582,hip-hipmm-cdls-getrf,0,0x5c08570d2ff0
7320,7320,111,561,hip-hipmm-cdls-getrf,0,0x5c08570d2ff0
7321,7321,138,522,hip-hipmm-cdls-getrf,0,0x5c08570d2ff0
7322,7322,78,498,hip-hipmm-cdls-getrf,0,0x5c08570d2ff0
7323,7323,123,618,hip-hipmm-cdls-getrf,0,0x5c08570d2ff0
7324,7324,54,633,hip-hipmm-cdls-getrf,0,0x5c08570d2ff0
7325,7325,57,756,hip-hipmm-cdls-getrf,0,0x5c08570d2ff0
7326,7326,87,951,hip-hipmm-cdls-getrf,0,0x5c08570d2ff0
7327,7327,123,630,hip-hipmm-cdls-getrf,0,0x5c08570d2ff0
7328,7328,84,585,hip-hipmm-cdls-getrf,0,0x5c08570d2ff0
7329,7329,45,678,hip-hipmm-cdls-getrf,0,0x5c08570d2ff0
7330,7330,84,501,hip-hipmm-cdls-getrf,0,0x5c08570d2ff0
7331,7331,114,564,hip-hipmm-cdls-getrf,0,0x5c08570d2ff0
7332,7332,60,735,hip-hipmm-cdls-getrf,0,0x5c08570d2ff0
7333,7333,105,600,hip-hipmm-cdls-getrf,0,0x5c08570d2ff0
7334,7334,135,573,hip-hipmm-cdls-getrf,0,0x5c08570d2ff0
7335,7335,102,732,hip-hipmm-cdls-getrf,0,0x5c08570d2ff0
7336,7336,63,522,hip-hipmm-cdls-getrf,0,0x5c08570d2ff0
7337,7337,60,903,hip-hipmm-cdls-getrf,0,0x5c08570d2ff0
7338,7338,72,663,hip-hipmm-cdls-getrf,0,0x5c08570d2ff0
7339,7339,75,1197,hip-hipmm-cdls-getrf,0,0x5c08570d2ff0
7340,7340,45,615,hip-hipmm-cdls-getrf,0,0x5c08570d2ff0
7341,7341,60,411,hip-hipmm-cdls-getrf,0,0x5c08570d2ff0
7342,7342,84,639,hip-hipmm-cdls-getrf,0,0x5c08570d2ff0
7343,7343,54,624,hip-hipmm-cdls-getrf,0,0x5c08570d2ff0
7344,7344,90,570,hip-hipmm-cdls-getrf,0,0x5c08570d2ff0
7345,7345,69,543,hip-hipmm-cdls-getrf,0,0x5c08570d2ff0
7346,7346,132,441,hip-hipmm-cdls-getrf,0,0x5c08570d2ff0
7347,7347,78,519,hip-hipmm-cdls-getrf,0,0x5c08570d2ff0
7348,7348,159,462,hip-hipmm-cdls-getrf,0,0x5c08570d2ff0
7349,7349,102,441,hip-hipmm-cdls-getrf,0,0x5c08570d2ff0
7350,7350,138,441,hip-hipmm-cdls-getrf,0,0x5c08570d2ff0
7351,7351,54,414,hip-hipmm-cdls-getrf,0,0x5c08570d2ff0
7352,7352,69,438,hip-hipmm-cdls-getrf,0,0x5c08570d2ff0
7353,7353,114,324,hip-hipmm-cdls-getrf,0,0x5c08570d2ff0
7354,7354,114,453,hip-hipmm-cdls-getrf,0,0x5c08570d2ff0
7355,7355,144,369,hip-hipmm-cdls-getrf,0,0x5c08570d2ff0
7356,7356,114,399,hip-hipmm-cdls-getrf,0,0x5c08570d2ff0
7357,7357,81,372,hip-hipmm-cdls-getrf,0,0x5c08570d2ff0
7358,7358,78,480,hip-hipmm-cdls-getrf,0,0x5c08570d2ff0
7359,7359,111,393,hip-hipmm-cdls-getrf,0,0x5c08570d2ff0
7360,7360,114,378,hip-hipmm-cdls-getrf,0,0x5c08570d2ff0
7361,7361,132,420,hip-hipmm-cdls-getrf,0,0x5c08570d2ff0
7362,7362,129,474,hip-hipmm-cdls-getrf,0,0x5c08570d2ff0
7363,7363,81,477,hip-hipmm-cdls-getrf,0,0x5c08570d2ff0
7364,7364,99,369,hip-hipmm-cdls-getrf,0,0x5c08570d2ff0
7365,7365,108,369,hip-hipmm-cdls-getrf,0,0x5c08570d2ff0
7366,7366,105,363,hip-hipmm-cdls-getrf,0,0x5c08570d2ff0
7367,7367,99,411,hip-hipmm-cdls-getrf,0,0x5c08570d2ff0
7368,7368,39,132,hip-hipmm-cdls-getrf,0,0x5c08570d2ff0
7369,7369,90,252,hip-hipmm-cdls-getrf,0,0x5c08570d2ff0
7370,7370,84,279,hip-hipmm-cdls-getrf,0,0x5c08570d2ff0
7371,7371,39,138,hip-hipmm-cdls-getrf,0,0x5c08570d2ff0
7372,7372,21,135,hip-hipmm-cdls-getrf,0,0x5c08570d2ff0
7373,7373,78,186,hip-hipmm-cdls-getrf,0,0x5c08570d2ff0
7374,7374,105,627,hip-hipmm-cdls-getrf,0,0x5c08570d2ff0
7375,7375,78,516,hip-hipmm-cdls-getrf,0,0x5c08570d2ff0
7376,7376,123,669,hip-hipmm-cdls-getrf,0,0x5c08570d2ff0
7377,7377,114,510,hip-hipmm-cdls-getrf,0,0x5c08570d2ff0
7378,7378,111,630,hip-hipmm-cdls-getrf,0,0x5c08570d2ff0
7379,7379,54,387,hip-hipmm-cdls-getrf,0,0x5c08570d2ff0
7380,7380,78,555,hip-hipmm-cdls-getrf,0,0x5c08570d2ff0
7381,7381,87,489,hip-hipmm-cdls-getrf,0,0x5c08570d2ff0
7382,7382,63,528,hip-hipmm-cdls-getrf,0,0x5c08570d2ff0
7383,7383,108,537,hip-hipmm-cdls-getrf,0,0x5c08570d2ff0
7384,7384,87,450,hip-hipmm-cdls-getrf,0,0x5c08570d2ff0
7385,7385,60,423,hip-hipmm-cdls-getrf,0,0x5c08570d2ff0
7386,7386,54,420,hip-hipmm-cdls-getrf,0,0x5c08570d2ff0
7387,7387,123,441,hip-hipmm-cdls-getrf,0,0x5c08570d2ff0
7388,7388,87,447,hip-hipmm-cdls-getrf,0,0x5c08570d2ff0
7389,7389,54,624,hip-hipmm-cdls-getrf,0,0x5c08570d2ff0
7390,7390,102,396,hip-hipmm-cdls-getrf,0,0x5c08570d2ff0
7391,7391,123,495,hip-hipmm-cdls-getrf,0,0x5c08570d2ff0
7392,7392,42,462,hip-hipmm-cdls-getrf,0,0x5c08570d2ff0
7393,7393,111,468,hip-hipmm-cdls-getrf,0,0x5c08570d2ff0
7394,7394,75,525,hip-hipmm-cdls-getrf,0,0x5c08570d2ff0
7395,7395,111,522,hip-hipmm-cdls-getrf,0,0x5c08570d2ff0
7396,7396,45,651,hip-hipmm-cdls-getrf,0,0x5c08570d2ff0
7397,7397,48,801,hip-hipmm-cdls-getrf,0,0x5c08570d2ff0
7398,7398,57,525,hip-hipmm-cdls-getrf,0,0x5c08570d2ff0
7399,7399,72,642,hip-hipmm-cdls-getrf,0,0x5c08570d2ff0
7400,7400,45,513,hip-hipmm-cdls-getrf,0,0x5c08570d2ff0
7401,7401,81,459,hip-hipmm-cdls-getrf,0,0x5c08570d2ff0
7402,7402,93,663,hip-hipmm-cdls-getrf,0,0x5c08570d2ff0
7403,7403,42,501,hip-hipmm-cdls-getrf,0,0x5c08570d2ff0
7404,7404,75,426,hip-hipmm-cdls-getrf,0,0x5c08570d2ff0
7405,7405,93,615,hip-hipmm-cdls-getrf,0,0x5c08570d2ff0
7406,7406,45,699,hip-hipmm-cdls-getrf,0,0x5c08570d2ff0
7407,7407,90,552,hip-hipmm-cdls-getrf,0,0x5c08570d2ff0
7408,7408,129,651,hip-hipmm-cdls-getrf,0,0x5c08570d2ff0
7409,7409,48,498,hip-hipmm-cdls-getrf,0,0x5c08570d2ff0
7410,7410,57,255,hip-hipmm-cdls-getrf,0,0x5c08570d2ff0
7411,7411,30,183,hip-hipmm-cdls-getrf,0,0x5c08570d2ff0
7412,7412,30,288,hip-hipmm-cdls-getrf,0,0x5c08570d2ff0
7413,7413,48,459,hip-hipmm-cdls-getrf,0,0x5c08570d2ff0
7414,7414,63,462,hip-hipmm-cdls-getrf,0,0x5c08570d2ff0
7415,7415,90,564,hip-hipmm-cdls-getrf,0,0x5c08570d2ff0
7416,7416,78,609,hip-hipmm-cdls-getrf,0,0x5c08570d2ff0
7417,7417,129,366,hip-hipmm-cdls-getrf,0,0x5c08570d2ff0
7418,7418,96,354,hip-hipmm-cdls-getrf,0,0x5c08570d2ff0
7419,7419,87,477,hip-hipmm-cdls-getrf,0,0x5c08570d2ff0
7420,7420,126,678,hip-hipmm-cdls-getrf,0,0x5c08570d2ff0
7421,7421,60,624,hip-hipmm-cdls-getrf,0,0x5c08570d2ff0
7422,7422,168,498,hip-hipmm-cdls-getrf,0,0x5c08570d2ff0
7423,7423,87,522,hip-hipmm-cdls-getrf,0,0x5c08570d2ff0
7424,7424,132,387,hip-hipmm-cdls-getrf,0,0x5c08570d2ff0
7425,7425,51,399,hip-hipmm-cdls-getrf,0,0x5c08570d2ff0
7426,7426,165,477,hip-hipmm-cdls-getrf,0,0x5c08570d2ff0
7427,7427,51,417,hip-hipmm-cdls-getrf,0,0x5c08570d2ff0
7428,7428,57,576,hip-hipmm-cdls-getrf,0,0x5c08570d2ff0
7429,7429,87,408,hip-hipmm-cdls-getrf,0,0x5c08570d2ff0
7430,7430,96,573,hip-hipmm-cdls-getrf,0,0x5c08570d2ff0
7431,7431,87,453,hip-hipmm-cdls-getrf,0,0x5c08570d2ff0
7432,7432,57,390,hip-hipmm-cdls-getrf,0,0x5c08570d2ff0
7433,7433,72,357,hip-hipmm-cdls-getrf,0,0x5c08570d2ff0
7434,7434,93,432,hip-hipmm-cdls-getrf,0,0x5c08570d2ff0
7435,7435,111,417,hip-hipmm-cdls-getrf,0,0x5c08570d2ff0
7436,7436,105,438,hip-hipmm-cdls-getrf,0,0x5c08570d2ff0
7437,7437,90,552,hip-hipmm-cdls-getrf,0,0x5c08570d2ff0
7438,7438,141,375,hip-hipmm-cdls-getrf,0,0x5c08570d2ff0
7439,7439,84,414,hip-hipmm-cdls-getrf,0,0x5c08570d2ff0
7440,7440,75,375,hip-hipmm-cdls-getrf,0,0x5c08570d2ff0
7441,7441,72,585,hip-hipmm-cdls-getrf,0,0x5c08570d2ff0
7442,7442,42,300,hip-hipmm-cdls-getrf,0,0x5c08570d2ff0
7443,7443,78,336,hip-hipmm-cdls-getrf,0,0x5c08570d2ff0
7444,7444,81,327,hip-hipmm-cdls-getrf,0,0x5c08570d2ff0
7445,7445,84,267,hip-hipmm-cdls-getrf,0,0x5c08570d2ff0
7446,7446,72,462,hip-hipmm-cdls-getrf,0,0x5c08570d2ff0
7447,7447,99,411,hip-hipmm-cdls-getrf,0,0x5c08570d2ff0
7448,7448,84,420,hip-hipmm-cdls-getrf,0,0x5c08570d2ff0
7449,7449,42,396,hip-hipmm-cdls-getrf,0,0x5c08570d2ff0
7450,7450,21,141,hip-hipmm-cdls-getrf,0,0x5c08570d2ff0
7451,7451,27,180,hip-hipmm-cdls-getrf,0,0x5c08570d2ff0
7452,7452,24,186,hip-hipmm-cdls-getrf,0,0x5c08570d2ff0
7453,7453,33,231,hip-hipmm-cdls-getrf,0,0x5c08570d2ff0
7454,7454,63,462,hip-hipmm-cdls-getrf,0,0x5c08570d2ff0
7455,7455,57,342,hip-hipmm-cdls-getrf,0,0x5c08570d2ff0
7456,7456,42,168,hip-hipmm-cdls-getrf,0,0x5c08570d2ff0
7457,7457,33,219,hip-hipmm-cdls-getrf,0,0x5c08570d2ff0
7458,7458,45,168,hip-hipmm-cdls-getrf,0,0x5c08570d2ff0
7459,7459,45,186,hip-hipmm-cdls-getrf,0,0x5c08570d2ff0
7460,7460,108,462,hip-hipmm-cdls-getrf,0,0x5c08570d2ff0
7461,7461,102,252,hip-hipmm-cdls-getrf,0,0x5c08570d2ff0
7462,7462,87,273,hip-hipmm-cdls-getrf,0,0x5c08570d2ff0
7463,7463,72,315,hip-hipmm-cdls-getrf,0,0x5c08570d2ff0
7464,7464,57,255,hip-hipmm-cdls-getrf,0,0x5c08570d2ff0
7465,7465,84,276,hip-hipmm-cdls-getrf,0,0x5c08570d2ff0
7466,7466,132,453,hip-hipmm-cdls-getrf,0,0x5c08570d2ff0
7467,7467,90,318,hip-hipmm-cdls-getrf,0,0x5c08570d2ff0
7468,7468,81,609,hip-hipmm-cdls-getrf,0,0x5c08570d2ff0
7469,7469,126,474,hip-hipmm-cdls-getrf,0,0x5c08570d2ff0
7470,7470,48,306,hip-hipmm-cdls-getrf,0,0x5c08570d2ff0
7471,7471,78,348,hip-hipmm-cdls-getrf,0,0x5c08570d2ff0
7472,7472,129,402,hip-hipmm-cdls-getrf,0,0x5c08570d2ff0
7473,7473,123,432,hip-hipmm-cdls-getrf,0,0x5c08570d2ff0
7474,7474,48,423,hip-hipmm-cdls-getrf,0,0x5c08570d2ff0
7475,7475,144,351,hip-hipmm-cdls-getrf,0,0x5c08570d2ff0
7476,7476,72,318,hip-hipmm-cdls-getrf,0,0x5c08570d2ff0
7477,7477,57,255,hip-hipmm-cdls-getrf,0,0x5c08570d2ff0
7478,7478,45,291,hip-hipmm-cdls-getrf,0,0x5c08570d2ff0
7479,7479,66,270,hip-hipmm-cdls-getrf,0,0x5c08570d2ff0
7480,7480,93,336,hip-hipmm-cdls-getrf,0,0x5c08570d2ff0
7481,7481,120,282,hip-hipmm-cdls-getrf,0,0x5c08570d2ff0
7482,7482,60,570,hip-hipmm-cdls-getrf,0,0x5c08570d2ff0
7483,7483,39,600,hip-hipmm-cdls-getrf,0,0x5c08570d2ff0
7484,7484,129,414,hip-hipmm-cdls-getrf,0,0x5c08570d2ff0
7485,7485,60,684,hip-hipmm-cdls-getrf,0,0x5c08570d2ff0
7486,7486,90,645,hip-hipmm-cdls-getrf,0,0x5c08570d2ff0
7487,7487,96,342,hip-hipmm-cdls-getrf,0,0x5c08570d2ff0
7488,7488,114,333,hip-hipmm-cdls-getrf,0,0x5c08570d2ff0
7489,7489,78,462,hip-hipmm-cdls-getrf,0,0x5c08570d2ff0
7490,7490,81,495,hip-hipmm-cdls-getrf,0,0x5c08570d2ff0
7491,7491,72,693,hip-hipmm-cdls-getrf,0,0x5c08570d2ff0
7492,7492,54,495,hip-hipmm-cdls-getrf,0,0x5c08570d2ff0
7493,7493,96,558,hip-hipmm-cdls-getrf,0,0x5c08570d2ff0
7494,7494,63,321,hip-hipmm-cdls-getrf,0,0x5c08570d2ff0
7495,7495,60,423,hip-hipmm-cdls-getrf,0,0x5c08570d2ff0
7496,7496,93,432,hip-hipmm-cdls-getrf,0,0x5c08570d2ff0
7497,7497,72,378,hip-hipmm-cdls-getrf,0,0x5c08570d2ff0
7498,7498,81,312,hip-hipmm-cdls-getrf,0,0x5c08570d2ff0
7499,7499,84,513,hip-hipmm-cdls-getrf,0,0x5c08570d2ff0
7500,7500,90,510,hip-hipmm-cdls-getrf,0,0x5c08570d2ff0
7501,7501,93,429,hip-hipmm-cdls-getrf,0,0x5c08570d2ff0
7502,7502,51,537,hip-hipmm-cdls-getrf,0,0x5c08570d2ff0
7503,7503,111,588,hip-hipmm-cdls-getrf,0,0x5c08570d2ff0
7504,7504,99,390,hip-hipmm-cdls-getrf,0,0x5c08570d2ff0
7505,7505,111,420,hip-hipmm-cdls-getrf,0,0x5c08570d2ff0
7506,7506,48,525,hip-hipmm-cdls-getrf,0,0x5c08570d2ff0
7507,7507,114,441,hip-hipmm-cdls-getrf,0,0x5c08570d2ff0
7508,7508,54,465,hip-hipmm-cdls-getrf,0,0x5c08570d2ff0
7509,7509,141,456,hip-hipmm-cdls-getrf,0,0x5c08570d2ff0
7510,7510,108,543,hip-hipmm-cdls-getrf,0,0x5c08570d2ff0
7511,7511,66,372,hip-hipmm-cdls-getrf,0,0x5c08570d2ff0
7512,7512,63,456,hip-hipmm-cdls-getrf,0,0x5c08570d2ff0
7513,7513,78,279,hip-hipmm-cdls-getrf,0,0x5c08570d2ff0
7514,7514,33,219,hip-hipmm-cdls-getrf,0,0x5c08570d2ff0
7515,7515,21,159,hip-hipmm-cdls-getrf,0,0x5c08570d2ff0
7516,7516,105,423,hip-hipmm-cdls-getrf,0,0x5c08570d2ff0
7517,7517,60,504,hip-hipmm-cdls-getrf,0,0x5c08570d2ff0
7518,7518,51,597,hip-hipmm-cdls-getrf,0,0x5c08570d2ff0
7519,7519,90,492,hip-hipmm-cdls-getrf,0,0x5c08570d2ff0
7520,7520,66,495,hip-hipmm-cdls-getrf,0,0x5c08570d2ff0
7521,7521,60,663,hip-hipmm-cdls-getrf,0,0x5c08570d2ff0
7522,7522,111,465,hip-hipmm-cdls-getrf,0,0x5c08570d2ff0
7523,7523,99,573,hip-hipmm-cdls-getrf,0,0x5c08570d2ff0
7524,7524,102,516,hip-hipmm-cdls-getrf,0,0x5c08570d2ff0
7525,7525,63,828,hip-hipmm-cdls-getrf,0,0x5c08570d2ff0
7526,7526,66,585,hip-hipmm-cdls-getrf,0,0x5c08570d2ff0
7527,7527,63,540,hip-hipmm-cdls-getrf,0,0x5c08570d2ff0
7528,7528,72,570,hip-hipmm-cdls-getrf,0,0x5c08570d2ff0
7529,7529,75,537,hip-hipmm-cdls-getrf,0,0x5c08570d2ff0
7530,7530,30,906,hip-hipmm-cdls-getrf,0,0x5c08570d2ff0
7531,7531,138,516,hip-hipmm-cdls-getrf,0,0x5c08570d2ff0
7532,7532,75,657,hip-hipmm-cdls-getrf,0,0x5c08570d2ff0
7533,7533,87,645,hip-hipmm-cdls-getrf,0,0x5c08570d2ff0
7534,7534,102,390,hip-hipmm-cdls-getrf,0,0x5c08570d2ff0
7535,7535,81,375,hip-hipmm-cdls-getrf,0,0x5c08570d2ff0
7536,7536,102,456,hip-hipmm-cdls-getrf,0,0x5c08570d2ff0
7537,7537,54,441,hip-hipmm-cdls-getrf,0,0x5c08570d2ff0
7538,7538,162,456,hip-hipmm-cdls-getrf,0,0x5c08570d2ff0
7539,7539,39,453,hip-hipmm-cdls-getrf,0,0x5c08570d2ff0
7540,7540,81,639,hip-hipmm-cdls-getrf,0,0x5c08570d2ff0
7541,7541,99,576,hip-hipmm-cdls-getrf,0,0x5c08570d2ff0
7542,7542,60,258,hip-hipmm-cdls-getrf,0,0x5c08570d2ff0
7543,7543,45,315,hip-hipmm-cdls-getrf,0,0x5c08570d2ff0
7544,7544,60,306,hip-hipmm-cdls-getrf,0,0x5c08570d2ff0
7545,7545,117,549,hip-hipmm-cdls-getrf,0,0x5c08570d2ff0
7546,7546,132,531,hip-hipmm-cdls-getrf,0,0x5c08570d2ff0
7547,7547,129,336,hip-hipmm-cdls-getrf,0,0x5c08570d2ff0
7548,7548,105,477,hip-hipmm-cdls-getrf,0,0x5c08570d2ff0
7549,7549,48,414,hip-hipmm-cdls-getrf,0,0x5c08570d2ff0
7550,7550,84,465,hip-hipmm-cdls-getrf,0,0x5c08570d2ff0
7551,7551,63,327,hip-hipmm-cdls-getrf,0,0x5c08570d2ff0
7552,7552,45,267,hip-hipmm-cdls-getrf,0,0x5c08570d2ff0
7553,7553,39,216,hip-hipmm-cdls-getrf,0,0x5c08570d2ff0
7554,7554,42,162,hip-hipmm-cdls-getrf,0,0x5c08570d2ff0
7555,7555,33,156,hip-hipmm-cdls-getrf,0,0x5c08570d2ff0
7556,7556,183,351,hip-hipmm-cdls-getrf,0,0x5c08570d2ff0
7557,7557,48,249,hip-hipmm-cdls-getrf,0,0x5c08570d2ff0
7558,7558,63,252,hip-hipmm-cdls-getrf,0,0x5c08570d2ff0
7559,7559,99,267,hip-hipmm-cdls-getrf,0,0x5c08570d2ff0
7560,7560,93,327,hip-hipmm-cdls-getrf,0,0x5c08570d2ff0
7561,7561,111,402,hip-hipmm-cdls-getrf,0,0x5c08570d2ff0
7562,7562,135,507,hip-hipmm-cdls-getrf,0,0x5c08570d2ff0
7563,7563,75,444,hip-hipmm-cdls-getrf,0,0x5c08570d2ff0
7564,7564,144,354,hip-hipmm-cdls-getrf,0,0x5c08570d2ff0
7565,7565,75,300,hip-hipmm-cdls-getrf,0,0x5c08570d2ff0
7566,7566,105,315,hip-hipmm-cdls-getrf,0,0x5c08570d2ff0
7567,7567,84,567,hip-hipmm-cdls-getrf,0,0x5c08570d2ff0
7568,7568,57,369,hip-hipmm-cdls-getrf,0,0x5c08570d2ff0
7569,7569,39,171,hip-hipmm-cdls-getrf,0,0x5c08570d2ff0
7570,7570,24,174,hip-hipmm-cdls-getrf,0,0x5c08570d2ff0
7571,7571,93,363,hip-hipmm-cdls-getrf,0,0x5c08570d2ff0
7572,7572,93,366,hip-hipmm-cdls-getrf,0,0x5c08570d2ff0
7573,7573,90,366,hip-hipmm-cdls-getrf,0,0x5c08570d2ff0
7574,7574,69,222,hip-hipmm-cdls-getrf,0,0x5c08570d2ff0
7575,7575,78,372,hip-hipmm-cdls-getrf,0,0x5c08570d2ff0
7576,7576,93,435,hip-hipmm-cdls-getrf,0,0x5c08570d2ff0
7577,7577,81,438,hip-hipmm-cdls-getrf,0,0x5c08570d2ff0
7578,7578,90,291,hip-hipmm-cdls-getrf,0,0x5c08570d2ff0
7579,7579,72,369,hip-hipmm-cdls-getrf,0,0x5c08570d2ff0
7580,7580,24,186,hip-hipmm-cdls-getrf,0,0x5c08570d2ff0
7581,7581,63,300,hip-hipmm-cdls-getrf,0,0x5c08570d2ff0
7582,7582,90,273,hip-hipmm-cdls-getrf,0,0x5c08570d2ff0
7583,7583,102,492,hip-hipmm-cdls-getrf,0,0x5c08570d2ff0
7584,7584,111,432,hip-hipmm-cdls-getrf,0,0x5c08570d2ff0
7585,7585,84,654,hip-hipmm-cdls-getrf,0,0x5c08570d2ff0
7586,7586,75,477,hip-hipmm-cdls-getrf,0,0x5c08570d2ff0
7587,7587,105,474,hip-hipmm-cdls-getrf,0,0x5c08570d2ff0
7588,7588,135,363,hip-hipmm-cdls-getrf,0,0x5c08570d2ff0
7589,7589,66,462,hip-hipmm-cdls-getrf,0,0x5c08570d2ff0
7590,7590,132,465,hip-hipmm-cdls-getrf,0,0x5c08570d2ff0
7591,7591,81,528,hip-hipmm-cdls-getrf,0,0x5c08570d2ff0
7592,7592,66,306,hip-hipmm-cdls-getrf,0,0x5c08570d2ff0
7593,7593,120,417,hip-hipmm-cdls-getrf,0,0x5c08570d2ff0
7594,7594,87,501,hip-hipmm-cdls-getrf,0,0x5c08570d2ff0
7595,7595,75,441,hip-hipmm-cdls-getrf,0,0x5c08570d2ff0
7596,7596,84,252,hip-hipmm-cdls-getrf,0,0x5c08570d2ff0
7597,7597,24,210,hip-hipmm-cdls-getrf,0,0x5c08570d2ff0
7598,7598,111,447,hip-hipmm-cdls-getrf,0,0x5c08570d2ff0
7599,7599,48,198,hip-hipmm-cdls-getrf,0,0x5c08570d2ff0
7600,7600,96,432,hip-hipmm-cdls-getrf,0,0x5c08570d2ff0
7601,7601,90,354,hip-hipmm-cdls-getrf,0,0x5c08570d2ff0
7602,7602,93,423,hip-hipmm-cdls-getrf,0,0x5c08570d2ff0
7603,7603,81,549,hip-hipmm-cdls-getrf,0,0x5c08570d2ff0
7604,7604,84,462,hip-hipmm-cdls-getrf,0,0x5c08570d2ff0
7605,7605,99,582,hip-hipmm-cdls-getrf,0,0x5c08570d2ff0
7606,7606,96,633,hip-hipmm-cdls-getrf,0,0x5c08570d2ff0
7607,7607,141,468,hip-hipmm-cdls-getrf,0,0x5c08570d2ff0
7608,7608,66,504,hip-hipmm-cdls-getrf,0,0x5c08570d2ff0
7609,7609,108,480,hip-hipmm-cdls-getrf,0,0x5c08570d2ff0
7610,7610,147,441,hip-hipmm-cdls-getrf,0,0x5c08570d2ff0
7611,7611,42,483,hip-hipmm-cdls-getrf,0,0x5c08570d2ff0
7612,7612,111,498,hip-hipmm-cdls-getrf,0,0x5c08570d2ff0
7613,7613,99,498,hip-hipmm-cdls-getrf,0,0x5c08570d2ff0
7614,7614,78,495,hip-hipmm-cdls-getrf,0,0x5c08570d2ff0
7615,7615,117,363,hip-hipmm-cdls-getrf,0,0x5c08570d2ff0
7616,7616,75,333,hip-hipmm-cdls-getrf,0,0x5c08570d2ff0
7617,7617,60,228,hip-hipmm-cdls-getrf,0,0x5c08570d2ff0
7618,7618,30,201,hip-hipmm-cdls-getrf,0,0x5c08570d2ff0
7619,7619,21,171,hip-hipmm-cdls-getrf,0,0x5c08570d2ff0
7620,7620,78,348,hip-hipmm-cdls-getrf,0,0x5c08570d2ff0
7621,7621,84,426,hip-hipmm-cdls-getrf,0,0x5c08570d2ff0
7622,7622,42,336,hip-hipmm-cdls-getrf,0,0x5c08570d2ff0
7623,7623,96,369,hip-hipmm-cdls-getrf,0,0x5c08570d2ff0
7624,7624,81,477,hip-hipmm-cdls-getrf,0,0x5c08570d2ff0
7625,7625,138,432,hip-hipmm-cdls-getrf,0,0x5c08570d2ff0
7626,7626,57,228,hip-hipmm-cdls-getrf,0,0x5c08570d2ff0
7627,7627,57,222,hip-hipmm-cdls-getrf,0,0x5c08570d2ff0
7628,7628,120,345,hip-hipmm-cdls-getrf,0,0x5c08570d2ff0
7629,7629,54,420,hip-hipmm-cdls-getrf,0,0x5c08570d2ff0
7630,7630,120,492,hip-hipmm-cdls-getrf,0,0x5c08570d2ff0
7631,7631,60,414,hip-hipmm-cdls-getrf,0,0x5c08570d2ff0
7632,7632,63,618,hip-hipmm-cdls-getrf,0,0x5c08570d2ff0
7633,7633,129,519,hip-hipmm-cdls-getrf,0,0x5c08570d2ff0
7634,7634,108,510,hip-hipmm-cdls-getrf,0,0x5c08570d2ff0
7635,7635,81,459,hip-hipmm-cdls-getrf,0,0x5c08570d2ff0
7636,7636,84,654,hip-hipmm-cdls-getrf,0,0x5c08570d2ff0
7637,7637,33,219,hip-hipmm-cdls-getrf,0,0x5c08570d2ff0
7638,7638,60,306,hip-hipmm-cdls-getrf,0,0x5c08570d2ff0
7639,7639,171,411,hip-hipmm-cdls-getrf,0,0x5c08570d2ff0
7640,7640,105,336,hip-hipmm-cdls-getrf,0,0x5c08570d2ff0
7641,7641,87,270,hip-hipmm-cdls-getrf,0,0x5c08570d2ff0
7642,7642,81,339,hip-hipmm-cdls-getrf,0,0x5c08570d2ff0
7643,7643,84,378,hip-hipmm-cdls-getrf,0,0x5c08570d2ff0
7644,7644,132,387,hip-hipmm-cdls-getrf,0,0x5c08570d2ff0
7645,7645,138,498,hip-hipmm-cdls-getrf,0,0x5c08570d2ff0
7646,7646,81,549,hip-hipmm-cdls-getrf,0,0x5c08570d2ff0
7647,7647,63,297,hip-hipmm-cdls-getrf,0,0x5c08570d2ff0
7648,7648,57,237,hip-hipmm-cdls-getrf,0,0x5c08570d2ff0
7649,7649,84,336,hip-hipmm-cdls-getrf,0,0x5c08570d2ff0
7650,7650,33,126,hip-hipmm-cdls-getrf,0,0x5c08570d2ff0
7651,7651,27,153,hip-hipmm-cdls-getrf,0,0x5c08570d2ff0
7652,7652,117,543,hip-hipmm-cdls-getrf,0,0x5c08570d2ff0
7653,7653,171,402,hip-hipmm-cdls-getrf,0,0x5c08570d2ff0
7654,7654,120,414,hip-hipmm-cdls-getrf,0,0x5c08570d2ff0
7655,7655,102,468,hip-hipmm-cdls-getrf,0,0x5c08570d2ff0
7656,7656,63,492,hip-hipmm-cdls-getrf,0,0x5c08570d2ff0
7657,7657,54,480,hip-hipmm-cdls-getrf,0,0x5c08570d2ff0
7658,7658,72,645,hip-hipmm-cdls-getrf,0,0x5c08570d2ff0
7659,7659,111,492,hip-hipmm-cdls-getrf,0,0x5c08570d2ff0
7660,7660,51,771,hip-hipmm-cdls-getrf,0,0x5c08570d2ff0
7661,7661,111,534,hip-hipmm-cdls-getrf,0,0x5c08570d2ff0
7662,7662,75,327,hip-hipmm-cdls-getrf,0,0x5c08570d2ff0
7663,7663,87,420,hip-hipmm-cdls-getrf,0,0x5c08570d2ff0
7664,7664,117,435,hip-hipmm-cdls-getrf,0,0x5c08570d2ff0
7665,7665,93,453,hip-hipmm-cdls-getrf,0,0x5c08570d2ff0
7666,7666,69,519,hip-hipmm-cdls-getrf,0,0x5c08570d2ff0
7667,7667,96,513,hip-hipmm-cdls-getrf,0,0x5c08570d2ff0
7668,7668,45,561,hip-hipmm-cdls-getrf,0,0x5c08570d2ff0
7669,7669,93,519,hip-hipmm-cdls-getrf,0,0x5c08570d2ff0
7670,7670,57,561,hip-hipmm-cdls-getrf,0,0x5c08570d2ff0
7671,7671,63,681,hip-hipmm-cdls-getrf,0,0x5c08570d2ff0
7672,7672,78,459,hip-hipmm-cdls-getrf,0,0x5c08570d2ff0
7673,7673,93,651,hip-hipmm-cdls-getrf,0,0x5c08570d2ff0
7674,7674,54,438,hip-hipmm-cdls-getrf,0,0x5c08570d2ff0
7675,7675,120,543,hip-hipmm-cdls-getrf,0,0x5c08570d2ff0
7676,7676,75,441,hip-hipmm-cdls-getrf,0,0x5c08570d2ff0
7677,7677,60,474,hip-hipmm-cdls-getrf,0,0x5c08570d2ff0
7678,7678,93,531,hip-hipmm-cdls-getrf,0,0x5c08570d2ff0
7679,7679,117,426,hip-hipmm-cdls-getrf,0,0x5c08570d2ff0
7680,7680,90,732,hip-hipmm-cdls-getrf,0,0x5c08570d2ff0
7681,7681,111,582,hip-hipmm-cdls-getrf,0,0x5c08570d2ff0
7682,7682,84,429,hip-hipmm-cdls-getrf,0,0x5c08570d2ff0
7683,7683,39,684,hip-hipmm-cdls-getrf,0,0x5c08570d2ff0
7684,7684,105,798,hip-hipmm-cdls-getrf,0,0x5c08570d2ff0
7685,7685,66,543,hip-hipmm-cdls-getrf,0,0x5c08570d2ff0
7686,7686,33,642,hip-hipmm-cdls-getrf,0,0x5c08570d2ff0
7687,7687,90,789,hip-hipmm-cdls-getrf,0,0x5c08570d2ff0
7688,7688,84,501,hip-hipmm-cdls-getrf,0,0x5c08570d2ff0
7689,7689,126,396,hip-hipmm-cdls-getrf,0,0x5c08570d2ff0
7690,7690,114,648,hip-hipmm-cdls-getrf,0,0x5c08570d2ff0
7691,7691,81,591,hip-hipmm-cdls-getrf,0,0x5c08570d2ff0
7692,7692,24,198,hip-hipmm-cdls-getrf,0,0x5c08570d2ff0
7693,7693,57,339,hip-hipmm-cdls-getrf,0,0x5c08570d2ff0
7694,7694,21,171,hip-hipmm-cdls-getrf,0,0x5c08570d2ff0
7695,7695,72,378,hip-hipmm-cdls-getrf,0,0x5c08570d2ff0
7696,7696,27,201,hip-hipmm-cdls-getrf,0,0x5c08570d2ff0
7697,7697,15,141,hip-hipmm-cdls-getrf,0,0x5c08570d2ff0
7698,7698,60,390,hip-hipmm-cdls-getrf,0,0x5c08570d2ff0
7699,7699,18,156,hip-hipmm-cdls-getrf,0,0x5c08570d2ff0
7700,7700,39,153,hip-hipmm-cdls-getrf,0,0x5c08570d2ff0
7701,7701,36,219,hip-hipmm-cdls-getrf,0,0x5c08570d2ff0
7702,7702,45,225,hip-hipmm-cdls-getrf,0,0x5c08570d2ff0
7703,7703,42,204,hip-hipmm-cdls-getrf,0,0x5c08570d2ff0
7704,7704,72,330,hip-hipmm-cdls-getrf,0,0x5c08570d2ff0
7705,7705,60,294,hip-hipmm-cdls-getrf,0,0x5c08570d2ff0
7706,7706,54,240,hip-hipmm-cdls-getrf,0,0x5c08570d2ff0
7707,7707,60,270,hip-hipmm-cdls-getrf,0,0x5c08570d2ff0
7708,7708,153,420,hip-hipmm-cdls-getrf,0,0x5c08570d2ff0
7709,7709,90,324,hip-hipmm-cdls-getrf,0,0x5c08570d2ff0
7710,7710,99,459,hip-hipmm-cdls-getrf,0,0x5c08570d2ff0
7711,7711,63,645,hip-hipmm-cdls-getrf,0,0x5c08570d2ff0
7712,7712,75,417,hip-hipmm-cdls-getrf,0,0x5c08570d2ff0
7713,7713,42,672,hip-hipmm-cdls-getrf,0,0x5c08570d2ff0
7714,7714,57,579,hip-hipmm-cdls-getrf,0,0x5c08570d2ff0
7715,7715,105,447,hip-hipmm-cdls-getrf,0,0x5c08570d2ff0
7716,7716,87,561,hip-hipmm-cdls-getrf,0,0x5c08570d2ff0
7717,7717,96,510,hip-hipmm-cdls-getrf,0,0x5c08570d2ff0
7718,7718,60,489,hip-hipmm-cdls-getrf,0,0x5c08570d2ff0
7719,7719,78,423,hip-hipmm-cdls-getrf,0,0x5c08570d2ff0
7720,7720,33,168,hip-hipmm-cdls-getrf,0,0x5c08570d2ff0
7721,7721,78,552,hip-hipmm-cdls-getrf,0,0x5c08570d2ff0
7722,7722,57,240,hip-hipmm-cdls-getrf,0,0x5c08570d2ff0
7723,7723,93,699,hip-hipmm-cdls-getrf,0,0x5c08570d2ff0
7724,7724,96,570,hip-hipmm-cdls-getrf,0,0x5c08570d2ff0
7725,7725,63,573,hip-hipmm-cdls-getrf,0,0x5c08570d2ff0
7726,7726,81,639,hip-hipmm-cdls-getrf,0,0x5c08570d2ff0
7727,7727,84,366,hip-hipmm-cdls-getrf,0,0x5c08570d2ff0
7728,7728,33,267,hip-hipmm-cdls-getrf,0,0x5c08570d2ff0
7729,7729,54,240,hip-hipmm-cdls-getrf,0,0x5c08570d2ff0
7730,7730,105,387,hip-hipmm-cdls-getrf,0,0x5c08570d2ff0
7731,7731,33,135,hip-hipmm-cdls-getrf,0,0x5c08570d2ff0
7732,7732,57,519,hip-hipmm-cdls-getrf,0,0x5c08570d2ff0
7733,7733,75,447,hip-hipmm-cdls-getrf,0,0x5c08570d2ff0
7734,7734,102,474,hip-hipmm-cdls-getrf,0,0x5c08570d2ff0
7735,7735,66,489,hip-hipmm-cdls-getrf,0,0x5c08570d2ff0
7736,7736,69,699,hip-hipmm-cdls-getrf,0,0x5c08570d2ff0
7737,7737,66,657,hip-hipmm-cdls-getrf,0,0x5c08570d2ff0
7738,7738,69,450,hip-hipmm-cdls-getrf,0,0x5c08570d2ff0
7739,7739,69,543,hip-hipmm-cdls-getrf,0,0x5c08570d2ff0
7740,7740,96,411,hip-hipmm-cdls-getrf,0,0x5c08570d2ff0
7741,7741,45,519,hip-hipmm-cdls-getrf,0,0x5c08570d2ff0
7742,7742,24,186,hip-hipmm-cdls-getrf,0,0x5c08570d2ff0
7743,7743,63,273,hip-hipmm-cdls-getrf,0,0x5c08570d2ff0
7744,7744,93,459,hip-hipmm-cdls-getrf,0,0x5c08570d2ff0
7745,7745,75,489,hip-hipmm-cdls-getrf,0,0x5c08570d2ff0
7746,7746,132,354,hip-hipmm-cdls-getrf,0,0x5c08570d2ff0
7747,7747,48,465,hip-hipmm-cdls-getrf,0,0x5c08570d2ff0
7748,7748,57,591,hip-hipmm-cdls-getrf,0,0x5c08570d2ff0
7749,7749,63,522,hip-hipmm-cdls-getrf,0,0x5c08570d2ff0
7750,7750,57,519,hip-hipmm-cdls-getrf,0,0x5c08570d2ff0
7751,7751,75,435,hip-hipmm-cdls-getrf,0,0x5c08570d2ff0
7752,7752,99,441,hip-hipmm-cdls-getrf,0,0x5c08570d2ff0
7753,7753,84,414,hip-hipmm-cdls-getrf,0,0x5c08570d2ff0
7754,7754,84,498,hip-hipmm-cdls-getrf,0,0x5c08570d2ff0
7755,7755,81,597,hip-hipmm-cdls-getrf,0,0x5c08570d2ff0
7756,7756,84,489,hip-hipmm-cdls-getrf,0,0x5c08570d2ff0
7757,7757,111,507,hip-hipmm-cdls-getrf,0,0x5c08570d2ff0
7758,7758,66,735,hip-hipmm-cdls-getrf,0,0x5c08570d2ff0
7759,7759,75,996,hip-hipmm-cdls-getrf,0,0x5c08570d2ff0
7760,7760,27,624,hip-hipmm-cdls-getrf,0,0x5c08570d2ff0
7761,7761,60,558,hip-hipmm-cdls-getrf,0,0x5c08570d2ff0
7762,7762,33,231,hip-hipmm-cdls-getrf,0,0x5c08570d2ff0
7763,7763,105,429,hip-hipmm-cdls-getrf,0,0x5c08570d2ff0
7764,7764,99,357,hip-hipmm-cdls-getrf,0,0x5c08570d2ff0
7765,7765,111,510,hip-hipmm-cdls-getrf,0,0x5c08570d2ff0
7766,7766,75,330,hip-hipmm-cdls-getrf,0,0x5c08570d2ff0
7767,7767,69,315,hip-hipmm-cdls-getrf,0,0x5c08570d2ff0
7768,7768,39,273,hip-hipmm-cdls-getrf,0,0x5c08570d2ff0
7769,7769,60,270,hip-hipmm-cdls-getrf,0,0x5c08570d2ff0
7770,7770,27,294,hip-hipmm-cdls-getrf,0,0x5c08570d2ff0
7771,7771,108,462,hip-hipmm-cdls-getrf,0,0x5c08570d2ff0
7772,7772,81,327,hip-hipmm-cdls-getrf,0,0x5c08570d2ff0
7773,7773,27,213,hip-hipmm-cdls-getrf,0,0x5c08570d2ff0
7774,7774,108,378,hip-hipmm-cdls-getrf,0,0x5c08570d2ff0
7775,7775,57,267,hip-hipmm-cdls-getrf,0,0x5c08570d2ff0
7776,7776,93,399,hip-hipmm-cdls-getrf,0,0x5c08570d2ff0
7777,7777,51,657,hip-hipmm-cdls-getrf,0,0x5c08570d2ff0
7778,7778,51,249,hip-hipmm-cdls-getrf,0,0x5c08570d2ff0
7779,7779,24,198,hip-hipmm-cdls-getrf,0,0x5c08570d2ff0
7780,7780,39,189,hip-hipmm-cdls-getrf,0,0x5c08570d2ff0
7781,7781,78,444,hip-hipmm-cdls-getrf,0,0x5c08570d2ff0
7782,7782,33,684,hip-hipmm-cdls-getrf,0,0x5c08570d2ff0
7783,7783,132,483,hip-hipmm-cdls-getrf,0,0x5c08570d2ff0
7784,7784,81,507,hip-hipmm-cdls-getrf,0,0x5c08570d2ff0
7785,7785,150,516,hip-hipmm-cdls-getrf,0,0x5c08570d2ff0
7786,7786,84,627,hip-hipmm-cdls-getrf,0,0x5c08570d2ff0
7787,7787,81,561,hip-hipmm-cdls-getrf,0,0x5c08570d2ff0
7788,7788,114,420,hip-hipmm-cdls-getrf,0,0x5c08570d2ff0
7789,7789,75,567,hip-hipmm-cdls-getrf,0,0x5c08570d2ff0
7790,7790,66,384,hip-hipmm-cdls-getrf,0,0x5c08570d2ff0
7791,7791,54,564,hip-hipmm-cdls-getrf,0,0x5c08570d2ff0
7792,7792,27,213,hip-hipmm-cdls-getrf,0,0x5c08570d2ff0
7793,7793,72,396,hip-hipmm-cdls-getrf,0,0x5c08570d2ff0
7794,7794,60,270,hip-hipmm-cdls-getrf,0,0x5c08570d2ff0
7795,7795,75,621,hip-hipmm-cdls-getrf,0,0x5c08570d2ff0
7796,7796,132,582,hip-hipmm-cdls-getrf,0,0x5c08570d2ff0
7797,7797,99,585,hip-hipmm-cdls-getrf,0,0x5c08570d2ff0
7798,7798,69,591,hip-hipmm-cdls-getrf,0,0x5c08570d2ff0
7799,7799,84,486,hip-hipmm-cdls-getrf,0,0x5c08570d2ff0
7800,7800,30,357,hip-hipmm-cdls-getrf,0,0x5c08570d2ff0
7801,7801,90,348,hip-hipmm-cdls-getrf,0,0x5c08570d2ff0
7802,7802,60,498,hip-hipmm-cdls-getrf,0,0x5c08570d2ff0
7803,7803,81,594,hip-hipmm-cdls-getrf,0,0x5c08570d2ff0
7804,7804,57,633,hip-hipmm-cdls-getrf,0,0x5c08570d2ff0
7805,7805,93,462,hip-hipmm-cdls-getrf,0,0x5c08570d2ff0
7806,7806,72,522,hip-hipmm-cdls-getrf,0,0x5c08570d2ff0
7807,7807,42,648,hip-hipmm-cdls-getrf,0,0x5c08570d2ff0
7808,7808,66,411,hip-hipmm-cdls-getrf,0,0x5c08570d2ff0
7809,7809,96,798,hip-hipmm-cdls-getrf,0,0x5c08570d2ff0
7810,7810,99,498,hip-hipmm-cdls-getrf,0,0x5c08570d2ff0
7811,7811,141,486,hip-hipmm-cdls-getrf,0,0x5c08570d2ff0
7812,7812,93,528,hip-hipmm-cdls-getrf,0,0x5c08570d2ff0
7813,7813,48,510,hip-hipmm-cdls-getrf,0,0x5c08570d2ff0
7814,7814,87,552,hip-hipmm-cdls-getrf,0,0x5c08570d2ff0
7815,7815,48,315,hip-hipmm-cdls-getrf,0,0x5c08570d2ff0
7816,7816,81,567,hip-hipmm-cdls-getrf,0,0x5c08570d2ff0
7817,7817,39,261,hip-hipmm-cdls-getrf,0,0x5c08570d2ff0
7818,7818,81,504,hip-hipmm-cdls-getrf,0,0x5c08570d2ff0
7819,7819,45,144,hip-hipmm-cdls-getrf,0,0x5c08570d2ff0
7820,7820,105,324,hip-hipmm-cdls-getrf,0,0x5c08570d2ff0
7821,7821,84,228,hip-hipmm-cdls-getrf,0,0x5c08570d2ff0
7822,7822,108,501,hip-hipmm-cdls-getrf,0,0x5c08570d2ff0
7823,7823,117,333,hip-hipmm-cdls-getrf,0,0x5c08570d2ff0
7824,7824,111,549,hip-hipmm-cdls-getrf,0,0x5c08570d2ff0
7825,7825,84,474,hip-hipmm-cdls-getrf,0,0x5c08570d2ff0
7826,7826,51,225,hip-hipmm-cdls-getrf,0,0x5c08570d2ff0
7827,7827,42,288,hip-hipmm-cdls-getrf,0,0x5c08570d2ff0
7828,7828,111,390,hip-hipmm-cdls-getrf,0,0x5c08570d2ff0
7829,7829,120,441,hip-hipmm-cdls-getrf,0,0x5c08570d2ff0
7830,7830,51,273,hip-hipmm-cdls-getrf,0,0x5c08570d2ff0
7831,7831,117,390,hip-hipmm-cdls-getrf,0,0x5c08570d2ff0
7832,7832,21,144,hip-hipmm-cdls-getrf,0,0x5c08570d2ff0
7833,7833,84,276,hip-hipmm-cdls-getrf,0,0x5c08570d2ff0
7834,7834,99,537,hip-hipmm-cdls-getrf,0,0x5c08570d2ff0
7835,7835,69,507,hip-hipmm-cdls-getrf,0,0x5c08570d2ff0
7836,7836,69,651,hip-hipmm-cdls-getrf,0,0x5c08570d2ff0
7837,7837,42,768,hip-hipmm-cdls-getrf,0,0x5c08570d2ff0
7838,7838,84,588,hip-hipmm-cdls-getrf,0,0x5c08570d2ff0
7839,7839,45,498,hip-hipmm-cdls-getrf,0,0x5c08570d2ff0
7840,7840,87,573,hip-hipmm-cdls-getrf,0,0x5c08570d2ff0
7841,7841,108,327,hip-hipmm-cdls-getrf,0,0x5c08570d2ff0
7842,7842,84,597,hip-hipmm-cdls-getrf,0,0x5c08570d2ff0
7843,7843,78,624,hip-hipmm-cdls-getrf,0,0x5c08570d2ff0
7844,7844,108,591,hip-hipmm-cdls-getrf,0,0x5c08570d2ff0
7845,7845,72,414,hip-hipmm-cdls-getrf,0,0x5c08570d2ff0
7846,7846,129,498,hip-hipmm-cdls-getrf,0,0x5c08570d2ff0
7847,7847,84,417,hip-hipmm-cdls-getrf,0,0x5c08570d2ff0
7848,7848,84,342,hip-hipmm-cdls-getrf,0,0x5c08570d2ff0
7849,7849,81,381,hip-hipmm-cdls-getrf,0,0x5c08570d2ff0
7850,7850,111,381,hip-hipmm-cdls-getrf,0,0x5c08570d2ff0
7851,7851,114,369,hip-hipmm-cdls-getrf,0,0x5c08570d2ff0
7852,7852,75,303,hip-hipmm-cdls-getrf,0,0x5c08570d2ff0
7853,7853,102,390,hip-hipmm-cdls-getrf,0,0x5c08570d2ff0
7854,7854,93,444,hip-hipmm-cdls-getrf,0,0x5c08570d2ff0
7855,7855,108,585,hip-hipmm-cdls-getrf,0,0x5c08570d2ff0
7856,7856,60,456,hip-hipmm-cdls-getrf,0,0x5c08570d2ff0
7857,7857,93,549,hip-hipmm-cdls-getrf,0,0x5c08570d2ff0
7858,7858,72,354,hip-hipmm-cdls-getrf,0,0x5c08570d2ff0
7859,7859,90,516,hip-hipmm-cdls-getrf,0,0x5c08570d2ff0
7860,7860,120,567,hip-hipmm-cdls-getrf,0,0x5c08570d2ff0
7861,7861,48,726,hip-hipmm-cdls-getrf,0,0x5c08570d2ff0
7862,7862,51,606,hip-hipmm-cdls-getrf,0,0x5c08570d2ff0
7863,7863,63,504,hip-hipmm-cdls-getrf,0,0x5c08570d2ff0
7864,7864,105,546,hip-hipmm-cdls-getrf,0,0x5c08570d2ff0
7865,7865,48,585,hip-hipmm-cdls-getrf,0,0x5c08570d2ff0
7866,7866,45,660,hip-hipmm-cdls-getrf,0,0x5c08570d2ff0
7867,7867,69,540,hip-hipmm-cdls-getrf,0,0x5c08570d2ff0
7868,7868,87,609,hip-hipmm-cdls-getrf,0,0x5c08570d2ff0
7869,7869,84,996,hip-hipmm-cdls-getrf,0,0x5c08570d2ff0
7870,7870,72,879,hip-hipmm-cdls-getrf,0,0x5c08570d2ff0
7871,7871,81,891,hip-hipmm-cdls-getrf,0,0x5c08570d2ff0
7872,7872,69,738,hip-hipmm-cdls-getrf,0,0x5c08570d2ff0
7873,7873,78,837,hip-hipmm-cdls-getrf,0,0x5c08570d2ff0
7874,7874,84,1002,hip-hipmm-cdls-getrf,0,0x5c08570d2ff0
7875,7875,93,1365,hip-hipmm-cdls-getrf,0,0x5c08570d2ff0
7876,7876,96,609,hip-hipmm-cdls-getrf,0,0x5c08570d2ff0
7877,7877,78,879,hip-hipmm-cdls-getrf,0,0x5c08570d2ff0
7878,7878,63,765,hip-hipmm-cdls-getrf,0,0x5c08570d2ff0
7879,7879,90,1092,hip-hipmm-cdls-getrf,0,0x5c08570d2ff0
7880,7880,42,555,hip-hipmm-cdls-getrf,0,0x5c08570d2ff0
7881,7881,84,690,hip-hipmm-cdls-getrf,0,0x5c08570d2ff0
7882,7882,87,573,hip-hipmm-cdls-getrf,0,0x5c08570d2ff0
7883,7883,96,492,hip-hipmm-cdls-getrf,0,0x5c08570d2ff0
7884,7884,57,951,hip-hipmm-cdls-getrf,0,0x5c08570d2ff0
7885,7885,93,891,hip-hipmm-cdls-getrf,0,0x5c08570d2ff0
7886,7886,66,756,hip-hipmm-cdls-getrf,0,0x5c08570d2ff0
7887,7887,90,1044,hip-hipmm-cdls-getrf,0,0x5c08570d2ff0
7888,7888,57,543,hip-hipmm-cdls-getrf,0,0x5c08570d2ff0
7889,7889,45,504,hip-hipmm-cdls-getrf,0,0x5c08570d2ff0
7890,7890,105,627,hip-hipmm-cdls-getrf,0,0x5c08570d2ff0
7891,7891,57,747,hip-hipmm-cdls-getrf,0,0x5c08570d2ff0
7892,7892,69,354,hip-hipmm-cdls-getrf,0,0x5c08570d2ff0
7893,7893,72,507,hip-hipmm-cdls-getrf,0,0x5c08570d2ff0
7894,7894,111,414,hip-hipmm-cdls-getrf,0,0x5c08570d2ff0
7895,7895,63,849,hip-hipmm-cdls-getrf,0,0x5c08570d2ff0
7896,7896,90,492,hip-hipmm-cdls-getrf,0,0x5c08570d2ff0
7897,7897,69,387,hip-hipmm-cdls-getrf,0,0x5c08570d2ff0
7898,7898,63,753,hip-hipmm-cdls-getrf,0,0x5c08570d2ff0
7899,7899,87,588,hip-hipmm-cdls-getrf,0,0x5c08570d2ff0
7900,7900,60,846,hip-hipmm-cdls-getrf,0,0x5c08570d2ff0
7901,7901,60,786,hip-hipmm-cdls-getrf,0,0x5c08570d2ff0
7902,7902,48,774,hip-hipmm-cdls-getrf,0,0x5c08570d2ff0
7903,7903,72,810,hip-hipmm-cdls-getrf,0,0x5c08570d2ff0
7904,7904,42,480,hip-hipmm-cdls-getrf,0,0x5c08570d2ff0
7905,7905,57,759,hip-hipmm-cdls-getrf,0,0x5c08570d2ff0
7906,7906,138,588,hip-hipmm-cdls-getrf,0,0x5c08570d2ff0
7907,7907,84,498,hip-hipmm-cdls-getrf,0,0x5c08570d2ff0
7908,7908,114,345,hip-hipmm-cdls-getrf,0,0x5c08570d2ff0
7909,7909,75,693,hip-hipmm-cdls-getrf,0,0x5c08570d2ff0
7910,7910,102,384,hip-hipmm-cdls-getrf,0,0x5c08570d2ff0
7911,7911,54,702,hip-hipmm-cdls-getrf,0,0x5c08570d2ff0
7912,7912,117,552,hip-hipmm-cdls-getrf,0,0x5c08570d2ff0
7913,7913,84,354,hip-hipmm-cdls-getrf,0,0x5c08570d2ff0
7914,7914,45,450,hip-hipmm-cdls-getrf,0,0x5c08570d2ff0
7915,7915,93,543,hip-hipmm-cdls-getrf,0,0x5c08570d2ff0
7916,7916,108,510,hip-hipmm-cdls-getrf,0,0x5c08570d2ff0
7917,7917,72,594,hip-hipmm-cdls-getrf,0,0x5c08570d2ff0
7918,7918,57,222,hip-hipmm-cdls-getrf,0,0x5c08570d2ff0
7919,7919,72,285,hip-hipmm-cdls-getrf,0,0x5c08570d2ff0
7920,7920,123,351,hip-hipmm-cdls-getrf,0,0x5c08570d2ff0
7921,7921,114,708,hip-hipmm-cdls-getrf,0,0x5c08570d2ff0
7922,7922,135,429,hip-hipmm-cdls-getrf,0,0x5c08570d2ff0
7923,7923,75,252,hip-hipmm-cdls-getrf,0,0x5c08570d2ff0
7924,7924,63,186,hip-hipmm-cdls-getrf,0,0x5c08570d2ff0
7925,7925,66,213,hip-hipmm-cdls-getrf,0,0x5c08570d2ff0
7926,7926,93,282,hip-hipmm-cdls-getrf,0,0x5c08570d2ff0
7927,7927,69,258,hip-hipmm-cdls-getrf,0,0x5c08570d2ff0
7928,7928,57,345,hip-hipmm-cdls-getrf,0,0x5c08570d2ff0
7929,7929,78,405,hip-hipmm-cdls-getrf,0,0x5c08570d2ff0
7930,7930,69,684,hip-hipmm-cdls-getrf,0,0x5c08570d2ff0
7931,7931,111,342,hip-hipmm-cdls-getrf,0,0x5c08570d2ff0
7932,7932,129,423,hip-hipmm-cdls-getrf,0,0x5c08570d2ff0
7933,7933,84,654,hip-hipmm-cdls-getrf,0,0x5c08570d2ff0
7934,7934,90,492,hip-hipmm-cdls-getrf,0,0x5c08570d2ff0
7935,7935,93,453,hip-hipmm-cdls-getrf,0,0x5c08570d2ff0
7936,7936,57,516,hip-hipmm-cdls-getrf,0,0x5c08570d2ff0
7937,7937,120,543,hip-hipmm-cdls-getrf,0,0x5c08570d2ff0
7938,7938,96,357,hip-hipmm-cdls-getrf,0,0x5c08570d2ff0
7939,7939,48,762,hip-hipmm-cdls-getrf,0,0x5c08570d2ff0
7940,7940,141,468,hip-hipmm-cdls-getrf,0,0x5c08570d2ff0
7941,7941,111,525,hip-hipmm-cdls-getrf,0,0x5c08570d2ff0
7942,7942,72,678,hip-hipmm-cdls-getrf,0,0x5c08570d2ff0
7943,7943,57,699,hip-hipmm-cdls-getrf,0,0x5c08570d2ff0
7944,7944,39,624,hip-hipmm-cdls-getrf,0,0x5c08570d2ff0
7945,7945,129,420,hip-hipmm-cdls-getrf,0,0x5c08570d2ff0
7946,7946,60,486,hip-hipmm-cdls-getrf,0,0x5c08570d2ff0
7947,7947,72,480,hip-hipmm-cdls-getrf,0,0x5c08570d2ff0
7948,7948,57,432,hip-hipmm-cdls-getrf,0,0x5c08570d2ff0
7949,7949,105,540,hip-hipmm-cdls-getrf,0,0x5c08570d2ff0
7950,7950,78,414,hip-hipmm-cdls-getrf,0,0x5c08570d2ff0
7951,7951,117,372,hip-hipmm-cdls-getrf,0,0x5c08570d2ff0
7952,7952,45,330,hip-hipmm-cdls-getrf,0,0x5c08570d2ff0
7953,7953,75,222,hip-hipmm-cdls-getrf,0,0x5c08570d2ff0
7954,7954,69,339,hip-hipmm-cdls-getrf,0,0x5c08570d2ff0
7955,7955,24,174,hip-hipmm-cdls-getrf,0,0x5c08570d2ff0
7956,7956,81,375,hip-hipmm-cdls-getrf,0,0x5c08570d2ff0
7957,7957,81,615,hip-hipmm-cdls-getrf,0,0x5c08570d2ff0
7958,7958,27,381,hip-hipmm-cdls-getrf,0,0x5c08570d2ff0
7959,7959,72,342,hip-hipmm-cdls-getrf,0,0x5c08570d2ff0
7960,7960,93,375,hip-hipmm-cdls-getrf,0,0x5c08570d2ff0
7961,7961,36,450,hip-hipmm-cdls-getrf,0,0x5c08570d2ff0
7962,7962,99,573,hip-hipmm-cdls-getrf,0,0x5c08570d2ff0
7963,7963,105,510,hip-hipmm-cdls-getrf,0,0x5c08570d2ff0
7964,7964,48,450,hip-hipmm-cdls-getrf,0,0x5c08570d2ff0
7965,7965,108,375,hip-hipmm-cdls-getrf,0,0x5c08570d2ff0
7966,7966,90,450,hip-hipmm-cdls-getrf,0,0x5c08570d2ff0
7967,7967,126,462,hip-hipmm-cdls-getrf,0,0x5c08570d2ff0
7968,7968,72,399,hip-hipmm-cdls-getrf,0,0x5c08570d2ff0
7969,7969,48,309,hip-hipmm-cdls-getrf,0,0x5c08570d2ff0
7970,7970,99,399,hip-hipmm-cdls-getrf,0,0x5c08570d2ff0
7971,7971,75,561,hip-hipmm-cdls-getrf,0,0x5c08570d2ff0
7972,7972,105,663,hip-hipmm-cdls-getrf,0,0x5c08570d2ff0
7973,7973,99,645,hip-hipmm-cdls-getrf,0,0x5c08570d2ff0
7974,7974,51,525,hip-hipmm-cdls-getrf,0,0x5c08570d2ff0
7975,7975,60,564,hip-hipmm-cdls-getrf,0,0x5c08570d2ff0
7976,7976,90,756,hip-hipmm-cdls-getrf,0,0x5c08570d2ff0
7977,7977,66,687,hip-hipmm-cdls-getrf,0,0x5c08570d2ff0
7978,7978,51,417,hip-hipmm-cdls-getrf,0,0x5c08570d2ff0
7979,7979,63,405,hip-hipmm-cdls-getrf,0,0x5c08570d2ff0
7980,7980,114,456,hip-hipmm-cdls-getrf,0,0x5c08570d2ff0
7981,7981,48,669,hip-hipmm-cdls-getrf,0,0x5c08570d2ff0
7982,7982,102,453,hip-hipmm-cdls-getrf,0,0x5c08570d2ff0
7983,7983,69,498,hip-hipmm-cdls-getrf,0,0x5c08570d2ff0
7984,7984,96,477,hip-hipmm-cdls-getrf,0,0x5c08570d2ff0
7985,7985,87,525,hip-hipmm-cdls-getrf,0,0x5c08570d2ff0
7986,7986,66,543,hip-hipmm-cdls-getrf,0,0x5c08570d2ff0
7987,7987,126,660,hip-hipmm-cdls-getrf,0,0x5c08570d2ff0
7988,7988,66,732,hip-hipmm-cdls-getrf,0,0x5c08570d2ff0
7989,7989,60,630,hip-hipmm-cdls-getrf,0,0x5c08570d2ff0
7990,7990,96,534,hip-hipmm-cdls-getrf,0,0x5c08570d2ff0
7991,7991,57,639,hip-hipmm-cdls-getrf,0,0x5c08570d2ff0
7992,7992,45,432,hip-hipmm-cdls-getrf,0,0x5c08570d2ff0
7993,7993,63,351,hip-hipmm-cdls-getrf,0,0x5c08570d2ff0
7994,7994,42,411,hip-hipmm-cdls-getrf,0,0x5c08570d2ff0
7995,7995,111,561,hip-hipmm-cdls-getrf,0,0x5c08570d2ff0
7996,7996,75,585,hip-hipmm-cdls-getrf,0,0x5c08570d2ff0
7997,7997,120,522,hip-hipmm-cdls-getrf,0,0x5c08570d2ff0
7998,7998,120,423,hip-hipmm-cdls-getrf,0,0x5c08570d2ff0
7999,7999,42,471,hip-hipmm-cdls-getrf,0,0x5c08570d2ff0
8000,8000,108,471,hip-hipmm-cdls-getrf,0,0x5c08570d2ff0
8001,8001,144,486,hip-hipmm-cdls-getrf,0,0x5c08570d2ff0
8002,8002,57,579,hip-hipmm-cdls-getrf,0,0x5c08570d2ff0
8003,8003,102,405,hip-hipmm-cdls-getrf,0,0x5c08570d2ff0
8004,8004,81,675,hip-hipmm-cdls-getrf,0,0x5c08570d2ff0
8005,8005,63,504,hip-hipmm-cdls-getrf,0,0x5c08570d2ff0
8006,8006,60,411,hip-hipmm-cdls-getrf,0,0x5c08570d2ff0
8007,8007,102,531,hip-hipmm-cdls-getrf,0,0x5c08570d2ff0
8008,8008,51,366,hip-hipmm-cdls-getrf,0,0x5c08570d2ff0
8009,8009,57,429,hip-hipmm-cdls-getrf,0,0x5c08570d2ff0
8010,8010,48,378,hip-hipmm-cdls-getrf,0,0x5c08570d2ff0
8011,8011,117,591,hip-hipmm-cdls-getrf,0,0x5c08570d2ff0
8012,8012,60,741,hip-hipmm-cdls-getrf,0,0x5c08570d2ff0
8013,8013,51,885,hip-hipmm-cdls-getrf,0,0x5c08570d2ff0
8014,8014,81,723,hip-hipmm-cdls-getrf,0,0x5c08570d2ff0
8015,8015,48,501,hip-hipmm-cdls-getrf,0,0x5c08570d2ff0
8016,8016,117,603,hip-hipmm-cdls-getrf,0,0x5c08570d2ff0
8017,8017,75,450,hip-hipmm-cdls-getrf,0,0x5c08570d2ff0
8018,8018,42,528,hip-hipmm-cdls-getrf,0,0x5c08570d2ff0
8019,8019,57,384,hip-hipmm-cdls-getrf,0,0x5c08570d2ff0
8020,8020,96,528,hip-hipmm-cdls-getrf,0,0x5c08570d2ff0
8021,8021,63,567,hip-hipmm-cdls-getrf,0,0x5c08570d2ff0
8022,8022,108,378,hip-hipmm-cdls-getrf,0,0x5c08570d2ff0
8023,8023,42,504,hip-hipmm-cdls-getrf,0,0x5c08570d2ff0
8024,8024,90,654,hip-hipmm-cdls-getrf,0,0x5c08570d2ff0
8025,8025,105,414,hip-hipmm-cdls-getrf,0,0x5c08570d2ff0
8026,8026,144,405,hip-hipmm-cdls-getrf,0,0x5c08570d2ff0
8027,8027,120,369,hip-hipmm-cdls-getrf,0,0x5c08570d2ff0
8028,8028,90,684,hip-hipmm-cdls-getrf,0,0x5c08570d2ff0
8029,8029,99,750,hip-hipmm-cdls-getrf,0,0x5c08570d2ff0
8030,8030,63,741,hip-hipmm-cdls-getrf,0,0x5c08570d2ff0
8031,8031,27,753,hip-hipmm-cdls-getrf,0,0x5c08570d2ff0
8032,8032,159,489,hip-hipmm-cdls-getrf,0,0x5c08570d2ff0
8033,8033,111,480,hip-hipmm-cdls-getrf,0,0x5c08570d2ff0
8034,8034,114,549,hip-hipmm-cdls-getrf,0,0x5c08570d2ff0
8035,8035,45,444,hip-hipmm-cdls-getrf,0,0x5c08570d2ff0
8036,8036,39,150,hip-hipmm-cdls-getrf,0,0x5c08570d2ff0
8037,8037,63,285,hip-hipmm-cdls-getrf,0,0x5c08570d2ff0
8038,8038,30,195,hip-hipmm-cdls-getrf,0,0x5c08570d2ff0
8039,8039,60,213,hip-hipmm-cdls-getrf,0,0x5c08570d2ff0
8040,8040,120,396,hip-hipmm-cdls-getrf,0,0x5c08570d2ff0
8041,8041,75,357,hip-hipmm-cdls-getrf,0,0x5c08570d2ff0
8042,8042,18,156,hip-hipmm-cdls-getrf,0,0x5c08570d2ff0
8043,8043,72,402,hip-hipmm-cdls-getrf,0,0x5c08570d2ff0
8044,8044,57,243,hip-hipmm-cdls-getrf,0,0x5c08570d2ff0
8045,8045,36,222,hip-hipmm-cdls-getrf,0,0x5c08570d2ff0
8046,8046,66,480,hip-hipmm-cdls-getrf,0,0x5c08570d2ff0
8047,8047,126,672,hip-hipmm-cdls-getrf,0,0x5c08570d2ff0
8048,8048,39,270,hip-hipmm-cdls-getrf,0,0x5c08570d2ff0
8049,8049,60,354,hip-hipmm-cdls-getrf,0,0x5c08570d2ff0
8050,8050,114,396,hip-hipmm-cdls-getrf,0,0x5c08570d2ff0
8051,8051,81,567,hip-hipmm-cdls-getrf,0,0x5c08570d2ff0
8052,8052,60,198,hip-hipmm-cdls-getrf,0,0x5c08570d2ff0
8053,8053,66,252,hip-hipmm-cdls-getrf,0,0x5c08570d2ff0
8054,8054,69,387,hip-hipmm-cdls-getrf,0,0x5c08570d2ff0
8055,8055,117,501,hip-hipmm-cdls-getrf,0,0x5c08570d2ff0
8056,8056,75,501,hip-hipmm-cdls-getrf,0,0x5c08570d2ff0
8057,8057,120,378,hip-hipmm-cdls-getrf,0,0x5c08570d2ff0
8058,8058,54,324,hip-hipmm-cdls-getrf,0,0x5c08570d2ff0
8059,8059,90,564,hip-hipmm-cdls-getrf,0,0x5c08570d2ff0
8060,8060,60,345,hip-hipmm-cdls-getrf,0,0x5c08570d2ff0
8061,8061,36,342,hip-hipmm-cdls-getrf,0,0x5c08570d2ff0
8062,8062,21,171,hip-hipmm-cdls-getrf,0,0x5c08570d2ff0
8063,8063,111,360,hip-hipmm-cdls-getrf,0,0x5c08570d2ff0
8064,8064,75,504,hip-hipmm-cdls-getrf,0,0x5c08570d2ff0
8065,8065,102,588,hip-hipmm-cdls-getrf,0,0x5c08570d2ff0
8066,8066,87,453,hip-hipmm-cdls-getrf,0,0x5c08570d2ff0
8067,8067,60,798,hip-hipmm-cdls-getrf,0,0x5c08570d2ff0
8068,8068,45,771,hip-hipmm-cdls-getrf,0,0x5c08570d2ff0
8069,8069,75,429,hip-hipmm-cdls-getrf,0,0x5c08570d2ff0
8070,8070,84,618,hip-hipmm-cdls-getrf,0,0x5c08570d2ff0
8071,8071,147,477,hip-hipmm-cdls-getrf,0,0x5c08570d2ff0
8072,8072,63,537,hip-hipmm-cdls-getrf,0,0x5c08570d2ff0
8073,8073,72,345,hip-hipmm-cdls-getrf,0,0x5c08570d2ff0
8074,8074,75,384,hip-hipmm-cdls-getrf,0,0x5c08570d2ff0
8075,8075,63,537,hip-hipmm-cdls-getrf,0,0x5c08570d2ff0
8076,8076,123,366,hip-hipmm-cdls-getrf,0,0x5c08570d2ff0
8077,8077,60,546,hip-hipmm-cdls-getrf,0,0x5c08570d2ff0
8078,8078,51,417,hip-hipmm-cdls-getrf,0,0x5c08570d2ff0
8079,8079,132,429,hip-hipmm-cdls-getrf,0,0x5c08570d2ff0
8080,8080,123,291,hip-hipmm-cdls-getrf,0,0x5c08570d2ff0
8081,8081,111,267,hip-hipmm-cdls-getrf,0,0x5c08570d2ff0
8082,8082,93,441,hip-hipmm-cdls-getrf,0,0x5c08570d2ff0
8083,8083,69,483,hip-hipmm-cdls-getrf,0,0x5c08570d2ff0
8084,8084,90,798,hip-hipmm-cdls-getrf,0,0x5c08570d2ff0
8085,8085,48,558,hip-hipmm-cdls-getrf,0,0x5c08570d2ff0
8086,8086,66,684,hip-hipmm-cdls-getrf,0,0x5c08570d2ff0
8087,8087,42,708,hip-hipmm-cdls-getrf,0,0x5c08570d2ff0
8088,8088,114,531,hip-hipmm-cdls-getrf,0,0x5c08570d2ff0
8089,8089,99,483,hip-hipmm-cdls-getrf,0,0x5c08570d2ff0
8090,8090,105,360,hip-hipmm-cdls-getrf,0,0x5c08570d2ff0
8091,8091,87,441,hip-hipmm-cdls-getrf,0,0x5c08570d2ff0
8092,8092,87,381,hip-hipmm-cdls-getrf,0,0x5c08570d2ff0
8093,8093,93,411,hip-hipmm-cdls-getrf,0,0x5c08570d2ff0
8094,8094,90,408,hip-hipmm-cdls-getrf,0,0x5c08570d2ff0
8095,8095,72,393,hip-hipmm-cdls-getrf,0,0x5c08570d2ff0
8096,8096,84,696,hip-hipmm-cdls-getrf,0,0x5c08570d2ff0
8097,8097,45,267,hip-hipmm-cdls-getrf,0,0x5c08570d2ff0
8098,8098,69,417,hip-hipmm-cdls-getrf,0,0x5c08570d2ff0
8099,8099,141,363,hip-hipmm-cdls-getrf,0,0x5c08570d2ff0
8100,8100,60,339,hip-hipmm-cdls-getrf,0,0x5c08570d2ff0
8101,8101,159,492,hip-hipmm-cdls-getrf,0,0x5c08570d2ff0
8102,8102,90,624,hip-hipmm-cdls-getrf,0,0x5c08570d2ff0
8103,8103,90,393,hip-hipmm-cdls-getrf,0,0x5c08570d2ff0
8104,8104,72,786,hip-hipmm-cdls-getrf,0,0x5c08570d2ff0
8105,8105,78,576,hip-hipmm-cdls-getrf,0,0x5c08570d2ff0
8106,8106,90,684,hip-hipmm-cdls-getrf,0,0x5c08570d2ff0
8107,8107,42,684,hip-hipmm-cdls-getrf,0,0x5c08570d2ff0
8108,8108,117,627,hip-hipmm-cdls-getrf,0,0x5c08570d2ff0
8109,8109,78,627,hip-hipmm-cdls-getrf,0,0x5c08570d2ff0
8110,8110,114,522,hip-hipmm-cdls-getrf,0,0x5c08570d2ff0
8111,8111,120,486,hip-hipmm-cdls-getrf,0,0x5c08570d2ff0
8112,8112,126,402,hip-hipmm-cdls-getrf,0,0x5c08570d2ff0
8113,8113,120,570,hip-hipmm-cdls-getrf,0,0x5c08570d2ff0
8114,8114,60,438,hip-hipmm-cdls-getrf,0,0x5c08570d2ff0
8115,8115,99,633,hip-hipmm-cdls-getrf,0,0x5c08570d2ff0
8116,8116,99,477,hip-hipmm-cdls-getrf,0,0x5c08570d2ff0
8117,8117,60,870,hip-hipmm-cdls-getrf,0,0x5c08570d2ff0
8118,8118,84,582,hip-hipmm-cdls-getrf,0,0x5c08570d2ff0
8119,8119,114,468,hip-hipmm-cdls-getrf,0,0x5c08570d2ff0
8120,8120,48,510,hip-hipmm-cdls-getrf,0,0x5c08570d2ff0
8121,8121,108,690,hip-hipmm-cdls-getrf,0,0x5c08570d2ff0
8122,8122,81,555,hip-hipmm-cdls-getrf,0,0x5c08570d2ff0
8123,8123,45,783,hip-hipmm-cdls-getrf,0,0x5c08570d2ff0
8124,8124,57,723,hip-hipmm-cdls-getrf,0,0x5c08570d2ff0
8125,8125,51,531,hip-hipmm-cdls-getrf,0,0x5c08570d2ff0
8126,8126,57,483,hip-hipmm-cdls-getrf,0,0x5c08570d2ff0
8127,8127,72,657,hip-hipmm-cdls-getrf,0,0x5c08570d2ff0
8128,8128,72,510,hip-hipmm-cdls-getrf,0,0x5c08570d2ff0
8129,8129,102,483,hip-hipmm-cdls-getrf,0,0x5c08570d2ff0
8130,8130,123,513,hip-hipmm-cdls-getrf,0,0x5c08570d2ff0
8131,8131,93,483,hip-hipmm-cdls-getrf,0,0x5c08570d2ff0
8132,8132,36,486,hip-hipmm-cdls-getrf,0,0x5c08570d2ff0
8133,8133,87,597,hip-hipmm-cdls-getrf,0,0x5c08570d2ff0
8134,8134,51,456,hip-hipmm-cdls-getrf,0,0x5c08570d2ff0
8135,8135,87,771,hip-hipmm-cdls-getrf,0,0x5c08570d2ff0
8136,8136,114,588,hip-hipmm-cdls-getrf,0,0x5c08570d2ff0
8137,8137,72,738,hip-hipmm-cdls-getrf,0,0x5c08570d2ff0
8138,8138,72,666,hip-hipmm-cdls-getrf,0,0x5c08570d2ff0
8139,8139,36,426,hip-hipmm-cdls-getrf,0,0x5c08570d2ff0
8140,8140,81,396,hip-hipmm-cdls-getrf,0,0x5c08570d2ff0
8141,8141,54,459,hip-hipmm-cdls-getrf,0,0x5c08570d2ff0
8142,8142,63,909,hip-hipmm-cdls-getrf,0,0x5c08570d2ff0
8143,8143,57,654,hip-hipmm-cdls-getrf,0,0x5c08570d2ff0
8144,8144,57,600,hip-hipmm-cdls-getrf,0,0x5c08570d2ff0
8145,8145,78,924,hip-hipmm-cdls-getrf,0,0x5c08570d2ff0
8146,8146,60,543,hip-hipmm-cdls-getrf,0,0x5c08570d2ff0
8147,8147,75,444,hip-hipmm-cdls-getrf,0,0x5c08570d2ff0
8148,8148,75,669,hip-hipmm-cdls-getrf,0,0x5c08570d2ff0
8149,8149,45,627,hip-hipmm-cdls-getrf,0,0x5c08570d2ff0
8150,8150,48,570,hip-hipmm-cdls-getrf,0,0x5c08570d2ff0
8151,8151,78,627,hip-hipmm-cdls-getrf,0,0x5c08570d2ff0
8152,8152,84,618,hip-hipmm-cdls-getrf,0,0x5c08570d2ff0
8153,8153,48,642,hip-hipmm-cdls-getrf,0,0x5c08570d2ff0
8154,8154,78,924,hip-hipmm-cdls-getrf,0,0x5c08570d2ff0
8155,8155,75,813,hip-hipmm-cdls-getrf,0,0x5c08570d2ff0
8156,8156,30,768,hip-hipmm-cdls-getrf,0,0x5c08570d2ff0
8157,8157,54,633,hip-hipmm-cdls-getrf,0,0x5c08570d2ff0
8158,8158,42,624,hip-hipmm-cdls-getrf,0,0x5c08570d2ff0
8159,8159,78,1044,hip-hipmm-cdls-getrf,0,0x5c08570d2ff0
8160,8160,60,270,hip-hipmm-cdls-getrf,0,0x5c08570d2ff0
8161,8161,69,708,hip-hipmm-cdls-getrf,0,0x5c08570d2ff0
8162,8162,108,390,hip-hipmm-cdls-getrf,0,0x5c08570d2ff0
8163,8163,51,513,hip-hipmm-cdls-getrf,0,0x5c08570d2ff0
8164,8164,93,738,hip-hipmm-cdls-getrf,0,0x5c08570d2ff0
8165,8165,108,450,hip-hipmm-cdls-getrf,0,0x5c08570d2ff0
8166,8166,75,525,hip-hipmm-cdls-getrf,0,0x5c08570d2ff0
8167,8167,60,306,hip-hipmm-cdls-getrf,0,0x5c08570d2ff0
8168,8168,93,807,hip-hipmm-cdls-getrf,0,0x5c08570d2ff0
8169,8169,108,693,hip-hipmm-cdls-getrf,0,0x5c08570d2ff0
8170,8170,72,666,hip-hipmm-cdls-getrf,0,0x5c08570d2ff0
8171,8171,42,615,hip-hipmm-cdls-getrf,0,0x5c08570d2ff0
8172,8172,63,528,hip-hipmm-cdls-getrf,0,0x5c08570d2ff0
8173,8173,81,654,hip-hipmm-cdls-getrf,0,0x5c08570d2ff0
8174,8174,57,567,hip-hipmm-cdls-getrf,0,0x5c08570d2ff0
8175,8175,57,564,hip-hipmm-cdls-getrf,0,0x5c08570d2ff0
8176,8176,45,279,hip-hipmm-cdls-getrf,0,0x5c08570d2ff0
8177,8177,63,321,hip-hipmm-cdls-getrf,0,0x5c08570d2ff0
8178,8178,186,483,hip-hipmm-cdls-getrf,0,0x5c08570d2ff0
8179,8179,48,522,hip-hipmm-cdls-getrf,0,0x5c08570d2ff0
8180,8180,105,453,hip-hipmm-cdls-getrf,0,0x5c08570d2ff0
8181,8181,153,429,hip-hipmm-cdls-getrf,0,0x5c08570d2ff0
8182,8182,114,336,hip-hipmm-cdls-getrf,0,0x5c08570d2ff0
8183,8183,60,558,hip-hipmm-cdls-getrf,0,0x5c08570d2ff0
8184,8184,57,597,hip-hipmm-cdls-getrf,0,0x5c08570d2ff0
8185,8185,120,402,hip-hipmm-cdls-getrf,0,0x5c08570d2ff0
8186,8186,33,459,hip-hipmm-cdls-getrf,0,0x5c08570d2ff0
8187,8187,123,513,hip-hipmm-cdls-getrf,0,0x5c08570d2ff0
8188,8188,63,609,hip-hipmm-cdls-getrf,0,0x5c08570d2ff0
8189,8189,87,525,hip-hipmm-cdls-getrf,0,0x5c08570d2ff0
8190,8190,57,525,hip-hipmm-cdls-getrf,0,0x5c08570d2ff0
8191,8191,60,582,hip-hipmm-cdls-getrf,0,0x5c08570d2ff0
8192,8192,75,657,hip-hipmm-cdls-getrf,0,0x5c08570d2ff0
8193,8193,78,639,hip-hipmm-cdls-getrf,0,0x5c08570d2ff0
8194,8194,39,645,hip-hipmm-cdls-getrf,0,0x5c08570d2ff0
8195,8195,66,768,hip-hipmm-cdls-getrf,0,0x5c08570d2ff0
8196,8196,48,834,hip-hipmm-cdls-getrf,0,0x5c08570d2ff0
8197,8197,72,549,hip-hipmm-cdls-getrf,0,0x5c08570d2ff0
8198,8198,75,657,hip-hipmm-cdls-getrf,0,0x5c08570d2ff0
8199,8199,45,516,hip-hipmm-cdls-getrf,0,0x5c08570d2ff0
8200,8200,57,708,hip-hipmm-cdls-getrf,0,0x5c08570d2ff0
8201,8201,60,792,hip-hipmm-cdls-getrf,0,0x5c08570d2ff0
8202,8202,69,591,hip-hipmm-cdls-getrf,0,0x5c08570d2ff0
8203,8203,66,840,hip-hipmm-cdls-getrf,0,0x5c08570d2ff0
8204,8204,57,675,hip-hipmm-cdls-getrf,0,0x5c08570d2ff0
8205,8205,66,744,hip-hipmm-cdls-getrf,0,0x5c08570d2ff0
8206,8206,87,393,hip-hipmm-cdls-getrf,0,0x5c08570d2ff0
8207,8207,90,576,hip-hipmm-cdls-getrf,0,0x5c08570d2ff0
8208,8208,54,624,hip-hipmm-cdls-getrf,0,0x5c08570d2ff0
8209,8209,93,675,hip-hipmm-cdls-getrf,0,0x5c08570d2ff0
8210,8210,87,525,hip-hipmm-cdls-getrf,0,0x5c08570d2ff0
8211,8211,63,510,hip-hipmm-cdls-getrf,0,0x5c08570d2ff0
8212,8212,126,393,hip-hipmm-cdls-getrf,0,0x5c08570d2ff0
8213,8213,72,264,hip-hipmm-cdls-getrf,0,0x5c08570d2ff0
8214,8214,123,294,hip-hipmm-cdls-getrf,0,0x5c08570d2ff0
8215,8215,54,606,hip-hipmm-cdls-getrf,0,0x5c08570d2ff0
8216,8216,81,555,hip-hipmm-cdls-getrf,0,0x5c08570d2ff0
8217,8217,75,537,hip-hipmm-cdls-getrf,0,0x5c08570d2ff0
8218,8218,114,441,hip-hipmm-cdls-getrf,0,0x5c08570d2ff0
8219,8219,36,423,hip-hipmm-cdls-getrf,0,0x5c08570d2ff0
8220,8220,60,720,hip-hipmm-cdls-getrf,0,0x5c08570d2ff0
8221,8221,114,504,hip-hipmm-cdls-getrf,0,0x5c08570d2ff0
8222,8222,102,660,hip-hipmm-cdls-getrf,0,0x5c08570d2ff0
8223,8223,78,291,hip-hipmm-cdls-getrf,0,0x5c08570d2ff0
8224,8224,90,456,hip-hipmm-cdls-getrf,0,0x5c08570d2ff0
8225,8225,45,291,hip-hipmm-cdls-getrf,0,0x5c08570d2ff0
8226,8226,99,399,hip-hipmm-cdls-getrf,0,0x5c08570d2ff0
8227,8227,111,339,hip-hipmm-cdls-getrf,0,0x5c08570d2ff0
8228,8228,108,507,hip-hipmm-cdls-getrf,0,0x5c08570d2ff0
8229,8229,39,549,hip-hipmm-cdls-getrf,0,0x5c08570d2ff0
8230,8230,72,522,hip-hipmm-cdls-getrf,0,0x5c08570d2ff0
8231,8231,111,633,hip-hipmm-cdls-getrf,0,0x5c08570d2ff0
8232,8232,129,414,hip-hipmm-cdls-getrf,0,0x5c08570d2ff0
8233,8233,99,549,hip-hipmm-cdls-getrf,0,0x5c08570d2ff0
8234,8234,105,363,hip-hipmm-cdls-getrf,0,0x5c08570d2ff0
8235,8235,27,93,hip-hipmm-cdls-getrf,0,0x5c08570d2ff0
8236,8236,135,483,hip-hipmm-cdls-getrf,0,0x5c08570d2ff0
8237,8237,69,630,hip-hipmm-cdls-getrf,0,0x5c08570d2ff0
8238,8238,48,417,hip-hipmm-cdls-getrf,0,0x5c08570d2ff0
8239,8239,135,465,hip-hipmm-cdls-getrf,0,0x5c08570d2ff0
8240,8240,144,363,hip-hipmm-cdls-getrf,0,0x5c08570d2ff0
8241,8241,66,540,hip-hipmm-cdls-getrf,0,0x5c08570d2ff0
8242,8242,39,369,hip-hipmm-cdls-getrf,0,0x5c08570d2ff0
8243,8243,108,474,hip-hipmm-cdls-getrf,0,0x5c08570d2ff0
8244,8244,108,459,hip-hipmm-cdls-getrf,0,0x5c08570d2ff0
8245,8245,117,543,hip-hipmm-cdls-getrf,0,0x5c08570d2ff0
8246,8246,45,771,hip-hipmm-cdls-getrf,0,0x5c08570d2ff0
8247,8247,57,891,hip-hipmm-cdls-getrf,0,0x5c08570d2ff0
8248,8248,33,963,hip-hipmm-cdls-getrf,0,0x5c08570d2ff0
8249,8249,54,687,hip-hipmm-cdls-getrf,0,0x5c08570d2ff0
8250,8250,117,525,hip-hipmm-cdls-getrf,0,0x5c08570d2ff0
8251,8251,87,753,hip-hipmm-cdls-getrf,0,0x5c08570d2ff0
8252,8252,75,849,hip-hipmm-cdls-getrf,0,0x5c08570d2ff0
8253,8253,69,645,hip-hipmm-cdls-getrf,0,0x5c08570d2ff0
8254,8254,87,432,hip-hipmm-cdls-getrf,0,0x5c08570d2ff0
8255,8255,102,486,hip-hipmm-cdls-getrf,0,0x5c08570d2ff0
8256,8256,48,678,hip-hipmm-cdls-getrf,0,0x5c08570d2ff0
8257,8257,90,543,hip-hipmm-cdls-getrf,0,0x5c08570d2ff0
8258,8258,84,438,hip-hipmm-cdls-getrf,0,0x5c08570d2ff0
8259,8259,105,627,hip-hipmm-cdls-getrf,0,0x5c08570d2ff0
8260,8260,87,705,hip-hipmm-cdls-getrf,0,0x5c08570d2ff0
8261,8261,111,492,hip-hipmm-cdls-getrf,0,0x5c08570d2ff0
8262,8262,66,507,hip-hipmm-cdls-getrf,0,0x5c08570d2ff0
8263,8263,75,585,hip-hipmm-cdls-getrf,0,0x5c08570d2ff0
8264,8264,42,540,hip-hipmm-cdls-getrf,0,0x5c08570d2ff0
8265,8265,114,498,hip-hipmm-cdls-getrf,0,0x5c08570d2ff0
8266,8266,138,462,hip-hipmm-cdls-getrf,0,0x5c08570d2ff0
8267,8267,57,735,hip-hipmm-cdls-getrf,0,0x5c08570d2ff0
8268,8268,45,771,hip-hipmm-cdls-getrf,0,0x5c08570d2ff0
8269,8269,126,522,hip-hipmm-cdls-getrf,0,0x5c08570d2ff0
8270,8270,102,519,hip-hipmm-cdls-getrf,0,0x5c08570d2ff0
8271,8271,105,573,hip-hipmm-cdls-getrf,0,0x5c08570d2ff0
8272,8272,66,387,hip-hipmm-cdls-getrf,0,0x5c08570d2ff0
8273,8273,57,477,hip-hipmm-cdls-getrf,0,0x5c08570d2ff0
8274,8274,99,576,hip-hipmm-cdls-getrf,0,0x5c08570d2ff0
8275,8275,75,756,hip-hipmm-cdls-getrf,0,0x5c08570d2ff0
8276,8276,84,927,hip-hipmm-cdls-getrf,0,0x5c08570d2ff0
8277,8277,51,603,hip-hipmm-cdls-getrf,0,0x5c08570d2ff0
8278,8278,78,393,hip-hipmm-cdls-getrf,0,0x5c08570d2ff0
8279,8279,39,357,hip-hipmm-cdls-getrf,0,0x5c08570d2ff0
8280,8280,75,369,hip-hipmm-cdls-getrf,0,0x5c08570d2ff0
8281,8281,42,252,hip-hipmm-cdls-getrf,0,0x5c08570d2ff0
8282,8282,45,516,hip-hipmm-cdls-getrf,0,0x5c08570d2ff0
8283,8283,60,630,hip-hipmm-cdls-getrf,0,0x5c08570d2ff0
8284,8284,87,645,hip-hipmm-cdls-getrf,0,0x5c08570d2ff0
8285,8285,54,657,hip-hipmm-cdls-getrf,0,0x5c08570d2ff0
8286,8286,90,492,hip-hipmm-cdls-getrf,0,0x5c08570d2ff0
8287,8287,81,510,hip-hipmm-cdls-getrf,0,0x5c08570d2ff0
8288,8288,84,630,hip-hipmm-cdls-getrf,0,0x5c08570d2ff0
8289,8289,90,528,hip-hipmm-cdls-getrf,0,0x5c08570d2ff0
8290,8290,42,504,hip-hipmm-cdls-getrf,0,0x5c08570d2ff0
8291,8291,111,426,hip-hipmm-cdls-getrf,0,0x5c08570d2ff0
8292,8292,111,411,hip-hipmm-cdls-getrf,0,0x5c08570d2ff0
8293,8293,123,429,hip-hipmm-cdls-getrf,0,0x5c08570d2ff0
8294,8294,48,606,hip-hipmm-cdls-getrf,0,0x5c08570d2ff0
8295,8295,81,627,hip-hipmm-cdls-getrf,0,0x5c08570d2ff0
8296,8296,123,489,hip-hipmm-cdls-getrf,0,0x5c08570d2ff0
8297,8297,81,375,hip-hipmm-cdls-getrf,0,0x5c08570d2ff0
8298,8298,72,402,hip-hipmm-cdls-getrf,0,0x5c08570d2ff0
8299,8299,114,780,hip-hipmm-cdls-getrf,0,0x5c08570d2ff0
8300,8300,57,543,hip-hipmm-cdls-getrf,0,0x5c08570d2ff0
8301,8301,75,585,hip-hipmm-cdls-getrf,0,0x5c08570d2ff0
8302,8302,117,651,hip-hipmm-cdls-getrf,0,0x5c08570d2ff0
8303,8303,96,372,hip-hipmm-cdls-getrf,0,0x5c08570d2ff0
8304,8304,84,531,hip-hipmm-cdls-getrf,0,0x5c08570d2ff0
8305,8305,75,753,hip-hipmm-cdls-getrf,0,0x5c08570d2ff0
8306,8306,45,423,hip-hipmm-cdls-getrf,0,0x5c08570d2ff0
8307,8307,75,849,hip-hipmm-cdls-getrf,0,0x5c08570d2ff0
8308,8308,90,522,hip-hipmm-cdls-getrf,0,0x5c08570d2ff0
8309,8309,96,576,hip-hipmm-cdls-getrf,0,0x5c08570d2ff0
8310,8310,84,678,hip-hipmm-cdls-getrf,0,0x5c08570d2ff0
8311,8311,135,441,hip-hipmm-cdls-getrf,0,0x5c08570d2ff0
8312,8312,120,345,hip-hipmm-cdls-getrf,0,0x5c08570d2ff0
8313,8313,123,507,hip-hipmm-cdls-getrf,0,0x5c08570d2ff0
8314,8314,60,336,hip-hipmm-cdls-getrf,0,0x5c08570d2ff0
8315,8315,105,324,hip-hipmm-cdls-getrf,0,0x5c08570d2ff0
8316,8316,87,321,hip-hipmm-cdls-getrf,0,0x5c08570d2ff0
8317,8317,57,393,hip-hipmm-cdls-getrf,0,0x5c08570d2ff0
8318,8318,99,336,hip-hipmm-cdls-getrf,0,0x5c08570d2ff0
8319,8319,111,315,hip-hipmm-cdls-getrf,0,0x5c08570d2ff0
8320,8320,90,546,hip-hipmm-cdls-getrf,0,0x5c08570d2ff0
8321,8321,84,327,hip-hipmm-cdls-getrf,0,0x5c08570d2ff0
8322,8322,135,486,hip-hipmm-cdls-getrf,0,0x5c08570d2ff0
8323,8323,45,363,hip-hipmm-cdls-getrf,0,0x5c08570d2ff0
8324,8324,135,636,hip-hipmm-cdls-getrf,0,0x5c08570d2ff0
8325,8325,90,552,hip-hipmm-cdls-getrf,0,0x5c08570d2ff0
8326,8326,171,438,hip-hipmm-cdls-getrf,0,0x5c08570d2ff0
8327,8327,66,603,hip-hipmm-cdls-getrf,0,0x5c08570d2ff0
8328,8328,120,435,hip-hipmm-cdls-getrf,0,0x5c08570d2ff0
8329,8329,93,699,hip-hipmm-cdls-getrf,0,0x5c08570d2ff0
8330,8330,99,546,hip-hipmm-cdls-getrf,0,0x5c08570d2ff0
8331,8331,102,744,hip-hipmm-cdls-getrf,0,0x5c08570d2ff0
8332,8332,96,486,hip-hipmm-cdls-getrf,0,0x5c08570d2ff0
8333,8333,81,414,hip-hipmm-cdls-getrf,0,0x5c08570d2ff0
8334,8334,42,444,hip-hipmm-cdls-getrf,0,0x5c08570d2ff0
8335,8335,63,489,hip-hipmm-cdls-getrf,0,0x5c08570d2ff0
8336,8336,63,489,hip-hipmm-cdls-getrf,0,0x5c08570d2ff0
8337,8337,84,666,hip-hipmm-cdls-getrf,0,0x5c08570d2ff0
8338,8338,78,648,hip-hipmm-cdls-getrf,0,0x5c08570d2ff0
8339,8339,123,417,hip-hipmm-cdls-getrf,0,0x5c08570d2ff0
8340,8340,75,459,hip-hipmm-cdls-getrf,0,0x5c08570d2ff0
8341,8341,99,561,hip-hipmm-cdls-getrf,0,0x5c08570d2ff0
8342,8342,48,528,hip-hipmm-cdls-getrf,0,0x5c08570d2ff0
8343,8343,60,444,hip-hipmm-cdls-getrf,0,0x5c08570d2ff0
8344,8344,27,165,hip-hipmm-cdls-getrf,0,0x5c08570d2ff0
8345,8345,39,270,hip-hipmm-cdls-getrf,0,0x5c08570d2ff0
8346,8346,45,195,hip-hipmm-cdls-getrf,0,0x5c08570d2ff0
8347,8347,54,312,hip-hipmm-cdls-getrf,0,0x5c08570d2ff0
8348,8348,87,375,hip-hipmm-cdls-getrf,0,0x5c08570d2ff0
8349,8349,144,513,hip-hipmm-cdls-getrf,0,0x5c08570d2ff0
8350,8350,129,474,hip-hipmm-cdls-getrf,0,0x5c08570d2ff0
8351,8351,126,399,hip-hipmm-cdls-getrf,0,0x5c08570d2ff0
8352,8352,48,522,hip-hipmm-cdls-getrf,0,0x5c08570d2ff0
8353,8353,102,420,hip-hipmm-cdls-getrf,0,0x5c08570d2ff0
8354,8354,45,183,hip-hipmm-cdls-getrf,0,0x5c08570d2ff0
8355,8355,21,150,hip-hipmm-cdls-getrf,0,0x5c08570d2ff0
8356,8356,84,345,hip-hipmm-cdls-getrf,0,0x5c08570d2ff0
8357,8357,45,168,hip-hipmm-cdls-getrf,0,0x5c08570d2ff0
8358,8358,84,309,hip-hipmm-cdls-getrf,0,0x5c08570d2ff0
8359,8359,69,207,hip-hipmm-cdls-getrf,0,0x5c08570d2ff0
8360,8360,84,357,hip-hipmm-cdls-getrf,0,0x5c08570d2ff0
8361,8361,57,468,hip-hipmm-cdls-getrf,0,0x5c08570d2ff0
8362,8362,84,498,hip-hipmm-cdls-getrf,0,0x5c08570d2ff0
8363,8363,39,405,hip-hipmm-cdls-getrf,0,0x5c08570d2ff0
8364,8364,66,210,hip-hipmm-cdls-getrf,0,0x5c08570d2ff0
8365,8365,60,183,hip-hipmm-cdls-getrf,0,0x5c08570d2ff0
8366,8366,120,342,hip-hipmm-cdls-getrf,0,0x5c08570d2ff0
8367,8367,72,264,hip-hipmm-cdls-getrf,0,0x5c08570d2ff0
8368,8368,123,528,hip-hipmm-cdls-getrf,0,0x5c08570d2ff0
8369,8369,138,348,hip-hipmm-cdls-getrf,0,0x5c08570d2ff0
8370,8370,27,213,hip-hipmm-cdls-getrf,0,0x5c08570d2ff0
8371,8371,51,366,hip-hipmm-cdls-getrf,0,0x5c08570d2ff0
8372,8372,48,318,hip-hipmm-cdls-getrf,0,0x5c08570d2ff0
8373,8373,63,621,hip-hipmm-cdls-getrf,0,0x5c08570d2ff0
8374,8374,57,366,hip-hipmm-cdls-getrf,0,0x5c08570d2ff0
8375,8375,84,441,hip-hipmm-cdls-getrf,0,0x5c08570d2ff0
8376,8376,72,375,hip-hipmm-cdls-getrf,0,0x5c08570d2ff0
8377,8377,48,522,hip-hipmm-cdls-getrf,0,0x5c08570d2ff0
8378,8378,99,381,hip-hipmm-cdls-getrf,0,0x5c08570d2ff0
8379,8379,54,228,hip-hipmm-cdls-getrf,0,0x5c08570d2ff0
8380,8380,24,174,hip-hipmm-cdls-getrf,0,0x5c08570d2ff0
8381,8381,27,213,hip-hipmm-cdls-getrf,0,0x5c08570d2ff0
8382,8382,60,399,hip-hipmm-cdls-getrf,0,0x5c08570d2ff0
8383,8383,51,399,hip-hipmm-cdls-getrf,0,0x5c08570d2ff0
8384,8384,96,528,hip-hipmm-cdls-getrf,0,0x5c08570d2ff0
8385,8385,96,630,hip-hipmm-cdls-getrf,0,0x5c08570d2ff0
8386,8386,108,564,hip-hipmm-cdls-getrf,0,0x5c08570d2ff0
8387,8387,162,543,hip-hipmm-cdls-getrf,0,0x5c08570d2ff0
8388,8388,57,651,hip-hipmm-cdls-getrf,0,0x5c08570d2ff0
8389,8389,57,666,hip-hipmm-cdls-getrf,0,0x5c08570d2ff0
8390,8390,90,624,hip-hipmm-cdls-getrf,0,0x5c08570d2ff0
8391,8391,51,573,hip-hipmm-cdls-getrf,0,0x5c08570d2ff0
8392,8392,63,657,hip-hipmm-cdls-getrf,0,0x5c08570d2ff0
8393,8393,51,435,hip-hipmm-cdls-getrf,0,0x5c08570d2ff0
8394,8394,42,504,hip-hipmm-cdls-getrf,0,0x5c08570d2ff0
8395,8395,90,822,hip-hipmm-cdls-getrf,0,0x5c08570d2ff0
8396,8396,84,615,hip-hipmm-cdls-getrf,0,0x5c08570d2ff0
8397,8397,78,852,hip-hipmm-cdls-getrf,0,0x5c08570d2ff0
8398,8398,51,456,hip-hipmm-cdls-getrf,0,0x5c08570d2ff0
8399,8399,42,540,hip-hipmm-cdls-getrf,0,0x5c08570d2ff0
8400,8400,54,906,hip-hipmm-cdls-getrf,0,0x5c08570d2ff0
8401,8401,63,570,hip-hipmm-cdls-getrf,0,0x5c08570d2ff0
8402,8402,57,858,hip-hipmm-cdls-getrf,0,0x5c08570d2ff0
8403,8403,105,816,hip-hipmm-cdls-getrf,0,0x5c08570d2ff0
8404,8404,102,741,hip-hipmm-cdls-getrf,0,0x5c08570d2ff0
8405,8405,54,888,hip-hipmm-cdls-getrf,0,0x5c08570d2ff0
8406,8406,90,777,hip-hipmm-cdls-getrf,0,0x5c08570d2ff0
8407,8407,93,789,hip-hipmm-cdls-getrf,0,0x5c08570d2ff0
8408,8408,87,633,hip-hipmm-cdls-getrf,0,0x5c08570d2ff0
8409,8409,87,642,hip-hipmm-cdls-getrf,0,0x5c08570d2ff0
8410,8410,93,699,hip-hipmm-cdls-getrf,0,0x5c08570d2ff0
8411,8411,78,588,hip-hipmm-cdls-getrf,0,0x5c08570d2ff0
8412,8412,90,441,hip-hipmm-cdls-getrf,0,0x5c08570d2ff0
8413,8413,45,570,hip-hipmm-cdls-getrf,0,0x5c08570d2ff0
8414,8414,51,870,hip-hipmm-cdls-getrf,0,0x5c08570d2ff0
8415,8415,57,588,hip-hipmm-cdls-getrf,0,0x5c08570d2ff0
8416,8416,36,633,hip-hipmm-cdls-getrf,0,0x5c08570d2ff0
8417,8417,69,807,hip-hipmm-cdls-getrf,0,0x5c08570d2ff0
8418,8418,87,438,hip-hipmm-cdls-getrf,0,0x5c08570d2ff0
8419,8419,75,585,hip-hipmm-cdls-getrf,0,0x5c08570d2ff0
8420,8420,54,609,hip-hipmm-cdls-getrf,0,0x5c08570d2ff0
8421,8421,117,474,hip-hipmm-cdls-getrf,0,0x5c08570d2ff0
8422,8422,72,699,hip-hipmm-cdls-getrf,0,0x5c08570d2ff0
8423,8423,69,645,hip-hipmm-cdls-getrf,0,0x5c08570d2ff0
8424,8424,39,705,hip-hipmm-cdls-getrf,0,0x5c08570d2ff0
8425,8425,39,801,hip-hipmm-cdls-getrf,0,0x5c08570d2ff0
8426,8426,60,882,hip-hipmm-cdls-getrf,0,0x5c08570d2ff0
8427,8427,69,681,hip-hipmm-cdls-getrf,0,0x5c08570d2ff0
8428,8428,63,612,hip-hipmm-cdls-getrf,0,0x5c08570d2ff0
8429,8429,69,693,hip-hipmm-cdls-getrf,0,0x5c08570d2ff0
8430,8430,102,891,hip-hipmm-cdls-getrf,0,0x5c08570d2ff0
8431,8431,150,855,hip-hipmm-cdls-getrf,0,0x5c08570d2ff0
8432,8432,54,561,hip-hipmm-cdls-getrf,0,0x5c08570d2ff0
8433,8433,30,708,hip-hipmm-cdls-getrf,0,0x5c08570d2ff0
8434,8434,90,918,hip-hipmm-cdls-getrf,0,0x5c08570d2ff0
8435,8435,99,696,hip-hipmm-cdls-getrf,0,0x5c08570d2ff0
8436,8436,66,1008,hip-hipmm-cdls-getrf,0,0x5c08570d2ff0
8437,8437,108,801,hip-hipmm-cdls-getrf,0,0x5c08570d2ff0
8438,8438,63,849,hip-hipmm-cdls-getrf,0,0x5c08570d2ff0
8439,8439,51,480,hip-hipmm-cdls-getrf,0,0x5c08570d2ff0
8440,8440,57,720,hip-hipmm-cdls-getrf,0,0x5c08570d2ff0
8441,8441,63,675,hip-hipmm-cdls-getrf,0,0x5c08570d2ff0
8442,8442,108,1014,hip-hipmm-cdls-getrf,0,0x5c08570d2ff0
8443,8443,105,765,hip-hipmm-cdls-getrf,0,0x5c08570d2ff0
8444,8444,102,1059,hip-hipmm-cdls-getrf,0,0x5c08570d2ff0
8445,8445,117,936,hip-hipmm-cdls-getrf,0,0x5c08570d2ff0
8446,8446,60,744,hip-hipmm-cdls-getrf,0,0x5c08570d2ff0
8447,8447,123,1014,hip-hipmm-cdls-getrf,0,0x5c08570d2ff0
8448,8448,84,738,hip-hipmm-cdls-getrf,0,0x5c08570d2ff0
8449,8449,114,876,hip-hipmm-cdls-getrf,0,0x5c08570d2ff0
8450,8450,87,882,hip-hipmm-cdls-getrf,0,0x5c08570d2ff0
8451,8451,75,918,hip-hipmm-cdls-getrf,0,0x5c08570d2ff0
8452,8452,84,1134,hip-hipmm-cdls-getrf,0,0x5c08570d2ff0
8453,8453,141,1122,hip-hipmm-cdls-getrf,0,0x5c08570d2ff0
8454,8454,42,504,hip-hipmm-cdls-getrf,0,0x5c08570d2ff0
8455,8455,123,519,hip-hipmm-cdls-getrf,0,0x5c08570d2ff0
8456,8456,99,546,hip-hipmm-cdls-getrf,0,0x5c08570d2ff0
8457,8457,75,534,hip-hipmm-cdls-getrf,0,0x5c08570d2ff0
8458,8458,81,780,hip-hipmm-cdls-getrf,0,0x5c08570d2ff0
8459,8459,81,717,hip-hipmm-cdls-getrf,0,0x5c08570d2ff0
8460,8460,69,651,hip-hipmm-cdls-getrf,0,0x5c08570d2ff0
8461,8461,105,900,hip-hipmm-cdls-getrf,0,0x5c08570d2ff0
8462,8462,57,405,hip-hipmm-cdls-getrf,0,0x5c08570d2ff0
8463,8463,111,375,hip-hipmm-cdls-getrf,0,0x5c08570d2ff0
8464,8464,117,594,hip-hipmm-cdls-getrf,0,0x5c08570d2ff0
8465,8465,48,747,hip-hipmm-cdls-getrf,0,0x5c08570d2ff0
8466,8466,48,528,hip-hipmm-cdls-getrf,0,0x5c08570d2ff0
8467,8467,120,546,hip-hipmm-cdls-getrf,0,0x5c08570d2ff0
8468,8468,162,399,hip-hipmm-cdls-getrf,0,0x5c08570d2ff0
8469,8469,117,549,hip-hipmm-cdls-getrf,0,0x5c08570d2ff0
8470,8470,111,663,hip-hipmm-cdls-getrf,0,0x5c08570d2ff0
8471,8471,111,690,hip-hipmm-cdls-getrf,0,0x5c08570d2ff0
8472,8472,84,477,hip-hipmm-cdls-getrf,0,0x5c08570d2ff0
8473,8473,75,522,hip-hipmm-cdls-getrf,0,0x5c08570d2ff0
8474,8474,69,729,hip-hipmm-cdls-getrf,0,0x5c08570d2ff0
8475,8475,60,642,hip-hipmm-cdls-getrf,0,0x5c08570d2ff0
8476,8476,96,855,hip-hipmm-cdls-getrf,0,0x5c08570d2ff0
8477,8477,81,807,hip-hipmm-cdls-getrf,0,0x5c08570d2ff0
8478,8478,117,786,hip-hipmm-cdls-getrf,0,0x5c08570d2ff0
8479,8479,84,777,hip-hipmm-cdls-getrf,0,0x5c08570d2ff0
8480,8480,99,1011,hip-hipmm-cdls-getrf,0,0x5c08570d2ff0
8481,8481,102,897,hip-hipmm-cdls-getrf,0,0x5c08570d2ff0
8482,8482,135,1005,hip-hipmm-cdls-getrf,0,0x5c08570d2ff0
8483,8483,123,900,hip-hipmm-cdls-getrf,0,0x5c08570d2ff0
8484,8484,84,765,hip-hipmm-cdls-getrf,0,0x5c08570d2ff0
8485,8485,81,657,hip-hipmm-cdls-getrf,0,0x5c08570d2ff0
8486,8486,147,624,hip-hipmm-cdls-getrf,0,0x5c08570d2ff0
8487,8487,159,876,hip-hipmm-cdls-getrf,0,0x5c08570d2ff0
8488,8488,147,870,hip-hipmm-cdls-getrf,0,0x5c08570d2ff0
8489,8489,78,984,hip-hipmm-cdls-getrf,0,0x5c08570d2ff0
8490,8490,90,759,hip-hipmm-cdls-getrf,0,0x5c08570d2ff0
8491,8491,78,567,hip-hipmm-cdls-getrf,0,0x5c08570d2ff0
8492,8492,57,579,hip-hipmm-cdls-getrf,0,0x5c08570d2ff0
8493,8493,72,726,hip-hipmm-cdls-getrf,0,0x5c08570d2ff0
8494,8494,54,642,hip-hipmm-cdls-getrf,0,0x5c08570d2ff0
8495,8495,78,876,hip-hipmm-cdls-getrf,0,0x5c08570d2ff0
8496,8496,57,513,hip-hipmm-cdls-getrf,0,0x5c08570d2ff0
8497,8497,84,843,hip-hipmm-cdls-getrf,0,0x5c08570d2ff0
8498,8498,45,462,hip-hipmm-cdls-getrf,0,0x5c08570d2ff0
8499,8499,42,711,hip-hipmm-cdls-getrf,0,0x5c08570d2ff0
8500,8500,54,792,hip-hipmm-cdls-getrf,0,0x5c08570d2ff0
8501,8501,45,582,hip-hipmm-cdls-getrf,0,0x5c08570d2ff0
8502,8502,54,558,hip-hipmm-cdls-getrf,0,0x5c08570d2ff0
8503,8503,48,609,hip-hipmm-cdls-getrf,0,0x5c08570d2ff0
8504,8504,81,1074,hip-hipmm-cdls-getrf,0,0x5c08570d2ff0
8505,8505,57,708,hip-hipmm-cdls-getrf,0,0x5c08570d2ff0
8506,8506,72,840,hip-hipmm-cdls-getrf,0,0x5c08570d2ff0
8507,8507,75,792,hip-hipmm-cdls-getrf,0,0x5c08570d2ff0
8508,8508,84,801,hip-hipmm-cdls-getrf,0,0x5c08570d2ff0
8509,8509,90,807,hip-hipmm-cdls-getrf,0,0x5c08570d2ff0
8510,8510,90,519,hip-hipmm-cdls-getrf,0,0x5c08570d2ff0
8511,8511,126,447,hip-hipmm-cdls-getrf,0,0x5c08570d2ff0
8512,8512,75,384,hip-hipmm-cdls-getrf,0,0x5c08570d2ff0
8513,8513,84,657,hip-hipmm-cdls-getrf,0,0x5c08570d2ff0
8514,8514,48,534,hip-hipmm-cdls-getrf,0,0x5c08570d2ff0
8515,8515,87,645,hip-hipmm-cdls-getrf,0,0x5c08570d2ff0
8516,8516,51,543,hip-hipmm-cdls-getrf,0,0x5c08570d2ff0
8517,8517,87,513,hip-hipmm-cdls-getrf,0,0x5c08570d2ff0
8518,8518,123,441,hip-hipmm-cdls-getrf,0,0x5c08570d2ff0
8519,8519,117,477,hip-hipmm-cdls-getrf,0,0x5c08570d2ff0
8520,8520,72,657,hip-hipmm-cdls-getrf,0,0x5c08570d2ff0
8521,8521,78,558,hip-hipmm-cdls-getrf,0,0x5c08570d2ff0
8522,8522,108,555,hip-hipmm-cdls-getrf,0,0x5c08570d2ff0
8523,8523,51,642,hip-hipmm-cdls-getrf,0,0x5c08570d2ff0
8524,8524,57,663,hip-hipmm-cdls-getrf,0,0x5c08570d2ff0
8525,8525,84,723,hip-hipmm-cdls-getrf,0,0x5c08570d2ff0
8526,8526,57,411,hip-hipmm-cdls-getrf,0,0x5c08570d2ff0
8527,8527,51,333,hip-hipmm-cdls-getrf,0,0x5c08570d2ff0
8528,8528,69,378,hip-hipmm-cdls-getrf,0,0x5c08570d2ff0
8529,8529,153,456,hip-hipmm-cdls-getrf,0,0x5c08570d2ff0
8530,8530,75,552,hip-hipmm-cdls-getrf,0,0x5c08570d2ff0
8531,8531,90,447,hip-hipmm-cdls-getrf,0,0x5c08570d2ff0
8532,8532,48,474,hip-hipmm-cdls-getrf,0,0x5c08570d2ff0
8533,8533,51,402,hip-hipmm-cdls-getrf,0,0x5c08570d2ff0
8534,8534,78,483,hip-hipmm-cdls-getrf,0,0x5c08570d2ff0
8535,8535,51,651,hip-hipmm-cdls-getrf,0,0x5c08570d2ff0
8536,8536,60,663,hip-hipmm-cdls-getrf,0,0x5c08570d2ff0
8537,8537,114,720,hip-hipmm-cdls-getrf,0,0x5c08570d2ff0
8538,8538,90,471,hip-hipmm-cdls-getrf,0,0x5c08570d2ff0
8539,8539,102,567,hip-hipmm-cdls-getrf,0,0x5c08570d2ff0
8540,8540,69,723,hip-hipmm-cdls-getrf,0,0x5c08570d2ff0
8541,8541,75,603,hip-hipmm-cdls-getrf,0,0x5c08570d2ff0
8542,8542,54,540,hip-hipmm-cdls-getrf,0,0x5c08570d2ff0
8543,8543,78,672,hip-hipmm-cdls-getrf,0,0x5c08570d2ff0
8544,8544,78,555,hip-hipmm-cdls-getrf,0,0x5c08570d2ff0
8545,8545,54,498,hip-hipmm-cdls-getrf,0,0x5c08570d2ff0
8546,8546,72,546,hip-hipmm-cdls-getrf,0,0x5c08570d2ff0
8547,8547,69,579,hip-hipmm-cdls-getrf,0,0x5c08570d2ff0
8548,8548,81,729,hip-hipmm-cdls-getrf,0,0x5c08570d2ff0
8549,8549,66,582,hip-hipmm-cdls-getrf,0,0x5c08570d2ff0
8550,8550,78,633,hip-hipmm-cdls-getrf,0,0x5c08570d2ff0
8551,8551,87,591,hip-hipmm-cdls-getrf,0,0x5c08570d2ff0
8552,8552,48,693,hip-hipmm-cdls-getrf,0,0x5c08570d2ff0
8553,8553,69,549,hip-hipmm-cdls-getrf,0,0x5c08570d2ff0
8554,8554,60,687,hip-hipmm-cdls-getrf,0,0x5c08570d2ff0
8555,8555,75,552,hip-hipmm-cdls-getrf,0,0x5c08570d2ff0
8556,8556,105,552,hip-hipmm-cdls-getrf,0,0x5c08570d2ff0
8557,8557,81,774,hip-hipmm-cdls-getrf,0,0x5c08570d2ff0
8558,8558,54,672,hip-hipmm-cdls-getrf,0,0x5c08570d2ff0
8559,8559,108,570,hip-hipmm-cdls-getrf,0,0x5c08570d2ff0
8560,8560,66,732,hip-hipmm-cdls-getrf,0,0x5c08570d2ff0
8561,8561,93,627,hip-hipmm-cdls-getrf,0,0x5c08570d2ff0
8562,8562,90,762,hip-hipmm-cdls-getrf,0,0x5c08570d2ff0
8563,8563,60,927,hip-hipmm-cdls-getrf,0,0x5c08570d2ff0
8564,8564,87,606,hip-hipmm-cdls-getrf,0,0x5c08570d2ff0
8565,8565,81,678,hip-hipmm-cdls-getrf,0,0x5c08570d2ff0
8566,8566,75,732,hip-hipmm-cdls-getrf,0,0x5c08570d2ff0
8567,8567,30,729,hip-hipmm-cdls-getrf,0,0x5c08570d2ff0
8568,8568,108,999,hip-hipmm-cdls-getrf,0,0x5c08570d2ff0
8569,8569,42,630,hip-hipmm-cdls-getrf,0,0x5c08570d2ff0
8570,8570,120,534,hip-hipmm-cdls-getrf,0,0x5c08570d2ff0
8571,8571,90,804,hip-hipmm-cdls-getrf,0,0x5c08570d2ff0
8572,8572,42,627,hip-hipmm-cdls-getrf,0,0x5c08570d2ff0
8573,8573,57,564,hip-hipmm-cdls-getrf,0,0x5c08570d2ff0
8574,8574,75,651,hip-hipmm-cdls-getrf,0,0x5c08570d2ff0
8575,8575,96,759,hip-hipmm-cdls-getrf,0,0x5c08570d2ff0
8576,8576,51,462,hip-hipmm-cdls-getrf,0,0x5c08570d2ff0
8577,8577,69,675,hip-hipmm-cdls-getrf,0,0x5c08570d2ff0
8578,8578,57,669,hip-hipmm-cdls-getrf,0,0x5c08570d2ff0
8579,8579,48,786,hip-hipmm-cdls-getrf,0,0x5c08570d2ff0
8580,8580,69,558,hip-hipmm-cdls-getrf,0,0x5c08570d2ff0
8581,8581,132,711,hip-hipmm-cdls-getrf,0,0x5c08570d2ff0
8582,8582,66,522,hip-hipmm-cdls-getrf,0,0x5c08570d2ff0
8583,8583,87,666,hip-hipmm-cdls-getrf,0,0x5c08570d2ff0
8584,8584,66,477,hip-hipmm-cdls-getrf,0,0x5c08570d2ff0
8585,8585,99,720,hip-hipmm-cdls-getrf,0,0x5c08570d2ff0
8586,8586,75,723,hip-hipmm-cdls-getrf,0,0x5c08570d2ff0
8587,8587,54,594,hip-hipmm-cdls-getrf,0,0x5c08570d2ff0
8588,8588,75,657,hip-hipmm-cdls-getrf,0,0x5c08570d2ff0
8589,8589,66,696,hip-hipmm-cdls-getrf,0,0x5c08570d2ff0
8590,8590,66,759,hip-hipmm-cdls-getrf,0,0x5c08570d2ff0
8591,8591,75,606,hip-hipmm-cdls-getrf,0,0x5c08570d2ff0
8592,8592,99,333,hip-hipmm-cdls-getrf,0,0x5c08570d2ff0
8593,8593,66,393,hip-hipmm-cdls-getrf,0,0x5c08570d2ff0
8594,8594,84,483,hip-hipmm-cdls-getrf,0,0x5c08570d2ff0
8595,8595,60,363,hip-hipmm-cdls-getrf,0,0x5c08570d2ff0
8596,8596,114,405,hip-hipmm-cdls-getrf,0,0x5c08570d2ff0
8597,8597,132,405,hip-hipmm-cdls-getrf,0,0x5c08570d2ff0
8598,8598,153,393,hip-hipmm-cdls-getrf,0,0x5c08570d2ff0
8599,8599,96,591,hip-hipmm-cdls-getrf,0,0x5c08570d2ff0
8600,8600,51,585,hip-hipmm-cdls-getrf,0,0x5c08570d2ff0
8601,8601,72,555,hip-hipmm-cdls-getrf,0,0x5c08570d2ff0
8602,8602,57,561,hip-hipmm-cdls-getrf,0,0x5c08570d2ff0
8603,8603,96,603,hip-hipmm-cdls-getrf,0,0x5c08570d2ff0
8604,8604,69,420,hip-hipmm-cdls-getrf,0,0x5c08570d2ff0
8605,8605,63,702,hip-hipmm-cdls-getrf,0,0x5c08570d2ff0
8606,8606,66,531,hip-hipmm-cdls-getrf,0,0x5c08570d2ff0
8607,8607,60,570,hip-hipmm-cdls-getrf,0,0x5c08570d2ff0
8608,8608,102,696,hip-hipmm-cdls-getrf,0,0x5c08570d2ff0
8609,8609,72,603,hip-hipmm-cdls-getrf,0,0x5c08570d2ff0
8610,8610,78,486,hip-hipmm-cdls-getrf,0,0x5c08570d2ff0
8611,8611,120,495,hip-hipmm-cdls-getrf,0,0x5c08570d2ff0
8612,8612,87,681,hip-hipmm-cdls-getrf,0,0x5c08570d2ff0
8613,8613,60,657,hip-hipmm-cdls-getrf,0,0x5c08570d2ff0
8614,8614,90,870,hip-hipmm-cdls-getrf,0,0x5c08570d2ff0
8615,8615,60,678,hip-hipmm-cdls-getrf,0,0x5c08570d2ff0
8616,8616,63,585,hip-hipmm-cdls-getrf,0,0x5c08570d2ff0
8617,8617,51,660,hip-hipmm-cdls-getrf,0,0x5c08570d2ff0
8618,8618,105,774,hip-hipmm-cdls-getrf,0,0x5c08570d2ff0
8619,8619,96,867,hip-hipmm-cdls-getrf,0,0x5c08570d2ff0
8620,8620,54,927,hip-hipmm-cdls-getrf,0,0x5c08570d2ff0
8621,8621,141,1128,hip-hipmm-cdls-getrf,0,0x5c08570d2ff0
8622,8622,99,822,hip-hipmm-cdls-getrf,0,0x5c08570d2ff0
8623,8623,132,636,hip-hipmm-cdls-getrf,0,0x5c08570d2ff0
8624,8624,108,747,hip-hipmm-cdls-getrf,0,0x5c08570d2ff0
8625,8625,57,501,hip-hipmm-cdls-getrf,0,0x5c08570d2ff0
8626,8626,69,780,hip-hipmm-cdls-getrf,0,0x5c08570d2ff0
8627,8627,60,672,hip-hipmm-cdls-getrf,0,0x5c08570d2ff0
8628,8628,93,777,hip-hipmm-cdls-getrf,0,0x5c08570d2ff0
8629,8629,54,555,hip-hipmm-cdls-getrf,0,0x5c08570d2ff0
8630,8630,45,660,hip-hipmm-cdls-getrf,0,0x5c08570d2ff0
8631,8631,111,624,hip-hipmm-cdls-getrf,0,0x5c08570d2ff0
8632,8632,60,867,hip-hipmm-cdls-getrf,0,0x5c08570d2ff0
8633,8633,84,834,hip-hipmm-cdls-getrf,0,0x5c08570d2ff0
8634,8634,93,1038,hip-hipmm-cdls-getrf,0,0x5c08570d2ff0
8635,8635,48,801,hip-hipmm-cdls-getrf,0,0x5c08570d2ff0
8636,8636,69,807,hip-hipmm-cdls-getrf,0,0x5c08570d2ff0
8637,8637,81,711,hip-hipmm-cdls-getrf,0,0x5c08570d2ff0
8638,8638,138,834,hip-hipmm-cdls-getrf,0,0x5c08570d2ff0
8639,8639,84,525,hip-hipmm-cdls-getrf,0,0x5c08570d2ff0
8640,8640,120,516,hip-hipmm-cdls-getrf,0,0x5c08570d2ff0
8641,8641,90,876,hip-hipmm-cdls-getrf,0,0x5c08570d2ff0
8642,8642,90,696,hip-hipmm-cdls-getrf,0,0x5c08570d2ff0
8643,8643,39,1035,hip-hipmm-cdls-getrf,0,0x5c08570d2ff0
8644,8644,63,678,hip-hipmm-cdls-getrf,0,0x5c08570d2ff0
8645,8645,66,669,hip-hipmm-cdls-getrf,0,0x5c08570d2ff0
8646,8646,48,636,hip-hipmm-cdls-getrf,0,0x5c08570d2ff0
8647,8647,54,540,hip-hipmm-cdls-getrf,0,0x5c08570d2ff0
8648,8648,27,651,hip-hipmm-cdls-getrf,0,0x5c08570d2ff0
8649,8649,69,975,hip-hipmm-cdls-getrf,0,0x5c08570d2ff0
8650,8650,54,912,hip-hipmm-cdls-getrf,0,0x5c08570d2ff0
8651,8651,96,1071,hip-hipmm-cdls-getrf,0,0x5c08570d2ff0
8652,8652,54,672,hip-hipmm-cdls-getrf,0,0x5c08570d2ff0
8653,8653,54,660,hip-hipmm-cdls-getrf,0,0x5c08570d2ff0
8654,8654,69,1167,hip-hipmm-cdls-getrf,0,0x5c08570d2ff0
8655,8655,87,645,hip-hipmm-cdls-getrf,0,0x5c08570d2ff0
8656,8656,48,810,hip-hipmm-cdls-getrf,0,0x5c08570d2ff0
8657,8657,84,762,hip-hipmm-cdls-getrf,0,0x5c08570d2ff0
8658,8658,39,522,hip-hipmm-cdls-getrf,0,0x5c08570d2ff0
8659,8659,54,804,hip-hipmm-cdls-getrf,0,0x5c08570d2ff0
8660,8660,54,900,hip-hipmm-cdls-getrf,0,0x5c08570d2ff0
8661,8661,120,549,hip-hipmm-cdls-getrf,0,0x5c08570d2ff0
8662,8662,90,513,hip-hipmm-cdls-getrf,0,0x5c08570d2ff0
8663,8663,81,507,hip-hipmm-cdls-getrf,0,0x5c08570d2ff0
8664,8664,84,510,hip-hipmm-cdls-getrf,0,0x5c08570d2ff0
8665,8665,72,486,hip-hipmm-cdls-getrf,0,0x5c08570d2ff0
8666,8666,75,573,hip-hipmm-cdls-getrf,0,0x5c08570d2ff0
8667,8667,111,537,hip-hipmm-cdls-getrf,0,0x5c08570d2ff0
8668,8668,45,579,hip-hipmm-cdls-getrf,0,0x5c08570d2ff0
8669,8669,114,438,hip-hipmm-cdls-getrf,0,0x5c08570d2ff0
8670,8670,78,600,hip-hipmm-cdls-getrf,0,0x5c08570d2ff0
8671,8671,72,618,hip-hipmm-cdls-getrf,0,0x5c08570d2ff0
8672,8672,75,711,hip-hipmm-cdls-getrf,0,0x5c08570d2ff0
8673,8673,60,858,hip-hipmm-cdls-getrf,0,0x5c08570d2ff0
8674,8674,78,1008,hip-hipmm-cdls-getrf,0,0x5c08570d2ff0
8675,8675,48,738,hip-hipmm-cdls-getrf,0,0x5c08570d2ff0
8676,8676,63,681,hip-hipmm-cdls-getrf,0,0x5c08570d2ff0
8677,8677,105,951,hip-hipmm-cdls-getrf,0,0x5c08570d2ff0
8678,8678,108,894,hip-hipmm-cdls-getrf,0,0x5c08570d2ff0
8679,8679,60,942,hip-hipmm-cdls-getrf,0,0x5c08570d2ff0
8680,8680,90,771,hip-hipmm-cdls-getrf,0,0x5c08570d2ff0
8681,8681,72,870,hip-hipmm-cdls-getrf,0,0x5c08570d2ff0
8682,8682,69,867,hip-hipmm-cdls-getrf,0,0x5c08570d2ff0
8683,8683,84,798,hip-hipmm-cdls-getrf,0,0x5c08570d2ff0
8684,8684,72,846,hip-hipmm-cdls-getrf,0,0x5c08570d2ff0
8685,8685,87,861,hip-hipmm-cdls-getrf,0,0x5c08570d2ff0
8686,8686,90,1032,hip-hipmm-cdls-getrf,0,0x5c08570d2ff0
8687,8687,102,984,hip-hipmm-cdls-getrf,0,0x5c08570d2ff0
8688,8688,87,1041,hip-hipmm-cdls-getrf,0,0x5c08570d2ff0
8689,8689,69,711,hip-hipmm-cdls-getrf,0,0x5c08570d2ff0
8690,8690,57,807,hip-hipmm-cdls-getrf,0,0x5c08570d2ff0
8691,8691,48,810,hip-hipmm-cdls-getrf,0,0x5c08570d2ff0
8692,8692,42,633,hip-hipmm-cdls-getrf,0,0x5c08570d2ff0
8693,8693,102,447,hip-hipmm-cdls-getrf,0,0x5c08570d2ff0
8694,8694,96,678,hip-hipmm-cdls-getrf,0,0x5c08570d2ff0
8695,8695,108,909,hip-hipmm-cdls-getrf,0,0x5c08570d2ff0
8696,8696,105,615,hip-hipmm-cdls-getrf,0,0x5c08570d2ff0
8697,8697,102,489,hip-hipmm-cdls-getrf,0,0x5c08570d2ff0
8698,8698,87,495,hip-hipmm-cdls-getrf,0,0x5c08570d2ff0
8699,8699,54,609,hip-hipmm-cdls-getrf,0,0x5c08570d2ff0
8700,8700,36,834,hip-hipmm-cdls-getrf,0,0x5c08570d2ff0
8701,8701,57,591,hip-hipmm-cdls-getrf,0,0x5c08570d2ff0
8702,8702,42,624,hip-hipmm-cdls-getrf,0,0x5c08570d2ff0
8703,8703,63,705,hip-hipmm-cdls-getrf,0,0x5c08570d2ff0
8704,8704,87,504,hip-hipmm-cdls-getrf,0,0x5c08570d2ff0
8705,8705,54,783,hip-hipmm-cdls-getrf,0,0x5c08570d2ff0
8706,8706,84,774,hip-hipmm-cdls-getrf,0,0x5c08570d2ff0
8707,8707,75,885,hip-hipmm-cdls-getrf,0,0x5c08570d2ff0
8708,8708,69,819,hip-hipmm-cdls-getrf,0,0x5c08570d2ff0
8709,8709,45,648,hip-hipmm-cdls-getrf,0,0x5c08570d2ff0
8710,8710,84,1026,hip-hipmm-cdls-getrf,0,0x5c08570d2ff0
8711,8711,69,675,hip-hipmm-cdls-getrf,0,0x5c08570d2ff0
8712,8712,48,678,hip-hipmm-cdls-getrf,0,0x5c08570d2ff0
8713,8713,63,600,hip-hipmm-cdls-getrf,0,0x5c08570d2ff0
8714,8714,114,576,hip-hipmm-cdls-getrf,0,0x5c08570d2ff0
8715,8715,87,723,hip-hipmm-cdls-getrf,0,0x5c08570d2ff0
8716,8716,69,636,hip-hipmm-cdls-getrf,0,0x5c08570d2ff0
8717,8717,135,1104,hip-hipmm-cdls-getrf,0,0x5c08570d2ff0
8718,8718,96,861,hip-hipmm-cdls-getrf,0,0x5c08570d2ff0
8719,8719,63,966,hip-hipmm-cdls-getrf,0,0x5c08570d2ff0
8720,8720,123,597,hip-hipmm-cdls-getrf,0,0x5c08570d2ff0
8721,8721,78,1008,hip-hipmm-cdls-getrf,0,0x5c08570d2ff0
8722,8722,123,1140,hip-hipmm-cdls-getrf,0,0x5c08570d2ff0
8723,8723,99,924,hip-hipmm-cdls-getrf,0,0x5c08570d2ff0
8724,8724,99,1233,hip-hipmm-cdls-getrf,0,0x5c08570d2ff0
8725,8725,84,987,hip-hipmm-cdls-getrf,0,0x5c08570d2ff0
8726,8726,78,663,hip-hipmm-cdls-getrf,0,0x5c08570d2ff0
8727,8727,69,696,hip-hipmm-cdls-getrf,0,0x5c08570d2ff0
8728,8728,75,969,hip-hipmm-cdls-getrf,0,0x5c08570d2ff0
8729,8729,90,810,hip-hipmm-cdls-getrf,0,0x5c08570d2ff0
8730,8730,141,807,hip-hipmm-cdls-getrf,0,0x5c08570d2ff0
8731,8731,168,1269,hip-hipmm-cdls-getrf,0,0x5c08570d2ff0
8732,8732,123,1122,hip-hipmm-cdls-getrf,0,0x5c08570d2ff0
8733,8733,144,885,hip-hipmm-cdls-getrf,0,0x5c08570d2ff0
8734,8734,117,825,hip-hipmm-cdls-getrf,0,0x5c08570d2ff0
8735,8735,117,897,hip-hipmm-cdls-getrf,0,0x5c08570d2ff0
8736,8736,93,1002,hip-hipmm-cdls-getrf,0,0x5c08570d2ff0
8737,8737,63,690,hip-hipmm-cdls-getrf,0,0x5c08570d2ff0
8738,8738,78,693,hip-hipmm-cdls-getrf,0,0x5c08570d2ff0
8739,8739,114,1107,hip-hipmm-cdls-getrf,0,0x5c08570d2ff0
8740,8740,87,1044,hip-hipmm-cdls-getrf,0,0x5c08570d2ff0
8741,8741,33,438,hip-hipmm-cdls-getrf,0,0x5c08570d2ff0
8742,8742,93,756,hip-hipmm-cdls-getrf,0,0x5c08570d2ff0
8743,8743,48,462,hip-hipmm-cdls-getrf,0,0x5c08570d2ff0
8744,8744,60,597,hip-hipmm-cdls-getrf,0,0x5c08570d2ff0
8745,8745,57,327,hip-hipmm-cdls-getrf,0,0x5c08570d2ff0
8746,8746,78,477,hip-hipmm-cdls-getrf,0,0x5c08570d2ff0
8747,8747,81,363,hip-hipmm-cdls-getrf,0,0x5c08570d2ff0
8748,8748,93,552,hip-hipmm-cdls-getrf,0,0x5c08570d2ff0
8749,8749,54,702,hip-hipmm-cdls-getrf,0,0x5c08570d2ff0
8750,8750,87,333,hip-hipmm-cdls-getrf,0,0x5c08570d2ff0
8751,8751,84,432,hip-hipmm-cdls-getrf,0,0x5c08570d2ff0
8752,8752,132,348,hip-hipmm-cdls-getrf,0,0x5c08570d2ff0
8753,8753,153,591,hip-hipmm-cdls-getrf,0,0x5c08570d2ff0
8754,8754,63,642,hip-hipmm-cdls-getrf,0,0x5c08570d2ff0
8755,8755,69,768,hip-hipmm-cdls-getrf,0,0x5c08570d2ff0
8756,8756,60,570,hip-hipmm-cdls-getrf,0,0x5c08570d2ff0
8757,8757,147,1011,hip-hipmm-cdls-getrf,0,0x5c08570d2ff0
8758,8758,111,906,hip-hipmm-cdls-getrf,0,0x5c08570d2ff0
8759,8759,99,972,hip-hipmm-cdls-getrf,0,0x5c08570d2ff0
8760,8760,66,870,hip-hipmm-cdls-getrf,0,0x5c08570d2ff0
8761,8761,123,762,hip-hipmm-cdls-getrf,0,0x5c08570d2ff0
8762,8762,75,672,hip-hipmm-cdls-getrf,0,0x5c08570d2ff0
8763,8763,57,783,hip-hipmm-cdls-getrf,0,0x5c08570d2ff0
8764,8764,60,747,hip-hipmm-cdls-getrf,0,0x5c08570d2ff0
8765,8765,69,636,hip-hipmm-cdls-getrf,0,0x5c08570d2ff0
8766,8766,75,597,hip-hipmm-cdls-getrf,0,0x5c08570d2ff0
8767,8767,72,834,hip-hipmm-cdls-getrf,0,0x5c08570d2ff0
8768,8768,102,852,hip-hipmm-cdls-getrf,0,0x5c08570d2ff0
8769,8769,63,684,hip-hipmm-cdls-getrf,0,0x5c08570d2ff0
8770,8770,144,822,hip-hipmm-cdls-getrf,0,0x5c08570d2ff0
8771,8771,75,378,hip-hipmm-cdls-getrf,0,0x5c08570d2ff0
8772,8772,78,330,hip-hipmm-cdls-getrf,0,0x5c08570d2ff0
8773,8773,90,405,hip-hipmm-cdls-getrf,0,0x5c08570d2ff0
8774,8774,45,255,hip-hipmm-cdls-getrf,0,0x5c08570d2ff0
8775,8775,51,474,hip-hipmm-cdls-getrf,0,0x5c08570d2ff0
8776,8776,45,537,hip-hipmm-cdls-getrf,0,0x5c08570d2ff0
8777,8777,45,417,hip-hipmm-cdls-getrf,0,0x5c08570d2ff0
8778,8778,126,447,hip-hipmm-cdls-getrf,0,0x5c08570d2ff0
8779,8779,42,708,hip-hipmm-cdls-getrf,0,0x5c08570d2ff0
8780,8780,87,693,hip-hipmm-cdls-getrf,0,0x5c08570d2ff0
8781,8781,42,780,hip-hipmm-cdls-getrf,0,0x5c08570d2ff0
8782,8782,162,528,hip-hipmm-cdls-getrf,0,0x5c08570d2ff0
8783,8783,42,381,hip-hipmm-cdls-getrf,0,0x5c08570d2ff0
8784,8784,102,492,hip-hipmm-cdls-getrf,0,0x5c08570d2ff0
8785,8785,99,645,hip-hipmm-cdls-getrf,0,0x5c08570d2ff0
8786,8786,117,468,hip-hipmm-cdls-getrf,0,0x5c08570d2ff0
8787,8787,63,435,hip-hipmm-cdls-getrf,0,0x5c08570d2ff0
8788,8788,54,435,hip-hipmm-cdls-getrf,0,0x5c08570d2ff0
8789,8789,60,570,hip-hipmm-cdls-getrf,0,0x5c08570d2ff0
8790,8790,45,885,hip-hipmm-cdls-getrf,0,0x5c08570d2ff0
8791,8791,75,633,hip-hipmm-cdls-getrf,0,0x5c08570d2ff0
8792,8792,54,591,hip-hipmm-cdls-getrf,0,0x5c08570d2ff0
8793,8793,63,561,hip-hipmm-cdls-getrf,0,0x5c08570d2ff0
8794,8794,72,402,hip-hipmm-cdls-getrf,0,0x5c08570d2ff0
8795,8795,120,528,hip-hipmm-cdls-getrf,0,0x5c08570d2ff0
8796,8796,72,504,hip-hipmm-cdls-getrf,0,0x5c08570d2ff0
8797,8797,78,654,hip-hipmm-cdls-getrf,0,0x5c08570d2ff0
8798,8798,78,672,hip-hipmm-cdls-getrf,0,0x5c08570d2ff0
8799,8799,93,750,hip-hipmm-cdls-getrf,0,0x5c08570d2ff0
8800,8800,90,747,hip-hipmm-cdls-getrf,0,0x5c08570d2ff0
8801,8801,105,471,hip-hipmm-cdls-getrf,0,0x5c08570d2ff0
8802,8802,108,459,hip-hipmm-cdls-getrf,0,0x5c08570d2ff0
8803,8803,48,495,hip-hipmm-cdls-getrf,0,0x5c08570d2ff0
8804,8804,60,786,hip-hipmm-cdls-getrf,0,0x5c08570d2ff0
8805,8805,132,930,hip-hipmm-cdls-getrf,0,0x5c08570d2ff0
8806,8806,93,852,hip-hipmm-cdls-getrf,0,0x5c08570d2ff0
8807,8807,165,1488,hip-hipmm-cdls-getrf,0,0x5c08570d2ff0
8808,8808,72,873,hip-hipmm-cdls-getrf,0,0x5c08570d2ff0
8809,8809,78,855,hip-hipmm-cdls-getrf,0,0x5c08570d2ff0
8810,8810,69,693,hip-hipmm-cdls-getrf,0,0x5c08570d2ff0
8811,8811,102,906,hip-hipmm-cdls-getrf,0,0x5c08570d2ff0
8812,8812,63,660,hip-hipmm-cdls-getrf,0,0x5c08570d2ff0
8813,8813,45,927,hip-hipmm-cdls-getrf,0,0x5c08570d2ff0
8814,8814,81,759,hip-hipmm-cdls-getrf,0,0x5c08570d2ff0
8815,8815,84,570,hip-hipmm-cdls-getrf,0,0x5c08570d2ff0
8816,8816,72,726,hip-hipmm-cdls-getrf,0,0x5c08570d2ff0
8817,8817,30,576,hip-hipmm-cdls-getrf,0,0x5c08570d2ff0
8818,8818,102,720,hip-hipmm-cdls-getrf,0,0x5c08570d2ff0
8819,8819,69,933,hip-hipmm-cdls-getrf,0,0x5c08570d2ff0
8820,8820,72,729,hip-hipmm-cdls-getrf,0,0x5c08570d2ff0
8821,8821,48,708,hip-hipmm-cdls-getrf,0,0x5c08570d2ff0
8822,8822,81,777,hip-hipmm-cdls-getrf,0,0x5c08570d2ff0
8823,8823,60,735,hip-hipmm-cdls-getrf,0,0x5c08570d2ff0
8824,8824,93,690,hip-hipmm-cdls-getrf,0,0x5c08570d2ff0
8825,8825,108,744,hip-hipmm-cdls-getrf,0,0x5c08570d2ff0
8826,8826,129,489,hip-hipmm-cdls-getrf,0,0x5c08570d2ff0
8827,8827,81,603,hip-hipmm-cdls-getrf,0,0x5c08570d2ff0
8828,8828,45,426,hip-hipmm-cdls-getrf,0,0x5c08570d2ff0
8829,8829,78,507,hip-hipmm-cdls-getrf,0,0x5c08570d2ff0
8830,8830,99,438,hip-hipmm-cdls-getrf,0,0x5c08570d2ff0
8831,8831,60,516,hip-hipmm-cdls-getrf,0,0x5c08570d2ff0
8832,8832,108,537,hip-hipmm-cdls-getrf,0,0x5c08570d2ff0
8833,8833,54,468,hip-hipmm-cdls-getrf,0,0x5c08570d2ff0
8834,8834,78,582,hip-hipmm-cdls-getrf,0,0x5c08570d2ff0
8835,8835,84,699,hip-hipmm-cdls-getrf,0,0x5c08570d2ff0
8836,8836,123,903,hip-hipmm-cdls-getrf,0,0x5c08570d2ff0
8837,8837,117,1062,hip-hipmm-cdls-getrf,0,0x5c08570d2ff0
8838,8838,72,816,hip-hipmm-cdls-getrf,0,0x5c08570d2ff0
8839,8839,75,750,hip-hipmm-cdls-getrf,0,0x5c08570d2ff0
8840,8840,69,594,hip-hipmm-cdls-getrf,0,0x5c08570d2ff0
8841,8841,45,654,hip-hipmm-cdls-getrf,0,0x5c08570d2ff0
8842,8842,135,783,hip-hipmm-cdls-getrf,0,0x5c08570d2ff0
8843,8843,66,639,hip-hipmm-cdls-getrf,0,0x5c08570d2ff0
8844,8844,57,771,hip-hipmm-cdls-getrf,0,0x5c08570d2ff0
8845,8845,72,669,hip-hipmm-cdls-getrf,0,0x5c08570d2ff0
8846,8846,45,696,hip-hipmm-cdls-getrf,0,0x5c08570d2ff0
8847,8847,69,714,hip-hipmm-cdls-getrf,0,0x5c08570d2ff0
8848,8848,66,714,hip-hipmm-cdls-getrf,0,0x5c08570d2ff0
8849,8849,66,654,hip-hipmm-cdls-getrf,0,0x5c08570d2ff0
8850,8850,105,1149,hip-hipmm-cdls-getrf,0,0x5c08570d2ff0
8851,8851,90,1140,hip-hipmm-cdls-getrf,0,0x5c08570d2ff0
8852,8852,63,873,hip-hipmm-cdls-getrf,0,0x5c08570d2ff0
8853,8853,60,702,hip-hipmm-cdls-getrf,0,0x5c08570d2ff0
8854,8854,72,966,hip-hipmm-cdls-getrf,0,0x5c08570d2ff0
8855,8855,75,873,hip-hipmm-cdls-getrf,0,0x5c08570d2ff0
8856,8856,57,807,hip-hipmm-cdls-getrf,0,0x5c08570d2ff0
8857,8857,69,882,hip-hipmm-cdls-getrf,0,0x5c08570d2ff0
8858,8858,135,1077,hip-hipmm-cdls-getrf,0,0x5c08570d2ff0
8859,8859,78,1053,hip-hipmm-cdls-getrf,0,0x5c08570d2ff0
8860,8860,99,753,hip-hipmm-cdls-getrf,0,0x5c08570d2ff0
8861,8861,144,720,hip-hipmm-cdls-getrf,0,0x5c08570d2ff0
8862,8862,84,828,hip-hipmm-cdls-getrf,0,0x5c08570d2ff0
8863,8863,75,546,hip-hipmm-cdls-getrf,0,0x5c08570d2ff0
8864,8864,84,753,hip-hipmm-cdls-getrf,0,0x5c08570d2ff0
8865,8865,90,777,hip-hipmm-cdls-getrf,0,0x5c08570d2ff0
8866,8866,75,822,hip-hipmm-cdls-getrf,0,0x5c08570d2ff0
8867,8867,63,570,hip-hipmm-cdls-getrf,0,0x5c08570d2ff0
8868,8868,108,936,hip-hipmm-cdls-getrf,0,0x5c08570d2ff0
8869,8869,123,897,hip-hipmm-cdls-getrf,0,0x5c08570d2ff0
8870,8870,69,1017,hip-hipmm-cdls-getrf,0,0x5c08570d2ff0
8871,8871,66,594,hip-hipmm-cdls-getrf,0,0x5c08570d2ff0
8872,8872,57,1107,hip-hipmm-cdls-getrf,0,0x5c08570d2ff0
8873,8873,84,978,hip-hipmm-cdls-getrf,0,0x5c08570d2ff0
8874,8874,54,816,hip-hipmm-cdls-getrf,0,0x5c08570d2ff0
8875,8875,66,804,hip-hipmm-cdls-getrf,0,0x5c08570d2ff0
8876,8876,60,480,hip-hipmm-cdls-getrf,0,0x5c08570d2ff0
8877,8877,63,861,hip-hipmm-cdls-getrf,0,0x5c08570d2ff0
8878,8878,24,609,hip-hipmm-cdls-getrf,0,0x5c08570d2ff0
8879,8879,66,570,hip-hipmm-cdls-getrf,0,0x5c08570d2ff0
8880,8880,141,1209,hip-hipmm-cdls-getrf,0,0x5c08570d2ff0
8881,8881,84,1086,hip-hipmm-cdls-getrf,0,0x5c08570d2ff0
8882,8882,42,744,hip-hipmm-cdls-getrf,0,0x5c08570d2ff0
8883,8883,75,1029,hip-hipmm-cdls-getrf,0,0x5c08570d2ff0
8884,8884,141,1311,hip-hipmm-cdls-getrf,0,0x5c08570d2ff0
8885,8885,108,1266,hip-hipmm-cdls-getrf,0,0x5c08570d2ff0
8886,8886,69,1203,hip-hipmm-cdls-getrf,0,0x5c08570d2ff0
8887,8887,60,798,hip-hipmm-cdls-getrf,0,0x5c08570d2ff0
8888,8888,96,930,hip-hipmm-cdls-getrf,0,0x5c08570d2ff0
8889,8889,90,1140,hip-hipmm-cdls-getrf,0,0x5c08570d2ff0
8890,8890,111,1068,hip-hipmm-cdls-getrf,0,0x5c08570d2ff0
8891,8891,144,1245,hip-hipmm-cdls-getrf,0,0x5c08570d2ff0
8892,8892,66,1224,hip-hipmm-cdls-getrf,0,0x5c08570d2ff0
8893,8893,114,1632,hip-hipmm-cdls-getrf,0,0x5c08570d2ff0
8894,8894,72,906,hip-hipmm-cdls-getrf,0,0x5c08570d2ff0
8895,8895,66,549,hip-hipmm-cdls-getrf,0,0x5c08570d2ff0
8896,8896,99,675,hip-hipmm-cdls-getrf,0,0x5c08570d2ff0
8897,8897,63,651,hip-hipmm-cdls-getrf,0,0x5c08570d2ff0
8898,8898,57,933,hip-hipmm-cdls-getrf,0,0x5c08570d2ff0
8899,8899,66,555,hip-hipmm-cdls-getrf,0,0x5c08570d2ff0
8900,8900,99,897,hip-hipmm-cdls-getrf,0,0x5c08570d2ff0
8901,8901,105,1068,hip-hipmm-cdls-getrf,0,0x5c08570d2ff0
8902,8902,93,1311,hip-hipmm-cdls-getrf,0,0x5c08570d2ff0
8903,8903,90,1248,hip-hipmm-cdls-getrf,0,0x5c08570d2ff0
8904,8904,129,1029,hip-hipmm-cdls-getrf,0,0x5c08570d2ff0
8905,8905,48,1278,hip-hipmm-cdls-getrf,0,0x5c08570d2ff0
8906,8906,135,1539,hip-hipmm-cdls-getrf,0,0x5c08570d2ff0
8907,8907,105,1656,hip-hipmm-cdls-getrf,0,0x5c08570d2ff0
8908,8908,81,1167,hip-hipmm-cdls-getrf,0,0x5c08570d2ff0
8909,8909,90,1359,hip-hipmm-cdls-getrf,0,0x5c08570d2ff0
8910,8910,147,762,hip-hipmm-cdls-getrf,0,0x5c08570d2ff0
8911,8911,48,636,hip-hipmm-cdls-getrf,0,0x5c08570d2ff0
8912,8912,102,1404,hip-hipmm-cdls-getrf,0,0x5c08570d2ff0
8913,8913,153,1155,hip-hipmm-cdls-getrf,0,0x5c08570d2ff0
8914,8914,75,906,hip-hipmm-cdls-getrf,0,0x5c08570d2ff0
8915,8915,87,576,hip-hipmm-cdls-getrf,0,0x5c08570d2ff0
8916,8916,108,969,hip-hipmm-cdls-getrf,0,0x5c08570d2ff0
8917,8917,93,804,hip-hipmm-cdls-getrf,0,0x5c08570d2ff0
8918,8918,99,702,hip-hipmm-cdls-getrf,0,0x5c08570d2ff0
8919,8919,156,657,hip-hipmm-cdls-getrf,0,0x5c08570d2ff0
8920,8920,132,1296,hip-hipmm-cdls-getrf,0,0x5c08570d2ff0
8921,8921,123,975,hip-hipmm-cdls-getrf,0,0x5c08570d2ff0
8922,8922,96,711,hip-hipmm-cdls-getrf,0,0x5c08570d2ff0
8923,8923,84,780,hip-hipmm-cdls-getrf,0,0x5c08570d2ff0
8924,8924,87,1116,hip-hipmm-cdls-getrf,0,0x5c08570d2ff0
8925,8925,117,1200,hip-hipmm-cdls-getrf,0,0x5c08570d2ff0
8926,8926,93,978,hip-hipmm-cdls-getrf,0,0x5c08570d2ff0
8927,8927,39,783,hip-hipmm-cdls-getrf,0,0x5c08570d2ff0
8928,8928,78,1035,hip-hipmm-cdls-getrf,0,0x5c08570d2ff0
8929,8929,78,924,hip-hipmm-cdls-getrf,0,0x5c08570d2ff0
8930,8930,90,1143,hip-hipmm-cdls-getrf,0,0x5c08570d2ff0
8931,8931,114,1521,hip-hipmm-cdls-getrf,0,0x5c08570d2ff0
8932,8932,72,816,hip-hipmm-cdls-getrf,0,0x5c08570d2ff0
8933,8933,123,951,hip-hipmm-cdls-getrf,0,0x5c08570d2ff0
8934,8934,72,825,hip-hipmm-cdls-getrf,0,0x5c08570d2ff0
8935,8935,54,645,hip-hipmm-cdls-getrf,0,0x5c08570d2ff0
8936,8936,75,540,hip-hipmm-cdls-getrf,0,0x5c08570d2ff0
8937,8937,69,567,hip-hipmm-cdls-getrf,0,0x5c08570d2ff0
8938,8938,42,492,hip-hipmm-cdls-getrf,0,0x5c08570d2ff0
8939,8939,39,492,hip-hipmm-cdls-getrf,0,0x5c08570d2ff0
8940,8940,66,471,hip-hipmm-cdls-getrf,0,0x5c08570d2ff0
8941,8941,60,582,hip-hipmm-cdls-getrf,0,0x5c08570d2ff0
8942,8942,48,477,hip-hipmm-cdls-getrf,0,0x5c08570d2ff0
8943,8943,72,624,hip-hipmm-cdls-getrf,0,0x5c08570d2ff0
8944,8944,69,435,hip-hipmm-cdls-getrf,0,0x5c08570d2ff0
8945,8945,45,477,hip-hipmm-cdls-getrf,0,0x5c08570d2ff0
8946,8946,114,342,hip-hipmm-cdls-getrf,0,0x5c08570d2ff0
8947,8947,108,534,hip-hipmm-cdls-getrf,0,0x5c08570d2ff0
8948,8948,102,333,hip-hipmm-cdls-getrf,0,0x5c08570d2ff0
8949,8949,54,840,hip-hipmm-cdls-getrf,0,0x5c08570d2ff0
8950,8950,90,786,hip-hipmm-cdls-getrf,0,0x5c08570d2ff0
8951,8951,69,738,hip-hipmm-cdls-getrf,0,0x5c08570d2ff0
8952,8952,93,729,hip-hipmm-cdls-getrf,0,0x5c08570d2ff0
8953,8953,102,747,hip-hipmm-cdls-getrf,0,0x5c08570d2ff0
8954,8954,57,624,hip-hipmm-cdls-getrf,0,0x5c08570d2ff0
8955,8955,126,813,hip-hipmm-cdls-getrf,0,0x5c08570d2ff0
8956,8956,54,756,hip-hipmm-cdls-getrf,0,0x5c08570d2ff0
8957,8957,114,930,hip-hipmm-cdls-getrf,0,0x5c08570d2ff0
8958,8958,48,759,hip-hipmm-cdls-getrf,0,0x5c08570d2ff0
8959,8959,114,1203,hip-hipmm-cdls-getrf,0,0x5c08570d2ff0
8960,8960,105,882,hip-hipmm-cdls-getrf,0,0x5c08570d2ff0
8961,8961,66,735,hip-hipmm-cdls-getrf,0,0x5c08570d2ff0
8962,8962,96,882,hip-hipmm-cdls-getrf,0,0x5c08570d2ff0
8963,8963,69,759,hip-hipmm-cdls-getrf,0,0x5c08570d2ff0
8964,8964,60,1002,hip-hipmm-cdls-getrf,0,0x5c08570d2ff0
8965,8965,72,846,hip-hipmm-cdls-getrf,0,0x5c08570d2ff0
8966,8966,114,624,hip-hipmm-cdls-getrf,0,0x5c08570d2ff0
8967,8967,48,717,hip-hipmm-cdls-getrf,0,0x5c08570d2ff0
8968,8968,72,879,hip-hipmm-cdls-getrf,0,0x5c08570d2ff0
8969,8969,102,690,hip-hipmm-cdls-getrf,0,0x5c08570d2ff0
8970,8970,123,930,hip-hipmm-cdls-getrf,0,0x5c08570d2ff0
8971,8971,75,630,hip-hipmm-cdls-getrf,0,0x5c08570d2ff0
8972,8972,33,537,hip-hipmm-cdls-getrf,0,0x5c08570d2ff0
8973,8973,72,573,hip-hipmm-cdls-getrf,0,0x5c08570d2ff0
8974,8974,69,726,hip-hipmm-cdls-getrf,0,0x5c08570d2ff0
8975,8975,72,717,hip-hipmm-cdls-getrf,0,0x5c08570d2ff0
8976,8976,72,513,hip-hipmm-cdls-getrf,0,0x5c08570d2ff0
8977,8977,78,540,hip-hipmm-cdls-getrf,0,0x5c08570d2ff0
8978,8978,60,669,hip-hipmm-cdls-getrf,0,0x5c08570d2ff0
8979,8979,39,480,hip-hipmm-cdls-getrf,0,0x5c08570d2ff0
8980,8980,84,678,hip-hipmm-cdls-getrf,0,0x5c08570d2ff0
8981,8981,87,621,hip-hipmm-cdls-getrf,0,0x5c08570d2ff0
8982,8982,93,375,hip-hipmm-cdls-getrf,0,0x5c08570d2ff0
8983,8983,36,600,hip-hipmm-cdls-getrf,0,0x5c08570d2ff0
8984,8984,57,597,hip-hipmm-cdls-getrf,0,0x5c08570d2ff0
8985,8985,111,477,hip-hipmm-cdls-getrf,0,0x5c08570d2ff0
8986,8986,147,438,hip-hipmm-cdls-getrf,0,0x5c08570d2ff0
8987,8987,69,600,hip-hipmm-cdls-getrf,0,0x5c08570d2ff0
8988,8988,84,447,hip-hipmm-cdls-getrf,0,0x5c08570d2ff0
8989,8989,96,522,hip-hipmm-cdls-getrf,0,0x5c08570d2ff0
8990,8990,69,495,hip-hipmm-cdls-getrf,0,0x5c08570d2ff0
8991,8991,72,444,hip-hipmm-cdls-getrf,0,0x5c08570d2ff0
8992,8992,81,732,hip-hipmm-cdls-getrf,0,0x5c08570d2ff0
8993,8993,99,612,hip-hipmm-cdls-getrf,0,0x5c08570d2ff0
8994,8994,138,660,hip-hipmm-cdls-getrf,0,0x5c08570d2ff0
8995,8995,96,630,hip-hipmm-cdls-getrf,0,0x5c08570d2ff0
8996,8996,147,498,hip-hipmm-cdls-getrf,0,0x5c08570d2ff0
8997,8997,114,900,hip-hipmm-cdls-getrf,0,0x5c08570d2ff0
8998,8998,78,795,hip-hipmm-cdls-getrf,0,0x5c08570d2ff0
8999,8999,84,666,hip-hipmm-cdls-getrf,0,0x5c08570d2ff0
9000,9000,45,507,hip-hipmm-cdls-getrf,0,0x5c08570d2ff0
9001,9001,72,924,hip-hipmm-cdls-getrf,0,0x5c08570d2ff0
9002,9002,87,744,hip-hipmm-cdls-getrf,0,0x5c08570d2ff0
9003,9003,75,585,hip-hipmm-cdls-getrf,0,0x5c08570d2ff0
9004,9004,108,705,hip-hipmm-cdls-getrf,0,0x5c08570d2ff0
9005,9005,57,753,hip-hipmm-cdls-getrf,0,0x5c08570d2ff0
9006,9006,36,744,hip-hipmm-cdls-getrf,0,0x5c08570d2ff0
9007,9007,39,696,hip-hipmm-cdls-getrf,0,0x5c08570d2ff0
9008,9008,60,693,hip-hipmm-cdls-getrf,0,0x5c08570d2ff0
9009,9009,78,621,hip-hipmm-cdls-getrf,0,0x5c08570d2ff0
9010,9010,51,654,hip-hipmm-cdls-getrf,0,0x5c08570d2ff0
9011,9011,39,627,hip-hipmm-cdls-getrf,0,0x5c08570d2ff0
9012,9012,87,648,hip-hipmm-cdls-getrf,0,0x5c08570d2ff0
9013,9013,90,846,hip-hipmm-cdls-getrf,0,0x5c08570d2ff0
9014,9014,54,726,hip-hipmm-cdls-getrf,0,0x5c08570d2ff0
9015,9015,93,813,hip-hipmm-cdls-getrf,0,0x5c08570d2ff0
9016,9016,42,792,hip-hipmm-cdls-getrf,0,0x5c08570d2ff0
9017,9017,108,1119,hip-hipmm-cdls-getrf,0,0x5c08570d2ff0
9018,9018,117,807,hip-hipmm-cdls-getrf,0,0x5c08570d2ff0
9019,9019,114,1155,hip-hipmm-cdls-getrf,0,0x5c08570d2ff0
9020,9020,75,813,hip-hipmm-cdls-getrf,0,0x5c08570d2ff0
9021,9021,96,687,hip-hipmm-cdls-getrf,0,0x5c08570d2ff0
9022,9022,57,531,hip-hipmm-cdls-getrf,0,0x5c08570d2ff0
9023,9023,132,870,hip-hipmm-cdls-getrf,0,0x5c08570d2ff0
9024,9024,87,876,hip-hipmm-cdls-getrf,0,0x5c08570d2ff0
9025,9025,69,543,hip-hipmm-cdls-getrf,0,0x5c08570d2ff0
9026,9026,60,747,hip-hipmm-cdls-getrf,0,0x5c08570d2ff0
9027,9027,45,519,hip-hipmm-cdls-getrf,0,0x5c08570d2ff0
9028,9028,60,621,hip-hipmm-cdls-getrf,0,0x5c08570d2ff0
9029,9029,72,507,hip-hipmm-cdls-getrf,0,0x5c08570d2ff0
9030,9030,126,393,hip-hipmm-cdls-getrf,0,0x5c08570d2ff0
9031,9031,90,363,hip-hipmm-cdls-getrf,0,0x5c08570d2ff0
9032,9032,111,432,hip-hipmm-cdls-getrf,0,0x5c08570d2ff0
9033,9033,69,435,hip-hipmm-cdls-getrf,0,0x5c08570d2ff0
9034,9034,57,639,hip-hipmm-cdls-getrf,0,0x5c08570d2ff0
9035,9035,111,468,hip-hipmm-cdls-getrf,0,0x5c08570d2ff0
9036,9036,90,648,hip-hipmm-cdls-getrf,0,0x5c08570d2ff0
9037,9037,81,450,hip-hipmm-cdls-getrf,0,0x5c08570d2ff0
9038,9038,54,450,hip-hipmm-cdls-getrf,0,0x5c08570d2ff0
9039,9039,117,297,hip-hipmm-cdls-getrf,0,0x5c08570d2ff0
9040,9040,51,198,hip-hipmm-cdls-getrf,0,0x5c08570d2ff0
9041,9041,72,279,hip-hipmm-cdls-getrf,0,0x5c08570d2ff0
9042,9042,36,141,hip-hipmm-cdls-getrf,0,0x5c08570d2ff0
9043,9043,132,522,hip-hipmm-cdls-getrf,0,0x5c08570d2ff0
9044,9044,54,579,hip-hipmm-cdls-getrf,0,0x5c08570d2ff0
9045,9045,81,504,hip-hipmm-cdls-getrf,0,0x5c08570d2ff0
9046,9046,51,360,hip-hipmm-cdls-getrf,0,0x5c08570d2ff0
9047,9047,78,594,hip-hipmm-cdls-getrf,0,0x5c08570d2ff0
9048,9048,87,834,hip-hipmm-cdls-getrf,0,0x5c08570d2ff0
9049,9049,54,504,hip-hipmm-cdls-getrf,0,0x5c08570d2ff0
9050,9050,159,933,hip-hipmm-cdls-getrf,0,0x5c08570d2ff0
9051,9051,57,453,hip-hipmm-cdls-getrf,0,0x5c08570d2ff0
9052,9052,63,645,hip-hipmm-cdls-getrf,0,0x5c08570d2ff0
9053,9053,150,669,hip-hipmm-cdls-getrf,0,0x5c08570d2ff0
9054,9054,84,483,hip-hipmm-cdls-getrf,0,0x5c08570d2ff0
9055,9055,48,696,hip-hipmm-cdls-getrf,0,0x5c08570d2ff0
9056,9056,72,723,hip-hipmm-cdls-getrf,0,0x5c08570d2ff0
9057,9057,99,720,hip-hipmm-cdls-getrf,0,0x5c08570d2ff0
9058,9058,75,684,hip-hipmm-cdls-getrf,0,0x5c08570d2ff0
9059,9059,57,633,hip-hipmm-cdls-getrf,0,0x5c08570d2ff0
9060,9060,54,687,hip-hipmm-cdls-getrf,0,0x5c08570d2ff0
9061,9061,54,570,hip-hipmm-cdls-getrf,0,0x5c08570d2ff0
9062,9062,81,441,hip-hipmm-cdls-getrf,0,0x5c08570d2ff0
9063,9063,87,585,hip-hipmm-cdls-getrf,0,0x5c08570d2ff0
9064,9064,60,486,hip-hipmm-cdls-getrf,0,0x5c08570d2ff0
9065,9065,72,567,hip-hipmm-cdls-getrf,0,0x5c08570d2ff0
9066,9066,102,447,hip-hipmm-cdls-getrf,0,0x5c08570d2ff0
9067,9067,99,612,hip-hipmm-cdls-getrf,0,0x5c08570d2ff0
9068,9068,120,726,hip-hipmm-cdls-getrf,0,0x5c08570d2ff0
9069,9069,75,666,hip-hipmm-cdls-getrf,0,0x5c08570d2ff0
9070,9070,78,792,hip-hipmm-cdls-getrf,0,0x5c08570d2ff0
9071,9071,69,540,hip-hipmm-cdls-getrf,0,0x5c08570d2ff0
9072,9072,102,423,hip-hipmm-cdls-getrf,0,0x5c08570d2ff0
9073,9073,114,621,hip-hipmm-cdls-getrf,0,0x5c08570d2ff0
9074,9074,90,681,hip-hipmm-cdls-getrf,0,0x5c08570d2ff0
9075,9075,69,516,hip-hipmm-cdls-getrf,0,0x5c08570d2ff0
9076,9076,135,507,hip-hipmm-cdls-getrf,0,0x5c08570d2ff0
9077,9077,99,519,hip-hipmm-cdls-getrf,0,0x5c08570d2ff0
9078,9078,72,543,hip-hipmm-cdls-getrf,0,0x5c08570d2ff0
9079,9079,63,753,hip-hipmm-cdls-getrf,0,0x5c08570d2ff0
9080,9080,72,831,hip-hipmm-cdls-getrf,0,0x5c08570d2ff0
9081,9081,75,1017,hip-hipmm-cdls-getrf,0,0x5c08570d2ff0
9082,9082,60,498,hip-hipmm-cdls-getrf,0,0x5c08570d2ff0
9083,9083,45,585,hip-hipmm-cdls-getrf,0,0x5c08570d2ff0
9084,9084,63,732,hip-hipmm-cdls-getrf,0,0x5c08570d2ff0
9085,9085,69,816,hip-hipmm-cdls-getrf,0,0x5c08570d2ff0
9086,9086,93,945,hip-hipmm-cdls-getrf,0,0x5c08570d2ff0
9087,9087,66,831,hip-hipmm-cdls-getrf,0,0x5c08570d2ff0
9088,9088,93,669,hip-hipmm-cdls-getrf,0,0x5c08570d2ff0
9089,9089,54,684,hip-hipmm-cdls-getrf,0,0x5c08570d2ff0
9090,9090,48,642,hip-hipmm-cdls-getrf,0,0x5c08570d2ff0
9091,9091,63,978,hip-hipmm-cdls-getrf,0,0x5c08570d2ff0
9092,9092,63,876,hip-hipmm-cdls-getrf,0,0x5c08570d2ff0
9093,9093,84,1041,hip-hipmm-cdls-getrf,0,0x5c08570d2ff0
9094,9094,162,1077,hip-hipmm-cdls-getrf,0,0x5c08570d2ff0
9095,9095,30,624,hip-hipmm-cdls-getrf,0,0x5c08570d2ff0
9096,9096,60,930,hip-hipmm-cdls-getrf,0,0x5c08570d2ff0
9097,9097,114,744,hip-hipmm-cdls-getrf,0,0x5c08570d2ff0
9098,9098,90,660,hip-hipmm-cdls-getrf,0,0x5c08570d2ff0
9099,9099,81,438,hip-hipmm-cdls-getrf,0,0x5c08570d2ff0
9100,9100,111,597,hip-hipmm-cdls-getrf,0,0x5c08570d2ff0
9101,9101,36,354,hip-hipmm-cdls-getrf,0,0x5c08570d2ff0
9102,9102,90,501,hip-hipmm-cdls-getrf,0,0x5c08570d2ff0
9103,9103,30,108,hip-hipmm-cdls-getrf,0,0x5c08570d2ff0
9104,9104,63,819,hip-hipmm-cdls-getrf,0,0x5c08570d2ff0
9105,9105,72,834,hip-hipmm-cdls-getrf,0,0x5c08570d2ff0
9106,9106,66,744,hip-hipmm-cdls-getrf,0,0x5c08570d2ff0
9107,9107,48,786,hip-hipmm-cdls-getrf,0,0x5c08570d2ff0
9108,9108,54,669,hip-hipmm-cdls-getrf,0,0x5c08570d2ff0
9109,9109,81,672,hip-hipmm-cdls-getrf,0,0x5c08570d2ff0
9110,9110,87,933,hip-hipmm-cdls-getrf,0,0x5c08570d2ff0
9111,9111,63,957,hip-hipmm-cdls-getrf,0,0x5c08570d2ff0
9112,9112,111,441,hip-hipmm-cdls-getrf,0,0x5c08570d2ff0
9113,9113,108,750,hip-hipmm-cdls-getrf,0,0x5c08570d2ff0
9114,9114,99,393,hip-hipmm-cdls-getrf,0,0x5c08570d2ff0
9115,9115,72,696,hip-hipmm-cdls-getrf,0,0x5c08570d2ff0
9116,9116,72,678,hip-hipmm-cdls-getrf,0,0x5c08570d2ff0
9117,9117,93,1056,hip-hipmm-cdls-getrf,0,0x5c08570d2ff0
9118,9118,81,714,hip-hipmm-cdls-getrf,0,0x5c08570d2ff0
9119,9119,60,663,hip-hipmm-cdls-getrf,0,0x5c08570d2ff0
9120,9120,66,600,hip-hipmm-cdls-getrf,0,0x5c08570d2ff0
9121,9121,90,882,hip-hipmm-cdls-getrf,0,0x5c08570d2ff0
9122,9122,96,843,hip-hipmm-cdls-getrf,0,0x5c08570d2ff0
9123,9123,51,735,hip-hipmm-cdls-getrf,0,0x5c08570d2ff0
9124,9124,69,555,hip-hipmm-cdls-getrf,0,0x5c08570d2ff0
9125,9125,63,816,hip-hipmm-cdls-getrf,0,0x5c08570d2ff0
9126,9126,93,663,hip-hipmm-cdls-getrf,0,0x5c08570d2ff0
9127,9127,147,1374,hip-hipmm-cdls-getrf,0,0x5c08570d2ff0
9128,9128,102,927,hip-hipmm-cdls-getrf,0,0x5c08570d2ff0
9129,9129,45,453,hip-hipmm-cdls-getrf,0,0x5c08570d2ff0
9130,9130,63,546,hip-hipmm-cdls-getrf,0,0x5c08570d2ff0
9131,9131,75,510,hip-hipmm-cdls-getrf,0,0x5c08570d2ff0
9132,9132,75,594,hip-hipmm-cdls-getrf,0,0x5c08570d2ff0
9133,9133,57,483,hip-hipmm-cdls-getrf,0,0x5c08570d2ff0
9134,9134,75,501,hip-hipmm-cdls-getrf,0,0x5c08570d2ff0
9135,9135,72,786,hip-hipmm-cdls-getrf,0,0x5c08570d2ff0
9136,9136,81,663,hip-hipmm-cdls-getrf,0,0x5c08570d2ff0
9137,9137,84,885,hip-hipmm-cdls-getrf,0,0x5c08570d2ff0
9138,9138,45,687,hip-hipmm-cdls-getrf,0,0x5c08570d2ff0
9139,9139,102,858,hip-hipmm-cdls-getrf,0,0x5c08570d2ff0
9140,9140,57,705,hip-hipmm-cdls-getrf,0,0x5c08570d2ff0
9141,9141,51,741,hip-hipmm-cdls-getrf,0,0x5c08570d2ff0
9142,9142,57,585,hip-hipmm-cdls-getrf,0,0x5c08570d2ff0
9143,9143,51,894,hip-hipmm-cdls-getrf,0,0x5c08570d2ff0
9144,9144,72,870,hip-hipmm-cdls-getrf,0,0x5c08570d2ff0
9145,9145,30,669,hip-hipmm-cdls-getrf,0,0x5c08570d2ff0
9146,9146,39,609,hip-hipmm-cdls-getrf,0,0x5c08570d2ff0
9147,9147,60,966,hip-hipmm-cdls-getrf,0,0x5c08570d2ff0
9148,9148,33,747,hip-hipmm-cdls-getrf,0,0x5c08570d2ff0
9149,9149,111,792,hip-hipmm-cdls-getrf,0,0x5c08570d2ff0
9150,9150,102,945,hip-hipmm-cdls-getrf,0,0x5c08570d2ff0
9151,9151,57,678,hip-hipmm-cdls-getrf,0,0x5c08570d2ff0
9152,9152,93,789,hip-hipmm-cdls-getrf,0,0x5c08570d2ff0
9153,9153,39,666,hip-hipmm-cdls-getrf,0,0x5c08570d2ff0
9154,9154,66,576,hip-hipmm-cdls-getrf,0,0x5c08570d2ff0
9155,9155,117,495,hip-hipmm-cdls-getrf,0,0x5c08570d2ff0
9156,9156,60,504,hip-hipmm-cdls-getrf,0,0x5c08570d2ff0
9157,9157,57,723,hip-hipmm-cdls-getrf,0,0x5c08570d2ff0
9158,9158,123,606,hip-hipmm-cdls-getrf,0,0x5c08570d2ff0
9159,9159,129,615,hip-hipmm-cdls-getrf,0,0x5c08570d2ff0
9160,9160,78,594,hip-hipmm-cdls-getrf,0,0x5c08570d2ff0
9161,9161,99,861,hip-hipmm-cdls-getrf,0,0x5c08570d2ff0
9162,9162,108,1041,hip-hipmm-cdls-getrf,0,0x5c08570d2ff0
9163,9163,60,813,hip-hipmm-cdls-getrf,0,0x5c08570d2ff0
9164,9164,48,645,hip-hipmm-cdls-getrf,0,0x5c08570d2ff0
9165,9165,90,873,hip-hipmm-cdls-getrf,0,0x5c08570d2ff0
9166,9166,63,603,hip-hipmm-cdls-getrf,0,0x5c08570d2ff0
9167,9167,75,477,hip-hipmm-cdls-getrf,0,0x5c08570d2ff0
9168,9168,123,612,hip-hipmm-cdls-getrf,0,0x5c08570d2ff0
9169,9169,60,411,hip-hipmm-cdls-getrf,0,0x5c08570d2ff0
9170,9170,51,750,hip-hipmm-cdls-getrf,0,0x5c08570d2ff0
9171,9171,78,705,hip-hipmm-cdls-getrf,0,0x5c08570d2ff0
9172,9172,96,561,hip-hipmm-cdls-getrf,0,0x5c08570d2ff0
9173,9173,132,936,hip-hipmm-cdls-getrf,0,0x5c08570d2ff0
9174,9174,51,882,hip-hipmm-cdls-getrf,0,0x5c08570d2ff0
9175,9175,75,858,hip-hipmm-cdls-getrf,0,0x5c08570d2ff0
9176,9176,114,909,hip-hipmm-cdls-getrf,0,0x5c08570d2ff0
9177,9177,147,1224,hip-hipmm-cdls-getrf,0,0x5c08570d2ff0
9178,9178,162,1365,hip-hipmm-cdls-getrf,0,0x5c08570d2ff0
9179,9179,96,1269,hip-hipmm-cdls-getrf,0,0x5c08570d2ff0
9180,9180,222,1854,hip-hipmm-cdls-getrf,0,0x5c08570d2ff0
9181,9181,99,1170,hip-hipmm-cdls-getrf,0,0x5c08570d2ff0
9182,9182,114,1512,hip-hipmm-cdls-getrf,0,0x5c08570d2ff0
9183,9183,84,969,hip-hipmm-cdls-getrf,0,0x5c08570d2ff0
9184,9184,69,753,hip-hipmm-cdls-getrf,0,0x5c08570d2ff0
9185,9185,144,1458,hip-hipmm-cdls-getrf,0,0x5c08570d2ff0
9186,9186,117,1443,hip-hipmm-cdls-getrf,0,0x5c08570d2ff0
9187,9187,84,822,hip-hipmm-cdls-getrf,0,0x5c08570d2ff0
9188,9188,75,1065,hip-hipmm-cdls-getrf,0,0x5c08570d2ff0
9189,9189,66,615,hip-hipmm-cdls-getrf,0,0x5c08570d2ff0
9190,9190,87,954,hip-hipmm-cdls-getrf,0,0x5c08570d2ff0
9191,9191,66,597,hip-hipmm-cdls-getrf,0,0x5c08570d2ff0
9192,9192,84,1041,hip-hipmm-cdls-getrf,0,0x5c08570d2ff0
9193,9193,102,1344,hip-hipmm-cdls-getrf,0,0x5c08570d2ff0
9194,9194,99,1293,hip-hipmm-cdls-getrf,0,0x5c08570d2ff0
9195,9195,102,960,hip-hipmm-cdls-getrf,0,0x5c08570d2ff0
9196,9196,30,780,hip-hipmm-cdls-getrf,0,0x5c08570d2ff0
9197,9197,75,942,hip-hipmm-cdls-getrf,0,0x5c08570d2ff0
9198,9198,99,915,hip-hipmm-cdls-getrf,0,0x5c08570d2ff0
9199,9199,108,900,hip-hipmm-cdls-getrf,0,0x5c08570d2ff0
9200,9200,63,801,hip-hipmm-cdls-getrf,0,0x5c08570d2ff0
9201,9201,93,465,hip-hipmm-cdls-getrf,0,0x5c08570d2ff0
9202,9202,54,780,hip-hipmm-cdls-getrf,0,0x5c08570d2ff0
9203,9203,126,411,hip-hipmm-cdls-getrf,0,0x5c08570d2ff0
9204,9204,90,504,hip-hipmm-cdls-getrf,0,0x5c08570d2ff0
9205,9205,90,789,hip-hipmm-cdls-getrf,0,0x5c08570d2ff0
9206,9206,54,444,hip-hipmm-cdls-getrf,0,0x5c08570d2ff0
9207,9207,48,894,hip-hipmm-cdls-getrf,0,0x5c08570d2ff0
9208,9208,72,702,hip-hipmm-cdls-getrf,0,0x5c08570d2ff0
9209,9209,60,585,hip-hipmm-cdls-getrf,0,0x5c08570d2ff0
9210,9210,99,879,hip-hipmm-cdls-getrf,0,0x5c08570d2ff0
9211,9211,75,885,hip-hipmm-cdls-getrf,0,0x5c08570d2ff0
9212,9212,126,1011,hip-hipmm-cdls-getrf,0,0x5c08570d2ff0
9213,9213,78,594,hip-hipmm-cdls-getrf,0,0x5c08570d2ff0
9214,9214,90,660,hip-hipmm-cdls-getrf,0,0x5c08570d2ff0
9215,9215,108,606,hip-hipmm-cdls-getrf,0,0x5c08570d2ff0
9216,9216,129,537,hip-hipmm-cdls-getrf,0,0x5c08570d2ff0
9217,9217,78,588,hip-hipmm-cdls-getrf,0,0x5c08570d2ff0
9218,9218,45,783,hip-hipmm-cdls-getrf,0,0x5c08570d2ff0
9219,9219,84,570,hip-hipmm-cdls-getrf,0,0x5c08570d2ff0
9220,9220,45,783,hip-hipmm-cdls-getrf,0,0x5c08570d2ff0
9221,9221,42,735,hip-hipmm-cdls-getrf,0,0x5c08570d2ff0
9222,9222,72,510,hip-hipmm-cdls-getrf,0,0x5c08570d2ff0
9223,9223,75,543,hip-hipmm-cdls-getrf,0,0x5c08570d2ff0
9224,9224,36,498,hip-hipmm-cdls-getrf,0,0x5c08570d2ff0
9225,9225,84,906,hip-hipmm-cdls-getrf,0,0x5c08570d2ff0
9226,9226,60,906,hip-hipmm-cdls-getrf,0,0x5c08570d2ff0
9227,9227,105,993,hip-hipmm-cdls-getrf,0,0x5c08570d2ff0
9228,9228,75,873,hip-hipmm-cdls-getrf,0,0x5c08570d2ff0
9229,9229,66,564,hip-hipmm-cdls-getrf,0,0x5c08570d2ff0
9230,9230,75,858,hip-hipmm-cdls-getrf,0,0x5c08570d2ff0
9231,9231,81,684,hip-hipmm-cdls-getrf,0,0x5c08570d2ff0
9232,9232,105,753,hip-hipmm-cdls-getrf,0,0x5c08570d2ff0
9233,9233,66,1092,hip-hipmm-cdls-getrf,0,0x5c08570d2ff0
9234,9234,75,873,hip-hipmm-cdls-getrf,0,0x5c08570d2ff0
9235,9235,93,792,hip-hipmm-cdls-getrf,0,0x5c08570d2ff0
9236,9236,57,567,hip-hipmm-cdls-getrf,0,0x5c08570d2ff0
9237,9237,51,873,hip-hipmm-cdls-getrf,0,0x5c08570d2ff0
9238,9238,51,627,hip-hipmm-cdls-getrf,0,0x5c08570d2ff0
9239,9239,51,684,hip-hipmm-cdls-getrf,0,0x5c08570d2ff0
9240,9240,54,744,hip-hipmm-cdls-getrf,0,0x5c08570d2ff0
9241,9241,108,750,hip-hipmm-cdls-getrf,0,0x5c08570d2ff0
9242,9242,105,654,hip-hipmm-cdls-getrf,0,0x5c08570d2ff0
9243,9243,57,630,hip-hipmm-cdls-getrf,0,0x5c08570d2ff0
9244,9244,69,588,hip-hipmm-cdls-getrf,0,0x5c08570d2ff0
9245,9245,108,990,hip-hipmm-cdls-getrf,0,0x5c08570d2ff0
9246,9246,144,1242,hip-hipmm-cdls-getrf,0,0x5c08570d2ff0
9247,9247,81,801,hip-hipmm-cdls-getrf,0,0x5c08570d2ff0
9248,9248,90,693,hip-hipmm-cdls-getrf,0,0x5c08570d2ff0
9249,9249,69,645,hip-hipmm-cdls-getrf,0,0x5c08570d2ff0
9250,9250,72,651,hip-hipmm-cdls-getrf,0,0x5c08570d2ff0
9251,9251,129,828,hip-hipmm-cdls-getrf,0,0x5c08570d2ff0
9252,9252,126,615,hip-hipmm-cdls-getrf,0,0x5c08570d2ff0
9253,9253,117,1056,hip-hipmm-cdls-getrf,0,0x5c08570d2ff0
9254,9254,78,1248,hip-hipmm-cdls-getrf,0,0x5c08570d2ff0
9255,9255,81,603,hip-hipmm-cdls-getrf,0,0x5c08570d2ff0
9256,9256,81,708,hip-hipmm-cdls-getrf,0,0x5c08570d2ff0
9257,9257,102,555,hip-hipmm-cdls-getrf,0,0x5c08570d2ff0
9258,9258,102,585,hip-hipmm-cdls-getrf,0,0x5c08570d2ff0
9259,9259,84,654,hip-hipmm-cdls-getrf,0,0x5c08570d2ff0
9260,9260,57,843,hip-hipmm-cdls-getrf,0,0x5c08570d2ff0
9261,9261,57,447,hip-hipmm-cdls-getrf,0,0x5c08570d2ff0
9262,9262,54,660,hip-hipmm-cdls-getrf,0,0x5c08570d2ff0
9263,9263,90,408,hip-hipmm-cdls-getrf,0,0x5c08570d2ff0
9264,9264,42,618,hip-hipmm-cdls-getrf,0,0x5c08570d2ff0
9265,9265,84,555,hip-hipmm-cdls-getrf,0,0x5c08570d2ff0
9266,9266,66,648,hip-hipmm-cdls-getrf,0,0x5c08570d2ff0
9267,9267,63,612,hip-hipmm-cdls-getrf,0,0x5c08570d2ff0
9268,9268,75,564,hip-hipmm-cdls-getrf,0,0x5c08570d2ff0
9269,9269,66,732,hip-hipmm-cdls-getrf,0,0x5c08570d2ff0
9270,9270,105,1287,hip-hipmm-cdls-getrf,0,0x5c08570d2ff0
9271,9271,63,765,hip-hipmm-cdls-getrf,0,0x5c08570d2ff0
9272,9272,69,675,hip-hipmm-cdls-getrf,0,0x5c08570d2ff0
9273,9273,57,480,hip-hipmm-cdls-getrf,0,0x5c08570d2ff0
9274,9274,54,618,hip-hipmm-cdls-getrf,0,0x5c08570d2ff0
9275,9275,45,747,hip-hipmm-cdls-getrf,0,0x5c08570d2ff0
9276,9276,102,465,hip-hipmm-cdls-getrf,0,0x5c08570d2ff0
9277,9277,90,639,hip-hipmm-cdls-getrf,0,0x5c08570d2ff0
9278,9278,108,1053,hip-hipmm-cdls-getrf,0,0x5c08570d2ff0
9279,9279,78,1128,hip-hipmm-cdls-getrf,0,0x5c08570d2ff0
9280,9280,78,678,hip-hipmm-cdls-getrf,0,0x5c08570d2ff0
9281,9281,57,525,hip-hipmm-cdls-getrf,0,0x5c08570d2ff0
9282,9282,72,762,hip-hipmm-cdls-getrf,0,0x5c08570d2ff0
9283,9283,81,795,hip-hipmm-cdls-getrf,0,0x5c08570d2ff0
9284,9284,132,621,hip-hipmm-cdls-getrf,0,0x5c08570d2ff0
9285,9285,48,531,hip-hipmm-cdls-getrf,0,0x5c08570d2ff0
9286,9286,45,756,hip-hipmm-cdls-getrf,0,0x5c08570d2ff0
9287,9287,75,1065,hip-hipmm-cdls-getrf,0,0x5c08570d2ff0
9288,9288,78,1104,hip-hipmm-cdls-getrf,0,0x5c08570d2ff0
9289,9289,69,939,hip-hipmm-cdls-getrf,0,0x5c08570d2ff0
9290,9290,132,801,hip-hipmm-cdls-getrf,0,0x5c08570d2ff0
9291,9291,57,711,hip-hipmm-cdls-getrf,0,0x5c08570d2ff0
9292,9292,33,843,hip-hipmm-cdls-getrf,0,0x5c08570d2ff0
9293,9293,78,1164,hip-hipmm-cdls-getrf,0,0x5c08570d2ff0
9294,9294,57,711,hip-hipmm-cdls-getrf,0,0x5c08570d2ff0
9295,9295,69,915,hip-hipmm-cdls-getrf,0,0x5c08570d2ff0
9296,9296,114,1212,hip-hipmm-cdls-getrf,0,0x5c08570d2ff0
9297,9297,66,801,hip-hipmm-cdls-getrf,0,0x5c08570d2ff0
9298,9298,75,885,hip-hipmm-cdls-getrf,0,0x5c08570d2ff0
9299,9299,48,657,hip-hipmm-cdls-getrf,0,0x5c08570d2ff0
9300,9300,84,717,hip-hipmm-cdls-getrf,0,0x5c08570d2ff0
9301,9301,81,789,hip-hipmm-cdls-getrf,0,0x5c08570d2ff0
9302,9302,84,996,hip-hipmm-cdls-getrf,0,0x5c08570d2ff0
9303,9303,93,1083,hip-hipmm-cdls-getrf,0,0x5c08570d2ff0
9304,9304,132,855,hip-hipmm-cdls-getrf,0,0x5c08570d2ff0
9305,9305,120,1233,hip-hipmm-cdls-getrf,0,0x5c08570d2ff0
9306,9306,114,1197,hip-hipmm-cdls-getrf,0,0x5c08570d2ff0
9307,9307,69,738,hip-hipmm-cdls-getrf,0,0x5c08570d2ff0
9308,9308,105,999,hip-hipmm-cdls-getrf,0,0x5c08570d2ff0
9309,9309,93,939,hip-hipmm-cdls-getrf,0,0x5c08570d2ff0
9310,9310,75,993,hip-hipmm-cdls-getrf,0,0x5c08570d2ff0
9311,9311,117,1395,hip-hipmm-cdls-getrf,0,0x5c08570d2ff0
9312,9312,117,1116,hip-hipmm-cdls-getrf,0,0x5c08570d2ff0
9313,9313,135,1329,hip-hipmm-cdls-getrf,0,0x5c08570d2ff0
9314,9314,93,987,hip-hipmm-cdls-getrf,0,0x5c08570d2ff0
9315,9315,75,999,hip-hipmm-cdls-getrf,0,0x5c08570d2ff0
9316,9316,102,828,hip-hipmm-cdls-getrf,0,0x5c08570d2ff0
9317,9317,129,1098,hip-hipmm-cdls-getrf,0,0x5c08570d2ff0
9318,9318,105,981,hip-hipmm-cdls-getrf,0,0x5c08570d2ff0
9319,9319,84,915,hip-hipmm-cdls-getrf,0,0x5c08570d2ff0
9320,9320,72,879,hip-hipmm-cdls-getrf,0,0x5c08570d2ff0
9321,9321,102,618,hip-hipmm-cdls-getrf,0,0x5c08570d2ff0
9322,9322,63,687,hip-hipmm-cdls-getrf,0,0x5c08570d2ff0
9323,9323,159,732,hip-hipmm-cdls-getrf,0,0x5c08570d2ff0
9324,9324,75,708,hip-hipmm-cdls-getrf,0,0x5c08570d2ff0
9325,9325,60,726,hip-hipmm-cdls-getrf,0,0x5c08570d2ff0
9326,9326,78,828,hip-hipmm-cdls-getrf,0,0x5c08570d2ff0
9327,9327,81,864,hip-hipmm-cdls-getrf,0,0x5c08570d2ff0
9328,9328,60,1029,hip-hipmm-cdls-getrf,0,0x5c08570d2ff0
9329,9329,129,1104,hip-hipmm-cdls-getrf,0,0x5c08570d2ff0
9330,9330,96,1113,hip-hipmm-cdls-getrf,0,0x5c08570d2ff0
9331,9331,84,930,hip-hipmm-cdls-getrf,0,0x5c08570d2ff0
9332,9332,87,1239,hip-hipmm-cdls-getrf,0,0x5c08570d2ff0
9333,9333,102,1116,hip-hipmm-cdls-getrf,0,0x5c08570d2ff0
9334,9334,99,1137,hip-hipmm-cdls-getrf,0,0x5c08570d2ff0
9335,9335,45,711,hip-hipmm-cdls-getrf,0,0x5c08570d2ff0
9336,9336,75,1017,hip-hipmm-cdls-getrf,0,0x5c08570d2ff0
9337,9337,93,741,hip-hipmm-cdls-getrf,0,0x5c08570d2ff0
9338,9338,102,474,hip-hipmm-cdls-getrf,0,0x5c08570d2ff0
9339,9339,63,903,hip-hipmm-cdls-getrf,0,0x5c08570d2ff0
9340,9340,57,687,hip-hipmm-cdls-getrf,0,0x5c08570d2ff0
9341,9341,87,903,hip-hipmm-cdls-getrf,0,0x5c08570d2ff0
9342,9342,66,828,hip-hipmm-cdls-getrf,0,0x5c08570d2ff0
9343,9343,102,651,hip-hipmm-cdls-getrf,0,0x5c08570d2ff0
9344,9344,57,444,hip-hipmm-cdls-getrf,0,0x5c08570d2ff0
9345,9345,72,771,hip-hipmm-cdls-getrf,0,0x5c08570d2ff0
9346,9346,69,855,hip-hipmm-cdls-getrf,0,0x5c08570d2ff0
9347,9347,75,609,hip-hipmm-cdls-getrf,0,0x5c08570d2ff0
9348,9348,45,573,hip-hipmm-cdls-getrf,0,0x5c08570d2ff0
9349,9349,87,777,hip-hipmm-cdls-getrf,0,0x5c08570d2ff0
9350,9350,69,441,hip-hipmm-cdls-getrf,0,0x5c08570d2ff0
9351,9351,87,684,hip-hipmm-cdls-getrf,0,0x5c08570d2ff0
9352,9352,102,561,hip-hipmm-cdls-getrf,0,0x5c08570d2ff0
9353,9353,78,1008,hip-hipmm-cdls-getrf,0,0x5c08570d2ff0
9354,9354,123,1545,hip-hipmm-cdls-getrf,0,0x5c08570d2ff0
9355,9355,63,939,hip-hipmm-cdls-getrf,0,0x5c08570d2ff0
9356,9356,150,1227,hip-hipmm-cdls-getrf,0,0x5c08570d2ff0
9357,9357,108,762,hip-hipmm-cdls-getrf,0,0x5c08570d2ff0
9358,9358,72,876,hip-hipmm-cdls-getrf,0,0x5c08570d2ff0
9359,9359,66,684,hip-hipmm-cdls-getrf,0,0x5c08570d2ff0
9360,9360,60,1014,hip-hipmm-cdls-getrf,0,0x5c08570d2ff0
9361,9361,63,708,hip-hipmm-cdls-getrf,0,0x5c08570d2ff0
9362,9362,87,861,hip-hipmm-cdls-getrf,0,0x5c08570d2ff0
9363,9363,42,645,hip-hipmm-cdls-getrf,0,0x5c08570d2ff0
9364,9364,90,1248,hip-hipmm-cdls-getrf,0,0x5c08570d2ff0
9365,9365,75,687,hip-hipmm-cdls-getrf,0,0x5c08570d2ff0
9366,9366,75,669,hip-hipmm-cdls-getrf,0,0x5c08570d2ff0
9367,9367,135,729,hip-hipmm-cdls-getrf,0,0x5c08570d2ff0
9368,9368,144,1293,hip-hipmm-cdls-getrf,0,0x5c08570d2ff0
9369,9369,75,723,hip-hipmm-cdls-getrf,0,0x5c08570d2ff0
9370,9370,84,666,hip-hipmm-cdls-getrf,0,0x5c08570d2ff0
9371,9371,87,882,hip-hipmm-cdls-getrf,0,0x5c08570d2ff0
9372,9372,102,981,hip-hipmm-cdls-getrf,0,0x5c08570d2ff0
9373,9373,66,726,hip-hipmm-cdls-getrf,0,0x5c08570d2ff0
9374,9374,45,891,hip-hipmm-cdls-getrf,0,0x5c08570d2ff0
9375,9375,72,654,hip-hipmm-cdls-getrf,0,0x5c08570d2ff0
9376,9376,84,483,hip-hipmm-cdls-getrf,0,0x5c08570d2ff0
9377,9377,60,978,hip-hipmm-cdls-getrf,0,0x5c08570d2ff0
9378,9378,69,819,hip-hipmm-cdls-getrf,0,0x5c08570d2ff0
9379,9379,90,984,hip-hipmm-cdls-getrf,0,0x5c08570d2ff0
9380,9380,69,915,hip-hipmm-cdls-getrf,0,0x5c08570d2ff0
9381,9381,63,615,hip-hipmm-cdls-getrf,0,0x5c08570d2ff0
9382,9382,102,876,hip-hipmm-cdls-getrf,0,0x5c08570d2ff0
9383,9383,99,1035,hip-hipmm-cdls-getrf,0,0x5c08570d2ff0
9384,9384,75,927,hip-hipmm-cdls-getrf,0,0x5c08570d2ff0
9385,9385,66,426,hip-hipmm-cdls-getrf,0,0x5c08570d2ff0
9386,9386,57,564,hip-hipmm-cdls-getrf,0,0x5c08570d2ff0
9387,9387,99,609,hip-hipmm-cdls-getrf,0,0x5c08570d2ff0
9388,9388,60,423,hip-hipmm-cdls-getrf,0,0x5c08570d2ff0
9389,9389,72,582,hip-hipmm-cdls-getrf,0,0x5c08570d2ff0
9390,9390,87,555,hip-hipmm-cdls-getrf,0,0x5c08570d2ff0
9391,9391,72,834,hip-hipmm-cdls-getrf,0,0x5c08570d2ff0
9392,9392,60,693,hip-hipmm-cdls-getrf,0,0x5c08570d2ff0
9393,9393,57,807,hip-hipmm-cdls-getrf,0,0x5c08570d2ff0
9394,9394,90,933,hip-hipmm-cdls-getrf,0,0x5c08570d2ff0
9395,9395,63,615,hip-hipmm-cdls-getrf,0,0x5c08570d2ff0
9396,9396,48,735,hip-hipmm-cdls-getrf,0,0x5c08570d2ff0
9397,9397,75,873,hip-hipmm-cdls-getrf,0,0x5c08570d2ff0
9398,9398,57,747,hip-hipmm-cdls-getrf,0,0x5c08570d2ff0
9399,9399,48,756,hip-hipmm-cdls-getrf,0,0x5c08570d2ff0
9400,9400,75,726,hip-hipmm-cdls-getrf,0,0x5c08570d2ff0
9401,9401,75,585,hip-hipmm-cdls-getrf,0,0x5c08570d2ff0
9402,9402,93,531,hip-hipmm-cdls-getrf,0,0x5c08570d2ff0
9403,9403,54,513,hip-hipmm-cdls-getrf,0,0x5c08570d2ff0
9404,9404,45,699,hip-hipmm-cdls-getrf,0,0x5c08570d2ff0
9405,9405,117,522,hip-hipmm-cdls-getrf,0,0x5c08570d2ff0
9406,9406,123,426,hip-hipmm-cdls-getrf,0,0x5c08570d2ff0
9407,9407,54,585,hip-hipmm-cdls-getrf,0,0x5c08570d2ff0
9408,9408,54,672,hip-hipmm-cdls-getrf,0,0x5c08570d2ff0
9409,9409,57,402,hip-hipmm-cdls-getrf,0,0x5c08570d2ff0
9410,9410,111,408,hip-hipmm-cdls-getrf,0,0x5c08570d2ff0
9411,9411,84,528,hip-hipmm-cdls-getrf,0,0x5c08570d2ff0
9412,9412,96,675,hip-hipmm-cdls-getrf,0,0x5c08570d2ff0
9413,9413,60,753,hip-hipmm-cdls-getrf,0,0x5c08570d2ff0
9414,9414,60,549,hip-hipmm-cdls-getrf,0,0x5c08570d2ff0
9415,9415,69,639,hip-hipmm-cdls-getrf,0,0x5c08570d2ff0
9416,9416,90,540,hip-hipmm-cdls-getrf,0,0x5c08570d2ff0
9417,9417,75,549,hip-hipmm-cdls-getrf,0,0x5c08570d2ff0
9418,9418,90,801,hip-hipmm-cdls-getrf,0,0x5c08570d2ff0
9419,9419,84,711,hip-hipmm-cdls-getrf,0,0x5c08570d2ff0
9420,9420,102,1050,hip-hipmm-cdls-getrf,0,0x5c08570d2ff0
9421,9421,93,891,hip-hipmm-cdls-getrf,0,0x5c08570d2ff0
9422,9422,99,828,hip-hipmm-cdls-getrf,0,0x5c08570d2ff0
9423,9423,129,990,hip-hipmm-cdls-getrf,0,0x5c08570d2ff0
9424,9424,117,1125,hip-hipmm-cdls-getrf,0,0x5c08570d2ff0
9425,9425,123,732,hip-hipmm-cdls-getrf,0,0x5c08570d2ff0
9426,9426,111,1179,hip-hipmm-cdls-getrf,0,0x5c08570d2ff0
9427,9427,174,1275,hip-hipmm-cdls-getrf,0,0x5c08570d2ff0
9428,9428,156,1260,hip-hipmm-cdls-getrf,0,0x5c08570d2ff0
9429,9429,99,1239,hip-hipmm-cdls-getrf,0,0x5c08570d2ff0
9430,9430,108,930,hip-hipmm-cdls-getrf,0,0x5c08570d2ff0
9431,9431,63,981,hip-hipmm-cdls-getrf,0,0x5c08570d2ff0
9432,9432,54,795,hip-hipmm-cdls-getrf,0,0x5c08570d2ff0
9433,9433,156,1143,hip-hipmm-cdls-getrf,0,0x5c08570d2ff0
9434,9434,108,1149,hip-hipmm-cdls-getrf,0,0x5c08570d2ff0
9435,9435,63,738,hip-hipmm-cdls-getrf,0,0x5c08570d2ff0
9436,9436,81,786,hip-hipmm-cdls-getrf,0,0x5c08570d2ff0
9437,9437,129,1017,hip-hipmm-cdls-getrf,0,0x5c08570d2ff0
9438,9438,108,1230,hip-hipmm-cdls-getrf,0,0x5c08570d2ff0
9439,9439,87,1287,hip-hipmm-cdls-getrf,0,0x5c08570d2ff0
9440,9440,126,1002,hip-hipmm-cdls-getrf,0,0x5c08570d2ff0
9441,9441,132,1302,hip-hipmm-cdls-getrf,0,0x5c08570d2ff0
9442,9442,135,966,hip-hipmm-cdls-getrf,0,0x5c08570d2ff0
9443,9443,114,1254,hip-hipmm-cdls-getrf,0,0x5c08570d2ff0
9444,9444,147,1404,hip-hipmm-cdls-getrf,0,0x5c08570d2ff0
9445,9445,69,1086,hip-hipmm-cdls-getrf,0,0x5c08570d2ff0
9446,9446,129,1089,hip-hipmm-cdls-getrf,0,0x5c08570d2ff0
9447,9447,165,1344,hip-hipmm-cdls-getrf,0,0x5c08570d2ff0
9448,9448,123,1572,hip-hipmm-cdls-getrf,0,0x5c08570d2ff0
9449,9449,108,1377,hip-hipmm-cdls-getrf,0,0x5c08570d2ff0
9450,9450,105,1227,hip-hipmm-cdls-getrf,0,0x5c08570d2ff0
9451,9451,144,1404,hip-hipmm-cdls-getrf,0,0x5c08570d2ff0
9452,9452,255,1656,hip-hipmm-cdls-getrf,0,0x5c08570d2ff0
9453,9453,90,717,hip-hipmm-cdls-getrf,0,0x5c08570d2ff0
9454,9454,129,726,hip-hipmm-cdls-getrf,0,0x5c08570d2ff0
9455,9455,108,1188,hip-hipmm-cdls-getrf,0,0x5c08570d2ff0
9456,9456,117,1209,hip-hipmm-cdls-getrf,0,0x5c08570d2ff0
9457,9457,51,522,hip-hipmm-cdls-getrf,0,0x5c08570d2ff0
9458,9458,96,1023,hip-hipmm-cdls-getrf,0,0x5c08570d2ff0
9459,9459,141,708,hip-hipmm-cdls-getrf,0,0x5c08570d2ff0
9460,9460,66,564,hip-hipmm-cdls-getrf,0,0x5c08570d2ff0
9461,9461,168,906,hip-hipmm-cdls-getrf,0,0x5c08570d2ff0
9462,9462,72,729,hip-hipmm-cdls-getrf,0,0x5c08570d2ff0
9463,9463,99,1086,hip-hipmm-cdls-getrf,0,0x5c08570d2ff0
9464,9464,120,1290,hip-hipmm-cdls-getrf,0,0x5c08570d2ff0
9465,9465,198,1101,hip-hipmm-cdls-getrf,0,0x5c08570d2ff0
9466,9466,141,1494,hip-hipmm-cdls-getrf,0,0x5c08570d2ff0
9467,9467,183,1407,hip-hipmm-cdls-getrf,0,0x5c08570d2ff0
9468,9468,114,1092,hip-hipmm-cdls-getrf,0,0x5c08570d2ff0
9469,9469,156,987,hip-hipmm-cdls-getrf,0,0x5c08570d2ff0
9470,9470,96,1443,hip-hipmm-cdls-getrf,0,0x5c08570d2ff0
9471,9471,111,984,hip-hipmm-cdls-getrf,0,0x5c08570d2ff0
9472,9472,129,984,hip-hipmm-cdls-getrf,0,0x5c08570d2ff0
9473,9473,171,1119,hip-hipmm-cdls-getrf,0,0x5c08570d2ff0
9474,9474,144,1026,hip-hipmm-cdls-getrf,0,0x5c08570d2ff0
9475,9475,84,951,hip-hipmm-cdls-getrf,0,0x5c08570d2ff0
9476,9476,129,1074,hip-hipmm-cdls-getrf,0,0x5c08570d2ff0
9477,9477,84,942,hip-hipmm-cdls-getrf,0,0x5c08570d2ff0
9478,9478,177,1374,hip-hipmm-cdls-getrf,0,0x5c08570d2ff0
9479,9479,162,1254,hip-hipmm-cdls-getrf,0,0x5c08570d2ff0
9480,9480,129,1248,hip-hipmm-cdls-getrf,0,0x5c08570d2ff0
9481,9481,78,627,hip-hipmm-cdls-getrf,0,0x5c08570d2ff0
9482,9482,108,747,hip-hipmm-cdls-getrf,0,0x5c08570d2ff0
9483,9483,90,876,hip-hipmm-cdls-getrf,0,0x5c08570d2ff0
9484,9484,93,792,hip-hipmm-cdls-getrf,0,0x5c08570d2ff0
9485,9485,72,573,hip-hipmm-cdls-getrf,0,0x5c08570d2ff0
9486,9486,78,942,hip-hipmm-cdls-getrf,0,0x5c08570d2ff0
9487,9487,99,891,hip-hipmm-cdls-getrf,0,0x5c08570d2ff0
9488,9488,93,1080,hip-hipmm-cdls-getrf,0,0x5c08570d2ff0
9489,9489,123,735,hip-hipmm-cdls-getrf,0,0x5c08570d2ff0
9490,9490,81,720,hip-hipmm-cdls-getrf,0,0x5c08570d2ff0
9491,9491,54,663,hip-hipmm-cdls-getrf,0,0x5c08570d2ff0
9492,9492,42,687,hip-hipmm-cdls-getrf,0,0x5c08570d2ff0
9493,9493,114,1026,hip-hipmm-cdls-getrf,0,0x5c08570d2ff0
9494,9494,57,858,hip-hipmm-cdls-getrf,0,0x5c08570d2ff0
9495,9495,60,1017,hip-hipmm-cdls-getrf,0,0x5c08570d2ff0
9496,9496,81,849,hip-hipmm-cdls-getrf,0,0x5c08570d2ff0
9497,9497,114,891,hip-hipmm-cdls-getrf,0,0x5c08570d2ff0
9498,9498,108,759,hip-hipmm-cdls-getrf,0,0x5c08570d2ff0
9499,9499,138,957,hip-hipmm-cdls-getrf,0,0x5c08570d2ff0
9500,9500,135,861,hip-hipmm-cdls-getrf,0,0x5c08570d2ff0
9501,9501,87,999,hip-hipmm-cdls-getrf,0,0x5c08570d2ff0
9502,9502,84,960,hip-hipmm-cdls-getrf,0,0x5c08570d2ff0
9503,9503,60,807,hip-hipmm-cdls-getrf,0,0x5c08570d2ff0
9504,9504,108,1152,hip-hipmm-cdls-getrf,0,0x5c08570d2ff0
9505,9505,90,984,hip-hipmm-cdls-getrf,0,0x5c08570d2ff0
9506,9506,120,1020,hip-hipmm-cdls-getrf,0,0x5c08570d2ff0
9507,9507,150,1173,hip-hipmm-cdls-getrf,0,0x5c08570d2ff0
9508,9508,108,1095,hip-hipmm-cdls-getrf,0,0x5c08570d2ff0
9509,9509,165,1368,hip-hipmm-cdls-getrf,0,0x5c08570d2ff0
9510,9510,96,864,hip-hipmm-cdls-getrf,0,0x5c08570d2ff0
9511,9511,147,1089,hip-hipmm-cdls-getrf,0,0x5c08570d2ff0
9512,9512,69,963,hip-hipmm-cdls-getrf,0,0x5c08570d2ff0
9513,9513,90,933,hip-hipmm-cdls-getrf,0,0x5c08570d2ff0
9514,9514,165,990,hip-hipmm-cdls-getrf,0,0x5c08570d2ff0
9515,9515,177,1023,hip-hipmm-cdls-getrf,0,0x5c08570d2ff0
9516,9516,132,870,hip-hipmm-cdls-getrf,0,0x5c08570d2ff0
9517,9517,105,858,hip-hipmm-cdls-getrf,0,0x5c08570d2ff0
9518,9518,126,1092,hip-hipmm-cdls-getrf,0,0x5c08570d2ff0
9519,9519,42,1035,hip-hipmm-cdls-getrf,0,0x5c08570d2ff0
9520,9520,123,1125,hip-hipmm-cdls-getrf,0,0x5c08570d2ff0
9521,9521,189,837,hip-hipmm-cdls-getrf,0,0x5c08570d2ff0
9522,9522,96,573,hip-hipmm-cdls-getrf,0,0x5c08570d2ff0
9523,9523,105,639,hip-hipmm-cdls-getrf,0,0x5c08570d2ff0
9524,9524,90,861,hip-hipmm-cdls-getrf,0,0x5c08570d2ff0
9525,9525,108,828,hip-hipmm-cdls-getrf,0,0x5c08570d2ff0
9526,9526,111,684,hip-hipmm-cdls-getrf,0,0x5c08570d2ff0
9527,9527,114,933,hip-hipmm-cdls-getrf,0,0x5c08570d2ff0
9528,9528,87,945,hip-hipmm-cdls-getrf,0,0x5c08570d2ff0
9529,9529,111,771,hip-hipmm-cdls-getrf,0,0x5c08570d2ff0
9530,9530,57,852,hip-hipmm-cdls-getrf,0,0x5c08570d2ff0
9531,9531,96,1233,hip-hipmm-cdls-getrf,0,0x5c08570d2ff0
9532,9532,84,990,hip-hipmm-cdls-getrf,0,0x5c08570d2ff0
9533,9533,120,1089,hip-hipmm-cdls-getrf,0,0x5c08570d2ff0
9534,9534,165,1404,hip-hipmm-cdls-getrf,0,0x5c08570d2ff0
9535,9535,153,1500,hip-hipmm-cdls-getrf,0,0x5c08570d2ff0
9536,9536,99,987,hip-hipmm-cdls-getrf,0,0x5c08570d2ff0
9537,9537,111,987,hip-hipmm-cdls-getrf,0,0x5c08570d2ff0
9538,9538,120,1125,hip-hipmm-cdls-getrf,0,0x5c08570d2ff0
9539,9539,144,903,hip-hipmm-cdls-getrf,0,0x5c08570d2ff0
9540,9540,153,1092,hip-hipmm-cdls-getrf,0,0x5c08570d2ff0
9541,9541,183,1443,hip-hipmm-cdls-getrf,0,0x5c08570d2ff0
9542,9542,93,1347,hip-hipmm-cdls-getrf,0,0x5c08570d2ff0
9543,9543,162,1107,hip-hipmm-cdls-getrf,0,0x5c08570d2ff0
9544,9544,105,693,hip-hipmm-cdls-getrf,0,0x5c08570d2ff0
9545,9545,66,1272,hip-hipmm-cdls-getrf,0,0x5c08570d2ff0
9546,9546,162,1362,hip-hipmm-cdls-getrf,0,0x5c08570d2ff0
9547,9547,135,993,hip-hipmm-cdls-getrf,0,0x5c08570d2ff0
9548,9548,84,963,hip-hipmm-cdls-getrf,0,0x5c08570d2ff0
9549,9549,114,1572,hip-hipmm-cdls-getrf,0,0x5c08570d2ff0
9550,9550,81,1455,hip-hipmm-cdls-getrf,0,0x5c08570d2ff0
9551,9551,129,1491,hip-hipmm-cdls-getrf,0,0x5c08570d2ff0
9552,9552,84,1170,hip-hipmm-cdls-getrf,0,0x5c08570d2ff0
9553,9553,108,963,hip-hipmm-cdls-getrf,0,0x5c08570d2ff0
9554,9554,90,1440,hip-hipmm-cdls-getrf,0,0x5c08570d2ff0
9555,9555,90,723,hip-hipmm-cdls-getrf,0,0x5c08570d2ff0
9556,9556,42,762,hip-hipmm-cdls-getrf,0,0x5c08570d2ff0
9557,9557,57,795,hip-hipmm-cdls-getrf,0,0x5c08570d2ff0
9558,9558,87,813,hip-hipmm-cdls-getrf,0,0x5c08570d2ff0
9559,9559,69,720,hip-hipmm-cdls-getrf,0,0x5c08570d2ff0
9560,9560,126,981,hip-hipmm-cdls-getrf,0,0x5c08570d2ff0
9561,9561,123,1533,hip-hipmm-cdls-getrf,0,0x5c08570d2ff0
9562,9562,78,1164,hip-hipmm-cdls-getrf,0,0x5c08570d2ff0
9563,9563,144,1425,hip-hipmm-cdls-getrf,0,0x5c08570d2ff0
9564,9564,156,1320,hip-hipmm-cdls-getrf,0,0x5c08570d2ff0
9565,9565,93,1443,hip-hipmm-cdls-getrf,0,0x5c08570d2ff0
9566,9566,114,1296,hip-hipmm-cdls-getrf,0,0x5c08570d2ff0
9567,9567,99,1533,hip-hipmm-cdls-getrf,0,0x5c08570d2ff0
9568,9568,165,1587,hip-hipmm-cdls-getrf,0,0x5c08570d2ff0
9569,9569,120,1206,hip-hipmm-cdls-getrf,0,0x5c08570d2ff0
9570,9570,123,1146,hip-hipmm-cdls-getrf,0,0x5c08570d2ff0
9571,9571,84,777,hip-hipmm-cdls-getrf,0,0x5c08570d2ff0
9572,9572,102,1164,hip-hipmm-cdls-getrf,0,0x5c08570d2ff0
9573,9573,99,645,hip-hipmm-cdls-getrf,0,0x5c08570d2ff0
9574,9574,105,1164,hip-hipmm-cdls-getrf,0,0x5c08570d2ff0
9575,9575,75,969,hip-hipmm-cdls-getrf,0,0x5c08570d2ff0
9576,9576,39,972,hip-hipmm-cdls-getrf,0,0x5c08570d2ff0
9577,9577,141,1203,hip-hipmm-cdls-getrf,0,0x5c08570d2ff0
9578,9578,129,1359,hip-hipmm-cdls-getrf,0,0x5c08570d2ff0
9579,9579,156,1326,hip-hipmm-cdls-getrf,0,0x5c08570d2ff0
9580,9580,99,1077,hip-hipmm-cdls-getrf,0,0x5c08570d2ff0
9581,9581,120,846,hip-hipmm-cdls-getrf,0,0x5c08570d2ff0
9582,9582,168,990,hip-hipmm-cdls-getrf,0,0x5c08570d2ff0
9583,9583,267,1392,hip-hipmm-cdls-getrf,0,0x5c08570d2ff0
9584,9584,180,1146,hip-hipmm-cdls-getrf,0,0x5c08570d2ff0
9585,9585,162,1683,hip-hipmm-cdls-getrf,0,0x5c08570d2ff0
9586,9586,156,1713,hip-hipmm-cdls-getrf,0,0x5c08570d2ff0
9587,9587,138,1287,hip-hipmm-cdls-getrf,0,0x5c08570d2ff0
9588,9588,129,1296,hip-hipmm-cdls-getrf,0,0x5c08570d2ff0
9589,9589,225,1092,hip-hipmm-cdls-getrf,0,0x5c08570d2ff0
9590,9590,207,1797,hip-hipmm-cdls-getrf,0,0x5c08570d2ff0
9591,9591,204,1176,hip-hipmm-cdls-getrf,0,0x5c08570d2ff0
9592,9592,147,1470,hip-hipmm-cdls-getrf,0,0x5c08570d2ff0
9593,9593,105,1074,hip-hipmm-cdls-getrf,0,0x5c08570d2ff0
9594,9594,144,1743,hip-hipmm-cdls-getrf,0,0x5c08570d2ff0
9595,9595,138,861,hip-hipmm-cdls-getrf,0,0x5c08570d2ff0
9596,9596,135,771,hip-hipmm-cdls-getrf,0,0x5c08570d2ff0
9597,9597,174,693,hip-hipmm-cdls-getrf,0,0x5c08570d2ff0
9598,9598,96,966,hip-hipmm-cdls-getrf,0,0x5c08570d2ff0
9599,9599,132,600,hip-hipmm-cdls-getrf,0,0x5c08570d2ff0
9600,9600,99,861,hip-hipmm-cdls-getrf,0,0x5c08570d2ff0
9601,9601,150,990,hip-hipmm-cdls-getrf,0,0x5c08570d2ff0
9602,9602,183,1413,hip-hipmm-cdls-getrf,0,0x5c08570d2ff0
9603,9603,162,1428,hip-hipmm-cdls-getrf,0,0x5c08570d2ff0
9604,9604,177,1014,hip-hipmm-cdls-getrf,0,0x5c08570d2ff0
9605,9605,120,1227,hip-hipmm-cdls-getrf,0,0x5c08570d2ff0
9606,9606,84,951,hip-hipmm-cdls-getrf,0,0x5c08570d2ff0
9607,9607,75,1365,hip-hipmm-cdls-getrf,0,0x5c08570d2ff0
9608,9608,117,1131,hip-hipmm-cdls-getrf,0,0x5c08570d2ff0
9609,9609,42,492,hip-hipmm-cdls-getrf,0,0x5c08570d2ff0
9610,9610,66,414,hip-hipmm-cdls-getrf,0,0x5c08570d2ff0
9611,9611,114,738,hip-hipmm-cdls-getrf,0,0x5c08570d2ff0
9612,9612,57,597,hip-hipmm-cdls-getrf,0,0x5c08570d2ff0
9613,9613,105,1104,hip-hipmm-cdls-getrf,0,0x5c08570d2ff0
9614,9614,96,954,hip-hipmm-cdls-getrf,0,0x5c08570d2ff0
9615,9615,75,615,hip-hipmm-cdls-getrf,0,0x5c08570d2ff0
9616,9616,93,753,hip-hipmm-cdls-getrf,0,0x5c08570d2ff0
9617,9617,135,993,hip-hipmm-cdls-getrf,0,0x5c08570d2ff0
9618,9618,102,1227,hip-hipmm-cdls-getrf,0,0x5c08570d2ff0
9619,9619,96,888,hip-hipmm-cdls-getrf,0,0x5c08570d2ff0
9620,9620,51,654,hip-hipmm-cdls-getrf,0,0x5c08570d2ff0
9621,9621,147,810,hip-hipmm-cdls-getrf,0,0x5c08570d2ff0
9622,9622,174,1008,hip-hipmm-cdls-getrf,0,0x5c08570d2ff0
9623,9623,135,837,hip-hipmm-cdls-getrf,0,0x5c08570d2ff0
9624,9624,117,642,hip-hipmm-cdls-getrf,0,0x5c08570d2ff0
9625,9625,114,1344,hip-hipmm-cdls-getrf,0,0x5c08570d2ff0
9626,9626,237,1758,hip-hipmm-cdls-getrf,0,0x5c08570d2ff0
9627,9627,159,1356,hip-hipmm-cdls-getrf,0,0x5c08570d2ff0
9628,9628,135,1242,hip-hipmm-cdls-getrf,0,0x5c08570d2ff0
9629,9629,87,1320,hip-hipmm-cdls-getrf,0,0x5c08570d2ff0
9630,9630,75,1029,hip-hipmm-cdls-getrf,0,0x5c08570d2ff0
9631,9631,111,1017,hip-hipmm-cdls-getrf,0,0x5c08570d2ff0
9632,9632,117,1302,hip-hipmm-cdls-getrf,0,0x5c08570d2ff0
9633,9633,138,1140,hip-hipmm-cdls-getrf,0,0x5c08570d2ff0
9634,9634,126,1182,hip-hipmm-cdls-getrf,0,0x5c08570d2ff0
9635,9635,168,1020,hip-hipmm-cdls-getrf,0,0x5c08570d2ff0
9636,9636,90,765,hip-hipmm-cdls-getrf,0,0x5c08570d2ff0
9637,9637,78,717,hip-hipmm-cdls-getrf,0,0x5c08570d2ff0
9638,9638,96,672,hip-hipmm-cdls-getrf,0,0x5c08570d2ff0
9639,9639,93,723,hip-hipmm-cdls-getrf,0,0x5c08570d2ff0
9640,9640,111,945,hip-hipmm-cdls-getrf,0,0x5c08570d2ff0
9641,9641,204,1440,hip-hipmm-cdls-getrf,0,0x5c08570d2ff0
9642,9642,174,1194,hip-hipmm-cdls-getrf,0,0x5c08570d2ff0
9643,9643,138,927,hip-hipmm-cdls-getrf,0,0x5c08570d2ff0
9644,9644,138,1044,hip-hipmm-cdls-getrf,0,0x5c08570d2ff0
9645,9645,126,1107,hip-hipmm-cdls-getrf,0,0x5c08570d2ff0
9646,9646,102,1143,hip-hipmm-cdls-getrf,0,0x5c08570d2ff0
9647,9647,117,1056,hip-hipmm-cdls-getrf,0,0x5c08570d2ff0
9648,9648,144,1860,hip-hipmm-cdls-getrf,0,0x5c08570d2ff0
9649,9649,87,1293,hip-hipmm-cdls-getrf,0,0x5c08570d2ff0
9650,9650,150,1473,hip-hipmm-cdls-getrf,0,0x5c08570d2ff0
9651,9651,186,1287,hip-hipmm-cdls-getrf,0,0x5c08570d2ff0
9652,9652,192,1644,hip-hipmm-cdls-getrf,0,0x5c08570d2ff0
9653,9653,162,1017,hip-hipmm-cdls-getrf,0,0x5c08570d2ff0
9654,9654,141,1005,hip-hipmm-cdls-getrf,0,0x5c08570d2ff0
9655,9655,183,1110,hip-hipmm-cdls-getrf,0,0x5c08570d2ff0
9656,9656,168,1017,hip-hipmm-cdls-getrf,0,0x5c08570d2ff0
9657,9657,135,1404,hip-hipmm-cdls-getrf,0,0x5c08570d2ff0
9658,9658,159,1266,hip-hipmm-cdls-getrf,0,0x5c08570d2ff0
9659,9659,138,1716,hip-hipmm-cdls-getrf,0,0x5c08570d2ff0
9660,9660,102,1332,hip-hipmm-cdls-getrf,0,0x5c08570d2ff0
9661,9661,117,1038,hip-hipmm-cdls-getrf,0,0x5c08570d2ff0
9662,9662,111,915,hip-hipmm-cdls-getrf,0,0x5c08570d2ff0
9663,9663,138,1851,hip-hipmm-cdls-getrf,0,0x5c08570d2ff0
9664,9664,141,1431,hip-hipmm-cdls-getrf,0,0x5c08570d2ff0
9665,9665,216,2034,hip-hipmm-cdls-getrf,0,0x5c08570d2ff0
9666,9666,141,1647,hip-hipmm-cdls-getrf,0,0x5c08570d2ff0
9667,9667,120,1710,hip-hipmm-cdls-getrf,0,0x5c08570d2ff0
9668,9668,210,1767,hip-hipmm-cdls-getrf,0,0x5c08570d2ff0
9669,9669,216,2358,hip-hipmm-cdls-getrf,0,0x5c08570d2ff0
9670,9670,90,1176,hip-hipmm-cdls-getrf,0,0x5c08570d2ff0
9671,9671,120,987,hip-hipmm-cdls-getrf,0,0x5c08570d2ff0
9672,9672,111,1185,hip-hipmm-cdls-getrf,0,0x5c08570d2ff0
9673,9673,174,1524,hip-hipmm-cdls-getrf,0,0x5c08570d2ff0
9674,9674,222,2052,hip-hipmm-cdls-getrf,0,0x5c08570d2ff0
9675,9675,144,1917,hip-hipmm-cdls-getrf,0,0x5c08570d2ff0
9676,9676,264,2553,hip-hipmm-cdls-getrf,0,0x5c08570d2ff0
9677,9677,192,2049,hip-hipmm-cdls-getrf,0,0x5c08570d2ff0
9678,9678,153,1005,hip-hipmm-cdls-getrf,0,0x5c08570d2ff0
9679,9679,192,2034,hip-hipmm-cdls-getrf,0,0x5c08570d2ff0
9680,9680,126,1149,hip-hipmm-cdls-getrf,0,0x5c08570d2ff0
9681,9681,207,1320,hip-hipmm-cdls-getrf,0,0x5c08570d2ff0
9682,9682,111,942,hip-hipmm-cdls-getrf,0,0x5c08570d2ff0
9683,9683,168,1734,hip-hipmm-cdls-getrf,0,0x5c08570d2ff0
9684,9684,171,1071,hip-hipmm-cdls-getrf,0,0x5c08570d2ff0
9685,9685,186,1851,hip-hipmm-cdls-getrf,0,0x5c08570d2ff0
9686,9686,153,1413,hip-hipmm-cdls-getrf,0,0x5c08570d2ff0
9687,9687,162,1551,hip-hipmm-cdls-getrf,0,0x5c08570d2ff0
9688,9688,303,2028,hip-hipmm-cdls-getrf,0,0x5c08570d2ff0
9689,9689,162,1308,hip-hipmm-cdls-getrf,0,0x5c08570d2ff0
9690,9690,123,1137,hip-hipmm-cdls-getrf,0,0x5c08570d2ff0
9691,9691,138,768,hip-hipmm-cdls-getrf,0,0x5c08570d2ff0
9692,9692,93,759,hip-hipmm-cdls-getrf,0,0x5c08570d2ff0
9693,9693,102,768,hip-hipmm-cdls-getrf,0,0x5c08570d2ff0
9694,9694,87,849,hip-hipmm-cdls-getrf,0,0x5c08570d2ff0
9695,9695,120,621,hip-hipmm-cdls-getrf,0,0x5c08570d2ff0
9696,9696,126,675,hip-hipmm-cdls-getrf,0,0x5c08570d2ff0
9697,9697,123,1290,hip-hipmm-cdls-getrf,0,0x5c08570d2ff0
9698,9698,165,1089,hip-hipmm-cdls-getrf,0,0x5c08570d2ff0
9699,9699,114,1059,hip-hipmm-cdls-getrf,0,0x5c08570d2ff0
9700,9700,153,1149,hip-hipmm-cdls-getrf,0,0x5c08570d2ff0
9701,9701,159,1293,hip-hipmm-cdls-getrf,0,0x5c08570d2ff0
9702,9702,156,1608,hip-hipmm-cdls-getrf,0,0x5c08570d2ff0
9703,9703,126,1251,hip-hipmm-cdls-getrf,0,0x5c08570d2ff0
9704,9704,192,1338,hip-hipmm-cdls-getrf,0,0x5c08570d2ff0
9705,9705,96,1110,hip-hipmm-cdls-getrf,0,0x5c08570d2ff0
9706,9706,126,1272,hip-hipmm-cdls-getrf,0,0x5c08570d2ff0
9707,9707,159,1167,hip-hipmm-cdls-getrf,0,0x5c08570d2ff0
9708,9708,90,912,hip-hipmm-cdls-getrf,0,0x5c08570d2ff0
9709,9709,117,984,hip-hipmm-cdls-getrf,0,0x5c08570d2ff0
9710,9710,138,885,hip-hipmm-cdls-getrf,0,0x5c08570d2ff0
9711,9711,105,903,hip-hipmm-cdls-getrf,0,0x5c08570d2ff0
9712,9712,132,858,hip-hipmm-cdls-getrf,0,0x5c08570d2ff0
9713,9713,78,711,hip-hipmm-cdls-getrf,0,0x5c08570d2ff0
9714,9714,96,957,hip-hipmm-cdls-getrf,0,0x5c08570d2ff0
9715,9715,63,549,hip-hipmm-cdls-getrf,0,0x5c08570d2ff0
9716,9716,99,738,hip-hipmm-cdls-getrf,0,0x5c08570d2ff0
9717,9717,102,699,hip-hipmm-cdls-getrf,0,0x5c08570d2ff0
9718,9718,141,855,hip-hipmm-cdls-getrf,0,0x5c08570d2ff0
9719,9719,93,891,hip-hipmm-cdls-getrf,0,0x5c08570d2ff0
9720,9720,78,762,hip-hipmm-cdls-getrf,0,0x5c08570d2ff0
9721,9721,195,1221,hip-hipmm-cdls-getrf,0,0x5c08570d2ff0
9722,9722,138,849,hip-hipmm-cdls-getrf,0,0x5c08570d2ff0
9723,9723,153,1275,hip-hipmm-cdls-getrf,0,0x5c08570d2ff0
9724,9724,108,948,hip-hipmm-cdls-getrf,0,0x5c08570d2ff0
9725,9725,189,1146,hip-hipmm-cdls-getrf,0,0x5c08570d2ff0
9726,9726,117,1116,hip-hipmm-cdls-getrf,0,0x5c08570d2ff0
9727,9727,132,963,hip-hipmm-cdls-getrf,0,0x5c08570d2ff0
9728,9728,120,975,hip-hipmm-cdls-getrf,0,0x5c08570d2ff0
9729,9729,147,1230,hip-hipmm-cdls-getrf,0,0x5c08570d2ff0
9730,9730,111,1263,hip-hipmm-cdls-getrf,0,0x5c08570d2ff0
9731,9731,219,1413,hip-hipmm-cdls-getrf,0,0x5c08570d2ff0
9732,9732,117,1599,hip-hipmm-cdls-getrf,0,0x5c08570d2ff0
9733,9733,99,909,hip-hipmm-cdls-getrf,0,0x5c08570d2ff0
9734,9734,156,1308,hip-hipmm-cdls-getrf,0,0x5c08570d2ff0
9735,9735,129,1026,hip-hipmm-cdls-getrf,0,0x5c08570d2ff0
9736,9736,87,891,hip-hipmm-cdls-getrf,0,0x5c08570d2ff0
9737,9737,99,567,hip-hipmm-cdls-getrf,0,0x5c08570d2ff0
9738,9738,93,465,hip-hipmm-cdls-getrf,0,0x5c08570d2ff0
9739,9739,90,801,hip-hipmm-cdls-getrf,0,0x5c08570d2ff0
9740,9740,105,771,hip-hipmm-cdls-getrf,0,0x5c08570d2ff0
9741,9741,54,684,hip-hipmm-cdls-getrf,0,0x5c08570d2ff0
9742,9742,129,429,hip-hipmm-cdls-getrf,0,0x5c08570d2ff0
9743,9743,63,810,hip-hipmm-cdls-getrf,0,0x5c08570d2ff0
9744,9744,72,627,hip-hipmm-cdls-getrf,0,0x5c08570d2ff0
9745,9745,159,1065,hip-hipmm-cdls-getrf,0,0x5c08570d2ff0
9746,9746,138,1044,hip-hipmm-cdls-getrf,0,0x5c08570d2ff0
9747,9747,126,813,hip-hipmm-cdls-getrf,0,0x5c08570d2ff0
9748,9748,60,813,hip-hipmm-cdls-getrf,0,0x5c08570d2ff0
9749,9749,111,1131,hip-hipmm-cdls-getrf,0,0x5c08570d2ff0
9750,9750,99,1074,hip-hipmm-cdls-getrf,0,0x5c08570d2ff0
9751,9751,93,1065,hip-hipmm-cdls-getrf,0,0x5c08570d2ff0
9752,9752,60,771,hip-hipmm-cdls-getrf,0,0x5c08570d2ff0
9753,9753,90,789,hip-hipmm-cdls-getrf,0,0x5c08570d2ff0
9754,9754,75,732,hip-hipmm-cdls-getrf,0,0x5c08570d2ff0
9755,9755,108,972,hip-hipmm-cdls-getrf,0,0x5c08570d2ff0
9756,9756,126,1128,hip-hipmm-cdls-getrf,0,0x5c08570d2ff0
9757,9757,99,648,hip-hipmm-cdls-getrf,0,0x5c08570d2ff0
9758,9758,54,993,hip-hipmm-cdls-getrf,0,0x5c08570d2ff0
9759,9759,60,723,hip-hipmm-cdls-getrf,0,0x5c08570d2ff0
9760,9760,75,765,hip-hipmm-cdls-getrf,0,0x5c08570d2ff0
9761,9761,150,1230,hip-hipmm-cdls-getrf,0,0x5c08570d2ff0
9762,9762,147,1170,hip-hipmm-cdls-getrf,0,0x5c08570d2ff0
9763,9763,108,1044,hip-hipmm-cdls-getrf,0,0x5c08570d2ff0
9764,9764,114,1434,hip-hipmm-cdls-getrf,0,0x5c08570d2ff0
9765,9765,129,1149,hip-hipmm-cdls-getrf,0,0x5c08570d2ff0
9766,9766,123,1017,hip-hipmm-cdls-getrf,0,0x5c08570d2ff0
9767,9767,114,1524,hip-hipmm-cdls-getrf,0,0x5c08570d2ff0
9768,9768,162,1647,hip-hipmm-cdls-getrf,0,0x5c08570d2ff0
9769,9769,132,1242,hip-hipmm-cdls-getrf,0,0x5c08570d2ff0
9770,9770,69,1059,hip-hipmm-cdls-getrf,0,0x5c08570d2ff0
9771,9771,69,726,hip-hipmm-cdls-getrf,0,0x5c08570d2ff0
9772,9772,42,732,hip-hipmm-cdls-getrf,0,0x5c08570d2ff0
9773,9773,156,1287,hip-hipmm-cdls-getrf,0,0x5c08570d2ff0
9774,9774,102,1236,hip-hipmm-cdls-getrf,0,0x5c08570d2ff0
9775,9775,132,1029,hip-hipmm-cdls-getrf,0,0x5c08570d2ff0
9776,9776,150,1488,hip-hipmm-cdls-getrf,0,0x5c08570d2ff0
9777,9777,78,1104,hip-hipmm-cdls-getrf,0,0x5c08570d2ff0
9778,9778,96,1077,hip-hipmm-cdls-getrf,0,0x5c08570d2ff0
9779,9779,39,165,hip-hipmm-cdls-getrf,0,0x5c08570d2ff0
9780,9780,129,1386,hip-hipmm-cdls-getrf,0,0x5c08570d2ff0
9781,9781,75,990,hip-hipmm-cdls-getrf,0,0x5c08570d2ff0
9782,9782,114,1344,hip-hipmm-cdls-getrf,0,0x5c08570d2ff0
9783,9783,75,1050,hip-hipmm-cdls-getrf,0,0x5c08570d2ff0
9784,9784,96,1188,hip-hipmm-cdls-getrf,0,0x5c08570d2ff0
9785,9785,198,1785,hip-hipmm-cdls-getrf,0,0x5c08570d2ff0
9786,9786,54,798,hip-hipmm-cdls-getrf,0,0x5c08570d2ff0
9787,9787,84,801,hip-hipmm-cdls-getrf,0,0x5c08570d2ff0
9788,9788,78,720,hip-hipmm-cdls-getrf,0,0x5c08570d2ff0
9789,9789,102,1128,hip-hipmm-cdls-getrf,0,0x5c08570d2ff0
9790,9790,147,1215,hip-hipmm-cdls-getrf,0,0x5c08570d2ff0
9791,9791,132,1191,hip-hipmm-cdls-getrf,0,0x5c08570d2ff0
9792,9792,90,1074,hip-hipmm-cdls-getrf,0,0x5c08570d2ff0
9793,9793,117,1455,hip-hipmm-cdls-getrf,0,0x5c08570d2ff0
9794,9794,93,1044,hip-hipmm-cdls-getrf,0,0x5c08570d2ff0
9795,9795,138,1413,hip-hipmm-cdls-getrf,0,0x5c08570d2ff0
9796,9796,162,1305,hip-hipmm-cdls-getrf,0,0x5c08570d2ff0
9797,9797,138,1098,hip-hipmm-cdls-getrf,0,0x5c08570d2ff0
9798,9798,87,1005,hip-hipmm-cdls-getrf,0,0x5c08570d2ff0
9799,9799,66,735,hip-hipmm-cdls-getrf,0,0x5c08570d2ff0
9800,9800,108,972,hip-hipmm-cdls-getrf,0,0x5c08570d2ff0
9801,9801,108,819,hip-hipmm-cdls-getrf,0,0x5c08570d2ff0
9802,9802,162,1452,hip-hipmm-cdls-getrf,0,0x5c08570d2ff0
9803,9803,141,1128,hip-hipmm-cdls-getrf,0,0x5c08570d2ff0
9804,9804,141,1104,hip-hipmm-cdls-getrf,0,0x5c08570d2ff0
9805,9805,102,732,hip-hipmm-cdls-getrf,0,0x5c08570d2ff0
9806,9806,120,867,hip-hipmm-cdls-getrf,0,0x5c08570d2ff0
9807,9807,129,936,hip-hipmm-cdls-getrf,0,0x5c08570d2ff0
9808,9808,162,1404,hip-hipmm-cdls-getrf,0,0x5c08570d2ff0
9809,9809,180,1329,hip-hipmm-cdls-getrf,0,0x5c08570d2ff0
9810,9810,234,1971,hip-hipmm-cdls-getrf,0,0x5c08570d2ff0
9811,9811,231,2469,hip-hipmm-cdls-getrf,0,0x5c08570d2ff0
9812,9812,228,2127,hip-hipmm-cdls-getrf,0,0x5c08570d2ff0
9813,9813,150,1338,hip-hipmm-cdls-getrf,0,0x5c08570d2ff0
9814,9814,141,2415,hip-hipmm-cdls-getrf,0,0x5c08570d2ff0
9815,9815,186,1440,hip-hipmm-cdls-getrf,0,0x5c08570d2ff0
9816,9816,162,1185,hip-hipmm-cdls-getrf,0,0x5c08570d2ff0
9817,9817,114,1311,hip-hipmm-cdls-getrf,0,0x5c08570d2ff0
9818,9818,174,2160,hip-hipmm-cdls-getrf,0,0x5c08570d2ff0
9819,9819,120,1410,hip-hipmm-cdls-getrf,0,0x5c08570d2ff0
9820,9820,183,1419,hip-hipmm-cdls-getrf,0,0x5c08570d2ff0
9821,9821,153,1302,hip-hipmm-cdls-getrf,0,0x5c08570d2ff0
9822,9822,105,936,hip-hipmm-cdls-getrf,0,0x5c08570d2ff0
9823,9823,84,576,hip-hipmm-cdls-getrf,0,0x5c08570d2ff0
9824,9824,111,915,hip-hipmm-cdls-getrf,0,0x5c08570d2ff0
9825,9825,117,1275,hip-hipmm-cdls-getrf,0,0x5c08570d2ff0
9826,9826,126,1125,hip-hipmm-cdls-getrf,0,0x5c08570d2ff0
9827,9827,174,1431,hip-hipmm-cdls-getrf,0,0x5c08570d2ff0
9828,9828,120,921,hip-hipmm-cdls-getrf,0,0x5c08570d2ff0
9829,9829,96,771,hip-hipmm-cdls-getrf,0,0x5c08570d2ff0
9830,9830,66,1104,hip-hipmm-cdls-getrf,0,0x5c08570d2ff0
9831,9831,84,1062,hip-hipmm-cdls-getrf,0,0x5c08570d2ff0
9832,9832,147,915,hip-hipmm-cdls-getrf,0,0x5c08570d2ff0
9833,9833,96,795,hip-hipmm-cdls-getrf,0,0x5c08570d2ff0
9834,9834,108,1482,hip-hipmm-cdls-getrf,0,0x5c08570d2ff0
9835,9835,156,1467,hip-hipmm-cdls-getrf,0,0x5c08570d2ff0
9836,9836,129,1083,hip-hipmm-cdls-getrf,0,0x5c08570d2ff0
9837,9837,129,1065,hip-hipmm-cdls-getrf,0,0x5c08570d2ff0
9838,9838,159,1605,hip-hipmm-cdls-getrf,0,0x5c08570d2ff0
9839,9839,126,1038,hip-hipmm-cdls-getrf,0,0x5c08570d2ff0
9840,9840,93,1221,hip-hipmm-cdls-getrf,0,0x5c08570d2ff0
9841,9841,162,1083,hip-hipmm-cdls-getrf,0,0x5c08570d2ff0
9842,9842,147,981,hip-hipmm-cdls-getrf,0,0x5c08570d2ff0
9843,9843,156,867,hip-hipmm-cdls-getrf,0,0x5c08570d2ff0
9844,9844,180,1725,hip-hipmm-cdls-getrf,0,0x5c08570d2ff0
9845,9845,120,1140,hip-hipmm-cdls-getrf,0,0x5c08570d2ff0
9846,9846,105,987,hip-hipmm-cdls-getrf,0,0x5c08570d2ff0
9847,9847,174,951,hip-hipmm-cdls-getrf,0,0x5c08570d2ff0
9848,9848,234,1761,hip-hipmm-cdls-getrf,0,0x5c08570d2ff0
9849,9849,114,1008,hip-hipmm-cdls-getrf,0,0x5c08570d2ff0
9850,9850,78,813,hip-hipmm-cdls-getrf,0,0x5c08570d2ff0
9851,9851,81,1203,hip-hipmm-cdls-getrf,0,0x5c08570d2ff0
9852,9852,75,849,hip-hipmm-cdls-getrf,0,0x5c08570d2ff0
9853,9853,69,768,hip-hipmm-cdls-getrf,0,0x5c08570d2ff0
9854,9854,66,933,hip-hipmm-cdls-getrf,0,0x5c08570d2ff0
9855,9855,96,867,hip-hipmm-cdls-getrf,0,0x5c08570d2ff0
9856,9856,126,1632,hip-hipmm-cdls-getrf,0,0x5c08570d2ff0
9857,9857,117,1119,hip-hipmm-cdls-getrf,0,0x5c08570d2ff0
9858,9858,147,777,hip-hipmm-cdls-getrf,0,0x5c08570d2ff0
9859,9859,96,924,hip-hipmm-cdls-getrf,0,0x5c08570d2ff0
9860,9860,159,1266,hip-hipmm-cdls-getrf,0,0x5c08570d2ff0
9861,9861,129,1437,hip-hipmm-cdls-getrf,0,0x5c08570d2ff0
9862,9862,81,993,hip-hipmm-cdls-getrf,0,0x5c08570d2ff0
9863,9863,108,1044,hip-hipmm-cdls-getrf,0,0x5c08570d2ff0
9864,9864,81,1080,hip-hipmm-cdls-getrf,0,0x5c08570d2ff0
9865,9865,174,1752,hip-hipmm-cdls-getrf,0,0x5c08570d2ff0
9866,9866,141,1341,hip-hipmm-cdls-getrf,0,0x5c08570d2ff0
9867,9867,81,1299,hip-hipmm-cdls-getrf,0,0x5c08570d2ff0
9868,9868,159,1509,hip-hipmm-cdls-getrf,0,0x5c08570d2ff0
9869,9869,168,1686,hip-hipmm-cdls-getrf,0,0x5c08570d2ff0
9870,9870,147,1302,hip-hipmm-cdls-getrf,0,0x5c08570d2ff0
9871,9871,117,1068,hip-hipmm-cdls-getrf,0,0x5c08570d2ff0
9872,9872,153,1398,hip-hipmm-cdls-getrf,0,0x5c08570d2ff0
9873,9873,102,1545,hip-hipmm-cdls-getrf,0,0x5c08570d2ff0
9874,9874,207,1911,hip-hipmm-cdls-getrf,0,0x5c08570d2ff0
9875,9875,144,1329,hip-hipmm-cdls-getrf,0,0x5c08570d2ff0
9876,9876,150,1512,hip-hipmm-cdls-getrf,0,0x5c08570d2ff0
9877,9877,255,1929,hip-hipmm-cdls-getrf,0,0x5c08570d2ff0
9878,9878,114,1884,hip-hipmm-cdls-getrf,0,0x5c08570d2ff0
9879,9879,147,1440,hip-hipmm-cdls-getrf,0,0x5c08570d2ff0
9880,9880,141,1632,hip-hipmm-cdls-getrf,0,0x5c08570d2ff0
9881,9881,174,1365,hip-hipmm-cdls-getrf,0,0x5c08570d2ff0
9882,9882,111,960,hip-hipmm-cdls-getrf,0,0x5c08570d2ff0
9883,9883,135,1008,hip-hipmm-cdls-getrf,0,0x5c08570d2ff0
9884,9884,111,1233,hip-hipmm-cdls-getrf,0,0x5c08570d2ff0
9885,9885,138,1533,hip-hipmm-cdls-getrf,0,0x5c08570d2ff0
9886,9886,162,1743,hip-hipmm-cdls-getrf,0,0x5c08570d2ff0
9887,9887,249,1680,hip-hipmm-cdls-getrf,0,0x5c08570d2ff0
9888,9888,156,1818,hip-hipmm-cdls-getrf,0,0x5c08570d2ff0
9889,9889,153,1359,hip-hipmm-cdls-getrf,0,0x5c08570d2ff0
9890,9890,129,846,hip-hipmm-cdls-getrf,0,0x5c08570d2ff0
9891,9891,165,1218,hip-hipmm-cdls-getrf,0,0x5c08570d2ff0
9892,9892,138,1362,hip-hipmm-cdls-getrf,0,0x5c08570d2ff0
9893,9893,93,780,hip-hipmm-cdls-getrf,0,0x5c08570d2ff0
9894,9894,132,1263,hip-hipmm-cdls-getrf,0,0x5c08570d2ff0
9895,9895,81,942,hip-hipmm-cdls-getrf,0,0x5c08570d2ff0
9896,9896,132,879,hip-hipmm-cdls-getrf,0,0x5c08570d2ff0
9897,9897,105,900,hip-hipmm-cdls-getrf,0,0x5c08570d2ff0
9898,9898,231,2025,hip-hipmm-cdls-getrf,0,0x5c08570d2ff0
9899,9899,180,1692,hip-hipmm-cdls-getrf,0,0x5c08570d2ff0
9900,9900,150,1245,hip-hipmm-cdls-getrf,0,0x5c08570d2ff0
9901,9901,123,1377,hip-hipmm-cdls-getrf,0,0x5c08570d2ff0
9902,9902,123,1212,hip-hipmm-cdls-getrf,0,0x5c08570d2ff0
9903,9903,159,1503,hip-hipmm-cdls-getrf,0,0x5c08570d2ff0
9904,9904,204,969,hip-hipmm-cdls-getrf,0,0x5c08570d2ff0
9905,9905,204,1458,hip-hipmm-cdls-getrf,0,0x5c08570d2ff0
9906,9906,117,1050,hip-hipmm-cdls-getrf,0,0x5c08570d2ff0
9907,9907,189,1422,hip-hipmm-cdls-getrf,0,0x5c08570d2ff0
9908,9908,123,1287,hip-hipmm-cdls-getrf,0,0x5c08570d2ff0
9909,9909,102,846,hip-hipmm-cdls-getrf,0,0x5c08570d2ff0
9910,9910,144,1434,hip-hipmm-cdls-getrf,0,0x5c08570d2ff0
9911,9911,120,1530,hip-hipmm-cdls-getrf,0,0x5c08570d2ff0
9912,9912,117,1170,hip-hipmm-cdls-getrf,0,0x5c08570d2ff0
9913,9913,189,1524,hip-hipmm-cdls-getrf,0,0x5c08570d2ff0
9914,9914,102,720,hip-hipmm-cdls-getrf,0,0x5c08570d2ff0
9915,9915,105,723,hip-hipmm-cdls-getrf,0,0x5c08570d2ff0
9916,9916,132,801,hip-hipmm-cdls-getrf,0,0x5c08570d2ff0
9917,9917,69,1254,hip-hipmm-cdls-getrf,0,0x5c08570d2ff0
9918,9918,177,1347,hip-hipmm-cdls-getrf,0,0x5c08570d2ff0
9919,9919,138,1038,hip-hipmm-cdls-getrf,0,0x5c08570d2ff0
9920,9920,93,1323,hip-hipmm-cdls-getrf,0,0x5c08570d2ff0
9921,9921,126,1176,hip-hipmm-cdls-getrf,0,0x5c08570d2ff0
9922,9922,108,789,hip-hipmm-cdls-getrf,0,0x5c08570d2ff0
9923,9923,108,942,hip-hipmm-cdls-getrf,0,0x5c08570d2ff0
9924,9924,108,561,hip-hipmm-cdls-getrf,0,0x5c08570d2ff0
9925,9925,135,930,hip-hipmm-cdls-getrf,0,0x5c08570d2ff0
9926,9926,57,546,hip-hipmm-cdls-getrf,0,0x5c08570d2ff0
9927,9927,81,885,hip-hipmm-cdls-getrf,0,0x5c08570d2ff0
9928,9928,102,1017,hip-hipmm-cdls-getrf,0,0x5c08570d2ff0
9929,9929,78,876,hip-hipmm-cdls-getrf,0,0x5c08570d2ff0
9930,9930,78,1056,hip-hipmm-cdls-getrf,0,0x5c08570d2ff0
9931,9931,150,1368,hip-hipmm-cdls-getrf,0,0x5c08570d2ff0
9932,9932,12,51,hip-hipmm-cdls-getrf,0,0x5c08570d2ff0
9933,9933,162,1302,hip-hipmm-cdls-getrf,0,0x5c08570d2ff0
9934,9934,159,1629,hip-hipmm-cdls-getrf,0,0x5c08570d2ff0
9935,9935,150,1473,hip-hipmm-cdls-getrf,0,0x5c08570d2ff0
9936,9936,279,1827,hip-hipmm-cdls-getrf,0,0x5c08570d2ff0
9937,9937,237,1644,hip-hipmm-cdls-getrf,0,0x5c08570d2ff0
9938,9938,144,1425,hip-hipmm-cdls-getrf,0,0x5c08570d2ff0
9939,9939,174,1779,hip-hipmm-cdls-getrf,0,0x5c08570d2ff0
9940,9940,135,1188,hip-hipmm-cdls-getrf,0,0x5c08570d2ff0
9941,9941,237,1665,hip-hipmm-cdls-getrf,0,0x5c08570d2ff0
9942,9942,246,1737,hip-hipmm-cdls-getrf,0,0x5c08570d2ff0
9943,9943,195,1737,hip-hipmm-cdls-getrf,0,0x5c08570d2ff0
9944,9944,264,2058,hip-hipmm-cdls-getrf,0,0x5c08570d2ff0
9945,9945,231,1677,hip-hipmm-cdls-getrf,0,0x5c08570d2ff0
9946,9946,195,2361,hip-hipmm-cdls-getrf,0,0x5c08570d2ff0
9947,9947,246,2067,hip-hipmm-cdls-getrf,0,0x5c08570d2ff0
9948,9948,161,2262,hip-hipmm-cdls-getrf,0,0x5c08570d2ff0
9949,9949,160,2101,hip-hipmm-cdls-getrf,0,0x5c08570d2ff0
9950,9950,138,1047,hip-hipmm-cdls-getrf,0,0x5c08570d2ff0
9951,9951,222,1824,hip-hipmm-cdls-getrf,0,0x5c08570d2ff0
9952,9952,153,1182,hip-hipmm-cdls-getrf,0,0x5c08570d2ff0
9953,9953,117,921,hip-hipmm-cdls-getrf,0,0x5c08570d2ff0
9954,9954,273,1089,hip-hipmm-cdls-getrf,0,0x5c08570d2ff0
9955,9955,270,1761,hip-hipmm-cdls-getrf,0,0x5c08570d2ff0
9956,9956,306,1872,hip-hipmm-cdls-getrf,0,0x5c08570d2ff0
9957,9957,267,1818,hip-hipmm-cdls-getrf,0,0x5c08570d2ff0
9958,9958,237,1863,hip-hipmm-cdls-getrf,0,0x5c08570d2ff0
9959,9959,225,1422,hip-hipmm-cdls-getrf,0,0x5c08570d2ff0
9960,9960,135,1611,hip-hipmm-cdls-getrf,0,0x5c08570d2ff0
9961,9961,141,1599,hip-hipmm-cdls-getrf,0,0x5c08570d2ff0
9962,9962,201,1758,hip-hipmm-cdls-getrf,0,0x5c08570d2ff0
9963,9963,213,1902,hip-hipmm-cdls-getrf,0,0x5c08570d2ff0
9964,9964,123,1008,hip-hipmm-cdls-getrf,0,0x5c08570d2ff0
9965,9965,165,1212,hip-hipmm-cdls-getrf,0,0x5c08570d2ff0
9966,9966,126,1176,hip-hipmm-cdls-getrf,0,0x5c08570d2ff0
9967,9967,207,1485,hip-hipmm-cdls-getrf,0,0x5c08570d2ff0
9968,9968,114,1074,hip-hipmm-cdls-getrf,0,0x5c08570d2ff0
9969,9969,123,1074,hip-hipmm-cdls-getrf,0,0x5c08570d2ff0
9970,9970,153,1491,hip-hipmm-cdls-getrf,0,0x5c08570d2ff0
9971,9971,162,1494,hip-hipmm-cdls-getrf,0,0x5c08570d2ff0
9972,9972,117,1248,hip-hipmm-cdls-getrf,0,0x5c08570d2ff0
9973,9973,117,1377,hip-hipmm-cdls-getrf,0,0x5c08570d2ff0
9974,9974,195,1500,hip-hipmm-cdls-getrf,0,0x5c08570d2ff0
9975,9975,231,1509,hip-hipmm-cdls-getrf,0,0x5c08570d2ff0
9976,9976,141,1572,hip-hipmm-cdls-getrf,0,0x5c08570d2ff0
9977,9977,150,1821,hip-hipmm-cdls-getrf,0,0x5c08570d2ff0
9978,9978,198,1689,hip-hipmm-cdls-getrf,0,0x5c08570d2ff0
9979,9979,195,1572,hip-hipmm-cdls-getrf,0,0x5c08570d2ff0
9980,9980,231,1344,hip-hipmm-cdls-getrf,0,0x5c08570d2ff0
9981,9981,255,1248,hip-hipmm-cdls-getrf,0,0x5c08570d2ff0
9982,9982,144,1518,hip-hipmm-cdls-getrf,0,0x5c08570d2ff0
9983,9983,210,1698,hip-hipmm-cdls-getrf,0,0x5c08570d2ff0
9984,9984,171,891,hip-hipmm-cdls-getrf,0,0x5c08570d2ff0
9985,9985,108,1107,hip-hipmm-cdls-getrf,0,0x5c08570d2ff0
9986,9986,231,1023,hip-hipmm-cdls-getrf,0,0x5c08570d2ff0
9987,9987,159,1422,hip-hipmm-cdls-getrf,0,0x5c08570d2ff0
9988,9988,123,1281,hip-hipmm-cdls-getrf,0,0x5c08570d2ff0
9989,9989,219,1743,hip-hipmm-cdls-getrf,0,0x5c08570d2ff0
9990,9990,216,1890,hip-hipmm-cdls-getrf,0,0x5c08570d2ff0
9991,9991,177,1950,hip-hipmm-cdls-getrf,0,0x5c08570d2ff0
9992,9992,144,1635,hip-hipmm-cdls-getrf,0,0x5c08570d2ff0
9993,9993,294,1341,hip-hipmm-cdls-getrf,0,0x5c08570d2ff0
9994,9994,161,2061,hip-hipmm-cdls-getrf,0,0x5c08570d2ff0
9995,9995,160,1900,hip-hipmm-cdls-getrf,0,0x5c08570d2ff0
9996,9996,213,1251,hip-hipmm-cdls-getrf,0,0x5c08570d2ff0
9997,9997,237,2055,hip-hipmm-cdls-getrf,0,0x5c08570d2ff0
9998,9998,210,1458,hip-hipmm-cdls-getrf,0,0x5c08570d2ff0
9999,9999,219,2493,hip-hipmm-cdls-getrf,0,0x5c08570d2ff0
10000,10000,249,2079,hip-hipmm-cdls-getrf,0,0x5c08570d2ff0
10001,10001,153,1956,hip-hipmm-cdls-getrf,0,0x5c08570d2ff0
10002,10002,183,1107,hip-hipmm-cdls-getrf,0,0x5c08570d2ff0
10003,10003,90,1308,hip-hipmm-cdls-getrf,0,0x5c08570d2ff0
10004,10004,129,1326,hip-hipmm-cdls-getrf,0,0x5c08570d2ff0
10005,10005,153,2259,hip-hipmm-cdls-getrf,0,0x5c08570d2ff0
10006,10006,255,2115,hip-hipmm-cdls-getrf,0,0x5c08570d2ff0
10007,10007,222,2208,hip-hipmm-cdls-getrf,0,0x5c08570d2ff0
10008,10008,195,2565,hip-hipmm-cdls-getrf,0,0x5c08570d2ff0
10009,10009,162,1857,hip-hipmm-cdls-getrf,0,0x5c08570d2ff0
10010,10010,198,1482,hip-hipmm-cdls-getrf,0,0x5c08570d2ff0
10011,10011,123,1407,hip-hipmm-cdls-getrf,0,0x5c08570d2ff0
10012,10012,108,1629,hip-hipmm-cdls-getrf,0,0x5c08570d2ff0
10013,10013,201,2028,hip-hipmm-cdls-getrf,0,0x5c08570d2ff0
10014,10014,150,1896,hip-hipmm-cdls-getrf,0,0x5c08570d2ff0
10015,10015,219,1266,hip-hipmm-cdls-getrf,0,0x5c08570d2ff0
10016,10016,315,1695,hip-hipmm-cdls-getrf,0,0x5c08570d2ff0
10017,10017,309,2676,hip-hipmm-cdls-getrf,0,0x5c08570d2ff0
10018,10018,279,1950,hip-hipmm-cdls-getrf,0,0x5c08570d2ff0
10019,10019,189,1995,hip-hipmm-cdls-getrf,0,0x5c08570d2ff0
10020,10020,189,1806,hip-hipmm-cdls-getrf,0,0x5c08570d2ff0
10021,10021,294,1917,hip-hipmm-cdls-getrf,0,0x5c08570d2ff0
10022,10022,258,2184,hip-hipmm-cdls-getrf,0,0x5c08570d2ff0
10023,10023,180,1128,hip-hipmm-cdls-getrf,0,0x5c08570d2ff0
10024,10024,177,1161,hip-hipmm-cdls-getrf,0,0x5c08570d2ff0
10025,10025,162,1029,hip-hipmm-cdls-getrf,0,0x5c08570d2ff0
10026,10026,276,1707,hip-hipmm-cdls-getrf,0,0x5c08570d2ff0
10027,10027,246,1764,hip-hipmm-cdls-getrf,0,0x5c08570d2ff0
10028,10028,132,1767,hip-hipmm-cdls-getrf,0,0x5c08570d2ff0
10029,10029,204,2013,hip-hipmm-cdls-getrf,0,0x5c08570d2ff0
10030,10030,105,654,hip-hipmm-cdls-getrf,0,0x5c08570d2ff0
10031,10031,147,966,hip-hipmm-cdls-getrf,0,0x5c08570d2ff0
10032,10032,171,1602,hip-hipmm-cdls-getrf,0,0x5c08570d2ff0
10033,10033,111,1026,hip-hipmm-cdls-getrf,0,0x5c08570d2ff0
10034,10034,153,1734,hip-hipmm-cdls-getrf,0,0x5c08570d2ff0
10035,10035,105,1251,hip-hipmm-cdls-getrf,0,0x5c08570d2ff0
10036,10036,207,1215,hip-hipmm-cdls-getrf,0,0x5c08570d2ff0
10037,10037,123,1041,hip-hipmm-cdls-getrf,0,0x5c08570d2ff0
10038,10038,234,2436,hip-hipmm-cdls-getrf,0,0x5c08570d2ff0
10039,10039,144,2097,hip-hipmm-cdls-getrf,0,0x5c08570d2ff0
10040,10040,153,1950,hip-hipmm-cdls-getrf,0,0x5c08570d2ff0
10041,10041,222,1767,hip-hipmm-cdls-getrf,0,0x5c08570d2ff0
10042,10042,168,1776,hip-hipmm-cdls-getrf,0,0x5c08570d2ff0
10043,10043,189,1257,hip-hipmm-cdls-getrf,0,0x5c08570d2ff0
10044,10044,117,1047,hip-hipmm-cdls-getrf,0,0x5c08570d2ff0
10045,10045,162,1239,hip-hipmm-cdls-getrf,0,0x5c08570d2ff0
10046,10046,171,1785,hip-hipmm-cdls-getrf,0,0x5c08570d2ff0
10047,10047,189,1614,hip-hipmm-cdls-getrf,0,0x5c08570d2ff0
10048,10048,258,1356,hip-hipmm-cdls-getrf,0,0x5c08570d2ff0
10049,10049,129,1797,hip-hipmm-cdls-getrf,0,0x5c08570d2ff0
10050,10050,246,2295,hip-hipmm-cdls-getrf,0,0x5c08570d2ff0
10051,10051,195,2262,hip-hipmm-cdls-getrf,0,0x5c08570d2ff0
10052,10052,171,2301,hip-hipmm-cdls-getrf,0,0x5c08570d2ff0
10053,10053,219,1413,hip-hipmm-cdls-getrf,0,0x5c08570d2ff0
10054,10054,273,1434,hip-hipmm-cdls-getrf,0,0x5c08570d2ff0
10055,10055,261,2052,hip-hipmm-cdls-getrf,0,0x5c08570d2ff0
10056,10056,219,2469,hip-hipmm-cdls-getrf,0,0x5c08570d2ff0
10057,10057,201,1461,hip-hipmm-cdls-getrf,0,0x5c08570d2ff0
10058,10058,270,2607,hip-hipmm-cdls-getrf,0,0x5c08570d2ff0
10059,10059,285,2919,hip-hipmm-cdls-getrf,0,0x5c08570d2ff0
10060,10060,165,2886,hip-hipmm-cdls-getrf,0,0x5c08570d2ff0
10061,10061,162,2748,hip-hipmm-cdls-getrf,0,0x5c08570d2ff0
10062,10062,168,2586,hip-hipmm-cdls-getrf,0,0x5c08570d2ff0
10063,10063,225,1653,hip-hipmm-cdls-getrf,0,0x5c08570d2ff0
10064,10064,309,2739,hip-hipmm-cdls-getrf,0,0x5c08570d2ff0
10065,10065,198,3573,hip-hipmm-cdls-getrf,0,0x5c08570d2ff0
10066,10066,174,3375,hip-hipmm-cdls-getrf,0,0x5c08570d2ff0
10067,10067,267,2343,hip-hipmm-cdls-getrf,0,0x5c08570d2ff0
10068,10068,297,2529,hip-hipmm-cdls-getrf,0,0x5c08570d2ff0
10069,10069,252,1623,hip-hipmm-cdls-getrf,0,0x5c08570d2ff0
10070,10070,162,2028,hip-hipmm-cdls-getrf,0,0x5c08570d2ff0
10071,10071,192,1866,hip-hipmm-cdls-getrf,0,0x5c08570d2ff0
10072,10072,264,2523,hip-hipmm-cdls-getrf,0,0x5c08570d2ff0
10073,10073,315,2667,hip-hipmm-cdls-getrf,0,0x5c08570d2ff0
10074,10074,252,1842,hip-hipmm-cdls-getrf,0,0x5c08570d2ff0
10075,10075,207,1056,hip-hipmm-cdls-getrf,0,0x5c08570d2ff0
10076,10076,216,1137,hip-hipmm-cdls-getrf,0,0x5c08570d2ff0
10077,10077,174,831,hip-hipmm-cdls-getrf,0,0x5c08570d2ff0
10078,10078,255,1773,hip-hipmm-cdls-getrf,0,0x5c08570d2ff0
10079,10079,177,1689,hip-hipmm-cdls-getrf,0,0x5c08570d2ff0
10080,10080,264,2226,hip-hipmm-cdls-getrf,0,0x5c08570d2ff0
10081,10081,234,1932,hip-hipmm-cdls-getrf,0,0x5c08570d2ff0
10082,10082,207,1890,hip-hipmm-cdls-getrf,0,0x5c08570d2ff0
10083,10083,198,1575,hip-hipmm-cdls-getrf,0,0x5c08570d2ff0
10084,10084,228,1305,hip-hipmm-cdls-getrf,0,0x5c08570d2ff0
10085,10085,222,1215,hip-hipmm-cdls-getrf,0,0x5c08570d2ff0
10086,10086,180,1251,hip-hipmm-cdls-getrf,0,0x5c08570d2ff0
10087,10087,117,963,hip-hipmm-cdls-getrf,0,0x5c08570d2ff0
10088,10088,165,1077,hip-hipmm-cdls-getrf,0,0x5c08570d2ff0
10089,10089,195,1206,hip-hipmm-cdls-getrf,0,0x5c08570d2ff0
10090,10090,309,1383,hip-hipmm-cdls-getrf,0,0x5c08570d2ff0
10091,10091,216,1644,hip-hipmm-cdls-getrf,0,0x5c08570d2ff0
10092,10092,201,1647,hip-hipmm-cdls-getrf,0,0x5c08570d2ff0
10093,10093,297,1290,hip-hipmm-cdls-getrf,0,0x5c08570d2ff0
10094,10094,177,1989,hip-hipmm-cdls-getrf,0,0x5c08570d2ff0
10095,10095,303,2292,hip-hipmm-cdls-getrf,0,0x5c08570d2ff0
10096,10096,207,1692,hip-hipmm-cdls-getrf,0,0x5c08570d2ff0
10097,10097,144,1512,hip-hipmm-cdls-getrf,0,0x5c08570d2ff0
10098,10098,138,663,hip-hipmm-cdls-getrf,0,0x5c08570d2ff0
10099,10099,192,1128,hip-hipmm-cdls-getrf,0,0x5c08570d2ff0
10100,10100,81,810,hip-hipmm-cdls-getrf,0,0x5c08570d2ff0
10101,10101,159,1086,hip-hipmm-cdls-getrf,0,0x5c08570d2ff0
10102,10102,294,1419,hip-hipmm-cdls-getrf,0,0x5c08570d2ff0
10103,10103,171,1188,hip-hipmm-cdls-getrf,0,0x5c08570d2ff0
10104,10104,177,1743,hip-hipmm-cdls-getrf,0,0x5c08570d2ff0
10105,10105,153,1467,hip-hipmm-cdls-getrf,0,0x5c08570d2ff0
10106,10106,132,1161,hip-hipmm-cdls-getrf,0,0x5c08570d2ff0
10107,10107,213,1596,hip-hipmm-cdls-getrf,0,0x5c08570d2ff0
10108,10108,171,1260,hip-hipmm-cdls-getrf,0,0x5c08570d2ff0
10109,10109,147,1167,hip-hipmm-cdls-getrf,0,0x5c08570d2ff0
10110,10110,195,1812,hip-hipmm-cdls-getrf,0,0x5c08570d2ff0
10111,10111,210,1944,hip-hipmm-cdls-getrf,0,0x5c08570d2ff0
10112,10112,243,1596,hip-hipmm-cdls-getrf,0,0x5c08570d2ff0
10113,10113,168,2442,hip-hipmm-cdls-getrf,0,0x5c08570d2ff0
10114,10114,168,2274,hip-hipmm-cdls-getrf,0,0x5c08570d2ff0
10115,10115,183,1821,hip-hipmm-cdls-getrf,0,0x5c08570d2ff0
10116,10116,93,1191,hip-hipmm-cdls-getrf,0,0x5c08570d2ff0
10117,10117,177,1992,hip-hipmm-cdls-getrf,0,0x5c08570d2ff0
10118,10118,111,2064,hip-hipmm-cdls-getrf,0,0x5c08570d2ff0
10119,10119,213,1686,hip-hipmm-cdls-getrf,0,0x5c08570d2ff0
10120,10120,246,1935,hip-hipmm-cdls-getrf,0,0x5c08570d2ff0
10121,10121,240,1884,hip-hipmm-cdls-getrf,0,0x5c08570d2ff0
10122,10122,228,2358,hip-hipmm-cdls-getrf,0,0x5c08570d2ff0
10123,10123,141,1251,hip-hipmm-cdls-getrf,0,0x5c08570d2ff0
10124,10124,93,1491,hip-hipmm-cdls-getrf,0,0x5c08570d2ff0
10125,10125,192,1878,hip-hipmm-cdls-getrf,0,0x5c08570d2ff0
10126,10126,144,2091,hip-hipmm-cdls-getrf,0,0x5c08570d2ff0
10127,10127,213,1905,hip-hipmm-cdls-getrf,0,0x5c08570d2ff0
10128,10128,252,1734,hip-hipmm-cdls-getrf,0,0x5c08570d2ff0
10129,10129,186,1332,hip-hipmm-cdls-getrf,0,0x5c08570d2ff0
10130,10130,219,1281,hip-hipmm-cdls-getrf,0,0x5c08570d2ff0
10131,10131,183,1986,hip-hipmm-cdls-getrf,0,0x5c08570d2ff0
10132,10132,276,1284,hip-hipmm-cdls-getrf,0,0x5c08570d2ff0
10133,10133,222,1251,hip-hipmm-cdls-getrf,0,0x5c08570d2ff0
10134,10134,183,2100,hip-hipmm-cdls-getrf,0,0x5c08570d2ff0
10135,10135,165,3564,hip-hipmm-cdls-getrf,0,0x5c08570d2ff0
10136,10136,165,3399,hip-hipmm-cdls-getrf,0,0x5c08570d2ff0
10137,10137,270,2724,hip-hipmm-cdls-getrf,0,0x5c08570d2ff0
10138,10138,225,3171,hip-hipmm-cdls-getrf,0,0x5c08570d2ff0
10139,10139,204,1935,hip-hipmm-cdls-getrf,0,0x5c08570d2ff0
10140,10140,161,2823,hip-hipmm-cdls-getrf,0,0x5c08570d2ff0
10141,10141,160,2662,hip-hipmm-cdls-getrf,0,0x5c08570d2ff0
10142,10142,171,2133,hip-hipmm-cdls-getrf,0,0x5c08570d2ff0
10143,10143,192,1080,hip-hipmm-cdls-getrf,0,0x5c08570d2ff0
10144,10144,198,1677,hip-hipmm-cdls-getrf,0,0x5c08570d2ff0
10145,10145,207,1980,hip-hipmm-cdls-getrf,0,0x5c08570d2ff0
10146,10146,186,1239,hip-hipmm-cdls-getrf,0,0x5c08570d2ff0
10147,10147,159,1773,hip-hipmm-cdls-getrf,0,0x5c08570d2ff0
10148,10148,117,1299,hip-hipmm-cdls-getrf,0,0x5c08570d2ff0
10149,10149,177,2376,hip-hipmm-cdls-getrf,0,0x5c08570d2ff0
10150,10150,198,1623,hip-hipmm-cdls-getrf,0,0x5c08570d2ff0
10151,10151,234,2010,hip-hipmm-cdls-getrf,0,0x5c08570d2ff0
10152,10152,168,1818,hip-hipmm-cdls-getrf,0,0x5c08570d2ff0
10153,10153,213,1293,hip-hipmm-cdls-getrf,0,0x5c08570d2ff0
10154,10154,288,2175,hip-hipmm-cdls-getrf,0,0x5c08570d2ff0
10155,10155,264,1350,hip-hipmm-cdls-getrf,0,0x5c08570d2ff0
10156,10156,267,2022,hip-hipmm-cdls-getrf,0,0x5c08570d2ff0
10157,10157,111,1650,hip-hipmm-cdls-getrf,0,0x5c08570d2ff0
10158,10158,174,1230,hip-hipmm-cdls-getrf,0,0x5c08570d2ff0
10159,10159,150,1395,hip-hipmm-cdls-getrf,0,0x5c08570d2ff0
10160,10160,174,2232,hip-hipmm-cdls-getrf,0,0x5c08570d2ff0
10161,10161,201,1212,hip-hipmm-cdls-getrf,0,0x5c08570d2ff0
10162,10162,234,2070,hip-hipmm-cdls-getrf,0,0x5c08570d2ff0
10163,10163,231,1542,hip-hipmm-cdls-getrf,0,0x5c08570d2ff0
10164,10164,207,2250,hip-hipmm-cdls-getrf,0,0x5c08570d2ff0
10165,10165,264,2049,hip-hipmm-cdls-getrf,0,0x5c08570d2ff0
10166,10166,201,2559,hip-hipmm-cdls-getrf,0,0x5c08570d2ff0
10167,10167,216,1809,hip-hipmm-cdls-getrf,0,0x5c08570d2ff0
10168,10168,267,2328,hip-hipmm-cdls-getrf,0,0x5c08570d2ff0
10169,10169,318,2487,hip-hipmm-cdls-getrf,0,0x5c08570d2ff0
10170,10170,186,2580,hip-hipmm-cdls-getrf,0,0x5c08570d2ff0
10171,10171,177,2394,hip-hipmm-cdls-getrf,0,0x5c08570d2ff0
10172,10172,288,2637,hip-hipmm-cdls-getrf,0,0x5c08570d2ff0
10173,10173,252,2343,hip-hipmm-cdls-getrf,0,0x5c08570d2ff0
10174,10174,216,1473,hip-hipmm-cdls-getrf,0,0x5c08570d2ff0
10175,10175,270,2121,hip-hipmm-cdls-getrf,0,0x5c08570d2ff0
10176,10176,282,2655,hip-hipmm-cdls-getrf,0,0x5c08570d2ff0
10177,10177,213,2559,hip-hipmm-cdls-getrf,0,0x5c08570d2ff0
10178,10178,168,1539,hip-hipmm-cdls-getrf,0,0x5c08570d2ff0
10179,10179,165,1677,hip-hipmm-cdls-getrf,0,0x5c08570d2ff0
10180,10180,204,1674,hip-hipmm-cdls-getrf,0,0x5c08570d2ff0
10181,10181,228,1263,hip-hipmm-cdls-getrf,0,0x5c08570d2ff0
10182,10182,189,2793,hip-hipmm-cdls-getrf,0,0x5c08570d2ff0
10183,10183,168,2604,hip-hipmm-cdls-getrf,0,0x5c08570d2ff0
10184,10184,294,1956,hip-hipmm-cdls-getrf,0,0x5c08570d2ff0
10185,10185,300,2046,hip-hipmm-cdls-getrf,0,0x5c08570d2ff0
10186,10186,198,1770,hip-hipmm-cdls-getrf,0,0x5c08570d2ff0
10187,10187,225,1866,hip-hipmm-cdls-getrf,0,0x5c08570d2ff0
10188,10188,264,1557,hip-hipmm-cdls-getrf,0,0x5c08570d2ff0
10189,10189,207,2385,hip-hipmm-cdls-getrf,0,0x5c08570d2ff0
10190,10190,231,2070,hip-hipmm-cdls-getrf,0,0x5c08570d2ff0
10191,10191,126,1047,hip-hipmm-cdls-getrf,0,0x5c08570d2ff0
10192,10192,276,1506,hip-hipmm-cdls-getrf,0,0x5c08570d2ff0
10193,10193,126,1887,hip-hipmm-cdls-getrf,0,0x5c08570d2ff0
10194,10194,177,2007,hip-hipmm-cdls-getrf,0,0x5c08570d2ff0
10195,10195,231,1203,hip-hipmm-cdls-getrf,0,0x5c08570d2ff0
10196,10196,141,1050,hip-hipmm-cdls-getrf,0,0x5c08570d2ff0
10197,10197,126,1128,hip-hipmm-cdls-getrf,0,0x5c08570d2ff0
10198,10198,132,1515,hip-hipmm-cdls-getrf,0,0x5c08570d2ff0
10199,10199,234,1845,hip-hipmm-cdls-getrf,0,0x5c08570d2ff0
10200,10200,297,2247,hip-hipmm-cdls-getrf,0,0x5c08570d2ff0
10201,10201,165,2406,hip-hipmm-cdls-getrf,0,0x5c08570d2ff0
10202,10202,195,2241,hip-hipmm-cdls-getrf,0,0x5c08570d2ff0
10203,10203,294,2292,hip-hipmm-cdls-getrf,0,0x5c08570d2ff0
10204,10204,246,2349,hip-hipmm-cdls-getrf,0,0x5c08570d2ff0
10205,10205,246,2604,hip-hipmm-cdls-getrf,0,0x5c08570d2ff0
10206,10206,178,2859,hip-hipmm-cdls-getrf,0,0x5c08570d2ff0
10207,10207,167,2681,hip-hipmm-cdls-getrf,0,0x5c08570d2ff0
10208,10208,213,3069,hip-hipmm-cdls-getrf,0,0x5c08570d2ff0
10209,10209,195,2856,hip-hipmm-cdls-getrf,0,0x5c08570d2ff0
10210,10210,285,3135,hip-hipmm-cdls-getrf,0,0x5c08570d2ff0
10211,10211,252,2850,hip-hipmm-cdls-getrf,0,0x5c08570d2ff0
10212,10212,246,1956,hip-hipmm-cdls-getrf,0,0x5c08570d2ff0
10213,10213,225,1710,hip-hipmm-cdls-getrf,0,0x5c08570d2ff0
10214,10214,195,1374,hip-hipmm-cdls-getrf,0,0x5c08570d2ff0
10215,10215,195,1179,hip-hipmm-cdls-getrf,0,0x5c08570d2ff0
10216,10216,231,1779,hip-hipmm-cdls-getrf,0,0x5c08570d2ff0
10217,10217,219,1548,hip-hipmm-cdls-getrf,0,0x5c08570d2ff0
10218,10218,296,2487,hip-hipmm-cdls-getrf,0,0x5c08570d2ff0
10219,10219,295,2191,hip-hipmm-cdls-getrf,0,0x5c08570d2ff0
10220,10220,282,2247,hip-hipmm-cdls-getrf,0,0x5c08570d2ff0
10221,10221,255,1965,hip-hipmm-cdls-getrf,0,0x5c08570d2ff0
10222,10222,315,2523,hip-hipmm-cdls-getrf,0,0x5c08570d2ff0
10223,10223,162,2832,hip-hipmm-cdls-getrf,0,0x5c08570d2ff0
10224,10224,168,2670,hip-hipmm-cdls-getrf,0,0x5c08570d2ff0
10225,10225,219,1614,hip-hipmm-cdls-getrf,0,0x5c08570d2ff0
10226,10226,315,1908,hip-hipmm-cdls-getrf,0,0x5c08570d2ff0
10227,10227,198,1650,hip-hipmm-cdls-getrf,0,0x5c08570d2ff0
10228,10228,267,2322,hip-hipmm-cdls-getrf,0,0x5c08570d2ff0
10229,10229,264,2022,hip-hipmm-cdls-getrf,0,0x5c08570d2ff0
10230,10230,273,2202,hip-hipmm-cdls-getrf,0,0x5c08570d2ff0
10231,10231,165,2646,hip-hipmm-cdls-getrf,0,0x5c08570d2ff0
10232,10232,165,2481,hip-hipmm-cdls-getrf,0,0x5c08570d2ff0
10233,10233,249,2487,hip-hipmm-cdls-getrf,0,0x5c08570d2ff0
10234,10234,198,1695,hip-hipmm-cdls-getrf,0,0x5c08570d2ff0
10235,10235,174,1497,hip-hipmm-cdls-getrf,0,0x5c08570d2ff0
10236,10236,170,2403,hip-hipmm-cdls-getrf,0,0x5c08570d2ff0
10237,10237,169,2233,hip-hipmm-cdls-getrf,0,0x5c08570d2ff0
10238,10238,231,1422,hip-hipmm-cdls-getrf,0,0x5c08570d2ff0
10239,10239,315,1662,hip-hipmm-cdls-getrf,0,0x5c08570d2ff0
10240,10240,306,2247,hip-hipmm-cdls-getrf,0,0x5c08570d2ff0
10241,10241,201,2967,hip-hipmm-cdls-getrf,0,0x5c08570d2ff0
10242,10242,189,2766,hip-hipmm-cdls-getrf,0,0x5c08570d2ff0
10243,10243,297,2157,hip-hipmm-cdls-getrf,0,0x5c08570d2ff0
10244,10244,243,2238,hip-hipmm-cdls-getrf,0,0x5c08570d2ff0
10245,10245,213,1995,hip-hipmm-cdls-getrf,0,0x5c08570d2ff0
10246,10246,240,2757,hip-hipmm-cdls-getrf,0,0x5c08570d2ff0
10247,10247,243,3753,hip-hipmm-cdls-getrf,0,0x5c08570d2ff0
10248,10248,285,2355,hip-hipmm-cdls-getrf,0,0x5c08570d2ff0
10249,10249,249,2070,hip-hipmm-cdls-getrf,0,0x5c08570d2ff0
10250,10250,252,3360,hip-hipmm-cdls-getrf,0,0x5c08570d2ff0
10251,10251,216,3108,hip-hipmm-cdls-getrf,0,0x5c08570d2ff0
10252,10252,171,3846,hip-hipmm-cdls-getrf,0,0x5c08570d2ff0
10253,10253,189,3675,hip-hipmm-cdls-getrf,0,0x5c08570d2ff0
10254,10254,210,2457,hip-hipmm-cdls-getrf,0,0x5c08570d2ff0
10255,10255,201,2247,hip-hipmm-cdls-getrf,0,0x5c08570d2ff0
10256,10256,258,2436,hip-hipmm-cdls-getrf,0,0x5c08570d2ff0
10257,10257,186,3063,hip-hipmm-cdls-getrf,0,0x5c08570d2ff0
10258,10258,186,2877,hip-hipmm-cdls-getrf,0,0x5c08570d2ff0
10259,10259,183,2037,hip-hipmm-cdls-getrf,0,0x5c08570d2ff0
10260,10260,162,1854,hip-hipmm-cdls-getrf,0,0x5c08570d2ff0
10261,10261,222,3510,hip-hipmm-cdls-getrf,0,0x5c08570d2ff0
10262,10262,201,3288,hip-hipmm-cdls-getrf,0,0x5c08570d2ff0
10263,10263,294,2613,hip-hipmm-cdls-getrf,0,0x5c08570d2ff0
10264,10264,294,2319,hip-hipmm-cdls-getrf,0,0x5c08570d2ff0
10265,10265,306,2484,hip-hipmm-cdls-getrf,0,0x5c08570d2ff0
10266,10266,300,1476,hip-hipmm-cdls-getrf,0,0x5c08570d2ff0
10267,10267,225,2448,hip-hipmm-cdls-getrf,0,0x5c08570d2ff0
10268,10268,219,2223,hip-hipmm-cdls-getrf,0,0x5c08570d2ff0
10269,10269,195,2940,hip-hipmm-cdls-getrf,0,0x5c08570d2ff0
10270,10270,210,2745,hip-hipmm-cdls-getrf,0,0x5c08570d2ff0
10271,10271,186,1125,hip-hipmm-cdls-getrf,0,0x5c08570d2ff0
10272,10272,204,2064,hip-hipmm-cdls-getrf,0,0x5c08570d2ff0
10273,10273,273,2349,hip-hipmm-cdls-getrf,0,0x5c08570d2ff0
10274,10274,312,1575,hip-hipmm-cdls-getrf,0,0x5c08570d2ff0
10275,10275,186,3630,hip-hipmm-cdls-getrf,0,0x5c08570d2ff0
10276,10276,228,3444,hip-hipmm-cdls-getrf,0,0x5c08570d2ff0
10277,10277,177,2847,hip-hipmm-cdls-getrf,0,0x5c08570d2ff0
10278,10278,189,2670,hip-hipmm-cdls-getrf,0,0x5c08570d2ff0
10279,10279,231,2163,hip-hipmm-cdls-getrf,0,0x5c08570d2ff0
10280,10280,204,1932,hip-hipmm-cdls-getrf,0,0x5c08570d2ff0
10281,10281,300,1638,hip-hipmm-cdls-getrf,0,0x5c08570d2ff0
10282,10282,204,2073,hip-hipmm-cdls-getrf,0,0x5c08570d2ff0
10283,10283,207,1869,hip-hipmm-cdls-getrf,0,0x5c08570d2ff0
10284,10284,222,3153,hip-hipmm-cdls-getrf,0,0x5c08570d2ff0
10285,10285,222,2931,hip-hipmm-cdls-getrf,0,0x5c08570d2ff0
10286,10286,192,3690,hip-hipmm-cdls-getrf,0,0x5c08570d2ff0
10287,10287,195,3498,hip-hipmm-cdls-getrf,0,0x5c08570d2ff0
10288,10288,228,1887,hip-hipmm-cdls-getrf,0,0x5c08570d2ff0
10289,10289,201,1659,hip-hipmm-cdls-getrf,0,0x5c08570d2ff0
10290,10290,282,3645,hip-hipmm-cdls-getrf,0,0x5c08570d2ff0
10291,10291,177,3117,hip-hipmm-cdls-getrf,0,0x5c08570d2ff0
10292,10292,216,2940,hip-hipmm-cdls-getrf,0,0x5c08570d2ff0
10293,10293,186,4857,hip-hipmm-cdls-getrf,0,0x5c08570d2ff0
10294,10294,186,4671,hip-hipmm-cdls-getrf,0,0x5c08570d2ff0
10295,10295,211,3309,hip-hipmm-cdls-getrf,0,0x5c08570d2ff0
10296,10296,203,3098,hip-hipmm-cdls-getrf,0,0x5c08570d2ff0
10297,10297,333,4881,hip-hipmm-cdls-getrf,0,0x5c08570d2ff0
10298,10298,291,4548,hip-hipmm-cdls-getrf,0,0x5c08570d2ff0
10299,10299,243,3738,hip-hipmm-cdls-getrf,0,0x5c08570d2ff0
10300,10300,216,3495,hip-hipmm-cdls-getrf,0,0x5c08570d2ff0
10301,10301,255,2508,hip-hipmm-cdls-getrf,0,0x5c08570d2ff0
10302,10302,237,2253,hip-hipmm-cdls-getrf,0,0x5c08570d2ff0
10303,10303,228,4074,hip-hipmm-cdls-getrf,0,0x5c08570d2ff0
10304,10304,207,3846,hip-hipmm-cdls-getrf,0,0x5c08570d2ff0
10305,10305,231,1932,hip-hipmm-cdls-getrf,0,0x5c08570d2ff0
10306,10306,210,1701,hip-hipmm-cdls-getrf,0,0x5c08570d2ff0
10307,10307,297,1242,hip-hipmm-cdls-getrf,0,0x5c08570d2ff0
10308,10308,204,2469,hip-hipmm-cdls-getrf,0,0x5c08570d2ff0
10309,10309,240,2265,hip-hipmm-cdls-getrf,0,0x5c08570d2ff0
10310,10310,297,3018,hip-hipmm-cdls-getrf,0,0x5c08570d2ff0
10311,10311,255,2721,hip-hipmm-cdls-getrf,0,0x5c08570d2ff0
10312,10312,165,2586,hip-hipmm-cdls-getrf,0,0x5c08570d2ff0
10313,10313,162,2421,hip-hipmm-cdls-getrf,0,0x5c08570d2ff0
10314,10314,171,1653,hip-hipmm-cdls-getrf,0,0x5c08570d2ff0
10315,10315,207,1482,hip-hipmm-cdls-getrf,0,0x5c08570d2ff0
10316,10316,126,1701,hip-hipmm-cdls-getrf,0,0x5c08570d2ff0
10317,10317,162,1560,hip-hipmm-cdls-getrf,0,0x5c08570d2ff0
10318,10318,162,1398,hip-hipmm-cdls-getrf,0,0x5c08570d2ff0
10319,10319,186,2064,hip-hipmm-cdls-getrf,0,0x5c08570d2ff0
10320,10320,186,1878,hip-hipmm-cdls-getrf,0,0x5c08570d2ff0
10321,10321,288,2079,hip-hipmm-cdls-getrf,0,0x5c08570d2ff0
10322,10322,225,3162,hip-hipmm-cdls-getrf,0,0x5c08570d2ff0
10323,10323,246,2937,hip-hipmm-cdls-getrf,0,0x5c08570d2ff0
10324,10324,306,2397,hip-hipmm-cdls-getrf,0,0x5c08570d2ff0
10325,10325,285,1143,hip-hipmm-cdls-getrf,0,0x5c08570d2ff0
10326,10326,204,1359,hip-hipmm-cdls-getrf,0,0x5c08570d2ff0
10327,10327,207,1719,hip-hipmm-cdls-getrf,0,0x5c08570d2ff0
10328,10328,177,1512,hip-hipmm-cdls-getrf,0,0x5c08570d2ff0
10329,10329,204,2352,hip-hipmm-cdls-getrf,0,0x5c08570d2ff0
10330,10330,174,2148,hip-hipmm-cdls-getrf,0,0x5c08570d2ff0
10331,10331,180,1917,hip-hipmm-cdls-getrf,0,0x5c08570d2ff0
10332,10332,198,1737,hip-hipmm-cdls-getrf,0,0x5c08570d2ff0
10333,10333,294,1704,hip-hipmm-cdls-getrf,0,0x5c08570d2ff0
10334,10334,171,2913,hip-hipmm-cdls-getrf,0,0x5c08570d2ff0
10335,10335,189,2742,hip-hipmm-cdls-getrf,0,0x5c08570d2ff0
10336,10336,197,2955,hip-hipmm-cdls-getrf,0,0x5c08570d2ff0
10337,10337,196,2758,hip-hipmm-cdls-getrf,0,0x5c08570d2ff0
10338,10338,207,2421,hip-hipmm-cdls-getrf,0,0x5c08570d2ff0
10339,10339,309,3324,hip-hipmm-cdls-getrf,0,0x5c08570d2ff0
10340,10340,231,2811,hip-hipmm-cdls-getrf,0,0x5c08570d2ff0
10341,10341,186,3243,hip-hipmm-cdls-getrf,0,0x5c08570d2ff0
10342,10342,201,3057,hip-hipmm-cdls-getrf,0,0x5c08570d2ff0
10343,10343,258,2148,hip-hipmm-cdls-getrf,0,0x5c08570d2ff0
10344,10344,264,3231,hip-hipmm-cdls-getrf,0,0x5c08570d2ff0
10345,10345,201,2712,hip-hipmm-cdls-getrf,0,0x5c08570d2ff0
10346,10346,165,2511,hip-hipmm-cdls-getrf,0,0x5c08570d2ff0
10347,10347,273,1830,hip-hipmm-cdls-getrf,0,0x5c08570d2ff0
10348,10348,203,2334,hip-hipmm-cdls-getrf,0,0x5c08570d2ff0
10349,10349,202,2131,hip-hipmm-cdls-getrf,0,0x5c08570d2ff0
10350,10350,180,2532,hip-hipmm-cdls-getrf,0,0x5c08570d2ff0
10351,10351,162,2352,hip-hipmm-cdls-getrf,0,0x5c08570d2ff0
10352,10352,291,4926,hip-hipmm-cdls-getrf,0,0x5c08570d2ff0
10353,10353,285,4635,hip-hipmm-cdls-getrf,0,0x5c08570d2ff0
10354,10354,276,4041,hip-hipmm-cdls-getrf,0,0x5c08570d2ff0
10355,10355,231,3765,hip-hipmm-cdls-getrf,0,0x5c08570d2ff0
10356,10356,3,45,hip-hipmm-cdls-getrf,0,0x5c08570d2ff0
10357,10357,204,3888,hip-hipmm-cdls-getrf,0,0x5c08570d2ff0
10358,10358,234,3684,hip-hipmm-cdls-getrf,0,0x5c08570d2ff0
10359,10359,168,1977,hip-hipmm-cdls-getrf,0,0x5c08570d2ff0
10360,10360,165,1809,hip-hipmm-cdls-getrf,0,0x5c08570d2ff0
10361,10361,189,2382,hip-hipmm-cdls-getrf,0,0x5c08570d2ff0
10362,10362,180,2193,hip-hipmm-cdls-getrf,0,0x5c08570d2ff0
10363,10363,171,2355,hip-hipmm-cdls-getrf,0,0x5c08570d2ff0
10364,10364,162,2184,hip-hipmm-cdls-getrf,0,0x5c08570d2ff0
10365,10365,207,3120,hip-hipmm-cdls-getrf,0,0x5c08570d2ff0
10366,10366,198,2913,hip-hipmm-cdls-getrf,0,0x5c08570d2ff0
10367,10367,177,2970,hip-hipmm-cdls-getrf,0,0x5c08570d2ff0
10368,10368,186,2793,hip-hipmm-cdls-getrf,0,0x5c08570d2ff0
10369,10369,252,2406,hip-hipmm-cdls-getrf,0,0x5c08570d2ff0
10370,10370,237,2154,hip-hipmm-cdls-getrf,0,0x5c08570d2ff0
10371,10371,237,2322,hip-hipmm-cdls-getrf,0,0x5c08570d2ff0
10372,10372,198,2085,hip-hipmm-cdls-getrf,0,0x5c08570d2ff0
10373,10373,276,2232,hip-hipmm-cdls-getrf,0,0x5c08570d2ff0
10374,10374,225,2952,hip-hipmm-cdls-getrf,0,0x5c08570d2ff0
10375,10375,162,2442,hip-hipmm-cdls-getrf,0,0x5c08570d2ff0
10376,10376,192,2280,hip-hipmm-cdls-getrf,0,0x5c08570d2ff0
10377,10377,192,2835,hip-hipmm-cdls-getrf,0,0x5c08570d2ff0
10378,10378,222,2643,hip-hipmm-cdls-getrf,0,0x5c08570d2ff0
10379,10379,204,3618,hip-hipmm-cdls-getrf,0,0x5c08570d2ff0
10380,10380,165,3414,hip-hipmm-cdls-getrf,0,0x5c08570d2ff0
10381,10381,165,3258,hip-hipmm-cdls-getrf,0,0x5c08570d2ff0
10382,10382,162,3093,hip-hipmm-cdls-getrf,0,0x5c08570d2ff0
10383,10383,219,3852,hip-hipmm-cdls-getrf,0,0x5c08570d2ff0
10384,10384,219,3633,hip-hipmm-cdls-getrf,0,0x5c08570d2ff0
10385,10385,234,3798,hip-hipmm-cdls-getrf,0,0x5c08570d2ff0
10386,10386,234,3564,hip-hipmm-cdls-getrf,0,0x5c08570d2ff0
10387,10387,312,2697,hip-hipmm-cdls-getrf,0,0x5c08570d2ff0
10388,10388,273,3987,hip-hipmm-cdls-getrf,0,0x5c08570d2ff0
10389,10389,309,3714,hip-hipmm-cdls-getrf,0,0x5c08570d2ff0
10390,10390,165,2382,hip-hipmm-cdls-getrf,0,0x5c08570d2ff0
10391,10391,195,2217,hip-hipmm-cdls-getrf,0,0x5c08570d2ff0
10392,10392,213,1995,hip-hipmm-cdls-getrf,0,0x5c08570d2ff0
10393,10393,213,1782,hip-hipmm-cdls-getrf,0,0x5c08570d2ff0
10394,10394,264,3483,hip-hipmm-cdls-getrf,0,0x5c08570d2ff0
10395,10395,228,3219,hip-hipmm-cdls-getrf,0,0x5c08570d2ff0
10396,10396,162,2907,hip-hipmm-cdls-getrf,0,0x5c08570d2ff0
10397,10397,162,2745,hip-hipmm-cdls-getrf,0,0x5c08570d2ff0
10398,10398,162,2523,hip-hipmm-cdls-getrf,0,0x5c08570d2ff0
10399,10399,162,2361,hip-hipmm-cdls-getrf,0,0x5c08570d2ff0
10400,10400,216,3459,hip-hipmm-cdls-getrf,0,0x5c08570d2ff0
10401,10401,204,3243,hip-hipmm-cdls-getrf,0,0x5c08570d2ff0
10402,10402,285,1821,hip-hipmm-cdls-getrf,0,0x5c08570d2ff0
10403,10403,165,3102,hip-hipmm-cdls-getrf,0,0x5c08570d2ff0
10404,10404,168,2937,hip-hipmm-cdls-getrf,0,0x5c08570d2ff0
10405,10405,303,1539,hip-hipmm-cdls-getrf,0,0x5c08570d2ff0
10406,10406,222,2073,hip-hipmm-cdls-getrf,0,0x5c08570d2ff0
10407,10407,318,2913,hip-hipmm-cdls-getrf,0,0x5c08570d2ff0
10408,10408,285,2595,hip-hipmm-cdls-getrf,0,0x5c08570d2ff0
10409,10409,272,3423,hip-hipmm-cdls-getrf,0,0x5c08570d2ff0
10410,10410,253,3151,hip-hipmm-cdls-getrf,0,0x5c08570d2ff0
10411,10411,228,3831,hip-hipmm-cdls-getrf,0,0x5c08570d2ff0
10412,10412,216,3603,hip-hipmm-cdls-getrf,0,0x5c08570d2ff0
10413,10413,225,4329,hip-hipmm-cdls-getrf,0,0x5c08570d2ff0
10414,10414,273,4104,hip-hipmm-cdls-getrf,0,0x5c08570d2ff0
10415,10415,255,3831,hip-hipmm-cdls-getrf,0,0x5c08570d2ff0
10416,10416,264,3477,hip-hipmm-cdls-getrf,0,0x5c08570d2ff0
10417,10417,264,3213,hip-hipmm-cdls-getrf,0,0x5c08570d2ff0
10418,10418,218,1845,hip-hipmm-cdls-getrf,0,0x5c08570d2ff0
10419,10419,217,1627,hip-hipmm-cdls-getrf,0,0x5c08570d2ff0
10420,10420,270,2973,hip-hipmm-cdls-getrf,0,0x5c08570d2ff0
10421,10421,162,2703,hip-hipmm-cdls-getrf,0,0x5c08570d2ff0
10422,10422,162,2541,hip-hipmm-cdls-getrf,0,0x5c08570d2ff0
10423,10423,225,3939,hip-hipmm-cdls-getrf,0,0x5c08570d2ff0
10424,10424,228,3714,hip-hipmm-cdls-getrf,0,0x5c08570d2ff0
10425,10425,228,3486,hip-hipmm-cdls-getrf,0,0x5c08570d2ff0
10426,10426,258,2445,hip-hipmm-cdls-getrf,0,0x5c08570d2ff0
10427,10427,240,2187,hip-hipmm-cdls-getrf,0,0x5c08570d2ff0
10428,10428,180,3027,hip-hipmm-cdls-getrf,0,0x5c08570d2ff0
10429,10429,174,2847,hip-hipmm-cdls-getrf,0,0x5c08570d2ff0
10430,10430,273,3060,hip-hipmm-cdls-getrf,0,0x5c08570d2ff0
10431,10431,270,2787,hip-hipmm-cdls-getrf,0,0x5c08570d2ff0
10432,10432,282,3876,hip-hipmm-cdls-getrf,0,0x5c08570d2ff0
10433,10433,303,3594,hip-hipmm-cdls-getrf,0,0x5c08570d2ff0
10434,10434,294,2757,hip-hipmm-cdls-getrf,0,0x5c08570d2ff0
10435,10435,264,2463,hip-hipmm-cdls-getrf,0,0x5c08570d2ff0
10436,10436,264,1962,hip-hipmm-cdls-getrf,0,0x5c08570d2ff0
10437,10437,279,1698,hip-hipmm-cdls-getrf,0,0x5c08570d2ff0
10438,10438,252,3876,hip-hipmm-cdls-getrf,0,0x5c08570d2ff0
10439,10439,306,3624,hip-hipmm-cdls-getrf,0,0x5c08570d2ff0
10440,10440,240,2919,hip-hipmm-cdls-getrf,0,0x5c08570d2ff0
10441,10441,201,2679,hip-hipmm-cdls-getrf,0,0x5c08570d2ff0
10442,10442,243,2478,hip-hipmm-cdls-getrf,0,0x5c08570d2ff0
10443,10443,261,5307,hip-hipmm-cdls-getrf,0,0x5c08570d2ff0
10444,10444,249,5046,hip-hipmm-cdls-getrf,0,0x5c08570d2ff0
10445,10445,234,3351,hip-hipmm-cdls-getrf,0,0x5c08570d2ff0
10446,10446,195,3117,hip-hipmm-cdls-getrf,0,0x5c08570d2ff0
10447,10447,204,5529,hip-hipmm-cdls-getrf,0,0x5c08570d2ff0
10448,10448,222,5325,hip-hipmm-cdls-getrf,0,0x5c08570d2ff0
10449,10449,222,5103,hip-hipmm-cdls-getrf,0,0x5c08570d2ff0
10450,10450,231,3654,hip-hipmm-cdls-getrf,0,0x5c08570d2ff0
10451,10451,240,3423,hip-hipmm-cdls-getrf,0,0x5c08570d2ff0
10452,10452,234,3528,hip-hipmm-cdls-getrf,0,0x5c08570d2ff0
10453,10453,276,3294,hip-hipmm-cdls-getrf,0,0x5c08570d2ff0
10454,10454,261,3018,hip-hipmm-cdls-getrf,0,0x5c08570d2ff0
10455,10455,276,4377,hip-hipmm-cdls-getrf,0,0x5c08570d2ff0
10456,10456,318,4101,hip-hipmm-cdls-getrf,0,0x5c08570d2ff0
10457,10457,348,2679,hip-hipmm-cdls-getrf,0,0x5c08570d2ff0
10458,10458,288,2331,hip-hipmm-cdls-getrf,0,0x5c08570d2ff0
10459,10459,258,3669,hip-hipmm-cdls-getrf,0,0x5c08570d2ff0
10460,10460,258,3411,hip-hipmm-cdls-getrf,0,0x5c08570d2ff0
10461,10461,231,3153,hip-hipmm-cdls-getrf,0,0x5c08570d2ff0
10462,10462,231,2280,hip-hipmm-cdls-getrf,0,0x5c08570d2ff0
10463,10463,255,2049,hip-hipmm-cdls-getrf,0,0x5c08570d2ff0
10464,10464,321,2655,hip-hipmm-cdls-getrf,0,0x5c08570d2ff0
10465,10465,285,2334,hip-hipmm-cdls-getrf,0,0x5c08570d2ff0
10466,10466,273,4731,hip-hipmm-cdls-getrf,0,0x5c08570d2ff0
10467,10467,249,4458,hip-hipmm-cdls-getrf,0,0x5c08570d2ff0
10468,10468,234,4209,hip-hipmm-cdls-getrf,0,0x5c08570d2ff0
10469,10469,270,2523,hip-hipmm-cdls-getrf,0,0x5c08570d2ff0
10470,10470,228,2253,hip-hipmm-cdls-getrf,0,0x5c08570d2ff0
10471,10471,255,3537,hip-hipmm-cdls-getrf,0,0x5c08570d2ff0
10472,10472,248,3282,hip-hipmm-cdls-getrf,0,0x5c08570d2ff0
10473,10473,247,3034,hip-hipmm-cdls-getrf,0,0x5c08570d2ff0
10474,10474,267,4095,hip-hipmm-cdls-getrf,0,0x5c08570d2ff0
10475,10475,309,3828,hip-hipmm-cdls-getrf,0,0x5c08570d2ff0
10476,10476,241,5181,hip-hipmm-cdls-getrf,0,0x5c08570d2ff0
10477,10477,221,4940,hip-hipmm-cdls-getrf,0,0x5c08570d2ff0
10478,10478,261,4719,hip-hipmm-cdls-getrf,0,0x5c08570d2ff0
10479,10479,237,6396,hip-hipmm-cdls-getrf,0,0x5c08570d2ff0
10480,10480,285,6159,hip-hipmm-cdls-getrf,0,0x5c08570d2ff0
10481,10481,267,5874,hip-hipmm-cdls-getrf,0,0x5c08570d2ff0
10482,10482,228,6735,hip-hipmm-cdls-getrf,0,0x5c08570d2ff0
10483,10483,228,6507,hip-hipmm-cdls-getrf,0,0x5c08570d2ff0
10484,10484,228,6279,hip-hipmm-cdls-getrf,0,0x5c08570d2ff0
10485,10485,255,4539,hip-hipmm-cdls-getrf,0,0x5c08570d2ff0
10486,10486,264,4284,hip-hipmm-cdls-getrf,0,0x5c08570d2ff0
10487,10487,276,4020,hip-hipmm-cdls-getrf,0,0x5c08570d2ff0
10488,10488,225,3744,hip-hipmm-cdls-getrf,0,0x5c08570d2ff0
10489,10489,306,1833,hip-hipmm-cdls-getrf,0,0x5c08570d2ff0
10490,10490,258,1527,hip-hipmm-cdls-getrf,0,0x5c08570d2ff0
10491,10491,321,3795,hip-hipmm-cdls-getrf,0,0x5c08570d2ff0
10492,10492,297,3474,hip-hipmm-cdls-getrf,0,0x5c08570d2ff0
10493,10493,291,2868,hip-hipmm-cdls-getrf,0,0x5c08570d2ff0
10494,10494,291,2577,hip-hipmm-cdls-getrf,0,0x5c08570d2ff0
10495,10495,222,2280,hip-hipmm-cdls-getrf,0,0x5c08570d2ff0
10496,10496,225,2058,hip-hipmm-cdls-getrf,0,0x5c08570d2ff0
10497,10497,222,2769,hip-hipmm-cdls-getrf,0,0x5c08570d2ff0
10498,10498,243,2547,hip-hipmm-cdls-getrf,0,0x5c08570d2ff0
10499,10499,216,2304,hip-hipmm-cdls-getrf,0,0x5c08570d2ff0
10500,10500,225,4029,hip-hipmm-cdls-getrf,0,0x5c08570d2ff0
10501,10501,216,3804,hip-hipmm-cdls-getrf,0,0x5c08570d2ff0
10502,10502,234,3588,hip-hipmm-cdls-getrf,0,0x5c08570d2ff0
10503,10503,225,1560,hip-hipmm-cdls-getrf,0,0x5c08570d2ff0
10504,10504,195,1335,hip-hipmm-cdls-getrf,0,0x5c08570d2ff0
10505,10505,210,2793,hip-hipmm-cdls-getrf,0,0x5c08570d2ff0
10506,10506,222,2583,hip-hipmm-cdls-getrf,0,0x5c08570d2ff0
10507,10507,225,2439,hip-hipmm-cdls-getrf,0,0x5c08570d2ff0
10508,10508,246,2214,hip-hipmm-cdls-getrf,0,0x5c08570d2ff0
10509,10509,250,4287,hip-hipmm-cdls-getrf,0,0x5c08570d2ff0
10510,10510,222,4037,hip-hipmm-cdls-getrf,0,0x5c08570d2ff0
10511,10511,248,3815,hip-hipmm-cdls-getrf,0,0x5c08570d2ff0
10512,10512,312,4476,hip-hipmm-cdls-getrf,0,0x5c08570d2ff0
10513,10513,312,4164,hip-hipmm-cdls-getrf,0,0x5c08570d2ff0
10514,10514,285,4782,hip-hipmm-cdls-getrf,0,0x5c08570d2ff0
10515,10515,249,4497,hip-hipmm-cdls-getrf,0,0x5c08570d2ff0
10516,10516,243,4212,hip-hipmm-cdls-getrf,0,0x5c08570d2ff0
10517,10517,267,3969,hip-hipmm-cdls-getrf,0,0x5c08570d2ff0
10518,10518,318,3234,hip-hipmm-cdls-getrf,0,0x5c08570d2ff0
10519,10519,306,2916,hip-hipmm-cdls-getrf,0,0x5c08570d2ff0
10520,10520,240,3384,hip-hipmm-cdls-getrf,0,0x5c08570d2ff0
10521,10521,225,3144,hip-hipmm-cdls-getrf,0,0x5c08570d2ff0
10522,10522,225,2919,hip-hipmm-cdls-getrf,0,0x5c08570d2ff0
10523,10523,339,6783,hip-hipmm-cdls-getrf,0,0x5c08570d2ff0
10524,10524,326,6444,hip-hipmm-cdls-getrf,0,0x5c08570d2ff0
10525,10525,277,6118,hip-hipmm-cdls-getrf,0,0x5c08570d2ff0
10526,10526,258,4515,hip-hipmm-cdls-getrf,0,0x5c08570d2ff0
10527,10527,234,4257,hip-hipmm-cdls-getrf,0,0x5c08570d2ff0
10528,10528,282,3354,hip-hipmm-cdls-getrf,0,0x5c08570d2ff0
10529,10529,282,3072,hip-hipmm-cdls-getrf,0,0x5c08570d2ff0
10530,10530,261,4581,hip-hipmm-cdls-getrf,0,0x5c08570d2ff0
10531,10531,288,4320,hip-hipmm-cdls-getrf,0,0x5c08570d2ff0
10532,10532,333,3120,hip-hipmm-cdls-getrf,0,0x5c08570d2ff0
10533,10533,306,2787,hip-hipmm-cdls-getrf,0,0x5c08570d2ff0
10534,10534,195,4167,hip-hipmm-cdls-getrf,0,0x5c08570d2ff0
10535,10535,192,3972,hip-hipmm-cdls-getrf,0,0x5c08570d2ff0
10536,10536,300,3873,hip-hipmm-cdls-getrf,0,0x5c08570d2ff0
10537,10537,243,3573,hip-hipmm-cdls-getrf,0,0x5c08570d2ff0
10538,10538,261,5286,hip-hipmm-cdls-getrf,0,0x5c08570d2ff0
10539,10539,207,5025,hip-hipmm-cdls-getrf,0,0x5c08570d2ff0
10540,10540,249,4818,hip-hipmm-cdls-getrf,0,0x5c08570d2ff0
10541,10541,246,5910,hip-hipmm-cdls-getrf,0,0x5c08570d2ff0
10542,10542,228,5664,hip-hipmm-cdls-getrf,0,0x5c08570d2ff0
10543,10543,252,5436,hip-hipmm-cdls-getrf,0,0x5c08570d2ff0
10544,10544,285,5046,hip-hipmm-cdls-getrf,0,0x5c08570d2ff0
10545,10545,318,4761,hip-hipmm-cdls-getrf,0,0x5c08570d2ff0
10546,10546,321,2940,hip-hipmm-cdls-getrf,0,0x5c08570d2ff0
10547,10547,297,2619,hip-hipmm-cdls-getrf,0,0x5c08570d2ff0
10548,10548,255,4689,hip-hipmm-cdls-getrf,0,0x5c08570d2ff0
10549,10549,255,4434,hip-hipmm-cdls-getrf,0,0x5c08570d2ff0
10550,10550,276,4179,hip-hipmm-cdls-getrf,0,0x5c08570d2ff0
10551,10551,240,4623,hip-hipmm-cdls-getrf,0,0x5c08570d2ff0
10552,10552,240,4383,hip-hipmm-cdls-getrf,0,0x5c08570d2ff0
10553,10553,237,3525,hip-hipmm-cdls-getrf,0,0x5c08570d2ff0
10554,10554,234,3288,hip-hipmm-cdls-getrf,0,0x5c08570d2ff0
10555,10555,213,3054,hip-hipmm-cdls-getrf,0,0x5c08570d2ff0
10556,10556,234,2535,hip-hipmm-cdls-getrf,0,0x5c08570d2ff0
10557,10557,234,2301,hip-hipmm-cdls-getrf,0,0x5c08570d2ff0
10558,10558,261,4353,hip-hipmm-cdls-getrf,0,0x5c08570d2ff0
10559,10559,288,4092,hip-hipmm-cdls-getrf,0,0x5c08570d2ff0
10560,10560,246,3804,hip-hipmm-cdls-getrf,0,0x5c08570d2ff0
10561,10561,246,6039,hip-hipmm-cdls-getrf,0,0x5c08570d2ff0
10562,10562,288,5793,hip-hipmm-cdls-getrf,0,0x5c08570d2ff0
10563,10563,276,5505,hip-hipmm-cdls-getrf,0,0x5c08570d2ff0
10564,10564,246,3321,hip-hipmm-cdls-getrf,0,0x5c08570d2ff0
10565,10565,267,3075,hip-hipmm-cdls-getrf,0,0x5c08570d2ff0
10566,10566,240,2808,hip-hipmm-cdls-getrf,0,0x5c08570d2ff0
10567,10567,240,2568,hip-hipmm-cdls-getrf,0,0x5c08570d2ff0
10568,10568,261,4581,hip-hipmm-cdls-getrf,0,0x5c08570d2ff0
10569,10569,246,4320,hip-hipmm-cdls-getrf,0,0x5c08570d2ff0
10570,10570,219,4074,hip-hipmm-cdls-getrf,0,0x5c08570d2ff0
10571,10571,252,3855,hip-hipmm-cdls-getrf,0,0x5c08570d2ff0
10572,10572,240,3753,hip-hipmm-cdls-getrf,0,0x5c08570d2ff0
10573,10573,243,3513,hip-hipmm-cdls-getrf,0,0x5c08570d2ff0
10574,10574,279,3270,hip-hipmm-cdls-getrf,0,0x5c08570d2ff0
10575,10575,255,4884,hip-hipmm-cdls-getrf,0,0x5c08570d2ff0
10576,10576,297,4629,hip-hipmm-cdls-getrf,0,0x5c08570d2ff0
10577,10577,282,4332,hip-hipmm-cdls-getrf,0,0x5c08570d2ff0
10578,10578,282,2757,hip-hipmm-cdls-getrf,0,0x5c08570d2ff0
10579,10579,261,2475,hip-hipmm-cdls-getrf,0,0x5c08570d2ff0
10580,10580,273,2214,hip-hipmm-cdls-getrf,0,0x5c08570d2ff0
10581,10581,261,4611,hip-hipmm-cdls-getrf,0,0x5c08570d2ff0
10582,10582,324,4350,hip-hipmm-cdls-getrf,0,0x5c08570d2ff0
10583,10583,279,4026,hip-hipmm-cdls-getrf,0,0x5c08570d2ff0
10584,10584,270,6534,hip-hipmm-cdls-getrf,0,0x5c08570d2ff0
10585,10585,261,6264,hip-hipmm-cdls-getrf,0,0x5c08570d2ff0
10586,10586,267,6003,hip-hipmm-cdls-getrf,0,0x5c08570d2ff0
10587,10587,240,5736,hip-hipmm-cdls-getrf,0,0x5c08570d2ff0
10588,10588,216,6942,hip-hipmm-cdls-getrf,0,0x5c08570d2ff0
10589,10589,252,6726,hip-hipmm-cdls-getrf,0,0x5c08570d2ff0
10590,10590,225,6474,hip-hipmm-cdls-getrf,0,0x5c08570d2ff0
10591,10591,270,6249,hip-hipmm-cdls-getrf,0,0x5c08570d2ff0
10592,10592,300,5304,hip-hipmm-cdls-getrf,0,0x5c08570d2ff0
10593,10593,279,5004,hip-hipmm-cdls-getrf,0,0x5c08570d2ff0
10594,10594,282,4725,hip-hipmm-cdls-getrf,0,0x5c08570d2ff0
10595,10595,288,4443,hip-hipmm-cdls-getrf,0,0x5c08570d2ff0
10596,10596,300,4035,hip-hipmm-cdls-getrf,0,0x5c08570d2ff0
10597,10597,297,3735,hip-hipmm-cdls-getrf,0,0x5c08570d2ff0
10598,10598,294,3438,hip-hipmm-cdls-getrf,0,0x5c08570d2ff0
10599,10599,237,3015,hip-hipmm-cdls-getrf,0,0x5c08570d2ff0
10600,10600,258,2778,hip-hipmm-cdls-getrf,0,0x5c08570d2ff0
10601,10601,282,2520,hip-hipmm-cdls-getrf,0,0x5c08570d2ff0
10602,10602,288,5085,hip-hipmm-cdls-getrf,0,0x5c08570d2ff0
10603,10603,282,4797,hip-hipmm-cdls-getrf,0,0x5c08570d2ff0
10604,10604,255,4515,hip-hipmm-cdls-getrf,0,0x5c08570d2ff0
10605,10605,261,5088,hip-hipmm-cdls-getrf,0,0x5c08570d2ff0
10606,10606,312,4827,hip-hipmm-cdls-getrf,0,0x5c08570d2ff0
10607,10607,282,4515,hip-hipmm-cdls-getrf,0,0x5c08570d2ff0
10608,10608,282,4233,hip-hipmm-cdls-getrf,0,0x5c08570d2ff0
10609,10609,288,8595,hip-hipmm-cdls-getrf,0,0x5c08570d2ff0
10610,10610,324,8307,hip-hipmm-cdls-getrf,0,0x5c08570d2ff0
10611,10611,317,7983,hip-hipmm-cdls-getrf,0,0x5c08570d2ff0
10612,10612,316,7666,hip-hipmm-cdls-getrf,0,0x5c08570d2ff0
10613,10613,291,8613,hip-hipmm-cdls-getrf,0,0x5c08570d2ff0
10614,10614,255,8322,hip-hipmm-cdls-getrf,0,0x5c08570d2ff0
10615,10615,246,8067,hip-hipmm-cdls-getrf,0,0x5c08570d2ff0
10616,10616,276,3600,hip-hipmm-cdls-getrf,0,0x5c08570d2ff0
10617,10617,249,3324,hip-hipmm-cdls-getrf,0,0x5c08570d2ff0
10618,10618,288,3075,hip-hipmm-cdls-getrf,0,0x5c08570d2ff0
10619,10619,282,3246,hip-hipmm-cdls-getrf,0,0x5c08570d2ff0
10620,10620,264,2964,hip-hipmm-cdls-getrf,0,0x5c08570d2ff0
10621,10621,288,2700,hip-hipmm-cdls-getrf,0,0x5c08570d2ff0
10622,10622,303,4821,hip-hipmm-cdls-getrf,0,0x5c08570d2ff0
10623,10623,246,4518,hip-hipmm-cdls-getrf,0,0x5c08570d2ff0
10624,10624,234,2700,hip-hipmm-cdls-getrf,0,0x5c08570d2ff0
10625,10625,267,2466,hip-hipmm-cdls-getrf,0,0x5c08570d2ff0
10626,10626,255,2199,hip-hipmm-cdls-getrf,0,0x5c08570d2ff0
10627,10627,222,4476,hip-hipmm-cdls-getrf,0,0x5c08570d2ff0
10628,10628,255,4254,hip-hipmm-cdls-getrf,0,0x5c08570d2ff0
10629,10629,276,3999,hip-hipmm-cdls-getrf,0,0x5c08570d2ff0
10630,10630,234,3723,hip-hipmm-cdls-getrf,0,0x5c08570d2ff0
10631,10631,255,6861,hip-hipmm-cdls-getrf,0,0x5c08570d2ff0
10632,10632,294,6606,hip-hipmm-cdls-getrf,0,0x5c08570d2ff0
10633,10633,263,6312,hip-hipmm-cdls-getrf,0,0x5c08570d2ff0
10634,10634,262,6049,hip-hipmm-cdls-getrf,0,0x5c08570d2ff0
10635,10635,249,5412,hip-hipmm-cdls-getrf,0,0x5c08570d2ff0
10636,10636,270,5163,hip-hipmm-cdls-getrf,0,0x5c08570d2ff0
10637,10637,261,4893,hip-hipmm-cdls-getrf,0,0x5c08570d2ff0
10638,10638,296,7245,hip-hipmm-cdls-getrf,0,0x5c08570d2ff0
10639,10639,283,6949,hip-hipmm-cdls-getrf,0,0x5c08570d2ff0
10640,10640,306,6666,hip-hipmm-cdls-getrf,0,0x5c08570d2ff0
10641,10641,297,6360,hip-hipmm-cdls-getrf,0,0x5c08570d2ff0
10642,10642,255,5661,hip-hipmm-cdls-getrf,0,0x5c08570d2ff0
10643,10643,256,5406,hip-hipmm-cdls-getrf,0,0x5c08570d2ff0
10644,10644,255,5150,hip-hipmm-cdls-getrf,0,0x5c08570d2ff0
10645,10645,251,4895,hip-hipmm-cdls-getrf,0,0x5c08570d2ff0
10646,10646,267,5358,hip-hipmm-cdls-getrf,0,0x5c08570d2ff0
10647,10647,267,5091,hip-hipmm-cdls-getrf,0,0x5c08570d2ff0
10648,10648,234,4824,hip-hipmm-cdls-getrf,0,0x5c08570d2ff0
10649,10649,285,4590,hip-hipmm-cdls-getrf,0,0x5c08570d2ff0
10650,10650,252,6240,hip-hipmm-cdls-getrf,0,0x5c08570d2ff0
10651,10651,210,5988,hip-hipmm-cdls-getrf,0,0x5c08570d2ff0
10652,10652,237,5778,hip-hipmm-cdls-getrf,0,0x5c08570d2ff0
10653,10653,297,8322,hip-hipmm-cdls-getrf,0,0x5c08570d2ff0
10654,10654,303,8025,hip-hipmm-cdls-getrf,0,0x5c08570d2ff0
10655,10655,306,7722,hip-hipmm-cdls-getrf,0,0x5c08570d2ff0
10656,10656,162,7416,hip-hipmm-cdls-getrf,0,0x5c08570d2ff0
10657,10657,162,7254,hip-hipmm-cdls-getrf,0,0x5c08570d2ff0
10658,10658,297,5892,hip-hipmm-cdls-getrf,0,0x5c08570d2ff0
10659,10659,240,5595,hip-hipmm-cdls-getrf,0,0x5c08570d2ff0
10660,10660,279,5355,hip-hipmm-cdls-getrf,0,0x5c08570d2ff0
10661,10661,273,6684,hip-hipmm-cdls-getrf,0,0x5c08570d2ff0
10662,10662,333,6411,hip-hipmm-cdls-getrf,0,0x5c08570d2ff0
10663,10663,295,6078,hip-hipmm-cdls-getrf,0,0x5c08570d2ff0
10664,10664,302,5783,hip-hipmm-cdls-getrf,0,0x5c08570d2ff0
10665,10665,258,4110,hip-hipmm-cdls-getrf,0,0x5c08570d2ff0
10666,10666,246,3852,hip-hipmm-cdls-getrf,0,0x5c08570d2ff0
10667,10667,243,3606,hip-hipmm-cdls-getrf,0,0x5c08570d2ff0
10668,10668,294,7059,hip-hipmm-cdls-getrf,0,0x5c08570d2ff0
10669,10669,267,6765,hip-hipmm-cdls-getrf,0,0x5c08570d2ff0
10670,10670,270,6498,hip-hipmm-cdls-getrf,0,0x5c08570d2ff0
10671,10671,264,6228,hip-hipmm-cdls-getrf,0,0x5c08570d2ff0
10672,10672,291,5964,hip-hipmm-cdls-getrf,0,0x5c08570d2ff0
10673,10673,255,5673,hip-hipmm-cdls-getrf,0,0x5c08570d2ff0
10674,10674,263,4572,hip-hipmm-cdls-getrf,0,0x5c08570d2ff0
10675,10675,256,4309,hip-hipmm-cdls-getrf,0,0x5c08570d2ff0
10676,10676,264,4053,hip-hipmm-cdls-getrf,0,0x5c08570d2ff0
10677,10677,243,3789,hip-hipmm-cdls-getrf,0,0x5c08570d2ff0
10678,10678,288,3546,hip-hipmm-cdls-getrf,0,0x5c08570d2ff0
10679,10679,318,5712,hip-hipmm-cdls-getrf,0,0x5c08570d2ff0
10680,10680,348,5394,hip-hipmm-cdls-getrf,0,0x5c08570d2ff0
10681,10681,305,5046,hip-hipmm-cdls-getrf,0,0x5c08570d2ff0
10682,10682,304,4741,hip-hipmm-cdls-getrf,0,0x5c08570d2ff0
10683,10683,288,4530,hip-hipmm-cdls-getrf,0,0x5c08570d2ff0
10684,10684,297,4242,hip-hipmm-cdls-getrf,0,0x5c08570d2ff0
10685,10685,276,3945,hip-hipmm-cdls-getrf,0,0x5c08570d2ff0
10686,10686,258,3669,hip-hipmm-cdls-getrf,0,0x5c08570d2ff0
10687,10687,300,9771,hip-hipmm-cdls-getrf,0,0x5c08570d2ff0
10688,10688,300,9471,hip-hipmm-cdls-getrf,0,0x5c08570d2ff0
10689,10689,300,9171,hip-hipmm-cdls-getrf,0,0x5c08570d2ff0
10690,10690,297,8871,hip-hipmm-cdls-getrf,0,0x5c08570d2ff0
10691,10691,300,8574,hip-hipmm-cdls-getrf,0,0x5c08570d2ff0
10692,10692,276,6042,hip-hipmm-cdls-getrf,0,0x5c08570d2ff0
10693,10693,309,5766,hip-hipmm-cdls-getrf,0,0x5c08570d2ff0
10694,10694,284,5457,hip-hipmm-cdls-getrf,0,0x5c08570d2ff0
10695,10695,283,5173,hip-hipmm-cdls-getrf,0,0x5c08570d2ff0
10696,10696,288,5298,hip-hipmm-cdls-getrf,0,0x5c08570d2ff0
10697,10697,279,5010,hip-hipmm-cdls-getrf,0,0x5c08570d2ff0
10698,10698,273,4731,hip-hipmm-cdls-getrf,0,0x5c08570d2ff0
10699,10699,303,4458,hip-hipmm-cdls-getrf,0,0x5c08570d2ff0
10700,10700,285,9726,hip-hipmm-cdls-getrf,0,0x5c08570d2ff0
10701,10701,279,9441,hip-hipmm-cdls-getrf,0,0x5c08570d2ff0
10702,10702,252,9162,hip-hipmm-cdls-getrf,0,0x5c08570d2ff0
10703,10703,291,8910,hip-hipmm-cdls-getrf,0,0x5c08570d2ff0
10704,10704,297,8619,hip-hipmm-cdls-getrf,0,0x5c08570d2ff0
10705,10705,336,9003,hip-hipmm-cdls-getrf,0,0x5c08570d2ff0
10706,10706,305,8667,hip-hipmm-cdls-getrf,0,0x5c08570d2ff0
10707,10707,301,8362,hip-hipmm-cdls-getrf,0,0x5c08570d2ff0
10708,10708,327,8061,hip-hipmm-cdls-getrf,0,0x5c08570d2ff0
10709,10709,285,7734,hip-hipmm-cdls-getrf,0,0x5c08570d2ff0
10710,10710,246,5295,hip-hipmm-cdls-getrf,0,0x5c08570d2ff0
10711,10711,288,5049,hip-hipmm-cdls-getrf,0,0x5c08570d2ff0
10712,10712,246,4761,hip-hipmm-cdls-getrf,0,0x5c08570d2ff0
10713,10713,285,4515,hip-hipmm-cdls-getrf,0,0x5c08570d2ff0
10714,10714,285,4230,hip-hipmm-cdls-getrf,0,0x5c08570d2ff0
10715,10715,258,4326,hip-hipmm-cdls-getrf,0,0x5c08570d2ff0
10716,10716,276,4068,hip-hipmm-cdls-getrf,0,0x5c08570d2ff0
10717,10717,261,3792,hip-hipmm-cdls-getrf,0,0x5c08570d2ff0
10718,10718,261,3531,hip-hipmm-cdls-getrf,0,0x5c08570d2ff0
10719,10719,303,8748,hip-hipmm-cdls-getrf,0,0x5c08570d2ff0
10720,10720,294,8445,hip-hipmm-cdls-getrf,0,0x5c08570d2ff0
10721,10721,327,8151,hip-hipmm-cdls-getrf,0,0x5c08570d2ff0
10722,10722,297,7824,hip-hipmm-cdls-getrf,0,0x5c08570d2ff0
10723,10723,294,7527,hip-hipmm-cdls-getrf,0,0x5c08570d2ff0
10724,10724,303,8880,hip-hipmm-cdls-getrf,0,0x5c08570d2ff0
10725,10725,303,8577,hip-hipmm-cdls-getrf,0,0x5c08570d2ff0
10726,10726,255,8274,hip-hipmm-cdls-getrf,0,0x5c08570d2ff0
10727,10727,273,8019,hip-hipmm-cdls-getrf,0,0x5c08570d2ff0
10728,10728,291,7746,hip-hipmm-cdls-getrf,0,0x5c08570d2ff0
10729,10729,255,7455,hip-hipmm-cdls-getrf,0,0x5c08570d2ff0
10730,10730,288,8214,hip-hipmm-cdls-getrf,0,0x5c08570d2ff0
10731,10731,300,7926,hip-hipmm-cdls-getrf,0,0x5c08570d2ff0
10732,10732,303,7626,hip-hipmm-cdls-getrf,0,0x5c08570d2ff0
10733,10733,222,7323,hip-hipmm-cdls-getrf,0,0x5c08570d2ff0
10734,10734,210,7101,hip-hipmm-cdls-getrf,0,0x5c08570d2ff0
10735,10735,210,6891,hip-hipmm-cdls-getrf,0,0x5c08570d2ff0
10736,10736,321,9819,hip-hipmm-cdls-getrf,0,0x5c08570d2ff0
10737,10737,318,9498,hip-hipmm-cdls-getrf,0,0x5c08570d2ff0
10738,10738,279,9180,hip-hipmm-cdls-getrf,0,0x5c08570d2ff0
10739,10739,312,8901,hip-hipmm-cdls-getrf,0,0x5c08570d2ff0
10740,10740,340,8589,hip-hipmm-cdls-getrf,0,0x5c08570d2ff0
10741,10741,300,8249,hip-hipmm-cdls-getrf,0,0x5c08570d2ff0
10742,10742,311,7949,hip-hipmm-cdls-getrf,0,0x5c08570d2ff0
10743,10743,318,7560,hip-hipmm-cdls-getrf,0,0x5c08570d2ff0
10744,10744,270,7242,hip-hipmm-cdls-getrf,0,0x5c08570d2ff0
10745,10745,330,6972,hip-hipmm-cdls-getrf,0,0x5c08570d2ff0
10746,10746,285,6642,hip-hipmm-cdls-getrf,0,0x5c08570d2ff0
10747,10747,288,6936,hip-hipmm-cdls-getrf,0,0x5c08570d2ff0
10748,10748,258,6648,hip-hipmm-cdls-getrf,0,0x5c08570d2ff0
10749,10749,297,6390,hip-hipmm-cdls-getrf,0,0x5c08570d2ff0
10750,10750,288,6093,hip-hipmm-cdls-getrf,0,0x5c08570d2ff0
10751,10751,309,5805,hip-hipmm-cdls-getrf,0,0x5c08570d2ff0
10752,10752,255,5496,hip-hipmm-cdls-getrf,0,0x5c08570d2ff0
10753,10753,294,6183,hip-hipmm-cdls-getrf,0,0x5c08570d2ff0
10754,10754,255,5889,hip-hipmm-cdls-getrf,0,0x5c08570d2ff0
10755,10755,267,5634,hip-hipmm-cdls-getrf,0,0x5c08570d2ff0
10756,10756,249,5367,hip-hipmm-cdls-getrf,0,0x5c08570d2ff0
10757,10757,255,5118,hip-hipmm-cdls-getrf,0,0x5c08570d2ff0
10758,10758,300,4863,hip-hipmm-cdls-getrf,0,0x5c08570d2ff0
10759,10759,273,10725,hip-hipmm-cdls-getrf,0,0x5c08570d2ff0
10760,10760,275,10452,hip-hipmm-cdls-getrf,0,0x5c08570d2ff0
10761,10761,319,10177,hip-hipmm-cdls-getrf,0,0x5c08570d2ff0
10762,10762,310,9858,hip-hipmm-cdls-getrf,0,0x5c08570d2ff0
10763,10763,282,9548,hip-hipmm-cdls-getrf,0,0x5c08570d2ff0
10764,10764,269,9266,hip-hipmm-cdls-getrf,0,0x5c08570d2ff0
10765,10765,261,8997,hip-hipmm-cdls-getrf,0,0x5c08570d2ff0
10766,10766,315,8736,hip-hipmm-cdls-getrf,0,0x5c08570d2ff0
10767,10767,297,9924,hip-hipmm-cdls-getrf,0,0x5c08570d2ff0
10768,10768,339,9627,hip-hipmm-cdls-getrf,0,0x5c08570d2ff0
10769,10769,306,9288,hip-hipmm-cdls-getrf,0,0x5c08570d2ff0
10770,10770,276,8982,hip-hipmm-cdls-getrf,0,0x5c08570d2ff0
10771,10771,321,8706,hip-hipmm-cdls-getrf,0,0x5c08570d2ff0
10772,10772,312,8385,hip-hipmm-cdls-getrf,0,0x5c08570d2ff0
10773,10773,294,8073,hip-hipmm-cdls-getrf,0,0x5c08570d2ff0
10774,10774,303,7779,hip-hipmm-cdls-getrf,0,0x5c08570d2ff0
10775,10775,318,9297,hip-hipmm-cdls-getrf,0,0x5c08570d2ff0
10776,10776,312,8979,hip-hipmm-cdls-getrf,0,0x5c08570d2ff0
10777,10777,280,8667,hip-hipmm-cdls-getrf,0,0x5c08570d2ff0
10778,10778,280,8387,hip-hipmm-cdls-getrf,0,0x5c08570d2ff0
10779,10779,298,8107,hip-hipmm-cdls-getrf,0,0x5c08570d2ff0
10780,10780,276,7809,hip-hipmm-cdls-getrf,0,0x5c08570d2ff0
10781,10781,264,7533,hip-hipmm-cdls-getrf,0,0x5c08570d2ff0
10782,10782,315,8616,hip-hipmm-cdls-getrf,0,0x5c08570d2ff0
10783,10783,315,8301,hip-hipmm-cdls-getrf,0,0x5c08570d2ff0
10784,10784,306,7986,hip-hipmm-cdls-getrf,0,0x5c08570d2ff0
10785,10785,333,7680,hip-hipmm-cdls-getrf,0,0x5c08570d2ff0
10786,10786,273,7347,hip-hipmm-cdls-getrf,0,0x5c08570d2ff0
10787,10787,300,7074,hip-hipmm-cdls-getrf,0,0x5c08570d2ff0
10788,10788,294,10659,hip-hipmm-cdls-getrf,0,0x5c08570d2ff0
10789,10789,327,10365,hip-hipmm-cdls-getrf,0,0x5c08570d2ff0
10790,10790,318,10038,hip-hipmm-cdls-getrf,0,0x5c08570d2ff0
10791,10791,276,9720,hip-hipmm-cdls-getrf,0,0x5c08570d2ff0
10792,10792,319,9444,hip-hipmm-cdls-getrf,0,0x5c08570d2ff0
10793,10793,309,9125,hip-hipmm-cdls-getrf,0,0x5c08570d2ff0
10794,10794,285,8816,hip-hipmm-cdls-getrf,0,0x5c08570d2ff0
10795,10795,273,8531,hip-hipmm-cdls-getrf,0,0x5c08570d2ff0
10796,10796,299,8258,hip-hipmm-cdls-getrf,0,0x5c08570d2ff0
10797,10797,165,7959,hip-hipmm-cdls-getrf,0,0x5c08570d2ff0
10798,10798,165,7794,hip-hipmm-cdls-getrf,0,0x5c08570d2ff0
10799,10799,317,10350,hip-hipmm-cdls-getrf,0,0x5c08570d2ff0
10800,10800,325,10033,hip-hipmm-cdls-getrf,0,0x5c08570d2ff0
10801,10801,333,9708,hip-hipmm-cdls-getrf,0,0x5c08570d2ff0
10802,10802,315,9375,hip-hipmm-cdls-getrf,0,0x5c08570d2ff0
10803,10803,315,9060,hip-hipmm-cdls-getrf,0,0x5c08570d2ff0
10804,10804,300,8745,hip-hipmm-cdls-getrf,0,0x5c08570d2ff0
10805,10805,318,8445,hip-hipmm-cdls-getrf,0,0x5c08570d2ff0
10806,10806,288,8127,hip-hipmm-cdls-getrf,0,0x5c08570d2ff0
10807,10807,219,7839,hip-hipmm-cdls-getrf,0,0x5c08570d2ff0
10808,10808,243,7620,hip-hipmm-cdls-getrf,0,0x5c08570d2ff0
10809,10809,237,7377,hip-hipmm-cdls-getrf,0,0x5c08570d2ff0
10810,10810,270,7140,hip-hipmm-cdls-getrf,0,0x5c08570d2ff0
10811,10811,300,6393,hip-hipmm-cdls-getrf,0,0x5c08570d2ff0
10812,10812,321,6093,hip-hipmm-cdls-getrf,0,0x5c08570d2ff0
10813,10813,324,5772,hip-hipmm-cdls-getrf,0,0x5c08570d2ff0
10814,10814,321,5448,hip-hipmm-cdls-getrf,0,0x5c08570d2ff0
10815,10815,330,5127,hip-hipmm-cdls-getrf,0,0x5c08570d2ff0
10816,10816,267,4797,hip-hipmm-cdls-getrf,0,0x5c08570d2ff0
10817,10817,315,4530,hip-hipmm-cdls-getrf,0,0x5c08570d2ff0
10818,10818,300,4215,hip-hipmm-cdls-getrf,0,0x5c08570d2ff0
10819,10819,276,3915,hip-hipmm-cdls-getrf,0,0x5c08570d2ff0
10820,10820,303,3639,hip-hipmm-cdls-getrf,0,0x5c08570d2ff0
10821,10821,306,3336,hip-hipmm-cdls-getrf,0,0x5c08570d2ff0
10822,10822,291,10557,hip-hipmm-cdls-getrf,0,0x5c08570d2ff0
10823,10823,315,10266,hip-hipmm-cdls-getrf,0,0x5c08570d2ff0
10824,10824,279,9951,hip-hipmm-cdls-getrf,0,0x5c08570d2ff0
10825,10825,309,9672,hip-hipmm-cdls-getrf,0,0x5c08570d2ff0
10826,10826,279,9363,hip-hipmm-cdls-getrf,0,0x5c08570d2ff0
10827,10827,324,9084,hip-hipmm-cdls-getrf,0,0x5c08570d2ff0
10828,10828,282,8760,hip-hipmm-cdls-getrf,0,0x5c08570d2ff0
10829,10829,318,8478,hip-hipmm-cdls-getrf,0,0x5c08570d2ff0
10830,10830,282,8160,hip-hipmm-cdls-getrf,0,0x5c08570d2ff0
10831,10831,288,7878,hip-hipmm-cdls-getrf,0,0x5c08570d2ff0
10832,10832,330,7590,hip-hipmm-cdls-getrf,0,0x5c08570d2ff0
10833,10833,339,7260,hip-hipmm-cdls-getrf,0,0x5c08570d2ff0
10834,10834,297,6921,hip-hipmm-cdls-getrf,0,0x5c08570d2ff0
10835,10835,324,6624,hip-hipmm-cdls-getrf,0,0x5c08570d2ff0
10836,10836,309,6300,hip-hipmm-cdls-getrf,0,0x5c08570d2ff0
10837,10837,348,5991,hip-hipmm-cdls-getrf,0,0x5c08570d2ff0
10838,10838,291,5643,hip-hipmm-cdls-getrf,0,0x5c08570d2ff0
10839,10839,312,10764,hip-hipmm-cdls-getrf,0,0x5c08570d2ff0
10840,10840,312,10452,hip-hipmm-cdls-getrf,0,0x5c08570d2ff0
10841,10841,342,10140,hip-hipmm-cdls-getrf,0,0x5c08570d2ff0
10842,10842,309,9798,hip-hipmm-cdls-getrf,0,0x5c08570d2ff0
10843,10843,279,9489,hip-hipmm-cdls-getrf,0,0x5c08570d2ff0
10844,10844,294,9210,hip-hipmm-cdls-getrf,0,0x5c08570d2ff0
10845,10845,318,8916,hip-hipmm-cdls-getrf,0,0x5c08570d2ff0
10846,10846,294,8598,hip-hipmm-cdls-getrf,0,0x5c08570d2ff0
10847,10847,237,8304,hip-hipmm-cdls-getrf,0,0x5c08570d2ff0
10848,10848,222,8067,hip-hipmm-cdls-getrf,0,0x5c08570d2ff0
10849,10849,201,7845,hip-hipmm-cdls-getrf,0,0x5c08570d2ff0
10850,10850,342,15207,hip-hipmm-cdls-getrf,0,0x5c08570d2ff0
10851,10851,288,14865,hip-hipmm-cdls-getrf,0,0x5c08570d2ff0
10852,10852,324,14577,hip-hipmm-cdls-getrf,0,0x5c08570d2ff0
10853,10853,317,14253,hip-hipmm-cdls-getrf,0,0x5c08570d2ff0
10854,10854,319,13936,hip-hipmm-cdls-getrf,0,0x5c08570d2ff0
10855,10855,348,13617,hip-hipmm-cdls-getrf,0,0x5c08570d2ff0
10856,10856,336,13269,hip-hipmm-cdls-getrf,0,0x5c08570d2ff0
10857,10857,294,12933,hip-hipmm-cdls-getrf,0,0x5c08570d2ff0
10858,10858,285,12639,hip-hipmm-cdls-getrf,0,0x5c08570d2ff0
10859,10859,312,12354,hip-hipmm-cdls-getrf,0,0x5c08570d2ff0
10860,10860,315,12042,hip-hipmm-cdls-getrf,0,0x5c08570d2ff0
10861,10861,348,11727,hip-hipmm-cdls-getrf,0,0x5c08570d2ff0
10862,10862,312,11379,hip-hipmm-cdls-getrf,0,0x5c08570d2ff0
10863,10863,327,11067,hip-hipmm-cdls-getrf,0,0x5c08570d2ff0
10864,10864,303,10740,hip-hipmm-cdls-getrf,0,0x5c08570d2ff0
10865,10865,336,10437,hip-hipmm-cdls-getrf,0,0x5c08570d2ff0
10866,10866,303,10101,hip-hipmm-cdls-getrf,0,0x5c08570d2ff0
10867,10867,336,9798,hip-hipmm-cdls-getrf,0,0x5c08570d2ff0
10868,10868,288,9462,hip-hipmm-cdls-getrf,0,0x5c08570d2ff0
10869,10869,315,9174,hip-hipmm-cdls-getrf,0,0x5c08570d2ff0
10870,10870,333,8859,hip-hipmm-cdls-getrf,0,0x5c08570d2ff0
10871,10871,342,8526,hip-hipmm-cdls-getrf,0,0x5c08570d2ff0
10872,10872,318,8184,hip-hipmm-cdls-getrf,0,0x5c08570d2ff0
10873,10873,300,7866,hip-hipmm-cdls-getrf,0,0x5c08570d2ff0
10874,10874,294,7566,hip-hipmm-cdls-getrf,0,0x5c08570d2ff0
10875,10875,306,7272,hip-hipmm-cdls-getrf,0,0x5c08570d2ff0
10876,10876,348,6966,hip-hipmm-cdls-getrf,0,0x5c08570d2ff0
10877,10877,324,6618,hip-hipmm-cdls-getrf,0,0x5c08570d2ff0
10878,10878,324,6294,hip-hipmm-cdls-getrf,0,0x5c08570d2ff0
10879,10879,342,5970,hip-hipmm-cdls-getrf,0,0x5c08570d2ff0
10880,10880,285,5628,hip-hipmm-cdls-getrf,0,0x5c08570d2ff0
10881,10881,303,5343,hip-hipmm-cdls-getrf,0,0x5c08570d2ff0
10882,10882,330,5040,hip-hipmm-cdls-getrf,0,0x5c08570d2ff0
10883,10883,318,4710,hip-hipmm-cdls-getrf,0,0x5c08570d2ff0
10884,10884,312,4392,hip-hipmm-cdls-getrf,0,0x5c08570d2ff0
10885,10885,288,4080,hip-hipmm-cdls-getrf,0,0x5c08570d2ff0
10886,10886,334,3792,hip-hipmm-cdls-getrf,0,0x5c08570d2ff0
10887,10887,322,3458,hip-hipmm-cdls-getrf,0,0x5c08570d2ff0
10888,10888,321,3136,hip-hipmm-cdls-getrf,0,0x5c08570d2ff0
10889,10889,282,2815,hip-hipmm-cdls-getrf,0,0x5c08570d2ff0
10890,10890,327,2533,hip-hipmm-cdls-getrf,0,0x5c08570d2ff0
10891,10891,292,2206,hip-hipmm-cdls-getrf,0,0x5c08570d2ff0
10892,10892,351,1914,hip-hipmm-cdls-getrf,0,0x5c08570d2ff0
10893,10893,294,1563,hip-hipmm-cdls-getrf,0,0x5c08570d2ff0
10894,10894,336,1269,hip-hipmm-cdls-getrf,0,0x5c08570d2ff0
10895,10895,318,933,hip-hipmm-cdls-getrf,0,0x5c08570d2ff0
10896,10896,309,615,hip-hipmm-cdls-getrf,0,0x5c08570d2ff0
10897,10897,306,306,hip-hipmm-cdls-getrf,0,0x5c08570d2ff0
