call_id,n,lda,backend,stream
0,63,207,cdls,0x5eac86616030
1,51,285,cdls,0x5eac86616030
2,39,225,cdls,0x5eac86616030
3,51,213,cdls,0x5eac86616030
4,45,195,cdls,0x5eac86616030
5,45,195,cdls,0x5eac86616030
6,21,159,cdls,0x5eac86616030
7,33,219,cdls,0x5eac86616030
8,39,261,cdls,0x5eac86616030
9,96,426,cdls,0x5eac86616030
10,24,162,cdls,0x5eac86616030
11,42,168,cdls,0x5eac86616030
12,78,264,cdls,0x5eac86616030
13,24,75,cdls,0x5eac86616030
14,42,264,cdls,0x5eac86616030
15,30,120,cdls,0x5eac86616030
16,51,204,cdls,0x5eac86616030
17,48,294,cdls,0x5eac86616030
18,45,270,cdls,0x5eac86616030
19,81,261,cdls,0x5eac86616030
20,30,216,cdls,0x5eac86616030
21,111,312,cdls,0x5eac86616030
22,42,171,cdls,0x5eac86616030
23,39,285,cdls,0x5eac86616030
24,39,153,cdls,0x5eac86616030
25,39,153,cdls,0x5eac86616030
26,84,342,cdls,0x5eac86616030
27,33,123,cdls,0x5eac86616030
28,60,210,cdls,0x5eac86616030
29,57,204,cdls,0x5eac86616030
30,57,255,cdls,0x5eac86616030
31,48,195,cdls,0x5eac86616030
32,69,207,cdls,0x5eac86616030
33,36,132,cdls,0x5eac86616030
34,81,255,cdls,0x5eac86616030
35,48,210,cdls,0x5eac86616030
36,45,279,cdls,0x5eac86616030
37,84,285,cdls,0x5eac86616030
38,45,192,cdls,0x5eac86616030
39,42,156,cdls,0x5eac86616030
40,30,120,cdls,0x5eac86616030
41,57,168,cdls,0x5eac86616030
42,63,210,cdls,0x5eac86616030
43,18,123,cdls,0x5eac86616030
44,24,186,cdls,0x5eac86616030
45,57,411,cdls,0x5eac86616030
46,51,186,cdls,0x5eac86616030
47,36,138,cdls,0x5eac86616030
48,78,312,cdls,0x5eac86616030
49,36,192,cdls,0x5eac86616030
50,63,285,cdls,0x5eac86616030
51,39,144,cdls,0x5eac86616030
52,81,300,cdls,0x5eac86616030
53,27,96,cdls,0x5eac86616030
54,96,342,cdls,0x5eac86616030
55,60,255,cdls,0x5eac86616030
56,69,207,cdls,0x5eac86616030
57,33,135,cdls,0x5eac86616030
58,51,264,cdls,0x5eac86616030
59,108,315,cdls,0x5eac86616030
60,48,210,cdls,0x5eac86616030
61,48,237,cdls,0x5eac86616030
62,66,270,cdls,0x5eac86616030
63,33,126,cdls,0x5eac86616030
64,60,282,cdls,0x5eac86616030
65,51,213,cdls,0x5eac86616030
66,36,174,cdls,0x5eac86616030
67,63,285,cdls,0x5eac86616030
68,39,153,cdls,0x5eac86616030
69,42,189,cdls,0x5eac86616030
70,39,249,cdls,0x5eac86616030
71,39,249,cdls,0x5eac86616030
72,30,192,cdls,0x5eac86616030
73,75,345,cdls,0x5eac86616030
74,42,264,cdls,0x5eac86616030
75,42,180,cdls,0x5eac86616030
76,42,264,cdls,0x5eac86616030
77,30,228,cdls,0x5eac86616030
78,30,120,cdls,0x5eac86616030
79,30,111,cdls,0x5eac86616030
80,75,285,cdls,0x5eac86616030
81,42,153,cdls,0x5eac86616030
82,66,327,cdls,0x5eac86616030
83,84,414,cdls,0x5eac86616030
84,84,414,cdls,0x5eac86616030
85,48,294,cdls,0x5eac86616030
86,60,282,cdls,0x5eac86616030
87,60,270,cdls,0x5eac86616030
88,48,258,cdls,0x5eac86616030
89,36,246,cdls,0x5eac86616030
90,57,351,cdls,0x5eac86616030
91,45,192,cdls,0x5eac86616030
92,33,279,cdls,0x5eac86616030
93,45,279,cdls,0x5eac86616030
94,48,216,cdls,0x5eac86616030
95,51,237,cdls,0x5eac86616030
96,54,228,cdls,0x5eac86616030
97,24,186,cdls,0x5eac86616030
98,87,453,cdls,0x5eac86616030
99,24,186,cdls,0x5eac86616030
100,54,360,cdls,0x5eac86616030
101,87,417,cdls,0x5eac86616030
102,51,291,cdls,0x5eac86616030
103,36,234,cdls,0x5eac86616030
104,57,291,cdls,0x5eac86616030
105,48,210,cdls,0x5eac86616030
106,27,189,cdls,0x5eac86616030
107,54,279,cdls,0x5eac86616030
108,33,219,cdls,0x5eac86616030
109,54,240,cdls,0x5eac86616030
110,48,210,cdls,0x5eac86616030
111,87,453,cdls,0x5eac86616030
112,18,132,cdls,0x5eac86616030
113,39,249,cdls,0x5eac86616030
114,54,300,cdls,0x5eac86616030
115,36,162,cdls,0x5eac86616030
116,33,219,cdls,0x5eac86616030
117,72,225,cdls,0x5eac86616030
118,42,165,cdls,0x5eac86616030
119,45,168,cdls,0x5eac86616030
120,36,150,cdls,0x5eac86616030
121,48,210,cdls,0x5eac86616030
122,30,204,cdls,0x5eac86616030
123,30,192,cdls,0x5eac86616030
124,30,192,cdls,0x5eac86616030
125,69,315,cdls,0x5eac86616030
126,87,405,cdls,0x5eac86616030
127,42,288,cdls,0x5eac86616030
128,42,180,cdls,0x5eac86616030
129,51,213,cdls,0x5eac86616030
130,72,282,cdls,0x5eac86616030
131,63,285,cdls,0x5eac86616030
132,48,258,cdls,0x5eac86616030
133,102,492,cdls,0x5eac86616030
134,99,369,cdls,0x5eac86616030
135,42,171,cdls,0x5eac86616030
136,60,258,cdls,0x5eac86616030
137,27,201,cdls,0x5eac86616030
138,33,243,cdls,0x5eac86616030
139,30,111,cdls,0x5eac86616030
140,54,201,cdls,0x5eac86616030
141,81,300,cdls,0x5eac86616030
142,27,213,cdls,0x5eac86616030
143,42,237,cdls,0x5eac86616030
144,24,174,cdls,0x5eac86616030
145,60,270,cdls,0x5eac86616030
146,33,123,cdls,0x5eac86616030
147,42,192,cdls,0x5eac86616030
148,60,270,cdls,0x5eac86616030
149,60,258,cdls,0x5eac86616030
150,48,198,cdls,0x5eac86616030
151,42,174,cdls,0x5eac86616030
152,27,177,cdls,0x5eac86616030
153,60,270,cdls,0x5eac86616030
154,30,192,cdls,0x5eac86616030
155,33,243,cdls,0x5eac86616030
156,54,324,cdls,0x5eac86616030
157,45,279,cdls,0x5eac86616030
158,39,234,cdls,0x5eac86616030
159,72,249,cdls,0x5eac86616030
160,87,381,cdls,0x5eac86616030
161,75,321,cdls,0x5eac86616030
162,69,279,cdls,0x5eac86616030
163,63,273,cdls,0x5eac86616030
164,39,207,cdls,0x5eac86616030
165,39,168,cdls,0x5eac86616030
166,45,243,cdls,0x5eac86616030
167,48,201,cdls,0x5eac86616030
168,60,261,cdls,0x5eac86616030
169,39,237,cdls,0x5eac86616030
170,39,237,cdls,0x5eac86616030
171,87,357,cdls,0x5eac86616030
172,36,222,cdls,0x5eac86616030
173,39,141,cdls,0x5eac86616030
174,60,282,cdls,0x5eac86616030
175,36,234,cdls,0x5eac86616030
176,69,291,cdls,0x5eac86616030
177,69,564,cdls,0x5eac86616030
178,90,312,cdls,0x5eac86616030
179,18,144,cdls,0x5eac86616030
180,39,309,cdls,0x5eac86616030
181,45,291,cdls,0x5eac86616030
182,75,285,cdls,0x5eac86616030
183,90,297,cdls,0x5eac86616030
184,66,246,cdls,0x5eac86616030
185,63,321,cdls,0x5eac86616030
186,51,273,cdls,0x5eac86616030
187,69,327,cdls,0x5eac86616030
188,36,222,cdls,0x5eac86616030
189,27,201,cdls,0x5eac86616030
190,63,273,cdls,0x5eac86616030
191,69,327,cdls,0x5eac86616030
192,45,195,cdls,0x5eac86616030
193,39,249,cdls,0x5eac86616030
194,33,315,cdls,0x5eac86616030
195,39,261,cdls,0x5eac86616030
196,87,405,cdls,0x5eac86616030
197,30,204,cdls,0x5eac86616030
198,51,285,cdls,0x5eac86616030
199,132,438,cdls,0x5eac86616030
200,45,195,cdls,0x5eac86616030
201,69,303,cdls,0x5eac86616030
202,54,252,cdls,0x5eac86616030
203,36,258,cdls,0x5eac86616030
204,30,228,cdls,0x5eac86616030
205,24,186,cdls,0x5eac86616030
206,39,273,cdls,0x5eac86616030
207,33,219,cdls,0x5eac86616030
208,51,225,cdls,0x5eac86616030
209,63,285,cdls,0x5eac86616030
210,48,294,cdls,0x5eac86616030
211,42,168,cdls,0x5eac86616030
212,39,117,cdls,0x5eac86616030
213,45,291,cdls,0x5eac86616030
214,81,306,cdls,0x5eac86616030
215,33,135,cdls,0x5eac86616030
216,51,237,cdls,0x5eac86616030
217,78,246,cdls,0x5eac86616030
218,42,180,cdls,0x5eac86616030
219,48,156,cdls,0x5eac86616030
220,39,150,cdls,0x5eac86616030
221,39,147,cdls,0x5eac86616030
222,36,258,cdls,0x5eac86616030
223,48,318,cdls,0x5eac86616030
224,75,345,cdls,0x5eac86616030
225,33,111,cdls,0x5eac86616030
226,24,186,cdls,0x5eac86616030
227,39,237,cdls,0x5eac86616030
228,87,270,cdls,0x5eac86616030
229,66,174,cdls,0x5eac86616030
230,42,159,cdls,0x5eac86616030
231,36,282,cdls,0x5eac86616030
232,42,180,cdls,0x5eac86616030
233,93,402,cdls,0x5eac86616030
234,42,156,cdls,0x5eac86616030
235,42,174,cdls,0x5eac86616030
236,60,270,cdls,0x5eac86616030
237,72,318,cdls,0x5eac86616030
238,21,183,cdls,0x5eac86616030
239,42,252,cdls,0x5eac86616030
240,42,180,cdls,0x5eac86616030
241,84,231,cdls,0x5eac86616030
242,33,114,cdls,0x5eac86616030
243,66,255,cdls,0x5eac86616030
244,45,225,cdls,0x5eac86616030
245,72,303,cdls,0x5eac86616030
246,60,225,cdls,0x5eac86616030
247,60,246,cdls,0x5eac86616030
248,42,180,cdls,0x5eac86616030
249,93,411,cdls,0x5eac86616030
250,48,210,cdls,0x5eac86616030
251,72,243,cdls,0x5eac86616030
252,60,378,cdls,0x5eac86616030
253,78,252,cdls,0x5eac86616030
254,66,276,cdls,0x5eac86616030
255,36,138,cdls,0x5eac86616030
256,57,198,cdls,0x5eac86616030
257,69,186,cdls,0x5eac86616030
258,54,156,cdls,0x5eac86616030
259,75,255,cdls,0x5eac86616030
260,36,153,cdls,0x5eac86616030
261,48,186,cdls,0x5eac86616030
262,69,315,cdls,0x5eac86616030
263,48,246,cdls,0x5eac86616030
264,42,168,cdls,0x5eac86616030
265,66,210,cdls,0x5eac86616030
266,54,252,cdls,0x5eac86616030
267,57,225,cdls,0x5eac86616030
268,72,192,cdls,0x5eac86616030
269,45,114,cdls,0x5eac86616030
270,30,111,cdls,0x5eac86616030
271,69,309,cdls,0x5eac86616030
272,57,327,cdls,0x5eac86616030
273,81,297,cdls,0x5eac86616030
274,48,210,cdls,0x5eac86616030
275,21,159,cdls,0x5eac86616030
276,54,264,cdls,0x5eac86616030
277,90,312,cdls,0x5eac86616030
278,39,147,cdls,0x5eac86616030
279,87,282,cdls,0x5eac86616030
280,75,339,cdls,0x5eac86616030
281,36,234,cdls,0x5eac86616030
282,36,204,cdls,0x5eac86616030
283,72,258,cdls,0x5eac86616030
284,78,309,cdls,0x5eac86616030
285,63,204,cdls,0x5eac86616030
286,54,252,cdls,0x5eac86616030
287,48,174,cdls,0x5eac86616030
288,114,408,cdls,0x5eac86616030
289,57,255,cdls,0x5eac86616030
290,42,153,cdls,0x5eac86616030
291,42,141,cdls,0x5eac86616030
292,72,330,cdls,0x5eac86616030
293,63,321,cdls,0x5eac86616030
294,42,180,cdls,0x5eac86616030
295,42,156,cdls,0x5eac86616030
296,72,240,cdls,0x5eac86616030
297,27,201,cdls,0x5eac86616030
298,30,192,cdls,0x5eac86616030
299,48,306,cdls,0x5eac86616030
300,57,339,cdls,0x5eac86616030
301,141,315,cdls,0x5eac86616030
302,27,126,cdls,0x5eac86616030
303,57,159,cdls,0x5eac86616030
304,57,186,cdls,0x5eac86616030
305,45,168,cdls,0x5eac86616030
306,36,222,cdls,0x5eac86616030
307,33,219,cdls,0x5eac86616030
308,66,300,cdls,0x5eac86616030
309,51,225,cdls,0x5eac86616030
310,60,183,cdls,0x5eac86616030
311,57,255,cdls,0x5eac86616030
312,78,261,cdls,0x5eac86616030
313,66,219,cdls,0x5eac86616030
314,42,237,cdls,0x5eac86616030
315,48,294,cdls,0x5eac86616030
316,54,240,cdls,0x5eac86616030
317,96,255,cdls,0x5eac86616030
318,60,213,cdls,0x5eac86616030
319,51,186,cdls,0x5eac86616030
320,36,222,cdls,0x5eac86616030
321,54,312,cdls,0x5eac86616030
322,57,285,cdls,0x5eac86616030
323,111,417,cdls,0x5eac86616030
324,36,186,cdls,0x5eac86616030
325,72,246,cdls,0x5eac86616030
326,69,282,cdls,0x5eac86616030
327,75,294,cdls,0x5eac86616030
328,54,285,cdls,0x5eac86616030
329,27,105,cdls,0x5eac86616030
330,84,270,cdls,0x5eac86616030
331,33,114,cdls,0x5eac86616030
332,69,312,cdls,0x5eac86616030
333,30,204,cdls,0x5eac86616030
334,99,369,cdls,0x5eac86616030
335,48,258,cdls,0x5eac86616030
336,48,270,cdls,0x5eac86616030
337,54,300,cdls,0x5eac86616030
338,72,306,cdls,0x5eac86616030
339,108,462,cdls,0x5eac86616030
340,39,153,cdls,0x5eac86616030
341,63,183,cdls,0x5eac86616030
342,69,291,cdls,0x5eac86616030
343,27,201,cdls,0x5eac86616030
344,36,150,cdls,0x5eac86616030
345,72,342,cdls,0x5eac86616030
346,60,342,cdls,0x5eac86616030
347,39,177,cdls,0x5eac86616030
348,30,177,cdls,0x5eac86616030
349,42,168,cdls,0x5eac86616030
350,24,186,cdls,0x5eac86616030
351,57,255,cdls,0x5eac86616030
352,42,264,cdls,0x5eac86616030
353,75,333,cdls,0x5eac86616030
354,78,288,cdls,0x5eac86616030
355,72,285,cdls,0x5eac86616030
356,36,234,cdls,0x5eac86616030
357,48,186,cdls,0x5eac86616030
358,48,234,cdls,0x5eac86616030
359,51,192,cdls,0x5eac86616030
360,63,309,cdls,0x5eac86616030
361,36,234,cdls,0x5eac86616030
362,108,270,cdls,0x5eac86616030
363,45,177,cdls,0x5eac86616030
364,57,315,cdls,0x5eac86616030
365,27,237,cdls,0x5eac86616030
366,45,195,cdls,0x5eac86616030
367,72,231,cdls,0x5eac86616030
368,69,267,cdls,0x5eac86616030
369,48,186,cdls,0x5eac86616030
370,75,405,cdls,0x5eac86616030
371,93,303,cdls,0x5eac86616030
372,69,276,cdls,0x5eac86616030
373,96,390,cdls,0x5eac86616030
374,69,351,cdls,0x5eac86616030
375,45,486,cdls,0x5eac86616030
376,84,378,cdls,0x5eac86616030
377,78,258,cdls,0x5eac86616030
378,45,240,cdls,0x5eac86616030
379,51,261,cdls,0x5eac86616030
380,24,186,cdls,0x5eac86616030
381,21,183,cdls,0x5eac86616030
382,66,264,cdls,0x5eac86616030
383,72,306,cdls,0x5eac86616030
384,36,126,cdls,0x5eac86616030
385,69,219,cdls,0x5eac86616030
386,42,171,cdls,0x5eac86616030
387,99,276,cdls,0x5eac86616030
388,36,246,cdls,0x5eac86616030
389,48,171,cdls,0x5eac86616030
390,72,240,cdls,0x5eac86616030
391,48,252,cdls,0x5eac86616030
392,57,339,cdls,0x5eac86616030
393,51,225,cdls,0x5eac86616030
394,60,294,cdls,0x5eac86616030
395,51,219,cdls,0x5eac86616030
396,75,333,cdls,0x5eac86616030
397,81,213,cdls,0x5eac86616030
398,45,141,cdls,0x5eac86616030
399,30,75,cdls,0x5eac86616030
400,24,144,cdls,0x5eac86616030
401,75,333,cdls,0x5eac86616030
402,57,225,cdls,0x5eac86616030
403,27,189,cdls,0x5eac86616030
404,51,195,cdls,0x5eac86616030
405,60,270,cdls,0x5eac86616030
406,57,267,cdls,0x5eac86616030
407,42,264,cdls,0x5eac86616030
408,42,276,cdls,0x5eac86616030
409,54,279,cdls,0x5eac86616030
410,36,126,cdls,0x5eac86616030
411,48,231,cdls,0x5eac86616030
412,39,138,cdls,0x5eac86616030
413,42,168,cdls,0x5eac86616030
414,39,165,cdls,0x5eac86616030
415,75,243,cdls,0x5eac86616030
416,36,222,cdls,0x5eac86616030
417,69,228,cdls,0x5eac86616030
418,42,255,cdls,0x5eac86616030
419,33,111,cdls,0x5eac86616030
420,69,360,cdls,0x5eac86616030
421,72,294,cdls,0x5eac86616030
422,96,528,cdls,0x5eac86616030
423,120,402,cdls,0x5eac86616030
424,96,294,cdls,0x5eac86616030
425,93,282,cdls,0x5eac86616030
426,30,108,cdls,0x5eac86616030
427,48,210,cdls,0x5eac86616030
428,48,234,cdls,0x5eac86616030
429,27,201,cdls,0x5eac86616030
430,108,342,cdls,0x5eac86616030
431,78,372,cdls,0x5eac86616030
432,54,273,cdls,0x5eac86616030
433,72,318,cdls,0x5eac86616030
434,48,210,cdls,0x5eac86616030
435,36,285,cdls,0x5eac86616030
436,30,216,cdls,0x5eac86616030
437,63,258,cdls,0x5eac86616030
438,69,324,cdls,0x5eac86616030
439,84,354,cdls,0x5eac86616030
440,39,153,cdls,0x5eac86616030
441,81,219,cdls,0x5eac86616030
442,54,153,cdls,0x5eac86616030
443,51,192,cdls,0x5eac86616030
444,48,306,cdls,0x5eac86616030
445,39,198,cdls,0x5eac86616030
446,90,327,cdls,0x5eac86616030
447,102,393,cdls,0x5eac86616030
448,93,399,cdls,0x5eac86616030
449,129,327,cdls,0x5eac86616030
450,36,138,cdls,0x5eac86616030
451,72,339,cdls,0x5eac86616030
452,27,84,cdls,0x5eac86616030
453,51,198,cdls,0x5eac86616030
454,75,246,cdls,0x5eac86616030
455,21,75,cdls,0x5eac86616030
456,69,216,cdls,0x5eac86616030
457,45,237,cdls,0x5eac86616030
458,78,201,cdls,0x5eac86616030
459,36,117,cdls,0x5eac86616030
460,114,273,cdls,0x5eac86616030
461,69,321,cdls,0x5eac86616030
462,57,255,cdls,0x5eac86616030
463,63,180,cdls,0x5eac86616030
464,60,282,cdls,0x5eac86616030
465,45,204,cdls,0x5eac86616030
466,36,216,cdls,0x5eac86616030
467,18,126,cdls,0x5eac86616030
468,84,294,cdls,0x5eac86616030
469,54,306,cdls,0x5eac86616030
470,81,282,cdls,0x5eac86616030
471,75,261,cdls,0x5eac86616030
472,39,159,cdls,0x5eac86616030
473,54,234,cdls,0x5eac86616030
474,63,240,cdls,0x5eac86616030
475,90,336,cdls,0x5eac86616030
476,36,168,cdls,0x5eac86616030
477,45,159,cdls,0x5eac86616030
478,90,306,cdls,0x5eac86616030
479,48,183,cdls,0x5eac86616030
480,30,111,cdls,0x5eac86616030
481,54,228,cdls,0x5eac86616030
482,45,195,cdls,0x5eac86616030
483,36,138,cdls,0x5eac86616030
484,48,282,cdls,0x5eac86616030
485,57,156,cdls,0x5eac86616030
486,45,207,cdls,0x5eac86616030
487,39,165,cdls,0x5eac86616030
488,84,294,cdls,0x5eac86616030
489,42,192,cdls,0x5eac86616030
490,39,150,cdls,0x5eac86616030
491,96,498,cdls,0x5eac86616030
492,42,168,cdls,0x5eac86616030
493,30,174,cdls,0x5eac86616030
494,48,279,cdls,0x5eac86616030
495,48,222,cdls,0x5eac86616030
496,30,216,cdls,0x5eac86616030
497,66,207,cdls,0x5eac86616030
498,30,120,cdls,0x5eac86616030
499,81,255,cdls,0x5eac86616030
500,57,243,cdls,0x5eac86616030
501,27,105,cdls,0x5eac86616030
502,75,294,cdls,0x5eac86616030
503,36,150,cdls,0x5eac86616030
504,108,288,cdls,0x5eac86616030
505,45,168,cdls,0x5eac86616030
506,60,282,cdls,0x5eac86616030
507,48,282,cdls,0x5eac86616030
508,57,276,cdls,0x5eac86616030
509,84,279,cdls,0x5eac86616030
510,69,375,cdls,0x5eac86616030
511,42,180,cdls,0x5eac86616030
512,39,141,cdls,0x5eac86616030
513,75,327,cdls,0x5eac86616030
514,63,261,cdls,0x5eac86616030
515,57,228,cdls,0x5eac86616030
516,45,195,cdls,0x5eac86616030
517,45,195,cdls,0x5eac86616030
518,66,195,cdls,0x5eac86616030
519,93,312,cdls,0x5eac86616030
520,135,453,cdls,0x5eac86616030
521,69,315,cdls,0x5eac86616030
522,54,240,cdls,0x5eac86616030
523,87,273,cdls,0x5eac86616030
524,57,216,cdls,0x5eac86616030
525,66,159,cdls,0x5eac86616030
526,36,156,cdls,0x5eac86616030
527,33,132,cdls,0x5eac86616030
528,81,279,cdls,0x5eac86616030
529,45,204,cdls,0x5eac86616030
530,114,345,cdls,0x5eac86616030
531,42,195,cdls,0x5eac86616030
532,87,228,cdls,0x5eac86616030
533,78,348,cdls,0x5eac86616030
534,42,180,cdls,0x5eac86616030
535,51,213,cdls,0x5eac86616030
536,36,150,cdls,0x5eac86616030
537,48,192,cdls,0x5eac86616030
538,78,267,cdls,0x5eac86616030
539,45,192,cdls,0x5eac86616030
540,42,180,cdls,0x5eac86616030
541,36,141,cdls,0x5eac86616030
542,51,129,cdls,0x5eac86616030
543,54,198,cdls,0x5eac86616030
544,42,180,cdls,0x5eac86616030
545,51,237,cdls,0x5eac86616030
546,93,228,cdls,0x5eac86616030
547,57,327,cdls,0x5eac86616030
548,57,177,cdls,0x5eac86616030
549,66,192,cdls,0x5eac86616030
550,45,99,cdls,0x5eac86616030
551,72,192,cdls,0x5eac86616030
552,39,153,cdls,0x5eac86616030
553,42,165,cdls,0x5eac86616030
554,27,96,cdls,0x5eac86616030
555,36,141,cdls,0x5eac86616030
556,57,294,cdls,0x5eac86616030
557,57,219,cdls,0x5eac86616030
558,45,183,cdls,0x5eac86616030
559,81,279,cdls,0x5eac86616030
560,63,255,cdls,0x5eac86616030
561,93,318,cdls,0x5eac86616030
562,51,261,cdls,0x5eac86616030
563,84,348,cdls,0x5eac86616030
564,72,279,cdls,0x5eac86616030
565,60,192,cdls,0x5eac86616030
566,57,399,cdls,0x5eac86616030
567,48,210,cdls,0x5eac86616030
568,90,375,cdls,0x5eac86616030
569,24,153,cdls,0x5eac86616030
570,63,297,cdls,0x5eac86616030
571,81,375,cdls,0x5eac86616030
572,57,213,cdls,0x5eac86616030
573,60,282,cdls,0x5eac86616030
574,60,183,cdls,0x5eac86616030
575,45,231,cdls,0x5eac86616030
576,57,267,cdls,0x5eac86616030
577,45,195,cdls,0x5eac86616030
578,60,282,cdls,0x5eac86616030
579,36,162,cdls,0x5eac86616030
580,75,345,cdls,0x5eac86616030
581,63,198,cdls,0x5eac86616030
582,90,276,cdls,0x5eac86616030
583,39,141,cdls,0x5eac86616030
584,36,138,cdls,0x5eac86616030
585,36,135,cdls,0x5eac86616030
586,60,270,cdls,0x5eac86616030
587,51,201,cdls,0x5eac86616030
588,54,240,cdls,0x5eac86616030
589,60,354,cdls,0x5eac86616030
590,36,234,cdls,0x5eac86616030
591,36,222,cdls,0x5eac86616030
592,72,384,cdls,0x5eac86616030
593,72,285,cdls,0x5eac86616030
594,63,270,cdls,0x5eac86616030
595,72,261,cdls,0x5eac86616030
596,96,378,cdls,0x5eac86616030
597,66,273,cdls,0x5eac86616030
598,81,255,cdls,0x5eac86616030
599,42,171,cdls,0x5eac86616030
600,84,378,cdls,0x5eac86616030
601,75,321,cdls,0x5eac86616030
602,63,252,cdls,0x5eac86616030
603,27,183,cdls,0x5eac86616030
604,93,435,cdls,0x5eac86616030
605,114,351,cdls,0x5eac86616030
606,36,129,cdls,0x5eac86616030
607,63,186,cdls,0x5eac86616030
608,42,240,cdls,0x5eac86616030
609,48,198,cdls,0x5eac86616030
610,39,249,cdls,0x5eac86616030
611,51,189,cdls,0x5eac86616030
612,69,225,cdls,0x5eac86616030
613,54,276,cdls,0x5eac86616030
614,30,165,cdls,0x5eac86616030
615,21,171,cdls,0x5eac86616030
616,45,183,cdls,0x5eac86616030
617,48,318,cdls,0x5eac86616030
618,30,204,cdls,0x5eac86616030
619,54,216,cdls,0x5eac86616030
620,33,135,cdls,0x5eac86616030
621,66,294,cdls,0x5eac86616030
622,48,210,cdls,0x5eac86616030
623,72,294,cdls,0x5eac86616030
624,105,459,cdls,0x5eac86616030
625,54,312,cdls,0x5eac86616030
626,57,267,cdls,0x5eac86616030
627,42,204,cdls,0x5eac86616030
628,27,225,cdls,0x5eac86616030
629,45,252,cdls,0x5eac86616030
630,84,306,cdls,0x5eac86616030
631,39,273,cdls,0x5eac86616030
632,18,168,cdls,0x5eac86616030
633,72,258,cdls,0x5eac86616030
634,54,240,cdls,0x5eac86616030
635,51,309,cdls,0x5eac86616030
636,45,219,cdls,0x5eac86616030
637,39,177,cdls,0x5eac86616030
638,39,177,cdls,0x5eac86616030
639,84,306,cdls,0x5eac86616030
640,60,282,cdls,0x5eac86616030
641,78,276,cdls,0x5eac86616030
642,21,75,cdls,0x5eac86616030
643,51,249,cdls,0x5eac86616030
644,45,183,cdls,0x5eac86616030
645,66,276,cdls,0x5eac86616030
646,54,252,cdls,0x5eac86616030
647,45,231,cdls,0x5eac86616030
648,72,306,cdls,0x5eac86616030
649,33,231,cdls,0x5eac86616030
650,24,150,cdls,0x5eac86616030
651,105,303,cdls,0x5eac86616030
652,30,174,cdls,0x5eac86616030
653,78,291,cdls,0x5eac86616030
654,57,348,cdls,0x5eac86616030
655,54,336,cdls,0x5eac86616030
656,57,222,cdls,0x5eac86616030
657,63,273,cdls,0x5eac86616030
658,54,240,cdls,0x5eac86616030
659,156,414,cdls,0x5eac86616030
660,84,321,cdls,0x5eac86616030
661,63,351,cdls,0x5eac86616030
662,57,198,cdls,0x5eac86616030
663,48,222,cdls,0x5eac86616030
664,57,264,cdls,0x5eac86616030
665,39,225,cdls,0x5eac86616030
666,30,204,cdls,0x5eac86616030
667,60,330,cdls,0x5eac86616030
668,51,321,cdls,0x5eac86616030
669,48,210,cdls,0x5eac86616030
670,39,201,cdls,0x5eac86616030
671,90,255,cdls,0x5eac86616030
672,78,234,cdls,0x5eac86616030
673,27,213,cdls,0x5eac86616030
674,30,216,cdls,0x5eac86616030
675,39,165,cdls,0x5eac86616030
676,60,294,cdls,0x5eac86616030
677,48,198,cdls,0x5eac86616030
678,36,258,cdls,0x5eac86616030
679,39,225,cdls,0x5eac86616030
680,51,249,cdls,0x5eac86616030
681,54,240,cdls,0x5eac86616030
682,75,333,cdls,0x5eac86616030
683,60,342,cdls,0x5eac86616030
684,36,234,cdls,0x5eac86616030
685,78,288,cdls,0x5eac86616030
686,57,303,cdls,0x5eac86616030
687,78,324,cdls,0x5eac86616030
688,66,300,cdls,0x5eac86616030
689,63,297,cdls,0x5eac86616030
690,69,303,cdls,0x5eac86616030
691,39,165,cdls,0x5eac86616030
692,39,237,cdls,0x5eac86616030
693,63,261,cdls,0x5eac86616030
694,24,174,cdls,0x5eac86616030
695,69,204,cdls,0x5eac86616030
696,60,246,cdls,0x5eac86616030
697,42,180,cdls,0x5eac86616030
698,75,225,cdls,0x5eac86616030
699,30,183,cdls,0x5eac86616030
700,84,321,cdls,0x5eac86616030
701,72,294,cdls,0x5eac86616030
702,48,210,cdls,0x5eac86616030
703,114,342,cdls,0x5eac86616030
704,45,198,cdls,0x5eac86616030
705,39,219,cdls,0x5eac86616030
706,84,282,cdls,0x5eac86616030
707,72,270,cdls,0x5eac86616030
708,84,315,cdls,0x5eac86616030
709,69,291,cdls,0x5eac86616030
710,42,180,cdls,0x5eac86616030
711,39,177,cdls,0x5eac86616030
712,57,231,cdls,0x5eac86616030
713,78,255,cdls,0x5eac86616030
714,57,240,cdls,0x5eac86616030
715,45,153,cdls,0x5eac86616030
716,36,150,cdls,0x5eac86616030
717,81,372,cdls,0x5eac86616030
718,111,351,cdls,0x5eac86616030
719,36,270,cdls,0x5eac86616030
720,57,339,cdls,0x5eac86616030
721,21,171,cdls,0x5eac86616030
722,111,393,cdls,0x5eac86616030
723,78,258,cdls,0x5eac86616030
724,33,243,cdls,0x5eac86616030
725,36,210,cdls,0x5eac86616030
726,120,360,cdls,0x5eac86616030
727,81,282,cdls,0x5eac86616030
728,78,237,cdls,0x5eac86616030
729,36,225,cdls,0x5eac86616030
730,75,405,cdls,0x5eac86616030
731,75,285,cdls,0x5eac86616030
732,69,264,cdls,0x5eac86616030
733,42,144,cdls,0x5eac86616030
734,42,138,cdls,0x5eac86616030
735,45,219,cdls,0x5eac86616030
736,96,306,cdls,0x5eac86616030
737,108,270,cdls,0x5eac86616030
738,48,294,cdls,0x5eac86616030
739,69,279,cdls,0x5eac86616030
740,33,207,cdls,0x5eac86616030
741,72,315,cdls,0x5eac86616030
742,33,207,cdls,0x5eac86616030
743,51,225,cdls,0x5eac86616030
744,57,231,cdls,0x5eac86616030
745,66,348,cdls,0x5eac86616030
746,66,300,cdls,0x5eac86616030
747,66,213,cdls,0x5eac86616030
748,45,207,cdls,0x5eac86616030
749,72,237,cdls,0x5eac86616030
750,99,477,cdls,0x5eac86616030
751,93,393,cdls,0x5eac86616030
752,48,210,cdls,0x5eac86616030
753,54,324,cdls,0x5eac86616030
754,66,372,cdls,0x5eac86616030
755,57,225,cdls,0x5eac86616030
756,66,249,cdls,0x5eac86616030
757,48,183,cdls,0x5eac86616030
758,72,342,cdls,0x5eac86616030
759,57,339,cdls,0x5eac86616030
760,60,336,cdls,0x5eac86616030
761,54,312,cdls,0x5eac86616030
762,51,225,cdls,0x5eac86616030
763,27,201,cdls,0x5eac86616030
764,48,210,cdls,0x5eac86616030
765,63,297,cdls,0x5eac86616030
766,30,192,cdls,0x5eac86616030
767,84,342,cdls,0x5eac86616030
768,21,171,cdls,0x5eac86616030
769,54,312,cdls,0x5eac86616030
770,36,234,cdls,0x5eac86616030
771,27,189,cdls,0x5eac86616030
772,57,363,cdls,0x5eac86616030
773,99,429,cdls,0x5eac86616030
774,63,285,cdls,0x5eac86616030
775,42,264,cdls,0x5eac86616030
776,39,177,cdls,0x5eac86616030
777,54,207,cdls,0x5eac86616030
778,81,258,cdls,0x5eac86616030
779,57,243,cdls,0x5eac86616030
780,51,237,cdls,0x5eac86616030
781,39,261,cdls,0x5eac86616030
782,57,156,cdls,0x5eac86616030
783,60,324,cdls,0x5eac86616030
784,66,204,cdls,0x5eac86616030
785,54,204,cdls,0x5eac86616030
786,48,282,cdls,0x5eac86616030
787,78,267,cdls,0x5eac86616030
788,60,282,cdls,0x5eac86616030
789,90,348,cdls,0x5eac86616030
790,60,222,cdls,0x5eac86616030
791,57,252,cdls,0x5eac86616030
792,54,225,cdls,0x5eac86616030
793,138,318,cdls,0x5eac86616030
794,48,183,cdls,0x5eac86616030
795,36,246,cdls,0x5eac86616030
796,39,246,cdls,0x5eac86616030
797,36,216,cdls,0x5eac86616030
798,69,351,cdls,0x5eac86616030
799,21,183,cdls,0x5eac86616030
800,27,201,cdls,0x5eac86616030
801,18,132,cdls,0x5eac86616030
802,45,195,cdls,0x5eac86616030
803,99,345,cdls,0x5eac86616030
804,105,399,cdls,0x5eac86616030
805,48,210,cdls,0x5eac86616030
806,57,363,cdls,0x5eac86616030
807,87,381,cdls,0x5eac86616030
808,102,300,cdls,0x5eac86616030
809,126,456,cdls,0x5eac86616030
810,66,615,cdls,0x5eac86616030
811,75,273,cdls,0x5eac86616030
812,87,288,cdls,0x5eac86616030
813,33,126,cdls,0x5eac86616030
814,42,192,cdls,0x5eac86616030
815,63,273,cdls,0x5eac86616030
816,78,300,cdls,0x5eac86616030
817,108,381,cdls,0x5eac86616030
818,75,330,cdls,0x5eac86616030
819,78,408,cdls,0x5eac86616030
820,111,354,cdls,0x5eac86616030
821,51,213,cdls,0x5eac86616030
822,156,423,cdls,0x5eac86616030
823,111,390,cdls,0x5eac86616030
824,27,177,cdls,0x5eac86616030
825,54,204,cdls,0x5eac86616030
826,39,156,cdls,0x5eac86616030
827,63,237,cdls,0x5eac86616030
828,60,294,cdls,0x5eac86616030
829,24,168,cdls,0x5eac86616030
830,36,186,cdls,0x5eac86616030
831,36,201,cdls,0x5eac86616030
832,48,261,cdls,0x5eac86616030
833,96,246,cdls,0x5eac86616030
834,33,126,cdls,0x5eac86616030
835,15,117,cdls,0x5eac86616030
836,105,405,cdls,0x5eac86616030
837,30,201,cdls,0x5eac86616030
838,45,195,cdls,0x5eac86616030
839,30,216,cdls,0x5eac86616030
840,45,255,cdls,0x5eac86616030
841,57,243,cdls,0x5eac86616030
842,75,321,cdls,0x5eac86616030
843,54,288,cdls,0x5eac86616030
844,27,201,cdls,0x5eac86616030
845,45,291,cdls,0x5eac86616030
846,54,348,cdls,0x5eac86616030
847,39,162,cdls,0x5eac86616030
848,66,255,cdls,0x5eac86616030
849,39,177,cdls,0x5eac86616030
850,66,312,cdls,0x5eac86616030
851,51,237,cdls,0x5eac86616030
852,66,255,cdls,0x5eac86616030
853,48,192,cdls,0x5eac86616030
854,93,390,cdls,0x5eac86616030
855,120,357,cdls,0x5eac86616030
856,48,378,cdls,0x5eac86616030
857,30,204,cdls,0x5eac86616030
858,57,279,cdls,0x5eac86616030
859,39,153,cdls,0x5eac86616030
860,66,276,cdls,0x5eac86616030
861,93,387,cdls,0x5eac86616030
862,60,330,cdls,0x5eac86616030
863,36,198,cdls,0x5eac86616030
864,33,192,cdls,0x5eac86616030
865,57,303,cdls,0x5eac86616030
866,60,234,cdls,0x5eac86616030
867,66,153,cdls,0x5eac86616030
868,60,165,cdls,0x5eac86616030
869,39,138,cdls,0x5eac86616030
870,39,156,cdls,0x5eac86616030
871,66,276,cdls,0x5eac86616030
872,27,96,cdls,0x5eac86616030
873,66,342,cdls,0x5eac86616030
874,81,345,cdls,0x5eac86616030
875,51,216,cdls,0x5eac86616030
876,48,135,cdls,0x5eac86616030
877,165,408,cdls,0x5eac86616030
878,60,234,cdls,0x5eac86616030
879,78,246,cdls,0x5eac86616030
880,45,195,cdls,0x5eac86616030
881,75,486,cdls,0x5eac86616030
882,27,189,cdls,0x5eac86616030
883,105,246,cdls,0x5eac86616030
884,111,411,cdls,0x5eac86616030
885,84,231,cdls,0x5eac86616030
886,45,180,cdls,0x5eac86616030
887,90,297,cdls,0x5eac86616030
888,39,216,cdls,0x5eac86616030
889,33,231,cdls,0x5eac86616030
890,27,201,cdls,0x5eac86616030
891,45,291,cdls,0x5eac86616030
892,54,228,cdls,0x5eac86616030
893,78,297,cdls,0x5eac86616030
894,90,336,cdls,0x5eac86616030
895,114,360,cdls,0x5eac86616030
896,144,366,cdls,0x5eac86616030
897,72,300,cdls,0x5eac86616030
898,66,240,cdls,0x5eac86616030
899,57,315,cdls,0x5eac86616030
900,48,210,cdls,0x5eac86616030
901,96,267,cdls,0x5eac86616030
902,21,159,cdls,0x5eac86616030
903,54,258,cdls,0x5eac86616030
904,27,171,cdls,0x5eac86616030
905,54,240,cdls,0x5eac86616030
906,87,357,cdls,0x5eac86616030
907,57,252,cdls,0x5eac86616030
908,81,330,cdls,0x5eac86616030
909,66,264,cdls,0x5eac86616030
910,36,129,cdls,0x5eac86616030
911,81,243,cdls,0x5eac86616030
912,39,165,cdls,0x5eac86616030
913,36,162,cdls,0x5eac86616030
914,39,132,cdls,0x5eac86616030
915,75,216,cdls,0x5eac86616030
916,57,303,cdls,0x5eac86616030
917,42,276,cdls,0x5eac86616030
918,57,213,cdls,0x5eac86616030
919,45,195,cdls,0x5eac86616030
920,33,231,cdls,0x5eac86616030
921,30,126,cdls,0x5eac86616030
922,48,174,cdls,0x5eac86616030
923,96,372,cdls,0x5eac86616030
924,87,321,cdls,0x5eac86616030
925,111,369,cdls,0x5eac86616030
926,69,270,cdls,0x5eac86616030
927,75,321,cdls,0x5eac86616030
928,90,312,cdls,0x5eac86616030
929,87,480,cdls,0x5eac86616030
930,39,396,cdls,0x5eac86616030
931,90,384,cdls,0x5eac86616030
932,18,168,cdls,0x5eac86616030
933,51,309,cdls,0x5eac86616030
934,18,132,cdls,0x5eac86616030
935,21,147,cdls,0x5eac86616030
936,90,408,cdls,0x5eac86616030
937,18,156,cdls,0x5eac86616030
938,105,363,cdls,0x5eac86616030
939,54,228,cdls,0x5eac86616030
940,81,306,cdls,0x5eac86616030
941,51,246,cdls,0x5eac86616030
942,54,219,cdls,0x5eac86616030
943,36,174,cdls,0x5eac86616030
944,36,246,cdls,0x5eac86616030
945,63,297,cdls,0x5eac86616030
946,30,120,cdls,0x5eac86616030
947,78,336,cdls,0x5eac86616030
948,33,135,cdls,0x5eac86616030
949,36,150,cdls,0x5eac86616030
950,72,291,cdls,0x5eac86616030
951,30,165,cdls,0x5eac86616030
952,48,321,cdls,0x5eac86616030
953,102,390,cdls,0x5eac86616030
954,42,180,cdls,0x5eac86616030
955,69,219,cdls,0x5eac86616030
956,45,171,cdls,0x5eac86616030
957,57,243,cdls,0x5eac86616030
958,30,216,cdls,0x5eac86616030
959,75,243,cdls,0x5eac86616030
960,36,138,cdls,0x5eac86616030
961,84,354,cdls,0x5eac86616030
962,24,150,cdls,0x5eac86616030
963,36,270,cdls,0x5eac86616030
964,75,300,cdls,0x5eac86616030
965,36,150,cdls,0x5eac86616030
966,66,267,cdls,0x5eac86616030
967,75,381,cdls,0x5eac86616030
968,24,186,cdls,0x5eac86616030
969,60,258,cdls,0x5eac86616030
970,45,171,cdls,0x5eac86616030
971,54,165,cdls,0x5eac86616030
972,90,300,cdls,0x5eac86616030
973,66,216,cdls,0x5eac86616030
974,57,201,cdls,0x5eac86616030
975,33,126,cdls,0x5eac86616030
976,66,312,cdls,0x5eac86616030
977,81,339,cdls,0x5eac86616030
978,114,318,cdls,0x5eac86616030
979,69,213,cdls,0x5eac86616030
980,84,246,cdls,0x5eac86616030
981,51,237,cdls,0x5eac86616030
982,54,159,cdls,0x5eac86616030
983,57,216,cdls,0x5eac86616030
984,87,276,cdls,0x5eac86616030
985,45,399,cdls,0x5eac86616030
986,84,345,cdls,0x5eac86616030
987,21,159,cdls,0x5eac86616030
988,81,423,cdls,0x5eac86616030
989,57,216,cdls,0x5eac86616030
990,72,240,cdls,0x5eac86616030
991,36,234,cdls,0x5eac86616030
992,45,279,cdls,0x5eac86616030
993,63,294,cdls,0x5eac86616030
994,63,252,cdls,0x5eac86616030
995,42,120,cdls,0x5eac86616030
996,42,144,cdls,0x5eac86616030
997,39,150,cdls,0x5eac86616030
998,111,441,cdls,0x5eac86616030
999,33,186,cdls,0x5eac86616030
1000,48,210,cdls,0x5eac86616030
1001,51,237,cdls,0x5eac86616030
1002,72,213,cdls,0x5eac86616030
1003,42,141,cdls,0x5eac86616030
1004,93,363,cdls,0x5eac86616030
1005,45,189,cdls,0x5eac86616030
1006,57,255,cdls,0x5eac86616030
1007,42,264,cdls,0x5eac86616030
1008,18,144,cdls,0x5eac86616030
1009,69,216,cdls,0x5eac86616030
1010,69,252,cdls,0x5eac86616030
1011,33,126,cdls,0x5eac86616030
1012,72,300,cdls,0x5eac86616030
1013,51,219,cdls,0x5eac86616030
1014,69,222,cdls,0x5eac86616030
1015,96,384,cdls,0x5eac86616030
1016,54,300,cdls,0x5eac86616030
1017,102,480,cdls,0x5eac86616030
1018,54,396,cdls,0x5eac86616030
1019,84,390,cdls,0x5eac86616030
1020,78,348,cdls,0x5eac86616030
1021,60,294,cdls,0x5eac86616030
1022,33,219,cdls,0x5eac86616030
1023,36,222,cdls,0x5eac86616030
1024,30,132,cdls,0x5eac86616030
1025,27,225,cdls,0x5eac86616030
1026,42,180,cdls,0x5eac86616030
1027,60,270,cdls,0x5eac86616030
1028,57,315,cdls,0x5eac86616030
1029,66,288,cdls,0x5eac86616030
1030,42,288,cdls,0x5eac86616030
1031,60,246,cdls,0x5eac86616030
1032,27,201,cdls,0x5eac86616030
1033,45,219,cdls,0x5eac86616030
1034,84,309,cdls,0x5eac86616030
1035,75,303,cdls,0x5eac86616030
1036,60,291,cdls,0x5eac86616030
1037,39,165,cdls,0x5eac86616030
1038,84,342,cdls,0x5eac86616030
1039,81,270,cdls,0x5eac86616030
1040,99,312,cdls,0x5eac86616030
1041,105,351,cdls,0x5eac86616030
1042,54,270,cdls,0x5eac86616030
1043,69,315,cdls,0x5eac86616030
1044,69,357,cdls,0x5eac86616030
1045,33,243,cdls,0x5eac86616030
1046,36,210,cdls,0x5eac86616030
1047,57,315,cdls,0x5eac86616030
1048,24,198,cdls,0x5eac86616030
1049,51,213,cdls,0x5eac86616030
1050,24,186,cdls,0x5eac86616030
1051,105,390,cdls,0x5eac86616030
1052,96,264,cdls,0x5eac86616030
1053,51,282,cdls,0x5eac86616030
1054,36,222,cdls,0x5eac86616030
1055,45,267,cdls,0x5eac86616030
1056,36,129,cdls,0x5eac86616030
1057,90,360,cdls,0x5eac86616030
1058,48,459,cdls,0x5eac86616030
1059,51,189,cdls,0x5eac86616030
1060,39,213,cdls,0x5eac86616030
1061,72,249,cdls,0x5eac86616030
1062,54,264,cdls,0x5eac86616030
1063,42,168,cdls,0x5eac86616030
1064,69,291,cdls,0x5eac86616030
1065,51,309,cdls,0x5eac86616030
1066,54,153,cdls,0x5eac86616030
1067,51,186,cdls,0x5eac86616030
1068,69,258,cdls,0x5eac86616030
1069,45,159,cdls,0x5eac86616030
1070,57,237,cdls,0x5eac86616030
1071,63,198,cdls,0x5eac86616030
1072,39,207,cdls,0x5eac86616030
1073,39,153,cdls,0x5eac86616030
1074,90,273,cdls,0x5eac86616030
1075,39,138,cdls,0x5eac86616030
1076,108,258,cdls,0x5eac86616030
1077,39,207,cdls,0x5eac86616030
1078,39,147,cdls,0x5eac86616030
1079,60,282,cdls,0x5eac86616030
1080,54,216,cdls,0x5eac86616030
1081,72,378,cdls,0x5eac86616030
1082,42,180,cdls,0x5eac86616030
1083,75,345,cdls,0x5eac86616030
1084,36,246,cdls,0x5eac86616030
1085,24,174,cdls,0x5eac86616030
1086,45,195,cdls,0x5eac86616030
1087,48,198,cdls,0x5eac86616030
1088,36,138,cdls,0x5eac86616030
1089,39,165,cdls,0x5eac86616030
1090,39,147,cdls,0x5eac86616030
1091,42,204,cdls,0x5eac86616030
1092,36,141,cdls,0x5eac86616030
1093,87,303,cdls,0x5eac86616030
1094,39,249,cdls,0x5eac86616030
1095,30,192,cdls,0x5eac86616030
1096,36,234,cdls,0x5eac86616030
1097,51,213,cdls,0x5eac86616030
1098,33,207,cdls,0x5eac86616030
1099,72,306,cdls,0x5eac86616030
1100,39,153,cdls,0x5eac86616030
1101,39,297,cdls,0x5eac86616030
1102,27,189,cdls,0x5eac86616030
1103,36,222,cdls,0x5eac86616030
1104,51,225,cdls,0x5eac86616030
1105,36,246,cdls,0x5eac86616030
1106,93,351,cdls,0x5eac86616030
1107,36,234,cdls,0x5eac86616030
1108,27,201,cdls,0x5eac86616030
1109,63,357,cdls,0x5eac86616030
1110,60,282,cdls,0x5eac86616030
1111,30,204,cdls,0x5eac86616030
1112,45,180,cdls,0x5eac86616030
1113,60,270,cdls,0x5eac86616030
1114,39,249,cdls,0x5eac86616030
1115,60,402,cdls,0x5eac86616030
1116,39,249,cdls,0x5eac86616030
1117,54,240,cdls,0x5eac86616030
1118,69,387,cdls,0x5eac86616030
1119,27,198,cdls,0x5eac86616030
1120,45,435,cdls,0x5eac86616030
1121,33,219,cdls,0x5eac86616030
1122,36,258,cdls,0x5eac86616030
1123,42,180,cdls,0x5eac86616030
1124,51,225,cdls,0x5eac86616030
1125,81,483,cdls,0x5eac86616030
1126,72,282,cdls,0x5eac86616030
1127,60,300,cdls,0x5eac86616030
1128,84,303,cdls,0x5eac86616030
1129,78,372,cdls,0x5eac86616030
1130,81,303,cdls,0x5eac86616030
1131,51,297,cdls,0x5eac86616030
1132,33,231,cdls,0x5eac86616030
1133,24,186,cdls,0x5eac86616030
1134,48,282,cdls,0x5eac86616030
1135,48,282,cdls,0x5eac86616030
1136,120,474,cdls,0x5eac86616030
1137,30,204,cdls,0x5eac86616030
1138,87,417,cdls,0x5eac86616030
1139,72,294,cdls,0x5eac86616030
1140,60,246,cdls,0x5eac86616030
1141,21,171,cdls,0x5eac86616030
1142,69,303,cdls,0x5eac86616030
1143,48,270,cdls,0x5eac86616030
1144,30,204,cdls,0x5eac86616030
1145,33,243,cdls,0x5eac86616030
1146,24,198,cdls,0x5eac86616030
1147,36,258,cdls,0x5eac86616030
1148,87,429,cdls,0x5eac86616030
1149,75,393,cdls,0x5eac86616030
1150,15,141,cdls,0x5eac86616030
1151,69,231,cdls,0x5eac86616030
1152,42,168,cdls,0x5eac86616030
1153,39,189,cdls,0x5eac86616030
1154,27,201,cdls,0x5eac86616030
1155,48,294,cdls,0x5eac86616030
1156,75,369,cdls,0x5eac86616030
1157,51,201,cdls,0x5eac86616030
1158,39,237,cdls,0x5eac86616030
1159,45,195,cdls,0x5eac86616030
1160,42,252,cdls,0x5eac86616030
1161,54,240,cdls,0x5eac86616030
1162,51,477,cdls,0x5eac86616030
1163,102,504,cdls,0x5eac86616030
1164,39,249,cdls,0x5eac86616030
1165,45,234,cdls,0x5eac86616030
1166,24,129,cdls,0x5eac86616030
1167,36,246,cdls,0x5eac86616030
1168,36,165,cdls,0x5eac86616030
1169,69,318,cdls,0x5eac86616030
1170,33,135,cdls,0x5eac86616030
1171,60,270,cdls,0x5eac86616030
1172,90,336,cdls,0x5eac86616030
1173,99,393,cdls,0x5eac86616030
1174,69,291,cdls,0x5eac86616030
1175,111,381,cdls,0x5eac86616030
1176,81,414,cdls,0x5eac86616030
1177,36,189,cdls,0x5eac86616030
1178,42,153,cdls,0x5eac86616030
1179,42,420,cdls,0x5eac86616030
1180,42,264,cdls,0x5eac86616030
1181,99,417,cdls,0x5eac86616030
1182,51,213,cdls,0x5eac86616030
1183,54,252,cdls,0x5eac86616030
1184,66,324,cdls,0x5eac86616030
1185,51,525,cdls,0x5eac86616030
1186,39,249,cdls,0x5eac86616030
1187,111,405,cdls,0x5eac86616030
1188,78,348,cdls,0x5eac86616030
1189,81,375,cdls,0x5eac86616030
1190,51,321,cdls,0x5eac86616030
1191,36,258,cdls,0x5eac86616030
1192,93,423,cdls,0x5eac86616030
1193,63,285,cdls,0x5eac86616030
1194,108,582,cdls,0x5eac86616030
1195,36,132,cdls,0x5eac86616030
1196,57,252,cdls,0x5eac86616030
1197,63,252,cdls,0x5eac86616030
1198,36,246,cdls,0x5eac86616030
1199,60,270,cdls,0x5eac86616030
1200,102,300,cdls,0x5eac86616030
1201,69,315,cdls,0x5eac86616030
1202,87,477,cdls,0x5eac86616030
1203,24,186,cdls,0x5eac86616030
1204,36,246,cdls,0x5eac86616030
1205,42,177,cdls,0x5eac86616030
1206,36,258,cdls,0x5eac86616030
1207,57,279,cdls,0x5eac86616030
1208,78,384,cdls,0x5eac86616030
1209,60,219,cdls,0x5eac86616030
1210,33,231,cdls,0x5eac86616030
1211,66,360,cdls,0x5eac86616030
1212,30,348,cdls,0x5eac86616030
1213,48,246,cdls,0x5eac86616030
1214,69,315,cdls,0x5eac86616030
1215,27,189,cdls,0x5eac86616030
1216,51,285,cdls,0x5eac86616030
1217,39,237,cdls,0x5eac86616030
1218,72,366,cdls,0x5eac86616030
1219,45,303,cdls,0x5eac86616030
1220,93,363,cdls,0x5eac86616030
1221,72,318,cdls,0x5eac86616030
1222,33,195,cdls,0x5eac86616030
1223,30,204,cdls,0x5eac86616030
1224,126,471,cdls,0x5eac86616030
1225,57,339,cdls,0x5eac86616030
1226,54,348,cdls,0x5eac86616030
1227,69,315,cdls,0x5eac86616030
1228,126,456,cdls,0x5eac86616030
1229,39,489,cdls,0x5eac86616030
1230,84,366,cdls,0x5eac86616030
1231,36,225,cdls,0x5eac86616030
1232,54,216,cdls,0x5eac86616030
1233,69,345,cdls,0x5eac86616030
1234,63,297,cdls,0x5eac86616030
1235,108,474,cdls,0x5eac86616030
1236,69,234,cdls,0x5eac86616030
1237,30,120,cdls,0x5eac86616030
1238,42,156,cdls,0x5eac86616030
1239,69,282,cdls,0x5eac86616030
1240,45,279,cdls,0x5eac86616030
1241,57,243,cdls,0x5eac86616030
1242,111,501,cdls,0x5eac86616030
1243,27,189,cdls,0x5eac86616030
1244,81,507,cdls,0x5eac86616030
1245,87,405,cdls,0x5eac86616030
1246,126,456,cdls,0x5eac86616030
1247,63,285,cdls,0x5eac86616030
1248,69,489,cdls,0x5eac86616030
1249,102,456,cdls,0x5eac86616030
1250,63,561,cdls,0x5eac86616030
1251,33,219,cdls,0x5eac86616030
1252,30,201,cdls,0x5eac86616030
1253,30,204,cdls,0x5eac86616030
1254,27,189,cdls,0x5eac86616030
1255,99,405,cdls,0x5eac86616030
1256,69,261,cdls,0x5eac86616030
1257,57,255,cdls,0x5eac86616030
1258,60,534,cdls,0x5eac86616030
1259,153,468,cdls,0x5eac86616030
1260,90,459,cdls,0x5eac86616030
1261,84,378,cdls,0x5eac86616030
1262,117,423,cdls,0x5eac86616030
1263,81,495,cdls,0x5eac86616030
1264,99,453,cdls,0x5eac86616030
1265,42,288,cdls,0x5eac86616030
1266,51,390,cdls,0x5eac86616030
1267,69,273,cdls,0x5eac86616030
1268,66,300,cdls,0x5eac86616030
1269,78,432,cdls,0x5eac86616030
1270,33,243,cdls,0x5eac86616030
1271,66,288,cdls,0x5eac86616030
1272,78,444,cdls,0x5eac86616030
1273,42,240,cdls,0x5eac86616030
1274,72,450,cdls,0x5eac86616030
1275,60,294,cdls,0x5eac86616030
1276,72,354,cdls,0x5eac86616030
1277,108,369,cdls,0x5eac86616030
1278,51,225,cdls,0x5eac86616030
1279,45,177,cdls,0x5eac86616030
1280,33,243,cdls,0x5eac86616030
1281,36,246,cdls,0x5eac86616030
1282,33,120,cdls,0x5eac86616030
1283,36,258,cdls,0x5eac86616030
1284,45,195,cdls,0x5eac86616030
1285,30,204,cdls,0x5eac86616030
1286,54,324,cdls,0x5eac86616030
1287,33,207,cdls,0x5eac86616030
1288,39,237,cdls,0x5eac86616030
1289,69,411,cdls,0x5eac86616030
1290,33,231,cdls,0x5eac86616030
1291,57,495,cdls,0x5eac86616030
1292,45,279,cdls,0x5eac86616030
1293,75,357,cdls,0x5eac86616030
1294,30,201,cdls,0x5eac86616030
1295,90,528,cdls,0x5eac86616030
1296,123,357,cdls,0x5eac86616030
1297,45,195,cdls,0x5eac86616030
1298,66,276,cdls,0x5eac86616030
1299,63,285,cdls,0x5eac86616030
1300,72,342,cdls,0x5eac86616030
1301,66,252,cdls,0x5eac86616030
1302,57,225,cdls,0x5eac86616030
1303,21,183,cdls,0x5eac86616030
1304,81,291,cdls,0x5eac86616030
1305,129,309,cdls,0x5eac86616030
1306,72,198,cdls,0x5eac86616030
1307,66,189,cdls,0x5eac86616030
1308,84,315,cdls,0x5eac86616030
1309,48,246,cdls,0x5eac86616030
1310,42,264,cdls,0x5eac86616030
1311,87,357,cdls,0x5eac86616030
1312,51,165,cdls,0x5eac86616030
1313,48,255,cdls,0x5eac86616030
1314,42,189,cdls,0x5eac86616030
1315,75,381,cdls,0x5eac86616030
1316,42,288,cdls,0x5eac86616030
1317,36,306,cdls,0x5eac86616030
1318,81,435,cdls,0x5eac86616030
1319,87,369,cdls,0x5eac86616030
1320,87,357,cdls,0x5eac86616030
1321,111,396,cdls,0x5eac86616030
1322,72,426,cdls,0x5eac86616030
1323,75,333,cdls,0x5eac86616030
1324,126,339,cdls,0x5eac86616030
1325,120,486,cdls,0x5eac86616030
1326,111,429,cdls,0x5eac86616030
1327,24,144,cdls,0x5eac86616030
1328,42,300,cdls,0x5eac86616030
1329,93,330,cdls,0x5eac86616030
1330,48,198,cdls,0x5eac86616030
1331,48,135,cdls,0x5eac86616030
1332,48,180,cdls,0x5eac86616030
1333,45,132,cdls,0x5eac86616030
1334,114,297,cdls,0x5eac86616030
1335,39,228,cdls,0x5eac86616030
1336,57,228,cdls,0x5eac86616030
1337,84,345,cdls,0x5eac86616030
1338,45,207,cdls,0x5eac86616030
1339,69,243,cdls,0x5eac86616030
1340,48,195,cdls,0x5eac86616030
1341,51,255,cdls,0x5eac86616030
1342,54,252,cdls,0x5eac86616030
1343,69,471,cdls,0x5eac86616030
1344,93,375,cdls,0x5eac86616030
1345,24,162,cdls,0x5eac86616030
1346,36,210,cdls,0x5eac86616030
1347,18,144,cdls,0x5eac86616030
1348,81,363,cdls,0x5eac86616030
1349,90,396,cdls,0x5eac86616030
1350,30,336,cdls,0x5eac86616030
1351,42,543,cdls,0x5eac86616030
1352,27,189,cdls,0x5eac86616030
1353,33,207,cdls,0x5eac86616030
1354,39,249,cdls,0x5eac86616030
1355,63,369,cdls,0x5eac86616030
1356,60,276,cdls,0x5eac86616030
1357,30,216,cdls,0x5eac86616030
1358,48,294,cdls,0x5eac86616030
1359,51,225,cdls,0x5eac86616030
1360,60,222,cdls,0x5eac86616030
1361,84,390,cdls,0x5eac86616030
1362,81,363,cdls,0x5eac86616030
1363,96,273,cdls,0x5eac86616030
1364,60,213,cdls,0x5eac86616030
1365,90,300,cdls,0x5eac86616030
1366,63,237,cdls,0x5eac86616030
1367,84,291,cdls,0x5eac86616030
1368,69,237,cdls,0x5eac86616030
1369,63,441,cdls,0x5eac86616030
1370,69,291,cdls,0x5eac86616030
1371,66,324,cdls,0x5eac86616030
1372,57,312,cdls,0x5eac86616030
1373,24,186,cdls,0x5eac86616030
1374,60,258,cdls,0x5eac86616030
1375,57,255,cdls,0x5eac86616030
1376,57,180,cdls,0x5eac86616030
1377,63,243,cdls,0x5eac86616030
1378,24,186,cdls,0x5eac86616030
1379,48,270,cdls,0x5eac86616030
1380,87,393,cdls,0x5eac86616030
1381,12,126,cdls,0x5eac86616030
1382,81,387,cdls,0x5eac86616030
1383,45,207,cdls,0x5eac86616030
1384,78,324,cdls,0x5eac86616030
1385,54,408,cdls,0x5eac86616030
1386,42,576,cdls,0x5eac86616030
1387,81,285,cdls,0x5eac86616030
1388,42,261,cdls,0x5eac86616030
1389,33,204,cdls,0x5eac86616030
1390,54,288,cdls,0x5eac86616030
1391,48,270,cdls,0x5eac86616030
1392,51,189,cdls,0x5eac86616030
1393,60,270,cdls,0x5eac86616030
1394,24,222,cdls,0x5eac86616030
1395,36,174,cdls,0x5eac86616030
1396,45,168,cdls,0x5eac86616030
1397,24,153,cdls,0x5eac86616030
1398,69,279,cdls,0x5eac86616030
1399,75,282,cdls,0x5eac86616030
1400,78,423,cdls,0x5eac86616030
1401,60,219,cdls,0x5eac86616030
1402,66,294,cdls,0x5eac86616030
1403,78,360,cdls,0x5eac86616030
1404,39,177,cdls,0x5eac86616030
1405,45,195,cdls,0x5eac86616030
1406,63,240,cdls,0x5eac86616030
1407,48,183,cdls,0x5eac86616030
1408,45,132,cdls,0x5eac86616030
1409,63,249,cdls,0x5eac86616030
1410,45,180,cdls,0x5eac86616030
1411,69,267,cdls,0x5eac86616030
1412,54,207,cdls,0x5eac86616030
1413,51,237,cdls,0x5eac86616030
1414,42,165,cdls,0x5eac86616030
1415,57,255,cdls,0x5eac86616030
1416,57,144,cdls,0x5eac86616030
1417,117,351,cdls,0x5eac86616030
1418,60,318,cdls,0x5eac86616030
1419,96,426,cdls,0x5eac86616030
1420,45,207,cdls,0x5eac86616030
1421,36,138,cdls,0x5eac86616030
1422,48,198,cdls,0x5eac86616030
1423,33,207,cdls,0x5eac86616030
1424,57,351,cdls,0x5eac86616030
1425,45,180,cdls,0x5eac86616030
1426,39,144,cdls,0x5eac86616030
1427,24,174,cdls,0x5eac86616030
1428,54,240,cdls,0x5eac86616030
1429,66,420,cdls,0x5eac86616030
1430,27,213,cdls,0x5eac86616030
1431,132,399,cdls,0x5eac86616030
1432,72,294,cdls,0x5eac86616030
1433,42,165,cdls,0x5eac86616030
1434,18,123,cdls,0x5eac86616030
1435,18,156,cdls,0x5eac86616030
1436,30,192,cdls,0x5eac86616030
1437,39,156,cdls,0x5eac86616030
1438,30,120,cdls,0x5eac86616030
1439,51,225,cdls,0x5eac86616030
1440,39,216,cdls,0x5eac86616030
1441,42,276,cdls,0x5eac86616030
1442,102,402,cdls,0x5eac86616030
1443,30,171,cdls,0x5eac86616030
1444,45,228,cdls,0x5eac86616030
1445,84,249,cdls,0x5eac86616030
1446,39,237,cdls,0x5eac86616030
1447,75,252,cdls,0x5eac86616030
1448,39,210,cdls,0x5eac86616030
1449,102,408,cdls,0x5eac86616030
1450,78,360,cdls,0x5eac86616030
1451,72,294,cdls,0x5eac86616030
1452,39,207,cdls,0x5eac86616030
1453,51,192,cdls,0x5eac86616030
1454,57,243,cdls,0x5eac86616030
1455,36,144,cdls,0x5eac86616030
1456,99,330,cdls,0x5eac86616030
1457,42,180,cdls,0x5eac86616030
1458,102,390,cdls,0x5eac86616030
1459,57,267,cdls,0x5eac86616030
1460,42,180,cdls,0x5eac86616030
1461,57,267,cdls,0x5eac86616030
1462,48,201,cdls,0x5eac86616030
1463,45,156,cdls,0x5eac86616030
1464,72,201,cdls,0x5eac86616030
1465,75,249,cdls,0x5eac86616030
1466,57,228,cdls,0x5eac86616030
1467,33,135,cdls,0x5eac86616030
1468,45,228,cdls,0x5eac86616030
1469,42,180,cdls,0x5eac86616030
1470,48,168,cdls,0x5eac86616030
1471,39,141,cdls,0x5eac86616030
1472,42,168,cdls,0x5eac86616030
1473,51,225,cdls,0x5eac86616030
1474,51,252,cdls,0x5eac86616030
1475,66,312,cdls,0x5eac86616030
1476,93,387,cdls,0x5eac86616030
1477,54,153,cdls,0x5eac86616030
1478,90,294,cdls,0x5eac86616030
1479,66,345,cdls,0x5eac86616030
1480,57,147,cdls,0x5eac86616030
1481,84,360,cdls,0x5eac86616030
1482,78,261,cdls,0x5eac86616030
1483,96,315,cdls,0x5eac86616030
1484,102,357,cdls,0x5eac86616030
1485,60,183,cdls,0x5eac86616030
1486,51,201,cdls,0x5eac86616030
1487,39,225,cdls,0x5eac86616030
1488,96,426,cdls,0x5eac86616030
1489,150,468,cdls,0x5eac86616030
1490,39,189,cdls,0x5eac86616030
1491,48,195,cdls,0x5eac86616030
1492,21,171,cdls,0x5eac86616030
1493,33,231,cdls,0x5eac86616030
1494,87,276,cdls,0x5eac86616030
1495,42,165,cdls,0x5eac86616030
1496,108,336,cdls,0x5eac86616030
1497,48,174,cdls,0x5eac86616030
1498,75,309,cdls,0x5eac86616030
1499,33,186,cdls,0x5eac86616030
1500,39,141,cdls,0x5eac86616030
1501,60,222,cdls,0x5eac86616030
1502,96,300,cdls,0x5eac86616030
1503,63,231,cdls,0x5eac86616030
1504,33,126,cdls,0x5eac86616030
1505,36,138,cdls,0x5eac86616030
1506,24,81,cdls,0x5eac86616030
1507,75,282,cdls,0x5eac86616030
1508,57,225,cdls,0x5eac86616030
1509,51,276,cdls,0x5eac86616030
1510,78,312,cdls,0x5eac86616030
1511,81,285,cdls,0x5eac86616030
1512,75,315,cdls,0x5eac86616030
1513,66,288,cdls,0x5eac86616030
1514,30,111,cdls,0x5eac86616030
1515,45,195,cdls,0x5eac86616030
1516,48,222,cdls,0x5eac86616030
1517,48,198,cdls,0x5eac86616030
1518,21,171,cdls,0x5eac86616030
1519,69,303,cdls,0x5eac86616030
1520,72,342,cdls,0x5eac86616030
1521,111,519,cdls,0x5eac86616030
1522,114,318,cdls,0x5eac86616030
1523,84,264,cdls,0x5eac86616030
1524,39,144,cdls,0x5eac86616030
1525,33,135,cdls,0x5eac86616030
1526,69,225,cdls,0x5eac86616030
1527,54,207,cdls,0x5eac86616030
1528,48,195,cdls,0x5eac86616030
1529,54,240,cdls,0x5eac86616030
1530,75,381,cdls,0x5eac86616030
1531,75,240,cdls,0x5eac86616030
1532,45,177,cdls,0x5eac86616030
1533,57,216,cdls,0x5eac86616030
1534,54,348,cdls,0x5eac86616030
1535,87,315,cdls,0x5eac86616030
1536,30,228,cdls,0x5eac86616030
1537,42,288,cdls,0x5eac86616030
1538,51,309,cdls,0x5eac86616030
1539,51,321,cdls,0x5eac86616030
1540,93,387,cdls,0x5eac86616030
1541,69,303,cdls,0x5eac86616030
1542,39,165,cdls,0x5eac86616030
1543,78,468,cdls,0x5eac86616030
1544,42,180,cdls,0x5eac86616030
1545,54,213,cdls,0x5eac86616030
1546,60,219,cdls,0x5eac86616030
1547,54,228,cdls,0x5eac86616030
1548,48,177,cdls,0x5eac86616030
1549,42,171,cdls,0x5eac86616030
1550,48,198,cdls,0x5eac86616030
1551,108,294,cdls,0x5eac86616030
1552,45,168,cdls,0x5eac86616030
1553,33,129,cdls,0x5eac86616030
1554,72,219,cdls,0x5eac86616030
1555,48,270,cdls,0x5eac86616030
1556,93,345,cdls,0x5eac86616030
1557,75,309,cdls,0x5eac86616030
1558,30,228,cdls,0x5eac86616030
1559,66,186,cdls,0x5eac86616030
1560,57,180,cdls,0x5eac86616030
1561,45,195,cdls,0x5eac86616030
1562,81,285,cdls,0x5eac86616030
1563,36,246,cdls,0x5eac86616030
1564,84,276,cdls,0x5eac86616030
1565,51,267,cdls,0x5eac86616030
1566,63,345,cdls,0x5eac86616030
1567,87,357,cdls,0x5eac86616030
1568,111,417,cdls,0x5eac86616030
1569,33,99,cdls,0x5eac86616030
1570,42,150,cdls,0x5eac86616030
1571,42,180,cdls,0x5eac86616030
1572,51,264,cdls,0x5eac86616030
1573,42,162,cdls,0x5eac86616030
1574,54,216,cdls,0x5eac86616030
1575,69,240,cdls,0x5eac86616030
1576,66,297,cdls,0x5eac86616030
1577,60,342,cdls,0x5eac86616030
1578,48,276,cdls,0x5eac86616030
1579,36,390,cdls,0x5eac86616030
1580,27,96,cdls,0x5eac86616030
1581,39,204,cdls,0x5eac86616030
1582,39,150,cdls,0x5eac86616030
1583,72,414,cdls,0x5eac86616030
1584,51,189,cdls,0x5eac86616030
1585,54,216,cdls,0x5eac86616030
1586,42,180,cdls,0x5eac86616030
1587,39,285,cdls,0x5eac86616030
1588,30,240,cdls,0x5eac86616030
1589,81,279,cdls,0x5eac86616030
1590,57,354,cdls,0x5eac86616030
1591,39,153,cdls,0x5eac86616030
1592,69,267,cdls,0x5eac86616030
1593,33,111,cdls,0x5eac86616030
1594,63,273,cdls,0x5eac86616030
1595,78,282,cdls,0x5eac86616030
1596,78,339,cdls,0x5eac86616030
1597,42,192,cdls,0x5eac86616030
1598,51,309,cdls,0x5eac86616030
1599,105,291,cdls,0x5eac86616030
1600,84,354,cdls,0x5eac86616030
1601,15,108,cdls,0x5eac86616030
1602,33,207,cdls,0x5eac86616030
1603,72,426,cdls,0x5eac86616030
1604,51,216,cdls,0x5eac86616030
1605,87,321,cdls,0x5eac86616030
1606,93,399,cdls,0x5eac86616030
1607,45,207,cdls,0x5eac86616030
1608,54,240,cdls,0x5eac86616030
1609,51,213,cdls,0x5eac86616030
1610,93,351,cdls,0x5eac86616030
1611,60,258,cdls,0x5eac86616030
1612,48,210,cdls,0x5eac86616030
1613,36,174,cdls,0x5eac86616030
1614,72,402,cdls,0x5eac86616030
1615,54,240,cdls,0x5eac86616030
1616,36,150,cdls,0x5eac86616030
1617,72,330,cdls,0x5eac86616030
1618,27,117,cdls,0x5eac86616030
1619,54,204,cdls,0x5eac86616030
1620,45,171,cdls,0x5eac86616030
1621,39,150,cdls,0x5eac86616030
1622,45,195,cdls,0x5eac86616030
1623,51,213,cdls,0x5eac86616030
1624,45,183,cdls,0x5eac86616030
1625,54,309,cdls,0x5eac86616030
1626,96,312,cdls,0x5eac86616030
1627,57,327,cdls,0x5eac86616030
1628,66,219,cdls,0x5eac86616030
1629,87,381,cdls,0x5eac86616030
1630,36,246,cdls,0x5eac86616030
1631,84,282,cdls,0x5eac86616030
1632,42,264,cdls,0x5eac86616030
1633,57,243,cdls,0x5eac86616030
1634,36,138,cdls,0x5eac86616030
1635,72,231,cdls,0x5eac86616030
1636,87,255,cdls,0x5eac86616030
1637,51,213,cdls,0x5eac86616030
1638,63,201,cdls,0x5eac86616030
1639,30,186,cdls,0x5eac86616030
1640,60,246,cdls,0x5eac86616030
1641,60,246,cdls,0x5eac86616030
1642,75,285,cdls,0x5eac86616030
1643,30,216,cdls,0x5eac86616030
1644,63,285,cdls,0x5eac86616030
1645,30,120,cdls,0x5eac86616030
1646,63,465,cdls,0x5eac86616030
1647,90,399,cdls,0x5eac86616030
1648,108,534,cdls,0x5eac86616030
1649,57,234,cdls,0x5eac86616030
1650,39,261,cdls,0x5eac86616030
1651,63,249,cdls,0x5eac86616030
1652,54,228,cdls,0x5eac86616030
1653,84,306,cdls,0x5eac86616030
1654,33,135,cdls,0x5eac86616030
1655,63,225,cdls,0x5eac86616030
1656,117,318,cdls,0x5eac86616030
1657,42,252,cdls,0x5eac86616030
1658,33,243,cdls,0x5eac86616030
1659,54,240,cdls,0x5eac86616030
1660,111,366,cdls,0x5eac86616030
1661,33,198,cdls,0x5eac86616030
1662,39,159,cdls,0x5eac86616030
1663,42,180,cdls,0x5eac86616030
1664,30,204,cdls,0x5eac86616030
1665,84,342,cdls,0x5eac86616030
1666,90,324,cdls,0x5eac86616030
1667,93,315,cdls,0x5eac86616030
1668,39,228,cdls,0x5eac86616030
1669,48,195,cdls,0x5eac86616030
1670,30,216,cdls,0x5eac86616030
1671,57,396,cdls,0x5eac86616030
1672,21,147,cdls,0x5eac86616030
1673,87,309,cdls,0x5eac86616030
1674,60,342,cdls,0x5eac86616030
1675,63,249,cdls,0x5eac86616030
1676,87,267,cdls,0x5eac86616030
1677,105,300,cdls,0x5eac86616030
1678,24,153,cdls,0x5eac86616030
1679,63,255,cdls,0x5eac86616030
1680,33,219,cdls,0x5eac86616030
1681,54,156,cdls,0x5eac86616030
1682,48,210,cdls,0x5eac86616030
1683,42,276,cdls,0x5eac86616030
1684,69,291,cdls,0x5eac86616030
1685,45,267,cdls,0x5eac86616030
1686,27,201,cdls,0x5eac86616030
1687,60,282,cdls,0x5eac86616030
1688,36,168,cdls,0x5eac86616030
1689,84,300,cdls,0x5eac86616030
1690,81,264,cdls,0x5eac86616030
1691,33,198,cdls,0x5eac86616030
1692,57,168,cdls,0x5eac86616030
1693,93,441,cdls,0x5eac86616030
1694,51,321,cdls,0x5eac86616030
1695,102,324,cdls,0x5eac86616030
1696,57,189,cdls,0x5eac86616030
1697,42,171,cdls,0x5eac86616030
1698,90,240,cdls,0x5eac86616030
1699,39,249,cdls,0x5eac86616030
1700,27,201,cdls,0x5eac86616030
1701,84,348,cdls,0x5eac86616030
1702,96,261,cdls,0x5eac86616030
1703,75,330,cdls,0x5eac86616030
1704,39,249,cdls,0x5eac86616030
1705,72,222,cdls,0x5eac86616030
1706,60,303,cdls,0x5eac86616030
1707,30,204,cdls,0x5eac86616030
1708,54,348,cdls,0x5eac86616030
1709,66,195,cdls,0x5eac86616030
1710,60,306,cdls,0x5eac86616030
1711,30,204,cdls,0x5eac86616030
1712,57,204,cdls,0x5eac86616030
1713,54,210,cdls,0x5eac86616030
1714,42,213,cdls,0x5eac86616030
1715,24,114,cdls,0x5eac86616030
1716,90,384,cdls,0x5eac86616030
1717,51,213,cdls,0x5eac86616030
1718,36,138,cdls,0x5eac86616030
1719,24,114,cdls,0x5eac86616030
1720,105,303,cdls,0x5eac86616030
1721,57,177,cdls,0x5eac86616030
1722,75,285,cdls,0x5eac86616030
1723,66,228,cdls,0x5eac86616030
1724,84,342,cdls,0x5eac86616030
1725,105,387,cdls,0x5eac86616030
1726,84,462,cdls,0x5eac86616030
1727,174,477,cdls,0x5eac86616030
1728,66,360,cdls,0x5eac86616030
1729,63,477,cdls,0x5eac86616030
1730,114,378,cdls,0x5eac86616030
1731,93,426,cdls,0x5eac86616030
1732,78,402,cdls,0x5eac86616030
1733,60,441,cdls,0x5eac86616030
1734,69,303,cdls,0x5eac86616030
1735,78,396,cdls,0x5eac86616030
1736,45,399,cdls,0x5eac86616030
1737,111,441,cdls,0x5eac86616030
1738,66,336,cdls,0x5eac86616030
1739,27,153,cdls,0x5eac86616030
1740,36,246,cdls,0x5eac86616030
1741,33,114,cdls,0x5eac86616030
1742,60,258,cdls,0x5eac86616030
1743,36,222,cdls,0x5eac86616030
1744,27,189,cdls,0x5eac86616030
1745,18,180,cdls,0x5eac86616030
1746,96,336,cdls,0x5eac86616030
1747,30,204,cdls,0x5eac86616030
1748,93,369,cdls,0x5eac86616030
1749,54,312,cdls,0x5eac86616030
1750,33,201,cdls,0x5eac86616030
1751,54,516,cdls,0x5eac86616030
1752,108,366,cdls,0x5eac86616030
1753,21,159,cdls,0x5eac86616030
1754,87,297,cdls,0x5eac86616030
1755,51,297,cdls,0x5eac86616030
1756,63,285,cdls,0x5eac86616030
1757,63,609,cdls,0x5eac86616030
1758,57,555,cdls,0x5eac86616030
1759,96,336,cdls,0x5eac86616030
1760,66,288,cdls,0x5eac86616030
1761,69,462,cdls,0x5eac86616030
1762,96,243,cdls,0x5eac86616030
1763,57,222,cdls,0x5eac86616030
1764,42,204,cdls,0x5eac86616030
1765,39,429,cdls,0x5eac86616030
1766,63,489,cdls,0x5eac86616030
1767,90,324,cdls,0x5eac86616030
1768,60,270,cdls,0x5eac86616030
1769,60,342,cdls,0x5eac86616030
1770,69,303,cdls,0x5eac86616030
1771,57,543,cdls,0x5eac86616030
1772,75,381,cdls,0x5eac86616030
1773,111,489,cdls,0x5eac86616030
1774,69,579,cdls,0x5eac86616030
1775,39,144,cdls,0x5eac86616030
1776,66,189,cdls,0x5eac86616030
1777,39,159,cdls,0x5eac86616030
1778,48,210,cdls,0x5eac86616030
1779,90,276,cdls,0x5eac86616030
1780,36,150,cdls,0x5eac86616030
1781,57,255,cdls,0x5eac86616030
1782,33,195,cdls,0x5eac86616030
1783,81,255,cdls,0x5eac86616030
1784,54,312,cdls,0x5eac86616030
1785,36,246,cdls,0x5eac86616030
1786,39,285,cdls,0x5eac86616030
1787,96,462,cdls,0x5eac86616030
1788,108,450,cdls,0x5eac86616030
1789,24,186,cdls,0x5eac86616030
1790,96,402,cdls,0x5eac86616030
1791,90,384,cdls,0x5eac86616030
1792,45,423,cdls,0x5eac86616030
1793,75,381,cdls,0x5eac86616030
1794,21,183,cdls,0x5eac86616030
1795,18,156,cdls,0x5eac86616030
1796,54,240,cdls,0x5eac86616030
1797,69,315,cdls,0x5eac86616030
1798,39,261,cdls,0x5eac86616030
1799,39,261,cdls,0x5eac86616030
1800,51,333,cdls,0x5eac86616030
1801,24,354,cdls,0x5eac86616030
1802,75,465,cdls,0x5eac86616030
1803,57,459,cdls,0x5eac86616030
1804,63,273,cdls,0x5eac86616030
1805,39,153,cdls,0x5eac86616030
1806,33,123,cdls,0x5eac86616030
1807,51,225,cdls,0x5eac86616030
1808,51,204,cdls,0x5eac86616030
1809,36,246,cdls,0x5eac86616030
1810,36,246,cdls,0x5eac86616030
1811,69,303,cdls,0x5eac86616030
1812,117,459,cdls,0x5eac86616030
1813,69,201,cdls,0x5eac86616030
1814,39,261,cdls,0x5eac86616030
1815,78,360,cdls,0x5eac86616030
1816,24,162,cdls,0x5eac86616030
1817,24,198,cdls,0x5eac86616030
1818,30,204,cdls,0x5eac86616030
1819,78,504,cdls,0x5eac86616030
1820,30,108,cdls,0x5eac86616030
1821,48,210,cdls,0x5eac86616030
1822,36,246,cdls,0x5eac86616030
1823,48,306,cdls,0x5eac86616030
1824,27,189,cdls,0x5eac86616030
1825,54,348,cdls,0x5eac86616030
1826,75,333,cdls,0x5eac86616030
1827,27,177,cdls,0x5eac86616030
1828,45,279,cdls,0x5eac86616030
1829,69,507,cdls,0x5eac86616030
1830,42,180,cdls,0x5eac86616030
1831,54,252,cdls,0x5eac86616030
1832,24,174,cdls,0x5eac86616030
1833,39,393,cdls,0x5eac86616030
1834,45,291,cdls,0x5eac86616030
1835,114,480,cdls,0x5eac86616030
1836,36,246,cdls,0x5eac86616030
1837,24,210,cdls,0x5eac86616030
1838,24,198,cdls,0x5eac86616030
1839,48,294,cdls,0x5eac86616030
1840,42,240,cdls,0x5eac86616030
1841,81,339,cdls,0x5eac86616030
1842,21,171,cdls,0x5eac86616030
1843,27,225,cdls,0x5eac86616030
1844,36,246,cdls,0x5eac86616030
1845,48,210,cdls,0x5eac86616030
1846,72,330,cdls,0x5eac86616030
1847,54,300,cdls,0x5eac86616030
1848,75,333,cdls,0x5eac86616030
1849,84,414,cdls,0x5eac86616030
1850,45,195,cdls,0x5eac86616030
1851,72,228,cdls,0x5eac86616030
1852,24,174,cdls,0x5eac86616030
1853,18,144,cdls,0x5eac86616030
1854,27,189,cdls,0x5eac86616030
1855,75,381,cdls,0x5eac86616030
1856,57,216,cdls,0x5eac86616030
1857,75,345,cdls,0x5eac86616030
1858,45,291,cdls,0x5eac86616030
1859,39,237,cdls,0x5eac86616030
1860,66,321,cdls,0x5eac86616030
1861,81,330,cdls,0x5eac86616030
1862,30,216,cdls,0x5eac86616030
1863,21,171,cdls,0x5eac86616030
1864,45,195,cdls,0x5eac86616030
1865,39,141,cdls,0x5eac86616030
1866,63,285,cdls,0x5eac86616030
1867,33,219,cdls,0x5eac86616030
1868,45,195,cdls,0x5eac86616030
1869,30,192,cdls,0x5eac86616030
1870,39,273,cdls,0x5eac86616030
1871,54,288,cdls,0x5eac86616030
1872,69,291,cdls,0x5eac86616030
1873,36,222,cdls,0x5eac86616030
1874,48,294,cdls,0x5eac86616030
1875,87,333,cdls,0x5eac86616030
1876,45,279,cdls,0x5eac86616030
1877,51,225,cdls,0x5eac86616030
1878,66,201,cdls,0x5eac86616030
1879,69,291,cdls,0x5eac86616030
1880,78,309,cdls,0x5eac86616030
1881,54,183,cdls,0x5eac86616030
1882,66,201,cdls,0x5eac86616030
1883,60,165,cdls,0x5eac86616030
1884,33,150,cdls,0x5eac86616030
1885,54,210,cdls,0x5eac86616030
1886,81,270,cdls,0x5eac86616030
1887,33,123,cdls,0x5eac86616030
1888,51,237,cdls,0x5eac86616030
1889,42,252,cdls,0x5eac86616030
1890,48,306,cdls,0x5eac86616030
1891,48,246,cdls,0x5eac86616030
1892,57,243,cdls,0x5eac86616030
1893,39,162,cdls,0x5eac86616030
1894,33,126,cdls,0x5eac86616030
1895,51,213,cdls,0x5eac86616030
1896,51,249,cdls,0x5eac86616030
1897,48,318,cdls,0x5eac86616030
1898,81,252,cdls,0x5eac86616030
1899,63,285,cdls,0x5eac86616030
1900,93,387,cdls,0x5eac86616030
1901,72,300,cdls,0x5eac86616030
1902,63,285,cdls,0x5eac86616030
1903,51,138,cdls,0x5eac86616030
1904,36,150,cdls,0x5eac86616030
1905,45,174,cdls,0x5eac86616030
1906,42,264,cdls,0x5eac86616030
1907,48,306,cdls,0x5eac86616030
1908,24,174,cdls,0x5eac86616030
1909,33,126,cdls,0x5eac86616030
1910,60,249,cdls,0x5eac86616030
1911,30,216,cdls,0x5eac86616030
1912,27,201,cdls,0x5eac86616030
1913,27,213,cdls,0x5eac86616030
1914,69,327,cdls,0x5eac86616030
1915,36,234,cdls,0x5eac86616030
1916,33,135,cdls,0x5eac86616030
1917,30,192,cdls,0x5eac86616030
1918,33,219,cdls,0x5eac86616030
1919,63,213,cdls,0x5eac86616030
1920,72,318,cdls,0x5eac86616030
1921,24,78,cdls,0x5eac86616030
1922,36,129,cdls,0x5eac86616030
1923,33,147,cdls,0x5eac86616030
1924,39,201,cdls,0x5eac86616030
1925,87,231,cdls,0x5eac86616030
1926,72,312,cdls,0x5eac86616030
1927,75,366,cdls,0x5eac86616030
1928,57,303,cdls,0x5eac86616030
1929,54,348,cdls,0x5eac86616030
1930,39,162,cdls,0x5eac86616030
1931,27,162,cdls,0x5eac86616030
1932,111,303,cdls,0x5eac86616030
1933,45,195,cdls,0x5eac86616030
1934,45,246,cdls,0x5eac86616030
1935,39,150,cdls,0x5eac86616030
1936,36,213,cdls,0x5eac86616030
1937,51,213,cdls,0x5eac86616030
1938,33,111,cdls,0x5eac86616030
1939,36,132,cdls,0x5eac86616030
1940,72,276,cdls,0x5eac86616030
1941,39,240,cdls,0x5eac86616030
1942,81,375,cdls,0x5eac86616030
1943,87,381,cdls,0x5eac86616030
1944,33,231,cdls,0x5eac86616030
1945,45,279,cdls,0x5eac86616030
1946,60,474,cdls,0x5eac86616030
1947,75,417,cdls,0x5eac86616030
1948,96,321,cdls,0x5eac86616030
1949,99,453,cdls,0x5eac86616030
1950,30,186,cdls,0x5eac86616030
1951,90,366,cdls,0x5eac86616030
1952,84,291,cdls,0x5eac86616030
1953,24,81,cdls,0x5eac86616030
1954,81,279,cdls,0x5eac86616030
1955,75,243,cdls,0x5eac86616030
1956,81,279,cdls,0x5eac86616030
1957,48,186,cdls,0x5eac86616030
1958,69,213,cdls,0x5eac86616030
1959,66,198,cdls,0x5eac86616030
1960,51,243,cdls,0x5eac86616030
1961,102,396,cdls,0x5eac86616030
1962,84,426,cdls,0x5eac86616030
1963,36,186,cdls,0x5eac86616030
1964,96,264,cdls,0x5eac86616030
1965,39,180,cdls,0x5eac86616030
1966,72,372,cdls,0x5eac86616030
1967,75,357,cdls,0x5eac86616030
1968,48,306,cdls,0x5eac86616030
1969,42,252,cdls,0x5eac86616030
1970,27,177,cdls,0x5eac86616030
1971,24,174,cdls,0x5eac86616030
1972,102,420,cdls,0x5eac86616030
1973,45,195,cdls,0x5eac86616030
1974,45,195,cdls,0x5eac86616030
1975,57,363,cdls,0x5eac86616030
1976,33,231,cdls,0x5eac86616030
1977,27,201,cdls,0x5eac86616030
1978,36,222,cdls,0x5eac86616030
1979,90,252,cdls,0x5eac86616030
1980,39,243,cdls,0x5eac86616030
1981,39,141,cdls,0x5eac86616030
1982,27,96,cdls,0x5eac86616030
1983,57,153,cdls,0x5eac86616030
1984,27,189,cdls,0x5eac86616030
1985,18,156,cdls,0x5eac86616030
1986,66,300,cdls,0x5eac86616030
1987,21,159,cdls,0x5eac86616030
1988,21,183,cdls,0x5eac86616030
1989,21,171,cdls,0x5eac86616030
1990,51,309,cdls,0x5eac86616030
1991,69,363,cdls,0x5eac86616030
1992,66,372,cdls,0x5eac86616030
1993,27,201,cdls,0x5eac86616030
1994,27,213,cdls,0x5eac86616030
1995,48,198,cdls,0x5eac86616030
1996,45,153,cdls,0x5eac86616030
1997,51,135,cdls,0x5eac86616030
1998,60,165,cdls,0x5eac86616030
1999,39,174,cdls,0x5eac86616030
2000,45,270,cdls,0x5eac86616030
2001,60,231,cdls,0x5eac86616030
2002,30,240,cdls,0x5eac86616030
2003,27,159,cdls,0x5eac86616030
2004,72,381,cdls,0x5eac86616030
2005,87,405,cdls,0x5eac86616030
2006,84,534,cdls,0x5eac86616030
2007,84,372,cdls,0x5eac86616030
2008,27,183,cdls,0x5eac86616030
2009,66,219,cdls,0x5eac86616030
2010,48,231,cdls,0x5eac86616030
2011,45,195,cdls,0x5eac86616030
2012,69,303,cdls,0x5eac86616030
2013,30,216,cdls,0x5eac86616030
2014,24,186,cdls,0x5eac86616030
2015,84,354,cdls,0x5eac86616030
2016,48,294,cdls,0x5eac86616030
2017,42,162,cdls,0x5eac86616030
2018,69,204,cdls,0x5eac86616030
2019,75,291,cdls,0x5eac86616030
2020,60,342,cdls,0x5eac86616030
2021,57,168,cdls,0x5eac86616030
2022,33,375,cdls,0x5eac86616030
2023,45,291,cdls,0x5eac86616030
2024,72,330,cdls,0x5eac86616030
2025,84,390,cdls,0x5eac86616030
2026,72,273,cdls,0x5eac86616030
2027,39,201,cdls,0x5eac86616030
2028,51,297,cdls,0x5eac86616030
2029,21,183,cdls,0x5eac86616030
2030,57,351,cdls,0x5eac86616030
2031,57,339,cdls,0x5eac86616030
2032,48,210,cdls,0x5eac86616030
2033,45,267,cdls,0x5eac86616030
2034,42,264,cdls,0x5eac86616030
2035,33,207,cdls,0x5eac86616030
2036,30,216,cdls,0x5eac86616030
2037,48,210,cdls,0x5eac86616030
2038,24,210,cdls,0x5eac86616030
2039,105,399,cdls,0x5eac86616030
2040,36,222,cdls,0x5eac86616030
2041,51,192,cdls,0x5eac86616030
2042,84,339,cdls,0x5eac86616030
2043,63,186,cdls,0x5eac86616030
2044,36,222,cdls,0x5eac86616030
2045,39,150,cdls,0x5eac86616030
2046,60,273,cdls,0x5eac86616030
2047,42,252,cdls,0x5eac86616030
2048,60,249,cdls,0x5eac86616030
2049,84,339,cdls,0x5eac86616030
2050,42,276,cdls,0x5eac86616030
2051,66,288,cdls,0x5eac86616030
2052,42,162,cdls,0x5eac86616030
2053,45,255,cdls,0x5eac86616030
2054,30,108,cdls,0x5eac86616030
2055,42,168,cdls,0x5eac86616030
2056,60,270,cdls,0x5eac86616030
2057,60,294,cdls,0x5eac86616030
2058,69,375,cdls,0x5eac86616030
2059,66,300,cdls,0x5eac86616030
2060,69,219,cdls,0x5eac86616030
2061,27,153,cdls,0x5eac86616030
2062,54,216,cdls,0x5eac86616030
2063,42,276,cdls,0x5eac86616030
2064,18,132,cdls,0x5eac86616030
2065,90,528,cdls,0x5eac86616030
2066,66,336,cdls,0x5eac86616030
2067,39,156,cdls,0x5eac86616030
2068,24,186,cdls,0x5eac86616030
2069,42,264,cdls,0x5eac86616030
2070,45,210,cdls,0x5eac86616030
2071,54,219,cdls,0x5eac86616030
2072,24,150,cdls,0x5eac86616030
2073,75,228,cdls,0x5eac86616030
2074,117,315,cdls,0x5eac86616030
2075,90,453,cdls,0x5eac86616030
2076,21,171,cdls,0x5eac86616030
2077,30,192,cdls,0x5eac86616030
2078,93,423,cdls,0x5eac86616030
2079,75,321,cdls,0x5eac86616030
2080,66,288,cdls,0x5eac86616030
2081,51,321,cdls,0x5eac86616030
2082,33,219,cdls,0x5eac86616030
2083,60,231,cdls,0x5eac86616030
2084,57,228,cdls,0x5eac86616030
2085,48,282,cdls,0x5eac86616030
2086,105,276,cdls,0x5eac86616030
2087,45,243,cdls,0x5eac86616030
2088,120,498,cdls,0x5eac86616030
2089,57,243,cdls,0x5eac86616030
2090,57,231,cdls,0x5eac86616030
2091,75,252,cdls,0x5eac86616030
2092,21,171,cdls,0x5eac86616030
2093,51,237,cdls,0x5eac86616030
2094,30,171,cdls,0x5eac86616030
2095,78,225,cdls,0x5eac86616030
2096,147,375,cdls,0x5eac86616030
2097,156,441,cdls,0x5eac86616030
2098,33,219,cdls,0x5eac86616030
2099,51,273,cdls,0x5eac86616030
2100,36,222,cdls,0x5eac86616030
2101,63,285,cdls,0x5eac86616030
2102,105,459,cdls,0x5eac86616030
2103,60,342,cdls,0x5eac86616030
2104,75,453,cdls,0x5eac86616030
2105,75,369,cdls,0x5eac86616030
2106,72,429,cdls,0x5eac86616030
2107,96,438,cdls,0x5eac86616030
2108,105,345,cdls,0x5eac86616030
2109,102,414,cdls,0x5eac86616030
2110,42,276,cdls,0x5eac86616030
2111,78,348,cdls,0x5eac86616030
2112,75,297,cdls,0x5eac86616030
2113,42,252,cdls,0x5eac86616030
2114,42,180,cdls,0x5eac86616030
2115,87,252,cdls,0x5eac86616030
2116,30,204,cdls,0x5eac86616030
2117,78,279,cdls,0x5eac86616030
2118,57,327,cdls,0x5eac86616030
2119,33,219,cdls,0x5eac86616030
2120,54,228,cdls,0x5eac86616030
2121,81,567,cdls,0x5eac86616030
2122,54,444,cdls,0x5eac86616030
2123,78,360,cdls,0x5eac86616030
2124,84,342,cdls,0x5eac86616030
2125,54,240,cdls,0x5eac86616030
2126,48,222,cdls,0x5eac86616030
2127,54,264,cdls,0x5eac86616030
2128,39,261,cdls,0x5eac86616030
2129,66,186,cdls,0x5eac86616030
2130,30,192,cdls,0x5eac86616030
2131,36,204,cdls,0x5eac86616030
2132,33,219,cdls,0x5eac86616030
2133,66,288,cdls,0x5eac86616030
2134,57,231,cdls,0x5eac86616030
2135,90,450,cdls,0x5eac86616030
2136,30,177,cdls,0x5eac86616030
2137,99,309,cdls,0x5eac86616030
2138,45,120,cdls,0x5eac86616030
2139,45,255,cdls,0x5eac86616030
2140,69,315,cdls,0x5eac86616030
2141,30,216,cdls,0x5eac86616030
2142,24,186,cdls,0x5eac86616030
2143,90,273,cdls,0x5eac86616030
2144,21,183,cdls,0x5eac86616030
2145,66,339,cdls,0x5eac86616030
2146,39,237,cdls,0x5eac86616030
2147,60,258,cdls,0x5eac86616030
2148,36,219,cdls,0x5eac86616030
2149,66,213,cdls,0x5eac86616030
2150,51,321,cdls,0x5eac86616030
2151,51,285,cdls,0x5eac86616030
2152,27,105,cdls,0x5eac86616030
2153,33,123,cdls,0x5eac86616030
2154,54,204,cdls,0x5eac86616030
2155,36,108,cdls,0x5eac86616030
2156,96,309,cdls,0x5eac86616030
2157,69,351,cdls,0x5eac86616030
2158,75,309,cdls,0x5eac86616030
2159,33,135,cdls,0x5eac86616030
2160,54,279,cdls,0x5eac86616030
2161,78,237,cdls,0x5eac86616030
2162,45,207,cdls,0x5eac86616030
2163,51,234,cdls,0x5eac86616030
2164,75,333,cdls,0x5eac86616030
2165,27,138,cdls,0x5eac86616030
2166,45,234,cdls,0x5eac86616030
2167,72,243,cdls,0x5eac86616030
2168,33,135,cdls,0x5eac86616030
2169,30,120,cdls,0x5eac86616030
2170,69,315,cdls,0x5eac86616030
2171,24,186,cdls,0x5eac86616030
2172,39,249,cdls,0x5eac86616030
2173,45,156,cdls,0x5eac86616030
2174,87,366,cdls,0x5eac86616030
2175,84,288,cdls,0x5eac86616030
2176,75,294,cdls,0x5eac86616030
2177,48,255,cdls,0x5eac86616030
2178,87,270,cdls,0x5eac86616030
2179,45,255,cdls,0x5eac86616030
2180,111,363,cdls,0x5eac86616030
2181,39,261,cdls,0x5eac86616030
2182,51,336,cdls,0x5eac86616030
2183,57,255,cdls,0x5eac86616030
2184,21,159,cdls,0x5eac86616030
2185,36,234,cdls,0x5eac86616030
2186,39,201,cdls,0x5eac86616030
2187,42,168,cdls,0x5eac86616030
2188,66,189,cdls,0x5eac86616030
2189,81,411,cdls,0x5eac86616030
2190,120,357,cdls,0x5eac86616030
2191,72,318,cdls,0x5eac86616030
2192,69,387,cdls,0x5eac86616030
2193,24,174,cdls,0x5eac86616030
2194,93,411,cdls,0x5eac86616030
2195,42,288,cdls,0x5eac86616030
2196,96,414,cdls,0x5eac86616030
2197,96,390,cdls,0x5eac86616030
2198,51,198,cdls,0x5eac86616030
2199,48,210,cdls,0x5eac86616030
2200,78,366,cdls,0x5eac86616030
2201,48,306,cdls,0x5eac86616030
2202,75,231,cdls,0x5eac86616030
2203,75,219,cdls,0x5eac86616030
2204,99,324,cdls,0x5eac86616030
2205,63,270,cdls,0x5eac86616030
2206,57,228,cdls,0x5eac86616030
2207,87,348,cdls,0x5eac86616030
2208,45,303,cdls,0x5eac86616030
2209,90,396,cdls,0x5eac86616030
2210,27,213,cdls,0x5eac86616030
2211,69,279,cdls,0x5eac86616030
2212,63,285,cdls,0x5eac86616030
2213,21,159,cdls,0x5eac86616030
2214,48,342,cdls,0x5eac86616030
2215,27,201,cdls,0x5eac86616030
2216,75,321,cdls,0x5eac86616030
2217,78,432,cdls,0x5eac86616030
2218,99,429,cdls,0x5eac86616030
2219,42,180,cdls,0x5eac86616030
2220,30,204,cdls,0x5eac86616030
2221,42,240,cdls,0x5eac86616030
2222,48,198,cdls,0x5eac86616030
2223,57,351,cdls,0x5eac86616030
2224,21,207,cdls,0x5eac86616030
2225,78,348,cdls,0x5eac86616030
2226,51,321,cdls,0x5eac86616030
2227,42,264,cdls,0x5eac86616030
2228,48,210,cdls,0x5eac86616030
2229,75,369,cdls,0x5eac86616030
2230,27,177,cdls,0x5eac86616030
2231,57,315,cdls,0x5eac86616030
2232,63,291,cdls,0x5eac86616030
2233,99,273,cdls,0x5eac86616030
2234,90,255,cdls,0x5eac86616030
2235,99,216,cdls,0x5eac86616030
2236,21,159,cdls,0x5eac86616030
2237,54,228,cdls,0x5eac86616030
2238,39,261,cdls,0x5eac86616030
2239,30,186,cdls,0x5eac86616030
2240,33,198,cdls,0x5eac86616030
2241,66,360,cdls,0x5eac86616030
2242,30,120,cdls,0x5eac86616030
2243,27,201,cdls,0x5eac86616030
2244,45,192,cdls,0x5eac86616030
2245,36,141,cdls,0x5eac86616030
2246,36,234,cdls,0x5eac86616030
2247,72,279,cdls,0x5eac86616030
2248,45,207,cdls,0x5eac86616030
2249,42,180,cdls,0x5eac86616030
2250,63,405,cdls,0x5eac86616030
2251,51,204,cdls,0x5eac86616030
2252,66,219,cdls,0x5eac86616030
2253,21,171,cdls,0x5eac86616030
2254,27,213,cdls,0x5eac86616030
2255,108,474,cdls,0x5eac86616030
2256,45,255,cdls,0x5eac86616030
2257,24,174,cdls,0x5eac86616030
2258,75,333,cdls,0x5eac86616030
2259,63,393,cdls,0x5eac86616030
2260,48,318,cdls,0x5eac86616030
2261,33,243,cdls,0x5eac86616030
2262,48,210,cdls,0x5eac86616030
2263,57,267,cdls,0x5eac86616030
2264,60,330,cdls,0x5eac86616030
2265,30,384,cdls,0x5eac86616030
2266,78,372,cdls,0x5eac86616030
2267,27,213,cdls,0x5eac86616030
2268,45,213,cdls,0x5eac86616030
2269,33,231,cdls,0x5eac86616030
2270,72,318,cdls,0x5eac86616030
2271,63,357,cdls,0x5eac86616030
2272,57,174,cdls,0x5eac86616030
2273,39,249,cdls,0x5eac86616030
2274,33,243,cdls,0x5eac86616030
2275,27,189,cdls,0x5eac86616030
2276,24,162,cdls,0x5eac86616030
2277,33,117,cdls,0x5eac86616030
2278,111,402,cdls,0x5eac86616030
2279,93,300,cdls,0x5eac86616030
2280,63,501,cdls,0x5eac86616030
2281,72,414,cdls,0x5eac86616030
2282,54,276,cdls,0x5eac86616030
2283,51,213,cdls,0x5eac86616030
2284,42,246,cdls,0x5eac86616030
2285,42,135,cdls,0x5eac86616030
2286,75,306,cdls,0x5eac86616030
2287,33,213,cdls,0x5eac86616030
2288,69,423,cdls,0x5eac86616030
2289,54,312,cdls,0x5eac86616030
2290,39,261,cdls,0x5eac86616030
2291,24,186,cdls,0x5eac86616030
2292,84,342,cdls,0x5eac86616030
2293,57,282,cdls,0x5eac86616030
2294,48,210,cdls,0x5eac86616030
2295,63,189,cdls,0x5eac86616030
2296,57,213,cdls,0x5eac86616030
2297,27,189,cdls,0x5eac86616030
2298,60,342,cdls,0x5eac86616030
2299,27,189,cdls,0x5eac86616030
2300,75,345,cdls,0x5eac86616030
2301,60,366,cdls,0x5eac86616030
2302,48,378,cdls,0x5eac86616030
2303,63,381,cdls,0x5eac86616030
2304,51,261,cdls,0x5eac86616030
2305,57,207,cdls,0x5eac86616030
2306,48,189,cdls,0x5eac86616030
2307,33,201,cdls,0x5eac86616030
2308,33,195,cdls,0x5eac86616030
2309,66,264,cdls,0x5eac86616030
2310,51,207,cdls,0x5eac86616030
2311,99,363,cdls,0x5eac86616030
2312,72,303,cdls,0x5eac86616030
2313,72,213,cdls,0x5eac86616030
2314,60,216,cdls,0x5eac86616030
2315,54,210,cdls,0x5eac86616030
2316,60,309,cdls,0x5eac86616030
2317,60,324,cdls,0x5eac86616030
2318,72,216,cdls,0x5eac86616030
2319,54,231,cdls,0x5eac86616030
2320,54,312,cdls,0x5eac86616030
2321,36,234,cdls,0x5eac86616030
2322,36,222,cdls,0x5eac86616030
2323,51,309,cdls,0x5eac86616030
2324,48,183,cdls,0x5eac86616030
2325,60,381,cdls,0x5eac86616030
2326,87,393,cdls,0x5eac86616030
2327,75,342,cdls,0x5eac86616030
2328,36,234,cdls,0x5eac86616030
2329,78,396,cdls,0x5eac86616030
2330,36,378,cdls,0x5eac86616030
2331,69,297,cdls,0x5eac86616030
2332,36,129,cdls,0x5eac86616030
2333,87,327,cdls,0x5eac86616030
2334,60,270,cdls,0x5eac86616030
2335,42,234,cdls,0x5eac86616030
2336,24,159,cdls,0x5eac86616030
2337,45,228,cdls,0x5eac86616030
2338,54,165,cdls,0x5eac86616030
2339,63,309,cdls,0x5eac86616030
2340,42,141,cdls,0x5eac86616030
2341,66,222,cdls,0x5eac86616030
2342,27,189,cdls,0x5eac86616030
2343,42,180,cdls,0x5eac86616030
2344,36,246,cdls,0x5eac86616030
2345,60,207,cdls,0x5eac86616030
2346,72,306,cdls,0x5eac86616030
2347,30,135,cdls,0x5eac86616030
2348,54,240,cdls,0x5eac86616030
2349,21,183,cdls,0x5eac86616030
2350,27,201,cdls,0x5eac86616030
2351,57,267,cdls,0x5eac86616030
2352,42,252,cdls,0x5eac86616030
2353,27,201,cdls,0x5eac86616030
2354,51,225,cdls,0x5eac86616030
2355,45,279,cdls,0x5eac86616030
2356,51,297,cdls,0x5eac86616030
2357,66,198,cdls,0x5eac86616030
2358,45,207,cdls,0x5eac86616030
2359,36,132,cdls,0x5eac86616030
2360,75,240,cdls,0x5eac86616030
2361,39,165,cdls,0x5eac86616030
2362,60,219,cdls,0x5eac86616030
2363,69,258,cdls,0x5eac86616030
2364,78,312,cdls,0x5eac86616030
2365,42,171,cdls,0x5eac86616030
2366,54,216,cdls,0x5eac86616030
2367,48,210,cdls,0x5eac86616030
2368,39,243,cdls,0x5eac86616030
2369,78,210,cdls,0x5eac86616030
2370,48,195,cdls,0x5eac86616030
2371,72,255,cdls,0x5eac86616030
2372,45,141,cdls,0x5eac86616030
2373,30,111,cdls,0x5eac86616030
2374,27,93,cdls,0x5eac86616030
2375,51,225,cdls,0x5eac86616030
2376,63,246,cdls,0x5eac86616030
2377,54,198,cdls,0x5eac86616030
2378,45,162,cdls,0x5eac86616030
2379,72,402,cdls,0x5eac86616030
2380,36,138,cdls,0x5eac86616030
2381,72,234,cdls,0x5eac86616030
2382,48,225,cdls,0x5eac86616030
2383,18,156,cdls,0x5eac86616030
2384,54,252,cdls,0x5eac86616030
2385,24,210,cdls,0x5eac86616030
2386,36,222,cdls,0x5eac86616030
2387,60,234,cdls,0x5eac86616030
2388,33,231,cdls,0x5eac86616030
2389,48,234,cdls,0x5eac86616030
2390,42,324,cdls,0x5eac86616030
2391,93,411,cdls,0x5eac86616030
2392,18,144,cdls,0x5eac86616030
2393,27,186,cdls,0x5eac86616030
2394,45,168,cdls,0x5eac86616030
2395,69,237,cdls,0x5eac86616030
2396,36,123,cdls,0x5eac86616030
2397,99,417,cdls,0x5eac86616030
2398,93,390,cdls,0x5eac86616030
2399,93,345,cdls,0x5eac86616030
2400,48,366,cdls,0x5eac86616030
2401,102,309,cdls,0x5eac86616030
2402,93,369,cdls,0x5eac86616030
2403,96,303,cdls,0x5eac86616030
2404,42,180,cdls,0x5eac86616030
2405,81,279,cdls,0x5eac86616030
2406,75,333,cdls,0x5eac86616030
2407,51,309,cdls,0x5eac86616030
2408,120,348,cdls,0x5eac86616030
2409,60,462,cdls,0x5eac86616030
2410,42,123,cdls,0x5eac86616030
2411,81,240,cdls,0x5eac86616030
2412,39,216,cdls,0x5eac86616030
2413,60,231,cdls,0x5eac86616030
2414,60,252,cdls,0x5eac86616030
2415,57,192,cdls,0x5eac86616030
2416,66,300,cdls,0x5eac86616030
2417,51,309,cdls,0x5eac86616030
2418,78,348,cdls,0x5eac86616030
2419,24,312,cdls,0x5eac86616030
2420,96,438,cdls,0x5eac86616030
2421,63,258,cdls,0x5eac86616030
2422,54,228,cdls,0x5eac86616030
2423,63,270,cdls,0x5eac86616030
2424,102,369,cdls,0x5eac86616030
2425,96,306,cdls,0x5eac86616030
2426,93,543,cdls,0x5eac86616030
2427,129,426,cdls,0x5eac86616030
2428,108,297,cdls,0x5eac86616030
2429,123,450,cdls,0x5eac86616030
2430,42,252,cdls,0x5eac86616030
2431,45,291,cdls,0x5eac86616030
2432,33,123,cdls,0x5eac86616030
2433,24,162,cdls,0x5eac86616030
2434,33,231,cdls,0x5eac86616030
2435,66,372,cdls,0x5eac86616030
2436,153,399,cdls,0x5eac86616030
2437,90,537,cdls,0x5eac86616030
2438,57,219,cdls,0x5eac86616030
2439,57,312,cdls,0x5eac86616030
2440,105,324,cdls,0x5eac86616030
2441,18,111,cdls,0x5eac86616030
2442,24,174,cdls,0x5eac86616030
2443,66,396,cdls,0x5eac86616030
2444,66,195,cdls,0x5eac86616030
2445,66,288,cdls,0x5eac86616030
2446,57,267,cdls,0x5eac86616030
2447,111,474,cdls,0x5eac86616030
2448,66,297,cdls,0x5eac86616030
2449,66,255,cdls,0x5eac86616030
2450,39,165,cdls,0x5eac86616030
2451,36,234,cdls,0x5eac86616030
2452,57,378,cdls,0x5eac86616030
2453,24,153,cdls,0x5eac86616030
2454,27,165,cdls,0x5eac86616030
2455,36,330,cdls,0x5eac86616030
2456,45,171,cdls,0x5eac86616030
2457,102,372,cdls,0x5eac86616030
2458,39,237,cdls,0x5eac86616030
2459,30,216,cdls,0x5eac86616030
2460,78,348,cdls,0x5eac86616030
2461,45,267,cdls,0x5eac86616030
2462,60,306,cdls,0x5eac86616030
2463,66,228,cdls,0x5eac86616030
2464,57,291,cdls,0x5eac86616030
2465,75,318,cdls,0x5eac86616030
2466,45,231,cdls,0x5eac86616030
2467,54,240,cdls,0x5eac86616030
2468,36,234,cdls,0x5eac86616030
2469,54,210,cdls,0x5eac86616030
2470,51,237,cdls,0x5eac86616030
2471,81,312,cdls,0x5eac86616030
2472,102,249,cdls,0x5eac86616030
2473,60,510,cdls,0x5eac86616030
2474,24,186,cdls,0x5eac86616030
2475,27,201,cdls,0x5eac86616030
2476,45,231,cdls,0x5eac86616030
2477,39,249,cdls,0x5eac86616030
2478,84,291,cdls,0x5eac86616030
2479,60,291,cdls,0x5eac86616030
2480,96,393,cdls,0x5eac86616030
2481,78,309,cdls,0x5eac86616030
2482,54,216,cdls,0x5eac86616030
2483,84,306,cdls,0x5eac86616030
2484,75,441,cdls,0x5eac86616030
2485,93,411,cdls,0x5eac86616030
2486,81,363,cdls,0x5eac86616030
2487,72,306,cdls,0x5eac86616030
2488,36,150,cdls,0x5eac86616030
2489,36,270,cdls,0x5eac86616030
2490,51,225,cdls,0x5eac86616030
2491,60,327,cdls,0x5eac86616030
2492,42,240,cdls,0x5eac86616030
2493,72,252,cdls,0x5eac86616030
2494,33,240,cdls,0x5eac86616030
2495,60,255,cdls,0x5eac86616030
2496,96,471,cdls,0x5eac86616030
2497,102,366,cdls,0x5eac86616030
2498,54,312,cdls,0x5eac86616030
2499,78,336,cdls,0x5eac86616030
2500,51,249,cdls,0x5eac86616030
2501,54,225,cdls,0x5eac86616030
2502,102,315,cdls,0x5eac86616030
2503,30,240,cdls,0x5eac86616030
2504,54,240,cdls,0x5eac86616030
2505,54,312,cdls,0x5eac86616030
2506,27,189,cdls,0x5eac86616030
2507,39,429,cdls,0x5eac86616030
2508,27,201,cdls,0x5eac86616030
2509,81,363,cdls,0x5eac86616030
2510,36,150,cdls,0x5eac86616030
2511,39,273,cdls,0x5eac86616030
2512,45,339,cdls,0x5eac86616030
2513,51,309,cdls,0x5eac86616030
2514,30,204,cdls,0x5eac86616030
2515,63,369,cdls,0x5eac86616030
2516,90,255,cdls,0x5eac86616030
2517,30,120,cdls,0x5eac86616030
2518,63,243,cdls,0x5eac86616030
2519,132,432,cdls,0x5eac86616030
2520,27,186,cdls,0x5eac86616030
2521,54,339,cdls,0x5eac86616030
2522,33,231,cdls,0x5eac86616030
2523,30,195,cdls,0x5eac86616030
2524,78,264,cdls,0x5eac86616030
2525,48,210,cdls,0x5eac86616030
2526,24,162,cdls,0x5eac86616030
2527,78,336,cdls,0x5eac86616030
2528,66,267,cdls,0x5eac86616030
2529,93,459,cdls,0x5eac86616030
2530,87,549,cdls,0x5eac86616030
2531,105,393,cdls,0x5eac86616030
2532,114,369,cdls,0x5eac86616030
2533,30,144,cdls,0x5eac86616030
2534,57,249,cdls,0x5eac86616030
2535,48,318,cdls,0x5eac86616030
2536,45,165,cdls,0x5eac86616030
2537,57,315,cdls,0x5eac86616030
2538,51,132,cdls,0x5eac86616030
2539,54,213,cdls,0x5eac86616030
2540,48,195,cdls,0x5eac86616030
2541,129,354,cdls,0x5eac86616030
2542,99,294,cdls,0x5eac86616030
2543,48,201,cdls,0x5eac86616030
2544,87,366,cdls,0x5eac86616030
2545,30,216,cdls,0x5eac86616030
2546,45,207,cdls,0x5eac86616030
2547,48,210,cdls,0x5eac86616030
2548,33,135,cdls,0x5eac86616030
2549,87,309,cdls,0x5eac86616030
2550,90,408,cdls,0x5eac86616030
2551,114,588,cdls,0x5eac86616030
2552,102,366,cdls,0x5eac86616030
2553,87,315,cdls,0x5eac86616030
2554,45,387,cdls,0x5eac86616030
2555,42,159,cdls,0x5eac86616030
2556,144,423,cdls,0x5eac86616030
2557,42,246,cdls,0x5eac86616030
2558,111,501,cdls,0x5eac86616030
2559,75,321,cdls,0x5eac86616030
2560,54,252,cdls,0x5eac86616030
2561,120,498,cdls,0x5eac86616030
2562,60,270,cdls,0x5eac86616030
2563,45,291,cdls,0x5eac86616030
2564,15,141,cdls,0x5eac86616030
2565,93,339,cdls,0x5eac86616030
2566,120,432,cdls,0x5eac86616030
2567,93,450,cdls,0x5eac86616030
2568,66,324,cdls,0x5eac86616030
2569,39,177,cdls,0x5eac86616030
2570,42,168,cdls,0x5eac86616030
2571,45,447,cdls,0x5eac86616030
2572,114,420,cdls,0x5eac86616030
2573,36,123,cdls,0x5eac86616030
2574,132,417,cdls,0x5eac86616030
2575,66,372,cdls,0x5eac86616030
2576,60,294,cdls,0x5eac86616030
2577,93,411,cdls,0x5eac86616030
2578,33,108,cdls,0x5eac86616030
2579,102,282,cdls,0x5eac86616030
2580,93,318,cdls,0x5eac86616030
2581,57,351,cdls,0x5eac86616030
2582,99,429,cdls,0x5eac86616030
2583,75,441,cdls,0x5eac86616030
2584,51,471,cdls,0x5eac86616030
2585,108,489,cdls,0x5eac86616030
2586,57,390,cdls,0x5eac86616030
2587,69,300,cdls,0x5eac86616030
2588,60,228,cdls,0x5eac86616030
2589,105,507,cdls,0x5eac86616030
2590,60,387,cdls,0x5eac86616030
2591,96,591,cdls,0x5eac86616030
2592,105,354,cdls,0x5eac86616030
2593,51,393,cdls,0x5eac86616030
2594,42,516,cdls,0x5eac86616030
2595,42,300,cdls,0x5eac86616030
2596,27,186,cdls,0x5eac86616030
2597,75,282,cdls,0x5eac86616030
2598,81,435,cdls,0x5eac86616030
2599,60,582,cdls,0x5eac86616030
2600,99,348,cdls,0x5eac86616030
2601,39,165,cdls,0x5eac86616030
2602,81,333,cdls,0x5eac86616030
2603,57,243,cdls,0x5eac86616030
2604,42,228,cdls,0x5eac86616030
2605,102,339,cdls,0x5eac86616030
2606,27,174,cdls,0x5eac86616030
2607,54,240,cdls,0x5eac86616030
2608,108,522,cdls,0x5eac86616030
2609,96,558,cdls,0x5eac86616030
2610,90,381,cdls,0x5eac86616030
2611,81,390,cdls,0x5eac86616030
2612,72,330,cdls,0x5eac86616030
2613,21,129,cdls,0x5eac86616030
2614,114,381,cdls,0x5eac86616030
2615,78,360,cdls,0x5eac86616030
2616,72,282,cdls,0x5eac86616030
2617,126,423,cdls,0x5eac86616030
2618,30,192,cdls,0x5eac86616030
2619,90,456,cdls,0x5eac86616030
2620,111,465,cdls,0x5eac86616030
2621,87,417,cdls,0x5eac86616030
2622,75,447,cdls,0x5eac86616030
2623,111,393,cdls,0x5eac86616030
2624,27,213,cdls,0x5eac86616030
2625,30,198,cdls,0x5eac86616030
2626,84,306,cdls,0x5eac86616030
2627,69,303,cdls,0x5eac86616030
2628,78,348,cdls,0x5eac86616030
2629,60,522,cdls,0x5eac86616030
2630,81,270,cdls,0x5eac86616030
2631,81,363,cdls,0x5eac86616030
2632,135,474,cdls,0x5eac86616030
2633,84,579,cdls,0x5eac86616030
2634,111,513,cdls,0x5eac86616030
2635,84,645,cdls,0x5eac86616030
2636,39,387,cdls,0x5eac86616030
2637,63,351,cdls,0x5eac86616030
2638,99,573,cdls,0x5eac86616030
2639,66,204,cdls,0x5eac86616030
2640,84,270,cdls,0x5eac86616030
2641,63,237,cdls,0x5eac86616030
2642,132,339,cdls,0x5eac86616030
2643,105,330,cdls,0x5eac86616030
2644,63,402,cdls,0x5eac86616030
2645,141,348,cdls,0x5eac86616030
2646,126,444,cdls,0x5eac86616030
2647,69,210,cdls,0x5eac86616030
2648,69,207,cdls,0x5eac86616030
2649,69,228,cdls,0x5eac86616030
2650,75,309,cdls,0x5eac86616030
2651,42,168,cdls,0x5eac86616030
2652,33,255,cdls,0x5eac86616030
2653,63,297,cdls,0x5eac86616030
2654,69,282,cdls,0x5eac86616030
2655,33,123,cdls,0x5eac86616030
2656,33,210,cdls,0x5eac86616030
2657,66,300,cdls,0x5eac86616030
2658,51,291,cdls,0x5eac86616030
2659,108,354,cdls,0x5eac86616030
2660,87,294,cdls,0x5eac86616030
2661,33,243,cdls,0x5eac86616030
2662,36,246,cdls,0x5eac86616030
2663,72,297,cdls,0x5eac86616030
2664,60,396,cdls,0x5eac86616030
2665,81,567,cdls,0x5eac86616030
2666,27,171,cdls,0x5eac86616030
2667,123,366,cdls,0x5eac86616030
2668,81,339,cdls,0x5eac86616030
2669,60,285,cdls,0x5eac86616030
2670,42,162,cdls,0x5eac86616030
2671,45,162,cdls,0x5eac86616030
2672,30,204,cdls,0x5eac86616030
2673,42,288,cdls,0x5eac86616030
2674,51,213,cdls,0x5eac86616030
2675,27,201,cdls,0x5eac86616030
2676,84,387,cdls,0x5eac86616030
2677,24,174,cdls,0x5eac86616030
2678,57,213,cdls,0x5eac86616030
2679,60,267,cdls,0x5eac86616030
2680,60,114,cdls,0x5eac86616030
2681,60,183,cdls,0x5eac86616030
2682,195,384,cdls,0x5eac86616030
2683,54,237,cdls,0x5eac86616030
2684,69,210,cdls,0x5eac86616030
2685,21,108,cdls,0x5eac86616030
2686,114,408,cdls,0x5eac86616030
2687,99,471,cdls,0x5eac86616030
2688,120,369,cdls,0x5eac86616030
2689,90,273,cdls,0x5eac86616030
2690,99,501,cdls,0x5eac86616030
2691,105,393,cdls,0x5eac86616030
2692,66,210,cdls,0x5eac86616030
2693,54,240,cdls,0x5eac86616030
2694,72,264,cdls,0x5eac86616030
2695,75,216,cdls,0x5eac86616030
2696,111,318,cdls,0x5eac86616030
2697,75,255,cdls,0x5eac86616030
2698,75,249,cdls,0x5eac86616030
2699,66,270,cdls,0x5eac86616030
2700,75,267,cdls,0x5eac86616030
2701,36,234,cdls,0x5eac86616030
2702,45,291,cdls,0x5eac86616030
2703,75,417,cdls,0x5eac86616030
2704,66,273,cdls,0x5eac86616030
2705,48,294,cdls,0x5eac86616030
2706,93,252,cdls,0x5eac86616030
2707,51,225,cdls,0x5eac86616030
2708,90,312,cdls,0x5eac86616030
2709,33,186,cdls,0x5eac86616030
2710,51,225,cdls,0x5eac86616030
2711,33,219,cdls,0x5eac86616030
2712,60,282,cdls,0x5eac86616030
2713,45,195,cdls,0x5eac86616030
2714,78,435,cdls,0x5eac86616030
2715,144,567,cdls,0x5eac86616030
2716,81,411,cdls,0x5eac86616030
2717,42,228,cdls,0x5eac86616030
2718,81,267,cdls,0x5eac86616030
2719,84,456,cdls,0x5eac86616030
2720,165,357,cdls,0x5eac86616030
2721,84,414,cdls,0x5eac86616030
2722,102,432,cdls,0x5eac86616030
2723,78,324,cdls,0x5eac86616030
2724,138,546,cdls,0x5eac86616030
2725,150,342,cdls,0x5eac86616030
2726,45,240,cdls,0x5eac86616030
2727,30,180,cdls,0x5eac86616030
2728,42,180,cdls,0x5eac86616030
2729,36,153,cdls,0x5eac86616030
2730,51,426,cdls,0x5eac86616030
2731,60,624,cdls,0x5eac86616030
2732,66,366,cdls,0x5eac86616030
2733,117,387,cdls,0x5eac86616030
2734,63,381,cdls,0x5eac86616030
2735,126,480,cdls,0x5eac86616030
2736,144,369,cdls,0x5eac86616030
2737,84,519,cdls,0x5eac86616030
2738,87,570,cdls,0x5eac86616030
2739,120,507,cdls,0x5eac86616030
2740,93,441,cdls,0x5eac86616030
2741,90,432,cdls,0x5eac86616030
2742,102,375,cdls,0x5eac86616030
2743,72,423,cdls,0x5eac86616030
2744,33,456,cdls,0x5eac86616030
2745,39,417,cdls,0x5eac86616030
2746,51,405,cdls,0x5eac86616030
2747,75,405,cdls,0x5eac86616030
2748,39,177,cdls,0x5eac86616030
2749,54,228,cdls,0x5eac86616030
2750,78,291,cdls,0x5eac86616030
2751,132,414,cdls,0x5eac86616030
2752,81,318,cdls,0x5eac86616030
2753,135,405,cdls,0x5eac86616030
2754,45,339,cdls,0x5eac86616030
2755,84,246,cdls,0x5eac86616030
2756,30,180,cdls,0x5eac86616030
2757,27,105,cdls,0x5eac86616030
2758,45,198,cdls,0x5eac86616030
2759,84,297,cdls,0x5eac86616030
2760,78,282,cdls,0x5eac86616030
2761,66,342,cdls,0x5eac86616030
2762,114,414,cdls,0x5eac86616030
2763,144,417,cdls,0x5eac86616030
2764,132,399,cdls,0x5eac86616030
2765,93,459,cdls,0x5eac86616030
2766,36,162,cdls,0x5eac86616030
2767,84,279,cdls,0x5eac86616030
2768,39,231,cdls,0x5eac86616030
2769,51,237,cdls,0x5eac86616030
2770,24,174,cdls,0x5eac86616030
2771,27,213,cdls,0x5eac86616030
2772,51,225,cdls,0x5eac86616030
2773,123,384,cdls,0x5eac86616030
2774,96,630,cdls,0x5eac86616030
2775,81,459,cdls,0x5eac86616030
2776,99,381,cdls,0x5eac86616030
2777,72,429,cdls,0x5eac86616030
2778,117,495,cdls,0x5eac86616030
2779,165,417,cdls,0x5eac86616030
2780,153,381,cdls,0x5eac86616030
2781,96,255,cdls,0x5eac86616030
2782,75,267,cdls,0x5eac86616030
2783,45,153,cdls,0x5eac86616030
2784,27,105,cdls,0x5eac86616030
2785,87,330,cdls,0x5eac86616030
2786,39,165,cdls,0x5eac86616030
2787,51,207,cdls,0x5eac86616030
2788,75,333,cdls,0x5eac86616030
2789,30,174,cdls,0x5eac86616030
2790,30,168,cdls,0x5eac86616030
2791,42,288,cdls,0x5eac86616030
2792,66,288,cdls,0x5eac86616030
2793,36,234,cdls,0x5eac86616030
2794,90,285,cdls,0x5eac86616030
2795,120,348,cdls,0x5eac86616030
2796,63,282,cdls,0x5eac86616030
2797,108,363,cdls,0x5eac86616030
2798,24,210,cdls,0x5eac86616030
2799,18,156,cdls,0x5eac86616030
2800,114,504,cdls,0x5eac86616030
2801,48,282,cdls,0x5eac86616030
2802,54,348,cdls,0x5eac86616030
2803,63,243,cdls,0x5eac86616030
2804,48,315,cdls,0x5eac86616030
2805,105,375,cdls,0x5eac86616030
2806,138,465,cdls,0x5eac86616030
2807,93,372,cdls,0x5eac86616030
2808,60,426,cdls,0x5eac86616030
2809,45,195,cdls,0x5eac86616030
2810,51,195,cdls,0x5eac86616030
2811,48,195,cdls,0x5eac86616030
2812,66,420,cdls,0x5eac86616030
2813,54,264,cdls,0x5eac86616030
2814,51,138,cdls,0x5eac86616030
2815,48,126,cdls,0x5eac86616030
2816,66,288,cdls,0x5eac86616030
2817,54,240,cdls,0x5eac86616030
2818,33,243,cdls,0x5eac86616030
2819,51,345,cdls,0x5eac86616030
2820,78,408,cdls,0x5eac86616030
2821,36,216,cdls,0x5eac86616030
2822,96,420,cdls,0x5eac86616030
2823,48,195,cdls,0x5eac86616030
2824,51,204,cdls,0x5eac86616030
2825,48,171,cdls,0x5eac86616030
2826,72,234,cdls,0x5eac86616030
2827,36,150,cdls,0x5eac86616030
2828,93,270,cdls,0x5eac86616030
2829,39,261,cdls,0x5eac86616030
2830,66,300,cdls,0x5eac86616030
2831,51,237,cdls,0x5eac86616030
2832,96,426,cdls,0x5eac86616030
2833,54,528,cdls,0x5eac86616030
2834,75,432,cdls,0x5eac86616030
2835,102,468,cdls,0x5eac86616030
2836,63,177,cdls,0x5eac86616030
2837,69,282,cdls,0x5eac86616030
2838,60,294,cdls,0x5eac86616030
2839,63,300,cdls,0x5eac86616030
2840,78,324,cdls,0x5eac86616030
2841,102,438,cdls,0x5eac86616030
2842,96,354,cdls,0x5eac86616030
2843,105,435,cdls,0x5eac86616030
2844,48,375,cdls,0x5eac86616030
2845,60,399,cdls,0x5eac86616030
2846,75,381,cdls,0x5eac86616030
2847,117,390,cdls,0x5eac86616030
2848,87,342,cdls,0x5eac86616030
2849,72,366,cdls,0x5eac86616030
2850,84,351,cdls,0x5eac86616030
2851,54,204,cdls,0x5eac86616030
2852,54,219,cdls,0x5eac86616030
2853,111,453,cdls,0x5eac86616030
2854,54,225,cdls,0x5eac86616030
2855,135,426,cdls,0x5eac86616030
2856,117,459,cdls,0x5eac86616030
2857,99,345,cdls,0x5eac86616030
2858,54,237,cdls,0x5eac86616030
2859,48,195,cdls,0x5eac86616030
2860,24,186,cdls,0x5eac86616030
2861,30,216,cdls,0x5eac86616030
2862,48,210,cdls,0x5eac86616030
2863,78,285,cdls,0x5eac86616030
2864,108,300,cdls,0x5eac86616030
2865,51,198,cdls,0x5eac86616030
2866,33,171,cdls,0x5eac86616030
2867,66,213,cdls,0x5eac86616030
2868,60,216,cdls,0x5eac86616030
2869,36,150,cdls,0x5eac86616030
2870,48,306,cdls,0x5eac86616030
2871,42,180,cdls,0x5eac86616030
2872,108,438,cdls,0x5eac86616030
2873,45,291,cdls,0x5eac86616030
2874,48,267,cdls,0x5eac86616030
2875,75,210,cdls,0x5eac86616030
2876,90,456,cdls,0x5eac86616030
2877,57,291,cdls,0x5eac86616030
2878,75,216,cdls,0x5eac86616030
2879,123,270,cdls,0x5eac86616030
2880,39,366,cdls,0x5eac86616030
2881,102,552,cdls,0x5eac86616030
2882,63,189,cdls,0x5eac86616030
2883,36,129,cdls,0x5eac86616030
2884,51,357,cdls,0x5eac86616030
2885,51,309,cdls,0x5eac86616030
2886,21,183,cdls,0x5eac86616030
2887,27,201,cdls,0x5eac86616030
2888,39,273,cdls,0x5eac86616030
2889,30,108,cdls,0x5eac86616030
2890,93,321,cdls,0x5eac86616030
2891,45,195,cdls,0x5eac86616030
2892,48,198,cdls,0x5eac86616030
2893,57,219,cdls,0x5eac86616030
2894,87,357,cdls,0x5eac86616030
2895,93,339,cdls,0x5eac86616030
2896,15,141,cdls,0x5eac86616030
2897,30,120,cdls,0x5eac86616030
2898,57,210,cdls,0x5eac86616030
2899,42,180,cdls,0x5eac86616030
2900,66,282,cdls,0x5eac86616030
2901,63,261,cdls,0x5eac86616030
2902,57,255,cdls,0x5eac86616030
2903,54,216,cdls,0x5eac86616030
2904,57,327,cdls,0x5eac86616030
2905,45,195,cdls,0x5eac86616030
2906,57,207,cdls,0x5eac86616030
2907,57,201,cdls,0x5eac86616030
2908,84,213,cdls,0x5eac86616030
2909,66,288,cdls,0x5eac86616030
2910,102,351,cdls,0x5eac86616030
2911,93,282,cdls,0x5eac86616030
2912,87,393,cdls,0x5eac86616030
2913,75,393,cdls,0x5eac86616030
2914,90,408,cdls,0x5eac86616030
2915,51,216,cdls,0x5eac86616030
2916,96,402,cdls,0x5eac86616030
2917,51,267,cdls,0x5eac86616030
2918,63,231,cdls,0x5eac86616030
2919,114,330,cdls,0x5eac86616030
2920,54,228,cdls,0x5eac86616030
2921,60,294,cdls,0x5eac86616030
2922,48,210,cdls,0x5eac86616030
2923,66,255,cdls,0x5eac86616030
2924,75,321,cdls,0x5eac86616030
2925,63,189,cdls,0x5eac86616030
2926,96,315,cdls,0x5eac86616030
2927,24,186,cdls,0x5eac86616030
2928,87,372,cdls,0x5eac86616030
2929,93,351,cdls,0x5eac86616030
2930,30,216,cdls,0x5eac86616030
2931,60,270,cdls,0x5eac86616030
2932,21,171,cdls,0x5eac86616030
2933,54,225,cdls,0x5eac86616030
2934,39,216,cdls,0x5eac86616030
2935,66,408,cdls,0x5eac86616030
2936,96,426,cdls,0x5eac86616030
2937,60,366,cdls,0x5eac86616030
2938,48,192,cdls,0x5eac86616030
2939,54,264,cdls,0x5eac86616030
2940,36,198,cdls,0x5eac86616030
2941,45,291,cdls,0x5eac86616030
2942,33,267,cdls,0x5eac86616030
2943,30,204,cdls,0x5eac86616030
2944,42,180,cdls,0x5eac86616030
2945,60,438,cdls,0x5eac86616030
2946,27,177,cdls,0x5eac86616030
2947,72,378,cdls,0x5eac86616030
2948,84,366,cdls,0x5eac86616030
2949,84,360,cdls,0x5eac86616030
2950,42,393,cdls,0x5eac86616030
2951,69,225,cdls,0x5eac86616030
2952,87,333,cdls,0x5eac86616030
2953,99,330,cdls,0x5eac86616030
2954,57,432,cdls,0x5eac86616030
2955,45,459,cdls,0x5eac86616030
2956,54,252,cdls,0x5eac86616030
2957,111,411,cdls,0x5eac86616030
2958,48,294,cdls,0x5eac86616030
2959,108,327,cdls,0x5eac86616030
2960,75,297,cdls,0x5eac86616030
2961,42,180,cdls,0x5eac86616030
2962,81,279,cdls,0x5eac86616030
2963,48,159,cdls,0x5eac86616030
2964,39,192,cdls,0x5eac86616030
2965,36,117,cdls,0x5eac86616030
2966,78,360,cdls,0x5eac86616030
2967,42,135,cdls,0x5eac86616030
2968,27,162,cdls,0x5eac86616030
2969,51,249,cdls,0x5eac86616030
2970,84,243,cdls,0x5eac86616030
2971,84,399,cdls,0x5eac86616030
2972,63,201,cdls,0x5eac86616030
2973,60,282,cdls,0x5eac86616030
2974,45,315,cdls,0x5eac86616030
2975,96,447,cdls,0x5eac86616030
2976,63,450,cdls,0x5eac86616030
2977,24,162,cdls,0x5eac86616030
2978,87,453,cdls,0x5eac86616030
2979,30,360,cdls,0x5eac86616030
2980,78,225,cdls,0x5eac86616030
2981,66,177,cdls,0x5eac86616030
2982,69,222,cdls,0x5eac86616030
2983,75,357,cdls,0x5eac86616030
2984,108,330,cdls,0x5eac86616030
2985,39,213,cdls,0x5eac86616030
2986,84,378,cdls,0x5eac86616030
2987,81,315,cdls,0x5eac86616030
2988,75,351,cdls,0x5eac86616030
2989,42,315,cdls,0x5eac86616030
2990,24,198,cdls,0x5eac86616030
2991,39,249,cdls,0x5eac86616030
2992,69,303,cdls,0x5eac86616030
2993,45,165,cdls,0x5eac86616030
2994,69,228,cdls,0x5eac86616030
2995,51,309,cdls,0x5eac86616030
2996,45,195,cdls,0x5eac86616030
2997,21,141,cdls,0x5eac86616030
2998,57,255,cdls,0x5eac86616030
2999,45,279,cdls,0x5eac86616030
3000,39,156,cdls,0x5eac86616030
3001,30,120,cdls,0x5eac86616030
3002,60,270,cdls,0x5eac86616030
3003,156,447,cdls,0x5eac86616030
3004,39,261,cdls,0x5eac86616030
3005,84,345,cdls,0x5eac86616030
3006,54,228,cdls,0x5eac86616030
3007,27,213,cdls,0x5eac86616030
3008,57,255,cdls,0x5eac86616030
3009,45,171,cdls,0x5eac86616030
3010,114,279,cdls,0x5eac86616030
3011,69,384,cdls,0x5eac86616030
3012,123,456,cdls,0x5eac86616030
3013,114,324,cdls,0x5eac86616030
3014,75,333,cdls,0x5eac86616030
3015,108,291,cdls,0x5eac86616030
3016,45,231,cdls,0x5eac86616030
3017,18,132,cdls,0x5eac86616030
3018,93,339,cdls,0x5eac86616030
3019,24,174,cdls,0x5eac86616030
3020,18,111,cdls,0x5eac86616030
3021,57,168,cdls,0x5eac86616030
3022,75,240,cdls,0x5eac86616030
3023,96,339,cdls,0x5eac86616030
3024,72,360,cdls,0x5eac86616030
3025,60,282,cdls,0x5eac86616030
3026,33,156,cdls,0x5eac86616030
3027,57,315,cdls,0x5eac86616030
3028,72,402,cdls,0x5eac86616030
3029,27,189,cdls,0x5eac86616030
3030,78,237,cdls,0x5eac86616030
3031,84,201,cdls,0x5eac86616030
3032,21,162,cdls,0x5eac86616030
3033,78,405,cdls,0x5eac86616030
3034,30,189,cdls,0x5eac86616030
3035,63,201,cdls,0x5eac86616030
3036,42,165,cdls,0x5eac86616030
3037,99,354,cdls,0x5eac86616030
3038,51,216,cdls,0x5eac86616030
3039,60,246,cdls,0x5eac86616030
3040,57,267,cdls,0x5eac86616030
3041,78,258,cdls,0x5eac86616030
3042,72,207,cdls,0x5eac86616030
3043,42,207,cdls,0x5eac86616030
3044,57,249,cdls,0x5eac86616030
3045,33,123,cdls,0x5eac86616030
3046,57,207,cdls,0x5eac86616030
3047,63,234,cdls,0x5eac86616030
3048,24,150,cdls,0x5eac86616030
3049,30,204,cdls,0x5eac86616030
3050,39,285,cdls,0x5eac86616030
3051,123,384,cdls,0x5eac86616030
3052,111,375,cdls,0x5eac86616030
3053,102,360,cdls,0x5eac86616030
3054,84,279,cdls,0x5eac86616030
3055,57,339,cdls,0x5eac86616030
3056,27,225,cdls,0x5eac86616030
3057,96,309,cdls,0x5eac86616030
3058,54,273,cdls,0x5eac86616030
3059,60,198,cdls,0x5eac86616030
3060,69,342,cdls,0x5eac86616030
3061,54,207,cdls,0x5eac86616030
3062,75,243,cdls,0x5eac86616030
3063,18,156,cdls,0x5eac86616030
3064,15,153,cdls,0x5eac86616030
3065,18,168,cdls,0x5eac86616030
3066,69,327,cdls,0x5eac86616030
3067,30,204,cdls,0x5eac86616030
3068,45,315,cdls,0x5eac86616030
3069,75,300,cdls,0x5eac86616030
3070,66,219,cdls,0x5eac86616030
3071,60,474,cdls,0x5eac86616030
3072,51,321,cdls,0x5eac86616030
3073,66,288,cdls,0x5eac86616030
3074,42,156,cdls,0x5eac86616030
3075,75,273,cdls,0x5eac86616030
3076,84,264,cdls,0x5eac86616030
3077,90,294,cdls,0x5eac86616030
3078,102,252,cdls,0x5eac86616030
3079,63,210,cdls,0x5eac86616030
3080,51,207,cdls,0x5eac86616030
3081,48,204,cdls,0x5eac86616030
3082,96,339,cdls,0x5eac86616030
3083,120,324,cdls,0x5eac86616030
3084,90,255,cdls,0x5eac86616030
3085,66,285,cdls,0x5eac86616030
3086,42,147,cdls,0x5eac86616030
3087,60,201,cdls,0x5eac86616030
3088,57,249,cdls,0x5eac86616030
3089,66,252,cdls,0x5eac86616030
3090,78,327,cdls,0x5eac86616030
3091,99,222,cdls,0x5eac86616030
3092,30,111,cdls,0x5eac86616030
3093,105,387,cdls,0x5eac86616030
3094,27,186,cdls,0x5eac86616030
3095,75,357,cdls,0x5eac86616030
3096,93,363,cdls,0x5eac86616030
3097,48,234,cdls,0x5eac86616030
3098,57,255,cdls,0x5eac86616030
3099,42,180,cdls,0x5eac86616030
3100,45,183,cdls,0x5eac86616030
3101,45,267,cdls,0x5eac86616030
3102,48,222,cdls,0x5eac86616030
3103,45,252,cdls,0x5eac86616030
3104,36,126,cdls,0x5eac86616030
3105,42,165,cdls,0x5eac86616030
3106,69,255,cdls,0x5eac86616030
3107,96,354,cdls,0x5eac86616030
3108,66,258,cdls,0x5eac86616030
3109,30,168,cdls,0x5eac86616030
3110,45,195,cdls,0x5eac86616030
3111,24,174,cdls,0x5eac86616030
3112,57,324,cdls,0x5eac86616030
3113,27,189,cdls,0x5eac86616030
3114,30,177,cdls,0x5eac86616030
3115,96,387,cdls,0x5eac86616030
3116,48,222,cdls,0x5eac86616030
3117,72,330,cdls,0x5eac86616030
3118,96,354,cdls,0x5eac86616030
3119,24,162,cdls,0x5eac86616030
3120,39,201,cdls,0x5eac86616030
3121,72,330,cdls,0x5eac86616030
3122,45,396,cdls,0x5eac86616030
3123,30,216,cdls,0x5eac86616030
3124,54,252,cdls,0x5eac86616030
3125,60,270,cdls,0x5eac86616030
3126,78,249,cdls,0x5eac86616030
3127,30,156,cdls,0x5eac86616030
3128,36,225,cdls,0x5eac86616030
3129,66,312,cdls,0x5eac86616030
3130,39,372,cdls,0x5eac86616030
3131,30,192,cdls,0x5eac86616030
3132,60,258,cdls,0x5eac86616030
3133,18,156,cdls,0x5eac86616030
3134,27,93,cdls,0x5eac86616030
3135,24,144,cdls,0x5eac86616030
3136,36,336,cdls,0x5eac86616030
3137,105,426,cdls,0x5eac86616030
3138,93,432,cdls,0x5eac86616030
3139,108,480,cdls,0x5eac86616030
3140,144,378,cdls,0x5eac86616030
3141,72,360,cdls,0x5eac86616030
3142,39,201,cdls,0x5eac86616030
3143,42,468,cdls,0x5eac86616030
3144,27,201,cdls,0x5eac86616030
3145,15,141,cdls,0x5eac86616030
3146,30,120,cdls,0x5eac86616030
3147,81,447,cdls,0x5eac86616030
3148,90,408,cdls,0x5eac86616030
3149,96,603,cdls,0x5eac86616030
3150,87,429,cdls,0x5eac86616030
3151,33,123,cdls,0x5eac86616030
3152,21,171,cdls,0x5eac86616030
3153,63,273,cdls,0x5eac86616030
3154,24,156,cdls,0x5eac86616030
3155,120,459,cdls,0x5eac86616030
3156,72,402,cdls,0x5eac86616030
3157,99,249,cdls,0x5eac86616030
3158,48,135,cdls,0x5eac86616030
3159,60,183,cdls,0x5eac86616030
3160,36,222,cdls,0x5eac86616030
3161,78,348,cdls,0x5eac86616030
3162,39,213,cdls,0x5eac86616030
3163,60,258,cdls,0x5eac86616030
3164,24,156,cdls,0x5eac86616030
3165,102,342,cdls,0x5eac86616030
3166,75,321,cdls,0x5eac86616030
3167,78,384,cdls,0x5eac86616030
3168,51,477,cdls,0x5eac86616030
3169,33,198,cdls,0x5eac86616030
3170,42,192,cdls,0x5eac86616030
3171,60,225,cdls,0x5eac86616030
3172,63,204,cdls,0x5eac86616030
3173,54,324,cdls,0x5eac86616030
3174,69,237,cdls,0x5eac86616030
3175,63,267,cdls,0x5eac86616030
3176,54,198,cdls,0x5eac86616030
3177,54,276,cdls,0x5eac86616030
3178,30,192,cdls,0x5eac86616030
3179,51,357,cdls,0x5eac86616030
3180,48,402,cdls,0x5eac86616030
3181,102,357,cdls,0x5eac86616030
3182,54,228,cdls,0x5eac86616030
3183,90,228,cdls,0x5eac86616030
3184,87,291,cdls,0x5eac86616030
3185,96,282,cdls,0x5eac86616030
3186,33,135,cdls,0x5eac86616030
3187,39,165,cdls,0x5eac86616030
3188,135,384,cdls,0x5eac86616030
3189,96,375,cdls,0x5eac86616030
3190,72,387,cdls,0x5eac86616030
3191,57,228,cdls,0x5eac86616030
3192,129,276,cdls,0x5eac86616030
3193,51,441,cdls,0x5eac86616030
3194,36,426,cdls,0x5eac86616030
3195,30,183,cdls,0x5eac86616030
3196,75,189,cdls,0x5eac86616030
3197,33,207,cdls,0x5eac86616030
3198,60,444,cdls,0x5eac86616030
3199,138,396,cdls,0x5eac86616030
3200,93,399,cdls,0x5eac86616030
3201,66,465,cdls,0x5eac86616030
3202,84,402,cdls,0x5eac86616030
3203,105,567,cdls,0x5eac86616030
3204,78,462,cdls,0x5eac86616030
3205,51,321,cdls,0x5eac86616030
3206,54,252,cdls,0x5eac86616030
3207,78,360,cdls,0x5eac86616030
3208,45,279,cdls,0x5eac86616030
3209,54,252,cdls,0x5eac86616030
3210,72,228,cdls,0x5eac86616030
3211,60,240,cdls,0x5eac86616030
3212,39,249,cdls,0x5eac86616030
3213,51,237,cdls,0x5eac86616030
3214,36,234,cdls,0x5eac86616030
3215,60,282,cdls,0x5eac86616030
3216,63,288,cdls,0x5eac86616030
3217,54,252,cdls,0x5eac86616030
3218,33,207,cdls,0x5eac86616030
3219,90,312,cdls,0x5eac86616030
3220,39,156,cdls,0x5eac86616030
3221,21,144,cdls,0x5eac86616030
3222,54,219,cdls,0x5eac86616030
3223,48,195,cdls,0x5eac86616030
3224,105,375,cdls,0x5eac86616030
3225,36,126,cdls,0x5eac86616030
3226,165,378,cdls,0x5eac86616030
3227,84,558,cdls,0x5eac86616030
3228,72,267,cdls,0x5eac86616030
3229,69,315,cdls,0x5eac86616030
3230,81,336,cdls,0x5eac86616030
3231,30,120,cdls,0x5eac86616030
3232,27,159,cdls,0x5eac86616030
3233,69,288,cdls,0x5eac86616030
3234,72,219,cdls,0x5eac86616030
3235,51,195,cdls,0x5eac86616030
3236,63,417,cdls,0x5eac86616030
3237,60,306,cdls,0x5eac86616030
3238,39,249,cdls,0x5eac86616030
3239,36,210,cdls,0x5eac86616030
3240,72,378,cdls,0x5eac86616030
3241,24,186,cdls,0x5eac86616030
3242,42,192,cdls,0x5eac86616030
3243,63,261,cdls,0x5eac86616030
3244,30,120,cdls,0x5eac86616030
3245,111,414,cdls,0x5eac86616030
3246,93,495,cdls,0x5eac86616030
3247,87,477,cdls,0x5eac86616030
3248,51,381,cdls,0x5eac86616030
3249,87,405,cdls,0x5eac86616030
3250,66,414,cdls,0x5eac86616030
3251,48,135,cdls,0x5eac86616030
3252,54,396,cdls,0x5eac86616030
3253,21,171,cdls,0x5eac86616030
3254,63,258,cdls,0x5eac86616030
3255,69,204,cdls,0x5eac86616030
3256,36,129,cdls,0x5eac86616030
3257,84,300,cdls,0x5eac86616030
3258,42,192,cdls,0x5eac86616030
3259,24,186,cdls,0x5eac86616030
3260,78,252,cdls,0x5eac86616030
3261,30,216,cdls,0x5eac86616030
3262,63,261,cdls,0x5eac86616030
3263,36,150,cdls,0x5eac86616030
3264,51,369,cdls,0x5eac86616030
3265,33,189,cdls,0x5eac86616030
3266,51,204,cdls,0x5eac86616030
3267,105,459,cdls,0x5eac86616030
3268,54,528,cdls,0x5eac86616030
3269,84,450,cdls,0x5eac86616030
3270,39,201,cdls,0x5eac86616030
3271,33,159,cdls,0x5eac86616030
3272,27,177,cdls,0x5eac86616030
3273,48,246,cdls,0x5eac86616030
3274,30,192,cdls,0x5eac86616030
3275,15,141,cdls,0x5eac86616030
3276,24,186,cdls,0x5eac86616030
3277,21,171,cdls,0x5eac86616030
3278,51,237,cdls,0x5eac86616030
3279,15,129,cdls,0x5eac86616030
3280,42,252,cdls,0x5eac86616030
3281,63,486,cdls,0x5eac86616030
3282,93,519,cdls,0x5eac86616030
3283,30,120,cdls,0x5eac86616030
3284,114,408,cdls,0x5eac86616030
3285,60,354,cdls,0x5eac86616030
3286,72,354,cdls,0x5eac86616030
3287,63,201,cdls,0x5eac86616030
3288,75,309,cdls,0x5eac86616030
3289,93,327,cdls,0x5eac86616030
3290,99,429,cdls,0x5eac86616030
3291,42,180,cdls,0x5eac86616030
3292,18,156,cdls,0x5eac86616030
3293,75,489,cdls,0x5eac86616030
3294,27,357,cdls,0x5eac86616030
3295,69,531,cdls,0x5eac86616030
3296,147,477,cdls,0x5eac86616030
3297,87,309,cdls,0x5eac86616030
3298,105,387,cdls,0x5eac86616030
3299,33,159,cdls,0x5eac86616030
3300,84,306,cdls,0x5eac86616030
3301,63,261,cdls,0x5eac86616030
3302,66,384,cdls,0x5eac86616030
3303,90,312,cdls,0x5eac86616030
3304,93,411,cdls,0x5eac86616030
3305,63,429,cdls,0x5eac86616030
3306,45,171,cdls,0x5eac86616030
3307,78,255,cdls,0x5eac86616030
3308,69,270,cdls,0x5eac86616030
3309,24,198,cdls,0x5eac86616030
3310,39,165,cdls,0x5eac86616030
3311,51,333,cdls,0x5eac86616030
3312,39,165,cdls,0x5eac86616030
3313,24,174,cdls,0x5eac86616030
3314,90,336,cdls,0x5eac86616030
3315,84,294,cdls,0x5eac86616030
3316,51,237,cdls,0x5eac86616030
3317,42,168,cdls,0x5eac86616030
3318,63,297,cdls,0x5eac86616030
3319,36,210,cdls,0x5eac86616030
3320,90,324,cdls,0x5eac86616030
3321,78,444,cdls,0x5eac86616030
3322,30,111,cdls,0x5eac86616030
3323,57,255,cdls,0x5eac86616030
3324,45,195,cdls,0x5eac86616030
3325,66,288,cdls,0x5eac86616030
3326,66,336,cdls,0x5eac86616030
3327,75,294,cdls,0x5eac86616030
3328,60,351,cdls,0x5eac86616030
3329,54,240,cdls,0x5eac86616030
3330,48,201,cdls,0x5eac86616030
3331,39,255,cdls,0x5eac86616030
3332,45,375,cdls,0x5eac86616030
3333,33,243,cdls,0x5eac86616030
3334,42,216,cdls,0x5eac86616030
3335,39,165,cdls,0x5eac86616030
3336,36,174,cdls,0x5eac86616030
3337,48,198,cdls,0x5eac86616030
3338,36,162,cdls,0x5eac86616030
3339,48,306,cdls,0x5eac86616030
3340,57,327,cdls,0x5eac86616030
3341,54,252,cdls,0x5eac86616030
3342,60,258,cdls,0x5eac86616030
3343,120,426,cdls,0x5eac86616030
3344,117,435,cdls,0x5eac86616030
3345,111,573,cdls,0x5eac86616030
3346,30,204,cdls,0x5eac86616030
3347,81,327,cdls,0x5eac86616030
3348,108,486,cdls,0x5eac86616030
3349,66,300,cdls,0x5eac86616030
3350,66,288,cdls,0x5eac86616030
3351,39,261,cdls,0x5eac86616030
3352,96,375,cdls,0x5eac86616030
3353,102,441,cdls,0x5eac86616030
3354,99,510,cdls,0x5eac86616030
3355,96,474,cdls,0x5eac86616030
3356,78,456,cdls,0x5eac86616030
3357,87,480,cdls,0x5eac86616030
3358,48,270,cdls,0x5eac86616030
3359,63,273,cdls,0x5eac86616030
3360,60,270,cdls,0x5eac86616030
3361,54,240,cdls,0x5eac86616030
3362,87,285,cdls,0x5eac86616030
3363,60,234,cdls,0x5eac86616030
3364,84,390,cdls,0x5eac86616030
3365,84,606,cdls,0x5eac86616030
3366,27,201,cdls,0x5eac86616030
3367,63,333,cdls,0x5eac86616030
3368,27,201,cdls,0x5eac86616030
3369,30,204,cdls,0x5eac86616030
3370,93,381,cdls,0x5eac86616030
3371,138,348,cdls,0x5eac86616030
3372,66,573,cdls,0x5eac86616030
3373,93,411,cdls,0x5eac86616030
3374,60,270,cdls,0x5eac86616030
3375,57,255,cdls,0x5eac86616030
3376,27,237,cdls,0x5eac86616030
3377,63,273,cdls,0x5eac86616030
3378,18,156,cdls,0x5eac86616030
3379,81,531,cdls,0x5eac86616030
3380,42,252,cdls,0x5eac86616030
3381,27,189,cdls,0x5eac86616030
3382,39,249,cdls,0x5eac86616030
3383,24,198,cdls,0x5eac86616030
3384,51,237,cdls,0x5eac86616030
3385,33,219,cdls,0x5eac86616030
3386,93,435,cdls,0x5eac86616030
3387,27,201,cdls,0x5eac86616030
3388,27,189,cdls,0x5eac86616030
3389,30,216,cdls,0x5eac86616030
3390,60,342,cdls,0x5eac86616030
3391,99,465,cdls,0x5eac86616030
3392,66,372,cdls,0x5eac86616030
3393,66,468,cdls,0x5eac86616030
3394,63,273,cdls,0x5eac86616030
3395,54,228,cdls,0x5eac86616030
3396,99,405,cdls,0x5eac86616030
3397,33,399,cdls,0x5eac86616030
3398,24,174,cdls,0x5eac86616030
3399,51,513,cdls,0x5eac86616030
3400,90,372,cdls,0x5eac86616030
3401,81,471,cdls,0x5eac86616030
3402,51,405,cdls,0x5eac86616030
3403,60,354,cdls,0x5eac86616030
3404,66,516,cdls,0x5eac86616030
3405,57,363,cdls,0x5eac86616030
3406,42,408,cdls,0x5eac86616030
3407,105,435,cdls,0x5eac86616030
3408,105,519,cdls,0x5eac86616030
3409,66,300,cdls,0x5eac86616030
3410,105,375,cdls,0x5eac86616030
3411,72,378,cdls,0x5eac86616030
3412,93,375,cdls,0x5eac86616030
3413,72,390,cdls,0x5eac86616030
3414,54,300,cdls,0x5eac86616030
3415,30,252,cdls,0x5eac86616030
3416,27,189,cdls,0x5eac86616030
3417,45,279,cdls,0x5eac86616030
3418,60,366,cdls,0x5eac86616030
3419,42,264,cdls,0x5eac86616030
3420,75,309,cdls,0x5eac86616030
3421,69,351,cdls,0x5eac86616030
3422,69,243,cdls,0x5eac86616030
3423,60,258,cdls,0x5eac86616030
3424,102,327,cdls,0x5eac86616030
3425,45,180,cdls,0x5eac86616030
3426,72,318,cdls,0x5eac86616030
3427,63,285,cdls,0x5eac86616030
3428,63,285,cdls,0x5eac86616030
3429,36,216,cdls,0x5eac86616030
3430,108,426,cdls,0x5eac86616030
3431,30,309,cdls,0x5eac86616030
3432,15,153,cdls,0x5eac86616030
3433,66,372,cdls,0x5eac86616030
3434,24,147,cdls,0x5eac86616030
3435,45,189,cdls,0x5eac86616030
3436,30,111,cdls,0x5eac86616030
3437,78,210,cdls,0x5eac86616030
3438,57,255,cdls,0x5eac86616030
3439,48,195,cdls,0x5eac86616030
3440,63,198,cdls,0x5eac86616030
3441,51,285,cdls,0x5eac86616030
3442,78,252,cdls,0x5eac86616030
3443,39,249,cdls,0x5eac86616030
3444,45,315,cdls,0x5eac86616030
3445,66,324,cdls,0x5eac86616030
3446,45,255,cdls,0x5eac86616030
3447,30,204,cdls,0x5eac86616030
3448,24,210,cdls,0x5eac86616030
3449,60,342,cdls,0x5eac86616030
3450,33,123,cdls,0x5eac86616030
3451,21,159,cdls,0x5eac86616030
3452,48,318,cdls,0x5eac86616030
3453,30,192,cdls,0x5eac86616030
3454,69,303,cdls,0x5eac86616030
3455,33,207,cdls,0x5eac86616030
3456,45,195,cdls,0x5eac86616030
3457,30,252,cdls,0x5eac86616030
3458,93,486,cdls,0x5eac86616030
3459,90,408,cdls,0x5eac86616030
3460,48,372,cdls,0x5eac86616030
3461,117,471,cdls,0x5eac86616030
3462,39,240,cdls,0x5eac86616030
3463,42,180,cdls,0x5eac86616030
3464,81,279,cdls,0x5eac86616030
3465,87,441,cdls,0x5eac86616030
3466,102,420,cdls,0x5eac86616030
3467,30,240,cdls,0x5eac86616030
3468,45,195,cdls,0x5eac86616030
3469,69,363,cdls,0x5eac86616030
3470,27,183,cdls,0x5eac86616030
3471,69,333,cdls,0x5eac86616030
3472,51,285,cdls,0x5eac86616030
3473,57,279,cdls,0x5eac86616030
3474,24,210,cdls,0x5eac86616030
3475,93,411,cdls,0x5eac86616030
3476,60,303,cdls,0x5eac86616030
3477,54,369,cdls,0x5eac86616030
3478,33,192,cdls,0x5eac86616030
3479,57,243,cdls,0x5eac86616030
3480,51,252,cdls,0x5eac86616030
3481,51,426,cdls,0x5eac86616030
3482,108,516,cdls,0x5eac86616030
3483,60,258,cdls,0x5eac86616030
3484,45,219,cdls,0x5eac86616030
3485,99,465,cdls,0x5eac86616030
3486,48,186,cdls,0x5eac86616030
3487,54,312,cdls,0x5eac86616030
3488,27,225,cdls,0x5eac86616030
3489,33,207,cdls,0x5eac86616030
3490,63,273,cdls,0x5eac86616030
3491,75,321,cdls,0x5eac86616030
3492,36,234,cdls,0x5eac86616030
3493,18,156,cdls,0x5eac86616030
3494,54,228,cdls,0x5eac86616030
3495,57,303,cdls,0x5eac86616030
3496,63,318,cdls,0x5eac86616030
3497,96,291,cdls,0x5eac86616030
3498,27,189,cdls,0x5eac86616030
3499,57,255,cdls,0x5eac86616030
3500,24,174,cdls,0x5eac86616030
3501,81,276,cdls,0x5eac86616030
3502,105,312,cdls,0x5eac86616030
3503,90,216,cdls,0x5eac86616030
3504,63,237,cdls,0x5eac86616030
3505,102,384,cdls,0x5eac86616030
3506,99,480,cdls,0x5eac86616030
3507,150,420,cdls,0x5eac86616030
3508,114,318,cdls,0x5eac86616030
3509,93,324,cdls,0x5eac86616030
3510,138,390,cdls,0x5eac86616030
3511,36,198,cdls,0x5eac86616030
3512,57,315,cdls,0x5eac86616030
3513,54,432,cdls,0x5eac86616030
3514,84,582,cdls,0x5eac86616030
3515,84,465,cdls,0x5eac86616030
3516,84,480,cdls,0x5eac86616030
3517,105,444,cdls,0x5eac86616030
3518,84,570,cdls,0x5eac86616030
3519,99,336,cdls,0x5eac86616030
3520,72,390,cdls,0x5eac86616030
3521,123,489,cdls,0x5eac86616030
3522,114,339,cdls,0x5eac86616030
3523,93,507,cdls,0x5eac86616030
3524,78,429,cdls,0x5eac86616030
3525,24,186,cdls,0x5eac86616030
3526,36,129,cdls,0x5eac86616030
3527,30,177,cdls,0x5eac86616030
3528,45,102,cdls,0x5eac86616030
3529,18,168,cdls,0x5eac86616030
3530,54,324,cdls,0x5eac86616030
3531,108,474,cdls,0x5eac86616030
3532,66,360,cdls,0x5eac86616030
3533,78,492,cdls,0x5eac86616030
3534,123,516,cdls,0x5eac86616030
3535,48,564,cdls,0x5eac86616030
3536,78,330,cdls,0x5eac86616030
3537,96,606,cdls,0x5eac86616030
3538,57,255,cdls,0x5eac86616030
3539,81,327,cdls,0x5eac86616030
3540,39,249,cdls,0x5eac86616030
3541,15,141,cdls,0x5eac86616030
3542,72,363,cdls,0x5eac86616030
3543,102,618,cdls,0x5eac86616030
3544,141,615,cdls,0x5eac86616030
3545,63,465,cdls,0x5eac86616030
3546,105,483,cdls,0x5eac86616030
3547,117,603,cdls,0x5eac86616030
3548,63,549,cdls,0x5eac86616030
3549,48,390,cdls,0x5eac86616030
3550,36,186,cdls,0x5eac86616030
3551,108,498,cdls,0x5eac86616030
3552,54,276,cdls,0x5eac86616030
3553,75,327,cdls,0x5eac86616030
3554,60,273,cdls,0x5eac86616030
3555,54,252,cdls,0x5eac86616030
3556,78,351,cdls,0x5eac86616030
3557,90,384,cdls,0x5eac86616030
3558,27,204,cdls,0x5eac86616030
3559,36,222,cdls,0x5eac86616030
3560,99,297,cdls,0x5eac86616030
3561,78,372,cdls,0x5eac86616030
3562,66,432,cdls,0x5eac86616030
3563,51,429,cdls,0x5eac86616030
3564,66,468,cdls,0x5eac86616030
3565,147,363,cdls,0x5eac86616030
3566,33,177,cdls,0x5eac86616030
3567,60,330,cdls,0x5eac86616030
3568,84,483,cdls,0x5eac86616030
3569,93,447,cdls,0x5eac86616030
3570,93,519,cdls,0x5eac86616030
3571,117,408,cdls,0x5eac86616030
3572,99,369,cdls,0x5eac86616030
3573,78,480,cdls,0x5eac86616030
3574,84,522,cdls,0x5eac86616030
3575,81,615,cdls,0x5eac86616030
3576,57,627,cdls,0x5eac86616030
3577,51,438,cdls,0x5eac86616030
3578,60,672,cdls,0x5eac86616030
3579,78,414,cdls,0x5eac86616030
3580,21,171,cdls,0x5eac86616030
3581,48,414,cdls,0x5eac86616030
3582,87,321,cdls,0x5eac86616030
3583,51,405,cdls,0x5eac86616030
3584,39,510,cdls,0x5eac86616030
3585,102,402,cdls,0x5eac86616030
3586,57,444,cdls,0x5eac86616030
3587,135,468,cdls,0x5eac86616030
3588,114,429,cdls,0x5eac86616030
3589,108,501,cdls,0x5eac86616030
3590,96,435,cdls,0x5eac86616030
3591,66,309,cdls,0x5eac86616030
3592,33,207,cdls,0x5eac86616030
3593,57,255,cdls,0x5eac86616030
3594,99,531,cdls,0x5eac86616030
3595,81,531,cdls,0x5eac86616030
3596,84,498,cdls,0x5eac86616030
3597,42,504,cdls,0x5eac86616030
3598,75,321,cdls,0x5eac86616030
3599,87,357,cdls,0x5eac86616030
3600,30,240,cdls,0x5eac86616030
3601,27,213,cdls,0x5eac86616030
3602,45,210,cdls,0x5eac86616030
3603,45,180,cdls,0x5eac86616030
3604,54,267,cdls,0x5eac86616030
3605,39,225,cdls,0x5eac86616030
3606,84,354,cdls,0x5eac86616030
3607,66,270,cdls,0x5eac86616030
3608,30,195,cdls,0x5eac86616030
3609,78,288,cdls,0x5eac86616030
3610,78,360,cdls,0x5eac86616030
3611,57,471,cdls,0x5eac86616030
3612,81,384,cdls,0x5eac86616030
3613,54,447,cdls,0x5eac86616030
3614,66,576,cdls,0x5eac86616030
3615,147,453,cdls,0x5eac86616030
3616,84,525,cdls,0x5eac86616030
3617,111,465,cdls,0x5eac86616030
3618,63,429,cdls,0x5eac86616030
3619,39,138,cdls,0x5eac86616030
3620,66,234,cdls,0x5eac86616030
3621,129,399,cdls,0x5eac86616030
3622,96,492,cdls,0x5eac86616030
3623,66,267,cdls,0x5eac86616030
3624,84,384,cdls,0x5eac86616030
3625,63,174,cdls,0x5eac86616030
3626,39,252,cdls,0x5eac86616030
3627,39,237,cdls,0x5eac86616030
3628,75,237,cdls,0x5eac86616030
3629,147,477,cdls,0x5eac86616030
3630,108,336,cdls,0x5eac86616030
3631,102,306,cdls,0x5eac86616030
3632,150,360,cdls,0x5eac86616030
3633,45,162,cdls,0x5eac86616030
3634,63,171,cdls,0x5eac86616030
3635,48,234,cdls,0x5eac86616030
3636,63,219,cdls,0x5eac86616030
3637,60,246,cdls,0x5eac86616030
3638,66,288,cdls,0x5eac86616030
3639,123,306,cdls,0x5eac86616030
3640,69,288,cdls,0x5eac86616030
3641,45,228,cdls,0x5eac86616030
3642,90,318,cdls,0x5eac86616030
3643,66,396,cdls,0x5eac86616030
3644,78,408,cdls,0x5eac86616030
3645,60,264,cdls,0x5eac86616030
3646,48,171,cdls,0x5eac86616030
3647,36,195,cdls,0x5eac86616030
3648,111,438,cdls,0x5eac86616030
3649,54,312,cdls,0x5eac86616030
3650,48,294,cdls,0x5eac86616030
3651,63,345,cdls,0x5eac86616030
3652,51,225,cdls,0x5eac86616030
3653,126,393,cdls,0x5eac86616030
3654,60,465,cdls,0x5eac86616030
3655,138,414,cdls,0x5eac86616030
3656,180,414,cdls,0x5eac86616030
3657,48,201,cdls,0x5eac86616030
3658,30,186,cdls,0x5eac86616030
3659,54,267,cdls,0x5eac86616030
3660,108,486,cdls,0x5eac86616030
3661,69,576,cdls,0x5eac86616030
3662,138,444,cdls,0x5eac86616030
3663,123,537,cdls,0x5eac86616030
3664,87,438,cdls,0x5eac86616030
3665,69,495,cdls,0x5eac86616030
3666,87,456,cdls,0x5eac86616030
3667,66,300,cdls,0x5eac86616030
3668,99,420,cdls,0x5eac86616030
3669,30,228,cdls,0x5eac86616030
3670,60,426,cdls,0x5eac86616030
3671,48,393,cdls,0x5eac86616030
3672,111,543,cdls,0x5eac86616030
3673,69,279,cdls,0x5eac86616030
3674,84,258,cdls,0x5eac86616030
3675,126,528,cdls,0x5eac86616030
3676,132,426,cdls,0x5eac86616030
3677,42,252,cdls,0x5eac86616030
3678,87,312,cdls,0x5eac86616030
3679,165,366,cdls,0x5eac86616030
3680,30,171,cdls,0x5eac86616030
3681,54,348,cdls,0x5eac86616030
3682,60,324,cdls,0x5eac86616030
3683,54,228,cdls,0x5eac86616030
3684,42,258,cdls,0x5eac86616030
3685,57,255,cdls,0x5eac86616030
3686,75,249,cdls,0x5eac86616030
3687,111,372,cdls,0x5eac86616030
3688,141,396,cdls,0x5eac86616030
3689,72,318,cdls,0x5eac86616030
3690,111,513,cdls,0x5eac86616030
3691,63,261,cdls,0x5eac86616030
3692,108,345,cdls,0x5eac86616030
3693,75,429,cdls,0x5eac86616030
3694,33,180,cdls,0x5eac86616030
3695,84,306,cdls,0x5eac86616030
3696,69,306,cdls,0x5eac86616030
3697,45,183,cdls,0x5eac86616030
3698,36,234,cdls,0x5eac86616030
3699,69,228,cdls,0x5eac86616030
3700,93,351,cdls,0x5eac86616030
3701,33,159,cdls,0x5eac86616030
3702,51,273,cdls,0x5eac86616030
3703,87,369,cdls,0x5eac86616030
3704,66,312,cdls,0x5eac86616030
3705,27,105,cdls,0x5eac86616030
3706,39,165,cdls,0x5eac86616030
3707,42,216,cdls,0x5eac86616030
3708,51,213,cdls,0x5eac86616030
3709,57,243,cdls,0x5eac86616030
3710,138,417,cdls,0x5eac86616030
3711,81,471,cdls,0x5eac86616030
3712,90,444,cdls,0x5eac86616030
3713,42,375,cdls,0x5eac86616030
3714,66,255,cdls,0x5eac86616030
3715,66,285,cdls,0x5eac86616030
3716,30,174,cdls,0x5eac86616030
3717,84,450,cdls,0x5eac86616030
3718,75,321,cdls,0x5eac86616030
3719,90,288,cdls,0x5eac86616030
3720,78,306,cdls,0x5eac86616030
3721,60,270,cdls,0x5eac86616030
3722,69,246,cdls,0x5eac86616030
3723,33,135,cdls,0x5eac86616030
3724,60,330,cdls,0x5eac86616030
3725,78,228,cdls,0x5eac86616030
3726,126,330,cdls,0x5eac86616030
3727,51,195,cdls,0x5eac86616030
3728,45,195,cdls,0x5eac86616030
3729,54,216,cdls,0x5eac86616030
3730,30,183,cdls,0x5eac86616030
3731,42,288,cdls,0x5eac86616030
3732,36,222,cdls,0x5eac86616030
3733,30,228,cdls,0x5eac86616030
3734,63,297,cdls,0x5eac86616030
3735,87,342,cdls,0x5eac86616030
3736,78,336,cdls,0x5eac86616030
3737,99,435,cdls,0x5eac86616030
3738,57,315,cdls,0x5eac86616030
3739,81,387,cdls,0x5eac86616030
3740,42,360,cdls,0x5eac86616030
3741,33,207,cdls,0x5eac86616030
3742,54,207,cdls,0x5eac86616030
3743,57,186,cdls,0x5eac86616030
3744,54,201,cdls,0x5eac86616030
3745,54,228,cdls,0x5eac86616030
3746,75,201,cdls,0x5eac86616030
3747,36,189,cdls,0x5eac86616030
3748,111,405,cdls,0x5eac86616030
3749,90,330,cdls,0x5eac86616030
3750,72,330,cdls,0x5eac86616030
3751,36,234,cdls,0x5eac86616030
3752,57,327,cdls,0x5eac86616030
3753,27,201,cdls,0x5eac86616030
3754,48,183,cdls,0x5eac86616030
3755,36,132,cdls,0x5eac86616030
3756,27,171,cdls,0x5eac86616030
3757,36,234,cdls,0x5eac86616030
3758,75,291,cdls,0x5eac86616030
3759,45,279,cdls,0x5eac86616030
3760,39,192,cdls,0x5eac86616030
3761,48,261,cdls,0x5eac86616030
3762,39,165,cdls,0x5eac86616030
3763,66,312,cdls,0x5eac86616030
3764,63,237,cdls,0x5eac86616030
3765,60,270,cdls,0x5eac86616030
3766,87,273,cdls,0x5eac86616030
3767,75,285,cdls,0x5eac86616030
3768,60,192,cdls,0x5eac86616030
3769,66,270,cdls,0x5eac86616030
3770,33,189,cdls,0x5eac86616030
3771,36,138,cdls,0x5eac86616030
3772,66,384,cdls,0x5eac86616030
3773,24,153,cdls,0x5eac86616030
3774,114,318,cdls,0x5eac86616030
3775,105,447,cdls,0x5eac86616030
3776,141,333,cdls,0x5eac86616030
3777,72,306,cdls,0x5eac86616030
3778,90,306,cdls,0x5eac86616030
3779,102,372,cdls,0x5eac86616030
3780,27,222,cdls,0x5eac86616030
3781,102,504,cdls,0x5eac86616030
3782,42,171,cdls,0x5eac86616030
3783,75,228,cdls,0x5eac86616030
3784,66,363,cdls,0x5eac86616030
3785,75,345,cdls,0x5eac86616030
3786,84,426,cdls,0x5eac86616030
3787,33,207,cdls,0x5eac86616030
3788,81,261,cdls,0x5eac86616030
3789,66,165,cdls,0x5eac86616030
3790,39,153,cdls,0x5eac86616030
3791,81,279,cdls,0x5eac86616030
3792,90,372,cdls,0x5eac86616030
3793,69,291,cdls,0x5eac86616030
3794,21,183,cdls,0x5eac86616030
3795,72,342,cdls,0x5eac86616030
3796,69,339,cdls,0x5eac86616030
3797,81,327,cdls,0x5eac86616030
3798,36,210,cdls,0x5eac86616030
3799,30,204,cdls,0x5eac86616030
3800,90,507,cdls,0x5eac86616030
3801,69,465,cdls,0x5eac86616030
3802,60,378,cdls,0x5eac86616030
3803,108,342,cdls,0x5eac86616030
3804,51,441,cdls,0x5eac86616030
3805,126,504,cdls,0x5eac86616030
3806,60,639,cdls,0x5eac86616030
3807,90,624,cdls,0x5eac86616030
3808,81,675,cdls,0x5eac86616030
3809,105,447,cdls,0x5eac86616030
3810,111,453,cdls,0x5eac86616030
3811,60,282,cdls,0x5eac86616030
3812,87,309,cdls,0x5eac86616030
3813,111,444,cdls,0x5eac86616030
3814,78,375,cdls,0x5eac86616030
3815,78,456,cdls,0x5eac86616030
3816,105,543,cdls,0x5eac86616030
3817,42,168,cdls,0x5eac86616030
3818,57,234,cdls,0x5eac86616030
3819,54,291,cdls,0x5eac86616030
3820,36,204,cdls,0x5eac86616030
3821,105,375,cdls,0x5eac86616030
3822,51,381,cdls,0x5eac86616030
3823,87,405,cdls,0x5eac86616030
3824,75,393,cdls,0x5eac86616030
3825,105,414,cdls,0x5eac86616030
3826,60,480,cdls,0x5eac86616030
3827,66,348,cdls,0x5eac86616030
3828,66,249,cdls,0x5eac86616030
3829,63,285,cdls,0x5eac86616030
3830,93,435,cdls,0x5eac86616030
3831,33,207,cdls,0x5eac86616030
3832,24,186,cdls,0x5eac86616030
3833,57,315,cdls,0x5eac86616030
3834,81,327,cdls,0x5eac86616030
3835,30,120,cdls,0x5eac86616030
3836,36,222,cdls,0x5eac86616030
3837,36,150,cdls,0x5eac86616030
3838,45,183,cdls,0x5eac86616030
3839,30,240,cdls,0x5eac86616030
3840,66,276,cdls,0x5eac86616030
3841,87,369,cdls,0x5eac86616030
3842,57,207,cdls,0x5eac86616030
3843,48,306,cdls,0x5eac86616030
3844,24,132,cdls,0x5eac86616030
3845,27,159,cdls,0x5eac86616030
3846,24,168,cdls,0x5eac86616030
3847,87,393,cdls,0x5eac86616030
3848,60,246,cdls,0x5eac86616030
3849,99,498,cdls,0x5eac86616030
3850,93,477,cdls,0x5eac86616030
3851,63,318,cdls,0x5eac86616030
3852,108,327,cdls,0x5eac86616030
3853,39,234,cdls,0x5eac86616030
3854,45,222,cdls,0x5eac86616030
3855,33,177,cdls,0x5eac86616030
3856,51,225,cdls,0x5eac86616030
3857,36,222,cdls,0x5eac86616030
3858,51,297,cdls,0x5eac86616030
3859,69,291,cdls,0x5eac86616030
3860,36,147,cdls,0x5eac86616030
3861,45,279,cdls,0x5eac86616030
3862,54,312,cdls,0x5eac86616030
3863,93,339,cdls,0x5eac86616030
3864,66,267,cdls,0x5eac86616030
3865,78,444,cdls,0x5eac86616030
3866,99,513,cdls,0x5eac86616030
3867,39,156,cdls,0x5eac86616030
3868,84,309,cdls,0x5eac86616030
3869,81,375,cdls,0x5eac86616030
3870,90,408,cdls,0x5eac86616030
3871,24,183,cdls,0x5eac86616030
3872,39,303,cdls,0x5eac86616030
3873,27,183,cdls,0x5eac86616030
3874,54,207,cdls,0x5eac86616030
3875,99,291,cdls,0x5eac86616030
3876,90,369,cdls,0x5eac86616030
3877,63,345,cdls,0x5eac86616030
3878,81,354,cdls,0x5eac86616030
3879,75,504,cdls,0x5eac86616030
3880,75,384,cdls,0x5eac86616030
3881,69,297,cdls,0x5eac86616030
3882,81,342,cdls,0x5eac86616030
3883,36,300,cdls,0x5eac86616030
3884,27,213,cdls,0x5eac86616030
3885,18,168,cdls,0x5eac86616030
3886,90,372,cdls,0x5eac86616030
3887,30,204,cdls,0x5eac86616030
3888,27,105,cdls,0x5eac86616030
3889,33,135,cdls,0x5eac86616030
3890,69,222,cdls,0x5eac86616030
3891,45,168,cdls,0x5eac86616030
3892,36,168,cdls,0x5eac86616030
3893,117,378,cdls,0x5eac86616030
3894,84,285,cdls,0x5eac86616030
3895,60,198,cdls,0x5eac86616030
3896,66,228,cdls,0x5eac86616030
3897,72,318,cdls,0x5eac86616030
3898,48,246,cdls,0x5eac86616030
3899,96,330,cdls,0x5eac86616030
3900,57,216,cdls,0x5eac86616030
3901,33,174,cdls,0x5eac86616030
3902,75,279,cdls,0x5eac86616030
3903,39,453,cdls,0x5eac86616030
3904,78,378,cdls,0x5eac86616030
3905,102,489,cdls,0x5eac86616030
3906,108,408,cdls,0x5eac86616030
3907,69,606,cdls,0x5eac86616030
3908,84,504,cdls,0x5eac86616030
3909,87,489,cdls,0x5eac86616030
3910,126,444,cdls,0x5eac86616030
3911,126,363,cdls,0x5eac86616030
3912,165,405,cdls,0x5eac86616030
3913,81,486,cdls,0x5eac86616030
3914,54,435,cdls,0x5eac86616030
3915,81,354,cdls,0x5eac86616030
3916,111,411,cdls,0x5eac86616030
3917,117,351,cdls,0x5eac86616030
3918,42,243,cdls,0x5eac86616030
3919,51,231,cdls,0x5eac86616030
3920,105,288,cdls,0x5eac86616030
3921,120,282,cdls,0x5eac86616030
3922,63,222,cdls,0x5eac86616030
3923,51,210,cdls,0x5eac86616030
3924,90,306,cdls,0x5eac86616030
3925,63,261,cdls,0x5eac86616030
3926,96,351,cdls,0x5eac86616030
3927,120,378,cdls,0x5eac86616030
3928,54,276,cdls,0x5eac86616030
3929,48,273,cdls,0x5eac86616030
3930,54,312,cdls,0x5eac86616030
3931,108,447,cdls,0x5eac86616030
3932,126,306,cdls,0x5eac86616030
3933,120,618,cdls,0x5eac86616030
3934,126,375,cdls,0x5eac86616030
3935,75,189,cdls,0x5eac86616030
3936,57,234,cdls,0x5eac86616030
3937,78,243,cdls,0x5eac86616030
3938,39,237,cdls,0x5eac86616030
3939,33,231,cdls,0x5eac86616030
3940,84,276,cdls,0x5eac86616030
3941,45,279,cdls,0x5eac86616030
3942,27,201,cdls,0x5eac86616030
3943,90,324,cdls,0x5eac86616030
3944,93,321,cdls,0x5eac86616030
3945,84,294,cdls,0x5eac86616030
3946,72,363,cdls,0x5eac86616030
3947,54,324,cdls,0x5eac86616030
3948,72,330,cdls,0x5eac86616030
3949,54,312,cdls,0x5eac86616030
3950,36,141,cdls,0x5eac86616030
3951,81,258,cdls,0x5eac86616030
3952,51,297,cdls,0x5eac86616030
3953,51,210,cdls,0x5eac86616030
3954,60,183,cdls,0x5eac86616030
3955,54,240,cdls,0x5eac86616030
3956,30,216,cdls,0x5eac86616030
3957,24,186,cdls,0x5eac86616030
3958,54,240,cdls,0x5eac86616030
3959,18,144,cdls,0x5eac86616030
3960,102,348,cdls,0x5eac86616030
3961,33,240,cdls,0x5eac86616030
3962,30,183,cdls,0x5eac86616030
3963,42,276,cdls,0x5eac86616030
3964,123,369,cdls,0x5eac86616030
3965,114,342,cdls,0x5eac86616030
3966,66,288,cdls,0x5eac86616030
3967,36,138,cdls,0x5eac86616030
3968,48,396,cdls,0x5eac86616030
3969,60,402,cdls,0x5eac86616030
3970,75,597,cdls,0x5eac86616030
3971,51,501,cdls,0x5eac86616030
3972,72,426,cdls,0x5eac86616030
3973,72,366,cdls,0x5eac86616030
3974,93,495,cdls,0x5eac86616030
3975,105,639,cdls,0x5eac86616030
3976,63,297,cdls,0x5eac86616030
3977,27,213,cdls,0x5eac86616030
3978,27,201,cdls,0x5eac86616030
3979,66,420,cdls,0x5eac86616030
3980,117,495,cdls,0x5eac86616030
3981,78,348,cdls,0x5eac86616030
3982,96,426,cdls,0x5eac86616030
3983,42,213,cdls,0x5eac86616030
3984,51,309,cdls,0x5eac86616030
3985,36,234,cdls,0x5eac86616030
3986,72,228,cdls,0x5eac86616030
3987,69,531,cdls,0x5eac86616030
3988,153,483,cdls,0x5eac86616030
3989,48,408,cdls,0x5eac86616030
3990,114,483,cdls,0x5eac86616030
3991,84,294,cdls,0x5eac86616030
3992,30,228,cdls,0x5eac86616030
3993,21,183,cdls,0x5eac86616030
3994,72,402,cdls,0x5eac86616030
3995,48,294,cdls,0x5eac86616030
3996,75,321,cdls,0x5eac86616030
3997,54,384,cdls,0x5eac86616030
3998,57,435,cdls,0x5eac86616030
3999,63,408,cdls,0x5eac86616030
4000,69,342,cdls,0x5eac86616030
4001,48,369,cdls,0x5eac86616030
4002,63,438,cdls,0x5eac86616030
4003,72,510,cdls,0x5eac86616030
4004,84,585,cdls,0x5eac86616030
4005,93,393,cdls,0x5eac86616030
4006,45,456,cdls,0x5eac86616030
4007,96,474,cdls,0x5eac86616030
4008,72,627,cdls,0x5eac86616030
4009,123,393,cdls,0x5eac86616030
4010,132,402,cdls,0x5eac86616030
4011,75,429,cdls,0x5eac86616030
4012,69,228,cdls,0x5eac86616030
4013,84,354,cdls,0x5eac86616030
4014,72,279,cdls,0x5eac86616030
4015,42,156,cdls,0x5eac86616030
4016,93,345,cdls,0x5eac86616030
4017,81,315,cdls,0x5eac86616030
4018,66,207,cdls,0x5eac86616030
4019,72,294,cdls,0x5eac86616030
4020,105,372,cdls,0x5eac86616030
4021,57,459,cdls,0x5eac86616030
4022,27,201,cdls,0x5eac86616030
4023,39,204,cdls,0x5eac86616030
4024,75,321,cdls,0x5eac86616030
4025,39,237,cdls,0x5eac86616030
4026,111,294,cdls,0x5eac86616030
4027,87,270,cdls,0x5eac86616030
4028,48,234,cdls,0x5eac86616030
4029,111,432,cdls,0x5eac86616030
4030,66,297,cdls,0x5eac86616030
4031,102,297,cdls,0x5eac86616030
4032,72,195,cdls,0x5eac86616030
4033,69,252,cdls,0x5eac86616030
4034,75,321,cdls,0x5eac86616030
4035,90,369,cdls,0x5eac86616030
4036,48,342,cdls,0x5eac86616030
4037,75,342,cdls,0x5eac86616030
4038,69,315,cdls,0x5eac86616030
4039,24,165,cdls,0x5eac86616030
4040,87,339,cdls,0x5eac86616030
4041,27,213,cdls,0x5eac86616030
4042,27,171,cdls,0x5eac86616030
4043,33,198,cdls,0x5eac86616030
4044,30,228,cdls,0x5eac86616030
4045,63,261,cdls,0x5eac86616030
4046,33,219,cdls,0x5eac86616030
4047,126,456,cdls,0x5eac86616030
4048,66,393,cdls,0x5eac86616030
4049,105,375,cdls,0x5eac86616030
4050,90,270,cdls,0x5eac86616030
4051,99,321,cdls,0x5eac86616030
4052,141,405,cdls,0x5eac86616030
4053,81,351,cdls,0x5eac86616030
4054,21,159,cdls,0x5eac86616030
4055,24,186,cdls,0x5eac86616030
4056,117,399,cdls,0x5eac86616030
4057,69,375,cdls,0x5eac86616030
4058,69,462,cdls,0x5eac86616030
4059,135,597,cdls,0x5eac86616030
4060,126,528,cdls,0x5eac86616030
4061,57,327,cdls,0x5eac86616030
4062,60,336,cdls,0x5eac86616030
4063,24,162,cdls,0x5eac86616030
4064,96,405,cdls,0x5eac86616030
4065,78,432,cdls,0x5eac86616030
4066,84,486,cdls,0x5eac86616030
4067,72,450,cdls,0x5eac86616030
4068,33,168,cdls,0x5eac86616030
4069,45,189,cdls,0x5eac86616030
4070,48,177,cdls,0x5eac86616030
4071,42,168,cdls,0x5eac86616030
4072,63,381,cdls,0x5eac86616030
4073,87,477,cdls,0x5eac86616030
4074,81,531,cdls,0x5eac86616030
4075,75,537,cdls,0x5eac86616030
4076,39,261,cdls,0x5eac86616030
4077,75,441,cdls,0x5eac86616030
4078,69,567,cdls,0x5eac86616030
4079,27,213,cdls,0x5eac86616030
4080,72,258,cdls,0x5eac86616030
4081,48,270,cdls,0x5eac86616030
4082,33,195,cdls,0x5eac86616030
4083,60,306,cdls,0x5eac86616030
4084,42,228,cdls,0x5eac86616030
4085,42,240,cdls,0x5eac86616030
4086,84,414,cdls,0x5eac86616030
4087,84,330,cdls,0x5eac86616030
4088,24,198,cdls,0x5eac86616030
4089,126,396,cdls,0x5eac86616030
4090,72,378,cdls,0x5eac86616030
4091,30,120,cdls,0x5eac86616030
4092,24,186,cdls,0x5eac86616030
4093,27,165,cdls,0x5eac86616030
4094,24,186,cdls,0x5eac86616030
4095,27,162,cdls,0x5eac86616030
4096,54,264,cdls,0x5eac86616030
4097,75,450,cdls,0x5eac86616030
4098,30,216,cdls,0x5eac86616030
4099,48,402,cdls,0x5eac86616030
4100,54,288,cdls,0x5eac86616030
4101,27,189,cdls,0x5eac86616030
4102,90,336,cdls,0x5eac86616030
4103,45,177,cdls,0x5eac86616030
4104,24,141,cdls,0x5eac86616030
4105,123,363,cdls,0x5eac86616030
4106,84,558,cdls,0x5eac86616030
4107,36,498,cdls,0x5eac86616030
4108,81,576,cdls,0x5eac86616030
4109,78,516,cdls,0x5eac86616030
4110,114,456,cdls,0x5eac86616030
4111,51,525,cdls,0x5eac86616030
4112,84,426,cdls,0x5eac86616030
4113,36,246,cdls,0x5eac86616030
4114,63,261,cdls,0x5eac86616030
4115,21,171,cdls,0x5eac86616030
4116,45,183,cdls,0x5eac86616030
4117,72,306,cdls,0x5eac86616030
4118,51,213,cdls,0x5eac86616030
4119,81,351,cdls,0x5eac86616030
4120,27,213,cdls,0x5eac86616030
4121,63,321,cdls,0x5eac86616030
4122,18,132,cdls,0x5eac86616030
4123,81,315,cdls,0x5eac86616030
4124,48,414,cdls,0x5eac86616030
4125,84,534,cdls,0x5eac86616030
4126,90,504,cdls,0x5eac86616030
4127,123,681,cdls,0x5eac86616030
4128,90,576,cdls,0x5eac86616030
4129,72,522,cdls,0x5eac86616030
4130,81,471,cdls,0x5eac86616030
4131,108,498,cdls,0x5eac86616030
4132,81,615,cdls,0x5eac86616030
4133,48,294,cdls,0x5eac86616030
4134,21,183,cdls,0x5eac86616030
4135,33,231,cdls,0x5eac86616030
4136,84,306,cdls,0x5eac86616030
4137,81,483,cdls,0x5eac86616030
4138,78,564,cdls,0x5eac86616030
4139,24,186,cdls,0x5eac86616030
4140,45,351,cdls,0x5eac86616030
4141,66,372,cdls,0x5eac86616030
4142,45,291,cdls,0x5eac86616030
4143,39,249,cdls,0x5eac86616030
4144,24,186,cdls,0x5eac86616030
4145,165,531,cdls,0x5eac86616030
4146,93,447,cdls,0x5eac86616030
4147,48,174,cdls,0x5eac86616030
4148,36,246,cdls,0x5eac86616030
4149,75,297,cdls,0x5eac86616030
4150,66,252,cdls,0x5eac86616030
4151,54,396,cdls,0x5eac86616030
4152,66,696,cdls,0x5eac86616030
4153,18,156,cdls,0x5eac86616030
4154,75,465,cdls,0x5eac86616030
4155,66,300,cdls,0x5eac86616030
4156,78,405,cdls,0x5eac86616030
4157,90,369,cdls,0x5eac86616030
4158,93,411,cdls,0x5eac86616030
4159,39,273,cdls,0x5eac86616030
4160,78,309,cdls,0x5eac86616030
4161,36,333,cdls,0x5eac86616030
4162,27,177,cdls,0x5eac86616030
4163,87,573,cdls,0x5eac86616030
4164,60,474,cdls,0x5eac86616030
4165,42,507,cdls,0x5eac86616030
4166,87,576,cdls,0x5eac86616030
4167,105,507,cdls,0x5eac86616030
4168,81,507,cdls,0x5eac86616030
4169,111,513,cdls,0x5eac86616030
4170,36,426,cdls,0x5eac86616030
4171,90,804,cdls,0x5eac86616030
4172,105,639,cdls,0x5eac86616030
4173,54,444,cdls,0x5eac86616030
4174,54,588,cdls,0x5eac86616030
4175,150,471,cdls,0x5eac86616030
4176,87,429,cdls,0x5eac86616030
4177,30,216,cdls,0x5eac86616030
4178,54,480,cdls,0x5eac86616030
4179,27,213,cdls,0x5eac86616030
4180,21,135,cdls,0x5eac86616030
4181,24,186,cdls,0x5eac86616030
4182,63,228,cdls,0x5eac86616030
4183,78,327,cdls,0x5eac86616030
4184,57,216,cdls,0x5eac86616030
4185,93,303,cdls,0x5eac86616030
4186,27,297,cdls,0x5eac86616030
4187,72,378,cdls,0x5eac86616030
4188,42,153,cdls,0x5eac86616030
4189,96,339,cdls,0x5eac86616030
4190,24,198,cdls,0x5eac86616030
4191,93,411,cdls,0x5eac86616030
4192,81,603,cdls,0x5eac86616030
4193,42,174,cdls,0x5eac86616030
4194,36,195,cdls,0x5eac86616030
4195,39,261,cdls,0x5eac86616030
4196,75,348,cdls,0x5eac86616030
4197,45,291,cdls,0x5eac86616030
4198,72,279,cdls,0x5eac86616030
4199,42,165,cdls,0x5eac86616030
4200,159,387,cdls,0x5eac86616030
4201,60,342,cdls,0x5eac86616030
4202,57,309,cdls,0x5eac86616030
4203,126,588,cdls,0x5eac86616030
4204,108,414,cdls,0x5eac86616030
4205,144,420,cdls,0x5eac86616030
4206,72,654,cdls,0x5eac86616030
4207,69,357,cdls,0x5eac86616030
4208,84,390,cdls,0x5eac86616030
4209,87,357,cdls,0x5eac86616030
4210,69,519,cdls,0x5eac86616030
4211,69,519,cdls,0x5eac86616030
4212,87,573,cdls,0x5eac86616030
4213,117,543,cdls,0x5eac86616030
4214,63,516,cdls,0x5eac86616030
4215,129,441,cdls,0x5eac86616030
4216,45,495,cdls,0x5eac86616030
4217,45,699,cdls,0x5eac86616030
4218,138,582,cdls,0x5eac86616030
4219,171,486,cdls,0x5eac86616030
4220,102,654,cdls,0x5eac86616030
4221,111,429,cdls,0x5eac86616030
4222,96,525,cdls,0x5eac86616030
4223,123,363,cdls,0x5eac86616030
4224,45,483,cdls,0x5eac86616030
4225,105,759,cdls,0x5eac86616030
4226,99,777,cdls,0x5eac86616030
4227,72,714,cdls,0x5eac86616030
4228,90,513,cdls,0x5eac86616030
4229,90,591,cdls,0x5eac86616030
4230,57,684,cdls,0x5eac86616030
4231,120,741,cdls,0x5eac86616030
4232,48,678,cdls,0x5eac86616030
4233,102,609,cdls,0x5eac86616030
4234,45,507,cdls,0x5eac86616030
4235,120,522,cdls,0x5eac86616030
4236,120,450,cdls,0x5eac86616030
4237,102,576,cdls,0x5eac86616030
4238,54,480,cdls,0x5eac86616030
4239,84,690,cdls,0x5eac86616030
4240,84,477,cdls,0x5eac86616030
4241,102,516,cdls,0x5eac86616030
4242,120,354,cdls,0x5eac86616030
4243,66,252,cdls,0x5eac86616030
4244,60,264,cdls,0x5eac86616030
4245,84,378,cdls,0x5eac86616030
4246,45,183,cdls,0x5eac86616030
4247,36,291,cdls,0x5eac86616030
4248,75,234,cdls,0x5eac86616030
4249,78,303,cdls,0x5eac86616030
4250,102,528,cdls,0x5eac86616030
4251,60,474,cdls,0x5eac86616030
4252,81,483,cdls,0x5eac86616030
4253,69,723,cdls,0x5eac86616030
4254,87,492,cdls,0x5eac86616030
4255,42,588,cdls,0x5eac86616030
4256,48,402,cdls,0x5eac86616030
4257,69,303,cdls,0x5eac86616030
4258,51,333,cdls,0x5eac86616030
4259,69,327,cdls,0x5eac86616030
4260,78,528,cdls,0x5eac86616030
4261,30,192,cdls,0x5eac86616030
4262,123,459,cdls,0x5eac86616030
4263,141,381,cdls,0x5eac86616030
4264,39,135,cdls,0x5eac86616030
4265,72,231,cdls,0x5eac86616030
4266,132,585,cdls,0x5eac86616030
4267,141,396,cdls,0x5eac86616030
4268,123,486,cdls,0x5eac86616030
4269,45,411,cdls,0x5eac86616030
4270,90,318,cdls,0x5eac86616030
4271,51,228,cdls,0x5eac86616030
4272,132,360,cdls,0x5eac86616030
4273,144,303,cdls,0x5eac86616030
4274,18,168,cdls,0x5eac86616030
4275,99,498,cdls,0x5eac86616030
4276,24,174,cdls,0x5eac86616030
4277,87,273,cdls,0x5eac86616030
4278,60,177,cdls,0x5eac86616030
4279,42,180,cdls,0x5eac86616030
4280,45,171,cdls,0x5eac86616030
4281,45,219,cdls,0x5eac86616030
4282,60,255,cdls,0x5eac86616030
4283,84,213,cdls,0x5eac86616030
4284,69,324,cdls,0x5eac86616030
4285,81,327,cdls,0x5eac86616030
4286,69,675,cdls,0x5eac86616030
4287,54,540,cdls,0x5eac86616030
4288,57,453,cdls,0x5eac86616030
4289,78,564,cdls,0x5eac86616030
4290,54,471,cdls,0x5eac86616030
4291,99,528,cdls,0x5eac86616030
4292,69,498,cdls,0x5eac86616030
4293,138,408,cdls,0x5eac86616030
4294,105,309,cdls,0x5eac86616030
4295,48,234,cdls,0x5eac86616030
4296,51,363,cdls,0x5eac86616030
4297,120,309,cdls,0x5eac86616030
4298,81,258,cdls,0x5eac86616030
4299,45,159,cdls,0x5eac86616030
4300,72,342,cdls,0x5eac86616030
4301,93,417,cdls,0x5eac86616030
4302,45,354,cdls,0x5eac86616030
4303,66,408,cdls,0x5eac86616030
4304,60,342,cdls,0x5eac86616030
4305,153,360,cdls,0x5eac86616030
4306,90,441,cdls,0x5eac86616030
4307,90,468,cdls,0x5eac86616030
4308,54,588,cdls,0x5eac86616030
4309,114,441,cdls,0x5eac86616030
4310,72,558,cdls,0x5eac86616030
4311,87,699,cdls,0x5eac86616030
4312,60,294,cdls,0x5eac86616030
4313,27,189,cdls,0x5eac86616030
4314,51,237,cdls,0x5eac86616030
4315,93,300,cdls,0x5eac86616030
4316,54,492,cdls,0x5eac86616030
4317,18,123,cdls,0x5eac86616030
4318,72,231,cdls,0x5eac86616030
4319,69,450,cdls,0x5eac86616030
4320,108,510,cdls,0x5eac86616030
4321,30,222,cdls,0x5eac86616030
4322,96,387,cdls,0x5eac86616030
4323,72,240,cdls,0x5eac86616030
4324,105,306,cdls,0x5eac86616030
4325,78,408,cdls,0x5eac86616030
4326,96,498,cdls,0x5eac86616030
4327,45,495,cdls,0x5eac86616030
4328,30,360,cdls,0x5eac86616030
4329,45,315,cdls,0x5eac86616030
4330,21,147,cdls,0x5eac86616030
4331,114,396,cdls,0x5eac86616030
4332,90,384,cdls,0x5eac86616030
4333,60,486,cdls,0x5eac86616030
4334,18,168,cdls,0x5eac86616030
4335,90,444,cdls,0x5eac86616030
4336,126,390,cdls,0x5eac86616030
4337,78,684,cdls,0x5eac86616030
4338,63,486,cdls,0x5eac86616030
4339,99,474,cdls,0x5eac86616030
4340,48,462,cdls,0x5eac86616030
4341,69,747,cdls,0x5eac86616030
4342,72,750,cdls,0x5eac86616030
4343,75,453,cdls,0x5eac86616030
4344,42,384,cdls,0x5eac86616030
4345,96,336,cdls,0x5eac86616030
4346,75,357,cdls,0x5eac86616030
4347,81,399,cdls,0x5eac86616030
4348,129,600,cdls,0x5eac86616030
4349,51,480,cdls,0x5eac86616030
4350,132,408,cdls,0x5eac86616030
4351,54,264,cdls,0x5eac86616030
4352,117,408,cdls,0x5eac86616030
4353,81,306,cdls,0x5eac86616030
4354,120,324,cdls,0x5eac86616030
4355,81,522,cdls,0x5eac86616030
4356,33,171,cdls,0x5eac86616030
4357,66,204,cdls,0x5eac86616030
4358,78,408,cdls,0x5eac86616030
4359,45,255,cdls,0x5eac86616030
4360,69,213,cdls,0x5eac86616030
4361,102,369,cdls,0x5eac86616030
4362,42,210,cdls,0x5eac86616030
4363,99,327,cdls,0x5eac86616030
4364,54,150,cdls,0x5eac86616030
4365,93,261,cdls,0x5eac86616030
4366,90,270,cdls,0x5eac86616030
4367,42,159,cdls,0x5eac86616030
4368,141,333,cdls,0x5eac86616030
4369,126,459,cdls,0x5eac86616030
4370,30,204,cdls,0x5eac86616030
4371,63,297,cdls,0x5eac86616030
4372,27,159,cdls,0x5eac86616030
4373,72,213,cdls,0x5eac86616030
4374,75,282,cdls,0x5eac86616030
4375,48,183,cdls,0x5eac86616030
4376,66,297,cdls,0x5eac86616030
4377,84,273,cdls,0x5eac86616030
4378,120,288,cdls,0x5eac86616030
4379,39,177,cdls,0x5eac86616030
4380,72,258,cdls,0x5eac86616030
4381,72,231,cdls,0x5eac86616030
4382,42,213,cdls,0x5eac86616030
4383,60,192,cdls,0x5eac86616030
4384,63,180,cdls,0x5eac86616030
4385,69,222,cdls,0x5eac86616030
4386,51,285,cdls,0x5eac86616030
4387,54,240,cdls,0x5eac86616030
4388,27,195,cdls,0x5eac86616030
4389,51,354,cdls,0x5eac86616030
4390,63,183,cdls,0x5eac86616030
4391,54,210,cdls,0x5eac86616030
4392,42,150,cdls,0x5eac86616030
4393,66,243,cdls,0x5eac86616030
4394,36,114,cdls,0x5eac86616030
4395,57,231,cdls,0x5eac86616030
4396,75,279,cdls,0x5eac86616030
4397,57,168,cdls,0x5eac86616030
4398,36,246,cdls,0x5eac86616030
4399,54,384,cdls,0x5eac86616030
4400,30,216,cdls,0x5eac86616030
4401,99,345,cdls,0x5eac86616030
4402,75,333,cdls,0x5eac86616030
4403,45,279,cdls,0x5eac86616030
4404,18,144,cdls,0x5eac86616030
4405,27,177,cdls,0x5eac86616030
4406,69,303,cdls,0x5eac86616030
4407,42,345,cdls,0x5eac86616030
4408,24,174,cdls,0x5eac86616030
4409,51,225,cdls,0x5eac86616030
4410,102,321,cdls,0x5eac86616030
4411,84,330,cdls,0x5eac86616030
4412,96,387,cdls,0x5eac86616030
4413,36,189,cdls,0x5eac86616030
4414,57,423,cdls,0x5eac86616030
4415,84,273,cdls,0x5eac86616030
4416,120,333,cdls,0x5eac86616030
4417,63,312,cdls,0x5eac86616030
4418,57,219,cdls,0x5eac86616030
4419,45,255,cdls,0x5eac86616030
4420,81,348,cdls,0x5eac86616030
4421,78,255,cdls,0x5eac86616030
4422,63,351,cdls,0x5eac86616030
4423,102,372,cdls,0x5eac86616030
4424,54,240,cdls,0x5eac86616030
4425,78,273,cdls,0x5eac86616030
4426,69,276,cdls,0x5eac86616030
4427,114,381,cdls,0x5eac86616030
4428,54,285,cdls,0x5eac86616030
4429,84,297,cdls,0x5eac86616030
4430,84,366,cdls,0x5eac86616030
4431,84,315,cdls,0x5eac86616030
4432,60,264,cdls,0x5eac86616030
4433,51,489,cdls,0x5eac86616030
4434,66,360,cdls,0x5eac86616030
4435,72,276,cdls,0x5eac86616030
4436,87,291,cdls,0x5eac86616030
4437,42,234,cdls,0x5eac86616030
4438,54,342,cdls,0x5eac86616030
4439,51,285,cdls,0x5eac86616030
4440,141,354,cdls,0x5eac86616030
4441,45,159,cdls,0x5eac86616030
4442,57,243,cdls,0x5eac86616030
4443,33,168,cdls,0x5eac86616030
4444,45,267,cdls,0x5eac86616030
4445,24,198,cdls,0x5eac86616030
4446,51,321,cdls,0x5eac86616030
4447,36,138,cdls,0x5eac86616030
4448,93,390,cdls,0x5eac86616030
4449,39,270,cdls,0x5eac86616030
4450,108,426,cdls,0x5eac86616030
4451,63,501,cdls,0x5eac86616030
4452,120,465,cdls,0x5eac86616030
4453,108,654,cdls,0x5eac86616030
4454,60,408,cdls,0x5eac86616030
4455,177,438,cdls,0x5eac86616030
4456,114,510,cdls,0x5eac86616030
4457,105,468,cdls,0x5eac86616030
4458,96,336,cdls,0x5eac86616030
4459,60,426,cdls,0x5eac86616030
4460,54,324,cdls,0x5eac86616030
4461,30,192,cdls,0x5eac86616030
4462,108,330,cdls,0x5eac86616030
4463,72,330,cdls,0x5eac86616030
4464,111,477,cdls,0x5eac86616030
4465,135,375,cdls,0x5eac86616030
4466,69,393,cdls,0x5eac86616030
4467,81,327,cdls,0x5eac86616030
4468,78,372,cdls,0x5eac86616030
4469,99,441,cdls,0x5eac86616030
4470,78,477,cdls,0x5eac86616030
4471,153,471,cdls,0x5eac86616030
4472,66,552,cdls,0x5eac86616030
4473,93,387,cdls,0x5eac86616030
4474,60,294,cdls,0x5eac86616030
4475,33,339,cdls,0x5eac86616030
4476,63,393,cdls,0x5eac86616030
4477,60,342,cdls,0x5eac86616030
4478,84,366,cdls,0x5eac86616030
4479,90,303,cdls,0x5eac86616030
4480,81,330,cdls,0x5eac86616030
4481,99,372,cdls,0x5eac86616030
4482,141,423,cdls,0x5eac86616030
4483,141,429,cdls,0x5eac86616030
4484,60,366,cdls,0x5eac86616030
4485,84,426,cdls,0x5eac86616030
4486,51,333,cdls,0x5eac86616030
4487,27,213,cdls,0x5eac86616030
4488,33,240,cdls,0x5eac86616030
4489,63,363,cdls,0x5eac86616030
4490,48,273,cdls,0x5eac86616030
4491,33,243,cdls,0x5eac86616030
4492,102,342,cdls,0x5eac86616030
4493,21,183,cdls,0x5eac86616030
4494,51,225,cdls,0x5eac86616030
4495,105,465,cdls,0x5eac86616030
4496,120,498,cdls,0x5eac86616030
4497,51,381,cdls,0x5eac86616030
4498,30,186,cdls,0x5eac86616030
4499,60,249,cdls,0x5eac86616030
4500,81,345,cdls,0x5eac86616030
4501,54,288,cdls,0x5eac86616030
4502,39,150,cdls,0x5eac86616030
4503,51,207,cdls,0x5eac86616030
4504,60,159,cdls,0x5eac86616030
4505,102,330,cdls,0x5eac86616030
4506,69,342,cdls,0x5eac86616030
4507,126,480,cdls,0x5eac86616030
4508,87,414,cdls,0x5eac86616030
4509,87,312,cdls,0x5eac86616030
4510,54,207,cdls,0x5eac86616030
4511,90,429,cdls,0x5eac86616030
4512,30,204,cdls,0x5eac86616030
4513,96,321,cdls,0x5eac86616030
4514,60,270,cdls,0x5eac86616030
4515,51,213,cdls,0x5eac86616030
4516,120,372,cdls,0x5eac86616030
4517,99,321,cdls,0x5eac86616030
4518,60,216,cdls,0x5eac86616030
4519,27,168,cdls,0x5eac86616030
4520,33,123,cdls,0x5eac86616030
4521,36,126,cdls,0x5eac86616030
4522,48,195,cdls,0x5eac86616030
4523,57,315,cdls,0x5eac86616030
4524,48,198,cdls,0x5eac86616030
4525,54,249,cdls,0x5eac86616030
4526,75,222,cdls,0x5eac86616030
4527,81,261,cdls,0x5eac86616030
4528,27,225,cdls,0x5eac86616030
4529,63,369,cdls,0x5eac86616030
4530,57,159,cdls,0x5eac86616030
4531,69,216,cdls,0x5eac86616030
4532,42,228,cdls,0x5eac86616030
4533,114,348,cdls,0x5eac86616030
4534,63,198,cdls,0x5eac86616030
4535,78,372,cdls,0x5eac86616030
4536,75,504,cdls,0x5eac86616030
4537,42,240,cdls,0x5eac86616030
4538,51,285,cdls,0x5eac86616030
4539,81,273,cdls,0x5eac86616030
4540,69,282,cdls,0x5eac86616030
4541,78,258,cdls,0x5eac86616030
4542,117,387,cdls,0x5eac86616030
4543,69,267,cdls,0x5eac86616030
4544,99,429,cdls,0x5eac86616030
4545,57,288,cdls,0x5eac86616030
4546,75,234,cdls,0x5eac86616030
4547,39,249,cdls,0x5eac86616030
4548,24,141,cdls,0x5eac86616030
4549,81,282,cdls,0x5eac86616030
4550,33,126,cdls,0x5eac86616030
4551,90,249,cdls,0x5eac86616030
4552,54,228,cdls,0x5eac86616030
4553,39,240,cdls,0x5eac86616030
4554,60,426,cdls,0x5eac86616030
4555,84,354,cdls,0x5eac86616030
4556,27,153,cdls,0x5eac86616030
4557,57,264,cdls,0x5eac86616030
4558,45,183,cdls,0x5eac86616030
4559,36,138,cdls,0x5eac86616030
4560,63,249,cdls,0x5eac86616030
4561,57,348,cdls,0x5eac86616030
4562,30,108,cdls,0x5eac86616030
4563,30,111,cdls,0x5eac86616030
4564,63,198,cdls,0x5eac86616030
4565,96,471,cdls,0x5eac86616030
4566,75,351,cdls,0x5eac86616030
4567,99,426,cdls,0x5eac86616030
4568,120,459,cdls,0x5eac86616030
4569,45,177,cdls,0x5eac86616030
4570,36,150,cdls,0x5eac86616030
4571,63,186,cdls,0x5eac86616030
4572,69,342,cdls,0x5eac86616030
4573,57,543,cdls,0x5eac86616030
4574,99,273,cdls,0x5eac86616030
4575,63,345,cdls,0x5eac86616030
4576,84,330,cdls,0x5eac86616030
4577,90,255,cdls,0x5eac86616030
4578,36,138,cdls,0x5eac86616030
4579,66,213,cdls,0x5eac86616030
4580,42,114,cdls,0x5eac86616030
4581,84,207,cdls,0x5eac86616030
4582,63,198,cdls,0x5eac86616030
4583,84,351,cdls,0x5eac86616030
4584,123,384,cdls,0x5eac86616030
4585,45,255,cdls,0x5eac86616030
4586,78,363,cdls,0x5eac86616030
4587,27,159,cdls,0x5eac86616030
4588,135,501,cdls,0x5eac86616030
4589,75,528,cdls,0x5eac86616030
4590,114,465,cdls,0x5eac86616030
4591,51,288,cdls,0x5eac86616030
4592,63,273,cdls,0x5eac86616030
4593,24,174,cdls,0x5eac86616030
4594,24,174,cdls,0x5eac86616030
4595,30,120,cdls,0x5eac86616030
4596,90,285,cdls,0x5eac86616030
4597,69,264,cdls,0x5eac86616030
4598,57,216,cdls,0x5eac86616030
4599,99,336,cdls,0x5eac86616030
4600,39,165,cdls,0x5eac86616030
4601,66,339,cdls,0x5eac86616030
4602,69,276,cdls,0x5eac86616030
4603,63,240,cdls,0x5eac86616030
4604,51,222,cdls,0x5eac86616030
4605,78,309,cdls,0x5eac86616030
4606,108,372,cdls,0x5eac86616030
4607,33,126,cdls,0x5eac86616030
4608,57,252,cdls,0x5eac86616030
4609,60,414,cdls,0x5eac86616030
4610,84,366,cdls,0x5eac86616030
4611,63,372,cdls,0x5eac86616030
4612,84,390,cdls,0x5eac86616030
4613,66,258,cdls,0x5eac86616030
4614,42,168,cdls,0x5eac86616030
4615,96,426,cdls,0x5eac86616030
4616,39,324,cdls,0x5eac86616030
4617,42,165,cdls,0x5eac86616030
4618,87,240,cdls,0x5eac86616030
4619,54,219,cdls,0x5eac86616030
4620,51,225,cdls,0x5eac86616030
4621,45,327,cdls,0x5eac86616030
4622,48,324,cdls,0x5eac86616030
4623,96,282,cdls,0x5eac86616030
4624,36,210,cdls,0x5eac86616030
4625,72,330,cdls,0x5eac86616030
4626,69,216,cdls,0x5eac86616030
4627,27,189,cdls,0x5eac86616030
4628,135,387,cdls,0x5eac86616030
4629,111,327,cdls,0x5eac86616030
4630,54,339,cdls,0x5eac86616030
4631,63,219,cdls,0x5eac86616030
4632,30,186,cdls,0x5eac86616030
4633,84,366,cdls,0x5eac86616030
4634,108,423,cdls,0x5eac86616030
4635,39,165,cdls,0x5eac86616030
4636,39,333,cdls,0x5eac86616030
4637,63,369,cdls,0x5eac86616030
4638,36,213,cdls,0x5eac86616030
4639,42,264,cdls,0x5eac86616030
4640,51,261,cdls,0x5eac86616030
4641,33,192,cdls,0x5eac86616030
4642,90,360,cdls,0x5eac86616030
4643,33,210,cdls,0x5eac86616030
4644,123,441,cdls,0x5eac86616030
4645,69,537,cdls,0x5eac86616030
4646,54,192,cdls,0x5eac86616030
4647,69,384,cdls,0x5eac86616030
4648,36,246,cdls,0x5eac86616030
4649,51,405,cdls,0x5eac86616030
4650,30,228,cdls,0x5eac86616030
4651,60,270,cdls,0x5eac86616030
4652,126,648,cdls,0x5eac86616030
4653,60,501,cdls,0x5eac86616030
4654,105,396,cdls,0x5eac86616030
4655,117,495,cdls,0x5eac86616030
4656,54,375,cdls,0x5eac86616030
4657,90,432,cdls,0x5eac86616030
4658,69,315,cdls,0x5eac86616030
4659,54,432,cdls,0x5eac86616030
4660,63,369,cdls,0x5eac86616030
4661,60,423,cdls,0x5eac86616030
4662,123,531,cdls,0x5eac86616030
4663,90,672,cdls,0x5eac86616030
4664,39,165,cdls,0x5eac86616030
4665,66,285,cdls,0x5eac86616030
4666,27,213,cdls,0x5eac86616030
4667,69,519,cdls,0x5eac86616030
4668,33,219,cdls,0x5eac86616030
4669,36,210,cdls,0x5eac86616030
4670,21,159,cdls,0x5eac86616030
4671,75,477,cdls,0x5eac86616030
4672,69,201,cdls,0x5eac86616030
4673,51,219,cdls,0x5eac86616030
4674,96,285,cdls,0x5eac86616030
4675,33,195,cdls,0x5eac86616030
4676,30,192,cdls,0x5eac86616030
4677,150,426,cdls,0x5eac86616030
4678,99,345,cdls,0x5eac86616030
4679,45,291,cdls,0x5eac86616030
4680,72,378,cdls,0x5eac86616030
4681,30,216,cdls,0x5eac86616030
4682,51,513,cdls,0x5eac86616030
4683,24,174,cdls,0x5eac86616030
4684,69,321,cdls,0x5eac86616030
4685,51,204,cdls,0x5eac86616030
4686,93,387,cdls,0x5eac86616030
4687,48,177,cdls,0x5eac86616030
4688,21,111,cdls,0x5eac86616030
4689,21,132,cdls,0x5eac86616030
4690,30,216,cdls,0x5eac86616030
4691,66,255,cdls,0x5eac86616030
4692,63,261,cdls,0x5eac86616030
4693,57,156,cdls,0x5eac86616030
4694,39,204,cdls,0x5eac86616030
4695,66,327,cdls,0x5eac86616030
4696,36,174,cdls,0x5eac86616030
4697,51,285,cdls,0x5eac86616030
4698,75,306,cdls,0x5eac86616030
4699,78,351,cdls,0x5eac86616030
4700,36,150,cdls,0x5eac86616030
4701,90,237,cdls,0x5eac86616030
4702,84,243,cdls,0x5eac86616030
4703,72,279,cdls,0x5eac86616030
4704,33,123,cdls,0x5eac86616030
4705,99,261,cdls,0x5eac86616030
4706,48,225,cdls,0x5eac86616030
4707,30,195,cdls,0x5eac86616030
4708,21,171,cdls,0x5eac86616030
4709,60,282,cdls,0x5eac86616030
4710,69,186,cdls,0x5eac86616030
4711,99,429,cdls,0x5eac86616030
4712,66,345,cdls,0x5eac86616030
4713,93,267,cdls,0x5eac86616030
4714,123,333,cdls,0x5eac86616030
4715,39,141,cdls,0x5eac86616030
4716,33,219,cdls,0x5eac86616030
4717,105,396,cdls,0x5eac86616030
4718,39,153,cdls,0x5eac86616030
4719,57,180,cdls,0x5eac86616030
4720,69,201,cdls,0x5eac86616030
4721,57,243,cdls,0x5eac86616030
4722,45,243,cdls,0x5eac86616030
4723,48,165,cdls,0x5eac86616030
4724,120,297,cdls,0x5eac86616030
4725,66,225,cdls,0x5eac86616030
4726,126,354,cdls,0x5eac86616030
4727,21,183,cdls,0x5eac86616030
4728,75,321,cdls,0x5eac86616030
4729,42,288,cdls,0x5eac86616030
4730,36,234,cdls,0x5eac86616030
4731,45,228,cdls,0x5eac86616030
4732,81,339,cdls,0x5eac86616030
4733,42,180,cdls,0x5eac86616030
4734,54,228,cdls,0x5eac86616030
4735,54,216,cdls,0x5eac86616030
4736,51,189,cdls,0x5eac86616030
4737,108,276,cdls,0x5eac86616030
4738,48,300,cdls,0x5eac86616030
4739,54,348,cdls,0x5eac86616030
4740,45,234,cdls,0x5eac86616030
4741,81,318,cdls,0x5eac86616030
4742,21,144,cdls,0x5eac86616030
4743,78,408,cdls,0x5eac86616030
4744,75,324,cdls,0x5eac86616030
4745,45,177,cdls,0x5eac86616030
4746,36,135,cdls,0x5eac86616030
4747,72,228,cdls,0x5eac86616030
4748,90,264,cdls,0x5eac86616030
4749,30,228,cdls,0x5eac86616030
4750,30,228,cdls,0x5eac86616030
4751,72,285,cdls,0x5eac86616030
4752,60,252,cdls,0x5eac86616030
4753,27,141,cdls,0x5eac86616030
4754,51,201,cdls,0x5eac86616030
4755,60,297,cdls,0x5eac86616030
4756,78,225,cdls,0x5eac86616030
4757,69,261,cdls,0x5eac86616030
4758,48,210,cdls,0x5eac86616030
4759,84,330,cdls,0x5eac86616030
4760,39,228,cdls,0x5eac86616030
4761,54,336,cdls,0x5eac86616030
4762,42,276,cdls,0x5eac86616030
4763,36,210,cdls,0x5eac86616030
4764,78,261,cdls,0x5eac86616030
4765,69,288,cdls,0x5eac86616030
4766,93,366,cdls,0x5eac86616030
4767,84,327,cdls,0x5eac86616030
4768,69,396,cdls,0x5eac86616030
4769,51,309,cdls,0x5eac86616030
4770,57,219,cdls,0x5eac86616030
4771,33,303,cdls,0x5eac86616030
4772,126,348,cdls,0x5eac86616030
4773,24,174,cdls,0x5eac86616030
4774,66,270,cdls,0x5eac86616030
4775,33,219,cdls,0x5eac86616030
4776,27,159,cdls,0x5eac86616030
4777,39,168,cdls,0x5eac86616030
4778,30,252,cdls,0x5eac86616030
4779,66,312,cdls,0x5eac86616030
4780,99,258,cdls,0x5eac86616030
4781,39,237,cdls,0x5eac86616030
4782,42,276,cdls,0x5eac86616030
4783,33,195,cdls,0x5eac86616030
4784,51,192,cdls,0x5eac86616030
4785,57,222,cdls,0x5eac86616030
4786,51,321,cdls,0x5eac86616030
4787,51,195,cdls,0x5eac86616030
4788,27,195,cdls,0x5eac86616030
4789,24,141,cdls,0x5eac86616030
4790,78,234,cdls,0x5eac86616030
4791,108,363,cdls,0x5eac86616030
4792,33,120,cdls,0x5eac86616030
4793,66,300,cdls,0x5eac86616030
4794,30,198,cdls,0x5eac86616030
4795,123,342,cdls,0x5eac86616030
4796,60,183,cdls,0x5eac86616030
4797,111,393,cdls,0x5eac86616030
4798,93,339,cdls,0x5eac86616030
4799,60,246,cdls,0x5eac86616030
4800,39,249,cdls,0x5eac86616030
4801,87,282,cdls,0x5eac86616030
4802,93,360,cdls,0x5eac86616030
4803,123,375,cdls,0x5eac86616030
4804,108,366,cdls,0x5eac86616030
4805,69,537,cdls,0x5eac86616030
4806,51,303,cdls,0x5eac86616030
4807,57,225,cdls,0x5eac86616030
4808,21,135,cdls,0x5eac86616030
4809,69,315,cdls,0x5eac86616030
4810,114,354,cdls,0x5eac86616030
4811,63,300,cdls,0x5eac86616030
4812,63,453,cdls,0x5eac86616030
4813,93,477,cdls,0x5eac86616030
4814,60,183,cdls,0x5eac86616030
4815,51,204,cdls,0x5eac86616030
4816,54,177,cdls,0x5eac86616030
4817,93,303,cdls,0x5eac86616030
4818,93,333,cdls,0x5eac86616030
4819,51,225,cdls,0x5eac86616030
4820,48,282,cdls,0x5eac86616030
4821,57,165,cdls,0x5eac86616030
4822,51,213,cdls,0x5eac86616030
4823,36,222,cdls,0x5eac86616030
4824,42,276,cdls,0x5eac86616030
4825,75,252,cdls,0x5eac86616030
4826,63,285,cdls,0x5eac86616030
4827,48,282,cdls,0x5eac86616030
4828,84,345,cdls,0x5eac86616030
4829,63,381,cdls,0x5eac86616030
4830,126,396,cdls,0x5eac86616030
4831,123,441,cdls,0x5eac86616030
4832,87,543,cdls,0x5eac86616030
4833,54,315,cdls,0x5eac86616030
4834,105,399,cdls,0x5eac86616030
4835,42,450,cdls,0x5eac86616030
4836,75,561,cdls,0x5eac86616030
4837,42,159,cdls,0x5eac86616030
4838,72,318,cdls,0x5eac86616030
4839,39,222,cdls,0x5eac86616030
4840,84,336,cdls,0x5eac86616030
4841,75,216,cdls,0x5eac86616030
4842,72,333,cdls,0x5eac86616030
4843,60,258,cdls,0x5eac86616030
4844,66,279,cdls,0x5eac86616030
4845,66,300,cdls,0x5eac86616030
4846,87,429,cdls,0x5eac86616030
4847,45,261,cdls,0x5eac86616030
4848,99,342,cdls,0x5eac86616030
4849,81,303,cdls,0x5eac86616030
4850,84,414,cdls,0x5eac86616030
4851,132,441,cdls,0x5eac86616030
4852,30,228,cdls,0x5eac86616030
4853,36,210,cdls,0x5eac86616030
4854,63,381,cdls,0x5eac86616030
4855,102,381,cdls,0x5eac86616030
4856,54,420,cdls,0x5eac86616030
4857,75,591,cdls,0x5eac86616030
4858,108,390,cdls,0x5eac86616030
4859,60,348,cdls,0x5eac86616030
4860,63,243,cdls,0x5eac86616030
4861,54,492,cdls,0x5eac86616030
4862,45,267,cdls,0x5eac86616030
4863,117,390,cdls,0x5eac86616030
4864,81,351,cdls,0x5eac86616030
4865,78,372,cdls,0x5eac86616030
4866,108,414,cdls,0x5eac86616030
4867,66,372,cdls,0x5eac86616030
4868,51,225,cdls,0x5eac86616030
4869,63,357,cdls,0x5eac86616030
4870,30,228,cdls,0x5eac86616030
4871,84,450,cdls,0x5eac86616030
4872,15,141,cdls,0x5eac86616030
4873,15,153,cdls,0x5eac86616030
4874,90,336,cdls,0x5eac86616030
4875,51,225,cdls,0x5eac86616030
4876,42,252,cdls,0x5eac86616030
4877,18,156,cdls,0x5eac86616030
4878,30,228,cdls,0x5eac86616030
4879,102,381,cdls,0x5eac86616030
4880,27,189,cdls,0x5eac86616030
4881,36,225,cdls,0x5eac86616030
4882,60,270,cdls,0x5eac86616030
4883,27,189,cdls,0x5eac86616030
4884,90,504,cdls,0x5eac86616030
4885,69,438,cdls,0x5eac86616030
4886,84,366,cdls,0x5eac86616030
4887,54,435,cdls,0x5eac86616030
4888,60,375,cdls,0x5eac86616030
4889,21,195,cdls,0x5eac86616030
4890,48,360,cdls,0x5eac86616030
4891,87,273,cdls,0x5eac86616030
4892,75,465,cdls,0x5eac86616030
4893,63,396,cdls,0x5eac86616030
4894,87,609,cdls,0x5eac86616030
4895,81,495,cdls,0x5eac86616030
4896,102,375,cdls,0x5eac86616030
4897,42,252,cdls,0x5eac86616030
4898,48,210,cdls,0x5eac86616030
4899,18,156,cdls,0x5eac86616030
4900,60,258,cdls,0x5eac86616030
4901,48,378,cdls,0x5eac86616030
4902,63,285,cdls,0x5eac86616030
4903,75,441,cdls,0x5eac86616030
4904,60,282,cdls,0x5eac86616030
4905,36,150,cdls,0x5eac86616030
4906,27,168,cdls,0x5eac86616030
4907,66,303,cdls,0x5eac86616030
4908,72,498,cdls,0x5eac86616030
4909,93,423,cdls,0x5eac86616030
4910,84,294,cdls,0x5eac86616030
4911,78,258,cdls,0x5eac86616030
4912,111,453,cdls,0x5eac86616030
4913,102,516,cdls,0x5eac86616030
4914,45,303,cdls,0x5eac86616030
4915,24,210,cdls,0x5eac86616030
4916,105,399,cdls,0x5eac86616030
4917,36,162,cdls,0x5eac86616030
4918,60,270,cdls,0x5eac86616030
4919,24,198,cdls,0x5eac86616030
4920,18,144,cdls,0x5eac86616030
4921,66,300,cdls,0x5eac86616030
4922,57,255,cdls,0x5eac86616030
4923,30,195,cdls,0x5eac86616030
4924,78,384,cdls,0x5eac86616030
4925,72,237,cdls,0x5eac86616030
4926,60,237,cdls,0x5eac86616030
4927,33,231,cdls,0x5eac86616030
4928,54,312,cdls,0x5eac86616030
4929,105,459,cdls,0x5eac86616030
4930,18,156,cdls,0x5eac86616030
4931,45,375,cdls,0x5eac86616030
4932,27,213,cdls,0x5eac86616030
4933,48,270,cdls,0x5eac86616030
4934,30,204,cdls,0x5eac86616030
4935,69,399,cdls,0x5eac86616030
4936,99,357,cdls,0x5eac86616030
4937,36,150,cdls,0x5eac86616030
4938,75,381,cdls,0x5eac86616030
4939,54,192,cdls,0x5eac86616030
4940,69,387,cdls,0x5eac86616030
4941,81,375,cdls,0x5eac86616030
4942,84,402,cdls,0x5eac86616030
4943,24,165,cdls,0x5eac86616030
4944,84,312,cdls,0x5eac86616030
4945,36,237,cdls,0x5eac86616030
4946,42,192,cdls,0x5eac86616030
4947,51,267,cdls,0x5eac86616030
4948,117,402,cdls,0x5eac86616030
4949,51,378,cdls,0x5eac86616030
4950,66,372,cdls,0x5eac86616030
4951,39,261,cdls,0x5eac86616030
4952,78,396,cdls,0x5eac86616030
4953,54,438,cdls,0x5eac86616030
4954,99,483,cdls,0x5eac86616030
4955,60,327,cdls,0x5eac86616030
4956,81,276,cdls,0x5eac86616030
4957,60,270,cdls,0x5eac86616030
4958,42,288,cdls,0x5eac86616030
4959,39,273,cdls,0x5eac86616030
4960,54,222,cdls,0x5eac86616030
4961,42,210,cdls,0x5eac86616030
4962,33,219,cdls,0x5eac86616030
4963,72,342,cdls,0x5eac86616030
4964,42,204,cdls,0x5eac86616030
4965,54,348,cdls,0x5eac86616030
4966,33,243,cdls,0x5eac86616030
4967,72,294,cdls,0x5eac86616030
4968,159,408,cdls,0x5eac86616030
4969,96,393,cdls,0x5eac86616030
4970,54,492,cdls,0x5eac86616030
4971,63,309,cdls,0x5eac86616030
4972,141,468,cdls,0x5eac86616030
4973,87,405,cdls,0x5eac86616030
4974,36,234,cdls,0x5eac86616030
4975,99,513,cdls,0x5eac86616030
4976,36,234,cdls,0x5eac86616030
4977,78,303,cdls,0x5eac86616030
4978,54,204,cdls,0x5eac86616030
4979,57,177,cdls,0x5eac86616030
4980,54,225,cdls,0x5eac86616030
4981,84,288,cdls,0x5eac86616030
4982,63,381,cdls,0x5eac86616030
4983,42,183,cdls,0x5eac86616030
4984,27,201,cdls,0x5eac86616030
4985,93,345,cdls,0x5eac86616030
4986,57,315,cdls,0x5eac86616030
4987,108,423,cdls,0x5eac86616030
4988,111,414,cdls,0x5eac86616030
4989,57,351,cdls,0x5eac86616030
4990,81,285,cdls,0x5eac86616030
4991,96,450,cdls,0x5eac86616030
4992,93,591,cdls,0x5eac86616030
4993,72,618,cdls,0x5eac86616030
4994,48,633,cdls,0x5eac86616030
4995,105,375,cdls,0x5eac86616030
4996,78,480,cdls,0x5eac86616030
4997,81,363,cdls,0x5eac86616030
4998,72,450,cdls,0x5eac86616030
4999,48,186,cdls,0x5eac86616030
5000,60,243,cdls,0x5eac86616030
5001,42,165,cdls,0x5eac86616030
5002,30,120,cdls,0x5eac86616030
5003,36,162,cdls,0x5eac86616030
5004,27,321,cdls,0x5eac86616030
5005,39,261,cdls,0x5eac86616030
5006,33,135,cdls,0x5eac86616030
5007,54,240,cdls,0x5eac86616030
5008,78,312,cdls,0x5eac86616030
5009,117,495,cdls,0x5eac86616030
5010,90,468,cdls,0x5eac86616030
5011,129,369,cdls,0x5eac86616030
5012,33,189,cdls,0x5eac86616030
5013,60,306,cdls,0x5eac86616030
5014,78,336,cdls,0x5eac86616030
5015,30,189,cdls,0x5eac86616030
5016,51,309,cdls,0x5eac86616030
5017,36,399,cdls,0x5eac86616030
5018,24,186,cdls,0x5eac86616030
5019,18,132,cdls,0x5eac86616030
5020,33,207,cdls,0x5eac86616030
5021,72,396,cdls,0x5eac86616030
5022,57,249,cdls,0x5eac86616030
5023,42,264,cdls,0x5eac86616030
5024,51,213,cdls,0x5eac86616030
5025,66,276,cdls,0x5eac86616030
5026,57,291,cdls,0x5eac86616030
5027,69,411,cdls,0x5eac86616030
5028,66,372,cdls,0x5eac86616030
5029,69,279,cdls,0x5eac86616030
5030,33,231,cdls,0x5eac86616030
5031,27,201,cdls,0x5eac86616030
5032,84,414,cdls,0x5eac86616030
5033,90,297,cdls,0x5eac86616030
5034,27,189,cdls,0x5eac86616030
5035,39,177,cdls,0x5eac86616030
5036,48,264,cdls,0x5eac86616030
5037,24,138,cdls,0x5eac86616030
5038,57,231,cdls,0x5eac86616030
5039,33,315,cdls,0x5eac86616030
5040,66,270,cdls,0x5eac86616030
5041,42,264,cdls,0x5eac86616030
5042,75,405,cdls,0x5eac86616030
5043,63,249,cdls,0x5eac86616030
5044,51,225,cdls,0x5eac86616030
5045,39,237,cdls,0x5eac86616030
5046,27,189,cdls,0x5eac86616030
5047,78,273,cdls,0x5eac86616030
5048,75,309,cdls,0x5eac86616030
5049,63,237,cdls,0x5eac86616030
5050,39,177,cdls,0x5eac86616030
5051,99,297,cdls,0x5eac86616030
5052,24,186,cdls,0x5eac86616030
5053,18,114,cdls,0x5eac86616030
5054,33,201,cdls,0x5eac86616030
5055,54,420,cdls,0x5eac86616030
5056,48,183,cdls,0x5eac86616030
5057,45,348,cdls,0x5eac86616030
5058,66,504,cdls,0x5eac86616030
5059,45,261,cdls,0x5eac86616030
5060,54,210,cdls,0x5eac86616030
5061,45,240,cdls,0x5eac86616030
5062,54,228,cdls,0x5eac86616030
5063,39,165,cdls,0x5eac86616030
5064,54,417,cdls,0x5eac86616030
5065,75,546,cdls,0x5eac86616030
5066,105,384,cdls,0x5eac86616030
5067,63,234,cdls,0x5eac86616030
5068,39,159,cdls,0x5eac86616030
5069,63,279,cdls,0x5eac86616030
5070,15,129,cdls,0x5eac86616030
5071,63,333,cdls,0x5eac86616030
5072,51,453,cdls,0x5eac86616030
5073,60,270,cdls,0x5eac86616030
5074,48,429,cdls,0x5eac86616030
5075,36,219,cdls,0x5eac86616030
5076,69,270,cdls,0x5eac86616030
5077,45,255,cdls,0x5eac86616030
5078,27,162,cdls,0x5eac86616030
5079,21,171,cdls,0x5eac86616030
5080,63,261,cdls,0x5eac86616030
5081,90,357,cdls,0x5eac86616030
5082,75,405,cdls,0x5eac86616030
5083,105,357,cdls,0x5eac86616030
5084,108,492,cdls,0x5eac86616030
5085,42,168,cdls,0x5eac86616030
5086,45,231,cdls,0x5eac86616030
5087,87,417,cdls,0x5eac86616030
5088,21,147,cdls,0x5eac86616030
5089,45,195,cdls,0x5eac86616030
5090,24,168,cdls,0x5eac86616030
5091,24,174,cdls,0x5eac86616030
5092,30,111,cdls,0x5eac86616030
5093,27,177,cdls,0x5eac86616030
5094,54,216,cdls,0x5eac86616030
5095,66,360,cdls,0x5eac86616030
5096,75,192,cdls,0x5eac86616030
5097,72,228,cdls,0x5eac86616030
5098,60,222,cdls,0x5eac86616030
5099,90,330,cdls,0x5eac86616030
5100,30,228,cdls,0x5eac86616030
5101,54,291,cdls,0x5eac86616030
5102,48,222,cdls,0x5eac86616030
5103,57,255,cdls,0x5eac86616030
5104,66,255,cdls,0x5eac86616030
5105,51,186,cdls,0x5eac86616030
5106,39,222,cdls,0x5eac86616030
5107,66,228,cdls,0x5eac86616030
5108,81,234,cdls,0x5eac86616030
5109,72,258,cdls,0x5eac86616030
5110,87,369,cdls,0x5eac86616030
5111,39,225,cdls,0x5eac86616030
5112,27,213,cdls,0x5eac86616030
5113,78,528,cdls,0x5eac86616030
5114,39,369,cdls,0x5eac86616030
5115,81,615,cdls,0x5eac86616030
5116,114,420,cdls,0x5eac86616030
5117,87,438,cdls,0x5eac86616030
5118,135,495,cdls,0x5eac86616030
5119,108,438,cdls,0x5eac86616030
5120,78,306,cdls,0x5eac86616030
5121,45,183,cdls,0x5eac86616030
5122,51,285,cdls,0x5eac86616030
5123,87,441,cdls,0x5eac86616030
5124,45,156,cdls,0x5eac86616030
5125,36,129,cdls,0x5eac86616030
5126,21,183,cdls,0x5eac86616030
5127,111,348,cdls,0x5eac86616030
5128,30,240,cdls,0x5eac86616030
5129,57,243,cdls,0x5eac86616030
5130,117,420,cdls,0x5eac86616030
5131,84,528,cdls,0x5eac86616030
5132,42,147,cdls,0x5eac86616030
5133,63,309,cdls,0x5eac86616030
5134,123,414,cdls,0x5eac86616030
5135,141,384,cdls,0x5eac86616030
5136,129,405,cdls,0x5eac86616030
5137,126,390,cdls,0x5eac86616030
5138,27,159,cdls,0x5eac86616030
5139,75,309,cdls,0x5eac86616030
5140,84,273,cdls,0x5eac86616030
5141,75,318,cdls,0x5eac86616030
5142,84,222,cdls,0x5eac86616030
5143,75,225,cdls,0x5eac86616030
5144,42,168,cdls,0x5eac86616030
5145,78,207,cdls,0x5eac86616030
5146,102,243,cdls,0x5eac86616030
5147,39,96,cdls,0x5eac86616030
5148,54,213,cdls,0x5eac86616030
5149,33,126,cdls,0x5eac86616030
5150,33,243,cdls,0x5eac86616030
5151,48,294,cdls,0x5eac86616030
5152,117,390,cdls,0x5eac86616030
5153,48,294,cdls,0x5eac86616030
5154,48,273,cdls,0x5eac86616030
5155,126,450,cdls,0x5eac86616030
5156,93,345,cdls,0x5eac86616030
5157,72,282,cdls,0x5eac86616030
5158,66,210,cdls,0x5eac86616030
5159,51,183,cdls,0x5eac86616030
5160,102,276,cdls,0x5eac86616030
5161,63,309,cdls,0x5eac86616030
5162,93,330,cdls,0x5eac86616030
5163,24,171,cdls,0x5eac86616030
5164,81,375,cdls,0x5eac86616030
5165,39,258,cdls,0x5eac86616030
5166,72,528,cdls,0x5eac86616030
5167,93,456,cdls,0x5eac86616030
5168,93,408,cdls,0x5eac86616030
5169,45,435,cdls,0x5eac86616030
5170,48,393,cdls,0x5eac86616030
5171,63,297,cdls,0x5eac86616030
5172,30,189,cdls,0x5eac86616030
5173,33,204,cdls,0x5eac86616030
5174,63,273,cdls,0x5eac86616030
5175,54,291,cdls,0x5eac86616030
5176,111,489,cdls,0x5eac86616030
5177,117,402,cdls,0x5eac86616030
5178,105,384,cdls,0x5eac86616030
5179,102,588,cdls,0x5eac86616030
5180,132,459,cdls,0x5eac86616030
5181,153,495,cdls,0x5eac86616030
5182,111,453,cdls,0x5eac86616030
5183,51,444,cdls,0x5eac86616030
5184,66,609,cdls,0x5eac86616030
5185,63,681,cdls,0x5eac86616030
5186,54,510,cdls,0x5eac86616030
5187,60,600,cdls,0x5eac86616030
5188,117,603,cdls,0x5eac86616030
5189,54,588,cdls,0x5eac86616030
5190,84,549,cdls,0x5eac86616030
5191,66,468,cdls,0x5eac86616030
5192,144,648,cdls,0x5eac86616030
5193,123,585,cdls,0x5eac86616030
5194,42,648,cdls,0x5eac86616030
5195,81,627,cdls,0x5eac86616030
5196,54,924,cdls,0x5eac86616030
5197,60,720,cdls,0x5eac86616030
5198,144,393,cdls,0x5eac86616030
5199,27,201,cdls,0x5eac86616030
5200,69,423,cdls,0x5eac86616030
5201,123,492,cdls,0x5eac86616030
5202,48,714,cdls,0x5eac86616030
5203,72,594,cdls,0x5eac86616030
5204,114,468,cdls,0x5eac86616030
5205,72,666,cdls,0x5eac86616030
5206,78,732,cdls,0x5eac86616030
5207,84,354,cdls,0x5eac86616030
5208,105,459,cdls,0x5eac86616030
5209,63,297,cdls,0x5eac86616030
5210,60,378,cdls,0x5eac86616030
5211,93,411,cdls,0x5eac86616030
5212,33,231,cdls,0x5eac86616030
5213,45,195,cdls,0x5eac86616030
5214,57,255,cdls,0x5eac86616030
5215,81,312,cdls,0x5eac86616030
5216,39,225,cdls,0x5eac86616030
5217,81,297,cdls,0x5eac86616030
5218,102,576,cdls,0x5eac86616030
5219,39,621,cdls,0x5eac86616030
5220,99,573,cdls,0x5eac86616030
5221,48,594,cdls,0x5eac86616030
5222,84,594,cdls,0x5eac86616030
5223,78,444,cdls,0x5eac86616030
5224,87,657,cdls,0x5eac86616030
5225,51,681,cdls,0x5eac86616030
5226,99,450,cdls,0x5eac86616030
5227,120,390,cdls,0x5eac86616030
5228,87,414,cdls,0x5eac86616030
5229,105,375,cdls,0x5eac86616030
5230,48,270,cdls,0x5eac86616030
5231,21,171,cdls,0x5eac86616030
5232,78,360,cdls,0x5eac86616030
5233,18,156,cdls,0x5eac86616030
5234,48,438,cdls,0x5eac86616030
5235,33,507,cdls,0x5eac86616030
5236,42,252,cdls,0x5eac86616030
5237,60,252,cdls,0x5eac86616030
5238,93,318,cdls,0x5eac86616030
5239,54,207,cdls,0x5eac86616030
5240,54,324,cdls,0x5eac86616030
5241,72,291,cdls,0x5eac86616030
5242,93,300,cdls,0x5eac86616030
5243,69,483,cdls,0x5eac86616030
5244,99,633,cdls,0x5eac86616030
5245,30,204,cdls,0x5eac86616030
5246,54,216,cdls,0x5eac86616030
5247,111,300,cdls,0x5eac86616030
5248,90,240,cdls,0x5eac86616030
5249,99,393,cdls,0x5eac86616030
5250,114,684,cdls,0x5eac86616030
5251,75,348,cdls,0x5eac86616030
5252,30,204,cdls,0x5eac86616030
5253,30,228,cdls,0x5eac86616030
5254,39,177,cdls,0x5eac86616030
5255,78,516,cdls,0x5eac86616030
5256,105,615,cdls,0x5eac86616030
5257,108,486,cdls,0x5eac86616030
5258,57,579,cdls,0x5eac86616030
5259,60,522,cdls,0x5eac86616030
5260,63,477,cdls,0x5eac86616030
5261,78,540,cdls,0x5eac86616030
5262,102,576,cdls,0x5eac86616030
5263,75,333,cdls,0x5eac86616030
5264,63,369,cdls,0x5eac86616030
5265,126,456,cdls,0x5eac86616030
5266,69,603,cdls,0x5eac86616030
5267,72,354,cdls,0x5eac86616030
5268,75,309,cdls,0x5eac86616030
5269,27,201,cdls,0x5eac86616030
5270,54,324,cdls,0x5eac86616030
5271,57,483,cdls,0x5eac86616030
5272,66,444,cdls,0x5eac86616030
5273,60,324,cdls,0x5eac86616030
5274,105,639,cdls,0x5eac86616030
5275,60,279,cdls,0x5eac86616030
5276,27,213,cdls,0x5eac86616030
5277,36,138,cdls,0x5eac86616030
5278,57,213,cdls,0x5eac86616030
5279,57,234,cdls,0x5eac86616030
5280,63,357,cdls,0x5eac86616030
5281,81,375,cdls,0x5eac86616030
5282,60,282,cdls,0x5eac86616030
5283,30,204,cdls,0x5eac86616030
5284,51,225,cdls,0x5eac86616030
5285,18,156,cdls,0x5eac86616030
5286,75,474,cdls,0x5eac86616030
5287,90,300,cdls,0x5eac86616030
5288,66,162,cdls,0x5eac86616030
5289,78,444,cdls,0x5eac86616030
5290,84,402,cdls,0x5eac86616030
5291,33,219,cdls,0x5eac86616030
5292,60,252,cdls,0x5eac86616030
5293,39,138,cdls,0x5eac86616030
5294,84,294,cdls,0x5eac86616030
5295,45,153,cdls,0x5eac86616030
5296,36,198,cdls,0x5eac86616030
5297,33,465,cdls,0x5eac86616030
5298,81,444,cdls,0x5eac86616030
5299,96,261,cdls,0x5eac86616030
5300,99,243,cdls,0x5eac86616030
5301,57,177,cdls,0x5eac86616030
5302,48,177,cdls,0x5eac86616030
5303,96,438,cdls,0x5eac86616030
5304,45,363,cdls,0x5eac86616030
5305,48,306,cdls,0x5eac86616030
5306,39,261,cdls,0x5eac86616030
5307,30,165,cdls,0x5eac86616030
5308,51,279,cdls,0x5eac86616030
5309,96,399,cdls,0x5eac86616030
5310,48,366,cdls,0x5eac86616030
5311,84,438,cdls,0x5eac86616030
5312,105,276,cdls,0x5eac86616030
5313,132,510,cdls,0x5eac86616030
5314,96,570,cdls,0x5eac86616030
5315,54,252,cdls,0x5eac86616030
5316,27,213,cdls,0x5eac86616030
5317,69,279,cdls,0x5eac86616030
5318,21,171,cdls,0x5eac86616030
5319,57,387,cdls,0x5eac86616030
5320,111,465,cdls,0x5eac86616030
5321,120,522,cdls,0x5eac86616030
5322,81,495,cdls,0x5eac86616030
5323,114,390,cdls,0x5eac86616030
5324,87,507,cdls,0x5eac86616030
5325,45,237,cdls,0x5eac86616030
5326,42,186,cdls,0x5eac86616030
5327,108,234,cdls,0x5eac86616030
5328,99,438,cdls,0x5eac86616030
5329,51,204,cdls,0x5eac86616030
5330,18,93,cdls,0x5eac86616030
5331,51,294,cdls,0x5eac86616030
5332,48,282,cdls,0x5eac86616030
5333,60,255,cdls,0x5eac86616030
5334,129,456,cdls,0x5eac86616030
5335,87,429,cdls,0x5eac86616030
5336,48,195,cdls,0x5eac86616030
5337,93,297,cdls,0x5eac86616030
5338,39,132,cdls,0x5eac86616030
5339,48,330,cdls,0x5eac86616030
5340,30,84,cdls,0x5eac86616030
5341,69,258,cdls,0x5eac86616030
5342,42,153,cdls,0x5eac86616030
5343,90,432,cdls,0x5eac86616030
5344,51,417,cdls,0x5eac86616030
5345,63,285,cdls,0x5eac86616030
5346,60,270,cdls,0x5eac86616030
5347,33,243,cdls,0x5eac86616030
5348,54,228,cdls,0x5eac86616030
5349,42,192,cdls,0x5eac86616030
5350,57,255,cdls,0x5eac86616030
5351,30,216,cdls,0x5eac86616030
5352,27,201,cdls,0x5eac86616030
5353,30,192,cdls,0x5eac86616030
5354,72,321,cdls,0x5eac86616030
5355,75,267,cdls,0x5eac86616030
5356,51,369,cdls,0x5eac86616030
5357,39,237,cdls,0x5eac86616030
5358,33,126,cdls,0x5eac86616030
5359,45,162,cdls,0x5eac86616030
5360,42,234,cdls,0x5eac86616030
5361,54,264,cdls,0x5eac86616030
5362,72,291,cdls,0x5eac86616030
5363,72,303,cdls,0x5eac86616030
5364,51,195,cdls,0x5eac86616030
5365,102,294,cdls,0x5eac86616030
5366,96,288,cdls,0x5eac86616030
5367,54,195,cdls,0x5eac86616030
5368,87,297,cdls,0x5eac86616030
5369,69,174,cdls,0x5eac86616030
5370,69,411,cdls,0x5eac86616030
5371,72,330,cdls,0x5eac86616030
5372,30,252,cdls,0x5eac86616030
5373,24,198,cdls,0x5eac86616030
5374,42,372,cdls,0x5eac86616030
5375,60,258,cdls,0x5eac86616030
5376,21,183,cdls,0x5eac86616030
5377,141,459,cdls,0x5eac86616030
5378,69,423,cdls,0x5eac86616030
5379,81,339,cdls,0x5eac86616030
5380,114,420,cdls,0x5eac86616030
5381,108,459,cdls,0x5eac86616030
5382,30,228,cdls,0x5eac86616030
5383,69,495,cdls,0x5eac86616030
5384,72,378,cdls,0x5eac86616030
5385,99,399,cdls,0x5eac86616030
5386,84,576,cdls,0x5eac86616030
5387,96,312,cdls,0x5eac86616030
5388,132,417,cdls,0x5eac86616030
5389,75,345,cdls,0x5eac86616030
5390,87,273,cdls,0x5eac86616030
5391,30,159,cdls,0x5eac86616030
5392,108,393,cdls,0x5eac86616030
5393,63,549,cdls,0x5eac86616030
5394,87,291,cdls,0x5eac86616030
5395,96,324,cdls,0x5eac86616030
5396,39,189,cdls,0x5eac86616030
5397,84,273,cdls,0x5eac86616030
5398,63,366,cdls,0x5eac86616030
5399,54,252,cdls,0x5eac86616030
5400,39,168,cdls,0x5eac86616030
5401,48,282,cdls,0x5eac86616030
5402,87,333,cdls,0x5eac86616030
5403,33,183,cdls,0x5eac86616030
5404,105,375,cdls,0x5eac86616030
5405,84,405,cdls,0x5eac86616030
5406,51,309,cdls,0x5eac86616030
5407,120,438,cdls,0x5eac86616030
5408,60,486,cdls,0x5eac86616030
5409,69,483,cdls,0x5eac86616030
5410,87,489,cdls,0x5eac86616030
5411,45,363,cdls,0x5eac86616030
5412,66,276,cdls,0x5eac86616030
5413,57,339,cdls,0x5eac86616030
5414,27,177,cdls,0x5eac86616030
5415,33,219,cdls,0x5eac86616030
5416,39,345,cdls,0x5eac86616030
5417,90,384,cdls,0x5eac86616030
5418,156,396,cdls,0x5eac86616030
5419,102,372,cdls,0x5eac86616030
5420,75,240,cdls,0x5eac86616030
5421,60,261,cdls,0x5eac86616030
5422,63,273,cdls,0x5eac86616030
5423,51,252,cdls,0x5eac86616030
5424,24,162,cdls,0x5eac86616030
5425,48,234,cdls,0x5eac86616030
5426,42,168,cdls,0x5eac86616030
5427,51,237,cdls,0x5eac86616030
5428,39,261,cdls,0x5eac86616030
5429,81,399,cdls,0x5eac86616030
5430,33,255,cdls,0x5eac86616030
5431,66,213,cdls,0x5eac86616030
5432,99,381,cdls,0x5eac86616030
5433,75,327,cdls,0x5eac86616030
5434,36,141,cdls,0x5eac86616030
5435,81,264,cdls,0x5eac86616030
5436,51,333,cdls,0x5eac86616030
5437,69,315,cdls,0x5eac86616030
5438,27,177,cdls,0x5eac86616030
5439,33,231,cdls,0x5eac86616030
5440,63,249,cdls,0x5eac86616030
5441,105,303,cdls,0x5eac86616030
5442,87,276,cdls,0x5eac86616030
5443,90,501,cdls,0x5eac86616030
5444,48,450,cdls,0x5eac86616030
5445,123,384,cdls,0x5eac86616030
5446,69,426,cdls,0x5eac86616030
5447,129,342,cdls,0x5eac86616030
5448,135,432,cdls,0x5eac86616030
5449,48,186,cdls,0x5eac86616030
5450,54,288,cdls,0x5eac86616030
5451,27,141,cdls,0x5eac86616030
5452,45,195,cdls,0x5eac86616030
5453,60,270,cdls,0x5eac86616030
5454,42,213,cdls,0x5eac86616030
5455,123,369,cdls,0x5eac86616030
5456,132,408,cdls,0x5eac86616030
5457,159,345,cdls,0x5eac86616030
5458,153,420,cdls,0x5eac86616030
5459,57,243,cdls,0x5eac86616030
5460,27,183,cdls,0x5eac86616030
5461,21,171,cdls,0x5eac86616030
5462,63,270,cdls,0x5eac86616030
5463,63,384,cdls,0x5eac86616030
5464,102,648,cdls,0x5eac86616030
5465,123,525,cdls,0x5eac86616030
5466,75,681,cdls,0x5eac86616030
5467,60,510,cdls,0x5eac86616030
5468,99,498,cdls,0x5eac86616030
5469,108,405,cdls,0x5eac86616030
5470,66,351,cdls,0x5eac86616030
5471,30,216,cdls,0x5eac86616030
5472,18,156,cdls,0x5eac86616030
5473,18,156,cdls,0x5eac86616030
5474,57,339,cdls,0x5eac86616030
5475,108,348,cdls,0x5eac86616030
5476,39,222,cdls,0x5eac86616030
5477,75,417,cdls,0x5eac86616030
5478,57,267,cdls,0x5eac86616030
5479,93,300,cdls,0x5eac86616030
5480,174,423,cdls,0x5eac86616030
5481,21,138,cdls,0x5eac86616030
5482,96,354,cdls,0x5eac86616030
5483,66,249,cdls,0x5eac86616030
5484,36,129,cdls,0x5eac86616030
5485,81,351,cdls,0x5eac86616030
5486,36,246,cdls,0x5eac86616030
5487,42,222,cdls,0x5eac86616030
5488,126,327,cdls,0x5eac86616030
5489,51,189,cdls,0x5eac86616030
5490,117,423,cdls,0x5eac86616030
5491,93,375,cdls,0x5eac86616030
5492,57,555,cdls,0x5eac86616030
5493,75,366,cdls,0x5eac86616030
5494,45,180,cdls,0x5eac86616030
5495,60,249,cdls,0x5eac86616030
5496,54,201,cdls,0x5eac86616030
5497,33,135,cdls,0x5eac86616030
5498,24,174,cdls,0x5eac86616030
5499,99,429,cdls,0x5eac86616030
5500,123,429,cdls,0x5eac86616030
5501,54,501,cdls,0x5eac86616030
5502,69,522,cdls,0x5eac86616030
5503,57,597,cdls,0x5eac86616030
5504,57,363,cdls,0x5eac86616030
5505,90,504,cdls,0x5eac86616030
5506,57,471,cdls,0x5eac86616030
5507,39,228,cdls,0x5eac86616030
5508,21,240,cdls,0x5eac86616030
5509,57,246,cdls,0x5eac86616030
5510,33,126,cdls,0x5eac86616030
5511,63,270,cdls,0x5eac86616030
5512,69,366,cdls,0x5eac86616030
5513,84,381,cdls,0x5eac86616030
5514,126,357,cdls,0x5eac86616030
5515,57,231,cdls,0x5eac86616030
5516,48,282,cdls,0x5eac86616030
5517,33,219,cdls,0x5eac86616030
5518,36,246,cdls,0x5eac86616030
5519,54,312,cdls,0x5eac86616030
5520,54,240,cdls,0x5eac86616030
5521,30,216,cdls,0x5eac86616030
5522,30,228,cdls,0x5eac86616030
5523,69,219,cdls,0x5eac86616030
5524,45,156,cdls,0x5eac86616030
5525,24,186,cdls,0x5eac86616030
5526,27,189,cdls,0x5eac86616030
5527,72,306,cdls,0x5eac86616030
5528,42,174,cdls,0x5eac86616030
5529,75,234,cdls,0x5eac86616030
5530,42,210,cdls,0x5eac86616030
5531,84,414,cdls,0x5eac86616030
5532,36,207,cdls,0x5eac86616030
5533,21,183,cdls,0x5eac86616030
5534,24,198,cdls,0x5eac86616030
5535,69,303,cdls,0x5eac86616030
5536,57,231,cdls,0x5eac86616030
5537,39,141,cdls,0x5eac86616030
5538,21,141,cdls,0x5eac86616030
5539,24,150,cdls,0x5eac86616030
5540,72,342,cdls,0x5eac86616030
5541,72,237,cdls,0x5eac86616030
5542,21,159,cdls,0x5eac86616030
5543,84,342,cdls,0x5eac86616030
5544,69,315,cdls,0x5eac86616030
5545,51,225,cdls,0x5eac86616030
5546,27,213,cdls,0x5eac86616030
5547,84,486,cdls,0x5eac86616030
5548,78,576,cdls,0x5eac86616030
5549,51,549,cdls,0x5eac86616030
5550,99,453,cdls,0x5eac86616030
5551,54,300,cdls,0x5eac86616030
5552,30,216,cdls,0x5eac86616030
5553,63,417,cdls,0x5eac86616030
5554,42,252,cdls,0x5eac86616030
5555,27,225,cdls,0x5eac86616030
5556,63,261,cdls,0x5eac86616030
5557,48,282,cdls,0x5eac86616030
5558,63,189,cdls,0x5eac86616030
5559,69,282,cdls,0x5eac86616030
5560,81,201,cdls,0x5eac86616030
5561,33,138,cdls,0x5eac86616030
5562,90,267,cdls,0x5eac86616030
5563,78,273,cdls,0x5eac86616030
5564,84,378,cdls,0x5eac86616030
5565,75,405,cdls,0x5eac86616030
5566,24,198,cdls,0x5eac86616030
5567,72,306,cdls,0x5eac86616030
5568,45,303,cdls,0x5eac86616030
5569,84,330,cdls,0x5eac86616030
5570,63,324,cdls,0x5eac86616030
5571,69,258,cdls,0x5eac86616030
5572,51,237,cdls,0x5eac86616030
5573,72,252,cdls,0x5eac86616030
5574,84,441,cdls,0x5eac86616030
5575,135,375,cdls,0x5eac86616030
5576,93,477,cdls,0x5eac86616030
5577,63,645,cdls,0x5eac86616030
5578,111,510,cdls,0x5eac86616030
5579,60,306,cdls,0x5eac86616030
5580,54,408,cdls,0x5eac86616030
5581,57,507,cdls,0x5eac86616030
5582,123,453,cdls,0x5eac86616030
5583,66,540,cdls,0x5eac86616030
5584,33,216,cdls,0x5eac86616030
5585,42,264,cdls,0x5eac86616030
5586,30,216,cdls,0x5eac86616030
5587,51,291,cdls,0x5eac86616030
5588,72,246,cdls,0x5eac86616030
5589,42,156,cdls,0x5eac86616030
5590,33,117,cdls,0x5eac86616030
5591,72,309,cdls,0x5eac86616030
5592,51,237,cdls,0x5eac86616030
5593,81,342,cdls,0x5eac86616030
5594,60,420,cdls,0x5eac86616030
5595,72,510,cdls,0x5eac86616030
5596,69,213,cdls,0x5eac86616030
5597,45,216,cdls,0x5eac86616030
5598,21,183,cdls,0x5eac86616030
5599,63,285,cdls,0x5eac86616030
5600,72,318,cdls,0x5eac86616030
5601,111,318,cdls,0x5eac86616030
5602,39,216,cdls,0x5eac86616030
5603,117,459,cdls,0x5eac86616030
5604,75,657,cdls,0x5eac86616030
5605,42,276,cdls,0x5eac86616030
5606,51,225,cdls,0x5eac86616030
5607,96,426,cdls,0x5eac86616030
5608,108,414,cdls,0x5eac86616030
5609,69,339,cdls,0x5eac86616030
5610,45,303,cdls,0x5eac86616030
5611,45,471,cdls,0x5eac86616030
5612,129,483,cdls,0x5eac86616030
5613,36,216,cdls,0x5eac86616030
5614,60,270,cdls,0x5eac86616030
5615,60,255,cdls,0x5eac86616030
5616,21,159,cdls,0x5eac86616030
5617,36,258,cdls,0x5eac86616030
5618,33,255,cdls,0x5eac86616030
5619,27,324,cdls,0x5eac86616030
5620,69,225,cdls,0x5eac86616030
5621,39,222,cdls,0x5eac86616030
5622,36,270,cdls,0x5eac86616030
5623,39,144,cdls,0x5eac86616030
5624,51,204,cdls,0x5eac86616030
5625,84,390,cdls,0x5eac86616030
5626,39,150,cdls,0x5eac86616030
5627,72,300,cdls,0x5eac86616030
5628,63,294,cdls,0x5eac86616030
5629,51,225,cdls,0x5eac86616030
5630,27,201,cdls,0x5eac86616030
5631,81,375,cdls,0x5eac86616030
5632,30,216,cdls,0x5eac86616030
5633,81,399,cdls,0x5eac86616030
5634,87,477,cdls,0x5eac86616030
5635,60,642,cdls,0x5eac86616030
5636,60,354,cdls,0x5eac86616030
5637,48,210,cdls,0x5eac86616030
5638,33,243,cdls,0x5eac86616030
5639,36,234,cdls,0x5eac86616030
5640,69,363,cdls,0x5eac86616030
5641,57,339,cdls,0x5eac86616030
5642,18,156,cdls,0x5eac86616030
5643,27,189,cdls,0x5eac86616030
5644,87,405,cdls,0x5eac86616030
5645,57,267,cdls,0x5eac86616030
5646,60,258,cdls,0x5eac86616030
5647,45,279,cdls,0x5eac86616030
5648,84,546,cdls,0x5eac86616030
5649,63,477,cdls,0x5eac86616030
5650,102,588,cdls,0x5eac86616030
5651,126,456,cdls,0x5eac86616030
5652,135,402,cdls,0x5eac86616030
5653,108,468,cdls,0x5eac86616030
5654,90,396,cdls,0x5eac86616030
5655,150,411,cdls,0x5eac86616030
5656,102,483,cdls,0x5eac86616030
5657,120,510,cdls,0x5eac86616030
5658,66,288,cdls,0x5eac86616030
5659,51,285,cdls,0x5eac86616030
5660,33,159,cdls,0x5eac86616030
5661,72,390,cdls,0x5eac86616030
5662,27,189,cdls,0x5eac86616030
5663,78,300,cdls,0x5eac86616030
5664,54,252,cdls,0x5eac86616030
5665,48,207,cdls,0x5eac86616030
5666,57,354,cdls,0x5eac86616030
5667,132,396,cdls,0x5eac86616030
5668,48,222,cdls,0x5eac86616030
5669,51,489,cdls,0x5eac86616030
5670,30,204,cdls,0x5eac86616030
5671,93,240,cdls,0x5eac86616030
5672,108,477,cdls,0x5eac86616030
5673,93,378,cdls,0x5eac86616030
5674,90,516,cdls,0x5eac86616030
5675,141,375,cdls,0x5eac86616030
5676,21,183,cdls,0x5eac86616030
5677,21,171,cdls,0x5eac86616030
5678,66,360,cdls,0x5eac86616030
5679,75,597,cdls,0x5eac86616030
5680,78,420,cdls,0x5eac86616030
5681,57,243,cdls,0x5eac86616030
5682,57,351,cdls,0x5eac86616030
5683,69,339,cdls,0x5eac86616030
5684,39,285,cdls,0x5eac86616030
5685,45,207,cdls,0x5eac86616030
5686,72,303,cdls,0x5eac86616030
5687,96,351,cdls,0x5eac86616030
5688,180,471,cdls,0x5eac86616030
5689,90,564,cdls,0x5eac86616030
5690,99,657,cdls,0x5eac86616030
5691,129,450,cdls,0x5eac86616030
5692,144,567,cdls,0x5eac86616030
5693,87,390,cdls,0x5eac86616030
5694,81,468,cdls,0x5eac86616030
5695,84,690,cdls,0x5eac86616030
5696,72,546,cdls,0x5eac86616030
5697,135,390,cdls,0x5eac86616030
5698,90,477,cdls,0x5eac86616030
5699,75,300,cdls,0x5eac86616030
5700,72,384,cdls,0x5eac86616030
5701,87,405,cdls,0x5eac86616030
5702,42,516,cdls,0x5eac86616030
5703,132,474,cdls,0x5eac86616030
5704,135,489,cdls,0x5eac86616030
5705,99,369,cdls,0x5eac86616030
5706,87,480,cdls,0x5eac86616030
5707,27,93,cdls,0x5eac86616030
5708,72,393,cdls,0x5eac86616030
5709,42,438,cdls,0x5eac86616030
5710,99,405,cdls,0x5eac86616030
5711,111,489,cdls,0x5eac86616030
5712,57,495,cdls,0x5eac86616030
5713,60,378,cdls,0x5eac86616030
5714,93,603,cdls,0x5eac86616030
5715,90,660,cdls,0x5eac86616030
5716,63,603,cdls,0x5eac86616030
5717,57,456,cdls,0x5eac86616030
5718,102,564,cdls,0x5eac86616030
5719,84,474,cdls,0x5eac86616030
5720,105,384,cdls,0x5eac86616030
5721,120,573,cdls,0x5eac86616030
5722,108,498,cdls,0x5eac86616030
5723,126,456,cdls,0x5eac86616030
5724,63,789,cdls,0x5eac86616030
5725,45,507,cdls,0x5eac86616030
5726,66,432,cdls,0x5eac86616030
5727,57,495,cdls,0x5eac86616030
5728,99,324,cdls,0x5eac86616030
5729,63,447,cdls,0x5eac86616030
5730,87,489,cdls,0x5eac86616030
5731,84,558,cdls,0x5eac86616030
5732,36,207,cdls,0x5eac86616030
5733,27,201,cdls,0x5eac86616030
5734,30,216,cdls,0x5eac86616030
5735,72,318,cdls,0x5eac86616030
5736,54,195,cdls,0x5eac86616030
5737,78,210,cdls,0x5eac86616030
5738,96,390,cdls,0x5eac86616030
5739,54,384,cdls,0x5eac86616030
5740,81,435,cdls,0x5eac86616030
5741,129,570,cdls,0x5eac86616030
5742,141,537,cdls,0x5eac86616030
5743,72,531,cdls,0x5eac86616030
5744,117,441,cdls,0x5eac86616030
5745,51,408,cdls,0x5eac86616030
5746,57,399,cdls,0x5eac86616030
5747,87,396,cdls,0x5eac86616030
5748,51,366,cdls,0x5eac86616030
5749,114,525,cdls,0x5eac86616030
5750,81,450,cdls,0x5eac86616030
5751,63,417,cdls,0x5eac86616030
5752,84,378,cdls,0x5eac86616030
5753,57,276,cdls,0x5eac86616030
5754,87,393,cdls,0x5eac86616030
5755,48,222,cdls,0x5eac86616030
5756,72,222,cdls,0x5eac86616030
5757,60,270,cdls,0x5eac86616030
5758,30,216,cdls,0x5eac86616030
5759,48,282,cdls,0x5eac86616030
5760,66,213,cdls,0x5eac86616030
5761,48,210,cdls,0x5eac86616030
5762,30,111,cdls,0x5eac86616030
5763,93,291,cdls,0x5eac86616030
5764,78,273,cdls,0x5eac86616030
5765,39,273,cdls,0x5eac86616030
5766,84,366,cdls,0x5eac86616030
5767,33,231,cdls,0x5eac86616030
5768,162,414,cdls,0x5eac86616030
5769,57,495,cdls,0x5eac86616030
5770,66,186,cdls,0x5eac86616030
5771,117,321,cdls,0x5eac86616030
5772,69,327,cdls,0x5eac86616030
5773,78,360,cdls,0x5eac86616030
5774,18,156,cdls,0x5eac86616030
5775,18,156,cdls,0x5eac86616030
5776,33,219,cdls,0x5eac86616030
5777,57,279,cdls,0x5eac86616030
5778,63,369,cdls,0x5eac86616030
5779,45,267,cdls,0x5eac86616030
5780,27,189,cdls,0x5eac86616030
5781,42,276,cdls,0x5eac86616030
5782,72,306,cdls,0x5eac86616030
5783,90,399,cdls,0x5eac86616030
5784,57,369,cdls,0x5eac86616030
5785,66,408,cdls,0x5eac86616030
5786,66,399,cdls,0x5eac86616030
5787,75,405,cdls,0x5eac86616030
5788,87,477,cdls,0x5eac86616030
5789,51,432,cdls,0x5eac86616030
5790,81,435,cdls,0x5eac86616030
5791,72,462,cdls,0x5eac86616030
5792,138,480,cdls,0x5eac86616030
5793,57,471,cdls,0x5eac86616030
5794,81,579,cdls,0x5eac86616030
5795,111,597,cdls,0x5eac86616030
5796,51,513,cdls,0x5eac86616030
5797,99,396,cdls,0x5eac86616030
5798,75,297,cdls,0x5eac86616030
5799,33,186,cdls,0x5eac86616030
5800,60,564,cdls,0x5eac86616030
5801,90,363,cdls,0x5eac86616030
5802,93,375,cdls,0x5eac86616030
5803,132,450,cdls,0x5eac86616030
5804,93,468,cdls,0x5eac86616030
5805,99,549,cdls,0x5eac86616030
5806,156,552,cdls,0x5eac86616030
5807,96,594,cdls,0x5eac86616030
5808,33,231,cdls,0x5eac86616030
5809,51,381,cdls,0x5eac86616030
5810,30,204,cdls,0x5eac86616030
5811,75,645,cdls,0x5eac86616030
5812,105,495,cdls,0x5eac86616030
5813,102,492,cdls,0x5eac86616030
5814,75,465,cdls,0x5eac86616030
5815,75,645,cdls,0x5eac86616030
5816,81,387,cdls,0x5eac86616030
5817,66,312,cdls,0x5eac86616030
5818,33,207,cdls,0x5eac86616030
5819,99,477,cdls,0x5eac86616030
5820,99,441,cdls,0x5eac86616030
5821,69,411,cdls,0x5eac86616030
5822,21,195,cdls,0x5eac86616030
5823,93,447,cdls,0x5eac86616030
5824,69,225,cdls,0x5eac86616030
5825,72,225,cdls,0x5eac86616030
5826,108,366,cdls,0x5eac86616030
5827,87,483,cdls,0x5eac86616030
5828,87,255,cdls,0x5eac86616030
5829,30,120,cdls,0x5eac86616030
5830,72,213,cdls,0x5eac86616030
5831,111,489,cdls,0x5eac86616030
5832,63,399,cdls,0x5eac86616030
5833,30,216,cdls,0x5eac86616030
5834,66,300,cdls,0x5eac86616030
5835,63,333,cdls,0x5eac86616030
5836,57,279,cdls,0x5eac86616030
5837,78,342,cdls,0x5eac86616030
5838,42,234,cdls,0x5eac86616030
5839,87,273,cdls,0x5eac86616030
5840,72,234,cdls,0x5eac86616030
5841,66,279,cdls,0x5eac86616030
5842,66,333,cdls,0x5eac86616030
5843,69,459,cdls,0x5eac86616030
5844,102,534,cdls,0x5eac86616030
5845,30,204,cdls,0x5eac86616030
5846,60,366,cdls,0x5eac86616030
5847,42,252,cdls,0x5eac86616030
5848,69,291,cdls,0x5eac86616030
5849,48,165,cdls,0x5eac86616030
5850,30,198,cdls,0x5eac86616030
5851,60,243,cdls,0x5eac86616030
5852,33,120,cdls,0x5eac86616030
5853,69,228,cdls,0x5eac86616030
5854,42,234,cdls,0x5eac86616030
5855,66,243,cdls,0x5eac86616030
5856,36,243,cdls,0x5eac86616030
5857,87,405,cdls,0x5eac86616030
5858,87,369,cdls,0x5eac86616030
5859,30,228,cdls,0x5eac86616030
5860,90,480,cdls,0x5eac86616030
5861,81,339,cdls,0x5eac86616030
5862,69,387,cdls,0x5eac86616030
5863,66,312,cdls,0x5eac86616030
5864,87,249,cdls,0x5eac86616030
5865,54,231,cdls,0x5eac86616030
5866,39,213,cdls,0x5eac86616030
5867,30,216,cdls,0x5eac86616030
5868,36,141,cdls,0x5eac86616030
5869,42,252,cdls,0x5eac86616030
5870,39,138,cdls,0x5eac86616030
5871,81,396,cdls,0x5eac86616030
5872,87,369,cdls,0x5eac86616030
5873,42,210,cdls,0x5eac86616030
5874,120,423,cdls,0x5eac86616030
5875,120,309,cdls,0x5eac86616030
5876,54,198,cdls,0x5eac86616030
5877,54,171,cdls,0x5eac86616030
5878,66,321,cdls,0x5eac86616030
5879,96,498,cdls,0x5eac86616030
5880,102,315,cdls,0x5eac86616030
5881,126,348,cdls,0x5eac86616030
5882,36,222,cdls,0x5eac86616030
5883,36,198,cdls,0x5eac86616030
5884,27,195,cdls,0x5eac86616030
5885,39,246,cdls,0x5eac86616030
5886,129,306,cdls,0x5eac86616030
5887,42,276,cdls,0x5eac86616030
5888,51,225,cdls,0x5eac86616030
5889,69,567,cdls,0x5eac86616030
5890,84,450,cdls,0x5eac86616030
5891,81,507,cdls,0x5eac86616030
5892,141,699,cdls,0x5eac86616030
5893,72,558,cdls,0x5eac86616030
5894,93,639,cdls,0x5eac86616030
5895,123,420,cdls,0x5eac86616030
5896,84,582,cdls,0x5eac86616030
5897,63,297,cdls,0x5eac86616030
5898,69,255,cdls,0x5eac86616030
5899,39,216,cdls,0x5eac86616030
5900,105,567,cdls,0x5eac86616030
5901,54,480,cdls,0x5eac86616030
5902,63,693,cdls,0x5eac86616030
5903,111,477,cdls,0x5eac86616030
5904,78,375,cdls,0x5eac86616030
5905,54,528,cdls,0x5eac86616030
5906,39,225,cdls,0x5eac86616030
5907,105,297,cdls,0x5eac86616030
5908,87,246,cdls,0x5eac86616030
5909,75,291,cdls,0x5eac86616030
5910,54,195,cdls,0x5eac86616030
5911,36,258,cdls,0x5eac86616030
5912,81,327,cdls,0x5eac86616030
5913,57,579,cdls,0x5eac86616030
5914,27,213,cdls,0x5eac86616030
5915,81,414,cdls,0x5eac86616030
5916,45,207,cdls,0x5eac86616030
5917,51,237,cdls,0x5eac86616030
5918,93,300,cdls,0x5eac86616030
5919,63,285,cdls,0x5eac86616030
5920,30,228,cdls,0x5eac86616030
5921,39,285,cdls,0x5eac86616030
5922,30,228,cdls,0x5eac86616030
5923,15,141,cdls,0x5eac86616030
5924,72,378,cdls,0x5eac86616030
5925,30,228,cdls,0x5eac86616030
5926,30,228,cdls,0x5eac86616030
5927,99,336,cdls,0x5eac86616030
5928,72,354,cdls,0x5eac86616030
5929,84,426,cdls,0x5eac86616030
5930,87,369,cdls,0x5eac86616030
5931,111,501,cdls,0x5eac86616030
5932,78,396,cdls,0x5eac86616030
5933,63,321,cdls,0x5eac86616030
5934,90,324,cdls,0x5eac86616030
5935,78,330,cdls,0x5eac86616030
5936,93,303,cdls,0x5eac86616030
5937,39,144,cdls,0x5eac86616030
5938,84,498,cdls,0x5eac86616030
5939,45,483,cdls,0x5eac86616030
5940,123,429,cdls,0x5eac86616030
5941,36,582,cdls,0x5eac86616030
5942,63,204,cdls,0x5eac86616030
5943,81,351,cdls,0x5eac86616030
5944,60,213,cdls,0x5eac86616030
5945,60,363,cdls,0x5eac86616030
5946,90,267,cdls,0x5eac86616030
5947,138,333,cdls,0x5eac86616030
5948,66,429,cdls,0x5eac86616030
5949,72,330,cdls,0x5eac86616030
5950,177,417,cdls,0x5eac86616030
5951,144,396,cdls,0x5eac86616030
5952,108,426,cdls,0x5eac86616030
5953,78,339,cdls,0x5eac86616030
5954,111,456,cdls,0x5eac86616030
5955,96,477,cdls,0x5eac86616030
5956,72,510,cdls,0x5eac86616030
5957,90,555,cdls,0x5eac86616030
5958,33,516,cdls,0x5eac86616030
5959,99,693,cdls,0x5eac86616030
5960,54,288,cdls,0x5eac86616030
5961,81,501,cdls,0x5eac86616030
5962,84,300,cdls,0x5eac86616030
5963,78,279,cdls,0x5eac86616030
5964,60,270,cdls,0x5eac86616030
5965,39,153,cdls,0x5eac86616030
5966,51,375,cdls,0x5eac86616030
5967,96,384,cdls,0x5eac86616030
5968,72,402,cdls,0x5eac86616030
5969,21,195,cdls,0x5eac86616030
5970,102,348,cdls,0x5eac86616030
5971,51,357,cdls,0x5eac86616030
5972,18,168,cdls,0x5eac86616030
5973,24,174,cdls,0x5eac86616030
5974,42,252,cdls,0x5eac86616030
5975,81,465,cdls,0x5eac86616030
5976,87,453,cdls,0x5eac86616030
5977,27,204,cdls,0x5eac86616030
5978,90,336,cdls,0x5eac86616030
5979,63,252,cdls,0x5eac86616030
5980,57,255,cdls,0x5eac86616030
5981,51,264,cdls,0x5eac86616030
5982,36,270,cdls,0x5eac86616030
5983,69,399,cdls,0x5eac86616030
5984,69,315,cdls,0x5eac86616030
5985,36,258,cdls,0x5eac86616030
5986,24,162,cdls,0x5eac86616030
5987,33,207,cdls,0x5eac86616030
5988,99,354,cdls,0x5eac86616030
5989,141,465,cdls,0x5eac86616030
5990,51,189,cdls,0x5eac86616030
5991,45,198,cdls,0x5eac86616030
5992,186,348,cdls,0x5eac86616030
5993,33,123,cdls,0x5eac86616030
5994,30,96,cdls,0x5eac86616030
5995,42,162,cdls,0x5eac86616030
5996,21,135,cdls,0x5eac86616030
5997,60,180,cdls,0x5eac86616030
5998,105,279,cdls,0x5eac86616030
5999,78,336,cdls,0x5eac86616030
6000,93,543,cdls,0x5eac86616030
6001,78,480,cdls,0x5eac86616030
6002,30,216,cdls,0x5eac86616030
6003,27,213,cdls,0x5eac86616030
6004,51,225,cdls,0x5eac86616030
6005,27,225,cdls,0x5eac86616030
6006,48,210,cdls,0x5eac86616030
6007,84,486,cdls,0x5eac86616030
6008,30,228,cdls,0x5eac86616030
6009,81,363,cdls,0x5eac86616030
6010,21,195,cdls,0x5eac86616030
6011,45,267,cdls,0x5eac86616030
6012,48,270,cdls,0x5eac86616030
6013,102,372,cdls,0x5eac86616030
6014,57,255,cdls,0x5eac86616030
6015,21,183,cdls,0x5eac86616030
6016,60,282,cdls,0x5eac86616030
6017,27,201,cdls,0x5eac86616030
6018,75,345,cdls,0x5eac86616030
6019,57,198,cdls,0x5eac86616030
6020,24,210,cdls,0x5eac86616030
6021,84,399,cdls,0x5eac86616030
6022,30,204,cdls,0x5eac86616030
6023,75,345,cdls,0x5eac86616030
6024,69,315,cdls,0x5eac86616030
6025,69,459,cdls,0x5eac86616030
6026,141,366,cdls,0x5eac86616030
6027,156,414,cdls,0x5eac86616030
6028,66,576,cdls,0x5eac86616030
6029,72,546,cdls,0x5eac86616030
6030,111,339,cdls,0x5eac86616030
6031,93,336,cdls,0x5eac86616030
6032,78,297,cdls,0x5eac86616030
6033,102,408,cdls,0x5eac86616030
6034,33,174,cdls,0x5eac86616030
6035,108,438,cdls,0x5eac86616030
6036,54,408,cdls,0x5eac86616030
6037,117,447,cdls,0x5eac86616030
6038,27,201,cdls,0x5eac86616030
6039,57,159,cdls,0x5eac86616030
6040,33,189,cdls,0x5eac86616030
6041,48,186,cdls,0x5eac86616030
6042,63,276,cdls,0x5eac86616030
6043,45,249,cdls,0x5eac86616030
6044,105,288,cdls,0x5eac86616030
6045,81,348,cdls,0x5eac86616030
6046,90,249,cdls,0x5eac86616030
6047,33,159,cdls,0x5eac86616030
6048,60,225,cdls,0x5eac86616030
6049,45,375,cdls,0x5eac86616030
6050,24,147,cdls,0x5eac86616030
6051,54,150,cdls,0x5eac86616030
6052,66,255,cdls,0x5eac86616030
6053,84,225,cdls,0x5eac86616030
6054,33,222,cdls,0x5eac86616030
6055,84,273,cdls,0x5eac86616030
6056,111,279,cdls,0x5eac86616030
6057,108,387,cdls,0x5eac86616030
6058,87,318,cdls,0x5eac86616030
6059,57,363,cdls,0x5eac86616030
6060,27,177,cdls,0x5eac86616030
6061,123,342,cdls,0x5eac86616030
6062,105,351,cdls,0x5eac86616030
6063,51,249,cdls,0x5eac86616030
6064,48,270,cdls,0x5eac86616030
6065,42,189,cdls,0x5eac86616030
6066,30,159,cdls,0x5eac86616030
6067,60,258,cdls,0x5eac86616030
6068,57,387,cdls,0x5eac86616030
6069,75,255,cdls,0x5eac86616030
6070,102,303,cdls,0x5eac86616030
6071,54,240,cdls,0x5eac86616030
6072,57,339,cdls,0x5eac86616030
6073,96,378,cdls,0x5eac86616030
6074,39,258,cdls,0x5eac86616030
6075,54,300,cdls,0x5eac86616030
6076,78,336,cdls,0x5eac86616030
6077,102,456,cdls,0x5eac86616030
6078,30,360,cdls,0x5eac86616030
6079,36,234,cdls,0x5eac86616030
6080,57,210,cdls,0x5eac86616030
6081,66,210,cdls,0x5eac86616030
6082,48,270,cdls,0x5eac86616030
6083,90,375,cdls,0x5eac86616030
6084,63,357,cdls,0x5eac86616030
6085,75,309,cdls,0x5eac86616030
6086,87,381,cdls,0x5eac86616030
6087,57,222,cdls,0x5eac86616030
6088,21,183,cdls,0x5eac86616030
6089,42,276,cdls,0x5eac86616030
6090,30,204,cdls,0x5eac86616030
6091,45,387,cdls,0x5eac86616030
6092,75,333,cdls,0x5eac86616030
6093,54,300,cdls,0x5eac86616030
6094,36,234,cdls,0x5eac86616030
6095,27,225,cdls,0x5eac86616030
6096,21,195,cdls,0x5eac86616030
6097,39,261,cdls,0x5eac86616030
6098,57,231,cdls,0x5eac86616030
6099,69,330,cdls,0x5eac86616030
6100,54,240,cdls,0x5eac86616030
6101,54,312,cdls,0x5eac86616030
6102,54,228,cdls,0x5eac86616030
6103,72,456,cdls,0x5eac86616030
6104,81,339,cdls,0x5eac86616030
6105,69,300,cdls,0x5eac86616030
6106,33,126,cdls,0x5eac86616030
6107,54,270,cdls,0x5eac86616030
6108,72,258,cdls,0x5eac86616030
6109,51,219,cdls,0x5eac86616030
6110,39,198,cdls,0x5eac86616030
6111,78,207,cdls,0x5eac86616030
6112,36,135,cdls,0x5eac86616030
6113,99,351,cdls,0x5eac86616030
6114,30,120,cdls,0x5eac86616030
6115,27,156,cdls,0x5eac86616030
6116,48,246,cdls,0x5eac86616030
6117,138,375,cdls,0x5eac86616030
6118,39,225,cdls,0x5eac86616030
6119,93,411,cdls,0x5eac86616030
6120,42,168,cdls,0x5eac86616030
6121,48,198,cdls,0x5eac86616030
6122,36,141,cdls,0x5eac86616030
6123,111,306,cdls,0x5eac86616030
6124,78,291,cdls,0x5eac86616030
6125,42,288,cdls,0x5eac86616030
6126,57,384,cdls,0x5eac86616030
6127,51,213,cdls,0x5eac86616030
6128,87,393,cdls,0x5eac86616030
6129,63,324,cdls,0x5eac86616030
6130,42,249,cdls,0x5eac86616030
6131,57,276,cdls,0x5eac86616030
6132,33,135,cdls,0x5eac86616030
6133,21,144,cdls,0x5eac86616030
6134,84,291,cdls,0x5eac86616030
6135,30,216,cdls,0x5eac86616030
6136,54,312,cdls,0x5eac86616030
6137,66,372,cdls,0x5eac86616030
6138,117,357,cdls,0x5eac86616030
6139,96,318,cdls,0x5eac86616030
6140,60,297,cdls,0x5eac86616030
6141,45,171,cdls,0x5eac86616030
6142,60,195,cdls,0x5eac86616030
6143,57,243,cdls,0x5eac86616030
6144,87,381,cdls,0x5eac86616030
6145,93,333,cdls,0x5eac86616030
6146,63,267,cdls,0x5eac86616030
6147,45,267,cdls,0x5eac86616030
6148,42,258,cdls,0x5eac86616030
6149,69,297,cdls,0x5eac86616030
6150,36,150,cdls,0x5eac86616030
6151,27,201,cdls,0x5eac86616030
6152,78,336,cdls,0x5eac86616030
6153,57,231,cdls,0x5eac86616030
6154,78,384,cdls,0x5eac86616030
6155,54,210,cdls,0x5eac86616030
6156,63,345,cdls,0x5eac86616030
6157,24,159,cdls,0x5eac86616030
6158,132,339,cdls,0x5eac86616030
6159,93,360,cdls,0x5eac86616030
6160,42,357,cdls,0x5eac86616030
6161,72,510,cdls,0x5eac86616030
6162,108,363,cdls,0x5eac86616030
6163,75,588,cdls,0x5eac86616030
6164,18,156,cdls,0x5eac86616030
6165,96,510,cdls,0x5eac86616030
6166,69,327,cdls,0x5eac86616030
6167,93,447,cdls,0x5eac86616030
6168,141,444,cdls,0x5eac86616030
6169,81,543,cdls,0x5eac86616030
6170,123,429,cdls,0x5eac86616030
6171,39,150,cdls,0x5eac86616030
6172,60,252,cdls,0x5eac86616030
6173,75,312,cdls,0x5eac86616030
6174,153,537,cdls,0x5eac86616030
6175,138,339,cdls,0x5eac86616030
6176,90,615,cdls,0x5eac86616030
6177,75,507,cdls,0x5eac86616030
6178,45,411,cdls,0x5eac86616030
6179,93,477,cdls,0x5eac86616030
6180,75,585,cdls,0x5eac86616030
6181,54,540,cdls,0x5eac86616030
6182,117,351,cdls,0x5eac86616030
6183,99,408,cdls,0x5eac86616030
6184,126,429,cdls,0x5eac86616030
6185,72,378,cdls,0x5eac86616030
6186,90,660,cdls,0x5eac86616030
6187,78,546,cdls,0x5eac86616030
6188,81,444,cdls,0x5eac86616030
6189,60,375,cdls,0x5eac86616030
6190,57,630,cdls,0x5eac86616030
6191,78,471,cdls,0x5eac86616030
6192,87,438,cdls,0x5eac86616030
6193,144,327,cdls,0x5eac86616030
6194,78,552,cdls,0x5eac86616030
6195,66,576,cdls,0x5eac86616030
6196,105,471,cdls,0x5eac86616030
6197,93,531,cdls,0x5eac86616030
6198,69,624,cdls,0x5eac86616030
6199,117,522,cdls,0x5eac86616030
6200,84,591,cdls,0x5eac86616030
6201,63,576,cdls,0x5eac86616030
6202,78,504,cdls,0x5eac86616030
6203,84,510,cdls,0x5eac86616030
6204,42,213,cdls,0x5eac86616030
6205,63,231,cdls,0x5eac86616030
6206,69,411,cdls,0x5eac86616030
6207,99,558,cdls,0x5eac86616030
6208,66,288,cdls,0x5eac86616030
6209,60,414,cdls,0x5eac86616030
6210,87,381,cdls,0x5eac86616030
6211,75,453,cdls,0x5eac86616030
6212,102,456,cdls,0x5eac86616030
6213,45,216,cdls,0x5eac86616030
6214,60,219,cdls,0x5eac86616030
6215,63,252,cdls,0x5eac86616030
6216,96,450,cdls,0x5eac86616030
6217,132,441,cdls,0x5eac86616030
6218,96,447,cdls,0x5eac86616030
6219,93,699,cdls,0x5eac86616030
6220,45,435,cdls,0x5eac86616030
6221,51,366,cdls,0x5eac86616030
6222,87,528,cdls,0x5eac86616030
6223,36,318,cdls,0x5eac86616030
6224,66,576,cdls,0x5eac86616030
6225,60,486,cdls,0x5eac86616030
6226,42,153,cdls,0x5eac86616030
6227,81,258,cdls,0x5eac86616030
6228,87,264,cdls,0x5eac86616030
6229,69,435,cdls,0x5eac86616030
6230,57,387,cdls,0x5eac86616030
6231,153,495,cdls,0x5eac86616030
6232,96,471,cdls,0x5eac86616030
6233,63,282,cdls,0x5eac86616030
6234,60,225,cdls,0x5eac86616030
6235,123,306,cdls,0x5eac86616030
6236,75,465,cdls,0x5eac86616030
6237,81,507,cdls,0x5eac86616030
6238,72,504,cdls,0x5eac86616030
6239,102,441,cdls,0x5eac86616030
6240,81,531,cdls,0x5eac86616030
6241,126,468,cdls,0x5eac86616030
6242,69,591,cdls,0x5eac86616030
6243,60,414,cdls,0x5eac86616030
6244,48,474,cdls,0x5eac86616030
6245,78,672,cdls,0x5eac86616030
6246,105,519,cdls,0x5eac86616030
6247,90,465,cdls,0x5eac86616030
6248,126,507,cdls,0x5eac86616030
6249,78,435,cdls,0x5eac86616030
6250,102,369,cdls,0x5eac86616030
6251,69,603,cdls,0x5eac86616030
6252,51,729,cdls,0x5eac86616030
6253,60,453,cdls,0x5eac86616030
6254,87,531,cdls,0x5eac86616030
6255,81,474,cdls,0x5eac86616030
6256,102,357,cdls,0x5eac86616030
6257,48,369,cdls,0x5eac86616030
6258,54,375,cdls,0x5eac86616030
6259,117,567,cdls,0x5eac86616030
6260,99,441,cdls,0x5eac86616030
6261,78,564,cdls,0x5eac86616030
6262,57,633,cdls,0x5eac86616030
6263,51,531,cdls,0x5eac86616030
6264,105,471,cdls,0x5eac86616030
6265,78,696,cdls,0x5eac86616030
6266,96,618,cdls,0x5eac86616030
6267,105,555,cdls,0x5eac86616030
6268,60,570,cdls,0x5eac86616030
6269,90,480,cdls,0x5eac86616030
6270,45,615,cdls,0x5eac86616030
6271,129,462,cdls,0x5eac86616030
6272,144,363,cdls,0x5eac86616030
6273,54,489,cdls,0x5eac86616030
6274,102,492,cdls,0x5eac86616030
6275,69,369,cdls,0x5eac86616030
6276,45,543,cdls,0x5eac86616030
6277,39,687,cdls,0x5eac86616030
6278,60,609,cdls,0x5eac86616030
6279,117,459,cdls,0x5eac86616030
6280,45,636,cdls,0x5eac86616030
6281,81,618,cdls,0x5eac86616030
6282,39,729,cdls,0x5eac86616030
6283,69,477,cdls,0x5eac86616030
6284,60,762,cdls,0x5eac86616030
6285,90,546,cdls,0x5eac86616030
6286,111,525,cdls,0x5eac86616030
6287,114,582,cdls,0x5eac86616030
6288,51,777,cdls,0x5eac86616030
6289,45,516,cdls,0x5eac86616030
6290,96,492,cdls,0x5eac86616030
6291,57,651,cdls,0x5eac86616030
6292,108,582,cdls,0x5eac86616030
6293,63,576,cdls,0x5eac86616030
6294,51,558,cdls,0x5eac86616030
6295,96,612,cdls,0x5eac86616030
6296,72,618,cdls,0x5eac86616030
6297,78,651,cdls,0x5eac86616030
6298,75,771,cdls,0x5eac86616030
6299,54,804,cdls,0x5eac86616030
6300,63,639,cdls,0x5eac86616030
6301,117,414,cdls,0x5eac86616030
6302,87,369,cdls,0x5eac86616030
6303,99,297,cdls,0x5eac86616030
6304,108,318,cdls,0x5eac86616030
6305,57,315,cdls,0x5eac86616030
6306,90,369,cdls,0x5eac86616030
6307,57,462,cdls,0x5eac86616030
6308,51,426,cdls,0x5eac86616030
6309,105,378,cdls,0x5eac86616030
6310,117,531,cdls,0x5eac86616030
6311,132,630,cdls,0x5eac86616030
6312,18,123,cdls,0x5eac86616030
6313,126,627,cdls,0x5eac86616030
6314,123,381,cdls,0x5eac86616030
6315,48,372,cdls,0x5eac86616030
6316,96,537,cdls,0x5eac86616030
6317,57,705,cdls,0x5eac86616030
6318,90,486,cdls,0x5eac86616030
6319,93,369,cdls,0x5eac86616030
6320,111,324,cdls,0x5eac86616030
6321,33,123,cdls,0x5eac86616030
6322,27,93,cdls,0x5eac86616030
6323,63,186,cdls,0x5eac86616030
6324,45,135,cdls,0x5eac86616030
6325,129,348,cdls,0x5eac86616030
6326,102,423,cdls,0x5eac86616030
6327,78,339,cdls,0x5eac86616030
6328,111,501,cdls,0x5eac86616030
6329,69,504,cdls,0x5eac86616030
6330,147,453,cdls,0x5eac86616030
6331,108,417,cdls,0x5eac86616030
6332,57,243,cdls,0x5eac86616030
6333,45,195,cdls,0x5eac86616030
6334,42,237,cdls,0x5eac86616030
6335,132,327,cdls,0x5eac86616030
6336,114,258,cdls,0x5eac86616030
6337,66,210,cdls,0x5eac86616030
6338,48,183,cdls,0x5eac86616030
6339,42,240,cdls,0x5eac86616030
6340,21,138,cdls,0x5eac86616030
6341,96,297,cdls,0x5eac86616030
6342,102,423,cdls,0x5eac86616030
6343,57,561,cdls,0x5eac86616030
6344,33,366,cdls,0x5eac86616030
6345,66,579,cdls,0x5eac86616030
6346,123,432,cdls,0x5eac86616030
6347,129,402,cdls,0x5eac86616030
6348,93,378,cdls,0x5eac86616030
6349,102,447,cdls,0x5eac86616030
6350,96,465,cdls,0x5eac86616030
6351,39,513,cdls,0x5eac86616030
6352,81,480,cdls,0x5eac86616030
6353,60,414,cdls,0x5eac86616030
6354,105,558,cdls,0x5eac86616030
6355,51,612,cdls,0x5eac86616030
6356,45,648,cdls,0x5eac86616030
6357,117,465,cdls,0x5eac86616030
6358,27,504,cdls,0x5eac86616030
6359,63,549,cdls,0x5eac86616030
6360,75,546,cdls,0x5eac86616030
6361,144,567,cdls,0x5eac86616030
6362,111,843,cdls,0x5eac86616030
6363,51,486,cdls,0x5eac86616030
6364,39,585,cdls,0x5eac86616030
6365,45,576,cdls,0x5eac86616030
6366,105,714,cdls,0x5eac86616030
6367,30,618,cdls,0x5eac86616030
6368,69,516,cdls,0x5eac86616030
6369,60,690,cdls,0x5eac86616030
6370,57,567,cdls,0x5eac86616030
6371,87,477,cdls,0x5eac86616030
6372,54,423,cdls,0x5eac86616030
6373,57,468,cdls,0x5eac86616030
6374,114,351,cdls,0x5eac86616030
6375,75,381,cdls,0x5eac86616030
6376,69,363,cdls,0x5eac86616030
6377,111,660,cdls,0x5eac86616030
6378,60,615,cdls,0x5eac86616030
6379,90,441,cdls,0x5eac86616030
6380,72,510,cdls,0x5eac86616030
6381,126,492,cdls,0x5eac86616030
6382,81,669,cdls,0x5eac86616030
6383,60,567,cdls,0x5eac86616030
6384,54,615,cdls,0x5eac86616030
6385,48,393,cdls,0x5eac86616030
6386,129,525,cdls,0x5eac86616030
6387,117,387,cdls,0x5eac86616030
6388,102,486,cdls,0x5eac86616030
6389,84,375,cdls,0x5eac86616030
6390,54,444,cdls,0x5eac86616030
6391,99,573,cdls,0x5eac86616030
6392,93,459,cdls,0x5eac86616030
6393,45,420,cdls,0x5eac86616030
6394,54,624,cdls,0x5eac86616030
6395,30,480,cdls,0x5eac86616030
6396,171,432,cdls,0x5eac86616030
6397,99,435,cdls,0x5eac86616030
6398,42,525,cdls,0x5eac86616030
6399,66,561,cdls,0x5eac86616030
6400,105,315,cdls,0x5eac86616030
6401,66,384,cdls,0x5eac86616030
6402,78,564,cdls,0x5eac86616030
6403,123,411,cdls,0x5eac86616030
6404,108,534,cdls,0x5eac86616030
6405,51,525,cdls,0x5eac86616030
6406,48,417,cdls,0x5eac86616030
6407,42,333,cdls,0x5eac86616030
6408,78,354,cdls,0x5eac86616030
6409,120,477,cdls,0x5eac86616030
6410,105,402,cdls,0x5eac86616030
6411,72,498,cdls,0x5eac86616030
6412,69,675,cdls,0x5eac86616030
6413,24,657,cdls,0x5eac86616030
6414,93,426,cdls,0x5eac86616030
6415,81,534,cdls,0x5eac86616030
6416,66,477,cdls,0x5eac86616030
6417,132,678,cdls,0x5eac86616030
6418,51,546,cdls,0x5eac86616030
6419,75,492,cdls,0x5eac86616030
6420,75,534,cdls,0x5eac86616030
6421,63,552,cdls,0x5eac86616030
6422,48,531,cdls,0x5eac86616030
6423,93,552,cdls,0x5eac86616030
6424,57,243,cdls,0x5eac86616030
6425,108,372,cdls,0x5eac86616030
6426,33,132,cdls,0x5eac86616030
6427,81,273,cdls,0x5eac86616030
6428,69,261,cdls,0x5eac86616030
6429,96,312,cdls,0x5eac86616030
6430,45,177,cdls,0x5eac86616030
6431,42,168,cdls,0x5eac86616030
6432,15,111,cdls,0x5eac86616030
6433,78,504,cdls,0x5eac86616030
6434,21,138,cdls,0x5eac86616030
6435,99,429,cdls,0x5eac86616030
6436,114,408,cdls,0x5eac86616030
6437,24,198,cdls,0x5eac86616030
6438,18,144,cdls,0x5eac86616030
6439,60,294,cdls,0x5eac86616030
6440,42,288,cdls,0x5eac86616030
6441,75,417,cdls,0x5eac86616030
6442,75,360,cdls,0x5eac86616030
6443,18,141,cdls,0x5eac86616030
6444,162,402,cdls,0x5eac86616030
6445,69,303,cdls,0x5eac86616030
6446,66,210,cdls,0x5eac86616030
6447,93,273,cdls,0x5eac86616030
6448,84,312,cdls,0x5eac86616030
6449,63,216,cdls,0x5eac86616030
6450,90,444,cdls,0x5eac86616030
6451,69,303,cdls,0x5eac86616030
6452,96,321,cdls,0x5eac86616030
6453,39,225,cdls,0x5eac86616030
6454,93,384,cdls,0x5eac86616030
6455,75,327,cdls,0x5eac86616030
6456,162,369,cdls,0x5eac86616030
6457,63,345,cdls,0x5eac86616030
6458,78,255,cdls,0x5eac86616030
6459,93,588,cdls,0x5eac86616030
6460,90,327,cdls,0x5eac86616030
6461,60,498,cdls,0x5eac86616030
6462,153,483,cdls,0x5eac86616030
6463,66,339,cdls,0x5eac86616030
6464,78,642,cdls,0x5eac86616030
6465,132,330,cdls,0x5eac86616030
6466,123,423,cdls,0x5eac86616030
6467,42,147,cdls,0x5eac86616030
6468,39,186,cdls,0x5eac86616030
6469,87,321,cdls,0x5eac86616030
6470,63,321,cdls,0x5eac86616030
6471,60,285,cdls,0x5eac86616030
6472,63,216,cdls,0x5eac86616030
6473,84,327,cdls,0x5eac86616030
6474,72,318,cdls,0x5eac86616030
6475,99,381,cdls,0x5eac86616030
6476,90,381,cdls,0x5eac86616030
6477,99,306,cdls,0x5eac86616030
6478,96,378,cdls,0x5eac86616030
6479,135,324,cdls,0x5eac86616030
6480,150,402,cdls,0x5eac86616030
6481,99,597,cdls,0x5eac86616030
6482,84,510,cdls,0x5eac86616030
6483,81,444,cdls,0x5eac86616030
6484,63,369,cdls,0x5eac86616030
6485,96,402,cdls,0x5eac86616030
6486,66,384,cdls,0x5eac86616030
6487,36,210,cdls,0x5eac86616030
6488,72,228,cdls,0x5eac86616030
6489,60,237,cdls,0x5eac86616030
6490,84,267,cdls,0x5eac86616030
6491,90,318,cdls,0x5eac86616030
6492,123,429,cdls,0x5eac86616030
6493,99,621,cdls,0x5eac86616030
6494,111,429,cdls,0x5eac86616030
6495,108,432,cdls,0x5eac86616030
6496,48,441,cdls,0x5eac86616030
6497,93,387,cdls,0x5eac86616030
6498,84,402,cdls,0x5eac86616030
6499,48,330,cdls,0x5eac86616030
6500,75,321,cdls,0x5eac86616030
6501,69,399,cdls,0x5eac86616030
6502,132,441,cdls,0x5eac86616030
6503,90,468,cdls,0x5eac86616030
6504,96,315,cdls,0x5eac86616030
6505,39,267,cdls,0x5eac86616030
6506,96,267,cdls,0x5eac86616030
6507,108,357,cdls,0x5eac86616030
6508,129,525,cdls,0x5eac86616030
6509,90,408,cdls,0x5eac86616030
6510,96,471,cdls,0x5eac86616030
6511,54,552,cdls,0x5eac86616030
6512,99,468,cdls,0x5eac86616030
6513,69,459,cdls,0x5eac86616030
6514,84,381,cdls,0x5eac86616030
6515,93,420,cdls,0x5eac86616030
6516,72,390,cdls,0x5eac86616030
6517,21,171,cdls,0x5eac86616030
6518,51,330,cdls,0x5eac86616030
6519,54,210,cdls,0x5eac86616030
6520,51,309,cdls,0x5eac86616030
6521,60,465,cdls,0x5eac86616030
6522,63,465,cdls,0x5eac86616030
6523,111,333,cdls,0x5eac86616030
6524,81,522,cdls,0x5eac86616030
6525,84,498,cdls,0x5eac86616030
6526,123,522,cdls,0x5eac86616030
6527,63,270,cdls,0x5eac86616030
6528,57,315,cdls,0x5eac86616030
6529,60,279,cdls,0x5eac86616030
6530,75,261,cdls,0x5eac86616030
6531,42,345,cdls,0x5eac86616030
6532,87,501,cdls,0x5eac86616030
6533,48,546,cdls,0x5eac86616030
6534,96,423,cdls,0x5eac86616030
6535,81,531,cdls,0x5eac86616030
6536,45,243,cdls,0x5eac86616030
6537,51,381,cdls,0x5eac86616030
6538,69,459,cdls,0x5eac86616030
6539,69,519,cdls,0x5eac86616030
6540,45,291,cdls,0x5eac86616030
6541,135,429,cdls,0x5eac86616030
6542,75,345,cdls,0x5eac86616030
6543,57,585,cdls,0x5eac86616030
6544,81,456,cdls,0x5eac86616030
6545,30,549,cdls,0x5eac86616030
6546,114,648,cdls,0x5eac86616030
6547,54,444,cdls,0x5eac86616030
6548,90,429,cdls,0x5eac86616030
6549,57,255,cdls,0x5eac86616030
6550,57,315,cdls,0x5eac86616030
6551,87,492,cdls,0x5eac86616030
6552,111,552,cdls,0x5eac86616030
6553,96,519,cdls,0x5eac86616030
6554,87,474,cdls,0x5eac86616030
6555,78,504,cdls,0x5eac86616030
6556,45,660,cdls,0x5eac86616030
6557,102,684,cdls,0x5eac86616030
6558,90,342,cdls,0x5eac86616030
6559,78,528,cdls,0x5eac86616030
6560,87,240,cdls,0x5eac86616030
6561,54,279,cdls,0x5eac86616030
6562,54,228,cdls,0x5eac86616030
6563,135,339,cdls,0x5eac86616030
6564,72,570,cdls,0x5eac86616030
6565,93,555,cdls,0x5eac86616030
6566,69,495,cdls,0x5eac86616030
6567,156,453,cdls,0x5eac86616030
6568,69,312,cdls,0x5eac86616030
6569,57,471,cdls,0x5eac86616030
6570,72,516,cdls,0x5eac86616030
6571,96,441,cdls,0x5eac86616030
6572,93,576,cdls,0x5eac86616030
6573,78,516,cdls,0x5eac86616030
6574,123,315,cdls,0x5eac86616030
6575,96,441,cdls,0x5eac86616030
6576,42,468,cdls,0x5eac86616030
6577,108,465,cdls,0x5eac86616030
6578,123,564,cdls,0x5eac86616030
6579,93,423,cdls,0x5eac86616030
6580,81,498,cdls,0x5eac86616030
6581,96,570,cdls,0x5eac86616030
6582,147,384,cdls,0x5eac86616030
6583,84,519,cdls,0x5eac86616030
6584,117,369,cdls,0x5eac86616030
6585,72,396,cdls,0x5eac86616030
6586,93,450,cdls,0x5eac86616030
6587,75,438,cdls,0x5eac86616030
6588,117,375,cdls,0x5eac86616030
6589,24,174,cdls,0x5eac86616030
6590,21,183,cdls,0x5eac86616030
6591,81,408,cdls,0x5eac86616030
6592,39,225,cdls,0x5eac86616030
6593,69,303,cdls,0x5eac86616030
6594,87,450,cdls,0x5eac86616030
6595,105,447,cdls,0x5eac86616030
6596,75,597,cdls,0x5eac86616030
6597,69,465,cdls,0x5eac86616030
6598,72,525,cdls,0x5eac86616030
6599,111,462,cdls,0x5eac86616030
6600,66,414,cdls,0x5eac86616030
6601,60,390,cdls,0x5eac86616030
6602,93,567,cdls,0x5eac86616030
6603,81,582,cdls,0x5eac86616030
6604,111,423,cdls,0x5eac86616030
6605,150,432,cdls,0x5eac86616030
6606,54,660,cdls,0x5eac86616030
6607,60,426,cdls,0x5eac86616030
6608,21,183,cdls,0x5eac86616030
6609,78,309,cdls,0x5eac86616030
6610,72,213,cdls,0x5eac86616030
6611,111,351,cdls,0x5eac86616030
6612,60,246,cdls,0x5eac86616030
6613,156,468,cdls,0x5eac86616030
6614,51,183,cdls,0x5eac86616030
6615,87,294,cdls,0x5eac86616030
6616,90,363,cdls,0x5eac86616030
6617,156,333,cdls,0x5eac86616030
6618,36,198,cdls,0x5eac86616030
6619,36,138,cdls,0x5eac86616030
6620,36,195,cdls,0x5eac86616030
6621,48,183,cdls,0x5eac86616030
6622,36,246,cdls,0x5eac86616030
6623,60,315,cdls,0x5eac86616030
6624,24,162,cdls,0x5eac86616030
6625,90,384,cdls,0x5eac86616030
6626,42,276,cdls,0x5eac86616030
6627,114,429,cdls,0x5eac86616030
6628,120,471,cdls,0x5eac86616030
6629,69,429,cdls,0x5eac86616030
6630,60,351,cdls,0x5eac86616030
6631,117,333,cdls,0x5eac86616030
6632,54,366,cdls,0x5eac86616030
6633,42,264,cdls,0x5eac86616030
6634,72,372,cdls,0x5eac86616030
6635,159,375,cdls,0x5eac86616030
6636,63,393,cdls,0x5eac86616030
6637,102,540,cdls,0x5eac86616030
6638,111,468,cdls,0x5eac86616030
6639,141,435,cdls,0x5eac86616030
6640,87,381,cdls,0x5eac86616030
6641,81,483,cdls,0x5eac86616030
6642,81,423,cdls,0x5eac86616030
6643,51,333,cdls,0x5eac86616030
6644,147,372,cdls,0x5eac86616030
6645,111,543,cdls,0x5eac86616030
6646,93,387,cdls,0x5eac86616030
6647,60,219,cdls,0x5eac86616030
6648,21,183,cdls,0x5eac86616030
6649,66,318,cdls,0x5eac86616030
6650,57,219,cdls,0x5eac86616030
6651,87,414,cdls,0x5eac86616030
6652,39,345,cdls,0x5eac86616030
6653,69,387,cdls,0x5eac86616030
6654,66,324,cdls,0x5eac86616030
6655,69,402,cdls,0x5eac86616030
6656,75,498,cdls,0x5eac86616030
6657,132,636,cdls,0x5eac86616030
6658,84,606,cdls,0x5eac86616030
6659,96,486,cdls,0x5eac86616030
6660,120,510,cdls,0x5eac86616030
6661,105,375,cdls,0x5eac86616030
6662,78,465,cdls,0x5eac86616030
6663,78,513,cdls,0x5eac86616030
6664,69,390,cdls,0x5eac86616030
6665,87,600,cdls,0x5eac86616030
6666,102,531,cdls,0x5eac86616030
6667,57,525,cdls,0x5eac86616030
6668,57,609,cdls,0x5eac86616030
6669,39,456,cdls,0x5eac86616030
6670,93,735,cdls,0x5eac86616030
6671,60,738,cdls,0x5eac86616030
6672,54,717,cdls,0x5eac86616030
6673,114,567,cdls,0x5eac86616030
6674,54,561,cdls,0x5eac86616030
6675,87,282,cdls,0x5eac86616030
6676,21,195,cdls,0x5eac86616030
6677,51,297,cdls,0x5eac86616030
6678,39,249,cdls,0x5eac86616030
6679,78,303,cdls,0x5eac86616030
6680,39,417,cdls,0x5eac86616030
6681,69,420,cdls,0x5eac86616030
6682,72,444,cdls,0x5eac86616030
6683,66,300,cdls,0x5eac86616030
6684,72,423,cdls,0x5eac86616030
6685,60,642,cdls,0x5eac86616030
6686,60,405,cdls,0x5eac86616030
6687,93,525,cdls,0x5eac86616030
6688,93,522,cdls,0x5eac86616030
6689,57,555,cdls,0x5eac86616030
6690,63,426,cdls,0x5eac86616030
6691,129,426,cdls,0x5eac86616030
6692,108,483,cdls,0x5eac86616030
6693,114,480,cdls,0x5eac86616030
6694,48,441,cdls,0x5eac86616030
6695,99,486,cdls,0x5eac86616030
6696,57,663,cdls,0x5eac86616030
6697,90,465,cdls,0x5eac86616030
6698,54,537,cdls,0x5eac86616030
6699,87,567,cdls,0x5eac86616030
6700,60,678,cdls,0x5eac86616030
6701,93,669,cdls,0x5eac86616030
6702,105,555,cdls,0x5eac86616030
6703,111,576,cdls,0x5eac86616030
6704,81,630,cdls,0x5eac86616030
6705,90,462,cdls,0x5eac86616030
6706,96,573,cdls,0x5eac86616030
6707,108,474,cdls,0x5eac86616030
6708,60,588,cdls,0x5eac86616030
6709,60,555,cdls,0x5eac86616030
6710,147,456,cdls,0x5eac86616030
6711,96,441,cdls,0x5eac86616030
6712,126,288,cdls,0x5eac86616030
6713,30,135,cdls,0x5eac86616030
6714,111,384,cdls,0x5eac86616030
6715,36,195,cdls,0x5eac86616030
6716,78,660,cdls,0x5eac86616030
6717,81,507,cdls,0x5eac86616030
6718,39,357,cdls,0x5eac86616030
6719,87,357,cdls,0x5eac86616030
6720,81,375,cdls,0x5eac86616030
6721,63,609,cdls,0x5eac86616030
6722,48,630,cdls,0x5eac86616030
6723,57,558,cdls,0x5eac86616030
6724,129,417,cdls,0x5eac86616030
6725,54,573,cdls,0x5eac86616030
6726,111,378,cdls,0x5eac86616030
6727,108,357,cdls,0x5eac86616030
6728,123,597,cdls,0x5eac86616030
6729,114,420,cdls,0x5eac86616030
6730,108,450,cdls,0x5eac86616030
6731,138,408,cdls,0x5eac86616030
6732,84,540,cdls,0x5eac86616030
6733,81,687,cdls,0x5eac86616030
6734,36,534,cdls,0x5eac86616030
6735,117,519,cdls,0x5eac86616030
6736,108,726,cdls,0x5eac86616030
6737,42,777,cdls,0x5eac86616030
6738,66,564,cdls,0x5eac86616030
6739,90,564,cdls,0x5eac86616030
6740,108,390,cdls,0x5eac86616030
6741,45,495,cdls,0x5eac86616030
6742,123,441,cdls,0x5eac86616030
6743,75,729,cdls,0x5eac86616030
6744,48,702,cdls,0x5eac86616030
6745,57,387,cdls,0x5eac86616030
6746,87,477,cdls,0x5eac86616030
6747,60,522,cdls,0x5eac86616030
6748,63,513,cdls,0x5eac86616030
6749,66,552,cdls,0x5eac86616030
6750,108,534,cdls,0x5eac86616030
6751,129,444,cdls,0x5eac86616030
6752,36,315,cdls,0x5eac86616030
6753,66,504,cdls,0x5eac86616030
6754,93,567,cdls,0x5eac86616030
6755,72,582,cdls,0x5eac86616030
6756,48,546,cdls,0x5eac86616030
6757,96,366,cdls,0x5eac86616030
6758,18,123,cdls,0x5eac86616030
6759,21,153,cdls,0x5eac86616030
6760,63,345,cdls,0x5eac86616030
6761,60,270,cdls,0x5eac86616030
6762,105,351,cdls,0x5eac86616030
6763,120,354,cdls,0x5eac86616030
6764,54,252,cdls,0x5eac86616030
6765,51,297,cdls,0x5eac86616030
6766,36,222,cdls,0x5eac86616030
6767,69,297,cdls,0x5eac86616030
6768,66,309,cdls,0x5eac86616030
6769,36,246,cdls,0x5eac86616030
6770,27,225,cdls,0x5eac86616030
6771,60,282,cdls,0x5eac86616030
6772,117,483,cdls,0x5eac86616030
6773,36,354,cdls,0x5eac86616030
6774,87,357,cdls,0x5eac86616030
6775,87,525,cdls,0x5eac86616030
6776,87,309,cdls,0x5eac86616030
6777,72,279,cdls,0x5eac86616030
6778,99,336,cdls,0x5eac86616030
6779,24,186,cdls,0x5eac86616030
6780,36,414,cdls,0x5eac86616030
6781,21,195,cdls,0x5eac86616030
6782,78,447,cdls,0x5eac86616030
6783,93,477,cdls,0x5eac86616030
6784,42,276,cdls,0x5eac86616030
6785,36,516,cdls,0x5eac86616030
6786,39,177,cdls,0x5eac86616030
6787,99,585,cdls,0x5eac86616030
6788,57,531,cdls,0x5eac86616030
6789,99,621,cdls,0x5eac86616030
6790,57,687,cdls,0x5eac86616030
6791,96,450,cdls,0x5eac86616030
6792,45,531,cdls,0x5eac86616030
6793,69,519,cdls,0x5eac86616030
6794,120,474,cdls,0x5eac86616030
6795,54,531,cdls,0x5eac86616030
6796,63,687,cdls,0x5eac86616030
6797,51,669,cdls,0x5eac86616030
6798,111,561,cdls,0x5eac86616030
6799,81,459,cdls,0x5eac86616030
6800,45,723,cdls,0x5eac86616030
6801,99,597,cdls,0x5eac86616030
6802,27,456,cdls,0x5eac86616030
6803,102,696,cdls,0x5eac86616030
6804,51,465,cdls,0x5eac86616030
6805,126,552,cdls,0x5eac86616030
6806,81,651,cdls,0x5eac86616030
6807,102,564,cdls,0x5eac86616030
6808,81,555,cdls,0x5eac86616030
6809,123,561,cdls,0x5eac86616030
6810,33,579,cdls,0x5eac86616030
6811,54,612,cdls,0x5eac86616030
6812,96,558,cdls,0x5eac86616030
6813,72,678,cdls,0x5eac86616030
6814,66,636,cdls,0x5eac86616030
6815,45,663,cdls,0x5eac86616030
6816,75,621,cdls,0x5eac86616030
6817,51,633,cdls,0x5eac86616030
6818,45,651,cdls,0x5eac86616030
6819,45,423,cdls,0x5eac86616030
6820,54,504,cdls,0x5eac86616030
6821,96,570,cdls,0x5eac86616030
6822,81,519,cdls,0x5eac86616030
6823,39,465,cdls,0x5eac86616030
6824,60,546,cdls,0x5eac86616030
6825,63,444,cdls,0x5eac86616030
6826,81,408,cdls,0x5eac86616030
6827,117,312,cdls,0x5eac86616030
6828,60,234,cdls,0x5eac86616030
6829,108,330,cdls,0x5eac86616030
6830,36,222,cdls,0x5eac86616030
6831,90,432,cdls,0x5eac86616030
6832,42,360,cdls,0x5eac86616030
6833,57,657,cdls,0x5eac86616030
6834,111,579,cdls,0x5eac86616030
6835,45,303,cdls,0x5eac86616030
6836,105,342,cdls,0x5eac86616030
6837,150,468,cdls,0x5eac86616030
6838,57,288,cdls,0x5eac86616030
6839,42,300,cdls,0x5eac86616030
6840,30,153,cdls,0x5eac86616030
6841,99,357,cdls,0x5eac86616030
6842,78,405,cdls,0x5eac86616030
6843,93,468,cdls,0x5eac86616030
6844,75,453,cdls,0x5eac86616030
6845,72,600,cdls,0x5eac86616030
6846,72,510,cdls,0x5eac86616030
6847,90,348,cdls,0x5eac86616030
6848,117,363,cdls,0x5eac86616030
6849,105,567,cdls,0x5eac86616030
6850,90,492,cdls,0x5eac86616030
6851,84,498,cdls,0x5eac86616030
6852,84,354,cdls,0x5eac86616030
6853,90,303,cdls,0x5eac86616030
6854,78,273,cdls,0x5eac86616030
6855,51,612,cdls,0x5eac86616030
6856,123,417,cdls,0x5eac86616030
6857,54,570,cdls,0x5eac86616030
6858,36,441,cdls,0x5eac86616030
6859,48,558,cdls,0x5eac86616030
6860,54,564,cdls,0x5eac86616030
6861,78,495,cdls,0x5eac86616030
6862,84,594,cdls,0x5eac86616030
6863,87,498,cdls,0x5eac86616030
6864,81,396,cdls,0x5eac86616030
6865,45,699,cdls,0x5eac86616030
6866,75,597,cdls,0x5eac86616030
6867,90,456,cdls,0x5eac86616030
6868,66,504,cdls,0x5eac86616030
6869,78,492,cdls,0x5eac86616030
6870,93,459,cdls,0x5eac86616030
6871,90,435,cdls,0x5eac86616030
6872,72,435,cdls,0x5eac86616030
6873,78,336,cdls,0x5eac86616030
6874,54,327,cdls,0x5eac86616030
6875,84,330,cdls,0x5eac86616030
6876,60,558,cdls,0x5eac86616030
6877,81,444,cdls,0x5eac86616030
6878,57,402,cdls,0x5eac86616030
6879,66,474,cdls,0x5eac86616030
6880,78,744,cdls,0x5eac86616030
6881,54,684,cdls,0x5eac86616030
6882,75,699,cdls,0x5eac86616030
6883,81,453,cdls,0x5eac86616030
6884,36,510,cdls,0x5eac86616030
6885,54,672,cdls,0x5eac86616030
6886,117,294,cdls,0x5eac86616030
6887,120,489,cdls,0x5eac86616030
6888,183,399,cdls,0x5eac86616030
6889,57,639,cdls,0x5eac86616030
6890,42,624,cdls,0x5eac86616030
6891,60,810,cdls,0x5eac86616030
6892,57,645,cdls,0x5eac86616030
6893,111,573,cdls,0x5eac86616030
6894,72,690,cdls,0x5eac86616030
6895,69,747,cdls,0x5eac86616030
6896,42,768,cdls,0x5eac86616030
6897,45,735,cdls,0x5eac86616030
6898,114,561,cdls,0x5eac86616030
6899,105,510,cdls,0x5eac86616030
6900,93,483,cdls,0x5eac86616030
6901,39,483,cdls,0x5eac86616030
6902,96,456,cdls,0x5eac86616030
6903,60,570,cdls,0x5eac86616030
6904,108,702,cdls,0x5eac86616030
6905,141,558,cdls,0x5eac86616030
6906,90,618,cdls,0x5eac86616030
6907,69,603,cdls,0x5eac86616030
6908,81,534,cdls,0x5eac86616030
6909,66,855,cdls,0x5eac86616030
6910,84,807,cdls,0x5eac86616030
6911,42,846,cdls,0x5eac86616030
6912,69,591,cdls,0x5eac86616030
6913,93,687,cdls,0x5eac86616030
6914,84,552,cdls,0x5eac86616030
6915,66,540,cdls,0x5eac86616030
6916,87,594,cdls,0x5eac86616030
6917,111,495,cdls,0x5eac86616030
6918,75,750,cdls,0x5eac86616030
6919,63,765,cdls,0x5eac86616030
6920,84,561,cdls,0x5eac86616030
6921,126,540,cdls,0x5eac86616030
6922,99,498,cdls,0x5eac86616030
6923,48,408,cdls,0x5eac86616030
6924,96,540,cdls,0x5eac86616030
6925,48,603,cdls,0x5eac86616030
6926,63,780,cdls,0x5eac86616030
6927,54,639,cdls,0x5eac86616030
6928,42,636,cdls,0x5eac86616030
6929,141,312,cdls,0x5eac86616030
6930,96,417,cdls,0x5eac86616030
6931,42,582,cdls,0x5eac86616030
6932,48,420,cdls,0x5eac86616030
6933,96,285,cdls,0x5eac86616030
6934,108,468,cdls,0x5eac86616030
6935,51,474,cdls,0x5eac86616030
6936,51,330,cdls,0x5eac86616030
6937,90,309,cdls,0x5eac86616030
6938,165,357,cdls,0x5eac86616030
6939,42,264,cdls,0x5eac86616030
6940,45,177,cdls,0x5eac86616030
6941,69,255,cdls,0x5eac86616030
6942,45,279,cdls,0x5eac86616030
6943,75,402,cdls,0x5eac86616030
6944,93,432,cdls,0x5eac86616030
6945,72,348,cdls,0x5eac86616030
6946,66,588,cdls,0x5eac86616030
6947,96,258,cdls,0x5eac86616030
6948,48,189,cdls,0x5eac86616030
6949,51,213,cdls,0x5eac86616030
6950,30,183,cdls,0x5eac86616030
6951,63,201,cdls,0x5eac86616030
6952,135,417,cdls,0x5eac86616030
6953,75,291,cdls,0x5eac86616030
6954,120,474,cdls,0x5eac86616030
6955,48,411,cdls,0x5eac86616030
6956,45,435,cdls,0x5eac86616030
6957,96,450,cdls,0x5eac86616030
6958,45,588,cdls,0x5eac86616030
6959,60,405,cdls,0x5eac86616030
6960,99,417,cdls,0x5eac86616030
6961,78,744,cdls,0x5eac86616030
6962,63,612,cdls,0x5eac86616030
6963,45,672,cdls,0x5eac86616030
6964,69,510,cdls,0x5eac86616030
6965,90,684,cdls,0x5eac86616030
6966,105,621,cdls,0x5eac86616030
6967,132,552,cdls,0x5eac86616030
6968,54,612,cdls,0x5eac86616030
6969,105,486,cdls,0x5eac86616030
6970,105,678,cdls,0x5eac86616030
6971,57,468,cdls,0x5eac86616030
6972,51,438,cdls,0x5eac86616030
6973,72,462,cdls,0x5eac86616030
6974,78,588,cdls,0x5eac86616030
6975,72,468,cdls,0x5eac86616030
6976,102,558,cdls,0x5eac86616030
6977,75,450,cdls,0x5eac86616030
6978,105,483,cdls,0x5eac86616030
6979,21,75,cdls,0x5eac86616030
6980,84,342,cdls,0x5eac86616030
6981,45,351,cdls,0x5eac86616030
6982,57,507,cdls,0x5eac86616030
6983,51,561,cdls,0x5eac86616030
6984,66,564,cdls,0x5eac86616030
6985,57,570,cdls,0x5eac86616030
6986,69,441,cdls,0x5eac86616030
6987,75,501,cdls,0x5eac86616030
6988,57,342,cdls,0x5eac86616030
6989,126,528,cdls,0x5eac86616030
6990,75,453,cdls,0x5eac86616030
6991,60,255,cdls,0x5eac86616030
6992,60,231,cdls,0x5eac86616030
6993,45,195,cdls,0x5eac86616030
6994,75,186,cdls,0x5eac86616030
6995,75,246,cdls,0x5eac86616030
6996,33,174,cdls,0x5eac86616030
6997,36,195,cdls,0x5eac86616030
6998,75,300,cdls,0x5eac86616030
6999,75,201,cdls,0x5eac86616030
7000,66,234,cdls,0x5eac86616030
7001,93,363,cdls,0x5eac86616030
7002,126,414,cdls,0x5eac86616030
7003,102,378,cdls,0x5eac86616030
7004,132,486,cdls,0x5eac86616030
7005,81,351,cdls,0x5eac86616030
7006,117,345,cdls,0x5eac86616030
7007,42,168,cdls,0x5eac86616030
7008,84,354,cdls,0x5eac86616030
7009,66,174,cdls,0x5eac86616030
7010,111,441,cdls,0x5eac86616030
7011,69,519,cdls,0x5eac86616030
7012,30,417,cdls,0x5eac86616030
7013,63,507,cdls,0x5eac86616030
7014,51,489,cdls,0x5eac86616030
7015,102,540,cdls,0x5eac86616030
7016,30,201,cdls,0x5eac86616030
7017,39,144,cdls,0x5eac86616030
7018,60,237,cdls,0x5eac86616030
7019,129,411,cdls,0x5eac86616030
7020,84,264,cdls,0x5eac86616030
7021,60,246,cdls,0x5eac86616030
7022,30,204,cdls,0x5eac86616030
7023,54,201,cdls,0x5eac86616030
7024,36,222,cdls,0x5eac86616030
7025,51,345,cdls,0x5eac86616030
7026,24,186,cdls,0x5eac86616030
7027,24,198,cdls,0x5eac86616030
7028,111,381,cdls,0x5eac86616030
7029,39,240,cdls,0x5eac86616030
7030,96,348,cdls,0x5eac86616030
7031,75,345,cdls,0x5eac86616030
7032,63,360,cdls,0x5eac86616030
7033,48,282,cdls,0x5eac86616030
7034,78,360,cdls,0x5eac86616030
7035,60,330,cdls,0x5eac86616030
7036,39,447,cdls,0x5eac86616030
7037,114,672,cdls,0x5eac86616030
7038,150,498,cdls,0x5eac86616030
7039,120,531,cdls,0x5eac86616030
7040,117,471,cdls,0x5eac86616030
7041,78,423,cdls,0x5eac86616030
7042,102,372,cdls,0x5eac86616030
7043,72,465,cdls,0x5eac86616030
7044,102,351,cdls,0x5eac86616030
7045,42,174,cdls,0x5eac86616030
7046,66,225,cdls,0x5eac86616030
7047,69,297,cdls,0x5eac86616030
7048,66,312,cdls,0x5eac86616030
7049,81,432,cdls,0x5eac86616030
7050,99,357,cdls,0x5eac86616030
7051,132,453,cdls,0x5eac86616030
7052,120,570,cdls,0x5eac86616030
7053,39,471,cdls,0x5eac86616030
7054,132,477,cdls,0x5eac86616030
7055,78,441,cdls,0x5eac86616030
7056,60,603,cdls,0x5eac86616030
7057,87,552,cdls,0x5eac86616030
7058,87,537,cdls,0x5eac86616030
7059,99,282,cdls,0x5eac86616030
7060,69,210,cdls,0x5eac86616030
7061,147,309,cdls,0x5eac86616030
7062,66,288,cdls,0x5eac86616030
7063,54,192,cdls,0x5eac86616030
7064,84,321,cdls,0x5eac86616030
7065,111,462,cdls,0x5eac86616030
7066,54,420,cdls,0x5eac86616030
7067,78,612,cdls,0x5eac86616030
7068,93,531,cdls,0x5eac86616030
7069,36,726,cdls,0x5eac86616030
7070,57,456,cdls,0x5eac86616030
7071,54,660,cdls,0x5eac86616030
7072,48,1023,cdls,0x5eac86616030
7073,63,825,cdls,0x5eac86616030
7074,87,633,cdls,0x5eac86616030
7075,60,525,cdls,0x5eac86616030
7076,48,714,cdls,0x5eac86616030
7077,111,444,cdls,0x5eac86616030
7078,135,507,cdls,0x5eac86616030
7079,60,510,cdls,0x5eac86616030
7080,63,537,cdls,0x5eac86616030
7081,45,657,cdls,0x5eac86616030
7082,93,510,cdls,0x5eac86616030
7083,126,492,cdls,0x5eac86616030
7084,75,609,cdls,0x5eac86616030
7085,54,540,cdls,0x5eac86616030
7086,69,351,cdls,0x5eac86616030
7087,18,156,cdls,0x5eac86616030
7088,84,330,cdls,0x5eac86616030
7089,75,381,cdls,0x5eac86616030
7090,57,243,cdls,0x5eac86616030
7091,42,204,cdls,0x5eac86616030
7092,48,294,cdls,0x5eac86616030
7093,132,558,cdls,0x5eac86616030
7094,78,516,cdls,0x5eac86616030
7095,93,351,cdls,0x5eac86616030
7096,81,471,cdls,0x5eac86616030
7097,87,507,cdls,0x5eac86616030
7098,69,516,cdls,0x5eac86616030
7099,54,690,cdls,0x5eac86616030
7100,105,504,cdls,0x5eac86616030
7101,66,414,cdls,0x5eac86616030
7102,111,621,cdls,0x5eac86616030
7103,108,450,cdls,0x5eac86616030
7104,87,540,cdls,0x5eac86616030
7105,72,654,cdls,0x5eac86616030
7106,84,408,cdls,0x5eac86616030
7107,45,519,cdls,0x5eac86616030
7108,90,477,cdls,0x5eac86616030
7109,111,456,cdls,0x5eac86616030
7110,75,564,cdls,0x5eac86616030
7111,69,618,cdls,0x5eac86616030
7112,45,405,cdls,0x5eac86616030
7113,66,342,cdls,0x5eac86616030
7114,36,123,cdls,0x5eac86616030
7115,66,195,cdls,0x5eac86616030
7116,108,303,cdls,0x5eac86616030
7117,132,516,cdls,0x5eac86616030
7118,120,483,cdls,0x5eac86616030
7119,48,330,cdls,0x5eac86616030
7120,57,246,cdls,0x5eac86616030
7121,69,324,cdls,0x5eac86616030
7122,48,183,cdls,0x5eac86616030
7123,69,363,cdls,0x5eac86616030
7124,78,408,cdls,0x5eac86616030
7125,30,162,cdls,0x5eac86616030
7126,30,171,cdls,0x5eac86616030
7127,132,426,cdls,0x5eac86616030
7128,78,417,cdls,0x5eac86616030
7129,105,387,cdls,0x5eac86616030
7130,108,333,cdls,0x5eac86616030
7131,102,327,cdls,0x5eac86616030
7132,165,390,cdls,0x5eac86616030
7133,93,435,cdls,0x5eac86616030
7134,108,438,cdls,0x5eac86616030
7135,51,435,cdls,0x5eac86616030
7136,78,417,cdls,0x5eac86616030
7137,24,186,cdls,0x5eac86616030
7138,42,180,cdls,0x5eac86616030
7139,87,369,cdls,0x5eac86616030
7140,57,618,cdls,0x5eac86616030
7141,78,564,cdls,0x5eac86616030
7142,102,798,cdls,0x5eac86616030
7143,57,603,cdls,0x5eac86616030
7144,57,393,cdls,0x5eac86616030
7145,69,660,cdls,0x5eac86616030
7146,120,651,cdls,0x5eac86616030
7147,120,453,cdls,0x5eac86616030
7148,66,348,cdls,0x5eac86616030
7149,96,504,cdls,0x5eac86616030
7150,126,528,cdls,0x5eac86616030
7151,60,408,cdls,0x5eac86616030
7152,57,441,cdls,0x5eac86616030
7153,63,672,cdls,0x5eac86616030
7154,108,444,cdls,0x5eac86616030
7155,120,522,cdls,0x5eac86616030
7156,108,582,cdls,0x5eac86616030
7157,33,219,cdls,0x5eac86616030
7158,111,357,cdls,0x5eac86616030
7159,39,375,cdls,0x5eac86616030
7160,42,486,cdls,0x5eac86616030
7161,93,564,cdls,0x5eac86616030
7162,93,402,cdls,0x5eac86616030
7163,63,456,cdls,0x5eac86616030
7164,135,585,cdls,0x5eac86616030
7165,123,531,cdls,0x5eac86616030
7166,69,498,cdls,0x5eac86616030
7167,87,519,cdls,0x5eac86616030
7168,66,393,cdls,0x5eac86616030
7169,69,573,cdls,0x5eac86616030
7170,45,879,cdls,0x5eac86616030
7171,72,558,cdls,0x5eac86616030
7172,48,858,cdls,0x5eac86616030
7173,111,537,cdls,0x5eac86616030
7174,60,630,cdls,0x5eac86616030
7175,48,582,cdls,0x5eac86616030
7176,96,366,cdls,0x5eac86616030
7177,96,582,cdls,0x5eac86616030
7178,54,684,cdls,0x5eac86616030
7179,66,612,cdls,0x5eac86616030
7180,102,552,cdls,0x5eac86616030
7181,48,498,cdls,0x5eac86616030
7182,48,522,cdls,0x5eac86616030
7183,66,591,cdls,0x5eac86616030
7184,45,522,cdls,0x5eac86616030
7185,69,708,cdls,0x5eac86616030
7186,63,693,cdls,0x5eac86616030
7187,60,666,cdls,0x5eac86616030
7188,87,669,cdls,0x5eac86616030
7189,54,516,cdls,0x5eac86616030
7190,69,516,cdls,0x5eac86616030
7191,93,504,cdls,0x5eac86616030
7192,93,378,cdls,0x5eac86616030
7193,99,351,cdls,0x5eac86616030
7194,57,552,cdls,0x5eac86616030
7195,132,600,cdls,0x5eac86616030
7196,150,492,cdls,0x5eac86616030
7197,105,417,cdls,0x5eac86616030
7198,90,381,cdls,0x5eac86616030
7199,63,666,cdls,0x5eac86616030
7200,93,564,cdls,0x5eac86616030
7201,108,549,cdls,0x5eac86616030
7202,87,561,cdls,0x5eac86616030
7203,48,543,cdls,0x5eac86616030
7204,45,378,cdls,0x5eac86616030
7205,60,393,cdls,0x5eac86616030
7206,105,699,cdls,0x5eac86616030
7207,60,600,cdls,0x5eac86616030
7208,75,717,cdls,0x5eac86616030
7209,93,543,cdls,0x5eac86616030
7210,54,570,cdls,0x5eac86616030
7211,54,672,cdls,0x5eac86616030
7212,87,423,cdls,0x5eac86616030
7213,72,462,cdls,0x5eac86616030
7214,51,729,cdls,0x5eac86616030
7215,57,603,cdls,0x5eac86616030
7216,72,726,cdls,0x5eac86616030
7217,81,555,cdls,0x5eac86616030
7218,72,474,cdls,0x5eac86616030
7219,81,603,cdls,0x5eac86616030
7220,96,678,cdls,0x5eac86616030
7221,129,471,cdls,0x5eac86616030
7222,123,348,cdls,0x5eac86616030
7223,96,444,cdls,0x5eac86616030
7224,84,498,cdls,0x5eac86616030
7225,66,636,cdls,0x5eac86616030
7226,84,486,cdls,0x5eac86616030
7227,135,408,cdls,0x5eac86616030
7228,144,504,cdls,0x5eac86616030
7229,132,447,cdls,0x5eac86616030
7230,33,633,cdls,0x5eac86616030
7231,45,864,cdls,0x5eac86616030
7232,48,678,cdls,0x5eac86616030
7233,72,678,cdls,0x5eac86616030
7234,84,522,cdls,0x5eac86616030
7235,87,477,cdls,0x5eac86616030
7236,111,717,cdls,0x5eac86616030
7237,48,606,cdls,0x5eac86616030
7238,45,783,cdls,0x5eac86616030
7239,87,897,cdls,0x5eac86616030
7240,48,726,cdls,0x5eac86616030
7241,57,819,cdls,0x5eac86616030
7242,96,726,cdls,0x5eac86616030
7243,66,780,cdls,0x5eac86616030
7244,99,585,cdls,0x5eac86616030
7245,66,480,cdls,0x5eac86616030
7246,45,639,cdls,0x5eac86616030
7247,114,618,cdls,0x5eac86616030
7248,69,855,cdls,0x5eac86616030
7249,84,606,cdls,0x5eac86616030
7250,75,486,cdls,0x5eac86616030
7251,48,474,cdls,0x5eac86616030
7252,84,540,cdls,0x5eac86616030
7253,48,798,cdls,0x5eac86616030
7254,93,810,cdls,0x5eac86616030
7255,30,780,cdls,0x5eac86616030
7256,66,684,cdls,0x5eac86616030
7257,57,1131,cdls,0x5eac86616030
7258,54,828,cdls,0x5eac86616030
7259,48,570,cdls,0x5eac86616030
7260,99,621,cdls,0x5eac86616030
7261,93,438,cdls,0x5eac86616030
7262,114,423,cdls,0x5eac86616030
7263,60,354,cdls,0x5eac86616030
7264,57,339,cdls,0x5eac86616030
7265,102,378,cdls,0x5eac86616030
7266,84,510,cdls,0x5eac86616030
7267,132,471,cdls,0x5eac86616030
7268,57,723,cdls,0x5eac86616030
7269,132,516,cdls,0x5eac86616030
7270,60,429,cdls,0x5eac86616030
7271,63,354,cdls,0x5eac86616030
7272,108,573,cdls,0x5eac86616030
7273,63,645,cdls,0x5eac86616030
7274,54,738,cdls,0x5eac86616030
7275,102,654,cdls,0x5eac86616030
7276,63,765,cdls,0x5eac86616030
7277,57,807,cdls,0x5eac86616030
7278,60,666,cdls,0x5eac86616030
7279,105,915,cdls,0x5eac86616030
7280,54,654,cdls,0x5eac86616030
7281,102,711,cdls,0x5eac86616030
7282,51,585,cdls,0x5eac86616030
7283,87,933,cdls,0x5eac86616030
7284,114,1128,cdls,0x5eac86616030
7285,72,807,cdls,0x5eac86616030
7286,111,1080,cdls,0x5eac86616030
7287,102,957,cdls,0x5eac86616030
7288,75,729,cdls,0x5eac86616030
7289,57,687,cdls,0x5eac86616030
7290,72,894,cdls,0x5eac86616030
7291,39,720,cdls,0x5eac86616030
7292,126,459,cdls,0x5eac86616030
7293,99,420,cdls,0x5eac86616030
7294,75,441,cdls,0x5eac86616030
7295,48,459,cdls,0x5eac86616030
7296,102,426,cdls,0x5eac86616030
7297,60,714,cdls,0x5eac86616030
7298,30,972,cdls,0x5eac86616030
7299,72,822,cdls,0x5eac86616030
7300,72,714,cdls,0x5eac86616030
7301,102,720,cdls,0x5eac86616030
7302,48,483,cdls,0x5eac86616030
7303,63,243,cdls,0x5eac86616030
7304,66,288,cdls,0x5eac86616030
7305,123,465,cdls,0x5eac86616030
7306,45,624,cdls,0x5eac86616030
7307,57,612,cdls,0x5eac86616030
7308,66,525,cdls,0x5eac86616030
7309,123,624,cdls,0x5eac86616030
7310,135,414,cdls,0x5eac86616030
7311,42,360,cdls,0x5eac86616030
7312,66,357,cdls,0x5eac86616030
7313,111,306,cdls,0x5eac86616030
7314,120,372,cdls,0x5eac86616030
7315,27,438,cdls,0x5eac86616030
7316,81,927,cdls,0x5eac86616030
7317,84,732,cdls,0x5eac86616030
7318,72,717,cdls,0x5eac86616030
7319,72,582,cdls,0x5eac86616030
7320,111,561,cdls,0x5eac86616030
7321,138,522,cdls,0x5eac86616030
7322,78,498,cdls,0x5eac86616030
7323,123,618,cdls,0x5eac86616030
7324,54,633,cdls,0x5eac86616030
7325,57,756,cdls,0x5eac86616030
7326,87,951,cdls,0x5eac86616030
7327,123,630,cdls,0x5eac86616030
7328,84,585,cdls,0x5eac86616030
7329,45,678,cdls,0x5eac86616030
7330,84,501,cdls,0x5eac86616030
7331,114,564,cdls,0x5eac86616030
7332,60,735,cdls,0x5eac86616030
7333,105,600,cdls,0x5eac86616030
7334,135,573,cdls,0x5eac86616030
7335,102,732,cdls,0x5eac86616030
7336,63,522,cdls,0x5eac86616030
7337,60,903,cdls,0x5eac86616030
7338,72,663,cdls,0x5eac86616030
7339,75,1197,cdls,0x5eac86616030
7340,45,615,cdls,0x5eac86616030
7341,60,411,cdls,0x5eac86616030
7342,84,639,cdls,0x5eac86616030
7343,54,624,cdls,0x5eac86616030
7344,90,570,cdls,0x5eac86616030
7345,69,543,cdls,0x5eac86616030
7346,132,441,cdls,0x5eac86616030
7347,78,519,cdls,0x5eac86616030
7348,159,462,cdls,0x5eac86616030
7349,102,441,cdls,0x5eac86616030
7350,138,441,cdls,0x5eac86616030
7351,54,414,cdls,0x5eac86616030
7352,69,438,cdls,0x5eac86616030
7353,114,324,cdls,0x5eac86616030
7354,114,453,cdls,0x5eac86616030
7355,144,369,cdls,0x5eac86616030
7356,114,399,cdls,0x5eac86616030
7357,81,372,cdls,0x5eac86616030
7358,78,480,cdls,0x5eac86616030
7359,111,393,cdls,0x5eac86616030
7360,114,378,cdls,0x5eac86616030
7361,132,420,cdls,0x5eac86616030
7362,129,474,cdls,0x5eac86616030
7363,81,477,cdls,0x5eac86616030
7364,99,369,cdls,0x5eac86616030
7365,108,369,cdls,0x5eac86616030
7366,105,363,cdls,0x5eac86616030
7367,99,411,cdls,0x5eac86616030
7368,39,132,cdls,0x5eac86616030
7369,90,252,cdls,0x5eac86616030
7370,84,279,cdls,0x5eac86616030
7371,39,138,cdls,0x5eac86616030
7372,21,135,cdls,0x5eac86616030
7373,78,186,cdls,0x5eac86616030
7374,105,627,cdls,0x5eac86616030
7375,78,516,cdls,0x5eac86616030
7376,123,669,cdls,0x5eac86616030
7377,114,510,cdls,0x5eac86616030
7378,111,630,cdls,0x5eac86616030
7379,54,387,cdls,0x5eac86616030
7380,78,555,cdls,0x5eac86616030
7381,87,489,cdls,0x5eac86616030
7382,63,528,cdls,0x5eac86616030
7383,108,537,cdls,0x5eac86616030
7384,87,450,cdls,0x5eac86616030
7385,60,423,cdls,0x5eac86616030
7386,54,420,cdls,0x5eac86616030
7387,123,441,cdls,0x5eac86616030
7388,87,447,cdls,0x5eac86616030
7389,54,624,cdls,0x5eac86616030
7390,102,396,cdls,0x5eac86616030
7391,123,495,cdls,0x5eac86616030
7392,42,462,cdls,0x5eac86616030
7393,111,468,cdls,0x5eac86616030
7394,75,525,cdls,0x5eac86616030
7395,111,522,cdls,0x5eac86616030
7396,45,651,cdls,0x5eac86616030
7397,48,801,cdls,0x5eac86616030
7398,57,525,cdls,0x5eac86616030
7399,72,642,cdls,0x5eac86616030
7400,45,513,cdls,0x5eac86616030
7401,81,459,cdls,0x5eac86616030
7402,93,663,cdls,0x5eac86616030
7403,42,501,cdls,0x5eac86616030
7404,75,426,cdls,0x5eac86616030
7405,93,615,cdls,0x5eac86616030
7406,45,699,cdls,0x5eac86616030
7407,90,552,cdls,0x5eac86616030
7408,129,651,cdls,0x5eac86616030
7409,48,498,cdls,0x5eac86616030
7410,57,255,cdls,0x5eac86616030
7411,30,183,cdls,0x5eac86616030
7412,30,288,cdls,0x5eac86616030
7413,48,459,cdls,0x5eac86616030
7414,63,462,cdls,0x5eac86616030
7415,90,564,cdls,0x5eac86616030
7416,78,609,cdls,0x5eac86616030
7417,129,366,cdls,0x5eac86616030
7418,96,354,cdls,0x5eac86616030
7419,87,477,cdls,0x5eac86616030
7420,126,678,cdls,0x5eac86616030
7421,60,624,cdls,0x5eac86616030
7422,168,498,cdls,0x5eac86616030
7423,87,522,cdls,0x5eac86616030
7424,132,387,cdls,0x5eac86616030
7425,51,399,cdls,0x5eac86616030
7426,165,477,cdls,0x5eac86616030
7427,51,417,cdls,0x5eac86616030
7428,57,576,cdls,0x5eac86616030
7429,87,408,cdls,0x5eac86616030
7430,96,573,cdls,0x5eac86616030
7431,87,453,cdls,0x5eac86616030
7432,57,390,cdls,0x5eac86616030
7433,72,357,cdls,0x5eac86616030
7434,93,432,cdls,0x5eac86616030
7435,111,417,cdls,0x5eac86616030
7436,105,438,cdls,0x5eac86616030
7437,90,552,cdls,0x5eac86616030
7438,141,375,cdls,0x5eac86616030
7439,84,414,cdls,0x5eac86616030
7440,75,375,cdls,0x5eac86616030
7441,72,585,cdls,0x5eac86616030
7442,42,300,cdls,0x5eac86616030
7443,78,336,cdls,0x5eac86616030
7444,81,327,cdls,0x5eac86616030
7445,84,267,cdls,0x5eac86616030
7446,72,462,cdls,0x5eac86616030
7447,99,411,cdls,0x5eac86616030
7448,84,420,cdls,0x5eac86616030
7449,42,396,cdls,0x5eac86616030
7450,21,141,cdls,0x5eac86616030
7451,27,180,cdls,0x5eac86616030
7452,24,186,cdls,0x5eac86616030
7453,33,231,cdls,0x5eac86616030
7454,63,462,cdls,0x5eac86616030
7455,57,342,cdls,0x5eac86616030
7456,42,168,cdls,0x5eac86616030
7457,33,219,cdls,0x5eac86616030
7458,45,168,cdls,0x5eac86616030
7459,45,186,cdls,0x5eac86616030
7460,108,462,cdls,0x5eac86616030
7461,102,252,cdls,0x5eac86616030
7462,87,273,cdls,0x5eac86616030
7463,72,315,cdls,0x5eac86616030
7464,57,255,cdls,0x5eac86616030
7465,84,276,cdls,0x5eac86616030
7466,132,453,cdls,0x5eac86616030
7467,90,318,cdls,0x5eac86616030
7468,81,609,cdls,0x5eac86616030
7469,126,474,cdls,0x5eac86616030
7470,48,306,cdls,0x5eac86616030
7471,78,348,cdls,0x5eac86616030
7472,129,402,cdls,0x5eac86616030
7473,123,432,cdls,0x5eac86616030
7474,48,423,cdls,0x5eac86616030
7475,144,351,cdls,0x5eac86616030
7476,72,318,cdls,0x5eac86616030
7477,57,255,cdls,0x5eac86616030
7478,45,291,cdls,0x5eac86616030
7479,66,270,cdls,0x5eac86616030
7480,93,336,cdls,0x5eac86616030
7481,120,282,cdls,0x5eac86616030
7482,60,570,cdls,0x5eac86616030
7483,39,600,cdls,0x5eac86616030
7484,129,414,cdls,0x5eac86616030
7485,60,684,cdls,0x5eac86616030
7486,90,645,cdls,0x5eac86616030
7487,96,342,cdls,0x5eac86616030
7488,114,333,cdls,0x5eac86616030
7489,78,462,cdls,0x5eac86616030
7490,81,495,cdls,0x5eac86616030
7491,72,693,cdls,0x5eac86616030
7492,54,495,cdls,0x5eac86616030
7493,96,558,cdls,0x5eac86616030
7494,63,321,cdls,0x5eac86616030
7495,60,423,cdls,0x5eac86616030
7496,93,432,cdls,0x5eac86616030
7497,72,378,cdls,0x5eac86616030
7498,81,312,cdls,0x5eac86616030
7499,84,513,cdls,0x5eac86616030
7500,90,510,cdls,0x5eac86616030
7501,93,429,cdls,0x5eac86616030
7502,51,537,cdls,0x5eac86616030
7503,111,588,cdls,0x5eac86616030
7504,99,390,cdls,0x5eac86616030
7505,111,420,cdls,0x5eac86616030
7506,48,525,cdls,0x5eac86616030
7507,114,441,cdls,0x5eac86616030
7508,54,465,cdls,0x5eac86616030
7509,141,456,cdls,0x5eac86616030
7510,108,543,cdls,0x5eac86616030
7511,66,372,cdls,0x5eac86616030
7512,63,456,cdls,0x5eac86616030
7513,78,279,cdls,0x5eac86616030
7514,33,219,cdls,0x5eac86616030
7515,21,159,cdls,0x5eac86616030
7516,105,423,cdls,0x5eac86616030
7517,60,504,cdls,0x5eac86616030
7518,51,597,cdls,0x5eac86616030
7519,90,492,cdls,0x5eac86616030
7520,66,495,cdls,0x5eac86616030
7521,60,663,cdls,0x5eac86616030
7522,111,465,cdls,0x5eac86616030
7523,99,573,cdls,0x5eac86616030
7524,102,516,cdls,0x5eac86616030
7525,63,828,cdls,0x5eac86616030
7526,66,585,cdls,0x5eac86616030
7527,63,540,cdls,0x5eac86616030
7528,72,570,cdls,0x5eac86616030
7529,75,537,cdls,0x5eac86616030
7530,30,906,cdls,0x5eac86616030
7531,138,516,cdls,0x5eac86616030
7532,75,657,cdls,0x5eac86616030
7533,87,645,cdls,0x5eac86616030
7534,102,390,cdls,0x5eac86616030
7535,81,375,cdls,0x5eac86616030
7536,102,456,cdls,0x5eac86616030
7537,54,441,cdls,0x5eac86616030
7538,162,456,cdls,0x5eac86616030
7539,39,453,cdls,0x5eac86616030
7540,81,639,cdls,0x5eac86616030
7541,99,576,cdls,0x5eac86616030
7542,60,258,cdls,0x5eac86616030
7543,45,315,cdls,0x5eac86616030
7544,60,306,cdls,0x5eac86616030
7545,117,549,cdls,0x5eac86616030
7546,132,531,cdls,0x5eac86616030
7547,129,336,cdls,0x5eac86616030
7548,105,477,cdls,0x5eac86616030
7549,48,414,cdls,0x5eac86616030
7550,84,465,cdls,0x5eac86616030
7551,63,327,cdls,0x5eac86616030
7552,45,267,cdls,0x5eac86616030
7553,39,216,cdls,0x5eac86616030
7554,42,162,cdls,0x5eac86616030
7555,33,156,cdls,0x5eac86616030
7556,183,351,cdls,0x5eac86616030
7557,48,249,cdls,0x5eac86616030
7558,63,252,cdls,0x5eac86616030
7559,99,267,cdls,0x5eac86616030
7560,93,327,cdls,0x5eac86616030
7561,111,402,cdls,0x5eac86616030
7562,135,507,cdls,0x5eac86616030
7563,75,444,cdls,0x5eac86616030
7564,144,354,cdls,0x5eac86616030
7565,75,300,cdls,0x5eac86616030
7566,105,315,cdls,0x5eac86616030
7567,84,567,cdls,0x5eac86616030
7568,57,369,cdls,0x5eac86616030
7569,39,171,cdls,0x5eac86616030
7570,24,174,cdls,0x5eac86616030
7571,93,363,cdls,0x5eac86616030
7572,93,366,cdls,0x5eac86616030
7573,90,366,cdls,0x5eac86616030
7574,69,222,cdls,0x5eac86616030
7575,78,372,cdls,0x5eac86616030
7576,93,435,cdls,0x5eac86616030
7577,81,438,cdls,0x5eac86616030
7578,90,291,cdls,0x5eac86616030
7579,72,369,cdls,0x5eac86616030
7580,24,186,cdls,0x5eac86616030
7581,63,300,cdls,0x5eac86616030
7582,90,273,cdls,0x5eac86616030
7583,102,492,cdls,0x5eac86616030
7584,111,432,cdls,0x5eac86616030
7585,84,654,cdls,0x5eac86616030
7586,75,477,cdls,0x5eac86616030
7587,105,474,cdls,0x5eac86616030
7588,135,363,cdls,0x5eac86616030
7589,66,462,cdls,0x5eac86616030
7590,132,465,cdls,0x5eac86616030
7591,81,528,cdls,0x5eac86616030
7592,66,306,cdls,0x5eac86616030
7593,120,417,cdls,0x5eac86616030
7594,87,501,cdls,0x5eac86616030
7595,75,441,cdls,0x5eac86616030
7596,84,252,cdls,0x5eac86616030
7597,24,210,cdls,0x5eac86616030
7598,111,447,cdls,0x5eac86616030
7599,48,198,cdls,0x5eac86616030
7600,96,432,cdls,0x5eac86616030
7601,90,354,cdls,0x5eac86616030
7602,93,423,cdls,0x5eac86616030
7603,81,549,cdls,0x5eac86616030
7604,84,462,cdls,0x5eac86616030
7605,99,582,cdls,0x5eac86616030
7606,96,633,cdls,0x5eac86616030
7607,141,468,cdls,0x5eac86616030
7608,66,504,cdls,0x5eac86616030
7609,108,480,cdls,0x5eac86616030
7610,147,441,cdls,0x5eac86616030
7611,42,483,cdls,0x5eac86616030
7612,111,498,cdls,0x5eac86616030
7613,99,498,cdls,0x5eac86616030
7614,78,495,cdls,0x5eac86616030
7615,117,363,cdls,0x5eac86616030
7616,75,333,cdls,0x5eac86616030
7617,60,228,cdls,0x5eac86616030
7618,30,201,cdls,0x5eac86616030
7619,21,171,cdls,0x5eac86616030
7620,78,348,cdls,0x5eac86616030
7621,84,426,cdls,0x5eac86616030
7622,42,336,cdls,0x5eac86616030
7623,96,369,cdls,0x5eac86616030
7624,81,477,cdls,0x5eac86616030
7625,138,432,cdls,0x5eac86616030
7626,57,228,cdls,0x5eac86616030
7627,57,222,cdls,0x5eac86616030
7628,120,345,cdls,0x5eac86616030
7629,54,420,cdls,0x5eac86616030
7630,120,492,cdls,0x5eac86616030
7631,60,414,cdls,0x5eac86616030
7632,63,618,cdls,0x5eac86616030
7633,129,519,cdls,0x5eac86616030
7634,108,510,cdls,0x5eac86616030
7635,81,459,cdls,0x5eac86616030
7636,84,654,cdls,0x5eac86616030
7637,33,219,cdls,0x5eac86616030
7638,60,306,cdls,0x5eac86616030
7639,171,411,cdls,0x5eac86616030
7640,105,336,cdls,0x5eac86616030
7641,87,270,cdls,0x5eac86616030
7642,81,339,cdls,0x5eac86616030
7643,84,378,cdls,0x5eac86616030
7644,132,387,cdls,0x5eac86616030
7645,138,498,cdls,0x5eac86616030
7646,81,549,cdls,0x5eac86616030
7647,63,297,cdls,0x5eac86616030
7648,57,237,cdls,0x5eac86616030
7649,84,336,cdls,0x5eac86616030
7650,33,126,cdls,0x5eac86616030
7651,27,153,cdls,0x5eac86616030
7652,117,543,cdls,0x5eac86616030
7653,171,402,cdls,0x5eac86616030
7654,120,414,cdls,0x5eac86616030
7655,102,468,cdls,0x5eac86616030
7656,63,492,cdls,0x5eac86616030
7657,54,480,cdls,0x5eac86616030
7658,72,645,cdls,0x5eac86616030
7659,111,492,cdls,0x5eac86616030
7660,51,771,cdls,0x5eac86616030
7661,111,534,cdls,0x5eac86616030
7662,75,327,cdls,0x5eac86616030
7663,87,420,cdls,0x5eac86616030
7664,117,435,cdls,0x5eac86616030
7665,93,453,cdls,0x5eac86616030
7666,69,519,cdls,0x5eac86616030
7667,96,513,cdls,0x5eac86616030
7668,45,561,cdls,0x5eac86616030
7669,93,519,cdls,0x5eac86616030
7670,57,561,cdls,0x5eac86616030
7671,63,681,cdls,0x5eac86616030
7672,78,459,cdls,0x5eac86616030
7673,93,651,cdls,0x5eac86616030
7674,54,438,cdls,0x5eac86616030
7675,120,543,cdls,0x5eac86616030
7676,75,441,cdls,0x5eac86616030
7677,60,474,cdls,0x5eac86616030
7678,93,531,cdls,0x5eac86616030
7679,117,426,cdls,0x5eac86616030
7680,90,732,cdls,0x5eac86616030
7681,111,582,cdls,0x5eac86616030
7682,84,429,cdls,0x5eac86616030
7683,39,684,cdls,0x5eac86616030
7684,105,798,cdls,0x5eac86616030
7685,66,543,cdls,0x5eac86616030
7686,33,642,cdls,0x5eac86616030
7687,90,789,cdls,0x5eac86616030
7688,84,501,cdls,0x5eac86616030
7689,126,396,cdls,0x5eac86616030
7690,114,648,cdls,0x5eac86616030
7691,81,591,cdls,0x5eac86616030
7692,24,198,cdls,0x5eac86616030
7693,57,339,cdls,0x5eac86616030
7694,21,171,cdls,0x5eac86616030
7695,72,378,cdls,0x5eac86616030
7696,27,201,cdls,0x5eac86616030
7697,15,141,cdls,0x5eac86616030
7698,60,390,cdls,0x5eac86616030
7699,18,156,cdls,0x5eac86616030
7700,39,153,cdls,0x5eac86616030
7701,36,219,cdls,0x5eac86616030
7702,45,225,cdls,0x5eac86616030
7703,42,204,cdls,0x5eac86616030
7704,72,330,cdls,0x5eac86616030
7705,60,294,cdls,0x5eac86616030
7706,54,240,cdls,0x5eac86616030
7707,60,270,cdls,0x5eac86616030
7708,153,420,cdls,0x5eac86616030
7709,90,324,cdls,0x5eac86616030
7710,99,459,cdls,0x5eac86616030
7711,63,645,cdls,0x5eac86616030
7712,75,417,cdls,0x5eac86616030
7713,42,672,cdls,0x5eac86616030
7714,57,579,cdls,0x5eac86616030
7715,105,447,cdls,0x5eac86616030
7716,87,561,cdls,0x5eac86616030
7717,96,510,cdls,0x5eac86616030
7718,60,489,cdls,0x5eac86616030
7719,78,423,cdls,0x5eac86616030
7720,33,168,cdls,0x5eac86616030
7721,78,552,cdls,0x5eac86616030
7722,57,240,cdls,0x5eac86616030
7723,93,699,cdls,0x5eac86616030
7724,96,570,cdls,0x5eac86616030
7725,63,573,cdls,0x5eac86616030
7726,81,639,cdls,0x5eac86616030
7727,84,366,cdls,0x5eac86616030
7728,33,267,cdls,0x5eac86616030
7729,54,240,cdls,0x5eac86616030
7730,105,387,cdls,0x5eac86616030
7731,33,135,cdls,0x5eac86616030
7732,57,519,cdls,0x5eac86616030
7733,75,447,cdls,0x5eac86616030
7734,102,474,cdls,0x5eac86616030
7735,66,489,cdls,0x5eac86616030
7736,69,699,cdls,0x5eac86616030
7737,66,657,cdls,0x5eac86616030
7738,69,450,cdls,0x5eac86616030
7739,69,543,cdls,0x5eac86616030
7740,96,411,cdls,0x5eac86616030
7741,45,519,cdls,0x5eac86616030
7742,24,186,cdls,0x5eac86616030
7743,63,273,cdls,0x5eac86616030
7744,93,459,cdls,0x5eac86616030
7745,75,489,cdls,0x5eac86616030
7746,132,354,cdls,0x5eac86616030
7747,48,465,cdls,0x5eac86616030
7748,57,591,cdls,0x5eac86616030
7749,63,522,cdls,0x5eac86616030
7750,57,519,cdls,0x5eac86616030
7751,75,435,cdls,0x5eac86616030
7752,99,441,cdls,0x5eac86616030
7753,84,414,cdls,0x5eac86616030
7754,84,498,cdls,0x5eac86616030
7755,81,597,cdls,0x5eac86616030
7756,84,489,cdls,0x5eac86616030
7757,111,507,cdls,0x5eac86616030
7758,66,735,cdls,0x5eac86616030
7759,75,996,cdls,0x5eac86616030
7760,27,624,cdls,0x5eac86616030
7761,60,558,cdls,0x5eac86616030
7762,33,231,cdls,0x5eac86616030
7763,105,429,cdls,0x5eac86616030
7764,99,357,cdls,0x5eac86616030
7765,111,510,cdls,0x5eac86616030
7766,75,330,cdls,0x5eac86616030
7767,69,315,cdls,0x5eac86616030
7768,39,273,cdls,0x5eac86616030
7769,60,270,cdls,0x5eac86616030
7770,27,294,cdls,0x5eac86616030
7771,108,462,cdls,0x5eac86616030
7772,81,327,cdls,0x5eac86616030
7773,27,213,cdls,0x5eac86616030
7774,108,378,cdls,0x5eac86616030
7775,57,267,cdls,0x5eac86616030
7776,93,399,cdls,0x5eac86616030
7777,51,657,cdls,0x5eac86616030
7778,51,249,cdls,0x5eac86616030
7779,24,198,cdls,0x5eac86616030
7780,39,189,cdls,0x5eac86616030
7781,78,444,cdls,0x5eac86616030
7782,33,684,cdls,0x5eac86616030
7783,132,483,cdls,0x5eac86616030
7784,81,507,cdls,0x5eac86616030
7785,150,516,cdls,0x5eac86616030
7786,84,627,cdls,0x5eac86616030
7787,81,561,cdls,0x5eac86616030
7788,114,420,cdls,0x5eac86616030
7789,75,567,cdls,0x5eac86616030
7790,66,384,cdls,0x5eac86616030
7791,54,564,cdls,0x5eac86616030
7792,27,213,cdls,0x5eac86616030
7793,72,396,cdls,0x5eac86616030
7794,60,270,cdls,0x5eac86616030
7795,75,621,cdls,0x5eac86616030
7796,132,582,cdls,0x5eac86616030
7797,99,585,cdls,0x5eac86616030
7798,69,591,cdls,0x5eac86616030
7799,84,486,cdls,0x5eac86616030
7800,30,357,cdls,0x5eac86616030
7801,90,348,cdls,0x5eac86616030
7802,60,498,cdls,0x5eac86616030
7803,81,594,cdls,0x5eac86616030
7804,57,633,cdls,0x5eac86616030
7805,93,462,cdls,0x5eac86616030
7806,72,522,cdls,0x5eac86616030
7807,42,648,cdls,0x5eac86616030
7808,66,411,cdls,0x5eac86616030
7809,96,798,cdls,0x5eac86616030
7810,99,498,cdls,0x5eac86616030
7811,141,486,cdls,0x5eac86616030
7812,93,528,cdls,0x5eac86616030
7813,48,510,cdls,0x5eac86616030
7814,87,552,cdls,0x5eac86616030
7815,48,315,cdls,0x5eac86616030
7816,81,567,cdls,0x5eac86616030
7817,39,261,cdls,0x5eac86616030
7818,81,504,cdls,0x5eac86616030
7819,45,144,cdls,0x5eac86616030
7820,105,324,cdls,0x5eac86616030
7821,84,228,cdls,0x5eac86616030
7822,108,501,cdls,0x5eac86616030
7823,117,333,cdls,0x5eac86616030
7824,111,549,cdls,0x5eac86616030
7825,84,474,cdls,0x5eac86616030
7826,51,225,cdls,0x5eac86616030
7827,42,288,cdls,0x5eac86616030
7828,111,390,cdls,0x5eac86616030
7829,120,441,cdls,0x5eac86616030
7830,51,273,cdls,0x5eac86616030
7831,117,390,cdls,0x5eac86616030
7832,21,144,cdls,0x5eac86616030
7833,84,276,cdls,0x5eac86616030
7834,99,537,cdls,0x5eac86616030
7835,69,507,cdls,0x5eac86616030
7836,69,651,cdls,0x5eac86616030
7837,42,768,cdls,0x5eac86616030
7838,84,588,cdls,0x5eac86616030
7839,45,498,cdls,0x5eac86616030
7840,87,573,cdls,0x5eac86616030
7841,108,327,cdls,0x5eac86616030
7842,84,597,cdls,0x5eac86616030
7843,78,624,cdls,0x5eac86616030
7844,108,591,cdls,0x5eac86616030
7845,72,414,cdls,0x5eac86616030
7846,129,498,cdls,0x5eac86616030
7847,84,417,cdls,0x5eac86616030
7848,84,342,cdls,0x5eac86616030
7849,81,381,cdls,0x5eac86616030
7850,111,381,cdls,0x5eac86616030
7851,114,369,cdls,0x5eac86616030
7852,75,303,cdls,0x5eac86616030
7853,102,390,cdls,0x5eac86616030
7854,93,444,cdls,0x5eac86616030
7855,108,585,cdls,0x5eac86616030
7856,60,456,cdls,0x5eac86616030
7857,93,549,cdls,0x5eac86616030
7858,72,354,cdls,0x5eac86616030
7859,90,516,cdls,0x5eac86616030
7860,120,567,cdls,0x5eac86616030
7861,48,726,cdls,0x5eac86616030
7862,51,606,cdls,0x5eac86616030
7863,63,504,cdls,0x5eac86616030
7864,105,546,cdls,0x5eac86616030
7865,48,585,cdls,0x5eac86616030
7866,45,660,cdls,0x5eac86616030
7867,69,540,cdls,0x5eac86616030
7868,87,609,cdls,0x5eac86616030
7869,84,996,cdls,0x5eac86616030
7870,72,879,cdls,0x5eac86616030
7871,81,891,cdls,0x5eac86616030
7872,69,738,cdls,0x5eac86616030
7873,78,837,cdls,0x5eac86616030
7874,84,1002,cdls,0x5eac86616030
7875,93,1365,cdls,0x5eac86616030
7876,96,609,cdls,0x5eac86616030
7877,78,879,cdls,0x5eac86616030
7878,63,765,cdls,0x5eac86616030
7879,90,1092,cdls,0x5eac86616030
7880,42,555,cdls,0x5eac86616030
7881,84,690,cdls,0x5eac86616030
7882,87,573,cdls,0x5eac86616030
7883,96,492,cdls,0x5eac86616030
7884,57,951,cdls,0x5eac86616030
7885,93,891,cdls,0x5eac86616030
7886,66,756,cdls,0x5eac86616030
7887,90,1044,cdls,0x5eac86616030
7888,57,543,cdls,0x5eac86616030
7889,45,504,cdls,0x5eac86616030
7890,105,627,cdls,0x5eac86616030
7891,57,747,cdls,0x5eac86616030
7892,69,354,cdls,0x5eac86616030
7893,72,507,cdls,0x5eac86616030
7894,111,414,cdls,0x5eac86616030
7895,63,849,cdls,0x5eac86616030
7896,90,492,cdls,0x5eac86616030
7897,69,387,cdls,0x5eac86616030
7898,63,753,cdls,0x5eac86616030
7899,87,588,cdls,0x5eac86616030
7900,60,846,cdls,0x5eac86616030
7901,60,786,cdls,0x5eac86616030
7902,48,774,cdls,0x5eac86616030
7903,72,810,cdls,0x5eac86616030
7904,42,480,cdls,0x5eac86616030
7905,57,759,cdls,0x5eac86616030
7906,138,588,cdls,0x5eac86616030
7907,84,498,cdls,0x5eac86616030
7908,114,345,cdls,0x5eac86616030
7909,75,693,cdls,0x5eac86616030
7910,102,384,cdls,0x5eac86616030
7911,54,702,cdls,0x5eac86616030
7912,117,552,cdls,0x5eac86616030
7913,84,354,cdls,0x5eac86616030
7914,45,450,cdls,0x5eac86616030
7915,93,543,cdls,0x5eac86616030
7916,108,510,cdls,0x5eac86616030
7917,72,594,cdls,0x5eac86616030
7918,57,222,cdls,0x5eac86616030
7919,72,285,cdls,0x5eac86616030
7920,123,351,cdls,0x5eac86616030
7921,114,708,cdls,0x5eac86616030
7922,135,429,cdls,0x5eac86616030
7923,75,252,cdls,0x5eac86616030
7924,63,186,cdls,0x5eac86616030
7925,66,213,cdls,0x5eac86616030
7926,93,282,cdls,0x5eac86616030
7927,69,258,cdls,0x5eac86616030
7928,57,345,cdls,0x5eac86616030
7929,78,405,cdls,0x5eac86616030
7930,69,684,cdls,0x5eac86616030
7931,111,342,cdls,0x5eac86616030
7932,129,423,cdls,0x5eac86616030
7933,84,654,cdls,0x5eac86616030
7934,90,492,cdls,0x5eac86616030
7935,93,453,cdls,0x5eac86616030
7936,57,516,cdls,0x5eac86616030
7937,120,543,cdls,0x5eac86616030
7938,96,357,cdls,0x5eac86616030
7939,48,762,cdls,0x5eac86616030
7940,141,468,cdls,0x5eac86616030
7941,111,525,cdls,0x5eac86616030
7942,72,678,cdls,0x5eac86616030
7943,57,699,cdls,0x5eac86616030
7944,39,624,cdls,0x5eac86616030
7945,129,420,cdls,0x5eac86616030
7946,60,486,cdls,0x5eac86616030
7947,72,480,cdls,0x5eac86616030
7948,57,432,cdls,0x5eac86616030
7949,105,540,cdls,0x5eac86616030
7950,78,414,cdls,0x5eac86616030
7951,117,372,cdls,0x5eac86616030
7952,45,330,cdls,0x5eac86616030
7953,75,222,cdls,0x5eac86616030
7954,69,339,cdls,0x5eac86616030
7955,24,174,cdls,0x5eac86616030
7956,81,375,cdls,0x5eac86616030
7957,81,615,cdls,0x5eac86616030
7958,27,381,cdls,0x5eac86616030
7959,72,342,cdls,0x5eac86616030
7960,93,375,cdls,0x5eac86616030
7961,36,450,cdls,0x5eac86616030
7962,99,573,cdls,0x5eac86616030
7963,105,510,cdls,0x5eac86616030
7964,48,450,cdls,0x5eac86616030
7965,108,375,cdls,0x5eac86616030
7966,90,450,cdls,0x5eac86616030
7967,126,462,cdls,0x5eac86616030
7968,72,399,cdls,0x5eac86616030
7969,48,309,cdls,0x5eac86616030
7970,99,399,cdls,0x5eac86616030
7971,75,561,cdls,0x5eac86616030
7972,105,663,cdls,0x5eac86616030
7973,99,645,cdls,0x5eac86616030
7974,51,525,cdls,0x5eac86616030
7975,60,564,cdls,0x5eac86616030
7976,90,756,cdls,0x5eac86616030
7977,66,687,cdls,0x5eac86616030
7978,51,417,cdls,0x5eac86616030
7979,63,405,cdls,0x5eac86616030
7980,114,456,cdls,0x5eac86616030
7981,48,669,cdls,0x5eac86616030
7982,102,453,cdls,0x5eac86616030
7983,69,498,cdls,0x5eac86616030
7984,96,477,cdls,0x5eac86616030
7985,87,525,cdls,0x5eac86616030
7986,66,543,cdls,0x5eac86616030
7987,126,660,cdls,0x5eac86616030
7988,66,732,cdls,0x5eac86616030
7989,60,630,cdls,0x5eac86616030
7990,96,534,cdls,0x5eac86616030
7991,57,639,cdls,0x5eac86616030
7992,45,432,cdls,0x5eac86616030
7993,63,351,cdls,0x5eac86616030
7994,42,411,cdls,0x5eac86616030
7995,111,561,cdls,0x5eac86616030
7996,75,585,cdls,0x5eac86616030
7997,120,522,cdls,0x5eac86616030
7998,120,423,cdls,0x5eac86616030
7999,42,471,cdls,0x5eac86616030
8000,108,471,cdls,0x5eac86616030
8001,144,486,cdls,0x5eac86616030
8002,57,579,cdls,0x5eac86616030
8003,102,405,cdls,0x5eac86616030
8004,81,675,cdls,0x5eac86616030
8005,63,504,cdls,0x5eac86616030
8006,60,411,cdls,0x5eac86616030
8007,102,531,cdls,0x5eac86616030
8008,51,366,cdls,0x5eac86616030
8009,57,429,cdls,0x5eac86616030
8010,48,378,cdls,0x5eac86616030
8011,117,591,cdls,0x5eac86616030
8012,60,741,cdls,0x5eac86616030
8013,51,885,cdls,0x5eac86616030
8014,81,723,cdls,0x5eac86616030
8015,48,501,cdls,0x5eac86616030
8016,117,603,cdls,0x5eac86616030
8017,75,450,cdls,0x5eac86616030
8018,42,528,cdls,0x5eac86616030
8019,57,384,cdls,0x5eac86616030
8020,96,528,cdls,0x5eac86616030
8021,63,567,cdls,0x5eac86616030
8022,108,378,cdls,0x5eac86616030
8023,42,504,cdls,0x5eac86616030
8024,90,654,cdls,0x5eac86616030
8025,105,414,cdls,0x5eac86616030
8026,144,405,cdls,0x5eac86616030
8027,120,369,cdls,0x5eac86616030
8028,90,684,cdls,0x5eac86616030
8029,99,750,cdls,0x5eac86616030
8030,63,741,cdls,0x5eac86616030
8031,27,753,cdls,0x5eac86616030
8032,159,489,cdls,0x5eac86616030
8033,111,480,cdls,0x5eac86616030
8034,114,549,cdls,0x5eac86616030
8035,45,444,cdls,0x5eac86616030
8036,39,150,cdls,0x5eac86616030
8037,63,285,cdls,0x5eac86616030
8038,30,195,cdls,0x5eac86616030
8039,60,213,cdls,0x5eac86616030
8040,120,396,cdls,0x5eac86616030
8041,75,357,cdls,0x5eac86616030
8042,18,156,cdls,0x5eac86616030
8043,72,402,cdls,0x5eac86616030
8044,57,243,cdls,0x5eac86616030
8045,36,222,cdls,0x5eac86616030
8046,66,480,cdls,0x5eac86616030
8047,126,672,cdls,0x5eac86616030
8048,39,270,cdls,0x5eac86616030
8049,60,354,cdls,0x5eac86616030
8050,114,396,cdls,0x5eac86616030
8051,81,567,cdls,0x5eac86616030
8052,60,198,cdls,0x5eac86616030
8053,66,252,cdls,0x5eac86616030
8054,69,387,cdls,0x5eac86616030
8055,117,501,cdls,0x5eac86616030
8056,75,501,cdls,0x5eac86616030
8057,120,378,cdls,0x5eac86616030
8058,54,324,cdls,0x5eac86616030
8059,90,564,cdls,0x5eac86616030
8060,60,345,cdls,0x5eac86616030
8061,36,342,cdls,0x5eac86616030
8062,21,171,cdls,0x5eac86616030
8063,111,360,cdls,0x5eac86616030
8064,75,504,cdls,0x5eac86616030
8065,102,588,cdls,0x5eac86616030
8066,87,453,cdls,0x5eac86616030
8067,60,798,cdls,0x5eac86616030
8068,45,771,cdls,0x5eac86616030
8069,75,429,cdls,0x5eac86616030
8070,84,618,cdls,0x5eac86616030
8071,147,477,cdls,0x5eac86616030
8072,63,537,cdls,0x5eac86616030
8073,72,345,cdls,0x5eac86616030
8074,75,384,cdls,0x5eac86616030
8075,63,537,cdls,0x5eac86616030
8076,123,366,cdls,0x5eac86616030
8077,60,546,cdls,0x5eac86616030
8078,51,417,cdls,0x5eac86616030
8079,132,429,cdls,0x5eac86616030
8080,123,291,cdls,0x5eac86616030
8081,111,267,cdls,0x5eac86616030
8082,93,441,cdls,0x5eac86616030
8083,69,483,cdls,0x5eac86616030
8084,90,798,cdls,0x5eac86616030
8085,48,558,cdls,0x5eac86616030
8086,66,684,cdls,0x5eac86616030
8087,42,708,cdls,0x5eac86616030
8088,114,531,cdls,0x5eac86616030
8089,99,483,cdls,0x5eac86616030
8090,105,360,cdls,0x5eac86616030
8091,87,441,cdls,0x5eac86616030
8092,87,381,cdls,0x5eac86616030
8093,93,411,cdls,0x5eac86616030
8094,90,408,cdls,0x5eac86616030
8095,72,393,cdls,0x5eac86616030
8096,84,696,cdls,0x5eac86616030
8097,45,267,cdls,0x5eac86616030
8098,69,417,cdls,0x5eac86616030
8099,141,363,cdls,0x5eac86616030
8100,60,339,cdls,0x5eac86616030
8101,159,492,cdls,0x5eac86616030
8102,90,624,cdls,0x5eac86616030
8103,90,393,cdls,0x5eac86616030
8104,72,786,cdls,0x5eac86616030
8105,78,576,cdls,0x5eac86616030
8106,90,684,cdls,0x5eac86616030
8107,42,684,cdls,0x5eac86616030
8108,117,627,cdls,0x5eac86616030
8109,78,627,cdls,0x5eac86616030
8110,114,522,cdls,0x5eac86616030
8111,120,486,cdls,0x5eac86616030
8112,126,402,cdls,0x5eac86616030
8113,120,570,cdls,0x5eac86616030
8114,60,438,cdls,0x5eac86616030
8115,99,633,cdls,0x5eac86616030
8116,99,477,cdls,0x5eac86616030
8117,60,870,cdls,0x5eac86616030
8118,84,582,cdls,0x5eac86616030
8119,114,468,cdls,0x5eac86616030
8120,48,510,cdls,0x5eac86616030
8121,108,690,cdls,0x5eac86616030
8122,81,555,cdls,0x5eac86616030
8123,45,783,cdls,0x5eac86616030
8124,57,723,cdls,0x5eac86616030
8125,51,531,cdls,0x5eac86616030
8126,57,483,cdls,0x5eac86616030
8127,72,657,cdls,0x5eac86616030
8128,72,510,cdls,0x5eac86616030
8129,102,483,cdls,0x5eac86616030
8130,123,513,cdls,0x5eac86616030
8131,93,483,cdls,0x5eac86616030
8132,36,486,cdls,0x5eac86616030
8133,87,597,cdls,0x5eac86616030
8134,51,456,cdls,0x5eac86616030
8135,87,771,cdls,0x5eac86616030
8136,114,588,cdls,0x5eac86616030
8137,72,738,cdls,0x5eac86616030
8138,72,666,cdls,0x5eac86616030
8139,36,426,cdls,0x5eac86616030
8140,81,396,cdls,0x5eac86616030
8141,54,459,cdls,0x5eac86616030
8142,63,909,cdls,0x5eac86616030
8143,57,654,cdls,0x5eac86616030
8144,57,600,cdls,0x5eac86616030
8145,78,924,cdls,0x5eac86616030
8146,60,543,cdls,0x5eac86616030
8147,75,444,cdls,0x5eac86616030
8148,75,669,cdls,0x5eac86616030
8149,45,627,cdls,0x5eac86616030
8150,48,570,cdls,0x5eac86616030
8151,78,627,cdls,0x5eac86616030
8152,84,618,cdls,0x5eac86616030
8153,48,642,cdls,0x5eac86616030
8154,78,924,cdls,0x5eac86616030
8155,75,813,cdls,0x5eac86616030
8156,30,768,cdls,0x5eac86616030
8157,54,633,cdls,0x5eac86616030
8158,42,624,cdls,0x5eac86616030
8159,78,1044,cdls,0x5eac86616030
8160,60,270,cdls,0x5eac86616030
8161,69,708,cdls,0x5eac86616030
8162,108,390,cdls,0x5eac86616030
8163,51,513,cdls,0x5eac86616030
8164,93,738,cdls,0x5eac86616030
8165,108,450,cdls,0x5eac86616030
8166,75,525,cdls,0x5eac86616030
8167,60,306,cdls,0x5eac86616030
8168,93,807,cdls,0x5eac86616030
8169,108,693,cdls,0x5eac86616030
8170,72,666,cdls,0x5eac86616030
8171,42,615,cdls,0x5eac86616030
8172,63,528,cdls,0x5eac86616030
8173,81,654,cdls,0x5eac86616030
8174,57,567,cdls,0x5eac86616030
8175,57,564,cdls,0x5eac86616030
8176,45,279,cdls,0x5eac86616030
8177,63,321,cdls,0x5eac86616030
8178,186,483,cdls,0x5eac86616030
8179,48,522,cdls,0x5eac86616030
8180,105,453,cdls,0x5eac86616030
8181,153,429,cdls,0x5eac86616030
8182,114,336,cdls,0x5eac86616030
8183,60,558,cdls,0x5eac86616030
8184,57,597,cdls,0x5eac86616030
8185,120,402,cdls,0x5eac86616030
8186,33,459,cdls,0x5eac86616030
8187,123,513,cdls,0x5eac86616030
8188,63,609,cdls,0x5eac86616030
8189,87,525,cdls,0x5eac86616030
8190,57,525,cdls,0x5eac86616030
8191,60,582,cdls,0x5eac86616030
8192,75,657,cdls,0x5eac86616030
8193,78,639,cdls,0x5eac86616030
8194,39,645,cdls,0x5eac86616030
8195,66,768,cdls,0x5eac86616030
8196,48,834,cdls,0x5eac86616030
8197,72,549,cdls,0x5eac86616030
8198,75,657,cdls,0x5eac86616030
8199,45,516,cdls,0x5eac86616030
8200,57,708,cdls,0x5eac86616030
8201,60,792,cdls,0x5eac86616030
8202,69,591,cdls,0x5eac86616030
8203,66,840,cdls,0x5eac86616030
8204,57,675,cdls,0x5eac86616030
8205,66,744,cdls,0x5eac86616030
8206,87,393,cdls,0x5eac86616030
8207,90,576,cdls,0x5eac86616030
8208,54,624,cdls,0x5eac86616030
8209,93,675,cdls,0x5eac86616030
8210,87,525,cdls,0x5eac86616030
8211,63,510,cdls,0x5eac86616030
8212,126,393,cdls,0x5eac86616030
8213,72,264,cdls,0x5eac86616030
8214,123,294,cdls,0x5eac86616030
8215,54,606,cdls,0x5eac86616030
8216,81,555,cdls,0x5eac86616030
8217,75,537,cdls,0x5eac86616030
8218,114,441,cdls,0x5eac86616030
8219,36,423,cdls,0x5eac86616030
8220,60,720,cdls,0x5eac86616030
8221,114,504,cdls,0x5eac86616030
8222,102,660,cdls,0x5eac86616030
8223,78,291,cdls,0x5eac86616030
8224,90,456,cdls,0x5eac86616030
8225,45,291,cdls,0x5eac86616030
8226,99,399,cdls,0x5eac86616030
8227,111,339,cdls,0x5eac86616030
8228,108,507,cdls,0x5eac86616030
8229,39,549,cdls,0x5eac86616030
8230,72,522,cdls,0x5eac86616030
8231,111,633,cdls,0x5eac86616030
8232,129,414,cdls,0x5eac86616030
8233,99,549,cdls,0x5eac86616030
8234,105,363,cdls,0x5eac86616030
8235,27,93,cdls,0x5eac86616030
8236,135,483,cdls,0x5eac86616030
8237,69,630,cdls,0x5eac86616030
8238,48,417,cdls,0x5eac86616030
8239,135,465,cdls,0x5eac86616030
8240,144,363,cdls,0x5eac86616030
8241,66,540,cdls,0x5eac86616030
8242,39,369,cdls,0x5eac86616030
8243,108,474,cdls,0x5eac86616030
8244,108,459,cdls,0x5eac86616030
8245,117,543,cdls,0x5eac86616030
8246,45,771,cdls,0x5eac86616030
8247,57,891,cdls,0x5eac86616030
8248,33,963,cdls,0x5eac86616030
8249,54,687,cdls,0x5eac86616030
8250,117,525,cdls,0x5eac86616030
8251,87,753,cdls,0x5eac86616030
8252,75,849,cdls,0x5eac86616030
8253,69,645,cdls,0x5eac86616030
8254,87,432,cdls,0x5eac86616030
8255,102,486,cdls,0x5eac86616030
8256,48,678,cdls,0x5eac86616030
8257,90,543,cdls,0x5eac86616030
8258,84,438,cdls,0x5eac86616030
8259,105,627,cdls,0x5eac86616030
8260,87,705,cdls,0x5eac86616030
8261,111,492,cdls,0x5eac86616030
8262,66,507,cdls,0x5eac86616030
8263,75,585,cdls,0x5eac86616030
8264,42,540,cdls,0x5eac86616030
8265,114,498,cdls,0x5eac86616030
8266,138,462,cdls,0x5eac86616030
8267,57,735,cdls,0x5eac86616030
8268,45,771,cdls,0x5eac86616030
8269,126,522,cdls,0x5eac86616030
8270,102,519,cdls,0x5eac86616030
8271,105,573,cdls,0x5eac86616030
8272,66,387,cdls,0x5eac86616030
8273,57,477,cdls,0x5eac86616030
8274,99,576,cdls,0x5eac86616030
8275,75,756,cdls,0x5eac86616030
8276,84,927,cdls,0x5eac86616030
8277,51,603,cdls,0x5eac86616030
8278,78,393,cdls,0x5eac86616030
8279,39,357,cdls,0x5eac86616030
8280,75,369,cdls,0x5eac86616030
8281,42,252,cdls,0x5eac86616030
8282,45,516,cdls,0x5eac86616030
8283,60,630,cdls,0x5eac86616030
8284,87,645,cdls,0x5eac86616030
8285,54,657,cdls,0x5eac86616030
8286,90,492,cdls,0x5eac86616030
8287,81,510,cdls,0x5eac86616030
8288,84,630,cdls,0x5eac86616030
8289,90,528,cdls,0x5eac86616030
8290,42,504,cdls,0x5eac86616030
8291,111,426,cdls,0x5eac86616030
8292,111,411,cdls,0x5eac86616030
8293,123,429,cdls,0x5eac86616030
8294,48,606,cdls,0x5eac86616030
8295,81,627,cdls,0x5eac86616030
8296,123,489,cdls,0x5eac86616030
8297,81,375,cdls,0x5eac86616030
8298,72,402,cdls,0x5eac86616030
8299,114,780,cdls,0x5eac86616030
8300,57,543,cdls,0x5eac86616030
8301,75,585,cdls,0x5eac86616030
8302,117,651,cdls,0x5eac86616030
8303,96,372,cdls,0x5eac86616030
8304,84,531,cdls,0x5eac86616030
8305,75,753,cdls,0x5eac86616030
8306,45,423,cdls,0x5eac86616030
8307,75,849,cdls,0x5eac86616030
8308,90,522,cdls,0x5eac86616030
8309,96,576,cdls,0x5eac86616030
8310,84,678,cdls,0x5eac86616030
8311,135,441,cdls,0x5eac86616030
8312,120,345,cdls,0x5eac86616030
8313,123,507,cdls,0x5eac86616030
8314,60,336,cdls,0x5eac86616030
8315,105,324,cdls,0x5eac86616030
8316,87,321,cdls,0x5eac86616030
8317,57,393,cdls,0x5eac86616030
8318,99,336,cdls,0x5eac86616030
8319,111,315,cdls,0x5eac86616030
8320,90,546,cdls,0x5eac86616030
8321,84,327,cdls,0x5eac86616030
8322,135,486,cdls,0x5eac86616030
8323,45,363,cdls,0x5eac86616030
8324,135,636,cdls,0x5eac86616030
8325,90,552,cdls,0x5eac86616030
8326,171,438,cdls,0x5eac86616030
8327,66,603,cdls,0x5eac86616030
8328,120,435,cdls,0x5eac86616030
8329,93,699,cdls,0x5eac86616030
8330,99,546,cdls,0x5eac86616030
8331,102,744,cdls,0x5eac86616030
8332,96,486,cdls,0x5eac86616030
8333,81,414,cdls,0x5eac86616030
8334,42,444,cdls,0x5eac86616030
8335,63,489,cdls,0x5eac86616030
8336,63,489,cdls,0x5eac86616030
8337,84,666,cdls,0x5eac86616030
8338,78,648,cdls,0x5eac86616030
8339,123,417,cdls,0x5eac86616030
8340,75,459,cdls,0x5eac86616030
8341,99,561,cdls,0x5eac86616030
8342,48,528,cdls,0x5eac86616030
8343,60,444,cdls,0x5eac86616030
8344,27,165,cdls,0x5eac86616030
8345,39,270,cdls,0x5eac86616030
8346,45,195,cdls,0x5eac86616030
8347,54,312,cdls,0x5eac86616030
8348,87,375,cdls,0x5eac86616030
8349,144,513,cdls,0x5eac86616030
8350,129,474,cdls,0x5eac86616030
8351,126,399,cdls,0x5eac86616030
8352,48,522,cdls,0x5eac86616030
8353,102,420,cdls,0x5eac86616030
8354,45,183,cdls,0x5eac86616030
8355,21,150,cdls,0x5eac86616030
8356,84,345,cdls,0x5eac86616030
8357,45,168,cdls,0x5eac86616030
8358,84,309,cdls,0x5eac86616030
8359,69,207,cdls,0x5eac86616030
8360,84,357,cdls,0x5eac86616030
8361,57,468,cdls,0x5eac86616030
8362,84,498,cdls,0x5eac86616030
8363,39,405,cdls,0x5eac86616030
8364,66,210,cdls,0x5eac86616030
8365,60,183,cdls,0x5eac86616030
8366,120,342,cdls,0x5eac86616030
8367,72,264,cdls,0x5eac86616030
8368,123,528,cdls,0x5eac86616030
8369,138,348,cdls,0x5eac86616030
8370,27,213,cdls,0x5eac86616030
8371,51,366,cdls,0x5eac86616030
8372,48,318,cdls,0x5eac86616030
8373,63,621,cdls,0x5eac86616030
8374,57,366,cdls,0x5eac86616030
8375,84,441,cdls,0x5eac86616030
8376,72,375,cdls,0x5eac86616030
8377,48,522,cdls,0x5eac86616030
8378,99,381,cdls,0x5eac86616030
8379,54,228,cdls,0x5eac86616030
8380,24,174,cdls,0x5eac86616030
8381,27,213,cdls,0x5eac86616030
8382,60,399,cdls,0x5eac86616030
8383,51,399,cdls,0x5eac86616030
8384,96,528,cdls,0x5eac86616030
8385,96,630,cdls,0x5eac86616030
8386,108,564,cdls,0x5eac86616030
8387,162,543,cdls,0x5eac86616030
8388,57,651,cdls,0x5eac86616030
8389,57,666,cdls,0x5eac86616030
8390,90,624,cdls,0x5eac86616030
8391,51,573,cdls,0x5eac86616030
8392,63,657,cdls,0x5eac86616030
8393,51,435,cdls,0x5eac86616030
8394,42,504,cdls,0x5eac86616030
8395,90,822,cdls,0x5eac86616030
8396,84,615,cdls,0x5eac86616030
8397,78,852,cdls,0x5eac86616030
8398,51,456,cdls,0x5eac86616030
8399,42,540,cdls,0x5eac86616030
8400,54,906,cdls,0x5eac86616030
8401,63,570,cdls,0x5eac86616030
8402,57,858,cdls,0x5eac86616030
8403,105,816,cdls,0x5eac86616030
8404,102,741,cdls,0x5eac86616030
8405,54,888,cdls,0x5eac86616030
8406,90,777,cdls,0x5eac86616030
8407,93,789,cdls,0x5eac86616030
8408,87,633,cdls,0x5eac86616030
8409,87,642,cdls,0x5eac86616030
8410,93,699,cdls,0x5eac86616030
8411,78,588,cdls,0x5eac86616030
8412,90,441,cdls,0x5eac86616030
8413,45,570,cdls,0x5eac86616030
8414,51,870,cdls,0x5eac86616030
8415,57,588,cdls,0x5eac86616030
8416,36,633,cdls,0x5eac86616030
8417,69,807,cdls,0x5eac86616030
8418,87,438,cdls,0x5eac86616030
8419,75,585,cdls,0x5eac86616030
8420,54,609,cdls,0x5eac86616030
8421,117,474,cdls,0x5eac86616030
8422,72,699,cdls,0x5eac86616030
8423,69,645,cdls,0x5eac86616030
8424,39,705,cdls,0x5eac86616030
8425,39,801,cdls,0x5eac86616030
8426,60,882,cdls,0x5eac86616030
8427,69,681,cdls,0x5eac86616030
8428,63,612,cdls,0x5eac86616030
8429,69,693,cdls,0x5eac86616030
8430,102,891,cdls,0x5eac86616030
8431,150,855,cdls,0x5eac86616030
8432,54,561,cdls,0x5eac86616030
8433,30,708,cdls,0x5eac86616030
8434,90,918,cdls,0x5eac86616030
8435,99,696,cdls,0x5eac86616030
8436,66,1008,cdls,0x5eac86616030
8437,108,801,cdls,0x5eac86616030
8438,63,849,cdls,0x5eac86616030
8439,51,480,cdls,0x5eac86616030
8440,57,720,cdls,0x5eac86616030
8441,63,675,cdls,0x5eac86616030
8442,108,1014,cdls,0x5eac86616030
8443,105,765,cdls,0x5eac86616030
8444,102,1059,cdls,0x5eac86616030
8445,117,936,cdls,0x5eac86616030
8446,60,744,cdls,0x5eac86616030
8447,123,1014,cdls,0x5eac86616030
8448,84,738,cdls,0x5eac86616030
8449,114,876,cdls,0x5eac86616030
8450,87,882,cdls,0x5eac86616030
8451,75,918,cdls,0x5eac86616030
8452,84,1134,cdls,0x5eac86616030
8453,141,1122,cdls,0x5eac86616030
8454,42,504,cdls,0x5eac86616030
8455,123,519,cdls,0x5eac86616030
8456,99,546,cdls,0x5eac86616030
8457,75,534,cdls,0x5eac86616030
8458,81,780,cdls,0x5eac86616030
8459,81,717,cdls,0x5eac86616030
8460,69,651,cdls,0x5eac86616030
8461,105,900,cdls,0x5eac86616030
8462,57,405,cdls,0x5eac86616030
8463,111,375,cdls,0x5eac86616030
8464,117,594,cdls,0x5eac86616030
8465,48,747,cdls,0x5eac86616030
8466,48,528,cdls,0x5eac86616030
8467,120,546,cdls,0x5eac86616030
8468,162,399,cdls,0x5eac86616030
8469,117,549,cdls,0x5eac86616030
8470,111,663,cdls,0x5eac86616030
8471,111,690,cdls,0x5eac86616030
8472,84,477,cdls,0x5eac86616030
8473,75,522,cdls,0x5eac86616030
8474,69,729,cdls,0x5eac86616030
8475,60,642,cdls,0x5eac86616030
8476,96,855,cdls,0x5eac86616030
8477,81,807,cdls,0x5eac86616030
8478,117,786,cdls,0x5eac86616030
8479,84,777,cdls,0x5eac86616030
8480,99,1011,cdls,0x5eac86616030
8481,102,897,cdls,0x5eac86616030
8482,135,1005,cdls,0x5eac86616030
8483,123,900,cdls,0x5eac86616030
8484,84,765,cdls,0x5eac86616030
8485,81,657,cdls,0x5eac86616030
8486,147,624,cdls,0x5eac86616030
8487,159,876,cdls,0x5eac86616030
8488,147,870,cdls,0x5eac86616030
8489,78,984,cdls,0x5eac86616030
8490,90,759,cdls,0x5eac86616030
8491,78,567,cdls,0x5eac86616030
8492,57,579,cdls,0x5eac86616030
8493,72,726,cdls,0x5eac86616030
8494,54,642,cdls,0x5eac86616030
8495,78,876,cdls,0x5eac86616030
8496,57,513,cdls,0x5eac86616030
8497,84,843,cdls,0x5eac86616030
8498,45,462,cdls,0x5eac86616030
8499,42,711,cdls,0x5eac86616030
8500,54,792,cdls,0x5eac86616030
8501,45,582,cdls,0x5eac86616030
8502,54,558,cdls,0x5eac86616030
8503,48,609,cdls,0x5eac86616030
8504,81,1074,cdls,0x5eac86616030
8505,57,708,cdls,0x5eac86616030
8506,72,840,cdls,0x5eac86616030
8507,75,792,cdls,0x5eac86616030
8508,84,801,cdls,0x5eac86616030
8509,90,807,cdls,0x5eac86616030
8510,90,519,cdls,0x5eac86616030
8511,126,447,cdls,0x5eac86616030
8512,75,384,cdls,0x5eac86616030
8513,84,657,cdls,0x5eac86616030
8514,48,534,cdls,0x5eac86616030
8515,87,645,cdls,0x5eac86616030
8516,51,543,cdls,0x5eac86616030
8517,87,513,cdls,0x5eac86616030
8518,123,441,cdls,0x5eac86616030
8519,117,477,cdls,0x5eac86616030
8520,72,657,cdls,0x5eac86616030
8521,78,558,cdls,0x5eac86616030
8522,108,555,cdls,0x5eac86616030
8523,51,642,cdls,0x5eac86616030
8524,57,663,cdls,0x5eac86616030
8525,84,723,cdls,0x5eac86616030
8526,57,411,cdls,0x5eac86616030
8527,51,333,cdls,0x5eac86616030
8528,69,378,cdls,0x5eac86616030
8529,153,456,cdls,0x5eac86616030
8530,75,552,cdls,0x5eac86616030
8531,90,447,cdls,0x5eac86616030
8532,48,474,cdls,0x5eac86616030
8533,51,402,cdls,0x5eac86616030
8534,78,483,cdls,0x5eac86616030
8535,51,651,cdls,0x5eac86616030
8536,60,663,cdls,0x5eac86616030
8537,114,720,cdls,0x5eac86616030
8538,90,471,cdls,0x5eac86616030
8539,102,567,cdls,0x5eac86616030
8540,69,723,cdls,0x5eac86616030
8541,75,603,cdls,0x5eac86616030
8542,54,540,cdls,0x5eac86616030
8543,78,672,cdls,0x5eac86616030
8544,78,555,cdls,0x5eac86616030
8545,54,498,cdls,0x5eac86616030
8546,72,546,cdls,0x5eac86616030
8547,69,579,cdls,0x5eac86616030
8548,81,729,cdls,0x5eac86616030
8549,66,582,cdls,0x5eac86616030
8550,78,633,cdls,0x5eac86616030
8551,87,591,cdls,0x5eac86616030
8552,48,693,cdls,0x5eac86616030
8553,69,549,cdls,0x5eac86616030
8554,60,687,cdls,0x5eac86616030
8555,75,552,cdls,0x5eac86616030
8556,105,552,cdls,0x5eac86616030
8557,81,774,cdls,0x5eac86616030
8558,54,672,cdls,0x5eac86616030
8559,108,570,cdls,0x5eac86616030
8560,66,732,cdls,0x5eac86616030
8561,93,627,cdls,0x5eac86616030
8562,90,762,cdls,0x5eac86616030
8563,60,927,cdls,0x5eac86616030
8564,87,606,cdls,0x5eac86616030
8565,81,678,cdls,0x5eac86616030
8566,75,732,cdls,0x5eac86616030
8567,30,729,cdls,0x5eac86616030
8568,108,999,cdls,0x5eac86616030
8569,42,630,cdls,0x5eac86616030
8570,120,534,cdls,0x5eac86616030
8571,90,804,cdls,0x5eac86616030
8572,42,627,cdls,0x5eac86616030
8573,57,564,cdls,0x5eac86616030
8574,75,651,cdls,0x5eac86616030
8575,96,759,cdls,0x5eac86616030
8576,51,462,cdls,0x5eac86616030
8577,69,675,cdls,0x5eac86616030
8578,57,669,cdls,0x5eac86616030
8579,48,786,cdls,0x5eac86616030
8580,69,558,cdls,0x5eac86616030
8581,132,711,cdls,0x5eac86616030
8582,66,522,cdls,0x5eac86616030
8583,87,666,cdls,0x5eac86616030
8584,66,477,cdls,0x5eac86616030
8585,99,720,cdls,0x5eac86616030
8586,75,723,cdls,0x5eac86616030
8587,54,594,cdls,0x5eac86616030
8588,75,657,cdls,0x5eac86616030
8589,66,696,cdls,0x5eac86616030
8590,66,759,cdls,0x5eac86616030
8591,75,606,cdls,0x5eac86616030
8592,99,333,cdls,0x5eac86616030
8593,66,393,cdls,0x5eac86616030
8594,84,483,cdls,0x5eac86616030
8595,60,363,cdls,0x5eac86616030
8596,114,405,cdls,0x5eac86616030
8597,132,405,cdls,0x5eac86616030
8598,153,393,cdls,0x5eac86616030
8599,96,591,cdls,0x5eac86616030
8600,51,585,cdls,0x5eac86616030
8601,72,555,cdls,0x5eac86616030
8602,57,561,cdls,0x5eac86616030
8603,96,603,cdls,0x5eac86616030
8604,69,420,cdls,0x5eac86616030
8605,63,702,cdls,0x5eac86616030
8606,66,531,cdls,0x5eac86616030
8607,60,570,cdls,0x5eac86616030
8608,102,696,cdls,0x5eac86616030
8609,72,603,cdls,0x5eac86616030
8610,78,486,cdls,0x5eac86616030
8611,120,495,cdls,0x5eac86616030
8612,87,681,cdls,0x5eac86616030
8613,60,657,cdls,0x5eac86616030
8614,90,870,cdls,0x5eac86616030
8615,60,678,cdls,0x5eac86616030
8616,63,585,cdls,0x5eac86616030
8617,51,660,cdls,0x5eac86616030
8618,105,774,cdls,0x5eac86616030
8619,96,867,cdls,0x5eac86616030
8620,54,927,cdls,0x5eac86616030
8621,141,1128,cdls,0x5eac86616030
8622,99,822,cdls,0x5eac86616030
8623,132,636,cdls,0x5eac86616030
8624,108,747,cdls,0x5eac86616030
8625,57,501,cdls,0x5eac86616030
8626,69,780,cdls,0x5eac86616030
8627,60,672,cdls,0x5eac86616030
8628,93,777,cdls,0x5eac86616030
8629,54,555,cdls,0x5eac86616030
8630,45,660,cdls,0x5eac86616030
8631,111,624,cdls,0x5eac86616030
8632,60,867,cdls,0x5eac86616030
8633,84,834,cdls,0x5eac86616030
8634,93,1038,cdls,0x5eac86616030
8635,48,801,cdls,0x5eac86616030
8636,69,807,cdls,0x5eac86616030
8637,81,711,cdls,0x5eac86616030
8638,138,834,cdls,0x5eac86616030
8639,84,525,cdls,0x5eac86616030
8640,120,516,cdls,0x5eac86616030
8641,90,876,cdls,0x5eac86616030
8642,90,696,cdls,0x5eac86616030
8643,39,1035,cdls,0x5eac86616030
8644,63,678,cdls,0x5eac86616030
8645,66,669,cdls,0x5eac86616030
8646,48,636,cdls,0x5eac86616030
8647,54,540,cdls,0x5eac86616030
8648,27,651,cdls,0x5eac86616030
8649,69,975,cdls,0x5eac86616030
8650,54,912,cdls,0x5eac86616030
8651,96,1071,cdls,0x5eac86616030
8652,54,672,cdls,0x5eac86616030
8653,54,660,cdls,0x5eac86616030
8654,69,1167,cdls,0x5eac86616030
8655,87,645,cdls,0x5eac86616030
8656,48,810,cdls,0x5eac86616030
8657,84,762,cdls,0x5eac86616030
8658,39,522,cdls,0x5eac86616030
8659,54,804,cdls,0x5eac86616030
8660,54,900,cdls,0x5eac86616030
8661,120,549,cdls,0x5eac86616030
8662,90,513,cdls,0x5eac86616030
8663,81,507,cdls,0x5eac86616030
8664,84,510,cdls,0x5eac86616030
8665,72,486,cdls,0x5eac86616030
8666,75,573,cdls,0x5eac86616030
8667,111,537,cdls,0x5eac86616030
8668,45,579,cdls,0x5eac86616030
8669,114,438,cdls,0x5eac86616030
8670,78,600,cdls,0x5eac86616030
8671,72,618,cdls,0x5eac86616030
8672,75,711,cdls,0x5eac86616030
8673,60,858,cdls,0x5eac86616030
8674,78,1008,cdls,0x5eac86616030
8675,48,738,cdls,0x5eac86616030
8676,63,681,cdls,0x5eac86616030
8677,105,951,cdls,0x5eac86616030
8678,108,894,cdls,0x5eac86616030
8679,60,942,cdls,0x5eac86616030
8680,90,771,cdls,0x5eac86616030
8681,72,870,cdls,0x5eac86616030
8682,69,867,cdls,0x5eac86616030
8683,84,798,cdls,0x5eac86616030
8684,72,846,cdls,0x5eac86616030
8685,87,861,cdls,0x5eac86616030
8686,90,1032,cdls,0x5eac86616030
8687,102,984,cdls,0x5eac86616030
8688,87,1041,cdls,0x5eac86616030
8689,69,711,cdls,0x5eac86616030
8690,57,807,cdls,0x5eac86616030
8691,48,810,cdls,0x5eac86616030
8692,42,633,cdls,0x5eac86616030
8693,102,447,cdls,0x5eac86616030
8694,96,678,cdls,0x5eac86616030
8695,108,909,cdls,0x5eac86616030
8696,105,615,cdls,0x5eac86616030
8697,102,489,cdls,0x5eac86616030
8698,87,495,cdls,0x5eac86616030
8699,54,609,cdls,0x5eac86616030
8700,36,834,cdls,0x5eac86616030
8701,57,591,cdls,0x5eac86616030
8702,42,624,cdls,0x5eac86616030
8703,63,705,cdls,0x5eac86616030
8704,87,504,cdls,0x5eac86616030
8705,54,783,cdls,0x5eac86616030
8706,84,774,cdls,0x5eac86616030
8707,75,885,cdls,0x5eac86616030
8708,69,819,cdls,0x5eac86616030
8709,45,648,cdls,0x5eac86616030
8710,84,1026,cdls,0x5eac86616030
8711,69,675,cdls,0x5eac86616030
8712,48,678,cdls,0x5eac86616030
8713,63,600,cdls,0x5eac86616030
8714,114,576,cdls,0x5eac86616030
8715,87,723,cdls,0x5eac86616030
8716,69,636,cdls,0x5eac86616030
8717,135,1104,cdls,0x5eac86616030
8718,96,861,cdls,0x5eac86616030
8719,63,966,cdls,0x5eac86616030
8720,123,597,cdls,0x5eac86616030
8721,78,1008,cdls,0x5eac86616030
8722,123,1140,cdls,0x5eac86616030
8723,99,924,cdls,0x5eac86616030
8724,99,1233,cdls,0x5eac86616030
8725,84,987,cdls,0x5eac86616030
8726,78,663,cdls,0x5eac86616030
8727,69,696,cdls,0x5eac86616030
8728,75,969,cdls,0x5eac86616030
8729,90,810,cdls,0x5eac86616030
8730,141,807,cdls,0x5eac86616030
8731,168,1269,cdls,0x5eac86616030
8732,123,1122,cdls,0x5eac86616030
8733,144,885,cdls,0x5eac86616030
8734,117,825,cdls,0x5eac86616030
8735,117,897,cdls,0x5eac86616030
8736,93,1002,cdls,0x5eac86616030
8737,63,690,cdls,0x5eac86616030
8738,78,693,cdls,0x5eac86616030
8739,114,1107,cdls,0x5eac86616030
8740,87,1044,cdls,0x5eac86616030
8741,33,438,cdls,0x5eac86616030
8742,93,756,cdls,0x5eac86616030
8743,48,462,cdls,0x5eac86616030
8744,60,597,cdls,0x5eac86616030
8745,57,327,cdls,0x5eac86616030
8746,78,477,cdls,0x5eac86616030
8747,81,363,cdls,0x5eac86616030
8748,93,552,cdls,0x5eac86616030
8749,54,702,cdls,0x5eac86616030
8750,87,333,cdls,0x5eac86616030
8751,84,432,cdls,0x5eac86616030
8752,132,348,cdls,0x5eac86616030
8753,153,591,cdls,0x5eac86616030
8754,63,642,cdls,0x5eac86616030
8755,69,768,cdls,0x5eac86616030
8756,60,570,cdls,0x5eac86616030
8757,147,1011,cdls,0x5eac86616030
8758,111,906,cdls,0x5eac86616030
8759,99,972,cdls,0x5eac86616030
8760,66,870,cdls,0x5eac86616030
8761,123,762,cdls,0x5eac86616030
8762,75,672,cdls,0x5eac86616030
8763,57,783,cdls,0x5eac86616030
8764,60,747,cdls,0x5eac86616030
8765,69,636,cdls,0x5eac86616030
8766,75,597,cdls,0x5eac86616030
8767,72,834,cdls,0x5eac86616030
8768,102,852,cdls,0x5eac86616030
8769,63,684,cdls,0x5eac86616030
8770,144,822,cdls,0x5eac86616030
8771,75,378,cdls,0x5eac86616030
8772,78,330,cdls,0x5eac86616030
8773,90,405,cdls,0x5eac86616030
8774,45,255,cdls,0x5eac86616030
8775,51,474,cdls,0x5eac86616030
8776,45,537,cdls,0x5eac86616030
8777,45,417,cdls,0x5eac86616030
8778,126,447,cdls,0x5eac86616030
8779,42,708,cdls,0x5eac86616030
8780,87,693,cdls,0x5eac86616030
8781,42,780,cdls,0x5eac86616030
8782,162,528,cdls,0x5eac86616030
8783,42,381,cdls,0x5eac86616030
8784,102,492,cdls,0x5eac86616030
8785,99,645,cdls,0x5eac86616030
8786,117,468,cdls,0x5eac86616030
8787,63,435,cdls,0x5eac86616030
8788,54,435,cdls,0x5eac86616030
8789,60,570,cdls,0x5eac86616030
8790,45,885,cdls,0x5eac86616030
8791,75,633,cdls,0x5eac86616030
8792,54,591,cdls,0x5eac86616030
8793,63,561,cdls,0x5eac86616030
8794,72,402,cdls,0x5eac86616030
8795,120,528,cdls,0x5eac86616030
8796,72,504,cdls,0x5eac86616030
8797,78,654,cdls,0x5eac86616030
8798,78,672,cdls,0x5eac86616030
8799,93,750,cdls,0x5eac86616030
8800,90,747,cdls,0x5eac86616030
8801,105,471,cdls,0x5eac86616030
8802,108,459,cdls,0x5eac86616030
8803,48,495,cdls,0x5eac86616030
8804,60,786,cdls,0x5eac86616030
8805,132,930,cdls,0x5eac86616030
8806,93,852,cdls,0x5eac86616030
8807,165,1488,cdls,0x5eac86616030
8808,72,873,cdls,0x5eac86616030
8809,78,855,cdls,0x5eac86616030
8810,69,693,cdls,0x5eac86616030
8811,102,906,cdls,0x5eac86616030
8812,63,660,cdls,0x5eac86616030
8813,45,927,cdls,0x5eac86616030
8814,81,759,cdls,0x5eac86616030
8815,84,570,cdls,0x5eac86616030
8816,72,726,cdls,0x5eac86616030
8817,30,576,cdls,0x5eac86616030
8818,102,720,cdls,0x5eac86616030
8819,69,933,cdls,0x5eac86616030
8820,72,729,cdls,0x5eac86616030
8821,48,708,cdls,0x5eac86616030
8822,81,777,cdls,0x5eac86616030
8823,60,735,cdls,0x5eac86616030
8824,93,690,cdls,0x5eac86616030
8825,108,744,cdls,0x5eac86616030
8826,129,489,cdls,0x5eac86616030
8827,81,603,cdls,0x5eac86616030
8828,45,426,cdls,0x5eac86616030
8829,78,507,cdls,0x5eac86616030
8830,99,438,cdls,0x5eac86616030
8831,60,516,cdls,0x5eac86616030
8832,108,537,cdls,0x5eac86616030
8833,54,468,cdls,0x5eac86616030
8834,78,582,cdls,0x5eac86616030
8835,84,699,cdls,0x5eac86616030
8836,123,903,cdls,0x5eac86616030
8837,117,1062,cdls,0x5eac86616030
8838,72,816,cdls,0x5eac86616030
8839,75,750,cdls,0x5eac86616030
8840,69,594,cdls,0x5eac86616030
8841,45,654,cdls,0x5eac86616030
8842,135,783,cdls,0x5eac86616030
8843,66,639,cdls,0x5eac86616030
8844,57,771,cdls,0x5eac86616030
8845,72,669,cdls,0x5eac86616030
8846,45,696,cdls,0x5eac86616030
8847,69,714,cdls,0x5eac86616030
8848,66,714,cdls,0x5eac86616030
8849,66,654,cdls,0x5eac86616030
8850,105,1149,cdls,0x5eac86616030
8851,90,1140,cdls,0x5eac86616030
8852,63,873,cdls,0x5eac86616030
8853,60,702,cdls,0x5eac86616030
8854,72,966,cdls,0x5eac86616030
8855,75,873,cdls,0x5eac86616030
8856,57,807,cdls,0x5eac86616030
8857,69,882,cdls,0x5eac86616030
8858,135,1077,cdls,0x5eac86616030
8859,78,1053,cdls,0x5eac86616030
8860,99,753,cdls,0x5eac86616030
8861,144,720,cdls,0x5eac86616030
8862,84,828,cdls,0x5eac86616030
8863,75,546,cdls,0x5eac86616030
8864,84,753,cdls,0x5eac86616030
8865,90,777,cdls,0x5eac86616030
8866,75,822,cdls,0x5eac86616030
8867,63,570,cdls,0x5eac86616030
8868,108,936,cdls,0x5eac86616030
8869,123,897,cdls,0x5eac86616030
8870,69,1017,cdls,0x5eac86616030
8871,66,594,cdls,0x5eac86616030
8872,57,1107,cdls,0x5eac86616030
8873,84,978,cdls,0x5eac86616030
8874,54,816,cdls,0x5eac86616030
8875,66,804,cdls,0x5eac86616030
8876,60,480,cdls,0x5eac86616030
8877,63,861,cdls,0x5eac86616030
8878,24,609,cdls,0x5eac86616030
8879,66,570,cdls,0x5eac86616030
8880,141,1209,cdls,0x5eac86616030
8881,84,1086,cdls,0x5eac86616030
8882,42,744,cdls,0x5eac86616030
8883,75,1029,cdls,0x5eac86616030
8884,141,1311,cdls,0x5eac86616030
8885,108,1266,cdls,0x5eac86616030
8886,69,1203,cdls,0x5eac86616030
8887,60,798,cdls,0x5eac86616030
8888,96,930,cdls,0x5eac86616030
8889,90,1140,cdls,0x5eac86616030
8890,111,1068,cdls,0x5eac86616030
8891,144,1245,cdls,0x5eac86616030
8892,66,1224,cdls,0x5eac86616030
8893,114,1632,cdls,0x5eac86616030
8894,72,906,cdls,0x5eac86616030
8895,66,549,cdls,0x5eac86616030
8896,99,675,cdls,0x5eac86616030
8897,63,651,cdls,0x5eac86616030
8898,57,933,cdls,0x5eac86616030
8899,66,555,cdls,0x5eac86616030
8900,99,897,cdls,0x5eac86616030
8901,105,1068,cdls,0x5eac86616030
8902,93,1311,cdls,0x5eac86616030
8903,90,1248,cdls,0x5eac86616030
8904,129,1029,cdls,0x5eac86616030
8905,48,1278,cdls,0x5eac86616030
8906,135,1539,cdls,0x5eac86616030
8907,105,1656,cdls,0x5eac86616030
8908,81,1167,cdls,0x5eac86616030
8909,90,1359,cdls,0x5eac86616030
8910,147,762,cdls,0x5eac86616030
8911,48,636,cdls,0x5eac86616030
8912,102,1404,cdls,0x5eac86616030
8913,153,1155,cdls,0x5eac86616030
8914,75,906,cdls,0x5eac86616030
8915,87,576,cdls,0x5eac86616030
8916,108,969,cdls,0x5eac86616030
8917,93,804,cdls,0x5eac86616030
8918,99,702,cdls,0x5eac86616030
8919,156,657,cdls,0x5eac86616030
8920,132,1296,cdls,0x5eac86616030
8921,123,975,cdls,0x5eac86616030
8922,96,711,cdls,0x5eac86616030
8923,84,780,cdls,0x5eac86616030
8924,87,1116,cdls,0x5eac86616030
8925,117,1200,cdls,0x5eac86616030
8926,93,978,cdls,0x5eac86616030
8927,39,783,cdls,0x5eac86616030
8928,78,1035,cdls,0x5eac86616030
8929,78,924,cdls,0x5eac86616030
8930,90,1143,cdls,0x5eac86616030
8931,114,1521,cdls,0x5eac86616030
8932,72,816,cdls,0x5eac86616030
8933,123,951,cdls,0x5eac86616030
8934,72,825,cdls,0x5eac86616030
8935,54,645,cdls,0x5eac86616030
8936,75,540,cdls,0x5eac86616030
8937,69,567,cdls,0x5eac86616030
8938,42,492,cdls,0x5eac86616030
8939,39,492,cdls,0x5eac86616030
8940,66,471,cdls,0x5eac86616030
8941,60,582,cdls,0x5eac86616030
8942,48,477,cdls,0x5eac86616030
8943,72,624,cdls,0x5eac86616030
8944,69,435,cdls,0x5eac86616030
8945,45,477,cdls,0x5eac86616030
8946,114,342,cdls,0x5eac86616030
8947,108,534,cdls,0x5eac86616030
8948,102,333,cdls,0x5eac86616030
8949,54,840,cdls,0x5eac86616030
8950,90,786,cdls,0x5eac86616030
8951,69,738,cdls,0x5eac86616030
8952,93,729,cdls,0x5eac86616030
8953,102,747,cdls,0x5eac86616030
8954,57,624,cdls,0x5eac86616030
8955,126,813,cdls,0x5eac86616030
8956,54,756,cdls,0x5eac86616030
8957,114,930,cdls,0x5eac86616030
8958,48,759,cdls,0x5eac86616030
8959,114,1203,cdls,0x5eac86616030
8960,105,882,cdls,0x5eac86616030
8961,66,735,cdls,0x5eac86616030
8962,96,882,cdls,0x5eac86616030
8963,69,759,cdls,0x5eac86616030
8964,60,1002,cdls,0x5eac86616030
8965,72,846,cdls,0x5eac86616030
8966,114,624,cdls,0x5eac86616030
8967,48,717,cdls,0x5eac86616030
8968,72,879,cdls,0x5eac86616030
8969,102,690,cdls,0x5eac86616030
8970,123,930,cdls,0x5eac86616030
8971,75,630,cdls,0x5eac86616030
8972,33,537,cdls,0x5eac86616030
8973,72,573,cdls,0x5eac86616030
8974,69,726,cdls,0x5eac86616030
8975,72,717,cdls,0x5eac86616030
8976,72,513,cdls,0x5eac86616030
8977,78,540,cdls,0x5eac86616030
8978,60,669,cdls,0x5eac86616030
8979,39,480,cdls,0x5eac86616030
8980,84,678,cdls,0x5eac86616030
8981,87,621,cdls,0x5eac86616030
8982,93,375,cdls,0x5eac86616030
8983,36,600,cdls,0x5eac86616030
8984,57,597,cdls,0x5eac86616030
8985,111,477,cdls,0x5eac86616030
8986,147,438,cdls,0x5eac86616030
8987,69,600,cdls,0x5eac86616030
8988,84,447,cdls,0x5eac86616030
8989,96,522,cdls,0x5eac86616030
8990,69,495,cdls,0x5eac86616030
8991,72,444,cdls,0x5eac86616030
8992,81,732,cdls,0x5eac86616030
8993,99,612,cdls,0x5eac86616030
8994,138,660,cdls,0x5eac86616030
8995,96,630,cdls,0x5eac86616030
8996,147,498,cdls,0x5eac86616030
8997,114,900,cdls,0x5eac86616030
8998,78,795,cdls,0x5eac86616030
8999,84,666,cdls,0x5eac86616030
9000,45,507,cdls,0x5eac86616030
9001,72,924,cdls,0x5eac86616030
9002,87,744,cdls,0x5eac86616030
9003,75,585,cdls,0x5eac86616030
9004,108,705,cdls,0x5eac86616030
9005,57,753,cdls,0x5eac86616030
9006,36,744,cdls,0x5eac86616030
9007,39,696,cdls,0x5eac86616030
9008,60,693,cdls,0x5eac86616030
9009,78,621,cdls,0x5eac86616030
9010,51,654,cdls,0x5eac86616030
9011,39,627,cdls,0x5eac86616030
9012,87,648,cdls,0x5eac86616030
9013,90,846,cdls,0x5eac86616030
9014,54,726,cdls,0x5eac86616030
9015,93,813,cdls,0x5eac86616030
9016,42,792,cdls,0x5eac86616030
9017,108,1119,cdls,0x5eac86616030
9018,117,807,cdls,0x5eac86616030
9019,114,1155,cdls,0x5eac86616030
9020,75,813,cdls,0x5eac86616030
9021,96,687,cdls,0x5eac86616030
9022,57,531,cdls,0x5eac86616030
9023,132,870,cdls,0x5eac86616030
9024,87,876,cdls,0x5eac86616030
9025,69,543,cdls,0x5eac86616030
9026,60,747,cdls,0x5eac86616030
9027,45,519,cdls,0x5eac86616030
9028,60,621,cdls,0x5eac86616030
9029,72,507,cdls,0x5eac86616030
9030,126,393,cdls,0x5eac86616030
9031,90,363,cdls,0x5eac86616030
9032,111,432,cdls,0x5eac86616030
9033,69,435,cdls,0x5eac86616030
9034,57,639,cdls,0x5eac86616030
9035,111,468,cdls,0x5eac86616030
9036,90,648,cdls,0x5eac86616030
9037,81,450,cdls,0x5eac86616030
9038,54,450,cdls,0x5eac86616030
9039,117,297,cdls,0x5eac86616030
9040,51,198,cdls,0x5eac86616030
9041,72,279,cdls,0x5eac86616030
9042,36,141,cdls,0x5eac86616030
9043,132,522,cdls,0x5eac86616030
9044,54,579,cdls,0x5eac86616030
9045,81,504,cdls,0x5eac86616030
9046,51,360,cdls,0x5eac86616030
9047,78,594,cdls,0x5eac86616030
9048,87,834,cdls,0x5eac86616030
9049,54,504,cdls,0x5eac86616030
9050,159,933,cdls,0x5eac86616030
9051,57,453,cdls,0x5eac86616030
9052,63,645,cdls,0x5eac86616030
9053,150,669,cdls,0x5eac86616030
9054,84,483,cdls,0x5eac86616030
9055,48,696,cdls,0x5eac86616030
9056,72,723,cdls,0x5eac86616030
9057,99,720,cdls,0x5eac86616030
9058,75,684,cdls,0x5eac86616030
9059,57,633,cdls,0x5eac86616030
9060,54,687,cdls,0x5eac86616030
9061,54,570,cdls,0x5eac86616030
9062,81,441,cdls,0x5eac86616030
9063,87,585,cdls,0x5eac86616030
9064,60,486,cdls,0x5eac86616030
9065,72,567,cdls,0x5eac86616030
9066,102,447,cdls,0x5eac86616030
9067,99,612,cdls,0x5eac86616030
9068,120,726,cdls,0x5eac86616030
9069,75,666,cdls,0x5eac86616030
9070,78,792,cdls,0x5eac86616030
9071,69,540,cdls,0x5eac86616030
9072,102,423,cdls,0x5eac86616030
9073,114,621,cdls,0x5eac86616030
9074,90,681,cdls,0x5eac86616030
9075,69,516,cdls,0x5eac86616030
9076,135,507,cdls,0x5eac86616030
9077,99,519,cdls,0x5eac86616030
9078,72,543,cdls,0x5eac86616030
9079,63,753,cdls,0x5eac86616030
9080,72,831,cdls,0x5eac86616030
9081,75,1017,cdls,0x5eac86616030
9082,60,498,cdls,0x5eac86616030
9083,45,585,cdls,0x5eac86616030
9084,63,732,cdls,0x5eac86616030
9085,69,816,cdls,0x5eac86616030
9086,93,945,cdls,0x5eac86616030
9087,66,831,cdls,0x5eac86616030
9088,93,669,cdls,0x5eac86616030
9089,54,684,cdls,0x5eac86616030
9090,48,642,cdls,0x5eac86616030
9091,63,978,cdls,0x5eac86616030
9092,63,876,cdls,0x5eac86616030
9093,84,1041,cdls,0x5eac86616030
9094,162,1077,cdls,0x5eac86616030
9095,30,624,cdls,0x5eac86616030
9096,60,930,cdls,0x5eac86616030
9097,114,744,cdls,0x5eac86616030
9098,90,660,cdls,0x5eac86616030
9099,81,438,cdls,0x5eac86616030
9100,111,597,cdls,0x5eac86616030
9101,36,354,cdls,0x5eac86616030
9102,90,501,cdls,0x5eac86616030
9103,30,108,cdls,0x5eac86616030
9104,63,819,cdls,0x5eac86616030
9105,72,834,cdls,0x5eac86616030
9106,66,744,cdls,0x5eac86616030
9107,48,786,cdls,0x5eac86616030
9108,54,669,cdls,0x5eac86616030
9109,81,672,cdls,0x5eac86616030
9110,87,933,cdls,0x5eac86616030
9111,63,957,cdls,0x5eac86616030
9112,111,441,cdls,0x5eac86616030
9113,108,750,cdls,0x5eac86616030
9114,99,393,cdls,0x5eac86616030
9115,72,696,cdls,0x5eac86616030
9116,72,678,cdls,0x5eac86616030
9117,93,1056,cdls,0x5eac86616030
9118,81,714,cdls,0x5eac86616030
9119,60,663,cdls,0x5eac86616030
9120,66,600,cdls,0x5eac86616030
9121,90,882,cdls,0x5eac86616030
9122,96,843,cdls,0x5eac86616030
9123,51,735,cdls,0x5eac86616030
9124,69,555,cdls,0x5eac86616030
9125,63,816,cdls,0x5eac86616030
9126,93,663,cdls,0x5eac86616030
9127,147,1374,cdls,0x5eac86616030
9128,102,927,cdls,0x5eac86616030
9129,45,453,cdls,0x5eac86616030
9130,63,546,cdls,0x5eac86616030
9131,75,510,cdls,0x5eac86616030
9132,75,594,cdls,0x5eac86616030
9133,57,483,cdls,0x5eac86616030
9134,75,501,cdls,0x5eac86616030
9135,72,786,cdls,0x5eac86616030
9136,81,663,cdls,0x5eac86616030
9137,84,885,cdls,0x5eac86616030
9138,45,687,cdls,0x5eac86616030
9139,102,858,cdls,0x5eac86616030
9140,57,705,cdls,0x5eac86616030
9141,51,741,cdls,0x5eac86616030
9142,57,585,cdls,0x5eac86616030
9143,51,894,cdls,0x5eac86616030
9144,72,870,cdls,0x5eac86616030
9145,30,669,cdls,0x5eac86616030
9146,39,609,cdls,0x5eac86616030
9147,60,966,cdls,0x5eac86616030
9148,33,747,cdls,0x5eac86616030
9149,111,792,cdls,0x5eac86616030
9150,102,945,cdls,0x5eac86616030
9151,57,678,cdls,0x5eac86616030
9152,93,789,cdls,0x5eac86616030
9153,39,666,cdls,0x5eac86616030
9154,66,576,cdls,0x5eac86616030
9155,117,495,cdls,0x5eac86616030
9156,60,504,cdls,0x5eac86616030
9157,57,723,cdls,0x5eac86616030
9158,123,606,cdls,0x5eac86616030
9159,129,615,cdls,0x5eac86616030
9160,78,594,cdls,0x5eac86616030
9161,99,861,cdls,0x5eac86616030
9162,108,1041,cdls,0x5eac86616030
9163,60,813,cdls,0x5eac86616030
9164,48,645,cdls,0x5eac86616030
9165,90,873,cdls,0x5eac86616030
9166,63,603,cdls,0x5eac86616030
9167,75,477,cdls,0x5eac86616030
9168,123,612,cdls,0x5eac86616030
9169,60,411,cdls,0x5eac86616030
9170,51,750,cdls,0x5eac86616030
9171,78,705,cdls,0x5eac86616030
9172,96,561,cdls,0x5eac86616030
9173,132,936,cdls,0x5eac86616030
9174,51,882,cdls,0x5eac86616030
9175,75,858,cdls,0x5eac86616030
9176,114,909,cdls,0x5eac86616030
9177,147,1224,cdls,0x5eac86616030
9178,162,1365,cdls,0x5eac86616030
9179,96,1269,cdls,0x5eac86616030
9180,222,1854,cdls,0x5eac86616030
9181,99,1170,cdls,0x5eac86616030
9182,114,1512,cdls,0x5eac86616030
9183,84,969,cdls,0x5eac86616030
9184,69,753,cdls,0x5eac86616030
9185,144,1458,cdls,0x5eac86616030
9186,117,1443,cdls,0x5eac86616030
9187,84,822,cdls,0x5eac86616030
9188,75,1065,cdls,0x5eac86616030
9189,66,615,cdls,0x5eac86616030
9190,87,954,cdls,0x5eac86616030
9191,66,597,cdls,0x5eac86616030
9192,84,1041,cdls,0x5eac86616030
9193,102,1344,cdls,0x5eac86616030
9194,99,1293,cdls,0x5eac86616030
9195,102,960,cdls,0x5eac86616030
9196,30,780,cdls,0x5eac86616030
9197,75,942,cdls,0x5eac86616030
9198,99,915,cdls,0x5eac86616030
9199,108,900,cdls,0x5eac86616030
9200,63,801,cdls,0x5eac86616030
9201,93,465,cdls,0x5eac86616030
9202,54,780,cdls,0x5eac86616030
9203,126,411,cdls,0x5eac86616030
9204,90,504,cdls,0x5eac86616030
9205,90,789,cdls,0x5eac86616030
9206,54,444,cdls,0x5eac86616030
9207,48,894,cdls,0x5eac86616030
9208,72,702,cdls,0x5eac86616030
9209,60,585,cdls,0x5eac86616030
9210,99,879,cdls,0x5eac86616030
9211,75,885,cdls,0x5eac86616030
9212,126,1011,cdls,0x5eac86616030
9213,78,594,cdls,0x5eac86616030
9214,90,660,cdls,0x5eac86616030
9215,108,606,cdls,0x5eac86616030
9216,129,537,cdls,0x5eac86616030
9217,78,588,cdls,0x5eac86616030
9218,45,783,cdls,0x5eac86616030
9219,84,570,cdls,0x5eac86616030
9220,45,783,cdls,0x5eac86616030
9221,42,735,cdls,0x5eac86616030
9222,72,510,cdls,0x5eac86616030
9223,75,543,cdls,0x5eac86616030
9224,36,498,cdls,0x5eac86616030
9225,84,906,cdls,0x5eac86616030
9226,60,906,cdls,0x5eac86616030
9227,105,993,cdls,0x5eac86616030
9228,75,873,cdls,0x5eac86616030
9229,66,564,cdls,0x5eac86616030
9230,75,858,cdls,0x5eac86616030
9231,81,684,cdls,0x5eac86616030
9232,105,753,cdls,0x5eac86616030
9233,66,1092,cdls,0x5eac86616030
9234,75,873,cdls,0x5eac86616030
9235,93,792,cdls,0x5eac86616030
9236,57,567,cdls,0x5eac86616030
9237,51,873,cdls,0x5eac86616030
9238,51,627,cdls,0x5eac86616030
9239,51,684,cdls,0x5eac86616030
9240,54,744,cdls,0x5eac86616030
9241,108,750,cdls,0x5eac86616030
9242,105,654,cdls,0x5eac86616030
9243,57,630,cdls,0x5eac86616030
9244,69,588,cdls,0x5eac86616030
9245,108,990,cdls,0x5eac86616030
9246,144,1242,cdls,0x5eac86616030
9247,81,801,cdls,0x5eac86616030
9248,90,693,cdls,0x5eac86616030
9249,69,645,cdls,0x5eac86616030
9250,72,651,cdls,0x5eac86616030
9251,129,828,cdls,0x5eac86616030
9252,126,615,cdls,0x5eac86616030
9253,117,1056,cdls,0x5eac86616030
9254,78,1248,cdls,0x5eac86616030
9255,81,603,cdls,0x5eac86616030
9256,81,708,cdls,0x5eac86616030
9257,102,555,cdls,0x5eac86616030
9258,102,585,cdls,0x5eac86616030
9259,84,654,cdls,0x5eac86616030
9260,57,843,cdls,0x5eac86616030
9261,57,447,cdls,0x5eac86616030
9262,54,660,cdls,0x5eac86616030
9263,90,408,cdls,0x5eac86616030
9264,42,618,cdls,0x5eac86616030
9265,84,555,cdls,0x5eac86616030
9266,66,648,cdls,0x5eac86616030
9267,63,612,cdls,0x5eac86616030
9268,75,564,cdls,0x5eac86616030
9269,66,732,cdls,0x5eac86616030
9270,105,1287,cdls,0x5eac86616030
9271,63,765,cdls,0x5eac86616030
9272,69,675,cdls,0x5eac86616030
9273,57,480,cdls,0x5eac86616030
9274,54,618,cdls,0x5eac86616030
9275,45,747,cdls,0x5eac86616030
9276,102,465,cdls,0x5eac86616030
9277,90,639,cdls,0x5eac86616030
9278,108,1053,cdls,0x5eac86616030
9279,78,1128,cdls,0x5eac86616030
9280,78,678,cdls,0x5eac86616030
9281,57,525,cdls,0x5eac86616030
9282,72,762,cdls,0x5eac86616030
9283,81,795,cdls,0x5eac86616030
9284,132,621,cdls,0x5eac86616030
9285,48,531,cdls,0x5eac86616030
9286,45,756,cdls,0x5eac86616030
9287,75,1065,cdls,0x5eac86616030
9288,78,1104,cdls,0x5eac86616030
9289,69,939,cdls,0x5eac86616030
9290,132,801,cdls,0x5eac86616030
9291,57,711,cdls,0x5eac86616030
9292,33,843,cdls,0x5eac86616030
9293,78,1164,cdls,0x5eac86616030
9294,57,711,cdls,0x5eac86616030
9295,69,915,cdls,0x5eac86616030
9296,114,1212,cdls,0x5eac86616030
9297,66,801,cdls,0x5eac86616030
9298,75,885,cdls,0x5eac86616030
9299,48,657,cdls,0x5eac86616030
9300,84,717,cdls,0x5eac86616030
9301,81,789,cdls,0x5eac86616030
9302,84,996,cdls,0x5eac86616030
9303,93,1083,cdls,0x5eac86616030
9304,132,855,cdls,0x5eac86616030
9305,120,1233,cdls,0x5eac86616030
9306,114,1197,cdls,0x5eac86616030
9307,69,738,cdls,0x5eac86616030
9308,105,999,cdls,0x5eac86616030
9309,93,939,cdls,0x5eac86616030
9310,75,993,cdls,0x5eac86616030
9311,117,1395,cdls,0x5eac86616030
9312,117,1116,cdls,0x5eac86616030
9313,135,1329,cdls,0x5eac86616030
9314,93,987,cdls,0x5eac86616030
9315,75,999,cdls,0x5eac86616030
9316,102,828,cdls,0x5eac86616030
9317,129,1098,cdls,0x5eac86616030
9318,105,981,cdls,0x5eac86616030
9319,84,915,cdls,0x5eac86616030
9320,72,879,cdls,0x5eac86616030
9321,102,618,cdls,0x5eac86616030
9322,63,687,cdls,0x5eac86616030
9323,159,732,cdls,0x5eac86616030
9324,75,708,cdls,0x5eac86616030
9325,60,726,cdls,0x5eac86616030
9326,78,828,cdls,0x5eac86616030
9327,81,864,cdls,0x5eac86616030
9328,60,1029,cdls,0x5eac86616030
9329,129,1104,cdls,0x5eac86616030
9330,96,1113,cdls,0x5eac86616030
9331,84,930,cdls,0x5eac86616030
9332,87,1239,cdls,0x5eac86616030
9333,102,1116,cdls,0x5eac86616030
9334,99,1137,cdls,0x5eac86616030
9335,45,711,cdls,0x5eac86616030
9336,75,1017,cdls,0x5eac86616030
9337,93,741,cdls,0x5eac86616030
9338,102,474,cdls,0x5eac86616030
9339,63,903,cdls,0x5eac86616030
9340,57,687,cdls,0x5eac86616030
9341,87,903,cdls,0x5eac86616030
9342,66,828,cdls,0x5eac86616030
9343,102,651,cdls,0x5eac86616030
9344,57,444,cdls,0x5eac86616030
9345,72,771,cdls,0x5eac86616030
9346,69,855,cdls,0x5eac86616030
9347,75,609,cdls,0x5eac86616030
9348,45,573,cdls,0x5eac86616030
9349,87,777,cdls,0x5eac86616030
9350,69,441,cdls,0x5eac86616030
9351,87,684,cdls,0x5eac86616030
9352,102,561,cdls,0x5eac86616030
9353,78,1008,cdls,0x5eac86616030
9354,123,1545,cdls,0x5eac86616030
9355,63,939,cdls,0x5eac86616030
9356,150,1227,cdls,0x5eac86616030
9357,108,762,cdls,0x5eac86616030
9358,72,876,cdls,0x5eac86616030
9359,66,684,cdls,0x5eac86616030
9360,60,1014,cdls,0x5eac86616030
9361,63,708,cdls,0x5eac86616030
9362,87,861,cdls,0x5eac86616030
9363,42,645,cdls,0x5eac86616030
9364,90,1248,cdls,0x5eac86616030
9365,75,687,cdls,0x5eac86616030
9366,75,669,cdls,0x5eac86616030
9367,135,729,cdls,0x5eac86616030
9368,144,1293,cdls,0x5eac86616030
9369,75,723,cdls,0x5eac86616030
9370,84,666,cdls,0x5eac86616030
9371,87,882,cdls,0x5eac86616030
9372,102,981,cdls,0x5eac86616030
9373,66,726,cdls,0x5eac86616030
9374,45,891,cdls,0x5eac86616030
9375,72,654,cdls,0x5eac86616030
9376,84,483,cdls,0x5eac86616030
9377,60,978,cdls,0x5eac86616030
9378,69,819,cdls,0x5eac86616030
9379,90,984,cdls,0x5eac86616030
9380,69,915,cdls,0x5eac86616030
9381,63,615,cdls,0x5eac86616030
9382,102,876,cdls,0x5eac86616030
9383,99,1035,cdls,0x5eac86616030
9384,75,927,cdls,0x5eac86616030
9385,66,426,cdls,0x5eac86616030
9386,57,564,cdls,0x5eac86616030
9387,99,609,cdls,0x5eac86616030
9388,60,423,cdls,0x5eac86616030
9389,72,582,cdls,0x5eac86616030
9390,87,555,cdls,0x5eac86616030
9391,72,834,cdls,0x5eac86616030
9392,60,693,cdls,0x5eac86616030
9393,57,807,cdls,0x5eac86616030
9394,90,933,cdls,0x5eac86616030
9395,63,615,cdls,0x5eac86616030
9396,48,735,cdls,0x5eac86616030
9397,75,873,cdls,0x5eac86616030
9398,57,747,cdls,0x5eac86616030
9399,48,756,cdls,0x5eac86616030
9400,75,726,cdls,0x5eac86616030
9401,75,585,cdls,0x5eac86616030
9402,93,531,cdls,0x5eac86616030
9403,54,513,cdls,0x5eac86616030
9404,45,699,cdls,0x5eac86616030
9405,117,522,cdls,0x5eac86616030
9406,123,426,cdls,0x5eac86616030
9407,54,585,cdls,0x5eac86616030
9408,54,672,cdls,0x5eac86616030
9409,57,402,cdls,0x5eac86616030
9410,111,408,cdls,0x5eac86616030
9411,84,528,cdls,0x5eac86616030
9412,96,675,cdls,0x5eac86616030
9413,60,753,cdls,0x5eac86616030
9414,60,549,cdls,0x5eac86616030
9415,69,639,cdls,0x5eac86616030
9416,90,540,cdls,0x5eac86616030
9417,75,549,cdls,0x5eac86616030
9418,90,801,cdls,0x5eac86616030
9419,84,711,cdls,0x5eac86616030
9420,102,1050,cdls,0x5eac86616030
9421,93,891,cdls,0x5eac86616030
9422,99,828,cdls,0x5eac86616030
9423,129,990,cdls,0x5eac86616030
9424,117,1125,cdls,0x5eac86616030
9425,123,732,cdls,0x5eac86616030
9426,111,1179,cdls,0x5eac86616030
9427,174,1275,cdls,0x5eac86616030
9428,156,1260,cdls,0x5eac86616030
9429,99,1239,cdls,0x5eac86616030
9430,108,930,cdls,0x5eac86616030
9431,63,981,cdls,0x5eac86616030
9432,54,795,cdls,0x5eac86616030
9433,156,1143,cdls,0x5eac86616030
9434,108,1149,cdls,0x5eac86616030
9435,63,738,cdls,0x5eac86616030
9436,81,786,cdls,0x5eac86616030
9437,129,1017,cdls,0x5eac86616030
9438,108,1230,cdls,0x5eac86616030
9439,87,1287,cdls,0x5eac86616030
9440,126,1002,cdls,0x5eac86616030
9441,132,1302,cdls,0x5eac86616030
9442,135,966,cdls,0x5eac86616030
9443,114,1254,cdls,0x5eac86616030
9444,147,1404,cdls,0x5eac86616030
9445,69,1086,cdls,0x5eac86616030
9446,129,1089,cdls,0x5eac86616030
9447,165,1344,cdls,0x5eac86616030
9448,123,1572,cdls,0x5eac86616030
9449,108,1377,cdls,0x5eac86616030
9450,105,1227,cdls,0x5eac86616030
9451,144,1404,cdls,0x5eac86616030
9452,255,1656,cdls,0x5eac86616030
9453,90,717,cdls,0x5eac86616030
9454,129,726,cdls,0x5eac86616030
9455,108,1188,cdls,0x5eac86616030
9456,117,1209,cdls,0x5eac86616030
9457,51,522,cdls,0x5eac86616030
9458,96,1023,cdls,0x5eac86616030
9459,141,708,cdls,0x5eac86616030
9460,66,564,cdls,0x5eac86616030
9461,168,906,cdls,0x5eac86616030
9462,72,729,cdls,0x5eac86616030
9463,99,1086,cdls,0x5eac86616030
9464,120,1290,cdls,0x5eac86616030
9465,198,1101,cdls,0x5eac86616030
9466,141,1494,cdls,0x5eac86616030
9467,183,1407,cdls,0x5eac86616030
9468,114,1092,cdls,0x5eac86616030
9469,156,987,cdls,0x5eac86616030
9470,96,1443,cdls,0x5eac86616030
9471,111,984,cdls,0x5eac86616030
9472,129,984,cdls,0x5eac86616030
9473,171,1119,cdls,0x5eac86616030
9474,144,1026,cdls,0x5eac86616030
9475,84,951,cdls,0x5eac86616030
9476,129,1074,cdls,0x5eac86616030
9477,84,942,cdls,0x5eac86616030
9478,177,1374,cdls,0x5eac86616030
9479,162,1254,cdls,0x5eac86616030
9480,129,1248,cdls,0x5eac86616030
9481,78,627,cdls,0x5eac86616030
9482,108,747,cdls,0x5eac86616030
9483,90,876,cdls,0x5eac86616030
9484,93,792,cdls,0x5eac86616030
9485,72,573,cdls,0x5eac86616030
9486,78,942,cdls,0x5eac86616030
9487,99,891,cdls,0x5eac86616030
9488,93,1080,cdls,0x5eac86616030
9489,123,735,cdls,0x5eac86616030
9490,81,720,cdls,0x5eac86616030
9491,54,663,cdls,0x5eac86616030
9492,42,687,cdls,0x5eac86616030
9493,114,1026,cdls,0x5eac86616030
9494,57,858,cdls,0x5eac86616030
9495,60,1017,cdls,0x5eac86616030
9496,81,849,cdls,0x5eac86616030
9497,114,891,cdls,0x5eac86616030
9498,108,759,cdls,0x5eac86616030
9499,138,957,cdls,0x5eac86616030
9500,135,861,cdls,0x5eac86616030
9501,87,999,cdls,0x5eac86616030
9502,84,960,cdls,0x5eac86616030
9503,60,807,cdls,0x5eac86616030
9504,108,1152,cdls,0x5eac86616030
9505,90,984,cdls,0x5eac86616030
9506,120,1020,cdls,0x5eac86616030
9507,150,1173,cdls,0x5eac86616030
9508,108,1095,cdls,0x5eac86616030
9509,165,1368,cdls,0x5eac86616030
9510,96,864,cdls,0x5eac86616030
9511,147,1089,cdls,0x5eac86616030
9512,69,963,cdls,0x5eac86616030
9513,90,933,cdls,0x5eac86616030
9514,165,990,cdls,0x5eac86616030
9515,177,1023,cdls,0x5eac86616030
9516,132,870,cdls,0x5eac86616030
9517,105,858,cdls,0x5eac86616030
9518,126,1092,cdls,0x5eac86616030
9519,42,1035,cdls,0x5eac86616030
9520,123,1125,cdls,0x5eac86616030
9521,189,837,cdls,0x5eac86616030
9522,96,573,cdls,0x5eac86616030
9523,105,639,cdls,0x5eac86616030
9524,90,861,cdls,0x5eac86616030
9525,108,828,cdls,0x5eac86616030
9526,111,684,cdls,0x5eac86616030
9527,114,933,cdls,0x5eac86616030
9528,87,945,cdls,0x5eac86616030
9529,111,771,cdls,0x5eac86616030
9530,57,852,cdls,0x5eac86616030
9531,96,1233,cdls,0x5eac86616030
9532,84,990,cdls,0x5eac86616030
9533,120,1089,cdls,0x5eac86616030
9534,165,1404,cdls,0x5eac86616030
9535,153,1500,cdls,0x5eac86616030
9536,99,987,cdls,0x5eac86616030
9537,111,987,cdls,0x5eac86616030
9538,120,1125,cdls,0x5eac86616030
9539,144,903,cdls,0x5eac86616030
9540,153,1092,cdls,0x5eac86616030
9541,183,1443,cdls,0x5eac86616030
9542,93,1347,cdls,0x5eac86616030
9543,162,1107,cdls,0x5eac86616030
9544,105,693,cdls,0x5eac86616030
9545,66,1272,cdls,0x5eac86616030
9546,162,1362,cdls,0x5eac86616030
9547,135,993,cdls,0x5eac86616030
9548,84,963,cdls,0x5eac86616030
9549,114,1572,cdls,0x5eac86616030
9550,81,1455,cdls,0x5eac86616030
9551,129,1491,cdls,0x5eac86616030
9552,84,1170,cdls,0x5eac86616030
9553,108,963,cdls,0x5eac86616030
9554,90,1440,cdls,0x5eac86616030
9555,90,723,cdls,0x5eac86616030
9556,42,762,cdls,0x5eac86616030
9557,57,795,cdls,0x5eac86616030
9558,87,813,cdls,0x5eac86616030
9559,69,720,cdls,0x5eac86616030
9560,126,981,cdls,0x5eac86616030
9561,123,1533,cdls,0x5eac86616030
9562,78,1164,cdls,0x5eac86616030
9563,144,1425,cdls,0x5eac86616030
9564,156,1320,cdls,0x5eac86616030
9565,93,1443,cdls,0x5eac86616030
9566,114,1296,cdls,0x5eac86616030
9567,99,1533,cdls,0x5eac86616030
9568,165,1587,cdls,0x5eac86616030
9569,120,1206,cdls,0x5eac86616030
9570,123,1146,cdls,0x5eac86616030
9571,84,777,cdls,0x5eac86616030
9572,102,1164,cdls,0x5eac86616030
9573,99,645,cdls,0x5eac86616030
9574,105,1164,cdls,0x5eac86616030
9575,75,969,cdls,0x5eac86616030
9576,39,972,cdls,0x5eac86616030
9577,141,1203,cdls,0x5eac86616030
9578,129,1359,cdls,0x5eac86616030
9579,156,1326,cdls,0x5eac86616030
9580,99,1077,cdls,0x5eac86616030
9581,120,846,cdls,0x5eac86616030
9582,168,990,cdls,0x5eac86616030
9583,267,1392,cdls,0x5eac86616030
9584,180,1146,cdls,0x5eac86616030
9585,162,1683,cdls,0x5eac86616030
9586,156,1713,cdls,0x5eac86616030
9587,138,1287,cdls,0x5eac86616030
9588,129,1296,cdls,0x5eac86616030
9589,225,1092,cdls,0x5eac86616030
9590,207,1797,cdls,0x5eac86616030
9591,204,1176,cdls,0x5eac86616030
9592,147,1470,cdls,0x5eac86616030
9593,105,1074,cdls,0x5eac86616030
9594,144,1743,cdls,0x5eac86616030
9595,138,861,cdls,0x5eac86616030
9596,135,771,cdls,0x5eac86616030
9597,174,693,cdls,0x5eac86616030
9598,96,966,cdls,0x5eac86616030
9599,132,600,cdls,0x5eac86616030
9600,99,861,cdls,0x5eac86616030
9601,150,990,cdls,0x5eac86616030
9602,183,1413,cdls,0x5eac86616030
9603,162,1428,cdls,0x5eac86616030
9604,177,1014,cdls,0x5eac86616030
9605,120,1227,cdls,0x5eac86616030
9606,84,951,cdls,0x5eac86616030
9607,75,1365,cdls,0x5eac86616030
9608,117,1131,cdls,0x5eac86616030
9609,42,492,cdls,0x5eac86616030
9610,66,414,cdls,0x5eac86616030
9611,114,738,cdls,0x5eac86616030
9612,57,597,cdls,0x5eac86616030
9613,105,1104,cdls,0x5eac86616030
9614,96,954,cdls,0x5eac86616030
9615,75,615,cdls,0x5eac86616030
9616,93,753,cdls,0x5eac86616030
9617,135,993,cdls,0x5eac86616030
9618,102,1227,cdls,0x5eac86616030
9619,96,888,cdls,0x5eac86616030
9620,51,654,cdls,0x5eac86616030
9621,147,810,cdls,0x5eac86616030
9622,174,1008,cdls,0x5eac86616030
9623,135,837,cdls,0x5eac86616030
9624,117,642,cdls,0x5eac86616030
9625,114,1344,cdls,0x5eac86616030
9626,237,1758,cdls,0x5eac86616030
9627,159,1356,cdls,0x5eac86616030
9628,135,1242,cdls,0x5eac86616030
9629,87,1320,cdls,0x5eac86616030
9630,75,1029,cdls,0x5eac86616030
9631,111,1017,cdls,0x5eac86616030
9632,117,1302,cdls,0x5eac86616030
9633,138,1140,cdls,0x5eac86616030
9634,126,1182,cdls,0x5eac86616030
9635,168,1020,cdls,0x5eac86616030
9636,90,765,cdls,0x5eac86616030
9637,78,717,cdls,0x5eac86616030
9638,96,672,cdls,0x5eac86616030
9639,93,723,cdls,0x5eac86616030
9640,111,945,cdls,0x5eac86616030
9641,204,1440,cdls,0x5eac86616030
9642,174,1194,cdls,0x5eac86616030
9643,138,927,cdls,0x5eac86616030
9644,138,1044,cdls,0x5eac86616030
9645,126,1107,cdls,0x5eac86616030
9646,102,1143,cdls,0x5eac86616030
9647,117,1056,cdls,0x5eac86616030
9648,144,1860,cdls,0x5eac86616030
9649,87,1293,cdls,0x5eac86616030
9650,150,1473,cdls,0x5eac86616030
9651,186,1287,cdls,0x5eac86616030
9652,192,1644,cdls,0x5eac86616030
9653,162,1017,cdls,0x5eac86616030
9654,141,1005,cdls,0x5eac86616030
9655,183,1110,cdls,0x5eac86616030
9656,168,1017,cdls,0x5eac86616030
9657,135,1404,cdls,0x5eac86616030
9658,159,1266,cdls,0x5eac86616030
9659,138,1716,cdls,0x5eac86616030
9660,102,1332,cdls,0x5eac86616030
9661,117,1038,cdls,0x5eac86616030
9662,111,915,cdls,0x5eac86616030
9663,138,1851,cdls,0x5eac86616030
9664,141,1431,cdls,0x5eac86616030
9665,216,2034,cdls,0x5eac86616030
9666,141,1647,cdls,0x5eac86616030
9667,120,1710,cdls,0x5eac86616030
9668,210,1767,cdls,0x5eac86616030
9669,216,2358,cdls,0x5eac86616030
9670,90,1176,cdls,0x5eac86616030
9671,120,987,cdls,0x5eac86616030
9672,111,1185,cdls,0x5eac86616030
9673,174,1524,cdls,0x5eac86616030
9674,222,2052,cdls,0x5eac86616030
9675,144,1917,cdls,0x5eac86616030
9676,264,2553,cdls,0x5eac86616030
9677,192,2049,cdls,0x5eac86616030
9678,153,1005,cdls,0x5eac86616030
9679,192,2034,cdls,0x5eac86616030
9680,126,1149,cdls,0x5eac86616030
9681,207,1320,cdls,0x5eac86616030
9682,111,942,cdls,0x5eac86616030
9683,168,1734,cdls,0x5eac86616030
9684,171,1071,cdls,0x5eac86616030
9685,186,1851,cdls,0x5eac86616030
9686,153,1413,cdls,0x5eac86616030
9687,162,1551,cdls,0x5eac86616030
9688,303,2028,cdls,0x5eac86616030
9689,162,1308,cdls,0x5eac86616030
9690,123,1137,cdls,0x5eac86616030
9691,138,768,cdls,0x5eac86616030
9692,93,759,cdls,0x5eac86616030
9693,102,768,cdls,0x5eac86616030
9694,87,849,cdls,0x5eac86616030
9695,120,621,cdls,0x5eac86616030
9696,126,675,cdls,0x5eac86616030
9697,123,1290,cdls,0x5eac86616030
9698,165,1089,cdls,0x5eac86616030
9699,114,1059,cdls,0x5eac86616030
9700,153,1149,cdls,0x5eac86616030
9701,159,1293,cdls,0x5eac86616030
9702,156,1608,cdls,0x5eac86616030
9703,126,1251,cdls,0x5eac86616030
9704,192,1338,cdls,0x5eac86616030
9705,96,1110,cdls,0x5eac86616030
9706,126,1272,cdls,0x5eac86616030
9707,159,1167,cdls,0x5eac86616030
9708,90,912,cdls,0x5eac86616030
9709,117,984,cdls,0x5eac86616030
9710,138,885,cdls,0x5eac86616030
9711,105,903,cdls,0x5eac86616030
9712,132,858,cdls,0x5eac86616030
9713,78,711,cdls,0x5eac86616030
9714,96,957,cdls,0x5eac86616030
9715,63,549,cdls,0x5eac86616030
9716,99,738,cdls,0x5eac86616030
9717,102,699,cdls,0x5eac86616030
9718,141,855,cdls,0x5eac86616030
9719,93,891,cdls,0x5eac86616030
9720,78,762,cdls,0x5eac86616030
9721,195,1221,cdls,0x5eac86616030
9722,138,849,cdls,0x5eac86616030
9723,153,1275,cdls,0x5eac86616030
9724,108,948,cdls,0x5eac86616030
9725,189,1146,cdls,0x5eac86616030
9726,117,1116,cdls,0x5eac86616030
9727,132,963,cdls,0x5eac86616030
9728,120,975,cdls,0x5eac86616030
9729,147,1230,cdls,0x5eac86616030
9730,111,1263,cdls,0x5eac86616030
9731,219,1413,cdls,0x5eac86616030
9732,117,1599,cdls,0x5eac86616030
9733,99,909,cdls,0x5eac86616030
9734,156,1308,cdls,0x5eac86616030
9735,129,1026,cdls,0x5eac86616030
9736,87,891,cdls,0x5eac86616030
9737,99,567,cdls,0x5eac86616030
9738,93,465,cdls,0x5eac86616030
9739,90,801,cdls,0x5eac86616030
9740,105,771,cdls,0x5eac86616030
9741,54,684,cdls,0x5eac86616030
9742,129,429,cdls,0x5eac86616030
9743,63,810,cdls,0x5eac86616030
9744,72,627,cdls,0x5eac86616030
9745,159,1065,cdls,0x5eac86616030
9746,138,1044,cdls,0x5eac86616030
9747,126,813,cdls,0x5eac86616030
9748,60,813,cdls,0x5eac86616030
9749,111,1131,cdls,0x5eac86616030
9750,99,1074,cdls,0x5eac86616030
9751,93,1065,cdls,0x5eac86616030
9752,60,771,cdls,0x5eac86616030
9753,90,789,cdls,0x5eac86616030
9754,75,732,cdls,0x5eac86616030
9755,108,972,cdls,0x5eac86616030
9756,126,1128,cdls,0x5eac86616030
9757,99,648,cdls,0x5eac86616030
9758,54,993,cdls,0x5eac86616030
9759,60,723,cdls,0x5eac86616030
9760,75,765,cdls,0x5eac86616030
9761,150,1230,cdls,0x5eac86616030
9762,147,1170,cdls,0x5eac86616030
9763,108,1044,cdls,0x5eac86616030
9764,114,1434,cdls,0x5eac86616030
9765,129,1149,cdls,0x5eac86616030
9766,123,1017,cdls,0x5eac86616030
9767,114,1524,cdls,0x5eac86616030
9768,162,1647,cdls,0x5eac86616030
9769,132,1242,cdls,0x5eac86616030
9770,69,1059,cdls,0x5eac86616030
9771,69,726,cdls,0x5eac86616030
9772,42,732,cdls,0x5eac86616030
9773,156,1287,cdls,0x5eac86616030
9774,102,1236,cdls,0x5eac86616030
9775,132,1029,cdls,0x5eac86616030
9776,150,1488,cdls,0x5eac86616030
9777,78,1104,cdls,0x5eac86616030
9778,96,1077,cdls,0x5eac86616030
9779,39,165,cdls,0x5eac86616030
9780,129,1386,cdls,0x5eac86616030
9781,75,990,cdls,0x5eac86616030
9782,114,1344,cdls,0x5eac86616030
9783,75,1050,cdls,0x5eac86616030
9784,96,1188,cdls,0x5eac86616030
9785,198,1785,cdls,0x5eac86616030
9786,54,798,cdls,0x5eac86616030
9787,84,801,cdls,0x5eac86616030
9788,78,720,cdls,0x5eac86616030
9789,102,1128,cdls,0x5eac86616030
9790,147,1215,cdls,0x5eac86616030
9791,132,1191,cdls,0x5eac86616030
9792,90,1074,cdls,0x5eac86616030
9793,117,1455,cdls,0x5eac86616030
9794,93,1044,cdls,0x5eac86616030
9795,138,1413,cdls,0x5eac86616030
9796,162,1305,cdls,0x5eac86616030
9797,138,1098,cdls,0x5eac86616030
9798,87,1005,cdls,0x5eac86616030
9799,66,735,cdls,0x5eac86616030
9800,108,972,cdls,0x5eac86616030
9801,108,819,cdls,0x5eac86616030
9802,162,1452,cdls,0x5eac86616030
9803,141,1128,cdls,0x5eac86616030
9804,141,1104,cdls,0x5eac86616030
9805,102,732,cdls,0x5eac86616030
9806,120,867,cdls,0x5eac86616030
9807,129,936,cdls,0x5eac86616030
9808,162,1404,cdls,0x5eac86616030
9809,180,1329,cdls,0x5eac86616030
9810,234,1971,cdls,0x5eac86616030
9811,231,2469,cdls,0x5eac86616030
9812,228,2127,cdls,0x5eac86616030
9813,150,1338,cdls,0x5eac86616030
9814,141,2415,cdls,0x5eac86616030
9815,186,1440,cdls,0x5eac86616030
9816,162,1185,cdls,0x5eac86616030
9817,114,1311,cdls,0x5eac86616030
9818,174,2160,cdls,0x5eac86616030
9819,120,1410,cdls,0x5eac86616030
9820,183,1419,cdls,0x5eac86616030
9821,153,1302,cdls,0x5eac86616030
9822,105,936,cdls,0x5eac86616030
9823,84,576,cdls,0x5eac86616030
9824,111,915,cdls,0x5eac86616030
9825,117,1275,cdls,0x5eac86616030
9826,126,1125,cdls,0x5eac86616030
9827,174,1431,cdls,0x5eac86616030
9828,120,921,cdls,0x5eac86616030
9829,96,771,cdls,0x5eac86616030
9830,66,1104,cdls,0x5eac86616030
9831,84,1062,cdls,0x5eac86616030
9832,147,915,cdls,0x5eac86616030
9833,96,795,cdls,0x5eac86616030
9834,108,1482,cdls,0x5eac86616030
9835,156,1467,cdls,0x5eac86616030
9836,129,1083,cdls,0x5eac86616030
9837,129,1065,cdls,0x5eac86616030
9838,159,1605,cdls,0x5eac86616030
9839,126,1038,cdls,0x5eac86616030
9840,93,1221,cdls,0x5eac86616030
9841,162,1083,cdls,0x5eac86616030
9842,147,981,cdls,0x5eac86616030
9843,156,867,cdls,0x5eac86616030
9844,180,1725,cdls,0x5eac86616030
9845,120,1140,cdls,0x5eac86616030
9846,105,987,cdls,0x5eac86616030
9847,174,951,cdls,0x5eac86616030
9848,234,1761,cdls,0x5eac86616030
9849,114,1008,cdls,0x5eac86616030
9850,78,813,cdls,0x5eac86616030
9851,81,1203,cdls,0x5eac86616030
9852,75,849,cdls,0x5eac86616030
9853,69,768,cdls,0x5eac86616030
9854,66,933,cdls,0x5eac86616030
9855,96,867,cdls,0x5eac86616030
9856,126,1632,cdls,0x5eac86616030
9857,117,1119,cdls,0x5eac86616030
9858,147,777,cdls,0x5eac86616030
9859,96,924,cdls,0x5eac86616030
9860,159,1266,cdls,0x5eac86616030
9861,129,1437,cdls,0x5eac86616030
9862,81,993,cdls,0x5eac86616030
9863,108,1044,cdls,0x5eac86616030
9864,81,1080,cdls,0x5eac86616030
9865,174,1752,cdls,0x5eac86616030
9866,141,1341,cdls,0x5eac86616030
9867,81,1299,cdls,0x5eac86616030
9868,159,1509,cdls,0x5eac86616030
9869,168,1686,cdls,0x5eac86616030
9870,147,1302,cdls,0x5eac86616030
9871,117,1068,cdls,0x5eac86616030
9872,153,1398,cdls,0x5eac86616030
9873,102,1545,cdls,0x5eac86616030
9874,207,1911,cdls,0x5eac86616030
9875,144,1329,cdls,0x5eac86616030
9876,150,1512,cdls,0x5eac86616030
9877,255,1929,cdls,0x5eac86616030
9878,114,1884,cdls,0x5eac86616030
9879,147,1440,cdls,0x5eac86616030
9880,141,1632,cdls,0x5eac86616030
9881,174,1365,cdls,0x5eac86616030
9882,111,960,cdls,0x5eac86616030
9883,135,1008,cdls,0x5eac86616030
9884,111,1233,cdls,0x5eac86616030
9885,138,1533,cdls,0x5eac86616030
9886,162,1743,cdls,0x5eac86616030
9887,249,1680,cdls,0x5eac86616030
9888,156,1818,cdls,0x5eac86616030
9889,153,1359,cdls,0x5eac86616030
9890,129,846,cdls,0x5eac86616030
9891,165,1218,cdls,0x5eac86616030
9892,138,1362,cdls,0x5eac86616030
9893,93,780,cdls,0x5eac86616030
9894,132,1263,cdls,0x5eac86616030
9895,81,942,cdls,0x5eac86616030
9896,132,879,cdls,0x5eac86616030
9897,105,900,cdls,0x5eac86616030
9898,231,2025,cdls,0x5eac86616030
9899,180,1692,cdls,0x5eac86616030
9900,150,1245,cdls,0x5eac86616030
9901,123,1377,cdls,0x5eac86616030
9902,123,1212,cdls,0x5eac86616030
9903,159,1503,cdls,0x5eac86616030
9904,204,969,cdls,0x5eac86616030
9905,204,1458,cdls,0x5eac86616030
9906,117,1050,cdls,0x5eac86616030
9907,189,1422,cdls,0x5eac86616030
9908,123,1287,cdls,0x5eac86616030
9909,102,846,cdls,0x5eac86616030
9910,144,1434,cdls,0x5eac86616030
9911,120,1530,cdls,0x5eac86616030
9912,117,1170,cdls,0x5eac86616030
9913,189,1524,cdls,0x5eac86616030
9914,102,720,cdls,0x5eac86616030
9915,105,723,cdls,0x5eac86616030
9916,132,801,cdls,0x5eac86616030
9917,69,1254,cdls,0x5eac86616030
9918,177,1347,cdls,0x5eac86616030
9919,138,1038,cdls,0x5eac86616030
9920,93,1323,cdls,0x5eac86616030
9921,126,1176,cdls,0x5eac86616030
9922,108,789,cdls,0x5eac86616030
9923,108,942,cdls,0x5eac86616030
9924,108,561,cdls,0x5eac86616030
9925,135,930,cdls,0x5eac86616030
9926,57,546,cdls,0x5eac86616030
9927,81,885,cdls,0x5eac86616030
9928,102,1017,cdls,0x5eac86616030
9929,78,876,cdls,0x5eac86616030
9930,78,1056,cdls,0x5eac86616030
9931,150,1368,cdls,0x5eac86616030
9932,12,51,cdls,0x5eac86616030
9933,162,1302,cdls,0x5eac86616030
9934,159,1629,cdls,0x5eac86616030
9935,150,1473,cdls,0x5eac86616030
9936,279,1827,cdls,0x5eac86616030
9937,237,1644,cdls,0x5eac86616030
9938,144,1425,cdls,0x5eac86616030
9939,174,1779,cdls,0x5eac86616030
9940,135,1188,cdls,0x5eac86616030
9941,237,1665,cdls,0x5eac86616030
9942,246,1737,cdls,0x5eac86616030
9943,195,1737,cdls,0x5eac86616030
9944,264,2058,cdls,0x5eac86616030
9945,231,1677,cdls,0x5eac86616030
9946,195,2361,cdls,0x5eac86616030
9947,246,2067,cdls,0x5eac86616030
9948,161,2262,cdls,0x5eac86616030
9949,160,2101,cdls,0x5eac86616030
9950,138,1047,cdls,0x5eac86616030
9951,222,1824,cdls,0x5eac86616030
9952,153,1182,cdls,0x5eac86616030
9953,117,921,cdls,0x5eac86616030
9954,273,1089,cdls,0x5eac86616030
9955,270,1761,cdls,0x5eac86616030
9956,306,1872,cdls,0x5eac86616030
9957,267,1818,cdls,0x5eac86616030
9958,237,1863,cdls,0x5eac86616030
9959,225,1422,cdls,0x5eac86616030
9960,135,1611,cdls,0x5eac86616030
9961,141,1599,cdls,0x5eac86616030
9962,201,1758,cdls,0x5eac86616030
9963,213,1902,cdls,0x5eac86616030
9964,123,1008,cdls,0x5eac86616030
9965,165,1212,cdls,0x5eac86616030
9966,126,1176,cdls,0x5eac86616030
9967,207,1485,cdls,0x5eac86616030
9968,114,1074,cdls,0x5eac86616030
9969,123,1074,cdls,0x5eac86616030
9970,153,1491,cdls,0x5eac86616030
9971,162,1494,cdls,0x5eac86616030
9972,117,1248,cdls,0x5eac86616030
9973,117,1377,cdls,0x5eac86616030
9974,195,1500,cdls,0x5eac86616030
9975,231,1509,cdls,0x5eac86616030
9976,141,1572,cdls,0x5eac86616030
9977,150,1821,cdls,0x5eac86616030
9978,198,1689,cdls,0x5eac86616030
9979,195,1572,cdls,0x5eac86616030
9980,231,1344,cdls,0x5eac86616030
9981,255,1248,cdls,0x5eac86616030
9982,144,1518,cdls,0x5eac86616030
9983,210,1698,cdls,0x5eac86616030
9984,171,891,cdls,0x5eac86616030
9985,108,1107,cdls,0x5eac86616030
9986,231,1023,cdls,0x5eac86616030
9987,159,1422,cdls,0x5eac86616030
9988,123,1281,cdls,0x5eac86616030
9989,219,1743,cdls,0x5eac86616030
9990,216,1890,cdls,0x5eac86616030
9991,177,1950,cdls,0x5eac86616030
9992,144,1635,cdls,0x5eac86616030
9993,294,1341,cdls,0x5eac86616030
9994,161,2061,cdls,0x5eac86616030
9995,160,1900,cdls,0x5eac86616030
9996,213,1251,cdls,0x5eac86616030
9997,237,2055,cdls,0x5eac86616030
9998,210,1458,cdls,0x5eac86616030
9999,219,2493,cdls,0x5eac86616030
10000,249,2079,cdls,0x5eac86616030
10001,153,1956,cdls,0x5eac86616030
10002,183,1107,cdls,0x5eac86616030
10003,90,1308,cdls,0x5eac86616030
10004,129,1326,cdls,0x5eac86616030
10005,153,2259,cdls,0x5eac86616030
10006,255,2115,cdls,0x5eac86616030
10007,222,2208,cdls,0x5eac86616030
10008,195,2565,cdls,0x5eac86616030
10009,162,1857,cdls,0x5eac86616030
10010,198,1482,cdls,0x5eac86616030
10011,123,1407,cdls,0x5eac86616030
10012,108,1629,cdls,0x5eac86616030
10013,201,2028,cdls,0x5eac86616030
10014,150,1896,cdls,0x5eac86616030
10015,219,1266,cdls,0x5eac86616030
10016,315,1695,cdls,0x5eac86616030
10017,309,2676,cdls,0x5eac86616030
10018,279,1950,cdls,0x5eac86616030
10019,189,1995,cdls,0x5eac86616030
10020,189,1806,cdls,0x5eac86616030
10021,294,1917,cdls,0x5eac86616030
10022,258,2184,cdls,0x5eac86616030
10023,180,1128,cdls,0x5eac86616030
10024,177,1161,cdls,0x5eac86616030
10025,162,1029,cdls,0x5eac86616030
10026,276,1707,cdls,0x5eac86616030
10027,246,1764,cdls,0x5eac86616030
10028,132,1767,cdls,0x5eac86616030
10029,204,2013,cdls,0x5eac86616030
10030,105,654,cdls,0x5eac86616030
10031,147,966,cdls,0x5eac86616030
10032,171,1602,cdls,0x5eac86616030
10033,111,1026,cdls,0x5eac86616030
10034,153,1734,cdls,0x5eac86616030
10035,105,1251,cdls,0x5eac86616030
10036,207,1215,cdls,0x5eac86616030
10037,123,1041,cdls,0x5eac86616030
10038,234,2436,cdls,0x5eac86616030
10039,144,2097,cdls,0x5eac86616030
10040,153,1950,cdls,0x5eac86616030
10041,222,1767,cdls,0x5eac86616030
10042,168,1776,cdls,0x5eac86616030
10043,189,1257,cdls,0x5eac86616030
10044,117,1047,cdls,0x5eac86616030
10045,162,1239,cdls,0x5eac86616030
10046,171,1785,cdls,0x5eac86616030
10047,189,1614,cdls,0x5eac86616030
10048,258,1356,cdls,0x5eac86616030
10049,129,1797,cdls,0x5eac86616030
10050,246,2295,cdls,0x5eac86616030
10051,195,2262,cdls,0x5eac86616030
10052,171,2301,cdls,0x5eac86616030
10053,219,1413,cdls,0x5eac86616030
10054,273,1434,cdls,0x5eac86616030
10055,261,2052,cdls,0x5eac86616030
10056,219,2469,cdls,0x5eac86616030
10057,201,1461,cdls,0x5eac86616030
10058,270,2607,cdls,0x5eac86616030
10059,285,2919,cdls,0x5eac86616030
10060,165,2886,cdls,0x5eac86616030
10061,162,2748,cdls,0x5eac86616030
10062,168,2586,cdls,0x5eac86616030
10063,225,1653,cdls,0x5eac86616030
10064,309,2739,cdls,0x5eac86616030
10065,198,3573,cdls,0x5eac86616030
10066,174,3375,cdls,0x5eac86616030
10067,267,2343,cdls,0x5eac86616030
10068,297,2529,cdls,0x5eac86616030
10069,252,1623,cdls,0x5eac86616030
10070,162,2028,cdls,0x5eac86616030
10071,192,1866,cdls,0x5eac86616030
10072,264,2523,cdls,0x5eac86616030
10073,315,2667,cdls,0x5eac86616030
10074,252,1842,cdls,0x5eac86616030
10075,207,1056,cdls,0x5eac86616030
10076,216,1137,cdls,0x5eac86616030
10077,174,831,cdls,0x5eac86616030
10078,255,1773,cdls,0x5eac86616030
10079,177,1689,cdls,0x5eac86616030
10080,264,2226,cdls,0x5eac86616030
10081,234,1932,cdls,0x5eac86616030
10082,207,1890,cdls,0x5eac86616030
10083,198,1575,cdls,0x5eac86616030
10084,228,1305,cdls,0x5eac86616030
10085,222,1215,cdls,0x5eac86616030
10086,180,1251,cdls,0x5eac86616030
10087,117,963,cdls,0x5eac86616030
10088,165,1077,cdls,0x5eac86616030
10089,195,1206,cdls,0x5eac86616030
10090,309,1383,cdls,0x5eac86616030
10091,216,1644,cdls,0x5eac86616030
10092,201,1647,cdls,0x5eac86616030
10093,297,1290,cdls,0x5eac86616030
10094,177,1989,cdls,0x5eac86616030
10095,303,2292,cdls,0x5eac86616030
10096,207,1692,cdls,0x5eac86616030
10097,144,1512,cdls,0x5eac86616030
10098,138,663,cdls,0x5eac86616030
10099,192,1128,cdls,0x5eac86616030
10100,81,810,cdls,0x5eac86616030
10101,159,1086,cdls,0x5eac86616030
10102,294,1419,cdls,0x5eac86616030
10103,171,1188,cdls,0x5eac86616030
10104,177,1743,cdls,0x5eac86616030
10105,153,1467,cdls,0x5eac86616030
10106,132,1161,cdls,0x5eac86616030
10107,213,1596,cdls,0x5eac86616030
10108,171,1260,cdls,0x5eac86616030
10109,147,1167,cdls,0x5eac86616030
10110,195,1812,cdls,0x5eac86616030
10111,210,1944,cdls,0x5eac86616030
10112,243,1596,cdls,0x5eac86616030
10113,168,2442,cdls,0x5eac86616030
10114,168,2274,cdls,0x5eac86616030
10115,183,1821,cdls,0x5eac86616030
10116,93,1191,cdls,0x5eac86616030
10117,177,1992,cdls,0x5eac86616030
10118,111,2064,cdls,0x5eac86616030
10119,213,1686,cdls,0x5eac86616030
10120,246,1935,cdls,0x5eac86616030
10121,240,1884,cdls,0x5eac86616030
10122,228,2358,cdls,0x5eac86616030
10123,141,1251,cdls,0x5eac86616030
10124,93,1491,cdls,0x5eac86616030
10125,192,1878,cdls,0x5eac86616030
10126,144,2091,cdls,0x5eac86616030
10127,213,1905,cdls,0x5eac86616030
10128,252,1734,cdls,0x5eac86616030
10129,186,1332,cdls,0x5eac86616030
10130,219,1281,cdls,0x5eac86616030
10131,183,1986,cdls,0x5eac86616030
10132,276,1284,cdls,0x5eac86616030
10133,222,1251,cdls,0x5eac86616030
10134,183,2100,cdls,0x5eac86616030
10135,165,3564,cdls,0x5eac86616030
10136,165,3399,cdls,0x5eac86616030
10137,270,2724,cdls,0x5eac86616030
10138,225,3171,cdls,0x5eac86616030
10139,204,1935,cdls,0x5eac86616030
10140,161,2823,cdls,0x5eac86616030
10141,160,2662,cdls,0x5eac86616030
10142,171,2133,cdls,0x5eac86616030
10143,192,1080,cdls,0x5eac86616030
10144,198,1677,cdls,0x5eac86616030
10145,207,1980,cdls,0x5eac86616030
10146,186,1239,cdls,0x5eac86616030
10147,159,1773,cdls,0x5eac86616030
10148,117,1299,cdls,0x5eac86616030
10149,177,2376,cdls,0x5eac86616030
10150,198,1623,cdls,0x5eac86616030
10151,234,2010,cdls,0x5eac86616030
10152,168,1818,cdls,0x5eac86616030
10153,213,1293,cdls,0x5eac86616030
10154,288,2175,cdls,0x5eac86616030
10155,264,1350,cdls,0x5eac86616030
10156,267,2022,cdls,0x5eac86616030
10157,111,1650,cdls,0x5eac86616030
10158,174,1230,cdls,0x5eac86616030
10159,150,1395,cdls,0x5eac86616030
10160,174,2232,cdls,0x5eac86616030
10161,201,1212,cdls,0x5eac86616030
10162,234,2070,cdls,0x5eac86616030
10163,231,1542,cdls,0x5eac86616030
10164,207,2250,cdls,0x5eac86616030
10165,264,2049,cdls,0x5eac86616030
10166,201,2559,cdls,0x5eac86616030
10167,216,1809,cdls,0x5eac86616030
10168,267,2328,cdls,0x5eac86616030
10169,318,2487,cdls,0x5eac86616030
10170,186,2580,cdls,0x5eac86616030
10171,177,2394,cdls,0x5eac86616030
10172,288,2637,cdls,0x5eac86616030
10173,252,2343,cdls,0x5eac86616030
10174,216,1473,cdls,0x5eac86616030
10175,270,2121,cdls,0x5eac86616030
10176,282,2655,cdls,0x5eac86616030
10177,213,2559,cdls,0x5eac86616030
10178,168,1539,cdls,0x5eac86616030
10179,165,1677,cdls,0x5eac86616030
10180,204,1674,cdls,0x5eac86616030
10181,228,1263,cdls,0x5eac86616030
10182,189,2793,cdls,0x5eac86616030
10183,168,2604,cdls,0x5eac86616030
10184,294,1956,cdls,0x5eac86616030
10185,300,2046,cdls,0x5eac86616030
10186,198,1770,cdls,0x5eac86616030
10187,225,1866,cdls,0x5eac86616030
10188,264,1557,cdls,0x5eac86616030
10189,207,2385,cdls,0x5eac86616030
10190,231,2070,cdls,0x5eac86616030
10191,126,1047,cdls,0x5eac86616030
10192,276,1506,cdls,0x5eac86616030
10193,126,1887,cdls,0x5eac86616030
10194,177,2007,cdls,0x5eac86616030
10195,231,1203,cdls,0x5eac86616030
10196,141,1050,cdls,0x5eac86616030
10197,126,1128,cdls,0x5eac86616030
10198,132,1515,cdls,0x5eac86616030
10199,234,1845,cdls,0x5eac86616030
10200,297,2247,cdls,0x5eac86616030
10201,165,2406,cdls,0x5eac86616030
10202,195,2241,cdls,0x5eac86616030
10203,294,2292,cdls,0x5eac86616030
10204,246,2349,cdls,0x5eac86616030
10205,246,2604,cdls,0x5eac86616030
10206,178,2859,cdls,0x5eac86616030
10207,167,2681,cdls,0x5eac86616030
10208,213,3069,cdls,0x5eac86616030
10209,195,2856,cdls,0x5eac86616030
10210,285,3135,cdls,0x5eac86616030
10211,252,2850,cdls,0x5eac86616030
10212,246,1956,cdls,0x5eac86616030
10213,225,1710,cdls,0x5eac86616030
10214,195,1374,cdls,0x5eac86616030
10215,195,1179,cdls,0x5eac86616030
10216,231,1779,cdls,0x5eac86616030
10217,219,1548,cdls,0x5eac86616030
10218,296,2487,cdls,0x5eac86616030
10219,295,2191,cdls,0x5eac86616030
10220,282,2247,cdls,0x5eac86616030
10221,255,1965,cdls,0x5eac86616030
10222,315,2523,cdls,0x5eac86616030
10223,162,2832,cdls,0x5eac86616030
10224,168,2670,cdls,0x5eac86616030
10225,219,1614,cdls,0x5eac86616030
10226,315,1908,cdls,0x5eac86616030
10227,198,1650,cdls,0x5eac86616030
10228,267,2322,cdls,0x5eac86616030
10229,264,2022,cdls,0x5eac86616030
10230,273,2202,cdls,0x5eac86616030
10231,165,2646,cdls,0x5eac86616030
10232,165,2481,cdls,0x5eac86616030
10233,249,2487,cdls,0x5eac86616030
10234,198,1695,cdls,0x5eac86616030
10235,174,1497,cdls,0x5eac86616030
10236,170,2403,cdls,0x5eac86616030
10237,169,2233,cdls,0x5eac86616030
10238,231,1422,cdls,0x5eac86616030
10239,315,1662,cdls,0x5eac86616030
10240,306,2247,cdls,0x5eac86616030
10241,201,2967,cdls,0x5eac86616030
10242,189,2766,cdls,0x5eac86616030
10243,297,2157,cdls,0x5eac86616030
10244,243,2238,cdls,0x5eac86616030
10245,213,1995,cdls,0x5eac86616030
10246,240,2757,cdls,0x5eac86616030
10247,243,3753,cdls,0x5eac86616030
10248,285,2355,cdls,0x5eac86616030
10249,249,2070,cdls,0x5eac86616030
10250,252,3360,cdls,0x5eac86616030
10251,216,3108,cdls,0x5eac86616030
10252,171,3846,cdls,0x5eac86616030
10253,189,3675,cdls,0x5eac86616030
10254,210,2457,cdls,0x5eac86616030
10255,201,2247,cdls,0x5eac86616030
10256,258,2436,cdls,0x5eac86616030
10257,186,3063,cdls,0x5eac86616030
10258,186,2877,cdls,0x5eac86616030
10259,183,2037,cdls,0x5eac86616030
10260,162,1854,cdls,0x5eac86616030
10261,222,3510,cdls,0x5eac86616030
10262,201,3288,cdls,0x5eac86616030
10263,294,2613,cdls,0x5eac86616030
10264,294,2319,cdls,0x5eac86616030
10265,306,2484,cdls,0x5eac86616030
10266,300,1476,cdls,0x5eac86616030
10267,225,2448,cdls,0x5eac86616030
10268,219,2223,cdls,0x5eac86616030
10269,195,2940,cdls,0x5eac86616030
10270,210,2745,cdls,0x5eac86616030
10271,186,1125,cdls,0x5eac86616030
10272,204,2064,cdls,0x5eac86616030
10273,273,2349,cdls,0x5eac86616030
10274,312,1575,cdls,0x5eac86616030
10275,186,3630,cdls,0x5eac86616030
10276,228,3444,cdls,0x5eac86616030
10277,177,2847,cdls,0x5eac86616030
10278,189,2670,cdls,0x5eac86616030
10279,231,2163,cdls,0x5eac86616030
10280,204,1932,cdls,0x5eac86616030
10281,300,1638,cdls,0x5eac86616030
10282,204,2073,cdls,0x5eac86616030
10283,207,1869,cdls,0x5eac86616030
10284,222,3153,cdls,0x5eac86616030
10285,222,2931,cdls,0x5eac86616030
10286,192,3690,cdls,0x5eac86616030
10287,195,3498,cdls,0x5eac86616030
10288,228,1887,cdls,0x5eac86616030
10289,201,1659,cdls,0x5eac86616030
10290,282,3645,cdls,0x5eac86616030
10291,177,3117,cdls,0x5eac86616030
10292,216,2940,cdls,0x5eac86616030
10293,186,4857,cdls,0x5eac86616030
10294,186,4671,cdls,0x5eac86616030
10295,211,3309,cdls,0x5eac86616030
10296,203,3098,cdls,0x5eac86616030
10297,333,4881,cdls,0x5eac86616030
10298,291,4548,cdls,0x5eac86616030
10299,243,3738,cdls,0x5eac86616030
10300,216,3495,cdls,0x5eac86616030
10301,255,2508,cdls,0x5eac86616030
10302,237,2253,cdls,0x5eac86616030
10303,228,4074,cdls,0x5eac86616030
10304,207,3846,cdls,0x5eac86616030
10305,231,1932,cdls,0x5eac86616030
10306,210,1701,cdls,0x5eac86616030
10307,297,1242,cdls,0x5eac86616030
10308,204,2469,cdls,0x5eac86616030
10309,240,2265,cdls,0x5eac86616030
10310,297,3018,cdls,0x5eac86616030
10311,255,2721,cdls,0x5eac86616030
10312,165,2586,cdls,0x5eac86616030
10313,162,2421,cdls,0x5eac86616030
10314,171,1653,cdls,0x5eac86616030
10315,207,1482,cdls,0x5eac86616030
10316,126,1701,cdls,0x5eac86616030
10317,162,1560,cdls,0x5eac86616030
10318,162,1398,cdls,0x5eac86616030
10319,186,2064,cdls,0x5eac86616030
10320,186,1878,cdls,0x5eac86616030
10321,288,2079,cdls,0x5eac86616030
10322,225,3162,cdls,0x5eac86616030
10323,246,2937,cdls,0x5eac86616030
10324,306,2397,cdls,0x5eac86616030
10325,285,1143,cdls,0x5eac86616030
10326,204,1359,cdls,0x5eac86616030
10327,207,1719,cdls,0x5eac86616030
10328,177,1512,cdls,0x5eac86616030
10329,204,2352,cdls,0x5eac86616030
10330,174,2148,cdls,0x5eac86616030
10331,180,1917,cdls,0x5eac86616030
10332,198,1737,cdls,0x5eac86616030
10333,294,1704,cdls,0x5eac86616030
10334,171,2913,cdls,0x5eac86616030
10335,189,2742,cdls,0x5eac86616030
10336,197,2955,cdls,0x5eac86616030
10337,196,2758,cdls,0x5eac86616030
10338,207,2421,cdls,0x5eac86616030
10339,309,3324,cdls,0x5eac86616030
10340,231,2811,cdls,0x5eac86616030
10341,186,3243,cdls,0x5eac86616030
10342,201,3057,cdls,0x5eac86616030
10343,258,2148,cdls,0x5eac86616030
10344,264,3231,cdls,0x5eac86616030
10345,201,2712,cdls,0x5eac86616030
10346,165,2511,cdls,0x5eac86616030
10347,273,1830,cdls,0x5eac86616030
10348,203,2334,cdls,0x5eac86616030
10349,202,2131,cdls,0x5eac86616030
10350,180,2532,cdls,0x5eac86616030
10351,162,2352,cdls,0x5eac86616030
10352,291,4926,cdls,0x5eac86616030
10353,285,4635,cdls,0x5eac86616030
10354,276,4041,cdls,0x5eac86616030
10355,231,3765,cdls,0x5eac86616030
10356,3,45,cdls,0x5eac86616030
10357,204,3888,cdls,0x5eac86616030
10358,234,3684,cdls,0x5eac86616030
10359,168,1977,cdls,0x5eac86616030
10360,165,1809,cdls,0x5eac86616030
10361,189,2382,cdls,0x5eac86616030
10362,180,2193,cdls,0x5eac86616030
10363,171,2355,cdls,0x5eac86616030
10364,162,2184,cdls,0x5eac86616030
10365,207,3120,cdls,0x5eac86616030
10366,198,2913,cdls,0x5eac86616030
10367,177,2970,cdls,0x5eac86616030
10368,186,2793,cdls,0x5eac86616030
10369,252,2406,cdls,0x5eac86616030
10370,237,2154,cdls,0x5eac86616030
10371,237,2322,cdls,0x5eac86616030
10372,198,2085,cdls,0x5eac86616030
10373,276,2232,cdls,0x5eac86616030
10374,225,2952,cdls,0x5eac86616030
10375,162,2442,cdls,0x5eac86616030
10376,192,2280,cdls,0x5eac86616030
10377,192,2835,cdls,0x5eac86616030
10378,222,2643,cdls,0x5eac86616030
10379,204,3618,cdls,0x5eac86616030
10380,165,3414,cdls,0x5eac86616030
10381,165,3258,cdls,0x5eac86616030
10382,162,3093,cdls,0x5eac86616030
10383,219,3852,cdls,0x5eac86616030
10384,219,3633,cdls,0x5eac86616030
10385,234,3798,cdls,0x5eac86616030
10386,234,3564,cdls,0x5eac86616030
10387,312,2697,cdls,0x5eac86616030
10388,273,3987,cdls,0x5eac86616030
10389,309,3714,cdls,0x5eac86616030
10390,165,2382,cdls,0x5eac86616030
10391,195,2217,cdls,0x5eac86616030
10392,213,1995,cdls,0x5eac86616030
10393,213,1782,cdls,0x5eac86616030
10394,264,3483,cdls,0x5eac86616030
10395,228,3219,cdls,0x5eac86616030
10396,162,2907,cdls,0x5eac86616030
10397,162,2745,cdls,0x5eac86616030
10398,162,2523,cdls,0x5eac86616030
10399,162,2361,cdls,0x5eac86616030
10400,216,3459,cdls,0x5eac86616030
10401,204,3243,cdls,0x5eac86616030
10402,285,1821,cdls,0x5eac86616030
10403,165,3102,cdls,0x5eac86616030
10404,168,2937,cdls,0x5eac86616030
10405,303,1539,cdls,0x5eac86616030
10406,222,2073,cdls,0x5eac86616030
10407,318,2913,cdls,0x5eac86616030
10408,285,2595,cdls,0x5eac86616030
10409,272,3423,cdls,0x5eac86616030
10410,253,3151,cdls,0x5eac86616030
10411,228,3831,cdls,0x5eac86616030
10412,216,3603,cdls,0x5eac86616030
10413,225,4329,cdls,0x5eac86616030
10414,273,4104,cdls,0x5eac86616030
10415,255,3831,cdls,0x5eac86616030
10416,264,3477,cdls,0x5eac86616030
10417,264,3213,cdls,0x5eac86616030
10418,218,1845,cdls,0x5eac86616030
10419,217,1627,cdls,0x5eac86616030
10420,270,2973,cdls,0x5eac86616030
10421,162,2703,cdls,0x5eac86616030
10422,162,2541,cdls,0x5eac86616030
10423,225,3939,cdls,0x5eac86616030
10424,228,3714,cdls,0x5eac86616030
10425,228,3486,cdls,0x5eac86616030
10426,258,2445,cdls,0x5eac86616030
10427,240,2187,cdls,0x5eac86616030
10428,180,3027,cdls,0x5eac86616030
10429,174,2847,cdls,0x5eac86616030
10430,273,3060,cdls,0x5eac86616030
10431,270,2787,cdls,0x5eac86616030
10432,282,3876,cdls,0x5eac86616030
10433,303,3594,cdls,0x5eac86616030
10434,294,2757,cdls,0x5eac86616030
10435,264,2463,cdls,0x5eac86616030
10436,264,1962,cdls,0x5eac86616030
10437,279,1698,cdls,0x5eac86616030
10438,252,3876,cdls,0x5eac86616030
10439,306,3624,cdls,0x5eac86616030
10440,240,2919,cdls,0x5eac86616030
10441,201,2679,cdls,0x5eac86616030
10442,243,2478,cdls,0x5eac86616030
10443,261,5307,cdls,0x5eac86616030
10444,249,5046,cdls,0x5eac86616030
10445,234,3351,cdls,0x5eac86616030
10446,195,3117,cdls,0x5eac86616030
10447,204,5529,cdls,0x5eac86616030
10448,222,5325,cdls,0x5eac86616030
10449,222,5103,cdls,0x5eac86616030
10450,231,3654,cdls,0x5eac86616030
10451,240,3423,cdls,0x5eac86616030
10452,234,3528,cdls,0x5eac86616030
10453,276,3294,cdls,0x5eac86616030
10454,261,3018,cdls,0x5eac86616030
10455,276,4377,cdls,0x5eac86616030
10456,318,4101,cdls,0x5eac86616030
10457,348,2679,cdls,0x5eac86616030
10458,288,2331,cdls,0x5eac86616030
10459,258,3669,cdls,0x5eac86616030
10460,258,3411,cdls,0x5eac86616030
10461,231,3153,cdls,0x5eac86616030
10462,231,2280,cdls,0x5eac86616030
10463,255,2049,cdls,0x5eac86616030
10464,321,2655,cdls,0x5eac86616030
10465,285,2334,cdls,0x5eac86616030
10466,273,4731,cdls,0x5eac86616030
10467,249,4458,cdls,0x5eac86616030
10468,234,4209,cdls,0x5eac86616030
10469,270,2523,cdls,0x5eac86616030
10470,228,2253,cdls,0x5eac86616030
10471,255,3537,cdls,0x5eac86616030
10472,248,3282,cdls,0x5eac86616030
10473,247,3034,cdls,0x5eac86616030
10474,267,4095,cdls,0x5eac86616030
10475,309,3828,cdls,0x5eac86616030
10476,241,5181,cdls,0x5eac86616030
10477,221,4940,cdls,0x5eac86616030
10478,261,4719,cdls,0x5eac86616030
10479,237,6396,cdls,0x5eac86616030
10480,285,6159,cdls,0x5eac86616030
10481,267,5874,cdls,0x5eac86616030
10482,228,6735,cdls,0x5eac86616030
10483,228,6507,cdls,0x5eac86616030
10484,228,6279,cdls,0x5eac86616030
10485,255,4539,cdls,0x5eac86616030
10486,264,4284,cdls,0x5eac86616030
10487,276,4020,cdls,0x5eac86616030
10488,225,3744,cdls,0x5eac86616030
10489,306,1833,cdls,0x5eac86616030
10490,258,1527,cdls,0x5eac86616030
10491,321,3795,cdls,0x5eac86616030
10492,297,3474,cdls,0x5eac86616030
10493,291,2868,cdls,0x5eac86616030
10494,291,2577,cdls,0x5eac86616030
10495,222,2280,cdls,0x5eac86616030
10496,225,2058,cdls,0x5eac86616030
10497,222,2769,cdls,0x5eac86616030
10498,243,2547,cdls,0x5eac86616030
10499,216,2304,cdls,0x5eac86616030
10500,225,4029,cdls,0x5eac86616030
10501,216,3804,cdls,0x5eac86616030
10502,234,3588,cdls,0x5eac86616030
10503,225,1560,cdls,0x5eac86616030
10504,195,1335,cdls,0x5eac86616030
10505,210,2793,cdls,0x5eac86616030
10506,222,2583,cdls,0x5eac86616030
10507,225,2439,cdls,0x5eac86616030
10508,246,2214,cdls,0x5eac86616030
10509,250,4287,cdls,0x5eac86616030
10510,222,4037,cdls,0x5eac86616030
10511,248,3815,cdls,0x5eac86616030
10512,312,4476,cdls,0x5eac86616030
10513,312,4164,cdls,0x5eac86616030
10514,285,4782,cdls,0x5eac86616030
10515,249,4497,cdls,0x5eac86616030
10516,243,4212,cdls,0x5eac86616030
10517,267,3969,cdls,0x5eac86616030
10518,318,3234,cdls,0x5eac86616030
10519,306,2916,cdls,0x5eac86616030
10520,240,3384,cdls,0x5eac86616030
10521,225,3144,cdls,0x5eac86616030
10522,225,2919,cdls,0x5eac86616030
10523,339,6783,cdls,0x5eac86616030
10524,326,6444,cdls,0x5eac86616030
10525,277,6118,cdls,0x5eac86616030
10526,258,4515,cdls,0x5eac86616030
10527,234,4257,cdls,0x5eac86616030
10528,282,3354,cdls,0x5eac86616030
10529,282,3072,cdls,0x5eac86616030
10530,261,4581,cdls,0x5eac86616030
10531,288,4320,cdls,0x5eac86616030
10532,333,3120,cdls,0x5eac86616030
10533,306,2787,cdls,0x5eac86616030
10534,195,4167,cdls,0x5eac86616030
10535,192,3972,cdls,0x5eac86616030
10536,300,3873,cdls,0x5eac86616030
10537,243,3573,cdls,0x5eac86616030
10538,261,5286,cdls,0x5eac86616030
10539,207,5025,cdls,0x5eac86616030
10540,249,4818,cdls,0x5eac86616030
10541,246,5910,cdls,0x5eac86616030
10542,228,5664,cdls,0x5eac86616030
10543,252,5436,cdls,0x5eac86616030
10544,285,5046,cdls,0x5eac86616030
10545,318,4761,cdls,0x5eac86616030
10546,321,2940,cdls,0x5eac86616030
10547,297,2619,cdls,0x5eac86616030
10548,255,4689,cdls,0x5eac86616030
10549,255,4434,cdls,0x5eac86616030
10550,276,4179,cdls,0x5eac86616030
10551,240,4623,cdls,0x5eac86616030
10552,240,4383,cdls,0x5eac86616030
10553,237,3525,cdls,0x5eac86616030
10554,234,3288,cdls,0x5eac86616030
10555,213,3054,cdls,0x5eac86616030
10556,234,2535,cdls,0x5eac86616030
10557,234,2301,cdls,0x5eac86616030
10558,261,4353,cdls,0x5eac86616030
10559,288,4092,cdls,0x5eac86616030
10560,246,3804,cdls,0x5eac86616030
10561,246,6039,cdls,0x5eac86616030
10562,288,5793,cdls,0x5eac86616030
10563,276,5505,cdls,0x5eac86616030
10564,246,3321,cdls,0x5eac86616030
10565,267,3075,cdls,0x5eac86616030
10566,240,2808,cdls,0x5eac86616030
10567,240,2568,cdls,0x5eac86616030
10568,261,4581,cdls,0x5eac86616030
10569,246,4320,cdls,0x5eac86616030
10570,219,4074,cdls,0x5eac86616030
10571,252,3855,cdls,0x5eac86616030
10572,240,3753,cdls,0x5eac86616030
10573,243,3513,cdls,0x5eac86616030
10574,279,3270,cdls,0x5eac86616030
10575,255,4884,cdls,0x5eac86616030
10576,297,4629,cdls,0x5eac86616030
10577,282,4332,cdls,0x5eac86616030
10578,282,2757,cdls,0x5eac86616030
10579,261,2475,cdls,0x5eac86616030
10580,273,2214,cdls,0x5eac86616030
10581,261,4611,cdls,0x5eac86616030
10582,324,4350,cdls,0x5eac86616030
10583,279,4026,cdls,0x5eac86616030
10584,270,6534,cdls,0x5eac86616030
10585,261,6264,cdls,0x5eac86616030
10586,267,6003,cdls,0x5eac86616030
10587,240,5736,cdls,0x5eac86616030
10588,216,6942,cdls,0x5eac86616030
10589,252,6726,cdls,0x5eac86616030
10590,225,6474,cdls,0x5eac86616030
10591,270,6249,cdls,0x5eac86616030
10592,300,5304,cdls,0x5eac86616030
10593,279,5004,cdls,0x5eac86616030
10594,282,4725,cdls,0x5eac86616030
10595,288,4443,cdls,0x5eac86616030
10596,300,4035,cdls,0x5eac86616030
10597,297,3735,cdls,0x5eac86616030
10598,294,3438,cdls,0x5eac86616030
10599,237,3015,cdls,0x5eac86616030
10600,258,2778,cdls,0x5eac86616030
10601,282,2520,cdls,0x5eac86616030
10602,288,5085,cdls,0x5eac86616030
10603,282,4797,cdls,0x5eac86616030
10604,255,4515,cdls,0x5eac86616030
10605,261,5088,cdls,0x5eac86616030
10606,312,4827,cdls,0x5eac86616030
10607,282,4515,cdls,0x5eac86616030
10608,282,4233,cdls,0x5eac86616030
10609,288,8595,cdls,0x5eac86616030
10610,324,8307,cdls,0x5eac86616030
10611,317,7983,cdls,0x5eac86616030
10612,316,7666,cdls,0x5eac86616030
10613,291,8613,cdls,0x5eac86616030
10614,255,8322,cdls,0x5eac86616030
10615,246,8067,cdls,0x5eac86616030
10616,276,3600,cdls,0x5eac86616030
10617,249,3324,cdls,0x5eac86616030
10618,288,3075,cdls,0x5eac86616030
10619,282,3246,cdls,0x5eac86616030
10620,264,2964,cdls,0x5eac86616030
10621,288,2700,cdls,0x5eac86616030
10622,303,4821,cdls,0x5eac86616030
10623,246,4518,cdls,0x5eac86616030
10624,234,2700,cdls,0x5eac86616030
10625,267,2466,cdls,0x5eac86616030
10626,255,2199,cdls,0x5eac86616030
10627,222,4476,cdls,0x5eac86616030
10628,255,4254,cdls,0x5eac86616030
10629,276,3999,cdls,0x5eac86616030
10630,234,3723,cdls,0x5eac86616030
10631,255,6861,cdls,0x5eac86616030
10632,294,6606,cdls,0x5eac86616030
10633,263,6312,cdls,0x5eac86616030
10634,262,6049,cdls,0x5eac86616030
10635,249,5412,cdls,0x5eac86616030
10636,270,5163,cdls,0x5eac86616030
10637,261,4893,cdls,0x5eac86616030
10638,296,7245,cdls,0x5eac86616030
10639,283,6949,cdls,0x5eac86616030
10640,306,6666,cdls,0x5eac86616030
10641,297,6360,cdls,0x5eac86616030
10642,255,5661,cdls,0x5eac86616030
10643,256,5406,cdls,0x5eac86616030
10644,255,5150,cdls,0x5eac86616030
10645,251,4895,cdls,0x5eac86616030
10646,267,5358,cdls,0x5eac86616030
10647,267,5091,cdls,0x5eac86616030
10648,234,4824,cdls,0x5eac86616030
10649,285,4590,cdls,0x5eac86616030
10650,252,6240,cdls,0x5eac86616030
10651,210,5988,cdls,0x5eac86616030
10652,237,5778,cdls,0x5eac86616030
10653,297,8322,cdls,0x5eac86616030
10654,303,8025,cdls,0x5eac86616030
10655,306,7722,cdls,0x5eac86616030
10656,162,7416,cdls,0x5eac86616030
10657,162,7254,cdls,0x5eac86616030
10658,297,5892,cdls,0x5eac86616030
10659,240,5595,cdls,0x5eac86616030
10660,279,5355,cdls,0x5eac86616030
10661,273,6684,cdls,0x5eac86616030
10662,333,6411,cdls,0x5eac86616030
10663,295,6078,cdls,0x5eac86616030
10664,302,5783,cdls,0x5eac86616030
10665,258,4110,cdls,0x5eac86616030
10666,246,3852,cdls,0x5eac86616030
10667,243,3606,cdls,0x5eac86616030
10668,294,7059,cdls,0x5eac86616030
10669,267,6765,cdls,0x5eac86616030
10670,270,6498,cdls,0x5eac86616030
10671,264,6228,cdls,0x5eac86616030
10672,291,5964,cdls,0x5eac86616030
10673,255,5673,cdls,0x5eac86616030
10674,263,4572,cdls,0x5eac86616030
10675,256,4309,cdls,0x5eac86616030
10676,264,4053,cdls,0x5eac86616030
10677,243,3789,cdls,0x5eac86616030
10678,288,3546,cdls,0x5eac86616030
10679,318,5712,cdls,0x5eac86616030
10680,348,5394,cdls,0x5eac86616030
10681,305,5046,cdls,0x5eac86616030
10682,304,4741,cdls,0x5eac86616030
10683,288,4530,cdls,0x5eac86616030
10684,297,4242,cdls,0x5eac86616030
10685,276,3945,cdls,0x5eac86616030
10686,258,3669,cdls,0x5eac86616030
10687,300,9771,cdls,0x5eac86616030
10688,300,9471,cdls,0x5eac86616030
10689,300,9171,cdls,0x5eac86616030
10690,297,8871,cdls,0x5eac86616030
10691,300,8574,cdls,0x5eac86616030
10692,276,6042,cdls,0x5eac86616030
10693,309,5766,cdls,0x5eac86616030
10694,284,5457,cdls,0x5eac86616030
10695,283,5173,cdls,0x5eac86616030
10696,288,5298,cdls,0x5eac86616030
10697,279,5010,cdls,0x5eac86616030
10698,273,4731,cdls,0x5eac86616030
10699,303,4458,cdls,0x5eac86616030
10700,285,9726,cdls,0x5eac86616030
10701,279,9441,cdls,0x5eac86616030
10702,252,9162,cdls,0x5eac86616030
10703,291,8910,cdls,0x5eac86616030
10704,297,8619,cdls,0x5eac86616030
10705,336,9003,cdls,0x5eac86616030
10706,305,8667,cdls,0x5eac86616030
10707,301,8362,cdls,0x5eac86616030
10708,327,8061,cdls,0x5eac86616030
10709,285,7734,cdls,0x5eac86616030
10710,246,5295,cdls,0x5eac86616030
10711,288,5049,cdls,0x5eac86616030
10712,246,4761,cdls,0x5eac86616030
10713,285,4515,cdls,0x5eac86616030
10714,285,4230,cdls,0x5eac86616030
10715,258,4326,cdls,0x5eac86616030
10716,276,4068,cdls,0x5eac86616030
10717,261,3792,cdls,0x5eac86616030
10718,261,3531,cdls,0x5eac86616030
10719,303,8748,cdls,0x5eac86616030
10720,294,8445,cdls,0x5eac86616030
10721,327,8151,cdls,0x5eac86616030
10722,297,7824,cdls,0x5eac86616030
10723,294,7527,cdls,0x5eac86616030
10724,303,8880,cdls,0x5eac86616030
10725,303,8577,cdls,0x5eac86616030
10726,255,8274,cdls,0x5eac86616030
10727,273,8019,cdls,0x5eac86616030
10728,291,7746,cdls,0x5eac86616030
10729,255,7455,cdls,0x5eac86616030
10730,288,8214,cdls,0x5eac86616030
10731,300,7926,cdls,0x5eac86616030
10732,303,7626,cdls,0x5eac86616030
10733,222,7323,cdls,0x5eac86616030
10734,210,7101,cdls,0x5eac86616030
10735,210,6891,cdls,0x5eac86616030
10736,321,9819,cdls,0x5eac86616030
10737,318,9498,cdls,0x5eac86616030
10738,279,9180,cdls,0x5eac86616030
10739,312,8901,cdls,0x5eac86616030
10740,340,8589,cdls,0x5eac86616030
10741,300,8249,cdls,0x5eac86616030
10742,311,7949,cdls,0x5eac86616030
10743,318,7560,cdls,0x5eac86616030
10744,270,7242,cdls,0x5eac86616030
10745,330,6972,cdls,0x5eac86616030
10746,285,6642,cdls,0x5eac86616030
10747,288,6936,cdls,0x5eac86616030
10748,258,6648,cdls,0x5eac86616030
10749,297,6390,cdls,0x5eac86616030
10750,288,6093,cdls,0x5eac86616030
10751,309,5805,cdls,0x5eac86616030
10752,255,5496,cdls,0x5eac86616030
10753,294,6183,cdls,0x5eac86616030
10754,255,5889,cdls,0x5eac86616030
10755,267,5634,cdls,0x5eac86616030
10756,249,5367,cdls,0x5eac86616030
10757,255,5118,cdls,0x5eac86616030
10758,300,4863,cdls,0x5eac86616030
10759,273,10725,cdls,0x5eac86616030
10760,275,10452,cdls,0x5eac86616030
10761,319,10177,cdls,0x5eac86616030
10762,310,9858,cdls,0x5eac86616030
10763,282,9548,cdls,0x5eac86616030
10764,269,9266,cdls,0x5eac86616030
10765,261,8997,cdls,0x5eac86616030
10766,315,8736,cdls,0x5eac86616030
10767,297,9924,cdls,0x5eac86616030
10768,339,9627,cdls,0x5eac86616030
10769,306,9288,cdls,0x5eac86616030
10770,276,8982,cdls,0x5eac86616030
10771,321,8706,cdls,0x5eac86616030
10772,312,8385,cdls,0x5eac86616030
10773,294,8073,cdls,0x5eac86616030
10774,303,7779,cdls,0x5eac86616030
10775,318,9297,cdls,0x5eac86616030
10776,312,8979,cdls,0x5eac86616030
10777,280,8667,cdls,0x5eac86616030
10778,280,8387,cdls,0x5eac86616030
10779,298,8107,cdls,0x5eac86616030
10780,276,7809,cdls,0x5eac86616030
10781,264,7533,cdls,0x5eac86616030
10782,315,8616,cdls,0x5eac86616030
10783,315,8301,cdls,0x5eac86616030
10784,306,7986,cdls,0x5eac86616030
10785,333,7680,cdls,0x5eac86616030
10786,273,7347,cdls,0x5eac86616030
10787,300,7074,cdls,0x5eac86616030
10788,294,10659,cdls,0x5eac86616030
10789,327,10365,cdls,0x5eac86616030
10790,318,10038,cdls,0x5eac86616030
10791,276,9720,cdls,0x5eac86616030
10792,319,9444,cdls,0x5eac86616030
10793,309,9125,cdls,0x5eac86616030
10794,285,8816,cdls,0x5eac86616030
10795,273,8531,cdls,0x5eac86616030
10796,299,8258,cdls,0x5eac86616030
10797,165,7959,cdls,0x5eac86616030
10798,165,7794,cdls,0x5eac86616030
10799,317,10350,cdls,0x5eac86616030
10800,325,10033,cdls,0x5eac86616030
10801,333,9708,cdls,0x5eac86616030
10802,315,9375,cdls,0x5eac86616030
10803,315,9060,cdls,0x5eac86616030
10804,300,8745,cdls,0x5eac86616030
10805,318,8445,cdls,0x5eac86616030
10806,288,8127,cdls,0x5eac86616030
10807,219,7839,cdls,0x5eac86616030
10808,243,7620,cdls,0x5eac86616030
10809,237,7377,cdls,0x5eac86616030
10810,270,7140,cdls,0x5eac86616030
10811,300,6393,cdls,0x5eac86616030
10812,321,6093,cdls,0x5eac86616030
10813,324,5772,cdls,0x5eac86616030
10814,321,5448,cdls,0x5eac86616030
10815,330,5127,cdls,0x5eac86616030
10816,267,4797,cdls,0x5eac86616030
10817,315,4530,cdls,0x5eac86616030
10818,300,4215,cdls,0x5eac86616030
10819,276,3915,cdls,0x5eac86616030
10820,303,3639,cdls,0x5eac86616030
10821,306,3336,cdls,0x5eac86616030
10822,291,10557,cdls,0x5eac86616030
10823,315,10266,cdls,0x5eac86616030
10824,279,9951,cdls,0x5eac86616030
10825,309,9672,cdls,0x5eac86616030
10826,279,9363,cdls,0x5eac86616030
10827,324,9084,cdls,0x5eac86616030
10828,282,8760,cdls,0x5eac86616030
10829,318,8478,cdls,0x5eac86616030
10830,282,8160,cdls,0x5eac86616030
10831,288,7878,cdls,0x5eac86616030
10832,330,7590,cdls,0x5eac86616030
10833,339,7260,cdls,0x5eac86616030
10834,297,6921,cdls,0x5eac86616030
10835,324,6624,cdls,0x5eac86616030
10836,309,6300,cdls,0x5eac86616030
10837,348,5991,cdls,0x5eac86616030
10838,291,5643,cdls,0x5eac86616030
10839,312,10764,cdls,0x5eac86616030
10840,312,10452,cdls,0x5eac86616030
10841,342,10140,cdls,0x5eac86616030
10842,309,9798,cdls,0x5eac86616030
10843,279,9489,cdls,0x5eac86616030
10844,294,9210,cdls,0x5eac86616030
10845,318,8916,cdls,0x5eac86616030
10846,294,8598,cdls,0x5eac86616030
10847,237,8304,cdls,0x5eac86616030
10848,222,8067,cdls,0x5eac86616030
10849,201,7845,cdls,0x5eac86616030
10850,342,15207,cdls,0x5eac86616030
10851,288,14865,cdls,0x5eac86616030
10852,324,14577,cdls,0x5eac86616030
10853,317,14253,cdls,0x5eac86616030
10854,319,13936,cdls,0x5eac86616030
10855,348,13617,cdls,0x5eac86616030
10856,336,13269,cdls,0x5eac86616030
10857,294,12933,cdls,0x5eac86616030
10858,285,12639,cdls,0x5eac86616030
10859,312,12354,cdls,0x5eac86616030
10860,315,12042,cdls,0x5eac86616030
10861,348,11727,cdls,0x5eac86616030
10862,312,11379,cdls,0x5eac86616030
10863,327,11067,cdls,0x5eac86616030
10864,303,10740,cdls,0x5eac86616030
10865,336,10437,cdls,0x5eac86616030
10866,303,10101,cdls,0x5eac86616030
10867,336,9798,cdls,0x5eac86616030
10868,288,9462,cdls,0x5eac86616030
10869,315,9174,cdls,0x5eac86616030
10870,333,8859,cdls,0x5eac86616030
10871,342,8526,cdls,0x5eac86616030
10872,318,8184,cdls,0x5eac86616030
10873,300,7866,cdls,0x5eac86616030
10874,294,7566,cdls,0x5eac86616030
10875,306,7272,cdls,0x5eac86616030
10876,348,6966,cdls,0x5eac86616030
10877,324,6618,cdls,0x5eac86616030
10878,324,6294,cdls,0x5eac86616030
10879,342,5970,cdls,0x5eac86616030
10880,285,5628,cdls,0x5eac86616030
10881,303,5343,cdls,0x5eac86616030
10882,330,5040,cdls,0x5eac86616030
10883,318,4710,cdls,0x5eac86616030
10884,312,4392,cdls,0x5eac86616030
10885,288,4080,cdls,0x5eac86616030
10886,334,3792,cdls,0x5eac86616030
10887,322,3458,cdls,0x5eac86616030
10888,321,3136,cdls,0x5eac86616030
10889,282,2815,cdls,0x5eac86616030
10890,327,2533,cdls,0x5eac86616030
10891,292,2206,cdls,0x5eac86616030
10892,351,1914,cdls,0x5eac86616030
10893,294,1563,cdls,0x5eac86616030
10894,336,1269,cdls,0x5eac86616030
10895,318,933,cdls,0x5eac86616030
10896,309,615,cdls,0x5eac86616030
10897,306,306,cdls,0x5eac86616030
