call_id,n,lda,backend,stream
0,63,207,cdls,0x5c08570d2ff0
1,51,285,cdls,0x5c08570d2ff0
2,39,225,cdls,0x5c08570d2ff0
3,51,213,cdls,0x5c08570d2ff0
4,45,195,cdls,0x5c08570d2ff0
5,45,195,cdls,0x5c08570d2ff0
6,21,159,cdls,0x5c08570d2ff0
7,33,219,cdls,0x5c08570d2ff0
8,39,261,cdls,0x5c08570d2ff0
9,96,426,cdls,0x5c08570d2ff0
10,24,162,cdls,0x5c08570d2ff0
11,42,168,cdls,0x5c08570d2ff0
12,78,264,cdls,0x5c08570d2ff0
13,24,75,cdls,0x5c08570d2ff0
14,42,264,cdls,0x5c08570d2ff0
15,30,120,cdls,0x5c08570d2ff0
16,51,204,cdls,0x5c08570d2ff0
17,48,294,cdls,0x5c08570d2ff0
18,45,270,cdls,0x5c08570d2ff0
19,81,261,cdls,0x5c08570d2ff0
20,30,216,cdls,0x5c08570d2ff0
21,111,312,cdls,0x5c08570d2ff0
22,42,171,cdls,0x5c08570d2ff0
23,39,285,cdls,0x5c08570d2ff0
24,39,153,cdls,0x5c08570d2ff0
25,39,153,cdls,0x5c08570d2ff0
26,84,342,cdls,0x5c08570d2ff0
27,33,123,cdls,0x5c08570d2ff0
28,60,210,cdls,0x5c08570d2ff0
29,57,204,cdls,0x5c08570d2ff0
30,57,255,cdls,0x5c08570d2ff0
31,48,195,cdls,0x5c08570d2ff0
32,69,207,cdls,0x5c08570d2ff0
33,36,132,cdls,0x5c08570d2ff0
34,81,255,cdls,0x5c08570d2ff0
35,48,210,cdls,0x5c08570d2ff0
36,45,279,cdls,0x5c08570d2ff0
37,84,285,cdls,0x5c08570d2ff0
38,45,192,cdls,0x5c08570d2ff0
39,42,156,cdls,0x5c08570d2ff0
40,30,120,cdls,0x5c08570d2ff0
41,57,168,cdls,0x5c08570d2ff0
42,63,210,cdls,0x5c08570d2ff0
43,18,123,cdls,0x5c08570d2ff0
44,24,186,cdls,0x5c08570d2ff0
45,57,411,cdls,0x5c08570d2ff0
46,51,186,cdls,0x5c08570d2ff0
47,36,138,cdls,0x5c08570d2ff0
48,78,312,cdls,0x5c08570d2ff0
49,36,192,cdls,0x5c08570d2ff0
50,63,285,cdls,0x5c08570d2ff0
51,39,144,cdls,0x5c08570d2ff0
52,81,300,cdls,0x5c08570d2ff0
53,27,96,cdls,0x5c08570d2ff0
54,96,342,cdls,0x5c08570d2ff0
55,60,255,cdls,0x5c08570d2ff0
56,69,207,cdls,0x5c08570d2ff0
57,33,135,cdls,0x5c08570d2ff0
58,51,264,cdls,0x5c08570d2ff0
59,108,315,cdls,0x5c08570d2ff0
60,48,210,cdls,0x5c08570d2ff0
61,48,237,cdls,0x5c08570d2ff0
62,66,270,cdls,0x5c08570d2ff0
63,33,126,cdls,0x5c08570d2ff0
64,60,282,cdls,0x5c08570d2ff0
65,51,213,cdls,0x5c08570d2ff0
66,36,174,cdls,0x5c08570d2ff0
67,63,285,cdls,0x5c08570d2ff0
68,39,153,cdls,0x5c08570d2ff0
69,42,189,cdls,0x5c08570d2ff0
70,39,249,cdls,0x5c08570d2ff0
71,39,249,cdls,0x5c08570d2ff0
72,30,192,cdls,0x5c08570d2ff0
73,75,345,cdls,0x5c08570d2ff0
74,42,264,cdls,0x5c08570d2ff0
75,42,180,cdls,0x5c08570d2ff0
76,42,264,cdls,0x5c08570d2ff0
77,30,228,cdls,0x5c08570d2ff0
78,30,120,cdls,0x5c08570d2ff0
79,30,111,cdls,0x5c08570d2ff0
80,75,285,cdls,0x5c08570d2ff0
81,42,153,cdls,0x5c08570d2ff0
82,66,327,cdls,0x5c08570d2ff0
83,84,414,cdls,0x5c08570d2ff0
84,84,414,cdls,0x5c08570d2ff0
85,48,294,cdls,0x5c08570d2ff0
86,60,282,cdls,0x5c08570d2ff0
87,60,270,cdls,0x5c08570d2ff0
88,48,258,cdls,0x5c08570d2ff0
89,36,246,cdls,0x5c08570d2ff0
90,57,351,cdls,0x5c08570d2ff0
91,45,192,cdls,0x5c08570d2ff0
92,33,279,cdls,0x5c08570d2ff0
93,45,279,cdls,0x5c08570d2ff0
94,48,216,cdls,0x5c08570d2ff0
95,51,237,cdls,0x5c08570d2ff0
96,54,228,cdls,0x5c08570d2ff0
97,24,186,cdls,0x5c08570d2ff0
98,87,453,cdls,0x5c08570d2ff0
99,24,186,cdls,0x5c08570d2ff0
100,54,360,cdls,0x5c08570d2ff0
101,87,417,cdls,0x5c08570d2ff0
102,51,291,cdls,0x5c08570d2ff0
103,36,234,cdls,0x5c08570d2ff0
104,57,291,cdls,0x5c08570d2ff0
105,48,210,cdls,0x5c08570d2ff0
106,27,189,cdls,0x5c08570d2ff0
107,54,279,cdls,0x5c08570d2ff0
108,33,219,cdls,0x5c08570d2ff0
109,54,240,cdls,0x5c08570d2ff0
110,48,210,cdls,0x5c08570d2ff0
111,87,453,cdls,0x5c08570d2ff0
112,18,132,cdls,0x5c08570d2ff0
113,39,249,cdls,0x5c08570d2ff0
114,54,300,cdls,0x5c08570d2ff0
115,36,162,cdls,0x5c08570d2ff0
116,33,219,cdls,0x5c08570d2ff0
117,72,225,cdls,0x5c08570d2ff0
118,42,165,cdls,0x5c08570d2ff0
119,45,168,cdls,0x5c08570d2ff0
120,36,150,cdls,0x5c08570d2ff0
121,48,210,cdls,0x5c08570d2ff0
122,30,204,cdls,0x5c08570d2ff0
123,30,192,cdls,0x5c08570d2ff0
124,30,192,cdls,0x5c08570d2ff0
125,69,315,cdls,0x5c08570d2ff0
126,87,405,cdls,0x5c08570d2ff0
127,42,288,cdls,0x5c08570d2ff0
128,42,180,cdls,0x5c08570d2ff0
129,51,213,cdls,0x5c08570d2ff0
130,72,282,cdls,0x5c08570d2ff0
131,63,285,cdls,0x5c08570d2ff0
132,48,258,cdls,0x5c08570d2ff0
133,102,492,cdls,0x5c08570d2ff0
134,99,369,cdls,0x5c08570d2ff0
135,42,171,cdls,0x5c08570d2ff0
136,60,258,cdls,0x5c08570d2ff0
137,27,201,cdls,0x5c08570d2ff0
138,33,243,cdls,0x5c08570d2ff0
139,30,111,cdls,0x5c08570d2ff0
140,54,201,cdls,0x5c08570d2ff0
141,81,300,cdls,0x5c08570d2ff0
142,27,213,cdls,0x5c08570d2ff0
143,42,237,cdls,0x5c08570d2ff0
144,24,174,cdls,0x5c08570d2ff0
145,60,270,cdls,0x5c08570d2ff0
146,33,123,cdls,0x5c08570d2ff0
147,42,192,cdls,0x5c08570d2ff0
148,60,270,cdls,0x5c08570d2ff0
149,60,258,cdls,0x5c08570d2ff0
150,48,198,cdls,0x5c08570d2ff0
151,42,174,cdls,0x5c08570d2ff0
152,27,177,cdls,0x5c08570d2ff0
153,60,270,cdls,0x5c08570d2ff0
154,30,192,cdls,0x5c08570d2ff0
155,33,243,cdls,0x5c08570d2ff0
156,54,324,cdls,0x5c08570d2ff0
157,45,279,cdls,0x5c08570d2ff0
158,39,234,cdls,0x5c08570d2ff0
159,72,249,cdls,0x5c08570d2ff0
160,87,381,cdls,0x5c08570d2ff0
161,75,321,cdls,0x5c08570d2ff0
162,69,279,cdls,0x5c08570d2ff0
163,63,273,cdls,0x5c08570d2ff0
164,39,207,cdls,0x5c08570d2ff0
165,39,168,cdls,0x5c08570d2ff0
166,45,243,cdls,0x5c08570d2ff0
167,48,201,cdls,0x5c08570d2ff0
168,60,261,cdls,0x5c08570d2ff0
169,39,237,cdls,0x5c08570d2ff0
170,39,237,cdls,0x5c08570d2ff0
171,87,357,cdls,0x5c08570d2ff0
172,36,222,cdls,0x5c08570d2ff0
173,39,141,cdls,0x5c08570d2ff0
174,60,282,cdls,0x5c08570d2ff0
175,36,234,cdls,0x5c08570d2ff0
176,69,291,cdls,0x5c08570d2ff0
177,69,564,cdls,0x5c08570d2ff0
178,90,312,cdls,0x5c08570d2ff0
179,18,144,cdls,0x5c08570d2ff0
180,39,309,cdls,0x5c08570d2ff0
181,45,291,cdls,0x5c08570d2ff0
182,75,285,cdls,0x5c08570d2ff0
183,90,297,cdls,0x5c08570d2ff0
184,66,246,cdls,0x5c08570d2ff0
185,63,321,cdls,0x5c08570d2ff0
186,51,273,cdls,0x5c08570d2ff0
187,69,327,cdls,0x5c08570d2ff0
188,36,222,cdls,0x5c08570d2ff0
189,27,201,cdls,0x5c08570d2ff0
190,63,273,cdls,0x5c08570d2ff0
191,69,327,cdls,0x5c08570d2ff0
192,45,195,cdls,0x5c08570d2ff0
193,39,249,cdls,0x5c08570d2ff0
194,33,315,cdls,0x5c08570d2ff0
195,39,261,cdls,0x5c08570d2ff0
196,87,405,cdls,0x5c08570d2ff0
197,30,204,cdls,0x5c08570d2ff0
198,51,285,cdls,0x5c08570d2ff0
199,132,438,cdls,0x5c08570d2ff0
200,45,195,cdls,0x5c08570d2ff0
201,69,303,cdls,0x5c08570d2ff0
202,54,252,cdls,0x5c08570d2ff0
203,36,258,cdls,0x5c08570d2ff0
204,30,228,cdls,0x5c08570d2ff0
205,24,186,cdls,0x5c08570d2ff0
206,39,273,cdls,0x5c08570d2ff0
207,33,219,cdls,0x5c08570d2ff0
208,51,225,cdls,0x5c08570d2ff0
209,63,285,cdls,0x5c08570d2ff0
210,48,294,cdls,0x5c08570d2ff0
211,42,168,cdls,0x5c08570d2ff0
212,39,117,cdls,0x5c08570d2ff0
213,45,291,cdls,0x5c08570d2ff0
214,81,306,cdls,0x5c08570d2ff0
215,33,135,cdls,0x5c08570d2ff0
216,51,237,cdls,0x5c08570d2ff0
217,78,246,cdls,0x5c08570d2ff0
218,42,180,cdls,0x5c08570d2ff0
219,48,156,cdls,0x5c08570d2ff0
220,39,150,cdls,0x5c08570d2ff0
221,39,147,cdls,0x5c08570d2ff0
222,36,258,cdls,0x5c08570d2ff0
223,48,318,cdls,0x5c08570d2ff0
224,75,345,cdls,0x5c08570d2ff0
225,33,111,cdls,0x5c08570d2ff0
226,24,186,cdls,0x5c08570d2ff0
227,39,237,cdls,0x5c08570d2ff0
228,87,270,cdls,0x5c08570d2ff0
229,66,174,cdls,0x5c08570d2ff0
230,42,159,cdls,0x5c08570d2ff0
231,36,282,cdls,0x5c08570d2ff0
232,42,180,cdls,0x5c08570d2ff0
233,93,402,cdls,0x5c08570d2ff0
234,42,156,cdls,0x5c08570d2ff0
235,42,174,cdls,0x5c08570d2ff0
236,60,270,cdls,0x5c08570d2ff0
237,72,318,cdls,0x5c08570d2ff0
238,21,183,cdls,0x5c08570d2ff0
239,42,252,cdls,0x5c08570d2ff0
240,42,180,cdls,0x5c08570d2ff0
241,84,231,cdls,0x5c08570d2ff0
242,33,114,cdls,0x5c08570d2ff0
243,66,255,cdls,0x5c08570d2ff0
244,45,225,cdls,0x5c08570d2ff0
245,72,303,cdls,0x5c08570d2ff0
246,60,225,cdls,0x5c08570d2ff0
247,60,246,cdls,0x5c08570d2ff0
248,42,180,cdls,0x5c08570d2ff0
249,93,411,cdls,0x5c08570d2ff0
250,48,210,cdls,0x5c08570d2ff0
251,72,243,cdls,0x5c08570d2ff0
252,60,378,cdls,0x5c08570d2ff0
253,78,252,cdls,0x5c08570d2ff0
254,66,276,cdls,0x5c08570d2ff0
255,36,138,cdls,0x5c08570d2ff0
256,57,198,cdls,0x5c08570d2ff0
257,69,186,cdls,0x5c08570d2ff0
258,54,156,cdls,0x5c08570d2ff0
259,75,255,cdls,0x5c08570d2ff0
260,36,153,cdls,0x5c08570d2ff0
261,48,186,cdls,0x5c08570d2ff0
262,69,315,cdls,0x5c08570d2ff0
263,48,246,cdls,0x5c08570d2ff0
264,42,168,cdls,0x5c08570d2ff0
265,66,210,cdls,0x5c08570d2ff0
266,54,252,cdls,0x5c08570d2ff0
267,57,225,cdls,0x5c08570d2ff0
268,72,192,cdls,0x5c08570d2ff0
269,45,114,cdls,0x5c08570d2ff0
270,30,111,cdls,0x5c08570d2ff0
271,69,309,cdls,0x5c08570d2ff0
272,57,327,cdls,0x5c08570d2ff0
273,81,297,cdls,0x5c08570d2ff0
274,48,210,cdls,0x5c08570d2ff0
275,21,159,cdls,0x5c08570d2ff0
276,54,264,cdls,0x5c08570d2ff0
277,90,312,cdls,0x5c08570d2ff0
278,39,147,cdls,0x5c08570d2ff0
279,87,282,cdls,0x5c08570d2ff0
280,75,339,cdls,0x5c08570d2ff0
281,36,234,cdls,0x5c08570d2ff0
282,36,204,cdls,0x5c08570d2ff0
283,72,258,cdls,0x5c08570d2ff0
284,78,309,cdls,0x5c08570d2ff0
285,63,204,cdls,0x5c08570d2ff0
286,54,252,cdls,0x5c08570d2ff0
287,48,174,cdls,0x5c08570d2ff0
288,114,408,cdls,0x5c08570d2ff0
289,57,255,cdls,0x5c08570d2ff0
290,42,153,cdls,0x5c08570d2ff0
291,42,141,cdls,0x5c08570d2ff0
292,72,330,cdls,0x5c08570d2ff0
293,63,321,cdls,0x5c08570d2ff0
294,42,180,cdls,0x5c08570d2ff0
295,42,156,cdls,0x5c08570d2ff0
296,72,240,cdls,0x5c08570d2ff0
297,27,201,cdls,0x5c08570d2ff0
298,30,192,cdls,0x5c08570d2ff0
299,48,306,cdls,0x5c08570d2ff0
300,57,339,cdls,0x5c08570d2ff0
301,141,315,cdls,0x5c08570d2ff0
302,27,126,cdls,0x5c08570d2ff0
303,57,159,cdls,0x5c08570d2ff0
304,57,186,cdls,0x5c08570d2ff0
305,45,168,cdls,0x5c08570d2ff0
306,36,222,cdls,0x5c08570d2ff0
307,33,219,cdls,0x5c08570d2ff0
308,66,300,cdls,0x5c08570d2ff0
309,51,225,cdls,0x5c08570d2ff0
310,60,183,cdls,0x5c08570d2ff0
311,57,255,cdls,0x5c08570d2ff0
312,78,261,cdls,0x5c08570d2ff0
313,66,219,cdls,0x5c08570d2ff0
314,42,237,cdls,0x5c08570d2ff0
315,48,294,cdls,0x5c08570d2ff0
316,54,240,cdls,0x5c08570d2ff0
317,96,255,cdls,0x5c08570d2ff0
318,60,213,cdls,0x5c08570d2ff0
319,51,186,cdls,0x5c08570d2ff0
320,36,222,cdls,0x5c08570d2ff0
321,54,312,cdls,0x5c08570d2ff0
322,57,285,cdls,0x5c08570d2ff0
323,111,417,cdls,0x5c08570d2ff0
324,36,186,cdls,0x5c08570d2ff0
325,72,246,cdls,0x5c08570d2ff0
326,69,282,cdls,0x5c08570d2ff0
327,75,294,cdls,0x5c08570d2ff0
328,54,285,cdls,0x5c08570d2ff0
329,27,105,cdls,0x5c08570d2ff0
330,84,270,cdls,0x5c08570d2ff0
331,33,114,cdls,0x5c08570d2ff0
332,69,312,cdls,0x5c08570d2ff0
333,30,204,cdls,0x5c08570d2ff0
334,99,369,cdls,0x5c08570d2ff0
335,48,258,cdls,0x5c08570d2ff0
336,48,270,cdls,0x5c08570d2ff0
337,54,300,cdls,0x5c08570d2ff0
338,72,306,cdls,0x5c08570d2ff0
339,108,462,cdls,0x5c08570d2ff0
340,39,153,cdls,0x5c08570d2ff0
341,63,183,cdls,0x5c08570d2ff0
342,69,291,cdls,0x5c08570d2ff0
343,27,201,cdls,0x5c08570d2ff0
344,36,150,cdls,0x5c08570d2ff0
345,72,342,cdls,0x5c08570d2ff0
346,60,342,cdls,0x5c08570d2ff0
347,39,177,cdls,0x5c08570d2ff0
348,30,177,cdls,0x5c08570d2ff0
349,42,168,cdls,0x5c08570d2ff0
350,24,186,cdls,0x5c08570d2ff0
351,57,255,cdls,0x5c08570d2ff0
352,42,264,cdls,0x5c08570d2ff0
353,75,333,cdls,0x5c08570d2ff0
354,78,288,cdls,0x5c08570d2ff0
355,72,285,cdls,0x5c08570d2ff0
356,36,234,cdls,0x5c08570d2ff0
357,48,186,cdls,0x5c08570d2ff0
358,48,234,cdls,0x5c08570d2ff0
359,51,192,cdls,0x5c08570d2ff0
360,63,309,cdls,0x5c08570d2ff0
361,36,234,cdls,0x5c08570d2ff0
362,108,270,cdls,0x5c08570d2ff0
363,45,177,cdls,0x5c08570d2ff0
364,57,315,cdls,0x5c08570d2ff0
365,27,237,cdls,0x5c08570d2ff0
366,45,195,cdls,0x5c08570d2ff0
367,72,231,cdls,0x5c08570d2ff0
368,69,267,cdls,0x5c08570d2ff0
369,48,186,cdls,0x5c08570d2ff0
370,75,405,cdls,0x5c08570d2ff0
371,93,303,cdls,0x5c08570d2ff0
372,69,276,cdls,0x5c08570d2ff0
373,96,390,cdls,0x5c08570d2ff0
374,69,351,cdls,0x5c08570d2ff0
375,45,486,cdls,0x5c08570d2ff0
376,84,378,cdls,0x5c08570d2ff0
377,78,258,cdls,0x5c08570d2ff0
378,45,240,cdls,0x5c08570d2ff0
379,51,261,cdls,0x5c08570d2ff0
380,24,186,cdls,0x5c08570d2ff0
381,21,183,cdls,0x5c08570d2ff0
382,66,264,cdls,0x5c08570d2ff0
383,72,306,cdls,0x5c08570d2ff0
384,36,126,cdls,0x5c08570d2ff0
385,69,219,cdls,0x5c08570d2ff0
386,42,171,cdls,0x5c08570d2ff0
387,99,276,cdls,0x5c08570d2ff0
388,36,246,cdls,0x5c08570d2ff0
389,48,171,cdls,0x5c08570d2ff0
390,72,240,cdls,0x5c08570d2ff0
391,48,252,cdls,0x5c08570d2ff0
392,57,339,cdls,0x5c08570d2ff0
393,51,225,cdls,0x5c08570d2ff0
394,60,294,cdls,0x5c08570d2ff0
395,51,219,cdls,0x5c08570d2ff0
396,75,333,cdls,0x5c08570d2ff0
397,81,213,cdls,0x5c08570d2ff0
398,45,141,cdls,0x5c08570d2ff0
399,30,75,cdls,0x5c08570d2ff0
400,24,144,cdls,0x5c08570d2ff0
401,75,333,cdls,0x5c08570d2ff0
402,57,225,cdls,0x5c08570d2ff0
403,27,189,cdls,0x5c08570d2ff0
404,51,195,cdls,0x5c08570d2ff0
405,60,270,cdls,0x5c08570d2ff0
406,57,267,cdls,0x5c08570d2ff0
407,42,264,cdls,0x5c08570d2ff0
408,42,276,cdls,0x5c08570d2ff0
409,54,279,cdls,0x5c08570d2ff0
410,36,126,cdls,0x5c08570d2ff0
411,48,231,cdls,0x5c08570d2ff0
412,39,138,cdls,0x5c08570d2ff0
413,42,168,cdls,0x5c08570d2ff0
414,39,165,cdls,0x5c08570d2ff0
415,75,243,cdls,0x5c08570d2ff0
416,36,222,cdls,0x5c08570d2ff0
417,69,228,cdls,0x5c08570d2ff0
418,42,255,cdls,0x5c08570d2ff0
419,33,111,cdls,0x5c08570d2ff0
420,69,360,cdls,0x5c08570d2ff0
421,72,294,cdls,0x5c08570d2ff0
422,96,528,cdls,0x5c08570d2ff0
423,120,402,cdls,0x5c08570d2ff0
424,96,294,cdls,0x5c08570d2ff0
425,93,282,cdls,0x5c08570d2ff0
426,30,108,cdls,0x5c08570d2ff0
427,48,210,cdls,0x5c08570d2ff0
428,48,234,cdls,0x5c08570d2ff0
429,27,201,cdls,0x5c08570d2ff0
430,108,342,cdls,0x5c08570d2ff0
431,78,372,cdls,0x5c08570d2ff0
432,54,273,cdls,0x5c08570d2ff0
433,72,318,cdls,0x5c08570d2ff0
434,48,210,cdls,0x5c08570d2ff0
435,36,285,cdls,0x5c08570d2ff0
436,30,216,cdls,0x5c08570d2ff0
437,63,258,cdls,0x5c08570d2ff0
438,69,324,cdls,0x5c08570d2ff0
439,84,354,cdls,0x5c08570d2ff0
440,39,153,cdls,0x5c08570d2ff0
441,81,219,cdls,0x5c08570d2ff0
442,54,153,cdls,0x5c08570d2ff0
443,51,192,cdls,0x5c08570d2ff0
444,48,306,cdls,0x5c08570d2ff0
445,39,198,cdls,0x5c08570d2ff0
446,90,327,cdls,0x5c08570d2ff0
447,102,393,cdls,0x5c08570d2ff0
448,93,399,cdls,0x5c08570d2ff0
449,129,327,cdls,0x5c08570d2ff0
450,36,138,cdls,0x5c08570d2ff0
451,72,339,cdls,0x5c08570d2ff0
452,27,84,cdls,0x5c08570d2ff0
453,51,198,cdls,0x5c08570d2ff0
454,75,246,cdls,0x5c08570d2ff0
455,21,75,cdls,0x5c08570d2ff0
456,69,216,cdls,0x5c08570d2ff0
457,45,237,cdls,0x5c08570d2ff0
458,78,201,cdls,0x5c08570d2ff0
459,36,117,cdls,0x5c08570d2ff0
460,114,273,cdls,0x5c08570d2ff0
461,69,321,cdls,0x5c08570d2ff0
462,57,255,cdls,0x5c08570d2ff0
463,63,180,cdls,0x5c08570d2ff0
464,60,282,cdls,0x5c08570d2ff0
465,45,204,cdls,0x5c08570d2ff0
466,36,216,cdls,0x5c08570d2ff0
467,18,126,cdls,0x5c08570d2ff0
468,84,294,cdls,0x5c08570d2ff0
469,54,306,cdls,0x5c08570d2ff0
470,81,282,cdls,0x5c08570d2ff0
471,75,261,cdls,0x5c08570d2ff0
472,39,159,cdls,0x5c08570d2ff0
473,54,234,cdls,0x5c08570d2ff0
474,63,240,cdls,0x5c08570d2ff0
475,90,336,cdls,0x5c08570d2ff0
476,36,168,cdls,0x5c08570d2ff0
477,45,159,cdls,0x5c08570d2ff0
478,90,306,cdls,0x5c08570d2ff0
479,48,183,cdls,0x5c08570d2ff0
480,30,111,cdls,0x5c08570d2ff0
481,54,228,cdls,0x5c08570d2ff0
482,45,195,cdls,0x5c08570d2ff0
483,36,138,cdls,0x5c08570d2ff0
484,48,282,cdls,0x5c08570d2ff0
485,57,156,cdls,0x5c08570d2ff0
486,45,207,cdls,0x5c08570d2ff0
487,39,165,cdls,0x5c08570d2ff0
488,84,294,cdls,0x5c08570d2ff0
489,42,192,cdls,0x5c08570d2ff0
490,39,150,cdls,0x5c08570d2ff0
491,96,498,cdls,0x5c08570d2ff0
492,42,168,cdls,0x5c08570d2ff0
493,30,174,cdls,0x5c08570d2ff0
494,48,279,cdls,0x5c08570d2ff0
495,48,222,cdls,0x5c08570d2ff0
496,30,216,cdls,0x5c08570d2ff0
497,66,207,cdls,0x5c08570d2ff0
498,30,120,cdls,0x5c08570d2ff0
499,81,255,cdls,0x5c08570d2ff0
500,57,243,cdls,0x5c08570d2ff0
501,27,105,cdls,0x5c08570d2ff0
502,75,294,cdls,0x5c08570d2ff0
503,36,150,cdls,0x5c08570d2ff0
504,108,288,cdls,0x5c08570d2ff0
505,45,168,cdls,0x5c08570d2ff0
506,60,282,cdls,0x5c08570d2ff0
507,48,282,cdls,0x5c08570d2ff0
508,57,276,cdls,0x5c08570d2ff0
509,84,279,cdls,0x5c08570d2ff0
510,69,375,cdls,0x5c08570d2ff0
511,42,180,cdls,0x5c08570d2ff0
512,39,141,cdls,0x5c08570d2ff0
513,75,327,cdls,0x5c08570d2ff0
514,63,261,cdls,0x5c08570d2ff0
515,57,228,cdls,0x5c08570d2ff0
516,45,195,cdls,0x5c08570d2ff0
517,45,195,cdls,0x5c08570d2ff0
518,66,195,cdls,0x5c08570d2ff0
519,93,312,cdls,0x5c08570d2ff0
520,135,453,cdls,0x5c08570d2ff0
521,69,315,cdls,0x5c08570d2ff0
522,54,240,cdls,0x5c08570d2ff0
523,87,273,cdls,0x5c08570d2ff0
524,57,216,cdls,0x5c08570d2ff0
525,66,159,cdls,0x5c08570d2ff0
526,36,156,cdls,0x5c08570d2ff0
527,33,132,cdls,0x5c08570d2ff0
528,81,279,cdls,0x5c08570d2ff0
529,45,204,cdls,0x5c08570d2ff0
530,114,345,cdls,0x5c08570d2ff0
531,42,195,cdls,0x5c08570d2ff0
532,87,228,cdls,0x5c08570d2ff0
533,78,348,cdls,0x5c08570d2ff0
534,42,180,cdls,0x5c08570d2ff0
535,51,213,cdls,0x5c08570d2ff0
536,36,150,cdls,0x5c08570d2ff0
537,48,192,cdls,0x5c08570d2ff0
538,78,267,cdls,0x5c08570d2ff0
539,45,192,cdls,0x5c08570d2ff0
540,42,180,cdls,0x5c08570d2ff0
541,36,141,cdls,0x5c08570d2ff0
542,51,129,cdls,0x5c08570d2ff0
543,54,198,cdls,0x5c08570d2ff0
544,42,180,cdls,0x5c08570d2ff0
545,51,237,cdls,0x5c08570d2ff0
546,93,228,cdls,0x5c08570d2ff0
547,57,327,cdls,0x5c08570d2ff0
548,57,177,cdls,0x5c08570d2ff0
549,66,192,cdls,0x5c08570d2ff0
550,45,99,cdls,0x5c08570d2ff0
551,72,192,cdls,0x5c08570d2ff0
552,39,153,cdls,0x5c08570d2ff0
553,42,165,cdls,0x5c08570d2ff0
554,27,96,cdls,0x5c08570d2ff0
555,36,141,cdls,0x5c08570d2ff0
556,57,294,cdls,0x5c08570d2ff0
557,57,219,cdls,0x5c08570d2ff0
558,45,183,cdls,0x5c08570d2ff0
559,81,279,cdls,0x5c08570d2ff0
560,63,255,cdls,0x5c08570d2ff0
561,93,318,cdls,0x5c08570d2ff0
562,51,261,cdls,0x5c08570d2ff0
563,84,348,cdls,0x5c08570d2ff0
564,72,279,cdls,0x5c08570d2ff0
565,60,192,cdls,0x5c08570d2ff0
566,57,399,cdls,0x5c08570d2ff0
567,48,210,cdls,0x5c08570d2ff0
568,90,375,cdls,0x5c08570d2ff0
569,24,153,cdls,0x5c08570d2ff0
570,63,297,cdls,0x5c08570d2ff0
571,81,375,cdls,0x5c08570d2ff0
572,57,213,cdls,0x5c08570d2ff0
573,60,282,cdls,0x5c08570d2ff0
574,60,183,cdls,0x5c08570d2ff0
575,45,231,cdls,0x5c08570d2ff0
576,57,267,cdls,0x5c08570d2ff0
577,45,195,cdls,0x5c08570d2ff0
578,60,282,cdls,0x5c08570d2ff0
579,36,162,cdls,0x5c08570d2ff0
580,75,345,cdls,0x5c08570d2ff0
581,63,198,cdls,0x5c08570d2ff0
582,90,276,cdls,0x5c08570d2ff0
583,39,141,cdls,0x5c08570d2ff0
584,36,138,cdls,0x5c08570d2ff0
585,36,135,cdls,0x5c08570d2ff0
586,60,270,cdls,0x5c08570d2ff0
587,51,201,cdls,0x5c08570d2ff0
588,54,240,cdls,0x5c08570d2ff0
589,60,354,cdls,0x5c08570d2ff0
590,36,234,cdls,0x5c08570d2ff0
591,36,222,cdls,0x5c08570d2ff0
592,72,384,cdls,0x5c08570d2ff0
593,72,285,cdls,0x5c08570d2ff0
594,63,270,cdls,0x5c08570d2ff0
595,72,261,cdls,0x5c08570d2ff0
596,96,378,cdls,0x5c08570d2ff0
597,66,273,cdls,0x5c08570d2ff0
598,81,255,cdls,0x5c08570d2ff0
599,42,171,cdls,0x5c08570d2ff0
600,84,378,cdls,0x5c08570d2ff0
601,75,321,cdls,0x5c08570d2ff0
602,63,252,cdls,0x5c08570d2ff0
603,27,183,cdls,0x5c08570d2ff0
604,93,435,cdls,0x5c08570d2ff0
605,114,351,cdls,0x5c08570d2ff0
606,36,129,cdls,0x5c08570d2ff0
607,63,186,cdls,0x5c08570d2ff0
608,42,240,cdls,0x5c08570d2ff0
609,48,198,cdls,0x5c08570d2ff0
610,39,249,cdls,0x5c08570d2ff0
611,51,189,cdls,0x5c08570d2ff0
612,69,225,cdls,0x5c08570d2ff0
613,54,276,cdls,0x5c08570d2ff0
614,30,165,cdls,0x5c08570d2ff0
615,21,171,cdls,0x5c08570d2ff0
616,45,183,cdls,0x5c08570d2ff0
617,48,318,cdls,0x5c08570d2ff0
618,30,204,cdls,0x5c08570d2ff0
619,54,216,cdls,0x5c08570d2ff0
620,33,135,cdls,0x5c08570d2ff0
621,66,294,cdls,0x5c08570d2ff0
622,48,210,cdls,0x5c08570d2ff0
623,72,294,cdls,0x5c08570d2ff0
624,105,459,cdls,0x5c08570d2ff0
625,54,312,cdls,0x5c08570d2ff0
626,57,267,cdls,0x5c08570d2ff0
627,42,204,cdls,0x5c08570d2ff0
628,27,225,cdls,0x5c08570d2ff0
629,45,252,cdls,0x5c08570d2ff0
630,84,306,cdls,0x5c08570d2ff0
631,39,273,cdls,0x5c08570d2ff0
632,18,168,cdls,0x5c08570d2ff0
633,72,258,cdls,0x5c08570d2ff0
634,54,240,cdls,0x5c08570d2ff0
635,51,309,cdls,0x5c08570d2ff0
636,45,219,cdls,0x5c08570d2ff0
637,39,177,cdls,0x5c08570d2ff0
638,39,177,cdls,0x5c08570d2ff0
639,84,306,cdls,0x5c08570d2ff0
640,60,282,cdls,0x5c08570d2ff0
641,78,276,cdls,0x5c08570d2ff0
642,21,75,cdls,0x5c08570d2ff0
643,51,249,cdls,0x5c08570d2ff0
644,45,183,cdls,0x5c08570d2ff0
645,66,276,cdls,0x5c08570d2ff0
646,54,252,cdls,0x5c08570d2ff0
647,45,231,cdls,0x5c08570d2ff0
648,72,306,cdls,0x5c08570d2ff0
649,33,231,cdls,0x5c08570d2ff0
650,24,150,cdls,0x5c08570d2ff0
651,105,303,cdls,0x5c08570d2ff0
652,30,174,cdls,0x5c08570d2ff0
653,78,291,cdls,0x5c08570d2ff0
654,57,348,cdls,0x5c08570d2ff0
655,54,336,cdls,0x5c08570d2ff0
656,57,222,cdls,0x5c08570d2ff0
657,63,273,cdls,0x5c08570d2ff0
658,54,240,cdls,0x5c08570d2ff0
659,156,414,cdls,0x5c08570d2ff0
660,84,321,cdls,0x5c08570d2ff0
661,63,351,cdls,0x5c08570d2ff0
662,57,198,cdls,0x5c08570d2ff0
663,48,222,cdls,0x5c08570d2ff0
664,57,264,cdls,0x5c08570d2ff0
665,39,225,cdls,0x5c08570d2ff0
666,30,204,cdls,0x5c08570d2ff0
667,60,330,cdls,0x5c08570d2ff0
668,51,321,cdls,0x5c08570d2ff0
669,48,210,cdls,0x5c08570d2ff0
670,39,201,cdls,0x5c08570d2ff0
671,90,255,cdls,0x5c08570d2ff0
672,78,234,cdls,0x5c08570d2ff0
673,27,213,cdls,0x5c08570d2ff0
674,30,216,cdls,0x5c08570d2ff0
675,39,165,cdls,0x5c08570d2ff0
676,60,294,cdls,0x5c08570d2ff0
677,48,198,cdls,0x5c08570d2ff0
678,36,258,cdls,0x5c08570d2ff0
679,39,225,cdls,0x5c08570d2ff0
680,51,249,cdls,0x5c08570d2ff0
681,54,240,cdls,0x5c08570d2ff0
682,75,333,cdls,0x5c08570d2ff0
683,60,342,cdls,0x5c08570d2ff0
684,36,234,cdls,0x5c08570d2ff0
685,78,288,cdls,0x5c08570d2ff0
686,57,303,cdls,0x5c08570d2ff0
687,78,324,cdls,0x5c08570d2ff0
688,66,300,cdls,0x5c08570d2ff0
689,63,297,cdls,0x5c08570d2ff0
690,69,303,cdls,0x5c08570d2ff0
691,39,165,cdls,0x5c08570d2ff0
692,39,237,cdls,0x5c08570d2ff0
693,63,261,cdls,0x5c08570d2ff0
694,24,174,cdls,0x5c08570d2ff0
695,69,204,cdls,0x5c08570d2ff0
696,60,246,cdls,0x5c08570d2ff0
697,42,180,cdls,0x5c08570d2ff0
698,75,225,cdls,0x5c08570d2ff0
699,30,183,cdls,0x5c08570d2ff0
700,84,321,cdls,0x5c08570d2ff0
701,72,294,cdls,0x5c08570d2ff0
702,48,210,cdls,0x5c08570d2ff0
703,114,342,cdls,0x5c08570d2ff0
704,45,198,cdls,0x5c08570d2ff0
705,39,219,cdls,0x5c08570d2ff0
706,84,282,cdls,0x5c08570d2ff0
707,72,270,cdls,0x5c08570d2ff0
708,84,315,cdls,0x5c08570d2ff0
709,69,291,cdls,0x5c08570d2ff0
710,42,180,cdls,0x5c08570d2ff0
711,39,177,cdls,0x5c08570d2ff0
712,57,231,cdls,0x5c08570d2ff0
713,78,255,cdls,0x5c08570d2ff0
714,57,240,cdls,0x5c08570d2ff0
715,45,153,cdls,0x5c08570d2ff0
716,36,150,cdls,0x5c08570d2ff0
717,81,372,cdls,0x5c08570d2ff0
718,111,351,cdls,0x5c08570d2ff0
719,36,270,cdls,0x5c08570d2ff0
720,57,339,cdls,0x5c08570d2ff0
721,21,171,cdls,0x5c08570d2ff0
722,111,393,cdls,0x5c08570d2ff0
723,78,258,cdls,0x5c08570d2ff0
724,33,243,cdls,0x5c08570d2ff0
725,36,210,cdls,0x5c08570d2ff0
726,120,360,cdls,0x5c08570d2ff0
727,81,282,cdls,0x5c08570d2ff0
728,78,237,cdls,0x5c08570d2ff0
729,36,225,cdls,0x5c08570d2ff0
730,75,405,cdls,0x5c08570d2ff0
731,75,285,cdls,0x5c08570d2ff0
732,69,264,cdls,0x5c08570d2ff0
733,42,144,cdls,0x5c08570d2ff0
734,42,138,cdls,0x5c08570d2ff0
735,45,219,cdls,0x5c08570d2ff0
736,96,306,cdls,0x5c08570d2ff0
737,108,270,cdls,0x5c08570d2ff0
738,48,294,cdls,0x5c08570d2ff0
739,69,279,cdls,0x5c08570d2ff0
740,33,207,cdls,0x5c08570d2ff0
741,72,315,cdls,0x5c08570d2ff0
742,33,207,cdls,0x5c08570d2ff0
743,51,225,cdls,0x5c08570d2ff0
744,57,231,cdls,0x5c08570d2ff0
745,66,348,cdls,0x5c08570d2ff0
746,66,300,cdls,0x5c08570d2ff0
747,66,213,cdls,0x5c08570d2ff0
748,45,207,cdls,0x5c08570d2ff0
749,72,237,cdls,0x5c08570d2ff0
750,99,477,cdls,0x5c08570d2ff0
751,93,393,cdls,0x5c08570d2ff0
752,48,210,cdls,0x5c08570d2ff0
753,54,324,cdls,0x5c08570d2ff0
754,66,372,cdls,0x5c08570d2ff0
755,57,225,cdls,0x5c08570d2ff0
756,66,249,cdls,0x5c08570d2ff0
757,48,183,cdls,0x5c08570d2ff0
758,72,342,cdls,0x5c08570d2ff0
759,57,339,cdls,0x5c08570d2ff0
760,60,336,cdls,0x5c08570d2ff0
761,54,312,cdls,0x5c08570d2ff0
762,51,225,cdls,0x5c08570d2ff0
763,27,201,cdls,0x5c08570d2ff0
764,48,210,cdls,0x5c08570d2ff0
765,63,297,cdls,0x5c08570d2ff0
766,30,192,cdls,0x5c08570d2ff0
767,84,342,cdls,0x5c08570d2ff0
768,21,171,cdls,0x5c08570d2ff0
769,54,312,cdls,0x5c08570d2ff0
770,36,234,cdls,0x5c08570d2ff0
771,27,189,cdls,0x5c08570d2ff0
772,57,363,cdls,0x5c08570d2ff0
773,99,429,cdls,0x5c08570d2ff0
774,63,285,cdls,0x5c08570d2ff0
775,42,264,cdls,0x5c08570d2ff0
776,39,177,cdls,0x5c08570d2ff0
777,54,207,cdls,0x5c08570d2ff0
778,81,258,cdls,0x5c08570d2ff0
779,57,243,cdls,0x5c08570d2ff0
780,51,237,cdls,0x5c08570d2ff0
781,39,261,cdls,0x5c08570d2ff0
782,57,156,cdls,0x5c08570d2ff0
783,60,324,cdls,0x5c08570d2ff0
784,66,204,cdls,0x5c08570d2ff0
785,54,204,cdls,0x5c08570d2ff0
786,48,282,cdls,0x5c08570d2ff0
787,78,267,cdls,0x5c08570d2ff0
788,60,282,cdls,0x5c08570d2ff0
789,90,348,cdls,0x5c08570d2ff0
790,60,222,cdls,0x5c08570d2ff0
791,57,252,cdls,0x5c08570d2ff0
792,54,225,cdls,0x5c08570d2ff0
793,138,318,cdls,0x5c08570d2ff0
794,48,183,cdls,0x5c08570d2ff0
795,36,246,cdls,0x5c08570d2ff0
796,39,246,cdls,0x5c08570d2ff0
797,36,216,cdls,0x5c08570d2ff0
798,69,351,cdls,0x5c08570d2ff0
799,21,183,cdls,0x5c08570d2ff0
800,27,201,cdls,0x5c08570d2ff0
801,18,132,cdls,0x5c08570d2ff0
802,45,195,cdls,0x5c08570d2ff0
803,99,345,cdls,0x5c08570d2ff0
804,105,399,cdls,0x5c08570d2ff0
805,48,210,cdls,0x5c08570d2ff0
806,57,363,cdls,0x5c08570d2ff0
807,87,381,cdls,0x5c08570d2ff0
808,102,300,cdls,0x5c08570d2ff0
809,126,456,cdls,0x5c08570d2ff0
810,66,615,cdls,0x5c08570d2ff0
811,75,273,cdls,0x5c08570d2ff0
812,87,288,cdls,0x5c08570d2ff0
813,33,126,cdls,0x5c08570d2ff0
814,42,192,cdls,0x5c08570d2ff0
815,63,273,cdls,0x5c08570d2ff0
816,78,300,cdls,0x5c08570d2ff0
817,108,381,cdls,0x5c08570d2ff0
818,75,330,cdls,0x5c08570d2ff0
819,78,408,cdls,0x5c08570d2ff0
820,111,354,cdls,0x5c08570d2ff0
821,51,213,cdls,0x5c08570d2ff0
822,156,423,cdls,0x5c08570d2ff0
823,111,390,cdls,0x5c08570d2ff0
824,27,177,cdls,0x5c08570d2ff0
825,54,204,cdls,0x5c08570d2ff0
826,39,156,cdls,0x5c08570d2ff0
827,63,237,cdls,0x5c08570d2ff0
828,60,294,cdls,0x5c08570d2ff0
829,24,168,cdls,0x5c08570d2ff0
830,36,186,cdls,0x5c08570d2ff0
831,36,201,cdls,0x5c08570d2ff0
832,48,261,cdls,0x5c08570d2ff0
833,96,246,cdls,0x5c08570d2ff0
834,33,126,cdls,0x5c08570d2ff0
835,15,117,cdls,0x5c08570d2ff0
836,105,405,cdls,0x5c08570d2ff0
837,30,201,cdls,0x5c08570d2ff0
838,45,195,cdls,0x5c08570d2ff0
839,30,216,cdls,0x5c08570d2ff0
840,45,255,cdls,0x5c08570d2ff0
841,57,243,cdls,0x5c08570d2ff0
842,75,321,cdls,0x5c08570d2ff0
843,54,288,cdls,0x5c08570d2ff0
844,27,201,cdls,0x5c08570d2ff0
845,45,291,cdls,0x5c08570d2ff0
846,54,348,cdls,0x5c08570d2ff0
847,39,162,cdls,0x5c08570d2ff0
848,66,255,cdls,0x5c08570d2ff0
849,39,177,cdls,0x5c08570d2ff0
850,66,312,cdls,0x5c08570d2ff0
851,51,237,cdls,0x5c08570d2ff0
852,66,255,cdls,0x5c08570d2ff0
853,48,192,cdls,0x5c08570d2ff0
854,93,390,cdls,0x5c08570d2ff0
855,120,357,cdls,0x5c08570d2ff0
856,48,378,cdls,0x5c08570d2ff0
857,30,204,cdls,0x5c08570d2ff0
858,57,279,cdls,0x5c08570d2ff0
859,39,153,cdls,0x5c08570d2ff0
860,66,276,cdls,0x5c08570d2ff0
861,93,387,cdls,0x5c08570d2ff0
862,60,330,cdls,0x5c08570d2ff0
863,36,198,cdls,0x5c08570d2ff0
864,33,192,cdls,0x5c08570d2ff0
865,57,303,cdls,0x5c08570d2ff0
866,60,234,cdls,0x5c08570d2ff0
867,66,153,cdls,0x5c08570d2ff0
868,60,165,cdls,0x5c08570d2ff0
869,39,138,cdls,0x5c08570d2ff0
870,39,156,cdls,0x5c08570d2ff0
871,66,276,cdls,0x5c08570d2ff0
872,27,96,cdls,0x5c08570d2ff0
873,66,342,cdls,0x5c08570d2ff0
874,81,345,cdls,0x5c08570d2ff0
875,51,216,cdls,0x5c08570d2ff0
876,48,135,cdls,0x5c08570d2ff0
877,165,408,cdls,0x5c08570d2ff0
878,60,234,cdls,0x5c08570d2ff0
879,78,246,cdls,0x5c08570d2ff0
880,45,195,cdls,0x5c08570d2ff0
881,75,486,cdls,0x5c08570d2ff0
882,27,189,cdls,0x5c08570d2ff0
883,105,246,cdls,0x5c08570d2ff0
884,111,411,cdls,0x5c08570d2ff0
885,84,231,cdls,0x5c08570d2ff0
886,45,180,cdls,0x5c08570d2ff0
887,90,297,cdls,0x5c08570d2ff0
888,39,216,cdls,0x5c08570d2ff0
889,33,231,cdls,0x5c08570d2ff0
890,27,201,cdls,0x5c08570d2ff0
891,45,291,cdls,0x5c08570d2ff0
892,54,228,cdls,0x5c08570d2ff0
893,78,297,cdls,0x5c08570d2ff0
894,90,336,cdls,0x5c08570d2ff0
895,114,360,cdls,0x5c08570d2ff0
896,144,366,cdls,0x5c08570d2ff0
897,72,300,cdls,0x5c08570d2ff0
898,66,240,cdls,0x5c08570d2ff0
899,57,315,cdls,0x5c08570d2ff0
900,48,210,cdls,0x5c08570d2ff0
901,96,267,cdls,0x5c08570d2ff0
902,21,159,cdls,0x5c08570d2ff0
903,54,258,cdls,0x5c08570d2ff0
904,27,171,cdls,0x5c08570d2ff0
905,54,240,cdls,0x5c08570d2ff0
906,87,357,cdls,0x5c08570d2ff0
907,57,252,cdls,0x5c08570d2ff0
908,81,330,cdls,0x5c08570d2ff0
909,66,264,cdls,0x5c08570d2ff0
910,36,129,cdls,0x5c08570d2ff0
911,81,243,cdls,0x5c08570d2ff0
912,39,165,cdls,0x5c08570d2ff0
913,36,162,cdls,0x5c08570d2ff0
914,39,132,cdls,0x5c08570d2ff0
915,75,216,cdls,0x5c08570d2ff0
916,57,303,cdls,0x5c08570d2ff0
917,42,276,cdls,0x5c08570d2ff0
918,57,213,cdls,0x5c08570d2ff0
919,45,195,cdls,0x5c08570d2ff0
920,33,231,cdls,0x5c08570d2ff0
921,30,126,cdls,0x5c08570d2ff0
922,48,174,cdls,0x5c08570d2ff0
923,96,372,cdls,0x5c08570d2ff0
924,87,321,cdls,0x5c08570d2ff0
925,111,369,cdls,0x5c08570d2ff0
926,69,270,cdls,0x5c08570d2ff0
927,75,321,cdls,0x5c08570d2ff0
928,90,312,cdls,0x5c08570d2ff0
929,87,480,cdls,0x5c08570d2ff0
930,39,396,cdls,0x5c08570d2ff0
931,90,384,cdls,0x5c08570d2ff0
932,18,168,cdls,0x5c08570d2ff0
933,51,309,cdls,0x5c08570d2ff0
934,18,132,cdls,0x5c08570d2ff0
935,21,147,cdls,0x5c08570d2ff0
936,90,408,cdls,0x5c08570d2ff0
937,18,156,cdls,0x5c08570d2ff0
938,105,363,cdls,0x5c08570d2ff0
939,54,228,cdls,0x5c08570d2ff0
940,81,306,cdls,0x5c08570d2ff0
941,51,246,cdls,0x5c08570d2ff0
942,54,219,cdls,0x5c08570d2ff0
943,36,174,cdls,0x5c08570d2ff0
944,36,246,cdls,0x5c08570d2ff0
945,63,297,cdls,0x5c08570d2ff0
946,30,120,cdls,0x5c08570d2ff0
947,78,336,cdls,0x5c08570d2ff0
948,33,135,cdls,0x5c08570d2ff0
949,36,150,cdls,0x5c08570d2ff0
950,72,291,cdls,0x5c08570d2ff0
951,30,165,cdls,0x5c08570d2ff0
952,48,321,cdls,0x5c08570d2ff0
953,102,390,cdls,0x5c08570d2ff0
954,42,180,cdls,0x5c08570d2ff0
955,69,219,cdls,0x5c08570d2ff0
956,45,171,cdls,0x5c08570d2ff0
957,57,243,cdls,0x5c08570d2ff0
958,30,216,cdls,0x5c08570d2ff0
959,75,243,cdls,0x5c08570d2ff0
960,36,138,cdls,0x5c08570d2ff0
961,84,354,cdls,0x5c08570d2ff0
962,24,150,cdls,0x5c08570d2ff0
963,36,270,cdls,0x5c08570d2ff0
964,75,300,cdls,0x5c08570d2ff0
965,36,150,cdls,0x5c08570d2ff0
966,66,267,cdls,0x5c08570d2ff0
967,75,381,cdls,0x5c08570d2ff0
968,24,186,cdls,0x5c08570d2ff0
969,60,258,cdls,0x5c08570d2ff0
970,45,171,cdls,0x5c08570d2ff0
971,54,165,cdls,0x5c08570d2ff0
972,90,300,cdls,0x5c08570d2ff0
973,66,216,cdls,0x5c08570d2ff0
974,57,201,cdls,0x5c08570d2ff0
975,33,126,cdls,0x5c08570d2ff0
976,66,312,cdls,0x5c08570d2ff0
977,81,339,cdls,0x5c08570d2ff0
978,114,318,cdls,0x5c08570d2ff0
979,69,213,cdls,0x5c08570d2ff0
980,84,246,cdls,0x5c08570d2ff0
981,51,237,cdls,0x5c08570d2ff0
982,54,159,cdls,0x5c08570d2ff0
983,57,216,cdls,0x5c08570d2ff0
984,87,276,cdls,0x5c08570d2ff0
985,45,399,cdls,0x5c08570d2ff0
986,84,345,cdls,0x5c08570d2ff0
987,21,159,cdls,0x5c08570d2ff0
988,81,423,cdls,0x5c08570d2ff0
989,57,216,cdls,0x5c08570d2ff0
990,72,240,cdls,0x5c08570d2ff0
991,36,234,cdls,0x5c08570d2ff0
992,45,279,cdls,0x5c08570d2ff0
993,63,294,cdls,0x5c08570d2ff0
994,63,252,cdls,0x5c08570d2ff0
995,42,120,cdls,0x5c08570d2ff0
996,42,144,cdls,0x5c08570d2ff0
997,39,150,cdls,0x5c08570d2ff0
998,111,441,cdls,0x5c08570d2ff0
999,33,186,cdls,0x5c08570d2ff0
1000,48,210,cdls,0x5c08570d2ff0
1001,51,237,cdls,0x5c08570d2ff0
1002,72,213,cdls,0x5c08570d2ff0
1003,42,141,cdls,0x5c08570d2ff0
1004,93,363,cdls,0x5c08570d2ff0
1005,45,189,cdls,0x5c08570d2ff0
1006,57,255,cdls,0x5c08570d2ff0
1007,42,264,cdls,0x5c08570d2ff0
1008,18,144,cdls,0x5c08570d2ff0
1009,69,216,cdls,0x5c08570d2ff0
1010,69,252,cdls,0x5c08570d2ff0
1011,33,126,cdls,0x5c08570d2ff0
1012,72,300,cdls,0x5c08570d2ff0
1013,51,219,cdls,0x5c08570d2ff0
1014,69,222,cdls,0x5c08570d2ff0
1015,96,384,cdls,0x5c08570d2ff0
1016,54,300,cdls,0x5c08570d2ff0
1017,102,480,cdls,0x5c08570d2ff0
1018,54,396,cdls,0x5c08570d2ff0
1019,84,390,cdls,0x5c08570d2ff0
1020,78,348,cdls,0x5c08570d2ff0
1021,60,294,cdls,0x5c08570d2ff0
1022,33,219,cdls,0x5c08570d2ff0
1023,36,222,cdls,0x5c08570d2ff0
1024,30,132,cdls,0x5c08570d2ff0
1025,27,225,cdls,0x5c08570d2ff0
1026,42,180,cdls,0x5c08570d2ff0
1027,60,270,cdls,0x5c08570d2ff0
1028,57,315,cdls,0x5c08570d2ff0
1029,66,288,cdls,0x5c08570d2ff0
1030,42,288,cdls,0x5c08570d2ff0
1031,60,246,cdls,0x5c08570d2ff0
1032,27,201,cdls,0x5c08570d2ff0
1033,45,219,cdls,0x5c08570d2ff0
1034,84,309,cdls,0x5c08570d2ff0
1035,75,303,cdls,0x5c08570d2ff0
1036,60,291,cdls,0x5c08570d2ff0
1037,39,165,cdls,0x5c08570d2ff0
1038,84,342,cdls,0x5c08570d2ff0
1039,81,270,cdls,0x5c08570d2ff0
1040,99,312,cdls,0x5c08570d2ff0
1041,105,351,cdls,0x5c08570d2ff0
1042,54,270,cdls,0x5c08570d2ff0
1043,69,315,cdls,0x5c08570d2ff0
1044,69,357,cdls,0x5c08570d2ff0
1045,33,243,cdls,0x5c08570d2ff0
1046,36,210,cdls,0x5c08570d2ff0
1047,57,315,cdls,0x5c08570d2ff0
1048,24,198,cdls,0x5c08570d2ff0
1049,51,213,cdls,0x5c08570d2ff0
1050,24,186,cdls,0x5c08570d2ff0
1051,105,390,cdls,0x5c08570d2ff0
1052,96,264,cdls,0x5c08570d2ff0
1053,51,282,cdls,0x5c08570d2ff0
1054,36,222,cdls,0x5c08570d2ff0
1055,45,267,cdls,0x5c08570d2ff0
1056,36,129,cdls,0x5c08570d2ff0
1057,90,360,cdls,0x5c08570d2ff0
1058,48,459,cdls,0x5c08570d2ff0
1059,51,189,cdls,0x5c08570d2ff0
1060,39,213,cdls,0x5c08570d2ff0
1061,72,249,cdls,0x5c08570d2ff0
1062,54,264,cdls,0x5c08570d2ff0
1063,42,168,cdls,0x5c08570d2ff0
1064,69,291,cdls,0x5c08570d2ff0
1065,51,309,cdls,0x5c08570d2ff0
1066,54,153,cdls,0x5c08570d2ff0
1067,51,186,cdls,0x5c08570d2ff0
1068,69,258,cdls,0x5c08570d2ff0
1069,45,159,cdls,0x5c08570d2ff0
1070,57,237,cdls,0x5c08570d2ff0
1071,63,198,cdls,0x5c08570d2ff0
1072,39,207,cdls,0x5c08570d2ff0
1073,39,153,cdls,0x5c08570d2ff0
1074,90,273,cdls,0x5c08570d2ff0
1075,39,138,cdls,0x5c08570d2ff0
1076,108,258,cdls,0x5c08570d2ff0
1077,39,207,cdls,0x5c08570d2ff0
1078,39,147,cdls,0x5c08570d2ff0
1079,60,282,cdls,0x5c08570d2ff0
1080,54,216,cdls,0x5c08570d2ff0
1081,72,378,cdls,0x5c08570d2ff0
1082,42,180,cdls,0x5c08570d2ff0
1083,75,345,cdls,0x5c08570d2ff0
1084,36,246,cdls,0x5c08570d2ff0
1085,24,174,cdls,0x5c08570d2ff0
1086,45,195,cdls,0x5c08570d2ff0
1087,48,198,cdls,0x5c08570d2ff0
1088,36,138,cdls,0x5c08570d2ff0
1089,39,165,cdls,0x5c08570d2ff0
1090,39,147,cdls,0x5c08570d2ff0
1091,42,204,cdls,0x5c08570d2ff0
1092,36,141,cdls,0x5c08570d2ff0
1093,87,303,cdls,0x5c08570d2ff0
1094,39,249,cdls,0x5c08570d2ff0
1095,30,192,cdls,0x5c08570d2ff0
1096,36,234,cdls,0x5c08570d2ff0
1097,51,213,cdls,0x5c08570d2ff0
1098,33,207,cdls,0x5c08570d2ff0
1099,72,306,cdls,0x5c08570d2ff0
1100,39,153,cdls,0x5c08570d2ff0
1101,39,297,cdls,0x5c08570d2ff0
1102,27,189,cdls,0x5c08570d2ff0
1103,36,222,cdls,0x5c08570d2ff0
1104,51,225,cdls,0x5c08570d2ff0
1105,36,246,cdls,0x5c08570d2ff0
1106,93,351,cdls,0x5c08570d2ff0
1107,36,234,cdls,0x5c08570d2ff0
1108,27,201,cdls,0x5c08570d2ff0
1109,63,357,cdls,0x5c08570d2ff0
1110,60,282,cdls,0x5c08570d2ff0
1111,30,204,cdls,0x5c08570d2ff0
1112,45,180,cdls,0x5c08570d2ff0
1113,60,270,cdls,0x5c08570d2ff0
1114,39,249,cdls,0x5c08570d2ff0
1115,60,402,cdls,0x5c08570d2ff0
1116,39,249,cdls,0x5c08570d2ff0
1117,54,240,cdls,0x5c08570d2ff0
1118,69,387,cdls,0x5c08570d2ff0
1119,27,198,cdls,0x5c08570d2ff0
1120,45,435,cdls,0x5c08570d2ff0
1121,33,219,cdls,0x5c08570d2ff0
1122,36,258,cdls,0x5c08570d2ff0
1123,42,180,cdls,0x5c08570d2ff0
1124,51,225,cdls,0x5c08570d2ff0
1125,81,483,cdls,0x5c08570d2ff0
1126,72,282,cdls,0x5c08570d2ff0
1127,60,300,cdls,0x5c08570d2ff0
1128,84,303,cdls,0x5c08570d2ff0
1129,78,372,cdls,0x5c08570d2ff0
1130,81,303,cdls,0x5c08570d2ff0
1131,51,297,cdls,0x5c08570d2ff0
1132,33,231,cdls,0x5c08570d2ff0
1133,24,186,cdls,0x5c08570d2ff0
1134,48,282,cdls,0x5c08570d2ff0
1135,48,282,cdls,0x5c08570d2ff0
1136,120,474,cdls,0x5c08570d2ff0
1137,30,204,cdls,0x5c08570d2ff0
1138,87,417,cdls,0x5c08570d2ff0
1139,72,294,cdls,0x5c08570d2ff0
1140,60,246,cdls,0x5c08570d2ff0
1141,21,171,cdls,0x5c08570d2ff0
1142,69,303,cdls,0x5c08570d2ff0
1143,48,270,cdls,0x5c08570d2ff0
1144,30,204,cdls,0x5c08570d2ff0
1145,33,243,cdls,0x5c08570d2ff0
1146,24,198,cdls,0x5c08570d2ff0
1147,36,258,cdls,0x5c08570d2ff0
1148,87,429,cdls,0x5c08570d2ff0
1149,75,393,cdls,0x5c08570d2ff0
1150,15,141,cdls,0x5c08570d2ff0
1151,69,231,cdls,0x5c08570d2ff0
1152,42,168,cdls,0x5c08570d2ff0
1153,39,189,cdls,0x5c08570d2ff0
1154,27,201,cdls,0x5c08570d2ff0
1155,48,294,cdls,0x5c08570d2ff0
1156,75,369,cdls,0x5c08570d2ff0
1157,51,201,cdls,0x5c08570d2ff0
1158,39,237,cdls,0x5c08570d2ff0
1159,45,195,cdls,0x5c08570d2ff0
1160,42,252,cdls,0x5c08570d2ff0
1161,54,240,cdls,0x5c08570d2ff0
1162,51,477,cdls,0x5c08570d2ff0
1163,102,504,cdls,0x5c08570d2ff0
1164,39,249,cdls,0x5c08570d2ff0
1165,45,234,cdls,0x5c08570d2ff0
1166,24,129,cdls,0x5c08570d2ff0
1167,36,246,cdls,0x5c08570d2ff0
1168,36,165,cdls,0x5c08570d2ff0
1169,69,318,cdls,0x5c08570d2ff0
1170,33,135,cdls,0x5c08570d2ff0
1171,60,270,cdls,0x5c08570d2ff0
1172,90,336,cdls,0x5c08570d2ff0
1173,99,393,cdls,0x5c08570d2ff0
1174,69,291,cdls,0x5c08570d2ff0
1175,111,381,cdls,0x5c08570d2ff0
1176,81,414,cdls,0x5c08570d2ff0
1177,36,189,cdls,0x5c08570d2ff0
1178,42,153,cdls,0x5c08570d2ff0
1179,42,420,cdls,0x5c08570d2ff0
1180,42,264,cdls,0x5c08570d2ff0
1181,99,417,cdls,0x5c08570d2ff0
1182,51,213,cdls,0x5c08570d2ff0
1183,54,252,cdls,0x5c08570d2ff0
1184,66,324,cdls,0x5c08570d2ff0
1185,51,525,cdls,0x5c08570d2ff0
1186,39,249,cdls,0x5c08570d2ff0
1187,111,405,cdls,0x5c08570d2ff0
1188,78,348,cdls,0x5c08570d2ff0
1189,81,375,cdls,0x5c08570d2ff0
1190,51,321,cdls,0x5c08570d2ff0
1191,36,258,cdls,0x5c08570d2ff0
1192,93,423,cdls,0x5c08570d2ff0
1193,63,285,cdls,0x5c08570d2ff0
1194,108,582,cdls,0x5c08570d2ff0
1195,36,132,cdls,0x5c08570d2ff0
1196,57,252,cdls,0x5c08570d2ff0
1197,63,252,cdls,0x5c08570d2ff0
1198,36,246,cdls,0x5c08570d2ff0
1199,60,270,cdls,0x5c08570d2ff0
1200,102,300,cdls,0x5c08570d2ff0
1201,69,315,cdls,0x5c08570d2ff0
1202,87,477,cdls,0x5c08570d2ff0
1203,24,186,cdls,0x5c08570d2ff0
1204,36,246,cdls,0x5c08570d2ff0
1205,42,177,cdls,0x5c08570d2ff0
1206,36,258,cdls,0x5c08570d2ff0
1207,57,279,cdls,0x5c08570d2ff0
1208,78,384,cdls,0x5c08570d2ff0
1209,60,219,cdls,0x5c08570d2ff0
1210,33,231,cdls,0x5c08570d2ff0
1211,66,360,cdls,0x5c08570d2ff0
1212,30,348,cdls,0x5c08570d2ff0
1213,48,246,cdls,0x5c08570d2ff0
1214,69,315,cdls,0x5c08570d2ff0
1215,27,189,cdls,0x5c08570d2ff0
1216,51,285,cdls,0x5c08570d2ff0
1217,39,237,cdls,0x5c08570d2ff0
1218,72,366,cdls,0x5c08570d2ff0
1219,45,303,cdls,0x5c08570d2ff0
1220,93,363,cdls,0x5c08570d2ff0
1221,72,318,cdls,0x5c08570d2ff0
1222,33,195,cdls,0x5c08570d2ff0
1223,30,204,cdls,0x5c08570d2ff0
1224,126,471,cdls,0x5c08570d2ff0
1225,57,339,cdls,0x5c08570d2ff0
1226,54,348,cdls,0x5c08570d2ff0
1227,69,315,cdls,0x5c08570d2ff0
1228,126,456,cdls,0x5c08570d2ff0
1229,39,489,cdls,0x5c08570d2ff0
1230,84,366,cdls,0x5c08570d2ff0
1231,36,225,cdls,0x5c08570d2ff0
1232,54,216,cdls,0x5c08570d2ff0
1233,69,345,cdls,0x5c08570d2ff0
1234,63,297,cdls,0x5c08570d2ff0
1235,108,474,cdls,0x5c08570d2ff0
1236,69,234,cdls,0x5c08570d2ff0
1237,30,120,cdls,0x5c08570d2ff0
1238,42,156,cdls,0x5c08570d2ff0
1239,69,282,cdls,0x5c08570d2ff0
1240,45,279,cdls,0x5c08570d2ff0
1241,57,243,cdls,0x5c08570d2ff0
1242,111,501,cdls,0x5c08570d2ff0
1243,27,189,cdls,0x5c08570d2ff0
1244,81,507,cdls,0x5c08570d2ff0
1245,87,405,cdls,0x5c08570d2ff0
1246,126,456,cdls,0x5c08570d2ff0
1247,63,285,cdls,0x5c08570d2ff0
1248,69,489,cdls,0x5c08570d2ff0
1249,102,456,cdls,0x5c08570d2ff0
1250,63,561,cdls,0x5c08570d2ff0
1251,33,219,cdls,0x5c08570d2ff0
1252,30,201,cdls,0x5c08570d2ff0
1253,30,204,cdls,0x5c08570d2ff0
1254,27,189,cdls,0x5c08570d2ff0
1255,99,405,cdls,0x5c08570d2ff0
1256,69,261,cdls,0x5c08570d2ff0
1257,57,255,cdls,0x5c08570d2ff0
1258,60,534,cdls,0x5c08570d2ff0
1259,153,468,cdls,0x5c08570d2ff0
1260,90,459,cdls,0x5c08570d2ff0
1261,84,378,cdls,0x5c08570d2ff0
1262,117,423,cdls,0x5c08570d2ff0
1263,81,495,cdls,0x5c08570d2ff0
1264,99,453,cdls,0x5c08570d2ff0
1265,42,288,cdls,0x5c08570d2ff0
1266,51,390,cdls,0x5c08570d2ff0
1267,69,273,cdls,0x5c08570d2ff0
1268,66,300,cdls,0x5c08570d2ff0
1269,78,432,cdls,0x5c08570d2ff0
1270,33,243,cdls,0x5c08570d2ff0
1271,66,288,cdls,0x5c08570d2ff0
1272,78,444,cdls,0x5c08570d2ff0
1273,42,240,cdls,0x5c08570d2ff0
1274,72,450,cdls,0x5c08570d2ff0
1275,60,294,cdls,0x5c08570d2ff0
1276,72,354,cdls,0x5c08570d2ff0
1277,108,369,cdls,0x5c08570d2ff0
1278,51,225,cdls,0x5c08570d2ff0
1279,45,177,cdls,0x5c08570d2ff0
1280,33,243,cdls,0x5c08570d2ff0
1281,36,246,cdls,0x5c08570d2ff0
1282,33,120,cdls,0x5c08570d2ff0
1283,36,258,cdls,0x5c08570d2ff0
1284,45,195,cdls,0x5c08570d2ff0
1285,30,204,cdls,0x5c08570d2ff0
1286,54,324,cdls,0x5c08570d2ff0
1287,33,207,cdls,0x5c08570d2ff0
1288,39,237,cdls,0x5c08570d2ff0
1289,69,411,cdls,0x5c08570d2ff0
1290,33,231,cdls,0x5c08570d2ff0
1291,57,495,cdls,0x5c08570d2ff0
1292,45,279,cdls,0x5c08570d2ff0
1293,75,357,cdls,0x5c08570d2ff0
1294,30,201,cdls,0x5c08570d2ff0
1295,90,528,cdls,0x5c08570d2ff0
1296,123,357,cdls,0x5c08570d2ff0
1297,45,195,cdls,0x5c08570d2ff0
1298,66,276,cdls,0x5c08570d2ff0
1299,63,285,cdls,0x5c08570d2ff0
1300,72,342,cdls,0x5c08570d2ff0
1301,66,252,cdls,0x5c08570d2ff0
1302,57,225,cdls,0x5c08570d2ff0
1303,21,183,cdls,0x5c08570d2ff0
1304,81,291,cdls,0x5c08570d2ff0
1305,129,309,cdls,0x5c08570d2ff0
1306,72,198,cdls,0x5c08570d2ff0
1307,66,189,cdls,0x5c08570d2ff0
1308,84,315,cdls,0x5c08570d2ff0
1309,48,246,cdls,0x5c08570d2ff0
1310,42,264,cdls,0x5c08570d2ff0
1311,87,357,cdls,0x5c08570d2ff0
1312,51,165,cdls,0x5c08570d2ff0
1313,48,255,cdls,0x5c08570d2ff0
1314,42,189,cdls,0x5c08570d2ff0
1315,75,381,cdls,0x5c08570d2ff0
1316,42,288,cdls,0x5c08570d2ff0
1317,36,306,cdls,0x5c08570d2ff0
1318,81,435,cdls,0x5c08570d2ff0
1319,87,369,cdls,0x5c08570d2ff0
1320,87,357,cdls,0x5c08570d2ff0
1321,111,396,cdls,0x5c08570d2ff0
1322,72,426,cdls,0x5c08570d2ff0
1323,75,333,cdls,0x5c08570d2ff0
1324,126,339,cdls,0x5c08570d2ff0
1325,120,486,cdls,0x5c08570d2ff0
1326,111,429,cdls,0x5c08570d2ff0
1327,24,144,cdls,0x5c08570d2ff0
1328,42,300,cdls,0x5c08570d2ff0
1329,93,330,cdls,0x5c08570d2ff0
1330,48,198,cdls,0x5c08570d2ff0
1331,48,135,cdls,0x5c08570d2ff0
1332,48,180,cdls,0x5c08570d2ff0
1333,45,132,cdls,0x5c08570d2ff0
1334,114,297,cdls,0x5c08570d2ff0
1335,39,228,cdls,0x5c08570d2ff0
1336,57,228,cdls,0x5c08570d2ff0
1337,84,345,cdls,0x5c08570d2ff0
1338,45,207,cdls,0x5c08570d2ff0
1339,69,243,cdls,0x5c08570d2ff0
1340,48,195,cdls,0x5c08570d2ff0
1341,51,255,cdls,0x5c08570d2ff0
1342,54,252,cdls,0x5c08570d2ff0
1343,69,471,cdls,0x5c08570d2ff0
1344,93,375,cdls,0x5c08570d2ff0
1345,24,162,cdls,0x5c08570d2ff0
1346,36,210,cdls,0x5c08570d2ff0
1347,18,144,cdls,0x5c08570d2ff0
1348,81,363,cdls,0x5c08570d2ff0
1349,90,396,cdls,0x5c08570d2ff0
1350,30,336,cdls,0x5c08570d2ff0
1351,42,543,cdls,0x5c08570d2ff0
1352,27,189,cdls,0x5c08570d2ff0
1353,33,207,cdls,0x5c08570d2ff0
1354,39,249,cdls,0x5c08570d2ff0
1355,63,369,cdls,0x5c08570d2ff0
1356,60,276,cdls,0x5c08570d2ff0
1357,30,216,cdls,0x5c08570d2ff0
1358,48,294,cdls,0x5c08570d2ff0
1359,51,225,cdls,0x5c08570d2ff0
1360,60,222,cdls,0x5c08570d2ff0
1361,84,390,cdls,0x5c08570d2ff0
1362,81,363,cdls,0x5c08570d2ff0
1363,96,273,cdls,0x5c08570d2ff0
1364,60,213,cdls,0x5c08570d2ff0
1365,90,300,cdls,0x5c08570d2ff0
1366,63,237,cdls,0x5c08570d2ff0
1367,84,291,cdls,0x5c08570d2ff0
1368,69,237,cdls,0x5c08570d2ff0
1369,63,441,cdls,0x5c08570d2ff0
1370,69,291,cdls,0x5c08570d2ff0
1371,66,324,cdls,0x5c08570d2ff0
1372,57,312,cdls,0x5c08570d2ff0
1373,24,186,cdls,0x5c08570d2ff0
1374,60,258,cdls,0x5c08570d2ff0
1375,57,255,cdls,0x5c08570d2ff0
1376,57,180,cdls,0x5c08570d2ff0
1377,63,243,cdls,0x5c08570d2ff0
1378,24,186,cdls,0x5c08570d2ff0
1379,48,270,cdls,0x5c08570d2ff0
1380,87,393,cdls,0x5c08570d2ff0
1381,12,126,cdls,0x5c08570d2ff0
1382,81,387,cdls,0x5c08570d2ff0
1383,45,207,cdls,0x5c08570d2ff0
1384,78,324,cdls,0x5c08570d2ff0
1385,54,408,cdls,0x5c08570d2ff0
1386,42,576,cdls,0x5c08570d2ff0
1387,81,285,cdls,0x5c08570d2ff0
1388,42,261,cdls,0x5c08570d2ff0
1389,33,204,cdls,0x5c08570d2ff0
1390,54,288,cdls,0x5c08570d2ff0
1391,48,270,cdls,0x5c08570d2ff0
1392,51,189,cdls,0x5c08570d2ff0
1393,60,270,cdls,0x5c08570d2ff0
1394,24,222,cdls,0x5c08570d2ff0
1395,36,174,cdls,0x5c08570d2ff0
1396,45,168,cdls,0x5c08570d2ff0
1397,24,153,cdls,0x5c08570d2ff0
1398,69,279,cdls,0x5c08570d2ff0
1399,75,282,cdls,0x5c08570d2ff0
1400,78,423,cdls,0x5c08570d2ff0
1401,60,219,cdls,0x5c08570d2ff0
1402,66,294,cdls,0x5c08570d2ff0
1403,78,360,cdls,0x5c08570d2ff0
1404,39,177,cdls,0x5c08570d2ff0
1405,45,195,cdls,0x5c08570d2ff0
1406,63,240,cdls,0x5c08570d2ff0
1407,48,183,cdls,0x5c08570d2ff0
1408,45,132,cdls,0x5c08570d2ff0
1409,63,249,cdls,0x5c08570d2ff0
1410,45,180,cdls,0x5c08570d2ff0
1411,69,267,cdls,0x5c08570d2ff0
1412,54,207,cdls,0x5c08570d2ff0
1413,51,237,cdls,0x5c08570d2ff0
1414,42,165,cdls,0x5c08570d2ff0
1415,57,255,cdls,0x5c08570d2ff0
1416,57,144,cdls,0x5c08570d2ff0
1417,117,351,cdls,0x5c08570d2ff0
1418,60,318,cdls,0x5c08570d2ff0
1419,96,426,cdls,0x5c08570d2ff0
1420,45,207,cdls,0x5c08570d2ff0
1421,36,138,cdls,0x5c08570d2ff0
1422,48,198,cdls,0x5c08570d2ff0
1423,33,207,cdls,0x5c08570d2ff0
1424,57,351,cdls,0x5c08570d2ff0
1425,45,180,cdls,0x5c08570d2ff0
1426,39,144,cdls,0x5c08570d2ff0
1427,24,174,cdls,0x5c08570d2ff0
1428,54,240,cdls,0x5c08570d2ff0
1429,66,420,cdls,0x5c08570d2ff0
1430,27,213,cdls,0x5c08570d2ff0
1431,132,399,cdls,0x5c08570d2ff0
1432,72,294,cdls,0x5c08570d2ff0
1433,42,165,cdls,0x5c08570d2ff0
1434,18,123,cdls,0x5c08570d2ff0
1435,18,156,cdls,0x5c08570d2ff0
1436,30,192,cdls,0x5c08570d2ff0
1437,39,156,cdls,0x5c08570d2ff0
1438,30,120,cdls,0x5c08570d2ff0
1439,51,225,cdls,0x5c08570d2ff0
1440,39,216,cdls,0x5c08570d2ff0
1441,42,276,cdls,0x5c08570d2ff0
1442,102,402,cdls,0x5c08570d2ff0
1443,30,171,cdls,0x5c08570d2ff0
1444,45,228,cdls,0x5c08570d2ff0
1445,84,249,cdls,0x5c08570d2ff0
1446,39,237,cdls,0x5c08570d2ff0
1447,75,252,cdls,0x5c08570d2ff0
1448,39,210,cdls,0x5c08570d2ff0
1449,102,408,cdls,0x5c08570d2ff0
1450,78,360,cdls,0x5c08570d2ff0
1451,72,294,cdls,0x5c08570d2ff0
1452,39,207,cdls,0x5c08570d2ff0
1453,51,192,cdls,0x5c08570d2ff0
1454,57,243,cdls,0x5c08570d2ff0
1455,36,144,cdls,0x5c08570d2ff0
1456,99,330,cdls,0x5c08570d2ff0
1457,42,180,cdls,0x5c08570d2ff0
1458,102,390,cdls,0x5c08570d2ff0
1459,57,267,cdls,0x5c08570d2ff0
1460,42,180,cdls,0x5c08570d2ff0
1461,57,267,cdls,0x5c08570d2ff0
1462,48,201,cdls,0x5c08570d2ff0
1463,45,156,cdls,0x5c08570d2ff0
1464,72,201,cdls,0x5c08570d2ff0
1465,75,249,cdls,0x5c08570d2ff0
1466,57,228,cdls,0x5c08570d2ff0
1467,33,135,cdls,0x5c08570d2ff0
1468,45,228,cdls,0x5c08570d2ff0
1469,42,180,cdls,0x5c08570d2ff0
1470,48,168,cdls,0x5c08570d2ff0
1471,39,141,cdls,0x5c08570d2ff0
1472,42,168,cdls,0x5c08570d2ff0
1473,51,225,cdls,0x5c08570d2ff0
1474,51,252,cdls,0x5c08570d2ff0
1475,66,312,cdls,0x5c08570d2ff0
1476,93,387,cdls,0x5c08570d2ff0
1477,54,153,cdls,0x5c08570d2ff0
1478,90,294,cdls,0x5c08570d2ff0
1479,66,345,cdls,0x5c08570d2ff0
1480,57,147,cdls,0x5c08570d2ff0
1481,84,360,cdls,0x5c08570d2ff0
1482,78,261,cdls,0x5c08570d2ff0
1483,96,315,cdls,0x5c08570d2ff0
1484,102,357,cdls,0x5c08570d2ff0
1485,60,183,cdls,0x5c08570d2ff0
1486,51,201,cdls,0x5c08570d2ff0
1487,39,225,cdls,0x5c08570d2ff0
1488,96,426,cdls,0x5c08570d2ff0
1489,150,468,cdls,0x5c08570d2ff0
1490,39,189,cdls,0x5c08570d2ff0
1491,48,195,cdls,0x5c08570d2ff0
1492,21,171,cdls,0x5c08570d2ff0
1493,33,231,cdls,0x5c08570d2ff0
1494,87,276,cdls,0x5c08570d2ff0
1495,42,165,cdls,0x5c08570d2ff0
1496,108,336,cdls,0x5c08570d2ff0
1497,48,174,cdls,0x5c08570d2ff0
1498,75,309,cdls,0x5c08570d2ff0
1499,33,186,cdls,0x5c08570d2ff0
1500,39,141,cdls,0x5c08570d2ff0
1501,60,222,cdls,0x5c08570d2ff0
1502,96,300,cdls,0x5c08570d2ff0
1503,63,231,cdls,0x5c08570d2ff0
1504,33,126,cdls,0x5c08570d2ff0
1505,36,138,cdls,0x5c08570d2ff0
1506,24,81,cdls,0x5c08570d2ff0
1507,75,282,cdls,0x5c08570d2ff0
1508,57,225,cdls,0x5c08570d2ff0
1509,51,276,cdls,0x5c08570d2ff0
1510,78,312,cdls,0x5c08570d2ff0
1511,81,285,cdls,0x5c08570d2ff0
1512,75,315,cdls,0x5c08570d2ff0
1513,66,288,cdls,0x5c08570d2ff0
1514,30,111,cdls,0x5c08570d2ff0
1515,45,195,cdls,0x5c08570d2ff0
1516,48,222,cdls,0x5c08570d2ff0
1517,48,198,cdls,0x5c08570d2ff0
1518,21,171,cdls,0x5c08570d2ff0
1519,69,303,cdls,0x5c08570d2ff0
1520,72,342,cdls,0x5c08570d2ff0
1521,111,519,cdls,0x5c08570d2ff0
1522,114,318,cdls,0x5c08570d2ff0
1523,84,264,cdls,0x5c08570d2ff0
1524,39,144,cdls,0x5c08570d2ff0
1525,33,135,cdls,0x5c08570d2ff0
1526,69,225,cdls,0x5c08570d2ff0
1527,54,207,cdls,0x5c08570d2ff0
1528,48,195,cdls,0x5c08570d2ff0
1529,54,240,cdls,0x5c08570d2ff0
1530,75,381,cdls,0x5c08570d2ff0
1531,75,240,cdls,0x5c08570d2ff0
1532,45,177,cdls,0x5c08570d2ff0
1533,57,216,cdls,0x5c08570d2ff0
1534,54,348,cdls,0x5c08570d2ff0
1535,87,315,cdls,0x5c08570d2ff0
1536,30,228,cdls,0x5c08570d2ff0
1537,42,288,cdls,0x5c08570d2ff0
1538,51,309,cdls,0x5c08570d2ff0
1539,51,321,cdls,0x5c08570d2ff0
1540,93,387,cdls,0x5c08570d2ff0
1541,69,303,cdls,0x5c08570d2ff0
1542,39,165,cdls,0x5c08570d2ff0
1543,78,468,cdls,0x5c08570d2ff0
1544,42,180,cdls,0x5c08570d2ff0
1545,54,213,cdls,0x5c08570d2ff0
1546,60,219,cdls,0x5c08570d2ff0
1547,54,228,cdls,0x5c08570d2ff0
1548,48,177,cdls,0x5c08570d2ff0
1549,42,171,cdls,0x5c08570d2ff0
1550,48,198,cdls,0x5c08570d2ff0
1551,108,294,cdls,0x5c08570d2ff0
1552,45,168,cdls,0x5c08570d2ff0
1553,33,129,cdls,0x5c08570d2ff0
1554,72,219,cdls,0x5c08570d2ff0
1555,48,270,cdls,0x5c08570d2ff0
1556,93,345,cdls,0x5c08570d2ff0
1557,75,309,cdls,0x5c08570d2ff0
1558,30,228,cdls,0x5c08570d2ff0
1559,66,186,cdls,0x5c08570d2ff0
1560,57,180,cdls,0x5c08570d2ff0
1561,45,195,cdls,0x5c08570d2ff0
1562,81,285,cdls,0x5c08570d2ff0
1563,36,246,cdls,0x5c08570d2ff0
1564,84,276,cdls,0x5c08570d2ff0
1565,51,267,cdls,0x5c08570d2ff0
1566,63,345,cdls,0x5c08570d2ff0
1567,87,357,cdls,0x5c08570d2ff0
1568,111,417,cdls,0x5c08570d2ff0
1569,33,99,cdls,0x5c08570d2ff0
1570,42,150,cdls,0x5c08570d2ff0
1571,42,180,cdls,0x5c08570d2ff0
1572,51,264,cdls,0x5c08570d2ff0
1573,42,162,cdls,0x5c08570d2ff0
1574,54,216,cdls,0x5c08570d2ff0
1575,69,240,cdls,0x5c08570d2ff0
1576,66,297,cdls,0x5c08570d2ff0
1577,60,342,cdls,0x5c08570d2ff0
1578,48,276,cdls,0x5c08570d2ff0
1579,36,390,cdls,0x5c08570d2ff0
1580,27,96,cdls,0x5c08570d2ff0
1581,39,204,cdls,0x5c08570d2ff0
1582,39,150,cdls,0x5c08570d2ff0
1583,72,414,cdls,0x5c08570d2ff0
1584,51,189,cdls,0x5c08570d2ff0
1585,54,216,cdls,0x5c08570d2ff0
1586,42,180,cdls,0x5c08570d2ff0
1587,39,285,cdls,0x5c08570d2ff0
1588,30,240,cdls,0x5c08570d2ff0
1589,81,279,cdls,0x5c08570d2ff0
1590,57,354,cdls,0x5c08570d2ff0
1591,39,153,cdls,0x5c08570d2ff0
1592,69,267,cdls,0x5c08570d2ff0
1593,33,111,cdls,0x5c08570d2ff0
1594,63,273,cdls,0x5c08570d2ff0
1595,78,282,cdls,0x5c08570d2ff0
1596,78,339,cdls,0x5c08570d2ff0
1597,42,192,cdls,0x5c08570d2ff0
1598,51,309,cdls,0x5c08570d2ff0
1599,105,291,cdls,0x5c08570d2ff0
1600,84,354,cdls,0x5c08570d2ff0
1601,15,108,cdls,0x5c08570d2ff0
1602,33,207,cdls,0x5c08570d2ff0
1603,72,426,cdls,0x5c08570d2ff0
1604,51,216,cdls,0x5c08570d2ff0
1605,87,321,cdls,0x5c08570d2ff0
1606,93,399,cdls,0x5c08570d2ff0
1607,45,207,cdls,0x5c08570d2ff0
1608,54,240,cdls,0x5c08570d2ff0
1609,51,213,cdls,0x5c08570d2ff0
1610,93,351,cdls,0x5c08570d2ff0
1611,60,258,cdls,0x5c08570d2ff0
1612,48,210,cdls,0x5c08570d2ff0
1613,36,174,cdls,0x5c08570d2ff0
1614,72,402,cdls,0x5c08570d2ff0
1615,54,240,cdls,0x5c08570d2ff0
1616,36,150,cdls,0x5c08570d2ff0
1617,72,330,cdls,0x5c08570d2ff0
1618,27,117,cdls,0x5c08570d2ff0
1619,54,204,cdls,0x5c08570d2ff0
1620,45,171,cdls,0x5c08570d2ff0
1621,39,150,cdls,0x5c08570d2ff0
1622,45,195,cdls,0x5c08570d2ff0
1623,51,213,cdls,0x5c08570d2ff0
1624,45,183,cdls,0x5c08570d2ff0
1625,54,309,cdls,0x5c08570d2ff0
1626,96,312,cdls,0x5c08570d2ff0
1627,57,327,cdls,0x5c08570d2ff0
1628,66,219,cdls,0x5c08570d2ff0
1629,87,381,cdls,0x5c08570d2ff0
1630,36,246,cdls,0x5c08570d2ff0
1631,84,282,cdls,0x5c08570d2ff0
1632,42,264,cdls,0x5c08570d2ff0
1633,57,243,cdls,0x5c08570d2ff0
1634,36,138,cdls,0x5c08570d2ff0
1635,72,231,cdls,0x5c08570d2ff0
1636,87,255,cdls,0x5c08570d2ff0
1637,51,213,cdls,0x5c08570d2ff0
1638,63,201,cdls,0x5c08570d2ff0
1639,30,186,cdls,0x5c08570d2ff0
1640,60,246,cdls,0x5c08570d2ff0
1641,60,246,cdls,0x5c08570d2ff0
1642,75,285,cdls,0x5c08570d2ff0
1643,30,216,cdls,0x5c08570d2ff0
1644,63,285,cdls,0x5c08570d2ff0
1645,30,120,cdls,0x5c08570d2ff0
1646,63,465,cdls,0x5c08570d2ff0
1647,90,399,cdls,0x5c08570d2ff0
1648,108,534,cdls,0x5c08570d2ff0
1649,57,234,cdls,0x5c08570d2ff0
1650,39,261,cdls,0x5c08570d2ff0
1651,63,249,cdls,0x5c08570d2ff0
1652,54,228,cdls,0x5c08570d2ff0
1653,84,306,cdls,0x5c08570d2ff0
1654,33,135,cdls,0x5c08570d2ff0
1655,63,225,cdls,0x5c08570d2ff0
1656,117,318,cdls,0x5c08570d2ff0
1657,42,252,cdls,0x5c08570d2ff0
1658,33,243,cdls,0x5c08570d2ff0
1659,54,240,cdls,0x5c08570d2ff0
1660,111,366,cdls,0x5c08570d2ff0
1661,33,198,cdls,0x5c08570d2ff0
1662,39,159,cdls,0x5c08570d2ff0
1663,42,180,cdls,0x5c08570d2ff0
1664,30,204,cdls,0x5c08570d2ff0
1665,84,342,cdls,0x5c08570d2ff0
1666,90,324,cdls,0x5c08570d2ff0
1667,93,315,cdls,0x5c08570d2ff0
1668,39,228,cdls,0x5c08570d2ff0
1669,48,195,cdls,0x5c08570d2ff0
1670,30,216,cdls,0x5c08570d2ff0
1671,57,396,cdls,0x5c08570d2ff0
1672,21,147,cdls,0x5c08570d2ff0
1673,87,309,cdls,0x5c08570d2ff0
1674,60,342,cdls,0x5c08570d2ff0
1675,63,249,cdls,0x5c08570d2ff0
1676,87,267,cdls,0x5c08570d2ff0
1677,105,300,cdls,0x5c08570d2ff0
1678,24,153,cdls,0x5c08570d2ff0
1679,63,255,cdls,0x5c08570d2ff0
1680,33,219,cdls,0x5c08570d2ff0
1681,54,156,cdls,0x5c08570d2ff0
1682,48,210,cdls,0x5c08570d2ff0
1683,42,276,cdls,0x5c08570d2ff0
1684,69,291,cdls,0x5c08570d2ff0
1685,45,267,cdls,0x5c08570d2ff0
1686,27,201,cdls,0x5c08570d2ff0
1687,60,282,cdls,0x5c08570d2ff0
1688,36,168,cdls,0x5c08570d2ff0
1689,84,300,cdls,0x5c08570d2ff0
1690,81,264,cdls,0x5c08570d2ff0
1691,33,198,cdls,0x5c08570d2ff0
1692,57,168,cdls,0x5c08570d2ff0
1693,93,441,cdls,0x5c08570d2ff0
1694,51,321,cdls,0x5c08570d2ff0
1695,102,324,cdls,0x5c08570d2ff0
1696,57,189,cdls,0x5c08570d2ff0
1697,42,171,cdls,0x5c08570d2ff0
1698,90,240,cdls,0x5c08570d2ff0
1699,39,249,cdls,0x5c08570d2ff0
1700,27,201,cdls,0x5c08570d2ff0
1701,84,348,cdls,0x5c08570d2ff0
1702,96,261,cdls,0x5c08570d2ff0
1703,75,330,cdls,0x5c08570d2ff0
1704,39,249,cdls,0x5c08570d2ff0
1705,72,222,cdls,0x5c08570d2ff0
1706,60,303,cdls,0x5c08570d2ff0
1707,30,204,cdls,0x5c08570d2ff0
1708,54,348,cdls,0x5c08570d2ff0
1709,66,195,cdls,0x5c08570d2ff0
1710,60,306,cdls,0x5c08570d2ff0
1711,30,204,cdls,0x5c08570d2ff0
1712,57,204,cdls,0x5c08570d2ff0
1713,54,210,cdls,0x5c08570d2ff0
1714,42,213,cdls,0x5c08570d2ff0
1715,24,114,cdls,0x5c08570d2ff0
1716,90,384,cdls,0x5c08570d2ff0
1717,51,213,cdls,0x5c08570d2ff0
1718,36,138,cdls,0x5c08570d2ff0
1719,24,114,cdls,0x5c08570d2ff0
1720,105,303,cdls,0x5c08570d2ff0
1721,57,177,cdls,0x5c08570d2ff0
1722,75,285,cdls,0x5c08570d2ff0
1723,66,228,cdls,0x5c08570d2ff0
1724,84,342,cdls,0x5c08570d2ff0
1725,105,387,cdls,0x5c08570d2ff0
1726,84,462,cdls,0x5c08570d2ff0
1727,174,477,cdls,0x5c08570d2ff0
1728,66,360,cdls,0x5c08570d2ff0
1729,63,477,cdls,0x5c08570d2ff0
1730,114,378,cdls,0x5c08570d2ff0
1731,93,426,cdls,0x5c08570d2ff0
1732,78,402,cdls,0x5c08570d2ff0
1733,60,441,cdls,0x5c08570d2ff0
1734,69,303,cdls,0x5c08570d2ff0
1735,78,396,cdls,0x5c08570d2ff0
1736,45,399,cdls,0x5c08570d2ff0
1737,111,441,cdls,0x5c08570d2ff0
1738,66,336,cdls,0x5c08570d2ff0
1739,27,153,cdls,0x5c08570d2ff0
1740,36,246,cdls,0x5c08570d2ff0
1741,33,114,cdls,0x5c08570d2ff0
1742,60,258,cdls,0x5c08570d2ff0
1743,36,222,cdls,0x5c08570d2ff0
1744,27,189,cdls,0x5c08570d2ff0
1745,18,180,cdls,0x5c08570d2ff0
1746,96,336,cdls,0x5c08570d2ff0
1747,30,204,cdls,0x5c08570d2ff0
1748,93,369,cdls,0x5c08570d2ff0
1749,54,312,cdls,0x5c08570d2ff0
1750,33,201,cdls,0x5c08570d2ff0
1751,54,516,cdls,0x5c08570d2ff0
1752,108,366,cdls,0x5c08570d2ff0
1753,21,159,cdls,0x5c08570d2ff0
1754,87,297,cdls,0x5c08570d2ff0
1755,51,297,cdls,0x5c08570d2ff0
1756,63,285,cdls,0x5c08570d2ff0
1757,63,609,cdls,0x5c08570d2ff0
1758,57,555,cdls,0x5c08570d2ff0
1759,96,336,cdls,0x5c08570d2ff0
1760,66,288,cdls,0x5c08570d2ff0
1761,69,462,cdls,0x5c08570d2ff0
1762,96,243,cdls,0x5c08570d2ff0
1763,57,222,cdls,0x5c08570d2ff0
1764,42,204,cdls,0x5c08570d2ff0
1765,39,429,cdls,0x5c08570d2ff0
1766,63,489,cdls,0x5c08570d2ff0
1767,90,324,cdls,0x5c08570d2ff0
1768,60,270,cdls,0x5c08570d2ff0
1769,60,342,cdls,0x5c08570d2ff0
1770,69,303,cdls,0x5c08570d2ff0
1771,57,543,cdls,0x5c08570d2ff0
1772,75,381,cdls,0x5c08570d2ff0
1773,111,489,cdls,0x5c08570d2ff0
1774,69,579,cdls,0x5c08570d2ff0
1775,39,144,cdls,0x5c08570d2ff0
1776,66,189,cdls,0x5c08570d2ff0
1777,39,159,cdls,0x5c08570d2ff0
1778,48,210,cdls,0x5c08570d2ff0
1779,90,276,cdls,0x5c08570d2ff0
1780,36,150,cdls,0x5c08570d2ff0
1781,57,255,cdls,0x5c08570d2ff0
1782,33,195,cdls,0x5c08570d2ff0
1783,81,255,cdls,0x5c08570d2ff0
1784,54,312,cdls,0x5c08570d2ff0
1785,36,246,cdls,0x5c08570d2ff0
1786,39,285,cdls,0x5c08570d2ff0
1787,96,462,cdls,0x5c08570d2ff0
1788,108,450,cdls,0x5c08570d2ff0
1789,24,186,cdls,0x5c08570d2ff0
1790,96,402,cdls,0x5c08570d2ff0
1791,90,384,cdls,0x5c08570d2ff0
1792,45,423,cdls,0x5c08570d2ff0
1793,75,381,cdls,0x5c08570d2ff0
1794,21,183,cdls,0x5c08570d2ff0
1795,18,156,cdls,0x5c08570d2ff0
1796,54,240,cdls,0x5c08570d2ff0
1797,69,315,cdls,0x5c08570d2ff0
1798,39,261,cdls,0x5c08570d2ff0
1799,39,261,cdls,0x5c08570d2ff0
1800,51,333,cdls,0x5c08570d2ff0
1801,24,354,cdls,0x5c08570d2ff0
1802,75,465,cdls,0x5c08570d2ff0
1803,57,459,cdls,0x5c08570d2ff0
1804,63,273,cdls,0x5c08570d2ff0
1805,39,153,cdls,0x5c08570d2ff0
1806,33,123,cdls,0x5c08570d2ff0
1807,51,225,cdls,0x5c08570d2ff0
1808,51,204,cdls,0x5c08570d2ff0
1809,36,246,cdls,0x5c08570d2ff0
1810,36,246,cdls,0x5c08570d2ff0
1811,69,303,cdls,0x5c08570d2ff0
1812,117,459,cdls,0x5c08570d2ff0
1813,69,201,cdls,0x5c08570d2ff0
1814,39,261,cdls,0x5c08570d2ff0
1815,78,360,cdls,0x5c08570d2ff0
1816,24,162,cdls,0x5c08570d2ff0
1817,24,198,cdls,0x5c08570d2ff0
1818,30,204,cdls,0x5c08570d2ff0
1819,78,504,cdls,0x5c08570d2ff0
1820,30,108,cdls,0x5c08570d2ff0
1821,48,210,cdls,0x5c08570d2ff0
1822,36,246,cdls,0x5c08570d2ff0
1823,48,306,cdls,0x5c08570d2ff0
1824,27,189,cdls,0x5c08570d2ff0
1825,54,348,cdls,0x5c08570d2ff0
1826,75,333,cdls,0x5c08570d2ff0
1827,27,177,cdls,0x5c08570d2ff0
1828,45,279,cdls,0x5c08570d2ff0
1829,69,507,cdls,0x5c08570d2ff0
1830,42,180,cdls,0x5c08570d2ff0
1831,54,252,cdls,0x5c08570d2ff0
1832,24,174,cdls,0x5c08570d2ff0
1833,39,393,cdls,0x5c08570d2ff0
1834,45,291,cdls,0x5c08570d2ff0
1835,114,480,cdls,0x5c08570d2ff0
1836,36,246,cdls,0x5c08570d2ff0
1837,24,210,cdls,0x5c08570d2ff0
1838,24,198,cdls,0x5c08570d2ff0
1839,48,294,cdls,0x5c08570d2ff0
1840,42,240,cdls,0x5c08570d2ff0
1841,81,339,cdls,0x5c08570d2ff0
1842,21,171,cdls,0x5c08570d2ff0
1843,27,225,cdls,0x5c08570d2ff0
1844,36,246,cdls,0x5c08570d2ff0
1845,48,210,cdls,0x5c08570d2ff0
1846,72,330,cdls,0x5c08570d2ff0
1847,54,300,cdls,0x5c08570d2ff0
1848,75,333,cdls,0x5c08570d2ff0
1849,84,414,cdls,0x5c08570d2ff0
1850,45,195,cdls,0x5c08570d2ff0
1851,72,228,cdls,0x5c08570d2ff0
1852,24,174,cdls,0x5c08570d2ff0
1853,18,144,cdls,0x5c08570d2ff0
1854,27,189,cdls,0x5c08570d2ff0
1855,75,381,cdls,0x5c08570d2ff0
1856,57,216,cdls,0x5c08570d2ff0
1857,75,345,cdls,0x5c08570d2ff0
1858,45,291,cdls,0x5c08570d2ff0
1859,39,237,cdls,0x5c08570d2ff0
1860,66,321,cdls,0x5c08570d2ff0
1861,81,330,cdls,0x5c08570d2ff0
1862,30,216,cdls,0x5c08570d2ff0
1863,21,171,cdls,0x5c08570d2ff0
1864,45,195,cdls,0x5c08570d2ff0
1865,39,141,cdls,0x5c08570d2ff0
1866,63,285,cdls,0x5c08570d2ff0
1867,33,219,cdls,0x5c08570d2ff0
1868,45,195,cdls,0x5c08570d2ff0
1869,30,192,cdls,0x5c08570d2ff0
1870,39,273,cdls,0x5c08570d2ff0
1871,54,288,cdls,0x5c08570d2ff0
1872,69,291,cdls,0x5c08570d2ff0
1873,36,222,cdls,0x5c08570d2ff0
1874,48,294,cdls,0x5c08570d2ff0
1875,87,333,cdls,0x5c08570d2ff0
1876,45,279,cdls,0x5c08570d2ff0
1877,51,225,cdls,0x5c08570d2ff0
1878,66,201,cdls,0x5c08570d2ff0
1879,69,291,cdls,0x5c08570d2ff0
1880,78,309,cdls,0x5c08570d2ff0
1881,54,183,cdls,0x5c08570d2ff0
1882,66,201,cdls,0x5c08570d2ff0
1883,60,165,cdls,0x5c08570d2ff0
1884,33,150,cdls,0x5c08570d2ff0
1885,54,210,cdls,0x5c08570d2ff0
1886,81,270,cdls,0x5c08570d2ff0
1887,33,123,cdls,0x5c08570d2ff0
1888,51,237,cdls,0x5c08570d2ff0
1889,42,252,cdls,0x5c08570d2ff0
1890,48,306,cdls,0x5c08570d2ff0
1891,48,246,cdls,0x5c08570d2ff0
1892,57,243,cdls,0x5c08570d2ff0
1893,39,162,cdls,0x5c08570d2ff0
1894,33,126,cdls,0x5c08570d2ff0
1895,51,213,cdls,0x5c08570d2ff0
1896,51,249,cdls,0x5c08570d2ff0
1897,48,318,cdls,0x5c08570d2ff0
1898,81,252,cdls,0x5c08570d2ff0
1899,63,285,cdls,0x5c08570d2ff0
1900,93,387,cdls,0x5c08570d2ff0
1901,72,300,cdls,0x5c08570d2ff0
1902,63,285,cdls,0x5c08570d2ff0
1903,51,138,cdls,0x5c08570d2ff0
1904,36,150,cdls,0x5c08570d2ff0
1905,45,174,cdls,0x5c08570d2ff0
1906,42,264,cdls,0x5c08570d2ff0
1907,48,306,cdls,0x5c08570d2ff0
1908,24,174,cdls,0x5c08570d2ff0
1909,33,126,cdls,0x5c08570d2ff0
1910,60,249,cdls,0x5c08570d2ff0
1911,30,216,cdls,0x5c08570d2ff0
1912,27,201,cdls,0x5c08570d2ff0
1913,27,213,cdls,0x5c08570d2ff0
1914,69,327,cdls,0x5c08570d2ff0
1915,36,234,cdls,0x5c08570d2ff0
1916,33,135,cdls,0x5c08570d2ff0
1917,30,192,cdls,0x5c08570d2ff0
1918,33,219,cdls,0x5c08570d2ff0
1919,63,213,cdls,0x5c08570d2ff0
1920,72,318,cdls,0x5c08570d2ff0
1921,24,78,cdls,0x5c08570d2ff0
1922,36,129,cdls,0x5c08570d2ff0
1923,33,147,cdls,0x5c08570d2ff0
1924,39,201,cdls,0x5c08570d2ff0
1925,87,231,cdls,0x5c08570d2ff0
1926,72,312,cdls,0x5c08570d2ff0
1927,75,366,cdls,0x5c08570d2ff0
1928,57,303,cdls,0x5c08570d2ff0
1929,54,348,cdls,0x5c08570d2ff0
1930,39,162,cdls,0x5c08570d2ff0
1931,27,162,cdls,0x5c08570d2ff0
1932,111,303,cdls,0x5c08570d2ff0
1933,45,195,cdls,0x5c08570d2ff0
1934,45,246,cdls,0x5c08570d2ff0
1935,39,150,cdls,0x5c08570d2ff0
1936,36,213,cdls,0x5c08570d2ff0
1937,51,213,cdls,0x5c08570d2ff0
1938,33,111,cdls,0x5c08570d2ff0
1939,36,132,cdls,0x5c08570d2ff0
1940,72,276,cdls,0x5c08570d2ff0
1941,39,240,cdls,0x5c08570d2ff0
1942,81,375,cdls,0x5c08570d2ff0
1943,87,381,cdls,0x5c08570d2ff0
1944,33,231,cdls,0x5c08570d2ff0
1945,45,279,cdls,0x5c08570d2ff0
1946,60,474,cdls,0x5c08570d2ff0
1947,75,417,cdls,0x5c08570d2ff0
1948,96,321,cdls,0x5c08570d2ff0
1949,99,453,cdls,0x5c08570d2ff0
1950,30,186,cdls,0x5c08570d2ff0
1951,90,366,cdls,0x5c08570d2ff0
1952,84,291,cdls,0x5c08570d2ff0
1953,24,81,cdls,0x5c08570d2ff0
1954,81,279,cdls,0x5c08570d2ff0
1955,75,243,cdls,0x5c08570d2ff0
1956,81,279,cdls,0x5c08570d2ff0
1957,48,186,cdls,0x5c08570d2ff0
1958,69,213,cdls,0x5c08570d2ff0
1959,66,198,cdls,0x5c08570d2ff0
1960,51,243,cdls,0x5c08570d2ff0
1961,102,396,cdls,0x5c08570d2ff0
1962,84,426,cdls,0x5c08570d2ff0
1963,36,186,cdls,0x5c08570d2ff0
1964,96,264,cdls,0x5c08570d2ff0
1965,39,180,cdls,0x5c08570d2ff0
1966,72,372,cdls,0x5c08570d2ff0
1967,75,357,cdls,0x5c08570d2ff0
1968,48,306,cdls,0x5c08570d2ff0
1969,42,252,cdls,0x5c08570d2ff0
1970,27,177,cdls,0x5c08570d2ff0
1971,24,174,cdls,0x5c08570d2ff0
1972,102,420,cdls,0x5c08570d2ff0
1973,45,195,cdls,0x5c08570d2ff0
1974,45,195,cdls,0x5c08570d2ff0
1975,57,363,cdls,0x5c08570d2ff0
1976,33,231,cdls,0x5c08570d2ff0
1977,27,201,cdls,0x5c08570d2ff0
1978,36,222,cdls,0x5c08570d2ff0
1979,90,252,cdls,0x5c08570d2ff0
1980,39,243,cdls,0x5c08570d2ff0
1981,39,141,cdls,0x5c08570d2ff0
1982,27,96,cdls,0x5c08570d2ff0
1983,57,153,cdls,0x5c08570d2ff0
1984,27,189,cdls,0x5c08570d2ff0
1985,18,156,cdls,0x5c08570d2ff0
1986,66,300,cdls,0x5c08570d2ff0
1987,21,159,cdls,0x5c08570d2ff0
1988,21,183,cdls,0x5c08570d2ff0
1989,21,171,cdls,0x5c08570d2ff0
1990,51,309,cdls,0x5c08570d2ff0
1991,69,363,cdls,0x5c08570d2ff0
1992,66,372,cdls,0x5c08570d2ff0
1993,27,201,cdls,0x5c08570d2ff0
1994,27,213,cdls,0x5c08570d2ff0
1995,48,198,cdls,0x5c08570d2ff0
1996,45,153,cdls,0x5c08570d2ff0
1997,51,135,cdls,0x5c08570d2ff0
1998,60,165,cdls,0x5c08570d2ff0
1999,39,174,cdls,0x5c08570d2ff0
2000,45,270,cdls,0x5c08570d2ff0
2001,60,231,cdls,0x5c08570d2ff0
2002,30,240,cdls,0x5c08570d2ff0
2003,27,159,cdls,0x5c08570d2ff0
2004,72,381,cdls,0x5c08570d2ff0
2005,87,405,cdls,0x5c08570d2ff0
2006,84,534,cdls,0x5c08570d2ff0
2007,84,372,cdls,0x5c08570d2ff0
2008,27,183,cdls,0x5c08570d2ff0
2009,66,219,cdls,0x5c08570d2ff0
2010,48,231,cdls,0x5c08570d2ff0
2011,45,195,cdls,0x5c08570d2ff0
2012,69,303,cdls,0x5c08570d2ff0
2013,30,216,cdls,0x5c08570d2ff0
2014,24,186,cdls,0x5c08570d2ff0
2015,84,354,cdls,0x5c08570d2ff0
2016,48,294,cdls,0x5c08570d2ff0
2017,42,162,cdls,0x5c08570d2ff0
2018,69,204,cdls,0x5c08570d2ff0
2019,75,291,cdls,0x5c08570d2ff0
2020,60,342,cdls,0x5c08570d2ff0
2021,57,168,cdls,0x5c08570d2ff0
2022,33,375,cdls,0x5c08570d2ff0
2023,45,291,cdls,0x5c08570d2ff0
2024,72,330,cdls,0x5c08570d2ff0
2025,84,390,cdls,0x5c08570d2ff0
2026,72,273,cdls,0x5c08570d2ff0
2027,39,201,cdls,0x5c08570d2ff0
2028,51,297,cdls,0x5c08570d2ff0
2029,21,183,cdls,0x5c08570d2ff0
2030,57,351,cdls,0x5c08570d2ff0
2031,57,339,cdls,0x5c08570d2ff0
2032,48,210,cdls,0x5c08570d2ff0
2033,45,267,cdls,0x5c08570d2ff0
2034,42,264,cdls,0x5c08570d2ff0
2035,33,207,cdls,0x5c08570d2ff0
2036,30,216,cdls,0x5c08570d2ff0
2037,48,210,cdls,0x5c08570d2ff0
2038,24,210,cdls,0x5c08570d2ff0
2039,105,399,cdls,0x5c08570d2ff0
2040,36,222,cdls,0x5c08570d2ff0
2041,51,192,cdls,0x5c08570d2ff0
2042,84,339,cdls,0x5c08570d2ff0
2043,63,186,cdls,0x5c08570d2ff0
2044,36,222,cdls,0x5c08570d2ff0
2045,39,150,cdls,0x5c08570d2ff0
2046,60,273,cdls,0x5c08570d2ff0
2047,42,252,cdls,0x5c08570d2ff0
2048,60,249,cdls,0x5c08570d2ff0
2049,84,339,cdls,0x5c08570d2ff0
2050,42,276,cdls,0x5c08570d2ff0
2051,66,288,cdls,0x5c08570d2ff0
2052,42,162,cdls,0x5c08570d2ff0
2053,45,255,cdls,0x5c08570d2ff0
2054,30,108,cdls,0x5c08570d2ff0
2055,42,168,cdls,0x5c08570d2ff0
2056,60,270,cdls,0x5c08570d2ff0
2057,60,294,cdls,0x5c08570d2ff0
2058,69,375,cdls,0x5c08570d2ff0
2059,66,300,cdls,0x5c08570d2ff0
2060,69,219,cdls,0x5c08570d2ff0
2061,27,153,cdls,0x5c08570d2ff0
2062,54,216,cdls,0x5c08570d2ff0
2063,42,276,cdls,0x5c08570d2ff0
2064,18,132,cdls,0x5c08570d2ff0
2065,90,528,cdls,0x5c08570d2ff0
2066,66,336,cdls,0x5c08570d2ff0
2067,39,156,cdls,0x5c08570d2ff0
2068,24,186,cdls,0x5c08570d2ff0
2069,42,264,cdls,0x5c08570d2ff0
2070,45,210,cdls,0x5c08570d2ff0
2071,54,219,cdls,0x5c08570d2ff0
2072,24,150,cdls,0x5c08570d2ff0
2073,75,228,cdls,0x5c08570d2ff0
2074,117,315,cdls,0x5c08570d2ff0
2075,90,453,cdls,0x5c08570d2ff0
2076,21,171,cdls,0x5c08570d2ff0
2077,30,192,cdls,0x5c08570d2ff0
2078,93,423,cdls,0x5c08570d2ff0
2079,75,321,cdls,0x5c08570d2ff0
2080,66,288,cdls,0x5c08570d2ff0
2081,51,321,cdls,0x5c08570d2ff0
2082,33,219,cdls,0x5c08570d2ff0
2083,60,231,cdls,0x5c08570d2ff0
2084,57,228,cdls,0x5c08570d2ff0
2085,48,282,cdls,0x5c08570d2ff0
2086,105,276,cdls,0x5c08570d2ff0
2087,45,243,cdls,0x5c08570d2ff0
2088,120,498,cdls,0x5c08570d2ff0
2089,57,243,cdls,0x5c08570d2ff0
2090,57,231,cdls,0x5c08570d2ff0
2091,75,252,cdls,0x5c08570d2ff0
2092,21,171,cdls,0x5c08570d2ff0
2093,51,237,cdls,0x5c08570d2ff0
2094,30,171,cdls,0x5c08570d2ff0
2095,78,225,cdls,0x5c08570d2ff0
2096,147,375,cdls,0x5c08570d2ff0
2097,156,441,cdls,0x5c08570d2ff0
2098,33,219,cdls,0x5c08570d2ff0
2099,51,273,cdls,0x5c08570d2ff0
2100,36,222,cdls,0x5c08570d2ff0
2101,63,285,cdls,0x5c08570d2ff0
2102,105,459,cdls,0x5c08570d2ff0
2103,60,342,cdls,0x5c08570d2ff0
2104,75,453,cdls,0x5c08570d2ff0
2105,75,369,cdls,0x5c08570d2ff0
2106,72,429,cdls,0x5c08570d2ff0
2107,96,438,cdls,0x5c08570d2ff0
2108,105,345,cdls,0x5c08570d2ff0
2109,102,414,cdls,0x5c08570d2ff0
2110,42,276,cdls,0x5c08570d2ff0
2111,78,348,cdls,0x5c08570d2ff0
2112,75,297,cdls,0x5c08570d2ff0
2113,42,252,cdls,0x5c08570d2ff0
2114,42,180,cdls,0x5c08570d2ff0
2115,87,252,cdls,0x5c08570d2ff0
2116,30,204,cdls,0x5c08570d2ff0
2117,78,279,cdls,0x5c08570d2ff0
2118,57,327,cdls,0x5c08570d2ff0
2119,33,219,cdls,0x5c08570d2ff0
2120,54,228,cdls,0x5c08570d2ff0
2121,81,567,cdls,0x5c08570d2ff0
2122,54,444,cdls,0x5c08570d2ff0
2123,78,360,cdls,0x5c08570d2ff0
2124,84,342,cdls,0x5c08570d2ff0
2125,54,240,cdls,0x5c08570d2ff0
2126,48,222,cdls,0x5c08570d2ff0
2127,54,264,cdls,0x5c08570d2ff0
2128,39,261,cdls,0x5c08570d2ff0
2129,66,186,cdls,0x5c08570d2ff0
2130,30,192,cdls,0x5c08570d2ff0
2131,36,204,cdls,0x5c08570d2ff0
2132,33,219,cdls,0x5c08570d2ff0
2133,66,288,cdls,0x5c08570d2ff0
2134,57,231,cdls,0x5c08570d2ff0
2135,90,450,cdls,0x5c08570d2ff0
2136,30,177,cdls,0x5c08570d2ff0
2137,99,309,cdls,0x5c08570d2ff0
2138,45,120,cdls,0x5c08570d2ff0
2139,45,255,cdls,0x5c08570d2ff0
2140,69,315,cdls,0x5c08570d2ff0
2141,30,216,cdls,0x5c08570d2ff0
2142,24,186,cdls,0x5c08570d2ff0
2143,90,273,cdls,0x5c08570d2ff0
2144,21,183,cdls,0x5c08570d2ff0
2145,66,339,cdls,0x5c08570d2ff0
2146,39,237,cdls,0x5c08570d2ff0
2147,60,258,cdls,0x5c08570d2ff0
2148,36,219,cdls,0x5c08570d2ff0
2149,66,213,cdls,0x5c08570d2ff0
2150,51,321,cdls,0x5c08570d2ff0
2151,51,285,cdls,0x5c08570d2ff0
2152,27,105,cdls,0x5c08570d2ff0
2153,33,123,cdls,0x5c08570d2ff0
2154,54,204,cdls,0x5c08570d2ff0
2155,36,108,cdls,0x5c08570d2ff0
2156,96,309,cdls,0x5c08570d2ff0
2157,69,351,cdls,0x5c08570d2ff0
2158,75,309,cdls,0x5c08570d2ff0
2159,33,135,cdls,0x5c08570d2ff0
2160,54,279,cdls,0x5c08570d2ff0
2161,78,237,cdls,0x5c08570d2ff0
2162,45,207,cdls,0x5c08570d2ff0
2163,51,234,cdls,0x5c08570d2ff0
2164,75,333,cdls,0x5c08570d2ff0
2165,27,138,cdls,0x5c08570d2ff0
2166,45,234,cdls,0x5c08570d2ff0
2167,72,243,cdls,0x5c08570d2ff0
2168,33,135,cdls,0x5c08570d2ff0
2169,30,120,cdls,0x5c08570d2ff0
2170,69,315,cdls,0x5c08570d2ff0
2171,24,186,cdls,0x5c08570d2ff0
2172,39,249,cdls,0x5c08570d2ff0
2173,45,156,cdls,0x5c08570d2ff0
2174,87,366,cdls,0x5c08570d2ff0
2175,84,288,cdls,0x5c08570d2ff0
2176,75,294,cdls,0x5c08570d2ff0
2177,48,255,cdls,0x5c08570d2ff0
2178,87,270,cdls,0x5c08570d2ff0
2179,45,255,cdls,0x5c08570d2ff0
2180,111,363,cdls,0x5c08570d2ff0
2181,39,261,cdls,0x5c08570d2ff0
2182,51,336,cdls,0x5c08570d2ff0
2183,57,255,cdls,0x5c08570d2ff0
2184,21,159,cdls,0x5c08570d2ff0
2185,36,234,cdls,0x5c08570d2ff0
2186,39,201,cdls,0x5c08570d2ff0
2187,42,168,cdls,0x5c08570d2ff0
2188,66,189,cdls,0x5c08570d2ff0
2189,81,411,cdls,0x5c08570d2ff0
2190,120,357,cdls,0x5c08570d2ff0
2191,72,318,cdls,0x5c08570d2ff0
2192,69,387,cdls,0x5c08570d2ff0
2193,24,174,cdls,0x5c08570d2ff0
2194,93,411,cdls,0x5c08570d2ff0
2195,42,288,cdls,0x5c08570d2ff0
2196,96,414,cdls,0x5c08570d2ff0
2197,96,390,cdls,0x5c08570d2ff0
2198,51,198,cdls,0x5c08570d2ff0
2199,48,210,cdls,0x5c08570d2ff0
2200,78,366,cdls,0x5c08570d2ff0
2201,48,306,cdls,0x5c08570d2ff0
2202,75,231,cdls,0x5c08570d2ff0
2203,75,219,cdls,0x5c08570d2ff0
2204,99,324,cdls,0x5c08570d2ff0
2205,63,270,cdls,0x5c08570d2ff0
2206,57,228,cdls,0x5c08570d2ff0
2207,87,348,cdls,0x5c08570d2ff0
2208,45,303,cdls,0x5c08570d2ff0
2209,90,396,cdls,0x5c08570d2ff0
2210,27,213,cdls,0x5c08570d2ff0
2211,69,279,cdls,0x5c08570d2ff0
2212,63,285,cdls,0x5c08570d2ff0
2213,21,159,cdls,0x5c08570d2ff0
2214,48,342,cdls,0x5c08570d2ff0
2215,27,201,cdls,0x5c08570d2ff0
2216,75,321,cdls,0x5c08570d2ff0
2217,78,432,cdls,0x5c08570d2ff0
2218,99,429,cdls,0x5c08570d2ff0
2219,42,180,cdls,0x5c08570d2ff0
2220,30,204,cdls,0x5c08570d2ff0
2221,42,240,cdls,0x5c08570d2ff0
2222,48,198,cdls,0x5c08570d2ff0
2223,57,351,cdls,0x5c08570d2ff0
2224,21,207,cdls,0x5c08570d2ff0
2225,78,348,cdls,0x5c08570d2ff0
2226,51,321,cdls,0x5c08570d2ff0
2227,42,264,cdls,0x5c08570d2ff0
2228,48,210,cdls,0x5c08570d2ff0
2229,75,369,cdls,0x5c08570d2ff0
2230,27,177,cdls,0x5c08570d2ff0
2231,57,315,cdls,0x5c08570d2ff0
2232,63,291,cdls,0x5c08570d2ff0
2233,99,273,cdls,0x5c08570d2ff0
2234,90,255,cdls,0x5c08570d2ff0
2235,99,216,cdls,0x5c08570d2ff0
2236,21,159,cdls,0x5c08570d2ff0
2237,54,228,cdls,0x5c08570d2ff0
2238,39,261,cdls,0x5c08570d2ff0
2239,30,186,cdls,0x5c08570d2ff0
2240,33,198,cdls,0x5c08570d2ff0
2241,66,360,cdls,0x5c08570d2ff0
2242,30,120,cdls,0x5c08570d2ff0
2243,27,201,cdls,0x5c08570d2ff0
2244,45,192,cdls,0x5c08570d2ff0
2245,36,141,cdls,0x5c08570d2ff0
2246,36,234,cdls,0x5c08570d2ff0
2247,72,279,cdls,0x5c08570d2ff0
2248,45,207,cdls,0x5c08570d2ff0
2249,42,180,cdls,0x5c08570d2ff0
2250,63,405,cdls,0x5c08570d2ff0
2251,51,204,cdls,0x5c08570d2ff0
2252,66,219,cdls,0x5c08570d2ff0
2253,21,171,cdls,0x5c08570d2ff0
2254,27,213,cdls,0x5c08570d2ff0
2255,108,474,cdls,0x5c08570d2ff0
2256,45,255,cdls,0x5c08570d2ff0
2257,24,174,cdls,0x5c08570d2ff0
2258,75,333,cdls,0x5c08570d2ff0
2259,63,393,cdls,0x5c08570d2ff0
2260,48,318,cdls,0x5c08570d2ff0
2261,33,243,cdls,0x5c08570d2ff0
2262,48,210,cdls,0x5c08570d2ff0
2263,57,267,cdls,0x5c08570d2ff0
2264,60,330,cdls,0x5c08570d2ff0
2265,30,384,cdls,0x5c08570d2ff0
2266,78,372,cdls,0x5c08570d2ff0
2267,27,213,cdls,0x5c08570d2ff0
2268,45,213,cdls,0x5c08570d2ff0
2269,33,231,cdls,0x5c08570d2ff0
2270,72,318,cdls,0x5c08570d2ff0
2271,63,357,cdls,0x5c08570d2ff0
2272,57,174,cdls,0x5c08570d2ff0
2273,39,249,cdls,0x5c08570d2ff0
2274,33,243,cdls,0x5c08570d2ff0
2275,27,189,cdls,0x5c08570d2ff0
2276,24,162,cdls,0x5c08570d2ff0
2277,33,117,cdls,0x5c08570d2ff0
2278,111,402,cdls,0x5c08570d2ff0
2279,93,300,cdls,0x5c08570d2ff0
2280,63,501,cdls,0x5c08570d2ff0
2281,72,414,cdls,0x5c08570d2ff0
2282,54,276,cdls,0x5c08570d2ff0
2283,51,213,cdls,0x5c08570d2ff0
2284,42,246,cdls,0x5c08570d2ff0
2285,42,135,cdls,0x5c08570d2ff0
2286,75,306,cdls,0x5c08570d2ff0
2287,33,213,cdls,0x5c08570d2ff0
2288,69,423,cdls,0x5c08570d2ff0
2289,54,312,cdls,0x5c08570d2ff0
2290,39,261,cdls,0x5c08570d2ff0
2291,24,186,cdls,0x5c08570d2ff0
2292,84,342,cdls,0x5c08570d2ff0
2293,57,282,cdls,0x5c08570d2ff0
2294,48,210,cdls,0x5c08570d2ff0
2295,63,189,cdls,0x5c08570d2ff0
2296,57,213,cdls,0x5c08570d2ff0
2297,27,189,cdls,0x5c08570d2ff0
2298,60,342,cdls,0x5c08570d2ff0
2299,27,189,cdls,0x5c08570d2ff0
2300,75,345,cdls,0x5c08570d2ff0
2301,60,366,cdls,0x5c08570d2ff0
2302,48,378,cdls,0x5c08570d2ff0
2303,63,381,cdls,0x5c08570d2ff0
2304,51,261,cdls,0x5c08570d2ff0
2305,57,207,cdls,0x5c08570d2ff0
2306,48,189,cdls,0x5c08570d2ff0
2307,33,201,cdls,0x5c08570d2ff0
2308,33,195,cdls,0x5c08570d2ff0
2309,66,264,cdls,0x5c08570d2ff0
2310,51,207,cdls,0x5c08570d2ff0
2311,99,363,cdls,0x5c08570d2ff0
2312,72,303,cdls,0x5c08570d2ff0
2313,72,213,cdls,0x5c08570d2ff0
2314,60,216,cdls,0x5c08570d2ff0
2315,54,210,cdls,0x5c08570d2ff0
2316,60,309,cdls,0x5c08570d2ff0
2317,60,324,cdls,0x5c08570d2ff0
2318,72,216,cdls,0x5c08570d2ff0
2319,54,231,cdls,0x5c08570d2ff0
2320,54,312,cdls,0x5c08570d2ff0
2321,36,234,cdls,0x5c08570d2ff0
2322,36,222,cdls,0x5c08570d2ff0
2323,51,309,cdls,0x5c08570d2ff0
2324,48,183,cdls,0x5c08570d2ff0
2325,60,381,cdls,0x5c08570d2ff0
2326,87,393,cdls,0x5c08570d2ff0
2327,75,342,cdls,0x5c08570d2ff0
2328,36,234,cdls,0x5c08570d2ff0
2329,78,396,cdls,0x5c08570d2ff0
2330,36,378,cdls,0x5c08570d2ff0
2331,69,297,cdls,0x5c08570d2ff0
2332,36,129,cdls,0x5c08570d2ff0
2333,87,327,cdls,0x5c08570d2ff0
2334,60,270,cdls,0x5c08570d2ff0
2335,42,234,cdls,0x5c08570d2ff0
2336,24,159,cdls,0x5c08570d2ff0
2337,45,228,cdls,0x5c08570d2ff0
2338,54,165,cdls,0x5c08570d2ff0
2339,63,309,cdls,0x5c08570d2ff0
2340,42,141,cdls,0x5c08570d2ff0
2341,66,222,cdls,0x5c08570d2ff0
2342,27,189,cdls,0x5c08570d2ff0
2343,42,180,cdls,0x5c08570d2ff0
2344,36,246,cdls,0x5c08570d2ff0
2345,60,207,cdls,0x5c08570d2ff0
2346,72,306,cdls,0x5c08570d2ff0
2347,30,135,cdls,0x5c08570d2ff0
2348,54,240,cdls,0x5c08570d2ff0
2349,21,183,cdls,0x5c08570d2ff0
2350,27,201,cdls,0x5c08570d2ff0
2351,57,267,cdls,0x5c08570d2ff0
2352,42,252,cdls,0x5c08570d2ff0
2353,27,201,cdls,0x5c08570d2ff0
2354,51,225,cdls,0x5c08570d2ff0
2355,45,279,cdls,0x5c08570d2ff0
2356,51,297,cdls,0x5c08570d2ff0
2357,66,198,cdls,0x5c08570d2ff0
2358,45,207,cdls,0x5c08570d2ff0
2359,36,132,cdls,0x5c08570d2ff0
2360,75,240,cdls,0x5c08570d2ff0
2361,39,165,cdls,0x5c08570d2ff0
2362,60,219,cdls,0x5c08570d2ff0
2363,69,258,cdls,0x5c08570d2ff0
2364,78,312,cdls,0x5c08570d2ff0
2365,42,171,cdls,0x5c08570d2ff0
2366,54,216,cdls,0x5c08570d2ff0
2367,48,210,cdls,0x5c08570d2ff0
2368,39,243,cdls,0x5c08570d2ff0
2369,78,210,cdls,0x5c08570d2ff0
2370,48,195,cdls,0x5c08570d2ff0
2371,72,255,cdls,0x5c08570d2ff0
2372,45,141,cdls,0x5c08570d2ff0
2373,30,111,cdls,0x5c08570d2ff0
2374,27,93,cdls,0x5c08570d2ff0
2375,51,225,cdls,0x5c08570d2ff0
2376,63,246,cdls,0x5c08570d2ff0
2377,54,198,cdls,0x5c08570d2ff0
2378,45,162,cdls,0x5c08570d2ff0
2379,72,402,cdls,0x5c08570d2ff0
2380,36,138,cdls,0x5c08570d2ff0
2381,72,234,cdls,0x5c08570d2ff0
2382,48,225,cdls,0x5c08570d2ff0
2383,18,156,cdls,0x5c08570d2ff0
2384,54,252,cdls,0x5c08570d2ff0
2385,24,210,cdls,0x5c08570d2ff0
2386,36,222,cdls,0x5c08570d2ff0
2387,60,234,cdls,0x5c08570d2ff0
2388,33,231,cdls,0x5c08570d2ff0
2389,48,234,cdls,0x5c08570d2ff0
2390,42,324,cdls,0x5c08570d2ff0
2391,93,411,cdls,0x5c08570d2ff0
2392,18,144,cdls,0x5c08570d2ff0
2393,27,186,cdls,0x5c08570d2ff0
2394,45,168,cdls,0x5c08570d2ff0
2395,69,237,cdls,0x5c08570d2ff0
2396,36,123,cdls,0x5c08570d2ff0
2397,99,417,cdls,0x5c08570d2ff0
2398,93,390,cdls,0x5c08570d2ff0
2399,93,345,cdls,0x5c08570d2ff0
2400,48,366,cdls,0x5c08570d2ff0
2401,102,309,cdls,0x5c08570d2ff0
2402,93,369,cdls,0x5c08570d2ff0
2403,96,303,cdls,0x5c08570d2ff0
2404,42,180,cdls,0x5c08570d2ff0
2405,81,279,cdls,0x5c08570d2ff0
2406,75,333,cdls,0x5c08570d2ff0
2407,51,309,cdls,0x5c08570d2ff0
2408,120,348,cdls,0x5c08570d2ff0
2409,60,462,cdls,0x5c08570d2ff0
2410,42,123,cdls,0x5c08570d2ff0
2411,81,240,cdls,0x5c08570d2ff0
2412,39,216,cdls,0x5c08570d2ff0
2413,60,231,cdls,0x5c08570d2ff0
2414,60,252,cdls,0x5c08570d2ff0
2415,57,192,cdls,0x5c08570d2ff0
2416,66,300,cdls,0x5c08570d2ff0
2417,51,309,cdls,0x5c08570d2ff0
2418,78,348,cdls,0x5c08570d2ff0
2419,24,312,cdls,0x5c08570d2ff0
2420,96,438,cdls,0x5c08570d2ff0
2421,63,258,cdls,0x5c08570d2ff0
2422,54,228,cdls,0x5c08570d2ff0
2423,63,270,cdls,0x5c08570d2ff0
2424,102,369,cdls,0x5c08570d2ff0
2425,96,306,cdls,0x5c08570d2ff0
2426,93,543,cdls,0x5c08570d2ff0
2427,129,426,cdls,0x5c08570d2ff0
2428,108,297,cdls,0x5c08570d2ff0
2429,123,450,cdls,0x5c08570d2ff0
2430,42,252,cdls,0x5c08570d2ff0
2431,45,291,cdls,0x5c08570d2ff0
2432,33,123,cdls,0x5c08570d2ff0
2433,24,162,cdls,0x5c08570d2ff0
2434,33,231,cdls,0x5c08570d2ff0
2435,66,372,cdls,0x5c08570d2ff0
2436,153,399,cdls,0x5c08570d2ff0
2437,90,537,cdls,0x5c08570d2ff0
2438,57,219,cdls,0x5c08570d2ff0
2439,57,312,cdls,0x5c08570d2ff0
2440,105,324,cdls,0x5c08570d2ff0
2441,18,111,cdls,0x5c08570d2ff0
2442,24,174,cdls,0x5c08570d2ff0
2443,66,396,cdls,0x5c08570d2ff0
2444,66,195,cdls,0x5c08570d2ff0
2445,66,288,cdls,0x5c08570d2ff0
2446,57,267,cdls,0x5c08570d2ff0
2447,111,474,cdls,0x5c08570d2ff0
2448,66,297,cdls,0x5c08570d2ff0
2449,66,255,cdls,0x5c08570d2ff0
2450,39,165,cdls,0x5c08570d2ff0
2451,36,234,cdls,0x5c08570d2ff0
2452,57,378,cdls,0x5c08570d2ff0
2453,24,153,cdls,0x5c08570d2ff0
2454,27,165,cdls,0x5c08570d2ff0
2455,36,330,cdls,0x5c08570d2ff0
2456,45,171,cdls,0x5c08570d2ff0
2457,102,372,cdls,0x5c08570d2ff0
2458,39,237,cdls,0x5c08570d2ff0
2459,30,216,cdls,0x5c08570d2ff0
2460,78,348,cdls,0x5c08570d2ff0
2461,45,267,cdls,0x5c08570d2ff0
2462,60,306,cdls,0x5c08570d2ff0
2463,66,228,cdls,0x5c08570d2ff0
2464,57,291,cdls,0x5c08570d2ff0
2465,75,318,cdls,0x5c08570d2ff0
2466,45,231,cdls,0x5c08570d2ff0
2467,54,240,cdls,0x5c08570d2ff0
2468,36,234,cdls,0x5c08570d2ff0
2469,54,210,cdls,0x5c08570d2ff0
2470,51,237,cdls,0x5c08570d2ff0
2471,81,312,cdls,0x5c08570d2ff0
2472,102,249,cdls,0x5c08570d2ff0
2473,60,510,cdls,0x5c08570d2ff0
2474,24,186,cdls,0x5c08570d2ff0
2475,27,201,cdls,0x5c08570d2ff0
2476,45,231,cdls,0x5c08570d2ff0
2477,39,249,cdls,0x5c08570d2ff0
2478,84,291,cdls,0x5c08570d2ff0
2479,60,291,cdls,0x5c08570d2ff0
2480,96,393,cdls,0x5c08570d2ff0
2481,78,309,cdls,0x5c08570d2ff0
2482,54,216,cdls,0x5c08570d2ff0
2483,84,306,cdls,0x5c08570d2ff0
2484,75,441,cdls,0x5c08570d2ff0
2485,93,411,cdls,0x5c08570d2ff0
2486,81,363,cdls,0x5c08570d2ff0
2487,72,306,cdls,0x5c08570d2ff0
2488,36,150,cdls,0x5c08570d2ff0
2489,36,270,cdls,0x5c08570d2ff0
2490,51,225,cdls,0x5c08570d2ff0
2491,60,327,cdls,0x5c08570d2ff0
2492,42,240,cdls,0x5c08570d2ff0
2493,72,252,cdls,0x5c08570d2ff0
2494,33,240,cdls,0x5c08570d2ff0
2495,60,255,cdls,0x5c08570d2ff0
2496,96,471,cdls,0x5c08570d2ff0
2497,102,366,cdls,0x5c08570d2ff0
2498,54,312,cdls,0x5c08570d2ff0
2499,78,336,cdls,0x5c08570d2ff0
2500,51,249,cdls,0x5c08570d2ff0
2501,54,225,cdls,0x5c08570d2ff0
2502,102,315,cdls,0x5c08570d2ff0
2503,30,240,cdls,0x5c08570d2ff0
2504,54,240,cdls,0x5c08570d2ff0
2505,54,312,cdls,0x5c08570d2ff0
2506,27,189,cdls,0x5c08570d2ff0
2507,39,429,cdls,0x5c08570d2ff0
2508,27,201,cdls,0x5c08570d2ff0
2509,81,363,cdls,0x5c08570d2ff0
2510,36,150,cdls,0x5c08570d2ff0
2511,39,273,cdls,0x5c08570d2ff0
2512,45,339,cdls,0x5c08570d2ff0
2513,51,309,cdls,0x5c08570d2ff0
2514,30,204,cdls,0x5c08570d2ff0
2515,63,369,cdls,0x5c08570d2ff0
2516,90,255,cdls,0x5c08570d2ff0
2517,30,120,cdls,0x5c08570d2ff0
2518,63,243,cdls,0x5c08570d2ff0
2519,132,432,cdls,0x5c08570d2ff0
2520,27,186,cdls,0x5c08570d2ff0
2521,54,339,cdls,0x5c08570d2ff0
2522,33,231,cdls,0x5c08570d2ff0
2523,30,195,cdls,0x5c08570d2ff0
2524,78,264,cdls,0x5c08570d2ff0
2525,48,210,cdls,0x5c08570d2ff0
2526,24,162,cdls,0x5c08570d2ff0
2527,78,336,cdls,0x5c08570d2ff0
2528,66,267,cdls,0x5c08570d2ff0
2529,93,459,cdls,0x5c08570d2ff0
2530,87,549,cdls,0x5c08570d2ff0
2531,105,393,cdls,0x5c08570d2ff0
2532,114,369,cdls,0x5c08570d2ff0
2533,30,144,cdls,0x5c08570d2ff0
2534,57,249,cdls,0x5c08570d2ff0
2535,48,318,cdls,0x5c08570d2ff0
2536,45,165,cdls,0x5c08570d2ff0
2537,57,315,cdls,0x5c08570d2ff0
2538,51,132,cdls,0x5c08570d2ff0
2539,54,213,cdls,0x5c08570d2ff0
2540,48,195,cdls,0x5c08570d2ff0
2541,129,354,cdls,0x5c08570d2ff0
2542,99,294,cdls,0x5c08570d2ff0
2543,48,201,cdls,0x5c08570d2ff0
2544,87,366,cdls,0x5c08570d2ff0
2545,30,216,cdls,0x5c08570d2ff0
2546,45,207,cdls,0x5c08570d2ff0
2547,48,210,cdls,0x5c08570d2ff0
2548,33,135,cdls,0x5c08570d2ff0
2549,87,309,cdls,0x5c08570d2ff0
2550,90,408,cdls,0x5c08570d2ff0
2551,114,588,cdls,0x5c08570d2ff0
2552,102,366,cdls,0x5c08570d2ff0
2553,87,315,cdls,0x5c08570d2ff0
2554,45,387,cdls,0x5c08570d2ff0
2555,42,159,cdls,0x5c08570d2ff0
2556,144,423,cdls,0x5c08570d2ff0
2557,42,246,cdls,0x5c08570d2ff0
2558,111,501,cdls,0x5c08570d2ff0
2559,75,321,cdls,0x5c08570d2ff0
2560,54,252,cdls,0x5c08570d2ff0
2561,120,498,cdls,0x5c08570d2ff0
2562,60,270,cdls,0x5c08570d2ff0
2563,45,291,cdls,0x5c08570d2ff0
2564,15,141,cdls,0x5c08570d2ff0
2565,93,339,cdls,0x5c08570d2ff0
2566,120,432,cdls,0x5c08570d2ff0
2567,93,450,cdls,0x5c08570d2ff0
2568,66,324,cdls,0x5c08570d2ff0
2569,39,177,cdls,0x5c08570d2ff0
2570,42,168,cdls,0x5c08570d2ff0
2571,45,447,cdls,0x5c08570d2ff0
2572,114,420,cdls,0x5c08570d2ff0
2573,36,123,cdls,0x5c08570d2ff0
2574,132,417,cdls,0x5c08570d2ff0
2575,66,372,cdls,0x5c08570d2ff0
2576,60,294,cdls,0x5c08570d2ff0
2577,93,411,cdls,0x5c08570d2ff0
2578,33,108,cdls,0x5c08570d2ff0
2579,102,282,cdls,0x5c08570d2ff0
2580,93,318,cdls,0x5c08570d2ff0
2581,57,351,cdls,0x5c08570d2ff0
2582,99,429,cdls,0x5c08570d2ff0
2583,75,441,cdls,0x5c08570d2ff0
2584,51,471,cdls,0x5c08570d2ff0
2585,108,489,cdls,0x5c08570d2ff0
2586,57,390,cdls,0x5c08570d2ff0
2587,69,300,cdls,0x5c08570d2ff0
2588,60,228,cdls,0x5c08570d2ff0
2589,105,507,cdls,0x5c08570d2ff0
2590,60,387,cdls,0x5c08570d2ff0
2591,96,591,cdls,0x5c08570d2ff0
2592,105,354,cdls,0x5c08570d2ff0
2593,51,393,cdls,0x5c08570d2ff0
2594,42,516,cdls,0x5c08570d2ff0
2595,42,300,cdls,0x5c08570d2ff0
2596,27,186,cdls,0x5c08570d2ff0
2597,75,282,cdls,0x5c08570d2ff0
2598,81,435,cdls,0x5c08570d2ff0
2599,60,582,cdls,0x5c08570d2ff0
2600,99,348,cdls,0x5c08570d2ff0
2601,39,165,cdls,0x5c08570d2ff0
2602,81,333,cdls,0x5c08570d2ff0
2603,57,243,cdls,0x5c08570d2ff0
2604,42,228,cdls,0x5c08570d2ff0
2605,102,339,cdls,0x5c08570d2ff0
2606,27,174,cdls,0x5c08570d2ff0
2607,54,240,cdls,0x5c08570d2ff0
2608,108,522,cdls,0x5c08570d2ff0
2609,96,558,cdls,0x5c08570d2ff0
2610,90,381,cdls,0x5c08570d2ff0
2611,81,390,cdls,0x5c08570d2ff0
2612,72,330,cdls,0x5c08570d2ff0
2613,21,129,cdls,0x5c08570d2ff0
2614,114,381,cdls,0x5c08570d2ff0
2615,78,360,cdls,0x5c08570d2ff0
2616,72,282,cdls,0x5c08570d2ff0
2617,126,423,cdls,0x5c08570d2ff0
2618,30,192,cdls,0x5c08570d2ff0
2619,90,456,cdls,0x5c08570d2ff0
2620,111,465,cdls,0x5c08570d2ff0
2621,87,417,cdls,0x5c08570d2ff0
2622,75,447,cdls,0x5c08570d2ff0
2623,111,393,cdls,0x5c08570d2ff0
2624,27,213,cdls,0x5c08570d2ff0
2625,30,198,cdls,0x5c08570d2ff0
2626,84,306,cdls,0x5c08570d2ff0
2627,69,303,cdls,0x5c08570d2ff0
2628,78,348,cdls,0x5c08570d2ff0
2629,60,522,cdls,0x5c08570d2ff0
2630,81,270,cdls,0x5c08570d2ff0
2631,81,363,cdls,0x5c08570d2ff0
2632,135,474,cdls,0x5c08570d2ff0
2633,84,579,cdls,0x5c08570d2ff0
2634,111,513,cdls,0x5c08570d2ff0
2635,84,645,cdls,0x5c08570d2ff0
2636,39,387,cdls,0x5c08570d2ff0
2637,63,351,cdls,0x5c08570d2ff0
2638,99,573,cdls,0x5c08570d2ff0
2639,66,204,cdls,0x5c08570d2ff0
2640,84,270,cdls,0x5c08570d2ff0
2641,63,237,cdls,0x5c08570d2ff0
2642,132,339,cdls,0x5c08570d2ff0
2643,105,330,cdls,0x5c08570d2ff0
2644,63,402,cdls,0x5c08570d2ff0
2645,141,348,cdls,0x5c08570d2ff0
2646,126,444,cdls,0x5c08570d2ff0
2647,69,210,cdls,0x5c08570d2ff0
2648,69,207,cdls,0x5c08570d2ff0
2649,69,228,cdls,0x5c08570d2ff0
2650,75,309,cdls,0x5c08570d2ff0
2651,42,168,cdls,0x5c08570d2ff0
2652,33,255,cdls,0x5c08570d2ff0
2653,63,297,cdls,0x5c08570d2ff0
2654,69,282,cdls,0x5c08570d2ff0
2655,33,123,cdls,0x5c08570d2ff0
2656,33,210,cdls,0x5c08570d2ff0
2657,66,300,cdls,0x5c08570d2ff0
2658,51,291,cdls,0x5c08570d2ff0
2659,108,354,cdls,0x5c08570d2ff0
2660,87,294,cdls,0x5c08570d2ff0
2661,33,243,cdls,0x5c08570d2ff0
2662,36,246,cdls,0x5c08570d2ff0
2663,72,297,cdls,0x5c08570d2ff0
2664,60,396,cdls,0x5c08570d2ff0
2665,81,567,cdls,0x5c08570d2ff0
2666,27,171,cdls,0x5c08570d2ff0
2667,123,366,cdls,0x5c08570d2ff0
2668,81,339,cdls,0x5c08570d2ff0
2669,60,285,cdls,0x5c08570d2ff0
2670,42,162,cdls,0x5c08570d2ff0
2671,45,162,cdls,0x5c08570d2ff0
2672,30,204,cdls,0x5c08570d2ff0
2673,42,288,cdls,0x5c08570d2ff0
2674,51,213,cdls,0x5c08570d2ff0
2675,27,201,cdls,0x5c08570d2ff0
2676,84,387,cdls,0x5c08570d2ff0
2677,24,174,cdls,0x5c08570d2ff0
2678,57,213,cdls,0x5c08570d2ff0
2679,60,267,cdls,0x5c08570d2ff0
2680,60,114,cdls,0x5c08570d2ff0
2681,60,183,cdls,0x5c08570d2ff0
2682,195,384,cdls,0x5c08570d2ff0
2683,54,237,cdls,0x5c08570d2ff0
2684,69,210,cdls,0x5c08570d2ff0
2685,21,108,cdls,0x5c08570d2ff0
2686,114,408,cdls,0x5c08570d2ff0
2687,99,471,cdls,0x5c08570d2ff0
2688,120,369,cdls,0x5c08570d2ff0
2689,90,273,cdls,0x5c08570d2ff0
2690,99,501,cdls,0x5c08570d2ff0
2691,105,393,cdls,0x5c08570d2ff0
2692,66,210,cdls,0x5c08570d2ff0
2693,54,240,cdls,0x5c08570d2ff0
2694,72,264,cdls,0x5c08570d2ff0
2695,75,216,cdls,0x5c08570d2ff0
2696,111,318,cdls,0x5c08570d2ff0
2697,75,255,cdls,0x5c08570d2ff0
2698,75,249,cdls,0x5c08570d2ff0
2699,66,270,cdls,0x5c08570d2ff0
2700,75,267,cdls,0x5c08570d2ff0
2701,36,234,cdls,0x5c08570d2ff0
2702,45,291,cdls,0x5c08570d2ff0
2703,75,417,cdls,0x5c08570d2ff0
2704,66,273,cdls,0x5c08570d2ff0
2705,48,294,cdls,0x5c08570d2ff0
2706,93,252,cdls,0x5c08570d2ff0
2707,51,225,cdls,0x5c08570d2ff0
2708,90,312,cdls,0x5c08570d2ff0
2709,33,186,cdls,0x5c08570d2ff0
2710,51,225,cdls,0x5c08570d2ff0
2711,33,219,cdls,0x5c08570d2ff0
2712,60,282,cdls,0x5c08570d2ff0
2713,45,195,cdls,0x5c08570d2ff0
2714,78,435,cdls,0x5c08570d2ff0
2715,144,567,cdls,0x5c08570d2ff0
2716,81,411,cdls,0x5c08570d2ff0
2717,42,228,cdls,0x5c08570d2ff0
2718,81,267,cdls,0x5c08570d2ff0
2719,84,456,cdls,0x5c08570d2ff0
2720,165,357,cdls,0x5c08570d2ff0
2721,84,414,cdls,0x5c08570d2ff0
2722,102,432,cdls,0x5c08570d2ff0
2723,78,324,cdls,0x5c08570d2ff0
2724,138,546,cdls,0x5c08570d2ff0
2725,150,342,cdls,0x5c08570d2ff0
2726,45,240,cdls,0x5c08570d2ff0
2727,30,180,cdls,0x5c08570d2ff0
2728,42,180,cdls,0x5c08570d2ff0
2729,36,153,cdls,0x5c08570d2ff0
2730,51,426,cdls,0x5c08570d2ff0
2731,60,624,cdls,0x5c08570d2ff0
2732,66,366,cdls,0x5c08570d2ff0
2733,117,387,cdls,0x5c08570d2ff0
2734,63,381,cdls,0x5c08570d2ff0
2735,126,480,cdls,0x5c08570d2ff0
2736,144,369,cdls,0x5c08570d2ff0
2737,84,519,cdls,0x5c08570d2ff0
2738,87,570,cdls,0x5c08570d2ff0
2739,120,507,cdls,0x5c08570d2ff0
2740,93,441,cdls,0x5c08570d2ff0
2741,90,432,cdls,0x5c08570d2ff0
2742,102,375,cdls,0x5c08570d2ff0
2743,72,423,cdls,0x5c08570d2ff0
2744,33,456,cdls,0x5c08570d2ff0
2745,39,417,cdls,0x5c08570d2ff0
2746,51,405,cdls,0x5c08570d2ff0
2747,75,405,cdls,0x5c08570d2ff0
2748,39,177,cdls,0x5c08570d2ff0
2749,54,228,cdls,0x5c08570d2ff0
2750,78,291,cdls,0x5c08570d2ff0
2751,132,414,cdls,0x5c08570d2ff0
2752,81,318,cdls,0x5c08570d2ff0
2753,135,405,cdls,0x5c08570d2ff0
2754,45,339,cdls,0x5c08570d2ff0
2755,84,246,cdls,0x5c08570d2ff0
2756,30,180,cdls,0x5c08570d2ff0
2757,27,105,cdls,0x5c08570d2ff0
2758,45,198,cdls,0x5c08570d2ff0
2759,84,297,cdls,0x5c08570d2ff0
2760,78,282,cdls,0x5c08570d2ff0
2761,66,342,cdls,0x5c08570d2ff0
2762,114,414,cdls,0x5c08570d2ff0
2763,144,417,cdls,0x5c08570d2ff0
2764,132,399,cdls,0x5c08570d2ff0
2765,93,459,cdls,0x5c08570d2ff0
2766,36,162,cdls,0x5c08570d2ff0
2767,84,279,cdls,0x5c08570d2ff0
2768,39,231,cdls,0x5c08570d2ff0
2769,51,237,cdls,0x5c08570d2ff0
2770,24,174,cdls,0x5c08570d2ff0
2771,27,213,cdls,0x5c08570d2ff0
2772,51,225,cdls,0x5c08570d2ff0
2773,123,384,cdls,0x5c08570d2ff0
2774,96,630,cdls,0x5c08570d2ff0
2775,81,459,cdls,0x5c08570d2ff0
2776,99,381,cdls,0x5c08570d2ff0
2777,72,429,cdls,0x5c08570d2ff0
2778,117,495,cdls,0x5c08570d2ff0
2779,165,417,cdls,0x5c08570d2ff0
2780,153,381,cdls,0x5c08570d2ff0
2781,96,255,cdls,0x5c08570d2ff0
2782,75,267,cdls,0x5c08570d2ff0
2783,45,153,cdls,0x5c08570d2ff0
2784,27,105,cdls,0x5c08570d2ff0
2785,87,330,cdls,0x5c08570d2ff0
2786,39,165,cdls,0x5c08570d2ff0
2787,51,207,cdls,0x5c08570d2ff0
2788,75,333,cdls,0x5c08570d2ff0
2789,30,174,cdls,0x5c08570d2ff0
2790,30,168,cdls,0x5c08570d2ff0
2791,42,288,cdls,0x5c08570d2ff0
2792,66,288,cdls,0x5c08570d2ff0
2793,36,234,cdls,0x5c08570d2ff0
2794,90,285,cdls,0x5c08570d2ff0
2795,120,348,cdls,0x5c08570d2ff0
2796,63,282,cdls,0x5c08570d2ff0
2797,108,363,cdls,0x5c08570d2ff0
2798,24,210,cdls,0x5c08570d2ff0
2799,18,156,cdls,0x5c08570d2ff0
2800,114,504,cdls,0x5c08570d2ff0
2801,48,282,cdls,0x5c08570d2ff0
2802,54,348,cdls,0x5c08570d2ff0
2803,63,243,cdls,0x5c08570d2ff0
2804,48,315,cdls,0x5c08570d2ff0
2805,105,375,cdls,0x5c08570d2ff0
2806,138,465,cdls,0x5c08570d2ff0
2807,93,372,cdls,0x5c08570d2ff0
2808,60,426,cdls,0x5c08570d2ff0
2809,45,195,cdls,0x5c08570d2ff0
2810,51,195,cdls,0x5c08570d2ff0
2811,48,195,cdls,0x5c08570d2ff0
2812,66,420,cdls,0x5c08570d2ff0
2813,54,264,cdls,0x5c08570d2ff0
2814,51,138,cdls,0x5c08570d2ff0
2815,48,126,cdls,0x5c08570d2ff0
2816,66,288,cdls,0x5c08570d2ff0
2817,54,240,cdls,0x5c08570d2ff0
2818,33,243,cdls,0x5c08570d2ff0
2819,51,345,cdls,0x5c08570d2ff0
2820,78,408,cdls,0x5c08570d2ff0
2821,36,216,cdls,0x5c08570d2ff0
2822,96,420,cdls,0x5c08570d2ff0
2823,48,195,cdls,0x5c08570d2ff0
2824,51,204,cdls,0x5c08570d2ff0
2825,48,171,cdls,0x5c08570d2ff0
2826,72,234,cdls,0x5c08570d2ff0
2827,36,150,cdls,0x5c08570d2ff0
2828,93,270,cdls,0x5c08570d2ff0
2829,39,261,cdls,0x5c08570d2ff0
2830,66,300,cdls,0x5c08570d2ff0
2831,51,237,cdls,0x5c08570d2ff0
2832,96,426,cdls,0x5c08570d2ff0
2833,54,528,cdls,0x5c08570d2ff0
2834,75,432,cdls,0x5c08570d2ff0
2835,102,468,cdls,0x5c08570d2ff0
2836,63,177,cdls,0x5c08570d2ff0
2837,69,282,cdls,0x5c08570d2ff0
2838,60,294,cdls,0x5c08570d2ff0
2839,63,300,cdls,0x5c08570d2ff0
2840,78,324,cdls,0x5c08570d2ff0
2841,102,438,cdls,0x5c08570d2ff0
2842,96,354,cdls,0x5c08570d2ff0
2843,105,435,cdls,0x5c08570d2ff0
2844,48,375,cdls,0x5c08570d2ff0
2845,60,399,cdls,0x5c08570d2ff0
2846,75,381,cdls,0x5c08570d2ff0
2847,117,390,cdls,0x5c08570d2ff0
2848,87,342,cdls,0x5c08570d2ff0
2849,72,366,cdls,0x5c08570d2ff0
2850,84,351,cdls,0x5c08570d2ff0
2851,54,204,cdls,0x5c08570d2ff0
2852,54,219,cdls,0x5c08570d2ff0
2853,111,453,cdls,0x5c08570d2ff0
2854,54,225,cdls,0x5c08570d2ff0
2855,135,426,cdls,0x5c08570d2ff0
2856,117,459,cdls,0x5c08570d2ff0
2857,99,345,cdls,0x5c08570d2ff0
2858,54,237,cdls,0x5c08570d2ff0
2859,48,195,cdls,0x5c08570d2ff0
2860,24,186,cdls,0x5c08570d2ff0
2861,30,216,cdls,0x5c08570d2ff0
2862,48,210,cdls,0x5c08570d2ff0
2863,78,285,cdls,0x5c08570d2ff0
2864,108,300,cdls,0x5c08570d2ff0
2865,51,198,cdls,0x5c08570d2ff0
2866,33,171,cdls,0x5c08570d2ff0
2867,66,213,cdls,0x5c08570d2ff0
2868,60,216,cdls,0x5c08570d2ff0
2869,36,150,cdls,0x5c08570d2ff0
2870,48,306,cdls,0x5c08570d2ff0
2871,42,180,cdls,0x5c08570d2ff0
2872,108,438,cdls,0x5c08570d2ff0
2873,45,291,cdls,0x5c08570d2ff0
2874,48,267,cdls,0x5c08570d2ff0
2875,75,210,cdls,0x5c08570d2ff0
2876,90,456,cdls,0x5c08570d2ff0
2877,57,291,cdls,0x5c08570d2ff0
2878,75,216,cdls,0x5c08570d2ff0
2879,123,270,cdls,0x5c08570d2ff0
2880,39,366,cdls,0x5c08570d2ff0
2881,102,552,cdls,0x5c08570d2ff0
2882,63,189,cdls,0x5c08570d2ff0
2883,36,129,cdls,0x5c08570d2ff0
2884,51,357,cdls,0x5c08570d2ff0
2885,51,309,cdls,0x5c08570d2ff0
2886,21,183,cdls,0x5c08570d2ff0
2887,27,201,cdls,0x5c08570d2ff0
2888,39,273,cdls,0x5c08570d2ff0
2889,30,108,cdls,0x5c08570d2ff0
2890,93,321,cdls,0x5c08570d2ff0
2891,45,195,cdls,0x5c08570d2ff0
2892,48,198,cdls,0x5c08570d2ff0
2893,57,219,cdls,0x5c08570d2ff0
2894,87,357,cdls,0x5c08570d2ff0
2895,93,339,cdls,0x5c08570d2ff0
2896,15,141,cdls,0x5c08570d2ff0
2897,30,120,cdls,0x5c08570d2ff0
2898,57,210,cdls,0x5c08570d2ff0
2899,42,180,cdls,0x5c08570d2ff0
2900,66,282,cdls,0x5c08570d2ff0
2901,63,261,cdls,0x5c08570d2ff0
2902,57,255,cdls,0x5c08570d2ff0
2903,54,216,cdls,0x5c08570d2ff0
2904,57,327,cdls,0x5c08570d2ff0
2905,45,195,cdls,0x5c08570d2ff0
2906,57,207,cdls,0x5c08570d2ff0
2907,57,201,cdls,0x5c08570d2ff0
2908,84,213,cdls,0x5c08570d2ff0
2909,66,288,cdls,0x5c08570d2ff0
2910,102,351,cdls,0x5c08570d2ff0
2911,93,282,cdls,0x5c08570d2ff0
2912,87,393,cdls,0x5c08570d2ff0
2913,75,393,cdls,0x5c08570d2ff0
2914,90,408,cdls,0x5c08570d2ff0
2915,51,216,cdls,0x5c08570d2ff0
2916,96,402,cdls,0x5c08570d2ff0
2917,51,267,cdls,0x5c08570d2ff0
2918,63,231,cdls,0x5c08570d2ff0
2919,114,330,cdls,0x5c08570d2ff0
2920,54,228,cdls,0x5c08570d2ff0
2921,60,294,cdls,0x5c08570d2ff0
2922,48,210,cdls,0x5c08570d2ff0
2923,66,255,cdls,0x5c08570d2ff0
2924,75,321,cdls,0x5c08570d2ff0
2925,63,189,cdls,0x5c08570d2ff0
2926,96,315,cdls,0x5c08570d2ff0
2927,24,186,cdls,0x5c08570d2ff0
2928,87,372,cdls,0x5c08570d2ff0
2929,93,351,cdls,0x5c08570d2ff0
2930,30,216,cdls,0x5c08570d2ff0
2931,60,270,cdls,0x5c08570d2ff0
2932,21,171,cdls,0x5c08570d2ff0
2933,54,225,cdls,0x5c08570d2ff0
2934,39,216,cdls,0x5c08570d2ff0
2935,66,408,cdls,0x5c08570d2ff0
2936,96,426,cdls,0x5c08570d2ff0
2937,60,366,cdls,0x5c08570d2ff0
2938,48,192,cdls,0x5c08570d2ff0
2939,54,264,cdls,0x5c08570d2ff0
2940,36,198,cdls,0x5c08570d2ff0
2941,45,291,cdls,0x5c08570d2ff0
2942,33,267,cdls,0x5c08570d2ff0
2943,30,204,cdls,0x5c08570d2ff0
2944,42,180,cdls,0x5c08570d2ff0
2945,60,438,cdls,0x5c08570d2ff0
2946,27,177,cdls,0x5c08570d2ff0
2947,72,378,cdls,0x5c08570d2ff0
2948,84,366,cdls,0x5c08570d2ff0
2949,84,360,cdls,0x5c08570d2ff0
2950,42,393,cdls,0x5c08570d2ff0
2951,69,225,cdls,0x5c08570d2ff0
2952,87,333,cdls,0x5c08570d2ff0
2953,99,330,cdls,0x5c08570d2ff0
2954,57,432,cdls,0x5c08570d2ff0
2955,45,459,cdls,0x5c08570d2ff0
2956,54,252,cdls,0x5c08570d2ff0
2957,111,411,cdls,0x5c08570d2ff0
2958,48,294,cdls,0x5c08570d2ff0
2959,108,327,cdls,0x5c08570d2ff0
2960,75,297,cdls,0x5c08570d2ff0
2961,42,180,cdls,0x5c08570d2ff0
2962,81,279,cdls,0x5c08570d2ff0
2963,48,159,cdls,0x5c08570d2ff0
2964,39,192,cdls,0x5c08570d2ff0
2965,36,117,cdls,0x5c08570d2ff0
2966,78,360,cdls,0x5c08570d2ff0
2967,42,135,cdls,0x5c08570d2ff0
2968,27,162,cdls,0x5c08570d2ff0
2969,51,249,cdls,0x5c08570d2ff0
2970,84,243,cdls,0x5c08570d2ff0
2971,84,399,cdls,0x5c08570d2ff0
2972,63,201,cdls,0x5c08570d2ff0
2973,60,282,cdls,0x5c08570d2ff0
2974,45,315,cdls,0x5c08570d2ff0
2975,96,447,cdls,0x5c08570d2ff0
2976,63,450,cdls,0x5c08570d2ff0
2977,24,162,cdls,0x5c08570d2ff0
2978,87,453,cdls,0x5c08570d2ff0
2979,30,360,cdls,0x5c08570d2ff0
2980,78,225,cdls,0x5c08570d2ff0
2981,66,177,cdls,0x5c08570d2ff0
2982,69,222,cdls,0x5c08570d2ff0
2983,75,357,cdls,0x5c08570d2ff0
2984,108,330,cdls,0x5c08570d2ff0
2985,39,213,cdls,0x5c08570d2ff0
2986,84,378,cdls,0x5c08570d2ff0
2987,81,315,cdls,0x5c08570d2ff0
2988,75,351,cdls,0x5c08570d2ff0
2989,42,315,cdls,0x5c08570d2ff0
2990,24,198,cdls,0x5c08570d2ff0
2991,39,249,cdls,0x5c08570d2ff0
2992,69,303,cdls,0x5c08570d2ff0
2993,45,165,cdls,0x5c08570d2ff0
2994,69,228,cdls,0x5c08570d2ff0
2995,51,309,cdls,0x5c08570d2ff0
2996,45,195,cdls,0x5c08570d2ff0
2997,21,141,cdls,0x5c08570d2ff0
2998,57,255,cdls,0x5c08570d2ff0
2999,45,279,cdls,0x5c08570d2ff0
3000,39,156,cdls,0x5c08570d2ff0
3001,30,120,cdls,0x5c08570d2ff0
3002,60,270,cdls,0x5c08570d2ff0
3003,156,447,cdls,0x5c08570d2ff0
3004,39,261,cdls,0x5c08570d2ff0
3005,84,345,cdls,0x5c08570d2ff0
3006,54,228,cdls,0x5c08570d2ff0
3007,27,213,cdls,0x5c08570d2ff0
3008,57,255,cdls,0x5c08570d2ff0
3009,45,171,cdls,0x5c08570d2ff0
3010,114,279,cdls,0x5c08570d2ff0
3011,69,384,cdls,0x5c08570d2ff0
3012,123,456,cdls,0x5c08570d2ff0
3013,114,324,cdls,0x5c08570d2ff0
3014,75,333,cdls,0x5c08570d2ff0
3015,108,291,cdls,0x5c08570d2ff0
3016,45,231,cdls,0x5c08570d2ff0
3017,18,132,cdls,0x5c08570d2ff0
3018,93,339,cdls,0x5c08570d2ff0
3019,24,174,cdls,0x5c08570d2ff0
3020,18,111,cdls,0x5c08570d2ff0
3021,57,168,cdls,0x5c08570d2ff0
3022,75,240,cdls,0x5c08570d2ff0
3023,96,339,cdls,0x5c08570d2ff0
3024,72,360,cdls,0x5c08570d2ff0
3025,60,282,cdls,0x5c08570d2ff0
3026,33,156,cdls,0x5c08570d2ff0
3027,57,315,cdls,0x5c08570d2ff0
3028,72,402,cdls,0x5c08570d2ff0
3029,27,189,cdls,0x5c08570d2ff0
3030,78,237,cdls,0x5c08570d2ff0
3031,84,201,cdls,0x5c08570d2ff0
3032,21,162,cdls,0x5c08570d2ff0
3033,78,405,cdls,0x5c08570d2ff0
3034,30,189,cdls,0x5c08570d2ff0
3035,63,201,cdls,0x5c08570d2ff0
3036,42,165,cdls,0x5c08570d2ff0
3037,99,354,cdls,0x5c08570d2ff0
3038,51,216,cdls,0x5c08570d2ff0
3039,60,246,cdls,0x5c08570d2ff0
3040,57,267,cdls,0x5c08570d2ff0
3041,78,258,cdls,0x5c08570d2ff0
3042,72,207,cdls,0x5c08570d2ff0
3043,42,207,cdls,0x5c08570d2ff0
3044,57,249,cdls,0x5c08570d2ff0
3045,33,123,cdls,0x5c08570d2ff0
3046,57,207,cdls,0x5c08570d2ff0
3047,63,234,cdls,0x5c08570d2ff0
3048,24,150,cdls,0x5c08570d2ff0
3049,30,204,cdls,0x5c08570d2ff0
3050,39,285,cdls,0x5c08570d2ff0
3051,123,384,cdls,0x5c08570d2ff0
3052,111,375,cdls,0x5c08570d2ff0
3053,102,360,cdls,0x5c08570d2ff0
3054,84,279,cdls,0x5c08570d2ff0
3055,57,339,cdls,0x5c08570d2ff0
3056,27,225,cdls,0x5c08570d2ff0
3057,96,309,cdls,0x5c08570d2ff0
3058,54,273,cdls,0x5c08570d2ff0
3059,60,198,cdls,0x5c08570d2ff0
3060,69,342,cdls,0x5c08570d2ff0
3061,54,207,cdls,0x5c08570d2ff0
3062,75,243,cdls,0x5c08570d2ff0
3063,18,156,cdls,0x5c08570d2ff0
3064,15,153,cdls,0x5c08570d2ff0
3065,18,168,cdls,0x5c08570d2ff0
3066,69,327,cdls,0x5c08570d2ff0
3067,30,204,cdls,0x5c08570d2ff0
3068,45,315,cdls,0x5c08570d2ff0
3069,75,300,cdls,0x5c08570d2ff0
3070,66,219,cdls,0x5c08570d2ff0
3071,60,474,cdls,0x5c08570d2ff0
3072,51,321,cdls,0x5c08570d2ff0
3073,66,288,cdls,0x5c08570d2ff0
3074,42,156,cdls,0x5c08570d2ff0
3075,75,273,cdls,0x5c08570d2ff0
3076,84,264,cdls,0x5c08570d2ff0
3077,90,294,cdls,0x5c08570d2ff0
3078,102,252,cdls,0x5c08570d2ff0
3079,63,210,cdls,0x5c08570d2ff0
3080,51,207,cdls,0x5c08570d2ff0
3081,48,204,cdls,0x5c08570d2ff0
3082,96,339,cdls,0x5c08570d2ff0
3083,120,324,cdls,0x5c08570d2ff0
3084,90,255,cdls,0x5c08570d2ff0
3085,66,285,cdls,0x5c08570d2ff0
3086,42,147,cdls,0x5c08570d2ff0
3087,60,201,cdls,0x5c08570d2ff0
3088,57,249,cdls,0x5c08570d2ff0
3089,66,252,cdls,0x5c08570d2ff0
3090,78,327,cdls,0x5c08570d2ff0
3091,99,222,cdls,0x5c08570d2ff0
3092,30,111,cdls,0x5c08570d2ff0
3093,105,387,cdls,0x5c08570d2ff0
3094,27,186,cdls,0x5c08570d2ff0
3095,75,357,cdls,0x5c08570d2ff0
3096,93,363,cdls,0x5c08570d2ff0
3097,48,234,cdls,0x5c08570d2ff0
3098,57,255,cdls,0x5c08570d2ff0
3099,42,180,cdls,0x5c08570d2ff0
3100,45,183,cdls,0x5c08570d2ff0
3101,45,267,cdls,0x5c08570d2ff0
3102,48,222,cdls,0x5c08570d2ff0
3103,45,252,cdls,0x5c08570d2ff0
3104,36,126,cdls,0x5c08570d2ff0
3105,42,165,cdls,0x5c08570d2ff0
3106,69,255,cdls,0x5c08570d2ff0
3107,96,354,cdls,0x5c08570d2ff0
3108,66,258,cdls,0x5c08570d2ff0
3109,30,168,cdls,0x5c08570d2ff0
3110,45,195,cdls,0x5c08570d2ff0
3111,24,174,cdls,0x5c08570d2ff0
3112,57,324,cdls,0x5c08570d2ff0
3113,27,189,cdls,0x5c08570d2ff0
3114,30,177,cdls,0x5c08570d2ff0
3115,96,387,cdls,0x5c08570d2ff0
3116,48,222,cdls,0x5c08570d2ff0
3117,72,330,cdls,0x5c08570d2ff0
3118,96,354,cdls,0x5c08570d2ff0
3119,24,162,cdls,0x5c08570d2ff0
3120,39,201,cdls,0x5c08570d2ff0
3121,72,330,cdls,0x5c08570d2ff0
3122,45,396,cdls,0x5c08570d2ff0
3123,30,216,cdls,0x5c08570d2ff0
3124,54,252,cdls,0x5c08570d2ff0
3125,60,270,cdls,0x5c08570d2ff0
3126,78,249,cdls,0x5c08570d2ff0
3127,30,156,cdls,0x5c08570d2ff0
3128,36,225,cdls,0x5c08570d2ff0
3129,66,312,cdls,0x5c08570d2ff0
3130,39,372,cdls,0x5c08570d2ff0
3131,30,192,cdls,0x5c08570d2ff0
3132,60,258,cdls,0x5c08570d2ff0
3133,18,156,cdls,0x5c08570d2ff0
3134,27,93,cdls,0x5c08570d2ff0
3135,24,144,cdls,0x5c08570d2ff0
3136,36,336,cdls,0x5c08570d2ff0
3137,105,426,cdls,0x5c08570d2ff0
3138,93,432,cdls,0x5c08570d2ff0
3139,108,480,cdls,0x5c08570d2ff0
3140,144,378,cdls,0x5c08570d2ff0
3141,72,360,cdls,0x5c08570d2ff0
3142,39,201,cdls,0x5c08570d2ff0
3143,42,468,cdls,0x5c08570d2ff0
3144,27,201,cdls,0x5c08570d2ff0
3145,15,141,cdls,0x5c08570d2ff0
3146,30,120,cdls,0x5c08570d2ff0
3147,81,447,cdls,0x5c08570d2ff0
3148,90,408,cdls,0x5c08570d2ff0
3149,96,603,cdls,0x5c08570d2ff0
3150,87,429,cdls,0x5c08570d2ff0
3151,33,123,cdls,0x5c08570d2ff0
3152,21,171,cdls,0x5c08570d2ff0
3153,63,273,cdls,0x5c08570d2ff0
3154,24,156,cdls,0x5c08570d2ff0
3155,120,459,cdls,0x5c08570d2ff0
3156,72,402,cdls,0x5c08570d2ff0
3157,99,249,cdls,0x5c08570d2ff0
3158,48,135,cdls,0x5c08570d2ff0
3159,60,183,cdls,0x5c08570d2ff0
3160,36,222,cdls,0x5c08570d2ff0
3161,78,348,cdls,0x5c08570d2ff0
3162,39,213,cdls,0x5c08570d2ff0
3163,60,258,cdls,0x5c08570d2ff0
3164,24,156,cdls,0x5c08570d2ff0
3165,102,342,cdls,0x5c08570d2ff0
3166,75,321,cdls,0x5c08570d2ff0
3167,78,384,cdls,0x5c08570d2ff0
3168,51,477,cdls,0x5c08570d2ff0
3169,33,198,cdls,0x5c08570d2ff0
3170,42,192,cdls,0x5c08570d2ff0
3171,60,225,cdls,0x5c08570d2ff0
3172,63,204,cdls,0x5c08570d2ff0
3173,54,324,cdls,0x5c08570d2ff0
3174,69,237,cdls,0x5c08570d2ff0
3175,63,267,cdls,0x5c08570d2ff0
3176,54,198,cdls,0x5c08570d2ff0
3177,54,276,cdls,0x5c08570d2ff0
3178,30,192,cdls,0x5c08570d2ff0
3179,51,357,cdls,0x5c08570d2ff0
3180,48,402,cdls,0x5c08570d2ff0
3181,102,357,cdls,0x5c08570d2ff0
3182,54,228,cdls,0x5c08570d2ff0
3183,90,228,cdls,0x5c08570d2ff0
3184,87,291,cdls,0x5c08570d2ff0
3185,96,282,cdls,0x5c08570d2ff0
3186,33,135,cdls,0x5c08570d2ff0
3187,39,165,cdls,0x5c08570d2ff0
3188,135,384,cdls,0x5c08570d2ff0
3189,96,375,cdls,0x5c08570d2ff0
3190,72,387,cdls,0x5c08570d2ff0
3191,57,228,cdls,0x5c08570d2ff0
3192,129,276,cdls,0x5c08570d2ff0
3193,51,441,cdls,0x5c08570d2ff0
3194,36,426,cdls,0x5c08570d2ff0
3195,30,183,cdls,0x5c08570d2ff0
3196,75,189,cdls,0x5c08570d2ff0
3197,33,207,cdls,0x5c08570d2ff0
3198,60,444,cdls,0x5c08570d2ff0
3199,138,396,cdls,0x5c08570d2ff0
3200,93,399,cdls,0x5c08570d2ff0
3201,66,465,cdls,0x5c08570d2ff0
3202,84,402,cdls,0x5c08570d2ff0
3203,105,567,cdls,0x5c08570d2ff0
3204,78,462,cdls,0x5c08570d2ff0
3205,51,321,cdls,0x5c08570d2ff0
3206,54,252,cdls,0x5c08570d2ff0
3207,78,360,cdls,0x5c08570d2ff0
3208,45,279,cdls,0x5c08570d2ff0
3209,54,252,cdls,0x5c08570d2ff0
3210,72,228,cdls,0x5c08570d2ff0
3211,60,240,cdls,0x5c08570d2ff0
3212,39,249,cdls,0x5c08570d2ff0
3213,51,237,cdls,0x5c08570d2ff0
3214,36,234,cdls,0x5c08570d2ff0
3215,60,282,cdls,0x5c08570d2ff0
3216,63,288,cdls,0x5c08570d2ff0
3217,54,252,cdls,0x5c08570d2ff0
3218,33,207,cdls,0x5c08570d2ff0
3219,90,312,cdls,0x5c08570d2ff0
3220,39,156,cdls,0x5c08570d2ff0
3221,21,144,cdls,0x5c08570d2ff0
3222,54,219,cdls,0x5c08570d2ff0
3223,48,195,cdls,0x5c08570d2ff0
3224,105,375,cdls,0x5c08570d2ff0
3225,36,126,cdls,0x5c08570d2ff0
3226,165,378,cdls,0x5c08570d2ff0
3227,84,558,cdls,0x5c08570d2ff0
3228,72,267,cdls,0x5c08570d2ff0
3229,69,315,cdls,0x5c08570d2ff0
3230,81,336,cdls,0x5c08570d2ff0
3231,30,120,cdls,0x5c08570d2ff0
3232,27,159,cdls,0x5c08570d2ff0
3233,69,288,cdls,0x5c08570d2ff0
3234,72,219,cdls,0x5c08570d2ff0
3235,51,195,cdls,0x5c08570d2ff0
3236,63,417,cdls,0x5c08570d2ff0
3237,60,306,cdls,0x5c08570d2ff0
3238,39,249,cdls,0x5c08570d2ff0
3239,36,210,cdls,0x5c08570d2ff0
3240,72,378,cdls,0x5c08570d2ff0
3241,24,186,cdls,0x5c08570d2ff0
3242,42,192,cdls,0x5c08570d2ff0
3243,63,261,cdls,0x5c08570d2ff0
3244,30,120,cdls,0x5c08570d2ff0
3245,111,414,cdls,0x5c08570d2ff0
3246,93,495,cdls,0x5c08570d2ff0
3247,87,477,cdls,0x5c08570d2ff0
3248,51,381,cdls,0x5c08570d2ff0
3249,87,405,cdls,0x5c08570d2ff0
3250,66,414,cdls,0x5c08570d2ff0
3251,48,135,cdls,0x5c08570d2ff0
3252,54,396,cdls,0x5c08570d2ff0
3253,21,171,cdls,0x5c08570d2ff0
3254,63,258,cdls,0x5c08570d2ff0
3255,69,204,cdls,0x5c08570d2ff0
3256,36,129,cdls,0x5c08570d2ff0
3257,84,300,cdls,0x5c08570d2ff0
3258,42,192,cdls,0x5c08570d2ff0
3259,24,186,cdls,0x5c08570d2ff0
3260,78,252,cdls,0x5c08570d2ff0
3261,30,216,cdls,0x5c08570d2ff0
3262,63,261,cdls,0x5c08570d2ff0
3263,36,150,cdls,0x5c08570d2ff0
3264,51,369,cdls,0x5c08570d2ff0
3265,33,189,cdls,0x5c08570d2ff0
3266,51,204,cdls,0x5c08570d2ff0
3267,105,459,cdls,0x5c08570d2ff0
3268,54,528,cdls,0x5c08570d2ff0
3269,84,450,cdls,0x5c08570d2ff0
3270,39,201,cdls,0x5c08570d2ff0
3271,33,159,cdls,0x5c08570d2ff0
3272,27,177,cdls,0x5c08570d2ff0
3273,48,246,cdls,0x5c08570d2ff0
3274,30,192,cdls,0x5c08570d2ff0
3275,15,141,cdls,0x5c08570d2ff0
3276,24,186,cdls,0x5c08570d2ff0
3277,21,171,cdls,0x5c08570d2ff0
3278,51,237,cdls,0x5c08570d2ff0
3279,15,129,cdls,0x5c08570d2ff0
3280,42,252,cdls,0x5c08570d2ff0
3281,63,486,cdls,0x5c08570d2ff0
3282,93,519,cdls,0x5c08570d2ff0
3283,30,120,cdls,0x5c08570d2ff0
3284,114,408,cdls,0x5c08570d2ff0
3285,60,354,cdls,0x5c08570d2ff0
3286,72,354,cdls,0x5c08570d2ff0
3287,63,201,cdls,0x5c08570d2ff0
3288,75,309,cdls,0x5c08570d2ff0
3289,93,327,cdls,0x5c08570d2ff0
3290,99,429,cdls,0x5c08570d2ff0
3291,42,180,cdls,0x5c08570d2ff0
3292,18,156,cdls,0x5c08570d2ff0
3293,75,489,cdls,0x5c08570d2ff0
3294,27,357,cdls,0x5c08570d2ff0
3295,69,531,cdls,0x5c08570d2ff0
3296,147,477,cdls,0x5c08570d2ff0
3297,87,309,cdls,0x5c08570d2ff0
3298,105,387,cdls,0x5c08570d2ff0
3299,33,159,cdls,0x5c08570d2ff0
3300,84,306,cdls,0x5c08570d2ff0
3301,63,261,cdls,0x5c08570d2ff0
3302,66,384,cdls,0x5c08570d2ff0
3303,90,312,cdls,0x5c08570d2ff0
3304,93,411,cdls,0x5c08570d2ff0
3305,63,429,cdls,0x5c08570d2ff0
3306,45,171,cdls,0x5c08570d2ff0
3307,78,255,cdls,0x5c08570d2ff0
3308,69,270,cdls,0x5c08570d2ff0
3309,24,198,cdls,0x5c08570d2ff0
3310,39,165,cdls,0x5c08570d2ff0
3311,51,333,cdls,0x5c08570d2ff0
3312,39,165,cdls,0x5c08570d2ff0
3313,24,174,cdls,0x5c08570d2ff0
3314,90,336,cdls,0x5c08570d2ff0
3315,84,294,cdls,0x5c08570d2ff0
3316,51,237,cdls,0x5c08570d2ff0
3317,42,168,cdls,0x5c08570d2ff0
3318,63,297,cdls,0x5c08570d2ff0
3319,36,210,cdls,0x5c08570d2ff0
3320,90,324,cdls,0x5c08570d2ff0
3321,78,444,cdls,0x5c08570d2ff0
3322,30,111,cdls,0x5c08570d2ff0
3323,57,255,cdls,0x5c08570d2ff0
3324,45,195,cdls,0x5c08570d2ff0
3325,66,288,cdls,0x5c08570d2ff0
3326,66,336,cdls,0x5c08570d2ff0
3327,75,294,cdls,0x5c08570d2ff0
3328,60,351,cdls,0x5c08570d2ff0
3329,54,240,cdls,0x5c08570d2ff0
3330,48,201,cdls,0x5c08570d2ff0
3331,39,255,cdls,0x5c08570d2ff0
3332,45,375,cdls,0x5c08570d2ff0
3333,33,243,cdls,0x5c08570d2ff0
3334,42,216,cdls,0x5c08570d2ff0
3335,39,165,cdls,0x5c08570d2ff0
3336,36,174,cdls,0x5c08570d2ff0
3337,48,198,cdls,0x5c08570d2ff0
3338,36,162,cdls,0x5c08570d2ff0
3339,48,306,cdls,0x5c08570d2ff0
3340,57,327,cdls,0x5c08570d2ff0
3341,54,252,cdls,0x5c08570d2ff0
3342,60,258,cdls,0x5c08570d2ff0
3343,120,426,cdls,0x5c08570d2ff0
3344,117,435,cdls,0x5c08570d2ff0
3345,111,573,cdls,0x5c08570d2ff0
3346,30,204,cdls,0x5c08570d2ff0
3347,81,327,cdls,0x5c08570d2ff0
3348,108,486,cdls,0x5c08570d2ff0
3349,66,300,cdls,0x5c08570d2ff0
3350,66,288,cdls,0x5c08570d2ff0
3351,39,261,cdls,0x5c08570d2ff0
3352,96,375,cdls,0x5c08570d2ff0
3353,102,441,cdls,0x5c08570d2ff0
3354,99,510,cdls,0x5c08570d2ff0
3355,96,474,cdls,0x5c08570d2ff0
3356,78,456,cdls,0x5c08570d2ff0
3357,87,480,cdls,0x5c08570d2ff0
3358,48,270,cdls,0x5c08570d2ff0
3359,63,273,cdls,0x5c08570d2ff0
3360,60,270,cdls,0x5c08570d2ff0
3361,54,240,cdls,0x5c08570d2ff0
3362,87,285,cdls,0x5c08570d2ff0
3363,60,234,cdls,0x5c08570d2ff0
3364,84,390,cdls,0x5c08570d2ff0
3365,84,606,cdls,0x5c08570d2ff0
3366,27,201,cdls,0x5c08570d2ff0
3367,63,333,cdls,0x5c08570d2ff0
3368,27,201,cdls,0x5c08570d2ff0
3369,30,204,cdls,0x5c08570d2ff0
3370,93,381,cdls,0x5c08570d2ff0
3371,138,348,cdls,0x5c08570d2ff0
3372,66,573,cdls,0x5c08570d2ff0
3373,93,411,cdls,0x5c08570d2ff0
3374,60,270,cdls,0x5c08570d2ff0
3375,57,255,cdls,0x5c08570d2ff0
3376,27,237,cdls,0x5c08570d2ff0
3377,63,273,cdls,0x5c08570d2ff0
3378,18,156,cdls,0x5c08570d2ff0
3379,81,531,cdls,0x5c08570d2ff0
3380,42,252,cdls,0x5c08570d2ff0
3381,27,189,cdls,0x5c08570d2ff0
3382,39,249,cdls,0x5c08570d2ff0
3383,24,198,cdls,0x5c08570d2ff0
3384,51,237,cdls,0x5c08570d2ff0
3385,33,219,cdls,0x5c08570d2ff0
3386,93,435,cdls,0x5c08570d2ff0
3387,27,201,cdls,0x5c08570d2ff0
3388,27,189,cdls,0x5c08570d2ff0
3389,30,216,cdls,0x5c08570d2ff0
3390,60,342,cdls,0x5c08570d2ff0
3391,99,465,cdls,0x5c08570d2ff0
3392,66,372,cdls,0x5c08570d2ff0
3393,66,468,cdls,0x5c08570d2ff0
3394,63,273,cdls,0x5c08570d2ff0
3395,54,228,cdls,0x5c08570d2ff0
3396,99,405,cdls,0x5c08570d2ff0
3397,33,399,cdls,0x5c08570d2ff0
3398,24,174,cdls,0x5c08570d2ff0
3399,51,513,cdls,0x5c08570d2ff0
3400,90,372,cdls,0x5c08570d2ff0
3401,81,471,cdls,0x5c08570d2ff0
3402,51,405,cdls,0x5c08570d2ff0
3403,60,354,cdls,0x5c08570d2ff0
3404,66,516,cdls,0x5c08570d2ff0
3405,57,363,cdls,0x5c08570d2ff0
3406,42,408,cdls,0x5c08570d2ff0
3407,105,435,cdls,0x5c08570d2ff0
3408,105,519,cdls,0x5c08570d2ff0
3409,66,300,cdls,0x5c08570d2ff0
3410,105,375,cdls,0x5c08570d2ff0
3411,72,378,cdls,0x5c08570d2ff0
3412,93,375,cdls,0x5c08570d2ff0
3413,72,390,cdls,0x5c08570d2ff0
3414,54,300,cdls,0x5c08570d2ff0
3415,30,252,cdls,0x5c08570d2ff0
3416,27,189,cdls,0x5c08570d2ff0
3417,45,279,cdls,0x5c08570d2ff0
3418,60,366,cdls,0x5c08570d2ff0
3419,42,264,cdls,0x5c08570d2ff0
3420,75,309,cdls,0x5c08570d2ff0
3421,69,351,cdls,0x5c08570d2ff0
3422,69,243,cdls,0x5c08570d2ff0
3423,60,258,cdls,0x5c08570d2ff0
3424,102,327,cdls,0x5c08570d2ff0
3425,45,180,cdls,0x5c08570d2ff0
3426,72,318,cdls,0x5c08570d2ff0
3427,63,285,cdls,0x5c08570d2ff0
3428,63,285,cdls,0x5c08570d2ff0
3429,36,216,cdls,0x5c08570d2ff0
3430,108,426,cdls,0x5c08570d2ff0
3431,30,309,cdls,0x5c08570d2ff0
3432,15,153,cdls,0x5c08570d2ff0
3433,66,372,cdls,0x5c08570d2ff0
3434,24,147,cdls,0x5c08570d2ff0
3435,45,189,cdls,0x5c08570d2ff0
3436,30,111,cdls,0x5c08570d2ff0
3437,78,210,cdls,0x5c08570d2ff0
3438,57,255,cdls,0x5c08570d2ff0
3439,48,195,cdls,0x5c08570d2ff0
3440,63,198,cdls,0x5c08570d2ff0
3441,51,285,cdls,0x5c08570d2ff0
3442,78,252,cdls,0x5c08570d2ff0
3443,39,249,cdls,0x5c08570d2ff0
3444,45,315,cdls,0x5c08570d2ff0
3445,66,324,cdls,0x5c08570d2ff0
3446,45,255,cdls,0x5c08570d2ff0
3447,30,204,cdls,0x5c08570d2ff0
3448,24,210,cdls,0x5c08570d2ff0
3449,60,342,cdls,0x5c08570d2ff0
3450,33,123,cdls,0x5c08570d2ff0
3451,21,159,cdls,0x5c08570d2ff0
3452,48,318,cdls,0x5c08570d2ff0
3453,30,192,cdls,0x5c08570d2ff0
3454,69,303,cdls,0x5c08570d2ff0
3455,33,207,cdls,0x5c08570d2ff0
3456,45,195,cdls,0x5c08570d2ff0
3457,30,252,cdls,0x5c08570d2ff0
3458,93,486,cdls,0x5c08570d2ff0
3459,90,408,cdls,0x5c08570d2ff0
3460,48,372,cdls,0x5c08570d2ff0
3461,117,471,cdls,0x5c08570d2ff0
3462,39,240,cdls,0x5c08570d2ff0
3463,42,180,cdls,0x5c08570d2ff0
3464,81,279,cdls,0x5c08570d2ff0
3465,87,441,cdls,0x5c08570d2ff0
3466,102,420,cdls,0x5c08570d2ff0
3467,30,240,cdls,0x5c08570d2ff0
3468,45,195,cdls,0x5c08570d2ff0
3469,69,363,cdls,0x5c08570d2ff0
3470,27,183,cdls,0x5c08570d2ff0
3471,69,333,cdls,0x5c08570d2ff0
3472,51,285,cdls,0x5c08570d2ff0
3473,57,279,cdls,0x5c08570d2ff0
3474,24,210,cdls,0x5c08570d2ff0
3475,93,411,cdls,0x5c08570d2ff0
3476,60,303,cdls,0x5c08570d2ff0
3477,54,369,cdls,0x5c08570d2ff0
3478,33,192,cdls,0x5c08570d2ff0
3479,57,243,cdls,0x5c08570d2ff0
3480,51,252,cdls,0x5c08570d2ff0
3481,51,426,cdls,0x5c08570d2ff0
3482,108,516,cdls,0x5c08570d2ff0
3483,60,258,cdls,0x5c08570d2ff0
3484,45,219,cdls,0x5c08570d2ff0
3485,99,465,cdls,0x5c08570d2ff0
3486,48,186,cdls,0x5c08570d2ff0
3487,54,312,cdls,0x5c08570d2ff0
3488,27,225,cdls,0x5c08570d2ff0
3489,33,207,cdls,0x5c08570d2ff0
3490,63,273,cdls,0x5c08570d2ff0
3491,75,321,cdls,0x5c08570d2ff0
3492,36,234,cdls,0x5c08570d2ff0
3493,18,156,cdls,0x5c08570d2ff0
3494,54,228,cdls,0x5c08570d2ff0
3495,57,303,cdls,0x5c08570d2ff0
3496,63,318,cdls,0x5c08570d2ff0
3497,96,291,cdls,0x5c08570d2ff0
3498,27,189,cdls,0x5c08570d2ff0
3499,57,255,cdls,0x5c08570d2ff0
3500,24,174,cdls,0x5c08570d2ff0
3501,81,276,cdls,0x5c08570d2ff0
3502,105,312,cdls,0x5c08570d2ff0
3503,90,216,cdls,0x5c08570d2ff0
3504,63,237,cdls,0x5c08570d2ff0
3505,102,384,cdls,0x5c08570d2ff0
3506,99,480,cdls,0x5c08570d2ff0
3507,150,420,cdls,0x5c08570d2ff0
3508,114,318,cdls,0x5c08570d2ff0
3509,93,324,cdls,0x5c08570d2ff0
3510,138,390,cdls,0x5c08570d2ff0
3511,36,198,cdls,0x5c08570d2ff0
3512,57,315,cdls,0x5c08570d2ff0
3513,54,432,cdls,0x5c08570d2ff0
3514,84,582,cdls,0x5c08570d2ff0
3515,84,465,cdls,0x5c08570d2ff0
3516,84,480,cdls,0x5c08570d2ff0
3517,105,444,cdls,0x5c08570d2ff0
3518,84,570,cdls,0x5c08570d2ff0
3519,99,336,cdls,0x5c08570d2ff0
3520,72,390,cdls,0x5c08570d2ff0
3521,123,489,cdls,0x5c08570d2ff0
3522,114,339,cdls,0x5c08570d2ff0
3523,93,507,cdls,0x5c08570d2ff0
3524,78,429,cdls,0x5c08570d2ff0
3525,24,186,cdls,0x5c08570d2ff0
3526,36,129,cdls,0x5c08570d2ff0
3527,30,177,cdls,0x5c08570d2ff0
3528,45,102,cdls,0x5c08570d2ff0
3529,18,168,cdls,0x5c08570d2ff0
3530,54,324,cdls,0x5c08570d2ff0
3531,108,474,cdls,0x5c08570d2ff0
3532,66,360,cdls,0x5c08570d2ff0
3533,78,492,cdls,0x5c08570d2ff0
3534,123,516,cdls,0x5c08570d2ff0
3535,48,564,cdls,0x5c08570d2ff0
3536,78,330,cdls,0x5c08570d2ff0
3537,96,606,cdls,0x5c08570d2ff0
3538,57,255,cdls,0x5c08570d2ff0
3539,81,327,cdls,0x5c08570d2ff0
3540,39,249,cdls,0x5c08570d2ff0
3541,15,141,cdls,0x5c08570d2ff0
3542,72,363,cdls,0x5c08570d2ff0
3543,102,618,cdls,0x5c08570d2ff0
3544,141,615,cdls,0x5c08570d2ff0
3545,63,465,cdls,0x5c08570d2ff0
3546,105,483,cdls,0x5c08570d2ff0
3547,117,603,cdls,0x5c08570d2ff0
3548,63,549,cdls,0x5c08570d2ff0
3549,48,390,cdls,0x5c08570d2ff0
3550,36,186,cdls,0x5c08570d2ff0
3551,108,498,cdls,0x5c08570d2ff0
3552,54,276,cdls,0x5c08570d2ff0
3553,75,327,cdls,0x5c08570d2ff0
3554,60,273,cdls,0x5c08570d2ff0
3555,54,252,cdls,0x5c08570d2ff0
3556,78,351,cdls,0x5c08570d2ff0
3557,90,384,cdls,0x5c08570d2ff0
3558,27,204,cdls,0x5c08570d2ff0
3559,36,222,cdls,0x5c08570d2ff0
3560,99,297,cdls,0x5c08570d2ff0
3561,78,372,cdls,0x5c08570d2ff0
3562,66,432,cdls,0x5c08570d2ff0
3563,51,429,cdls,0x5c08570d2ff0
3564,66,468,cdls,0x5c08570d2ff0
3565,147,363,cdls,0x5c08570d2ff0
3566,33,177,cdls,0x5c08570d2ff0
3567,60,330,cdls,0x5c08570d2ff0
3568,84,483,cdls,0x5c08570d2ff0
3569,93,447,cdls,0x5c08570d2ff0
3570,93,519,cdls,0x5c08570d2ff0
3571,117,408,cdls,0x5c08570d2ff0
3572,99,369,cdls,0x5c08570d2ff0
3573,78,480,cdls,0x5c08570d2ff0
3574,84,522,cdls,0x5c08570d2ff0
3575,81,615,cdls,0x5c08570d2ff0
3576,57,627,cdls,0x5c08570d2ff0
3577,51,438,cdls,0x5c08570d2ff0
3578,60,672,cdls,0x5c08570d2ff0
3579,78,414,cdls,0x5c08570d2ff0
3580,21,171,cdls,0x5c08570d2ff0
3581,48,414,cdls,0x5c08570d2ff0
3582,87,321,cdls,0x5c08570d2ff0
3583,51,405,cdls,0x5c08570d2ff0
3584,39,510,cdls,0x5c08570d2ff0
3585,102,402,cdls,0x5c08570d2ff0
3586,57,444,cdls,0x5c08570d2ff0
3587,135,468,cdls,0x5c08570d2ff0
3588,114,429,cdls,0x5c08570d2ff0
3589,108,501,cdls,0x5c08570d2ff0
3590,96,435,cdls,0x5c08570d2ff0
3591,66,309,cdls,0x5c08570d2ff0
3592,33,207,cdls,0x5c08570d2ff0
3593,57,255,cdls,0x5c08570d2ff0
3594,99,531,cdls,0x5c08570d2ff0
3595,81,531,cdls,0x5c08570d2ff0
3596,84,498,cdls,0x5c08570d2ff0
3597,42,504,cdls,0x5c08570d2ff0
3598,75,321,cdls,0x5c08570d2ff0
3599,87,357,cdls,0x5c08570d2ff0
3600,30,240,cdls,0x5c08570d2ff0
3601,27,213,cdls,0x5c08570d2ff0
3602,45,210,cdls,0x5c08570d2ff0
3603,45,180,cdls,0x5c08570d2ff0
3604,54,267,cdls,0x5c08570d2ff0
3605,39,225,cdls,0x5c08570d2ff0
3606,84,354,cdls,0x5c08570d2ff0
3607,66,270,cdls,0x5c08570d2ff0
3608,30,195,cdls,0x5c08570d2ff0
3609,78,288,cdls,0x5c08570d2ff0
3610,78,360,cdls,0x5c08570d2ff0
3611,57,471,cdls,0x5c08570d2ff0
3612,81,384,cdls,0x5c08570d2ff0
3613,54,447,cdls,0x5c08570d2ff0
3614,66,576,cdls,0x5c08570d2ff0
3615,147,453,cdls,0x5c08570d2ff0
3616,84,525,cdls,0x5c08570d2ff0
3617,111,465,cdls,0x5c08570d2ff0
3618,63,429,cdls,0x5c08570d2ff0
3619,39,138,cdls,0x5c08570d2ff0
3620,66,234,cdls,0x5c08570d2ff0
3621,129,399,cdls,0x5c08570d2ff0
3622,96,492,cdls,0x5c08570d2ff0
3623,66,267,cdls,0x5c08570d2ff0
3624,84,384,cdls,0x5c08570d2ff0
3625,63,174,cdls,0x5c08570d2ff0
3626,39,252,cdls,0x5c08570d2ff0
3627,39,237,cdls,0x5c08570d2ff0
3628,75,237,cdls,0x5c08570d2ff0
3629,147,477,cdls,0x5c08570d2ff0
3630,108,336,cdls,0x5c08570d2ff0
3631,102,306,cdls,0x5c08570d2ff0
3632,150,360,cdls,0x5c08570d2ff0
3633,45,162,cdls,0x5c08570d2ff0
3634,63,171,cdls,0x5c08570d2ff0
3635,48,234,cdls,0x5c08570d2ff0
3636,63,219,cdls,0x5c08570d2ff0
3637,60,246,cdls,0x5c08570d2ff0
3638,66,288,cdls,0x5c08570d2ff0
3639,123,306,cdls,0x5c08570d2ff0
3640,69,288,cdls,0x5c08570d2ff0
3641,45,228,cdls,0x5c08570d2ff0
3642,90,318,cdls,0x5c08570d2ff0
3643,66,396,cdls,0x5c08570d2ff0
3644,78,408,cdls,0x5c08570d2ff0
3645,60,264,cdls,0x5c08570d2ff0
3646,48,171,cdls,0x5c08570d2ff0
3647,36,195,cdls,0x5c08570d2ff0
3648,111,438,cdls,0x5c08570d2ff0
3649,54,312,cdls,0x5c08570d2ff0
3650,48,294,cdls,0x5c08570d2ff0
3651,63,345,cdls,0x5c08570d2ff0
3652,51,225,cdls,0x5c08570d2ff0
3653,126,393,cdls,0x5c08570d2ff0
3654,60,465,cdls,0x5c08570d2ff0
3655,138,414,cdls,0x5c08570d2ff0
3656,180,414,cdls,0x5c08570d2ff0
3657,48,201,cdls,0x5c08570d2ff0
3658,30,186,cdls,0x5c08570d2ff0
3659,54,267,cdls,0x5c08570d2ff0
3660,108,486,cdls,0x5c08570d2ff0
3661,69,576,cdls,0x5c08570d2ff0
3662,138,444,cdls,0x5c08570d2ff0
3663,123,537,cdls,0x5c08570d2ff0
3664,87,438,cdls,0x5c08570d2ff0
3665,69,495,cdls,0x5c08570d2ff0
3666,87,456,cdls,0x5c08570d2ff0
3667,66,300,cdls,0x5c08570d2ff0
3668,99,420,cdls,0x5c08570d2ff0
3669,30,228,cdls,0x5c08570d2ff0
3670,60,426,cdls,0x5c08570d2ff0
3671,48,393,cdls,0x5c08570d2ff0
3672,111,543,cdls,0x5c08570d2ff0
3673,69,279,cdls,0x5c08570d2ff0
3674,84,258,cdls,0x5c08570d2ff0
3675,126,528,cdls,0x5c08570d2ff0
3676,132,426,cdls,0x5c08570d2ff0
3677,42,252,cdls,0x5c08570d2ff0
3678,87,312,cdls,0x5c08570d2ff0
3679,165,366,cdls,0x5c08570d2ff0
3680,30,171,cdls,0x5c08570d2ff0
3681,54,348,cdls,0x5c08570d2ff0
3682,60,324,cdls,0x5c08570d2ff0
3683,54,228,cdls,0x5c08570d2ff0
3684,42,258,cdls,0x5c08570d2ff0
3685,57,255,cdls,0x5c08570d2ff0
3686,75,249,cdls,0x5c08570d2ff0
3687,111,372,cdls,0x5c08570d2ff0
3688,141,396,cdls,0x5c08570d2ff0
3689,72,318,cdls,0x5c08570d2ff0
3690,111,513,cdls,0x5c08570d2ff0
3691,63,261,cdls,0x5c08570d2ff0
3692,108,345,cdls,0x5c08570d2ff0
3693,75,429,cdls,0x5c08570d2ff0
3694,33,180,cdls,0x5c08570d2ff0
3695,84,306,cdls,0x5c08570d2ff0
3696,69,306,cdls,0x5c08570d2ff0
3697,45,183,cdls,0x5c08570d2ff0
3698,36,234,cdls,0x5c08570d2ff0
3699,69,228,cdls,0x5c08570d2ff0
3700,93,351,cdls,0x5c08570d2ff0
3701,33,159,cdls,0x5c08570d2ff0
3702,51,273,cdls,0x5c08570d2ff0
3703,87,369,cdls,0x5c08570d2ff0
3704,66,312,cdls,0x5c08570d2ff0
3705,27,105,cdls,0x5c08570d2ff0
3706,39,165,cdls,0x5c08570d2ff0
3707,42,216,cdls,0x5c08570d2ff0
3708,51,213,cdls,0x5c08570d2ff0
3709,57,243,cdls,0x5c08570d2ff0
3710,138,417,cdls,0x5c08570d2ff0
3711,81,471,cdls,0x5c08570d2ff0
3712,90,444,cdls,0x5c08570d2ff0
3713,42,375,cdls,0x5c08570d2ff0
3714,66,255,cdls,0x5c08570d2ff0
3715,66,285,cdls,0x5c08570d2ff0
3716,30,174,cdls,0x5c08570d2ff0
3717,84,450,cdls,0x5c08570d2ff0
3718,75,321,cdls,0x5c08570d2ff0
3719,90,288,cdls,0x5c08570d2ff0
3720,78,306,cdls,0x5c08570d2ff0
3721,60,270,cdls,0x5c08570d2ff0
3722,69,246,cdls,0x5c08570d2ff0
3723,33,135,cdls,0x5c08570d2ff0
3724,60,330,cdls,0x5c08570d2ff0
3725,78,228,cdls,0x5c08570d2ff0
3726,126,330,cdls,0x5c08570d2ff0
3727,51,195,cdls,0x5c08570d2ff0
3728,45,195,cdls,0x5c08570d2ff0
3729,54,216,cdls,0x5c08570d2ff0
3730,30,183,cdls,0x5c08570d2ff0
3731,42,288,cdls,0x5c08570d2ff0
3732,36,222,cdls,0x5c08570d2ff0
3733,30,228,cdls,0x5c08570d2ff0
3734,63,297,cdls,0x5c08570d2ff0
3735,87,342,cdls,0x5c08570d2ff0
3736,78,336,cdls,0x5c08570d2ff0
3737,99,435,cdls,0x5c08570d2ff0
3738,57,315,cdls,0x5c08570d2ff0
3739,81,387,cdls,0x5c08570d2ff0
3740,42,360,cdls,0x5c08570d2ff0
3741,33,207,cdls,0x5c08570d2ff0
3742,54,207,cdls,0x5c08570d2ff0
3743,57,186,cdls,0x5c08570d2ff0
3744,54,201,cdls,0x5c08570d2ff0
3745,54,228,cdls,0x5c08570d2ff0
3746,75,201,cdls,0x5c08570d2ff0
3747,36,189,cdls,0x5c08570d2ff0
3748,111,405,cdls,0x5c08570d2ff0
3749,90,330,cdls,0x5c08570d2ff0
3750,72,330,cdls,0x5c08570d2ff0
3751,36,234,cdls,0x5c08570d2ff0
3752,57,327,cdls,0x5c08570d2ff0
3753,27,201,cdls,0x5c08570d2ff0
3754,48,183,cdls,0x5c08570d2ff0
3755,36,132,cdls,0x5c08570d2ff0
3756,27,171,cdls,0x5c08570d2ff0
3757,36,234,cdls,0x5c08570d2ff0
3758,75,291,cdls,0x5c08570d2ff0
3759,45,279,cdls,0x5c08570d2ff0
3760,39,192,cdls,0x5c08570d2ff0
3761,48,261,cdls,0x5c08570d2ff0
3762,39,165,cdls,0x5c08570d2ff0
3763,66,312,cdls,0x5c08570d2ff0
3764,63,237,cdls,0x5c08570d2ff0
3765,60,270,cdls,0x5c08570d2ff0
3766,87,273,cdls,0x5c08570d2ff0
3767,75,285,cdls,0x5c08570d2ff0
3768,60,192,cdls,0x5c08570d2ff0
3769,66,270,cdls,0x5c08570d2ff0
3770,33,189,cdls,0x5c08570d2ff0
3771,36,138,cdls,0x5c08570d2ff0
3772,66,384,cdls,0x5c08570d2ff0
3773,24,153,cdls,0x5c08570d2ff0
3774,114,318,cdls,0x5c08570d2ff0
3775,105,447,cdls,0x5c08570d2ff0
3776,141,333,cdls,0x5c08570d2ff0
3777,72,306,cdls,0x5c08570d2ff0
3778,90,306,cdls,0x5c08570d2ff0
3779,102,372,cdls,0x5c08570d2ff0
3780,27,222,cdls,0x5c08570d2ff0
3781,102,504,cdls,0x5c08570d2ff0
3782,42,171,cdls,0x5c08570d2ff0
3783,75,228,cdls,0x5c08570d2ff0
3784,66,363,cdls,0x5c08570d2ff0
3785,75,345,cdls,0x5c08570d2ff0
3786,84,426,cdls,0x5c08570d2ff0
3787,33,207,cdls,0x5c08570d2ff0
3788,81,261,cdls,0x5c08570d2ff0
3789,66,165,cdls,0x5c08570d2ff0
3790,39,153,cdls,0x5c08570d2ff0
3791,81,279,cdls,0x5c08570d2ff0
3792,90,372,cdls,0x5c08570d2ff0
3793,69,291,cdls,0x5c08570d2ff0
3794,21,183,cdls,0x5c08570d2ff0
3795,72,342,cdls,0x5c08570d2ff0
3796,69,339,cdls,0x5c08570d2ff0
3797,81,327,cdls,0x5c08570d2ff0
3798,36,210,cdls,0x5c08570d2ff0
3799,30,204,cdls,0x5c08570d2ff0
3800,90,507,cdls,0x5c08570d2ff0
3801,69,465,cdls,0x5c08570d2ff0
3802,60,378,cdls,0x5c08570d2ff0
3803,108,342,cdls,0x5c08570d2ff0
3804,51,441,cdls,0x5c08570d2ff0
3805,126,504,cdls,0x5c08570d2ff0
3806,60,639,cdls,0x5c08570d2ff0
3807,90,624,cdls,0x5c08570d2ff0
3808,81,675,cdls,0x5c08570d2ff0
3809,105,447,cdls,0x5c08570d2ff0
3810,111,453,cdls,0x5c08570d2ff0
3811,60,282,cdls,0x5c08570d2ff0
3812,87,309,cdls,0x5c08570d2ff0
3813,111,444,cdls,0x5c08570d2ff0
3814,78,375,cdls,0x5c08570d2ff0
3815,78,456,cdls,0x5c08570d2ff0
3816,105,543,cdls,0x5c08570d2ff0
3817,42,168,cdls,0x5c08570d2ff0
3818,57,234,cdls,0x5c08570d2ff0
3819,54,291,cdls,0x5c08570d2ff0
3820,36,204,cdls,0x5c08570d2ff0
3821,105,375,cdls,0x5c08570d2ff0
3822,51,381,cdls,0x5c08570d2ff0
3823,87,405,cdls,0x5c08570d2ff0
3824,75,393,cdls,0x5c08570d2ff0
3825,105,414,cdls,0x5c08570d2ff0
3826,60,480,cdls,0x5c08570d2ff0
3827,66,348,cdls,0x5c08570d2ff0
3828,66,249,cdls,0x5c08570d2ff0
3829,63,285,cdls,0x5c08570d2ff0
3830,93,435,cdls,0x5c08570d2ff0
3831,33,207,cdls,0x5c08570d2ff0
3832,24,186,cdls,0x5c08570d2ff0
3833,57,315,cdls,0x5c08570d2ff0
3834,81,327,cdls,0x5c08570d2ff0
3835,30,120,cdls,0x5c08570d2ff0
3836,36,222,cdls,0x5c08570d2ff0
3837,36,150,cdls,0x5c08570d2ff0
3838,45,183,cdls,0x5c08570d2ff0
3839,30,240,cdls,0x5c08570d2ff0
3840,66,276,cdls,0x5c08570d2ff0
3841,87,369,cdls,0x5c08570d2ff0
3842,57,207,cdls,0x5c08570d2ff0
3843,48,306,cdls,0x5c08570d2ff0
3844,24,132,cdls,0x5c08570d2ff0
3845,27,159,cdls,0x5c08570d2ff0
3846,24,168,cdls,0x5c08570d2ff0
3847,87,393,cdls,0x5c08570d2ff0
3848,60,246,cdls,0x5c08570d2ff0
3849,99,498,cdls,0x5c08570d2ff0
3850,93,477,cdls,0x5c08570d2ff0
3851,63,318,cdls,0x5c08570d2ff0
3852,108,327,cdls,0x5c08570d2ff0
3853,39,234,cdls,0x5c08570d2ff0
3854,45,222,cdls,0x5c08570d2ff0
3855,33,177,cdls,0x5c08570d2ff0
3856,51,225,cdls,0x5c08570d2ff0
3857,36,222,cdls,0x5c08570d2ff0
3858,51,297,cdls,0x5c08570d2ff0
3859,69,291,cdls,0x5c08570d2ff0
3860,36,147,cdls,0x5c08570d2ff0
3861,45,279,cdls,0x5c08570d2ff0
3862,54,312,cdls,0x5c08570d2ff0
3863,93,339,cdls,0x5c08570d2ff0
3864,66,267,cdls,0x5c08570d2ff0
3865,78,444,cdls,0x5c08570d2ff0
3866,99,513,cdls,0x5c08570d2ff0
3867,39,156,cdls,0x5c08570d2ff0
3868,84,309,cdls,0x5c08570d2ff0
3869,81,375,cdls,0x5c08570d2ff0
3870,90,408,cdls,0x5c08570d2ff0
3871,24,183,cdls,0x5c08570d2ff0
3872,39,303,cdls,0x5c08570d2ff0
3873,27,183,cdls,0x5c08570d2ff0
3874,54,207,cdls,0x5c08570d2ff0
3875,99,291,cdls,0x5c08570d2ff0
3876,90,369,cdls,0x5c08570d2ff0
3877,63,345,cdls,0x5c08570d2ff0
3878,81,354,cdls,0x5c08570d2ff0
3879,75,504,cdls,0x5c08570d2ff0
3880,75,384,cdls,0x5c08570d2ff0
3881,69,297,cdls,0x5c08570d2ff0
3882,81,342,cdls,0x5c08570d2ff0
3883,36,300,cdls,0x5c08570d2ff0
3884,27,213,cdls,0x5c08570d2ff0
3885,18,168,cdls,0x5c08570d2ff0
3886,90,372,cdls,0x5c08570d2ff0
3887,30,204,cdls,0x5c08570d2ff0
3888,27,105,cdls,0x5c08570d2ff0
3889,33,135,cdls,0x5c08570d2ff0
3890,69,222,cdls,0x5c08570d2ff0
3891,45,168,cdls,0x5c08570d2ff0
3892,36,168,cdls,0x5c08570d2ff0
3893,117,378,cdls,0x5c08570d2ff0
3894,84,285,cdls,0x5c08570d2ff0
3895,60,198,cdls,0x5c08570d2ff0
3896,66,228,cdls,0x5c08570d2ff0
3897,72,318,cdls,0x5c08570d2ff0
3898,48,246,cdls,0x5c08570d2ff0
3899,96,330,cdls,0x5c08570d2ff0
3900,57,216,cdls,0x5c08570d2ff0
3901,33,174,cdls,0x5c08570d2ff0
3902,75,279,cdls,0x5c08570d2ff0
3903,39,453,cdls,0x5c08570d2ff0
3904,78,378,cdls,0x5c08570d2ff0
3905,102,489,cdls,0x5c08570d2ff0
3906,108,408,cdls,0x5c08570d2ff0
3907,69,606,cdls,0x5c08570d2ff0
3908,84,504,cdls,0x5c08570d2ff0
3909,87,489,cdls,0x5c08570d2ff0
3910,126,444,cdls,0x5c08570d2ff0
3911,126,363,cdls,0x5c08570d2ff0
3912,165,405,cdls,0x5c08570d2ff0
3913,81,486,cdls,0x5c08570d2ff0
3914,54,435,cdls,0x5c08570d2ff0
3915,81,354,cdls,0x5c08570d2ff0
3916,111,411,cdls,0x5c08570d2ff0
3917,117,351,cdls,0x5c08570d2ff0
3918,42,243,cdls,0x5c08570d2ff0
3919,51,231,cdls,0x5c08570d2ff0
3920,105,288,cdls,0x5c08570d2ff0
3921,120,282,cdls,0x5c08570d2ff0
3922,63,222,cdls,0x5c08570d2ff0
3923,51,210,cdls,0x5c08570d2ff0
3924,90,306,cdls,0x5c08570d2ff0
3925,63,261,cdls,0x5c08570d2ff0
3926,96,351,cdls,0x5c08570d2ff0
3927,120,378,cdls,0x5c08570d2ff0
3928,54,276,cdls,0x5c08570d2ff0
3929,48,273,cdls,0x5c08570d2ff0
3930,54,312,cdls,0x5c08570d2ff0
3931,108,447,cdls,0x5c08570d2ff0
3932,126,306,cdls,0x5c08570d2ff0
3933,120,618,cdls,0x5c08570d2ff0
3934,126,375,cdls,0x5c08570d2ff0
3935,75,189,cdls,0x5c08570d2ff0
3936,57,234,cdls,0x5c08570d2ff0
3937,78,243,cdls,0x5c08570d2ff0
3938,39,237,cdls,0x5c08570d2ff0
3939,33,231,cdls,0x5c08570d2ff0
3940,84,276,cdls,0x5c08570d2ff0
3941,45,279,cdls,0x5c08570d2ff0
3942,27,201,cdls,0x5c08570d2ff0
3943,90,324,cdls,0x5c08570d2ff0
3944,93,321,cdls,0x5c08570d2ff0
3945,84,294,cdls,0x5c08570d2ff0
3946,72,363,cdls,0x5c08570d2ff0
3947,54,324,cdls,0x5c08570d2ff0
3948,72,330,cdls,0x5c08570d2ff0
3949,54,312,cdls,0x5c08570d2ff0
3950,36,141,cdls,0x5c08570d2ff0
3951,81,258,cdls,0x5c08570d2ff0
3952,51,297,cdls,0x5c08570d2ff0
3953,51,210,cdls,0x5c08570d2ff0
3954,60,183,cdls,0x5c08570d2ff0
3955,54,240,cdls,0x5c08570d2ff0
3956,30,216,cdls,0x5c08570d2ff0
3957,24,186,cdls,0x5c08570d2ff0
3958,54,240,cdls,0x5c08570d2ff0
3959,18,144,cdls,0x5c08570d2ff0
3960,102,348,cdls,0x5c08570d2ff0
3961,33,240,cdls,0x5c08570d2ff0
3962,30,183,cdls,0x5c08570d2ff0
3963,42,276,cdls,0x5c08570d2ff0
3964,123,369,cdls,0x5c08570d2ff0
3965,114,342,cdls,0x5c08570d2ff0
3966,66,288,cdls,0x5c08570d2ff0
3967,36,138,cdls,0x5c08570d2ff0
3968,48,396,cdls,0x5c08570d2ff0
3969,60,402,cdls,0x5c08570d2ff0
3970,75,597,cdls,0x5c08570d2ff0
3971,51,501,cdls,0x5c08570d2ff0
3972,72,426,cdls,0x5c08570d2ff0
3973,72,366,cdls,0x5c08570d2ff0
3974,93,495,cdls,0x5c08570d2ff0
3975,105,639,cdls,0x5c08570d2ff0
3976,63,297,cdls,0x5c08570d2ff0
3977,27,213,cdls,0x5c08570d2ff0
3978,27,201,cdls,0x5c08570d2ff0
3979,66,420,cdls,0x5c08570d2ff0
3980,117,495,cdls,0x5c08570d2ff0
3981,78,348,cdls,0x5c08570d2ff0
3982,96,426,cdls,0x5c08570d2ff0
3983,42,213,cdls,0x5c08570d2ff0
3984,51,309,cdls,0x5c08570d2ff0
3985,36,234,cdls,0x5c08570d2ff0
3986,72,228,cdls,0x5c08570d2ff0
3987,69,531,cdls,0x5c08570d2ff0
3988,153,483,cdls,0x5c08570d2ff0
3989,48,408,cdls,0x5c08570d2ff0
3990,114,483,cdls,0x5c08570d2ff0
3991,84,294,cdls,0x5c08570d2ff0
3992,30,228,cdls,0x5c08570d2ff0
3993,21,183,cdls,0x5c08570d2ff0
3994,72,402,cdls,0x5c08570d2ff0
3995,48,294,cdls,0x5c08570d2ff0
3996,75,321,cdls,0x5c08570d2ff0
3997,54,384,cdls,0x5c08570d2ff0
3998,57,435,cdls,0x5c08570d2ff0
3999,63,408,cdls,0x5c08570d2ff0
4000,69,342,cdls,0x5c08570d2ff0
4001,48,369,cdls,0x5c08570d2ff0
4002,63,438,cdls,0x5c08570d2ff0
4003,72,510,cdls,0x5c08570d2ff0
4004,84,585,cdls,0x5c08570d2ff0
4005,93,393,cdls,0x5c08570d2ff0
4006,45,456,cdls,0x5c08570d2ff0
4007,96,474,cdls,0x5c08570d2ff0
4008,72,627,cdls,0x5c08570d2ff0
4009,123,393,cdls,0x5c08570d2ff0
4010,132,402,cdls,0x5c08570d2ff0
4011,75,429,cdls,0x5c08570d2ff0
4012,69,228,cdls,0x5c08570d2ff0
4013,84,354,cdls,0x5c08570d2ff0
4014,72,279,cdls,0x5c08570d2ff0
4015,42,156,cdls,0x5c08570d2ff0
4016,93,345,cdls,0x5c08570d2ff0
4017,81,315,cdls,0x5c08570d2ff0
4018,66,207,cdls,0x5c08570d2ff0
4019,72,294,cdls,0x5c08570d2ff0
4020,105,372,cdls,0x5c08570d2ff0
4021,57,459,cdls,0x5c08570d2ff0
4022,27,201,cdls,0x5c08570d2ff0
4023,39,204,cdls,0x5c08570d2ff0
4024,75,321,cdls,0x5c08570d2ff0
4025,39,237,cdls,0x5c08570d2ff0
4026,111,294,cdls,0x5c08570d2ff0
4027,87,270,cdls,0x5c08570d2ff0
4028,48,234,cdls,0x5c08570d2ff0
4029,111,432,cdls,0x5c08570d2ff0
4030,66,297,cdls,0x5c08570d2ff0
4031,102,297,cdls,0x5c08570d2ff0
4032,72,195,cdls,0x5c08570d2ff0
4033,69,252,cdls,0x5c08570d2ff0
4034,75,321,cdls,0x5c08570d2ff0
4035,90,369,cdls,0x5c08570d2ff0
4036,48,342,cdls,0x5c08570d2ff0
4037,75,342,cdls,0x5c08570d2ff0
4038,69,315,cdls,0x5c08570d2ff0
4039,24,165,cdls,0x5c08570d2ff0
4040,87,339,cdls,0x5c08570d2ff0
4041,27,213,cdls,0x5c08570d2ff0
4042,27,171,cdls,0x5c08570d2ff0
4043,33,198,cdls,0x5c08570d2ff0
4044,30,228,cdls,0x5c08570d2ff0
4045,63,261,cdls,0x5c08570d2ff0
4046,33,219,cdls,0x5c08570d2ff0
4047,126,456,cdls,0x5c08570d2ff0
4048,66,393,cdls,0x5c08570d2ff0
4049,105,375,cdls,0x5c08570d2ff0
4050,90,270,cdls,0x5c08570d2ff0
4051,99,321,cdls,0x5c08570d2ff0
4052,141,405,cdls,0x5c08570d2ff0
4053,81,351,cdls,0x5c08570d2ff0
4054,21,159,cdls,0x5c08570d2ff0
4055,24,186,cdls,0x5c08570d2ff0
4056,117,399,cdls,0x5c08570d2ff0
4057,69,375,cdls,0x5c08570d2ff0
4058,69,462,cdls,0x5c08570d2ff0
4059,135,597,cdls,0x5c08570d2ff0
4060,126,528,cdls,0x5c08570d2ff0
4061,57,327,cdls,0x5c08570d2ff0
4062,60,336,cdls,0x5c08570d2ff0
4063,24,162,cdls,0x5c08570d2ff0
4064,96,405,cdls,0x5c08570d2ff0
4065,78,432,cdls,0x5c08570d2ff0
4066,84,486,cdls,0x5c08570d2ff0
4067,72,450,cdls,0x5c08570d2ff0
4068,33,168,cdls,0x5c08570d2ff0
4069,45,189,cdls,0x5c08570d2ff0
4070,48,177,cdls,0x5c08570d2ff0
4071,42,168,cdls,0x5c08570d2ff0
4072,63,381,cdls,0x5c08570d2ff0
4073,87,477,cdls,0x5c08570d2ff0
4074,81,531,cdls,0x5c08570d2ff0
4075,75,537,cdls,0x5c08570d2ff0
4076,39,261,cdls,0x5c08570d2ff0
4077,75,441,cdls,0x5c08570d2ff0
4078,69,567,cdls,0x5c08570d2ff0
4079,27,213,cdls,0x5c08570d2ff0
4080,72,258,cdls,0x5c08570d2ff0
4081,48,270,cdls,0x5c08570d2ff0
4082,33,195,cdls,0x5c08570d2ff0
4083,60,306,cdls,0x5c08570d2ff0
4084,42,228,cdls,0x5c08570d2ff0
4085,42,240,cdls,0x5c08570d2ff0
4086,84,414,cdls,0x5c08570d2ff0
4087,84,330,cdls,0x5c08570d2ff0
4088,24,198,cdls,0x5c08570d2ff0
4089,126,396,cdls,0x5c08570d2ff0
4090,72,378,cdls,0x5c08570d2ff0
4091,30,120,cdls,0x5c08570d2ff0
4092,24,186,cdls,0x5c08570d2ff0
4093,27,165,cdls,0x5c08570d2ff0
4094,24,186,cdls,0x5c08570d2ff0
4095,27,162,cdls,0x5c08570d2ff0
4096,54,264,cdls,0x5c08570d2ff0
4097,75,450,cdls,0x5c08570d2ff0
4098,30,216,cdls,0x5c08570d2ff0
4099,48,402,cdls,0x5c08570d2ff0
4100,54,288,cdls,0x5c08570d2ff0
4101,27,189,cdls,0x5c08570d2ff0
4102,90,336,cdls,0x5c08570d2ff0
4103,45,177,cdls,0x5c08570d2ff0
4104,24,141,cdls,0x5c08570d2ff0
4105,123,363,cdls,0x5c08570d2ff0
4106,84,558,cdls,0x5c08570d2ff0
4107,36,498,cdls,0x5c08570d2ff0
4108,81,576,cdls,0x5c08570d2ff0
4109,78,516,cdls,0x5c08570d2ff0
4110,114,456,cdls,0x5c08570d2ff0
4111,51,525,cdls,0x5c08570d2ff0
4112,84,426,cdls,0x5c08570d2ff0
4113,36,246,cdls,0x5c08570d2ff0
4114,63,261,cdls,0x5c08570d2ff0
4115,21,171,cdls,0x5c08570d2ff0
4116,45,183,cdls,0x5c08570d2ff0
4117,72,306,cdls,0x5c08570d2ff0
4118,51,213,cdls,0x5c08570d2ff0
4119,81,351,cdls,0x5c08570d2ff0
4120,27,213,cdls,0x5c08570d2ff0
4121,63,321,cdls,0x5c08570d2ff0
4122,18,132,cdls,0x5c08570d2ff0
4123,81,315,cdls,0x5c08570d2ff0
4124,48,414,cdls,0x5c08570d2ff0
4125,84,534,cdls,0x5c08570d2ff0
4126,90,504,cdls,0x5c08570d2ff0
4127,123,681,cdls,0x5c08570d2ff0
4128,90,576,cdls,0x5c08570d2ff0
4129,72,522,cdls,0x5c08570d2ff0
4130,81,471,cdls,0x5c08570d2ff0
4131,108,498,cdls,0x5c08570d2ff0
4132,81,615,cdls,0x5c08570d2ff0
4133,48,294,cdls,0x5c08570d2ff0
4134,21,183,cdls,0x5c08570d2ff0
4135,33,231,cdls,0x5c08570d2ff0
4136,84,306,cdls,0x5c08570d2ff0
4137,81,483,cdls,0x5c08570d2ff0
4138,78,564,cdls,0x5c08570d2ff0
4139,24,186,cdls,0x5c08570d2ff0
4140,45,351,cdls,0x5c08570d2ff0
4141,66,372,cdls,0x5c08570d2ff0
4142,45,291,cdls,0x5c08570d2ff0
4143,39,249,cdls,0x5c08570d2ff0
4144,24,186,cdls,0x5c08570d2ff0
4145,165,531,cdls,0x5c08570d2ff0
4146,93,447,cdls,0x5c08570d2ff0
4147,48,174,cdls,0x5c08570d2ff0
4148,36,246,cdls,0x5c08570d2ff0
4149,75,297,cdls,0x5c08570d2ff0
4150,66,252,cdls,0x5c08570d2ff0
4151,54,396,cdls,0x5c08570d2ff0
4152,66,696,cdls,0x5c08570d2ff0
4153,18,156,cdls,0x5c08570d2ff0
4154,75,465,cdls,0x5c08570d2ff0
4155,66,300,cdls,0x5c08570d2ff0
4156,78,405,cdls,0x5c08570d2ff0
4157,90,369,cdls,0x5c08570d2ff0
4158,93,411,cdls,0x5c08570d2ff0
4159,39,273,cdls,0x5c08570d2ff0
4160,78,309,cdls,0x5c08570d2ff0
4161,36,333,cdls,0x5c08570d2ff0
4162,27,177,cdls,0x5c08570d2ff0
4163,87,573,cdls,0x5c08570d2ff0
4164,60,474,cdls,0x5c08570d2ff0
4165,42,507,cdls,0x5c08570d2ff0
4166,87,576,cdls,0x5c08570d2ff0
4167,105,507,cdls,0x5c08570d2ff0
4168,81,507,cdls,0x5c08570d2ff0
4169,111,513,cdls,0x5c08570d2ff0
4170,36,426,cdls,0x5c08570d2ff0
4171,90,804,cdls,0x5c08570d2ff0
4172,105,639,cdls,0x5c08570d2ff0
4173,54,444,cdls,0x5c08570d2ff0
4174,54,588,cdls,0x5c08570d2ff0
4175,150,471,cdls,0x5c08570d2ff0
4176,87,429,cdls,0x5c08570d2ff0
4177,30,216,cdls,0x5c08570d2ff0
4178,54,480,cdls,0x5c08570d2ff0
4179,27,213,cdls,0x5c08570d2ff0
4180,21,135,cdls,0x5c08570d2ff0
4181,24,186,cdls,0x5c08570d2ff0
4182,63,228,cdls,0x5c08570d2ff0
4183,78,327,cdls,0x5c08570d2ff0
4184,57,216,cdls,0x5c08570d2ff0
4185,93,303,cdls,0x5c08570d2ff0
4186,27,297,cdls,0x5c08570d2ff0
4187,72,378,cdls,0x5c08570d2ff0
4188,42,153,cdls,0x5c08570d2ff0
4189,96,339,cdls,0x5c08570d2ff0
4190,24,198,cdls,0x5c08570d2ff0
4191,93,411,cdls,0x5c08570d2ff0
4192,81,603,cdls,0x5c08570d2ff0
4193,42,174,cdls,0x5c08570d2ff0
4194,36,195,cdls,0x5c08570d2ff0
4195,39,261,cdls,0x5c08570d2ff0
4196,75,348,cdls,0x5c08570d2ff0
4197,45,291,cdls,0x5c08570d2ff0
4198,72,279,cdls,0x5c08570d2ff0
4199,42,165,cdls,0x5c08570d2ff0
4200,159,387,cdls,0x5c08570d2ff0
4201,60,342,cdls,0x5c08570d2ff0
4202,57,309,cdls,0x5c08570d2ff0
4203,126,588,cdls,0x5c08570d2ff0
4204,108,414,cdls,0x5c08570d2ff0
4205,144,420,cdls,0x5c08570d2ff0
4206,72,654,cdls,0x5c08570d2ff0
4207,69,357,cdls,0x5c08570d2ff0
4208,84,390,cdls,0x5c08570d2ff0
4209,87,357,cdls,0x5c08570d2ff0
4210,69,519,cdls,0x5c08570d2ff0
4211,69,519,cdls,0x5c08570d2ff0
4212,87,573,cdls,0x5c08570d2ff0
4213,117,543,cdls,0x5c08570d2ff0
4214,63,516,cdls,0x5c08570d2ff0
4215,129,441,cdls,0x5c08570d2ff0
4216,45,495,cdls,0x5c08570d2ff0
4217,45,699,cdls,0x5c08570d2ff0
4218,138,582,cdls,0x5c08570d2ff0
4219,171,486,cdls,0x5c08570d2ff0
4220,102,654,cdls,0x5c08570d2ff0
4221,111,429,cdls,0x5c08570d2ff0
4222,96,525,cdls,0x5c08570d2ff0
4223,123,363,cdls,0x5c08570d2ff0
4224,45,483,cdls,0x5c08570d2ff0
4225,105,759,cdls,0x5c08570d2ff0
4226,99,777,cdls,0x5c08570d2ff0
4227,72,714,cdls,0x5c08570d2ff0
4228,90,513,cdls,0x5c08570d2ff0
4229,90,591,cdls,0x5c08570d2ff0
4230,57,684,cdls,0x5c08570d2ff0
4231,120,741,cdls,0x5c08570d2ff0
4232,48,678,cdls,0x5c08570d2ff0
4233,102,609,cdls,0x5c08570d2ff0
4234,45,507,cdls,0x5c08570d2ff0
4235,120,522,cdls,0x5c08570d2ff0
4236,120,450,cdls,0x5c08570d2ff0
4237,102,576,cdls,0x5c08570d2ff0
4238,54,480,cdls,0x5c08570d2ff0
4239,84,690,cdls,0x5c08570d2ff0
4240,84,477,cdls,0x5c08570d2ff0
4241,102,516,cdls,0x5c08570d2ff0
4242,120,354,cdls,0x5c08570d2ff0
4243,66,252,cdls,0x5c08570d2ff0
4244,60,264,cdls,0x5c08570d2ff0
4245,84,378,cdls,0x5c08570d2ff0
4246,45,183,cdls,0x5c08570d2ff0
4247,36,291,cdls,0x5c08570d2ff0
4248,75,234,cdls,0x5c08570d2ff0
4249,78,303,cdls,0x5c08570d2ff0
4250,102,528,cdls,0x5c08570d2ff0
4251,60,474,cdls,0x5c08570d2ff0
4252,81,483,cdls,0x5c08570d2ff0
4253,69,723,cdls,0x5c08570d2ff0
4254,87,492,cdls,0x5c08570d2ff0
4255,42,588,cdls,0x5c08570d2ff0
4256,48,402,cdls,0x5c08570d2ff0
4257,69,303,cdls,0x5c08570d2ff0
4258,51,333,cdls,0x5c08570d2ff0
4259,69,327,cdls,0x5c08570d2ff0
4260,78,528,cdls,0x5c08570d2ff0
4261,30,192,cdls,0x5c08570d2ff0
4262,123,459,cdls,0x5c08570d2ff0
4263,141,381,cdls,0x5c08570d2ff0
4264,39,135,cdls,0x5c08570d2ff0
4265,72,231,cdls,0x5c08570d2ff0
4266,132,585,cdls,0x5c08570d2ff0
4267,141,396,cdls,0x5c08570d2ff0
4268,123,486,cdls,0x5c08570d2ff0
4269,45,411,cdls,0x5c08570d2ff0
4270,90,318,cdls,0x5c08570d2ff0
4271,51,228,cdls,0x5c08570d2ff0
4272,132,360,cdls,0x5c08570d2ff0
4273,144,303,cdls,0x5c08570d2ff0
4274,18,168,cdls,0x5c08570d2ff0
4275,99,498,cdls,0x5c08570d2ff0
4276,24,174,cdls,0x5c08570d2ff0
4277,87,273,cdls,0x5c08570d2ff0
4278,60,177,cdls,0x5c08570d2ff0
4279,42,180,cdls,0x5c08570d2ff0
4280,45,171,cdls,0x5c08570d2ff0
4281,45,219,cdls,0x5c08570d2ff0
4282,60,255,cdls,0x5c08570d2ff0
4283,84,213,cdls,0x5c08570d2ff0
4284,69,324,cdls,0x5c08570d2ff0
4285,81,327,cdls,0x5c08570d2ff0
4286,69,675,cdls,0x5c08570d2ff0
4287,54,540,cdls,0x5c08570d2ff0
4288,57,453,cdls,0x5c08570d2ff0
4289,78,564,cdls,0x5c08570d2ff0
4290,54,471,cdls,0x5c08570d2ff0
4291,99,528,cdls,0x5c08570d2ff0
4292,69,498,cdls,0x5c08570d2ff0
4293,138,408,cdls,0x5c08570d2ff0
4294,105,309,cdls,0x5c08570d2ff0
4295,48,234,cdls,0x5c08570d2ff0
4296,51,363,cdls,0x5c08570d2ff0
4297,120,309,cdls,0x5c08570d2ff0
4298,81,258,cdls,0x5c08570d2ff0
4299,45,159,cdls,0x5c08570d2ff0
4300,72,342,cdls,0x5c08570d2ff0
4301,93,417,cdls,0x5c08570d2ff0
4302,45,354,cdls,0x5c08570d2ff0
4303,66,408,cdls,0x5c08570d2ff0
4304,60,342,cdls,0x5c08570d2ff0
4305,153,360,cdls,0x5c08570d2ff0
4306,90,441,cdls,0x5c08570d2ff0
4307,90,468,cdls,0x5c08570d2ff0
4308,54,588,cdls,0x5c08570d2ff0
4309,114,441,cdls,0x5c08570d2ff0
4310,72,558,cdls,0x5c08570d2ff0
4311,87,699,cdls,0x5c08570d2ff0
4312,60,294,cdls,0x5c08570d2ff0
4313,27,189,cdls,0x5c08570d2ff0
4314,51,237,cdls,0x5c08570d2ff0
4315,93,300,cdls,0x5c08570d2ff0
4316,54,492,cdls,0x5c08570d2ff0
4317,18,123,cdls,0x5c08570d2ff0
4318,72,231,cdls,0x5c08570d2ff0
4319,69,450,cdls,0x5c08570d2ff0
4320,108,510,cdls,0x5c08570d2ff0
4321,30,222,cdls,0x5c08570d2ff0
4322,96,387,cdls,0x5c08570d2ff0
4323,72,240,cdls,0x5c08570d2ff0
4324,105,306,cdls,0x5c08570d2ff0
4325,78,408,cdls,0x5c08570d2ff0
4326,96,498,cdls,0x5c08570d2ff0
4327,45,495,cdls,0x5c08570d2ff0
4328,30,360,cdls,0x5c08570d2ff0
4329,45,315,cdls,0x5c08570d2ff0
4330,21,147,cdls,0x5c08570d2ff0
4331,114,396,cdls,0x5c08570d2ff0
4332,90,384,cdls,0x5c08570d2ff0
4333,60,486,cdls,0x5c08570d2ff0
4334,18,168,cdls,0x5c08570d2ff0
4335,90,444,cdls,0x5c08570d2ff0
4336,126,390,cdls,0x5c08570d2ff0
4337,78,684,cdls,0x5c08570d2ff0
4338,63,486,cdls,0x5c08570d2ff0
4339,99,474,cdls,0x5c08570d2ff0
4340,48,462,cdls,0x5c08570d2ff0
4341,69,747,cdls,0x5c08570d2ff0
4342,72,750,cdls,0x5c08570d2ff0
4343,75,453,cdls,0x5c08570d2ff0
4344,42,384,cdls,0x5c08570d2ff0
4345,96,336,cdls,0x5c08570d2ff0
4346,75,357,cdls,0x5c08570d2ff0
4347,81,399,cdls,0x5c08570d2ff0
4348,129,600,cdls,0x5c08570d2ff0
4349,51,480,cdls,0x5c08570d2ff0
4350,132,408,cdls,0x5c08570d2ff0
4351,54,264,cdls,0x5c08570d2ff0
4352,117,408,cdls,0x5c08570d2ff0
4353,81,306,cdls,0x5c08570d2ff0
4354,120,324,cdls,0x5c08570d2ff0
4355,81,522,cdls,0x5c08570d2ff0
4356,33,171,cdls,0x5c08570d2ff0
4357,66,204,cdls,0x5c08570d2ff0
4358,78,408,cdls,0x5c08570d2ff0
4359,45,255,cdls,0x5c08570d2ff0
4360,69,213,cdls,0x5c08570d2ff0
4361,102,369,cdls,0x5c08570d2ff0
4362,42,210,cdls,0x5c08570d2ff0
4363,99,327,cdls,0x5c08570d2ff0
4364,54,150,cdls,0x5c08570d2ff0
4365,93,261,cdls,0x5c08570d2ff0
4366,90,270,cdls,0x5c08570d2ff0
4367,42,159,cdls,0x5c08570d2ff0
4368,141,333,cdls,0x5c08570d2ff0
4369,126,459,cdls,0x5c08570d2ff0
4370,30,204,cdls,0x5c08570d2ff0
4371,63,297,cdls,0x5c08570d2ff0
4372,27,159,cdls,0x5c08570d2ff0
4373,72,213,cdls,0x5c08570d2ff0
4374,75,282,cdls,0x5c08570d2ff0
4375,48,183,cdls,0x5c08570d2ff0
4376,66,297,cdls,0x5c08570d2ff0
4377,84,273,cdls,0x5c08570d2ff0
4378,120,288,cdls,0x5c08570d2ff0
4379,39,177,cdls,0x5c08570d2ff0
4380,72,258,cdls,0x5c08570d2ff0
4381,72,231,cdls,0x5c08570d2ff0
4382,42,213,cdls,0x5c08570d2ff0
4383,60,192,cdls,0x5c08570d2ff0
4384,63,180,cdls,0x5c08570d2ff0
4385,69,222,cdls,0x5c08570d2ff0
4386,51,285,cdls,0x5c08570d2ff0
4387,54,240,cdls,0x5c08570d2ff0
4388,27,195,cdls,0x5c08570d2ff0
4389,51,354,cdls,0x5c08570d2ff0
4390,63,183,cdls,0x5c08570d2ff0
4391,54,210,cdls,0x5c08570d2ff0
4392,42,150,cdls,0x5c08570d2ff0
4393,66,243,cdls,0x5c08570d2ff0
4394,36,114,cdls,0x5c08570d2ff0
4395,57,231,cdls,0x5c08570d2ff0
4396,75,279,cdls,0x5c08570d2ff0
4397,57,168,cdls,0x5c08570d2ff0
4398,36,246,cdls,0x5c08570d2ff0
4399,54,384,cdls,0x5c08570d2ff0
4400,30,216,cdls,0x5c08570d2ff0
4401,99,345,cdls,0x5c08570d2ff0
4402,75,333,cdls,0x5c08570d2ff0
4403,45,279,cdls,0x5c08570d2ff0
4404,18,144,cdls,0x5c08570d2ff0
4405,27,177,cdls,0x5c08570d2ff0
4406,69,303,cdls,0x5c08570d2ff0
4407,42,345,cdls,0x5c08570d2ff0
4408,24,174,cdls,0x5c08570d2ff0
4409,51,225,cdls,0x5c08570d2ff0
4410,102,321,cdls,0x5c08570d2ff0
4411,84,330,cdls,0x5c08570d2ff0
4412,96,387,cdls,0x5c08570d2ff0
4413,36,189,cdls,0x5c08570d2ff0
4414,57,423,cdls,0x5c08570d2ff0
4415,84,273,cdls,0x5c08570d2ff0
4416,120,333,cdls,0x5c08570d2ff0
4417,63,312,cdls,0x5c08570d2ff0
4418,57,219,cdls,0x5c08570d2ff0
4419,45,255,cdls,0x5c08570d2ff0
4420,81,348,cdls,0x5c08570d2ff0
4421,78,255,cdls,0x5c08570d2ff0
4422,63,351,cdls,0x5c08570d2ff0
4423,102,372,cdls,0x5c08570d2ff0
4424,54,240,cdls,0x5c08570d2ff0
4425,78,273,cdls,0x5c08570d2ff0
4426,69,276,cdls,0x5c08570d2ff0
4427,114,381,cdls,0x5c08570d2ff0
4428,54,285,cdls,0x5c08570d2ff0
4429,84,297,cdls,0x5c08570d2ff0
4430,84,366,cdls,0x5c08570d2ff0
4431,84,315,cdls,0x5c08570d2ff0
4432,60,264,cdls,0x5c08570d2ff0
4433,51,489,cdls,0x5c08570d2ff0
4434,66,360,cdls,0x5c08570d2ff0
4435,72,276,cdls,0x5c08570d2ff0
4436,87,291,cdls,0x5c08570d2ff0
4437,42,234,cdls,0x5c08570d2ff0
4438,54,342,cdls,0x5c08570d2ff0
4439,51,285,cdls,0x5c08570d2ff0
4440,141,354,cdls,0x5c08570d2ff0
4441,45,159,cdls,0x5c08570d2ff0
4442,57,243,cdls,0x5c08570d2ff0
4443,33,168,cdls,0x5c08570d2ff0
4444,45,267,cdls,0x5c08570d2ff0
4445,24,198,cdls,0x5c08570d2ff0
4446,51,321,cdls,0x5c08570d2ff0
4447,36,138,cdls,0x5c08570d2ff0
4448,93,390,cdls,0x5c08570d2ff0
4449,39,270,cdls,0x5c08570d2ff0
4450,108,426,cdls,0x5c08570d2ff0
4451,63,501,cdls,0x5c08570d2ff0
4452,120,465,cdls,0x5c08570d2ff0
4453,108,654,cdls,0x5c08570d2ff0
4454,60,408,cdls,0x5c08570d2ff0
4455,177,438,cdls,0x5c08570d2ff0
4456,114,510,cdls,0x5c08570d2ff0
4457,105,468,cdls,0x5c08570d2ff0
4458,96,336,cdls,0x5c08570d2ff0
4459,60,426,cdls,0x5c08570d2ff0
4460,54,324,cdls,0x5c08570d2ff0
4461,30,192,cdls,0x5c08570d2ff0
4462,108,330,cdls,0x5c08570d2ff0
4463,72,330,cdls,0x5c08570d2ff0
4464,111,477,cdls,0x5c08570d2ff0
4465,135,375,cdls,0x5c08570d2ff0
4466,69,393,cdls,0x5c08570d2ff0
4467,81,327,cdls,0x5c08570d2ff0
4468,78,372,cdls,0x5c08570d2ff0
4469,99,441,cdls,0x5c08570d2ff0
4470,78,477,cdls,0x5c08570d2ff0
4471,153,471,cdls,0x5c08570d2ff0
4472,66,552,cdls,0x5c08570d2ff0
4473,93,387,cdls,0x5c08570d2ff0
4474,60,294,cdls,0x5c08570d2ff0
4475,33,339,cdls,0x5c08570d2ff0
4476,63,393,cdls,0x5c08570d2ff0
4477,60,342,cdls,0x5c08570d2ff0
4478,84,366,cdls,0x5c08570d2ff0
4479,90,303,cdls,0x5c08570d2ff0
4480,81,330,cdls,0x5c08570d2ff0
4481,99,372,cdls,0x5c08570d2ff0
4482,141,423,cdls,0x5c08570d2ff0
4483,141,429,cdls,0x5c08570d2ff0
4484,60,366,cdls,0x5c08570d2ff0
4485,84,426,cdls,0x5c08570d2ff0
4486,51,333,cdls,0x5c08570d2ff0
4487,27,213,cdls,0x5c08570d2ff0
4488,33,240,cdls,0x5c08570d2ff0
4489,63,363,cdls,0x5c08570d2ff0
4490,48,273,cdls,0x5c08570d2ff0
4491,33,243,cdls,0x5c08570d2ff0
4492,102,342,cdls,0x5c08570d2ff0
4493,21,183,cdls,0x5c08570d2ff0
4494,51,225,cdls,0x5c08570d2ff0
4495,105,465,cdls,0x5c08570d2ff0
4496,120,498,cdls,0x5c08570d2ff0
4497,51,381,cdls,0x5c08570d2ff0
4498,30,186,cdls,0x5c08570d2ff0
4499,60,249,cdls,0x5c08570d2ff0
4500,81,345,cdls,0x5c08570d2ff0
4501,54,288,cdls,0x5c08570d2ff0
4502,39,150,cdls,0x5c08570d2ff0
4503,51,207,cdls,0x5c08570d2ff0
4504,60,159,cdls,0x5c08570d2ff0
4505,102,330,cdls,0x5c08570d2ff0
4506,69,342,cdls,0x5c08570d2ff0
4507,126,480,cdls,0x5c08570d2ff0
4508,87,414,cdls,0x5c08570d2ff0
4509,87,312,cdls,0x5c08570d2ff0
4510,54,207,cdls,0x5c08570d2ff0
4511,90,429,cdls,0x5c08570d2ff0
4512,30,204,cdls,0x5c08570d2ff0
4513,96,321,cdls,0x5c08570d2ff0
4514,60,270,cdls,0x5c08570d2ff0
4515,51,213,cdls,0x5c08570d2ff0
4516,120,372,cdls,0x5c08570d2ff0
4517,99,321,cdls,0x5c08570d2ff0
4518,60,216,cdls,0x5c08570d2ff0
4519,27,168,cdls,0x5c08570d2ff0
4520,33,123,cdls,0x5c08570d2ff0
4521,36,126,cdls,0x5c08570d2ff0
4522,48,195,cdls,0x5c08570d2ff0
4523,57,315,cdls,0x5c08570d2ff0
4524,48,198,cdls,0x5c08570d2ff0
4525,54,249,cdls,0x5c08570d2ff0
4526,75,222,cdls,0x5c08570d2ff0
4527,81,261,cdls,0x5c08570d2ff0
4528,27,225,cdls,0x5c08570d2ff0
4529,63,369,cdls,0x5c08570d2ff0
4530,57,159,cdls,0x5c08570d2ff0
4531,69,216,cdls,0x5c08570d2ff0
4532,42,228,cdls,0x5c08570d2ff0
4533,114,348,cdls,0x5c08570d2ff0
4534,63,198,cdls,0x5c08570d2ff0
4535,78,372,cdls,0x5c08570d2ff0
4536,75,504,cdls,0x5c08570d2ff0
4537,42,240,cdls,0x5c08570d2ff0
4538,51,285,cdls,0x5c08570d2ff0
4539,81,273,cdls,0x5c08570d2ff0
4540,69,282,cdls,0x5c08570d2ff0
4541,78,258,cdls,0x5c08570d2ff0
4542,117,387,cdls,0x5c08570d2ff0
4543,69,267,cdls,0x5c08570d2ff0
4544,99,429,cdls,0x5c08570d2ff0
4545,57,288,cdls,0x5c08570d2ff0
4546,75,234,cdls,0x5c08570d2ff0
4547,39,249,cdls,0x5c08570d2ff0
4548,24,141,cdls,0x5c08570d2ff0
4549,81,282,cdls,0x5c08570d2ff0
4550,33,126,cdls,0x5c08570d2ff0
4551,90,249,cdls,0x5c08570d2ff0
4552,54,228,cdls,0x5c08570d2ff0
4553,39,240,cdls,0x5c08570d2ff0
4554,60,426,cdls,0x5c08570d2ff0
4555,84,354,cdls,0x5c08570d2ff0
4556,27,153,cdls,0x5c08570d2ff0
4557,57,264,cdls,0x5c08570d2ff0
4558,45,183,cdls,0x5c08570d2ff0
4559,36,138,cdls,0x5c08570d2ff0
4560,63,249,cdls,0x5c08570d2ff0
4561,57,348,cdls,0x5c08570d2ff0
4562,30,108,cdls,0x5c08570d2ff0
4563,30,111,cdls,0x5c08570d2ff0
4564,63,198,cdls,0x5c08570d2ff0
4565,96,471,cdls,0x5c08570d2ff0
4566,75,351,cdls,0x5c08570d2ff0
4567,99,426,cdls,0x5c08570d2ff0
4568,120,459,cdls,0x5c08570d2ff0
4569,45,177,cdls,0x5c08570d2ff0
4570,36,150,cdls,0x5c08570d2ff0
4571,63,186,cdls,0x5c08570d2ff0
4572,69,342,cdls,0x5c08570d2ff0
4573,57,543,cdls,0x5c08570d2ff0
4574,99,273,cdls,0x5c08570d2ff0
4575,63,345,cdls,0x5c08570d2ff0
4576,84,330,cdls,0x5c08570d2ff0
4577,90,255,cdls,0x5c08570d2ff0
4578,36,138,cdls,0x5c08570d2ff0
4579,66,213,cdls,0x5c08570d2ff0
4580,42,114,cdls,0x5c08570d2ff0
4581,84,207,cdls,0x5c08570d2ff0
4582,63,198,cdls,0x5c08570d2ff0
4583,84,351,cdls,0x5c08570d2ff0
4584,123,384,cdls,0x5c08570d2ff0
4585,45,255,cdls,0x5c08570d2ff0
4586,78,363,cdls,0x5c08570d2ff0
4587,27,159,cdls,0x5c08570d2ff0
4588,135,501,cdls,0x5c08570d2ff0
4589,75,528,cdls,0x5c08570d2ff0
4590,114,465,cdls,0x5c08570d2ff0
4591,51,288,cdls,0x5c08570d2ff0
4592,63,273,cdls,0x5c08570d2ff0
4593,24,174,cdls,0x5c08570d2ff0
4594,24,174,cdls,0x5c08570d2ff0
4595,30,120,cdls,0x5c08570d2ff0
4596,90,285,cdls,0x5c08570d2ff0
4597,69,264,cdls,0x5c08570d2ff0
4598,57,216,cdls,0x5c08570d2ff0
4599,99,336,cdls,0x5c08570d2ff0
4600,39,165,cdls,0x5c08570d2ff0
4601,66,339,cdls,0x5c08570d2ff0
4602,69,276,cdls,0x5c08570d2ff0
4603,63,240,cdls,0x5c08570d2ff0
4604,51,222,cdls,0x5c08570d2ff0
4605,78,309,cdls,0x5c08570d2ff0
4606,108,372,cdls,0x5c08570d2ff0
4607,33,126,cdls,0x5c08570d2ff0
4608,57,252,cdls,0x5c08570d2ff0
4609,60,414,cdls,0x5c08570d2ff0
4610,84,366,cdls,0x5c08570d2ff0
4611,63,372,cdls,0x5c08570d2ff0
4612,84,390,cdls,0x5c08570d2ff0
4613,66,258,cdls,0x5c08570d2ff0
4614,42,168,cdls,0x5c08570d2ff0
4615,96,426,cdls,0x5c08570d2ff0
4616,39,324,cdls,0x5c08570d2ff0
4617,42,165,cdls,0x5c08570d2ff0
4618,87,240,cdls,0x5c08570d2ff0
4619,54,219,cdls,0x5c08570d2ff0
4620,51,225,cdls,0x5c08570d2ff0
4621,45,327,cdls,0x5c08570d2ff0
4622,48,324,cdls,0x5c08570d2ff0
4623,96,282,cdls,0x5c08570d2ff0
4624,36,210,cdls,0x5c08570d2ff0
4625,72,330,cdls,0x5c08570d2ff0
4626,69,216,cdls,0x5c08570d2ff0
4627,27,189,cdls,0x5c08570d2ff0
4628,135,387,cdls,0x5c08570d2ff0
4629,111,327,cdls,0x5c08570d2ff0
4630,54,339,cdls,0x5c08570d2ff0
4631,63,219,cdls,0x5c08570d2ff0
4632,30,186,cdls,0x5c08570d2ff0
4633,84,366,cdls,0x5c08570d2ff0
4634,108,423,cdls,0x5c08570d2ff0
4635,39,165,cdls,0x5c08570d2ff0
4636,39,333,cdls,0x5c08570d2ff0
4637,63,369,cdls,0x5c08570d2ff0
4638,36,213,cdls,0x5c08570d2ff0
4639,42,264,cdls,0x5c08570d2ff0
4640,51,261,cdls,0x5c08570d2ff0
4641,33,192,cdls,0x5c08570d2ff0
4642,90,360,cdls,0x5c08570d2ff0
4643,33,210,cdls,0x5c08570d2ff0
4644,123,441,cdls,0x5c08570d2ff0
4645,69,537,cdls,0x5c08570d2ff0
4646,54,192,cdls,0x5c08570d2ff0
4647,69,384,cdls,0x5c08570d2ff0
4648,36,246,cdls,0x5c08570d2ff0
4649,51,405,cdls,0x5c08570d2ff0
4650,30,228,cdls,0x5c08570d2ff0
4651,60,270,cdls,0x5c08570d2ff0
4652,126,648,cdls,0x5c08570d2ff0
4653,60,501,cdls,0x5c08570d2ff0
4654,105,396,cdls,0x5c08570d2ff0
4655,117,495,cdls,0x5c08570d2ff0
4656,54,375,cdls,0x5c08570d2ff0
4657,90,432,cdls,0x5c08570d2ff0
4658,69,315,cdls,0x5c08570d2ff0
4659,54,432,cdls,0x5c08570d2ff0
4660,63,369,cdls,0x5c08570d2ff0
4661,60,423,cdls,0x5c08570d2ff0
4662,123,531,cdls,0x5c08570d2ff0
4663,90,672,cdls,0x5c08570d2ff0
4664,39,165,cdls,0x5c08570d2ff0
4665,66,285,cdls,0x5c08570d2ff0
4666,27,213,cdls,0x5c08570d2ff0
4667,69,519,cdls,0x5c08570d2ff0
4668,33,219,cdls,0x5c08570d2ff0
4669,36,210,cdls,0x5c08570d2ff0
4670,21,159,cdls,0x5c08570d2ff0
4671,75,477,cdls,0x5c08570d2ff0
4672,69,201,cdls,0x5c08570d2ff0
4673,51,219,cdls,0x5c08570d2ff0
4674,96,285,cdls,0x5c08570d2ff0
4675,33,195,cdls,0x5c08570d2ff0
4676,30,192,cdls,0x5c08570d2ff0
4677,150,426,cdls,0x5c08570d2ff0
4678,99,345,cdls,0x5c08570d2ff0
4679,45,291,cdls,0x5c08570d2ff0
4680,72,378,cdls,0x5c08570d2ff0
4681,30,216,cdls,0x5c08570d2ff0
4682,51,513,cdls,0x5c08570d2ff0
4683,24,174,cdls,0x5c08570d2ff0
4684,69,321,cdls,0x5c08570d2ff0
4685,51,204,cdls,0x5c08570d2ff0
4686,93,387,cdls,0x5c08570d2ff0
4687,48,177,cdls,0x5c08570d2ff0
4688,21,111,cdls,0x5c08570d2ff0
4689,21,132,cdls,0x5c08570d2ff0
4690,30,216,cdls,0x5c08570d2ff0
4691,66,255,cdls,0x5c08570d2ff0
4692,63,261,cdls,0x5c08570d2ff0
4693,57,156,cdls,0x5c08570d2ff0
4694,39,204,cdls,0x5c08570d2ff0
4695,66,327,cdls,0x5c08570d2ff0
4696,36,174,cdls,0x5c08570d2ff0
4697,51,285,cdls,0x5c08570d2ff0
4698,75,306,cdls,0x5c08570d2ff0
4699,78,351,cdls,0x5c08570d2ff0
4700,36,150,cdls,0x5c08570d2ff0
4701,90,237,cdls,0x5c08570d2ff0
4702,84,243,cdls,0x5c08570d2ff0
4703,72,279,cdls,0x5c08570d2ff0
4704,33,123,cdls,0x5c08570d2ff0
4705,99,261,cdls,0x5c08570d2ff0
4706,48,225,cdls,0x5c08570d2ff0
4707,30,195,cdls,0x5c08570d2ff0
4708,21,171,cdls,0x5c08570d2ff0
4709,60,282,cdls,0x5c08570d2ff0
4710,69,186,cdls,0x5c08570d2ff0
4711,99,429,cdls,0x5c08570d2ff0
4712,66,345,cdls,0x5c08570d2ff0
4713,93,267,cdls,0x5c08570d2ff0
4714,123,333,cdls,0x5c08570d2ff0
4715,39,141,cdls,0x5c08570d2ff0
4716,33,219,cdls,0x5c08570d2ff0
4717,105,396,cdls,0x5c08570d2ff0
4718,39,153,cdls,0x5c08570d2ff0
4719,57,180,cdls,0x5c08570d2ff0
4720,69,201,cdls,0x5c08570d2ff0
4721,57,243,cdls,0x5c08570d2ff0
4722,45,243,cdls,0x5c08570d2ff0
4723,48,165,cdls,0x5c08570d2ff0
4724,120,297,cdls,0x5c08570d2ff0
4725,66,225,cdls,0x5c08570d2ff0
4726,126,354,cdls,0x5c08570d2ff0
4727,21,183,cdls,0x5c08570d2ff0
4728,75,321,cdls,0x5c08570d2ff0
4729,42,288,cdls,0x5c08570d2ff0
4730,36,234,cdls,0x5c08570d2ff0
4731,45,228,cdls,0x5c08570d2ff0
4732,81,339,cdls,0x5c08570d2ff0
4733,42,180,cdls,0x5c08570d2ff0
4734,54,228,cdls,0x5c08570d2ff0
4735,54,216,cdls,0x5c08570d2ff0
4736,51,189,cdls,0x5c08570d2ff0
4737,108,276,cdls,0x5c08570d2ff0
4738,48,300,cdls,0x5c08570d2ff0
4739,54,348,cdls,0x5c08570d2ff0
4740,45,234,cdls,0x5c08570d2ff0
4741,81,318,cdls,0x5c08570d2ff0
4742,21,144,cdls,0x5c08570d2ff0
4743,78,408,cdls,0x5c08570d2ff0
4744,75,324,cdls,0x5c08570d2ff0
4745,45,177,cdls,0x5c08570d2ff0
4746,36,135,cdls,0x5c08570d2ff0
4747,72,228,cdls,0x5c08570d2ff0
4748,90,264,cdls,0x5c08570d2ff0
4749,30,228,cdls,0x5c08570d2ff0
4750,30,228,cdls,0x5c08570d2ff0
4751,72,285,cdls,0x5c08570d2ff0
4752,60,252,cdls,0x5c08570d2ff0
4753,27,141,cdls,0x5c08570d2ff0
4754,51,201,cdls,0x5c08570d2ff0
4755,60,297,cdls,0x5c08570d2ff0
4756,78,225,cdls,0x5c08570d2ff0
4757,69,261,cdls,0x5c08570d2ff0
4758,48,210,cdls,0x5c08570d2ff0
4759,84,330,cdls,0x5c08570d2ff0
4760,39,228,cdls,0x5c08570d2ff0
4761,54,336,cdls,0x5c08570d2ff0
4762,42,276,cdls,0x5c08570d2ff0
4763,36,210,cdls,0x5c08570d2ff0
4764,78,261,cdls,0x5c08570d2ff0
4765,69,288,cdls,0x5c08570d2ff0
4766,93,366,cdls,0x5c08570d2ff0
4767,84,327,cdls,0x5c08570d2ff0
4768,69,396,cdls,0x5c08570d2ff0
4769,51,309,cdls,0x5c08570d2ff0
4770,57,219,cdls,0x5c08570d2ff0
4771,33,303,cdls,0x5c08570d2ff0
4772,126,348,cdls,0x5c08570d2ff0
4773,24,174,cdls,0x5c08570d2ff0
4774,66,270,cdls,0x5c08570d2ff0
4775,33,219,cdls,0x5c08570d2ff0
4776,27,159,cdls,0x5c08570d2ff0
4777,39,168,cdls,0x5c08570d2ff0
4778,30,252,cdls,0x5c08570d2ff0
4779,66,312,cdls,0x5c08570d2ff0
4780,99,258,cdls,0x5c08570d2ff0
4781,39,237,cdls,0x5c08570d2ff0
4782,42,276,cdls,0x5c08570d2ff0
4783,33,195,cdls,0x5c08570d2ff0
4784,51,192,cdls,0x5c08570d2ff0
4785,57,222,cdls,0x5c08570d2ff0
4786,51,321,cdls,0x5c08570d2ff0
4787,51,195,cdls,0x5c08570d2ff0
4788,27,195,cdls,0x5c08570d2ff0
4789,24,141,cdls,0x5c08570d2ff0
4790,78,234,cdls,0x5c08570d2ff0
4791,108,363,cdls,0x5c08570d2ff0
4792,33,120,cdls,0x5c08570d2ff0
4793,66,300,cdls,0x5c08570d2ff0
4794,30,198,cdls,0x5c08570d2ff0
4795,123,342,cdls,0x5c08570d2ff0
4796,60,183,cdls,0x5c08570d2ff0
4797,111,393,cdls,0x5c08570d2ff0
4798,93,339,cdls,0x5c08570d2ff0
4799,60,246,cdls,0x5c08570d2ff0
4800,39,249,cdls,0x5c08570d2ff0
4801,87,282,cdls,0x5c08570d2ff0
4802,93,360,cdls,0x5c08570d2ff0
4803,123,375,cdls,0x5c08570d2ff0
4804,108,366,cdls,0x5c08570d2ff0
4805,69,537,cdls,0x5c08570d2ff0
4806,51,303,cdls,0x5c08570d2ff0
4807,57,225,cdls,0x5c08570d2ff0
4808,21,135,cdls,0x5c08570d2ff0
4809,69,315,cdls,0x5c08570d2ff0
4810,114,354,cdls,0x5c08570d2ff0
4811,63,300,cdls,0x5c08570d2ff0
4812,63,453,cdls,0x5c08570d2ff0
4813,93,477,cdls,0x5c08570d2ff0
4814,60,183,cdls,0x5c08570d2ff0
4815,51,204,cdls,0x5c08570d2ff0
4816,54,177,cdls,0x5c08570d2ff0
4817,93,303,cdls,0x5c08570d2ff0
4818,93,333,cdls,0x5c08570d2ff0
4819,51,225,cdls,0x5c08570d2ff0
4820,48,282,cdls,0x5c08570d2ff0
4821,57,165,cdls,0x5c08570d2ff0
4822,51,213,cdls,0x5c08570d2ff0
4823,36,222,cdls,0x5c08570d2ff0
4824,42,276,cdls,0x5c08570d2ff0
4825,75,252,cdls,0x5c08570d2ff0
4826,63,285,cdls,0x5c08570d2ff0
4827,48,282,cdls,0x5c08570d2ff0
4828,84,345,cdls,0x5c08570d2ff0
4829,63,381,cdls,0x5c08570d2ff0
4830,126,396,cdls,0x5c08570d2ff0
4831,123,441,cdls,0x5c08570d2ff0
4832,87,543,cdls,0x5c08570d2ff0
4833,54,315,cdls,0x5c08570d2ff0
4834,105,399,cdls,0x5c08570d2ff0
4835,42,450,cdls,0x5c08570d2ff0
4836,75,561,cdls,0x5c08570d2ff0
4837,42,159,cdls,0x5c08570d2ff0
4838,72,318,cdls,0x5c08570d2ff0
4839,39,222,cdls,0x5c08570d2ff0
4840,84,336,cdls,0x5c08570d2ff0
4841,75,216,cdls,0x5c08570d2ff0
4842,72,333,cdls,0x5c08570d2ff0
4843,60,258,cdls,0x5c08570d2ff0
4844,66,279,cdls,0x5c08570d2ff0
4845,66,300,cdls,0x5c08570d2ff0
4846,87,429,cdls,0x5c08570d2ff0
4847,45,261,cdls,0x5c08570d2ff0
4848,99,342,cdls,0x5c08570d2ff0
4849,81,303,cdls,0x5c08570d2ff0
4850,84,414,cdls,0x5c08570d2ff0
4851,132,441,cdls,0x5c08570d2ff0
4852,30,228,cdls,0x5c08570d2ff0
4853,36,210,cdls,0x5c08570d2ff0
4854,63,381,cdls,0x5c08570d2ff0
4855,102,381,cdls,0x5c08570d2ff0
4856,54,420,cdls,0x5c08570d2ff0
4857,75,591,cdls,0x5c08570d2ff0
4858,108,390,cdls,0x5c08570d2ff0
4859,60,348,cdls,0x5c08570d2ff0
4860,63,243,cdls,0x5c08570d2ff0
4861,54,492,cdls,0x5c08570d2ff0
4862,45,267,cdls,0x5c08570d2ff0
4863,117,390,cdls,0x5c08570d2ff0
4864,81,351,cdls,0x5c08570d2ff0
4865,78,372,cdls,0x5c08570d2ff0
4866,108,414,cdls,0x5c08570d2ff0
4867,66,372,cdls,0x5c08570d2ff0
4868,51,225,cdls,0x5c08570d2ff0
4869,63,357,cdls,0x5c08570d2ff0
4870,30,228,cdls,0x5c08570d2ff0
4871,84,450,cdls,0x5c08570d2ff0
4872,15,141,cdls,0x5c08570d2ff0
4873,15,153,cdls,0x5c08570d2ff0
4874,90,336,cdls,0x5c08570d2ff0
4875,51,225,cdls,0x5c08570d2ff0
4876,42,252,cdls,0x5c08570d2ff0
4877,18,156,cdls,0x5c08570d2ff0
4878,30,228,cdls,0x5c08570d2ff0
4879,102,381,cdls,0x5c08570d2ff0
4880,27,189,cdls,0x5c08570d2ff0
4881,36,225,cdls,0x5c08570d2ff0
4882,60,270,cdls,0x5c08570d2ff0
4883,27,189,cdls,0x5c08570d2ff0
4884,90,504,cdls,0x5c08570d2ff0
4885,69,438,cdls,0x5c08570d2ff0
4886,84,366,cdls,0x5c08570d2ff0
4887,54,435,cdls,0x5c08570d2ff0
4888,60,375,cdls,0x5c08570d2ff0
4889,21,195,cdls,0x5c08570d2ff0
4890,48,360,cdls,0x5c08570d2ff0
4891,87,273,cdls,0x5c08570d2ff0
4892,75,465,cdls,0x5c08570d2ff0
4893,63,396,cdls,0x5c08570d2ff0
4894,87,609,cdls,0x5c08570d2ff0
4895,81,495,cdls,0x5c08570d2ff0
4896,102,375,cdls,0x5c08570d2ff0
4897,42,252,cdls,0x5c08570d2ff0
4898,48,210,cdls,0x5c08570d2ff0
4899,18,156,cdls,0x5c08570d2ff0
4900,60,258,cdls,0x5c08570d2ff0
4901,48,378,cdls,0x5c08570d2ff0
4902,63,285,cdls,0x5c08570d2ff0
4903,75,441,cdls,0x5c08570d2ff0
4904,60,282,cdls,0x5c08570d2ff0
4905,36,150,cdls,0x5c08570d2ff0
4906,27,168,cdls,0x5c08570d2ff0
4907,66,303,cdls,0x5c08570d2ff0
4908,72,498,cdls,0x5c08570d2ff0
4909,93,423,cdls,0x5c08570d2ff0
4910,84,294,cdls,0x5c08570d2ff0
4911,78,258,cdls,0x5c08570d2ff0
4912,111,453,cdls,0x5c08570d2ff0
4913,102,516,cdls,0x5c08570d2ff0
4914,45,303,cdls,0x5c08570d2ff0
4915,24,210,cdls,0x5c08570d2ff0
4916,105,399,cdls,0x5c08570d2ff0
4917,36,162,cdls,0x5c08570d2ff0
4918,60,270,cdls,0x5c08570d2ff0
4919,24,198,cdls,0x5c08570d2ff0
4920,18,144,cdls,0x5c08570d2ff0
4921,66,300,cdls,0x5c08570d2ff0
4922,57,255,cdls,0x5c08570d2ff0
4923,30,195,cdls,0x5c08570d2ff0
4924,78,384,cdls,0x5c08570d2ff0
4925,72,237,cdls,0x5c08570d2ff0
4926,60,237,cdls,0x5c08570d2ff0
4927,33,231,cdls,0x5c08570d2ff0
4928,54,312,cdls,0x5c08570d2ff0
4929,105,459,cdls,0x5c08570d2ff0
4930,18,156,cdls,0x5c08570d2ff0
4931,45,375,cdls,0x5c08570d2ff0
4932,27,213,cdls,0x5c08570d2ff0
4933,48,270,cdls,0x5c08570d2ff0
4934,30,204,cdls,0x5c08570d2ff0
4935,69,399,cdls,0x5c08570d2ff0
4936,99,357,cdls,0x5c08570d2ff0
4937,36,150,cdls,0x5c08570d2ff0
4938,75,381,cdls,0x5c08570d2ff0
4939,54,192,cdls,0x5c08570d2ff0
4940,69,387,cdls,0x5c08570d2ff0
4941,81,375,cdls,0x5c08570d2ff0
4942,84,402,cdls,0x5c08570d2ff0
4943,24,165,cdls,0x5c08570d2ff0
4944,84,312,cdls,0x5c08570d2ff0
4945,36,237,cdls,0x5c08570d2ff0
4946,42,192,cdls,0x5c08570d2ff0
4947,51,267,cdls,0x5c08570d2ff0
4948,117,402,cdls,0x5c08570d2ff0
4949,51,378,cdls,0x5c08570d2ff0
4950,66,372,cdls,0x5c08570d2ff0
4951,39,261,cdls,0x5c08570d2ff0
4952,78,396,cdls,0x5c08570d2ff0
4953,54,438,cdls,0x5c08570d2ff0
4954,99,483,cdls,0x5c08570d2ff0
4955,60,327,cdls,0x5c08570d2ff0
4956,81,276,cdls,0x5c08570d2ff0
4957,60,270,cdls,0x5c08570d2ff0
4958,42,288,cdls,0x5c08570d2ff0
4959,39,273,cdls,0x5c08570d2ff0
4960,54,222,cdls,0x5c08570d2ff0
4961,42,210,cdls,0x5c08570d2ff0
4962,33,219,cdls,0x5c08570d2ff0
4963,72,342,cdls,0x5c08570d2ff0
4964,42,204,cdls,0x5c08570d2ff0
4965,54,348,cdls,0x5c08570d2ff0
4966,33,243,cdls,0x5c08570d2ff0
4967,72,294,cdls,0x5c08570d2ff0
4968,159,408,cdls,0x5c08570d2ff0
4969,96,393,cdls,0x5c08570d2ff0
4970,54,492,cdls,0x5c08570d2ff0
4971,63,309,cdls,0x5c08570d2ff0
4972,141,468,cdls,0x5c08570d2ff0
4973,87,405,cdls,0x5c08570d2ff0
4974,36,234,cdls,0x5c08570d2ff0
4975,99,513,cdls,0x5c08570d2ff0
4976,36,234,cdls,0x5c08570d2ff0
4977,78,303,cdls,0x5c08570d2ff0
4978,54,204,cdls,0x5c08570d2ff0
4979,57,177,cdls,0x5c08570d2ff0
4980,54,225,cdls,0x5c08570d2ff0
4981,84,288,cdls,0x5c08570d2ff0
4982,63,381,cdls,0x5c08570d2ff0
4983,42,183,cdls,0x5c08570d2ff0
4984,27,201,cdls,0x5c08570d2ff0
4985,93,345,cdls,0x5c08570d2ff0
4986,57,315,cdls,0x5c08570d2ff0
4987,108,423,cdls,0x5c08570d2ff0
4988,111,414,cdls,0x5c08570d2ff0
4989,57,351,cdls,0x5c08570d2ff0
4990,81,285,cdls,0x5c08570d2ff0
4991,96,450,cdls,0x5c08570d2ff0
4992,93,591,cdls,0x5c08570d2ff0
4993,72,618,cdls,0x5c08570d2ff0
4994,48,633,cdls,0x5c08570d2ff0
4995,105,375,cdls,0x5c08570d2ff0
4996,78,480,cdls,0x5c08570d2ff0
4997,81,363,cdls,0x5c08570d2ff0
4998,72,450,cdls,0x5c08570d2ff0
4999,48,186,cdls,0x5c08570d2ff0
5000,60,243,cdls,0x5c08570d2ff0
5001,42,165,cdls,0x5c08570d2ff0
5002,30,120,cdls,0x5c08570d2ff0
5003,36,162,cdls,0x5c08570d2ff0
5004,27,321,cdls,0x5c08570d2ff0
5005,39,261,cdls,0x5c08570d2ff0
5006,33,135,cdls,0x5c08570d2ff0
5007,54,240,cdls,0x5c08570d2ff0
5008,78,312,cdls,0x5c08570d2ff0
5009,117,495,cdls,0x5c08570d2ff0
5010,90,468,cdls,0x5c08570d2ff0
5011,129,369,cdls,0x5c08570d2ff0
5012,33,189,cdls,0x5c08570d2ff0
5013,60,306,cdls,0x5c08570d2ff0
5014,78,336,cdls,0x5c08570d2ff0
5015,30,189,cdls,0x5c08570d2ff0
5016,51,309,cdls,0x5c08570d2ff0
5017,36,399,cdls,0x5c08570d2ff0
5018,24,186,cdls,0x5c08570d2ff0
5019,18,132,cdls,0x5c08570d2ff0
5020,33,207,cdls,0x5c08570d2ff0
5021,72,396,cdls,0x5c08570d2ff0
5022,57,249,cdls,0x5c08570d2ff0
5023,42,264,cdls,0x5c08570d2ff0
5024,51,213,cdls,0x5c08570d2ff0
5025,66,276,cdls,0x5c08570d2ff0
5026,57,291,cdls,0x5c08570d2ff0
5027,69,411,cdls,0x5c08570d2ff0
5028,66,372,cdls,0x5c08570d2ff0
5029,69,279,cdls,0x5c08570d2ff0
5030,33,231,cdls,0x5c08570d2ff0
5031,27,201,cdls,0x5c08570d2ff0
5032,84,414,cdls,0x5c08570d2ff0
5033,90,297,cdls,0x5c08570d2ff0
5034,27,189,cdls,0x5c08570d2ff0
5035,39,177,cdls,0x5c08570d2ff0
5036,48,264,cdls,0x5c08570d2ff0
5037,24,138,cdls,0x5c08570d2ff0
5038,57,231,cdls,0x5c08570d2ff0
5039,33,315,cdls,0x5c08570d2ff0
5040,66,270,cdls,0x5c08570d2ff0
5041,42,264,cdls,0x5c08570d2ff0
5042,75,405,cdls,0x5c08570d2ff0
5043,63,249,cdls,0x5c08570d2ff0
5044,51,225,cdls,0x5c08570d2ff0
5045,39,237,cdls,0x5c08570d2ff0
5046,27,189,cdls,0x5c08570d2ff0
5047,78,273,cdls,0x5c08570d2ff0
5048,75,309,cdls,0x5c08570d2ff0
5049,63,237,cdls,0x5c08570d2ff0
5050,39,177,cdls,0x5c08570d2ff0
5051,99,297,cdls,0x5c08570d2ff0
5052,24,186,cdls,0x5c08570d2ff0
5053,18,114,cdls,0x5c08570d2ff0
5054,33,201,cdls,0x5c08570d2ff0
5055,54,420,cdls,0x5c08570d2ff0
5056,48,183,cdls,0x5c08570d2ff0
5057,45,348,cdls,0x5c08570d2ff0
5058,66,504,cdls,0x5c08570d2ff0
5059,45,261,cdls,0x5c08570d2ff0
5060,54,210,cdls,0x5c08570d2ff0
5061,45,240,cdls,0x5c08570d2ff0
5062,54,228,cdls,0x5c08570d2ff0
5063,39,165,cdls,0x5c08570d2ff0
5064,54,417,cdls,0x5c08570d2ff0
5065,75,546,cdls,0x5c08570d2ff0
5066,105,384,cdls,0x5c08570d2ff0
5067,63,234,cdls,0x5c08570d2ff0
5068,39,159,cdls,0x5c08570d2ff0
5069,63,279,cdls,0x5c08570d2ff0
5070,15,129,cdls,0x5c08570d2ff0
5071,63,333,cdls,0x5c08570d2ff0
5072,51,453,cdls,0x5c08570d2ff0
5073,60,270,cdls,0x5c08570d2ff0
5074,48,429,cdls,0x5c08570d2ff0
5075,36,219,cdls,0x5c08570d2ff0
5076,69,270,cdls,0x5c08570d2ff0
5077,45,255,cdls,0x5c08570d2ff0
5078,27,162,cdls,0x5c08570d2ff0
5079,21,171,cdls,0x5c08570d2ff0
5080,63,261,cdls,0x5c08570d2ff0
5081,90,357,cdls,0x5c08570d2ff0
5082,75,405,cdls,0x5c08570d2ff0
5083,105,357,cdls,0x5c08570d2ff0
5084,108,492,cdls,0x5c08570d2ff0
5085,42,168,cdls,0x5c08570d2ff0
5086,45,231,cdls,0x5c08570d2ff0
5087,87,417,cdls,0x5c08570d2ff0
5088,21,147,cdls,0x5c08570d2ff0
5089,45,195,cdls,0x5c08570d2ff0
5090,24,168,cdls,0x5c08570d2ff0
5091,24,174,cdls,0x5c08570d2ff0
5092,30,111,cdls,0x5c08570d2ff0
5093,27,177,cdls,0x5c08570d2ff0
5094,54,216,cdls,0x5c08570d2ff0
5095,66,360,cdls,0x5c08570d2ff0
5096,75,192,cdls,0x5c08570d2ff0
5097,72,228,cdls,0x5c08570d2ff0
5098,60,222,cdls,0x5c08570d2ff0
5099,90,330,cdls,0x5c08570d2ff0
5100,30,228,cdls,0x5c08570d2ff0
5101,54,291,cdls,0x5c08570d2ff0
5102,48,222,cdls,0x5c08570d2ff0
5103,57,255,cdls,0x5c08570d2ff0
5104,66,255,cdls,0x5c08570d2ff0
5105,51,186,cdls,0x5c08570d2ff0
5106,39,222,cdls,0x5c08570d2ff0
5107,66,228,cdls,0x5c08570d2ff0
5108,81,234,cdls,0x5c08570d2ff0
5109,72,258,cdls,0x5c08570d2ff0
5110,87,369,cdls,0x5c08570d2ff0
5111,39,225,cdls,0x5c08570d2ff0
5112,27,213,cdls,0x5c08570d2ff0
5113,78,528,cdls,0x5c08570d2ff0
5114,39,369,cdls,0x5c08570d2ff0
5115,81,615,cdls,0x5c08570d2ff0
5116,114,420,cdls,0x5c08570d2ff0
5117,87,438,cdls,0x5c08570d2ff0
5118,135,495,cdls,0x5c08570d2ff0
5119,108,438,cdls,0x5c08570d2ff0
5120,78,306,cdls,0x5c08570d2ff0
5121,45,183,cdls,0x5c08570d2ff0
5122,51,285,cdls,0x5c08570d2ff0
5123,87,441,cdls,0x5c08570d2ff0
5124,45,156,cdls,0x5c08570d2ff0
5125,36,129,cdls,0x5c08570d2ff0
5126,21,183,cdls,0x5c08570d2ff0
5127,111,348,cdls,0x5c08570d2ff0
5128,30,240,cdls,0x5c08570d2ff0
5129,57,243,cdls,0x5c08570d2ff0
5130,117,420,cdls,0x5c08570d2ff0
5131,84,528,cdls,0x5c08570d2ff0
5132,42,147,cdls,0x5c08570d2ff0
5133,63,309,cdls,0x5c08570d2ff0
5134,123,414,cdls,0x5c08570d2ff0
5135,141,384,cdls,0x5c08570d2ff0
5136,129,405,cdls,0x5c08570d2ff0
5137,126,390,cdls,0x5c08570d2ff0
5138,27,159,cdls,0x5c08570d2ff0
5139,75,309,cdls,0x5c08570d2ff0
5140,84,273,cdls,0x5c08570d2ff0
5141,75,318,cdls,0x5c08570d2ff0
5142,84,222,cdls,0x5c08570d2ff0
5143,75,225,cdls,0x5c08570d2ff0
5144,42,168,cdls,0x5c08570d2ff0
5145,78,207,cdls,0x5c08570d2ff0
5146,102,243,cdls,0x5c08570d2ff0
5147,39,96,cdls,0x5c08570d2ff0
5148,54,213,cdls,0x5c08570d2ff0
5149,33,126,cdls,0x5c08570d2ff0
5150,33,243,cdls,0x5c08570d2ff0
5151,48,294,cdls,0x5c08570d2ff0
5152,117,390,cdls,0x5c08570d2ff0
5153,48,294,cdls,0x5c08570d2ff0
5154,48,273,cdls,0x5c08570d2ff0
5155,126,450,cdls,0x5c08570d2ff0
5156,93,345,cdls,0x5c08570d2ff0
5157,72,282,cdls,0x5c08570d2ff0
5158,66,210,cdls,0x5c08570d2ff0
5159,51,183,cdls,0x5c08570d2ff0
5160,102,276,cdls,0x5c08570d2ff0
5161,63,309,cdls,0x5c08570d2ff0
5162,93,330,cdls,0x5c08570d2ff0
5163,24,171,cdls,0x5c08570d2ff0
5164,81,375,cdls,0x5c08570d2ff0
5165,39,258,cdls,0x5c08570d2ff0
5166,72,528,cdls,0x5c08570d2ff0
5167,93,456,cdls,0x5c08570d2ff0
5168,93,408,cdls,0x5c08570d2ff0
5169,45,435,cdls,0x5c08570d2ff0
5170,48,393,cdls,0x5c08570d2ff0
5171,63,297,cdls,0x5c08570d2ff0
5172,30,189,cdls,0x5c08570d2ff0
5173,33,204,cdls,0x5c08570d2ff0
5174,63,273,cdls,0x5c08570d2ff0
5175,54,291,cdls,0x5c08570d2ff0
5176,111,489,cdls,0x5c08570d2ff0
5177,117,402,cdls,0x5c08570d2ff0
5178,105,384,cdls,0x5c08570d2ff0
5179,102,588,cdls,0x5c08570d2ff0
5180,132,459,cdls,0x5c08570d2ff0
5181,153,495,cdls,0x5c08570d2ff0
5182,111,453,cdls,0x5c08570d2ff0
5183,51,444,cdls,0x5c08570d2ff0
5184,66,609,cdls,0x5c08570d2ff0
5185,63,681,cdls,0x5c08570d2ff0
5186,54,510,cdls,0x5c08570d2ff0
5187,60,600,cdls,0x5c08570d2ff0
5188,117,603,cdls,0x5c08570d2ff0
5189,54,588,cdls,0x5c08570d2ff0
5190,84,549,cdls,0x5c08570d2ff0
5191,66,468,cdls,0x5c08570d2ff0
5192,144,648,cdls,0x5c08570d2ff0
5193,123,585,cdls,0x5c08570d2ff0
5194,42,648,cdls,0x5c08570d2ff0
5195,81,627,cdls,0x5c08570d2ff0
5196,54,924,cdls,0x5c08570d2ff0
5197,60,720,cdls,0x5c08570d2ff0
5198,144,393,cdls,0x5c08570d2ff0
5199,27,201,cdls,0x5c08570d2ff0
5200,69,423,cdls,0x5c08570d2ff0
5201,123,492,cdls,0x5c08570d2ff0
5202,48,714,cdls,0x5c08570d2ff0
5203,72,594,cdls,0x5c08570d2ff0
5204,114,468,cdls,0x5c08570d2ff0
5205,72,666,cdls,0x5c08570d2ff0
5206,78,732,cdls,0x5c08570d2ff0
5207,84,354,cdls,0x5c08570d2ff0
5208,105,459,cdls,0x5c08570d2ff0
5209,63,297,cdls,0x5c08570d2ff0
5210,60,378,cdls,0x5c08570d2ff0
5211,93,411,cdls,0x5c08570d2ff0
5212,33,231,cdls,0x5c08570d2ff0
5213,45,195,cdls,0x5c08570d2ff0
5214,57,255,cdls,0x5c08570d2ff0
5215,81,312,cdls,0x5c08570d2ff0
5216,39,225,cdls,0x5c08570d2ff0
5217,81,297,cdls,0x5c08570d2ff0
5218,102,576,cdls,0x5c08570d2ff0
5219,39,621,cdls,0x5c08570d2ff0
5220,99,573,cdls,0x5c08570d2ff0
5221,48,594,cdls,0x5c08570d2ff0
5222,84,594,cdls,0x5c08570d2ff0
5223,78,444,cdls,0x5c08570d2ff0
5224,87,657,cdls,0x5c08570d2ff0
5225,51,681,cdls,0x5c08570d2ff0
5226,99,450,cdls,0x5c08570d2ff0
5227,120,390,cdls,0x5c08570d2ff0
5228,87,414,cdls,0x5c08570d2ff0
5229,105,375,cdls,0x5c08570d2ff0
5230,48,270,cdls,0x5c08570d2ff0
5231,21,171,cdls,0x5c08570d2ff0
5232,78,360,cdls,0x5c08570d2ff0
5233,18,156,cdls,0x5c08570d2ff0
5234,48,438,cdls,0x5c08570d2ff0
5235,33,507,cdls,0x5c08570d2ff0
5236,42,252,cdls,0x5c08570d2ff0
5237,60,252,cdls,0x5c08570d2ff0
5238,93,318,cdls,0x5c08570d2ff0
5239,54,207,cdls,0x5c08570d2ff0
5240,54,324,cdls,0x5c08570d2ff0
5241,72,291,cdls,0x5c08570d2ff0
5242,93,300,cdls,0x5c08570d2ff0
5243,69,483,cdls,0x5c08570d2ff0
5244,99,633,cdls,0x5c08570d2ff0
5245,30,204,cdls,0x5c08570d2ff0
5246,54,216,cdls,0x5c08570d2ff0
5247,111,300,cdls,0x5c08570d2ff0
5248,90,240,cdls,0x5c08570d2ff0
5249,99,393,cdls,0x5c08570d2ff0
5250,114,684,cdls,0x5c08570d2ff0
5251,75,348,cdls,0x5c08570d2ff0
5252,30,204,cdls,0x5c08570d2ff0
5253,30,228,cdls,0x5c08570d2ff0
5254,39,177,cdls,0x5c08570d2ff0
5255,78,516,cdls,0x5c08570d2ff0
5256,105,615,cdls,0x5c08570d2ff0
5257,108,486,cdls,0x5c08570d2ff0
5258,57,579,cdls,0x5c08570d2ff0
5259,60,522,cdls,0x5c08570d2ff0
5260,63,477,cdls,0x5c08570d2ff0
5261,78,540,cdls,0x5c08570d2ff0
5262,102,576,cdls,0x5c08570d2ff0
5263,75,333,cdls,0x5c08570d2ff0
5264,63,369,cdls,0x5c08570d2ff0
5265,126,456,cdls,0x5c08570d2ff0
5266,69,603,cdls,0x5c08570d2ff0
5267,72,354,cdls,0x5c08570d2ff0
5268,75,309,cdls,0x5c08570d2ff0
5269,27,201,cdls,0x5c08570d2ff0
5270,54,324,cdls,0x5c08570d2ff0
5271,57,483,cdls,0x5c08570d2ff0
5272,66,444,cdls,0x5c08570d2ff0
5273,60,324,cdls,0x5c08570d2ff0
5274,105,639,cdls,0x5c08570d2ff0
5275,60,279,cdls,0x5c08570d2ff0
5276,27,213,cdls,0x5c08570d2ff0
5277,36,138,cdls,0x5c08570d2ff0
5278,57,213,cdls,0x5c08570d2ff0
5279,57,234,cdls,0x5c08570d2ff0
5280,63,357,cdls,0x5c08570d2ff0
5281,81,375,cdls,0x5c08570d2ff0
5282,60,282,cdls,0x5c08570d2ff0
5283,30,204,cdls,0x5c08570d2ff0
5284,51,225,cdls,0x5c08570d2ff0
5285,18,156,cdls,0x5c08570d2ff0
5286,75,474,cdls,0x5c08570d2ff0
5287,90,300,cdls,0x5c08570d2ff0
5288,66,162,cdls,0x5c08570d2ff0
5289,78,444,cdls,0x5c08570d2ff0
5290,84,402,cdls,0x5c08570d2ff0
5291,33,219,cdls,0x5c08570d2ff0
5292,60,252,cdls,0x5c08570d2ff0
5293,39,138,cdls,0x5c08570d2ff0
5294,84,294,cdls,0x5c08570d2ff0
5295,45,153,cdls,0x5c08570d2ff0
5296,36,198,cdls,0x5c08570d2ff0
5297,33,465,cdls,0x5c08570d2ff0
5298,81,444,cdls,0x5c08570d2ff0
5299,96,261,cdls,0x5c08570d2ff0
5300,99,243,cdls,0x5c08570d2ff0
5301,57,177,cdls,0x5c08570d2ff0
5302,48,177,cdls,0x5c08570d2ff0
5303,96,438,cdls,0x5c08570d2ff0
5304,45,363,cdls,0x5c08570d2ff0
5305,48,306,cdls,0x5c08570d2ff0
5306,39,261,cdls,0x5c08570d2ff0
5307,30,165,cdls,0x5c08570d2ff0
5308,51,279,cdls,0x5c08570d2ff0
5309,96,399,cdls,0x5c08570d2ff0
5310,48,366,cdls,0x5c08570d2ff0
5311,84,438,cdls,0x5c08570d2ff0
5312,105,276,cdls,0x5c08570d2ff0
5313,132,510,cdls,0x5c08570d2ff0
5314,96,570,cdls,0x5c08570d2ff0
5315,54,252,cdls,0x5c08570d2ff0
5316,27,213,cdls,0x5c08570d2ff0
5317,69,279,cdls,0x5c08570d2ff0
5318,21,171,cdls,0x5c08570d2ff0
5319,57,387,cdls,0x5c08570d2ff0
5320,111,465,cdls,0x5c08570d2ff0
5321,120,522,cdls,0x5c08570d2ff0
5322,81,495,cdls,0x5c08570d2ff0
5323,114,390,cdls,0x5c08570d2ff0
5324,87,507,cdls,0x5c08570d2ff0
5325,45,237,cdls,0x5c08570d2ff0
5326,42,186,cdls,0x5c08570d2ff0
5327,108,234,cdls,0x5c08570d2ff0
5328,99,438,cdls,0x5c08570d2ff0
5329,51,204,cdls,0x5c08570d2ff0
5330,18,93,cdls,0x5c08570d2ff0
5331,51,294,cdls,0x5c08570d2ff0
5332,48,282,cdls,0x5c08570d2ff0
5333,60,255,cdls,0x5c08570d2ff0
5334,129,456,cdls,0x5c08570d2ff0
5335,87,429,cdls,0x5c08570d2ff0
5336,48,195,cdls,0x5c08570d2ff0
5337,93,297,cdls,0x5c08570d2ff0
5338,39,132,cdls,0x5c08570d2ff0
5339,48,330,cdls,0x5c08570d2ff0
5340,30,84,cdls,0x5c08570d2ff0
5341,69,258,cdls,0x5c08570d2ff0
5342,42,153,cdls,0x5c08570d2ff0
5343,90,432,cdls,0x5c08570d2ff0
5344,51,417,cdls,0x5c08570d2ff0
5345,63,285,cdls,0x5c08570d2ff0
5346,60,270,cdls,0x5c08570d2ff0
5347,33,243,cdls,0x5c08570d2ff0
5348,54,228,cdls,0x5c08570d2ff0
5349,42,192,cdls,0x5c08570d2ff0
5350,57,255,cdls,0x5c08570d2ff0
5351,30,216,cdls,0x5c08570d2ff0
5352,27,201,cdls,0x5c08570d2ff0
5353,30,192,cdls,0x5c08570d2ff0
5354,72,321,cdls,0x5c08570d2ff0
5355,75,267,cdls,0x5c08570d2ff0
5356,51,369,cdls,0x5c08570d2ff0
5357,39,237,cdls,0x5c08570d2ff0
5358,33,126,cdls,0x5c08570d2ff0
5359,45,162,cdls,0x5c08570d2ff0
5360,42,234,cdls,0x5c08570d2ff0
5361,54,264,cdls,0x5c08570d2ff0
5362,72,291,cdls,0x5c08570d2ff0
5363,72,303,cdls,0x5c08570d2ff0
5364,51,195,cdls,0x5c08570d2ff0
5365,102,294,cdls,0x5c08570d2ff0
5366,96,288,cdls,0x5c08570d2ff0
5367,54,195,cdls,0x5c08570d2ff0
5368,87,297,cdls,0x5c08570d2ff0
5369,69,174,cdls,0x5c08570d2ff0
5370,69,411,cdls,0x5c08570d2ff0
5371,72,330,cdls,0x5c08570d2ff0
5372,30,252,cdls,0x5c08570d2ff0
5373,24,198,cdls,0x5c08570d2ff0
5374,42,372,cdls,0x5c08570d2ff0
5375,60,258,cdls,0x5c08570d2ff0
5376,21,183,cdls,0x5c08570d2ff0
5377,141,459,cdls,0x5c08570d2ff0
5378,69,423,cdls,0x5c08570d2ff0
5379,81,339,cdls,0x5c08570d2ff0
5380,114,420,cdls,0x5c08570d2ff0
5381,108,459,cdls,0x5c08570d2ff0
5382,30,228,cdls,0x5c08570d2ff0
5383,69,495,cdls,0x5c08570d2ff0
5384,72,378,cdls,0x5c08570d2ff0
5385,99,399,cdls,0x5c08570d2ff0
5386,84,576,cdls,0x5c08570d2ff0
5387,96,312,cdls,0x5c08570d2ff0
5388,132,417,cdls,0x5c08570d2ff0
5389,75,345,cdls,0x5c08570d2ff0
5390,87,273,cdls,0x5c08570d2ff0
5391,30,159,cdls,0x5c08570d2ff0
5392,108,393,cdls,0x5c08570d2ff0
5393,63,549,cdls,0x5c08570d2ff0
5394,87,291,cdls,0x5c08570d2ff0
5395,96,324,cdls,0x5c08570d2ff0
5396,39,189,cdls,0x5c08570d2ff0
5397,84,273,cdls,0x5c08570d2ff0
5398,63,366,cdls,0x5c08570d2ff0
5399,54,252,cdls,0x5c08570d2ff0
5400,39,168,cdls,0x5c08570d2ff0
5401,48,282,cdls,0x5c08570d2ff0
5402,87,333,cdls,0x5c08570d2ff0
5403,33,183,cdls,0x5c08570d2ff0
5404,105,375,cdls,0x5c08570d2ff0
5405,84,405,cdls,0x5c08570d2ff0
5406,51,309,cdls,0x5c08570d2ff0
5407,120,438,cdls,0x5c08570d2ff0
5408,60,486,cdls,0x5c08570d2ff0
5409,69,483,cdls,0x5c08570d2ff0
5410,87,489,cdls,0x5c08570d2ff0
5411,45,363,cdls,0x5c08570d2ff0
5412,66,276,cdls,0x5c08570d2ff0
5413,57,339,cdls,0x5c08570d2ff0
5414,27,177,cdls,0x5c08570d2ff0
5415,33,219,cdls,0x5c08570d2ff0
5416,39,345,cdls,0x5c08570d2ff0
5417,90,384,cdls,0x5c08570d2ff0
5418,156,396,cdls,0x5c08570d2ff0
5419,102,372,cdls,0x5c08570d2ff0
5420,75,240,cdls,0x5c08570d2ff0
5421,60,261,cdls,0x5c08570d2ff0
5422,63,273,cdls,0x5c08570d2ff0
5423,51,252,cdls,0x5c08570d2ff0
5424,24,162,cdls,0x5c08570d2ff0
5425,48,234,cdls,0x5c08570d2ff0
5426,42,168,cdls,0x5c08570d2ff0
5427,51,237,cdls,0x5c08570d2ff0
5428,39,261,cdls,0x5c08570d2ff0
5429,81,399,cdls,0x5c08570d2ff0
5430,33,255,cdls,0x5c08570d2ff0
5431,66,213,cdls,0x5c08570d2ff0
5432,99,381,cdls,0x5c08570d2ff0
5433,75,327,cdls,0x5c08570d2ff0
5434,36,141,cdls,0x5c08570d2ff0
5435,81,264,cdls,0x5c08570d2ff0
5436,51,333,cdls,0x5c08570d2ff0
5437,69,315,cdls,0x5c08570d2ff0
5438,27,177,cdls,0x5c08570d2ff0
5439,33,231,cdls,0x5c08570d2ff0
5440,63,249,cdls,0x5c08570d2ff0
5441,105,303,cdls,0x5c08570d2ff0
5442,87,276,cdls,0x5c08570d2ff0
5443,90,501,cdls,0x5c08570d2ff0
5444,48,450,cdls,0x5c08570d2ff0
5445,123,384,cdls,0x5c08570d2ff0
5446,69,426,cdls,0x5c08570d2ff0
5447,129,342,cdls,0x5c08570d2ff0
5448,135,432,cdls,0x5c08570d2ff0
5449,48,186,cdls,0x5c08570d2ff0
5450,54,288,cdls,0x5c08570d2ff0
5451,27,141,cdls,0x5c08570d2ff0
5452,45,195,cdls,0x5c08570d2ff0
5453,60,270,cdls,0x5c08570d2ff0
5454,42,213,cdls,0x5c08570d2ff0
5455,123,369,cdls,0x5c08570d2ff0
5456,132,408,cdls,0x5c08570d2ff0
5457,159,345,cdls,0x5c08570d2ff0
5458,153,420,cdls,0x5c08570d2ff0
5459,57,243,cdls,0x5c08570d2ff0
5460,27,183,cdls,0x5c08570d2ff0
5461,21,171,cdls,0x5c08570d2ff0
5462,63,270,cdls,0x5c08570d2ff0
5463,63,384,cdls,0x5c08570d2ff0
5464,102,648,cdls,0x5c08570d2ff0
5465,123,525,cdls,0x5c08570d2ff0
5466,75,681,cdls,0x5c08570d2ff0
5467,60,510,cdls,0x5c08570d2ff0
5468,99,498,cdls,0x5c08570d2ff0
5469,108,405,cdls,0x5c08570d2ff0
5470,66,351,cdls,0x5c08570d2ff0
5471,30,216,cdls,0x5c08570d2ff0
5472,18,156,cdls,0x5c08570d2ff0
5473,18,156,cdls,0x5c08570d2ff0
5474,57,339,cdls,0x5c08570d2ff0
5475,108,348,cdls,0x5c08570d2ff0
5476,39,222,cdls,0x5c08570d2ff0
5477,75,417,cdls,0x5c08570d2ff0
5478,57,267,cdls,0x5c08570d2ff0
5479,93,300,cdls,0x5c08570d2ff0
5480,174,423,cdls,0x5c08570d2ff0
5481,21,138,cdls,0x5c08570d2ff0
5482,96,354,cdls,0x5c08570d2ff0
5483,66,249,cdls,0x5c08570d2ff0
5484,36,129,cdls,0x5c08570d2ff0
5485,81,351,cdls,0x5c08570d2ff0
5486,36,246,cdls,0x5c08570d2ff0
5487,42,222,cdls,0x5c08570d2ff0
5488,126,327,cdls,0x5c08570d2ff0
5489,51,189,cdls,0x5c08570d2ff0
5490,117,423,cdls,0x5c08570d2ff0
5491,93,375,cdls,0x5c08570d2ff0
5492,57,555,cdls,0x5c08570d2ff0
5493,75,366,cdls,0x5c08570d2ff0
5494,45,180,cdls,0x5c08570d2ff0
5495,60,249,cdls,0x5c08570d2ff0
5496,54,201,cdls,0x5c08570d2ff0
5497,33,135,cdls,0x5c08570d2ff0
5498,24,174,cdls,0x5c08570d2ff0
5499,99,429,cdls,0x5c08570d2ff0
5500,123,429,cdls,0x5c08570d2ff0
5501,54,501,cdls,0x5c08570d2ff0
5502,69,522,cdls,0x5c08570d2ff0
5503,57,597,cdls,0x5c08570d2ff0
5504,57,363,cdls,0x5c08570d2ff0
5505,90,504,cdls,0x5c08570d2ff0
5506,57,471,cdls,0x5c08570d2ff0
5507,39,228,cdls,0x5c08570d2ff0
5508,21,240,cdls,0x5c08570d2ff0
5509,57,246,cdls,0x5c08570d2ff0
5510,33,126,cdls,0x5c08570d2ff0
5511,63,270,cdls,0x5c08570d2ff0
5512,69,366,cdls,0x5c08570d2ff0
5513,84,381,cdls,0x5c08570d2ff0
5514,126,357,cdls,0x5c08570d2ff0
5515,57,231,cdls,0x5c08570d2ff0
5516,48,282,cdls,0x5c08570d2ff0
5517,33,219,cdls,0x5c08570d2ff0
5518,36,246,cdls,0x5c08570d2ff0
5519,54,312,cdls,0x5c08570d2ff0
5520,54,240,cdls,0x5c08570d2ff0
5521,30,216,cdls,0x5c08570d2ff0
5522,30,228,cdls,0x5c08570d2ff0
5523,69,219,cdls,0x5c08570d2ff0
5524,45,156,cdls,0x5c08570d2ff0
5525,24,186,cdls,0x5c08570d2ff0
5526,27,189,cdls,0x5c08570d2ff0
5527,72,306,cdls,0x5c08570d2ff0
5528,42,174,cdls,0x5c08570d2ff0
5529,75,234,cdls,0x5c08570d2ff0
5530,42,210,cdls,0x5c08570d2ff0
5531,84,414,cdls,0x5c08570d2ff0
5532,36,207,cdls,0x5c08570d2ff0
5533,21,183,cdls,0x5c08570d2ff0
5534,24,198,cdls,0x5c08570d2ff0
5535,69,303,cdls,0x5c08570d2ff0
5536,57,231,cdls,0x5c08570d2ff0
5537,39,141,cdls,0x5c08570d2ff0
5538,21,141,cdls,0x5c08570d2ff0
5539,24,150,cdls,0x5c08570d2ff0
5540,72,342,cdls,0x5c08570d2ff0
5541,72,237,cdls,0x5c08570d2ff0
5542,21,159,cdls,0x5c08570d2ff0
5543,84,342,cdls,0x5c08570d2ff0
5544,69,315,cdls,0x5c08570d2ff0
5545,51,225,cdls,0x5c08570d2ff0
5546,27,213,cdls,0x5c08570d2ff0
5547,84,486,cdls,0x5c08570d2ff0
5548,78,576,cdls,0x5c08570d2ff0
5549,51,549,cdls,0x5c08570d2ff0
5550,99,453,cdls,0x5c08570d2ff0
5551,54,300,cdls,0x5c08570d2ff0
5552,30,216,cdls,0x5c08570d2ff0
5553,63,417,cdls,0x5c08570d2ff0
5554,42,252,cdls,0x5c08570d2ff0
5555,27,225,cdls,0x5c08570d2ff0
5556,63,261,cdls,0x5c08570d2ff0
5557,48,282,cdls,0x5c08570d2ff0
5558,63,189,cdls,0x5c08570d2ff0
5559,69,282,cdls,0x5c08570d2ff0
5560,81,201,cdls,0x5c08570d2ff0
5561,33,138,cdls,0x5c08570d2ff0
5562,90,267,cdls,0x5c08570d2ff0
5563,78,273,cdls,0x5c08570d2ff0
5564,84,378,cdls,0x5c08570d2ff0
5565,75,405,cdls,0x5c08570d2ff0
5566,24,198,cdls,0x5c08570d2ff0
5567,72,306,cdls,0x5c08570d2ff0
5568,45,303,cdls,0x5c08570d2ff0
5569,84,330,cdls,0x5c08570d2ff0
5570,63,324,cdls,0x5c08570d2ff0
5571,69,258,cdls,0x5c08570d2ff0
5572,51,237,cdls,0x5c08570d2ff0
5573,72,252,cdls,0x5c08570d2ff0
5574,84,441,cdls,0x5c08570d2ff0
5575,135,375,cdls,0x5c08570d2ff0
5576,93,477,cdls,0x5c08570d2ff0
5577,63,645,cdls,0x5c08570d2ff0
5578,111,510,cdls,0x5c08570d2ff0
5579,60,306,cdls,0x5c08570d2ff0
5580,54,408,cdls,0x5c08570d2ff0
5581,57,507,cdls,0x5c08570d2ff0
5582,123,453,cdls,0x5c08570d2ff0
5583,66,540,cdls,0x5c08570d2ff0
5584,33,216,cdls,0x5c08570d2ff0
5585,42,264,cdls,0x5c08570d2ff0
5586,30,216,cdls,0x5c08570d2ff0
5587,51,291,cdls,0x5c08570d2ff0
5588,72,246,cdls,0x5c08570d2ff0
5589,42,156,cdls,0x5c08570d2ff0
5590,33,117,cdls,0x5c08570d2ff0
5591,72,309,cdls,0x5c08570d2ff0
5592,51,237,cdls,0x5c08570d2ff0
5593,81,342,cdls,0x5c08570d2ff0
5594,60,420,cdls,0x5c08570d2ff0
5595,72,510,cdls,0x5c08570d2ff0
5596,69,213,cdls,0x5c08570d2ff0
5597,45,216,cdls,0x5c08570d2ff0
5598,21,183,cdls,0x5c08570d2ff0
5599,63,285,cdls,0x5c08570d2ff0
5600,72,318,cdls,0x5c08570d2ff0
5601,111,318,cdls,0x5c08570d2ff0
5602,39,216,cdls,0x5c08570d2ff0
5603,117,459,cdls,0x5c08570d2ff0
5604,75,657,cdls,0x5c08570d2ff0
5605,42,276,cdls,0x5c08570d2ff0
5606,51,225,cdls,0x5c08570d2ff0
5607,96,426,cdls,0x5c08570d2ff0
5608,108,414,cdls,0x5c08570d2ff0
5609,69,339,cdls,0x5c08570d2ff0
5610,45,303,cdls,0x5c08570d2ff0
5611,45,471,cdls,0x5c08570d2ff0
5612,129,483,cdls,0x5c08570d2ff0
5613,36,216,cdls,0x5c08570d2ff0
5614,60,270,cdls,0x5c08570d2ff0
5615,60,255,cdls,0x5c08570d2ff0
5616,21,159,cdls,0x5c08570d2ff0
5617,36,258,cdls,0x5c08570d2ff0
5618,33,255,cdls,0x5c08570d2ff0
5619,27,324,cdls,0x5c08570d2ff0
5620,69,225,cdls,0x5c08570d2ff0
5621,39,222,cdls,0x5c08570d2ff0
5622,36,270,cdls,0x5c08570d2ff0
5623,39,144,cdls,0x5c08570d2ff0
5624,51,204,cdls,0x5c08570d2ff0
5625,84,390,cdls,0x5c08570d2ff0
5626,39,150,cdls,0x5c08570d2ff0
5627,72,300,cdls,0x5c08570d2ff0
5628,63,294,cdls,0x5c08570d2ff0
5629,51,225,cdls,0x5c08570d2ff0
5630,27,201,cdls,0x5c08570d2ff0
5631,81,375,cdls,0x5c08570d2ff0
5632,30,216,cdls,0x5c08570d2ff0
5633,81,399,cdls,0x5c08570d2ff0
5634,87,477,cdls,0x5c08570d2ff0
5635,60,642,cdls,0x5c08570d2ff0
5636,60,354,cdls,0x5c08570d2ff0
5637,48,210,cdls,0x5c08570d2ff0
5638,33,243,cdls,0x5c08570d2ff0
5639,36,234,cdls,0x5c08570d2ff0
5640,69,363,cdls,0x5c08570d2ff0
5641,57,339,cdls,0x5c08570d2ff0
5642,18,156,cdls,0x5c08570d2ff0
5643,27,189,cdls,0x5c08570d2ff0
5644,87,405,cdls,0x5c08570d2ff0
5645,57,267,cdls,0x5c08570d2ff0
5646,60,258,cdls,0x5c08570d2ff0
5647,45,279,cdls,0x5c08570d2ff0
5648,84,546,cdls,0x5c08570d2ff0
5649,63,477,cdls,0x5c08570d2ff0
5650,102,588,cdls,0x5c08570d2ff0
5651,126,456,cdls,0x5c08570d2ff0
5652,135,402,cdls,0x5c08570d2ff0
5653,108,468,cdls,0x5c08570d2ff0
5654,90,396,cdls,0x5c08570d2ff0
5655,150,411,cdls,0x5c08570d2ff0
5656,102,483,cdls,0x5c08570d2ff0
5657,120,510,cdls,0x5c08570d2ff0
5658,66,288,cdls,0x5c08570d2ff0
5659,51,285,cdls,0x5c08570d2ff0
5660,33,159,cdls,0x5c08570d2ff0
5661,72,390,cdls,0x5c08570d2ff0
5662,27,189,cdls,0x5c08570d2ff0
5663,78,300,cdls,0x5c08570d2ff0
5664,54,252,cdls,0x5c08570d2ff0
5665,48,207,cdls,0x5c08570d2ff0
5666,57,354,cdls,0x5c08570d2ff0
5667,132,396,cdls,0x5c08570d2ff0
5668,48,222,cdls,0x5c08570d2ff0
5669,51,489,cdls,0x5c08570d2ff0
5670,30,204,cdls,0x5c08570d2ff0
5671,93,240,cdls,0x5c08570d2ff0
5672,108,477,cdls,0x5c08570d2ff0
5673,93,378,cdls,0x5c08570d2ff0
5674,90,516,cdls,0x5c08570d2ff0
5675,141,375,cdls,0x5c08570d2ff0
5676,21,183,cdls,0x5c08570d2ff0
5677,21,171,cdls,0x5c08570d2ff0
5678,66,360,cdls,0x5c08570d2ff0
5679,75,597,cdls,0x5c08570d2ff0
5680,78,420,cdls,0x5c08570d2ff0
5681,57,243,cdls,0x5c08570d2ff0
5682,57,351,cdls,0x5c08570d2ff0
5683,69,339,cdls,0x5c08570d2ff0
5684,39,285,cdls,0x5c08570d2ff0
5685,45,207,cdls,0x5c08570d2ff0
5686,72,303,cdls,0x5c08570d2ff0
5687,96,351,cdls,0x5c08570d2ff0
5688,180,471,cdls,0x5c08570d2ff0
5689,90,564,cdls,0x5c08570d2ff0
5690,99,657,cdls,0x5c08570d2ff0
5691,129,450,cdls,0x5c08570d2ff0
5692,144,567,cdls,0x5c08570d2ff0
5693,87,390,cdls,0x5c08570d2ff0
5694,81,468,cdls,0x5c08570d2ff0
5695,84,690,cdls,0x5c08570d2ff0
5696,72,546,cdls,0x5c08570d2ff0
5697,135,390,cdls,0x5c08570d2ff0
5698,90,477,cdls,0x5c08570d2ff0
5699,75,300,cdls,0x5c08570d2ff0
5700,72,384,cdls,0x5c08570d2ff0
5701,87,405,cdls,0x5c08570d2ff0
5702,42,516,cdls,0x5c08570d2ff0
5703,132,474,cdls,0x5c08570d2ff0
5704,135,489,cdls,0x5c08570d2ff0
5705,99,369,cdls,0x5c08570d2ff0
5706,87,480,cdls,0x5c08570d2ff0
5707,27,93,cdls,0x5c08570d2ff0
5708,72,393,cdls,0x5c08570d2ff0
5709,42,438,cdls,0x5c08570d2ff0
5710,99,405,cdls,0x5c08570d2ff0
5711,111,489,cdls,0x5c08570d2ff0
5712,57,495,cdls,0x5c08570d2ff0
5713,60,378,cdls,0x5c08570d2ff0
5714,93,603,cdls,0x5c08570d2ff0
5715,90,660,cdls,0x5c08570d2ff0
5716,63,603,cdls,0x5c08570d2ff0
5717,57,456,cdls,0x5c08570d2ff0
5718,102,564,cdls,0x5c08570d2ff0
5719,84,474,cdls,0x5c08570d2ff0
5720,105,384,cdls,0x5c08570d2ff0
5721,120,573,cdls,0x5c08570d2ff0
5722,108,498,cdls,0x5c08570d2ff0
5723,126,456,cdls,0x5c08570d2ff0
5724,63,789,cdls,0x5c08570d2ff0
5725,45,507,cdls,0x5c08570d2ff0
5726,66,432,cdls,0x5c08570d2ff0
5727,57,495,cdls,0x5c08570d2ff0
5728,99,324,cdls,0x5c08570d2ff0
5729,63,447,cdls,0x5c08570d2ff0
5730,87,489,cdls,0x5c08570d2ff0
5731,84,558,cdls,0x5c08570d2ff0
5732,36,207,cdls,0x5c08570d2ff0
5733,27,201,cdls,0x5c08570d2ff0
5734,30,216,cdls,0x5c08570d2ff0
5735,72,318,cdls,0x5c08570d2ff0
5736,54,195,cdls,0x5c08570d2ff0
5737,78,210,cdls,0x5c08570d2ff0
5738,96,390,cdls,0x5c08570d2ff0
5739,54,384,cdls,0x5c08570d2ff0
5740,81,435,cdls,0x5c08570d2ff0
5741,129,570,cdls,0x5c08570d2ff0
5742,141,537,cdls,0x5c08570d2ff0
5743,72,531,cdls,0x5c08570d2ff0
5744,117,441,cdls,0x5c08570d2ff0
5745,51,408,cdls,0x5c08570d2ff0
5746,57,399,cdls,0x5c08570d2ff0
5747,87,396,cdls,0x5c08570d2ff0
5748,51,366,cdls,0x5c08570d2ff0
5749,114,525,cdls,0x5c08570d2ff0
5750,81,450,cdls,0x5c08570d2ff0
5751,63,417,cdls,0x5c08570d2ff0
5752,84,378,cdls,0x5c08570d2ff0
5753,57,276,cdls,0x5c08570d2ff0
5754,87,393,cdls,0x5c08570d2ff0
5755,48,222,cdls,0x5c08570d2ff0
5756,72,222,cdls,0x5c08570d2ff0
5757,60,270,cdls,0x5c08570d2ff0
5758,30,216,cdls,0x5c08570d2ff0
5759,48,282,cdls,0x5c08570d2ff0
5760,66,213,cdls,0x5c08570d2ff0
5761,48,210,cdls,0x5c08570d2ff0
5762,30,111,cdls,0x5c08570d2ff0
5763,93,291,cdls,0x5c08570d2ff0
5764,78,273,cdls,0x5c08570d2ff0
5765,39,273,cdls,0x5c08570d2ff0
5766,84,366,cdls,0x5c08570d2ff0
5767,33,231,cdls,0x5c08570d2ff0
5768,162,414,cdls,0x5c08570d2ff0
5769,57,495,cdls,0x5c08570d2ff0
5770,66,186,cdls,0x5c08570d2ff0
5771,117,321,cdls,0x5c08570d2ff0
5772,69,327,cdls,0x5c08570d2ff0
5773,78,360,cdls,0x5c08570d2ff0
5774,18,156,cdls,0x5c08570d2ff0
5775,18,156,cdls,0x5c08570d2ff0
5776,33,219,cdls,0x5c08570d2ff0
5777,57,279,cdls,0x5c08570d2ff0
5778,63,369,cdls,0x5c08570d2ff0
5779,45,267,cdls,0x5c08570d2ff0
5780,27,189,cdls,0x5c08570d2ff0
5781,42,276,cdls,0x5c08570d2ff0
5782,72,306,cdls,0x5c08570d2ff0
5783,90,399,cdls,0x5c08570d2ff0
5784,57,369,cdls,0x5c08570d2ff0
5785,66,408,cdls,0x5c08570d2ff0
5786,66,399,cdls,0x5c08570d2ff0
5787,75,405,cdls,0x5c08570d2ff0
5788,87,477,cdls,0x5c08570d2ff0
5789,51,432,cdls,0x5c08570d2ff0
5790,81,435,cdls,0x5c08570d2ff0
5791,72,462,cdls,0x5c08570d2ff0
5792,138,480,cdls,0x5c08570d2ff0
5793,57,471,cdls,0x5c08570d2ff0
5794,81,579,cdls,0x5c08570d2ff0
5795,111,597,cdls,0x5c08570d2ff0
5796,51,513,cdls,0x5c08570d2ff0
5797,99,396,cdls,0x5c08570d2ff0
5798,75,297,cdls,0x5c08570d2ff0
5799,33,186,cdls,0x5c08570d2ff0
5800,60,564,cdls,0x5c08570d2ff0
5801,90,363,cdls,0x5c08570d2ff0
5802,93,375,cdls,0x5c08570d2ff0
5803,132,450,cdls,0x5c08570d2ff0
5804,93,468,cdls,0x5c08570d2ff0
5805,99,549,cdls,0x5c08570d2ff0
5806,156,552,cdls,0x5c08570d2ff0
5807,96,594,cdls,0x5c08570d2ff0
5808,33,231,cdls,0x5c08570d2ff0
5809,51,381,cdls,0x5c08570d2ff0
5810,30,204,cdls,0x5c08570d2ff0
5811,75,645,cdls,0x5c08570d2ff0
5812,105,495,cdls,0x5c08570d2ff0
5813,102,492,cdls,0x5c08570d2ff0
5814,75,465,cdls,0x5c08570d2ff0
5815,75,645,cdls,0x5c08570d2ff0
5816,81,387,cdls,0x5c08570d2ff0
5817,66,312,cdls,0x5c08570d2ff0
5818,33,207,cdls,0x5c08570d2ff0
5819,99,477,cdls,0x5c08570d2ff0
5820,99,441,cdls,0x5c08570d2ff0
5821,69,411,cdls,0x5c08570d2ff0
5822,21,195,cdls,0x5c08570d2ff0
5823,93,447,cdls,0x5c08570d2ff0
5824,69,225,cdls,0x5c08570d2ff0
5825,72,225,cdls,0x5c08570d2ff0
5826,108,366,cdls,0x5c08570d2ff0
5827,87,483,cdls,0x5c08570d2ff0
5828,87,255,cdls,0x5c08570d2ff0
5829,30,120,cdls,0x5c08570d2ff0
5830,72,213,cdls,0x5c08570d2ff0
5831,111,489,cdls,0x5c08570d2ff0
5832,63,399,cdls,0x5c08570d2ff0
5833,30,216,cdls,0x5c08570d2ff0
5834,66,300,cdls,0x5c08570d2ff0
5835,63,333,cdls,0x5c08570d2ff0
5836,57,279,cdls,0x5c08570d2ff0
5837,78,342,cdls,0x5c08570d2ff0
5838,42,234,cdls,0x5c08570d2ff0
5839,87,273,cdls,0x5c08570d2ff0
5840,72,234,cdls,0x5c08570d2ff0
5841,66,279,cdls,0x5c08570d2ff0
5842,66,333,cdls,0x5c08570d2ff0
5843,69,459,cdls,0x5c08570d2ff0
5844,102,534,cdls,0x5c08570d2ff0
5845,30,204,cdls,0x5c08570d2ff0
5846,60,366,cdls,0x5c08570d2ff0
5847,42,252,cdls,0x5c08570d2ff0
5848,69,291,cdls,0x5c08570d2ff0
5849,48,165,cdls,0x5c08570d2ff0
5850,30,198,cdls,0x5c08570d2ff0
5851,60,243,cdls,0x5c08570d2ff0
5852,33,120,cdls,0x5c08570d2ff0
5853,69,228,cdls,0x5c08570d2ff0
5854,42,234,cdls,0x5c08570d2ff0
5855,66,243,cdls,0x5c08570d2ff0
5856,36,243,cdls,0x5c08570d2ff0
5857,87,405,cdls,0x5c08570d2ff0
5858,87,369,cdls,0x5c08570d2ff0
5859,30,228,cdls,0x5c08570d2ff0
5860,90,480,cdls,0x5c08570d2ff0
5861,81,339,cdls,0x5c08570d2ff0
5862,69,387,cdls,0x5c08570d2ff0
5863,66,312,cdls,0x5c08570d2ff0
5864,87,249,cdls,0x5c08570d2ff0
5865,54,231,cdls,0x5c08570d2ff0
5866,39,213,cdls,0x5c08570d2ff0
5867,30,216,cdls,0x5c08570d2ff0
5868,36,141,cdls,0x5c08570d2ff0
5869,42,252,cdls,0x5c08570d2ff0
5870,39,138,cdls,0x5c08570d2ff0
5871,81,396,cdls,0x5c08570d2ff0
5872,87,369,cdls,0x5c08570d2ff0
5873,42,210,cdls,0x5c08570d2ff0
5874,120,423,cdls,0x5c08570d2ff0
5875,120,309,cdls,0x5c08570d2ff0
5876,54,198,cdls,0x5c08570d2ff0
5877,54,171,cdls,0x5c08570d2ff0
5878,66,321,cdls,0x5c08570d2ff0
5879,96,498,cdls,0x5c08570d2ff0
5880,102,315,cdls,0x5c08570d2ff0
5881,126,348,cdls,0x5c08570d2ff0
5882,36,222,cdls,0x5c08570d2ff0
5883,36,198,cdls,0x5c08570d2ff0
5884,27,195,cdls,0x5c08570d2ff0
5885,39,246,cdls,0x5c08570d2ff0
5886,129,306,cdls,0x5c08570d2ff0
5887,42,276,cdls,0x5c08570d2ff0
5888,51,225,cdls,0x5c08570d2ff0
5889,69,567,cdls,0x5c08570d2ff0
5890,84,450,cdls,0x5c08570d2ff0
5891,81,507,cdls,0x5c08570d2ff0
5892,141,699,cdls,0x5c08570d2ff0
5893,72,558,cdls,0x5c08570d2ff0
5894,93,639,cdls,0x5c08570d2ff0
5895,123,420,cdls,0x5c08570d2ff0
5896,84,582,cdls,0x5c08570d2ff0
5897,63,297,cdls,0x5c08570d2ff0
5898,69,255,cdls,0x5c08570d2ff0
5899,39,216,cdls,0x5c08570d2ff0
5900,105,567,cdls,0x5c08570d2ff0
5901,54,480,cdls,0x5c08570d2ff0
5902,63,693,cdls,0x5c08570d2ff0
5903,111,477,cdls,0x5c08570d2ff0
5904,78,375,cdls,0x5c08570d2ff0
5905,54,528,cdls,0x5c08570d2ff0
5906,39,225,cdls,0x5c08570d2ff0
5907,105,297,cdls,0x5c08570d2ff0
5908,87,246,cdls,0x5c08570d2ff0
5909,75,291,cdls,0x5c08570d2ff0
5910,54,195,cdls,0x5c08570d2ff0
5911,36,258,cdls,0x5c08570d2ff0
5912,81,327,cdls,0x5c08570d2ff0
5913,57,579,cdls,0x5c08570d2ff0
5914,27,213,cdls,0x5c08570d2ff0
5915,81,414,cdls,0x5c08570d2ff0
5916,45,207,cdls,0x5c08570d2ff0
5917,51,237,cdls,0x5c08570d2ff0
5918,93,300,cdls,0x5c08570d2ff0
5919,63,285,cdls,0x5c08570d2ff0
5920,30,228,cdls,0x5c08570d2ff0
5921,39,285,cdls,0x5c08570d2ff0
5922,30,228,cdls,0x5c08570d2ff0
5923,15,141,cdls,0x5c08570d2ff0
5924,72,378,cdls,0x5c08570d2ff0
5925,30,228,cdls,0x5c08570d2ff0
5926,30,228,cdls,0x5c08570d2ff0
5927,99,336,cdls,0x5c08570d2ff0
5928,72,354,cdls,0x5c08570d2ff0
5929,84,426,cdls,0x5c08570d2ff0
5930,87,369,cdls,0x5c08570d2ff0
5931,111,501,cdls,0x5c08570d2ff0
5932,78,396,cdls,0x5c08570d2ff0
5933,63,321,cdls,0x5c08570d2ff0
5934,90,324,cdls,0x5c08570d2ff0
5935,78,330,cdls,0x5c08570d2ff0
5936,93,303,cdls,0x5c08570d2ff0
5937,39,144,cdls,0x5c08570d2ff0
5938,84,498,cdls,0x5c08570d2ff0
5939,45,483,cdls,0x5c08570d2ff0
5940,123,429,cdls,0x5c08570d2ff0
5941,36,582,cdls,0x5c08570d2ff0
5942,63,204,cdls,0x5c08570d2ff0
5943,81,351,cdls,0x5c08570d2ff0
5944,60,213,cdls,0x5c08570d2ff0
5945,60,363,cdls,0x5c08570d2ff0
5946,90,267,cdls,0x5c08570d2ff0
5947,138,333,cdls,0x5c08570d2ff0
5948,66,429,cdls,0x5c08570d2ff0
5949,72,330,cdls,0x5c08570d2ff0
5950,177,417,cdls,0x5c08570d2ff0
5951,144,396,cdls,0x5c08570d2ff0
5952,108,426,cdls,0x5c08570d2ff0
5953,78,339,cdls,0x5c08570d2ff0
5954,111,456,cdls,0x5c08570d2ff0
5955,96,477,cdls,0x5c08570d2ff0
5956,72,510,cdls,0x5c08570d2ff0
5957,90,555,cdls,0x5c08570d2ff0
5958,33,516,cdls,0x5c08570d2ff0
5959,99,693,cdls,0x5c08570d2ff0
5960,54,288,cdls,0x5c08570d2ff0
5961,81,501,cdls,0x5c08570d2ff0
5962,84,300,cdls,0x5c08570d2ff0
5963,78,279,cdls,0x5c08570d2ff0
5964,60,270,cdls,0x5c08570d2ff0
5965,39,153,cdls,0x5c08570d2ff0
5966,51,375,cdls,0x5c08570d2ff0
5967,96,384,cdls,0x5c08570d2ff0
5968,72,402,cdls,0x5c08570d2ff0
5969,21,195,cdls,0x5c08570d2ff0
5970,102,348,cdls,0x5c08570d2ff0
5971,51,357,cdls,0x5c08570d2ff0
5972,18,168,cdls,0x5c08570d2ff0
5973,24,174,cdls,0x5c08570d2ff0
5974,42,252,cdls,0x5c08570d2ff0
5975,81,465,cdls,0x5c08570d2ff0
5976,87,453,cdls,0x5c08570d2ff0
5977,27,204,cdls,0x5c08570d2ff0
5978,90,336,cdls,0x5c08570d2ff0
5979,63,252,cdls,0x5c08570d2ff0
5980,57,255,cdls,0x5c08570d2ff0
5981,51,264,cdls,0x5c08570d2ff0
5982,36,270,cdls,0x5c08570d2ff0
5983,69,399,cdls,0x5c08570d2ff0
5984,69,315,cdls,0x5c08570d2ff0
5985,36,258,cdls,0x5c08570d2ff0
5986,24,162,cdls,0x5c08570d2ff0
5987,33,207,cdls,0x5c08570d2ff0
5988,99,354,cdls,0x5c08570d2ff0
5989,141,465,cdls,0x5c08570d2ff0
5990,51,189,cdls,0x5c08570d2ff0
5991,45,198,cdls,0x5c08570d2ff0
5992,186,348,cdls,0x5c08570d2ff0
5993,33,123,cdls,0x5c08570d2ff0
5994,30,96,cdls,0x5c08570d2ff0
5995,42,162,cdls,0x5c08570d2ff0
5996,21,135,cdls,0x5c08570d2ff0
5997,60,180,cdls,0x5c08570d2ff0
5998,105,279,cdls,0x5c08570d2ff0
5999,78,336,cdls,0x5c08570d2ff0
6000,93,543,cdls,0x5c08570d2ff0
6001,78,480,cdls,0x5c08570d2ff0
6002,30,216,cdls,0x5c08570d2ff0
6003,27,213,cdls,0x5c08570d2ff0
6004,51,225,cdls,0x5c08570d2ff0
6005,27,225,cdls,0x5c08570d2ff0
6006,48,210,cdls,0x5c08570d2ff0
6007,84,486,cdls,0x5c08570d2ff0
6008,30,228,cdls,0x5c08570d2ff0
6009,81,363,cdls,0x5c08570d2ff0
6010,21,195,cdls,0x5c08570d2ff0
6011,45,267,cdls,0x5c08570d2ff0
6012,48,270,cdls,0x5c08570d2ff0
6013,102,372,cdls,0x5c08570d2ff0
6014,57,255,cdls,0x5c08570d2ff0
6015,21,183,cdls,0x5c08570d2ff0
6016,60,282,cdls,0x5c08570d2ff0
6017,27,201,cdls,0x5c08570d2ff0
6018,75,345,cdls,0x5c08570d2ff0
6019,57,198,cdls,0x5c08570d2ff0
6020,24,210,cdls,0x5c08570d2ff0
6021,84,399,cdls,0x5c08570d2ff0
6022,30,204,cdls,0x5c08570d2ff0
6023,75,345,cdls,0x5c08570d2ff0
6024,69,315,cdls,0x5c08570d2ff0
6025,69,459,cdls,0x5c08570d2ff0
6026,141,366,cdls,0x5c08570d2ff0
6027,156,414,cdls,0x5c08570d2ff0
6028,66,576,cdls,0x5c08570d2ff0
6029,72,546,cdls,0x5c08570d2ff0
6030,111,339,cdls,0x5c08570d2ff0
6031,93,336,cdls,0x5c08570d2ff0
6032,78,297,cdls,0x5c08570d2ff0
6033,102,408,cdls,0x5c08570d2ff0
6034,33,174,cdls,0x5c08570d2ff0
6035,108,438,cdls,0x5c08570d2ff0
6036,54,408,cdls,0x5c08570d2ff0
6037,117,447,cdls,0x5c08570d2ff0
6038,27,201,cdls,0x5c08570d2ff0
6039,57,159,cdls,0x5c08570d2ff0
6040,33,189,cdls,0x5c08570d2ff0
6041,48,186,cdls,0x5c08570d2ff0
6042,63,276,cdls,0x5c08570d2ff0
6043,45,249,cdls,0x5c08570d2ff0
6044,105,288,cdls,0x5c08570d2ff0
6045,81,348,cdls,0x5c08570d2ff0
6046,90,249,cdls,0x5c08570d2ff0
6047,33,159,cdls,0x5c08570d2ff0
6048,60,225,cdls,0x5c08570d2ff0
6049,45,375,cdls,0x5c08570d2ff0
6050,24,147,cdls,0x5c08570d2ff0
6051,54,150,cdls,0x5c08570d2ff0
6052,66,255,cdls,0x5c08570d2ff0
6053,84,225,cdls,0x5c08570d2ff0
6054,33,222,cdls,0x5c08570d2ff0
6055,84,273,cdls,0x5c08570d2ff0
6056,111,279,cdls,0x5c08570d2ff0
6057,108,387,cdls,0x5c08570d2ff0
6058,87,318,cdls,0x5c08570d2ff0
6059,57,363,cdls,0x5c08570d2ff0
6060,27,177,cdls,0x5c08570d2ff0
6061,123,342,cdls,0x5c08570d2ff0
6062,105,351,cdls,0x5c08570d2ff0
6063,51,249,cdls,0x5c08570d2ff0
6064,48,270,cdls,0x5c08570d2ff0
6065,42,189,cdls,0x5c08570d2ff0
6066,30,159,cdls,0x5c08570d2ff0
6067,60,258,cdls,0x5c08570d2ff0
6068,57,387,cdls,0x5c08570d2ff0
6069,75,255,cdls,0x5c08570d2ff0
6070,102,303,cdls,0x5c08570d2ff0
6071,54,240,cdls,0x5c08570d2ff0
6072,57,339,cdls,0x5c08570d2ff0
6073,96,378,cdls,0x5c08570d2ff0
6074,39,258,cdls,0x5c08570d2ff0
6075,54,300,cdls,0x5c08570d2ff0
6076,78,336,cdls,0x5c08570d2ff0
6077,102,456,cdls,0x5c08570d2ff0
6078,30,360,cdls,0x5c08570d2ff0
6079,36,234,cdls,0x5c08570d2ff0
6080,57,210,cdls,0x5c08570d2ff0
6081,66,210,cdls,0x5c08570d2ff0
6082,48,270,cdls,0x5c08570d2ff0
6083,90,375,cdls,0x5c08570d2ff0
6084,63,357,cdls,0x5c08570d2ff0
6085,75,309,cdls,0x5c08570d2ff0
6086,87,381,cdls,0x5c08570d2ff0
6087,57,222,cdls,0x5c08570d2ff0
6088,21,183,cdls,0x5c08570d2ff0
6089,42,276,cdls,0x5c08570d2ff0
6090,30,204,cdls,0x5c08570d2ff0
6091,45,387,cdls,0x5c08570d2ff0
6092,75,333,cdls,0x5c08570d2ff0
6093,54,300,cdls,0x5c08570d2ff0
6094,36,234,cdls,0x5c08570d2ff0
6095,27,225,cdls,0x5c08570d2ff0
6096,21,195,cdls,0x5c08570d2ff0
6097,39,261,cdls,0x5c08570d2ff0
6098,57,231,cdls,0x5c08570d2ff0
6099,69,330,cdls,0x5c08570d2ff0
6100,54,240,cdls,0x5c08570d2ff0
6101,54,312,cdls,0x5c08570d2ff0
6102,54,228,cdls,0x5c08570d2ff0
6103,72,456,cdls,0x5c08570d2ff0
6104,81,339,cdls,0x5c08570d2ff0
6105,69,300,cdls,0x5c08570d2ff0
6106,33,126,cdls,0x5c08570d2ff0
6107,54,270,cdls,0x5c08570d2ff0
6108,72,258,cdls,0x5c08570d2ff0
6109,51,219,cdls,0x5c08570d2ff0
6110,39,198,cdls,0x5c08570d2ff0
6111,78,207,cdls,0x5c08570d2ff0
6112,36,135,cdls,0x5c08570d2ff0
6113,99,351,cdls,0x5c08570d2ff0
6114,30,120,cdls,0x5c08570d2ff0
6115,27,156,cdls,0x5c08570d2ff0
6116,48,246,cdls,0x5c08570d2ff0
6117,138,375,cdls,0x5c08570d2ff0
6118,39,225,cdls,0x5c08570d2ff0
6119,93,411,cdls,0x5c08570d2ff0
6120,42,168,cdls,0x5c08570d2ff0
6121,48,198,cdls,0x5c08570d2ff0
6122,36,141,cdls,0x5c08570d2ff0
6123,111,306,cdls,0x5c08570d2ff0
6124,78,291,cdls,0x5c08570d2ff0
6125,42,288,cdls,0x5c08570d2ff0
6126,57,384,cdls,0x5c08570d2ff0
6127,51,213,cdls,0x5c08570d2ff0
6128,87,393,cdls,0x5c08570d2ff0
6129,63,324,cdls,0x5c08570d2ff0
6130,42,249,cdls,0x5c08570d2ff0
6131,57,276,cdls,0x5c08570d2ff0
6132,33,135,cdls,0x5c08570d2ff0
6133,21,144,cdls,0x5c08570d2ff0
6134,84,291,cdls,0x5c08570d2ff0
6135,30,216,cdls,0x5c08570d2ff0
6136,54,312,cdls,0x5c08570d2ff0
6137,66,372,cdls,0x5c08570d2ff0
6138,117,357,cdls,0x5c08570d2ff0
6139,96,318,cdls,0x5c08570d2ff0
6140,60,297,cdls,0x5c08570d2ff0
6141,45,171,cdls,0x5c08570d2ff0
6142,60,195,cdls,0x5c08570d2ff0
6143,57,243,cdls,0x5c08570d2ff0
6144,87,381,cdls,0x5c08570d2ff0
6145,93,333,cdls,0x5c08570d2ff0
6146,63,267,cdls,0x5c08570d2ff0
6147,45,267,cdls,0x5c08570d2ff0
6148,42,258,cdls,0x5c08570d2ff0
6149,69,297,cdls,0x5c08570d2ff0
6150,36,150,cdls,0x5c08570d2ff0
6151,27,201,cdls,0x5c08570d2ff0
6152,78,336,cdls,0x5c08570d2ff0
6153,57,231,cdls,0x5c08570d2ff0
6154,78,384,cdls,0x5c08570d2ff0
6155,54,210,cdls,0x5c08570d2ff0
6156,63,345,cdls,0x5c08570d2ff0
6157,24,159,cdls,0x5c08570d2ff0
6158,132,339,cdls,0x5c08570d2ff0
6159,93,360,cdls,0x5c08570d2ff0
6160,42,357,cdls,0x5c08570d2ff0
6161,72,510,cdls,0x5c08570d2ff0
6162,108,363,cdls,0x5c08570d2ff0
6163,75,588,cdls,0x5c08570d2ff0
6164,18,156,cdls,0x5c08570d2ff0
6165,96,510,cdls,0x5c08570d2ff0
6166,69,327,cdls,0x5c08570d2ff0
6167,93,447,cdls,0x5c08570d2ff0
6168,141,444,cdls,0x5c08570d2ff0
6169,81,543,cdls,0x5c08570d2ff0
6170,123,429,cdls,0x5c08570d2ff0
6171,39,150,cdls,0x5c08570d2ff0
6172,60,252,cdls,0x5c08570d2ff0
6173,75,312,cdls,0x5c08570d2ff0
6174,153,537,cdls,0x5c08570d2ff0
6175,138,339,cdls,0x5c08570d2ff0
6176,90,615,cdls,0x5c08570d2ff0
6177,75,507,cdls,0x5c08570d2ff0
6178,45,411,cdls,0x5c08570d2ff0
6179,93,477,cdls,0x5c08570d2ff0
6180,75,585,cdls,0x5c08570d2ff0
6181,54,540,cdls,0x5c08570d2ff0
6182,117,351,cdls,0x5c08570d2ff0
6183,99,408,cdls,0x5c08570d2ff0
6184,126,429,cdls,0x5c08570d2ff0
6185,72,378,cdls,0x5c08570d2ff0
6186,90,660,cdls,0x5c08570d2ff0
6187,78,546,cdls,0x5c08570d2ff0
6188,81,444,cdls,0x5c08570d2ff0
6189,60,375,cdls,0x5c08570d2ff0
6190,57,630,cdls,0x5c08570d2ff0
6191,78,471,cdls,0x5c08570d2ff0
6192,87,438,cdls,0x5c08570d2ff0
6193,144,327,cdls,0x5c08570d2ff0
6194,78,552,cdls,0x5c08570d2ff0
6195,66,576,cdls,0x5c08570d2ff0
6196,105,471,cdls,0x5c08570d2ff0
6197,93,531,cdls,0x5c08570d2ff0
6198,69,624,cdls,0x5c08570d2ff0
6199,117,522,cdls,0x5c08570d2ff0
6200,84,591,cdls,0x5c08570d2ff0
6201,63,576,cdls,0x5c08570d2ff0
6202,78,504,cdls,0x5c08570d2ff0
6203,84,510,cdls,0x5c08570d2ff0
6204,42,213,cdls,0x5c08570d2ff0
6205,63,231,cdls,0x5c08570d2ff0
6206,69,411,cdls,0x5c08570d2ff0
6207,99,558,cdls,0x5c08570d2ff0
6208,66,288,cdls,0x5c08570d2ff0
6209,60,414,cdls,0x5c08570d2ff0
6210,87,381,cdls,0x5c08570d2ff0
6211,75,453,cdls,0x5c08570d2ff0
6212,102,456,cdls,0x5c08570d2ff0
6213,45,216,cdls,0x5c08570d2ff0
6214,60,219,cdls,0x5c08570d2ff0
6215,63,252,cdls,0x5c08570d2ff0
6216,96,450,cdls,0x5c08570d2ff0
6217,132,441,cdls,0x5c08570d2ff0
6218,96,447,cdls,0x5c08570d2ff0
6219,93,699,cdls,0x5c08570d2ff0
6220,45,435,cdls,0x5c08570d2ff0
6221,51,366,cdls,0x5c08570d2ff0
6222,87,528,cdls,0x5c08570d2ff0
6223,36,318,cdls,0x5c08570d2ff0
6224,66,576,cdls,0x5c08570d2ff0
6225,60,486,cdls,0x5c08570d2ff0
6226,42,153,cdls,0x5c08570d2ff0
6227,81,258,cdls,0x5c08570d2ff0
6228,87,264,cdls,0x5c08570d2ff0
6229,69,435,cdls,0x5c08570d2ff0
6230,57,387,cdls,0x5c08570d2ff0
6231,153,495,cdls,0x5c08570d2ff0
6232,96,471,cdls,0x5c08570d2ff0
6233,63,282,cdls,0x5c08570d2ff0
6234,60,225,cdls,0x5c08570d2ff0
6235,123,306,cdls,0x5c08570d2ff0
6236,75,465,cdls,0x5c08570d2ff0
6237,81,507,cdls,0x5c08570d2ff0
6238,72,504,cdls,0x5c08570d2ff0
6239,102,441,cdls,0x5c08570d2ff0
6240,81,531,cdls,0x5c08570d2ff0
6241,126,468,cdls,0x5c08570d2ff0
6242,69,591,cdls,0x5c08570d2ff0
6243,60,414,cdls,0x5c08570d2ff0
6244,48,474,cdls,0x5c08570d2ff0
6245,78,672,cdls,0x5c08570d2ff0
6246,105,519,cdls,0x5c08570d2ff0
6247,90,465,cdls,0x5c08570d2ff0
6248,126,507,cdls,0x5c08570d2ff0
6249,78,435,cdls,0x5c08570d2ff0
6250,102,369,cdls,0x5c08570d2ff0
6251,69,603,cdls,0x5c08570d2ff0
6252,51,729,cdls,0x5c08570d2ff0
6253,60,453,cdls,0x5c08570d2ff0
6254,87,531,cdls,0x5c08570d2ff0
6255,81,474,cdls,0x5c08570d2ff0
6256,102,357,cdls,0x5c08570d2ff0
6257,48,369,cdls,0x5c08570d2ff0
6258,54,375,cdls,0x5c08570d2ff0
6259,117,567,cdls,0x5c08570d2ff0
6260,99,441,cdls,0x5c08570d2ff0
6261,78,564,cdls,0x5c08570d2ff0
6262,57,633,cdls,0x5c08570d2ff0
6263,51,531,cdls,0x5c08570d2ff0
6264,105,471,cdls,0x5c08570d2ff0
6265,78,696,cdls,0x5c08570d2ff0
6266,96,618,cdls,0x5c08570d2ff0
6267,105,555,cdls,0x5c08570d2ff0
6268,60,570,cdls,0x5c08570d2ff0
6269,90,480,cdls,0x5c08570d2ff0
6270,45,615,cdls,0x5c08570d2ff0
6271,129,462,cdls,0x5c08570d2ff0
6272,144,363,cdls,0x5c08570d2ff0
6273,54,489,cdls,0x5c08570d2ff0
6274,102,492,cdls,0x5c08570d2ff0
6275,69,369,cdls,0x5c08570d2ff0
6276,45,543,cdls,0x5c08570d2ff0
6277,39,687,cdls,0x5c08570d2ff0
6278,60,609,cdls,0x5c08570d2ff0
6279,117,459,cdls,0x5c08570d2ff0
6280,45,636,cdls,0x5c08570d2ff0
6281,81,618,cdls,0x5c08570d2ff0
6282,39,729,cdls,0x5c08570d2ff0
6283,69,477,cdls,0x5c08570d2ff0
6284,60,762,cdls,0x5c08570d2ff0
6285,90,546,cdls,0x5c08570d2ff0
6286,111,525,cdls,0x5c08570d2ff0
6287,114,582,cdls,0x5c08570d2ff0
6288,51,777,cdls,0x5c08570d2ff0
6289,45,516,cdls,0x5c08570d2ff0
6290,96,492,cdls,0x5c08570d2ff0
6291,57,651,cdls,0x5c08570d2ff0
6292,108,582,cdls,0x5c08570d2ff0
6293,63,576,cdls,0x5c08570d2ff0
6294,51,558,cdls,0x5c08570d2ff0
6295,96,612,cdls,0x5c08570d2ff0
6296,72,618,cdls,0x5c08570d2ff0
6297,78,651,cdls,0x5c08570d2ff0
6298,75,771,cdls,0x5c08570d2ff0
6299,54,804,cdls,0x5c08570d2ff0
6300,63,639,cdls,0x5c08570d2ff0
6301,117,414,cdls,0x5c08570d2ff0
6302,87,369,cdls,0x5c08570d2ff0
6303,99,297,cdls,0x5c08570d2ff0
6304,108,318,cdls,0x5c08570d2ff0
6305,57,315,cdls,0x5c08570d2ff0
6306,90,369,cdls,0x5c08570d2ff0
6307,57,462,cdls,0x5c08570d2ff0
6308,51,426,cdls,0x5c08570d2ff0
6309,105,378,cdls,0x5c08570d2ff0
6310,117,531,cdls,0x5c08570d2ff0
6311,132,630,cdls,0x5c08570d2ff0
6312,18,123,cdls,0x5c08570d2ff0
6313,126,627,cdls,0x5c08570d2ff0
6314,123,381,cdls,0x5c08570d2ff0
6315,48,372,cdls,0x5c08570d2ff0
6316,96,537,cdls,0x5c08570d2ff0
6317,57,705,cdls,0x5c08570d2ff0
6318,90,486,cdls,0x5c08570d2ff0
6319,93,369,cdls,0x5c08570d2ff0
6320,111,324,cdls,0x5c08570d2ff0
6321,33,123,cdls,0x5c08570d2ff0
6322,27,93,cdls,0x5c08570d2ff0
6323,63,186,cdls,0x5c08570d2ff0
6324,45,135,cdls,0x5c08570d2ff0
6325,129,348,cdls,0x5c08570d2ff0
6326,102,423,cdls,0x5c08570d2ff0
6327,78,339,cdls,0x5c08570d2ff0
6328,111,501,cdls,0x5c08570d2ff0
6329,69,504,cdls,0x5c08570d2ff0
6330,147,453,cdls,0x5c08570d2ff0
6331,108,417,cdls,0x5c08570d2ff0
6332,57,243,cdls,0x5c08570d2ff0
6333,45,195,cdls,0x5c08570d2ff0
6334,42,237,cdls,0x5c08570d2ff0
6335,132,327,cdls,0x5c08570d2ff0
6336,114,258,cdls,0x5c08570d2ff0
6337,66,210,cdls,0x5c08570d2ff0
6338,48,183,cdls,0x5c08570d2ff0
6339,42,240,cdls,0x5c08570d2ff0
6340,21,138,cdls,0x5c08570d2ff0
6341,96,297,cdls,0x5c08570d2ff0
6342,102,423,cdls,0x5c08570d2ff0
6343,57,561,cdls,0x5c08570d2ff0
6344,33,366,cdls,0x5c08570d2ff0
6345,66,579,cdls,0x5c08570d2ff0
6346,123,432,cdls,0x5c08570d2ff0
6347,129,402,cdls,0x5c08570d2ff0
6348,93,378,cdls,0x5c08570d2ff0
6349,102,447,cdls,0x5c08570d2ff0
6350,96,465,cdls,0x5c08570d2ff0
6351,39,513,cdls,0x5c08570d2ff0
6352,81,480,cdls,0x5c08570d2ff0
6353,60,414,cdls,0x5c08570d2ff0
6354,105,558,cdls,0x5c08570d2ff0
6355,51,612,cdls,0x5c08570d2ff0
6356,45,648,cdls,0x5c08570d2ff0
6357,117,465,cdls,0x5c08570d2ff0
6358,27,504,cdls,0x5c08570d2ff0
6359,63,549,cdls,0x5c08570d2ff0
6360,75,546,cdls,0x5c08570d2ff0
6361,144,567,cdls,0x5c08570d2ff0
6362,111,843,cdls,0x5c08570d2ff0
6363,51,486,cdls,0x5c08570d2ff0
6364,39,585,cdls,0x5c08570d2ff0
6365,45,576,cdls,0x5c08570d2ff0
6366,105,714,cdls,0x5c08570d2ff0
6367,30,618,cdls,0x5c08570d2ff0
6368,69,516,cdls,0x5c08570d2ff0
6369,60,690,cdls,0x5c08570d2ff0
6370,57,567,cdls,0x5c08570d2ff0
6371,87,477,cdls,0x5c08570d2ff0
6372,54,423,cdls,0x5c08570d2ff0
6373,57,468,cdls,0x5c08570d2ff0
6374,114,351,cdls,0x5c08570d2ff0
6375,75,381,cdls,0x5c08570d2ff0
6376,69,363,cdls,0x5c08570d2ff0
6377,111,660,cdls,0x5c08570d2ff0
6378,60,615,cdls,0x5c08570d2ff0
6379,90,441,cdls,0x5c08570d2ff0
6380,72,510,cdls,0x5c08570d2ff0
6381,126,492,cdls,0x5c08570d2ff0
6382,81,669,cdls,0x5c08570d2ff0
6383,60,567,cdls,0x5c08570d2ff0
6384,54,615,cdls,0x5c08570d2ff0
6385,48,393,cdls,0x5c08570d2ff0
6386,129,525,cdls,0x5c08570d2ff0
6387,117,387,cdls,0x5c08570d2ff0
6388,102,486,cdls,0x5c08570d2ff0
6389,84,375,cdls,0x5c08570d2ff0
6390,54,444,cdls,0x5c08570d2ff0
6391,99,573,cdls,0x5c08570d2ff0
6392,93,459,cdls,0x5c08570d2ff0
6393,45,420,cdls,0x5c08570d2ff0
6394,54,624,cdls,0x5c08570d2ff0
6395,30,480,cdls,0x5c08570d2ff0
6396,171,432,cdls,0x5c08570d2ff0
6397,99,435,cdls,0x5c08570d2ff0
6398,42,525,cdls,0x5c08570d2ff0
6399,66,561,cdls,0x5c08570d2ff0
6400,105,315,cdls,0x5c08570d2ff0
6401,66,384,cdls,0x5c08570d2ff0
6402,78,564,cdls,0x5c08570d2ff0
6403,123,411,cdls,0x5c08570d2ff0
6404,108,534,cdls,0x5c08570d2ff0
6405,51,525,cdls,0x5c08570d2ff0
6406,48,417,cdls,0x5c08570d2ff0
6407,42,333,cdls,0x5c08570d2ff0
6408,78,354,cdls,0x5c08570d2ff0
6409,120,477,cdls,0x5c08570d2ff0
6410,105,402,cdls,0x5c08570d2ff0
6411,72,498,cdls,0x5c08570d2ff0
6412,69,675,cdls,0x5c08570d2ff0
6413,24,657,cdls,0x5c08570d2ff0
6414,93,426,cdls,0x5c08570d2ff0
6415,81,534,cdls,0x5c08570d2ff0
6416,66,477,cdls,0x5c08570d2ff0
6417,132,678,cdls,0x5c08570d2ff0
6418,51,546,cdls,0x5c08570d2ff0
6419,75,492,cdls,0x5c08570d2ff0
6420,75,534,cdls,0x5c08570d2ff0
6421,63,552,cdls,0x5c08570d2ff0
6422,48,531,cdls,0x5c08570d2ff0
6423,93,552,cdls,0x5c08570d2ff0
6424,57,243,cdls,0x5c08570d2ff0
6425,108,372,cdls,0x5c08570d2ff0
6426,33,132,cdls,0x5c08570d2ff0
6427,81,273,cdls,0x5c08570d2ff0
6428,69,261,cdls,0x5c08570d2ff0
6429,96,312,cdls,0x5c08570d2ff0
6430,45,177,cdls,0x5c08570d2ff0
6431,42,168,cdls,0x5c08570d2ff0
6432,15,111,cdls,0x5c08570d2ff0
6433,78,504,cdls,0x5c08570d2ff0
6434,21,138,cdls,0x5c08570d2ff0
6435,99,429,cdls,0x5c08570d2ff0
6436,114,408,cdls,0x5c08570d2ff0
6437,24,198,cdls,0x5c08570d2ff0
6438,18,144,cdls,0x5c08570d2ff0
6439,60,294,cdls,0x5c08570d2ff0
6440,42,288,cdls,0x5c08570d2ff0
6441,75,417,cdls,0x5c08570d2ff0
6442,75,360,cdls,0x5c08570d2ff0
6443,18,141,cdls,0x5c08570d2ff0
6444,162,402,cdls,0x5c08570d2ff0
6445,69,303,cdls,0x5c08570d2ff0
6446,66,210,cdls,0x5c08570d2ff0
6447,93,273,cdls,0x5c08570d2ff0
6448,84,312,cdls,0x5c08570d2ff0
6449,63,216,cdls,0x5c08570d2ff0
6450,90,444,cdls,0x5c08570d2ff0
6451,69,303,cdls,0x5c08570d2ff0
6452,96,321,cdls,0x5c08570d2ff0
6453,39,225,cdls,0x5c08570d2ff0
6454,93,384,cdls,0x5c08570d2ff0
6455,75,327,cdls,0x5c08570d2ff0
6456,162,369,cdls,0x5c08570d2ff0
6457,63,345,cdls,0x5c08570d2ff0
6458,78,255,cdls,0x5c08570d2ff0
6459,93,588,cdls,0x5c08570d2ff0
6460,90,327,cdls,0x5c08570d2ff0
6461,60,498,cdls,0x5c08570d2ff0
6462,153,483,cdls,0x5c08570d2ff0
6463,66,339,cdls,0x5c08570d2ff0
6464,78,642,cdls,0x5c08570d2ff0
6465,132,330,cdls,0x5c08570d2ff0
6466,123,423,cdls,0x5c08570d2ff0
6467,42,147,cdls,0x5c08570d2ff0
6468,39,186,cdls,0x5c08570d2ff0
6469,87,321,cdls,0x5c08570d2ff0
6470,63,321,cdls,0x5c08570d2ff0
6471,60,285,cdls,0x5c08570d2ff0
6472,63,216,cdls,0x5c08570d2ff0
6473,84,327,cdls,0x5c08570d2ff0
6474,72,318,cdls,0x5c08570d2ff0
6475,99,381,cdls,0x5c08570d2ff0
6476,90,381,cdls,0x5c08570d2ff0
6477,99,306,cdls,0x5c08570d2ff0
6478,96,378,cdls,0x5c08570d2ff0
6479,135,324,cdls,0x5c08570d2ff0
6480,150,402,cdls,0x5c08570d2ff0
6481,99,597,cdls,0x5c08570d2ff0
6482,84,510,cdls,0x5c08570d2ff0
6483,81,444,cdls,0x5c08570d2ff0
6484,63,369,cdls,0x5c08570d2ff0
6485,96,402,cdls,0x5c08570d2ff0
6486,66,384,cdls,0x5c08570d2ff0
6487,36,210,cdls,0x5c08570d2ff0
6488,72,228,cdls,0x5c08570d2ff0
6489,60,237,cdls,0x5c08570d2ff0
6490,84,267,cdls,0x5c08570d2ff0
6491,90,318,cdls,0x5c08570d2ff0
6492,123,429,cdls,0x5c08570d2ff0
6493,99,621,cdls,0x5c08570d2ff0
6494,111,429,cdls,0x5c08570d2ff0
6495,108,432,cdls,0x5c08570d2ff0
6496,48,441,cdls,0x5c08570d2ff0
6497,93,387,cdls,0x5c08570d2ff0
6498,84,402,cdls,0x5c08570d2ff0
6499,48,330,cdls,0x5c08570d2ff0
6500,75,321,cdls,0x5c08570d2ff0
6501,69,399,cdls,0x5c08570d2ff0
6502,132,441,cdls,0x5c08570d2ff0
6503,90,468,cdls,0x5c08570d2ff0
6504,96,315,cdls,0x5c08570d2ff0
6505,39,267,cdls,0x5c08570d2ff0
6506,96,267,cdls,0x5c08570d2ff0
6507,108,357,cdls,0x5c08570d2ff0
6508,129,525,cdls,0x5c08570d2ff0
6509,90,408,cdls,0x5c08570d2ff0
6510,96,471,cdls,0x5c08570d2ff0
6511,54,552,cdls,0x5c08570d2ff0
6512,99,468,cdls,0x5c08570d2ff0
6513,69,459,cdls,0x5c08570d2ff0
6514,84,381,cdls,0x5c08570d2ff0
6515,93,420,cdls,0x5c08570d2ff0
6516,72,390,cdls,0x5c08570d2ff0
6517,21,171,cdls,0x5c08570d2ff0
6518,51,330,cdls,0x5c08570d2ff0
6519,54,210,cdls,0x5c08570d2ff0
6520,51,309,cdls,0x5c08570d2ff0
6521,60,465,cdls,0x5c08570d2ff0
6522,63,465,cdls,0x5c08570d2ff0
6523,111,333,cdls,0x5c08570d2ff0
6524,81,522,cdls,0x5c08570d2ff0
6525,84,498,cdls,0x5c08570d2ff0
6526,123,522,cdls,0x5c08570d2ff0
6527,63,270,cdls,0x5c08570d2ff0
6528,57,315,cdls,0x5c08570d2ff0
6529,60,279,cdls,0x5c08570d2ff0
6530,75,261,cdls,0x5c08570d2ff0
6531,42,345,cdls,0x5c08570d2ff0
6532,87,501,cdls,0x5c08570d2ff0
6533,48,546,cdls,0x5c08570d2ff0
6534,96,423,cdls,0x5c08570d2ff0
6535,81,531,cdls,0x5c08570d2ff0
6536,45,243,cdls,0x5c08570d2ff0
6537,51,381,cdls,0x5c08570d2ff0
6538,69,459,cdls,0x5c08570d2ff0
6539,69,519,cdls,0x5c08570d2ff0
6540,45,291,cdls,0x5c08570d2ff0
6541,135,429,cdls,0x5c08570d2ff0
6542,75,345,cdls,0x5c08570d2ff0
6543,57,585,cdls,0x5c08570d2ff0
6544,81,456,cdls,0x5c08570d2ff0
6545,30,549,cdls,0x5c08570d2ff0
6546,114,648,cdls,0x5c08570d2ff0
6547,54,444,cdls,0x5c08570d2ff0
6548,90,429,cdls,0x5c08570d2ff0
6549,57,255,cdls,0x5c08570d2ff0
6550,57,315,cdls,0x5c08570d2ff0
6551,87,492,cdls,0x5c08570d2ff0
6552,111,552,cdls,0x5c08570d2ff0
6553,96,519,cdls,0x5c08570d2ff0
6554,87,474,cdls,0x5c08570d2ff0
6555,78,504,cdls,0x5c08570d2ff0
6556,45,660,cdls,0x5c08570d2ff0
6557,102,684,cdls,0x5c08570d2ff0
6558,90,342,cdls,0x5c08570d2ff0
6559,78,528,cdls,0x5c08570d2ff0
6560,87,240,cdls,0x5c08570d2ff0
6561,54,279,cdls,0x5c08570d2ff0
6562,54,228,cdls,0x5c08570d2ff0
6563,135,339,cdls,0x5c08570d2ff0
6564,72,570,cdls,0x5c08570d2ff0
6565,93,555,cdls,0x5c08570d2ff0
6566,69,495,cdls,0x5c08570d2ff0
6567,156,453,cdls,0x5c08570d2ff0
6568,69,312,cdls,0x5c08570d2ff0
6569,57,471,cdls,0x5c08570d2ff0
6570,72,516,cdls,0x5c08570d2ff0
6571,96,441,cdls,0x5c08570d2ff0
6572,93,576,cdls,0x5c08570d2ff0
6573,78,516,cdls,0x5c08570d2ff0
6574,123,315,cdls,0x5c08570d2ff0
6575,96,441,cdls,0x5c08570d2ff0
6576,42,468,cdls,0x5c08570d2ff0
6577,108,465,cdls,0x5c08570d2ff0
6578,123,564,cdls,0x5c08570d2ff0
6579,93,423,cdls,0x5c08570d2ff0
6580,81,498,cdls,0x5c08570d2ff0
6581,96,570,cdls,0x5c08570d2ff0
6582,147,384,cdls,0x5c08570d2ff0
6583,84,519,cdls,0x5c08570d2ff0
6584,117,369,cdls,0x5c08570d2ff0
6585,72,396,cdls,0x5c08570d2ff0
6586,93,450,cdls,0x5c08570d2ff0
6587,75,438,cdls,0x5c08570d2ff0
6588,117,375,cdls,0x5c08570d2ff0
6589,24,174,cdls,0x5c08570d2ff0
6590,21,183,cdls,0x5c08570d2ff0
6591,81,408,cdls,0x5c08570d2ff0
6592,39,225,cdls,0x5c08570d2ff0
6593,69,303,cdls,0x5c08570d2ff0
6594,87,450,cdls,0x5c08570d2ff0
6595,105,447,cdls,0x5c08570d2ff0
6596,75,597,cdls,0x5c08570d2ff0
6597,69,465,cdls,0x5c08570d2ff0
6598,72,525,cdls,0x5c08570d2ff0
6599,111,462,cdls,0x5c08570d2ff0
6600,66,414,cdls,0x5c08570d2ff0
6601,60,390,cdls,0x5c08570d2ff0
6602,93,567,cdls,0x5c08570d2ff0
6603,81,582,cdls,0x5c08570d2ff0
6604,111,423,cdls,0x5c08570d2ff0
6605,150,432,cdls,0x5c08570d2ff0
6606,54,660,cdls,0x5c08570d2ff0
6607,60,426,cdls,0x5c08570d2ff0
6608,21,183,cdls,0x5c08570d2ff0
6609,78,309,cdls,0x5c08570d2ff0
6610,72,213,cdls,0x5c08570d2ff0
6611,111,351,cdls,0x5c08570d2ff0
6612,60,246,cdls,0x5c08570d2ff0
6613,156,468,cdls,0x5c08570d2ff0
6614,51,183,cdls,0x5c08570d2ff0
6615,87,294,cdls,0x5c08570d2ff0
6616,90,363,cdls,0x5c08570d2ff0
6617,156,333,cdls,0x5c08570d2ff0
6618,36,198,cdls,0x5c08570d2ff0
6619,36,138,cdls,0x5c08570d2ff0
6620,36,195,cdls,0x5c08570d2ff0
6621,48,183,cdls,0x5c08570d2ff0
6622,36,246,cdls,0x5c08570d2ff0
6623,60,315,cdls,0x5c08570d2ff0
6624,24,162,cdls,0x5c08570d2ff0
6625,90,384,cdls,0x5c08570d2ff0
6626,42,276,cdls,0x5c08570d2ff0
6627,114,429,cdls,0x5c08570d2ff0
6628,120,471,cdls,0x5c08570d2ff0
6629,69,429,cdls,0x5c08570d2ff0
6630,60,351,cdls,0x5c08570d2ff0
6631,117,333,cdls,0x5c08570d2ff0
6632,54,366,cdls,0x5c08570d2ff0
6633,42,264,cdls,0x5c08570d2ff0
6634,72,372,cdls,0x5c08570d2ff0
6635,159,375,cdls,0x5c08570d2ff0
6636,63,393,cdls,0x5c08570d2ff0
6637,102,540,cdls,0x5c08570d2ff0
6638,111,468,cdls,0x5c08570d2ff0
6639,141,435,cdls,0x5c08570d2ff0
6640,87,381,cdls,0x5c08570d2ff0
6641,81,483,cdls,0x5c08570d2ff0
6642,81,423,cdls,0x5c08570d2ff0
6643,51,333,cdls,0x5c08570d2ff0
6644,147,372,cdls,0x5c08570d2ff0
6645,111,543,cdls,0x5c08570d2ff0
6646,93,387,cdls,0x5c08570d2ff0
6647,60,219,cdls,0x5c08570d2ff0
6648,21,183,cdls,0x5c08570d2ff0
6649,66,318,cdls,0x5c08570d2ff0
6650,57,219,cdls,0x5c08570d2ff0
6651,87,414,cdls,0x5c08570d2ff0
6652,39,345,cdls,0x5c08570d2ff0
6653,69,387,cdls,0x5c08570d2ff0
6654,66,324,cdls,0x5c08570d2ff0
6655,69,402,cdls,0x5c08570d2ff0
6656,75,498,cdls,0x5c08570d2ff0
6657,132,636,cdls,0x5c08570d2ff0
6658,84,606,cdls,0x5c08570d2ff0
6659,96,486,cdls,0x5c08570d2ff0
6660,120,510,cdls,0x5c08570d2ff0
6661,105,375,cdls,0x5c08570d2ff0
6662,78,465,cdls,0x5c08570d2ff0
6663,78,513,cdls,0x5c08570d2ff0
6664,69,390,cdls,0x5c08570d2ff0
6665,87,600,cdls,0x5c08570d2ff0
6666,102,531,cdls,0x5c08570d2ff0
6667,57,525,cdls,0x5c08570d2ff0
6668,57,609,cdls,0x5c08570d2ff0
6669,39,456,cdls,0x5c08570d2ff0
6670,93,735,cdls,0x5c08570d2ff0
6671,60,738,cdls,0x5c08570d2ff0
6672,54,717,cdls,0x5c08570d2ff0
6673,114,567,cdls,0x5c08570d2ff0
6674,54,561,cdls,0x5c08570d2ff0
6675,87,282,cdls,0x5c08570d2ff0
6676,21,195,cdls,0x5c08570d2ff0
6677,51,297,cdls,0x5c08570d2ff0
6678,39,249,cdls,0x5c08570d2ff0
6679,78,303,cdls,0x5c08570d2ff0
6680,39,417,cdls,0x5c08570d2ff0
6681,69,420,cdls,0x5c08570d2ff0
6682,72,444,cdls,0x5c08570d2ff0
6683,66,300,cdls,0x5c08570d2ff0
6684,72,423,cdls,0x5c08570d2ff0
6685,60,642,cdls,0x5c08570d2ff0
6686,60,405,cdls,0x5c08570d2ff0
6687,93,525,cdls,0x5c08570d2ff0
6688,93,522,cdls,0x5c08570d2ff0
6689,57,555,cdls,0x5c08570d2ff0
6690,63,426,cdls,0x5c08570d2ff0
6691,129,426,cdls,0x5c08570d2ff0
6692,108,483,cdls,0x5c08570d2ff0
6693,114,480,cdls,0x5c08570d2ff0
6694,48,441,cdls,0x5c08570d2ff0
6695,99,486,cdls,0x5c08570d2ff0
6696,57,663,cdls,0x5c08570d2ff0
6697,90,465,cdls,0x5c08570d2ff0
6698,54,537,cdls,0x5c08570d2ff0
6699,87,567,cdls,0x5c08570d2ff0
6700,60,678,cdls,0x5c08570d2ff0
6701,93,669,cdls,0x5c08570d2ff0
6702,105,555,cdls,0x5c08570d2ff0
6703,111,576,cdls,0x5c08570d2ff0
6704,81,630,cdls,0x5c08570d2ff0
6705,90,462,cdls,0x5c08570d2ff0
6706,96,573,cdls,0x5c08570d2ff0
6707,108,474,cdls,0x5c08570d2ff0
6708,60,588,cdls,0x5c08570d2ff0
6709,60,555,cdls,0x5c08570d2ff0
6710,147,456,cdls,0x5c08570d2ff0
6711,96,441,cdls,0x5c08570d2ff0
6712,126,288,cdls,0x5c08570d2ff0
6713,30,135,cdls,0x5c08570d2ff0
6714,111,384,cdls,0x5c08570d2ff0
6715,36,195,cdls,0x5c08570d2ff0
6716,78,660,cdls,0x5c08570d2ff0
6717,81,507,cdls,0x5c08570d2ff0
6718,39,357,cdls,0x5c08570d2ff0
6719,87,357,cdls,0x5c08570d2ff0
6720,81,375,cdls,0x5c08570d2ff0
6721,63,609,cdls,0x5c08570d2ff0
6722,48,630,cdls,0x5c08570d2ff0
6723,57,558,cdls,0x5c08570d2ff0
6724,129,417,cdls,0x5c08570d2ff0
6725,54,573,cdls,0x5c08570d2ff0
6726,111,378,cdls,0x5c08570d2ff0
6727,108,357,cdls,0x5c08570d2ff0
6728,123,597,cdls,0x5c08570d2ff0
6729,114,420,cdls,0x5c08570d2ff0
6730,108,450,cdls,0x5c08570d2ff0
6731,138,408,cdls,0x5c08570d2ff0
6732,84,540,cdls,0x5c08570d2ff0
6733,81,687,cdls,0x5c08570d2ff0
6734,36,534,cdls,0x5c08570d2ff0
6735,117,519,cdls,0x5c08570d2ff0
6736,108,726,cdls,0x5c08570d2ff0
6737,42,777,cdls,0x5c08570d2ff0
6738,66,564,cdls,0x5c08570d2ff0
6739,90,564,cdls,0x5c08570d2ff0
6740,108,390,cdls,0x5c08570d2ff0
6741,45,495,cdls,0x5c08570d2ff0
6742,123,441,cdls,0x5c08570d2ff0
6743,75,729,cdls,0x5c08570d2ff0
6744,48,702,cdls,0x5c08570d2ff0
6745,57,387,cdls,0x5c08570d2ff0
6746,87,477,cdls,0x5c08570d2ff0
6747,60,522,cdls,0x5c08570d2ff0
6748,63,513,cdls,0x5c08570d2ff0
6749,66,552,cdls,0x5c08570d2ff0
6750,108,534,cdls,0x5c08570d2ff0
6751,129,444,cdls,0x5c08570d2ff0
6752,36,315,cdls,0x5c08570d2ff0
6753,66,504,cdls,0x5c08570d2ff0
6754,93,567,cdls,0x5c08570d2ff0
6755,72,582,cdls,0x5c08570d2ff0
6756,48,546,cdls,0x5c08570d2ff0
6757,96,366,cdls,0x5c08570d2ff0
6758,18,123,cdls,0x5c08570d2ff0
6759,21,153,cdls,0x5c08570d2ff0
6760,63,345,cdls,0x5c08570d2ff0
6761,60,270,cdls,0x5c08570d2ff0
6762,105,351,cdls,0x5c08570d2ff0
6763,120,354,cdls,0x5c08570d2ff0
6764,54,252,cdls,0x5c08570d2ff0
6765,51,297,cdls,0x5c08570d2ff0
6766,36,222,cdls,0x5c08570d2ff0
6767,69,297,cdls,0x5c08570d2ff0
6768,66,309,cdls,0x5c08570d2ff0
6769,36,246,cdls,0x5c08570d2ff0
6770,27,225,cdls,0x5c08570d2ff0
6771,60,282,cdls,0x5c08570d2ff0
6772,117,483,cdls,0x5c08570d2ff0
6773,36,354,cdls,0x5c08570d2ff0
6774,87,357,cdls,0x5c08570d2ff0
6775,87,525,cdls,0x5c08570d2ff0
6776,87,309,cdls,0x5c08570d2ff0
6777,72,279,cdls,0x5c08570d2ff0
6778,99,336,cdls,0x5c08570d2ff0
6779,24,186,cdls,0x5c08570d2ff0
6780,36,414,cdls,0x5c08570d2ff0
6781,21,195,cdls,0x5c08570d2ff0
6782,78,447,cdls,0x5c08570d2ff0
6783,93,477,cdls,0x5c08570d2ff0
6784,42,276,cdls,0x5c08570d2ff0
6785,36,516,cdls,0x5c08570d2ff0
6786,39,177,cdls,0x5c08570d2ff0
6787,99,585,cdls,0x5c08570d2ff0
6788,57,531,cdls,0x5c08570d2ff0
6789,99,621,cdls,0x5c08570d2ff0
6790,57,687,cdls,0x5c08570d2ff0
6791,96,450,cdls,0x5c08570d2ff0
6792,45,531,cdls,0x5c08570d2ff0
6793,69,519,cdls,0x5c08570d2ff0
6794,120,474,cdls,0x5c08570d2ff0
6795,54,531,cdls,0x5c08570d2ff0
6796,63,687,cdls,0x5c08570d2ff0
6797,51,669,cdls,0x5c08570d2ff0
6798,111,561,cdls,0x5c08570d2ff0
6799,81,459,cdls,0x5c08570d2ff0
6800,45,723,cdls,0x5c08570d2ff0
6801,99,597,cdls,0x5c08570d2ff0
6802,27,456,cdls,0x5c08570d2ff0
6803,102,696,cdls,0x5c08570d2ff0
6804,51,465,cdls,0x5c08570d2ff0
6805,126,552,cdls,0x5c08570d2ff0
6806,81,651,cdls,0x5c08570d2ff0
6807,102,564,cdls,0x5c08570d2ff0
6808,81,555,cdls,0x5c08570d2ff0
6809,123,561,cdls,0x5c08570d2ff0
6810,33,579,cdls,0x5c08570d2ff0
6811,54,612,cdls,0x5c08570d2ff0
6812,96,558,cdls,0x5c08570d2ff0
6813,72,678,cdls,0x5c08570d2ff0
6814,66,636,cdls,0x5c08570d2ff0
6815,45,663,cdls,0x5c08570d2ff0
6816,75,621,cdls,0x5c08570d2ff0
6817,51,633,cdls,0x5c08570d2ff0
6818,45,651,cdls,0x5c08570d2ff0
6819,45,423,cdls,0x5c08570d2ff0
6820,54,504,cdls,0x5c08570d2ff0
6821,96,570,cdls,0x5c08570d2ff0
6822,81,519,cdls,0x5c08570d2ff0
6823,39,465,cdls,0x5c08570d2ff0
6824,60,546,cdls,0x5c08570d2ff0
6825,63,444,cdls,0x5c08570d2ff0
6826,81,408,cdls,0x5c08570d2ff0
6827,117,312,cdls,0x5c08570d2ff0
6828,60,234,cdls,0x5c08570d2ff0
6829,108,330,cdls,0x5c08570d2ff0
6830,36,222,cdls,0x5c08570d2ff0
6831,90,432,cdls,0x5c08570d2ff0
6832,42,360,cdls,0x5c08570d2ff0
6833,57,657,cdls,0x5c08570d2ff0
6834,111,579,cdls,0x5c08570d2ff0
6835,45,303,cdls,0x5c08570d2ff0
6836,105,342,cdls,0x5c08570d2ff0
6837,150,468,cdls,0x5c08570d2ff0
6838,57,288,cdls,0x5c08570d2ff0
6839,42,300,cdls,0x5c08570d2ff0
6840,30,153,cdls,0x5c08570d2ff0
6841,99,357,cdls,0x5c08570d2ff0
6842,78,405,cdls,0x5c08570d2ff0
6843,93,468,cdls,0x5c08570d2ff0
6844,75,453,cdls,0x5c08570d2ff0
6845,72,600,cdls,0x5c08570d2ff0
6846,72,510,cdls,0x5c08570d2ff0
6847,90,348,cdls,0x5c08570d2ff0
6848,117,363,cdls,0x5c08570d2ff0
6849,105,567,cdls,0x5c08570d2ff0
6850,90,492,cdls,0x5c08570d2ff0
6851,84,498,cdls,0x5c08570d2ff0
6852,84,354,cdls,0x5c08570d2ff0
6853,90,303,cdls,0x5c08570d2ff0
6854,78,273,cdls,0x5c08570d2ff0
6855,51,612,cdls,0x5c08570d2ff0
6856,123,417,cdls,0x5c08570d2ff0
6857,54,570,cdls,0x5c08570d2ff0
6858,36,441,cdls,0x5c08570d2ff0
6859,48,558,cdls,0x5c08570d2ff0
6860,54,564,cdls,0x5c08570d2ff0
6861,78,495,cdls,0x5c08570d2ff0
6862,84,594,cdls,0x5c08570d2ff0
6863,87,498,cdls,0x5c08570d2ff0
6864,81,396,cdls,0x5c08570d2ff0
6865,45,699,cdls,0x5c08570d2ff0
6866,75,597,cdls,0x5c08570d2ff0
6867,90,456,cdls,0x5c08570d2ff0
6868,66,504,cdls,0x5c08570d2ff0
6869,78,492,cdls,0x5c08570d2ff0
6870,93,459,cdls,0x5c08570d2ff0
6871,90,435,cdls,0x5c08570d2ff0
6872,72,435,cdls,0x5c08570d2ff0
6873,78,336,cdls,0x5c08570d2ff0
6874,54,327,cdls,0x5c08570d2ff0
6875,84,330,cdls,0x5c08570d2ff0
6876,60,558,cdls,0x5c08570d2ff0
6877,81,444,cdls,0x5c08570d2ff0
6878,57,402,cdls,0x5c08570d2ff0
6879,66,474,cdls,0x5c08570d2ff0
6880,78,744,cdls,0x5c08570d2ff0
6881,54,684,cdls,0x5c08570d2ff0
6882,75,699,cdls,0x5c08570d2ff0
6883,81,453,cdls,0x5c08570d2ff0
6884,36,510,cdls,0x5c08570d2ff0
6885,54,672,cdls,0x5c08570d2ff0
6886,117,294,cdls,0x5c08570d2ff0
6887,120,489,cdls,0x5c08570d2ff0
6888,183,399,cdls,0x5c08570d2ff0
6889,57,639,cdls,0x5c08570d2ff0
6890,42,624,cdls,0x5c08570d2ff0
6891,60,810,cdls,0x5c08570d2ff0
6892,57,645,cdls,0x5c08570d2ff0
6893,111,573,cdls,0x5c08570d2ff0
6894,72,690,cdls,0x5c08570d2ff0
6895,69,747,cdls,0x5c08570d2ff0
6896,42,768,cdls,0x5c08570d2ff0
6897,45,735,cdls,0x5c08570d2ff0
6898,114,561,cdls,0x5c08570d2ff0
6899,105,510,cdls,0x5c08570d2ff0
6900,93,483,cdls,0x5c08570d2ff0
6901,39,483,cdls,0x5c08570d2ff0
6902,96,456,cdls,0x5c08570d2ff0
6903,60,570,cdls,0x5c08570d2ff0
6904,108,702,cdls,0x5c08570d2ff0
6905,141,558,cdls,0x5c08570d2ff0
6906,90,618,cdls,0x5c08570d2ff0
6907,69,603,cdls,0x5c08570d2ff0
6908,81,534,cdls,0x5c08570d2ff0
6909,66,855,cdls,0x5c08570d2ff0
6910,84,807,cdls,0x5c08570d2ff0
6911,42,846,cdls,0x5c08570d2ff0
6912,69,591,cdls,0x5c08570d2ff0
6913,93,687,cdls,0x5c08570d2ff0
6914,84,552,cdls,0x5c08570d2ff0
6915,66,540,cdls,0x5c08570d2ff0
6916,87,594,cdls,0x5c08570d2ff0
6917,111,495,cdls,0x5c08570d2ff0
6918,75,750,cdls,0x5c08570d2ff0
6919,63,765,cdls,0x5c08570d2ff0
6920,84,561,cdls,0x5c08570d2ff0
6921,126,540,cdls,0x5c08570d2ff0
6922,99,498,cdls,0x5c08570d2ff0
6923,48,408,cdls,0x5c08570d2ff0
6924,96,540,cdls,0x5c08570d2ff0
6925,48,603,cdls,0x5c08570d2ff0
6926,63,780,cdls,0x5c08570d2ff0
6927,54,639,cdls,0x5c08570d2ff0
6928,42,636,cdls,0x5c08570d2ff0
6929,141,312,cdls,0x5c08570d2ff0
6930,96,417,cdls,0x5c08570d2ff0
6931,42,582,cdls,0x5c08570d2ff0
6932,48,420,cdls,0x5c08570d2ff0
6933,96,285,cdls,0x5c08570d2ff0
6934,108,468,cdls,0x5c08570d2ff0
6935,51,474,cdls,0x5c08570d2ff0
6936,51,330,cdls,0x5c08570d2ff0
6937,90,309,cdls,0x5c08570d2ff0
6938,165,357,cdls,0x5c08570d2ff0
6939,42,264,cdls,0x5c08570d2ff0
6940,45,177,cdls,0x5c08570d2ff0
6941,69,255,cdls,0x5c08570d2ff0
6942,45,279,cdls,0x5c08570d2ff0
6943,75,402,cdls,0x5c08570d2ff0
6944,93,432,cdls,0x5c08570d2ff0
6945,72,348,cdls,0x5c08570d2ff0
6946,66,588,cdls,0x5c08570d2ff0
6947,96,258,cdls,0x5c08570d2ff0
6948,48,189,cdls,0x5c08570d2ff0
6949,51,213,cdls,0x5c08570d2ff0
6950,30,183,cdls,0x5c08570d2ff0
6951,63,201,cdls,0x5c08570d2ff0
6952,135,417,cdls,0x5c08570d2ff0
6953,75,291,cdls,0x5c08570d2ff0
6954,120,474,cdls,0x5c08570d2ff0
6955,48,411,cdls,0x5c08570d2ff0
6956,45,435,cdls,0x5c08570d2ff0
6957,96,450,cdls,0x5c08570d2ff0
6958,45,588,cdls,0x5c08570d2ff0
6959,60,405,cdls,0x5c08570d2ff0
6960,99,417,cdls,0x5c08570d2ff0
6961,78,744,cdls,0x5c08570d2ff0
6962,63,612,cdls,0x5c08570d2ff0
6963,45,672,cdls,0x5c08570d2ff0
6964,69,510,cdls,0x5c08570d2ff0
6965,90,684,cdls,0x5c08570d2ff0
6966,105,621,cdls,0x5c08570d2ff0
6967,132,552,cdls,0x5c08570d2ff0
6968,54,612,cdls,0x5c08570d2ff0
6969,105,486,cdls,0x5c08570d2ff0
6970,105,678,cdls,0x5c08570d2ff0
6971,57,468,cdls,0x5c08570d2ff0
6972,51,438,cdls,0x5c08570d2ff0
6973,72,462,cdls,0x5c08570d2ff0
6974,78,588,cdls,0x5c08570d2ff0
6975,72,468,cdls,0x5c08570d2ff0
6976,102,558,cdls,0x5c08570d2ff0
6977,75,450,cdls,0x5c08570d2ff0
6978,105,483,cdls,0x5c08570d2ff0
6979,21,75,cdls,0x5c08570d2ff0
6980,84,342,cdls,0x5c08570d2ff0
6981,45,351,cdls,0x5c08570d2ff0
6982,57,507,cdls,0x5c08570d2ff0
6983,51,561,cdls,0x5c08570d2ff0
6984,66,564,cdls,0x5c08570d2ff0
6985,57,570,cdls,0x5c08570d2ff0
6986,69,441,cdls,0x5c08570d2ff0
6987,75,501,cdls,0x5c08570d2ff0
6988,57,342,cdls,0x5c08570d2ff0
6989,126,528,cdls,0x5c08570d2ff0
6990,75,453,cdls,0x5c08570d2ff0
6991,60,255,cdls,0x5c08570d2ff0
6992,60,231,cdls,0x5c08570d2ff0
6993,45,195,cdls,0x5c08570d2ff0
6994,75,186,cdls,0x5c08570d2ff0
6995,75,246,cdls,0x5c08570d2ff0
6996,33,174,cdls,0x5c08570d2ff0
6997,36,195,cdls,0x5c08570d2ff0
6998,75,300,cdls,0x5c08570d2ff0
6999,75,201,cdls,0x5c08570d2ff0
7000,66,234,cdls,0x5c08570d2ff0
7001,93,363,cdls,0x5c08570d2ff0
7002,126,414,cdls,0x5c08570d2ff0
7003,102,378,cdls,0x5c08570d2ff0
7004,132,486,cdls,0x5c08570d2ff0
7005,81,351,cdls,0x5c08570d2ff0
7006,117,345,cdls,0x5c08570d2ff0
7007,42,168,cdls,0x5c08570d2ff0
7008,84,354,cdls,0x5c08570d2ff0
7009,66,174,cdls,0x5c08570d2ff0
7010,111,441,cdls,0x5c08570d2ff0
7011,69,519,cdls,0x5c08570d2ff0
7012,30,417,cdls,0x5c08570d2ff0
7013,63,507,cdls,0x5c08570d2ff0
7014,51,489,cdls,0x5c08570d2ff0
7015,102,540,cdls,0x5c08570d2ff0
7016,30,201,cdls,0x5c08570d2ff0
7017,39,144,cdls,0x5c08570d2ff0
7018,60,237,cdls,0x5c08570d2ff0
7019,129,411,cdls,0x5c08570d2ff0
7020,84,264,cdls,0x5c08570d2ff0
7021,60,246,cdls,0x5c08570d2ff0
7022,30,204,cdls,0x5c08570d2ff0
7023,54,201,cdls,0x5c08570d2ff0
7024,36,222,cdls,0x5c08570d2ff0
7025,51,345,cdls,0x5c08570d2ff0
7026,24,186,cdls,0x5c08570d2ff0
7027,24,198,cdls,0x5c08570d2ff0
7028,111,381,cdls,0x5c08570d2ff0
7029,39,240,cdls,0x5c08570d2ff0
7030,96,348,cdls,0x5c08570d2ff0
7031,75,345,cdls,0x5c08570d2ff0
7032,63,360,cdls,0x5c08570d2ff0
7033,48,282,cdls,0x5c08570d2ff0
7034,78,360,cdls,0x5c08570d2ff0
7035,60,330,cdls,0x5c08570d2ff0
7036,39,447,cdls,0x5c08570d2ff0
7037,114,672,cdls,0x5c08570d2ff0
7038,150,498,cdls,0x5c08570d2ff0
7039,120,531,cdls,0x5c08570d2ff0
7040,117,471,cdls,0x5c08570d2ff0
7041,78,423,cdls,0x5c08570d2ff0
7042,102,372,cdls,0x5c08570d2ff0
7043,72,465,cdls,0x5c08570d2ff0
7044,102,351,cdls,0x5c08570d2ff0
7045,42,174,cdls,0x5c08570d2ff0
7046,66,225,cdls,0x5c08570d2ff0
7047,69,297,cdls,0x5c08570d2ff0
7048,66,312,cdls,0x5c08570d2ff0
7049,81,432,cdls,0x5c08570d2ff0
7050,99,357,cdls,0x5c08570d2ff0
7051,132,453,cdls,0x5c08570d2ff0
7052,120,570,cdls,0x5c08570d2ff0
7053,39,471,cdls,0x5c08570d2ff0
7054,132,477,cdls,0x5c08570d2ff0
7055,78,441,cdls,0x5c08570d2ff0
7056,60,603,cdls,0x5c08570d2ff0
7057,87,552,cdls,0x5c08570d2ff0
7058,87,537,cdls,0x5c08570d2ff0
7059,99,282,cdls,0x5c08570d2ff0
7060,69,210,cdls,0x5c08570d2ff0
7061,147,309,cdls,0x5c08570d2ff0
7062,66,288,cdls,0x5c08570d2ff0
7063,54,192,cdls,0x5c08570d2ff0
7064,84,321,cdls,0x5c08570d2ff0
7065,111,462,cdls,0x5c08570d2ff0
7066,54,420,cdls,0x5c08570d2ff0
7067,78,612,cdls,0x5c08570d2ff0
7068,93,531,cdls,0x5c08570d2ff0
7069,36,726,cdls,0x5c08570d2ff0
7070,57,456,cdls,0x5c08570d2ff0
7071,54,660,cdls,0x5c08570d2ff0
7072,48,1023,cdls,0x5c08570d2ff0
7073,63,825,cdls,0x5c08570d2ff0
7074,87,633,cdls,0x5c08570d2ff0
7075,60,525,cdls,0x5c08570d2ff0
7076,48,714,cdls,0x5c08570d2ff0
7077,111,444,cdls,0x5c08570d2ff0
7078,135,507,cdls,0x5c08570d2ff0
7079,60,510,cdls,0x5c08570d2ff0
7080,63,537,cdls,0x5c08570d2ff0
7081,45,657,cdls,0x5c08570d2ff0
7082,93,510,cdls,0x5c08570d2ff0
7083,126,492,cdls,0x5c08570d2ff0
7084,75,609,cdls,0x5c08570d2ff0
7085,54,540,cdls,0x5c08570d2ff0
7086,69,351,cdls,0x5c08570d2ff0
7087,18,156,cdls,0x5c08570d2ff0
7088,84,330,cdls,0x5c08570d2ff0
7089,75,381,cdls,0x5c08570d2ff0
7090,57,243,cdls,0x5c08570d2ff0
7091,42,204,cdls,0x5c08570d2ff0
7092,48,294,cdls,0x5c08570d2ff0
7093,132,558,cdls,0x5c08570d2ff0
7094,78,516,cdls,0x5c08570d2ff0
7095,93,351,cdls,0x5c08570d2ff0
7096,81,471,cdls,0x5c08570d2ff0
7097,87,507,cdls,0x5c08570d2ff0
7098,69,516,cdls,0x5c08570d2ff0
7099,54,690,cdls,0x5c08570d2ff0
7100,105,504,cdls,0x5c08570d2ff0
7101,66,414,cdls,0x5c08570d2ff0
7102,111,621,cdls,0x5c08570d2ff0
7103,108,450,cdls,0x5c08570d2ff0
7104,87,540,cdls,0x5c08570d2ff0
7105,72,654,cdls,0x5c08570d2ff0
7106,84,408,cdls,0x5c08570d2ff0
7107,45,519,cdls,0x5c08570d2ff0
7108,90,477,cdls,0x5c08570d2ff0
7109,111,456,cdls,0x5c08570d2ff0
7110,75,564,cdls,0x5c08570d2ff0
7111,69,618,cdls,0x5c08570d2ff0
7112,45,405,cdls,0x5c08570d2ff0
7113,66,342,cdls,0x5c08570d2ff0
7114,36,123,cdls,0x5c08570d2ff0
7115,66,195,cdls,0x5c08570d2ff0
7116,108,303,cdls,0x5c08570d2ff0
7117,132,516,cdls,0x5c08570d2ff0
7118,120,483,cdls,0x5c08570d2ff0
7119,48,330,cdls,0x5c08570d2ff0
7120,57,246,cdls,0x5c08570d2ff0
7121,69,324,cdls,0x5c08570d2ff0
7122,48,183,cdls,0x5c08570d2ff0
7123,69,363,cdls,0x5c08570d2ff0
7124,78,408,cdls,0x5c08570d2ff0
7125,30,162,cdls,0x5c08570d2ff0
7126,30,171,cdls,0x5c08570d2ff0
7127,132,426,cdls,0x5c08570d2ff0
7128,78,417,cdls,0x5c08570d2ff0
7129,105,387,cdls,0x5c08570d2ff0
7130,108,333,cdls,0x5c08570d2ff0
7131,102,327,cdls,0x5c08570d2ff0
7132,165,390,cdls,0x5c08570d2ff0
7133,93,435,cdls,0x5c08570d2ff0
7134,108,438,cdls,0x5c08570d2ff0
7135,51,435,cdls,0x5c08570d2ff0
7136,78,417,cdls,0x5c08570d2ff0
7137,24,186,cdls,0x5c08570d2ff0
7138,42,180,cdls,0x5c08570d2ff0
7139,87,369,cdls,0x5c08570d2ff0
7140,57,618,cdls,0x5c08570d2ff0
7141,78,564,cdls,0x5c08570d2ff0
7142,102,798,cdls,0x5c08570d2ff0
7143,57,603,cdls,0x5c08570d2ff0
7144,57,393,cdls,0x5c08570d2ff0
7145,69,660,cdls,0x5c08570d2ff0
7146,120,651,cdls,0x5c08570d2ff0
7147,120,453,cdls,0x5c08570d2ff0
7148,66,348,cdls,0x5c08570d2ff0
7149,96,504,cdls,0x5c08570d2ff0
7150,126,528,cdls,0x5c08570d2ff0
7151,60,408,cdls,0x5c08570d2ff0
7152,57,441,cdls,0x5c08570d2ff0
7153,63,672,cdls,0x5c08570d2ff0
7154,108,444,cdls,0x5c08570d2ff0
7155,120,522,cdls,0x5c08570d2ff0
7156,108,582,cdls,0x5c08570d2ff0
7157,33,219,cdls,0x5c08570d2ff0
7158,111,357,cdls,0x5c08570d2ff0
7159,39,375,cdls,0x5c08570d2ff0
7160,42,486,cdls,0x5c08570d2ff0
7161,93,564,cdls,0x5c08570d2ff0
7162,93,402,cdls,0x5c08570d2ff0
7163,63,456,cdls,0x5c08570d2ff0
7164,135,585,cdls,0x5c08570d2ff0
7165,123,531,cdls,0x5c08570d2ff0
7166,69,498,cdls,0x5c08570d2ff0
7167,87,519,cdls,0x5c08570d2ff0
7168,66,393,cdls,0x5c08570d2ff0
7169,69,573,cdls,0x5c08570d2ff0
7170,45,879,cdls,0x5c08570d2ff0
7171,72,558,cdls,0x5c08570d2ff0
7172,48,858,cdls,0x5c08570d2ff0
7173,111,537,cdls,0x5c08570d2ff0
7174,60,630,cdls,0x5c08570d2ff0
7175,48,582,cdls,0x5c08570d2ff0
7176,96,366,cdls,0x5c08570d2ff0
7177,96,582,cdls,0x5c08570d2ff0
7178,54,684,cdls,0x5c08570d2ff0
7179,66,612,cdls,0x5c08570d2ff0
7180,102,552,cdls,0x5c08570d2ff0
7181,48,498,cdls,0x5c08570d2ff0
7182,48,522,cdls,0x5c08570d2ff0
7183,66,591,cdls,0x5c08570d2ff0
7184,45,522,cdls,0x5c08570d2ff0
7185,69,708,cdls,0x5c08570d2ff0
7186,63,693,cdls,0x5c08570d2ff0
7187,60,666,cdls,0x5c08570d2ff0
7188,87,669,cdls,0x5c08570d2ff0
7189,54,516,cdls,0x5c08570d2ff0
7190,69,516,cdls,0x5c08570d2ff0
7191,93,504,cdls,0x5c08570d2ff0
7192,93,378,cdls,0x5c08570d2ff0
7193,99,351,cdls,0x5c08570d2ff0
7194,57,552,cdls,0x5c08570d2ff0
7195,132,600,cdls,0x5c08570d2ff0
7196,150,492,cdls,0x5c08570d2ff0
7197,105,417,cdls,0x5c08570d2ff0
7198,90,381,cdls,0x5c08570d2ff0
7199,63,666,cdls,0x5c08570d2ff0
7200,93,564,cdls,0x5c08570d2ff0
7201,108,549,cdls,0x5c08570d2ff0
7202,87,561,cdls,0x5c08570d2ff0
7203,48,543,cdls,0x5c08570d2ff0
7204,45,378,cdls,0x5c08570d2ff0
7205,60,393,cdls,0x5c08570d2ff0
7206,105,699,cdls,0x5c08570d2ff0
7207,60,600,cdls,0x5c08570d2ff0
7208,75,717,cdls,0x5c08570d2ff0
7209,93,543,cdls,0x5c08570d2ff0
7210,54,570,cdls,0x5c08570d2ff0
7211,54,672,cdls,0x5c08570d2ff0
7212,87,423,cdls,0x5c08570d2ff0
7213,72,462,cdls,0x5c08570d2ff0
7214,51,729,cdls,0x5c08570d2ff0
7215,57,603,cdls,0x5c08570d2ff0
7216,72,726,cdls,0x5c08570d2ff0
7217,81,555,cdls,0x5c08570d2ff0
7218,72,474,cdls,0x5c08570d2ff0
7219,81,603,cdls,0x5c08570d2ff0
7220,96,678,cdls,0x5c08570d2ff0
7221,129,471,cdls,0x5c08570d2ff0
7222,123,348,cdls,0x5c08570d2ff0
7223,96,444,cdls,0x5c08570d2ff0
7224,84,498,cdls,0x5c08570d2ff0
7225,66,636,cdls,0x5c08570d2ff0
7226,84,486,cdls,0x5c08570d2ff0
7227,135,408,cdls,0x5c08570d2ff0
7228,144,504,cdls,0x5c08570d2ff0
7229,132,447,cdls,0x5c08570d2ff0
7230,33,633,cdls,0x5c08570d2ff0
7231,45,864,cdls,0x5c08570d2ff0
7232,48,678,cdls,0x5c08570d2ff0
7233,72,678,cdls,0x5c08570d2ff0
7234,84,522,cdls,0x5c08570d2ff0
7235,87,477,cdls,0x5c08570d2ff0
7236,111,717,cdls,0x5c08570d2ff0
7237,48,606,cdls,0x5c08570d2ff0
7238,45,783,cdls,0x5c08570d2ff0
7239,87,897,cdls,0x5c08570d2ff0
7240,48,726,cdls,0x5c08570d2ff0
7241,57,819,cdls,0x5c08570d2ff0
7242,96,726,cdls,0x5c08570d2ff0
7243,66,780,cdls,0x5c08570d2ff0
7244,99,585,cdls,0x5c08570d2ff0
7245,66,480,cdls,0x5c08570d2ff0
7246,45,639,cdls,0x5c08570d2ff0
7247,114,618,cdls,0x5c08570d2ff0
7248,69,855,cdls,0x5c08570d2ff0
7249,84,606,cdls,0x5c08570d2ff0
7250,75,486,cdls,0x5c08570d2ff0
7251,48,474,cdls,0x5c08570d2ff0
7252,84,540,cdls,0x5c08570d2ff0
7253,48,798,cdls,0x5c08570d2ff0
7254,93,810,cdls,0x5c08570d2ff0
7255,30,780,cdls,0x5c08570d2ff0
7256,66,684,cdls,0x5c08570d2ff0
7257,57,1131,cdls,0x5c08570d2ff0
7258,54,828,cdls,0x5c08570d2ff0
7259,48,570,cdls,0x5c08570d2ff0
7260,99,621,cdls,0x5c08570d2ff0
7261,93,438,cdls,0x5c08570d2ff0
7262,114,423,cdls,0x5c08570d2ff0
7263,60,354,cdls,0x5c08570d2ff0
7264,57,339,cdls,0x5c08570d2ff0
7265,102,378,cdls,0x5c08570d2ff0
7266,84,510,cdls,0x5c08570d2ff0
7267,132,471,cdls,0x5c08570d2ff0
7268,57,723,cdls,0x5c08570d2ff0
7269,132,516,cdls,0x5c08570d2ff0
7270,60,429,cdls,0x5c08570d2ff0
7271,63,354,cdls,0x5c08570d2ff0
7272,108,573,cdls,0x5c08570d2ff0
7273,63,645,cdls,0x5c08570d2ff0
7274,54,738,cdls,0x5c08570d2ff0
7275,102,654,cdls,0x5c08570d2ff0
7276,63,765,cdls,0x5c08570d2ff0
7277,57,807,cdls,0x5c08570d2ff0
7278,60,666,cdls,0x5c08570d2ff0
7279,105,915,cdls,0x5c08570d2ff0
7280,54,654,cdls,0x5c08570d2ff0
7281,102,711,cdls,0x5c08570d2ff0
7282,51,585,cdls,0x5c08570d2ff0
7283,87,933,cdls,0x5c08570d2ff0
7284,114,1128,cdls,0x5c08570d2ff0
7285,72,807,cdls,0x5c08570d2ff0
7286,111,1080,cdls,0x5c08570d2ff0
7287,102,957,cdls,0x5c08570d2ff0
7288,75,729,cdls,0x5c08570d2ff0
7289,57,687,cdls,0x5c08570d2ff0
7290,72,894,cdls,0x5c08570d2ff0
7291,39,720,cdls,0x5c08570d2ff0
7292,126,459,cdls,0x5c08570d2ff0
7293,99,420,cdls,0x5c08570d2ff0
7294,75,441,cdls,0x5c08570d2ff0
7295,48,459,cdls,0x5c08570d2ff0
7296,102,426,cdls,0x5c08570d2ff0
7297,60,714,cdls,0x5c08570d2ff0
7298,30,972,cdls,0x5c08570d2ff0
7299,72,822,cdls,0x5c08570d2ff0
7300,72,714,cdls,0x5c08570d2ff0
7301,102,720,cdls,0x5c08570d2ff0
7302,48,483,cdls,0x5c08570d2ff0
7303,63,243,cdls,0x5c08570d2ff0
7304,66,288,cdls,0x5c08570d2ff0
7305,123,465,cdls,0x5c08570d2ff0
7306,45,624,cdls,0x5c08570d2ff0
7307,57,612,cdls,0x5c08570d2ff0
7308,66,525,cdls,0x5c08570d2ff0
7309,123,624,cdls,0x5c08570d2ff0
7310,135,414,cdls,0x5c08570d2ff0
7311,42,360,cdls,0x5c08570d2ff0
7312,66,357,cdls,0x5c08570d2ff0
7313,111,306,cdls,0x5c08570d2ff0
7314,120,372,cdls,0x5c08570d2ff0
7315,27,438,cdls,0x5c08570d2ff0
7316,81,927,cdls,0x5c08570d2ff0
7317,84,732,cdls,0x5c08570d2ff0
7318,72,717,cdls,0x5c08570d2ff0
7319,72,582,cdls,0x5c08570d2ff0
7320,111,561,cdls,0x5c08570d2ff0
7321,138,522,cdls,0x5c08570d2ff0
7322,78,498,cdls,0x5c08570d2ff0
7323,123,618,cdls,0x5c08570d2ff0
7324,54,633,cdls,0x5c08570d2ff0
7325,57,756,cdls,0x5c08570d2ff0
7326,87,951,cdls,0x5c08570d2ff0
7327,123,630,cdls,0x5c08570d2ff0
7328,84,585,cdls,0x5c08570d2ff0
7329,45,678,cdls,0x5c08570d2ff0
7330,84,501,cdls,0x5c08570d2ff0
7331,114,564,cdls,0x5c08570d2ff0
7332,60,735,cdls,0x5c08570d2ff0
7333,105,600,cdls,0x5c08570d2ff0
7334,135,573,cdls,0x5c08570d2ff0
7335,102,732,cdls,0x5c08570d2ff0
7336,63,522,cdls,0x5c08570d2ff0
7337,60,903,cdls,0x5c08570d2ff0
7338,72,663,cdls,0x5c08570d2ff0
7339,75,1197,cdls,0x5c08570d2ff0
7340,45,615,cdls,0x5c08570d2ff0
7341,60,411,cdls,0x5c08570d2ff0
7342,84,639,cdls,0x5c08570d2ff0
7343,54,624,cdls,0x5c08570d2ff0
7344,90,570,cdls,0x5c08570d2ff0
7345,69,543,cdls,0x5c08570d2ff0
7346,132,441,cdls,0x5c08570d2ff0
7347,78,519,cdls,0x5c08570d2ff0
7348,159,462,cdls,0x5c08570d2ff0
7349,102,441,cdls,0x5c08570d2ff0
7350,138,441,cdls,0x5c08570d2ff0
7351,54,414,cdls,0x5c08570d2ff0
7352,69,438,cdls,0x5c08570d2ff0
7353,114,324,cdls,0x5c08570d2ff0
7354,114,453,cdls,0x5c08570d2ff0
7355,144,369,cdls,0x5c08570d2ff0
7356,114,399,cdls,0x5c08570d2ff0
7357,81,372,cdls,0x5c08570d2ff0
7358,78,480,cdls,0x5c08570d2ff0
7359,111,393,cdls,0x5c08570d2ff0
7360,114,378,cdls,0x5c08570d2ff0
7361,132,420,cdls,0x5c08570d2ff0
7362,129,474,cdls,0x5c08570d2ff0
7363,81,477,cdls,0x5c08570d2ff0
7364,99,369,cdls,0x5c08570d2ff0
7365,108,369,cdls,0x5c08570d2ff0
7366,105,363,cdls,0x5c08570d2ff0
7367,99,411,cdls,0x5c08570d2ff0
7368,39,132,cdls,0x5c08570d2ff0
7369,90,252,cdls,0x5c08570d2ff0
7370,84,279,cdls,0x5c08570d2ff0
7371,39,138,cdls,0x5c08570d2ff0
7372,21,135,cdls,0x5c08570d2ff0
7373,78,186,cdls,0x5c08570d2ff0
7374,105,627,cdls,0x5c08570d2ff0
7375,78,516,cdls,0x5c08570d2ff0
7376,123,669,cdls,0x5c08570d2ff0
7377,114,510,cdls,0x5c08570d2ff0
7378,111,630,cdls,0x5c08570d2ff0
7379,54,387,cdls,0x5c08570d2ff0
7380,78,555,cdls,0x5c08570d2ff0
7381,87,489,cdls,0x5c08570d2ff0
7382,63,528,cdls,0x5c08570d2ff0
7383,108,537,cdls,0x5c08570d2ff0
7384,87,450,cdls,0x5c08570d2ff0
7385,60,423,cdls,0x5c08570d2ff0
7386,54,420,cdls,0x5c08570d2ff0
7387,123,441,cdls,0x5c08570d2ff0
7388,87,447,cdls,0x5c08570d2ff0
7389,54,624,cdls,0x5c08570d2ff0
7390,102,396,cdls,0x5c08570d2ff0
7391,123,495,cdls,0x5c08570d2ff0
7392,42,462,cdls,0x5c08570d2ff0
7393,111,468,cdls,0x5c08570d2ff0
7394,75,525,cdls,0x5c08570d2ff0
7395,111,522,cdls,0x5c08570d2ff0
7396,45,651,cdls,0x5c08570d2ff0
7397,48,801,cdls,0x5c08570d2ff0
7398,57,525,cdls,0x5c08570d2ff0
7399,72,642,cdls,0x5c08570d2ff0
7400,45,513,cdls,0x5c08570d2ff0
7401,81,459,cdls,0x5c08570d2ff0
7402,93,663,cdls,0x5c08570d2ff0
7403,42,501,cdls,0x5c08570d2ff0
7404,75,426,cdls,0x5c08570d2ff0
7405,93,615,cdls,0x5c08570d2ff0
7406,45,699,cdls,0x5c08570d2ff0
7407,90,552,cdls,0x5c08570d2ff0
7408,129,651,cdls,0x5c08570d2ff0
7409,48,498,cdls,0x5c08570d2ff0
7410,57,255,cdls,0x5c08570d2ff0
7411,30,183,cdls,0x5c08570d2ff0
7412,30,288,cdls,0x5c08570d2ff0
7413,48,459,cdls,0x5c08570d2ff0
7414,63,462,cdls,0x5c08570d2ff0
7415,90,564,cdls,0x5c08570d2ff0
7416,78,609,cdls,0x5c08570d2ff0
7417,129,366,cdls,0x5c08570d2ff0
7418,96,354,cdls,0x5c08570d2ff0
7419,87,477,cdls,0x5c08570d2ff0
7420,126,678,cdls,0x5c08570d2ff0
7421,60,624,cdls,0x5c08570d2ff0
7422,168,498,cdls,0x5c08570d2ff0
7423,87,522,cdls,0x5c08570d2ff0
7424,132,387,cdls,0x5c08570d2ff0
7425,51,399,cdls,0x5c08570d2ff0
7426,165,477,cdls,0x5c08570d2ff0
7427,51,417,cdls,0x5c08570d2ff0
7428,57,576,cdls,0x5c08570d2ff0
7429,87,408,cdls,0x5c08570d2ff0
7430,96,573,cdls,0x5c08570d2ff0
7431,87,453,cdls,0x5c08570d2ff0
7432,57,390,cdls,0x5c08570d2ff0
7433,72,357,cdls,0x5c08570d2ff0
7434,93,432,cdls,0x5c08570d2ff0
7435,111,417,cdls,0x5c08570d2ff0
7436,105,438,cdls,0x5c08570d2ff0
7437,90,552,cdls,0x5c08570d2ff0
7438,141,375,cdls,0x5c08570d2ff0
7439,84,414,cdls,0x5c08570d2ff0
7440,75,375,cdls,0x5c08570d2ff0
7441,72,585,cdls,0x5c08570d2ff0
7442,42,300,cdls,0x5c08570d2ff0
7443,78,336,cdls,0x5c08570d2ff0
7444,81,327,cdls,0x5c08570d2ff0
7445,84,267,cdls,0x5c08570d2ff0
7446,72,462,cdls,0x5c08570d2ff0
7447,99,411,cdls,0x5c08570d2ff0
7448,84,420,cdls,0x5c08570d2ff0
7449,42,396,cdls,0x5c08570d2ff0
7450,21,141,cdls,0x5c08570d2ff0
7451,27,180,cdls,0x5c08570d2ff0
7452,24,186,cdls,0x5c08570d2ff0
7453,33,231,cdls,0x5c08570d2ff0
7454,63,462,cdls,0x5c08570d2ff0
7455,57,342,cdls,0x5c08570d2ff0
7456,42,168,cdls,0x5c08570d2ff0
7457,33,219,cdls,0x5c08570d2ff0
7458,45,168,cdls,0x5c08570d2ff0
7459,45,186,cdls,0x5c08570d2ff0
7460,108,462,cdls,0x5c08570d2ff0
7461,102,252,cdls,0x5c08570d2ff0
7462,87,273,cdls,0x5c08570d2ff0
7463,72,315,cdls,0x5c08570d2ff0
7464,57,255,cdls,0x5c08570d2ff0
7465,84,276,cdls,0x5c08570d2ff0
7466,132,453,cdls,0x5c08570d2ff0
7467,90,318,cdls,0x5c08570d2ff0
7468,81,609,cdls,0x5c08570d2ff0
7469,126,474,cdls,0x5c08570d2ff0
7470,48,306,cdls,0x5c08570d2ff0
7471,78,348,cdls,0x5c08570d2ff0
7472,129,402,cdls,0x5c08570d2ff0
7473,123,432,cdls,0x5c08570d2ff0
7474,48,423,cdls,0x5c08570d2ff0
7475,144,351,cdls,0x5c08570d2ff0
7476,72,318,cdls,0x5c08570d2ff0
7477,57,255,cdls,0x5c08570d2ff0
7478,45,291,cdls,0x5c08570d2ff0
7479,66,270,cdls,0x5c08570d2ff0
7480,93,336,cdls,0x5c08570d2ff0
7481,120,282,cdls,0x5c08570d2ff0
7482,60,570,cdls,0x5c08570d2ff0
7483,39,600,cdls,0x5c08570d2ff0
7484,129,414,cdls,0x5c08570d2ff0
7485,60,684,cdls,0x5c08570d2ff0
7486,90,645,cdls,0x5c08570d2ff0
7487,96,342,cdls,0x5c08570d2ff0
7488,114,333,cdls,0x5c08570d2ff0
7489,78,462,cdls,0x5c08570d2ff0
7490,81,495,cdls,0x5c08570d2ff0
7491,72,693,cdls,0x5c08570d2ff0
7492,54,495,cdls,0x5c08570d2ff0
7493,96,558,cdls,0x5c08570d2ff0
7494,63,321,cdls,0x5c08570d2ff0
7495,60,423,cdls,0x5c08570d2ff0
7496,93,432,cdls,0x5c08570d2ff0
7497,72,378,cdls,0x5c08570d2ff0
7498,81,312,cdls,0x5c08570d2ff0
7499,84,513,cdls,0x5c08570d2ff0
7500,90,510,cdls,0x5c08570d2ff0
7501,93,429,cdls,0x5c08570d2ff0
7502,51,537,cdls,0x5c08570d2ff0
7503,111,588,cdls,0x5c08570d2ff0
7504,99,390,cdls,0x5c08570d2ff0
7505,111,420,cdls,0x5c08570d2ff0
7506,48,525,cdls,0x5c08570d2ff0
7507,114,441,cdls,0x5c08570d2ff0
7508,54,465,cdls,0x5c08570d2ff0
7509,141,456,cdls,0x5c08570d2ff0
7510,108,543,cdls,0x5c08570d2ff0
7511,66,372,cdls,0x5c08570d2ff0
7512,63,456,cdls,0x5c08570d2ff0
7513,78,279,cdls,0x5c08570d2ff0
7514,33,219,cdls,0x5c08570d2ff0
7515,21,159,cdls,0x5c08570d2ff0
7516,105,423,cdls,0x5c08570d2ff0
7517,60,504,cdls,0x5c08570d2ff0
7518,51,597,cdls,0x5c08570d2ff0
7519,90,492,cdls,0x5c08570d2ff0
7520,66,495,cdls,0x5c08570d2ff0
7521,60,663,cdls,0x5c08570d2ff0
7522,111,465,cdls,0x5c08570d2ff0
7523,99,573,cdls,0x5c08570d2ff0
7524,102,516,cdls,0x5c08570d2ff0
7525,63,828,cdls,0x5c08570d2ff0
7526,66,585,cdls,0x5c08570d2ff0
7527,63,540,cdls,0x5c08570d2ff0
7528,72,570,cdls,0x5c08570d2ff0
7529,75,537,cdls,0x5c08570d2ff0
7530,30,906,cdls,0x5c08570d2ff0
7531,138,516,cdls,0x5c08570d2ff0
7532,75,657,cdls,0x5c08570d2ff0
7533,87,645,cdls,0x5c08570d2ff0
7534,102,390,cdls,0x5c08570d2ff0
7535,81,375,cdls,0x5c08570d2ff0
7536,102,456,cdls,0x5c08570d2ff0
7537,54,441,cdls,0x5c08570d2ff0
7538,162,456,cdls,0x5c08570d2ff0
7539,39,453,cdls,0x5c08570d2ff0
7540,81,639,cdls,0x5c08570d2ff0
7541,99,576,cdls,0x5c08570d2ff0
7542,60,258,cdls,0x5c08570d2ff0
7543,45,315,cdls,0x5c08570d2ff0
7544,60,306,cdls,0x5c08570d2ff0
7545,117,549,cdls,0x5c08570d2ff0
7546,132,531,cdls,0x5c08570d2ff0
7547,129,336,cdls,0x5c08570d2ff0
7548,105,477,cdls,0x5c08570d2ff0
7549,48,414,cdls,0x5c08570d2ff0
7550,84,465,cdls,0x5c08570d2ff0
7551,63,327,cdls,0x5c08570d2ff0
7552,45,267,cdls,0x5c08570d2ff0
7553,39,216,cdls,0x5c08570d2ff0
7554,42,162,cdls,0x5c08570d2ff0
7555,33,156,cdls,0x5c08570d2ff0
7556,183,351,cdls,0x5c08570d2ff0
7557,48,249,cdls,0x5c08570d2ff0
7558,63,252,cdls,0x5c08570d2ff0
7559,99,267,cdls,0x5c08570d2ff0
7560,93,327,cdls,0x5c08570d2ff0
7561,111,402,cdls,0x5c08570d2ff0
7562,135,507,cdls,0x5c08570d2ff0
7563,75,444,cdls,0x5c08570d2ff0
7564,144,354,cdls,0x5c08570d2ff0
7565,75,300,cdls,0x5c08570d2ff0
7566,105,315,cdls,0x5c08570d2ff0
7567,84,567,cdls,0x5c08570d2ff0
7568,57,369,cdls,0x5c08570d2ff0
7569,39,171,cdls,0x5c08570d2ff0
7570,24,174,cdls,0x5c08570d2ff0
7571,93,363,cdls,0x5c08570d2ff0
7572,93,366,cdls,0x5c08570d2ff0
7573,90,366,cdls,0x5c08570d2ff0
7574,69,222,cdls,0x5c08570d2ff0
7575,78,372,cdls,0x5c08570d2ff0
7576,93,435,cdls,0x5c08570d2ff0
7577,81,438,cdls,0x5c08570d2ff0
7578,90,291,cdls,0x5c08570d2ff0
7579,72,369,cdls,0x5c08570d2ff0
7580,24,186,cdls,0x5c08570d2ff0
7581,63,300,cdls,0x5c08570d2ff0
7582,90,273,cdls,0x5c08570d2ff0
7583,102,492,cdls,0x5c08570d2ff0
7584,111,432,cdls,0x5c08570d2ff0
7585,84,654,cdls,0x5c08570d2ff0
7586,75,477,cdls,0x5c08570d2ff0
7587,105,474,cdls,0x5c08570d2ff0
7588,135,363,cdls,0x5c08570d2ff0
7589,66,462,cdls,0x5c08570d2ff0
7590,132,465,cdls,0x5c08570d2ff0
7591,81,528,cdls,0x5c08570d2ff0
7592,66,306,cdls,0x5c08570d2ff0
7593,120,417,cdls,0x5c08570d2ff0
7594,87,501,cdls,0x5c08570d2ff0
7595,75,441,cdls,0x5c08570d2ff0
7596,84,252,cdls,0x5c08570d2ff0
7597,24,210,cdls,0x5c08570d2ff0
7598,111,447,cdls,0x5c08570d2ff0
7599,48,198,cdls,0x5c08570d2ff0
7600,96,432,cdls,0x5c08570d2ff0
7601,90,354,cdls,0x5c08570d2ff0
7602,93,423,cdls,0x5c08570d2ff0
7603,81,549,cdls,0x5c08570d2ff0
7604,84,462,cdls,0x5c08570d2ff0
7605,99,582,cdls,0x5c08570d2ff0
7606,96,633,cdls,0x5c08570d2ff0
7607,141,468,cdls,0x5c08570d2ff0
7608,66,504,cdls,0x5c08570d2ff0
7609,108,480,cdls,0x5c08570d2ff0
7610,147,441,cdls,0x5c08570d2ff0
7611,42,483,cdls,0x5c08570d2ff0
7612,111,498,cdls,0x5c08570d2ff0
7613,99,498,cdls,0x5c08570d2ff0
7614,78,495,cdls,0x5c08570d2ff0
7615,117,363,cdls,0x5c08570d2ff0
7616,75,333,cdls,0x5c08570d2ff0
7617,60,228,cdls,0x5c08570d2ff0
7618,30,201,cdls,0x5c08570d2ff0
7619,21,171,cdls,0x5c08570d2ff0
7620,78,348,cdls,0x5c08570d2ff0
7621,84,426,cdls,0x5c08570d2ff0
7622,42,336,cdls,0x5c08570d2ff0
7623,96,369,cdls,0x5c08570d2ff0
7624,81,477,cdls,0x5c08570d2ff0
7625,138,432,cdls,0x5c08570d2ff0
7626,57,228,cdls,0x5c08570d2ff0
7627,57,222,cdls,0x5c08570d2ff0
7628,120,345,cdls,0x5c08570d2ff0
7629,54,420,cdls,0x5c08570d2ff0
7630,120,492,cdls,0x5c08570d2ff0
7631,60,414,cdls,0x5c08570d2ff0
7632,63,618,cdls,0x5c08570d2ff0
7633,129,519,cdls,0x5c08570d2ff0
7634,108,510,cdls,0x5c08570d2ff0
7635,81,459,cdls,0x5c08570d2ff0
7636,84,654,cdls,0x5c08570d2ff0
7637,33,219,cdls,0x5c08570d2ff0
7638,60,306,cdls,0x5c08570d2ff0
7639,171,411,cdls,0x5c08570d2ff0
7640,105,336,cdls,0x5c08570d2ff0
7641,87,270,cdls,0x5c08570d2ff0
7642,81,339,cdls,0x5c08570d2ff0
7643,84,378,cdls,0x5c08570d2ff0
7644,132,387,cdls,0x5c08570d2ff0
7645,138,498,cdls,0x5c08570d2ff0
7646,81,549,cdls,0x5c08570d2ff0
7647,63,297,cdls,0x5c08570d2ff0
7648,57,237,cdls,0x5c08570d2ff0
7649,84,336,cdls,0x5c08570d2ff0
7650,33,126,cdls,0x5c08570d2ff0
7651,27,153,cdls,0x5c08570d2ff0
7652,117,543,cdls,0x5c08570d2ff0
7653,171,402,cdls,0x5c08570d2ff0
7654,120,414,cdls,0x5c08570d2ff0
7655,102,468,cdls,0x5c08570d2ff0
7656,63,492,cdls,0x5c08570d2ff0
7657,54,480,cdls,0x5c08570d2ff0
7658,72,645,cdls,0x5c08570d2ff0
7659,111,492,cdls,0x5c08570d2ff0
7660,51,771,cdls,0x5c08570d2ff0
7661,111,534,cdls,0x5c08570d2ff0
7662,75,327,cdls,0x5c08570d2ff0
7663,87,420,cdls,0x5c08570d2ff0
7664,117,435,cdls,0x5c08570d2ff0
7665,93,453,cdls,0x5c08570d2ff0
7666,69,519,cdls,0x5c08570d2ff0
7667,96,513,cdls,0x5c08570d2ff0
7668,45,561,cdls,0x5c08570d2ff0
7669,93,519,cdls,0x5c08570d2ff0
7670,57,561,cdls,0x5c08570d2ff0
7671,63,681,cdls,0x5c08570d2ff0
7672,78,459,cdls,0x5c08570d2ff0
7673,93,651,cdls,0x5c08570d2ff0
7674,54,438,cdls,0x5c08570d2ff0
7675,120,543,cdls,0x5c08570d2ff0
7676,75,441,cdls,0x5c08570d2ff0
7677,60,474,cdls,0x5c08570d2ff0
7678,93,531,cdls,0x5c08570d2ff0
7679,117,426,cdls,0x5c08570d2ff0
7680,90,732,cdls,0x5c08570d2ff0
7681,111,582,cdls,0x5c08570d2ff0
7682,84,429,cdls,0x5c08570d2ff0
7683,39,684,cdls,0x5c08570d2ff0
7684,105,798,cdls,0x5c08570d2ff0
7685,66,543,cdls,0x5c08570d2ff0
7686,33,642,cdls,0x5c08570d2ff0
7687,90,789,cdls,0x5c08570d2ff0
7688,84,501,cdls,0x5c08570d2ff0
7689,126,396,cdls,0x5c08570d2ff0
7690,114,648,cdls,0x5c08570d2ff0
7691,81,591,cdls,0x5c08570d2ff0
7692,24,198,cdls,0x5c08570d2ff0
7693,57,339,cdls,0x5c08570d2ff0
7694,21,171,cdls,0x5c08570d2ff0
7695,72,378,cdls,0x5c08570d2ff0
7696,27,201,cdls,0x5c08570d2ff0
7697,15,141,cdls,0x5c08570d2ff0
7698,60,390,cdls,0x5c08570d2ff0
7699,18,156,cdls,0x5c08570d2ff0
7700,39,153,cdls,0x5c08570d2ff0
7701,36,219,cdls,0x5c08570d2ff0
7702,45,225,cdls,0x5c08570d2ff0
7703,42,204,cdls,0x5c08570d2ff0
7704,72,330,cdls,0x5c08570d2ff0
7705,60,294,cdls,0x5c08570d2ff0
7706,54,240,cdls,0x5c08570d2ff0
7707,60,270,cdls,0x5c08570d2ff0
7708,153,420,cdls,0x5c08570d2ff0
7709,90,324,cdls,0x5c08570d2ff0
7710,99,459,cdls,0x5c08570d2ff0
7711,63,645,cdls,0x5c08570d2ff0
7712,75,417,cdls,0x5c08570d2ff0
7713,42,672,cdls,0x5c08570d2ff0
7714,57,579,cdls,0x5c08570d2ff0
7715,105,447,cdls,0x5c08570d2ff0
7716,87,561,cdls,0x5c08570d2ff0
7717,96,510,cdls,0x5c08570d2ff0
7718,60,489,cdls,0x5c08570d2ff0
7719,78,423,cdls,0x5c08570d2ff0
7720,33,168,cdls,0x5c08570d2ff0
7721,78,552,cdls,0x5c08570d2ff0
7722,57,240,cdls,0x5c08570d2ff0
7723,93,699,cdls,0x5c08570d2ff0
7724,96,570,cdls,0x5c08570d2ff0
7725,63,573,cdls,0x5c08570d2ff0
7726,81,639,cdls,0x5c08570d2ff0
7727,84,366,cdls,0x5c08570d2ff0
7728,33,267,cdls,0x5c08570d2ff0
7729,54,240,cdls,0x5c08570d2ff0
7730,105,387,cdls,0x5c08570d2ff0
7731,33,135,cdls,0x5c08570d2ff0
7732,57,519,cdls,0x5c08570d2ff0
7733,75,447,cdls,0x5c08570d2ff0
7734,102,474,cdls,0x5c08570d2ff0
7735,66,489,cdls,0x5c08570d2ff0
7736,69,699,cdls,0x5c08570d2ff0
7737,66,657,cdls,0x5c08570d2ff0
7738,69,450,cdls,0x5c08570d2ff0
7739,69,543,cdls,0x5c08570d2ff0
7740,96,411,cdls,0x5c08570d2ff0
7741,45,519,cdls,0x5c08570d2ff0
7742,24,186,cdls,0x5c08570d2ff0
7743,63,273,cdls,0x5c08570d2ff0
7744,93,459,cdls,0x5c08570d2ff0
7745,75,489,cdls,0x5c08570d2ff0
7746,132,354,cdls,0x5c08570d2ff0
7747,48,465,cdls,0x5c08570d2ff0
7748,57,591,cdls,0x5c08570d2ff0
7749,63,522,cdls,0x5c08570d2ff0
7750,57,519,cdls,0x5c08570d2ff0
7751,75,435,cdls,0x5c08570d2ff0
7752,99,441,cdls,0x5c08570d2ff0
7753,84,414,cdls,0x5c08570d2ff0
7754,84,498,cdls,0x5c08570d2ff0
7755,81,597,cdls,0x5c08570d2ff0
7756,84,489,cdls,0x5c08570d2ff0
7757,111,507,cdls,0x5c08570d2ff0
7758,66,735,cdls,0x5c08570d2ff0
7759,75,996,cdls,0x5c08570d2ff0
7760,27,624,cdls,0x5c08570d2ff0
7761,60,558,cdls,0x5c08570d2ff0
7762,33,231,cdls,0x5c08570d2ff0
7763,105,429,cdls,0x5c08570d2ff0
7764,99,357,cdls,0x5c08570d2ff0
7765,111,510,cdls,0x5c08570d2ff0
7766,75,330,cdls,0x5c08570d2ff0
7767,69,315,cdls,0x5c08570d2ff0
7768,39,273,cdls,0x5c08570d2ff0
7769,60,270,cdls,0x5c08570d2ff0
7770,27,294,cdls,0x5c08570d2ff0
7771,108,462,cdls,0x5c08570d2ff0
7772,81,327,cdls,0x5c08570d2ff0
7773,27,213,cdls,0x5c08570d2ff0
7774,108,378,cdls,0x5c08570d2ff0
7775,57,267,cdls,0x5c08570d2ff0
7776,93,399,cdls,0x5c08570d2ff0
7777,51,657,cdls,0x5c08570d2ff0
7778,51,249,cdls,0x5c08570d2ff0
7779,24,198,cdls,0x5c08570d2ff0
7780,39,189,cdls,0x5c08570d2ff0
7781,78,444,cdls,0x5c08570d2ff0
7782,33,684,cdls,0x5c08570d2ff0
7783,132,483,cdls,0x5c08570d2ff0
7784,81,507,cdls,0x5c08570d2ff0
7785,150,516,cdls,0x5c08570d2ff0
7786,84,627,cdls,0x5c08570d2ff0
7787,81,561,cdls,0x5c08570d2ff0
7788,114,420,cdls,0x5c08570d2ff0
7789,75,567,cdls,0x5c08570d2ff0
7790,66,384,cdls,0x5c08570d2ff0
7791,54,564,cdls,0x5c08570d2ff0
7792,27,213,cdls,0x5c08570d2ff0
7793,72,396,cdls,0x5c08570d2ff0
7794,60,270,cdls,0x5c08570d2ff0
7795,75,621,cdls,0x5c08570d2ff0
7796,132,582,cdls,0x5c08570d2ff0
7797,99,585,cdls,0x5c08570d2ff0
7798,69,591,cdls,0x5c08570d2ff0
7799,84,486,cdls,0x5c08570d2ff0
7800,30,357,cdls,0x5c08570d2ff0
7801,90,348,cdls,0x5c08570d2ff0
7802,60,498,cdls,0x5c08570d2ff0
7803,81,594,cdls,0x5c08570d2ff0
7804,57,633,cdls,0x5c08570d2ff0
7805,93,462,cdls,0x5c08570d2ff0
7806,72,522,cdls,0x5c08570d2ff0
7807,42,648,cdls,0x5c08570d2ff0
7808,66,411,cdls,0x5c08570d2ff0
7809,96,798,cdls,0x5c08570d2ff0
7810,99,498,cdls,0x5c08570d2ff0
7811,141,486,cdls,0x5c08570d2ff0
7812,93,528,cdls,0x5c08570d2ff0
7813,48,510,cdls,0x5c08570d2ff0
7814,87,552,cdls,0x5c08570d2ff0
7815,48,315,cdls,0x5c08570d2ff0
7816,81,567,cdls,0x5c08570d2ff0
7817,39,261,cdls,0x5c08570d2ff0
7818,81,504,cdls,0x5c08570d2ff0
7819,45,144,cdls,0x5c08570d2ff0
7820,105,324,cdls,0x5c08570d2ff0
7821,84,228,cdls,0x5c08570d2ff0
7822,108,501,cdls,0x5c08570d2ff0
7823,117,333,cdls,0x5c08570d2ff0
7824,111,549,cdls,0x5c08570d2ff0
7825,84,474,cdls,0x5c08570d2ff0
7826,51,225,cdls,0x5c08570d2ff0
7827,42,288,cdls,0x5c08570d2ff0
7828,111,390,cdls,0x5c08570d2ff0
7829,120,441,cdls,0x5c08570d2ff0
7830,51,273,cdls,0x5c08570d2ff0
7831,117,390,cdls,0x5c08570d2ff0
7832,21,144,cdls,0x5c08570d2ff0
7833,84,276,cdls,0x5c08570d2ff0
7834,99,537,cdls,0x5c08570d2ff0
7835,69,507,cdls,0x5c08570d2ff0
7836,69,651,cdls,0x5c08570d2ff0
7837,42,768,cdls,0x5c08570d2ff0
7838,84,588,cdls,0x5c08570d2ff0
7839,45,498,cdls,0x5c08570d2ff0
7840,87,573,cdls,0x5c08570d2ff0
7841,108,327,cdls,0x5c08570d2ff0
7842,84,597,cdls,0x5c08570d2ff0
7843,78,624,cdls,0x5c08570d2ff0
7844,108,591,cdls,0x5c08570d2ff0
7845,72,414,cdls,0x5c08570d2ff0
7846,129,498,cdls,0x5c08570d2ff0
7847,84,417,cdls,0x5c08570d2ff0
7848,84,342,cdls,0x5c08570d2ff0
7849,81,381,cdls,0x5c08570d2ff0
7850,111,381,cdls,0x5c08570d2ff0
7851,114,369,cdls,0x5c08570d2ff0
7852,75,303,cdls,0x5c08570d2ff0
7853,102,390,cdls,0x5c08570d2ff0
7854,93,444,cdls,0x5c08570d2ff0
7855,108,585,cdls,0x5c08570d2ff0
7856,60,456,cdls,0x5c08570d2ff0
7857,93,549,cdls,0x5c08570d2ff0
7858,72,354,cdls,0x5c08570d2ff0
7859,90,516,cdls,0x5c08570d2ff0
7860,120,567,cdls,0x5c08570d2ff0
7861,48,726,cdls,0x5c08570d2ff0
7862,51,606,cdls,0x5c08570d2ff0
7863,63,504,cdls,0x5c08570d2ff0
7864,105,546,cdls,0x5c08570d2ff0
7865,48,585,cdls,0x5c08570d2ff0
7866,45,660,cdls,0x5c08570d2ff0
7867,69,540,cdls,0x5c08570d2ff0
7868,87,609,cdls,0x5c08570d2ff0
7869,84,996,cdls,0x5c08570d2ff0
7870,72,879,cdls,0x5c08570d2ff0
7871,81,891,cdls,0x5c08570d2ff0
7872,69,738,cdls,0x5c08570d2ff0
7873,78,837,cdls,0x5c08570d2ff0
7874,84,1002,cdls,0x5c08570d2ff0
7875,93,1365,cdls,0x5c08570d2ff0
7876,96,609,cdls,0x5c08570d2ff0
7877,78,879,cdls,0x5c08570d2ff0
7878,63,765,cdls,0x5c08570d2ff0
7879,90,1092,cdls,0x5c08570d2ff0
7880,42,555,cdls,0x5c08570d2ff0
7881,84,690,cdls,0x5c08570d2ff0
7882,87,573,cdls,0x5c08570d2ff0
7883,96,492,cdls,0x5c08570d2ff0
7884,57,951,cdls,0x5c08570d2ff0
7885,93,891,cdls,0x5c08570d2ff0
7886,66,756,cdls,0x5c08570d2ff0
7887,90,1044,cdls,0x5c08570d2ff0
7888,57,543,cdls,0x5c08570d2ff0
7889,45,504,cdls,0x5c08570d2ff0
7890,105,627,cdls,0x5c08570d2ff0
7891,57,747,cdls,0x5c08570d2ff0
7892,69,354,cdls,0x5c08570d2ff0
7893,72,507,cdls,0x5c08570d2ff0
7894,111,414,cdls,0x5c08570d2ff0
7895,63,849,cdls,0x5c08570d2ff0
7896,90,492,cdls,0x5c08570d2ff0
7897,69,387,cdls,0x5c08570d2ff0
7898,63,753,cdls,0x5c08570d2ff0
7899,87,588,cdls,0x5c08570d2ff0
7900,60,846,cdls,0x5c08570d2ff0
7901,60,786,cdls,0x5c08570d2ff0
7902,48,774,cdls,0x5c08570d2ff0
7903,72,810,cdls,0x5c08570d2ff0
7904,42,480,cdls,0x5c08570d2ff0
7905,57,759,cdls,0x5c08570d2ff0
7906,138,588,cdls,0x5c08570d2ff0
7907,84,498,cdls,0x5c08570d2ff0
7908,114,345,cdls,0x5c08570d2ff0
7909,75,693,cdls,0x5c08570d2ff0
7910,102,384,cdls,0x5c08570d2ff0
7911,54,702,cdls,0x5c08570d2ff0
7912,117,552,cdls,0x5c08570d2ff0
7913,84,354,cdls,0x5c08570d2ff0
7914,45,450,cdls,0x5c08570d2ff0
7915,93,543,cdls,0x5c08570d2ff0
7916,108,510,cdls,0x5c08570d2ff0
7917,72,594,cdls,0x5c08570d2ff0
7918,57,222,cdls,0x5c08570d2ff0
7919,72,285,cdls,0x5c08570d2ff0
7920,123,351,cdls,0x5c08570d2ff0
7921,114,708,cdls,0x5c08570d2ff0
7922,135,429,cdls,0x5c08570d2ff0
7923,75,252,cdls,0x5c08570d2ff0
7924,63,186,cdls,0x5c08570d2ff0
7925,66,213,cdls,0x5c08570d2ff0
7926,93,282,cdls,0x5c08570d2ff0
7927,69,258,cdls,0x5c08570d2ff0
7928,57,345,cdls,0x5c08570d2ff0
7929,78,405,cdls,0x5c08570d2ff0
7930,69,684,cdls,0x5c08570d2ff0
7931,111,342,cdls,0x5c08570d2ff0
7932,129,423,cdls,0x5c08570d2ff0
7933,84,654,cdls,0x5c08570d2ff0
7934,90,492,cdls,0x5c08570d2ff0
7935,93,453,cdls,0x5c08570d2ff0
7936,57,516,cdls,0x5c08570d2ff0
7937,120,543,cdls,0x5c08570d2ff0
7938,96,357,cdls,0x5c08570d2ff0
7939,48,762,cdls,0x5c08570d2ff0
7940,141,468,cdls,0x5c08570d2ff0
7941,111,525,cdls,0x5c08570d2ff0
7942,72,678,cdls,0x5c08570d2ff0
7943,57,699,cdls,0x5c08570d2ff0
7944,39,624,cdls,0x5c08570d2ff0
7945,129,420,cdls,0x5c08570d2ff0
7946,60,486,cdls,0x5c08570d2ff0
7947,72,480,cdls,0x5c08570d2ff0
7948,57,432,cdls,0x5c08570d2ff0
7949,105,540,cdls,0x5c08570d2ff0
7950,78,414,cdls,0x5c08570d2ff0
7951,117,372,cdls,0x5c08570d2ff0
7952,45,330,cdls,0x5c08570d2ff0
7953,75,222,cdls,0x5c08570d2ff0
7954,69,339,cdls,0x5c08570d2ff0
7955,24,174,cdls,0x5c08570d2ff0
7956,81,375,cdls,0x5c08570d2ff0
7957,81,615,cdls,0x5c08570d2ff0
7958,27,381,cdls,0x5c08570d2ff0
7959,72,342,cdls,0x5c08570d2ff0
7960,93,375,cdls,0x5c08570d2ff0
7961,36,450,cdls,0x5c08570d2ff0
7962,99,573,cdls,0x5c08570d2ff0
7963,105,510,cdls,0x5c08570d2ff0
7964,48,450,cdls,0x5c08570d2ff0
7965,108,375,cdls,0x5c08570d2ff0
7966,90,450,cdls,0x5c08570d2ff0
7967,126,462,cdls,0x5c08570d2ff0
7968,72,399,cdls,0x5c08570d2ff0
7969,48,309,cdls,0x5c08570d2ff0
7970,99,399,cdls,0x5c08570d2ff0
7971,75,561,cdls,0x5c08570d2ff0
7972,105,663,cdls,0x5c08570d2ff0
7973,99,645,cdls,0x5c08570d2ff0
7974,51,525,cdls,0x5c08570d2ff0
7975,60,564,cdls,0x5c08570d2ff0
7976,90,756,cdls,0x5c08570d2ff0
7977,66,687,cdls,0x5c08570d2ff0
7978,51,417,cdls,0x5c08570d2ff0
7979,63,405,cdls,0x5c08570d2ff0
7980,114,456,cdls,0x5c08570d2ff0
7981,48,669,cdls,0x5c08570d2ff0
7982,102,453,cdls,0x5c08570d2ff0
7983,69,498,cdls,0x5c08570d2ff0
7984,96,477,cdls,0x5c08570d2ff0
7985,87,525,cdls,0x5c08570d2ff0
7986,66,543,cdls,0x5c08570d2ff0
7987,126,660,cdls,0x5c08570d2ff0
7988,66,732,cdls,0x5c08570d2ff0
7989,60,630,cdls,0x5c08570d2ff0
7990,96,534,cdls,0x5c08570d2ff0
7991,57,639,cdls,0x5c08570d2ff0
7992,45,432,cdls,0x5c08570d2ff0
7993,63,351,cdls,0x5c08570d2ff0
7994,42,411,cdls,0x5c08570d2ff0
7995,111,561,cdls,0x5c08570d2ff0
7996,75,585,cdls,0x5c08570d2ff0
7997,120,522,cdls,0x5c08570d2ff0
7998,120,423,cdls,0x5c08570d2ff0
7999,42,471,cdls,0x5c08570d2ff0
8000,108,471,cdls,0x5c08570d2ff0
8001,144,486,cdls,0x5c08570d2ff0
8002,57,579,cdls,0x5c08570d2ff0
8003,102,405,cdls,0x5c08570d2ff0
8004,81,675,cdls,0x5c08570d2ff0
8005,63,504,cdls,0x5c08570d2ff0
8006,60,411,cdls,0x5c08570d2ff0
8007,102,531,cdls,0x5c08570d2ff0
8008,51,366,cdls,0x5c08570d2ff0
8009,57,429,cdls,0x5c08570d2ff0
8010,48,378,cdls,0x5c08570d2ff0
8011,117,591,cdls,0x5c08570d2ff0
8012,60,741,cdls,0x5c08570d2ff0
8013,51,885,cdls,0x5c08570d2ff0
8014,81,723,cdls,0x5c08570d2ff0
8015,48,501,cdls,0x5c08570d2ff0
8016,117,603,cdls,0x5c08570d2ff0
8017,75,450,cdls,0x5c08570d2ff0
8018,42,528,cdls,0x5c08570d2ff0
8019,57,384,cdls,0x5c08570d2ff0
8020,96,528,cdls,0x5c08570d2ff0
8021,63,567,cdls,0x5c08570d2ff0
8022,108,378,cdls,0x5c08570d2ff0
8023,42,504,cdls,0x5c08570d2ff0
8024,90,654,cdls,0x5c08570d2ff0
8025,105,414,cdls,0x5c08570d2ff0
8026,144,405,cdls,0x5c08570d2ff0
8027,120,369,cdls,0x5c08570d2ff0
8028,90,684,cdls,0x5c08570d2ff0
8029,99,750,cdls,0x5c08570d2ff0
8030,63,741,cdls,0x5c08570d2ff0
8031,27,753,cdls,0x5c08570d2ff0
8032,159,489,cdls,0x5c08570d2ff0
8033,111,480,cdls,0x5c08570d2ff0
8034,114,549,cdls,0x5c08570d2ff0
8035,45,444,cdls,0x5c08570d2ff0
8036,39,150,cdls,0x5c08570d2ff0
8037,63,285,cdls,0x5c08570d2ff0
8038,30,195,cdls,0x5c08570d2ff0
8039,60,213,cdls,0x5c08570d2ff0
8040,120,396,cdls,0x5c08570d2ff0
8041,75,357,cdls,0x5c08570d2ff0
8042,18,156,cdls,0x5c08570d2ff0
8043,72,402,cdls,0x5c08570d2ff0
8044,57,243,cdls,0x5c08570d2ff0
8045,36,222,cdls,0x5c08570d2ff0
8046,66,480,cdls,0x5c08570d2ff0
8047,126,672,cdls,0x5c08570d2ff0
8048,39,270,cdls,0x5c08570d2ff0
8049,60,354,cdls,0x5c08570d2ff0
8050,114,396,cdls,0x5c08570d2ff0
8051,81,567,cdls,0x5c08570d2ff0
8052,60,198,cdls,0x5c08570d2ff0
8053,66,252,cdls,0x5c08570d2ff0
8054,69,387,cdls,0x5c08570d2ff0
8055,117,501,cdls,0x5c08570d2ff0
8056,75,501,cdls,0x5c08570d2ff0
8057,120,378,cdls,0x5c08570d2ff0
8058,54,324,cdls,0x5c08570d2ff0
8059,90,564,cdls,0x5c08570d2ff0
8060,60,345,cdls,0x5c08570d2ff0
8061,36,342,cdls,0x5c08570d2ff0
8062,21,171,cdls,0x5c08570d2ff0
8063,111,360,cdls,0x5c08570d2ff0
8064,75,504,cdls,0x5c08570d2ff0
8065,102,588,cdls,0x5c08570d2ff0
8066,87,453,cdls,0x5c08570d2ff0
8067,60,798,cdls,0x5c08570d2ff0
8068,45,771,cdls,0x5c08570d2ff0
8069,75,429,cdls,0x5c08570d2ff0
8070,84,618,cdls,0x5c08570d2ff0
8071,147,477,cdls,0x5c08570d2ff0
8072,63,537,cdls,0x5c08570d2ff0
8073,72,345,cdls,0x5c08570d2ff0
8074,75,384,cdls,0x5c08570d2ff0
8075,63,537,cdls,0x5c08570d2ff0
8076,123,366,cdls,0x5c08570d2ff0
8077,60,546,cdls,0x5c08570d2ff0
8078,51,417,cdls,0x5c08570d2ff0
8079,132,429,cdls,0x5c08570d2ff0
8080,123,291,cdls,0x5c08570d2ff0
8081,111,267,cdls,0x5c08570d2ff0
8082,93,441,cdls,0x5c08570d2ff0
8083,69,483,cdls,0x5c08570d2ff0
8084,90,798,cdls,0x5c08570d2ff0
8085,48,558,cdls,0x5c08570d2ff0
8086,66,684,cdls,0x5c08570d2ff0
8087,42,708,cdls,0x5c08570d2ff0
8088,114,531,cdls,0x5c08570d2ff0
8089,99,483,cdls,0x5c08570d2ff0
8090,105,360,cdls,0x5c08570d2ff0
8091,87,441,cdls,0x5c08570d2ff0
8092,87,381,cdls,0x5c08570d2ff0
8093,93,411,cdls,0x5c08570d2ff0
8094,90,408,cdls,0x5c08570d2ff0
8095,72,393,cdls,0x5c08570d2ff0
8096,84,696,cdls,0x5c08570d2ff0
8097,45,267,cdls,0x5c08570d2ff0
8098,69,417,cdls,0x5c08570d2ff0
8099,141,363,cdls,0x5c08570d2ff0
8100,60,339,cdls,0x5c08570d2ff0
8101,159,492,cdls,0x5c08570d2ff0
8102,90,624,cdls,0x5c08570d2ff0
8103,90,393,cdls,0x5c08570d2ff0
8104,72,786,cdls,0x5c08570d2ff0
8105,78,576,cdls,0x5c08570d2ff0
8106,90,684,cdls,0x5c08570d2ff0
8107,42,684,cdls,0x5c08570d2ff0
8108,117,627,cdls,0x5c08570d2ff0
8109,78,627,cdls,0x5c08570d2ff0
8110,114,522,cdls,0x5c08570d2ff0
8111,120,486,cdls,0x5c08570d2ff0
8112,126,402,cdls,0x5c08570d2ff0
8113,120,570,cdls,0x5c08570d2ff0
8114,60,438,cdls,0x5c08570d2ff0
8115,99,633,cdls,0x5c08570d2ff0
8116,99,477,cdls,0x5c08570d2ff0
8117,60,870,cdls,0x5c08570d2ff0
8118,84,582,cdls,0x5c08570d2ff0
8119,114,468,cdls,0x5c08570d2ff0
8120,48,510,cdls,0x5c08570d2ff0
8121,108,690,cdls,0x5c08570d2ff0
8122,81,555,cdls,0x5c08570d2ff0
8123,45,783,cdls,0x5c08570d2ff0
8124,57,723,cdls,0x5c08570d2ff0
8125,51,531,cdls,0x5c08570d2ff0
8126,57,483,cdls,0x5c08570d2ff0
8127,72,657,cdls,0x5c08570d2ff0
8128,72,510,cdls,0x5c08570d2ff0
8129,102,483,cdls,0x5c08570d2ff0
8130,123,513,cdls,0x5c08570d2ff0
8131,93,483,cdls,0x5c08570d2ff0
8132,36,486,cdls,0x5c08570d2ff0
8133,87,597,cdls,0x5c08570d2ff0
8134,51,456,cdls,0x5c08570d2ff0
8135,87,771,cdls,0x5c08570d2ff0
8136,114,588,cdls,0x5c08570d2ff0
8137,72,738,cdls,0x5c08570d2ff0
8138,72,666,cdls,0x5c08570d2ff0
8139,36,426,cdls,0x5c08570d2ff0
8140,81,396,cdls,0x5c08570d2ff0
8141,54,459,cdls,0x5c08570d2ff0
8142,63,909,cdls,0x5c08570d2ff0
8143,57,654,cdls,0x5c08570d2ff0
8144,57,600,cdls,0x5c08570d2ff0
8145,78,924,cdls,0x5c08570d2ff0
8146,60,543,cdls,0x5c08570d2ff0
8147,75,444,cdls,0x5c08570d2ff0
8148,75,669,cdls,0x5c08570d2ff0
8149,45,627,cdls,0x5c08570d2ff0
8150,48,570,cdls,0x5c08570d2ff0
8151,78,627,cdls,0x5c08570d2ff0
8152,84,618,cdls,0x5c08570d2ff0
8153,48,642,cdls,0x5c08570d2ff0
8154,78,924,cdls,0x5c08570d2ff0
8155,75,813,cdls,0x5c08570d2ff0
8156,30,768,cdls,0x5c08570d2ff0
8157,54,633,cdls,0x5c08570d2ff0
8158,42,624,cdls,0x5c08570d2ff0
8159,78,1044,cdls,0x5c08570d2ff0
8160,60,270,cdls,0x5c08570d2ff0
8161,69,708,cdls,0x5c08570d2ff0
8162,108,390,cdls,0x5c08570d2ff0
8163,51,513,cdls,0x5c08570d2ff0
8164,93,738,cdls,0x5c08570d2ff0
8165,108,450,cdls,0x5c08570d2ff0
8166,75,525,cdls,0x5c08570d2ff0
8167,60,306,cdls,0x5c08570d2ff0
8168,93,807,cdls,0x5c08570d2ff0
8169,108,693,cdls,0x5c08570d2ff0
8170,72,666,cdls,0x5c08570d2ff0
8171,42,615,cdls,0x5c08570d2ff0
8172,63,528,cdls,0x5c08570d2ff0
8173,81,654,cdls,0x5c08570d2ff0
8174,57,567,cdls,0x5c08570d2ff0
8175,57,564,cdls,0x5c08570d2ff0
8176,45,279,cdls,0x5c08570d2ff0
8177,63,321,cdls,0x5c08570d2ff0
8178,186,483,cdls,0x5c08570d2ff0
8179,48,522,cdls,0x5c08570d2ff0
8180,105,453,cdls,0x5c08570d2ff0
8181,153,429,cdls,0x5c08570d2ff0
8182,114,336,cdls,0x5c08570d2ff0
8183,60,558,cdls,0x5c08570d2ff0
8184,57,597,cdls,0x5c08570d2ff0
8185,120,402,cdls,0x5c08570d2ff0
8186,33,459,cdls,0x5c08570d2ff0
8187,123,513,cdls,0x5c08570d2ff0
8188,63,609,cdls,0x5c08570d2ff0
8189,87,525,cdls,0x5c08570d2ff0
8190,57,525,cdls,0x5c08570d2ff0
8191,60,582,cdls,0x5c08570d2ff0
8192,75,657,cdls,0x5c08570d2ff0
8193,78,639,cdls,0x5c08570d2ff0
8194,39,645,cdls,0x5c08570d2ff0
8195,66,768,cdls,0x5c08570d2ff0
8196,48,834,cdls,0x5c08570d2ff0
8197,72,549,cdls,0x5c08570d2ff0
8198,75,657,cdls,0x5c08570d2ff0
8199,45,516,cdls,0x5c08570d2ff0
8200,57,708,cdls,0x5c08570d2ff0
8201,60,792,cdls,0x5c08570d2ff0
8202,69,591,cdls,0x5c08570d2ff0
8203,66,840,cdls,0x5c08570d2ff0
8204,57,675,cdls,0x5c08570d2ff0
8205,66,744,cdls,0x5c08570d2ff0
8206,87,393,cdls,0x5c08570d2ff0
8207,90,576,cdls,0x5c08570d2ff0
8208,54,624,cdls,0x5c08570d2ff0
8209,93,675,cdls,0x5c08570d2ff0
8210,87,525,cdls,0x5c08570d2ff0
8211,63,510,cdls,0x5c08570d2ff0
8212,126,393,cdls,0x5c08570d2ff0
8213,72,264,cdls,0x5c08570d2ff0
8214,123,294,cdls,0x5c08570d2ff0
8215,54,606,cdls,0x5c08570d2ff0
8216,81,555,cdls,0x5c08570d2ff0
8217,75,537,cdls,0x5c08570d2ff0
8218,114,441,cdls,0x5c08570d2ff0
8219,36,423,cdls,0x5c08570d2ff0
8220,60,720,cdls,0x5c08570d2ff0
8221,114,504,cdls,0x5c08570d2ff0
8222,102,660,cdls,0x5c08570d2ff0
8223,78,291,cdls,0x5c08570d2ff0
8224,90,456,cdls,0x5c08570d2ff0
8225,45,291,cdls,0x5c08570d2ff0
8226,99,399,cdls,0x5c08570d2ff0
8227,111,339,cdls,0x5c08570d2ff0
8228,108,507,cdls,0x5c08570d2ff0
8229,39,549,cdls,0x5c08570d2ff0
8230,72,522,cdls,0x5c08570d2ff0
8231,111,633,cdls,0x5c08570d2ff0
8232,129,414,cdls,0x5c08570d2ff0
8233,99,549,cdls,0x5c08570d2ff0
8234,105,363,cdls,0x5c08570d2ff0
8235,27,93,cdls,0x5c08570d2ff0
8236,135,483,cdls,0x5c08570d2ff0
8237,69,630,cdls,0x5c08570d2ff0
8238,48,417,cdls,0x5c08570d2ff0
8239,135,465,cdls,0x5c08570d2ff0
8240,144,363,cdls,0x5c08570d2ff0
8241,66,540,cdls,0x5c08570d2ff0
8242,39,369,cdls,0x5c08570d2ff0
8243,108,474,cdls,0x5c08570d2ff0
8244,108,459,cdls,0x5c08570d2ff0
8245,117,543,cdls,0x5c08570d2ff0
8246,45,771,cdls,0x5c08570d2ff0
8247,57,891,cdls,0x5c08570d2ff0
8248,33,963,cdls,0x5c08570d2ff0
8249,54,687,cdls,0x5c08570d2ff0
8250,117,525,cdls,0x5c08570d2ff0
8251,87,753,cdls,0x5c08570d2ff0
8252,75,849,cdls,0x5c08570d2ff0
8253,69,645,cdls,0x5c08570d2ff0
8254,87,432,cdls,0x5c08570d2ff0
8255,102,486,cdls,0x5c08570d2ff0
8256,48,678,cdls,0x5c08570d2ff0
8257,90,543,cdls,0x5c08570d2ff0
8258,84,438,cdls,0x5c08570d2ff0
8259,105,627,cdls,0x5c08570d2ff0
8260,87,705,cdls,0x5c08570d2ff0
8261,111,492,cdls,0x5c08570d2ff0
8262,66,507,cdls,0x5c08570d2ff0
8263,75,585,cdls,0x5c08570d2ff0
8264,42,540,cdls,0x5c08570d2ff0
8265,114,498,cdls,0x5c08570d2ff0
8266,138,462,cdls,0x5c08570d2ff0
8267,57,735,cdls,0x5c08570d2ff0
8268,45,771,cdls,0x5c08570d2ff0
8269,126,522,cdls,0x5c08570d2ff0
8270,102,519,cdls,0x5c08570d2ff0
8271,105,573,cdls,0x5c08570d2ff0
8272,66,387,cdls,0x5c08570d2ff0
8273,57,477,cdls,0x5c08570d2ff0
8274,99,576,cdls,0x5c08570d2ff0
8275,75,756,cdls,0x5c08570d2ff0
8276,84,927,cdls,0x5c08570d2ff0
8277,51,603,cdls,0x5c08570d2ff0
8278,78,393,cdls,0x5c08570d2ff0
8279,39,357,cdls,0x5c08570d2ff0
8280,75,369,cdls,0x5c08570d2ff0
8281,42,252,cdls,0x5c08570d2ff0
8282,45,516,cdls,0x5c08570d2ff0
8283,60,630,cdls,0x5c08570d2ff0
8284,87,645,cdls,0x5c08570d2ff0
8285,54,657,cdls,0x5c08570d2ff0
8286,90,492,cdls,0x5c08570d2ff0
8287,81,510,cdls,0x5c08570d2ff0
8288,84,630,cdls,0x5c08570d2ff0
8289,90,528,cdls,0x5c08570d2ff0
8290,42,504,cdls,0x5c08570d2ff0
8291,111,426,cdls,0x5c08570d2ff0
8292,111,411,cdls,0x5c08570d2ff0
8293,123,429,cdls,0x5c08570d2ff0
8294,48,606,cdls,0x5c08570d2ff0
8295,81,627,cdls,0x5c08570d2ff0
8296,123,489,cdls,0x5c08570d2ff0
8297,81,375,cdls,0x5c08570d2ff0
8298,72,402,cdls,0x5c08570d2ff0
8299,114,780,cdls,0x5c08570d2ff0
8300,57,543,cdls,0x5c08570d2ff0
8301,75,585,cdls,0x5c08570d2ff0
8302,117,651,cdls,0x5c08570d2ff0
8303,96,372,cdls,0x5c08570d2ff0
8304,84,531,cdls,0x5c08570d2ff0
8305,75,753,cdls,0x5c08570d2ff0
8306,45,423,cdls,0x5c08570d2ff0
8307,75,849,cdls,0x5c08570d2ff0
8308,90,522,cdls,0x5c08570d2ff0
8309,96,576,cdls,0x5c08570d2ff0
8310,84,678,cdls,0x5c08570d2ff0
8311,135,441,cdls,0x5c08570d2ff0
8312,120,345,cdls,0x5c08570d2ff0
8313,123,507,cdls,0x5c08570d2ff0
8314,60,336,cdls,0x5c08570d2ff0
8315,105,324,cdls,0x5c08570d2ff0
8316,87,321,cdls,0x5c08570d2ff0
8317,57,393,cdls,0x5c08570d2ff0
8318,99,336,cdls,0x5c08570d2ff0
8319,111,315,cdls,0x5c08570d2ff0
8320,90,546,cdls,0x5c08570d2ff0
8321,84,327,cdls,0x5c08570d2ff0
8322,135,486,cdls,0x5c08570d2ff0
8323,45,363,cdls,0x5c08570d2ff0
8324,135,636,cdls,0x5c08570d2ff0
8325,90,552,cdls,0x5c08570d2ff0
8326,171,438,cdls,0x5c08570d2ff0
8327,66,603,cdls,0x5c08570d2ff0
8328,120,435,cdls,0x5c08570d2ff0
8329,93,699,cdls,0x5c08570d2ff0
8330,99,546,cdls,0x5c08570d2ff0
8331,102,744,cdls,0x5c08570d2ff0
8332,96,486,cdls,0x5c08570d2ff0
8333,81,414,cdls,0x5c08570d2ff0
8334,42,444,cdls,0x5c08570d2ff0
8335,63,489,cdls,0x5c08570d2ff0
8336,63,489,cdls,0x5c08570d2ff0
8337,84,666,cdls,0x5c08570d2ff0
8338,78,648,cdls,0x5c08570d2ff0
8339,123,417,cdls,0x5c08570d2ff0
8340,75,459,cdls,0x5c08570d2ff0
8341,99,561,cdls,0x5c08570d2ff0
8342,48,528,cdls,0x5c08570d2ff0
8343,60,444,cdls,0x5c08570d2ff0
8344,27,165,cdls,0x5c08570d2ff0
8345,39,270,cdls,0x5c08570d2ff0
8346,45,195,cdls,0x5c08570d2ff0
8347,54,312,cdls,0x5c08570d2ff0
8348,87,375,cdls,0x5c08570d2ff0
8349,144,513,cdls,0x5c08570d2ff0
8350,129,474,cdls,0x5c08570d2ff0
8351,126,399,cdls,0x5c08570d2ff0
8352,48,522,cdls,0x5c08570d2ff0
8353,102,420,cdls,0x5c08570d2ff0
8354,45,183,cdls,0x5c08570d2ff0
8355,21,150,cdls,0x5c08570d2ff0
8356,84,345,cdls,0x5c08570d2ff0
8357,45,168,cdls,0x5c08570d2ff0
8358,84,309,cdls,0x5c08570d2ff0
8359,69,207,cdls,0x5c08570d2ff0
8360,84,357,cdls,0x5c08570d2ff0
8361,57,468,cdls,0x5c08570d2ff0
8362,84,498,cdls,0x5c08570d2ff0
8363,39,405,cdls,0x5c08570d2ff0
8364,66,210,cdls,0x5c08570d2ff0
8365,60,183,cdls,0x5c08570d2ff0
8366,120,342,cdls,0x5c08570d2ff0
8367,72,264,cdls,0x5c08570d2ff0
8368,123,528,cdls,0x5c08570d2ff0
8369,138,348,cdls,0x5c08570d2ff0
8370,27,213,cdls,0x5c08570d2ff0
8371,51,366,cdls,0x5c08570d2ff0
8372,48,318,cdls,0x5c08570d2ff0
8373,63,621,cdls,0x5c08570d2ff0
8374,57,366,cdls,0x5c08570d2ff0
8375,84,441,cdls,0x5c08570d2ff0
8376,72,375,cdls,0x5c08570d2ff0
8377,48,522,cdls,0x5c08570d2ff0
8378,99,381,cdls,0x5c08570d2ff0
8379,54,228,cdls,0x5c08570d2ff0
8380,24,174,cdls,0x5c08570d2ff0
8381,27,213,cdls,0x5c08570d2ff0
8382,60,399,cdls,0x5c08570d2ff0
8383,51,399,cdls,0x5c08570d2ff0
8384,96,528,cdls,0x5c08570d2ff0
8385,96,630,cdls,0x5c08570d2ff0
8386,108,564,cdls,0x5c08570d2ff0
8387,162,543,cdls,0x5c08570d2ff0
8388,57,651,cdls,0x5c08570d2ff0
8389,57,666,cdls,0x5c08570d2ff0
8390,90,624,cdls,0x5c08570d2ff0
8391,51,573,cdls,0x5c08570d2ff0
8392,63,657,cdls,0x5c08570d2ff0
8393,51,435,cdls,0x5c08570d2ff0
8394,42,504,cdls,0x5c08570d2ff0
8395,90,822,cdls,0x5c08570d2ff0
8396,84,615,cdls,0x5c08570d2ff0
8397,78,852,cdls,0x5c08570d2ff0
8398,51,456,cdls,0x5c08570d2ff0
8399,42,540,cdls,0x5c08570d2ff0
8400,54,906,cdls,0x5c08570d2ff0
8401,63,570,cdls,0x5c08570d2ff0
8402,57,858,cdls,0x5c08570d2ff0
8403,105,816,cdls,0x5c08570d2ff0
8404,102,741,cdls,0x5c08570d2ff0
8405,54,888,cdls,0x5c08570d2ff0
8406,90,777,cdls,0x5c08570d2ff0
8407,93,789,cdls,0x5c08570d2ff0
8408,87,633,cdls,0x5c08570d2ff0
8409,87,642,cdls,0x5c08570d2ff0
8410,93,699,cdls,0x5c08570d2ff0
8411,78,588,cdls,0x5c08570d2ff0
8412,90,441,cdls,0x5c08570d2ff0
8413,45,570,cdls,0x5c08570d2ff0
8414,51,870,cdls,0x5c08570d2ff0
8415,57,588,cdls,0x5c08570d2ff0
8416,36,633,cdls,0x5c08570d2ff0
8417,69,807,cdls,0x5c08570d2ff0
8418,87,438,cdls,0x5c08570d2ff0
8419,75,585,cdls,0x5c08570d2ff0
8420,54,609,cdls,0x5c08570d2ff0
8421,117,474,cdls,0x5c08570d2ff0
8422,72,699,cdls,0x5c08570d2ff0
8423,69,645,cdls,0x5c08570d2ff0
8424,39,705,cdls,0x5c08570d2ff0
8425,39,801,cdls,0x5c08570d2ff0
8426,60,882,cdls,0x5c08570d2ff0
8427,69,681,cdls,0x5c08570d2ff0
8428,63,612,cdls,0x5c08570d2ff0
8429,69,693,cdls,0x5c08570d2ff0
8430,102,891,cdls,0x5c08570d2ff0
8431,150,855,cdls,0x5c08570d2ff0
8432,54,561,cdls,0x5c08570d2ff0
8433,30,708,cdls,0x5c08570d2ff0
8434,90,918,cdls,0x5c08570d2ff0
8435,99,696,cdls,0x5c08570d2ff0
8436,66,1008,cdls,0x5c08570d2ff0
8437,108,801,cdls,0x5c08570d2ff0
8438,63,849,cdls,0x5c08570d2ff0
8439,51,480,cdls,0x5c08570d2ff0
8440,57,720,cdls,0x5c08570d2ff0
8441,63,675,cdls,0x5c08570d2ff0
8442,108,1014,cdls,0x5c08570d2ff0
8443,105,765,cdls,0x5c08570d2ff0
8444,102,1059,cdls,0x5c08570d2ff0
8445,117,936,cdls,0x5c08570d2ff0
8446,60,744,cdls,0x5c08570d2ff0
8447,123,1014,cdls,0x5c08570d2ff0
8448,84,738,cdls,0x5c08570d2ff0
8449,114,876,cdls,0x5c08570d2ff0
8450,87,882,cdls,0x5c08570d2ff0
8451,75,918,cdls,0x5c08570d2ff0
8452,84,1134,cdls,0x5c08570d2ff0
8453,141,1122,cdls,0x5c08570d2ff0
8454,42,504,cdls,0x5c08570d2ff0
8455,123,519,cdls,0x5c08570d2ff0
8456,99,546,cdls,0x5c08570d2ff0
8457,75,534,cdls,0x5c08570d2ff0
8458,81,780,cdls,0x5c08570d2ff0
8459,81,717,cdls,0x5c08570d2ff0
8460,69,651,cdls,0x5c08570d2ff0
8461,105,900,cdls,0x5c08570d2ff0
8462,57,405,cdls,0x5c08570d2ff0
8463,111,375,cdls,0x5c08570d2ff0
8464,117,594,cdls,0x5c08570d2ff0
8465,48,747,cdls,0x5c08570d2ff0
8466,48,528,cdls,0x5c08570d2ff0
8467,120,546,cdls,0x5c08570d2ff0
8468,162,399,cdls,0x5c08570d2ff0
8469,117,549,cdls,0x5c08570d2ff0
8470,111,663,cdls,0x5c08570d2ff0
8471,111,690,cdls,0x5c08570d2ff0
8472,84,477,cdls,0x5c08570d2ff0
8473,75,522,cdls,0x5c08570d2ff0
8474,69,729,cdls,0x5c08570d2ff0
8475,60,642,cdls,0x5c08570d2ff0
8476,96,855,cdls,0x5c08570d2ff0
8477,81,807,cdls,0x5c08570d2ff0
8478,117,786,cdls,0x5c08570d2ff0
8479,84,777,cdls,0x5c08570d2ff0
8480,99,1011,cdls,0x5c08570d2ff0
8481,102,897,cdls,0x5c08570d2ff0
8482,135,1005,cdls,0x5c08570d2ff0
8483,123,900,cdls,0x5c08570d2ff0
8484,84,765,cdls,0x5c08570d2ff0
8485,81,657,cdls,0x5c08570d2ff0
8486,147,624,cdls,0x5c08570d2ff0
8487,159,876,cdls,0x5c08570d2ff0
8488,147,870,cdls,0x5c08570d2ff0
8489,78,984,cdls,0x5c08570d2ff0
8490,90,759,cdls,0x5c08570d2ff0
8491,78,567,cdls,0x5c08570d2ff0
8492,57,579,cdls,0x5c08570d2ff0
8493,72,726,cdls,0x5c08570d2ff0
8494,54,642,cdls,0x5c08570d2ff0
8495,78,876,cdls,0x5c08570d2ff0
8496,57,513,cdls,0x5c08570d2ff0
8497,84,843,cdls,0x5c08570d2ff0
8498,45,462,cdls,0x5c08570d2ff0
8499,42,711,cdls,0x5c08570d2ff0
8500,54,792,cdls,0x5c08570d2ff0
8501,45,582,cdls,0x5c08570d2ff0
8502,54,558,cdls,0x5c08570d2ff0
8503,48,609,cdls,0x5c08570d2ff0
8504,81,1074,cdls,0x5c08570d2ff0
8505,57,708,cdls,0x5c08570d2ff0
8506,72,840,cdls,0x5c08570d2ff0
8507,75,792,cdls,0x5c08570d2ff0
8508,84,801,cdls,0x5c08570d2ff0
8509,90,807,cdls,0x5c08570d2ff0
8510,90,519,cdls,0x5c08570d2ff0
8511,126,447,cdls,0x5c08570d2ff0
8512,75,384,cdls,0x5c08570d2ff0
8513,84,657,cdls,0x5c08570d2ff0
8514,48,534,cdls,0x5c08570d2ff0
8515,87,645,cdls,0x5c08570d2ff0
8516,51,543,cdls,0x5c08570d2ff0
8517,87,513,cdls,0x5c08570d2ff0
8518,123,441,cdls,0x5c08570d2ff0
8519,117,477,cdls,0x5c08570d2ff0
8520,72,657,cdls,0x5c08570d2ff0
8521,78,558,cdls,0x5c08570d2ff0
8522,108,555,cdls,0x5c08570d2ff0
8523,51,642,cdls,0x5c08570d2ff0
8524,57,663,cdls,0x5c08570d2ff0
8525,84,723,cdls,0x5c08570d2ff0
8526,57,411,cdls,0x5c08570d2ff0
8527,51,333,cdls,0x5c08570d2ff0
8528,69,378,cdls,0x5c08570d2ff0
8529,153,456,cdls,0x5c08570d2ff0
8530,75,552,cdls,0x5c08570d2ff0
8531,90,447,cdls,0x5c08570d2ff0
8532,48,474,cdls,0x5c08570d2ff0
8533,51,402,cdls,0x5c08570d2ff0
8534,78,483,cdls,0x5c08570d2ff0
8535,51,651,cdls,0x5c08570d2ff0
8536,60,663,cdls,0x5c08570d2ff0
8537,114,720,cdls,0x5c08570d2ff0
8538,90,471,cdls,0x5c08570d2ff0
8539,102,567,cdls,0x5c08570d2ff0
8540,69,723,cdls,0x5c08570d2ff0
8541,75,603,cdls,0x5c08570d2ff0
8542,54,540,cdls,0x5c08570d2ff0
8543,78,672,cdls,0x5c08570d2ff0
8544,78,555,cdls,0x5c08570d2ff0
8545,54,498,cdls,0x5c08570d2ff0
8546,72,546,cdls,0x5c08570d2ff0
8547,69,579,cdls,0x5c08570d2ff0
8548,81,729,cdls,0x5c08570d2ff0
8549,66,582,cdls,0x5c08570d2ff0
8550,78,633,cdls,0x5c08570d2ff0
8551,87,591,cdls,0x5c08570d2ff0
8552,48,693,cdls,0x5c08570d2ff0
8553,69,549,cdls,0x5c08570d2ff0
8554,60,687,cdls,0x5c08570d2ff0
8555,75,552,cdls,0x5c08570d2ff0
8556,105,552,cdls,0x5c08570d2ff0
8557,81,774,cdls,0x5c08570d2ff0
8558,54,672,cdls,0x5c08570d2ff0
8559,108,570,cdls,0x5c08570d2ff0
8560,66,732,cdls,0x5c08570d2ff0
8561,93,627,cdls,0x5c08570d2ff0
8562,90,762,cdls,0x5c08570d2ff0
8563,60,927,cdls,0x5c08570d2ff0
8564,87,606,cdls,0x5c08570d2ff0
8565,81,678,cdls,0x5c08570d2ff0
8566,75,732,cdls,0x5c08570d2ff0
8567,30,729,cdls,0x5c08570d2ff0
8568,108,999,cdls,0x5c08570d2ff0
8569,42,630,cdls,0x5c08570d2ff0
8570,120,534,cdls,0x5c08570d2ff0
8571,90,804,cdls,0x5c08570d2ff0
8572,42,627,cdls,0x5c08570d2ff0
8573,57,564,cdls,0x5c08570d2ff0
8574,75,651,cdls,0x5c08570d2ff0
8575,96,759,cdls,0x5c08570d2ff0
8576,51,462,cdls,0x5c08570d2ff0
8577,69,675,cdls,0x5c08570d2ff0
8578,57,669,cdls,0x5c08570d2ff0
8579,48,786,cdls,0x5c08570d2ff0
8580,69,558,cdls,0x5c08570d2ff0
8581,132,711,cdls,0x5c08570d2ff0
8582,66,522,cdls,0x5c08570d2ff0
8583,87,666,cdls,0x5c08570d2ff0
8584,66,477,cdls,0x5c08570d2ff0
8585,99,720,cdls,0x5c08570d2ff0
8586,75,723,cdls,0x5c08570d2ff0
8587,54,594,cdls,0x5c08570d2ff0
8588,75,657,cdls,0x5c08570d2ff0
8589,66,696,cdls,0x5c08570d2ff0
8590,66,759,cdls,0x5c08570d2ff0
8591,75,606,cdls,0x5c08570d2ff0
8592,99,333,cdls,0x5c08570d2ff0
8593,66,393,cdls,0x5c08570d2ff0
8594,84,483,cdls,0x5c08570d2ff0
8595,60,363,cdls,0x5c08570d2ff0
8596,114,405,cdls,0x5c08570d2ff0
8597,132,405,cdls,0x5c08570d2ff0
8598,153,393,cdls,0x5c08570d2ff0
8599,96,591,cdls,0x5c08570d2ff0
8600,51,585,cdls,0x5c08570d2ff0
8601,72,555,cdls,0x5c08570d2ff0
8602,57,561,cdls,0x5c08570d2ff0
8603,96,603,cdls,0x5c08570d2ff0
8604,69,420,cdls,0x5c08570d2ff0
8605,63,702,cdls,0x5c08570d2ff0
8606,66,531,cdls,0x5c08570d2ff0
8607,60,570,cdls,0x5c08570d2ff0
8608,102,696,cdls,0x5c08570d2ff0
8609,72,603,cdls,0x5c08570d2ff0
8610,78,486,cdls,0x5c08570d2ff0
8611,120,495,cdls,0x5c08570d2ff0
8612,87,681,cdls,0x5c08570d2ff0
8613,60,657,cdls,0x5c08570d2ff0
8614,90,870,cdls,0x5c08570d2ff0
8615,60,678,cdls,0x5c08570d2ff0
8616,63,585,cdls,0x5c08570d2ff0
8617,51,660,cdls,0x5c08570d2ff0
8618,105,774,cdls,0x5c08570d2ff0
8619,96,867,cdls,0x5c08570d2ff0
8620,54,927,cdls,0x5c08570d2ff0
8621,141,1128,cdls,0x5c08570d2ff0
8622,99,822,cdls,0x5c08570d2ff0
8623,132,636,cdls,0x5c08570d2ff0
8624,108,747,cdls,0x5c08570d2ff0
8625,57,501,cdls,0x5c08570d2ff0
8626,69,780,cdls,0x5c08570d2ff0
8627,60,672,cdls,0x5c08570d2ff0
8628,93,777,cdls,0x5c08570d2ff0
8629,54,555,cdls,0x5c08570d2ff0
8630,45,660,cdls,0x5c08570d2ff0
8631,111,624,cdls,0x5c08570d2ff0
8632,60,867,cdls,0x5c08570d2ff0
8633,84,834,cdls,0x5c08570d2ff0
8634,93,1038,cdls,0x5c08570d2ff0
8635,48,801,cdls,0x5c08570d2ff0
8636,69,807,cdls,0x5c08570d2ff0
8637,81,711,cdls,0x5c08570d2ff0
8638,138,834,cdls,0x5c08570d2ff0
8639,84,525,cdls,0x5c08570d2ff0
8640,120,516,cdls,0x5c08570d2ff0
8641,90,876,cdls,0x5c08570d2ff0
8642,90,696,cdls,0x5c08570d2ff0
8643,39,1035,cdls,0x5c08570d2ff0
8644,63,678,cdls,0x5c08570d2ff0
8645,66,669,cdls,0x5c08570d2ff0
8646,48,636,cdls,0x5c08570d2ff0
8647,54,540,cdls,0x5c08570d2ff0
8648,27,651,cdls,0x5c08570d2ff0
8649,69,975,cdls,0x5c08570d2ff0
8650,54,912,cdls,0x5c08570d2ff0
8651,96,1071,cdls,0x5c08570d2ff0
8652,54,672,cdls,0x5c08570d2ff0
8653,54,660,cdls,0x5c08570d2ff0
8654,69,1167,cdls,0x5c08570d2ff0
8655,87,645,cdls,0x5c08570d2ff0
8656,48,810,cdls,0x5c08570d2ff0
8657,84,762,cdls,0x5c08570d2ff0
8658,39,522,cdls,0x5c08570d2ff0
8659,54,804,cdls,0x5c08570d2ff0
8660,54,900,cdls,0x5c08570d2ff0
8661,120,549,cdls,0x5c08570d2ff0
8662,90,513,cdls,0x5c08570d2ff0
8663,81,507,cdls,0x5c08570d2ff0
8664,84,510,cdls,0x5c08570d2ff0
8665,72,486,cdls,0x5c08570d2ff0
8666,75,573,cdls,0x5c08570d2ff0
8667,111,537,cdls,0x5c08570d2ff0
8668,45,579,cdls,0x5c08570d2ff0
8669,114,438,cdls,0x5c08570d2ff0
8670,78,600,cdls,0x5c08570d2ff0
8671,72,618,cdls,0x5c08570d2ff0
8672,75,711,cdls,0x5c08570d2ff0
8673,60,858,cdls,0x5c08570d2ff0
8674,78,1008,cdls,0x5c08570d2ff0
8675,48,738,cdls,0x5c08570d2ff0
8676,63,681,cdls,0x5c08570d2ff0
8677,105,951,cdls,0x5c08570d2ff0
8678,108,894,cdls,0x5c08570d2ff0
8679,60,942,cdls,0x5c08570d2ff0
8680,90,771,cdls,0x5c08570d2ff0
8681,72,870,cdls,0x5c08570d2ff0
8682,69,867,cdls,0x5c08570d2ff0
8683,84,798,cdls,0x5c08570d2ff0
8684,72,846,cdls,0x5c08570d2ff0
8685,87,861,cdls,0x5c08570d2ff0
8686,90,1032,cdls,0x5c08570d2ff0
8687,102,984,cdls,0x5c08570d2ff0
8688,87,1041,cdls,0x5c08570d2ff0
8689,69,711,cdls,0x5c08570d2ff0
8690,57,807,cdls,0x5c08570d2ff0
8691,48,810,cdls,0x5c08570d2ff0
8692,42,633,cdls,0x5c08570d2ff0
8693,102,447,cdls,0x5c08570d2ff0
8694,96,678,cdls,0x5c08570d2ff0
8695,108,909,cdls,0x5c08570d2ff0
8696,105,615,cdls,0x5c08570d2ff0
8697,102,489,cdls,0x5c08570d2ff0
8698,87,495,cdls,0x5c08570d2ff0
8699,54,609,cdls,0x5c08570d2ff0
8700,36,834,cdls,0x5c08570d2ff0
8701,57,591,cdls,0x5c08570d2ff0
8702,42,624,cdls,0x5c08570d2ff0
8703,63,705,cdls,0x5c08570d2ff0
8704,87,504,cdls,0x5c08570d2ff0
8705,54,783,cdls,0x5c08570d2ff0
8706,84,774,cdls,0x5c08570d2ff0
8707,75,885,cdls,0x5c08570d2ff0
8708,69,819,cdls,0x5c08570d2ff0
8709,45,648,cdls,0x5c08570d2ff0
8710,84,1026,cdls,0x5c08570d2ff0
8711,69,675,cdls,0x5c08570d2ff0
8712,48,678,cdls,0x5c08570d2ff0
8713,63,600,cdls,0x5c08570d2ff0
8714,114,576,cdls,0x5c08570d2ff0
8715,87,723,cdls,0x5c08570d2ff0
8716,69,636,cdls,0x5c08570d2ff0
8717,135,1104,cdls,0x5c08570d2ff0
8718,96,861,cdls,0x5c08570d2ff0
8719,63,966,cdls,0x5c08570d2ff0
8720,123,597,cdls,0x5c08570d2ff0
8721,78,1008,cdls,0x5c08570d2ff0
8722,123,1140,cdls,0x5c08570d2ff0
8723,99,924,cdls,0x5c08570d2ff0
8724,99,1233,cdls,0x5c08570d2ff0
8725,84,987,cdls,0x5c08570d2ff0
8726,78,663,cdls,0x5c08570d2ff0
8727,69,696,cdls,0x5c08570d2ff0
8728,75,969,cdls,0x5c08570d2ff0
8729,90,810,cdls,0x5c08570d2ff0
8730,141,807,cdls,0x5c08570d2ff0
8731,168,1269,cdls,0x5c08570d2ff0
8732,123,1122,cdls,0x5c08570d2ff0
8733,144,885,cdls,0x5c08570d2ff0
8734,117,825,cdls,0x5c08570d2ff0
8735,117,897,cdls,0x5c08570d2ff0
8736,93,1002,cdls,0x5c08570d2ff0
8737,63,690,cdls,0x5c08570d2ff0
8738,78,693,cdls,0x5c08570d2ff0
8739,114,1107,cdls,0x5c08570d2ff0
8740,87,1044,cdls,0x5c08570d2ff0
8741,33,438,cdls,0x5c08570d2ff0
8742,93,756,cdls,0x5c08570d2ff0
8743,48,462,cdls,0x5c08570d2ff0
8744,60,597,cdls,0x5c08570d2ff0
8745,57,327,cdls,0x5c08570d2ff0
8746,78,477,cdls,0x5c08570d2ff0
8747,81,363,cdls,0x5c08570d2ff0
8748,93,552,cdls,0x5c08570d2ff0
8749,54,702,cdls,0x5c08570d2ff0
8750,87,333,cdls,0x5c08570d2ff0
8751,84,432,cdls,0x5c08570d2ff0
8752,132,348,cdls,0x5c08570d2ff0
8753,153,591,cdls,0x5c08570d2ff0
8754,63,642,cdls,0x5c08570d2ff0
8755,69,768,cdls,0x5c08570d2ff0
8756,60,570,cdls,0x5c08570d2ff0
8757,147,1011,cdls,0x5c08570d2ff0
8758,111,906,cdls,0x5c08570d2ff0
8759,99,972,cdls,0x5c08570d2ff0
8760,66,870,cdls,0x5c08570d2ff0
8761,123,762,cdls,0x5c08570d2ff0
8762,75,672,cdls,0x5c08570d2ff0
8763,57,783,cdls,0x5c08570d2ff0
8764,60,747,cdls,0x5c08570d2ff0
8765,69,636,cdls,0x5c08570d2ff0
8766,75,597,cdls,0x5c08570d2ff0
8767,72,834,cdls,0x5c08570d2ff0
8768,102,852,cdls,0x5c08570d2ff0
8769,63,684,cdls,0x5c08570d2ff0
8770,144,822,cdls,0x5c08570d2ff0
8771,75,378,cdls,0x5c08570d2ff0
8772,78,330,cdls,0x5c08570d2ff0
8773,90,405,cdls,0x5c08570d2ff0
8774,45,255,cdls,0x5c08570d2ff0
8775,51,474,cdls,0x5c08570d2ff0
8776,45,537,cdls,0x5c08570d2ff0
8777,45,417,cdls,0x5c08570d2ff0
8778,126,447,cdls,0x5c08570d2ff0
8779,42,708,cdls,0x5c08570d2ff0
8780,87,693,cdls,0x5c08570d2ff0
8781,42,780,cdls,0x5c08570d2ff0
8782,162,528,cdls,0x5c08570d2ff0
8783,42,381,cdls,0x5c08570d2ff0
8784,102,492,cdls,0x5c08570d2ff0
8785,99,645,cdls,0x5c08570d2ff0
8786,117,468,cdls,0x5c08570d2ff0
8787,63,435,cdls,0x5c08570d2ff0
8788,54,435,cdls,0x5c08570d2ff0
8789,60,570,cdls,0x5c08570d2ff0
8790,45,885,cdls,0x5c08570d2ff0
8791,75,633,cdls,0x5c08570d2ff0
8792,54,591,cdls,0x5c08570d2ff0
8793,63,561,cdls,0x5c08570d2ff0
8794,72,402,cdls,0x5c08570d2ff0
8795,120,528,cdls,0x5c08570d2ff0
8796,72,504,cdls,0x5c08570d2ff0
8797,78,654,cdls,0x5c08570d2ff0
8798,78,672,cdls,0x5c08570d2ff0
8799,93,750,cdls,0x5c08570d2ff0
8800,90,747,cdls,0x5c08570d2ff0
8801,105,471,cdls,0x5c08570d2ff0
8802,108,459,cdls,0x5c08570d2ff0
8803,48,495,cdls,0x5c08570d2ff0
8804,60,786,cdls,0x5c08570d2ff0
8805,132,930,cdls,0x5c08570d2ff0
8806,93,852,cdls,0x5c08570d2ff0
8807,165,1488,cdls,0x5c08570d2ff0
8808,72,873,cdls,0x5c08570d2ff0
8809,78,855,cdls,0x5c08570d2ff0
8810,69,693,cdls,0x5c08570d2ff0
8811,102,906,cdls,0x5c08570d2ff0
8812,63,660,cdls,0x5c08570d2ff0
8813,45,927,cdls,0x5c08570d2ff0
8814,81,759,cdls,0x5c08570d2ff0
8815,84,570,cdls,0x5c08570d2ff0
8816,72,726,cdls,0x5c08570d2ff0
8817,30,576,cdls,0x5c08570d2ff0
8818,102,720,cdls,0x5c08570d2ff0
8819,69,933,cdls,0x5c08570d2ff0
8820,72,729,cdls,0x5c08570d2ff0
8821,48,708,cdls,0x5c08570d2ff0
8822,81,777,cdls,0x5c08570d2ff0
8823,60,735,cdls,0x5c08570d2ff0
8824,93,690,cdls,0x5c08570d2ff0
8825,108,744,cdls,0x5c08570d2ff0
8826,129,489,cdls,0x5c08570d2ff0
8827,81,603,cdls,0x5c08570d2ff0
8828,45,426,cdls,0x5c08570d2ff0
8829,78,507,cdls,0x5c08570d2ff0
8830,99,438,cdls,0x5c08570d2ff0
8831,60,516,cdls,0x5c08570d2ff0
8832,108,537,cdls,0x5c08570d2ff0
8833,54,468,cdls,0x5c08570d2ff0
8834,78,582,cdls,0x5c08570d2ff0
8835,84,699,cdls,0x5c08570d2ff0
8836,123,903,cdls,0x5c08570d2ff0
8837,117,1062,cdls,0x5c08570d2ff0
8838,72,816,cdls,0x5c08570d2ff0
8839,75,750,cdls,0x5c08570d2ff0
8840,69,594,cdls,0x5c08570d2ff0
8841,45,654,cdls,0x5c08570d2ff0
8842,135,783,cdls,0x5c08570d2ff0
8843,66,639,cdls,0x5c08570d2ff0
8844,57,771,cdls,0x5c08570d2ff0
8845,72,669,cdls,0x5c08570d2ff0
8846,45,696,cdls,0x5c08570d2ff0
8847,69,714,cdls,0x5c08570d2ff0
8848,66,714,cdls,0x5c08570d2ff0
8849,66,654,cdls,0x5c08570d2ff0
8850,105,1149,cdls,0x5c08570d2ff0
8851,90,1140,cdls,0x5c08570d2ff0
8852,63,873,cdls,0x5c08570d2ff0
8853,60,702,cdls,0x5c08570d2ff0
8854,72,966,cdls,0x5c08570d2ff0
8855,75,873,cdls,0x5c08570d2ff0
8856,57,807,cdls,0x5c08570d2ff0
8857,69,882,cdls,0x5c08570d2ff0
8858,135,1077,cdls,0x5c08570d2ff0
8859,78,1053,cdls,0x5c08570d2ff0
8860,99,753,cdls,0x5c08570d2ff0
8861,144,720,cdls,0x5c08570d2ff0
8862,84,828,cdls,0x5c08570d2ff0
8863,75,546,cdls,0x5c08570d2ff0
8864,84,753,cdls,0x5c08570d2ff0
8865,90,777,cdls,0x5c08570d2ff0
8866,75,822,cdls,0x5c08570d2ff0
8867,63,570,cdls,0x5c08570d2ff0
8868,108,936,cdls,0x5c08570d2ff0
8869,123,897,cdls,0x5c08570d2ff0
8870,69,1017,cdls,0x5c08570d2ff0
8871,66,594,cdls,0x5c08570d2ff0
8872,57,1107,cdls,0x5c08570d2ff0
8873,84,978,cdls,0x5c08570d2ff0
8874,54,816,cdls,0x5c08570d2ff0
8875,66,804,cdls,0x5c08570d2ff0
8876,60,480,cdls,0x5c08570d2ff0
8877,63,861,cdls,0x5c08570d2ff0
8878,24,609,cdls,0x5c08570d2ff0
8879,66,570,cdls,0x5c08570d2ff0
8880,141,1209,cdls,0x5c08570d2ff0
8881,84,1086,cdls,0x5c08570d2ff0
8882,42,744,cdls,0x5c08570d2ff0
8883,75,1029,cdls,0x5c08570d2ff0
8884,141,1311,cdls,0x5c08570d2ff0
8885,108,1266,cdls,0x5c08570d2ff0
8886,69,1203,cdls,0x5c08570d2ff0
8887,60,798,cdls,0x5c08570d2ff0
8888,96,930,cdls,0x5c08570d2ff0
8889,90,1140,cdls,0x5c08570d2ff0
8890,111,1068,cdls,0x5c08570d2ff0
8891,144,1245,cdls,0x5c08570d2ff0
8892,66,1224,cdls,0x5c08570d2ff0
8893,114,1632,cdls,0x5c08570d2ff0
8894,72,906,cdls,0x5c08570d2ff0
8895,66,549,cdls,0x5c08570d2ff0
8896,99,675,cdls,0x5c08570d2ff0
8897,63,651,cdls,0x5c08570d2ff0
8898,57,933,cdls,0x5c08570d2ff0
8899,66,555,cdls,0x5c08570d2ff0
8900,99,897,cdls,0x5c08570d2ff0
8901,105,1068,cdls,0x5c08570d2ff0
8902,93,1311,cdls,0x5c08570d2ff0
8903,90,1248,cdls,0x5c08570d2ff0
8904,129,1029,cdls,0x5c08570d2ff0
8905,48,1278,cdls,0x5c08570d2ff0
8906,135,1539,cdls,0x5c08570d2ff0
8907,105,1656,cdls,0x5c08570d2ff0
8908,81,1167,cdls,0x5c08570d2ff0
8909,90,1359,cdls,0x5c08570d2ff0
8910,147,762,cdls,0x5c08570d2ff0
8911,48,636,cdls,0x5c08570d2ff0
8912,102,1404,cdls,0x5c08570d2ff0
8913,153,1155,cdls,0x5c08570d2ff0
8914,75,906,cdls,0x5c08570d2ff0
8915,87,576,cdls,0x5c08570d2ff0
8916,108,969,cdls,0x5c08570d2ff0
8917,93,804,cdls,0x5c08570d2ff0
8918,99,702,cdls,0x5c08570d2ff0
8919,156,657,cdls,0x5c08570d2ff0
8920,132,1296,cdls,0x5c08570d2ff0
8921,123,975,cdls,0x5c08570d2ff0
8922,96,711,cdls,0x5c08570d2ff0
8923,84,780,cdls,0x5c08570d2ff0
8924,87,1116,cdls,0x5c08570d2ff0
8925,117,1200,cdls,0x5c08570d2ff0
8926,93,978,cdls,0x5c08570d2ff0
8927,39,783,cdls,0x5c08570d2ff0
8928,78,1035,cdls,0x5c08570d2ff0
8929,78,924,cdls,0x5c08570d2ff0
8930,90,1143,cdls,0x5c08570d2ff0
8931,114,1521,cdls,0x5c08570d2ff0
8932,72,816,cdls,0x5c08570d2ff0
8933,123,951,cdls,0x5c08570d2ff0
8934,72,825,cdls,0x5c08570d2ff0
8935,54,645,cdls,0x5c08570d2ff0
8936,75,540,cdls,0x5c08570d2ff0
8937,69,567,cdls,0x5c08570d2ff0
8938,42,492,cdls,0x5c08570d2ff0
8939,39,492,cdls,0x5c08570d2ff0
8940,66,471,cdls,0x5c08570d2ff0
8941,60,582,cdls,0x5c08570d2ff0
8942,48,477,cdls,0x5c08570d2ff0
8943,72,624,cdls,0x5c08570d2ff0
8944,69,435,cdls,0x5c08570d2ff0
8945,45,477,cdls,0x5c08570d2ff0
8946,114,342,cdls,0x5c08570d2ff0
8947,108,534,cdls,0x5c08570d2ff0
8948,102,333,cdls,0x5c08570d2ff0
8949,54,840,cdls,0x5c08570d2ff0
8950,90,786,cdls,0x5c08570d2ff0
8951,69,738,cdls,0x5c08570d2ff0
8952,93,729,cdls,0x5c08570d2ff0
8953,102,747,cdls,0x5c08570d2ff0
8954,57,624,cdls,0x5c08570d2ff0
8955,126,813,cdls,0x5c08570d2ff0
8956,54,756,cdls,0x5c08570d2ff0
8957,114,930,cdls,0x5c08570d2ff0
8958,48,759,cdls,0x5c08570d2ff0
8959,114,1203,cdls,0x5c08570d2ff0
8960,105,882,cdls,0x5c08570d2ff0
8961,66,735,cdls,0x5c08570d2ff0
8962,96,882,cdls,0x5c08570d2ff0
8963,69,759,cdls,0x5c08570d2ff0
8964,60,1002,cdls,0x5c08570d2ff0
8965,72,846,cdls,0x5c08570d2ff0
8966,114,624,cdls,0x5c08570d2ff0
8967,48,717,cdls,0x5c08570d2ff0
8968,72,879,cdls,0x5c08570d2ff0
8969,102,690,cdls,0x5c08570d2ff0
8970,123,930,cdls,0x5c08570d2ff0
8971,75,630,cdls,0x5c08570d2ff0
8972,33,537,cdls,0x5c08570d2ff0
8973,72,573,cdls,0x5c08570d2ff0
8974,69,726,cdls,0x5c08570d2ff0
8975,72,717,cdls,0x5c08570d2ff0
8976,72,513,cdls,0x5c08570d2ff0
8977,78,540,cdls,0x5c08570d2ff0
8978,60,669,cdls,0x5c08570d2ff0
8979,39,480,cdls,0x5c08570d2ff0
8980,84,678,cdls,0x5c08570d2ff0
8981,87,621,cdls,0x5c08570d2ff0
8982,93,375,cdls,0x5c08570d2ff0
8983,36,600,cdls,0x5c08570d2ff0
8984,57,597,cdls,0x5c08570d2ff0
8985,111,477,cdls,0x5c08570d2ff0
8986,147,438,cdls,0x5c08570d2ff0
8987,69,600,cdls,0x5c08570d2ff0
8988,84,447,cdls,0x5c08570d2ff0
8989,96,522,cdls,0x5c08570d2ff0
8990,69,495,cdls,0x5c08570d2ff0
8991,72,444,cdls,0x5c08570d2ff0
8992,81,732,cdls,0x5c08570d2ff0
8993,99,612,cdls,0x5c08570d2ff0
8994,138,660,cdls,0x5c08570d2ff0
8995,96,630,cdls,0x5c08570d2ff0
8996,147,498,cdls,0x5c08570d2ff0
8997,114,900,cdls,0x5c08570d2ff0
8998,78,795,cdls,0x5c08570d2ff0
8999,84,666,cdls,0x5c08570d2ff0
9000,45,507,cdls,0x5c08570d2ff0
9001,72,924,cdls,0x5c08570d2ff0
9002,87,744,cdls,0x5c08570d2ff0
9003,75,585,cdls,0x5c08570d2ff0
9004,108,705,cdls,0x5c08570d2ff0
9005,57,753,cdls,0x5c08570d2ff0
9006,36,744,cdls,0x5c08570d2ff0
9007,39,696,cdls,0x5c08570d2ff0
9008,60,693,cdls,0x5c08570d2ff0
9009,78,621,cdls,0x5c08570d2ff0
9010,51,654,cdls,0x5c08570d2ff0
9011,39,627,cdls,0x5c08570d2ff0
9012,87,648,cdls,0x5c08570d2ff0
9013,90,846,cdls,0x5c08570d2ff0
9014,54,726,cdls,0x5c08570d2ff0
9015,93,813,cdls,0x5c08570d2ff0
9016,42,792,cdls,0x5c08570d2ff0
9017,108,1119,cdls,0x5c08570d2ff0
9018,117,807,cdls,0x5c08570d2ff0
9019,114,1155,cdls,0x5c08570d2ff0
9020,75,813,cdls,0x5c08570d2ff0
9021,96,687,cdls,0x5c08570d2ff0
9022,57,531,cdls,0x5c08570d2ff0
9023,132,870,cdls,0x5c08570d2ff0
9024,87,876,cdls,0x5c08570d2ff0
9025,69,543,cdls,0x5c08570d2ff0
9026,60,747,cdls,0x5c08570d2ff0
9027,45,519,cdls,0x5c08570d2ff0
9028,60,621,cdls,0x5c08570d2ff0
9029,72,507,cdls,0x5c08570d2ff0
9030,126,393,cdls,0x5c08570d2ff0
9031,90,363,cdls,0x5c08570d2ff0
9032,111,432,cdls,0x5c08570d2ff0
9033,69,435,cdls,0x5c08570d2ff0
9034,57,639,cdls,0x5c08570d2ff0
9035,111,468,cdls,0x5c08570d2ff0
9036,90,648,cdls,0x5c08570d2ff0
9037,81,450,cdls,0x5c08570d2ff0
9038,54,450,cdls,0x5c08570d2ff0
9039,117,297,cdls,0x5c08570d2ff0
9040,51,198,cdls,0x5c08570d2ff0
9041,72,279,cdls,0x5c08570d2ff0
9042,36,141,cdls,0x5c08570d2ff0
9043,132,522,cdls,0x5c08570d2ff0
9044,54,579,cdls,0x5c08570d2ff0
9045,81,504,cdls,0x5c08570d2ff0
9046,51,360,cdls,0x5c08570d2ff0
9047,78,594,cdls,0x5c08570d2ff0
9048,87,834,cdls,0x5c08570d2ff0
9049,54,504,cdls,0x5c08570d2ff0
9050,159,933,cdls,0x5c08570d2ff0
9051,57,453,cdls,0x5c08570d2ff0
9052,63,645,cdls,0x5c08570d2ff0
9053,150,669,cdls,0x5c08570d2ff0
9054,84,483,cdls,0x5c08570d2ff0
9055,48,696,cdls,0x5c08570d2ff0
9056,72,723,cdls,0x5c08570d2ff0
9057,99,720,cdls,0x5c08570d2ff0
9058,75,684,cdls,0x5c08570d2ff0
9059,57,633,cdls,0x5c08570d2ff0
9060,54,687,cdls,0x5c08570d2ff0
9061,54,570,cdls,0x5c08570d2ff0
9062,81,441,cdls,0x5c08570d2ff0
9063,87,585,cdls,0x5c08570d2ff0
9064,60,486,cdls,0x5c08570d2ff0
9065,72,567,cdls,0x5c08570d2ff0
9066,102,447,cdls,0x5c08570d2ff0
9067,99,612,cdls,0x5c08570d2ff0
9068,120,726,cdls,0x5c08570d2ff0
9069,75,666,cdls,0x5c08570d2ff0
9070,78,792,cdls,0x5c08570d2ff0
9071,69,540,cdls,0x5c08570d2ff0
9072,102,423,cdls,0x5c08570d2ff0
9073,114,621,cdls,0x5c08570d2ff0
9074,90,681,cdls,0x5c08570d2ff0
9075,69,516,cdls,0x5c08570d2ff0
9076,135,507,cdls,0x5c08570d2ff0
9077,99,519,cdls,0x5c08570d2ff0
9078,72,543,cdls,0x5c08570d2ff0
9079,63,753,cdls,0x5c08570d2ff0
9080,72,831,cdls,0x5c08570d2ff0
9081,75,1017,cdls,0x5c08570d2ff0
9082,60,498,cdls,0x5c08570d2ff0
9083,45,585,cdls,0x5c08570d2ff0
9084,63,732,cdls,0x5c08570d2ff0
9085,69,816,cdls,0x5c08570d2ff0
9086,93,945,cdls,0x5c08570d2ff0
9087,66,831,cdls,0x5c08570d2ff0
9088,93,669,cdls,0x5c08570d2ff0
9089,54,684,cdls,0x5c08570d2ff0
9090,48,642,cdls,0x5c08570d2ff0
9091,63,978,cdls,0x5c08570d2ff0
9092,63,876,cdls,0x5c08570d2ff0
9093,84,1041,cdls,0x5c08570d2ff0
9094,162,1077,cdls,0x5c08570d2ff0
9095,30,624,cdls,0x5c08570d2ff0
9096,60,930,cdls,0x5c08570d2ff0
9097,114,744,cdls,0x5c08570d2ff0
9098,90,660,cdls,0x5c08570d2ff0
9099,81,438,cdls,0x5c08570d2ff0
9100,111,597,cdls,0x5c08570d2ff0
9101,36,354,cdls,0x5c08570d2ff0
9102,90,501,cdls,0x5c08570d2ff0
9103,30,108,cdls,0x5c08570d2ff0
9104,63,819,cdls,0x5c08570d2ff0
9105,72,834,cdls,0x5c08570d2ff0
9106,66,744,cdls,0x5c08570d2ff0
9107,48,786,cdls,0x5c08570d2ff0
9108,54,669,cdls,0x5c08570d2ff0
9109,81,672,cdls,0x5c08570d2ff0
9110,87,933,cdls,0x5c08570d2ff0
9111,63,957,cdls,0x5c08570d2ff0
9112,111,441,cdls,0x5c08570d2ff0
9113,108,750,cdls,0x5c08570d2ff0
9114,99,393,cdls,0x5c08570d2ff0
9115,72,696,cdls,0x5c08570d2ff0
9116,72,678,cdls,0x5c08570d2ff0
9117,93,1056,cdls,0x5c08570d2ff0
9118,81,714,cdls,0x5c08570d2ff0
9119,60,663,cdls,0x5c08570d2ff0
9120,66,600,cdls,0x5c08570d2ff0
9121,90,882,cdls,0x5c08570d2ff0
9122,96,843,cdls,0x5c08570d2ff0
9123,51,735,cdls,0x5c08570d2ff0
9124,69,555,cdls,0x5c08570d2ff0
9125,63,816,cdls,0x5c08570d2ff0
9126,93,663,cdls,0x5c08570d2ff0
9127,147,1374,cdls,0x5c08570d2ff0
9128,102,927,cdls,0x5c08570d2ff0
9129,45,453,cdls,0x5c08570d2ff0
9130,63,546,cdls,0x5c08570d2ff0
9131,75,510,cdls,0x5c08570d2ff0
9132,75,594,cdls,0x5c08570d2ff0
9133,57,483,cdls,0x5c08570d2ff0
9134,75,501,cdls,0x5c08570d2ff0
9135,72,786,cdls,0x5c08570d2ff0
9136,81,663,cdls,0x5c08570d2ff0
9137,84,885,cdls,0x5c08570d2ff0
9138,45,687,cdls,0x5c08570d2ff0
9139,102,858,cdls,0x5c08570d2ff0
9140,57,705,cdls,0x5c08570d2ff0
9141,51,741,cdls,0x5c08570d2ff0
9142,57,585,cdls,0x5c08570d2ff0
9143,51,894,cdls,0x5c08570d2ff0
9144,72,870,cdls,0x5c08570d2ff0
9145,30,669,cdls,0x5c08570d2ff0
9146,39,609,cdls,0x5c08570d2ff0
9147,60,966,cdls,0x5c08570d2ff0
9148,33,747,cdls,0x5c08570d2ff0
9149,111,792,cdls,0x5c08570d2ff0
9150,102,945,cdls,0x5c08570d2ff0
9151,57,678,cdls,0x5c08570d2ff0
9152,93,789,cdls,0x5c08570d2ff0
9153,39,666,cdls,0x5c08570d2ff0
9154,66,576,cdls,0x5c08570d2ff0
9155,117,495,cdls,0x5c08570d2ff0
9156,60,504,cdls,0x5c08570d2ff0
9157,57,723,cdls,0x5c08570d2ff0
9158,123,606,cdls,0x5c08570d2ff0
9159,129,615,cdls,0x5c08570d2ff0
9160,78,594,cdls,0x5c08570d2ff0
9161,99,861,cdls,0x5c08570d2ff0
9162,108,1041,cdls,0x5c08570d2ff0
9163,60,813,cdls,0x5c08570d2ff0
9164,48,645,cdls,0x5c08570d2ff0
9165,90,873,cdls,0x5c08570d2ff0
9166,63,603,cdls,0x5c08570d2ff0
9167,75,477,cdls,0x5c08570d2ff0
9168,123,612,cdls,0x5c08570d2ff0
9169,60,411,cdls,0x5c08570d2ff0
9170,51,750,cdls,0x5c08570d2ff0
9171,78,705,cdls,0x5c08570d2ff0
9172,96,561,cdls,0x5c08570d2ff0
9173,132,936,cdls,0x5c08570d2ff0
9174,51,882,cdls,0x5c08570d2ff0
9175,75,858,cdls,0x5c08570d2ff0
9176,114,909,cdls,0x5c08570d2ff0
9177,147,1224,cdls,0x5c08570d2ff0
9178,162,1365,cdls,0x5c08570d2ff0
9179,96,1269,cdls,0x5c08570d2ff0
9180,222,1854,cdls,0x5c08570d2ff0
9181,99,1170,cdls,0x5c08570d2ff0
9182,114,1512,cdls,0x5c08570d2ff0
9183,84,969,cdls,0x5c08570d2ff0
9184,69,753,cdls,0x5c08570d2ff0
9185,144,1458,cdls,0x5c08570d2ff0
9186,117,1443,cdls,0x5c08570d2ff0
9187,84,822,cdls,0x5c08570d2ff0
9188,75,1065,cdls,0x5c08570d2ff0
9189,66,615,cdls,0x5c08570d2ff0
9190,87,954,cdls,0x5c08570d2ff0
9191,66,597,cdls,0x5c08570d2ff0
9192,84,1041,cdls,0x5c08570d2ff0
9193,102,1344,cdls,0x5c08570d2ff0
9194,99,1293,cdls,0x5c08570d2ff0
9195,102,960,cdls,0x5c08570d2ff0
9196,30,780,cdls,0x5c08570d2ff0
9197,75,942,cdls,0x5c08570d2ff0
9198,99,915,cdls,0x5c08570d2ff0
9199,108,900,cdls,0x5c08570d2ff0
9200,63,801,cdls,0x5c08570d2ff0
9201,93,465,cdls,0x5c08570d2ff0
9202,54,780,cdls,0x5c08570d2ff0
9203,126,411,cdls,0x5c08570d2ff0
9204,90,504,cdls,0x5c08570d2ff0
9205,90,789,cdls,0x5c08570d2ff0
9206,54,444,cdls,0x5c08570d2ff0
9207,48,894,cdls,0x5c08570d2ff0
9208,72,702,cdls,0x5c08570d2ff0
9209,60,585,cdls,0x5c08570d2ff0
9210,99,879,cdls,0x5c08570d2ff0
9211,75,885,cdls,0x5c08570d2ff0
9212,126,1011,cdls,0x5c08570d2ff0
9213,78,594,cdls,0x5c08570d2ff0
9214,90,660,cdls,0x5c08570d2ff0
9215,108,606,cdls,0x5c08570d2ff0
9216,129,537,cdls,0x5c08570d2ff0
9217,78,588,cdls,0x5c08570d2ff0
9218,45,783,cdls,0x5c08570d2ff0
9219,84,570,cdls,0x5c08570d2ff0
9220,45,783,cdls,0x5c08570d2ff0
9221,42,735,cdls,0x5c08570d2ff0
9222,72,510,cdls,0x5c08570d2ff0
9223,75,543,cdls,0x5c08570d2ff0
9224,36,498,cdls,0x5c08570d2ff0
9225,84,906,cdls,0x5c08570d2ff0
9226,60,906,cdls,0x5c08570d2ff0
9227,105,993,cdls,0x5c08570d2ff0
9228,75,873,cdls,0x5c08570d2ff0
9229,66,564,cdls,0x5c08570d2ff0
9230,75,858,cdls,0x5c08570d2ff0
9231,81,684,cdls,0x5c08570d2ff0
9232,105,753,cdls,0x5c08570d2ff0
9233,66,1092,cdls,0x5c08570d2ff0
9234,75,873,cdls,0x5c08570d2ff0
9235,93,792,cdls,0x5c08570d2ff0
9236,57,567,cdls,0x5c08570d2ff0
9237,51,873,cdls,0x5c08570d2ff0
9238,51,627,cdls,0x5c08570d2ff0
9239,51,684,cdls,0x5c08570d2ff0
9240,54,744,cdls,0x5c08570d2ff0
9241,108,750,cdls,0x5c08570d2ff0
9242,105,654,cdls,0x5c08570d2ff0
9243,57,630,cdls,0x5c08570d2ff0
9244,69,588,cdls,0x5c08570d2ff0
9245,108,990,cdls,0x5c08570d2ff0
9246,144,1242,cdls,0x5c08570d2ff0
9247,81,801,cdls,0x5c08570d2ff0
9248,90,693,cdls,0x5c08570d2ff0
9249,69,645,cdls,0x5c08570d2ff0
9250,72,651,cdls,0x5c08570d2ff0
9251,129,828,cdls,0x5c08570d2ff0
9252,126,615,cdls,0x5c08570d2ff0
9253,117,1056,cdls,0x5c08570d2ff0
9254,78,1248,cdls,0x5c08570d2ff0
9255,81,603,cdls,0x5c08570d2ff0
9256,81,708,cdls,0x5c08570d2ff0
9257,102,555,cdls,0x5c08570d2ff0
9258,102,585,cdls,0x5c08570d2ff0
9259,84,654,cdls,0x5c08570d2ff0
9260,57,843,cdls,0x5c08570d2ff0
9261,57,447,cdls,0x5c08570d2ff0
9262,54,660,cdls,0x5c08570d2ff0
9263,90,408,cdls,0x5c08570d2ff0
9264,42,618,cdls,0x5c08570d2ff0
9265,84,555,cdls,0x5c08570d2ff0
9266,66,648,cdls,0x5c08570d2ff0
9267,63,612,cdls,0x5c08570d2ff0
9268,75,564,cdls,0x5c08570d2ff0
9269,66,732,cdls,0x5c08570d2ff0
9270,105,1287,cdls,0x5c08570d2ff0
9271,63,765,cdls,0x5c08570d2ff0
9272,69,675,cdls,0x5c08570d2ff0
9273,57,480,cdls,0x5c08570d2ff0
9274,54,618,cdls,0x5c08570d2ff0
9275,45,747,cdls,0x5c08570d2ff0
9276,102,465,cdls,0x5c08570d2ff0
9277,90,639,cdls,0x5c08570d2ff0
9278,108,1053,cdls,0x5c08570d2ff0
9279,78,1128,cdls,0x5c08570d2ff0
9280,78,678,cdls,0x5c08570d2ff0
9281,57,525,cdls,0x5c08570d2ff0
9282,72,762,cdls,0x5c08570d2ff0
9283,81,795,cdls,0x5c08570d2ff0
9284,132,621,cdls,0x5c08570d2ff0
9285,48,531,cdls,0x5c08570d2ff0
9286,45,756,cdls,0x5c08570d2ff0
9287,75,1065,cdls,0x5c08570d2ff0
9288,78,1104,cdls,0x5c08570d2ff0
9289,69,939,cdls,0x5c08570d2ff0
9290,132,801,cdls,0x5c08570d2ff0
9291,57,711,cdls,0x5c08570d2ff0
9292,33,843,cdls,0x5c08570d2ff0
9293,78,1164,cdls,0x5c08570d2ff0
9294,57,711,cdls,0x5c08570d2ff0
9295,69,915,cdls,0x5c08570d2ff0
9296,114,1212,cdls,0x5c08570d2ff0
9297,66,801,cdls,0x5c08570d2ff0
9298,75,885,cdls,0x5c08570d2ff0
9299,48,657,cdls,0x5c08570d2ff0
9300,84,717,cdls,0x5c08570d2ff0
9301,81,789,cdls,0x5c08570d2ff0
9302,84,996,cdls,0x5c08570d2ff0
9303,93,1083,cdls,0x5c08570d2ff0
9304,132,855,cdls,0x5c08570d2ff0
9305,120,1233,cdls,0x5c08570d2ff0
9306,114,1197,cdls,0x5c08570d2ff0
9307,69,738,cdls,0x5c08570d2ff0
9308,105,999,cdls,0x5c08570d2ff0
9309,93,939,cdls,0x5c08570d2ff0
9310,75,993,cdls,0x5c08570d2ff0
9311,117,1395,cdls,0x5c08570d2ff0
9312,117,1116,cdls,0x5c08570d2ff0
9313,135,1329,cdls,0x5c08570d2ff0
9314,93,987,cdls,0x5c08570d2ff0
9315,75,999,cdls,0x5c08570d2ff0
9316,102,828,cdls,0x5c08570d2ff0
9317,129,1098,cdls,0x5c08570d2ff0
9318,105,981,cdls,0x5c08570d2ff0
9319,84,915,cdls,0x5c08570d2ff0
9320,72,879,cdls,0x5c08570d2ff0
9321,102,618,cdls,0x5c08570d2ff0
9322,63,687,cdls,0x5c08570d2ff0
9323,159,732,cdls,0x5c08570d2ff0
9324,75,708,cdls,0x5c08570d2ff0
9325,60,726,cdls,0x5c08570d2ff0
9326,78,828,cdls,0x5c08570d2ff0
9327,81,864,cdls,0x5c08570d2ff0
9328,60,1029,cdls,0x5c08570d2ff0
9329,129,1104,cdls,0x5c08570d2ff0
9330,96,1113,cdls,0x5c08570d2ff0
9331,84,930,cdls,0x5c08570d2ff0
9332,87,1239,cdls,0x5c08570d2ff0
9333,102,1116,cdls,0x5c08570d2ff0
9334,99,1137,cdls,0x5c08570d2ff0
9335,45,711,cdls,0x5c08570d2ff0
9336,75,1017,cdls,0x5c08570d2ff0
9337,93,741,cdls,0x5c08570d2ff0
9338,102,474,cdls,0x5c08570d2ff0
9339,63,903,cdls,0x5c08570d2ff0
9340,57,687,cdls,0x5c08570d2ff0
9341,87,903,cdls,0x5c08570d2ff0
9342,66,828,cdls,0x5c08570d2ff0
9343,102,651,cdls,0x5c08570d2ff0
9344,57,444,cdls,0x5c08570d2ff0
9345,72,771,cdls,0x5c08570d2ff0
9346,69,855,cdls,0x5c08570d2ff0
9347,75,609,cdls,0x5c08570d2ff0
9348,45,573,cdls,0x5c08570d2ff0
9349,87,777,cdls,0x5c08570d2ff0
9350,69,441,cdls,0x5c08570d2ff0
9351,87,684,cdls,0x5c08570d2ff0
9352,102,561,cdls,0x5c08570d2ff0
9353,78,1008,cdls,0x5c08570d2ff0
9354,123,1545,cdls,0x5c08570d2ff0
9355,63,939,cdls,0x5c08570d2ff0
9356,150,1227,cdls,0x5c08570d2ff0
9357,108,762,cdls,0x5c08570d2ff0
9358,72,876,cdls,0x5c08570d2ff0
9359,66,684,cdls,0x5c08570d2ff0
9360,60,1014,cdls,0x5c08570d2ff0
9361,63,708,cdls,0x5c08570d2ff0
9362,87,861,cdls,0x5c08570d2ff0
9363,42,645,cdls,0x5c08570d2ff0
9364,90,1248,cdls,0x5c08570d2ff0
9365,75,687,cdls,0x5c08570d2ff0
9366,75,669,cdls,0x5c08570d2ff0
9367,135,729,cdls,0x5c08570d2ff0
9368,144,1293,cdls,0x5c08570d2ff0
9369,75,723,cdls,0x5c08570d2ff0
9370,84,666,cdls,0x5c08570d2ff0
9371,87,882,cdls,0x5c08570d2ff0
9372,102,981,cdls,0x5c08570d2ff0
9373,66,726,cdls,0x5c08570d2ff0
9374,45,891,cdls,0x5c08570d2ff0
9375,72,654,cdls,0x5c08570d2ff0
9376,84,483,cdls,0x5c08570d2ff0
9377,60,978,cdls,0x5c08570d2ff0
9378,69,819,cdls,0x5c08570d2ff0
9379,90,984,cdls,0x5c08570d2ff0
9380,69,915,cdls,0x5c08570d2ff0
9381,63,615,cdls,0x5c08570d2ff0
9382,102,876,cdls,0x5c08570d2ff0
9383,99,1035,cdls,0x5c08570d2ff0
9384,75,927,cdls,0x5c08570d2ff0
9385,66,426,cdls,0x5c08570d2ff0
9386,57,564,cdls,0x5c08570d2ff0
9387,99,609,cdls,0x5c08570d2ff0
9388,60,423,cdls,0x5c08570d2ff0
9389,72,582,cdls,0x5c08570d2ff0
9390,87,555,cdls,0x5c08570d2ff0
9391,72,834,cdls,0x5c08570d2ff0
9392,60,693,cdls,0x5c08570d2ff0
9393,57,807,cdls,0x5c08570d2ff0
9394,90,933,cdls,0x5c08570d2ff0
9395,63,615,cdls,0x5c08570d2ff0
9396,48,735,cdls,0x5c08570d2ff0
9397,75,873,cdls,0x5c08570d2ff0
9398,57,747,cdls,0x5c08570d2ff0
9399,48,756,cdls,0x5c08570d2ff0
9400,75,726,cdls,0x5c08570d2ff0
9401,75,585,cdls,0x5c08570d2ff0
9402,93,531,cdls,0x5c08570d2ff0
9403,54,513,cdls,0x5c08570d2ff0
9404,45,699,cdls,0x5c08570d2ff0
9405,117,522,cdls,0x5c08570d2ff0
9406,123,426,cdls,0x5c08570d2ff0
9407,54,585,cdls,0x5c08570d2ff0
9408,54,672,cdls,0x5c08570d2ff0
9409,57,402,cdls,0x5c08570d2ff0
9410,111,408,cdls,0x5c08570d2ff0
9411,84,528,cdls,0x5c08570d2ff0
9412,96,675,cdls,0x5c08570d2ff0
9413,60,753,cdls,0x5c08570d2ff0
9414,60,549,cdls,0x5c08570d2ff0
9415,69,639,cdls,0x5c08570d2ff0
9416,90,540,cdls,0x5c08570d2ff0
9417,75,549,cdls,0x5c08570d2ff0
9418,90,801,cdls,0x5c08570d2ff0
9419,84,711,cdls,0x5c08570d2ff0
9420,102,1050,cdls,0x5c08570d2ff0
9421,93,891,cdls,0x5c08570d2ff0
9422,99,828,cdls,0x5c08570d2ff0
9423,129,990,cdls,0x5c08570d2ff0
9424,117,1125,cdls,0x5c08570d2ff0
9425,123,732,cdls,0x5c08570d2ff0
9426,111,1179,cdls,0x5c08570d2ff0
9427,174,1275,cdls,0x5c08570d2ff0
9428,156,1260,cdls,0x5c08570d2ff0
9429,99,1239,cdls,0x5c08570d2ff0
9430,108,930,cdls,0x5c08570d2ff0
9431,63,981,cdls,0x5c08570d2ff0
9432,54,795,cdls,0x5c08570d2ff0
9433,156,1143,cdls,0x5c08570d2ff0
9434,108,1149,cdls,0x5c08570d2ff0
9435,63,738,cdls,0x5c08570d2ff0
9436,81,786,cdls,0x5c08570d2ff0
9437,129,1017,cdls,0x5c08570d2ff0
9438,108,1230,cdls,0x5c08570d2ff0
9439,87,1287,cdls,0x5c08570d2ff0
9440,126,1002,cdls,0x5c08570d2ff0
9441,132,1302,cdls,0x5c08570d2ff0
9442,135,966,cdls,0x5c08570d2ff0
9443,114,1254,cdls,0x5c08570d2ff0
9444,147,1404,cdls,0x5c08570d2ff0
9445,69,1086,cdls,0x5c08570d2ff0
9446,129,1089,cdls,0x5c08570d2ff0
9447,165,1344,cdls,0x5c08570d2ff0
9448,123,1572,cdls,0x5c08570d2ff0
9449,108,1377,cdls,0x5c08570d2ff0
9450,105,1227,cdls,0x5c08570d2ff0
9451,144,1404,cdls,0x5c08570d2ff0
9452,255,1656,cdls,0x5c08570d2ff0
9453,90,717,cdls,0x5c08570d2ff0
9454,129,726,cdls,0x5c08570d2ff0
9455,108,1188,cdls,0x5c08570d2ff0
9456,117,1209,cdls,0x5c08570d2ff0
9457,51,522,cdls,0x5c08570d2ff0
9458,96,1023,cdls,0x5c08570d2ff0
9459,141,708,cdls,0x5c08570d2ff0
9460,66,564,cdls,0x5c08570d2ff0
9461,168,906,cdls,0x5c08570d2ff0
9462,72,729,cdls,0x5c08570d2ff0
9463,99,1086,cdls,0x5c08570d2ff0
9464,120,1290,cdls,0x5c08570d2ff0
9465,198,1101,cdls,0x5c08570d2ff0
9466,141,1494,cdls,0x5c08570d2ff0
9467,183,1407,cdls,0x5c08570d2ff0
9468,114,1092,cdls,0x5c08570d2ff0
9469,156,987,cdls,0x5c08570d2ff0
9470,96,1443,cdls,0x5c08570d2ff0
9471,111,984,cdls,0x5c08570d2ff0
9472,129,984,cdls,0x5c08570d2ff0
9473,171,1119,cdls,0x5c08570d2ff0
9474,144,1026,cdls,0x5c08570d2ff0
9475,84,951,cdls,0x5c08570d2ff0
9476,129,1074,cdls,0x5c08570d2ff0
9477,84,942,cdls,0x5c08570d2ff0
9478,177,1374,cdls,0x5c08570d2ff0
9479,162,1254,cdls,0x5c08570d2ff0
9480,129,1248,cdls,0x5c08570d2ff0
9481,78,627,cdls,0x5c08570d2ff0
9482,108,747,cdls,0x5c08570d2ff0
9483,90,876,cdls,0x5c08570d2ff0
9484,93,792,cdls,0x5c08570d2ff0
9485,72,573,cdls,0x5c08570d2ff0
9486,78,942,cdls,0x5c08570d2ff0
9487,99,891,cdls,0x5c08570d2ff0
9488,93,1080,cdls,0x5c08570d2ff0
9489,123,735,cdls,0x5c08570d2ff0
9490,81,720,cdls,0x5c08570d2ff0
9491,54,663,cdls,0x5c08570d2ff0
9492,42,687,cdls,0x5c08570d2ff0
9493,114,1026,cdls,0x5c08570d2ff0
9494,57,858,cdls,0x5c08570d2ff0
9495,60,1017,cdls,0x5c08570d2ff0
9496,81,849,cdls,0x5c08570d2ff0
9497,114,891,cdls,0x5c08570d2ff0
9498,108,759,cdls,0x5c08570d2ff0
9499,138,957,cdls,0x5c08570d2ff0
9500,135,861,cdls,0x5c08570d2ff0
9501,87,999,cdls,0x5c08570d2ff0
9502,84,960,cdls,0x5c08570d2ff0
9503,60,807,cdls,0x5c08570d2ff0
9504,108,1152,cdls,0x5c08570d2ff0
9505,90,984,cdls,0x5c08570d2ff0
9506,120,1020,cdls,0x5c08570d2ff0
9507,150,1173,cdls,0x5c08570d2ff0
9508,108,1095,cdls,0x5c08570d2ff0
9509,165,1368,cdls,0x5c08570d2ff0
9510,96,864,cdls,0x5c08570d2ff0
9511,147,1089,cdls,0x5c08570d2ff0
9512,69,963,cdls,0x5c08570d2ff0
9513,90,933,cdls,0x5c08570d2ff0
9514,165,990,cdls,0x5c08570d2ff0
9515,177,1023,cdls,0x5c08570d2ff0
9516,132,870,cdls,0x5c08570d2ff0
9517,105,858,cdls,0x5c08570d2ff0
9518,126,1092,cdls,0x5c08570d2ff0
9519,42,1035,cdls,0x5c08570d2ff0
9520,123,1125,cdls,0x5c08570d2ff0
9521,189,837,cdls,0x5c08570d2ff0
9522,96,573,cdls,0x5c08570d2ff0
9523,105,639,cdls,0x5c08570d2ff0
9524,90,861,cdls,0x5c08570d2ff0
9525,108,828,cdls,0x5c08570d2ff0
9526,111,684,cdls,0x5c08570d2ff0
9527,114,933,cdls,0x5c08570d2ff0
9528,87,945,cdls,0x5c08570d2ff0
9529,111,771,cdls,0x5c08570d2ff0
9530,57,852,cdls,0x5c08570d2ff0
9531,96,1233,cdls,0x5c08570d2ff0
9532,84,990,cdls,0x5c08570d2ff0
9533,120,1089,cdls,0x5c08570d2ff0
9534,165,1404,cdls,0x5c08570d2ff0
9535,153,1500,cdls,0x5c08570d2ff0
9536,99,987,cdls,0x5c08570d2ff0
9537,111,987,cdls,0x5c08570d2ff0
9538,120,1125,cdls,0x5c08570d2ff0
9539,144,903,cdls,0x5c08570d2ff0
9540,153,1092,cdls,0x5c08570d2ff0
9541,183,1443,cdls,0x5c08570d2ff0
9542,93,1347,cdls,0x5c08570d2ff0
9543,162,1107,cdls,0x5c08570d2ff0
9544,105,693,cdls,0x5c08570d2ff0
9545,66,1272,cdls,0x5c08570d2ff0
9546,162,1362,cdls,0x5c08570d2ff0
9547,135,993,cdls,0x5c08570d2ff0
9548,84,963,cdls,0x5c08570d2ff0
9549,114,1572,cdls,0x5c08570d2ff0
9550,81,1455,cdls,0x5c08570d2ff0
9551,129,1491,cdls,0x5c08570d2ff0
9552,84,1170,cdls,0x5c08570d2ff0
9553,108,963,cdls,0x5c08570d2ff0
9554,90,1440,cdls,0x5c08570d2ff0
9555,90,723,cdls,0x5c08570d2ff0
9556,42,762,cdls,0x5c08570d2ff0
9557,57,795,cdls,0x5c08570d2ff0
9558,87,813,cdls,0x5c08570d2ff0
9559,69,720,cdls,0x5c08570d2ff0
9560,126,981,cdls,0x5c08570d2ff0
9561,123,1533,cdls,0x5c08570d2ff0
9562,78,1164,cdls,0x5c08570d2ff0
9563,144,1425,cdls,0x5c08570d2ff0
9564,156,1320,cdls,0x5c08570d2ff0
9565,93,1443,cdls,0x5c08570d2ff0
9566,114,1296,cdls,0x5c08570d2ff0
9567,99,1533,cdls,0x5c08570d2ff0
9568,165,1587,cdls,0x5c08570d2ff0
9569,120,1206,cdls,0x5c08570d2ff0
9570,123,1146,cdls,0x5c08570d2ff0
9571,84,777,cdls,0x5c08570d2ff0
9572,102,1164,cdls,0x5c08570d2ff0
9573,99,645,cdls,0x5c08570d2ff0
9574,105,1164,cdls,0x5c08570d2ff0
9575,75,969,cdls,0x5c08570d2ff0
9576,39,972,cdls,0x5c08570d2ff0
9577,141,1203,cdls,0x5c08570d2ff0
9578,129,1359,cdls,0x5c08570d2ff0
9579,156,1326,cdls,0x5c08570d2ff0
9580,99,1077,cdls,0x5c08570d2ff0
9581,120,846,cdls,0x5c08570d2ff0
9582,168,990,cdls,0x5c08570d2ff0
9583,267,1392,cdls,0x5c08570d2ff0
9584,180,1146,cdls,0x5c08570d2ff0
9585,162,1683,cdls,0x5c08570d2ff0
9586,156,1713,cdls,0x5c08570d2ff0
9587,138,1287,cdls,0x5c08570d2ff0
9588,129,1296,cdls,0x5c08570d2ff0
9589,225,1092,cdls,0x5c08570d2ff0
9590,207,1797,cdls,0x5c08570d2ff0
9591,204,1176,cdls,0x5c08570d2ff0
9592,147,1470,cdls,0x5c08570d2ff0
9593,105,1074,cdls,0x5c08570d2ff0
9594,144,1743,cdls,0x5c08570d2ff0
9595,138,861,cdls,0x5c08570d2ff0
9596,135,771,cdls,0x5c08570d2ff0
9597,174,693,cdls,0x5c08570d2ff0
9598,96,966,cdls,0x5c08570d2ff0
9599,132,600,cdls,0x5c08570d2ff0
9600,99,861,cdls,0x5c08570d2ff0
9601,150,990,cdls,0x5c08570d2ff0
9602,183,1413,cdls,0x5c08570d2ff0
9603,162,1428,cdls,0x5c08570d2ff0
9604,177,1014,cdls,0x5c08570d2ff0
9605,120,1227,cdls,0x5c08570d2ff0
9606,84,951,cdls,0x5c08570d2ff0
9607,75,1365,cdls,0x5c08570d2ff0
9608,117,1131,cdls,0x5c08570d2ff0
9609,42,492,cdls,0x5c08570d2ff0
9610,66,414,cdls,0x5c08570d2ff0
9611,114,738,cdls,0x5c08570d2ff0
9612,57,597,cdls,0x5c08570d2ff0
9613,105,1104,cdls,0x5c08570d2ff0
9614,96,954,cdls,0x5c08570d2ff0
9615,75,615,cdls,0x5c08570d2ff0
9616,93,753,cdls,0x5c08570d2ff0
9617,135,993,cdls,0x5c08570d2ff0
9618,102,1227,cdls,0x5c08570d2ff0
9619,96,888,cdls,0x5c08570d2ff0
9620,51,654,cdls,0x5c08570d2ff0
9621,147,810,cdls,0x5c08570d2ff0
9622,174,1008,cdls,0x5c08570d2ff0
9623,135,837,cdls,0x5c08570d2ff0
9624,117,642,cdls,0x5c08570d2ff0
9625,114,1344,cdls,0x5c08570d2ff0
9626,237,1758,cdls,0x5c08570d2ff0
9627,159,1356,cdls,0x5c08570d2ff0
9628,135,1242,cdls,0x5c08570d2ff0
9629,87,1320,cdls,0x5c08570d2ff0
9630,75,1029,cdls,0x5c08570d2ff0
9631,111,1017,cdls,0x5c08570d2ff0
9632,117,1302,cdls,0x5c08570d2ff0
9633,138,1140,cdls,0x5c08570d2ff0
9634,126,1182,cdls,0x5c08570d2ff0
9635,168,1020,cdls,0x5c08570d2ff0
9636,90,765,cdls,0x5c08570d2ff0
9637,78,717,cdls,0x5c08570d2ff0
9638,96,672,cdls,0x5c08570d2ff0
9639,93,723,cdls,0x5c08570d2ff0
9640,111,945,cdls,0x5c08570d2ff0
9641,204,1440,cdls,0x5c08570d2ff0
9642,174,1194,cdls,0x5c08570d2ff0
9643,138,927,cdls,0x5c08570d2ff0
9644,138,1044,cdls,0x5c08570d2ff0
9645,126,1107,cdls,0x5c08570d2ff0
9646,102,1143,cdls,0x5c08570d2ff0
9647,117,1056,cdls,0x5c08570d2ff0
9648,144,1860,cdls,0x5c08570d2ff0
9649,87,1293,cdls,0x5c08570d2ff0
9650,150,1473,cdls,0x5c08570d2ff0
9651,186,1287,cdls,0x5c08570d2ff0
9652,192,1644,cdls,0x5c08570d2ff0
9653,162,1017,cdls,0x5c08570d2ff0
9654,141,1005,cdls,0x5c08570d2ff0
9655,183,1110,cdls,0x5c08570d2ff0
9656,168,1017,cdls,0x5c08570d2ff0
9657,135,1404,cdls,0x5c08570d2ff0
9658,159,1266,cdls,0x5c08570d2ff0
9659,138,1716,cdls,0x5c08570d2ff0
9660,102,1332,cdls,0x5c08570d2ff0
9661,117,1038,cdls,0x5c08570d2ff0
9662,111,915,cdls,0x5c08570d2ff0
9663,138,1851,cdls,0x5c08570d2ff0
9664,141,1431,cdls,0x5c08570d2ff0
9665,216,2034,cdls,0x5c08570d2ff0
9666,141,1647,cdls,0x5c08570d2ff0
9667,120,1710,cdls,0x5c08570d2ff0
9668,210,1767,cdls,0x5c08570d2ff0
9669,216,2358,cdls,0x5c08570d2ff0
9670,90,1176,cdls,0x5c08570d2ff0
9671,120,987,cdls,0x5c08570d2ff0
9672,111,1185,cdls,0x5c08570d2ff0
9673,174,1524,cdls,0x5c08570d2ff0
9674,222,2052,cdls,0x5c08570d2ff0
9675,144,1917,cdls,0x5c08570d2ff0
9676,264,2553,cdls,0x5c08570d2ff0
9677,192,2049,cdls,0x5c08570d2ff0
9678,153,1005,cdls,0x5c08570d2ff0
9679,192,2034,cdls,0x5c08570d2ff0
9680,126,1149,cdls,0x5c08570d2ff0
9681,207,1320,cdls,0x5c08570d2ff0
9682,111,942,cdls,0x5c08570d2ff0
9683,168,1734,cdls,0x5c08570d2ff0
9684,171,1071,cdls,0x5c08570d2ff0
9685,186,1851,cdls,0x5c08570d2ff0
9686,153,1413,cdls,0x5c08570d2ff0
9687,162,1551,cdls,0x5c08570d2ff0
9688,303,2028,cdls,0x5c08570d2ff0
9689,162,1308,cdls,0x5c08570d2ff0
9690,123,1137,cdls,0x5c08570d2ff0
9691,138,768,cdls,0x5c08570d2ff0
9692,93,759,cdls,0x5c08570d2ff0
9693,102,768,cdls,0x5c08570d2ff0
9694,87,849,cdls,0x5c08570d2ff0
9695,120,621,cdls,0x5c08570d2ff0
9696,126,675,cdls,0x5c08570d2ff0
9697,123,1290,cdls,0x5c08570d2ff0
9698,165,1089,cdls,0x5c08570d2ff0
9699,114,1059,cdls,0x5c08570d2ff0
9700,153,1149,cdls,0x5c08570d2ff0
9701,159,1293,cdls,0x5c08570d2ff0
9702,156,1608,cdls,0x5c08570d2ff0
9703,126,1251,cdls,0x5c08570d2ff0
9704,192,1338,cdls,0x5c08570d2ff0
9705,96,1110,cdls,0x5c08570d2ff0
9706,126,1272,cdls,0x5c08570d2ff0
9707,159,1167,cdls,0x5c08570d2ff0
9708,90,912,cdls,0x5c08570d2ff0
9709,117,984,cdls,0x5c08570d2ff0
9710,138,885,cdls,0x5c08570d2ff0
9711,105,903,cdls,0x5c08570d2ff0
9712,132,858,cdls,0x5c08570d2ff0
9713,78,711,cdls,0x5c08570d2ff0
9714,96,957,cdls,0x5c08570d2ff0
9715,63,549,cdls,0x5c08570d2ff0
9716,99,738,cdls,0x5c08570d2ff0
9717,102,699,cdls,0x5c08570d2ff0
9718,141,855,cdls,0x5c08570d2ff0
9719,93,891,cdls,0x5c08570d2ff0
9720,78,762,cdls,0x5c08570d2ff0
9721,195,1221,cdls,0x5c08570d2ff0
9722,138,849,cdls,0x5c08570d2ff0
9723,153,1275,cdls,0x5c08570d2ff0
9724,108,948,cdls,0x5c08570d2ff0
9725,189,1146,cdls,0x5c08570d2ff0
9726,117,1116,cdls,0x5c08570d2ff0
9727,132,963,cdls,0x5c08570d2ff0
9728,120,975,cdls,0x5c08570d2ff0
9729,147,1230,cdls,0x5c08570d2ff0
9730,111,1263,cdls,0x5c08570d2ff0
9731,219,1413,cdls,0x5c08570d2ff0
9732,117,1599,cdls,0x5c08570d2ff0
9733,99,909,cdls,0x5c08570d2ff0
9734,156,1308,cdls,0x5c08570d2ff0
9735,129,1026,cdls,0x5c08570d2ff0
9736,87,891,cdls,0x5c08570d2ff0
9737,99,567,cdls,0x5c08570d2ff0
9738,93,465,cdls,0x5c08570d2ff0
9739,90,801,cdls,0x5c08570d2ff0
9740,105,771,cdls,0x5c08570d2ff0
9741,54,684,cdls,0x5c08570d2ff0
9742,129,429,cdls,0x5c08570d2ff0
9743,63,810,cdls,0x5c08570d2ff0
9744,72,627,cdls,0x5c08570d2ff0
9745,159,1065,cdls,0x5c08570d2ff0
9746,138,1044,cdls,0x5c08570d2ff0
9747,126,813,cdls,0x5c08570d2ff0
9748,60,813,cdls,0x5c08570d2ff0
9749,111,1131,cdls,0x5c08570d2ff0
9750,99,1074,cdls,0x5c08570d2ff0
9751,93,1065,cdls,0x5c08570d2ff0
9752,60,771,cdls,0x5c08570d2ff0
9753,90,789,cdls,0x5c08570d2ff0
9754,75,732,cdls,0x5c08570d2ff0
9755,108,972,cdls,0x5c08570d2ff0
9756,126,1128,cdls,0x5c08570d2ff0
9757,99,648,cdls,0x5c08570d2ff0
9758,54,993,cdls,0x5c08570d2ff0
9759,60,723,cdls,0x5c08570d2ff0
9760,75,765,cdls,0x5c08570d2ff0
9761,150,1230,cdls,0x5c08570d2ff0
9762,147,1170,cdls,0x5c08570d2ff0
9763,108,1044,cdls,0x5c08570d2ff0
9764,114,1434,cdls,0x5c08570d2ff0
9765,129,1149,cdls,0x5c08570d2ff0
9766,123,1017,cdls,0x5c08570d2ff0
9767,114,1524,cdls,0x5c08570d2ff0
9768,162,1647,cdls,0x5c08570d2ff0
9769,132,1242,cdls,0x5c08570d2ff0
9770,69,1059,cdls,0x5c08570d2ff0
9771,69,726,cdls,0x5c08570d2ff0
9772,42,732,cdls,0x5c08570d2ff0
9773,156,1287,cdls,0x5c08570d2ff0
9774,102,1236,cdls,0x5c08570d2ff0
9775,132,1029,cdls,0x5c08570d2ff0
9776,150,1488,cdls,0x5c08570d2ff0
9777,78,1104,cdls,0x5c08570d2ff0
9778,96,1077,cdls,0x5c08570d2ff0
9779,39,165,cdls,0x5c08570d2ff0
9780,129,1386,cdls,0x5c08570d2ff0
9781,75,990,cdls,0x5c08570d2ff0
9782,114,1344,cdls,0x5c08570d2ff0
9783,75,1050,cdls,0x5c08570d2ff0
9784,96,1188,cdls,0x5c08570d2ff0
9785,198,1785,cdls,0x5c08570d2ff0
9786,54,798,cdls,0x5c08570d2ff0
9787,84,801,cdls,0x5c08570d2ff0
9788,78,720,cdls,0x5c08570d2ff0
9789,102,1128,cdls,0x5c08570d2ff0
9790,147,1215,cdls,0x5c08570d2ff0
9791,132,1191,cdls,0x5c08570d2ff0
9792,90,1074,cdls,0x5c08570d2ff0
9793,117,1455,cdls,0x5c08570d2ff0
9794,93,1044,cdls,0x5c08570d2ff0
9795,138,1413,cdls,0x5c08570d2ff0
9796,162,1305,cdls,0x5c08570d2ff0
9797,138,1098,cdls,0x5c08570d2ff0
9798,87,1005,cdls,0x5c08570d2ff0
9799,66,735,cdls,0x5c08570d2ff0
9800,108,972,cdls,0x5c08570d2ff0
9801,108,819,cdls,0x5c08570d2ff0
9802,162,1452,cdls,0x5c08570d2ff0
9803,141,1128,cdls,0x5c08570d2ff0
9804,141,1104,cdls,0x5c08570d2ff0
9805,102,732,cdls,0x5c08570d2ff0
9806,120,867,cdls,0x5c08570d2ff0
9807,129,936,cdls,0x5c08570d2ff0
9808,162,1404,cdls,0x5c08570d2ff0
9809,180,1329,cdls,0x5c08570d2ff0
9810,234,1971,cdls,0x5c08570d2ff0
9811,231,2469,cdls,0x5c08570d2ff0
9812,228,2127,cdls,0x5c08570d2ff0
9813,150,1338,cdls,0x5c08570d2ff0
9814,141,2415,cdls,0x5c08570d2ff0
9815,186,1440,cdls,0x5c08570d2ff0
9816,162,1185,cdls,0x5c08570d2ff0
9817,114,1311,cdls,0x5c08570d2ff0
9818,174,2160,cdls,0x5c08570d2ff0
9819,120,1410,cdls,0x5c08570d2ff0
9820,183,1419,cdls,0x5c08570d2ff0
9821,153,1302,cdls,0x5c08570d2ff0
9822,105,936,cdls,0x5c08570d2ff0
9823,84,576,cdls,0x5c08570d2ff0
9824,111,915,cdls,0x5c08570d2ff0
9825,117,1275,cdls,0x5c08570d2ff0
9826,126,1125,cdls,0x5c08570d2ff0
9827,174,1431,cdls,0x5c08570d2ff0
9828,120,921,cdls,0x5c08570d2ff0
9829,96,771,cdls,0x5c08570d2ff0
9830,66,1104,cdls,0x5c08570d2ff0
9831,84,1062,cdls,0x5c08570d2ff0
9832,147,915,cdls,0x5c08570d2ff0
9833,96,795,cdls,0x5c08570d2ff0
9834,108,1482,cdls,0x5c08570d2ff0
9835,156,1467,cdls,0x5c08570d2ff0
9836,129,1083,cdls,0x5c08570d2ff0
9837,129,1065,cdls,0x5c08570d2ff0
9838,159,1605,cdls,0x5c08570d2ff0
9839,126,1038,cdls,0x5c08570d2ff0
9840,93,1221,cdls,0x5c08570d2ff0
9841,162,1083,cdls,0x5c08570d2ff0
9842,147,981,cdls,0x5c08570d2ff0
9843,156,867,cdls,0x5c08570d2ff0
9844,180,1725,cdls,0x5c08570d2ff0
9845,120,1140,cdls,0x5c08570d2ff0
9846,105,987,cdls,0x5c08570d2ff0
9847,174,951,cdls,0x5c08570d2ff0
9848,234,1761,cdls,0x5c08570d2ff0
9849,114,1008,cdls,0x5c08570d2ff0
9850,78,813,cdls,0x5c08570d2ff0
9851,81,1203,cdls,0x5c08570d2ff0
9852,75,849,cdls,0x5c08570d2ff0
9853,69,768,cdls,0x5c08570d2ff0
9854,66,933,cdls,0x5c08570d2ff0
9855,96,867,cdls,0x5c08570d2ff0
9856,126,1632,cdls,0x5c08570d2ff0
9857,117,1119,cdls,0x5c08570d2ff0
9858,147,777,cdls,0x5c08570d2ff0
9859,96,924,cdls,0x5c08570d2ff0
9860,159,1266,cdls,0x5c08570d2ff0
9861,129,1437,cdls,0x5c08570d2ff0
9862,81,993,cdls,0x5c08570d2ff0
9863,108,1044,cdls,0x5c08570d2ff0
9864,81,1080,cdls,0x5c08570d2ff0
9865,174,1752,cdls,0x5c08570d2ff0
9866,141,1341,cdls,0x5c08570d2ff0
9867,81,1299,cdls,0x5c08570d2ff0
9868,159,1509,cdls,0x5c08570d2ff0
9869,168,1686,cdls,0x5c08570d2ff0
9870,147,1302,cdls,0x5c08570d2ff0
9871,117,1068,cdls,0x5c08570d2ff0
9872,153,1398,cdls,0x5c08570d2ff0
9873,102,1545,cdls,0x5c08570d2ff0
9874,207,1911,cdls,0x5c08570d2ff0
9875,144,1329,cdls,0x5c08570d2ff0
9876,150,1512,cdls,0x5c08570d2ff0
9877,255,1929,cdls,0x5c08570d2ff0
9878,114,1884,cdls,0x5c08570d2ff0
9879,147,1440,cdls,0x5c08570d2ff0
9880,141,1632,cdls,0x5c08570d2ff0
9881,174,1365,cdls,0x5c08570d2ff0
9882,111,960,cdls,0x5c08570d2ff0
9883,135,1008,cdls,0x5c08570d2ff0
9884,111,1233,cdls,0x5c08570d2ff0
9885,138,1533,cdls,0x5c08570d2ff0
9886,162,1743,cdls,0x5c08570d2ff0
9887,249,1680,cdls,0x5c08570d2ff0
9888,156,1818,cdls,0x5c08570d2ff0
9889,153,1359,cdls,0x5c08570d2ff0
9890,129,846,cdls,0x5c08570d2ff0
9891,165,1218,cdls,0x5c08570d2ff0
9892,138,1362,cdls,0x5c08570d2ff0
9893,93,780,cdls,0x5c08570d2ff0
9894,132,1263,cdls,0x5c08570d2ff0
9895,81,942,cdls,0x5c08570d2ff0
9896,132,879,cdls,0x5c08570d2ff0
9897,105,900,cdls,0x5c08570d2ff0
9898,231,2025,cdls,0x5c08570d2ff0
9899,180,1692,cdls,0x5c08570d2ff0
9900,150,1245,cdls,0x5c08570d2ff0
9901,123,1377,cdls,0x5c08570d2ff0
9902,123,1212,cdls,0x5c08570d2ff0
9903,159,1503,cdls,0x5c08570d2ff0
9904,204,969,cdls,0x5c08570d2ff0
9905,204,1458,cdls,0x5c08570d2ff0
9906,117,1050,cdls,0x5c08570d2ff0
9907,189,1422,cdls,0x5c08570d2ff0
9908,123,1287,cdls,0x5c08570d2ff0
9909,102,846,cdls,0x5c08570d2ff0
9910,144,1434,cdls,0x5c08570d2ff0
9911,120,1530,cdls,0x5c08570d2ff0
9912,117,1170,cdls,0x5c08570d2ff0
9913,189,1524,cdls,0x5c08570d2ff0
9914,102,720,cdls,0x5c08570d2ff0
9915,105,723,cdls,0x5c08570d2ff0
9916,132,801,cdls,0x5c08570d2ff0
9917,69,1254,cdls,0x5c08570d2ff0
9918,177,1347,cdls,0x5c08570d2ff0
9919,138,1038,cdls,0x5c08570d2ff0
9920,93,1323,cdls,0x5c08570d2ff0
9921,126,1176,cdls,0x5c08570d2ff0
9922,108,789,cdls,0x5c08570d2ff0
9923,108,942,cdls,0x5c08570d2ff0
9924,108,561,cdls,0x5c08570d2ff0
9925,135,930,cdls,0x5c08570d2ff0
9926,57,546,cdls,0x5c08570d2ff0
9927,81,885,cdls,0x5c08570d2ff0
9928,102,1017,cdls,0x5c08570d2ff0
9929,78,876,cdls,0x5c08570d2ff0
9930,78,1056,cdls,0x5c08570d2ff0
9931,150,1368,cdls,0x5c08570d2ff0
9932,12,51,cdls,0x5c08570d2ff0
9933,162,1302,cdls,0x5c08570d2ff0
9934,159,1629,cdls,0x5c08570d2ff0
9935,150,1473,cdls,0x5c08570d2ff0
9936,279,1827,cdls,0x5c08570d2ff0
9937,237,1644,cdls,0x5c08570d2ff0
9938,144,1425,cdls,0x5c08570d2ff0
9939,174,1779,cdls,0x5c08570d2ff0
9940,135,1188,cdls,0x5c08570d2ff0
9941,237,1665,cdls,0x5c08570d2ff0
9942,246,1737,cdls,0x5c08570d2ff0
9943,195,1737,cdls,0x5c08570d2ff0
9944,264,2058,cdls,0x5c08570d2ff0
9945,231,1677,cdls,0x5c08570d2ff0
9946,195,2361,cdls,0x5c08570d2ff0
9947,246,2067,cdls,0x5c08570d2ff0
9948,161,2262,cdls,0x5c08570d2ff0
9949,160,2101,cdls,0x5c08570d2ff0
9950,138,1047,cdls,0x5c08570d2ff0
9951,222,1824,cdls,0x5c08570d2ff0
9952,153,1182,cdls,0x5c08570d2ff0
9953,117,921,cdls,0x5c08570d2ff0
9954,273,1089,cdls,0x5c08570d2ff0
9955,270,1761,cdls,0x5c08570d2ff0
9956,306,1872,cdls,0x5c08570d2ff0
9957,267,1818,cdls,0x5c08570d2ff0
9958,237,1863,cdls,0x5c08570d2ff0
9959,225,1422,cdls,0x5c08570d2ff0
9960,135,1611,cdls,0x5c08570d2ff0
9961,141,1599,cdls,0x5c08570d2ff0
9962,201,1758,cdls,0x5c08570d2ff0
9963,213,1902,cdls,0x5c08570d2ff0
9964,123,1008,cdls,0x5c08570d2ff0
9965,165,1212,cdls,0x5c08570d2ff0
9966,126,1176,cdls,0x5c08570d2ff0
9967,207,1485,cdls,0x5c08570d2ff0
9968,114,1074,cdls,0x5c08570d2ff0
9969,123,1074,cdls,0x5c08570d2ff0
9970,153,1491,cdls,0x5c08570d2ff0
9971,162,1494,cdls,0x5c08570d2ff0
9972,117,1248,cdls,0x5c08570d2ff0
9973,117,1377,cdls,0x5c08570d2ff0
9974,195,1500,cdls,0x5c08570d2ff0
9975,231,1509,cdls,0x5c08570d2ff0
9976,141,1572,cdls,0x5c08570d2ff0
9977,150,1821,cdls,0x5c08570d2ff0
9978,198,1689,cdls,0x5c08570d2ff0
9979,195,1572,cdls,0x5c08570d2ff0
9980,231,1344,cdls,0x5c08570d2ff0
9981,255,1248,cdls,0x5c08570d2ff0
9982,144,1518,cdls,0x5c08570d2ff0
9983,210,1698,cdls,0x5c08570d2ff0
9984,171,891,cdls,0x5c08570d2ff0
9985,108,1107,cdls,0x5c08570d2ff0
9986,231,1023,cdls,0x5c08570d2ff0
9987,159,1422,cdls,0x5c08570d2ff0
9988,123,1281,cdls,0x5c08570d2ff0
9989,219,1743,cdls,0x5c08570d2ff0
9990,216,1890,cdls,0x5c08570d2ff0
9991,177,1950,cdls,0x5c08570d2ff0
9992,144,1635,cdls,0x5c08570d2ff0
9993,294,1341,cdls,0x5c08570d2ff0
9994,161,2061,cdls,0x5c08570d2ff0
9995,160,1900,cdls,0x5c08570d2ff0
9996,213,1251,cdls,0x5c08570d2ff0
9997,237,2055,cdls,0x5c08570d2ff0
9998,210,1458,cdls,0x5c08570d2ff0
9999,219,2493,cdls,0x5c08570d2ff0
10000,249,2079,cdls,0x5c08570d2ff0
10001,153,1956,cdls,0x5c08570d2ff0
10002,183,1107,cdls,0x5c08570d2ff0
10003,90,1308,cdls,0x5c08570d2ff0
10004,129,1326,cdls,0x5c08570d2ff0
10005,153,2259,cdls,0x5c08570d2ff0
10006,255,2115,cdls,0x5c08570d2ff0
10007,222,2208,cdls,0x5c08570d2ff0
10008,195,2565,cdls,0x5c08570d2ff0
10009,162,1857,cdls,0x5c08570d2ff0
10010,198,1482,cdls,0x5c08570d2ff0
10011,123,1407,cdls,0x5c08570d2ff0
10012,108,1629,cdls,0x5c08570d2ff0
10013,201,2028,cdls,0x5c08570d2ff0
10014,150,1896,cdls,0x5c08570d2ff0
10015,219,1266,cdls,0x5c08570d2ff0
10016,315,1695,cdls,0x5c08570d2ff0
10017,309,2676,cdls,0x5c08570d2ff0
10018,279,1950,cdls,0x5c08570d2ff0
10019,189,1995,cdls,0x5c08570d2ff0
10020,189,1806,cdls,0x5c08570d2ff0
10021,294,1917,cdls,0x5c08570d2ff0
10022,258,2184,cdls,0x5c08570d2ff0
10023,180,1128,cdls,0x5c08570d2ff0
10024,177,1161,cdls,0x5c08570d2ff0
10025,162,1029,cdls,0x5c08570d2ff0
10026,276,1707,cdls,0x5c08570d2ff0
10027,246,1764,cdls,0x5c08570d2ff0
10028,132,1767,cdls,0x5c08570d2ff0
10029,204,2013,cdls,0x5c08570d2ff0
10030,105,654,cdls,0x5c08570d2ff0
10031,147,966,cdls,0x5c08570d2ff0
10032,171,1602,cdls,0x5c08570d2ff0
10033,111,1026,cdls,0x5c08570d2ff0
10034,153,1734,cdls,0x5c08570d2ff0
10035,105,1251,cdls,0x5c08570d2ff0
10036,207,1215,cdls,0x5c08570d2ff0
10037,123,1041,cdls,0x5c08570d2ff0
10038,234,2436,cdls,0x5c08570d2ff0
10039,144,2097,cdls,0x5c08570d2ff0
10040,153,1950,cdls,0x5c08570d2ff0
10041,222,1767,cdls,0x5c08570d2ff0
10042,168,1776,cdls,0x5c08570d2ff0
10043,189,1257,cdls,0x5c08570d2ff0
10044,117,1047,cdls,0x5c08570d2ff0
10045,162,1239,cdls,0x5c08570d2ff0
10046,171,1785,cdls,0x5c08570d2ff0
10047,189,1614,cdls,0x5c08570d2ff0
10048,258,1356,cdls,0x5c08570d2ff0
10049,129,1797,cdls,0x5c08570d2ff0
10050,246,2295,cdls,0x5c08570d2ff0
10051,195,2262,cdls,0x5c08570d2ff0
10052,171,2301,cdls,0x5c08570d2ff0
10053,219,1413,cdls,0x5c08570d2ff0
10054,273,1434,cdls,0x5c08570d2ff0
10055,261,2052,cdls,0x5c08570d2ff0
10056,219,2469,cdls,0x5c08570d2ff0
10057,201,1461,cdls,0x5c08570d2ff0
10058,270,2607,cdls,0x5c08570d2ff0
10059,285,2919,cdls,0x5c08570d2ff0
10060,165,2886,cdls,0x5c08570d2ff0
10061,162,2748,cdls,0x5c08570d2ff0
10062,168,2586,cdls,0x5c08570d2ff0
10063,225,1653,cdls,0x5c08570d2ff0
10064,309,2739,cdls,0x5c08570d2ff0
10065,198,3573,cdls,0x5c08570d2ff0
10066,174,3375,cdls,0x5c08570d2ff0
10067,267,2343,cdls,0x5c08570d2ff0
10068,297,2529,cdls,0x5c08570d2ff0
10069,252,1623,cdls,0x5c08570d2ff0
10070,162,2028,cdls,0x5c08570d2ff0
10071,192,1866,cdls,0x5c08570d2ff0
10072,264,2523,cdls,0x5c08570d2ff0
10073,315,2667,cdls,0x5c08570d2ff0
10074,252,1842,cdls,0x5c08570d2ff0
10075,207,1056,cdls,0x5c08570d2ff0
10076,216,1137,cdls,0x5c08570d2ff0
10077,174,831,cdls,0x5c08570d2ff0
10078,255,1773,cdls,0x5c08570d2ff0
10079,177,1689,cdls,0x5c08570d2ff0
10080,264,2226,cdls,0x5c08570d2ff0
10081,234,1932,cdls,0x5c08570d2ff0
10082,207,1890,cdls,0x5c08570d2ff0
10083,198,1575,cdls,0x5c08570d2ff0
10084,228,1305,cdls,0x5c08570d2ff0
10085,222,1215,cdls,0x5c08570d2ff0
10086,180,1251,cdls,0x5c08570d2ff0
10087,117,963,cdls,0x5c08570d2ff0
10088,165,1077,cdls,0x5c08570d2ff0
10089,195,1206,cdls,0x5c08570d2ff0
10090,309,1383,cdls,0x5c08570d2ff0
10091,216,1644,cdls,0x5c08570d2ff0
10092,201,1647,cdls,0x5c08570d2ff0
10093,297,1290,cdls,0x5c08570d2ff0
10094,177,1989,cdls,0x5c08570d2ff0
10095,303,2292,cdls,0x5c08570d2ff0
10096,207,1692,cdls,0x5c08570d2ff0
10097,144,1512,cdls,0x5c08570d2ff0
10098,138,663,cdls,0x5c08570d2ff0
10099,192,1128,cdls,0x5c08570d2ff0
10100,81,810,cdls,0x5c08570d2ff0
10101,159,1086,cdls,0x5c08570d2ff0
10102,294,1419,cdls,0x5c08570d2ff0
10103,171,1188,cdls,0x5c08570d2ff0
10104,177,1743,cdls,0x5c08570d2ff0
10105,153,1467,cdls,0x5c08570d2ff0
10106,132,1161,cdls,0x5c08570d2ff0
10107,213,1596,cdls,0x5c08570d2ff0
10108,171,1260,cdls,0x5c08570d2ff0
10109,147,1167,cdls,0x5c08570d2ff0
10110,195,1812,cdls,0x5c08570d2ff0
10111,210,1944,cdls,0x5c08570d2ff0
10112,243,1596,cdls,0x5c08570d2ff0
10113,168,2442,cdls,0x5c08570d2ff0
10114,168,2274,cdls,0x5c08570d2ff0
10115,183,1821,cdls,0x5c08570d2ff0
10116,93,1191,cdls,0x5c08570d2ff0
10117,177,1992,cdls,0x5c08570d2ff0
10118,111,2064,cdls,0x5c08570d2ff0
10119,213,1686,cdls,0x5c08570d2ff0
10120,246,1935,cdls,0x5c08570d2ff0
10121,240,1884,cdls,0x5c08570d2ff0
10122,228,2358,cdls,0x5c08570d2ff0
10123,141,1251,cdls,0x5c08570d2ff0
10124,93,1491,cdls,0x5c08570d2ff0
10125,192,1878,cdls,0x5c08570d2ff0
10126,144,2091,cdls,0x5c08570d2ff0
10127,213,1905,cdls,0x5c08570d2ff0
10128,252,1734,cdls,0x5c08570d2ff0
10129,186,1332,cdls,0x5c08570d2ff0
10130,219,1281,cdls,0x5c08570d2ff0
10131,183,1986,cdls,0x5c08570d2ff0
10132,276,1284,cdls,0x5c08570d2ff0
10133,222,1251,cdls,0x5c08570d2ff0
10134,183,2100,cdls,0x5c08570d2ff0
10135,165,3564,cdls,0x5c08570d2ff0
10136,165,3399,cdls,0x5c08570d2ff0
10137,270,2724,cdls,0x5c08570d2ff0
10138,225,3171,cdls,0x5c08570d2ff0
10139,204,1935,cdls,0x5c08570d2ff0
10140,161,2823,cdls,0x5c08570d2ff0
10141,160,2662,cdls,0x5c08570d2ff0
10142,171,2133,cdls,0x5c08570d2ff0
10143,192,1080,cdls,0x5c08570d2ff0
10144,198,1677,cdls,0x5c08570d2ff0
10145,207,1980,cdls,0x5c08570d2ff0
10146,186,1239,cdls,0x5c08570d2ff0
10147,159,1773,cdls,0x5c08570d2ff0
10148,117,1299,cdls,0x5c08570d2ff0
10149,177,2376,cdls,0x5c08570d2ff0
10150,198,1623,cdls,0x5c08570d2ff0
10151,234,2010,cdls,0x5c08570d2ff0
10152,168,1818,cdls,0x5c08570d2ff0
10153,213,1293,cdls,0x5c08570d2ff0
10154,288,2175,cdls,0x5c08570d2ff0
10155,264,1350,cdls,0x5c08570d2ff0
10156,267,2022,cdls,0x5c08570d2ff0
10157,111,1650,cdls,0x5c08570d2ff0
10158,174,1230,cdls,0x5c08570d2ff0
10159,150,1395,cdls,0x5c08570d2ff0
10160,174,2232,cdls,0x5c08570d2ff0
10161,201,1212,cdls,0x5c08570d2ff0
10162,234,2070,cdls,0x5c08570d2ff0
10163,231,1542,cdls,0x5c08570d2ff0
10164,207,2250,cdls,0x5c08570d2ff0
10165,264,2049,cdls,0x5c08570d2ff0
10166,201,2559,cdls,0x5c08570d2ff0
10167,216,1809,cdls,0x5c08570d2ff0
10168,267,2328,cdls,0x5c08570d2ff0
10169,318,2487,cdls,0x5c08570d2ff0
10170,186,2580,cdls,0x5c08570d2ff0
10171,177,2394,cdls,0x5c08570d2ff0
10172,288,2637,cdls,0x5c08570d2ff0
10173,252,2343,cdls,0x5c08570d2ff0
10174,216,1473,cdls,0x5c08570d2ff0
10175,270,2121,cdls,0x5c08570d2ff0
10176,282,2655,cdls,0x5c08570d2ff0
10177,213,2559,cdls,0x5c08570d2ff0
10178,168,1539,cdls,0x5c08570d2ff0
10179,165,1677,cdls,0x5c08570d2ff0
10180,204,1674,cdls,0x5c08570d2ff0
10181,228,1263,cdls,0x5c08570d2ff0
10182,189,2793,cdls,0x5c08570d2ff0
10183,168,2604,cdls,0x5c08570d2ff0
10184,294,1956,cdls,0x5c08570d2ff0
10185,300,2046,cdls,0x5c08570d2ff0
10186,198,1770,cdls,0x5c08570d2ff0
10187,225,1866,cdls,0x5c08570d2ff0
10188,264,1557,cdls,0x5c08570d2ff0
10189,207,2385,cdls,0x5c08570d2ff0
10190,231,2070,cdls,0x5c08570d2ff0
10191,126,1047,cdls,0x5c08570d2ff0
10192,276,1506,cdls,0x5c08570d2ff0
10193,126,1887,cdls,0x5c08570d2ff0
10194,177,2007,cdls,0x5c08570d2ff0
10195,231,1203,cdls,0x5c08570d2ff0
10196,141,1050,cdls,0x5c08570d2ff0
10197,126,1128,cdls,0x5c08570d2ff0
10198,132,1515,cdls,0x5c08570d2ff0
10199,234,1845,cdls,0x5c08570d2ff0
10200,297,2247,cdls,0x5c08570d2ff0
10201,165,2406,cdls,0x5c08570d2ff0
10202,195,2241,cdls,0x5c08570d2ff0
10203,294,2292,cdls,0x5c08570d2ff0
10204,246,2349,cdls,0x5c08570d2ff0
10205,246,2604,cdls,0x5c08570d2ff0
10206,178,2859,cdls,0x5c08570d2ff0
10207,167,2681,cdls,0x5c08570d2ff0
10208,213,3069,cdls,0x5c08570d2ff0
10209,195,2856,cdls,0x5c08570d2ff0
10210,285,3135,cdls,0x5c08570d2ff0
10211,252,2850,cdls,0x5c08570d2ff0
10212,246,1956,cdls,0x5c08570d2ff0
10213,225,1710,cdls,0x5c08570d2ff0
10214,195,1374,cdls,0x5c08570d2ff0
10215,195,1179,cdls,0x5c08570d2ff0
10216,231,1779,cdls,0x5c08570d2ff0
10217,219,1548,cdls,0x5c08570d2ff0
10218,296,2487,cdls,0x5c08570d2ff0
10219,295,2191,cdls,0x5c08570d2ff0
10220,282,2247,cdls,0x5c08570d2ff0
10221,255,1965,cdls,0x5c08570d2ff0
10222,315,2523,cdls,0x5c08570d2ff0
10223,162,2832,cdls,0x5c08570d2ff0
10224,168,2670,cdls,0x5c08570d2ff0
10225,219,1614,cdls,0x5c08570d2ff0
10226,315,1908,cdls,0x5c08570d2ff0
10227,198,1650,cdls,0x5c08570d2ff0
10228,267,2322,cdls,0x5c08570d2ff0
10229,264,2022,cdls,0x5c08570d2ff0
10230,273,2202,cdls,0x5c08570d2ff0
10231,165,2646,cdls,0x5c08570d2ff0
10232,165,2481,cdls,0x5c08570d2ff0
10233,249,2487,cdls,0x5c08570d2ff0
10234,198,1695,cdls,0x5c08570d2ff0
10235,174,1497,cdls,0x5c08570d2ff0
10236,170,2403,cdls,0x5c08570d2ff0
10237,169,2233,cdls,0x5c08570d2ff0
10238,231,1422,cdls,0x5c08570d2ff0
10239,315,1662,cdls,0x5c08570d2ff0
10240,306,2247,cdls,0x5c08570d2ff0
10241,201,2967,cdls,0x5c08570d2ff0
10242,189,2766,cdls,0x5c08570d2ff0
10243,297,2157,cdls,0x5c08570d2ff0
10244,243,2238,cdls,0x5c08570d2ff0
10245,213,1995,cdls,0x5c08570d2ff0
10246,240,2757,cdls,0x5c08570d2ff0
10247,243,3753,cdls,0x5c08570d2ff0
10248,285,2355,cdls,0x5c08570d2ff0
10249,249,2070,cdls,0x5c08570d2ff0
10250,252,3360,cdls,0x5c08570d2ff0
10251,216,3108,cdls,0x5c08570d2ff0
10252,171,3846,cdls,0x5c08570d2ff0
10253,189,3675,cdls,0x5c08570d2ff0
10254,210,2457,cdls,0x5c08570d2ff0
10255,201,2247,cdls,0x5c08570d2ff0
10256,258,2436,cdls,0x5c08570d2ff0
10257,186,3063,cdls,0x5c08570d2ff0
10258,186,2877,cdls,0x5c08570d2ff0
10259,183,2037,cdls,0x5c08570d2ff0
10260,162,1854,cdls,0x5c08570d2ff0
10261,222,3510,cdls,0x5c08570d2ff0
10262,201,3288,cdls,0x5c08570d2ff0
10263,294,2613,cdls,0x5c08570d2ff0
10264,294,2319,cdls,0x5c08570d2ff0
10265,306,2484,cdls,0x5c08570d2ff0
10266,300,1476,cdls,0x5c08570d2ff0
10267,225,2448,cdls,0x5c08570d2ff0
10268,219,2223,cdls,0x5c08570d2ff0
10269,195,2940,cdls,0x5c08570d2ff0
10270,210,2745,cdls,0x5c08570d2ff0
10271,186,1125,cdls,0x5c08570d2ff0
10272,204,2064,cdls,0x5c08570d2ff0
10273,273,2349,cdls,0x5c08570d2ff0
10274,312,1575,cdls,0x5c08570d2ff0
10275,186,3630,cdls,0x5c08570d2ff0
10276,228,3444,cdls,0x5c08570d2ff0
10277,177,2847,cdls,0x5c08570d2ff0
10278,189,2670,cdls,0x5c08570d2ff0
10279,231,2163,cdls,0x5c08570d2ff0
10280,204,1932,cdls,0x5c08570d2ff0
10281,300,1638,cdls,0x5c08570d2ff0
10282,204,2073,cdls,0x5c08570d2ff0
10283,207,1869,cdls,0x5c08570d2ff0
10284,222,3153,cdls,0x5c08570d2ff0
10285,222,2931,cdls,0x5c08570d2ff0
10286,192,3690,cdls,0x5c08570d2ff0
10287,195,3498,cdls,0x5c08570d2ff0
10288,228,1887,cdls,0x5c08570d2ff0
10289,201,1659,cdls,0x5c08570d2ff0
10290,282,3645,cdls,0x5c08570d2ff0
10291,177,3117,cdls,0x5c08570d2ff0
10292,216,2940,cdls,0x5c08570d2ff0
10293,186,4857,cdls,0x5c08570d2ff0
10294,186,4671,cdls,0x5c08570d2ff0
10295,211,3309,cdls,0x5c08570d2ff0
10296,203,3098,cdls,0x5c08570d2ff0
10297,333,4881,cdls,0x5c08570d2ff0
10298,291,4548,cdls,0x5c08570d2ff0
10299,243,3738,cdls,0x5c08570d2ff0
10300,216,3495,cdls,0x5c08570d2ff0
10301,255,2508,cdls,0x5c08570d2ff0
10302,237,2253,cdls,0x5c08570d2ff0
10303,228,4074,cdls,0x5c08570d2ff0
10304,207,3846,cdls,0x5c08570d2ff0
10305,231,1932,cdls,0x5c08570d2ff0
10306,210,1701,cdls,0x5c08570d2ff0
10307,297,1242,cdls,0x5c08570d2ff0
10308,204,2469,cdls,0x5c08570d2ff0
10309,240,2265,cdls,0x5c08570d2ff0
10310,297,3018,cdls,0x5c08570d2ff0
10311,255,2721,cdls,0x5c08570d2ff0
10312,165,2586,cdls,0x5c08570d2ff0
10313,162,2421,cdls,0x5c08570d2ff0
10314,171,1653,cdls,0x5c08570d2ff0
10315,207,1482,cdls,0x5c08570d2ff0
10316,126,1701,cdls,0x5c08570d2ff0
10317,162,1560,cdls,0x5c08570d2ff0
10318,162,1398,cdls,0x5c08570d2ff0
10319,186,2064,cdls,0x5c08570d2ff0
10320,186,1878,cdls,0x5c08570d2ff0
10321,288,2079,cdls,0x5c08570d2ff0
10322,225,3162,cdls,0x5c08570d2ff0
10323,246,2937,cdls,0x5c08570d2ff0
10324,306,2397,cdls,0x5c08570d2ff0
10325,285,1143,cdls,0x5c08570d2ff0
10326,204,1359,cdls,0x5c08570d2ff0
10327,207,1719,cdls,0x5c08570d2ff0
10328,177,1512,cdls,0x5c08570d2ff0
10329,204,2352,cdls,0x5c08570d2ff0
10330,174,2148,cdls,0x5c08570d2ff0
10331,180,1917,cdls,0x5c08570d2ff0
10332,198,1737,cdls,0x5c08570d2ff0
10333,294,1704,cdls,0x5c08570d2ff0
10334,171,2913,cdls,0x5c08570d2ff0
10335,189,2742,cdls,0x5c08570d2ff0
10336,197,2955,cdls,0x5c08570d2ff0
10337,196,2758,cdls,0x5c08570d2ff0
10338,207,2421,cdls,0x5c08570d2ff0
10339,309,3324,cdls,0x5c08570d2ff0
10340,231,2811,cdls,0x5c08570d2ff0
10341,186,3243,cdls,0x5c08570d2ff0
10342,201,3057,cdls,0x5c08570d2ff0
10343,258,2148,cdls,0x5c08570d2ff0
10344,264,3231,cdls,0x5c08570d2ff0
10345,201,2712,cdls,0x5c08570d2ff0
10346,165,2511,cdls,0x5c08570d2ff0
10347,273,1830,cdls,0x5c08570d2ff0
10348,203,2334,cdls,0x5c08570d2ff0
10349,202,2131,cdls,0x5c08570d2ff0
10350,180,2532,cdls,0x5c08570d2ff0
10351,162,2352,cdls,0x5c08570d2ff0
10352,291,4926,cdls,0x5c08570d2ff0
10353,285,4635,cdls,0x5c08570d2ff0
10354,276,4041,cdls,0x5c08570d2ff0
10355,231,3765,cdls,0x5c08570d2ff0
10356,3,45,cdls,0x5c08570d2ff0
10357,204,3888,cdls,0x5c08570d2ff0
10358,234,3684,cdls,0x5c08570d2ff0
10359,168,1977,cdls,0x5c08570d2ff0
10360,165,1809,cdls,0x5c08570d2ff0
10361,189,2382,cdls,0x5c08570d2ff0
10362,180,2193,cdls,0x5c08570d2ff0
10363,171,2355,cdls,0x5c08570d2ff0
10364,162,2184,cdls,0x5c08570d2ff0
10365,207,3120,cdls,0x5c08570d2ff0
10366,198,2913,cdls,0x5c08570d2ff0
10367,177,2970,cdls,0x5c08570d2ff0
10368,186,2793,cdls,0x5c08570d2ff0
10369,252,2406,cdls,0x5c08570d2ff0
10370,237,2154,cdls,0x5c08570d2ff0
10371,237,2322,cdls,0x5c08570d2ff0
10372,198,2085,cdls,0x5c08570d2ff0
10373,276,2232,cdls,0x5c08570d2ff0
10374,225,2952,cdls,0x5c08570d2ff0
10375,162,2442,cdls,0x5c08570d2ff0
10376,192,2280,cdls,0x5c08570d2ff0
10377,192,2835,cdls,0x5c08570d2ff0
10378,222,2643,cdls,0x5c08570d2ff0
10379,204,3618,cdls,0x5c08570d2ff0
10380,165,3414,cdls,0x5c08570d2ff0
10381,165,3258,cdls,0x5c08570d2ff0
10382,162,3093,cdls,0x5c08570d2ff0
10383,219,3852,cdls,0x5c08570d2ff0
10384,219,3633,cdls,0x5c08570d2ff0
10385,234,3798,cdls,0x5c08570d2ff0
10386,234,3564,cdls,0x5c08570d2ff0
10387,312,2697,cdls,0x5c08570d2ff0
10388,273,3987,cdls,0x5c08570d2ff0
10389,309,3714,cdls,0x5c08570d2ff0
10390,165,2382,cdls,0x5c08570d2ff0
10391,195,2217,cdls,0x5c08570d2ff0
10392,213,1995,cdls,0x5c08570d2ff0
10393,213,1782,cdls,0x5c08570d2ff0
10394,264,3483,cdls,0x5c08570d2ff0
10395,228,3219,cdls,0x5c08570d2ff0
10396,162,2907,cdls,0x5c08570d2ff0
10397,162,2745,cdls,0x5c08570d2ff0
10398,162,2523,cdls,0x5c08570d2ff0
10399,162,2361,cdls,0x5c08570d2ff0
10400,216,3459,cdls,0x5c08570d2ff0
10401,204,3243,cdls,0x5c08570d2ff0
10402,285,1821,cdls,0x5c08570d2ff0
10403,165,3102,cdls,0x5c08570d2ff0
10404,168,2937,cdls,0x5c08570d2ff0
10405,303,1539,cdls,0x5c08570d2ff0
10406,222,2073,cdls,0x5c08570d2ff0
10407,318,2913,cdls,0x5c08570d2ff0
10408,285,2595,cdls,0x5c08570d2ff0
10409,272,3423,cdls,0x5c08570d2ff0
10410,253,3151,cdls,0x5c08570d2ff0
10411,228,3831,cdls,0x5c08570d2ff0
10412,216,3603,cdls,0x5c08570d2ff0
10413,225,4329,cdls,0x5c08570d2ff0
10414,273,4104,cdls,0x5c08570d2ff0
10415,255,3831,cdls,0x5c08570d2ff0
10416,264,3477,cdls,0x5c08570d2ff0
10417,264,3213,cdls,0x5c08570d2ff0
10418,218,1845,cdls,0x5c08570d2ff0
10419,217,1627,cdls,0x5c08570d2ff0
10420,270,2973,cdls,0x5c08570d2ff0
10421,162,2703,cdls,0x5c08570d2ff0
10422,162,2541,cdls,0x5c08570d2ff0
10423,225,3939,cdls,0x5c08570d2ff0
10424,228,3714,cdls,0x5c08570d2ff0
10425,228,3486,cdls,0x5c08570d2ff0
10426,258,2445,cdls,0x5c08570d2ff0
10427,240,2187,cdls,0x5c08570d2ff0
10428,180,3027,cdls,0x5c08570d2ff0
10429,174,2847,cdls,0x5c08570d2ff0
10430,273,3060,cdls,0x5c08570d2ff0
10431,270,2787,cdls,0x5c08570d2ff0
10432,282,3876,cdls,0x5c08570d2ff0
10433,303,3594,cdls,0x5c08570d2ff0
10434,294,2757,cdls,0x5c08570d2ff0
10435,264,2463,cdls,0x5c08570d2ff0
10436,264,1962,cdls,0x5c08570d2ff0
10437,279,1698,cdls,0x5c08570d2ff0
10438,252,3876,cdls,0x5c08570d2ff0
10439,306,3624,cdls,0x5c08570d2ff0
10440,240,2919,cdls,0x5c08570d2ff0
10441,201,2679,cdls,0x5c08570d2ff0
10442,243,2478,cdls,0x5c08570d2ff0
10443,261,5307,cdls,0x5c08570d2ff0
10444,249,5046,cdls,0x5c08570d2ff0
10445,234,3351,cdls,0x5c08570d2ff0
10446,195,3117,cdls,0x5c08570d2ff0
10447,204,5529,cdls,0x5c08570d2ff0
10448,222,5325,cdls,0x5c08570d2ff0
10449,222,5103,cdls,0x5c08570d2ff0
10450,231,3654,cdls,0x5c08570d2ff0
10451,240,3423,cdls,0x5c08570d2ff0
10452,234,3528,cdls,0x5c08570d2ff0
10453,276,3294,cdls,0x5c08570d2ff0
10454,261,3018,cdls,0x5c08570d2ff0
10455,276,4377,cdls,0x5c08570d2ff0
10456,318,4101,cdls,0x5c08570d2ff0
10457,348,2679,cdls,0x5c08570d2ff0
10458,288,2331,cdls,0x5c08570d2ff0
10459,258,3669,cdls,0x5c08570d2ff0
10460,258,3411,cdls,0x5c08570d2ff0
10461,231,3153,cdls,0x5c08570d2ff0
10462,231,2280,cdls,0x5c08570d2ff0
10463,255,2049,cdls,0x5c08570d2ff0
10464,321,2655,cdls,0x5c08570d2ff0
10465,285,2334,cdls,0x5c08570d2ff0
10466,273,4731,cdls,0x5c08570d2ff0
10467,249,4458,cdls,0x5c08570d2ff0
10468,234,4209,cdls,0x5c08570d2ff0
10469,270,2523,cdls,0x5c08570d2ff0
10470,228,2253,cdls,0x5c08570d2ff0
10471,255,3537,cdls,0x5c08570d2ff0
10472,248,3282,cdls,0x5c08570d2ff0
10473,247,3034,cdls,0x5c08570d2ff0
10474,267,4095,cdls,0x5c08570d2ff0
10475,309,3828,cdls,0x5c08570d2ff0
10476,241,5181,cdls,0x5c08570d2ff0
10477,221,4940,cdls,0x5c08570d2ff0
10478,261,4719,cdls,0x5c08570d2ff0
10479,237,6396,cdls,0x5c08570d2ff0
10480,285,6159,cdls,0x5c08570d2ff0
10481,267,5874,cdls,0x5c08570d2ff0
10482,228,6735,cdls,0x5c08570d2ff0
10483,228,6507,cdls,0x5c08570d2ff0
10484,228,6279,cdls,0x5c08570d2ff0
10485,255,4539,cdls,0x5c08570d2ff0
10486,264,4284,cdls,0x5c08570d2ff0
10487,276,4020,cdls,0x5c08570d2ff0
10488,225,3744,cdls,0x5c08570d2ff0
10489,306,1833,cdls,0x5c08570d2ff0
10490,258,1527,cdls,0x5c08570d2ff0
10491,321,3795,cdls,0x5c08570d2ff0
10492,297,3474,cdls,0x5c08570d2ff0
10493,291,2868,cdls,0x5c08570d2ff0
10494,291,2577,cdls,0x5c08570d2ff0
10495,222,2280,cdls,0x5c08570d2ff0
10496,225,2058,cdls,0x5c08570d2ff0
10497,222,2769,cdls,0x5c08570d2ff0
10498,243,2547,cdls,0x5c08570d2ff0
10499,216,2304,cdls,0x5c08570d2ff0
10500,225,4029,cdls,0x5c08570d2ff0
10501,216,3804,cdls,0x5c08570d2ff0
10502,234,3588,cdls,0x5c08570d2ff0
10503,225,1560,cdls,0x5c08570d2ff0
10504,195,1335,cdls,0x5c08570d2ff0
10505,210,2793,cdls,0x5c08570d2ff0
10506,222,2583,cdls,0x5c08570d2ff0
10507,225,2439,cdls,0x5c08570d2ff0
10508,246,2214,cdls,0x5c08570d2ff0
10509,250,4287,cdls,0x5c08570d2ff0
10510,222,4037,cdls,0x5c08570d2ff0
10511,248,3815,cdls,0x5c08570d2ff0
10512,312,4476,cdls,0x5c08570d2ff0
10513,312,4164,cdls,0x5c08570d2ff0
10514,285,4782,cdls,0x5c08570d2ff0
10515,249,4497,cdls,0x5c08570d2ff0
10516,243,4212,cdls,0x5c08570d2ff0
10517,267,3969,cdls,0x5c08570d2ff0
10518,318,3234,cdls,0x5c08570d2ff0
10519,306,2916,cdls,0x5c08570d2ff0
10520,240,3384,cdls,0x5c08570d2ff0
10521,225,3144,cdls,0x5c08570d2ff0
10522,225,2919,cdls,0x5c08570d2ff0
10523,339,6783,cdls,0x5c08570d2ff0
10524,326,6444,cdls,0x5c08570d2ff0
10525,277,6118,cdls,0x5c08570d2ff0
10526,258,4515,cdls,0x5c08570d2ff0
10527,234,4257,cdls,0x5c08570d2ff0
10528,282,3354,cdls,0x5c08570d2ff0
10529,282,3072,cdls,0x5c08570d2ff0
10530,261,4581,cdls,0x5c08570d2ff0
10531,288,4320,cdls,0x5c08570d2ff0
10532,333,3120,cdls,0x5c08570d2ff0
10533,306,2787,cdls,0x5c08570d2ff0
10534,195,4167,cdls,0x5c08570d2ff0
10535,192,3972,cdls,0x5c08570d2ff0
10536,300,3873,cdls,0x5c08570d2ff0
10537,243,3573,cdls,0x5c08570d2ff0
10538,261,5286,cdls,0x5c08570d2ff0
10539,207,5025,cdls,0x5c08570d2ff0
10540,249,4818,cdls,0x5c08570d2ff0
10541,246,5910,cdls,0x5c08570d2ff0
10542,228,5664,cdls,0x5c08570d2ff0
10543,252,5436,cdls,0x5c08570d2ff0
10544,285,5046,cdls,0x5c08570d2ff0
10545,318,4761,cdls,0x5c08570d2ff0
10546,321,2940,cdls,0x5c08570d2ff0
10547,297,2619,cdls,0x5c08570d2ff0
10548,255,4689,cdls,0x5c08570d2ff0
10549,255,4434,cdls,0x5c08570d2ff0
10550,276,4179,cdls,0x5c08570d2ff0
10551,240,4623,cdls,0x5c08570d2ff0
10552,240,4383,cdls,0x5c08570d2ff0
10553,237,3525,cdls,0x5c08570d2ff0
10554,234,3288,cdls,0x5c08570d2ff0
10555,213,3054,cdls,0x5c08570d2ff0
10556,234,2535,cdls,0x5c08570d2ff0
10557,234,2301,cdls,0x5c08570d2ff0
10558,261,4353,cdls,0x5c08570d2ff0
10559,288,4092,cdls,0x5c08570d2ff0
10560,246,3804,cdls,0x5c08570d2ff0
10561,246,6039,cdls,0x5c08570d2ff0
10562,288,5793,cdls,0x5c08570d2ff0
10563,276,5505,cdls,0x5c08570d2ff0
10564,246,3321,cdls,0x5c08570d2ff0
10565,267,3075,cdls,0x5c08570d2ff0
10566,240,2808,cdls,0x5c08570d2ff0
10567,240,2568,cdls,0x5c08570d2ff0
10568,261,4581,cdls,0x5c08570d2ff0
10569,246,4320,cdls,0x5c08570d2ff0
10570,219,4074,cdls,0x5c08570d2ff0
10571,252,3855,cdls,0x5c08570d2ff0
10572,240,3753,cdls,0x5c08570d2ff0
10573,243,3513,cdls,0x5c08570d2ff0
10574,279,3270,cdls,0x5c08570d2ff0
10575,255,4884,cdls,0x5c08570d2ff0
10576,297,4629,cdls,0x5c08570d2ff0
10577,282,4332,cdls,0x5c08570d2ff0
10578,282,2757,cdls,0x5c08570d2ff0
10579,261,2475,cdls,0x5c08570d2ff0
10580,273,2214,cdls,0x5c08570d2ff0
10581,261,4611,cdls,0x5c08570d2ff0
10582,324,4350,cdls,0x5c08570d2ff0
10583,279,4026,cdls,0x5c08570d2ff0
10584,270,6534,cdls,0x5c08570d2ff0
10585,261,6264,cdls,0x5c08570d2ff0
10586,267,6003,cdls,0x5c08570d2ff0
10587,240,5736,cdls,0x5c08570d2ff0
10588,216,6942,cdls,0x5c08570d2ff0
10589,252,6726,cdls,0x5c08570d2ff0
10590,225,6474,cdls,0x5c08570d2ff0
10591,270,6249,cdls,0x5c08570d2ff0
10592,300,5304,cdls,0x5c08570d2ff0
10593,279,5004,cdls,0x5c08570d2ff0
10594,282,4725,cdls,0x5c08570d2ff0
10595,288,4443,cdls,0x5c08570d2ff0
10596,300,4035,cdls,0x5c08570d2ff0
10597,297,3735,cdls,0x5c08570d2ff0
10598,294,3438,cdls,0x5c08570d2ff0
10599,237,3015,cdls,0x5c08570d2ff0
10600,258,2778,cdls,0x5c08570d2ff0
10601,282,2520,cdls,0x5c08570d2ff0
10602,288,5085,cdls,0x5c08570d2ff0
10603,282,4797,cdls,0x5c08570d2ff0
10604,255,4515,cdls,0x5c08570d2ff0
10605,261,5088,cdls,0x5c08570d2ff0
10606,312,4827,cdls,0x5c08570d2ff0
10607,282,4515,cdls,0x5c08570d2ff0
10608,282,4233,cdls,0x5c08570d2ff0
10609,288,8595,cdls,0x5c08570d2ff0
10610,324,8307,cdls,0x5c08570d2ff0
10611,317,7983,cdls,0x5c08570d2ff0
10612,316,7666,cdls,0x5c08570d2ff0
10613,291,8613,cdls,0x5c08570d2ff0
10614,255,8322,cdls,0x5c08570d2ff0
10615,246,8067,cdls,0x5c08570d2ff0
10616,276,3600,cdls,0x5c08570d2ff0
10617,249,3324,cdls,0x5c08570d2ff0
10618,288,3075,cdls,0x5c08570d2ff0
10619,282,3246,cdls,0x5c08570d2ff0
10620,264,2964,cdls,0x5c08570d2ff0
10621,288,2700,cdls,0x5c08570d2ff0
10622,303,4821,cdls,0x5c08570d2ff0
10623,246,4518,cdls,0x5c08570d2ff0
10624,234,2700,cdls,0x5c08570d2ff0
10625,267,2466,cdls,0x5c08570d2ff0
10626,255,2199,cdls,0x5c08570d2ff0
10627,222,4476,cdls,0x5c08570d2ff0
10628,255,4254,cdls,0x5c08570d2ff0
10629,276,3999,cdls,0x5c08570d2ff0
10630,234,3723,cdls,0x5c08570d2ff0
10631,255,6861,cdls,0x5c08570d2ff0
10632,294,6606,cdls,0x5c08570d2ff0
10633,263,6312,cdls,0x5c08570d2ff0
10634,262,6049,cdls,0x5c08570d2ff0
10635,249,5412,cdls,0x5c08570d2ff0
10636,270,5163,cdls,0x5c08570d2ff0
10637,261,4893,cdls,0x5c08570d2ff0
10638,296,7245,cdls,0x5c08570d2ff0
10639,283,6949,cdls,0x5c08570d2ff0
10640,306,6666,cdls,0x5c08570d2ff0
10641,297,6360,cdls,0x5c08570d2ff0
10642,255,5661,cdls,0x5c08570d2ff0
10643,256,5406,cdls,0x5c08570d2ff0
10644,255,5150,cdls,0x5c08570d2ff0
10645,251,4895,cdls,0x5c08570d2ff0
10646,267,5358,cdls,0x5c08570d2ff0
10647,267,5091,cdls,0x5c08570d2ff0
10648,234,4824,cdls,0x5c08570d2ff0
10649,285,4590,cdls,0x5c08570d2ff0
10650,252,6240,cdls,0x5c08570d2ff0
10651,210,5988,cdls,0x5c08570d2ff0
10652,237,5778,cdls,0x5c08570d2ff0
10653,297,8322,cdls,0x5c08570d2ff0
10654,303,8025,cdls,0x5c08570d2ff0
10655,306,7722,cdls,0x5c08570d2ff0
10656,162,7416,cdls,0x5c08570d2ff0
10657,162,7254,cdls,0x5c08570d2ff0
10658,297,5892,cdls,0x5c08570d2ff0
10659,240,5595,cdls,0x5c08570d2ff0
10660,279,5355,cdls,0x5c08570d2ff0
10661,273,6684,cdls,0x5c08570d2ff0
10662,333,6411,cdls,0x5c08570d2ff0
10663,295,6078,cdls,0x5c08570d2ff0
10664,302,5783,cdls,0x5c08570d2ff0
10665,258,4110,cdls,0x5c08570d2ff0
10666,246,3852,cdls,0x5c08570d2ff0
10667,243,3606,cdls,0x5c08570d2ff0
10668,294,7059,cdls,0x5c08570d2ff0
10669,267,6765,cdls,0x5c08570d2ff0
10670,270,6498,cdls,0x5c08570d2ff0
10671,264,6228,cdls,0x5c08570d2ff0
10672,291,5964,cdls,0x5c08570d2ff0
10673,255,5673,cdls,0x5c08570d2ff0
10674,263,4572,cdls,0x5c08570d2ff0
10675,256,4309,cdls,0x5c08570d2ff0
10676,264,4053,cdls,0x5c08570d2ff0
10677,243,3789,cdls,0x5c08570d2ff0
10678,288,3546,cdls,0x5c08570d2ff0
10679,318,5712,cdls,0x5c08570d2ff0
10680,348,5394,cdls,0x5c08570d2ff0
10681,305,5046,cdls,0x5c08570d2ff0
10682,304,4741,cdls,0x5c08570d2ff0
10683,288,4530,cdls,0x5c08570d2ff0
10684,297,4242,cdls,0x5c08570d2ff0
10685,276,3945,cdls,0x5c08570d2ff0
10686,258,3669,cdls,0x5c08570d2ff0
10687,300,9771,cdls,0x5c08570d2ff0
10688,300,9471,cdls,0x5c08570d2ff0
10689,300,9171,cdls,0x5c08570d2ff0
10690,297,8871,cdls,0x5c08570d2ff0
10691,300,8574,cdls,0x5c08570d2ff0
10692,276,6042,cdls,0x5c08570d2ff0
10693,309,5766,cdls,0x5c08570d2ff0
10694,284,5457,cdls,0x5c08570d2ff0
10695,283,5173,cdls,0x5c08570d2ff0
10696,288,5298,cdls,0x5c08570d2ff0
10697,279,5010,cdls,0x5c08570d2ff0
10698,273,4731,cdls,0x5c08570d2ff0
10699,303,4458,cdls,0x5c08570d2ff0
10700,285,9726,cdls,0x5c08570d2ff0
10701,279,9441,cdls,0x5c08570d2ff0
10702,252,9162,cdls,0x5c08570d2ff0
10703,291,8910,cdls,0x5c08570d2ff0
10704,297,8619,cdls,0x5c08570d2ff0
10705,336,9003,cdls,0x5c08570d2ff0
10706,305,8667,cdls,0x5c08570d2ff0
10707,301,8362,cdls,0x5c08570d2ff0
10708,327,8061,cdls,0x5c08570d2ff0
10709,285,7734,cdls,0x5c08570d2ff0
10710,246,5295,cdls,0x5c08570d2ff0
10711,288,5049,cdls,0x5c08570d2ff0
10712,246,4761,cdls,0x5c08570d2ff0
10713,285,4515,cdls,0x5c08570d2ff0
10714,285,4230,cdls,0x5c08570d2ff0
10715,258,4326,cdls,0x5c08570d2ff0
10716,276,4068,cdls,0x5c08570d2ff0
10717,261,3792,cdls,0x5c08570d2ff0
10718,261,3531,cdls,0x5c08570d2ff0
10719,303,8748,cdls,0x5c08570d2ff0
10720,294,8445,cdls,0x5c08570d2ff0
10721,327,8151,cdls,0x5c08570d2ff0
10722,297,7824,cdls,0x5c08570d2ff0
10723,294,7527,cdls,0x5c08570d2ff0
10724,303,8880,cdls,0x5c08570d2ff0
10725,303,8577,cdls,0x5c08570d2ff0
10726,255,8274,cdls,0x5c08570d2ff0
10727,273,8019,cdls,0x5c08570d2ff0
10728,291,7746,cdls,0x5c08570d2ff0
10729,255,7455,cdls,0x5c08570d2ff0
10730,288,8214,cdls,0x5c08570d2ff0
10731,300,7926,cdls,0x5c08570d2ff0
10732,303,7626,cdls,0x5c08570d2ff0
10733,222,7323,cdls,0x5c08570d2ff0
10734,210,7101,cdls,0x5c08570d2ff0
10735,210,6891,cdls,0x5c08570d2ff0
10736,321,9819,cdls,0x5c08570d2ff0
10737,318,9498,cdls,0x5c08570d2ff0
10738,279,9180,cdls,0x5c08570d2ff0
10739,312,8901,cdls,0x5c08570d2ff0
10740,340,8589,cdls,0x5c08570d2ff0
10741,300,8249,cdls,0x5c08570d2ff0
10742,311,7949,cdls,0x5c08570d2ff0
10743,318,7560,cdls,0x5c08570d2ff0
10744,270,7242,cdls,0x5c08570d2ff0
10745,330,6972,cdls,0x5c08570d2ff0
10746,285,6642,cdls,0x5c08570d2ff0
10747,288,6936,cdls,0x5c08570d2ff0
10748,258,6648,cdls,0x5c08570d2ff0
10749,297,6390,cdls,0x5c08570d2ff0
10750,288,6093,cdls,0x5c08570d2ff0
10751,309,5805,cdls,0x5c08570d2ff0
10752,255,5496,cdls,0x5c08570d2ff0
10753,294,6183,cdls,0x5c08570d2ff0
10754,255,5889,cdls,0x5c08570d2ff0
10755,267,5634,cdls,0x5c08570d2ff0
10756,249,5367,cdls,0x5c08570d2ff0
10757,255,5118,cdls,0x5c08570d2ff0
10758,300,4863,cdls,0x5c08570d2ff0
10759,273,10725,cdls,0x5c08570d2ff0
10760,275,10452,cdls,0x5c08570d2ff0
10761,319,10177,cdls,0x5c08570d2ff0
10762,310,9858,cdls,0x5c08570d2ff0
10763,282,9548,cdls,0x5c08570d2ff0
10764,269,9266,cdls,0x5c08570d2ff0
10765,261,8997,cdls,0x5c08570d2ff0
10766,315,8736,cdls,0x5c08570d2ff0
10767,297,9924,cdls,0x5c08570d2ff0
10768,339,9627,cdls,0x5c08570d2ff0
10769,306,9288,cdls,0x5c08570d2ff0
10770,276,8982,cdls,0x5c08570d2ff0
10771,321,8706,cdls,0x5c08570d2ff0
10772,312,8385,cdls,0x5c08570d2ff0
10773,294,8073,cdls,0x5c08570d2ff0
10774,303,7779,cdls,0x5c08570d2ff0
10775,318,9297,cdls,0x5c08570d2ff0
10776,312,8979,cdls,0x5c08570d2ff0
10777,280,8667,cdls,0x5c08570d2ff0
10778,280,8387,cdls,0x5c08570d2ff0
10779,298,8107,cdls,0x5c08570d2ff0
10780,276,7809,cdls,0x5c08570d2ff0
10781,264,7533,cdls,0x5c08570d2ff0
10782,315,8616,cdls,0x5c08570d2ff0
10783,315,8301,cdls,0x5c08570d2ff0
10784,306,7986,cdls,0x5c08570d2ff0
10785,333,7680,cdls,0x5c08570d2ff0
10786,273,7347,cdls,0x5c08570d2ff0
10787,300,7074,cdls,0x5c08570d2ff0
10788,294,10659,cdls,0x5c08570d2ff0
10789,327,10365,cdls,0x5c08570d2ff0
10790,318,10038,cdls,0x5c08570d2ff0
10791,276,9720,cdls,0x5c08570d2ff0
10792,319,9444,cdls,0x5c08570d2ff0
10793,309,9125,cdls,0x5c08570d2ff0
10794,285,8816,cdls,0x5c08570d2ff0
10795,273,8531,cdls,0x5c08570d2ff0
10796,299,8258,cdls,0x5c08570d2ff0
10797,165,7959,cdls,0x5c08570d2ff0
10798,165,7794,cdls,0x5c08570d2ff0
10799,317,10350,cdls,0x5c08570d2ff0
10800,325,10033,cdls,0x5c08570d2ff0
10801,333,9708,cdls,0x5c08570d2ff0
10802,315,9375,cdls,0x5c08570d2ff0
10803,315,9060,cdls,0x5c08570d2ff0
10804,300,8745,cdls,0x5c08570d2ff0
10805,318,8445,cdls,0x5c08570d2ff0
10806,288,8127,cdls,0x5c08570d2ff0
10807,219,7839,cdls,0x5c08570d2ff0
10808,243,7620,cdls,0x5c08570d2ff0
10809,237,7377,cdls,0x5c08570d2ff0
10810,270,7140,cdls,0x5c08570d2ff0
10811,300,6393,cdls,0x5c08570d2ff0
10812,321,6093,cdls,0x5c08570d2ff0
10813,324,5772,cdls,0x5c08570d2ff0
10814,321,5448,cdls,0x5c08570d2ff0
10815,330,5127,cdls,0x5c08570d2ff0
10816,267,4797,cdls,0x5c08570d2ff0
10817,315,4530,cdls,0x5c08570d2ff0
10818,300,4215,cdls,0x5c08570d2ff0
10819,276,3915,cdls,0x5c08570d2ff0
10820,303,3639,cdls,0x5c08570d2ff0
10821,306,3336,cdls,0x5c08570d2ff0
10822,291,10557,cdls,0x5c08570d2ff0
10823,315,10266,cdls,0x5c08570d2ff0
10824,279,9951,cdls,0x5c08570d2ff0
10825,309,9672,cdls,0x5c08570d2ff0
10826,279,9363,cdls,0x5c08570d2ff0
10827,324,9084,cdls,0x5c08570d2ff0
10828,282,8760,cdls,0x5c08570d2ff0
10829,318,8478,cdls,0x5c08570d2ff0
10830,282,8160,cdls,0x5c08570d2ff0
10831,288,7878,cdls,0x5c08570d2ff0
10832,330,7590,cdls,0x5c08570d2ff0
10833,339,7260,cdls,0x5c08570d2ff0
10834,297,6921,cdls,0x5c08570d2ff0
10835,324,6624,cdls,0x5c08570d2ff0
10836,309,6300,cdls,0x5c08570d2ff0
10837,348,5991,cdls,0x5c08570d2ff0
10838,291,5643,cdls,0x5c08570d2ff0
10839,312,10764,cdls,0x5c08570d2ff0
10840,312,10452,cdls,0x5c08570d2ff0
10841,342,10140,cdls,0x5c08570d2ff0
10842,309,9798,cdls,0x5c08570d2ff0
10843,279,9489,cdls,0x5c08570d2ff0
10844,294,9210,cdls,0x5c08570d2ff0
10845,318,8916,cdls,0x5c08570d2ff0
10846,294,8598,cdls,0x5c08570d2ff0
10847,237,8304,cdls,0x5c08570d2ff0
10848,222,8067,cdls,0x5c08570d2ff0
10849,201,7845,cdls,0x5c08570d2ff0
10850,342,15207,cdls,0x5c08570d2ff0
10851,288,14865,cdls,0x5c08570d2ff0
10852,324,14577,cdls,0x5c08570d2ff0
10853,317,14253,cdls,0x5c08570d2ff0
10854,319,13936,cdls,0x5c08570d2ff0
10855,348,13617,cdls,0x5c08570d2ff0
10856,336,13269,cdls,0x5c08570d2ff0
10857,294,12933,cdls,0x5c08570d2ff0
10858,285,12639,cdls,0x5c08570d2ff0
10859,312,12354,cdls,0x5c08570d2ff0
10860,315,12042,cdls,0x5c08570d2ff0
10861,348,11727,cdls,0x5c08570d2ff0
10862,312,11379,cdls,0x5c08570d2ff0
10863,327,11067,cdls,0x5c08570d2ff0
10864,303,10740,cdls,0x5c08570d2ff0
10865,336,10437,cdls,0x5c08570d2ff0
10866,303,10101,cdls,0x5c08570d2ff0
10867,336,9798,cdls,0x5c08570d2ff0
10868,288,9462,cdls,0x5c08570d2ff0
10869,315,9174,cdls,0x5c08570d2ff0
10870,333,8859,cdls,0x5c08570d2ff0
10871,342,8526,cdls,0x5c08570d2ff0
10872,318,8184,cdls,0x5c08570d2ff0
10873,300,7866,cdls,0x5c08570d2ff0
10874,294,7566,cdls,0x5c08570d2ff0
10875,306,7272,cdls,0x5c08570d2ff0
10876,348,6966,cdls,0x5c08570d2ff0
10877,324,6618,cdls,0x5c08570d2ff0
10878,324,6294,cdls,0x5c08570d2ff0
10879,342,5970,cdls,0x5c08570d2ff0
10880,285,5628,cdls,0x5c08570d2ff0
10881,303,5343,cdls,0x5c08570d2ff0
10882,330,5040,cdls,0x5c08570d2ff0
10883,318,4710,cdls,0x5c08570d2ff0
10884,312,4392,cdls,0x5c08570d2ff0
10885,288,4080,cdls,0x5c08570d2ff0
10886,334,3792,cdls,0x5c08570d2ff0
10887,322,3458,cdls,0x5c08570d2ff0
10888,321,3136,cdls,0x5c08570d2ff0
10889,282,2815,cdls,0x5c08570d2ff0
10890,327,2533,cdls,0x5c08570d2ff0
10891,292,2206,cdls,0x5c08570d2ff0
10892,351,1914,cdls,0x5c08570d2ff0
10893,294,1563,cdls,0x5c08570d2ff0
10894,336,1269,cdls,0x5c08570d2ff0
10895,318,933,cdls,0x5c08570d2ff0
10896,309,615,cdls,0x5c08570d2ff0
10897,306,306,cdls,0x5c08570d2ff0
