n,lda,count,call_fraction
3,45,1,9.175995595522114e-05
12,51,1,9.175995595522114e-05
12,126,1,9.175995595522114e-05
15,108,1,9.175995595522114e-05
15,111,1,9.175995595522114e-05
15,117,1,9.175995595522114e-05
15,129,2,0.00018351991191044228
15,141,9,0.0008258396035969903
15,153,3,0.0002752798678656634
18,93,1,9.175995595522114e-05
18,111,2,0.00018351991191044228
18,114,1,9.175995595522114e-05
18,123,5,0.0004587997797761057
18,126,1,9.175995595522114e-05
18,132,7,0.000642319691686548
18,141,1,9.175995595522114e-05
18,144,9,0.0008258396035969903
18,156,26,0.0023857588548357495
18,168,8,0.0007340796476417691
18,180,1,9.175995595522114e-05
21,75,3,0.0002752798678656634
21,108,1,9.175995595522114e-05
21,111,1,9.175995595522114e-05
21,129,1,9.175995595522114e-05
21,132,1,9.175995595522114e-05
21,135,4,0.00036703982382088455
21,138,3,0.0002752798678656634
21,141,3,0.0002752798678656634
21,144,4,0.00036703982382088455
21,147,4,0.00036703982382088455
21,150,1,9.175995595522114e-05
21,153,1,9.175995595522114e-05
21,159,15,0.0013763993393283171
21,162,1,9.175995595522114e-05
21,171,28,0.002569278766746192
21,183,25,0.0022939988988805284
21,195,7,0.000642319691686548
21,207,1,9.175995595522114e-05
21,240,1,9.175995595522114e-05
24,75,1,9.175995595522114e-05
24,78,1,9.175995595522114e-05
24,81,2,0.00018351991191044228
24,114,2,0.00018351991191044228
24,129,1,9.175995595522114e-05
24,132,1,9.175995595522114e-05
24,138,1,9.175995595522114e-05
24,141,3,0.0002752798678656634
24,144,3,0.0002752798678656634
24,147,2,0.00018351991191044228
24,150,5,0.0004587997797761057
24,153,5,0.0004587997797761057
24,156,2,0.00018351991191044228
24,159,2,0.00018351991191044228
24,162,12,0.0011011194714626537
24,165,2,0.00018351991191044228
24,168,3,0.0002752798678656634
24,171,1,9.175995595522114e-05
24,174,31,0.0028445586346118553
24,183,1,9.175995595522114e-05
24,186,43,0.003945678106074509
24,198,18,0.0016516792071939806
24,210,9,0.0008258396035969903
24,222,1,9.175995595522114e-05
24,312,1,9.175995595522114e-05
24,354,1,9.175995595522114e-05
24,609,1,9.175995595522114e-05
24,657,1,9.175995595522114e-05
27,84,1,9.175995595522114e-05
27,93,5,0.0004587997797761057
27,96,5,0.0004587997797761057
27,105,7,0.000642319691686548
27,117,1,9.175995595522114e-05
27,126,1,9.175995595522114e-05
27,138,1,9.175995595522114e-05
27,141,2,0.00018351991191044228
27,153,4,0.00036703982382088455
27,156,1,9.175995595522114e-05
27,159,7,0.000642319691686548
27,162,4,0.00036703982382088455
27,165,3,0.0002752798678656634
27,168,2,0.00018351991191044228
27,171,4,0.00036703982382088455
27,174,1,9.175995595522114e-05
27,177,13,0.0011928794274178747
27,180,1,9.175995595522114e-05
27,183,5,0.0004587997797761057
27,186,4,0.00036703982382088455
27,189,35,0.00321159845843274
27,195,3,0.0002752798678656634
27,198,1,9.175995595522114e-05
27,201,44,0.00403743806202973
27,204,2,0.00018351991191044228
27,213,31,0.0028445586346118553
27,222,1,9.175995595522114e-05
27,225,10,0.0009175995595522114
27,237,2,0.00018351991191044228
27,294,1,9.175995595522114e-05
27,297,1,9.175995595522114e-05
27,321,1,9.175995595522114e-05
27,324,1,9.175995595522114e-05
27,357,1,9.175995595522114e-05
27,381,1,9.175995595522114e-05
27,438,1,9.175995595522114e-05
27,456,1,9.175995595522114e-05
27,504,1,9.175995595522114e-05
27,624,1,9.175995595522114e-05
27,651,1,9.175995595522114e-05
27,753,1,9.175995595522114e-05
30,75,1,9.175995595522114e-05
30,84,1,9.175995595522114e-05
30,96,1,9.175995595522114e-05
30,108,6,0.0005505597357313268
30,111,12,0.0011011194714626537
30,120,23,0.0021104789869700862
30,126,1,9.175995595522114e-05
30,132,1,9.175995595522114e-05
30,135,2,0.00018351991191044228
30,144,1,9.175995595522114e-05
30,153,1,9.175995595522114e-05
30,156,1,9.175995595522114e-05
30,159,2,0.00018351991191044228
30,162,1,9.175995595522114e-05
30,165,3,0.0002752798678656634
30,168,2,0.00018351991191044228
30,171,4,0.00036703982382088455
30,174,4,0.00036703982382088455
30,177,4,0.00036703982382088455
30,180,2,0.00018351991191044228
30,183,6,0.0005505597357313268
30,186,6,0.0005505597357313268
30,189,3,0.0002752798678656634
30,192,21,0.001926959075059644
30,195,5,0.0004587997797761057
30,198,3,0.0002752798678656634
30,201,5,0.0004587997797761057
30,204,41,0.0037621581941640666
30,216,39,0.0035786382822536244
30,222,1,9.175995595522114e-05
30,228,24,0.0022022389429253073
30,240,7,0.000642319691686548
30,252,4,0.00036703982382088455
30,288,1,9.175995595522114e-05
30,309,1,9.175995595522114e-05
30,336,1,9.175995595522114e-05
30,348,1,9.175995595522114e-05
30,357,1,9.175995595522114e-05
30,360,3,0.0002752798678656634
30,384,1,9.175995595522114e-05
30,417,1,9.175995595522114e-05
30,480,1,9.175995595522114e-05
30,549,1,9.175995595522114e-05
30,576,1,9.175995595522114e-05
30,618,1,9.175995595522114e-05
30,624,1,9.175995595522114e-05
30,669,1,9.175995595522114e-05
30,708,1,9.175995595522114e-05
30,729,1,9.175995595522114e-05
30,768,1,9.175995595522114e-05
30,780,2,0.00018351991191044228
30,906,1,9.175995595522114e-05
30,972,1,9.175995595522114e-05
33,99,1,9.175995595522114e-05
33,108,1,9.175995595522114e-05
33,111,4,0.00036703982382088455
33,114,3,0.0002752798678656634
33,117,2,0.00018351991191044228
33,120,3,0.0002752798678656634
33,123,14,0.001284639383373096
33,126,15,0.0013763993393283171
33,129,1,9.175995595522114e-05
33,132,2,0.00018351991191044228
33,135,19,0.0017434391631492017
33,138,1,9.175995595522114e-05
33,147,1,9.175995595522114e-05
33,150,1,9.175995595522114e-05
33,156,2,0.00018351991191044228
33,159,5,0.0004587997797761057
33,168,3,0.0002752798678656634
33,171,2,0.00018351991191044228
33,174,3,0.0002752798678656634
33,177,2,0.00018351991191044228
33,180,1,9.175995595522114e-05
33,183,1,9.175995595522114e-05
33,186,4,0.00036703982382088455
33,189,4,0.00036703982382088455
33,192,3,0.0002752798678656634
33,195,6,0.0005505597357313268
33,198,5,0.0004587997797761057
33,201,3,0.0002752798678656634
33,204,2,0.00018351991191044228
33,207,19,0.0017434391631492017
33,210,2,0.00018351991191044228
33,213,1,9.175995595522114e-05
33,216,1,9.175995595522114e-05
33,219,30,0.0027527986786566342
33,222,1,9.175995595522114e-05
33,231,23,0.0021104789869700862
33,240,3,0.0002752798678656634
33,243,18,0.0016516792071939806
33,255,3,0.0002752798678656634
33,267,2,0.00018351991191044228
33,279,1,9.175995595522114e-05
33,303,1,9.175995595522114e-05
33,315,2,0.00018351991191044228
33,339,1,9.175995595522114e-05
33,366,1,9.175995595522114e-05
33,375,1,9.175995595522114e-05
33,399,1,9.175995595522114e-05
33,438,1,9.175995595522114e-05
33,456,1,9.175995595522114e-05
33,459,1,9.175995595522114e-05
33,465,1,9.175995595522114e-05
33,507,1,9.175995595522114e-05
33,516,1,9.175995595522114e-05
33,537,1,9.175995595522114e-05
33,579,1,9.175995595522114e-05
33,633,1,9.175995595522114e-05
33,642,1,9.175995595522114e-05
33,684,1,9.175995595522114e-05
33,747,1,9.175995595522114e-05
33,843,1,9.175995595522114e-05
33,963,1,9.175995595522114e-05
36,108,1,9.175995595522114e-05
36,114,1,9.175995595522114e-05
36,117,2,0.00018351991191044228
36,123,3,0.0002752798678656634
36,126,5,0.0004587997797761057
36,129,10,0.0009175995595522114
36,132,5,0.0004587997797761057
36,135,3,0.0002752798678656634
36,138,19,0.0017434391631492017
36,141,9,0.0008258396035969903
36,144,1,9.175995595522114e-05
36,147,1,9.175995595522114e-05
36,150,21,0.001926959075059644
36,153,2,0.00018351991191044228
36,156,1,9.175995595522114e-05
36,162,7,0.000642319691686548
36,165,1,9.175995595522114e-05
36,168,3,0.0002752798678656634
36,174,6,0.0005505597357313268
36,186,4,0.00036703982382088455
36,189,3,0.0002752798678656634
36,192,1,9.175995595522114e-05
36,195,5,0.0004587997797761057
36,198,6,0.0005505597357313268
36,201,1,9.175995595522114e-05
36,204,3,0.0002752798678656634
36,207,2,0.00018351991191044228
36,210,11,0.0010093595155074326
36,213,2,0.00018351991191044228
36,216,5,0.0004587997797761057
36,219,3,0.0002752798678656634
36,222,28,0.002569278766746192
36,225,4,0.00036703982382088455
36,234,32,0.0029363185905670764
36,237,1,9.175995595522114e-05
36,243,1,9.175995595522114e-05
36,246,29,0.002661038722701413
36,258,11,0.0010093595155074326
36,270,5,0.0004587997797761057
36,282,1,9.175995595522114e-05
36,285,1,9.175995595522114e-05
36,291,1,9.175995595522114e-05
36,300,1,9.175995595522114e-05
36,306,1,9.175995595522114e-05
36,315,1,9.175995595522114e-05
36,318,1,9.175995595522114e-05
36,330,1,9.175995595522114e-05
36,333,1,9.175995595522114e-05
36,336,1,9.175995595522114e-05
36,342,1,9.175995595522114e-05
36,354,2,0.00018351991191044228
36,378,1,9.175995595522114e-05
36,390,1,9.175995595522114e-05
36,399,1,9.175995595522114e-05
36,414,1,9.175995595522114e-05
36,423,1,9.175995595522114e-05
36,426,3,0.0002752798678656634
36,441,1,9.175995595522114e-05
36,450,1,9.175995595522114e-05
36,486,1,9.175995595522114e-05
36,498,2,0.00018351991191044228
36,510,1,9.175995595522114e-05
36,516,1,9.175995595522114e-05
36,534,1,9.175995595522114e-05
36,582,1,9.175995595522114e-05
36,600,1,9.175995595522114e-05
36,633,1,9.175995595522114e-05
36,726,1,9.175995595522114e-05
36,744,1,9.175995595522114e-05
36,834,1,9.175995595522114e-05
39,96,1,9.175995595522114e-05
39,117,1,9.175995595522114e-05
39,132,3,0.0002752798678656634
39,135,1,9.175995595522114e-05
39,138,7,0.000642319691686548
39,141,9,0.0008258396035969903
39,144,7,0.000642319691686548
39,147,4,0.00036703982382088455
39,150,11,0.0010093595155074326
39,153,15,0.0013763993393283171
39,156,7,0.000642319691686548
39,159,4,0.00036703982382088455
39,162,3,0.0002752798678656634
39,165,23,0.0021104789869700862
39,168,3,0.0002752798678656634
39,171,1,9.175995595522114e-05
39,174,1,9.175995595522114e-05
39,177,14,0.001284639383373096
39,180,1,9.175995595522114e-05
39,186,1,9.175995595522114e-05
39,189,4,0.00036703982382088455
39,192,2,0.00018351991191044228
39,198,2,0.00018351991191044228
39,201,7,0.000642319691686548
39,204,3,0.0002752798678656634
39,207,4,0.00036703982382088455
39,210,1,9.175995595522114e-05
39,213,4,0.00036703982382088455
39,216,7,0.000642319691686548
39,219,1,9.175995595522114e-05
39,222,4,0.00036703982382088455
39,225,11,0.0010093595155074326
39,228,4,0.00036703982382088455
39,231,1,9.175995595522114e-05
39,234,2,0.00018351991191044228
39,237,17,0.0015599192512387595
39,240,4,0.00036703982382088455
39,243,2,0.00018351991191044228
39,246,2,0.00018351991191044228
39,249,26,0.0023857588548357495
39,252,1,9.175995595522114e-05
39,255,1,9.175995595522114e-05
39,258,2,0.00018351991191044228
39,261,22,0.002018719031014865
39,267,1,9.175995595522114e-05
39,270,3,0.0002752798678656634
39,273,9,0.0008258396035969903
39,285,6,0.0005505597357313268
39,297,1,9.175995595522114e-05
39,303,1,9.175995595522114e-05
39,309,1,9.175995595522114e-05
39,324,1,9.175995595522114e-05
39,333,1,9.175995595522114e-05
39,345,2,0.00018351991191044228
39,357,2,0.00018351991191044228
39,366,1,9.175995595522114e-05
39,369,2,0.00018351991191044228
39,372,1,9.175995595522114e-05
39,375,1,9.175995595522114e-05
39,387,1,9.175995595522114e-05
39,393,1,9.175995595522114e-05
39,396,1,9.175995595522114e-05
39,405,1,9.175995595522114e-05
39,417,2,0.00018351991191044228
39,429,2,0.00018351991191044228
39,447,1,9.175995595522114e-05
39,453,2,0.00018351991191044228
39,456,1,9.175995595522114e-05
39,465,1,9.175995595522114e-05
39,471,1,9.175995595522114e-05
39,480,1,9.175995595522114e-05
39,483,1,9.175995595522114e-05
39,489,1,9.175995595522114e-05
39,492,1,9.175995595522114e-05
39,510,1,9.175995595522114e-05
39,513,1,9.175995595522114e-05
39,522,1,9.175995595522114e-05
39,549,1,9.175995595522114e-05
39,585,1,9.175995595522114e-05
39,600,1,9.175995595522114e-05
39,609,1,9.175995595522114e-05
39,621,1,9.175995595522114e-05
39,624,1,9.175995595522114e-05
39,627,1,9.175995595522114e-05
39,645,1,9.175995595522114e-05
39,666,1,9.175995595522114e-05
39,684,1,9.175995595522114e-05
39,687,1,9.175995595522114e-05
39,696,1,9.175995595522114e-05
39,705,1,9.175995595522114e-05
39,720,1,9.175995595522114e-05
39,729,1,9.175995595522114e-05
39,783,1,9.175995595522114e-05
39,801,1,9.175995595522114e-05
39,972,1,9.175995595522114e-05
39,1035,1,9.175995595522114e-05
42,114,1,9.175995595522114e-05
42,120,1,9.175995595522114e-05
42,123,1,9.175995595522114e-05
42,135,2,0.00018351991191044228
42,138,1,9.175995595522114e-05
42,141,3,0.0002752798678656634
42,144,2,0.00018351991191044228
42,147,3,0.0002752798678656634
42,150,2,0.00018351991191044228
42,153,6,0.0005505597357313268
42,156,7,0.000642319691686548
42,159,4,0.00036703982382088455
42,162,6,0.0005505597357313268
42,165,10,0.0009175995595522114
42,168,24,0.0022022389429253073
42,171,8,0.0007340796476417691
42,174,5,0.0004587997797761057
42,177,1,9.175995595522114e-05
42,180,41,0.0037621581941640666
42,183,1,9.175995595522114e-05
42,186,1,9.175995595522114e-05
42,189,3,0.0002752798678656634
42,192,9,0.0008258396035969903
42,195,1,9.175995595522114e-05
42,204,6,0.0005505597357313268
42,207,1,9.175995595522114e-05
42,210,4,0.00036703982382088455
42,213,5,0.0004587997797761057
42,216,2,0.00018351991191044228
42,222,1,9.175995595522114e-05
42,228,4,0.00036703982382088455
42,234,5,0.0004587997797761057
42,237,3,0.0002752798678656634
42,240,8,0.0007340796476417691
42,243,1,9.175995595522114e-05
42,246,2,0.00018351991191044228
42,249,1,9.175995595522114e-05
42,252,20,0.0018351991191044228
42,255,1,9.175995595522114e-05
42,258,2,0.00018351991191044228
42,261,1,9.175995595522114e-05
42,264,21,0.001926959075059644
42,276,17,0.0015599192512387595
42,288,14,0.001284639383373096
42,300,4,0.00036703982382088455
42,315,1,9.175995595522114e-05
42,324,1,9.175995595522114e-05
42,333,1,9.175995595522114e-05
42,336,1,9.175995595522114e-05
42,345,2,0.00018351991191044228
42,357,1,9.175995595522114e-05
42,360,3,0.0002752798678656634
42,372,1,9.175995595522114e-05
42,375,1,9.175995595522114e-05
42,381,1,9.175995595522114e-05
42,384,1,9.175995595522114e-05
42,393,1,9.175995595522114e-05
42,396,1,9.175995595522114e-05
42,408,1,9.175995595522114e-05
42,411,1,9.175995595522114e-05
42,420,1,9.175995595522114e-05
42,438,1,9.175995595522114e-05
42,444,1,9.175995595522114e-05
42,450,1,9.175995595522114e-05
42,462,1,9.175995595522114e-05
42,468,2,0.00018351991191044228
42,471,1,9.175995595522114e-05
42,480,1,9.175995595522114e-05
42,483,1,9.175995595522114e-05
42,486,1,9.175995595522114e-05
42,492,2,0.00018351991191044228
42,501,1,9.175995595522114e-05
42,504,5,0.0004587997797761057
42,507,1,9.175995595522114e-05
42,516,2,0.00018351991191044228
42,525,1,9.175995595522114e-05
42,528,1,9.175995595522114e-05
42,540,2,0.00018351991191044228
42,543,1,9.175995595522114e-05
42,555,1,9.175995595522114e-05
42,576,1,9.175995595522114e-05
42,582,1,9.175995595522114e-05
42,588,1,9.175995595522114e-05
42,615,1,9.175995595522114e-05
42,618,1,9.175995595522114e-05
42,624,3,0.0002752798678656634
42,627,1,9.175995595522114e-05
42,630,1,9.175995595522114e-05
42,633,1,9.175995595522114e-05
42,636,1,9.175995595522114e-05
42,645,1,9.175995595522114e-05
42,648,2,0.00018351991191044228
42,672,1,9.175995595522114e-05
42,684,1,9.175995595522114e-05
42,687,1,9.175995595522114e-05
42,708,2,0.00018351991191044228
42,711,1,9.175995595522114e-05
42,732,1,9.175995595522114e-05
42,735,1,9.175995595522114e-05
42,744,1,9.175995595522114e-05
42,762,1,9.175995595522114e-05
42,768,2,0.00018351991191044228
42,777,1,9.175995595522114e-05
42,780,1,9.175995595522114e-05
42,792,1,9.175995595522114e-05
42,846,1,9.175995595522114e-05
42,1035,1,9.175995595522114e-05
45,99,1,9.175995595522114e-05
45,102,1,9.175995595522114e-05
45,114,1,9.175995595522114e-05
45,120,1,9.175995595522114e-05
45,132,2,0.00018351991191044228
45,135,1,9.175995595522114e-05
45,141,2,0.00018351991191044228
45,144,1,9.175995595522114e-05
45,153,4,0.00036703982382088455
45,156,4,0.00036703982382088455
45,159,4,0.00036703982382088455
45,162,4,0.00036703982382088455
45,165,2,0.00018351991191044228
45,168,9,0.0008258396035969903
45,171,8,0.0007340796476417691
45,174,1,9.175995595522114e-05
45,177,8,0.0007340796476417691
45,180,7,0.000642319691686548
45,183,12,0.0011011194714626537
45,186,1,9.175995595522114e-05
45,189,3,0.0002752798678656634
45,192,4,0.00036703982382088455
45,195,44,0.00403743806202973
45,198,3,0.0002752798678656634
45,204,2,0.00018351991191044228
45,207,12,0.0011011194714626537
45,210,2,0.00018351991191044228
45,213,1,9.175995595522114e-05
45,216,2,0.00018351991191044228
45,219,5,0.0004587997797761057
45,222,1,9.175995595522114e-05
45,225,2,0.00018351991191044228
45,228,5,0.0004587997797761057
45,231,6,0.0005505597357313268
45,234,3,0.0002752798678656634
45,237,2,0.00018351991191044228
45,240,3,0.0002752798678656634
45,243,4,0.00036703982382088455
45,246,1,9.175995595522114e-05
45,249,1,9.175995595522114e-05
45,252,2,0.00018351991191044228
45,255,11,0.0010093595155074326
45,261,2,0.00018351991191044228
45,267,12,0.0011011194714626537
45,270,2,0.00018351991191044228
45,279,20,0.0018351991191044228
45,291,18,0.0016516792071939806
45,303,6,0.0005505597357313268
45,315,5,0.0004587997797761057
45,327,1,9.175995595522114e-05
45,330,1,9.175995595522114e-05
45,339,2,0.00018351991191044228
45,348,1,9.175995595522114e-05
45,351,2,0.00018351991191044228
45,354,1,9.175995595522114e-05
45,363,3,0.0002752798678656634
45,375,3,0.0002752798678656634
45,378,1,9.175995595522114e-05
45,387,2,0.00018351991191044228
45,396,1,9.175995595522114e-05
45,399,2,0.00018351991191044228
45,405,1,9.175995595522114e-05
45,411,2,0.00018351991191044228
45,417,1,9.175995595522114e-05
45,420,1,9.175995595522114e-05
45,423,3,0.0002752798678656634
45,426,1,9.175995595522114e-05
45,432,1,9.175995595522114e-05
45,435,4,0.00036703982382088455
45,444,1,9.175995595522114e-05
45,447,1,9.175995595522114e-05
45,450,1,9.175995595522114e-05
45,453,1,9.175995595522114e-05
45,456,1,9.175995595522114e-05
45,459,1,9.175995595522114e-05
45,462,1,9.175995595522114e-05
45,471,1,9.175995595522114e-05
45,477,1,9.175995595522114e-05
45,483,2,0.00018351991191044228
45,486,1,9.175995595522114e-05
45,495,3,0.0002752798678656634
45,498,1,9.175995595522114e-05
45,504,1,9.175995595522114e-05
45,507,3,0.0002752798678656634
45,513,1,9.175995595522114e-05
45,516,3,0.0002752798678656634
45,519,3,0.0002752798678656634
45,522,1,9.175995595522114e-05
45,531,1,9.175995595522114e-05
45,537,1,9.175995595522114e-05
45,543,1,9.175995595522114e-05
45,561,1,9.175995595522114e-05
45,570,1,9.175995595522114e-05
45,573,1,9.175995595522114e-05
45,576,1,9.175995595522114e-05
45,579,1,9.175995595522114e-05
45,582,1,9.175995595522114e-05
45,585,1,9.175995595522114e-05
45,588,1,9.175995595522114e-05
45,615,2,0.00018351991191044228
45,624,1,9.175995595522114e-05
45,627,1,9.175995595522114e-05
45,636,1,9.175995595522114e-05
45,639,1,9.175995595522114e-05
45,648,2,0.00018351991191044228
45,651,2,0.00018351991191044228
45,654,1,9.175995595522114e-05
45,657,1,9.175995595522114e-05
45,660,3,0.0002752798678656634
45,663,1,9.175995595522114e-05
45,672,1,9.175995595522114e-05
45,678,1,9.175995595522114e-05
45,687,1,9.175995595522114e-05
45,696,1,9.175995595522114e-05
45,699,4,0.00036703982382088455
45,711,1,9.175995595522114e-05
45,723,1,9.175995595522114e-05
45,735,1,9.175995595522114e-05
45,747,1,9.175995595522114e-05
45,756,1,9.175995595522114e-05
45,771,3,0.0002752798678656634
45,783,4,0.00036703982382088455
45,864,1,9.175995595522114e-05
45,879,1,9.175995595522114e-05
45,885,1,9.175995595522114e-05
45,891,1,9.175995595522114e-05
45,927,1,9.175995595522114e-05
48,126,1,9.175995595522114e-05
48,135,4,0.00036703982382088455
48,156,1,9.175995595522114e-05
48,159,1,9.175995595522114e-05
48,165,2,0.00018351991191044228
48,168,1,9.175995595522114e-05
48,171,3,0.0002752798678656634
48,174,4,0.00036703982382088455
48,177,4,0.00036703982382088455
48,180,1,9.175995595522114e-05
48,183,11,0.0010093595155074326
48,186,8,0.0007340796476417691
48,189,2,0.00018351991191044228
48,192,3,0.0002752798678656634
48,195,14,0.001284639383373096
48,198,15,0.0013763993393283171
48,201,5,0.0004587997797761057
48,204,1,9.175995595522114e-05
48,207,1,9.175995595522114e-05
48,210,39,0.0035786382822536244
48,216,1,9.175995595522114e-05
48,222,9,0.0008258396035969903
48,225,2,0.00018351991191044228
48,231,2,0.00018351991191044228
48,234,8,0.0007340796476417691
48,237,1,9.175995595522114e-05
48,246,7,0.000642319691686548
48,249,1,9.175995595522114e-05
48,252,1,9.175995595522114e-05
48,255,2,0.00018351991191044228
48,258,3,0.0002752798678656634
48,261,2,0.00018351991191044228
48,264,1,9.175995595522114e-05
48,267,1,9.175995595522114e-05
48,270,12,0.0011011194714626537
48,273,3,0.0002752798678656634
48,276,1,9.175995595522114e-05
48,279,1,9.175995595522114e-05
48,282,15,0.0013763993393283171
48,294,18,0.0016516792071939806
48,300,1,9.175995595522114e-05
48,306,12,0.0011011194714626537
48,309,1,9.175995595522114e-05
48,315,2,0.00018351991191044228
48,318,7,0.000642319691686548
48,321,1,9.175995595522114e-05
48,324,1,9.175995595522114e-05
48,330,3,0.0002752798678656634
48,342,2,0.00018351991191044228
48,360,1,9.175995595522114e-05
48,366,2,0.00018351991191044228
48,369,2,0.00018351991191044228
48,372,2,0.00018351991191044228
48,375,1,9.175995595522114e-05
48,378,4,0.00036703982382088455
48,390,1,9.175995595522114e-05
48,393,3,0.0002752798678656634
48,396,1,9.175995595522114e-05
48,402,3,0.0002752798678656634
48,408,2,0.00018351991191044228
48,411,1,9.175995595522114e-05
48,414,3,0.0002752798678656634
48,417,2,0.00018351991191044228
48,420,1,9.175995595522114e-05
48,423,1,9.175995595522114e-05
48,429,1,9.175995595522114e-05
48,438,1,9.175995595522114e-05
48,441,2,0.00018351991191044228
48,450,2,0.00018351991191044228
48,459,3,0.0002752798678656634
48,462,2,0.00018351991191044228
48,465,1,9.175995595522114e-05
48,474,3,0.0002752798678656634
48,477,1,9.175995595522114e-05
48,483,1,9.175995595522114e-05
48,495,1,9.175995595522114e-05
48,498,2,0.00018351991191044228
48,501,1,9.175995595522114e-05
48,510,2,0.00018351991191044228
48,522,4,0.00036703982382088455
48,525,1,9.175995595522114e-05
48,528,2,0.00018351991191044228
48,531,2,0.00018351991191044228
48,534,1,9.175995595522114e-05
48,543,1,9.175995595522114e-05
48,546,2,0.00018351991191044228
48,558,2,0.00018351991191044228
48,564,1,9.175995595522114e-05
48,570,2,0.00018351991191044228
48,582,1,9.175995595522114e-05
48,585,1,9.175995595522114e-05
48,594,1,9.175995595522114e-05
48,603,1,9.175995595522114e-05
48,606,2,0.00018351991191044228
48,609,1,9.175995595522114e-05
48,630,1,9.175995595522114e-05
48,633,1,9.175995595522114e-05
48,636,2,0.00018351991191044228
48,642,2,0.00018351991191044228
48,645,1,9.175995595522114e-05
48,657,1,9.175995595522114e-05
48,669,1,9.175995595522114e-05
48,678,4,0.00036703982382088455
48,693,1,9.175995595522114e-05
48,696,1,9.175995595522114e-05
48,702,1,9.175995595522114e-05
48,708,1,9.175995595522114e-05
48,714,2,0.00018351991191044228
48,717,1,9.175995595522114e-05
48,726,2,0.00018351991191044228
48,735,1,9.175995595522114e-05
48,738,1,9.175995595522114e-05
48,747,1,9.175995595522114e-05
48,756,1,9.175995595522114e-05
48,759,1,9.175995595522114e-05
48,762,1,9.175995595522114e-05
48,774,1,9.175995595522114e-05
48,786,2,0.00018351991191044228
48,798,1,9.175995595522114e-05
48,801,2,0.00018351991191044228
48,810,2,0.00018351991191044228
48,834,1,9.175995595522114e-05
48,858,1,9.175995595522114e-05
48,894,1,9.175995595522114e-05
48,1023,1,9.175995595522114e-05
48,1278,1,9.175995595522114e-05
51,129,1,9.175995595522114e-05
51,132,1,9.175995595522114e-05
51,135,1,9.175995595522114e-05
51,138,2,0.00018351991191044228
51,165,1,9.175995595522114e-05
51,183,2,0.00018351991191044228
51,186,4,0.00036703982382088455
51,189,7,0.000642319691686548
51,192,5,0.0004587997797761057
51,195,6,0.0005505597357313268
51,198,4,0.00036703982382088455
51,201,4,0.00036703982382088455
51,204,9,0.0008258396035969903
51,207,4,0.00036703982382088455
51,210,2,0.00018351991191044228
51,213,23,0.0021104789869700862
51,216,4,0.00036703982382088455
51,219,4,0.00036703982382088455
51,222,1,9.175995595522114e-05
51,225,35,0.00321159845843274
51,228,1,9.175995595522114e-05
51,231,1,9.175995595522114e-05
51,234,1,9.175995595522114e-05
51,237,22,0.002018719031014865
51,243,1,9.175995595522114e-05
51,246,1,9.175995595522114e-05
51,249,7,0.000642319691686548
51,252,3,0.0002752798678656634
51,255,1,9.175995595522114e-05
51,261,4,0.00036703982382088455
51,264,3,0.0002752798678656634
51,267,3,0.0002752798678656634
51,273,4,0.00036703982382088455
51,276,1,9.175995595522114e-05
51,279,1,9.175995595522114e-05
51,282,1,9.175995595522114e-05
51,285,12,0.0011011194714626537
51,288,1,9.175995595522114e-05
51,291,3,0.0002752798678656634
51,294,1,9.175995595522114e-05
51,297,8,0.0007340796476417691
51,303,1,9.175995595522114e-05
51,309,17,0.0015599192512387595
51,321,11,0.0010093595155074326
51,330,2,0.00018351991191044228
51,333,7,0.000642319691686548
51,336,1,9.175995595522114e-05
51,345,2,0.00018351991191044228
51,354,1,9.175995595522114e-05
51,357,3,0.0002752798678656634
51,360,1,9.175995595522114e-05
51,363,1,9.175995595522114e-05
51,366,4,0.00036703982382088455
51,369,2,0.00018351991191044228
51,375,1,9.175995595522114e-05
51,378,1,9.175995595522114e-05
51,381,5,0.0004587997797761057
51,390,1,9.175995595522114e-05
51,393,1,9.175995595522114e-05
51,399,2,0.00018351991191044228
51,402,1,9.175995595522114e-05
51,405,4,0.00036703982382088455
51,408,1,9.175995595522114e-05
51,417,4,0.00036703982382088455
51,426,3,0.0002752798678656634
51,429,1,9.175995595522114e-05
51,432,1,9.175995595522114e-05
51,435,2,0.00018351991191044228
51,438,2,0.00018351991191044228
51,441,2,0.00018351991191044228
51,444,1,9.175995595522114e-05
51,453,1,9.175995595522114e-05
51,456,2,0.00018351991191044228
51,462,1,9.175995595522114e-05
51,465,1,9.175995595522114e-05
51,471,1,9.175995595522114e-05
51,474,2,0.00018351991191044228
51,477,2,0.00018351991191044228
51,480,2,0.00018351991191044228
51,486,1,9.175995595522114e-05
51,489,3,0.0002752798678656634
51,501,1,9.175995595522114e-05
51,513,4,0.00036703982382088455
51,522,1,9.175995595522114e-05
51,525,4,0.00036703982382088455
51,531,2,0.00018351991191044228
51,537,1,9.175995595522114e-05
51,543,1,9.175995595522114e-05
51,546,1,9.175995595522114e-05
51,549,1,9.175995595522114e-05
51,558,1,9.175995595522114e-05
51,561,1,9.175995595522114e-05
51,573,1,9.175995595522114e-05
51,585,2,0.00018351991191044228
51,597,1,9.175995595522114e-05
51,603,1,9.175995595522114e-05
51,606,1,9.175995595522114e-05
51,612,2,0.00018351991191044228
51,627,1,9.175995595522114e-05
51,633,1,9.175995595522114e-05
51,642,1,9.175995595522114e-05
51,651,1,9.175995595522114e-05
51,654,2,0.00018351991191044228
51,657,1,9.175995595522114e-05
51,660,1,9.175995595522114e-05
51,669,1,9.175995595522114e-05
51,681,1,9.175995595522114e-05
51,684,1,9.175995595522114e-05
51,729,2,0.00018351991191044228
51,735,1,9.175995595522114e-05
51,741,1,9.175995595522114e-05
51,750,1,9.175995595522114e-05
51,771,1,9.175995595522114e-05
51,777,1,9.175995595522114e-05
51,870,1,9.175995595522114e-05
51,873,1,9.175995595522114e-05
51,882,1,9.175995595522114e-05
51,885,1,9.175995595522114e-05
51,894,1,9.175995595522114e-05
54,150,2,0.00018351991191044228
54,153,3,0.0002752798678656634
54,156,2,0.00018351991191044228
54,159,1,9.175995595522114e-05
54,165,2,0.00018351991191044228
54,171,1,9.175995595522114e-05
54,177,1,9.175995595522114e-05
54,183,1,9.175995595522114e-05
54,192,3,0.0002752798678656634
54,195,3,0.0002752798678656634
54,198,4,0.00036703982382088455
54,201,4,0.00036703982382088455
54,204,6,0.0005505597357313268
54,207,8,0.0007340796476417691
54,210,8,0.0007340796476417691
54,213,3,0.0002752798678656634
54,216,13,0.0011928794274178747
54,219,5,0.0004587997797761057
54,222,1,9.175995595522114e-05
54,225,5,0.0004587997797761057
54,228,24,0.0022022389429253073
54,231,2,0.00018351991191044228
54,234,1,9.175995595522114e-05
54,237,2,0.00018351991191044228
54,240,35,0.00321159845843274
54,249,1,9.175995595522114e-05
54,252,20,0.0018351991191044228
54,258,1,9.175995595522114e-05
54,264,8,0.0007340796476417691
54,267,2,0.00018351991191044228
54,270,2,0.00018351991191044228
54,273,2,0.00018351991191044228
54,276,5,0.0004587997797761057
54,279,4,0.00036703982382088455
54,285,2,0.00018351991191044228
54,288,7,0.000642319691686548
54,291,3,0.0002752798678656634
54,300,8,0.0007340796476417691
54,306,1,9.175995595522114e-05
54,309,1,9.175995595522114e-05
54,312,20,0.0018351991191044228
54,315,1,9.175995595522114e-05
54,324,10,0.0009175995595522114
54,327,1,9.175995595522114e-05
54,336,2,0.00018351991191044228
54,339,2,0.00018351991191044228
54,342,1,9.175995595522114e-05
54,348,10,0.0009175995595522114
54,360,1,9.175995595522114e-05
54,366,1,9.175995595522114e-05
54,369,1,9.175995595522114e-05
54,375,2,0.00018351991191044228
54,384,3,0.0002752798678656634
54,387,1,9.175995595522114e-05
54,396,3,0.0002752798678656634
54,408,3,0.0002752798678656634
54,414,1,9.175995595522114e-05
54,417,1,9.175995595522114e-05
54,420,5,0.0004587997797761057
54,423,1,9.175995595522114e-05
54,432,2,0.00018351991191044228
54,435,3,0.0002752798678656634
54,438,2,0.00018351991191044228
54,441,1,9.175995595522114e-05
54,444,5,0.0004587997797761057
54,447,1,9.175995595522114e-05
54,450,1,9.175995595522114e-05
54,459,1,9.175995595522114e-05
54,465,1,9.175995595522114e-05
54,468,1,9.175995595522114e-05
54,471,1,9.175995595522114e-05
54,480,4,0.00036703982382088455
54,489,1,9.175995595522114e-05
54,492,3,0.0002752798678656634
54,495,1,9.175995595522114e-05
54,498,1,9.175995595522114e-05
54,501,1,9.175995595522114e-05
54,504,2,0.00018351991191044228
54,510,1,9.175995595522114e-05
54,513,1,9.175995595522114e-05
54,516,2,0.00018351991191044228
54,528,3,0.0002752798678656634
54,531,1,9.175995595522114e-05
54,537,1,9.175995595522114e-05
54,540,5,0.0004587997797761057
54,552,1,9.175995595522114e-05
54,555,1,9.175995595522114e-05
54,558,1,9.175995595522114e-05
54,561,2,0.00018351991191044228
54,564,2,0.00018351991191044228
54,570,3,0.0002752798678656634
54,573,1,9.175995595522114e-05
54,579,1,9.175995595522114e-05
54,585,1,9.175995595522114e-05
54,588,3,0.0002752798678656634
54,591,1,9.175995595522114e-05
54,594,1,9.175995595522114e-05
54,606,1,9.175995595522114e-05
54,609,2,0.00018351991191044228
54,612,2,0.00018351991191044228
54,615,1,9.175995595522114e-05
54,618,1,9.175995595522114e-05
54,624,4,0.00036703982382088455
54,633,2,0.00018351991191044228
54,639,1,9.175995595522114e-05
54,642,1,9.175995595522114e-05
54,645,1,9.175995595522114e-05
54,654,1,9.175995595522114e-05
54,657,1,9.175995595522114e-05
54,660,4,0.00036703982382088455
54,663,1,9.175995595522114e-05
54,669,1,9.175995595522114e-05
54,672,5,0.0004587997797761057
54,684,4,0.00036703982382088455
54,687,2,0.00018351991191044228
54,690,1,9.175995595522114e-05
54,702,2,0.00018351991191044228
54,717,1,9.175995595522114e-05
54,726,1,9.175995595522114e-05
54,738,1,9.175995595522114e-05
54,744,1,9.175995595522114e-05
54,756,1,9.175995595522114e-05
54,780,1,9.175995595522114e-05
54,783,1,9.175995595522114e-05
54,792,1,9.175995595522114e-05
54,795,1,9.175995595522114e-05
54,798,1,9.175995595522114e-05
54,804,2,0.00018351991191044228
54,816,1,9.175995595522114e-05
54,828,1,9.175995595522114e-05
54,840,1,9.175995595522114e-05
54,888,1,9.175995595522114e-05
54,900,1,9.175995595522114e-05
54,906,1,9.175995595522114e-05
54,912,1,9.175995595522114e-05
54,924,1,9.175995595522114e-05
54,927,1,9.175995595522114e-05
54,993,1,9.175995595522114e-05
57,144,1,9.175995595522114e-05
57,147,1,9.175995595522114e-05
57,153,1,9.175995595522114e-05
57,156,3,0.0002752798678656634
57,159,3,0.0002752798678656634
57,165,1,9.175995595522114e-05
57,168,5,0.0004587997797761057
57,174,1,9.175995595522114e-05
57,177,4,0.00036703982382088455
57,180,3,0.0002752798678656634
57,186,2,0.00018351991191044228
57,189,1,9.175995595522114e-05
57,192,1,9.175995595522114e-05
57,198,3,0.0002752798678656634
57,201,2,0.00018351991191044228
57,204,2,0.00018351991191044228
57,207,4,0.00036703982382088455
57,210,2,0.00018351991191044228
57,213,5,0.0004587997797761057
57,216,8,0.0007340796476417691
57,219,6,0.0005505597357313268
57,222,6,0.0005505597357313268
57,225,6,0.0005505597357313268
57,228,7,0.000642319691686548
57,231,10,0.0009175995595522114
57,234,4,0.00036703982382088455
57,237,2,0.00018351991191044228
57,240,2,0.00018351991191044228
57,243,22,0.002018719031014865
57,246,2,0.00018351991191044228
57,249,4,0.00036703982382088455
57,252,4,0.00036703982382088455
57,255,32,0.0029363185905670764
57,264,2,0.00018351991191044228
57,267,12,0.0011011194714626537
57,276,3,0.0002752798678656634
57,279,5,0.0004587997797761057
57,282,1,9.175995595522114e-05
57,285,1,9.175995595522114e-05
57,288,2,0.00018351991191044228
57,291,4,0.00036703982382088455
57,294,1,9.175995595522114e-05
57,303,5,0.0004587997797761057
57,309,1,9.175995595522114e-05
57,312,2,0.00018351991191044228
57,315,15,0.0013763993393283171
57,324,1,9.175995595522114e-05
57,327,9,0.0008258396035969903
57,339,13,0.0011928794274178747
57,342,2,0.00018351991191044228
57,345,1,9.175995595522114e-05
57,348,2,0.00018351991191044228
57,351,7,0.000642319691686548
57,354,2,0.00018351991191044228
57,363,6,0.0005505597357313268
57,366,1,9.175995595522114e-05
57,369,2,0.00018351991191044228
57,378,1,9.175995595522114e-05
57,384,2,0.00018351991191044228
57,387,4,0.00036703982382088455
57,390,2,0.00018351991191044228
57,393,2,0.00018351991191044228
57,396,1,9.175995595522114e-05
57,399,2,0.00018351991191044228
57,402,2,0.00018351991191044228
57,405,1,9.175995595522114e-05
57,411,2,0.00018351991191044228
57,423,1,9.175995595522114e-05
57,429,1,9.175995595522114e-05
57,432,2,0.00018351991191044228
57,435,1,9.175995595522114e-05
57,441,1,9.175995595522114e-05
57,444,2,0.00018351991191044228
57,447,1,9.175995595522114e-05
57,453,2,0.00018351991191044228
57,456,2,0.00018351991191044228
57,459,2,0.00018351991191044228
57,462,1,9.175995595522114e-05
57,468,3,0.0002752798678656634
57,471,4,0.00036703982382088455
57,477,1,9.175995595522114e-05
57,480,1,9.175995595522114e-05
57,483,3,0.0002752798678656634
57,495,4,0.00036703982382088455
57,501,1,9.175995595522114e-05
57,507,2,0.00018351991191044228
57,513,1,9.175995595522114e-05
57,516,1,9.175995595522114e-05
57,519,2,0.00018351991191044228
57,525,4,0.00036703982382088455
57,531,2,0.00018351991191044228
57,543,4,0.00036703982382088455
57,546,1,9.175995595522114e-05
57,552,1,9.175995595522114e-05
57,555,3,0.0002752798678656634
57,558,1,9.175995595522114e-05
57,561,3,0.0002752798678656634
57,564,3,0.0002752798678656634
57,567,3,0.0002752798678656634
57,570,1,9.175995595522114e-05
57,576,1,9.175995595522114e-05
57,579,5,0.0004587997797761057
57,585,2,0.00018351991191044228
57,588,1,9.175995595522114e-05
57,591,2,0.00018351991191044228
57,597,4,0.00036703982382088455
57,600,1,9.175995595522114e-05
57,603,2,0.00018351991191044228
57,609,1,9.175995595522114e-05
57,612,1,9.175995595522114e-05
57,618,1,9.175995595522114e-05
57,624,1,9.175995595522114e-05
57,627,1,9.175995595522114e-05
57,630,2,0.00018351991191044228
57,633,3,0.0002752798678656634
57,639,3,0.0002752798678656634
57,645,1,9.175995595522114e-05
57,651,2,0.00018351991191044228
57,654,1,9.175995595522114e-05
57,657,1,9.175995595522114e-05
57,663,2,0.00018351991191044228
57,666,1,9.175995595522114e-05
57,669,1,9.175995595522114e-05
57,675,1,9.175995595522114e-05
57,678,1,9.175995595522114e-05
57,684,1,9.175995595522114e-05
57,687,3,0.0002752798678656634
57,699,1,9.175995595522114e-05
57,705,2,0.00018351991191044228
57,708,2,0.00018351991191044228
57,711,2,0.00018351991191044228
57,720,1,9.175995595522114e-05
57,723,3,0.0002752798678656634
57,735,1,9.175995595522114e-05
57,747,2,0.00018351991191044228
57,753,1,9.175995595522114e-05
57,756,1,9.175995595522114e-05
57,759,1,9.175995595522114e-05
57,771,1,9.175995595522114e-05
57,783,1,9.175995595522114e-05
57,795,1,9.175995595522114e-05
57,807,4,0.00036703982382088455
57,819,1,9.175995595522114e-05
57,843,1,9.175995595522114e-05
57,852,1,9.175995595522114e-05
57,858,2,0.00018351991191044228
57,891,1,9.175995595522114e-05
57,933,1,9.175995595522114e-05
57,951,1,9.175995595522114e-05
57,1107,1,9.175995595522114e-05
57,1131,1,9.175995595522114e-05
60,114,1,9.175995595522114e-05
60,159,1,9.175995595522114e-05
60,165,3,0.0002752798678656634
60,177,1,9.175995595522114e-05
60,180,1,9.175995595522114e-05
60,183,9,0.0008258396035969903
60,192,3,0.0002752798678656634
60,195,1,9.175995595522114e-05
60,198,3,0.0002752798678656634
60,201,1,9.175995595522114e-05
60,207,1,9.175995595522114e-05
60,210,1,9.175995595522114e-05
60,213,4,0.00036703982382088455
60,216,3,0.0002752798678656634
60,219,6,0.0005505597357313268
60,222,4,0.00036703982382088455
60,225,4,0.00036703982382088455
60,228,2,0.00018351991191044228
60,231,4,0.00036703982382088455
60,234,5,0.0004587997797761057
60,237,3,0.0002752798678656634
60,240,1,9.175995595522114e-05
60,243,2,0.00018351991191044228
60,246,12,0.0011011194714626537
60,249,4,0.00036703982382088455
60,252,5,0.0004587997797761057
60,255,6,0.0005505597357313268
60,258,18,0.0016516792071939806
60,261,2,0.00018351991191044228
60,264,3,0.0002752798678656634
60,267,1,9.175995595522114e-05
60,270,39,0.0035786382822536244
60,273,2,0.00018351991191044228
60,276,1,9.175995595522114e-05
60,279,2,0.00018351991191044228
60,282,22,0.002018719031014865
60,285,2,0.00018351991191044228
60,291,2,0.00018351991191044228
60,294,13,0.0011928794274178747
60,297,2,0.00018351991191044228
60,300,1,9.175995595522114e-05
60,303,2,0.00018351991191044228
60,306,9,0.0008258396035969903
60,309,1,9.175995595522114e-05
60,315,1,9.175995595522114e-05
60,318,1,9.175995595522114e-05
60,324,4,0.00036703982382088455
60,327,2,0.00018351991191044228
60,330,6,0.0005505597357313268
60,336,3,0.0002752798678656634
60,339,1,9.175995595522114e-05
60,342,13,0.0011928794274178747
60,345,1,9.175995595522114e-05
60,348,1,9.175995595522114e-05
60,351,2,0.00018351991191044228
60,354,6,0.0005505597357313268
60,363,2,0.00018351991191044228
60,366,5,0.0004587997797761057
60,375,2,0.00018351991191044228
60,378,4,0.00036703982382088455
60,381,1,9.175995595522114e-05
60,387,1,9.175995595522114e-05
60,390,2,0.00018351991191044228
60,393,1,9.175995595522114e-05
60,396,1,9.175995595522114e-05
60,399,2,0.00018351991191044228
60,402,2,0.00018351991191044228
60,405,2,0.00018351991191044228
60,408,2,0.00018351991191044228
60,411,3,0.0002752798678656634
60,414,5,0.0004587997797761057
60,420,1,9.175995595522114e-05
60,423,4,0.00036703982382088455
60,426,5,0.0004587997797761057
60,429,1,9.175995595522114e-05
60,438,2,0.00018351991191044228
60,441,1,9.175995595522114e-05
60,444,2,0.00018351991191044228
60,453,1,9.175995595522114e-05
60,456,1,9.175995595522114e-05
60,462,1,9.175995595522114e-05
60,465,2,0.00018351991191044228
60,474,5,0.0004587997797761057
60,480,2,0.00018351991191044228
60,486,5,0.0004587997797761057
60,489,1,9.175995595522114e-05
60,498,3,0.0002752798678656634
60,501,1,9.175995595522114e-05
60,504,2,0.00018351991191044228
60,510,3,0.0002752798678656634
60,516,1,9.175995595522114e-05
60,522,3,0.0002752798678656634
60,525,1,9.175995595522114e-05
60,534,1,9.175995595522114e-05
60,543,1,9.175995595522114e-05
60,546,2,0.00018351991191044228
60,549,1,9.175995595522114e-05
60,555,1,9.175995595522114e-05
60,558,3,0.0002752798678656634
60,564,2,0.00018351991191044228
60,567,1,9.175995595522114e-05
60,570,6,0.0005505597357313268
60,582,3,0.0002752798678656634
60,585,1,9.175995595522114e-05
60,588,1,9.175995595522114e-05
60,597,1,9.175995595522114e-05
60,600,2,0.00018351991191044228
60,603,1,9.175995595522114e-05
60,609,1,9.175995595522114e-05
60,615,1,9.175995595522114e-05
60,621,1,9.175995595522114e-05
60,624,2,0.00018351991191044228
60,630,3,0.0002752798678656634
60,639,1,9.175995595522114e-05
60,642,3,0.0002752798678656634
60,657,1,9.175995595522114e-05
60,663,3,0.0002752798678656634
60,666,2,0.00018351991191044228
60,669,1,9.175995595522114e-05
60,672,2,0.00018351991191044228
60,678,2,0.00018351991191044228
60,684,1,9.175995595522114e-05
60,687,1,9.175995595522114e-05
60,690,1,9.175995595522114e-05
60,693,2,0.00018351991191044228
60,702,1,9.175995595522114e-05
60,714,1,9.175995595522114e-05
60,720,2,0.00018351991191044228
60,723,1,9.175995595522114e-05
60,726,1,9.175995595522114e-05
60,735,2,0.00018351991191044228
60,738,1,9.175995595522114e-05
60,741,1,9.175995595522114e-05
60,744,1,9.175995595522114e-05
60,747,2,0.00018351991191044228
60,753,1,9.175995595522114e-05
60,762,1,9.175995595522114e-05
60,771,1,9.175995595522114e-05
60,786,2,0.00018351991191044228
60,792,1,9.175995595522114e-05
60,798,2,0.00018351991191044228
60,807,1,9.175995595522114e-05
60,810,1,9.175995595522114e-05
60,813,2,0.00018351991191044228
60,846,1,9.175995595522114e-05
60,858,1,9.175995595522114e-05
60,867,1,9.175995595522114e-05
60,870,1,9.175995595522114e-05
60,882,1,9.175995595522114e-05
60,903,1,9.175995595522114e-05
60,906,1,9.175995595522114e-05
60,927,1,9.175995595522114e-05
60,930,1,9.175995595522114e-05
60,942,1,9.175995595522114e-05
60,966,1,9.175995595522114e-05
60,978,1,9.175995595522114e-05
60,1002,1,9.175995595522114e-05
60,1014,1,9.175995595522114e-05
60,1017,1,9.175995595522114e-05
60,1029,1,9.175995595522114e-05
63,171,1,9.175995595522114e-05
63,174,1,9.175995595522114e-05
63,177,1,9.175995595522114e-05
63,180,2,0.00018351991191044228
63,183,2,0.00018351991191044228
63,186,5,0.0004587997797761057
63,189,4,0.00036703982382088455
63,198,6,0.0005505597357313268
63,201,5,0.0004587997797761057
63,204,3,0.0002752798678656634
63,207,1,9.175995595522114e-05
63,210,2,0.00018351991191044228
63,213,1,9.175995595522114e-05
63,216,2,0.00018351991191044228
63,219,2,0.00018351991191044228
63,222,1,9.175995595522114e-05
63,225,1,9.175995595522114e-05
63,228,1,9.175995595522114e-05
63,231,3,0.0002752798678656634
63,234,2,0.00018351991191044228
63,237,6,0.0005505597357313268
63,240,3,0.0002752798678656634
63,243,5,0.0004587997797761057
63,246,1,9.175995595522114e-05
63,249,6,0.0005505597357313268
63,252,6,0.0005505597357313268
63,255,2,0.00018351991191044228
63,258,3,0.0002752798678656634
63,261,13,0.0011928794274178747
63,267,2,0.00018351991191044228
63,270,6,0.0005505597357313268
63,273,15,0.0013763993393283171
63,276,1,9.175995595522114e-05
63,279,1,9.175995595522114e-05
63,282,2,0.00018351991191044228
63,285,24,0.0022022389429253073
63,288,1,9.175995595522114e-05
63,291,1,9.175995595522114e-05
63,294,2,0.00018351991191044228
63,297,14,0.001284639383373096
63,300,3,0.0002752798678656634
63,309,5,0.0004587997797761057
63,312,1,9.175995595522114e-05
63,318,2,0.00018351991191044228
63,321,7,0.000642319691686548
63,324,2,0.00018351991191044228
63,327,1,9.175995595522114e-05
63,333,3,0.0002752798678656634
63,345,7,0.000642319691686548
63,351,4,0.00036703982382088455
63,354,1,9.175995595522114e-05
63,357,5,0.0004587997797761057
63,360,1,9.175995595522114e-05
63,363,1,9.175995595522114e-05
63,366,1,9.175995595522114e-05
63,369,8,0.0007340796476417691
63,372,1,9.175995595522114e-05
63,381,6,0.0005505597357313268
63,384,1,9.175995595522114e-05
63,393,3,0.0002752798678656634
63,396,1,9.175995595522114e-05
63,399,1,9.175995595522114e-05
63,402,1,9.175995595522114e-05
63,405,2,0.00018351991191044228
63,408,1,9.175995595522114e-05
63,417,3,0.0002752798678656634
63,426,1,9.175995595522114e-05
63,429,2,0.00018351991191044228
63,435,1,9.175995595522114e-05
63,438,1,9.175995595522114e-05
63,441,1,9.175995595522114e-05
63,444,1,9.175995595522114e-05
63,447,1,9.175995595522114e-05
63,450,1,9.175995595522114e-05
63,453,1,9.175995595522114e-05
63,456,2,0.00018351991191044228
63,462,2,0.00018351991191044228
63,465,3,0.0002752798678656634
63,477,3,0.0002752798678656634
63,486,2,0.00018351991191044228
63,489,3,0.0002752798678656634
63,492,1,9.175995595522114e-05
63,501,2,0.00018351991191044228
63,504,2,0.00018351991191044228
63,507,1,9.175995595522114e-05
63,510,1,9.175995595522114e-05
63,513,1,9.175995595522114e-05
63,516,1,9.175995595522114e-05
63,522,2,0.00018351991191044228
63,528,2,0.00018351991191044228
63,537,3,0.0002752798678656634
63,540,1,9.175995595522114e-05
63,546,1,9.175995595522114e-05
63,549,4,0.00036703982382088455
63,552,1,9.175995595522114e-05
63,561,2,0.00018351991191044228
63,567,1,9.175995595522114e-05
63,570,2,0.00018351991191044228
63,573,1,9.175995595522114e-05
63,576,2,0.00018351991191044228
63,585,1,9.175995595522114e-05
63,600,1,9.175995595522114e-05
63,603,2,0.00018351991191044228
63,609,3,0.0002752798678656634
63,612,3,0.0002752798678656634
63,615,2,0.00018351991191044228
63,618,1,9.175995595522114e-05
63,621,1,9.175995595522114e-05
63,639,1,9.175995595522114e-05
63,642,1,9.175995595522114e-05
63,645,4,0.00036703982382088455
63,651,1,9.175995595522114e-05
63,657,1,9.175995595522114e-05
63,660,1,9.175995595522114e-05
63,666,1,9.175995595522114e-05
63,672,1,9.175995595522114e-05
63,675,1,9.175995595522114e-05
63,678,1,9.175995595522114e-05
63,681,3,0.0002752798678656634
63,684,1,9.175995595522114e-05
63,687,2,0.00018351991191044228
63,690,1,9.175995595522114e-05
63,693,2,0.00018351991191044228
63,702,1,9.175995595522114e-05
63,705,1,9.175995595522114e-05
63,708,1,9.175995595522114e-05
63,732,1,9.175995595522114e-05
63,738,1,9.175995595522114e-05
63,741,1,9.175995595522114e-05
63,753,2,0.00018351991191044228
63,765,4,0.00036703982382088455
63,780,1,9.175995595522114e-05
63,789,1,9.175995595522114e-05
63,801,1,9.175995595522114e-05
63,810,1,9.175995595522114e-05
63,816,1,9.175995595522114e-05
63,819,1,9.175995595522114e-05
63,825,1,9.175995595522114e-05
63,828,1,9.175995595522114e-05
63,849,2,0.00018351991191044228
63,861,1,9.175995595522114e-05
63,873,1,9.175995595522114e-05
63,876,1,9.175995595522114e-05
63,903,1,9.175995595522114e-05
63,909,1,9.175995595522114e-05
63,939,1,9.175995595522114e-05
63,957,1,9.175995595522114e-05
63,966,1,9.175995595522114e-05
63,978,1,9.175995595522114e-05
63,981,1,9.175995595522114e-05
66,153,1,9.175995595522114e-05
66,159,1,9.175995595522114e-05
66,162,1,9.175995595522114e-05
66,165,1,9.175995595522114e-05
66,174,2,0.00018351991191044228
66,177,1,9.175995595522114e-05
66,186,3,0.0002752798678656634
66,189,3,0.0002752798678656634
66,192,1,9.175995595522114e-05
66,195,4,0.00036703982382088455
66,198,2,0.00018351991191044228
66,201,2,0.00018351991191044228
66,204,3,0.0002752798678656634
66,207,2,0.00018351991191044228
66,210,7,0.000642319691686548
66,213,7,0.000642319691686548
66,216,1,9.175995595522114e-05
66,219,5,0.0004587997797761057
66,222,1,9.175995595522114e-05
66,225,2,0.00018351991191044228
66,228,4,0.00036703982382088455
66,234,2,0.00018351991191044228
66,240,1,9.175995595522114e-05
66,243,2,0.00018351991191044228
66,246,1,9.175995595522114e-05
66,249,3,0.0002752798678656634
66,252,5,0.0004587997797761057
66,255,9,0.0008258396035969903
66,258,2,0.00018351991191044228
66,264,3,0.0002752798678656634
66,267,4,0.00036703982382088455
66,270,7,0.000642319691686548
66,273,2,0.00018351991191044228
66,276,8,0.0007340796476417691
66,279,2,0.00018351991191044228
66,282,1,9.175995595522114e-05
66,285,3,0.0002752798678656634
66,288,20,0.0018351991191044228
66,294,2,0.00018351991191044228
66,297,4,0.00036703982382088455
66,300,18,0.0016516792071939806
66,303,1,9.175995595522114e-05
66,306,1,9.175995595522114e-05
66,309,2,0.00018351991191044228
66,312,10,0.0009175995595522114
66,318,1,9.175995595522114e-05
66,321,2,0.00018351991191044228
66,324,5,0.0004587997797761057
66,327,2,0.00018351991191044228
66,333,1,9.175995595522114e-05
66,336,3,0.0002752798678656634
66,339,3,0.0002752798678656634
66,342,3,0.0002752798678656634
66,345,2,0.00018351991191044228
66,348,3,0.0002752798678656634
66,351,1,9.175995595522114e-05
66,357,1,9.175995595522114e-05
66,360,7,0.000642319691686548
66,363,1,9.175995595522114e-05
66,366,1,9.175995595522114e-05
66,372,12,0.0011011194714626537
66,384,5,0.0004587997797761057
66,387,1,9.175995595522114e-05
66,393,3,0.0002752798678656634
66,396,2,0.00018351991191044228
66,399,1,9.175995595522114e-05
66,408,3,0.0002752798678656634
66,411,1,9.175995595522114e-05
66,414,4,0.00036703982382088455
66,420,3,0.0002752798678656634
66,426,1,9.175995595522114e-05
66,429,1,9.175995595522114e-05
66,432,2,0.00018351991191044228
66,444,1,9.175995595522114e-05
66,462,1,9.175995595522114e-05
66,465,1,9.175995595522114e-05
66,468,3,0.0002752798678656634
66,471,1,9.175995595522114e-05
66,474,1,9.175995595522114e-05
66,477,2,0.00018351991191044228
66,480,2,0.00018351991191044228
66,489,1,9.175995595522114e-05
66,495,1,9.175995595522114e-05
66,504,4,0.00036703982382088455
66,507,1,9.175995595522114e-05
66,516,1,9.175995595522114e-05
66,522,1,9.175995595522114e-05
66,525,1,9.175995595522114e-05
66,531,1,9.175995595522114e-05
66,540,3,0.0002752798678656634
66,543,2,0.00018351991191044228
66,549,1,9.175995595522114e-05
66,552,2,0.00018351991191044228
66,555,1,9.175995595522114e-05
66,561,1,9.175995595522114e-05
66,564,4,0.00036703982382088455
66,570,1,9.175995595522114e-05
66,573,1,9.175995595522114e-05
66,576,5,0.0004587997797761057
66,579,1,9.175995595522114e-05
66,582,1,9.175995595522114e-05
66,585,1,9.175995595522114e-05
66,588,1,9.175995595522114e-05
66,591,1,9.175995595522114e-05
66,594,1,9.175995595522114e-05
66,597,1,9.175995595522114e-05
66,600,1,9.175995595522114e-05
66,603,1,9.175995595522114e-05
66,609,1,9.175995595522114e-05
66,612,1,9.175995595522114e-05
66,615,2,0.00018351991191044228
66,636,2,0.00018351991191044228
66,639,1,9.175995595522114e-05
66,648,1,9.175995595522114e-05
66,654,1,9.175995595522114e-05
66,657,1,9.175995595522114e-05
66,669,1,9.175995595522114e-05
66,684,3,0.0002752798678656634
66,687,1,9.175995595522114e-05
66,696,2,0.00018351991191044228
66,714,1,9.175995595522114e-05
66,726,1,9.175995595522114e-05
66,732,3,0.0002752798678656634
66,735,3,0.0002752798678656634
66,744,2,0.00018351991191044228
66,756,1,9.175995595522114e-05
66,759,1,9.175995595522114e-05
66,768,1,9.175995595522114e-05
66,780,1,9.175995595522114e-05
66,801,1,9.175995595522114e-05
66,804,1,9.175995595522114e-05
66,828,1,9.175995595522114e-05
66,831,1,9.175995595522114e-05
66,840,1,9.175995595522114e-05
66,855,1,9.175995595522114e-05
66,870,1,9.175995595522114e-05
66,933,1,9.175995595522114e-05
66,1008,1,9.175995595522114e-05
66,1092,1,9.175995595522114e-05
66,1104,1,9.175995595522114e-05
66,1224,1,9.175995595522114e-05
66,1272,1,9.175995595522114e-05
69,174,1,9.175995595522114e-05
69,186,2,0.00018351991191044228
69,201,3,0.0002752798678656634
69,204,3,0.0002752798678656634
69,207,4,0.00036703982382088455
69,210,3,0.0002752798678656634
69,213,4,0.00036703982382088455
69,216,4,0.00036703982382088455
69,219,4,0.00036703982382088455
69,222,5,0.0004587997797761057
69,225,5,0.0004587997797761057
69,228,6,0.0005505597357313268
69,231,1,9.175995595522114e-05
69,234,1,9.175995595522114e-05
69,237,3,0.0002752798678656634
69,240,1,9.175995595522114e-05
69,243,2,0.00018351991191044228
69,246,1,9.175995595522114e-05
69,252,2,0.00018351991191044228
69,255,3,0.0002752798678656634
69,258,5,0.0004587997797761057
69,261,3,0.0002752798678656634
69,264,2,0.00018351991191044228
69,267,4,0.00036703982382088455
69,270,3,0.0002752798678656634
69,273,1,9.175995595522114e-05
69,276,3,0.0002752798678656634
69,279,7,0.000642319691686548
69,282,6,0.0005505597357313268
69,288,3,0.0002752798678656634
69,291,12,0.0011011194714626537
69,297,5,0.0004587997797761057
69,300,2,0.00018351991191044228
69,303,18,0.0016516792071939806
69,306,1,9.175995595522114e-05
69,309,1,9.175995595522114e-05
69,312,2,0.00018351991191044228
69,315,19,0.0017434391631492017
69,318,1,9.175995595522114e-05
69,321,2,0.00018351991191044228
69,324,3,0.0002752798678656634
69,327,7,0.000642319691686548
69,330,1,9.175995595522114e-05
69,333,1,9.175995595522114e-05
69,339,4,0.00036703982382088455
69,342,4,0.00036703982382088455
69,345,1,9.175995595522114e-05
69,351,5,0.0004587997797761057
69,354,1,9.175995595522114e-05
69,357,2,0.00018351991191044228
69,360,1,9.175995595522114e-05
69,363,5,0.0004587997797761057
69,366,1,9.175995595522114e-05
69,369,1,9.175995595522114e-05
69,375,3,0.0002752798678656634
69,378,1,9.175995595522114e-05
69,384,2,0.00018351991191044228
69,387,7,0.000642319691686548
69,390,1,9.175995595522114e-05
69,393,1,9.175995595522114e-05
69,396,1,9.175995595522114e-05
69,399,3,0.0002752798678656634
69,402,1,9.175995595522114e-05
69,411,5,0.0004587997797761057
69,417,1,9.175995595522114e-05
69,420,2,0.00018351991191044228
69,423,3,0.0002752798678656634
69,426,1,9.175995595522114e-05
69,429,1,9.175995595522114e-05
69,435,3,0.0002752798678656634
69,438,2,0.00018351991191044228
69,441,2,0.00018351991191044228
69,450,2,0.00018351991191044228
69,459,4,0.00036703982382088455
69,462,2,0.00018351991191044228
69,465,2,0.00018351991191044228
69,471,1,9.175995595522114e-05
69,477,1,9.175995595522114e-05
69,483,3,0.0002752798678656634
69,489,1,9.175995595522114e-05
69,495,4,0.00036703982382088455
69,498,3,0.0002752798678656634
69,504,1,9.175995595522114e-05
69,507,2,0.00018351991191044228
69,510,1,9.175995595522114e-05
69,516,4,0.00036703982382088455
69,519,7,0.000642319691686548
69,522,1,9.175995595522114e-05
69,531,2,0.00018351991191044228
69,537,2,0.00018351991191044228
69,540,2,0.00018351991191044228
69,543,3,0.0002752798678656634
69,549,1,9.175995595522114e-05
69,555,1,9.175995595522114e-05
69,558,1,9.175995595522114e-05
69,564,1,9.175995595522114e-05
69,567,3,0.0002752798678656634
69,573,1,9.175995595522114e-05
69,576,1,9.175995595522114e-05
69,579,2,0.00018351991191044228
69,588,1,9.175995595522114e-05
69,591,4,0.00036703982382088455
69,594,1,9.175995595522114e-05
69,600,1,9.175995595522114e-05
69,603,3,0.0002752798678656634
69,606,1,9.175995595522114e-05
69,618,1,9.175995595522114e-05
69,624,1,9.175995595522114e-05
69,630,1,9.175995595522114e-05
69,636,2,0.00018351991191044228
69,639,1,9.175995595522114e-05
69,645,3,0.0002752798678656634
69,651,2,0.00018351991191044228
69,660,1,9.175995595522114e-05
69,675,5,0.0004587997797761057
69,681,1,9.175995595522114e-05
69,684,1,9.175995595522114e-05
69,693,2,0.00018351991191044228
69,696,1,9.175995595522114e-05
69,699,1,9.175995595522114e-05
69,708,2,0.00018351991191044228
69,711,1,9.175995595522114e-05
69,714,1,9.175995595522114e-05
69,720,1,9.175995595522114e-05
69,723,2,0.00018351991191044228
69,726,2,0.00018351991191044228
69,729,1,9.175995595522114e-05
69,738,3,0.0002752798678656634
69,747,2,0.00018351991191044228
69,753,1,9.175995595522114e-05
69,759,1,9.175995595522114e-05
69,768,2,0.00018351991191044228
69,780,1,9.175995595522114e-05
69,807,2,0.00018351991191044228
69,816,1,9.175995595522114e-05
69,819,2,0.00018351991191044228
69,855,2,0.00018351991191044228
69,867,1,9.175995595522114e-05
69,882,1,9.175995595522114e-05
69,915,2,0.00018351991191044228
69,933,1,9.175995595522114e-05
69,939,1,9.175995595522114e-05
69,963,1,9.175995595522114e-05
69,975,1,9.175995595522114e-05
69,1017,1,9.175995595522114e-05
69,1059,1,9.175995595522114e-05
69,1086,1,9.175995595522114e-05
69,1167,1,9.175995595522114e-05
69,1203,1,9.175995595522114e-05
69,1254,1,9.175995595522114e-05
72,192,2,0.00018351991191044228
72,195,1,9.175995595522114e-05
72,198,1,9.175995595522114e-05
72,201,1,9.175995595522114e-05
72,207,1,9.175995595522114e-05
72,213,5,0.0004587997797761057
72,216,1,9.175995595522114e-05
72,219,2,0.00018351991191044228
72,222,2,0.00018351991191044228
72,225,2,0.00018351991191044228
72,228,6,0.0005505597357313268
72,231,5,0.0004587997797761057
72,234,3,0.0002752798678656634
72,237,3,0.0002752798678656634
72,240,4,0.00036703982382088455
72,243,2,0.00018351991191044228
72,246,2,0.00018351991191044228
72,249,2,0.00018351991191044228
72,252,2,0.00018351991191044228
72,255,1,9.175995595522114e-05
72,258,6,0.0005505597357313268
72,261,1,9.175995595522114e-05
72,264,3,0.0002752798678656634
72,267,1,9.175995595522114e-05
72,270,1,9.175995595522114e-05
72,273,1,9.175995595522114e-05
72,276,2,0.00018351991191044228
72,279,7,0.000642319691686548
72,282,4,0.00036703982382088455
72,285,4,0.00036703982382088455
72,291,3,0.0002752798678656634
72,294,8,0.0007340796476417691
72,297,1,9.175995595522114e-05
72,300,4,0.00036703982382088455
72,303,4,0.00036703982382088455
72,306,11,0.0010093595155074326
72,309,1,9.175995595522114e-05
72,312,1,9.175995595522114e-05
72,315,2,0.00018351991191044228
72,318,14,0.001284639383373096
72,321,1,9.175995595522114e-05
72,330,14,0.001284639383373096
72,333,1,9.175995595522114e-05
72,339,1,9.175995595522114e-05
72,342,9,0.0008258396035969903
72,345,1,9.175995595522114e-05
72,348,1,9.175995595522114e-05
72,354,5,0.0004587997797761057
72,357,1,9.175995595522114e-05
72,360,2,0.00018351991191044228
72,363,2,0.00018351991191044228
72,366,3,0.0002752798678656634
72,369,1,9.175995595522114e-05
72,372,2,0.00018351991191044228
72,375,1,9.175995595522114e-05
72,378,12,0.0011011194714626537
72,381,1,9.175995595522114e-05
72,384,2,0.00018351991191044228
72,387,1,9.175995595522114e-05
72,390,4,0.00036703982382088455
72,393,2,0.00018351991191044228
72,396,3,0.0002752798678656634
72,399,1,9.175995595522114e-05
72,402,9,0.0008258396035969903
72,414,3,0.0002752798678656634
72,423,2,0.00018351991191044228
72,426,3,0.0002752798678656634
72,429,2,0.00018351991191044228
72,435,1,9.175995595522114e-05
72,444,2,0.00018351991191044228
72,450,3,0.0002752798678656634
72,456,1,9.175995595522114e-05
72,462,4,0.00036703982382088455
72,465,1,9.175995595522114e-05
72,468,1,9.175995595522114e-05
72,474,1,9.175995595522114e-05
72,480,1,9.175995595522114e-05
72,486,1,9.175995595522114e-05
72,498,2,0.00018351991191044228
72,504,2,0.00018351991191044228
72,507,2,0.00018351991191044228
72,510,8,0.0007340796476417691
72,513,1,9.175995595522114e-05
72,516,1,9.175995595522114e-05
72,522,3,0.0002752798678656634
72,525,1,9.175995595522114e-05
72,528,1,9.175995595522114e-05
72,531,1,9.175995595522114e-05
72,543,1,9.175995595522114e-05
72,546,3,0.0002752798678656634
72,549,1,9.175995595522114e-05
72,555,1,9.175995595522114e-05
72,558,3,0.0002752798678656634
72,567,1,9.175995595522114e-05
72,570,2,0.00018351991191044228
72,573,2,0.00018351991191044228
72,582,3,0.0002752798678656634
72,585,1,9.175995595522114e-05
72,594,2,0.00018351991191044228
72,600,1,9.175995595522114e-05
72,603,1,9.175995595522114e-05
72,618,3,0.0002752798678656634
72,624,1,9.175995595522114e-05
72,627,2,0.00018351991191044228
72,642,1,9.175995595522114e-05
72,645,1,9.175995595522114e-05
72,651,1,9.175995595522114e-05
72,654,3,0.0002752798678656634
72,657,2,0.00018351991191044228
72,663,1,9.175995595522114e-05
72,666,3,0.0002752798678656634
72,669,1,9.175995595522114e-05
72,678,4,0.00036703982382088455
72,690,1,9.175995595522114e-05
72,693,1,9.175995595522114e-05
72,696,1,9.175995595522114e-05
72,699,1,9.175995595522114e-05
72,702,1,9.175995595522114e-05
72,714,2,0.00018351991191044228
72,717,2,0.00018351991191044228
72,723,1,9.175995595522114e-05
72,726,3,0.0002752798678656634
72,729,2,0.00018351991191044228
72,738,1,9.175995595522114e-05
72,750,1,9.175995595522114e-05
72,762,1,9.175995595522114e-05
72,771,1,9.175995595522114e-05
72,786,2,0.00018351991191044228
72,807,1,9.175995595522114e-05
72,810,1,9.175995595522114e-05
72,816,2,0.00018351991191044228
72,822,1,9.175995595522114e-05
72,825,1,9.175995595522114e-05
72,831,1,9.175995595522114e-05
72,834,3,0.0002752798678656634
72,840,1,9.175995595522114e-05
72,846,2,0.00018351991191044228
72,870,2,0.00018351991191044228
72,873,1,9.175995595522114e-05
72,876,1,9.175995595522114e-05
72,879,3,0.0002752798678656634
72,894,1,9.175995595522114e-05
72,906,1,9.175995595522114e-05
72,924,1,9.175995595522114e-05
72,966,1,9.175995595522114e-05
75,186,1,9.175995595522114e-05
75,189,2,0.00018351991191044228
75,192,1,9.175995595522114e-05
75,201,2,0.00018351991191044228
75,210,1,9.175995595522114e-05
75,216,4,0.00036703982382088455
75,219,1,9.175995595522114e-05
75,222,2,0.00018351991191044228
75,225,2,0.00018351991191044228
75,228,2,0.00018351991191044228
75,231,1,9.175995595522114e-05
75,234,3,0.0002752798678656634
75,237,1,9.175995595522114e-05
75,240,4,0.00036703982382088455
75,243,4,0.00036703982382088455
75,246,2,0.00018351991191044228
75,249,3,0.0002752798678656634
75,252,4,0.00036703982382088455
75,255,3,0.0002752798678656634
75,261,2,0.00018351991191044228
75,267,3,0.0002752798678656634
75,273,2,0.00018351991191044228
75,279,2,0.00018351991191044228
75,282,4,0.00036703982382088455
75,285,6,0.0005505597357313268
75,291,4,0.00036703982382088455
75,294,4,0.00036703982382088455
75,297,4,0.00036703982382088455
75,300,5,0.0004587997797761057
75,303,2,0.00018351991191044228
75,306,2,0.00018351991191044228
75,309,10,0.0009175995595522114
75,312,1,9.175995595522114e-05
75,315,1,9.175995595522114e-05
75,318,2,0.00018351991191044228
75,321,17,0.0015599192512387595
75,324,1,9.175995595522114e-05
75,327,5,0.0004587997797761057
75,330,3,0.0002752798678656634
75,333,16,0.0014681592952835382
75,339,1,9.175995595522114e-05
75,342,2,0.00018351991191044228
75,345,12,0.0011011194714626537
75,348,2,0.00018351991191044228
75,351,2,0.00018351991191044228
75,357,6,0.0005505597357313268
75,360,1,9.175995595522114e-05
75,366,2,0.00018351991191044228
75,369,4,0.00036703982382088455
75,375,1,9.175995595522114e-05
75,378,1,9.175995595522114e-05
75,381,10,0.0009175995595522114
75,384,3,0.0002752798678656634
75,393,3,0.0002752798678656634
75,402,1,9.175995595522114e-05
75,405,7,0.000642319691686548
75,417,5,0.0004587997797761057
75,426,1,9.175995595522114e-05
75,429,3,0.0002752798678656634
75,432,1,9.175995595522114e-05
75,435,1,9.175995595522114e-05
75,438,1,9.175995595522114e-05
75,441,7,0.000642319691686548
75,444,2,0.00018351991191044228
75,447,2,0.00018351991191044228
75,450,3,0.0002752798678656634
75,453,5,0.0004587997797761057
75,459,1,9.175995595522114e-05
75,465,5,0.0004587997797761057
75,474,1,9.175995595522114e-05
75,477,3,0.0002752798678656634
75,486,2,0.00018351991191044228
75,489,2,0.00018351991191044228
75,492,1,9.175995595522114e-05
75,498,1,9.175995595522114e-05
75,501,3,0.0002752798678656634
75,504,3,0.0002752798678656634
75,507,1,9.175995595522114e-05
75,510,1,9.175995595522114e-05
75,522,1,9.175995595522114e-05
75,525,2,0.00018351991191044228
75,528,1,9.175995595522114e-05
75,534,2,0.00018351991191044228
75,537,3,0.0002752798678656634
75,540,1,9.175995595522114e-05
75,543,1,9.175995595522114e-05
75,546,3,0.0002752798678656634
75,549,1,9.175995595522114e-05
75,552,2,0.00018351991191044228
75,561,2,0.00018351991191044228
75,564,2,0.00018351991191044228
75,567,1,9.175995595522114e-05
75,573,1,9.175995595522114e-05
75,585,7,0.000642319691686548
75,588,1,9.175995595522114e-05
75,591,1,9.175995595522114e-05
75,594,1,9.175995595522114e-05
75,597,5,0.0004587997797761057
75,603,1,9.175995595522114e-05
75,606,1,9.175995595522114e-05
75,609,2,0.00018351991191044228
75,615,1,9.175995595522114e-05
75,621,2,0.00018351991191044228
75,630,1,9.175995595522114e-05
75,633,1,9.175995595522114e-05
75,645,2,0.00018351991191044228
75,651,1,9.175995595522114e-05
75,657,5,0.0004587997797761057
75,666,1,9.175995595522114e-05
75,669,2,0.00018351991191044228
75,672,1,9.175995595522114e-05
75,681,1,9.175995595522114e-05
75,684,1,9.175995595522114e-05
75,687,1,9.175995595522114e-05
75,693,1,9.175995595522114e-05
75,699,1,9.175995595522114e-05
75,708,1,9.175995595522114e-05
75,711,1,9.175995595522114e-05
75,717,1,9.175995595522114e-05
75,723,2,0.00018351991191044228
75,726,1,9.175995595522114e-05
75,729,2,0.00018351991191044228
75,732,2,0.00018351991191044228
75,750,2,0.00018351991191044228
75,753,1,9.175995595522114e-05
75,756,1,9.175995595522114e-05
75,765,1,9.175995595522114e-05
75,771,1,9.175995595522114e-05
75,792,1,9.175995595522114e-05
75,813,2,0.00018351991191044228
75,822,1,9.175995595522114e-05
75,849,3,0.0002752798678656634
75,858,2,0.00018351991191044228
75,873,4,0.00036703982382088455
75,885,3,0.0002752798678656634
75,906,1,9.175995595522114e-05
75,918,1,9.175995595522114e-05
75,927,1,9.175995595522114e-05
75,942,1,9.175995595522114e-05
75,969,2,0.00018351991191044228
75,990,1,9.175995595522114e-05
75,993,1,9.175995595522114e-05
75,996,1,9.175995595522114e-05
75,999,1,9.175995595522114e-05
75,1017,2,0.00018351991191044228
75,1029,2,0.00018351991191044228
75,1050,1,9.175995595522114e-05
75,1065,2,0.00018351991191044228
75,1197,1,9.175995595522114e-05
75,1365,1,9.175995595522114e-05
78,186,1,9.175995595522114e-05
78,201,1,9.175995595522114e-05
78,207,2,0.00018351991191044228
78,210,3,0.0002752798678656634
78,225,3,0.0002752798678656634
78,228,1,9.175995595522114e-05
78,234,2,0.00018351991191044228
78,237,3,0.0002752798678656634
78,243,1,9.175995595522114e-05
78,246,2,0.00018351991191044228
78,249,1,9.175995595522114e-05
78,252,3,0.0002752798678656634
78,255,4,0.00036703982382088455
78,258,5,0.0004587997797761057
78,261,3,0.0002752798678656634
78,264,2,0.00018351991191044228
78,267,2,0.00018351991191044228
78,273,5,0.0004587997797761057
78,276,1,9.175995595522114e-05
78,279,3,0.0002752798678656634
78,282,2,0.00018351991191044228
78,285,1,9.175995595522114e-05
78,288,3,0.0002752798678656634
78,291,4,0.00036703982382088455
78,297,2,0.00018351991191044228
78,300,2,0.00018351991191044228
78,303,3,0.0002752798678656634
78,306,2,0.00018351991191044228
78,309,6,0.0005505597357313268
78,312,4,0.00036703982382088455
78,324,4,0.00036703982382088455
78,327,2,0.00018351991191044228
78,330,3,0.0002752798678656634
78,336,10,0.0009175995595522114
78,339,3,0.0002752798678656634
78,342,1,9.175995595522114e-05
78,348,12,0.0011011194714626537
78,351,2,0.00018351991191044228
78,354,1,9.175995595522114e-05
78,360,11,0.0010093595155074326
78,363,1,9.175995595522114e-05
78,366,1,9.175995595522114e-05
78,372,8,0.0007340796476417691
78,375,2,0.00018351991191044228
78,378,1,9.175995595522114e-05
78,384,4,0.00036703982382088455
78,393,1,9.175995595522114e-05
78,396,4,0.00036703982382088455
78,402,1,9.175995595522114e-05
78,405,4,0.00036703982382088455
78,408,7,0.000642319691686548
78,414,2,0.00018351991191044228
78,417,2,0.00018351991191044228
78,420,1,9.175995595522114e-05
78,423,3,0.0002752798678656634
78,429,1,9.175995595522114e-05
78,432,3,0.0002752798678656634
78,435,2,0.00018351991191044228
78,441,1,9.175995595522114e-05
78,444,6,0.0005505597357313268
78,447,1,9.175995595522114e-05
78,456,2,0.00018351991191044228
78,459,1,9.175995595522114e-05
78,462,2,0.00018351991191044228
78,465,1,9.175995595522114e-05
78,468,1,9.175995595522114e-05
78,471,1,9.175995595522114e-05
78,477,2,0.00018351991191044228
78,480,4,0.00036703982382088455
78,483,1,9.175995595522114e-05
78,486,1,9.175995595522114e-05
78,492,2,0.00018351991191044228
78,495,2,0.00018351991191044228
78,498,1,9.175995595522114e-05
78,504,4,0.00036703982382088455
78,507,1,9.175995595522114e-05
78,513,1,9.175995595522114e-05
78,516,5,0.0004587997797761057
78,519,1,9.175995595522114e-05
78,528,3,0.0002752798678656634
78,540,2,0.00018351991191044228
78,546,1,9.175995595522114e-05
78,552,2,0.00018351991191044228
78,555,2,0.00018351991191044228
78,558,1,9.175995595522114e-05
78,564,5,0.0004587997797761057
78,567,1,9.175995595522114e-05
78,576,2,0.00018351991191044228
78,582,1,9.175995595522114e-05
78,588,3,0.0002752798678656634
78,594,3,0.0002752798678656634
78,600,1,9.175995595522114e-05
78,609,1,9.175995595522114e-05
78,612,1,9.175995595522114e-05
78,621,1,9.175995595522114e-05
78,624,1,9.175995595522114e-05
78,627,3,0.0002752798678656634
78,633,1,9.175995595522114e-05
78,639,1,9.175995595522114e-05
78,642,1,9.175995595522114e-05
78,648,1,9.175995595522114e-05
78,651,1,9.175995595522114e-05
78,654,1,9.175995595522114e-05
78,660,1,9.175995595522114e-05
78,663,1,9.175995595522114e-05
78,672,3,0.0002752798678656634
78,678,1,9.175995595522114e-05
78,684,1,9.175995595522114e-05
78,693,1,9.175995595522114e-05
78,696,1,9.175995595522114e-05
78,705,1,9.175995595522114e-05
78,711,1,9.175995595522114e-05
78,717,1,9.175995595522114e-05
78,720,1,9.175995595522114e-05
78,732,1,9.175995595522114e-05
78,744,2,0.00018351991191044228
78,762,1,9.175995595522114e-05
78,792,1,9.175995595522114e-05
78,795,1,9.175995595522114e-05
78,813,1,9.175995595522114e-05
78,828,1,9.175995595522114e-05
78,837,1,9.175995595522114e-05
78,852,1,9.175995595522114e-05
78,855,1,9.175995595522114e-05
78,876,2,0.00018351991191044228
78,879,1,9.175995595522114e-05
78,924,3,0.0002752798678656634
78,942,1,9.175995595522114e-05
78,984,1,9.175995595522114e-05
78,1008,3,0.0002752798678656634
78,1035,1,9.175995595522114e-05
78,1044,1,9.175995595522114e-05
78,1053,1,9.175995595522114e-05
78,1056,1,9.175995595522114e-05
78,1104,2,0.00018351991191044228
78,1128,1,9.175995595522114e-05
78,1164,2,0.00018351991191044228
78,1248,1,9.175995595522114e-05
81,201,1,9.175995595522114e-05
81,213,1,9.175995595522114e-05
81,219,1,9.175995595522114e-05
81,234,1,9.175995595522114e-05
81,240,1,9.175995595522114e-05
81,243,1,9.175995595522114e-05
81,252,1,9.175995595522114e-05
81,255,4,0.00036703982382088455
81,258,4,0.00036703982382088455
81,261,3,0.0002752798678656634
81,264,2,0.00018351991191044228
81,267,1,9.175995595522114e-05
81,270,3,0.0002752798678656634
81,273,2,0.00018351991191044228
81,276,2,0.00018351991191044228
81,279,9,0.0008258396035969903
81,282,3,0.0002752798678656634
81,285,4,0.00036703982382088455
81,291,1,9.175995595522114e-05
81,297,2,0.00018351991191044228
81,300,2,0.00018351991191044228
81,303,2,0.00018351991191044228
81,306,3,0.0002752798678656634
81,312,3,0.0002752798678656634
81,315,3,0.0002752798678656634
81,318,2,0.00018351991191044228
81,327,9,0.0008258396035969903
81,330,3,0.0002752798678656634
81,333,1,9.175995595522114e-05
81,336,1,9.175995595522114e-05
81,339,8,0.0007340796476417691
81,342,2,0.00018351991191044228
81,345,2,0.00018351991191044228
81,348,2,0.00018351991191044228
81,351,6,0.0005505597357313268
81,354,2,0.00018351991191044228
81,363,8,0.0007340796476417691
81,372,2,0.00018351991191044228
81,375,12,0.0011011194714626537
81,381,1,9.175995595522114e-05
81,384,1,9.175995595522114e-05
81,387,3,0.0002752798678656634
81,390,1,9.175995595522114e-05
81,396,3,0.0002752798678656634
81,399,3,0.0002752798678656634
81,408,2,0.00018351991191044228
81,411,2,0.00018351991191044228
81,414,3,0.0002752798678656634
81,423,2,0.00018351991191044228
81,432,1,9.175995595522114e-05
81,435,4,0.00036703982382088455
81,438,2,0.00018351991191044228
81,441,1,9.175995595522114e-05
81,444,4,0.00036703982382088455
81,447,1,9.175995595522114e-05
81,450,2,0.00018351991191044228
81,453,1,9.175995595522114e-05
81,456,1,9.175995595522114e-05
81,459,4,0.00036703982382088455
81,465,1,9.175995595522114e-05
81,468,1,9.175995595522114e-05
81,471,4,0.00036703982382088455
81,474,1,9.175995595522114e-05
81,477,2,0.00018351991191044228
81,480,1,9.175995595522114e-05
81,483,4,0.00036703982382088455
81,486,1,9.175995595522114e-05
81,495,4,0.00036703982382088455
81,498,1,9.175995595522114e-05
81,501,1,9.175995595522114e-05
81,504,2,0.00018351991191044228
81,507,7,0.000642319691686548
81,510,1,9.175995595522114e-05
81,519,1,9.175995595522114e-05
81,522,2,0.00018351991191044228
81,528,1,9.175995595522114e-05
81,531,5,0.0004587997797761057
81,534,2,0.00018351991191044228
81,543,1,9.175995595522114e-05
81,549,2,0.00018351991191044228
81,555,4,0.00036703982382088455
81,561,1,9.175995595522114e-05
81,567,4,0.00036703982382088455
81,576,1,9.175995595522114e-05
81,579,1,9.175995595522114e-05
81,582,1,9.175995595522114e-05
81,591,1,9.175995595522114e-05
81,594,1,9.175995595522114e-05
81,597,1,9.175995595522114e-05
81,603,4,0.00036703982382088455
81,609,1,9.175995595522114e-05
81,615,4,0.00036703982382088455
81,618,1,9.175995595522114e-05
81,627,2,0.00018351991191044228
81,630,1,9.175995595522114e-05
81,639,2,0.00018351991191044228
81,651,1,9.175995595522114e-05
81,654,1,9.175995595522114e-05
81,657,1,9.175995595522114e-05
81,663,1,9.175995595522114e-05
81,669,1,9.175995595522114e-05
81,672,1,9.175995595522114e-05
81,675,2,0.00018351991191044228
81,678,1,9.175995595522114e-05
81,684,1,9.175995595522114e-05
81,687,1,9.175995595522114e-05
81,708,1,9.175995595522114e-05
81,711,1,9.175995595522114e-05
81,714,1,9.175995595522114e-05
81,717,1,9.175995595522114e-05
81,720,1,9.175995595522114e-05
81,723,1,9.175995595522114e-05
81,729,1,9.175995595522114e-05
81,732,1,9.175995595522114e-05
81,759,1,9.175995595522114e-05
81,774,1,9.175995595522114e-05
81,777,1,9.175995595522114e-05
81,780,1,9.175995595522114e-05
81,786,1,9.175995595522114e-05
81,789,1,9.175995595522114e-05
81,795,1,9.175995595522114e-05
81,801,1,9.175995595522114e-05
81,807,1,9.175995595522114e-05
81,810,1,9.175995595522114e-05
81,849,1,9.175995595522114e-05
81,864,1,9.175995595522114e-05
81,885,1,9.175995595522114e-05
81,891,1,9.175995595522114e-05
81,927,1,9.175995595522114e-05
81,942,1,9.175995595522114e-05
81,993,1,9.175995595522114e-05
81,1074,1,9.175995595522114e-05
81,1080,1,9.175995595522114e-05
81,1167,1,9.175995595522114e-05
81,1203,1,9.175995595522114e-05
81,1299,1,9.175995595522114e-05
81,1455,1,9.175995595522114e-05
84,201,1,9.175995595522114e-05
84,207,1,9.175995595522114e-05
84,213,2,0.00018351991191044228
84,222,1,9.175995595522114e-05
84,225,1,9.175995595522114e-05
84,228,1,9.175995595522114e-05
84,231,2,0.00018351991191044228
84,243,2,0.00018351991191044228
84,246,2,0.00018351991191044228
84,249,1,9.175995595522114e-05
84,252,1,9.175995595522114e-05
84,258,1,9.175995595522114e-05
84,264,3,0.0002752798678656634
84,267,2,0.00018351991191044228
84,270,2,0.00018351991191044228
84,273,5,0.0004587997797761057
84,276,4,0.00036703982382088455
84,279,4,0.00036703982382088455
84,282,2,0.00018351991191044228
84,285,2,0.00018351991191044228
84,288,2,0.00018351991191044228
84,291,4,0.00036703982382088455
84,294,7,0.000642319691686548
84,297,2,0.00018351991191044228
84,300,3,0.0002752798678656634
84,303,1,9.175995595522114e-05
84,306,8,0.0007340796476417691
84,309,3,0.0002752798678656634
84,312,2,0.00018351991191044228
84,315,3,0.0002752798678656634
84,321,3,0.0002752798678656634
84,327,3,0.0002752798678656634
84,330,7,0.000642319691686548
84,336,2,0.00018351991191044228
84,339,2,0.00018351991191044228
84,342,10,0.0009175995595522114
84,345,5,0.0004587997797761057
84,348,2,0.00018351991191044228
84,351,2,0.00018351991191044228
84,354,11,0.0010093595155074326
84,357,1,9.175995595522114e-05
84,360,2,0.00018351991191044228
84,366,9,0.0008258396035969903
84,372,1,9.175995595522114e-05
84,375,1,9.175995595522114e-05
84,378,8,0.0007340796476417691
84,381,2,0.00018351991191044228
84,384,1,9.175995595522114e-05
84,387,1,9.175995595522114e-05
84,390,7,0.000642319691686548
84,399,2,0.00018351991191044228
84,402,4,0.00036703982382088455
84,405,1,9.175995595522114e-05
84,408,1,9.175995595522114e-05
84,414,10,0.0009175995595522114
84,417,1,9.175995595522114e-05
84,420,1,9.175995595522114e-05
84,426,6,0.0005505597357313268
84,429,1,9.175995595522114e-05
84,432,1,9.175995595522114e-05
84,438,2,0.00018351991191044228
84,441,2,0.00018351991191044228
84,447,1,9.175995595522114e-05
84,450,4,0.00036703982382088455
84,456,1,9.175995595522114e-05
84,462,2,0.00018351991191044228
84,465,2,0.00018351991191044228
84,474,2,0.00018351991191044228
84,477,2,0.00018351991191044228
84,480,1,9.175995595522114e-05
84,483,4,0.00036703982382088455
84,486,5,0.0004587997797761057
84,489,1,9.175995595522114e-05
84,498,8,0.0007340796476417691
84,501,2,0.00018351991191044228
84,504,1,9.175995595522114e-05
84,510,4,0.00036703982382088455
84,513,1,9.175995595522114e-05
84,519,2,0.00018351991191044228
84,522,2,0.00018351991191044228
84,525,2,0.00018351991191044228
84,528,2,0.00018351991191044228
84,531,1,9.175995595522114e-05
84,534,2,0.00018351991191044228
84,540,2,0.00018351991191044228
84,546,1,9.175995595522114e-05
84,549,1,9.175995595522114e-05
84,552,1,9.175995595522114e-05
84,555,1,9.175995595522114e-05
84,558,3,0.0002752798678656634
84,561,1,9.175995595522114e-05
84,567,1,9.175995595522114e-05
84,570,3,0.0002752798678656634
84,576,2,0.00018351991191044228
84,579,1,9.175995595522114e-05
84,582,3,0.0002752798678656634
84,585,2,0.00018351991191044228
84,588,1,9.175995595522114e-05
84,591,1,9.175995595522114e-05
84,594,2,0.00018351991191044228
84,597,1,9.175995595522114e-05
84,606,3,0.0002752798678656634
84,615,1,9.175995595522114e-05
84,618,2,0.00018351991191044228
84,627,1,9.175995595522114e-05
84,630,1,9.175995595522114e-05
84,639,1,9.175995595522114e-05
84,645,1,9.175995595522114e-05
84,654,4,0.00036703982382088455
84,657,1,9.175995595522114e-05
84,666,3,0.0002752798678656634
84,678,2,0.00018351991191044228
84,690,3,0.0002752798678656634
84,696,1,9.175995595522114e-05
84,699,1,9.175995595522114e-05
84,711,1,9.175995595522114e-05
84,717,1,9.175995595522114e-05
84,723,1,9.175995595522114e-05
84,732,1,9.175995595522114e-05
84,738,1,9.175995595522114e-05
84,753,1,9.175995595522114e-05
84,762,1,9.175995595522114e-05
84,765,1,9.175995595522114e-05
84,774,1,9.175995595522114e-05
84,777,2,0.00018351991191044228
84,780,1,9.175995595522114e-05
84,798,1,9.175995595522114e-05
84,801,2,0.00018351991191044228
84,807,1,9.175995595522114e-05
84,822,1,9.175995595522114e-05
84,828,1,9.175995595522114e-05
84,834,1,9.175995595522114e-05
84,843,1,9.175995595522114e-05
84,885,1,9.175995595522114e-05
84,906,1,9.175995595522114e-05
84,915,1,9.175995595522114e-05
84,927,1,9.175995595522114e-05
84,930,1,9.175995595522114e-05
84,942,1,9.175995595522114e-05
84,951,2,0.00018351991191044228
84,960,1,9.175995595522114e-05
84,963,1,9.175995595522114e-05
84,969,1,9.175995595522114e-05
84,978,1,9.175995595522114e-05
84,987,1,9.175995595522114e-05
84,990,1,9.175995595522114e-05
84,996,2,0.00018351991191044228
84,1002,1,9.175995595522114e-05
84,1026,1,9.175995595522114e-05
84,1041,2,0.00018351991191044228
84,1062,1,9.175995595522114e-05
84,1086,1,9.175995595522114e-05
84,1134,1,9.175995595522114e-05
84,1170,1,9.175995595522114e-05
87,228,1,9.175995595522114e-05
87,231,1,9.175995595522114e-05
87,240,2,0.00018351991191044228
87,246,1,9.175995595522114e-05
87,249,1,9.175995595522114e-05
87,252,1,9.175995595522114e-05
87,255,2,0.00018351991191044228
87,264,1,9.175995595522114e-05
87,267,1,9.175995595522114e-05
87,270,4,0.00036703982382088455
87,273,7,0.000642319691686548
87,276,3,0.0002752798678656634
87,282,3,0.0002752798678656634
87,285,1,9.175995595522114e-05
87,288,1,9.175995595522114e-05
87,291,3,0.0002752798678656634
87,294,2,0.00018351991191044228
87,297,2,0.00018351991191044228
87,303,1,9.175995595522114e-05
87,309,5,0.0004587997797761057
87,312,2,0.00018351991191044228
87,315,2,0.00018351991191044228
87,318,1,9.175995595522114e-05
87,321,5,0.0004587997797761057
87,327,1,9.175995595522114e-05
87,330,1,9.175995595522114e-05
87,333,4,0.00036703982382088455
87,339,1,9.175995595522114e-05
87,342,2,0.00018351991191044228
87,348,1,9.175995595522114e-05
87,357,10,0.0009175995595522114
87,366,2,0.00018351991191044228
87,369,9,0.0008258396035969903
87,372,1,9.175995595522114e-05
87,375,1,9.175995595522114e-05
87,381,9,0.0008258396035969903
87,390,1,9.175995595522114e-05
87,393,7,0.000642319691686548
87,396,1,9.175995595522114e-05
87,405,10,0.0009175995595522114
87,408,1,9.175995595522114e-05
87,414,3,0.0002752798678656634
87,417,4,0.00036703982382088455
87,420,1,9.175995595522114e-05
87,423,1,9.175995595522114e-05
87,429,5,0.0004587997797761057
87,432,1,9.175995595522114e-05
87,438,4,0.00036703982382088455
87,441,3,0.0002752798678656634
87,447,1,9.175995595522114e-05
87,450,2,0.00018351991191044228
87,453,6,0.0005505597357313268
87,456,1,9.175995595522114e-05
87,474,1,9.175995595522114e-05
87,477,9,0.0008258396035969903
87,480,3,0.0002752798678656634
87,483,1,9.175995595522114e-05
87,489,4,0.00036703982382088455
87,492,2,0.00018351991191044228
87,495,1,9.175995595522114e-05
87,498,1,9.175995595522114e-05
87,501,2,0.00018351991191044228
87,504,1,9.175995595522114e-05
87,507,2,0.00018351991191044228
87,513,1,9.175995595522114e-05
87,519,1,9.175995595522114e-05
87,522,1,9.175995595522114e-05
87,525,4,0.00036703982382088455
87,528,1,9.175995595522114e-05
87,531,1,9.175995595522114e-05
87,537,1,9.175995595522114e-05
87,540,1,9.175995595522114e-05
87,543,1,9.175995595522114e-05
87,549,1,9.175995595522114e-05
87,552,2,0.00018351991191044228
87,555,1,9.175995595522114e-05
87,561,2,0.00018351991191044228
87,567,1,9.175995595522114e-05
87,570,1,9.175995595522114e-05
87,573,4,0.00036703982382088455
87,576,2,0.00018351991191044228
87,585,1,9.175995595522114e-05
87,588,1,9.175995595522114e-05
87,591,1,9.175995595522114e-05
87,594,1,9.175995595522114e-05
87,597,1,9.175995595522114e-05
87,600,1,9.175995595522114e-05
87,606,1,9.175995595522114e-05
87,609,2,0.00018351991191044228
87,621,1,9.175995595522114e-05
87,633,2,0.00018351991191044228
87,642,1,9.175995595522114e-05
87,645,4,0.00036703982382088455
87,648,1,9.175995595522114e-05
87,657,1,9.175995595522114e-05
87,666,1,9.175995595522114e-05
87,669,1,9.175995595522114e-05
87,681,1,9.175995595522114e-05
87,684,1,9.175995595522114e-05
87,693,1,9.175995595522114e-05
87,699,1,9.175995595522114e-05
87,705,1,9.175995595522114e-05
87,723,1,9.175995595522114e-05
87,744,1,9.175995595522114e-05
87,753,1,9.175995595522114e-05
87,771,1,9.175995595522114e-05
87,777,1,9.175995595522114e-05
87,813,1,9.175995595522114e-05
87,834,1,9.175995595522114e-05
87,849,1,9.175995595522114e-05
87,861,2,0.00018351991191044228
87,876,1,9.175995595522114e-05
87,882,2,0.00018351991191044228
87,891,1,9.175995595522114e-05
87,897,1,9.175995595522114e-05
87,903,1,9.175995595522114e-05
87,933,2,0.00018351991191044228
87,945,1,9.175995595522114e-05
87,951,1,9.175995595522114e-05
87,954,1,9.175995595522114e-05
87,999,1,9.175995595522114e-05
87,1005,1,9.175995595522114e-05
87,1041,1,9.175995595522114e-05
87,1044,1,9.175995595522114e-05
87,1116,1,9.175995595522114e-05
87,1239,1,9.175995595522114e-05
87,1287,1,9.175995595522114e-05
87,1293,1,9.175995595522114e-05
87,1320,1,9.175995595522114e-05
90,216,1,9.175995595522114e-05
90,228,1,9.175995595522114e-05
90,237,1,9.175995595522114e-05
90,240,2,0.00018351991191044228
90,249,2,0.00018351991191044228
90,252,2,0.00018351991191044228
90,255,5,0.0004587997797761057
90,264,1,9.175995595522114e-05
90,267,2,0.00018351991191044228
90,270,2,0.00018351991191044228
90,273,4,0.00036703982382088455
90,276,2,0.00018351991191044228
90,285,2,0.00018351991191044228
90,288,1,9.175995595522114e-05
90,291,1,9.175995595522114e-05
90,294,2,0.00018351991191044228
90,297,3,0.0002752798678656634
90,300,3,0.0002752798678656634
90,303,2,0.00018351991191044228
90,306,3,0.0002752798678656634
90,309,1,9.175995595522114e-05
90,312,6,0.0005505597357313268
90,318,4,0.00036703982382088455
90,324,6,0.0005505597357313268
90,327,2,0.00018351991191044228
90,330,2,0.00018351991191044228
90,336,7,0.000642319691686548
90,342,1,9.175995595522114e-05
90,348,3,0.0002752798678656634
90,354,1,9.175995595522114e-05
90,357,1,9.175995595522114e-05
90,360,2,0.00018351991191044228
90,363,3,0.0002752798678656634
90,366,2,0.00018351991191044228
90,369,4,0.00036703982382088455
90,372,3,0.0002752798678656634
90,375,2,0.00018351991191044228
90,381,3,0.0002752798678656634
90,384,7,0.000642319691686548
90,393,1,9.175995595522114e-05
90,396,3,0.0002752798678656634
90,399,2,0.00018351991191044228
90,405,1,9.175995595522114e-05
90,408,9,0.0008258396035969903
90,429,2,0.00018351991191044228
90,432,4,0.00036703982382088455
90,435,1,9.175995595522114e-05
90,441,3,0.0002752798678656634
90,444,3,0.0002752798678656634
90,447,1,9.175995595522114e-05
90,450,2,0.00018351991191044228
90,453,1,9.175995595522114e-05
90,456,4,0.00036703982382088455
90,459,1,9.175995595522114e-05
90,462,1,9.175995595522114e-05
90,465,2,0.00018351991191044228
90,468,3,0.0002752798678656634
90,471,1,9.175995595522114e-05
90,477,2,0.00018351991191044228
90,480,2,0.00018351991191044228
90,486,1,9.175995595522114e-05
90,492,5,0.0004587997797761057
90,501,2,0.00018351991191044228
90,504,4,0.00036703982382088455
90,507,1,9.175995595522114e-05
90,510,1,9.175995595522114e-05
90,513,2,0.00018351991191044228
90,516,2,0.00018351991191044228
90,519,1,9.175995595522114e-05
90,522,1,9.175995595522114e-05
90,528,3,0.0002752798678656634
90,537,1,9.175995595522114e-05
90,540,1,9.175995595522114e-05
90,543,1,9.175995595522114e-05
90,546,2,0.00018351991191044228
90,552,3,0.0002752798678656634
90,555,1,9.175995595522114e-05
90,564,4,0.00036703982382088455
90,570,1,9.175995595522114e-05
90,576,2,0.00018351991191044228
90,591,1,9.175995595522114e-05
90,615,1,9.175995595522114e-05
90,618,1,9.175995595522114e-05
90,624,3,0.0002752798678656634
90,639,1,9.175995595522114e-05
90,645,1,9.175995595522114e-05
90,648,1,9.175995595522114e-05
90,654,1,9.175995595522114e-05
90,660,4,0.00036703982382088455
90,672,1,9.175995595522114e-05
90,681,1,9.175995595522114e-05
90,684,3,0.0002752798678656634
90,693,1,9.175995595522114e-05
90,696,1,9.175995595522114e-05
90,717,1,9.175995595522114e-05
90,723,1,9.175995595522114e-05
90,732,1,9.175995595522114e-05
90,747,1,9.175995595522114e-05
90,756,1,9.175995595522114e-05
90,759,1,9.175995595522114e-05
90,762,1,9.175995595522114e-05
90,765,1,9.175995595522114e-05
90,771,1,9.175995595522114e-05
90,777,2,0.00018351991191044228
90,786,1,9.175995595522114e-05
90,789,3,0.0002752798678656634
90,798,1,9.175995595522114e-05
90,801,2,0.00018351991191044228
90,804,2,0.00018351991191044228
90,807,1,9.175995595522114e-05
90,810,1,9.175995595522114e-05
90,822,1,9.175995595522114e-05
90,846,1,9.175995595522114e-05
90,861,1,9.175995595522114e-05
90,870,1,9.175995595522114e-05
90,873,1,9.175995595522114e-05
90,876,2,0.00018351991191044228
90,882,1,9.175995595522114e-05
90,912,1,9.175995595522114e-05
90,918,1,9.175995595522114e-05
90,933,2,0.00018351991191044228
90,984,2,0.00018351991191044228
90,1032,1,9.175995595522114e-05
90,1044,1,9.175995595522114e-05
90,1074,1,9.175995595522114e-05
90,1092,1,9.175995595522114e-05
90,1140,2,0.00018351991191044228
90,1143,1,9.175995595522114e-05
90,1176,1,9.175995595522114e-05
90,1248,2,0.00018351991191044228
90,1308,1,9.175995595522114e-05
90,1359,1,9.175995595522114e-05
90,1440,1,9.175995595522114e-05
93,228,1,9.175995595522114e-05
93,240,1,9.175995595522114e-05
93,252,1,9.175995595522114e-05
93,261,1,9.175995595522114e-05
93,267,1,9.175995595522114e-05
93,270,1,9.175995595522114e-05
93,273,1,9.175995595522114e-05
93,282,3,0.0002752798678656634
93,291,1,9.175995595522114e-05
93,297,1,9.175995595522114e-05
93,300,5,0.0004587997797761057
93,303,4,0.00036703982382088455
93,312,1,9.175995595522114e-05
93,315,1,9.175995595522114e-05
93,318,3,0.0002752798678656634
93,321,2,0.00018351991191044228
93,324,1,9.175995595522114e-05
93,327,2,0.00018351991191044228
93,330,2,0.00018351991191044228
93,333,2,0.00018351991191044228
93,336,2,0.00018351991191044228
93,339,5,0.0004587997797761057
93,345,5,0.0004587997797761057
93,351,5,0.0004587997797761057
93,360,2,0.00018351991191044228
93,363,5,0.0004587997797761057
93,366,2,0.00018351991191044228
93,369,3,0.0002752798678656634
93,372,1,9.175995595522114e-05
93,375,6,0.0005505597357313268
93,378,3,0.0002752798678656634
93,381,1,9.175995595522114e-05
93,384,1,9.175995595522114e-05
93,387,8,0.0007340796476417691
93,390,3,0.0002752798678656634
93,393,2,0.00018351991191044228
93,399,4,0.00036703982382088455
93,402,2,0.00018351991191044228
93,408,1,9.175995595522114e-05
93,411,13,0.0011928794274178747
93,417,1,9.175995595522114e-05
93,420,1,9.175995595522114e-05
93,423,5,0.0004587997797761057
93,426,2,0.00018351991191044228
93,429,1,9.175995595522114e-05
93,432,4,0.00036703982382088455
93,435,5,0.0004587997797761057
93,438,1,9.175995595522114e-05
93,441,3,0.0002752798678656634
93,444,1,9.175995595522114e-05
93,447,4,0.00036703982382088455
93,450,2,0.00018351991191044228
93,453,2,0.00018351991191044228
93,456,1,9.175995595522114e-05
93,459,5,0.0004587997797761057
93,462,1,9.175995595522114e-05
93,465,2,0.00018351991191044228
93,468,2,0.00018351991191044228
93,477,5,0.0004587997797761057
93,483,2,0.00018351991191044228
93,486,1,9.175995595522114e-05
93,495,2,0.00018351991191044228
93,504,1,9.175995595522114e-05
93,507,1,9.175995595522114e-05
93,510,1,9.175995595522114e-05
93,519,3,0.0002752798678656634
93,522,1,9.175995595522114e-05
93,525,1,9.175995595522114e-05
93,528,1,9.175995595522114e-05
93,531,4,0.00036703982382088455
93,543,4,0.00036703982382088455
93,549,1,9.175995595522114e-05
93,552,2,0.00018351991191044228
93,555,1,9.175995595522114e-05
93,564,2,0.00018351991191044228
93,567,2,0.00018351991191044228
93,576,1,9.175995595522114e-05
93,588,1,9.175995595522114e-05
93,591,1,9.175995595522114e-05
93,603,1,9.175995595522114e-05
93,615,1,9.175995595522114e-05
93,627,1,9.175995595522114e-05
93,639,1,9.175995595522114e-05
93,651,1,9.175995595522114e-05
93,663,2,0.00018351991191044228
93,669,2,0.00018351991191044228
93,675,1,9.175995595522114e-05
93,687,1,9.175995595522114e-05
93,690,1,9.175995595522114e-05
93,699,4,0.00036703982382088455
93,723,1,9.175995595522114e-05
93,729,1,9.175995595522114e-05
93,735,1,9.175995595522114e-05
93,738,1,9.175995595522114e-05
93,741,1,9.175995595522114e-05
93,750,1,9.175995595522114e-05
93,753,1,9.175995595522114e-05
93,756,1,9.175995595522114e-05
93,759,1,9.175995595522114e-05
93,777,1,9.175995595522114e-05
93,780,1,9.175995595522114e-05
93,789,2,0.00018351991191044228
93,792,2,0.00018351991191044228
93,804,1,9.175995595522114e-05
93,807,1,9.175995595522114e-05
93,810,1,9.175995595522114e-05
93,813,1,9.175995595522114e-05
93,852,1,9.175995595522114e-05
93,891,3,0.0002752798678656634
93,939,1,9.175995595522114e-05
93,945,1,9.175995595522114e-05
93,978,1,9.175995595522114e-05
93,987,1,9.175995595522114e-05
93,1002,1,9.175995595522114e-05
93,1038,1,9.175995595522114e-05
93,1044,1,9.175995595522114e-05
93,1056,1,9.175995595522114e-05
93,1065,1,9.175995595522114e-05
93,1080,1,9.175995595522114e-05
93,1083,1,9.175995595522114e-05
93,1191,1,9.175995595522114e-05
93,1221,1,9.175995595522114e-05
93,1311,1,9.175995595522114e-05
93,1323,1,9.175995595522114e-05
93,1347,1,9.175995595522114e-05
93,1365,1,9.175995595522114e-05
93,1443,1,9.175995595522114e-05
93,1491,1,9.175995595522114e-05
96,243,1,9.175995595522114e-05
96,246,1,9.175995595522114e-05
96,255,2,0.00018351991191044228
96,258,1,9.175995595522114e-05
96,261,2,0.00018351991191044228
96,264,2,0.00018351991191044228
96,267,2,0.00018351991191044228
96,273,1,9.175995595522114e-05
96,282,2,0.00018351991191044228
96,285,2,0.00018351991191044228
96,288,1,9.175995595522114e-05
96,291,1,9.175995595522114e-05
96,294,1,9.175995595522114e-05
96,297,1,9.175995595522114e-05
96,300,1,9.175995595522114e-05
96,303,1,9.175995595522114e-05
96,306,2,0.00018351991191044228
96,309,2,0.00018351991191044228
96,312,3,0.0002752798678656634
96,315,3,0.0002752798678656634
96,318,1,9.175995595522114e-05
96,321,3,0.0002752798678656634
96,324,1,9.175995595522114e-05
96,330,1,9.175995595522114e-05
96,336,4,0.00036703982382088455
96,339,3,0.0002752798678656634
96,342,2,0.00018351991191044228
96,348,1,9.175995595522114e-05
96,351,2,0.00018351991191044228
96,354,5,0.0004587997797761057
96,357,1,9.175995595522114e-05
96,366,2,0.00018351991191044228
96,369,1,9.175995595522114e-05
96,372,2,0.00018351991191044228
96,375,2,0.00018351991191044228
96,378,3,0.0002752798678656634
96,384,2,0.00018351991191044228
96,387,3,0.0002752798678656634
96,390,3,0.0002752798678656634
96,393,2,0.00018351991191044228
96,399,1,9.175995595522114e-05
96,402,3,0.0002752798678656634
96,405,1,9.175995595522114e-05
96,411,1,9.175995595522114e-05
96,414,1,9.175995595522114e-05
96,417,1,9.175995595522114e-05
96,420,1,9.175995595522114e-05
96,423,1,9.175995595522114e-05
96,426,8,0.0007340796476417691
96,432,1,9.175995595522114e-05
96,435,1,9.175995595522114e-05
96,438,3,0.0002752798678656634
96,441,3,0.0002752798678656634
96,444,1,9.175995595522114e-05
96,447,2,0.00018351991191044228
96,450,4,0.00036703982382088455
96,456,1,9.175995595522114e-05
96,462,1,9.175995595522114e-05
96,465,1,9.175995595522114e-05
96,471,4,0.00036703982382088455
96,474,2,0.00018351991191044228
96,477,2,0.00018351991191044228
96,486,2,0.00018351991191044228
96,492,3,0.0002752798678656634
96,498,3,0.0002752798678656634
96,504,1,9.175995595522114e-05
96,510,2,0.00018351991191044228
96,513,1,9.175995595522114e-05
96,519,1,9.175995595522114e-05
96,522,1,9.175995595522114e-05
96,525,1,9.175995595522114e-05
96,528,3,0.0002752798678656634
96,534,1,9.175995595522114e-05
96,537,1,9.175995595522114e-05
96,540,1,9.175995595522114e-05
96,558,3,0.0002752798678656634
96,561,1,9.175995595522114e-05
96,570,4,0.00036703982382088455
96,573,3,0.0002752798678656634
96,576,1,9.175995595522114e-05
96,582,1,9.175995595522114e-05
96,591,2,0.00018351991191044228
96,594,1,9.175995595522114e-05
96,603,2,0.00018351991191044228
96,606,1,9.175995595522114e-05
96,609,1,9.175995595522114e-05
96,612,1,9.175995595522114e-05
96,618,1,9.175995595522114e-05
96,630,3,0.0002752798678656634
96,633,1,9.175995595522114e-05
96,672,1,9.175995595522114e-05
96,675,1,9.175995595522114e-05
96,678,2,0.00018351991191044228
96,687,1,9.175995595522114e-05
96,711,1,9.175995595522114e-05
96,726,1,9.175995595522114e-05
96,759,1,9.175995595522114e-05
96,771,1,9.175995595522114e-05
96,795,1,9.175995595522114e-05
96,798,1,9.175995595522114e-05
96,843,1,9.175995595522114e-05
96,855,1,9.175995595522114e-05
96,861,1,9.175995595522114e-05
96,864,1,9.175995595522114e-05
96,867,2,0.00018351991191044228
96,882,1,9.175995595522114e-05
96,888,1,9.175995595522114e-05
96,924,1,9.175995595522114e-05
96,930,1,9.175995595522114e-05
96,954,1,9.175995595522114e-05
96,957,1,9.175995595522114e-05
96,966,1,9.175995595522114e-05
96,1023,1,9.175995595522114e-05
96,1071,1,9.175995595522114e-05
96,1077,1,9.175995595522114e-05
96,1110,1,9.175995595522114e-05
96,1113,1,9.175995595522114e-05
96,1188,1,9.175995595522114e-05
96,1233,1,9.175995595522114e-05
96,1269,1,9.175995595522114e-05
96,1443,1,9.175995595522114e-05
99,216,1,9.175995595522114e-05
99,222,1,9.175995595522114e-05
99,243,1,9.175995595522114e-05
99,249,1,9.175995595522114e-05
99,258,1,9.175995595522114e-05
99,261,1,9.175995595522114e-05
99,267,1,9.175995595522114e-05
99,273,2,0.00018351991191044228
99,276,1,9.175995595522114e-05
99,282,1,9.175995595522114e-05
99,291,1,9.175995595522114e-05
99,294,1,9.175995595522114e-05
99,297,3,0.0002752798678656634
99,306,1,9.175995595522114e-05
99,309,1,9.175995595522114e-05
99,312,1,9.175995595522114e-05
99,321,2,0.00018351991191044228
99,324,2,0.00018351991191044228
99,327,1,9.175995595522114e-05
99,330,2,0.00018351991191044228
99,333,1,9.175995595522114e-05
99,336,5,0.0004587997797761057
99,342,1,9.175995595522114e-05
99,345,4,0.00036703982382088455
99,348,1,9.175995595522114e-05
99,351,2,0.00018351991191044228
99,354,2,0.00018351991191044228
99,357,4,0.00036703982382088455
99,363,1,9.175995595522114e-05
99,369,5,0.0004587997797761057
99,372,1,9.175995595522114e-05
99,381,4,0.00036703982382088455
99,390,1,9.175995595522114e-05
99,393,3,0.0002752798678656634
99,396,1,9.175995595522114e-05
99,399,3,0.0002752798678656634
99,405,3,0.0002752798678656634
99,408,1,9.175995595522114e-05
99,411,2,0.00018351991191044228
99,417,3,0.0002752798678656634
99,420,2,0.00018351991191044228
99,426,1,9.175995595522114e-05
99,429,8,0.0007340796476417691
99,435,2,0.00018351991191044228
99,438,2,0.00018351991191044228
99,441,4,0.00036703982382088455
99,450,1,9.175995595522114e-05
99,453,3,0.0002752798678656634
99,459,1,9.175995595522114e-05
99,465,2,0.00018351991191044228
99,468,1,9.175995595522114e-05
99,471,1,9.175995595522114e-05
99,474,1,9.175995595522114e-05
99,477,3,0.0002752798678656634
99,480,1,9.175995595522114e-05
99,483,2,0.00018351991191044228
99,486,1,9.175995595522114e-05
99,498,6,0.0005505597357313268
99,501,1,9.175995595522114e-05
99,510,1,9.175995595522114e-05
99,513,2,0.00018351991191044228
99,519,1,9.175995595522114e-05
99,528,1,9.175995595522114e-05
99,531,1,9.175995595522114e-05
99,537,1,9.175995595522114e-05
99,546,2,0.00018351991191044228
99,549,2,0.00018351991191044228
99,558,1,9.175995595522114e-05
99,561,1,9.175995595522114e-05
99,567,1,9.175995595522114e-05
99,573,5,0.0004587997797761057
99,576,2,0.00018351991191044228
99,582,1,9.175995595522114e-05
99,585,3,0.0002752798678656634
99,597,2,0.00018351991191044228
99,609,1,9.175995595522114e-05
99,612,2,0.00018351991191044228
99,621,3,0.0002752798678656634
99,633,2,0.00018351991191044228
99,645,3,0.0002752798678656634
99,648,1,9.175995595522114e-05
99,657,1,9.175995595522114e-05
99,675,1,9.175995595522114e-05
99,693,1,9.175995595522114e-05
99,696,1,9.175995595522114e-05
99,702,1,9.175995595522114e-05
99,720,2,0.00018351991191044228
99,738,1,9.175995595522114e-05
99,750,1,9.175995595522114e-05
99,753,1,9.175995595522114e-05
99,777,1,9.175995595522114e-05
99,822,1,9.175995595522114e-05
99,828,1,9.175995595522114e-05
99,861,2,0.00018351991191044228
99,879,1,9.175995595522114e-05
99,891,1,9.175995595522114e-05
99,897,1,9.175995595522114e-05
99,909,1,9.175995595522114e-05
99,915,1,9.175995595522114e-05
99,924,1,9.175995595522114e-05
99,972,1,9.175995595522114e-05
99,987,1,9.175995595522114e-05
99,1011,1,9.175995595522114e-05
99,1035,1,9.175995595522114e-05
99,1074,1,9.175995595522114e-05
99,1077,1,9.175995595522114e-05
99,1086,1,9.175995595522114e-05
99,1137,1,9.175995595522114e-05
99,1170,1,9.175995595522114e-05
99,1233,1,9.175995595522114e-05
99,1239,1,9.175995595522114e-05
99,1293,1,9.175995595522114e-05
99,1533,1,9.175995595522114e-05
102,243,1,9.175995595522114e-05
102,249,1,9.175995595522114e-05
102,252,2,0.00018351991191044228
102,276,1,9.175995595522114e-05
102,282,1,9.175995595522114e-05
102,294,1,9.175995595522114e-05
102,297,1,9.175995595522114e-05
102,300,2,0.00018351991191044228
102,303,1,9.175995595522114e-05
102,306,1,9.175995595522114e-05
102,309,1,9.175995595522114e-05
102,315,2,0.00018351991191044228
102,321,1,9.175995595522114e-05
102,324,1,9.175995595522114e-05
102,327,2,0.00018351991191044228
102,330,1,9.175995595522114e-05
102,333,1,9.175995595522114e-05
102,339,1,9.175995595522114e-05
102,342,2,0.00018351991191044228
102,348,2,0.00018351991191044228
102,351,2,0.00018351991191044228
102,357,3,0.0002752798678656634
102,360,1,9.175995595522114e-05
102,366,2,0.00018351991191044228
102,369,3,0.0002752798678656634
102,372,6,0.0005505597357313268
102,375,2,0.00018351991191044228
102,378,2,0.00018351991191044228
102,381,2,0.00018351991191044228
102,384,2,0.00018351991191044228
102,390,4,0.00036703982382088455
102,393,1,9.175995595522114e-05
102,396,2,0.00018351991191044228
102,402,2,0.00018351991191044228
102,405,1,9.175995595522114e-05
102,408,2,0.00018351991191044228
102,414,1,9.175995595522114e-05
102,420,3,0.0002752798678656634
102,423,3,0.0002752798678656634
102,426,1,9.175995595522114e-05
102,432,1,9.175995595522114e-05
102,438,1,9.175995595522114e-05
102,441,3,0.0002752798678656634
102,447,3,0.0002752798678656634
102,453,1,9.175995595522114e-05
102,456,4,0.00036703982382088455
102,465,1,9.175995595522114e-05
102,468,2,0.00018351991191044228
102,474,2,0.00018351991191044228
102,480,1,9.175995595522114e-05
102,483,2,0.00018351991191044228
102,486,2,0.00018351991191044228
102,489,2,0.00018351991191044228
102,492,5,0.0004587997797761057
102,504,2,0.00018351991191044228
102,516,3,0.0002752798678656634
102,519,1,9.175995595522114e-05
102,528,1,9.175995595522114e-05
102,531,2,0.00018351991191044228
102,534,1,9.175995595522114e-05
102,540,2,0.00018351991191044228
102,552,2,0.00018351991191044228
102,555,1,9.175995595522114e-05
102,558,1,9.175995595522114e-05
102,561,1,9.175995595522114e-05
102,564,2,0.00018351991191044228
102,567,1,9.175995595522114e-05
102,576,3,0.0002752798678656634
102,585,1,9.175995595522114e-05
102,588,3,0.0002752798678656634
102,609,1,9.175995595522114e-05
102,618,2,0.00018351991191044228
102,648,1,9.175995595522114e-05
102,651,1,9.175995595522114e-05
102,654,2,0.00018351991191044228
102,660,1,9.175995595522114e-05
102,684,1,9.175995595522114e-05
102,690,1,9.175995595522114e-05
102,696,2,0.00018351991191044228
102,699,1,9.175995595522114e-05
102,711,1,9.175995595522114e-05
102,720,3,0.0002752798678656634
102,732,2,0.00018351991191044228
102,741,1,9.175995595522114e-05
102,744,1,9.175995595522114e-05
102,747,1,9.175995595522114e-05
102,768,1,9.175995595522114e-05
102,798,1,9.175995595522114e-05
102,828,1,9.175995595522114e-05
102,846,1,9.175995595522114e-05
102,852,1,9.175995595522114e-05
102,858,1,9.175995595522114e-05
102,876,1,9.175995595522114e-05
102,891,1,9.175995595522114e-05
102,897,1,9.175995595522114e-05
102,906,1,9.175995595522114e-05
102,927,1,9.175995595522114e-05
102,945,1,9.175995595522114e-05
102,957,1,9.175995595522114e-05
102,960,1,9.175995595522114e-05
102,981,1,9.175995595522114e-05
102,984,1,9.175995595522114e-05
102,1017,1,9.175995595522114e-05
102,1050,1,9.175995595522114e-05
102,1059,1,9.175995595522114e-05
102,1116,1,9.175995595522114e-05
102,1128,1,9.175995595522114e-05
102,1143,1,9.175995595522114e-05
102,1164,1,9.175995595522114e-05
102,1227,1,9.175995595522114e-05
102,1236,1,9.175995595522114e-05
102,1332,1,9.175995595522114e-05
102,1344,1,9.175995595522114e-05
102,1404,1,9.175995595522114e-05
102,1545,1,9.175995595522114e-05
105,246,1,9.175995595522114e-05
105,276,2,0.00018351991191044228
105,279,1,9.175995595522114e-05
105,288,2,0.00018351991191044228
105,291,1,9.175995595522114e-05
105,297,1,9.175995595522114e-05
105,300,1,9.175995595522114e-05
105,303,3,0.0002752798678656634
105,306,1,9.175995595522114e-05
105,309,1,9.175995595522114e-05
105,312,1,9.175995595522114e-05
105,315,2,0.00018351991191044228
105,324,3,0.0002752798678656634
105,330,1,9.175995595522114e-05
105,336,1,9.175995595522114e-05
105,342,1,9.175995595522114e-05
105,345,1,9.175995595522114e-05
105,351,3,0.0002752798678656634
105,354,1,9.175995595522114e-05
105,357,1,9.175995595522114e-05
105,360,1,9.175995595522114e-05
105,363,3,0.0002752798678656634
105,372,1,9.175995595522114e-05
105,375,9,0.0008258396035969903
105,378,1,9.175995595522114e-05
105,384,3,0.0002752798678656634
105,387,5,0.0004587997797761057
105,390,1,9.175995595522114e-05
105,393,2,0.00018351991191044228
105,396,2,0.00018351991191044228
105,399,4,0.00036703982382088455
105,402,1,9.175995595522114e-05
105,405,1,9.175995595522114e-05
105,414,2,0.00018351991191044228
105,417,1,9.175995595522114e-05
105,423,1,9.175995595522114e-05
105,426,1,9.175995595522114e-05
105,429,1,9.175995595522114e-05
105,435,2,0.00018351991191044228
105,438,1,9.175995595522114e-05
105,444,1,9.175995595522114e-05
105,447,4,0.00036703982382088455
105,453,1,9.175995595522114e-05
105,459,5,0.0004587997797761057
105,465,1,9.175995595522114e-05
105,468,1,9.175995595522114e-05
105,471,3,0.0002752798678656634
105,474,1,9.175995595522114e-05
105,477,1,9.175995595522114e-05
105,483,2,0.00018351991191044228
105,486,1,9.175995595522114e-05
105,495,1,9.175995595522114e-05
105,504,1,9.175995595522114e-05
105,507,2,0.00018351991191044228
105,510,2,0.00018351991191044228
105,519,2,0.00018351991191044228
105,540,1,9.175995595522114e-05
105,543,1,9.175995595522114e-05
105,546,1,9.175995595522114e-05
105,552,1,9.175995595522114e-05
105,555,2,0.00018351991191044228
105,558,1,9.175995595522114e-05
105,567,3,0.0002752798678656634
105,573,1,9.175995595522114e-05
105,600,1,9.175995595522114e-05
105,615,2,0.00018351991191044228
105,621,1,9.175995595522114e-05
105,627,3,0.0002752798678656634
105,639,4,0.00036703982382088455
105,654,2,0.00018351991191044228
105,663,1,9.175995595522114e-05
105,678,1,9.175995595522114e-05
105,693,1,9.175995595522114e-05
105,699,1,9.175995595522114e-05
105,714,1,9.175995595522114e-05
105,723,1,9.175995595522114e-05
105,753,1,9.175995595522114e-05
105,759,1,9.175995595522114e-05
105,765,1,9.175995595522114e-05
105,771,1,9.175995595522114e-05
105,774,1,9.175995595522114e-05
105,798,1,9.175995595522114e-05
105,816,1,9.175995595522114e-05
105,858,1,9.175995595522114e-05
105,882,1,9.175995595522114e-05
105,900,2,0.00018351991191044228
105,903,1,9.175995595522114e-05
105,915,1,9.175995595522114e-05
105,936,1,9.175995595522114e-05
105,951,1,9.175995595522114e-05
105,981,1,9.175995595522114e-05
105,987,1,9.175995595522114e-05
105,993,1,9.175995595522114e-05
105,999,1,9.175995595522114e-05
105,1068,1,9.175995595522114e-05
105,1074,1,9.175995595522114e-05
105,1104,1,9.175995595522114e-05
105,1149,1,9.175995595522114e-05
105,1164,1,9.175995595522114e-05
105,1227,1,9.175995595522114e-05
105,1251,1,9.175995595522114e-05
105,1287,1,9.175995595522114e-05
105,1656,1,9.175995595522114e-05
108,234,1,9.175995595522114e-05
108,258,1,9.175995595522114e-05
108,270,2,0.00018351991191044228
108,276,1,9.175995595522114e-05
108,288,1,9.175995595522114e-05
108,291,1,9.175995595522114e-05
108,294,1,9.175995595522114e-05
108,297,1,9.175995595522114e-05
108,300,1,9.175995595522114e-05
108,303,1,9.175995595522114e-05
108,315,1,9.175995595522114e-05
108,318,1,9.175995595522114e-05
108,327,3,0.0002752798678656634
108,330,3,0.0002752798678656634
108,333,1,9.175995595522114e-05
108,336,2,0.00018351991191044228
108,342,2,0.00018351991191044228
108,345,1,9.175995595522114e-05
108,348,1,9.175995595522114e-05
108,354,1,9.175995595522114e-05
108,357,2,0.00018351991191044228
108,363,3,0.0002752798678656634
108,366,3,0.0002752798678656634
108,369,2,0.00018351991191044228
108,372,2,0.00018351991191044228
108,375,1,9.175995595522114e-05
108,378,2,0.00018351991191044228
108,381,1,9.175995595522114e-05
108,387,1,9.175995595522114e-05
108,390,3,0.0002752798678656634
108,393,1,9.175995595522114e-05
108,405,1,9.175995595522114e-05
108,408,1,9.175995595522114e-05
108,414,3,0.0002752798678656634
108,417,1,9.175995595522114e-05
108,423,2,0.00018351991191044228
108,426,3,0.0002752798678656634
108,432,1,9.175995595522114e-05
108,438,4,0.00036703982382088455
108,444,1,9.175995595522114e-05
108,447,1,9.175995595522114e-05
108,450,4,0.00036703982382088455
108,459,3,0.0002752798678656634
108,462,3,0.0002752798678656634
108,465,1,9.175995595522114e-05
108,468,2,0.00018351991191044228
108,471,1,9.175995595522114e-05
108,474,5,0.0004587997797761057
108,477,1,9.175995595522114e-05
108,480,2,0.00018351991191044228
108,483,1,9.175995595522114e-05
108,486,3,0.0002752798678656634
108,489,1,9.175995595522114e-05
108,492,1,9.175995595522114e-05
108,498,3,0.0002752798678656634
108,501,2,0.00018351991191044228
108,507,1,9.175995595522114e-05
108,510,3,0.0002752798678656634
108,516,1,9.175995595522114e-05
108,522,1,9.175995595522114e-05
108,534,4,0.00036703982382088455
108,537,2,0.00018351991191044228
108,543,1,9.175995595522114e-05
108,549,1,9.175995595522114e-05
108,555,1,9.175995595522114e-05
108,561,1,9.175995595522114e-05
108,564,1,9.175995595522114e-05
108,570,1,9.175995595522114e-05
108,573,1,9.175995595522114e-05
108,582,3,0.0002752798678656634
108,585,1,9.175995595522114e-05
108,591,1,9.175995595522114e-05
108,606,1,9.175995595522114e-05
108,654,1,9.175995595522114e-05
108,690,1,9.175995595522114e-05
108,693,1,9.175995595522114e-05
108,702,1,9.175995595522114e-05
108,705,1,9.175995595522114e-05
108,726,1,9.175995595522114e-05
108,744,1,9.175995595522114e-05
108,747,2,0.00018351991191044228
108,750,2,0.00018351991191044228
108,759,1,9.175995595522114e-05
108,762,1,9.175995595522114e-05
108,789,1,9.175995595522114e-05
108,801,1,9.175995595522114e-05
108,819,1,9.175995595522114e-05
108,828,1,9.175995595522114e-05
108,894,1,9.175995595522114e-05
108,900,1,9.175995595522114e-05
108,909,1,9.175995595522114e-05
108,930,1,9.175995595522114e-05
108,936,1,9.175995595522114e-05
108,942,1,9.175995595522114e-05
108,948,1,9.175995595522114e-05
108,963,1,9.175995595522114e-05
108,969,1,9.175995595522114e-05
108,972,2,0.00018351991191044228
108,990,1,9.175995595522114e-05
108,999,1,9.175995595522114e-05
108,1014,1,9.175995595522114e-05
108,1041,1,9.175995595522114e-05
108,1044,2,0.00018351991191044228
108,1053,1,9.175995595522114e-05
108,1095,1,9.175995595522114e-05
108,1107,1,9.175995595522114e-05
108,1119,1,9.175995595522114e-05
108,1149,1,9.175995595522114e-05
108,1152,1,9.175995595522114e-05
108,1188,1,9.175995595522114e-05
108,1230,1,9.175995595522114e-05
108,1266,1,9.175995595522114e-05
108,1377,1,9.175995595522114e-05
108,1482,1,9.175995595522114e-05
108,1629,1,9.175995595522114e-05
111,267,1,9.175995595522114e-05
111,279,1,9.175995595522114e-05
111,294,1,9.175995595522114e-05
111,300,1,9.175995595522114e-05
111,303,1,9.175995595522114e-05
111,306,2,0.00018351991191044228
111,312,1,9.175995595522114e-05
111,315,1,9.175995595522114e-05
111,318,2,0.00018351991191044228
111,324,1,9.175995595522114e-05
111,327,1,9.175995595522114e-05
111,333,1,9.175995595522114e-05
111,339,2,0.00018351991191044228
111,342,1,9.175995595522114e-05
111,348,1,9.175995595522114e-05
111,351,2,0.00018351991191044228
111,354,1,9.175995595522114e-05
111,357,1,9.175995595522114e-05
111,360,1,9.175995595522114e-05
111,363,1,9.175995595522114e-05
111,366,1,9.175995595522114e-05
111,369,1,9.175995595522114e-05
111,372,1,9.175995595522114e-05
111,375,2,0.00018351991191044228
111,378,1,9.175995595522114e-05
111,381,3,0.0002752798678656634
111,384,1,9.175995595522114e-05
111,390,2,0.00018351991191044228
111,393,4,0.00036703982382088455
111,396,1,9.175995595522114e-05
111,402,2,0.00018351991191044228
111,405,2,0.00018351991191044228
111,408,1,9.175995595522114e-05
111,411,4,0.00036703982382088455
111,414,3,0.0002752798678656634
111,417,3,0.0002752798678656634
111,420,1,9.175995595522114e-05
111,423,1,9.175995595522114e-05
111,426,1,9.175995595522114e-05
111,429,3,0.0002752798678656634
111,432,3,0.0002752798678656634
111,438,1,9.175995595522114e-05
111,441,4,0.00036703982382088455
111,444,2,0.00018351991191044228
111,447,1,9.175995595522114e-05
111,453,4,0.00036703982382088455
111,456,2,0.00018351991191044228
111,462,2,0.00018351991191044228
111,465,4,0.00036703982382088455
111,468,3,0.0002752798678656634
111,474,1,9.175995595522114e-05
111,477,3,0.0002752798678656634
111,480,1,9.175995595522114e-05
111,489,4,0.00036703982382088455
111,492,2,0.00018351991191044228
111,495,1,9.175995595522114e-05
111,498,1,9.175995595522114e-05
111,501,4,0.00036703982382088455
111,507,1,9.175995595522114e-05
111,510,2,0.00018351991191044228
111,513,3,0.0002752798678656634
111,519,1,9.175995595522114e-05
111,522,1,9.175995595522114e-05
111,525,2,0.00018351991191044228
111,534,1,9.175995595522114e-05
111,537,2,0.00018351991191044228
111,543,2,0.00018351991191044228
111,549,1,9.175995595522114e-05
111,552,1,9.175995595522114e-05
111,561,3,0.0002752798678656634
111,573,2,0.00018351991191044228
111,576,1,9.175995595522114e-05
111,579,1,9.175995595522114e-05
111,582,1,9.175995595522114e-05
111,588,1,9.175995595522114e-05
111,597,2,0.00018351991191044228
111,621,1,9.175995595522114e-05
111,624,1,9.175995595522114e-05
111,630,1,9.175995595522114e-05
111,633,1,9.175995595522114e-05
111,660,1,9.175995595522114e-05
111,663,1,9.175995595522114e-05
111,684,1,9.175995595522114e-05
111,690,1,9.175995595522114e-05
111,717,1,9.175995595522114e-05
111,771,1,9.175995595522114e-05
111,792,1,9.175995595522114e-05
111,843,1,9.175995595522114e-05
111,906,1,9.175995595522114e-05
111,915,2,0.00018351991191044228
111,942,1,9.175995595522114e-05
111,945,1,9.175995595522114e-05
111,960,1,9.175995595522114e-05
111,984,1,9.175995595522114e-05
111,987,1,9.175995595522114e-05
111,1017,1,9.175995595522114e-05
111,1026,1,9.175995595522114e-05
111,1068,1,9.175995595522114e-05
111,1080,1,9.175995595522114e-05
111,1131,1,9.175995595522114e-05
111,1179,1,9.175995595522114e-05
111,1185,1,9.175995595522114e-05
111,1233,1,9.175995595522114e-05
111,1263,1,9.175995595522114e-05
111,1650,1,9.175995595522114e-05
111,2064,1,9.175995595522114e-05
114,258,1,9.175995595522114e-05
114,273,1,9.175995595522114e-05
114,279,1,9.175995595522114e-05
114,297,1,9.175995595522114e-05
114,318,4,0.00036703982382088455
114,324,2,0.00018351991191044228
114,330,1,9.175995595522114e-05
114,333,1,9.175995595522114e-05
114,336,1,9.175995595522114e-05
114,339,1,9.175995595522114e-05
114,342,3,0.0002752798678656634
114,345,2,0.00018351991191044228
114,348,1,9.175995595522114e-05
114,351,2,0.00018351991191044228
114,354,1,9.175995595522114e-05
114,360,1,9.175995595522114e-05
114,369,2,0.00018351991191044228
114,378,2,0.00018351991191044228
114,381,2,0.00018351991191044228
114,390,1,9.175995595522114e-05
114,396,2,0.00018351991191044228
114,399,1,9.175995595522114e-05
114,405,1,9.175995595522114e-05
114,408,4,0.00036703982382088455
114,414,1,9.175995595522114e-05
114,420,5,0.0004587997797761057
114,423,1,9.175995595522114e-05
114,429,2,0.00018351991191044228
114,438,1,9.175995595522114e-05
114,441,3,0.0002752798678656634
114,453,1,9.175995595522114e-05
114,456,2,0.00018351991191044228
114,465,1,9.175995595522114e-05
114,468,2,0.00018351991191044228
114,480,2,0.00018351991191044228
114,483,1,9.175995595522114e-05
114,498,1,9.175995595522114e-05
114,504,2,0.00018351991191044228
114,510,2,0.00018351991191044228
114,522,1,9.175995595522114e-05
114,525,1,9.175995595522114e-05
114,531,1,9.175995595522114e-05
114,549,1,9.175995595522114e-05
114,561,1,9.175995595522114e-05
114,564,1,9.175995595522114e-05
114,567,1,9.175995595522114e-05
114,576,1,9.175995595522114e-05
114,582,1,9.175995595522114e-05
114,588,2,0.00018351991191044228
114,618,1,9.175995595522114e-05
114,621,1,9.175995595522114e-05
114,624,1,9.175995595522114e-05
114,648,2,0.00018351991191044228
114,672,1,9.175995595522114e-05
114,684,1,9.175995595522114e-05
114,708,1,9.175995595522114e-05
114,720,1,9.175995595522114e-05
114,738,1,9.175995595522114e-05
114,744,1,9.175995595522114e-05
114,780,1,9.175995595522114e-05
114,876,1,9.175995595522114e-05
114,891,1,9.175995595522114e-05
114,900,1,9.175995595522114e-05
114,909,1,9.175995595522114e-05
114,930,1,9.175995595522114e-05
114,933,1,9.175995595522114e-05
114,1008,1,9.175995595522114e-05
114,1026,1,9.175995595522114e-05
114,1059,1,9.175995595522114e-05
114,1074,1,9.175995595522114e-05
114,1092,1,9.175995595522114e-05
114,1107,1,9.175995595522114e-05
114,1128,1,9.175995595522114e-05
114,1155,1,9.175995595522114e-05
114,1197,1,9.175995595522114e-05
114,1203,1,9.175995595522114e-05
114,1212,1,9.175995595522114e-05
114,1254,1,9.175995595522114e-05
114,1296,1,9.175995595522114e-05
114,1311,1,9.175995595522114e-05
114,1344,2,0.00018351991191044228
114,1434,1,9.175995595522114e-05
114,1512,1,9.175995595522114e-05
114,1521,1,9.175995595522114e-05
114,1524,1,9.175995595522114e-05
114,1572,1,9.175995595522114e-05
114,1632,1,9.175995595522114e-05
114,1884,1,9.175995595522114e-05
117,294,1,9.175995595522114e-05
117,297,1,9.175995595522114e-05
117,312,1,9.175995595522114e-05
117,315,1,9.175995595522114e-05
117,318,1,9.175995595522114e-05
117,321,1,9.175995595522114e-05
117,333,2,0.00018351991191044228
117,345,1,9.175995595522114e-05
117,351,3,0.0002752798678656634
117,357,1,9.175995595522114e-05
117,363,2,0.00018351991191044228
117,369,1,9.175995595522114e-05
117,372,1,9.175995595522114e-05
117,375,1,9.175995595522114e-05
117,378,1,9.175995595522114e-05
117,387,3,0.0002752798678656634
117,390,4,0.00036703982382088455
117,399,1,9.175995595522114e-05
117,402,2,0.00018351991191044228
117,408,2,0.00018351991191044228
117,414,1,9.175995595522114e-05
117,420,1,9.175995595522114e-05
117,423,2,0.00018351991191044228
117,426,1,9.175995595522114e-05
117,435,2,0.00018351991191044228
117,441,1,9.175995595522114e-05
117,447,1,9.175995595522114e-05
117,459,4,0.00036703982382088455
117,465,1,9.175995595522114e-05
117,468,1,9.175995595522114e-05
117,471,2,0.00018351991191044228
117,474,1,9.175995595522114e-05
117,477,1,9.175995595522114e-05
117,483,1,9.175995595522114e-05
117,495,5,0.0004587997797761057
117,501,1,9.175995595522114e-05
117,519,1,9.175995595522114e-05
117,522,2,0.00018351991191044228
117,525,1,9.175995595522114e-05
117,531,1,9.175995595522114e-05
117,543,3,0.0002752798678656634
117,549,2,0.00018351991191044228
117,552,1,9.175995595522114e-05
117,567,1,9.175995595522114e-05
117,591,1,9.175995595522114e-05
117,594,1,9.175995595522114e-05
117,603,3,0.0002752798678656634
117,627,1,9.175995595522114e-05
117,642,1,9.175995595522114e-05
117,651,1,9.175995595522114e-05
117,786,1,9.175995595522114e-05
117,807,1,9.175995595522114e-05
117,825,1,9.175995595522114e-05
117,897,1,9.175995595522114e-05
117,921,1,9.175995595522114e-05
117,936,1,9.175995595522114e-05
117,963,1,9.175995595522114e-05
117,984,1,9.175995595522114e-05
117,1038,1,9.175995595522114e-05
117,1047,1,9.175995595522114e-05
117,1050,1,9.175995595522114e-05
117,1056,2,0.00018351991191044228
117,1062,1,9.175995595522114e-05
117,1068,1,9.175995595522114e-05
117,1116,2,0.00018351991191044228
117,1119,1,9.175995595522114e-05
117,1125,1,9.175995595522114e-05
117,1131,1,9.175995595522114e-05
117,1170,1,9.175995595522114e-05
117,1200,1,9.175995595522114e-05
117,1209,1,9.175995595522114e-05
117,1248,1,9.175995595522114e-05
117,1275,1,9.175995595522114e-05
117,1299,1,9.175995595522114e-05
117,1302,1,9.175995595522114e-05
117,1377,1,9.175995595522114e-05
117,1395,1,9.175995595522114e-05
117,1443,1,9.175995595522114e-05
117,1455,1,9.175995595522114e-05
117,1599,1,9.175995595522114e-05
120,282,2,0.00018351991191044228
120,288,1,9.175995595522114e-05
120,297,1,9.175995595522114e-05
120,309,2,0.00018351991191044228
120,324,2,0.00018351991191044228
120,333,1,9.175995595522114e-05
120,342,1,9.175995595522114e-05
120,345,2,0.00018351991191044228
120,348,2,0.00018351991191044228
120,354,2,0.00018351991191044228
120,357,2,0.00018351991191044228
120,360,1,9.175995595522114e-05
120,369,2,0.00018351991191044228
120,372,2,0.00018351991191044228
120,378,2,0.00018351991191044228
120,390,1,9.175995595522114e-05
120,396,1,9.175995595522114e-05
120,402,2,0.00018351991191044228
120,414,1,9.175995595522114e-05
120,417,1,9.175995595522114e-05
120,423,2,0.00018351991191044228
120,426,1,9.175995595522114e-05
120,432,1,9.175995595522114e-05
120,435,1,9.175995595522114e-05
120,438,1,9.175995595522114e-05
120,441,1,9.175995595522114e-05
120,450,1,9.175995595522114e-05
120,453,1,9.175995595522114e-05
120,459,2,0.00018351991191044228
120,465,1,9.175995595522114e-05
120,471,1,9.175995595522114e-05
120,474,3,0.0002752798678656634
120,477,1,9.175995595522114e-05
120,483,1,9.175995595522114e-05
120,486,2,0.00018351991191044228
120,489,1,9.175995595522114e-05
120,492,1,9.175995595522114e-05
120,495,1,9.175995595522114e-05
120,498,3,0.0002752798678656634
120,507,1,9.175995595522114e-05
120,510,2,0.00018351991191044228
120,516,1,9.175995595522114e-05
120,522,4,0.00036703982382088455
120,528,1,9.175995595522114e-05
120,531,1,9.175995595522114e-05
120,534,1,9.175995595522114e-05
120,543,2,0.00018351991191044228
120,546,1,9.175995595522114e-05
120,549,1,9.175995595522114e-05
120,567,1,9.175995595522114e-05
120,570,2,0.00018351991191044228
120,573,1,9.175995595522114e-05
120,618,1,9.175995595522114e-05
120,621,1,9.175995595522114e-05
120,651,1,9.175995595522114e-05
120,726,1,9.175995595522114e-05
120,741,1,9.175995595522114e-05
120,846,1,9.175995595522114e-05
120,867,1,9.175995595522114e-05
120,921,1,9.175995595522114e-05
120,975,1,9.175995595522114e-05
120,987,1,9.175995595522114e-05
120,1020,1,9.175995595522114e-05
120,1089,1,9.175995595522114e-05
120,1125,1,9.175995595522114e-05
120,1140,1,9.175995595522114e-05
120,1206,1,9.175995595522114e-05
120,1227,1,9.175995595522114e-05
120,1233,1,9.175995595522114e-05
120,1290,1,9.175995595522114e-05
120,1410,1,9.175995595522114e-05
120,1530,1,9.175995595522114e-05
120,1710,1,9.175995595522114e-05
123,270,1,9.175995595522114e-05
123,291,1,9.175995595522114e-05
123,294,1,9.175995595522114e-05
123,306,2,0.00018351991191044228
123,315,1,9.175995595522114e-05
123,333,1,9.175995595522114e-05
123,342,2,0.00018351991191044228
123,348,1,9.175995595522114e-05
123,351,1,9.175995595522114e-05
123,357,1,9.175995595522114e-05
123,363,2,0.00018351991191044228
123,366,2,0.00018351991191044228
123,369,2,0.00018351991191044228
123,375,1,9.175995595522114e-05
123,381,1,9.175995595522114e-05
123,384,4,0.00036703982382088455
123,393,1,9.175995595522114e-05
123,411,1,9.175995595522114e-05
123,414,1,9.175995595522114e-05
123,417,2,0.00018351991191044228
123,420,1,9.175995595522114e-05
123,423,1,9.175995595522114e-05
123,426,1,9.175995595522114e-05
123,429,5,0.0004587997797761057
123,432,2,0.00018351991191044228
123,441,5,0.0004587997797761057
123,450,1,9.175995595522114e-05
123,453,1,9.175995595522114e-05
123,456,1,9.175995595522114e-05
123,459,1,9.175995595522114e-05
123,465,1,9.175995595522114e-05
123,486,1,9.175995595522114e-05
123,489,2,0.00018351991191044228
123,492,1,9.175995595522114e-05
123,495,1,9.175995595522114e-05
123,507,1,9.175995595522114e-05
123,513,2,0.00018351991191044228
123,516,1,9.175995595522114e-05
123,519,1,9.175995595522114e-05
123,522,1,9.175995595522114e-05
123,525,1,9.175995595522114e-05
123,528,1,9.175995595522114e-05
123,531,2,0.00018351991191044228
123,537,1,9.175995595522114e-05
123,561,1,9.175995595522114e-05
123,564,1,9.175995595522114e-05
123,585,1,9.175995595522114e-05
123,597,2,0.00018351991191044228
123,606,1,9.175995595522114e-05
123,612,1,9.175995595522114e-05
123,618,1,9.175995595522114e-05
123,624,1,9.175995595522114e-05
123,630,1,9.175995595522114e-05
123,669,1,9.175995595522114e-05
123,681,1,9.175995595522114e-05
123,732,1,9.175995595522114e-05
123,735,1,9.175995595522114e-05
123,762,1,9.175995595522114e-05
123,897,1,9.175995595522114e-05
123,900,1,9.175995595522114e-05
123,903,1,9.175995595522114e-05
123,930,1,9.175995595522114e-05
123,951,1,9.175995595522114e-05
123,975,1,9.175995595522114e-05
123,1008,1,9.175995595522114e-05
123,1014,1,9.175995595522114e-05
123,1017,1,9.175995595522114e-05
123,1041,1,9.175995595522114e-05
123,1074,1,9.175995595522114e-05
123,1122,1,9.175995595522114e-05
123,1125,1,9.175995595522114e-05
123,1137,1,9.175995595522114e-05
123,1140,1,9.175995595522114e-05
123,1146,1,9.175995595522114e-05
123,1212,1,9.175995595522114e-05
123,1281,1,9.175995595522114e-05
123,1287,1,9.175995595522114e-05
123,1290,1,9.175995595522114e-05
123,1377,1,9.175995595522114e-05
123,1407,1,9.175995595522114e-05
123,1533,1,9.175995595522114e-05
123,1545,1,9.175995595522114e-05
123,1572,1,9.175995595522114e-05
126,288,1,9.175995595522114e-05
126,306,1,9.175995595522114e-05
126,327,1,9.175995595522114e-05
126,330,1,9.175995595522114e-05
126,339,1,9.175995595522114e-05
126,348,2,0.00018351991191044228
126,354,1,9.175995595522114e-05
126,357,1,9.175995595522114e-05
126,363,1,9.175995595522114e-05
126,375,1,9.175995595522114e-05
126,390,2,0.00018351991191044228
126,393,3,0.0002752798678656634
126,396,3,0.0002752798678656634
126,399,1,9.175995595522114e-05
126,402,1,9.175995595522114e-05
126,411,1,9.175995595522114e-05
126,414,1,9.175995595522114e-05
126,423,1,9.175995595522114e-05
126,429,1,9.175995595522114e-05
126,444,2,0.00018351991191044228
126,447,2,0.00018351991191044228
126,450,1,9.175995595522114e-05
126,456,7,0.000642319691686548
126,459,2,0.00018351991191044228
126,462,1,9.175995595522114e-05
126,468,1,9.175995595522114e-05
126,471,1,9.175995595522114e-05
126,474,1,9.175995595522114e-05
126,480,2,0.00018351991191044228
126,492,2,0.00018351991191044228
126,504,1,9.175995595522114e-05
126,507,1,9.175995595522114e-05
126,522,1,9.175995595522114e-05
126,528,4,0.00036703982382088455
126,540,1,9.175995595522114e-05
126,552,1,9.175995595522114e-05
126,588,1,9.175995595522114e-05
126,615,1,9.175995595522114e-05
126,627,1,9.175995595522114e-05
126,648,1,9.175995595522114e-05
126,660,1,9.175995595522114e-05
126,672,1,9.175995595522114e-05
126,675,1,9.175995595522114e-05
126,678,1,9.175995595522114e-05
126,813,2,0.00018351991191044228
126,981,1,9.175995595522114e-05
126,1002,1,9.175995595522114e-05
126,1011,1,9.175995595522114e-05
126,1038,1,9.175995595522114e-05
126,1047,1,9.175995595522114e-05
126,1092,1,9.175995595522114e-05
126,1107,1,9.175995595522114e-05
126,1125,1,9.175995595522114e-05
126,1128,2,0.00018351991191044228
126,1149,1,9.175995595522114e-05
126,1176,2,0.00018351991191044228
126,1182,1,9.175995595522114e-05
126,1251,1,9.175995595522114e-05
126,1272,1,9.175995595522114e-05
126,1632,1,9.175995595522114e-05
126,1701,1,9.175995595522114e-05
126,1887,1,9.175995595522114e-05
129,276,1,9.175995595522114e-05
129,306,1,9.175995595522114e-05
129,309,1,9.175995595522114e-05
129,327,1,9.175995595522114e-05
129,336,1,9.175995595522114e-05
129,342,1,9.175995595522114e-05
129,348,1,9.175995595522114e-05
129,354,1,9.175995595522114e-05
129,366,1,9.175995595522114e-05
129,369,1,9.175995595522114e-05
129,399,1,9.175995595522114e-05
129,402,2,0.00018351991191044228
129,405,1,9.175995595522114e-05
129,411,1,9.175995595522114e-05
129,414,2,0.00018351991191044228
129,417,1,9.175995595522114e-05
129,420,1,9.175995595522114e-05
129,423,1,9.175995595522114e-05
129,426,2,0.00018351991191044228
129,429,1,9.175995595522114e-05
129,441,1,9.175995595522114e-05
129,444,1,9.175995595522114e-05
129,450,1,9.175995595522114e-05
129,456,1,9.175995595522114e-05
129,462,1,9.175995595522114e-05
129,471,1,9.175995595522114e-05
129,474,2,0.00018351991191044228
129,483,1,9.175995595522114e-05
129,489,1,9.175995595522114e-05
129,498,1,9.175995595522114e-05
129,519,1,9.175995595522114e-05
129,525,2,0.00018351991191044228
129,537,1,9.175995595522114e-05
129,570,1,9.175995595522114e-05
129,600,1,9.175995595522114e-05
129,615,1,9.175995595522114e-05
129,651,1,9.175995595522114e-05
129,726,1,9.175995595522114e-05
129,828,1,9.175995595522114e-05
129,846,1,9.175995595522114e-05
129,936,1,9.175995595522114e-05
129,984,1,9.175995595522114e-05
129,990,1,9.175995595522114e-05
129,1017,1,9.175995595522114e-05
129,1026,1,9.175995595522114e-05
129,1029,1,9.175995595522114e-05
129,1065,1,9.175995595522114e-05
129,1074,1,9.175995595522114e-05
129,1083,1,9.175995595522114e-05
129,1089,1,9.175995595522114e-05
129,1098,1,9.175995595522114e-05
129,1104,1,9.175995595522114e-05
129,1149,1,9.175995595522114e-05
129,1248,1,9.175995595522114e-05
129,1296,1,9.175995595522114e-05
129,1326,1,9.175995595522114e-05
129,1359,1,9.175995595522114e-05
129,1386,1,9.175995595522114e-05
129,1437,1,9.175995595522114e-05
129,1491,1,9.175995595522114e-05
129,1797,1,9.175995595522114e-05
132,327,1,9.175995595522114e-05
132,330,1,9.175995595522114e-05
132,339,2,0.00018351991191044228
132,348,1,9.175995595522114e-05
132,354,1,9.175995595522114e-05
132,360,1,9.175995595522114e-05
132,387,2,0.00018351991191044228
132,396,1,9.175995595522114e-05
132,399,2,0.00018351991191044228
132,402,1,9.175995595522114e-05
132,405,1,9.175995595522114e-05
132,408,2,0.00018351991191044228
132,414,1,9.175995595522114e-05
132,417,2,0.00018351991191044228
132,420,1,9.175995595522114e-05
132,426,2,0.00018351991191044228
132,429,1,9.175995595522114e-05
132,432,1,9.175995595522114e-05
132,438,1,9.175995595522114e-05
132,441,4,0.00036703982382088455
132,447,1,9.175995595522114e-05
132,450,1,9.175995595522114e-05
132,453,2,0.00018351991191044228
132,459,1,9.175995595522114e-05
132,465,1,9.175995595522114e-05
132,471,1,9.175995595522114e-05
132,474,1,9.175995595522114e-05
132,477,1,9.175995595522114e-05
132,483,1,9.175995595522114e-05
132,486,1,9.175995595522114e-05
132,510,1,9.175995595522114e-05
132,516,2,0.00018351991191044228
132,522,1,9.175995595522114e-05
132,531,1,9.175995595522114e-05
132,552,1,9.175995595522114e-05
132,558,1,9.175995595522114e-05
132,582,1,9.175995595522114e-05
132,585,1,9.175995595522114e-05
132,600,2,0.00018351991191044228
132,621,1,9.175995595522114e-05
132,630,1,9.175995595522114e-05
132,636,2,0.00018351991191044228
132,678,1,9.175995595522114e-05
132,711,1,9.175995595522114e-05
132,801,2,0.00018351991191044228
132,855,1,9.175995595522114e-05
132,858,1,9.175995595522114e-05
132,870,2,0.00018351991191044228
132,879,1,9.175995595522114e-05
132,930,1,9.175995595522114e-05
132,936,1,9.175995595522114e-05
132,963,1,9.175995595522114e-05
132,1029,1,9.175995595522114e-05
132,1161,1,9.175995595522114e-05
132,1191,1,9.175995595522114e-05
132,1242,1,9.175995595522114e-05
132,1263,1,9.175995595522114e-05
132,1296,1,9.175995595522114e-05
132,1302,1,9.175995595522114e-05
132,1515,1,9.175995595522114e-05
132,1767,1,9.175995595522114e-05
135,324,1,9.175995595522114e-05
135,339,1,9.175995595522114e-05
135,363,1,9.175995595522114e-05
135,375,2,0.00018351991191044228
135,384,1,9.175995595522114e-05
135,387,1,9.175995595522114e-05
135,390,1,9.175995595522114e-05
135,402,1,9.175995595522114e-05
135,405,1,9.175995595522114e-05
135,408,1,9.175995595522114e-05
135,414,1,9.175995595522114e-05
135,417,1,9.175995595522114e-05
135,426,1,9.175995595522114e-05
135,429,2,0.00018351991191044228
135,432,1,9.175995595522114e-05
135,441,1,9.175995595522114e-05
135,453,1,9.175995595522114e-05
135,465,1,9.175995595522114e-05
135,468,1,9.175995595522114e-05
135,474,1,9.175995595522114e-05
135,483,1,9.175995595522114e-05
135,486,1,9.175995595522114e-05
135,489,1,9.175995595522114e-05
135,495,1,9.175995595522114e-05
135,501,1,9.175995595522114e-05
135,507,3,0.0002752798678656634
135,573,1,9.175995595522114e-05
135,585,1,9.175995595522114e-05
135,597,1,9.175995595522114e-05
135,636,1,9.175995595522114e-05
135,729,1,9.175995595522114e-05
135,771,1,9.175995595522114e-05
135,783,1,9.175995595522114e-05
135,837,1,9.175995595522114e-05
135,861,1,9.175995595522114e-05
135,930,1,9.175995595522114e-05
135,966,1,9.175995595522114e-05
135,993,2,0.00018351991191044228
135,1005,1,9.175995595522114e-05
135,1008,1,9.175995595522114e-05
135,1077,1,9.175995595522114e-05
135,1104,1,9.175995595522114e-05
135,1188,1,9.175995595522114e-05
135,1242,1,9.175995595522114e-05
135,1329,1,9.175995595522114e-05
135,1404,1,9.175995595522114e-05
135,1539,1,9.175995595522114e-05
135,1611,1,9.175995595522114e-05
138,318,1,9.175995595522114e-05
138,333,1,9.175995595522114e-05
138,339,1,9.175995595522114e-05
138,348,2,0.00018351991191044228
138,375,1,9.175995595522114e-05
138,390,1,9.175995595522114e-05
138,396,1,9.175995595522114e-05
138,408,2,0.00018351991191044228
138,414,1,9.175995595522114e-05
138,417,1,9.175995595522114e-05
138,432,1,9.175995595522114e-05
138,441,1,9.175995595522114e-05
138,444,1,9.175995595522114e-05
138,462,1,9.175995595522114e-05
138,465,1,9.175995595522114e-05
138,480,1,9.175995595522114e-05
138,498,1,9.175995595522114e-05
138,516,1,9.175995595522114e-05
138,522,1,9.175995595522114e-05
138,546,1,9.175995595522114e-05
138,582,1,9.175995595522114e-05
138,588,1,9.175995595522114e-05
138,660,1,9.175995595522114e-05
138,663,1,9.175995595522114e-05
138,768,1,9.175995595522114e-05
138,834,1,9.175995595522114e-05
138,849,1,9.175995595522114e-05
138,861,1,9.175995595522114e-05
138,885,1,9.175995595522114e-05
138,927,1,9.175995595522114e-05
138,957,1,9.175995595522114e-05
138,1038,1,9.175995595522114e-05
138,1044,2,0.00018351991191044228
138,1047,1,9.175995595522114e-05
138,1098,1,9.175995595522114e-05
138,1140,1,9.175995595522114e-05
138,1287,1,9.175995595522114e-05
138,1362,1,9.175995595522114e-05
138,1413,1,9.175995595522114e-05
138,1533,1,9.175995595522114e-05
138,1716,1,9.175995595522114e-05
138,1851,1,9.175995595522114e-05
141,312,1,9.175995595522114e-05
141,315,1,9.175995595522114e-05
141,333,2,0.00018351991191044228
141,348,1,9.175995595522114e-05
141,354,1,9.175995595522114e-05
141,363,1,9.175995595522114e-05
141,366,1,9.175995595522114e-05
141,375,2,0.00018351991191044228
141,381,1,9.175995595522114e-05
141,384,1,9.175995595522114e-05
141,396,2,0.00018351991191044228
141,405,1,9.175995595522114e-05
141,423,1,9.175995595522114e-05
141,429,1,9.175995595522114e-05
141,435,1,9.175995595522114e-05
141,444,1,9.175995595522114e-05
141,456,1,9.175995595522114e-05
141,459,1,9.175995595522114e-05
141,465,1,9.175995595522114e-05
141,468,3,0.0002752798678656634
141,486,1,9.175995595522114e-05
141,537,1,9.175995595522114e-05
141,558,1,9.175995595522114e-05
141,615,1,9.175995595522114e-05
141,699,1,9.175995595522114e-05
141,708,1,9.175995595522114e-05
141,807,1,9.175995595522114e-05
141,855,1,9.175995595522114e-05
141,1005,1,9.175995595522114e-05
141,1050,1,9.175995595522114e-05
141,1104,1,9.175995595522114e-05
141,1122,1,9.175995595522114e-05
141,1128,2,0.00018351991191044228
141,1203,1,9.175995595522114e-05
141,1209,1,9.175995595522114e-05
141,1251,1,9.175995595522114e-05
141,1311,1,9.175995595522114e-05
141,1341,1,9.175995595522114e-05
141,1431,1,9.175995595522114e-05
141,1494,1,9.175995595522114e-05
141,1572,1,9.175995595522114e-05
141,1599,1,9.175995595522114e-05
141,1632,1,9.175995595522114e-05
141,1647,1,9.175995595522114e-05
141,2415,1,9.175995595522114e-05
144,303,1,9.175995595522114e-05
144,327,1,9.175995595522114e-05
144,351,1,9.175995595522114e-05
144,354,1,9.175995595522114e-05
144,363,2,0.00018351991191044228
144,366,1,9.175995595522114e-05
144,369,2,0.00018351991191044228
144,378,1,9.175995595522114e-05
144,393,1,9.175995595522114e-05
144,396,1,9.175995595522114e-05
144,405,1,9.175995595522114e-05
144,417,1,9.175995595522114e-05
144,420,1,9.175995595522114e-05
144,423,1,9.175995595522114e-05
144,486,1,9.175995595522114e-05
144,504,1,9.175995595522114e-05
144,513,1,9.175995595522114e-05
144,567,3,0.0002752798678656634
144,648,1,9.175995595522114e-05
144,720,1,9.175995595522114e-05
144,822,1,9.175995595522114e-05
144,885,1,9.175995595522114e-05
144,903,1,9.175995595522114e-05
144,1026,1,9.175995595522114e-05
144,1242,1,9.175995595522114e-05
144,1245,1,9.175995595522114e-05
144,1293,1,9.175995595522114e-05
144,1329,1,9.175995595522114e-05
144,1404,1,9.175995595522114e-05
144,1425,2,0.00018351991191044228
144,1434,1,9.175995595522114e-05
144,1458,1,9.175995595522114e-05
144,1512,1,9.175995595522114e-05
144,1518,1,9.175995595522114e-05
144,1635,1,9.175995595522114e-05
144,1743,1,9.175995595522114e-05
144,1860,1,9.175995595522114e-05
144,1917,1,9.175995595522114e-05
144,2091,1,9.175995595522114e-05
144,2097,1,9.175995595522114e-05
147,309,1,9.175995595522114e-05
147,363,1,9.175995595522114e-05
147,372,1,9.175995595522114e-05
147,375,1,9.175995595522114e-05
147,384,1,9.175995595522114e-05
147,438,1,9.175995595522114e-05
147,441,1,9.175995595522114e-05
147,453,2,0.00018351991191044228
147,456,1,9.175995595522114e-05
147,477,3,0.0002752798678656634
147,498,1,9.175995595522114e-05
147,624,1,9.175995595522114e-05
147,762,1,9.175995595522114e-05
147,777,1,9.175995595522114e-05
147,810,1,9.175995595522114e-05
147,870,1,9.175995595522114e-05
147,915,1,9.175995595522114e-05
147,966,1,9.175995595522114e-05
147,981,1,9.175995595522114e-05
147,1011,1,9.175995595522114e-05
147,1089,1,9.175995595522114e-05
147,1167,1,9.175995595522114e-05
147,1170,1,9.175995595522114e-05
147,1215,1,9.175995595522114e-05
147,1224,1,9.175995595522114e-05
147,1230,1,9.175995595522114e-05
147,1302,1,9.175995595522114e-05
147,1374,1,9.175995595522114e-05
147,1404,1,9.175995595522114e-05
147,1440,1,9.175995595522114e-05
147,1470,1,9.175995595522114e-05
150,342,1,9.175995595522114e-05
150,360,1,9.175995595522114e-05
150,402,1,9.175995595522114e-05
150,411,1,9.175995595522114e-05
150,420,1,9.175995595522114e-05
150,426,1,9.175995595522114e-05
150,432,1,9.175995595522114e-05
150,468,2,0.00018351991191044228
150,471,1,9.175995595522114e-05
150,492,1,9.175995595522114e-05
150,498,1,9.175995595522114e-05
150,516,1,9.175995595522114e-05
150,669,1,9.175995595522114e-05
150,855,1,9.175995595522114e-05
150,990,1,9.175995595522114e-05
150,1173,1,9.175995595522114e-05
150,1227,1,9.175995595522114e-05
150,1230,1,9.175995595522114e-05
150,1245,1,9.175995595522114e-05
150,1338,1,9.175995595522114e-05
150,1368,1,9.175995595522114e-05
150,1395,1,9.175995595522114e-05
150,1473,2,0.00018351991191044228
150,1488,1,9.175995595522114e-05
150,1512,1,9.175995595522114e-05
150,1821,1,9.175995595522114e-05
150,1896,1,9.175995595522114e-05
153,360,1,9.175995595522114e-05
153,381,1,9.175995595522114e-05
153,393,1,9.175995595522114e-05
153,399,1,9.175995595522114e-05
153,420,2,0.00018351991191044228
153,429,1,9.175995595522114e-05
153,456,1,9.175995595522114e-05
153,468,1,9.175995595522114e-05
153,471,1,9.175995595522114e-05
153,483,2,0.00018351991191044228
153,495,2,0.00018351991191044228
153,537,1,9.175995595522114e-05
153,591,1,9.175995595522114e-05
153,1005,1,9.175995595522114e-05
153,1092,1,9.175995595522114e-05
153,1149,1,9.175995595522114e-05
153,1155,1,9.175995595522114e-05
153,1182,1,9.175995595522114e-05
153,1275,1,9.175995595522114e-05
153,1302,1,9.175995595522114e-05
153,1359,1,9.175995595522114e-05
153,1398,1,9.175995595522114e-05
153,1413,1,9.175995595522114e-05
153,1467,1,9.175995595522114e-05
153,1491,1,9.175995595522114e-05
153,1500,1,9.175995595522114e-05
153,1734,1,9.175995595522114e-05
153,1950,1,9.175995595522114e-05
153,1956,1,9.175995595522114e-05
153,2259,1,9.175995595522114e-05
156,333,1,9.175995595522114e-05
156,396,1,9.175995595522114e-05
156,414,2,0.00018351991191044228
156,423,1,9.175995595522114e-05
156,441,1,9.175995595522114e-05
156,447,1,9.175995595522114e-05
156,453,1,9.175995595522114e-05
156,468,1,9.175995595522114e-05
156,552,1,9.175995595522114e-05
156,657,1,9.175995595522114e-05
156,867,1,9.175995595522114e-05
156,987,1,9.175995595522114e-05
156,1143,1,9.175995595522114e-05
156,1260,1,9.175995595522114e-05
156,1287,1,9.175995595522114e-05
156,1308,1,9.175995595522114e-05
156,1320,1,9.175995595522114e-05
156,1326,1,9.175995595522114e-05
156,1467,1,9.175995595522114e-05
156,1608,1,9.175995595522114e-05
156,1713,1,9.175995595522114e-05
156,1818,1,9.175995595522114e-05
159,345,1,9.175995595522114e-05
159,375,1,9.175995595522114e-05
159,387,1,9.175995595522114e-05
159,408,1,9.175995595522114e-05
159,462,1,9.175995595522114e-05
159,489,1,9.175995595522114e-05
159,492,1,9.175995595522114e-05
159,732,1,9.175995595522114e-05
159,876,1,9.175995595522114e-05
159,933,1,9.175995595522114e-05
159,1065,1,9.175995595522114e-05
159,1086,1,9.175995595522114e-05
159,1167,1,9.175995595522114e-05
159,1266,2,0.00018351991191044228
159,1293,1,9.175995595522114e-05
159,1356,1,9.175995595522114e-05
159,1422,1,9.175995595522114e-05
159,1503,1,9.175995595522114e-05
159,1509,1,9.175995595522114e-05
159,1605,1,9.175995595522114e-05
159,1629,1,9.175995595522114e-05
159,1773,1,9.175995595522114e-05
160,1900,1,9.175995595522114e-05
160,2101,1,9.175995595522114e-05
160,2662,1,9.175995595522114e-05
161,2061,1,9.175995595522114e-05
161,2262,1,9.175995595522114e-05
161,2823,1,9.175995595522114e-05
162,369,1,9.175995595522114e-05
162,399,1,9.175995595522114e-05
162,402,1,9.175995595522114e-05
162,414,1,9.175995595522114e-05
162,456,1,9.175995595522114e-05
162,528,1,9.175995595522114e-05
162,543,1,9.175995595522114e-05
162,1017,1,9.175995595522114e-05
162,1029,1,9.175995595522114e-05
162,1077,1,9.175995595522114e-05
162,1083,1,9.175995595522114e-05
162,1107,1,9.175995595522114e-05
162,1185,1,9.175995595522114e-05
162,1239,1,9.175995595522114e-05
162,1254,1,9.175995595522114e-05
162,1302,1,9.175995595522114e-05
162,1305,1,9.175995595522114e-05
162,1308,1,9.175995595522114e-05
162,1362,1,9.175995595522114e-05
162,1365,1,9.175995595522114e-05
162,1398,1,9.175995595522114e-05
162,1404,1,9.175995595522114e-05
162,1428,1,9.175995595522114e-05
162,1452,1,9.175995595522114e-05
162,1494,1,9.175995595522114e-05
162,1551,1,9.175995595522114e-05
162,1560,1,9.175995595522114e-05
162,1647,1,9.175995595522114e-05
162,1683,1,9.175995595522114e-05
162,1743,1,9.175995595522114e-05
162,1854,1,9.175995595522114e-05
162,1857,1,9.175995595522114e-05
162,2028,1,9.175995595522114e-05
162,2184,1,9.175995595522114e-05
162,2352,1,9.175995595522114e-05
162,2361,1,9.175995595522114e-05
162,2421,1,9.175995595522114e-05
162,2442,1,9.175995595522114e-05
162,2523,1,9.175995595522114e-05
162,2541,1,9.175995595522114e-05
162,2703,1,9.175995595522114e-05
162,2745,1,9.175995595522114e-05
162,2748,1,9.175995595522114e-05
162,2832,1,9.175995595522114e-05
162,2907,1,9.175995595522114e-05
162,3093,1,9.175995595522114e-05
162,7254,1,9.175995595522114e-05
162,7416,1,9.175995595522114e-05
165,357,2,0.00018351991191044228
165,366,1,9.175995595522114e-05
165,378,1,9.175995595522114e-05
165,390,1,9.175995595522114e-05
165,405,1,9.175995595522114e-05
165,408,1,9.175995595522114e-05
165,417,1,9.175995595522114e-05
165,477,1,9.175995595522114e-05
165,531,1,9.175995595522114e-05
165,990,1,9.175995595522114e-05
165,1077,1,9.175995595522114e-05
165,1089,1,9.175995595522114e-05
165,1212,1,9.175995595522114e-05
165,1218,1,9.175995595522114e-05
165,1344,1,9.175995595522114e-05
165,1368,1,9.175995595522114e-05
165,1404,1,9.175995595522114e-05
165,1488,1,9.175995595522114e-05
165,1587,1,9.175995595522114e-05
165,1677,1,9.175995595522114e-05
165,1809,1,9.175995595522114e-05
165,2382,1,9.175995595522114e-05
165,2406,1,9.175995595522114e-05
165,2481,1,9.175995595522114e-05
165,2511,1,9.175995595522114e-05
165,2586,1,9.175995595522114e-05
165,2646,1,9.175995595522114e-05
165,2886,1,9.175995595522114e-05
165,3102,1,9.175995595522114e-05
165,3258,1,9.175995595522114e-05
165,3399,1,9.175995595522114e-05
165,3414,1,9.175995595522114e-05
165,3564,1,9.175995595522114e-05
165,7794,1,9.175995595522114e-05
165,7959,1,9.175995595522114e-05
167,2681,1,9.175995595522114e-05
168,498,1,9.175995595522114e-05
168,906,1,9.175995595522114e-05
168,990,1,9.175995595522114e-05
168,1017,1,9.175995595522114e-05
168,1020,1,9.175995595522114e-05
168,1269,1,9.175995595522114e-05
168,1539,1,9.175995595522114e-05
168,1686,1,9.175995595522114e-05
168,1734,1,9.175995595522114e-05
168,1776,1,9.175995595522114e-05
168,1818,1,9.175995595522114e-05
168,1977,1,9.175995595522114e-05
168,2274,1,9.175995595522114e-05
168,2442,1,9.175995595522114e-05
168,2586,1,9.175995595522114e-05
168,2604,1,9.175995595522114e-05
168,2670,1,9.175995595522114e-05
168,2937,1,9.175995595522114e-05
169,2233,1,9.175995595522114e-05
170,2403,1,9.175995595522114e-05
171,402,1,9.175995595522114e-05
171,411,1,9.175995595522114e-05
171,432,1,9.175995595522114e-05
171,438,1,9.175995595522114e-05
171,486,1,9.175995595522114e-05
171,891,1,9.175995595522114e-05
171,1071,1,9.175995595522114e-05
171,1119,1,9.175995595522114e-05
171,1188,1,9.175995595522114e-05
171,1260,1,9.175995595522114e-05
171,1602,1,9.175995595522114e-05
171,1653,1,9.175995595522114e-05
171,1785,1,9.175995595522114e-05
171,2133,1,9.175995595522114e-05
171,2301,1,9.175995595522114e-05
171,2355,1,9.175995595522114e-05
171,2913,1,9.175995595522114e-05
171,3846,1,9.175995595522114e-05
174,423,1,9.175995595522114e-05
174,477,1,9.175995595522114e-05
174,693,1,9.175995595522114e-05
174,831,1,9.175995595522114e-05
174,951,1,9.175995595522114e-05
174,1008,1,9.175995595522114e-05
174,1194,1,9.175995595522114e-05
174,1230,1,9.175995595522114e-05
174,1275,1,9.175995595522114e-05
174,1365,1,9.175995595522114e-05
174,1431,1,9.175995595522114e-05
174,1497,1,9.175995595522114e-05
174,1524,1,9.175995595522114e-05
174,1752,1,9.175995595522114e-05
174,1779,1,9.175995595522114e-05
174,2148,1,9.175995595522114e-05
174,2160,1,9.175995595522114e-05
174,2232,1,9.175995595522114e-05
174,2847,1,9.175995595522114e-05
174,3375,1,9.175995595522114e-05
177,417,1,9.175995595522114e-05
177,438,1,9.175995595522114e-05
177,1014,1,9.175995595522114e-05
177,1023,1,9.175995595522114e-05
177,1161,1,9.175995595522114e-05
177,1347,1,9.175995595522114e-05
177,1374,1,9.175995595522114e-05
177,1512,1,9.175995595522114e-05
177,1689,1,9.175995595522114e-05
177,1743,1,9.175995595522114e-05
177,1950,1,9.175995595522114e-05
177,1989,1,9.175995595522114e-05
177,1992,1,9.175995595522114e-05
177,2007,1,9.175995595522114e-05
177,2376,1,9.175995595522114e-05
177,2394,1,9.175995595522114e-05
177,2847,1,9.175995595522114e-05
177,2970,1,9.175995595522114e-05
177,3117,1,9.175995595522114e-05
178,2859,1,9.175995595522114e-05
180,414,1,9.175995595522114e-05
180,471,1,9.175995595522114e-05
180,1128,1,9.175995595522114e-05
180,1146,1,9.175995595522114e-05
180,1251,1,9.175995595522114e-05
180,1329,1,9.175995595522114e-05
180,1692,1,9.175995595522114e-05
180,1725,1,9.175995595522114e-05
180,1917,1,9.175995595522114e-05
180,2193,1,9.175995595522114e-05
180,2532,1,9.175995595522114e-05
180,3027,1,9.175995595522114e-05
183,351,1,9.175995595522114e-05
183,399,1,9.175995595522114e-05
183,1107,1,9.175995595522114e-05
183,1110,1,9.175995595522114e-05
183,1407,1,9.175995595522114e-05
183,1413,1,9.175995595522114e-05
183,1419,1,9.175995595522114e-05
183,1443,1,9.175995595522114e-05
183,1821,1,9.175995595522114e-05
183,1986,1,9.175995595522114e-05
183,2037,1,9.175995595522114e-05
183,2100,1,9.175995595522114e-05
186,348,1,9.175995595522114e-05
186,483,1,9.175995595522114e-05
186,1125,1,9.175995595522114e-05
186,1239,1,9.175995595522114e-05
186,1287,1,9.175995595522114e-05
186,1332,1,9.175995595522114e-05
186,1440,1,9.175995595522114e-05
186,1851,1,9.175995595522114e-05
186,1878,1,9.175995595522114e-05
186,2064,1,9.175995595522114e-05
186,2580,1,9.175995595522114e-05
186,2793,1,9.175995595522114e-05
186,2877,1,9.175995595522114e-05
186,3063,1,9.175995595522114e-05
186,3243,1,9.175995595522114e-05
186,3630,1,9.175995595522114e-05
186,4671,1,9.175995595522114e-05
186,4857,1,9.175995595522114e-05
189,837,1,9.175995595522114e-05
189,1146,1,9.175995595522114e-05
189,1257,1,9.175995595522114e-05
189,1422,1,9.175995595522114e-05
189,1524,1,9.175995595522114e-05
189,1614,1,9.175995595522114e-05
189,1806,1,9.175995595522114e-05
189,1995,1,9.175995595522114e-05
189,2382,1,9.175995595522114e-05
189,2670,1,9.175995595522114e-05
189,2742,1,9.175995595522114e-05
189,2766,1,9.175995595522114e-05
189,2793,1,9.175995595522114e-05
189,3675,1,9.175995595522114e-05
192,1080,1,9.175995595522114e-05
192,1128,1,9.175995595522114e-05
192,1338,1,9.175995595522114e-05
192,1644,1,9.175995595522114e-05
192,1866,1,9.175995595522114e-05
192,1878,1,9.175995595522114e-05
192,2034,1,9.175995595522114e-05
192,2049,1,9.175995595522114e-05
192,2280,1,9.175995595522114e-05
192,2835,1,9.175995595522114e-05
192,3690,1,9.175995595522114e-05
192,3972,1,9.175995595522114e-05
195,384,1,9.175995595522114e-05
195,1179,1,9.175995595522114e-05
195,1206,1,9.175995595522114e-05
195,1221,1,9.175995595522114e-05
195,1335,1,9.175995595522114e-05
195,1374,1,9.175995595522114e-05
195,1500,1,9.175995595522114e-05
195,1572,1,9.175995595522114e-05
195,1737,1,9.175995595522114e-05
195,1812,1,9.175995595522114e-05
195,2217,1,9.175995595522114e-05
195,2241,1,9.175995595522114e-05
195,2262,1,9.175995595522114e-05
195,2361,1,9.175995595522114e-05
195,2565,1,9.175995595522114e-05
195,2856,1,9.175995595522114e-05
195,2940,1,9.175995595522114e-05
195,3117,1,9.175995595522114e-05
195,3498,1,9.175995595522114e-05
195,4167,1,9.175995595522114e-05
196,2758,1,9.175995595522114e-05
197,2955,1,9.175995595522114e-05
198,1101,1,9.175995595522114e-05
198,1482,1,9.175995595522114e-05
198,1575,1,9.175995595522114e-05
198,1623,1,9.175995595522114e-05
198,1650,1,9.175995595522114e-05
198,1677,1,9.175995595522114e-05
198,1689,1,9.175995595522114e-05
198,1695,1,9.175995595522114e-05
198,1737,1,9.175995595522114e-05
198,1770,1,9.175995595522114e-05
198,1785,1,9.175995595522114e-05
198,2085,1,9.175995595522114e-05
198,2913,1,9.175995595522114e-05
198,3573,1,9.175995595522114e-05
201,1212,1,9.175995595522114e-05
201,1461,1,9.175995595522114e-05
201,1647,1,9.175995595522114e-05
201,1659,1,9.175995595522114e-05
201,1758,1,9.175995595522114e-05
201,2028,1,9.175995595522114e-05
201,2247,1,9.175995595522114e-05
201,2559,1,9.175995595522114e-05
201,2679,1,9.175995595522114e-05
201,2712,1,9.175995595522114e-05
201,2967,1,9.175995595522114e-05
201,3057,1,9.175995595522114e-05
201,3288,1,9.175995595522114e-05
201,7845,1,9.175995595522114e-05
202,2131,1,9.175995595522114e-05
203,2334,1,9.175995595522114e-05
203,3098,1,9.175995595522114e-05
204,969,1,9.175995595522114e-05
204,1176,1,9.175995595522114e-05
204,1359,1,9.175995595522114e-05
204,1440,1,9.175995595522114e-05
204,1458,1,9.175995595522114e-05
204,1674,1,9.175995595522114e-05
204,1932,1,9.175995595522114e-05
204,1935,1,9.175995595522114e-05
204,2013,1,9.175995595522114e-05
204,2064,1,9.175995595522114e-05
204,2073,1,9.175995595522114e-05
204,2352,1,9.175995595522114e-05
204,2469,1,9.175995595522114e-05
204,3243,1,9.175995595522114e-05
204,3618,1,9.175995595522114e-05
204,3888,1,9.175995595522114e-05
204,5529,1,9.175995595522114e-05
207,1056,1,9.175995595522114e-05
207,1215,1,9.175995595522114e-05
207,1320,1,9.175995595522114e-05
207,1482,1,9.175995595522114e-05
207,1485,1,9.175995595522114e-05
207,1692,1,9.175995595522114e-05
207,1719,1,9.175995595522114e-05
207,1797,1,9.175995595522114e-05
207,1869,1,9.175995595522114e-05
207,1890,1,9.175995595522114e-05
207,1911,1,9.175995595522114e-05
207,1980,1,9.175995595522114e-05
207,2250,1,9.175995595522114e-05
207,2385,1,9.175995595522114e-05
207,2421,1,9.175995595522114e-05
207,3120,1,9.175995595522114e-05
207,3846,1,9.175995595522114e-05
207,5025,1,9.175995595522114e-05
210,1458,1,9.175995595522114e-05
210,1698,1,9.175995595522114e-05
210,1701,1,9.175995595522114e-05
210,1767,1,9.175995595522114e-05
210,1944,1,9.175995595522114e-05
210,2457,1,9.175995595522114e-05
210,2745,1,9.175995595522114e-05
210,2793,1,9.175995595522114e-05
210,5988,1,9.175995595522114e-05
210,6891,1,9.175995595522114e-05
210,7101,1,9.175995595522114e-05
211,3309,1,9.175995595522114e-05
213,1251,1,9.175995595522114e-05
213,1293,1,9.175995595522114e-05
213,1596,1,9.175995595522114e-05
213,1686,1,9.175995595522114e-05
213,1782,1,9.175995595522114e-05
213,1902,1,9.175995595522114e-05
213,1905,1,9.175995595522114e-05
213,1995,2,0.00018351991191044228
213,2559,1,9.175995595522114e-05
213,3054,1,9.175995595522114e-05
213,3069,1,9.175995595522114e-05
216,1137,1,9.175995595522114e-05
216,1473,1,9.175995595522114e-05
216,1644,1,9.175995595522114e-05
216,1809,1,9.175995595522114e-05
216,1890,1,9.175995595522114e-05
216,2034,1,9.175995595522114e-05
216,2304,1,9.175995595522114e-05
216,2358,1,9.175995595522114e-05
216,2940,1,9.175995595522114e-05
216,3108,1,9.175995595522114e-05
216,3459,1,9.175995595522114e-05
216,3495,1,9.175995595522114e-05
216,3603,1,9.175995595522114e-05
216,3804,1,9.175995595522114e-05
216,6942,1,9.175995595522114e-05
217,1627,1,9.175995595522114e-05
218,1845,1,9.175995595522114e-05
219,1266,1,9.175995595522114e-05
219,1281,1,9.175995595522114e-05
219,1413,2,0.00018351991191044228
219,1548,1,9.175995595522114e-05
219,1614,1,9.175995595522114e-05
219,1743,1,9.175995595522114e-05
219,2223,1,9.175995595522114e-05
219,2469,1,9.175995595522114e-05
219,2493,1,9.175995595522114e-05
219,3633,1,9.175995595522114e-05
219,3852,1,9.175995595522114e-05
219,4074,1,9.175995595522114e-05
219,7839,1,9.175995595522114e-05
221,4940,1,9.175995595522114e-05
222,1215,1,9.175995595522114e-05
222,1251,1,9.175995595522114e-05
222,1767,1,9.175995595522114e-05
222,1824,1,9.175995595522114e-05
222,1854,1,9.175995595522114e-05
222,2052,1,9.175995595522114e-05
222,2073,1,9.175995595522114e-05
222,2208,1,9.175995595522114e-05
222,2280,1,9.175995595522114e-05
222,2583,1,9.175995595522114e-05
222,2643,1,9.175995595522114e-05
222,2769,1,9.175995595522114e-05
222,2931,1,9.175995595522114e-05
222,3153,1,9.175995595522114e-05
222,3510,1,9.175995595522114e-05
222,4037,1,9.175995595522114e-05
222,4476,1,9.175995595522114e-05
222,5103,1,9.175995595522114e-05
222,5325,1,9.175995595522114e-05
222,7323,1,9.175995595522114e-05
222,8067,1,9.175995595522114e-05
225,1092,1,9.175995595522114e-05
225,1422,1,9.175995595522114e-05
225,1560,1,9.175995595522114e-05
225,1653,1,9.175995595522114e-05
225,1710,1,9.175995595522114e-05
225,1866,1,9.175995595522114e-05
225,2058,1,9.175995595522114e-05
225,2439,1,9.175995595522114e-05
225,2448,1,9.175995595522114e-05
225,2919,1,9.175995595522114e-05
225,2952,1,9.175995595522114e-05
225,3144,1,9.175995595522114e-05
225,3162,1,9.175995595522114e-05
225,3171,1,9.175995595522114e-05
225,3744,1,9.175995595522114e-05
225,3939,1,9.175995595522114e-05
225,4029,1,9.175995595522114e-05
225,4329,1,9.175995595522114e-05
225,6474,1,9.175995595522114e-05
228,1263,1,9.175995595522114e-05
228,1305,1,9.175995595522114e-05
228,1887,1,9.175995595522114e-05
228,2127,1,9.175995595522114e-05
228,2253,1,9.175995595522114e-05
228,2358,1,9.175995595522114e-05
228,3219,1,9.175995595522114e-05
228,3444,1,9.175995595522114e-05
228,3486,1,9.175995595522114e-05
228,3714,1,9.175995595522114e-05
228,3831,1,9.175995595522114e-05
228,4074,1,9.175995595522114e-05
228,5664,1,9.175995595522114e-05
228,6279,1,9.175995595522114e-05
228,6507,1,9.175995595522114e-05
228,6735,1,9.175995595522114e-05
231,1023,1,9.175995595522114e-05
231,1203,1,9.175995595522114e-05
231,1344,1,9.175995595522114e-05
231,1422,1,9.175995595522114e-05
231,1509,1,9.175995595522114e-05
231,1542,1,9.175995595522114e-05
231,1677,1,9.175995595522114e-05
231,1779,1,9.175995595522114e-05
231,1932,1,9.175995595522114e-05
231,2025,1,9.175995595522114e-05
231,2070,1,9.175995595522114e-05
231,2163,1,9.175995595522114e-05
231,2280,1,9.175995595522114e-05
231,2469,1,9.175995595522114e-05
231,2811,1,9.175995595522114e-05
231,3153,1,9.175995595522114e-05
231,3654,1,9.175995595522114e-05
231,3765,1,9.175995595522114e-05
234,1761,1,9.175995595522114e-05
234,1845,1,9.175995595522114e-05
234,1932,1,9.175995595522114e-05
234,1971,1,9.175995595522114e-05
234,2010,1,9.175995595522114e-05
234,2070,1,9.175995595522114e-05
234,2301,1,9.175995595522114e-05
234,2436,1,9.175995595522114e-05
234,2535,1,9.175995595522114e-05
234,2700,1,9.175995595522114e-05
234,3288,1,9.175995595522114e-05
234,3351,1,9.175995595522114e-05
234,3528,1,9.175995595522114e-05
234,3564,1,9.175995595522114e-05
234,3588,1,9.175995595522114e-05
234,3684,1,9.175995595522114e-05
234,3723,1,9.175995595522114e-05
234,3798,1,9.175995595522114e-05
234,4209,1,9.175995595522114e-05
234,4257,1,9.175995595522114e-05
234,4824,1,9.175995595522114e-05
237,1644,1,9.175995595522114e-05
237,1665,1,9.175995595522114e-05
237,1758,1,9.175995595522114e-05
237,1863,1,9.175995595522114e-05
237,2055,1,9.175995595522114e-05
237,2154,1,9.175995595522114e-05
237,2253,1,9.175995595522114e-05
237,2322,1,9.175995595522114e-05
237,3015,1,9.175995595522114e-05
237,3525,1,9.175995595522114e-05
237,5778,1,9.175995595522114e-05
237,6396,1,9.175995595522114e-05
237,7377,1,9.175995595522114e-05
237,8304,1,9.175995595522114e-05
240,1884,1,9.175995595522114e-05
240,2187,1,9.175995595522114e-05
240,2265,1,9.175995595522114e-05
240,2568,1,9.175995595522114e-05
240,2757,1,9.175995595522114e-05
240,2808,1,9.175995595522114e-05
240,2919,1,9.175995595522114e-05
240,3384,1,9.175995595522114e-05
240,3423,1,9.175995595522114e-05
240,3753,1,9.175995595522114e-05
240,4383,1,9.175995595522114e-05
240,4623,1,9.175995595522114e-05
240,5595,1,9.175995595522114e-05
240,5736,1,9.175995595522114e-05
241,5181,1,9.175995595522114e-05
243,1596,1,9.175995595522114e-05
243,2238,1,9.175995595522114e-05
243,2478,1,9.175995595522114e-05
243,2547,1,9.175995595522114e-05
243,3513,1,9.175995595522114e-05
243,3573,1,9.175995595522114e-05
243,3606,1,9.175995595522114e-05
243,3738,1,9.175995595522114e-05
243,3753,1,9.175995595522114e-05
243,3789,1,9.175995595522114e-05
243,4212,1,9.175995595522114e-05
243,7620,1,9.175995595522114e-05
246,1737,1,9.175995595522114e-05
246,1764,1,9.175995595522114e-05
246,1935,1,9.175995595522114e-05
246,1956,1,9.175995595522114e-05
246,2067,1,9.175995595522114e-05
246,2214,1,9.175995595522114e-05
246,2295,1,9.175995595522114e-05
246,2349,1,9.175995595522114e-05
246,2604,1,9.175995595522114e-05
246,2937,1,9.175995595522114e-05
246,3321,1,9.175995595522114e-05
246,3804,1,9.175995595522114e-05
246,3852,1,9.175995595522114e-05
246,4320,1,9.175995595522114e-05
246,4518,1,9.175995595522114e-05
246,4761,1,9.175995595522114e-05
246,5295,1,9.175995595522114e-05
246,5910,1,9.175995595522114e-05
246,6039,1,9.175995595522114e-05
246,8067,1,9.175995595522114e-05
247,3034,1,9.175995595522114e-05
248,3282,1,9.175995595522114e-05
248,3815,1,9.175995595522114e-05
249,1680,1,9.175995595522114e-05
249,2070,1,9.175995595522114e-05
249,2079,1,9.175995595522114e-05
249,2487,1,9.175995595522114e-05
249,3324,1,9.175995595522114e-05
249,4458,1,9.175995595522114e-05
249,4497,1,9.175995595522114e-05
249,4818,1,9.175995595522114e-05
249,5046,1,9.175995595522114e-05
249,5367,1,9.175995595522114e-05
249,5412,1,9.175995595522114e-05
250,4287,1,9.175995595522114e-05
251,4895,1,9.175995595522114e-05
252,1623,1,9.175995595522114e-05
252,1734,1,9.175995595522114e-05
252,1842,1,9.175995595522114e-05
252,2343,1,9.175995595522114e-05
252,2406,1,9.175995595522114e-05
252,2850,1,9.175995595522114e-05
252,3360,1,9.175995595522114e-05
252,3855,1,9.175995595522114e-05
252,3876,1,9.175995595522114e-05
252,5436,1,9.175995595522114e-05
252,6240,1,9.175995595522114e-05
252,6726,1,9.175995595522114e-05
252,9162,1,9.175995595522114e-05
253,3151,1,9.175995595522114e-05
255,1248,1,9.175995595522114e-05
255,1656,1,9.175995595522114e-05
255,1773,1,9.175995595522114e-05
255,1929,1,9.175995595522114e-05
255,1965,1,9.175995595522114e-05
255,2049,1,9.175995595522114e-05
255,2115,1,9.175995595522114e-05
255,2199,1,9.175995595522114e-05
255,2508,1,9.175995595522114e-05
255,2721,1,9.175995595522114e-05
255,3537,1,9.175995595522114e-05
255,3831,1,9.175995595522114e-05
255,4254,1,9.175995595522114e-05
255,4434,1,9.175995595522114e-05
255,4515,1,9.175995595522114e-05
255,4539,1,9.175995595522114e-05
255,4689,1,9.175995595522114e-05
255,4884,1,9.175995595522114e-05
255,5118,1,9.175995595522114e-05
255,5150,1,9.175995595522114e-05
255,5496,1,9.175995595522114e-05
255,5661,1,9.175995595522114e-05
255,5673,1,9.175995595522114e-05
255,5889,1,9.175995595522114e-05
255,6861,1,9.175995595522114e-05
255,7455,1,9.175995595522114e-05
255,8274,1,9.175995595522114e-05
255,8322,1,9.175995595522114e-05
256,4309,1,9.175995595522114e-05
256,5406,1,9.175995595522114e-05
258,1356,1,9.175995595522114e-05
258,1527,1,9.175995595522114e-05
258,2148,1,9.175995595522114e-05
258,2184,1,9.175995595522114e-05
258,2436,1,9.175995595522114e-05
258,2445,1,9.175995595522114e-05
258,2778,1,9.175995595522114e-05
258,3411,1,9.175995595522114e-05
258,3669,2,0.00018351991191044228
258,4110,1,9.175995595522114e-05
258,4326,1,9.175995595522114e-05
258,4515,1,9.175995595522114e-05
258,6648,1,9.175995595522114e-05
261,2052,1,9.175995595522114e-05
261,2475,1,9.175995595522114e-05
261,3018,1,9.175995595522114e-05
261,3531,1,9.175995595522114e-05
261,3792,1,9.175995595522114e-05
261,4353,1,9.175995595522114e-05
261,4581,2,0.00018351991191044228
261,4611,1,9.175995595522114e-05
261,4719,1,9.175995595522114e-05
261,4893,1,9.175995595522114e-05
261,5088,1,9.175995595522114e-05
261,5286,1,9.175995595522114e-05
261,5307,1,9.175995595522114e-05
261,6264,1,9.175995595522114e-05
261,8997,1,9.175995595522114e-05
262,6049,1,9.175995595522114e-05
263,4572,1,9.175995595522114e-05
263,6312,1,9.175995595522114e-05
264,1350,1,9.175995595522114e-05
264,1557,1,9.175995595522114e-05
264,1962,1,9.175995595522114e-05
264,2022,1,9.175995595522114e-05
264,2049,1,9.175995595522114e-05
264,2058,1,9.175995595522114e-05
264,2226,1,9.175995595522114e-05
264,2463,1,9.175995595522114e-05
264,2523,1,9.175995595522114e-05
264,2553,1,9.175995595522114e-05
264,2964,1,9.175995595522114e-05
264,3213,1,9.175995595522114e-05
264,3231,1,9.175995595522114e-05
264,3477,1,9.175995595522114e-05
264,3483,1,9.175995595522114e-05
264,4053,1,9.175995595522114e-05
264,4284,1,9.175995595522114e-05
264,6228,1,9.175995595522114e-05
264,7533,1,9.175995595522114e-05
267,1392,1,9.175995595522114e-05
267,1818,1,9.175995595522114e-05
267,2022,1,9.175995595522114e-05
267,2322,1,9.175995595522114e-05
267,2328,1,9.175995595522114e-05
267,2343,1,9.175995595522114e-05
267,2466,1,9.175995595522114e-05
267,3075,1,9.175995595522114e-05
267,3969,1,9.175995595522114e-05
267,4095,1,9.175995595522114e-05
267,4797,1,9.175995595522114e-05
267,5091,1,9.175995595522114e-05
267,5358,1,9.175995595522114e-05
267,5634,1,9.175995595522114e-05
267,5874,1,9.175995595522114e-05
267,6003,1,9.175995595522114e-05
267,6765,1,9.175995595522114e-05
269,9266,1,9.175995595522114e-05
270,1761,1,9.175995595522114e-05
270,2121,1,9.175995595522114e-05
270,2523,1,9.175995595522114e-05
270,2607,1,9.175995595522114e-05
270,2724,1,9.175995595522114e-05
270,2787,1,9.175995595522114e-05
270,2973,1,9.175995595522114e-05
270,5163,1,9.175995595522114e-05
270,6249,1,9.175995595522114e-05
270,6498,1,9.175995595522114e-05
270,6534,1,9.175995595522114e-05
270,7140,1,9.175995595522114e-05
270,7242,1,9.175995595522114e-05
272,3423,1,9.175995595522114e-05
273,1089,1,9.175995595522114e-05
273,1434,1,9.175995595522114e-05
273,1830,1,9.175995595522114e-05
273,2202,1,9.175995595522114e-05
273,2214,1,9.175995595522114e-05
273,2349,1,9.175995595522114e-05
273,3060,1,9.175995595522114e-05
273,3987,1,9.175995595522114e-05
273,4104,1,9.175995595522114e-05
273,4731,2,0.00018351991191044228
273,6684,1,9.175995595522114e-05
273,7347,1,9.175995595522114e-05
273,8019,1,9.175995595522114e-05
273,8531,1,9.175995595522114e-05
273,10725,1,9.175995595522114e-05
275,10452,1,9.175995595522114e-05
276,1284,1,9.175995595522114e-05
276,1506,1,9.175995595522114e-05
276,1707,1,9.175995595522114e-05
276,2232,1,9.175995595522114e-05
276,3294,1,9.175995595522114e-05
276,3600,1,9.175995595522114e-05
276,3915,1,9.175995595522114e-05
276,3945,1,9.175995595522114e-05
276,3999,1,9.175995595522114e-05
276,4020,1,9.175995595522114e-05
276,4041,1,9.175995595522114e-05
276,4068,1,9.175995595522114e-05
276,4179,1,9.175995595522114e-05
276,4377,1,9.175995595522114e-05
276,5505,1,9.175995595522114e-05
276,6042,1,9.175995595522114e-05
276,7809,1,9.175995595522114e-05
276,8982,1,9.175995595522114e-05
276,9720,1,9.175995595522114e-05
277,6118,1,9.175995595522114e-05
279,1698,1,9.175995595522114e-05
279,1827,1,9.175995595522114e-05
279,1950,1,9.175995595522114e-05
279,3270,1,9.175995595522114e-05
279,4026,1,9.175995595522114e-05
279,5004,1,9.175995595522114e-05
279,5010,1,9.175995595522114e-05
279,5355,1,9.175995595522114e-05
279,9180,1,9.175995595522114e-05
279,9363,1,9.175995595522114e-05
279,9441,1,9.175995595522114e-05
279,9489,1,9.175995595522114e-05
279,9951,1,9.175995595522114e-05
280,8387,1,9.175995595522114e-05
280,8667,1,9.175995595522114e-05
282,2247,1,9.175995595522114e-05
282,2520,1,9.175995595522114e-05
282,2655,1,9.175995595522114e-05
282,2757,1,9.175995595522114e-05
282,2815,1,9.175995595522114e-05
282,3072,1,9.175995595522114e-05
282,3246,1,9.175995595522114e-05
282,3354,1,9.175995595522114e-05
282,3645,1,9.175995595522114e-05
282,3876,1,9.175995595522114e-05
282,4233,1,9.175995595522114e-05
282,4332,1,9.175995595522114e-05
282,4515,1,9.175995595522114e-05
282,4725,1,9.175995595522114e-05
282,4797,1,9.175995595522114e-05
282,8160,1,9.175995595522114e-05
282,8760,1,9.175995595522114e-05
282,9548,1,9.175995595522114e-05
283,5173,1,9.175995595522114e-05
283,6949,1,9.175995595522114e-05
284,5457,1,9.175995595522114e-05
285,1143,1,9.175995595522114e-05
285,1821,1,9.175995595522114e-05
285,2334,1,9.175995595522114e-05
285,2355,1,9.175995595522114e-05
285,2595,1,9.175995595522114e-05
285,2919,1,9.175995595522114e-05
285,3135,1,9.175995595522114e-05
285,4230,1,9.175995595522114e-05
285,4515,1,9.175995595522114e-05
285,4590,1,9.175995595522114e-05
285,4635,1,9.175995595522114e-05
285,4782,1,9.175995595522114e-05
285,5046,1,9.175995595522114e-05
285,5628,1,9.175995595522114e-05
285,6159,1,9.175995595522114e-05
285,6642,1,9.175995595522114e-05
285,7734,1,9.175995595522114e-05
285,8816,1,9.175995595522114e-05
285,9726,1,9.175995595522114e-05
285,12639,1,9.175995595522114e-05
288,2079,1,9.175995595522114e-05
288,2175,1,9.175995595522114e-05
288,2331,1,9.175995595522114e-05
288,2637,1,9.175995595522114e-05
288,2700,1,9.175995595522114e-05
288,3075,1,9.175995595522114e-05
288,3546,1,9.175995595522114e-05
288,4080,1,9.175995595522114e-05
288,4092,1,9.175995595522114e-05
288,4320,1,9.175995595522114e-05
288,4443,1,9.175995595522114e-05
288,4530,1,9.175995595522114e-05
288,5049,1,9.175995595522114e-05
288,5085,1,9.175995595522114e-05
288,5298,1,9.175995595522114e-05
288,5793,1,9.175995595522114e-05
288,6093,1,9.175995595522114e-05
288,6936,1,9.175995595522114e-05
288,7878,1,9.175995595522114e-05
288,8127,1,9.175995595522114e-05
288,8214,1,9.175995595522114e-05
288,8595,1,9.175995595522114e-05
288,9462,1,9.175995595522114e-05
288,14865,1,9.175995595522114e-05
291,2577,1,9.175995595522114e-05
291,2868,1,9.175995595522114e-05
291,4548,1,9.175995595522114e-05
291,4926,1,9.175995595522114e-05
291,5643,1,9.175995595522114e-05
291,5964,1,9.175995595522114e-05
291,7746,1,9.175995595522114e-05
291,8613,1,9.175995595522114e-05
291,8910,1,9.175995595522114e-05
291,10557,1,9.175995595522114e-05
292,2206,1,9.175995595522114e-05
294,1341,1,9.175995595522114e-05
294,1419,1,9.175995595522114e-05
294,1563,1,9.175995595522114e-05
294,1704,1,9.175995595522114e-05
294,1917,1,9.175995595522114e-05
294,1956,1,9.175995595522114e-05
294,2292,1,9.175995595522114e-05
294,2319,1,9.175995595522114e-05
294,2613,1,9.175995595522114e-05
294,2757,1,9.175995595522114e-05
294,3438,1,9.175995595522114e-05
294,6183,1,9.175995595522114e-05
294,6606,1,9.175995595522114e-05
294,7059,1,9.175995595522114e-05
294,7527,1,9.175995595522114e-05
294,7566,1,9.175995595522114e-05
294,8073,1,9.175995595522114e-05
294,8445,1,9.175995595522114e-05
294,8598,1,9.175995595522114e-05
294,9210,1,9.175995595522114e-05
294,10659,1,9.175995595522114e-05
294,12933,1,9.175995595522114e-05
295,2191,1,9.175995595522114e-05
295,6078,1,9.175995595522114e-05
296,2487,1,9.175995595522114e-05
296,7245,1,9.175995595522114e-05
297,1242,1,9.175995595522114e-05
297,1290,1,9.175995595522114e-05
297,2157,1,9.175995595522114e-05
297,2247,1,9.175995595522114e-05
297,2529,1,9.175995595522114e-05
297,2619,1,9.175995595522114e-05
297,3018,1,9.175995595522114e-05
297,3474,1,9.175995595522114e-05
297,3735,1,9.175995595522114e-05
297,4242,1,9.175995595522114e-05
297,4629,1,9.175995595522114e-05
297,5892,1,9.175995595522114e-05
297,6360,1,9.175995595522114e-05
297,6390,1,9.175995595522114e-05
297,6921,1,9.175995595522114e-05
297,7824,1,9.175995595522114e-05
297,8322,1,9.175995595522114e-05
297,8619,1,9.175995595522114e-05
297,8871,1,9.175995595522114e-05
297,9924,1,9.175995595522114e-05
298,8107,1,9.175995595522114e-05
299,8258,1,9.175995595522114e-05
300,1476,1,9.175995595522114e-05
300,1638,1,9.175995595522114e-05
300,2046,1,9.175995595522114e-05
300,3873,1,9.175995595522114e-05
300,4035,1,9.175995595522114e-05
300,4215,1,9.175995595522114e-05
300,4863,1,9.175995595522114e-05
300,5304,1,9.175995595522114e-05
300,6393,1,9.175995595522114e-05
300,7074,1,9.175995595522114e-05
300,7866,1,9.175995595522114e-05
300,7926,1,9.175995595522114e-05
300,8249,1,9.175995595522114e-05
300,8574,1,9.175995595522114e-05
300,8745,1,9.175995595522114e-05
300,9171,1,9.175995595522114e-05
300,9471,1,9.175995595522114e-05
300,9771,1,9.175995595522114e-05
301,8362,1,9.175995595522114e-05
302,5783,1,9.175995595522114e-05
303,1539,1,9.175995595522114e-05
303,2028,1,9.175995595522114e-05
303,2292,1,9.175995595522114e-05
303,3594,1,9.175995595522114e-05
303,3639,1,9.175995595522114e-05
303,4458,1,9.175995595522114e-05
303,4821,1,9.175995595522114e-05
303,5343,1,9.175995595522114e-05
303,7626,1,9.175995595522114e-05
303,7779,1,9.175995595522114e-05
303,8025,1,9.175995595522114e-05
303,8577,1,9.175995595522114e-05
303,8748,1,9.175995595522114e-05
303,8880,1,9.175995595522114e-05
303,10101,1,9.175995595522114e-05
303,10740,1,9.175995595522114e-05
304,4741,1,9.175995595522114e-05
305,5046,1,9.175995595522114e-05
305,8667,1,9.175995595522114e-05
306,306,1,9.175995595522114e-05
306,1833,1,9.175995595522114e-05
306,1872,1,9.175995595522114e-05
306,2247,1,9.175995595522114e-05
306,2397,1,9.175995595522114e-05
306,2484,1,9.175995595522114e-05
306,2787,1,9.175995595522114e-05
306,2916,1,9.175995595522114e-05
306,3336,1,9.175995595522114e-05
306,3624,1,9.175995595522114e-05
306,6666,1,9.175995595522114e-05
306,7272,1,9.175995595522114e-05
306,7722,1,9.175995595522114e-05
306,7986,1,9.175995595522114e-05
306,9288,1,9.175995595522114e-05
309,615,1,9.175995595522114e-05
309,1383,1,9.175995595522114e-05
309,2676,1,9.175995595522114e-05
309,2739,1,9.175995595522114e-05
309,3324,1,9.175995595522114e-05
309,3714,1,9.175995595522114e-05
309,3828,1,9.175995595522114e-05
309,5766,1,9.175995595522114e-05
309,5805,1,9.175995595522114e-05
309,6300,1,9.175995595522114e-05
309,9125,1,9.175995595522114e-05
309,9672,1,9.175995595522114e-05
309,9798,1,9.175995595522114e-05
310,9858,1,9.175995595522114e-05
311,7949,1,9.175995595522114e-05
312,1575,1,9.175995595522114e-05
312,2697,1,9.175995595522114e-05
312,4164,1,9.175995595522114e-05
312,4392,1,9.175995595522114e-05
312,4476,1,9.175995595522114e-05
312,4827,1,9.175995595522114e-05
312,8385,1,9.175995595522114e-05
312,8901,1,9.175995595522114e-05
312,8979,1,9.175995595522114e-05
312,10452,1,9.175995595522114e-05
312,10764,1,9.175995595522114e-05
312,11379,1,9.175995595522114e-05
312,12354,1,9.175995595522114e-05
315,1662,1,9.175995595522114e-05
315,1695,1,9.175995595522114e-05
315,1908,1,9.175995595522114e-05
315,2523,1,9.175995595522114e-05
315,2667,1,9.175995595522114e-05
315,4530,1,9.175995595522114e-05
315,8301,1,9.175995595522114e-05
315,8616,1,9.175995595522114e-05
315,8736,1,9.175995595522114e-05
315,9060,1,9.175995595522114e-05
315,9174,1,9.175995595522114e-05
315,9375,1,9.175995595522114e-05
315,10266,1,9.175995595522114e-05
315,12042,1,9.175995595522114e-05
316,7666,1,9.175995595522114e-05
317,7983,1,9.175995595522114e-05
317,10350,1,9.175995595522114e-05
317,14253,1,9.175995595522114e-05
318,933,1,9.175995595522114e-05
318,2487,1,9.175995595522114e-05
318,2913,1,9.175995595522114e-05
318,3234,1,9.175995595522114e-05
318,4101,1,9.175995595522114e-05
318,4710,1,9.175995595522114e-05
318,4761,1,9.175995595522114e-05
318,5712,1,9.175995595522114e-05
318,7560,1,9.175995595522114e-05
318,8184,1,9.175995595522114e-05
318,8445,1,9.175995595522114e-05
318,8478,1,9.175995595522114e-05
318,8916,1,9.175995595522114e-05
318,9297,1,9.175995595522114e-05
318,9498,1,9.175995595522114e-05
318,10038,1,9.175995595522114e-05
319,9444,1,9.175995595522114e-05
319,10177,1,9.175995595522114e-05
319,13936,1,9.175995595522114e-05
321,2655,1,9.175995595522114e-05
321,2940,1,9.175995595522114e-05
321,3136,1,9.175995595522114e-05
321,3795,1,9.175995595522114e-05
321,5448,1,9.175995595522114e-05
321,6093,1,9.175995595522114e-05
321,8706,1,9.175995595522114e-05
321,9819,1,9.175995595522114e-05
322,3458,1,9.175995595522114e-05
324,4350,1,9.175995595522114e-05
324,5772,1,9.175995595522114e-05
324,6294,1,9.175995595522114e-05
324,6618,1,9.175995595522114e-05
324,6624,1,9.175995595522114e-05
324,8307,1,9.175995595522114e-05
324,9084,1,9.175995595522114e-05
324,14577,1,9.175995595522114e-05
325,10033,1,9.175995595522114e-05
326,6444,1,9.175995595522114e-05
327,2533,1,9.175995595522114e-05
327,8061,1,9.175995595522114e-05
327,8151,1,9.175995595522114e-05
327,10365,1,9.175995595522114e-05
327,11067,1,9.175995595522114e-05
330,5040,1,9.175995595522114e-05
330,5127,1,9.175995595522114e-05
330,6972,1,9.175995595522114e-05
330,7590,1,9.175995595522114e-05
333,3120,1,9.175995595522114e-05
333,4881,1,9.175995595522114e-05
333,6411,1,9.175995595522114e-05
333,7680,1,9.175995595522114e-05
333,8859,1,9.175995595522114e-05
333,9708,1,9.175995595522114e-05
334,3792,1,9.175995595522114e-05
336,1269,1,9.175995595522114e-05
336,9003,1,9.175995595522114e-05
336,9798,1,9.175995595522114e-05
336,10437,1,9.175995595522114e-05
336,13269,1,9.175995595522114e-05
339,6783,1,9.175995595522114e-05
339,7260,1,9.175995595522114e-05
339,9627,1,9.175995595522114e-05
340,8589,1,9.175995595522114e-05
342,5970,1,9.175995595522114e-05
342,8526,1,9.175995595522114e-05
342,10140,1,9.175995595522114e-05
342,15207,1,9.175995595522114e-05
348,2679,1,9.175995595522114e-05
348,5394,1,9.175995595522114e-05
348,5991,1,9.175995595522114e-05
348,6966,1,9.175995595522114e-05
348,11727,1,9.175995595522114e-05
348,13617,1,9.175995595522114e-05
351,1914,1,9.175995595522114e-05
